{"type": "FeatureCollection", "features": [{"type": "Feature", "geometry": {"type": "LineString", "coordinates": [[139.9450428346, 35.887730428], [139.9451401651, 35.8883595721]]}, "properties": {"link_id": "533967_00280_11490_0", "road_id": "533967_00280_11490", "upnode": "533967_00280", "downnode": "533967_11490", "scenario": "no04", "slot_code": "745", "hhmm": "07:45", "V_kmh_mean": 52.32850616318505, "V_kmh_std": 0.1800679724030414, "TTT_sec_mean": 1246.5795, "TTT_sec_std": 22.356858944004276, "flow_mean": 154.6, "flow_std": 2.4148662379867827, "n_runs": 20}}, {"type": "Feature", "geometry": {"type": "LineString", "coordinates": [[139.9451401651, 35.8883595721], [139.9450428346, 35.887730428]]}, "properties": {"link_id": "533967_00280_11490_1", "road_id": "533967_00280_11490", "upnode": "533967_11490", "downnode": "533967_00280", "scenario": "no04", "slot_code": "745", "hhmm": "07:45", "V_kmh_mean": 49.51169122368414, "V_kmh_std": 0.1784308685964667, "TTT_sec_mean": 1214.0305, "TTT_sec_std": 72.32170180774526, "flow_mean": 142.35, "flow_std": 8.634538966146067, "n_runs": 20}}, {"type": "Feature", "geometry": {"type": "LineString", "coordinates": [[139.9450142106, 35.8875516733], [139.944843789, 35.8865223268]]}, "properties": {"link_id": "533967_00280_13214_0", "road_id": "533967_00280_13214", "upnode": "533967_00280", "downnode": "533967_13214", "scenario": "no04", "slot_code": "745", "hhmm": "07:45", "V_kmh_mean": 45.41074542907587, "V_kmh_std": 0.042843798007364, "TTT_sec_mean": 1587.337, "TTT_sec_std": 99.30599245712588, "flow_mean": 144.15, "flow_std": 8.969392398596469, "n_runs": 20}}, {"type": "Feature", "geometry": {"type": "LineString", "coordinates": [[139.944843789, 35.8865223268], [139.9450142106, 35.8875516733]]}, "properties": {"link_id": "533967_00280_13214_1", "road_id": "533967_00280_13214", "upnode": "533967_13214", "downnode": "533967_00280", "scenario": "no04", "slot_code": "745", "hhmm": "07:45", "V_kmh_mean": 50.44085130664233, "V_kmh_std": 0.2130811972254605, "TTT_sec_mean": 1752.7310000000002, "TTT_sec_std": 22.658876011516227, "flow_mean": 154.55, "flow_std": 2.038446260732605, "n_runs": 20}}, {"type": "Feature", "geometry": {"type": "LineString", "coordinates": [[139.9426152514, 35.8901115423], [139.9425047484, 35.8900704579]]}, "properties": {"link_id": "533967_00285_11494_0", "road_id": "533967_00285_11494", "upnode": "533967_00285", "downnode": "533967_11494", "scenario": "no04", "slot_code": "745", "hhmm": "07:45", "V_kmh_mean": 49.59302788469842, "V_kmh_std": 0.4820277953342026, "TTT_sec_mean": 253.729, "TTT_sec_std": 24.45988679665676, "flow_mean": 56.75, "flow_std": 5.590169943749474, "n_runs": 20}}, {"type": "Feature", "geometry": {"type": "LineString", "coordinates": [[139.9425047484, 35.8900704579], [139.9426152514, 35.8901115423]]}, "properties": {"link_id": "533967_00285_11494_1", "road_id": "533967_00285_11494", "upnode": "533967_11494", "downnode": "533967_00285", "scenario": "no04", "slot_code": "745", "hhmm": "07:45", "V_kmh_mean": 44.28, "V_kmh_std": 0.0, "TTT_sec_mean": 135.75, "TTT_sec_std": 7.304468711541909, "flow_mean": 27.15, "flow_std": 1.460893742308382, "n_runs": 20}}, {"type": "Feature", "geometry": {"type": "LineString", "coordinates": [[139.9428154056, 35.8901887629], [139.9437415934, 35.890559238]]}, "properties": {"link_id": "533967_00285_11497_0", "road_id": "533967_00285_11497", "upnode": "533967_00285", "downnode": "533967_11497", "scenario": "no04", "slot_code": "745", "hhmm": "07:45", "V_kmh_mean": 51.955574604574245, "V_kmh_std": 0.7518253063697407, "TTT_sec_mean": 273.799, "TTT_sec_std": 17.923626542110636, "flow_mean": 27.2, "flow_std": 1.576137851304824, "n_runs": 20}}, {"type": "Feature", "geometry": {"type": "LineString", "coordinates": [[139.9437415934, 35.890559238], [139.9428154056, 35.8901887629]]}, "properties": {"link_id": "533967_00285_11497_1", "road_id": "533967_00285_11497", "upnode": "533967_11497", "downnode": "533967_00285", "scenario": "no04", "slot_code": "745", "hhmm": "07:45", "V_kmh_mean": 49.58863865937376, "V_kmh_std": 0.1826970371626115, "TTT_sec_mean": 598.8985, "TTT_sec_std": 58.33484931839626, "flow_mean": 56.85, "flow_std": 5.489463591856293, "n_runs": 20}}, {"type": "Feature", "geometry": {"type": "LineString", "coordinates": [[139.9418617566, 35.9028680125], [139.941045242, 35.9022189881]]}, "properties": {"link_id": "533967_00319_00539_0", "road_id": "533967_00319_00539", "upnode": "533967_00319", "downnode": "533967_00539", "scenario": "no04", "slot_code": "745", "hhmm": "07:45", "V_kmh_mean": 6.41763579216399, "V_kmh_std": 1.8471519745227825, "TTT_sec_mean": 6809.164500000001, "TTT_sec_std": 1740.242000026902, "flow_mean": 78.1, "flow_std": 7.986172260126941, "n_runs": 20}}, {"type": "Feature", "geometry": {"type": "LineString", "coordinates": [[139.941045242, 35.9022189881], [139.9418617566, 35.9028680125]]}, "properties": {"link_id": "533967_00319_00539_1", "road_id": "533967_00319_00539", "upnode": "533967_00539", "downnode": "533967_00319", "scenario": "no04", "slot_code": "745", "hhmm": "07:45", "V_kmh_mean": 24.82904493623996, "V_kmh_std": 1.7155404850870124, "TTT_sec_mean": 736.515, "TTT_sec_std": 83.91160207717341, "flow_mean": 34.75, "flow_std": 3.3853399114105907, "n_runs": 20}}, {"type": "Feature", "geometry": {"type": "LineString", "coordinates": [[139.9418640277, 35.902995825], [139.940091, 35.904489], [139.9400529799, 35.9045226462]]}, "properties": {"link_id": "533967_00319_01435_0", "road_id": "533967_00319_01435", "upnode": "533967_00319", "downnode": "533967_01435", "scenario": "no04", "slot_code": "745", "hhmm": "07:45", "V_kmh_mean": null, "V_kmh_std": null, "TTT_sec_mean": null, "TTT_sec_std": null, "flow_mean": 0.0, "flow_std": 0.0, "n_runs": 20}}, {"type": "Feature", "geometry": {"type": "LineString", "coordinates": [[139.9400529799, 35.9045226462], [139.940091, 35.904489], [139.9418640277, 35.902995825]]}, "properties": {"link_id": "533967_00319_01435_1", "road_id": "533967_00319_01435", "upnode": "533967_01435", "downnode": "533967_00319", "scenario": "no04", "slot_code": "745", "hhmm": "07:45", "V_kmh_mean": null, "V_kmh_std": null, "TTT_sec_mean": null, "TTT_sec_std": null, "flow_mean": 0.0, "flow_std": 0.0, "n_runs": 20}}, {"type": "Feature", "geometry": {"type": "LineString", "coordinates": [[139.9420210106, 35.9029933423], [139.9436359867, 35.9042516589]]}, "properties": {"link_id": "533967_00319_11518_0", "road_id": "533967_00319_11518", "upnode": "533967_00319", "downnode": "533967_11518", "scenario": "no04", "slot_code": "745", "hhmm": "07:45", "V_kmh_mean": 29.95269223154502, "V_kmh_std": 0.0557633468022864, "TTT_sec_mean": 1011.606, "TTT_sec_std": 98.94778853942172, "flow_mean": 34.75, "flow_std": 3.3853399114105907, "n_runs": 20}}, {"type": "Feature", "geometry": {"type": "LineString", "coordinates": [[139.9436359867, 35.9042516589], [139.9420210106, 35.9029933423]]}, "properties": {"link_id": "533967_00319_11518_1", "road_id": "533967_00319_11518", "upnode": "533967_11518", "downnode": "533967_00319", "scenario": "no04", "slot_code": "745", "hhmm": "07:45", "V_kmh_mean": 15.674566977051418, "V_kmh_std": 4.79205909763095, "TTT_sec_mean": 5598.585499999999, "TTT_sec_std": 1882.349721495856, "flow_mean": 91.5, "flow_std": 8.068783251388943, "n_runs": 20}}, {"type": "Feature", "geometry": {"type": "LineString", "coordinates": [[139.9420167673, 35.9028652421], [139.943016, 35.901998], [139.943041, 35.90194], [139.943103, 35.901148], [139.943166, 35.901131], [139.943553, 35.901215], [139.943753, 35.901231], [139.943878, 35.90124], [139.943928, 35.901281], [139.943991, 35.901323], [139.944091, 35.90134], [139.944628, 35.901356], [139.945278, 35.901381], [139.945753, 35.901398], [139.945905295, 35.9013933675]]}, "properties": {"link_id": "533967_00319_87770_0", "road_id": "533967_00319_87770", "upnode": "533967_00319", "downnode": "533967_87770", "scenario": "no04", "slot_code": "745", "hhmm": "07:45", "V_kmh_mean": null, "V_kmh_std": null, "TTT_sec_mean": null, "TTT_sec_std": null, "flow_mean": 0.0, "flow_std": 0.0, "n_runs": 20}}, {"type": "Feature", "geometry": {"type": "LineString", "coordinates": [[139.945905295, 35.9013933675], [139.945753, 35.901398], [139.945278, 35.901381], [139.944628, 35.901356], [139.944091, 35.90134], [139.943991, 35.901323], [139.943928, 35.901281], [139.943878, 35.90124], [139.943753, 35.901231], [139.943553, 35.901215], [139.943166, 35.901131], [139.943103, 35.901148], [139.943041, 35.90194], [139.943016, 35.901998], [139.9420167673, 35.9028652421]]}, "properties": {"link_id": "533967_00319_87770_1", "road_id": "533967_00319_87770", "upnode": "533967_87770", "downnode": "533967_00319", "scenario": "no04", "slot_code": "745", "hhmm": "07:45", "V_kmh_mean": null, "V_kmh_std": null, "TTT_sec_mean": null, "TTT_sec_std": null, "flow_mean": 0.0, "flow_std": 0.0, "n_runs": 20}}, {"type": "Feature", "geometry": {"type": "LineString", "coordinates": [[139.9444485123, 35.8909072394], [139.943904, 35.891974], [139.9435091783, 35.8927329959]]}, "properties": {"link_id": "533967_00532_00534_0", "road_id": "533967_00532_00534", "upnode": "533967_00532", "downnode": "533967_00534", "scenario": "no04", "slot_code": "745", "hhmm": "07:45", "V_kmh_mean": 26.568800717628164, "V_kmh_std": 2.3081123280657363, "TTT_sec_mean": 4360.9975, "TTT_sec_std": 542.8880487664293, "flow_mean": 117.9, "flow_std": 6.214583866324353, "n_runs": 20}}, {"type": "Feature", "geometry": {"type": "LineString", "coordinates": [[139.9435091783, 35.8927329959], [139.943904, 35.891974], [139.9444485123, 35.8909072394]]}, "properties": {"link_id": "533967_00532_00534_1", "road_id": "533967_00532_00534", "upnode": "533967_00534", "downnode": "533967_00532", "scenario": "no04", "slot_code": "745", "hhmm": "07:45", "V_kmh_mean": 23.81010603519921, "V_kmh_std": 0.7220481160472954, "TTT_sec_mean": 5042.414, "TTT_sec_std": 394.0922973298727, "flow_mean": 123.05, "flow_std": 8.198042128267097, "n_runs": 20}}, {"type": "Feature", "geometry": {"type": "LineString", "coordinates": [[139.9445918532, 35.8908612725], [139.9455401458, 35.8912117284]]}, "properties": {"link_id": "533967_00532_01530_0", "road_id": "533967_00532_01530", "upnode": "533967_00532", "downnode": "533967_01530", "scenario": "no04", "slot_code": "745", "hhmm": "07:45", "V_kmh_mean": 47.62928617882286, "V_kmh_std": 0.5480111121497983, "TTT_sec_mean": 431.7555, "TTT_sec_std": 62.24606751265073, "flow_mean": 39.2, "flow_std": 5.800181485363876, "n_runs": 20}}, {"type": "Feature", "geometry": {"type": "LineString", "coordinates": [[139.9455401458, 35.8912117284], [139.9445918532, 35.8908612725]]}, "properties": {"link_id": "533967_00532_01530_1", "road_id": "533967_00532_01530", "upnode": "533967_01530", "downnode": "533967_00532", "scenario": "no04", "slot_code": "745", "hhmm": "07:45", "V_kmh_mean": 11.49001058526344, "V_kmh_std": 0.4554256735718711, "TTT_sec_mean": 2576.1555, "TTT_sec_std": 303.35463204630224, "flow_mean": 56.3, "flow_std": 5.371464565548894, "n_runs": 20}}, {"type": "Feature", "geometry": {"type": "LineString", "coordinates": [[139.9445406168, 35.8907539814], [139.9445835594, 35.8906713539], [139.944829, 35.890158], [139.944966, 35.889874], [139.945054, 35.889624], [139.945116, 35.889399], [139.945154, 35.889024], [139.945179, 35.888708], [139.9451626734, 35.888538857]]}, "properties": {"link_id": "533967_00532_11490_0", "road_id": "533967_00532_11490", "upnode": "533967_00532", "downnode": "533967_11490", "scenario": "no04", "slot_code": "745", "hhmm": "07:45", "V_kmh_mean": 48.36366125346849, "V_kmh_std": 0.1590851650223796, "TTT_sec_mean": 2988.064, "TTT_sec_std": 168.27996082343506, "flow_mean": 141.3, "flow_std": 8.013803880279262, "n_runs": 20}}, {"type": "Feature", "geometry": {"type": "LineString", "coordinates": [[139.9451626734, 35.888538857], [139.945179, 35.888708], [139.945154, 35.889024], [139.945116, 35.889399], [139.945054, 35.889624], [139.944966, 35.889874], [139.944829, 35.890158], [139.9445835594, 35.8906713539], [139.9445406168, 35.8907539814]]}, "properties": {"link_id": "533967_00532_11490_1", "road_id": "533967_00532_11490", "upnode": "533967_11490", "downnode": "533967_00532", "scenario": "no04", "slot_code": "745", "hhmm": "07:45", "V_kmh_mean": 25.34494036383186, "V_kmh_std": 1.3921794182910918, "TTT_sec_mean": 5854.710499999999, "TTT_sec_std": 388.4410823911531, "flow_mean": 145.15, "flow_std": 4.319783132958122, "n_runs": 20}}, {"type": "Feature", "geometry": {"type": "LineString", "coordinates": [[139.9443890716, 35.8907887174], [139.943942928, 35.8906342831]]}, "properties": {"link_id": "533967_00532_11497_0", "road_id": "533967_00532_11497", "upnode": "533967_00532", "downnode": "533967_11497", "scenario": "no04", "slot_code": "745", "hhmm": "07:45", "V_kmh_mean": 44.96108712487821, "V_kmh_std": 0.3103315534658711, "TTT_sec_mean": 405.8915, "TTT_sec_std": 38.13689583523243, "flow_mean": 56.85, "flow_std": 5.575085555161321, "n_runs": 20}}, {"type": "Feature", "geometry": {"type": "LineString", "coordinates": [[139.943942928, 35.8906342831], [139.9443890716, 35.8907887174]]}, "properties": {"link_id": "533967_00532_11497_1", "road_id": "533967_00532_11497", "upnode": "533967_11497", "downnode": "533967_00532", "scenario": "no04", "slot_code": "745", "hhmm": "07:45", "V_kmh_mean": 8.288989897849973, "V_kmh_std": 1.3411594031044662, "TTT_sec_mean": 1220.756, "TTT_sec_std": 220.1321616044134, "flow_mean": 30.5, "flow_std": 2.665569949915916, "n_runs": 20}}, {"type": "Feature", "geometry": {"type": "LineString", "coordinates": [[139.9382330198, 35.8925024977], [139.93818798, 35.8923125023]]}, "properties": {"link_id": "533967_00533_11502_0", "road_id": "533967_00533_11502", "upnode": "533967_00533", "downnode": "533967_11502", "scenario": "no04", "slot_code": "745", "hhmm": "07:45", "V_kmh_mean": 30.07829651290026, "V_kmh_std": 1.2385239326125472, "TTT_sec_mean": 25.05, "TTT_sec_std": 6.253294710537967, "flow_mean": 3.75, "flow_std": 0.910465468000326, "n_runs": 20}}, {"type": "Feature", "geometry": {"type": "LineString", "coordinates": [[139.93818798, 35.8923125023], [139.9382330198, 35.8925024977]]}, "properties": {"link_id": "533967_00533_11502_1", "road_id": "533967_00533_11502", "upnode": "533967_11502", "downnode": "533967_00533", "scenario": "no04", "slot_code": "745", "hhmm": "07:45", "V_kmh_mean": 44.36235193694914, "V_kmh_std": 0.5759916440305912, "TTT_sec_mean": 321.818, "TTT_sec_std": 8.271554044784422, "flow_mean": 52.1, "flow_std": 0.9679060415469868, "n_runs": 20}}, {"type": "Feature", "geometry": {"type": "LineString", "coordinates": [[139.9383621582, 35.8925715422], [139.9399078426, 35.8922934593]]}, "properties": {"link_id": "533967_00533_11503_0", "road_id": "533967_00533_11503", "upnode": "533967_00533", "downnode": "533967_11503", "scenario": "no04", "slot_code": "745", "hhmm": "07:45", "V_kmh_mean": 29.985376902848373, "V_kmh_std": 0.0581536558588534, "TTT_sec_mean": 1933.354, "TTT_sec_std": 58.329009519954525, "flow_mean": 86.3, "flow_std": 2.6377821625073783, "n_runs": 20}}, {"type": "Feature", "geometry": {"type": "LineString", "coordinates": [[139.9399078426, 35.8922934593], [139.9383621582, 35.8925715422]]}, "properties": {"link_id": "533967_00533_11503_1", "road_id": "533967_00533_11503", "upnode": "533967_11503", "downnode": "533967_00533", "scenario": "no04", "slot_code": "745", "hhmm": "07:45", "V_kmh_mean": 30.68837470043304, "V_kmh_std": 0.2178287992956502, "TTT_sec_mean": 261.845, "TTT_sec_std": 39.17161505881255, "flow_mean": 11.95, "flow_std": 1.7614288458371992, "n_runs": 20}}, {"type": "Feature", "geometry": {"type": "LineString", "coordinates": [[139.9381458687, 35.8926105567], [139.9362001323, 35.8929624452]]}, "properties": {"link_id": "533967_00533_11505_0", "road_id": "533967_00533_11505", "upnode": "533967_00533", "downnode": "533967_11505", "scenario": "no04", "slot_code": "745", "hhmm": "07:45", "V_kmh_mean": 29.97471322795439, "V_kmh_std": 0.2100522187773273, "TTT_sec_mean": 195.593, "TTT_sec_std": 47.92756366588404, "flow_mean": 7.4, "flow_std": 1.8180382718454355, "n_runs": 20}}, {"type": "Feature", "geometry": {"type": "LineString", "coordinates": [[139.9362001323, 35.8929624452], [139.9381458687, 35.8926105567]]}, "properties": {"link_id": "533967_00533_11505_1", "road_id": "533967_00533_11505", "upnode": "533967_11505", "downnode": "533967_00533", "scenario": "no04", "slot_code": "745", "hhmm": "07:45", "V_kmh_mean": 30.30171734743648, "V_kmh_std": 0.0867249990597083, "TTT_sec_mean": 895.433, "TTT_sec_std": 33.47214743162159, "flow_mean": 34.15, "flow_std": 1.2680278927697548, "n_runs": 20}}, {"type": "Feature", "geometry": {"type": "LineString", "coordinates": [[139.9434240692, 35.8928994265], [139.9418829341, 35.8959655741]]}, "properties": {"link_id": "533967_00534_00766_0", "road_id": "533967_00534_00766", "upnode": "533967_00534", "downnode": "533967_00766", "scenario": "no04", "slot_code": "745", "hhmm": "07:45", "V_kmh_mean": 33.21269327391464, "V_kmh_std": 1.0601796605182483, "TTT_sec_mean": 5193.962, "TTT_sec_std": 368.1373676196082, "flow_mean": 116.7, "flow_std": 6.096590936960725, "n_runs": 20}}, {"type": "Feature", "geometry": {"type": "LineString", "coordinates": [[139.9418829341, 35.8959655741], [139.9434240692, 35.8928994265]]}, "properties": {"link_id": "533967_00534_00766_1", "road_id": "533967_00534_00766", "upnode": "533967_00766", "downnode": "533967_00534", "scenario": "no04", "slot_code": "745", "hhmm": "07:45", "V_kmh_mean": 30.192005950670055, "V_kmh_std": 2.298187167116757, "TTT_sec_mean": 2156.331, "TTT_sec_std": 315.3504547058049, "flow_mean": 43.8, "flow_std": 4.6180424196269225, "n_runs": 20}}, {"type": "Feature", "geometry": {"type": "LineString", "coordinates": [[139.9433656301, 35.8927778692], [139.9429293694, 35.8926121312]]}, "properties": {"link_id": "533967_00534_11504_0", "road_id": "533967_00534_11504", "upnode": "533967_00534", "downnode": "533967_11504", "scenario": "no04", "slot_code": "745", "hhmm": "07:45", "V_kmh_mean": 29.16970340061552, "V_kmh_std": 0.8172887902064508, "TTT_sec_mean": 128.554, "TTT_sec_std": 16.163189953523535, "flow_mean": 12.0, "flow_std": 1.5894388284780523, "n_runs": 20}}, {"type": "Feature", "geometry": {"type": "LineString", "coordinates": [[139.9429293694, 35.8926121312], [139.9433656301, 35.8927778692]]}, "properties": {"link_id": "533967_00534_11504_1", "road_id": "533967_00534_11504", "upnode": "533967_11504", "downnode": "533967_00534", "scenario": "no04", "slot_code": "745", "hhmm": "07:45", "V_kmh_mean": 7.271012457988552, "V_kmh_std": 0.6064447567788889, "TTT_sec_mean": 3957.285, "TTT_sec_std": 429.4781530072587, "flow_mean": 90.95, "flow_std": 4.5128471582454734, "n_runs": 20}}, {"type": "Feature", "geometry": {"type": "LineString", "coordinates": [[139.9376891689, 35.9000977667], [139.938141, 35.90029], [139.938566, 35.900498], [139.9389093803, 35.9006681224]]}, "properties": {"link_id": "533967_00535_00538_0", "road_id": "I_23_0129024146216", "upnode": "I_22_533967_-00008", "downnode": "533967_00538", "scenario": "no04", "slot_code": "745", "hhmm": "07:45", "V_kmh_mean": 11.817694225495952, "V_kmh_std": 0.3347075632989991, "TTT_sec_mean": 4503.173000000001, "TTT_sec_std": 250.8188441275369, "flow_mean": 91.2, "flow_std": 4.763899331651046, "n_runs": 20}}, {"type": "Feature", "geometry": {"type": "LineString", "coordinates": [[139.9342160847, 35.8987198209], [139.933842, 35.898582], [139.933504, 35.898482], [139.933154, 35.898415], [139.932804, 35.898382], [139.9326277782, 35.8983820001]]}, "properties": {"link_id": "533967_00535_00538_1", "road_id": "I_23_0129024139398", "upnode": "I_22_533967_-00007", "downnode": "533967_00535", "scenario": "no04", "slot_code": "745", "hhmm": "07:45", "V_kmh_mean": 16.431835656654663, "V_kmh_std": 1.4478096494455677, "TTT_sec_mean": 2701.3705, "TTT_sec_std": 310.1714403099476, "flow_mean": 70.55, "flow_std": 5.9866078612358224, "n_runs": 20}}, {"type": "Feature", "geometry": {"type": "LineString", "coordinates": [[139.9325188518, 35.8982918789], [139.932529, 35.897798], [139.932542, 35.897548], [139.932604, 35.897265], [139.932667, 35.89709], [139.933254, 35.895774], [139.933404, 35.895449], [139.933629, 35.895049], [139.9340574237, 35.894296779]]}, "properties": {"link_id": "533967_00535_00609_0", "road_id": "533967_00535_00609", "upnode": "533967_00535", "downnode": "533967_00609", "scenario": "no04", "slot_code": "745", "hhmm": "07:45", "V_kmh_mean": 29.920718201936648, "V_kmh_std": 0.0335072507225052, "TTT_sec_mean": 6217.566000000001, "TTT_sec_std": 335.73062664488697, "flow_mean": 100.85, "flow_std": 5.421934011130404, "n_runs": 20}}, {"type": "Feature", "geometry": {"type": "LineString", "coordinates": [[139.9340574237, 35.894296779], [139.933629, 35.895049], [139.933404, 35.895449], [139.933254, 35.895774], [139.932667, 35.89709], [139.932604, 35.897265], [139.932542, 35.897548], [139.932529, 35.897798], [139.9325188518, 35.8982918789]]}, "properties": {"link_id": "533967_00535_00609_1", "road_id": "533967_00535_00609", "upnode": "533967_00609", "downnode": "533967_00535", "scenario": "no04", "slot_code": "745", "hhmm": "07:45", "V_kmh_mean": 20.098969666475256, "V_kmh_std": 1.0919773450291186, "TTT_sec_mean": 5240.974, "TTT_sec_std": 485.4118413037477, "flow_mean": 56.65, "flow_std": 3.5876249290552864, "n_runs": 20}}, {"type": "Feature", "geometry": {"type": "LineString", "coordinates": [[139.9324065918, 35.8983893607], [139.932142, 35.898407], [139.931842, 35.89844], [139.931592, 35.89849], [139.9313581094, 35.8985591985]]}, "properties": {"link_id": "533967_00535_11512_0", "road_id": "533967_00535_11512", "upnode": "533967_00535", "downnode": "533967_11512", "scenario": "no04", "slot_code": "745", "hhmm": "07:45", "V_kmh_mean": 44.64006784771211, "V_kmh_std": 0.4301011067615029, "TTT_sec_mean": 953.3175, "TTT_sec_std": 70.1198323830074, "flow_mean": 81.6, "flow_std": 6.3112264218112495, "n_runs": 20}}, {"type": "Feature", "geometry": {"type": "LineString", "coordinates": [[139.9313581094, 35.8985591985], [139.931592, 35.89849], [139.931842, 35.89844], [139.932142, 35.898407], [139.9324065918, 35.8983893607]]}, "properties": {"link_id": "533967_00535_11512_1", "road_id": "533967_00535_11512", "upnode": "533967_11512", "downnode": "533967_00535", "scenario": "no04", "slot_code": "745", "hhmm": "07:45", "V_kmh_mean": 12.282197151257794, "V_kmh_std": 0.9548893112601228, "TTT_sec_mean": 5477.0945, "TTT_sec_std": 489.4381400993872, "flow_mean": 127.35, "flow_std": 5.65941228118442, "n_runs": 20}}, {"type": "Feature", "geometry": {"type": "LineString", "coordinates": [[139.9325102458, 35.898471966], [139.932492, 35.898715], [139.9324071086, 35.8992167086]]}, "properties": {"link_id": "533967_00535_14018_0", "road_id": "533967_00535_14018", "upnode": "533967_00535", "downnode": "533967_14018", "scenario": "no04", "slot_code": "745", "hhmm": "07:45", "V_kmh_mean": 41.0712799843578, "V_kmh_std": 0.6523880013635741, "TTT_sec_mean": 752.0835, "TTT_sec_std": 64.5509209257964, "flow_mean": 65.4, "flow_std": 5.061724274551007, "n_runs": 20}}, {"type": "Feature", "geometry": {"type": "LineString", "coordinates": [[139.9324071086, 35.8992167086], [139.932492, 35.898715], [139.9325102458, 35.898471966]]}, "properties": {"link_id": "533967_00535_14018_1", "road_id": "533967_00535_14018", "upnode": "533967_14018", "downnode": "533967_00535", "scenario": "no04", "slot_code": "745", "hhmm": "07:45", "V_kmh_mean": 10.755783142245717, "V_kmh_std": 1.5770001272504055, "TTT_sec_mean": 3884.7835, "TTT_sec_std": 735.5960037402898, "flow_mean": 85.9, "flow_std": 4.011824627536114, "n_runs": 20}}, {"type": "Feature", "geometry": {"type": "LineString", "coordinates": [[139.9303339038, 35.8988440368], [139.9311490969, 35.898618964]]}, "properties": {"link_id": "533967_00536_11512_0", "road_id": "533967_00536_11512", "upnode": "533967_00536", "downnode": "533967_11512", "scenario": "no04", "slot_code": "745", "hhmm": "07:45", "V_kmh_mean": 29.418622897971996, "V_kmh_std": 1.500384564886239, "TTT_sec_mean": 1825.852, "TTT_sec_std": 128.21482587726285, "flow_mean": 126.35, "flow_std": 2.518876106938421, "n_runs": 20}}, {"type": "Feature", "geometry": {"type": "LineString", "coordinates": [[139.9311490969, 35.898618964], [139.9303339038, 35.8988440368]]}, "properties": {"link_id": "533967_00536_11512_1", "road_id": "533967_00536_11512", "upnode": "533967_11512", "downnode": "533967_00536", "scenario": "no04", "slot_code": "745", "hhmm": "07:45", "V_kmh_mean": 43.14990665385879, "V_kmh_std": 0.1526523183402792, "TTT_sec_mean": 660.102, "TTT_sec_std": 52.20690240712782, "flow_mean": 81.4, "flow_std": 6.451438028190228, "n_runs": 20}}, {"type": "Feature", "geometry": {"type": "LineString", "coordinates": [[139.9390888177, 35.9007729812], [139.939516, 35.901065], [139.939854, 35.901306], [139.9408852599, 35.9020942841]]}, "properties": {"link_id": "533967_00538_00539_0", "road_id": "533967_00538_00539", "upnode": "533967_00538", "downnode": "533967_00539", "scenario": "no04", "slot_code": "745", "hhmm": "07:45", "V_kmh_mean": 19.95337315452924, "V_kmh_std": 1.251605303861488, "TTT_sec_mean": 7231.635499999999, "TTT_sec_std": 589.8599517947591, "flow_mean": 147.4, "flow_std": 4.9460244535118205, "n_runs": 20}}, {"type": "Feature", "geometry": {"type": "LineString", "coordinates": [[139.9408852599, 35.9020942841], [139.939854, 35.901306], [139.939516, 35.901065], [139.9390888177, 35.9007729812]]}, "properties": {"link_id": "533967_00538_00539_1", "road_id": "533967_00538_00539", "upnode": "533967_00539", "downnode": "533967_00538", "scenario": "no04", "slot_code": "745", "hhmm": "07:45", "V_kmh_mean": 18.712467669366568, "V_kmh_std": 3.389313726971983, "TTT_sec_mean": 3232.6475, "TTT_sec_std": 1025.3262498956126, "flow_mean": 58.85, "flow_std": 6.555632371440123, "n_runs": 20}}, {"type": "Feature", "geometry": {"type": "LineString", "coordinates": [[139.9390652129, 35.9006398758], [139.939554, 35.90004], [139.939841, 35.899673], [139.940104, 35.899315], [139.9402650477, 35.8990620339]]}, "properties": {"link_id": "533967_00538_11513_0", "road_id": "533967_00538_11513", "upnode": "533967_00538", "downnode": "533967_11513", "scenario": "no04", "slot_code": "745", "hhmm": "07:45", "V_kmh_mean": 44.74843425923458, "V_kmh_std": 0.5129051540721227, "TTT_sec_mean": 1337.9924999999998, "TTT_sec_std": 117.28931336768568, "flow_mean": 64.8, "flow_std": 5.568709573661519, "n_runs": 20}}, {"type": "Feature", "geometry": {"type": "LineString", "coordinates": [[139.9402650477, 35.8990620339], [139.940104, 35.899315], [139.939841, 35.899673], [139.939554, 35.90004], [139.9390652129, 35.9006398758]]}, "properties": {"link_id": "533967_00538_11513_1", "road_id": "533967_00538_11513", "upnode": "533967_11513", "downnode": "533967_00538", "scenario": "no04", "slot_code": "745", "hhmm": "07:45", "V_kmh_mean": 6.177872306468254, "V_kmh_std": 0.3864813498930268, "TTT_sec_mean": 20200.987, "TTT_sec_std": 971.4056423830804, "flow_mean": 134.5, "flow_std": 3.926964811604371, "n_runs": 20}}, {"type": "Feature", "geometry": {"type": "LineString", "coordinates": [[139.9408856941, 35.9022180898], [139.940653, 35.902398], [139.9388550773, 35.9039082569]]}, "properties": {"link_id": "533967_00539_11517_0", "road_id": "533967_00539_11517", "upnode": "533967_00539", "downnode": "533967_11517", "scenario": "no04", "slot_code": "745", "hhmm": "07:45", "V_kmh_mean": null, "V_kmh_std": null, "TTT_sec_mean": null, "TTT_sec_std": null, "flow_mean": 0.0, "flow_std": 0.0, "n_runs": 20}}, {"type": "Feature", "geometry": {"type": "LineString", "coordinates": [[139.9388550773, 35.9039082569], [139.940653, 35.902398], [139.9408856941, 35.9022180898]]}, "properties": {"link_id": "533967_00539_11517_1", "road_id": "533967_00539_11517", "upnode": "533967_11517", "downnode": "533967_00539", "scenario": "no04", "slot_code": "745", "hhmm": "07:45", "V_kmh_mean": 12.450548956795718, "V_kmh_std": 2.7607374773185342, "TTT_sec_mean": 214.7, "TTT_sec_std": 80.20418029530695, "flow_mean": 2.35, "flow_std": 0.7451598203705945, "n_runs": 20}}, {"type": "Feature", "geometry": {"type": "LineString", "coordinates": [[139.9464754157, 35.8902900007], [139.946403, 35.890266], [139.946353, 35.890266], [139.946291, 35.890274], [139.946229, 35.890324], [139.946191, 35.890366], [139.9456910777, 35.8911686034]]}, "properties": {"link_id": "533967_00605_01530_0", "road_id": "533967_00605_01530", "upnode": "533967_00605", "downnode": "533967_01530", "scenario": "no04", "slot_code": "745", "hhmm": "07:45", "V_kmh_mean": null, "V_kmh_std": null, "TTT_sec_mean": null, "TTT_sec_std": null, "flow_mean": 0.0, "flow_std": 0.0, "n_runs": 20}}, {"type": "Feature", "geometry": {"type": "LineString", "coordinates": [[139.9456910777, 35.8911686034], [139.946191, 35.890366], [139.946229, 35.890324], [139.946291, 35.890274], [139.946353, 35.890266], [139.946403, 35.890266], [139.9464754157, 35.8902900007]]}, "properties": {"link_id": "533967_00605_01530_1", "road_id": "533967_00605_01530", "upnode": "533967_01530", "downnode": "533967_00605", "scenario": "no04", "slot_code": "745", "hhmm": "07:45", "V_kmh_mean": null, "V_kmh_std": null, "TTT_sec_mean": null, "TTT_sec_std": null, "flow_mean": 0.0, "flow_std": 0.0, "n_runs": 20}}, {"type": "Feature", "geometry": {"type": "LineString", "coordinates": [[139.9466720291, 35.8903716418], [139.9471589702, 35.8906183586]]}, "properties": {"link_id": "533967_00605_72276_0", "road_id": "533967_00605_72276", "upnode": "533967_00605", "downnode": "533967_72276", "scenario": "no04", "slot_code": "745", "hhmm": "07:45", "V_kmh_mean": null, "V_kmh_std": null, "TTT_sec_mean": null, "TTT_sec_std": null, "flow_mean": 0.0, "flow_std": 0.0, "n_runs": 20}}, {"type": "Feature", "geometry": {"type": "LineString", "coordinates": [[139.9471589702, 35.8906183586], [139.9466720291, 35.8903716418]]}, "properties": {"link_id": "533967_00605_72276_1", "road_id": "533967_00605_72276", "upnode": "533967_72276", "downnode": "533967_00605", "scenario": "no04", "slot_code": "745", "hhmm": "07:45", "V_kmh_mean": null, "V_kmh_std": null, "TTT_sec_mean": null, "TTT_sec_std": null, "flow_mean": 0.0, "flow_std": 0.0, "n_runs": 20}}, {"type": "Feature", "geometry": {"type": "LineString", "coordinates": [[139.9339040501, 35.8941376862], [139.9340039497, 35.894176314]]}, "properties": {"link_id": "533967_00608_00609_0", "road_id": "533967_00608_00609", "upnode": "533967_00608", "downnode": "533967_00609", "scenario": "no04", "slot_code": "745", "hhmm": "07:45", "V_kmh_mean": 59.1674524321178, "V_kmh_std": 1.8029147424654888, "TTT_sec_mean": 319.035, "TTT_sec_std": 11.257542267064204, "flow_mean": 83.95, "flow_std": 1.1459310165698644, "n_runs": 20}}, {"type": "Feature", "geometry": {"type": "LineString", "coordinates": [[139.9340039497, 35.894176314], [139.9339040501, 35.8941376862]]}, "properties": {"link_id": "533967_00608_00609_1", "road_id": "533967_00608_00609", "upnode": "533967_00609", "downnode": "533967_00608", "scenario": "no04", "slot_code": "745", "hhmm": "07:45", "V_kmh_mean": 30.024, "V_kmh_std": 3.2601936634160008e-15, "TTT_sec_mean": 504.75, "TTT_sec_std": 27.64792749442248, "flow_mean": 100.95, "flow_std": 5.529585498884495, "n_runs": 20}}, {"type": "Feature", "geometry": {"type": "LineString", "coordinates": [[139.9341526266, 35.894134015], [139.934379, 35.893757], [139.934529, 35.893582], [139.934704, 35.893432], [139.934929, 35.893282], [139.935142, 35.893182], [139.935429, 35.893099], [139.935983746, 35.8930011039]]}, "properties": {"link_id": "533967_00609_11505_0", "road_id": "533967_00609_11505", "upnode": "533967_00609", "downnode": "533967_11505", "scenario": "no04", "slot_code": "745", "hhmm": "07:45", "V_kmh_mean": 29.644431341293817, "V_kmh_std": 0.0556707395951335, "TTT_sec_mean": 1119.2155, "TTT_sec_std": 51.68384695994428, "flow_mean": 35.15, "flow_std": 1.6311119875071338, "n_runs": 20}}, {"type": "Feature", "geometry": {"type": "LineString", "coordinates": [[139.935983746, 35.8930011039], [139.935429, 35.893099], [139.935142, 35.893182], [139.934929, 35.893282], [139.934704, 35.893432], [139.934529, 35.893582], [139.934379, 35.893757], [139.9341526266, 35.894134015]]}, "properties": {"link_id": "533967_00609_11505_1", "road_id": "533967_00609_11505", "upnode": "533967_11505", "downnode": "533967_00609", "scenario": "no04", "slot_code": "745", "hhmm": "07:45", "V_kmh_mean": 29.916780307473992, "V_kmh_std": 0.1819918935506716, "TTT_sec_mean": 217.5085, "TTT_sec_std": 58.30237814730698, "flow_mean": 6.9, "flow_std": 1.8324559303956276, "n_runs": 20}}, {"type": "Feature", "geometry": {"type": "LineString", "coordinates": [[139.9560565896, 35.8961952031], [139.955977, 35.896157], [139.955852, 35.896091], [139.955715, 35.896016], [139.955527, 35.895874], [139.955377, 35.895749], [139.955278, 35.895632], [139.955203, 35.895524], [139.95514, 35.895399], [139.95509, 35.895274], [139.9550341001, 35.8951185085]]}, "properties": {"link_id": "533967_00693_01661_0", "road_id": "533967_00693_01661", "upnode": "533967_00693", "downnode": "533967_01661", "scenario": "no04", "slot_code": "745", "hhmm": "07:45", "V_kmh_mean": 22.91199325426405, "V_kmh_std": 1.6856887550712922, "TTT_sec_mean": 3949.149, "TTT_sec_std": 335.2264688064191, "flow_mean": 124.7, "flow_std": 3.213458540182786, "n_runs": 20}}, {"type": "Feature", "geometry": {"type": "LineString", "coordinates": [[139.9453357408, 35.9056010234], [139.9437952566, 35.9043769777]]}, "properties": {"link_id": "533967_00695_11518_0", "road_id": "533967_00695_11518", "upnode": "533967_00695", "downnode": "533967_11518", "scenario": "no04", "slot_code": "745", "hhmm": "07:45", "V_kmh_mean": 48.48891426356126, "V_kmh_std": 3.7112417591806266, "TTT_sec_mean": 2002.1165, "TTT_sec_std": 140.34580819026607, "flow_mean": 110.5, "flow_std": 3.48681727895829, "n_runs": 20}}, {"type": "Feature", "geometry": {"type": "LineString", "coordinates": [[139.9437952566, 35.9043769777], [139.9453357408, 35.9056010234]]}, "properties": {"link_id": "533967_00695_11518_1", "road_id": "533967_00695_11518", "upnode": "533967_11518", "downnode": "533967_00695", "scenario": "no04", "slot_code": "745", "hhmm": "07:45", "V_kmh_mean": 28.88230159594029, "V_kmh_std": 0.0680807348523562, "TTT_sec_mean": 1034.394, "TTT_sec_std": 90.7049883384243, "flow_mean": 37.35, "flow_std": 3.2971279367927098, "n_runs": 20}}, {"type": "Feature", "geometry": {"type": "LineString", "coordinates": [[139.9417994234, 35.8961325443], [139.940879, 35.897982], [139.940579, 35.898532], [139.9403635735, 35.8989006009]]}, "properties": {"link_id": "533967_00766_11513_0", "road_id": "533967_00766_11513", "upnode": "533967_00766", "downnode": "533967_11513", "scenario": "no04", "slot_code": "745", "hhmm": "07:45", "V_kmh_mean": 21.25677004613905, "V_kmh_std": 6.590381688208901, "TTT_sec_mean": 9285.076, "TTT_sec_std": 2910.494293167761, "flow_mean": 131.2, "flow_std": 3.5629674208593687, "n_runs": 20}}, {"type": "Feature", "geometry": {"type": "LineString", "coordinates": [[139.9403635735, 35.8989006009], [139.940579, 35.898532], [139.940879, 35.897982], [139.9417994234, 35.8961325443]]}, "properties": {"link_id": "533967_00766_11513_1", "road_id": "533967_00766_11513", "upnode": "533967_11513", "downnode": "533967_00766", "scenario": "no04", "slot_code": "745", "hhmm": "07:45", "V_kmh_mean": 26.31962031155744, "V_kmh_std": 2.0570189818289144, "TTT_sec_mean": 3272.99, "TTT_sec_std": 473.52473973050473, "flow_mean": 62.15, "flow_std": 5.214100315995388, "n_runs": 20}}, {"type": "Feature", "geometry": {"type": "LineString", "coordinates": [[139.9419369544, 35.896094038], [139.9457570412, 35.8978869651]]}, "properties": {"link_id": "533967_00766_14156_0", "road_id": "533967_00766_14156", "upnode": "533967_00766", "downnode": "533967_14156", "scenario": "no04", "slot_code": "745", "hhmm": "07:45", "V_kmh_mean": 47.77917577077068, "V_kmh_std": 0.4795446079197106, "TTT_sec_mean": 1745.4345, "TTT_sec_std": 233.2857028234737, "flow_mean": 51.4, "flow_std": 6.816388918975856, "n_runs": 20}}, {"type": "Feature", "geometry": {"type": "LineString", "coordinates": [[139.9457570412, 35.8978869651], [139.9419369544, 35.896094038]]}, "properties": {"link_id": "533967_00766_14156_1", "road_id": "533967_00766_14156", "upnode": "533967_14156", "downnode": "533967_00766", "scenario": "no04", "slot_code": "745", "hhmm": "07:45", "V_kmh_mean": 26.26907193585688, "V_kmh_std": 1.657893842452717, "TTT_sec_mean": 2628.6895, "TTT_sec_std": 301.2400724981393, "flow_mean": 42.15, "flow_std": 4.05585995813465, "n_runs": 20}}, {"type": "Feature", "geometry": {"type": "LineString", "coordinates": [[139.9549514256, 35.8976080991], [139.954902, 35.897565], [139.9545322401, 35.8973649137]]}, "properties": {"link_id": "533967_00818_01603_0", "road_id": "533967_00818_01603", "upnode": "533967_00818", "downnode": "533967_01603", "scenario": "no04", "slot_code": "745", "hhmm": "07:45", "V_kmh_mean": null, "V_kmh_std": null, "TTT_sec_mean": null, "TTT_sec_std": null, "flow_mean": 0.0, "flow_std": 0.0, "n_runs": 20}}, {"type": "Feature", "geometry": {"type": "LineString", "coordinates": [[139.9545322401, 35.8973649137], [139.954902, 35.897565], [139.9549514256, 35.8976080991]]}, "properties": {"link_id": "533967_00818_01603_1", "road_id": "533967_00818_01603", "upnode": "533967_01603", "downnode": "533967_00818", "scenario": "no04", "slot_code": "745", "hhmm": "07:45", "V_kmh_mean": null, "V_kmh_std": null, "TTT_sec_mean": null, "TTT_sec_std": null, "flow_mean": 0.0, "flow_std": 0.0, "n_runs": 20}}, {"type": "Feature", "geometry": {"type": "LineString", "coordinates": [[139.9543632577, 35.8893956951], [139.954328, 35.88945], [139.9542578296, 35.8896541962]]}, "properties": {"link_id": "533967_00933_00943_0", "road_id": "533967_00933_00943", "upnode": "533967_00933", "downnode": "533967_00943", "scenario": "no04", "slot_code": "745", "hhmm": "07:45", "V_kmh_mean": 54.921413463925646, "V_kmh_std": 0.1982337138673193, "TTT_sec_mean": 443.7724999999999, "TTT_sec_std": 8.878944268086688, "flow_mean": 88.5, "flow_std": 1.8496087779795332, "n_runs": 20}}, {"type": "Feature", "geometry": {"type": "LineString", "coordinates": [[139.9543697068, 35.8897608974], [139.954428, 35.88945], [139.9544237172, 35.8894058542]]}, "properties": {"link_id": "533967_00933_00944_1", "road_id": "533967_00933_00944", "upnode": "533967_00944", "downnode": "533967_00933", "scenario": "no04", "slot_code": "745", "hhmm": "07:45", "V_kmh_mean": 50.77752819553093, "V_kmh_std": 0.3611234276150508, "TTT_sec_mean": 435.9655, "TTT_sec_std": 27.15206757175321, "flow_mean": 69.25, "flow_std": 4.363424536325857, "n_runs": 20}}, {"type": "Feature", "geometry": {"type": "LineString", "coordinates": [[139.9544390086, 35.889228009], [139.954615, 35.888583], [139.95469, 35.888358], [139.954765, 35.888158], [139.9547775, 35.888129]]}, "properties": {"link_id": "533967_00933_14152_0", "road_id": "533967_00933_14152", "upnode": "533967_00933", "downnode": "533967_14152", "scenario": "no04", "slot_code": "745", "hhmm": "07:45", "V_kmh_mean": 45.82091907880427, "V_kmh_std": 0.0231589572155426, "TTT_sec_mean": 822.9530000000001, "TTT_sec_std": 57.98900241470472, "flow_mean": 68.55, "flow_std": 4.817457289571138, "n_runs": 20}}, {"type": "Feature", "geometry": {"type": "LineString", "coordinates": [[139.9547775, 35.888129], [139.954765, 35.888158], [139.95469, 35.888358], [139.954615, 35.888583], [139.9544390086, 35.889228009]]}, "properties": {"link_id": "533967_00933_14152_1", "road_id": "533967_00933_14152", "upnode": "533967_14152", "downnode": "533967_00933", "scenario": "no04", "slot_code": "745", "hhmm": "07:45", "V_kmh_mean": 51.40507214111651, "V_kmh_std": 0.052781934054494, "TTT_sec_mean": 1064.131, "TTT_sec_std": 19.71658716597996, "flow_mean": 88.6, "flow_std": 1.6351404253232535, "n_runs": 20}}, {"type": "Feature", "geometry": {"type": "LineString", "coordinates": [[139.9518937494, 35.8944638907], [139.951328, 35.894541], [139.951053, 35.894574], [139.950728, 35.894557], [139.9500510207, 35.8944924851]]}, "properties": {"link_id": "533967_00938_00939_0", "road_id": "533967_00938_00939", "upnode": "533967_00938", "downnode": "533967_00939", "scenario": "no04", "slot_code": "745", "hhmm": "07:45", "V_kmh_mean": 16.150972522091976, "V_kmh_std": 1.414672441992448, "TTT_sec_mean": 2824.374, "TTT_sec_std": 281.1923842908231, "flow_mean": 60.5, "flow_std": 2.645751311064592, "n_runs": 20}}, {"type": "Feature", "geometry": {"type": "LineString", "coordinates": [[139.9500510207, 35.8944924851], [139.950728, 35.894557], [139.951053, 35.894574], [139.951328, 35.894541], [139.9518937494, 35.8944638907]]}, "properties": {"link_id": "533967_00938_00939_1", "road_id": "533967_00938_00939", "upnode": "533967_00939", "downnode": "533967_00938", "scenario": "no04", "slot_code": "745", "hhmm": "07:45", "V_kmh_mean": 45.87800475635609, "V_kmh_std": 0.4136637191419232, "TTT_sec_mean": 1417.3495, "TTT_sec_std": 110.1307190509724, "flow_mean": 84.35, "flow_std": 6.3765606964718415, "n_runs": 20}}, {"type": "Feature", "geometry": {"type": "LineString", "coordinates": [[139.952215, 35.8943115], [139.95219, 35.894349], [139.9520955705, 35.8943994971]]}, "properties": {"link_id": "533967_00938_01409_1", "road_id": "533967_00938_01409", "upnode": "533967_01409", "downnode": "533967_00938", "scenario": "no04", "slot_code": "745", "hhmm": "07:45", "V_kmh_mean": 52.314796435585855, "V_kmh_std": 0.6231040365460178, "TTT_sec_mean": 251.032, "TTT_sec_std": 6.4763940584248045, "flow_mean": 61.3, "flow_std": 1.3018205875255096, "n_runs": 20}}, {"type": "Feature", "geometry": {"type": "LineString", "coordinates": [[139.9521134316, 35.8944419324], [139.952128, 35.894441], [139.952265, 35.894432], [139.952315, 35.894424]]}, "properties": {"link_id": "533967_00938_01417_0", "road_id": "533967_00938_01417", "upnode": "533967_00938", "downnode": "533967_01417", "scenario": "no04", "slot_code": "745", "hhmm": "07:45", "V_kmh_mean": 49.77033642799541, "V_kmh_std": 0.7058713869067083, "TTT_sec_mean": 347.025, "TTT_sec_std": 26.1718001110476, "flow_mean": 84.3, "flow_std": 6.250052631357342, "n_runs": 20}}, {"type": "Feature", "geometry": {"type": "LineString", "coordinates": [[139.94990025, 35.89447575], [139.94981875, 35.89446325]]}, "properties": {"link_id": "533967_00939_00940_0", "road_id": "533967_00939_00940", "upnode": "533967_00939", "downnode": "533967_00940", "scenario": "no04", "slot_code": "745", "hhmm": "07:45", "V_kmh_mean": 30.10306190413427, "V_kmh_std": 3.4988904856709806, "TTT_sec_mean": 25.6495, "TTT_sec_std": 5.693410295198625, "flow_mean": 4.6, "flow_std": 0.8825799501580878, "n_runs": 20}}, {"type": "Feature", "geometry": {"type": "LineString", "coordinates": [[139.94981875, 35.89446325], [139.94990025, 35.89447575]]}, "properties": {"link_id": "533967_00939_00940_1", "road_id": "533967_00939_00940", "upnode": "533967_00940", "downnode": "533967_00939", "scenario": "no04", "slot_code": "745", "hhmm": "07:45", "V_kmh_mean": 34.414229905785575, "V_kmh_std": 6.8602801261983455, "TTT_sec_mean": 25.1495, "TTT_sec_std": 17.255685096741153, "flow_mean": 4.7, "flow_std": 3.010507913083246, "n_runs": 20}}, {"type": "Feature", "geometry": {"type": "LineString", "coordinates": [[139.9497061831, 35.8957758334], [139.9499248174, 35.8945711667]]}, "properties": {"link_id": "533967_00939_01421_1", "road_id": "533967_00939_01421", "upnode": "533967_01421", "downnode": "533967_00939", "scenario": "no04", "slot_code": "745", "hhmm": "07:45", "V_kmh_mean": 17.28437098344096, "V_kmh_std": 1.343358957010906, "TTT_sec_mean": 4125.6965, "TTT_sec_std": 467.2652732912509, "flow_mean": 104.65, "flow_std": 6.054793664179599, "n_runs": 20}}, {"type": "Feature", "geometry": {"type": "LineString", "coordinates": [[139.9497626661, 35.8945462659], [139.9494183347, 35.8965507341]]}, "properties": {"link_id": "533967_00940_13718_0", "road_id": "533967_00940_13718", "upnode": "533967_00940", "downnode": "533967_13718", "scenario": "no04", "slot_code": "745", "hhmm": "07:45", "V_kmh_mean": 39.656105695600544, "V_kmh_std": 0.1098659680803768, "TTT_sec_mean": 2410.6535, "TTT_sec_std": 176.89653688184356, "flow_mean": 97.85, "flow_std": 7.271248354414732, "n_runs": 20}}, {"type": "Feature", "geometry": {"type": "LineString", "coordinates": [[139.9542103168, 35.8898299777], [139.954165, 35.890058], [139.954153, 35.890341], [139.9541753089, 35.8904766626]]}, "properties": {"link_id": "533967_00943_01268_0", "road_id": "533967_00943_01268", "upnode": "533967_00943", "downnode": "533967_01268", "scenario": "no04", "slot_code": "745", "hhmm": "07:45", "V_kmh_mean": 46.91460727771995, "V_kmh_std": 0.1740578013922701, "TTT_sec_mean": 798.4100000000001, "TTT_sec_std": 15.268333931789408, "flow_mean": 88.55, "flow_std": 1.6693837501494806, "n_runs": 20}}, {"type": "Feature", "geometry": {"type": "LineString", "coordinates": [[139.9543327019, 35.8899520247], [139.9543352981, 35.8899389753]]}, "properties": {"link_id": "533967_00944_13715_1", "road_id": "533967_00944_13715", "upnode": "533967_13715", "downnode": "533967_00944", "scenario": "no04", "slot_code": "745", "hhmm": "07:45", "V_kmh_mean": 49.35945329749843, "V_kmh_std": 0.5114213473664083, "TTT_sec_mean": 249.1285, "TTT_sec_std": 15.470631353428477, "flow_mean": 71.0, "flow_std": 4.217756949399825, "n_runs": 20}}, {"type": "Feature", "geometry": {"type": "LineString", "coordinates": [[139.9318691502, 35.9023337132], [139.9321018503, 35.9009622869]]}, "properties": {"link_id": "533967_00949_14017_0", "road_id": "533967_00949_14017", "upnode": "533967_00949", "downnode": "533967_14017", "scenario": "no04", "slot_code": "745", "hhmm": "07:45", "V_kmh_mean": 50.760136980426125, "V_kmh_std": 0.1854985087857808, "TTT_sec_mean": 1215.79, "TTT_sec_std": 19.61178941888088, "flow_mean": 85.5, "flow_std": 1.432700798822756, "n_runs": 20}}, {"type": "Feature", "geometry": {"type": "LineString", "coordinates": [[139.9321018503, 35.9009622869], [139.9318691502, 35.9023337132]]}, "properties": {"link_id": "533967_00949_14017_1", "road_id": "533967_00949_14017", "upnode": "533967_14017", "downnode": "533967_00949", "scenario": "no04", "slot_code": "745", "hhmm": "07:45", "V_kmh_mean": 46.4151651786372, "V_kmh_std": 0.0385406102248017, "TTT_sec_mean": 942.004, "TTT_sec_std": 74.51517926605716, "flow_mean": 67.25, "flow_std": 5.3200217648941415, "n_runs": 20}}, {"type": "Feature", "geometry": {"type": "LineString", "coordinates": [[139.9508623794, 35.9023333799], [139.950853, 35.902323], [139.950753, 35.90219], [139.950489646, 35.9017625762]]}, "properties": {"link_id": "533967_00976_12969_0", "road_id": "533967_00976_12969", "upnode": "533967_00976", "downnode": "533967_12969", "scenario": "no04", "slot_code": "745", "hhmm": "07:45", "V_kmh_mean": 53.27025522829414, "V_kmh_std": 0.0875127193133568, "TTT_sec_mean": 520.5735, "TTT_sec_std": 8.79816025924558, "flow_mean": 64.95, "flow_std": 1.0990426455975737, "n_runs": 20}}, {"type": "Feature", "geometry": {"type": "LineString", "coordinates": [[139.950489646, 35.9017625762], [139.950753, 35.90219], [139.950853, 35.902323], [139.9508623794, 35.9023333799]]}, "properties": {"link_id": "533967_00976_12969_1", "road_id": "533967_00976_12969", "upnode": "533967_12969", "downnode": "533967_00976", "scenario": "no04", "slot_code": "745", "hhmm": "07:45", "V_kmh_mean": 35.71197987498033, "V_kmh_std": 0.1212613979658444, "TTT_sec_mean": 1084.7405, "TTT_sec_std": 57.750019409885134, "flow_mean": 110.7, "flow_std": 5.795642646351699, "n_runs": 20}}, {"type": "Feature", "geometry": {"type": "LineString", "coordinates": [[139.9501108985, 35.9006445715], [139.9506451018, 35.900543429]]}, "properties": {"link_id": "533967_00978_01607_0", "road_id": "533967_00978_01607", "upnode": "533967_00978", "downnode": "533967_01607", "scenario": "no04", "slot_code": "745", "hhmm": "07:45", "V_kmh_mean": null, "V_kmh_std": null, "TTT_sec_mean": null, "TTT_sec_std": null, "flow_mean": 0.0, "flow_std": 0.0, "n_runs": 20}}, {"type": "Feature", "geometry": {"type": "LineString", "coordinates": [[139.9506451018, 35.900543429], [139.9501108985, 35.9006445715]]}, "properties": {"link_id": "533967_00978_01607_1", "road_id": "533967_00978_01607", "upnode": "533967_01607", "downnode": "533967_00978", "scenario": "no04", "slot_code": "745", "hhmm": "07:45", "V_kmh_mean": null, "V_kmh_std": null, "TTT_sec_mean": null, "TTT_sec_std": null, "flow_mean": 0.0, "flow_std": 0.0, "n_runs": 20}}, {"type": "Feature", "geometry": {"type": "LineString", "coordinates": [[139.9500322401, 35.9007519373], [139.950115, 35.900998], [139.95024, 35.901273], [139.9503990469, 35.9015982512]]}, "properties": {"link_id": "533967_00978_12969_0", "road_id": "533967_00978_12969", "upnode": "533967_00978", "downnode": "533967_12969", "scenario": "no04", "slot_code": "745", "hhmm": "07:45", "V_kmh_mean": 39.9302090441061, "V_kmh_std": 0.0911541280273399, "TTT_sec_mean": 1455.7914999999998, "TTT_sec_std": 80.47984496133178, "flow_mean": 110.75, "flow_std": 6.137674855478981, "n_runs": 20}}, {"type": "Feature", "geometry": {"type": "LineString", "coordinates": [[139.9503990469, 35.9015982512], [139.95024, 35.901273], [139.950115, 35.900998], [139.9500322401, 35.9007519373]]}, "properties": {"link_id": "533967_00978_12969_1", "road_id": "533967_00978_12969", "upnode": "533967_12969", "downnode": "533967_00978", "scenario": "no04", "slot_code": "745", "hhmm": "07:45", "V_kmh_mean": 52.13081954030897, "V_kmh_std": 0.2211499076492505, "TTT_sec_mean": 660.885, "TTT_sec_std": 16.75655896719409, "flow_mean": 65.55, "flow_std": 1.731290969494334, "n_runs": 20}}, {"type": "Feature", "geometry": {"type": "LineString", "coordinates": [[139.9498945318, 35.9006833227], [139.9492234686, 35.900796678]]}, "properties": {"link_id": "533967_00978_87768_0", "road_id": "533967_00978_87768", "upnode": "533967_00978", "downnode": "533967_87768", "scenario": "no04", "slot_code": "745", "hhmm": "07:45", "V_kmh_mean": null, "V_kmh_std": null, "TTT_sec_mean": null, "TTT_sec_std": null, "flow_mean": 0.0, "flow_std": 0.0, "n_runs": 20}}, {"type": "Feature", "geometry": {"type": "LineString", "coordinates": [[139.9492234686, 35.900796678], [139.9498945318, 35.9006833227]]}, "properties": {"link_id": "533967_00978_87768_1", "road_id": "533967_00978_87768", "upnode": "533967_87768", "downnode": "533967_00978", "scenario": "no04", "slot_code": "745", "hhmm": "07:45", "V_kmh_mean": null, "V_kmh_std": null, "TTT_sec_mean": null, "TTT_sec_std": null, "flow_mean": 0.0, "flow_std": 0.0, "n_runs": 20}}, {"type": "Feature", "geometry": {"type": "LineString", "coordinates": [[139.9540793517, 35.8905701755], [139.953978, 35.890574], [139.9534376703, 35.890636346]]}, "properties": {"link_id": "533967_01268_13716_0", "road_id": "533967_01268_13716", "upnode": "533967_01268", "downnode": "533967_13716", "scenario": "no04", "slot_code": "745", "hhmm": "07:45", "V_kmh_mean": null, "V_kmh_std": null, "TTT_sec_mean": null, "TTT_sec_std": null, "flow_mean": 0.0, "flow_std": 0.0, "n_runs": 20}}, {"type": "Feature", "geometry": {"type": "LineString", "coordinates": [[139.9534376703, 35.890636346], [139.953978, 35.890574], [139.9540793517, 35.8905701755]]}, "properties": {"link_id": "533967_01268_13716_1", "road_id": "533967_01268_13716", "upnode": "533967_13716", "downnode": "533967_01268", "scenario": "no04", "slot_code": "745", "hhmm": "07:45", "V_kmh_mean": null, "V_kmh_std": null, "TTT_sec_mean": null, "TTT_sec_std": null, "flow_mean": 0.0, "flow_std": 0.0, "n_runs": 20}}, {"type": "Feature", "geometry": {"type": "LineString", "coordinates": [[139.954340492, 35.8905594428], [139.954303, 35.890291], [139.9543106769, 35.8901310651]]}, "properties": {"link_id": "533967_01269_13715_0", "road_id": "533967_01269_13715", "upnode": "533967_01269", "downnode": "533967_13715", "scenario": "no04", "slot_code": "745", "hhmm": "07:45", "V_kmh_mean": 49.86146437810098, "V_kmh_std": 0.2830753320906491, "TTT_sec_mean": 463.9045, "TTT_sec_std": 27.70132154837231, "flow_mean": 72.2, "flow_std": 4.443801123031118, "n_runs": 20}}, {"type": "Feature", "geometry": {"type": "LineString", "coordinates": [[139.95282475, 35.891885], [139.95281825, 35.891839]]}, "properties": {"link_id": "533967_01405_01406_0", "road_id": "533967_01405_01406", "upnode": "533967_01405", "downnode": "533967_01406", "scenario": "no04", "slot_code": "745", "hhmm": "07:45", "V_kmh_mean": null, "V_kmh_std": null, "TTT_sec_mean": null, "TTT_sec_std": null, "flow_mean": 0.0, "flow_std": 0.0, "n_runs": 20}}, {"type": "Feature", "geometry": {"type": "LineString", "coordinates": [[139.95281825, 35.891839], [139.95282475, 35.891885]]}, "properties": {"link_id": "533967_01405_01406_1", "road_id": "533967_01405_01406", "upnode": "533967_01406", "downnode": "533967_01405", "scenario": "no04", "slot_code": "745", "hhmm": "07:45", "V_kmh_mean": null, "V_kmh_std": null, "TTT_sec_mean": null, "TTT_sec_std": null, "flow_mean": 0.0, "flow_std": 0.0, "n_runs": 20}}, {"type": "Feature", "geometry": {"type": "LineString", "coordinates": [[139.9527903931, 35.8917281184], [139.952703, 35.891416], [139.952615, 35.891174], [139.952466051, 35.8908426486]]}, "properties": {"link_id": "533967_01406_01408_0", "road_id": "533967_01406_01408", "upnode": "533967_01406", "downnode": "533967_01408", "scenario": "no04", "slot_code": "745", "hhmm": "07:45", "V_kmh_mean": null, "V_kmh_std": null, "TTT_sec_mean": null, "TTT_sec_std": null, "flow_mean": 0.0, "flow_std": 0.0, "n_runs": 20}}, {"type": "Feature", "geometry": {"type": "LineString", "coordinates": [[139.952466051, 35.8908426486], [139.952615, 35.891174], [139.952703, 35.891416], [139.9527903931, 35.8917281184]]}, "properties": {"link_id": "533967_01406_01408_1", "road_id": "533967_01406_01408", "upnode": "533967_01408", "downnode": "533967_01406", "scenario": "no04", "slot_code": "745", "hhmm": "07:45", "V_kmh_mean": null, "V_kmh_std": null, "TTT_sec_mean": null, "TTT_sec_std": null, "flow_mean": 0.0, "flow_std": 0.0, "n_runs": 20}}, {"type": "Feature", "geometry": {"type": "LineString", "coordinates": [[139.9527055153, 35.8918296858], [139.952215, 35.891891], [139.952003, 35.891924], [139.9516129421, 35.891963006]]}, "properties": {"link_id": "533967_01406_01644_0", "road_id": "533967_01406_01644", "upnode": "533967_01406", "downnode": "533967_01644", "scenario": "no04", "slot_code": "745", "hhmm": "07:45", "V_kmh_mean": 49.72749365984728, "V_kmh_std": 0.3882401275843872, "TTT_sec_mean": 522.1324999999999, "TTT_sec_std": 44.97268795438079, "flow_mean": 49.5, "flow_std": 4.273541610273244, "n_runs": 20}}, {"type": "Feature", "geometry": {"type": "LineString", "coordinates": [[139.9523058817, 35.8905077702], [139.952387118, 35.8906742299]]}, "properties": {"link_id": "533967_01407_01408_0", "road_id": "533967_01407_01408", "upnode": "533967_01407", "downnode": "533967_01408", "scenario": "no04", "slot_code": "745", "hhmm": "07:45", "V_kmh_mean": null, "V_kmh_std": null, "TTT_sec_mean": null, "TTT_sec_std": null, "flow_mean": 0.0, "flow_std": 0.0, "n_runs": 20}}, {"type": "Feature", "geometry": {"type": "LineString", "coordinates": [[139.952387118, 35.8906742299], [139.9523058817, 35.8905077702]]}, "properties": {"link_id": "533967_01407_01408_1", "road_id": "533967_01407_01408", "upnode": "533967_01408", "downnode": "533967_01407", "scenario": "no04", "slot_code": "745", "hhmm": "07:45", "V_kmh_mean": null, "V_kmh_std": null, "TTT_sec_mean": null, "TTT_sec_std": null, "flow_mean": 0.0, "flow_std": 0.0, "n_runs": 20}}, {"type": "Feature", "geometry": {"type": "LineString", "coordinates": [[139.9523210084, 35.8907813333], [139.95224, 35.890799], [139.952003, 35.890849], [139.951803, 35.890908], [139.951678, 35.890941], [139.951228, 35.891083], [139.9514760186, 35.8918865811]]}, "properties": {"link_id": "533967_01408_01644_0", "road_id": "533967_01408_01644", "upnode": "533967_01408", "downnode": "533967_01644", "scenario": "no04", "slot_code": "745", "hhmm": "07:45", "V_kmh_mean": null, "V_kmh_std": null, "TTT_sec_mean": null, "TTT_sec_std": null, "flow_mean": 0.0, "flow_std": 0.0, "n_runs": 20}}, {"type": "Feature", "geometry": {"type": "LineString", "coordinates": [[139.9514760186, 35.8918865811], [139.951228, 35.891083], [139.951678, 35.890941], [139.951803, 35.890908], [139.952003, 35.890849], [139.95224, 35.890799], [139.9523210084, 35.8907813333]]}, "properties": {"link_id": "533967_01408_01644_1", "road_id": "533967_01408_01644", "upnode": "533967_01644", "downnode": "533967_01408", "scenario": "no04", "slot_code": "745", "hhmm": "07:45", "V_kmh_mean": null, "V_kmh_std": null, "TTT_sec_mean": null, "TTT_sec_std": null, "flow_mean": 0.0, "flow_std": 0.0, "n_runs": 20}}, {"type": "Feature", "geometry": {"type": "LineString", "coordinates": [[139.9525364266, 35.8907395675], [139.952628, 35.890724], [139.9532181805, 35.8906607667]]}, "properties": {"link_id": "533967_01408_13716_0", "road_id": "533967_01408_13716", "upnode": "533967_01408", "downnode": "533967_13716", "scenario": "no04", "slot_code": "745", "hhmm": "07:45", "V_kmh_mean": null, "V_kmh_std": null, "TTT_sec_mean": null, "TTT_sec_std": null, "flow_mean": 0.0, "flow_std": 0.0, "n_runs": 20}}, {"type": "Feature", "geometry": {"type": "LineString", "coordinates": [[139.9532181805, 35.8906607667], [139.952628, 35.890724], [139.9525364266, 35.8907395675]]}, "properties": {"link_id": "533967_01408_13716_1", "road_id": "533967_01408_13716", "upnode": "533967_13716", "downnode": "533967_01408", "scenario": "no04", "slot_code": "745", "hhmm": "07:45", "V_kmh_mean": null, "V_kmh_std": null, "TTT_sec_mean": null, "TTT_sec_std": null, "flow_mean": 0.0, "flow_std": 0.0, "n_runs": 20}}, {"type": "Feature", "geometry": {"type": "LineString", "coordinates": [[139.952403, 35.893891], [139.952378, 35.893866], [139.952265, 35.893857], [139.95214, 35.893891], [139.952103, 35.893974], [139.952128, 35.894066], [139.952215, 35.894199], [139.9522275, 35.8942365]]}, "properties": {"link_id": "533967_01409_01410_1", "road_id": "533967_01409_01410", "upnode": "533967_01410", "downnode": "533967_01409", "scenario": "no04", "slot_code": "745", "hhmm": "07:45", "V_kmh_mean": 58.59798733435518, "V_kmh_std": 0.3788658841762446, "TTT_sec_mean": 157.823, "TTT_sec_std": 26.93305757849108, "flow_mean": 26.1, "flow_std": 4.411706913966162, "n_runs": 20}}, {"type": "Feature", "geometry": {"type": "LineString", "coordinates": [[139.9522887552, 35.8943549337], [139.95229, 35.894357], [139.9523275, 35.8943865]]}, "properties": {"link_id": "533967_01409_01417_0", "road_id": "533967_01409_01417", "upnode": "533967_01409", "downnode": "533967_01417", "scenario": "no04", "slot_code": "745", "hhmm": "07:45", "V_kmh_mean": null, "V_kmh_std": null, "TTT_sec_mean": null, "TTT_sec_std": null, "flow_mean": 0.0, "flow_std": 0.0, "n_runs": 20}}, {"type": "Feature", "geometry": {"type": "LineString", "coordinates": [[139.9524688968, 35.894384739], [139.952478, 35.894382], [139.952528, 35.894307], [139.952528, 35.894207], [139.9524578295, 35.8940028041]]}, "properties": {"link_id": "533967_01410_01417_1", "road_id": "533967_01410_01417", "upnode": "533967_01417", "downnode": "533967_01410", "scenario": "no04", "slot_code": "745", "hhmm": "07:45", "V_kmh_mean": 50.516722637575576, "V_kmh_std": 0.3162981953158836, "TTT_sec_mean": 510.08, "TTT_sec_std": 38.24565100835167, "flow_mean": 84.3, "flow_std": 6.250052631357342, "n_runs": 20}}, {"type": "Feature", "geometry": {"type": "LineString", "coordinates": [[139.9531917144, 35.8936848802], [139.95319, 35.893682], [139.9531790343, 35.8936725468]]}, "properties": {"link_id": "533967_01412_01413_0", "road_id": "533967_01412_01413", "upnode": "533967_01412", "downnode": "533967_01413", "scenario": "no04", "slot_code": "745", "hhmm": "07:45", "V_kmh_mean": null, "V_kmh_std": null, "TTT_sec_mean": null, "TTT_sec_std": null, "flow_mean": 0.0, "flow_std": 0.0, "n_runs": 20}}, {"type": "Feature", "geometry": {"type": "LineString", "coordinates": [[139.9529650835, 35.8940117924], [139.95299, 35.894099], [139.953028, 35.894199], [139.953103, 35.894249], [139.953253, 35.894257], [139.953353, 35.894216], [139.95339, 35.894116], [139.95334, 35.893991], [139.95324, 35.893816], [139.95324, 35.893791]]}, "properties": {"link_id": "533967_01412_01414_1", "road_id": "533967_01412_01414", "upnode": "533967_01414", "downnode": "533967_01412", "scenario": "no04", "slot_code": "745", "hhmm": "07:45", "V_kmh_mean": 55.74529939972499, "V_kmh_std": 0.3474767129625593, "TTT_sec_mean": 132.852, "TTT_sec_std": 24.95573989454552, "flow_mean": 14.7, "flow_std": 2.735728518386974, "n_runs": 20}}, {"type": "Feature", "geometry": {"type": "LineString", "coordinates": [[139.9530022425, 35.8936444497], [139.95299, 35.893649], [139.952928, 35.893691], [139.952903, 35.893774], [139.9529182017, 35.8938356287]]}, "properties": {"link_id": "533967_01413_01414_0", "road_id": "533967_01413_01414", "upnode": "533967_01413", "downnode": "533967_01414", "scenario": "no04", "slot_code": "745", "hhmm": "07:45", "V_kmh_mean": null, "V_kmh_std": null, "TTT_sec_mean": null, "TTT_sec_std": null, "flow_mean": 0.0, "flow_std": 0.0, "n_runs": 20}}, {"type": "Feature", "geometry": {"type": "LineString", "coordinates": [[139.95224975, 35.8966715], [139.95229325, 35.8967005]]}, "properties": {"link_id": "533967_01418_01419_0", "road_id": "533967_01418_01419", "upnode": "533967_01418", "downnode": "533967_01419", "scenario": "no04", "slot_code": "745", "hhmm": "07:45", "V_kmh_mean": null, "V_kmh_std": null, "TTT_sec_mean": null, "TTT_sec_std": null, "flow_mean": 0.0, "flow_std": 0.0, "n_runs": 20}}, {"type": "Feature", "geometry": {"type": "LineString", "coordinates": [[139.95229325, 35.8967005], [139.95224975, 35.8966715]]}, "properties": {"link_id": "533967_01418_01419_1", "road_id": "533967_01418_01419", "upnode": "533967_01419", "downnode": "533967_01418", "scenario": "no04", "slot_code": "745", "hhmm": "07:45", "V_kmh_mean": null, "V_kmh_std": null, "TTT_sec_mean": null, "TTT_sec_std": null, "flow_mean": 0.0, "flow_std": 0.0, "n_runs": 20}}, {"type": "Feature", "geometry": {"type": "LineString", "coordinates": [[139.9529596588, 35.8959895375], [139.952878, 35.896032], [139.9522995576, 35.8965881952]]}, "properties": {"link_id": "533967_01418_01420_1", "road_id": "533967_01418_01420", "upnode": "533967_01420", "downnode": "533967_01418", "scenario": "no04", "slot_code": "745", "hhmm": "07:45", "V_kmh_mean": 41.15204840291504, "V_kmh_std": 1.162099391219767, "TTT_sec_mean": 1103.373, "TTT_sec_std": 64.4519435091391, "flow_mean": 96.0, "flow_std": 5.150370451673716, "n_runs": 20}}, {"type": "Feature", "geometry": {"type": "LineString", "coordinates": [[139.9510699611, 35.8960354051], [139.950953, 35.896007], [139.949799732, 35.8958773378]]}, "properties": {"link_id": "533967_01418_01421_0", "road_id": "I_23_0804143920969", "upnode": "I_22_533967_-00002", "downnode": "533967_01421", "scenario": "no04", "slot_code": "745", "hhmm": "07:45", "V_kmh_mean": 19.142680984489783, "V_kmh_std": 0.614250578646723, "TTT_sec_mean": 551.6475, "TTT_sec_std": 99.52259964846915, "flow_mean": 23.35, "flow_std": 4.19617620421761, "n_runs": 20}}, {"type": "Feature", "geometry": {"type": "LineString", "coordinates": [[139.9510914569, 35.8960396732], [139.951203, 35.896057], [139.951415, 35.896132], [139.951665, 35.896257], [139.9521445578, 35.8965977164]]}, "properties": {"link_id": "533967_01418_01421_1", "road_id": "I_23_0804143920954", "upnode": "I_22_533967_-00002", "downnode": "533967_01418", "scenario": "no04", "slot_code": "745", "hhmm": "07:45", "V_kmh_mean": null, "V_kmh_std": null, "TTT_sec_mean": null, "TTT_sec_std": null, "flow_mean": 0.0, "flow_std": 0.0, "n_runs": 20}}, {"type": "Feature", "geometry": {"type": "LineString", "coordinates": [[139.9523863292, 35.8966460383], [139.952978, 35.896074], [139.9530068035, 35.8960229218]]}, "properties": {"link_id": "533967_01419_01420_0", "road_id": "533967_01419_01420", "upnode": "533967_01419", "downnode": "533967_01420", "scenario": "no04", "slot_code": "745", "hhmm": "07:45", "V_kmh_mean": 11.170699382741422, "V_kmh_std": 0.3438587347032975, "TTT_sec_mean": 2926.327, "TTT_sec_std": 345.34280938007987, "flow_mean": 67.85, "flow_std": 6.753361735968399, "n_runs": 20}}, {"type": "Feature", "geometry": {"type": "LineString", "coordinates": [[139.9513152045, 35.8975764156], [139.95149, 35.897465], [139.951703, 35.897307], [139.9522436933, 35.8967839771]]}, "properties": {"link_id": "533967_01419_01425_1", "road_id": "533967_01419_01425", "upnode": "533967_01425", "downnode": "533967_01419", "scenario": "no04", "slot_code": "745", "hhmm": "07:45", "V_kmh_mean": 22.6320813222655, "V_kmh_std": 1.9133950500771224, "TTT_sec_mean": 1893.574, "TTT_sec_std": 267.90986367963774, "flow_mean": 67.85, "flow_std": 6.753361735968399, "n_runs": 20}}, {"type": "Feature", "geometry": {"type": "LineString", "coordinates": [[139.9524006867, 35.8967721248], [139.952765, 35.897015], [139.952803, 35.89704], [139.952853, 35.897049], [139.95289, 35.89704], [139.953378, 35.89659], [139.95349, 35.896482], [139.9535056411, 35.8964672476]]}, "properties": {"link_id": "533967_01419_01608_0", "road_id": "533967_01419_01608", "upnode": "533967_01419", "downnode": "533967_01608", "scenario": "no04", "slot_code": "745", "hhmm": "07:45", "V_kmh_mean": null, "V_kmh_std": null, "TTT_sec_mean": null, "TTT_sec_std": null, "flow_mean": 0.0, "flow_std": 0.0, "n_runs": 20}}, {"type": "Feature", "geometry": {"type": "LineString", "coordinates": [[139.9535056411, 35.8964672476], [139.95349, 35.896482], [139.953378, 35.89659], [139.95289, 35.89704], [139.952853, 35.897049], [139.952803, 35.89704], [139.952765, 35.897015], [139.9524006867, 35.8967721248]]}, "properties": {"link_id": "533967_01419_01608_1", "road_id": "533967_01419_01608", "upnode": "533967_01608", "downnode": "533967_01419", "scenario": "no04", "slot_code": "745", "hhmm": "07:45", "V_kmh_mean": null, "V_kmh_std": null, "TTT_sec_mean": null, "TTT_sec_std": null, "flow_mean": 0.0, "flow_std": 0.0, "n_runs": 20}}, {"type": "Feature", "geometry": {"type": "LineString", "coordinates": [[139.9531263873, 35.8958734837], [139.953153, 35.895849], [139.95329, 35.895741], [139.95344, 35.895591], [139.953603, 35.895449], [139.95379, 35.895341], [139.953915, 35.895274], [139.95404, 35.895224], [139.954178, 35.895174], [139.954315, 35.895141], [139.954578, 35.895082], [139.9547305303, 35.8950627882]]}, "properties": {"link_id": "533967_01420_01654_0", "road_id": "533967_01420_01654", "upnode": "533967_01420", "downnode": "533967_01654", "scenario": "no04", "slot_code": "745", "hhmm": "07:45", "V_kmh_mean": 13.531530222773355, "V_kmh_std": 1.1136939063384244, "TTT_sec_mean": 3703.316, "TTT_sec_std": 634.3915495670677, "flow_mean": 61.6, "flow_std": 6.793185439913488, "n_runs": 20}}, {"type": "Feature", "geometry": {"type": "LineString", "coordinates": [[139.9547305303, 35.8950627882], [139.954578, 35.895082], [139.954315, 35.895141], [139.954178, 35.895174], [139.95404, 35.895224], [139.953915, 35.895274], [139.95379, 35.895341], [139.953603, 35.895449], [139.95344, 35.895591], [139.95329, 35.895741], [139.953153, 35.895849], [139.9531263873, 35.8958734837]]}, "properties": {"link_id": "533967_01420_01654_1", "road_id": "533967_01420_01654", "upnode": "533967_01654", "downnode": "533967_01420", "scenario": "no04", "slot_code": "745", "hhmm": "07:45", "V_kmh_mean": 23.595124616018307, "V_kmh_std": 1.2298161170679294, "TTT_sec_mean": 3337.7335, "TTT_sec_std": 274.2746087078461, "flow_mean": 95.95, "flow_std": 5.23626021628333, "n_runs": 20}}, {"type": "Feature", "geometry": {"type": "LineString", "coordinates": [[139.9515005552, 35.8980446072], [139.9512804442, 35.897711393]]}, "properties": {"link_id": "533967_01424_01425_0", "road_id": "533967_01424_01425", "upnode": "533967_01424", "downnode": "533967_01425", "scenario": "no04", "slot_code": "745", "hhmm": "07:45", "V_kmh_mean": null, "V_kmh_std": null, "TTT_sec_mean": null, "TTT_sec_std": null, "flow_mean": 0.0, "flow_std": 0.0, "n_runs": 20}}, {"type": "Feature", "geometry": {"type": "LineString", "coordinates": [[139.9512804442, 35.897711393], [139.9515005552, 35.8980446072]]}, "properties": {"link_id": "533967_01424_01425_1", "road_id": "533967_01424_01425", "upnode": "533967_01425", "downnode": "533967_01424", "scenario": "no04", "slot_code": "745", "hhmm": "07:45", "V_kmh_mean": null, "V_kmh_std": null, "TTT_sec_mean": null, "TTT_sec_std": null, "flow_mean": 0.0, "flow_std": 0.0, "n_runs": 20}}, {"type": "Feature", "geometry": {"type": "LineString", "coordinates": [[139.9516094145, 35.8982015702], [139.951753, 35.898399], [139.951965, 35.898707], [139.952103, 35.898857], [139.952178, 35.898932], [139.952253101, 35.8989985896]]}, "properties": {"link_id": "533967_01424_01604_0", "road_id": "533967_01424_01604", "upnode": "533967_01424", "downnode": "533967_01604", "scenario": "no04", "slot_code": "745", "hhmm": "07:45", "V_kmh_mean": null, "V_kmh_std": null, "TTT_sec_mean": null, "TTT_sec_std": null, "flow_mean": 0.0, "flow_std": 0.0, "n_runs": 20}}, {"type": "Feature", "geometry": {"type": "LineString", "coordinates": [[139.952253101, 35.8989985896], [139.952178, 35.898932], [139.952103, 35.898857], [139.951965, 35.898707], [139.951753, 35.898399], [139.9516094145, 35.8982015702]]}, "properties": {"link_id": "533967_01424_01604_1", "road_id": "533967_01424_01604", "upnode": "533967_01604", "downnode": "533967_01424", "scenario": "no04", "slot_code": "745", "hhmm": "07:45", "V_kmh_mean": null, "V_kmh_std": null, "TTT_sec_mean": null, "TTT_sec_std": null, "flow_mean": 0.0, "flow_std": 0.0, "n_runs": 20}}, {"type": "Feature", "geometry": {"type": "LineString", "coordinates": [[139.951453357, 35.898163384], [139.95109, 35.898307], [139.950953, 35.898349], [139.95049, 35.898449], [139.950465, 35.898474], [139.95044, 35.898507], [139.95044, 35.898549], [139.950453, 35.898624], [139.95061388, 35.8996426016]]}, "properties": {"link_id": "533967_01424_01605_0", "road_id": "533967_01424_01605", "upnode": "533967_01424", "downnode": "533967_01605", "scenario": "no04", "slot_code": "745", "hhmm": "07:45", "V_kmh_mean": null, "V_kmh_std": null, "TTT_sec_mean": null, "TTT_sec_std": null, "flow_mean": 0.0, "flow_std": 0.0, "n_runs": 20}}, {"type": "Feature", "geometry": {"type": "LineString", "coordinates": [[139.95061388, 35.8996426016], [139.950453, 35.898624], [139.95044, 35.898549], [139.95044, 35.898507], [139.950465, 35.898474], [139.95049, 35.898449], [139.950953, 35.898349], [139.95109, 35.898307], [139.951453357, 35.898163384]]}, "properties": {"link_id": "533967_01424_01605_1", "road_id": "533967_01424_01605", "upnode": "533967_01605", "downnode": "533967_01424", "scenario": "no04", "slot_code": "745", "hhmm": "07:45", "V_kmh_mean": null, "V_kmh_std": null, "TTT_sec_mean": null, "TTT_sec_std": null, "flow_mean": 0.0, "flow_std": 0.0, "n_runs": 20}}, {"type": "Feature", "geometry": {"type": "LineString", "coordinates": [[139.9457391605, 35.8912907629], [139.945916, 35.891366], [139.946353, 35.891524], [139.9465156467, 35.8915858429]]}, "properties": {"link_id": "533967_01530_13891_0", "road_id": "533967_01530_13891", "upnode": "533967_01530", "downnode": "533967_13891", "scenario": "no04", "slot_code": "745", "hhmm": "07:45", "V_kmh_mean": 49.22107153220095, "V_kmh_std": 0.4034304125532642, "TTT_sec_mean": 339.73850000000004, "TTT_sec_std": 51.79544211557006, "flow_mean": 39.35, "flow_std": 5.914077763225107, "n_runs": 20}}, {"type": "Feature", "geometry": {"type": "LineString", "coordinates": [[139.9465156467, 35.8915858429], [139.946353, 35.891524], [139.945916, 35.891366], [139.9457391605, 35.8912907629]]}, "properties": {"link_id": "533967_01530_13891_1", "road_id": "533967_01530_13891", "upnode": "533967_13891", "downnode": "533967_01530", "scenario": "no04", "slot_code": "745", "hhmm": "07:45", "V_kmh_mean": 49.48933585598839, "V_kmh_std": 0.4593968945399139, "TTT_sec_mean": 416.9325, "TTT_sec_std": 43.73311317706406, "flow_mean": 48.75, "flow_std": 4.821825380496482, "n_runs": 20}}, {"type": "Feature", "geometry": {"type": "LineString", "coordinates": [[139.947040508, 35.8982715572], [139.947078, 35.89854], [139.9472946716, 35.8994843969]]}, "properties": {"link_id": "533967_01555_01556_0", "road_id": "533967_01555_01556", "upnode": "533967_01555", "downnode": "533967_01556", "scenario": "no04", "slot_code": "745", "hhmm": "07:45", "V_kmh_mean": null, "V_kmh_std": null, "TTT_sec_mean": null, "TTT_sec_std": null, "flow_mean": 0.0, "flow_std": 0.0, "n_runs": 20}}, {"type": "Feature", "geometry": {"type": "LineString", "coordinates": [[139.9472946716, 35.8994843969], [139.947078, 35.89854], [139.947040508, 35.8982715572]]}, "properties": {"link_id": "533967_01555_01556_1", "road_id": "533967_01555_01556", "upnode": "533967_01556", "downnode": "533967_01555", "scenario": "no04", "slot_code": "745", "hhmm": "07:45", "V_kmh_mean": null, "V_kmh_std": null, "TTT_sec_mean": null, "TTT_sec_std": null, "flow_mean": 0.0, "flow_std": 0.0, "n_runs": 20}}, {"type": "Feature", "geometry": {"type": "LineString", "coordinates": [[139.9470369138, 35.8980921586], [139.947066, 35.897799], [139.947091, 35.897632], [139.947203, 35.897382], [139.947291, 35.897307], [139.948703, 35.896807], [139.94894, 35.89674], [139.94919, 35.896674], [139.9492942963, 35.8966573518]]}, "properties": {"link_id": "533967_01555_13718_0", "road_id": "533967_01555_13718", "upnode": "533967_01555", "downnode": "533967_13718", "scenario": "no04", "slot_code": "745", "hhmm": "07:45", "V_kmh_mean": null, "V_kmh_std": null, "TTT_sec_mean": null, "TTT_sec_std": null, "flow_mean": 0.0, "flow_std": 0.0, "n_runs": 20}}, {"type": "Feature", "geometry": {"type": "LineString", "coordinates": [[139.9492942963, 35.8966573518], [139.94919, 35.896674], [139.94894, 35.89674], [139.948703, 35.896807], [139.947291, 35.897307], [139.947203, 35.897382], [139.947091, 35.897632], [139.947066, 35.897799], [139.9470369138, 35.8980921586]]}, "properties": {"link_id": "533967_01555_13718_1", "road_id": "533967_01555_13718", "upnode": "533967_13718", "downnode": "533967_01555", "scenario": "no04", "slot_code": "745", "hhmm": "07:45", "V_kmh_mean": null, "V_kmh_std": null, "TTT_sec_mean": null, "TTT_sec_std": null, "flow_mean": 0.0, "flow_std": 0.0, "n_runs": 20}}, {"type": "Feature", "geometry": {"type": "LineString", "coordinates": [[139.9469173043, 35.8981785288], [139.946741, 35.898173], [139.946566, 35.898165], [139.946416, 35.89814], [139.946278, 35.898107], [139.946153, 35.898065], [139.946053, 35.898023], [139.9459496865, 35.8979759924]]}, "properties": {"link_id": "533967_01555_14156_0", "road_id": "533967_01555_14156", "upnode": "533967_01555", "downnode": "533967_14156", "scenario": "no04", "slot_code": "745", "hhmm": "07:45", "V_kmh_mean": 49.73469777950588, "V_kmh_std": 0.3324002724853102, "TTT_sec_mean": 447.6365, "TTT_sec_std": 38.7335694571871, "flow_mean": 42.3, "flow_std": 3.672085310326517, "n_runs": 20}}, {"type": "Feature", "geometry": {"type": "LineString", "coordinates": [[139.9459496865, 35.8979759924], [139.946053, 35.898023], [139.946153, 35.898065], [139.946278, 35.898107], [139.946416, 35.89814], [139.946566, 35.898165], [139.946741, 35.898173], [139.9469173043, 35.8981785288]]}, "properties": {"link_id": "533967_01555_14156_1", "road_id": "533967_01555_14156", "upnode": "533967_14156", "downnode": "533967_01555", "scenario": "no04", "slot_code": "745", "hhmm": "07:45", "V_kmh_mean": 49.43350965883389, "V_kmh_std": 0.213763452723835, "TTT_sec_mean": 563.02, "TTT_sec_std": 74.98053782570234, "flow_mean": 52.85, "flow_std": 7.08798093142261, "n_runs": 20}}, {"type": "Feature", "geometry": {"type": "LineString", "coordinates": [[139.9473331774, 35.8996619119], [139.947453, 35.900248], [139.947515, 35.900548], [139.94754, 35.900715], [139.9475483172, 35.900874947]]}, "properties": {"link_id": "533967_01556_01656_0", "road_id": "533967_01556_01656", "upnode": "533967_01556", "downnode": "533967_01656", "scenario": "no04", "slot_code": "745", "hhmm": "07:45", "V_kmh_mean": null, "V_kmh_std": null, "TTT_sec_mean": null, "TTT_sec_std": null, "flow_mean": 0.0, "flow_std": 0.0, "n_runs": 20}}, {"type": "Feature", "geometry": {"type": "LineString", "coordinates": [[139.9475483172, 35.900874947], [139.94754, 35.900715], [139.947515, 35.900548], [139.947453, 35.900248], [139.9473331774, 35.8996619119]]}, "properties": {"link_id": "533967_01556_01656_1", "road_id": "533967_01556_01656", "upnode": "533967_01656", "downnode": "533967_01556", "scenario": "no04", "slot_code": "745", "hhmm": "07:45", "V_kmh_mean": null, "V_kmh_std": null, "TTT_sec_mean": null, "TTT_sec_std": null, "flow_mean": 0.0, "flow_std": 0.0, "n_runs": 20}}, {"type": "Feature", "geometry": {"type": "LineString", "coordinates": [[139.9474239703, 35.8995892246], [139.9476560296, 35.8996237757]]}, "properties": {"link_id": "533967_01556_88302_0", "road_id": "533967_01556_88302", "upnode": "533967_01556", "downnode": "533967_88302", "scenario": "no04", "slot_code": "745", "hhmm": "07:45", "V_kmh_mean": null, "V_kmh_std": null, "TTT_sec_mean": null, "TTT_sec_std": null, "flow_mean": 0.0, "flow_std": 0.0, "n_runs": 20}}, {"type": "Feature", "geometry": {"type": "LineString", "coordinates": [[139.9476560296, 35.8996237757], [139.9474239703, 35.8995892246]]}, "properties": {"link_id": "533967_01556_88302_1", "road_id": "533967_01556_88302", "upnode": "533967_88302", "downnode": "533967_01556", "scenario": "no04", "slot_code": "745", "hhmm": "07:45", "V_kmh_mean": null, "V_kmh_std": null, "TTT_sec_mean": null, "TTT_sec_std": null, "flow_mean": 0.0, "flow_std": 0.0, "n_runs": 20}}, {"type": "Feature", "geometry": {"type": "LineString", "coordinates": [[139.9548840221, 35.8963114986], [139.955002, 35.896432], [139.955015, 35.896457], [139.955027, 35.896482], [139.95504, 35.896507], [139.95504, 35.896532], [139.955027, 35.896557], [139.955002, 35.896582], [139.954927, 35.896674], [139.95474, 35.896932], [139.9544995374, 35.897238991]]}, "properties": {"link_id": "533967_01602_01603_0", "road_id": "533967_01602_01603", "upnode": "533967_01602", "downnode": "533967_01603", "scenario": "no04", "slot_code": "745", "hhmm": "07:45", "V_kmh_mean": null, "V_kmh_std": null, "TTT_sec_mean": null, "TTT_sec_std": null, "flow_mean": 0.0, "flow_std": 0.0, "n_runs": 20}}, {"type": "Feature", "geometry": {"type": "LineString", "coordinates": [[139.9544995374, 35.897238991], [139.95474, 35.896932], [139.954927, 35.896674], [139.955002, 35.896582], [139.955027, 35.896557], [139.95504, 35.896532], [139.95504, 35.896507], [139.955027, 35.896482], [139.955015, 35.896457], [139.955002, 35.896432], [139.9548840221, 35.8963114986]]}, "properties": {"link_id": "533967_01602_01603_1", "road_id": "533967_01602_01603", "upnode": "533967_01603", "downnode": "533967_01602", "scenario": "no04", "slot_code": "745", "hhmm": "07:45", "V_kmh_mean": null, "V_kmh_std": null, "TTT_sec_mean": null, "TTT_sec_std": null, "flow_mean": 0.0, "flow_std": 0.0, "n_runs": 20}}, {"type": "Feature", "geometry": {"type": "LineString", "coordinates": [[139.9547493157, 35.896168421], [139.954453, 35.895841], [139.954403, 35.895807], [139.954365, 35.895799], [139.954328, 35.895799], [139.95429, 35.895807], [139.95424, 35.895832], [139.954165, 35.895866], [139.954103, 35.895907], [139.953965, 35.896016], [139.953648351, 35.8963293765]]}, "properties": {"link_id": "533967_01602_01608_0", "road_id": "533967_01602_01608", "upnode": "533967_01602", "downnode": "533967_01608", "scenario": "no04", "slot_code": "745", "hhmm": "07:45", "V_kmh_mean": null, "V_kmh_std": null, "TTT_sec_mean": null, "TTT_sec_std": null, "flow_mean": 0.0, "flow_std": 0.0, "n_runs": 20}}, {"type": "Feature", "geometry": {"type": "LineString", "coordinates": [[139.953648351, 35.8963293765], [139.953965, 35.896016], [139.954103, 35.895907], [139.954165, 35.895866], [139.95424, 35.895832], [139.95429, 35.895807], [139.954328, 35.895799], [139.954365, 35.895799], [139.954403, 35.895807], [139.954453, 35.895841], [139.9547493157, 35.896168421]]}, "properties": {"link_id": "533967_01602_01608_1", "road_id": "533967_01602_01608", "upnode": "533967_01608", "downnode": "533967_01602", "scenario": "no04", "slot_code": "745", "hhmm": "07:45", "V_kmh_mean": null, "V_kmh_std": null, "TTT_sec_mean": null, "TTT_sec_std": null, "flow_mean": 0.0, "flow_std": 0.0, "n_runs": 20}}, {"type": "Feature", "geometry": {"type": "LineString", "coordinates": [[139.9543797007, 35.8973906104], [139.953928, 35.897957], [139.953815, 35.89809], [139.9528751626, 35.8992723168]]}, "properties": {"link_id": "533967_01603_01606_0", "road_id": "533967_01603_01606", "upnode": "533967_01603", "downnode": "533967_01606", "scenario": "no04", "slot_code": "745", "hhmm": "07:45", "V_kmh_mean": null, "V_kmh_std": null, "TTT_sec_mean": null, "TTT_sec_std": null, "flow_mean": 0.0, "flow_std": 0.0, "n_runs": 20}}, {"type": "Feature", "geometry": {"type": "LineString", "coordinates": [[139.9528751626, 35.8992723168], [139.953815, 35.89809], [139.953928, 35.897957], [139.9543797007, 35.8973906104]]}, "properties": {"link_id": "533967_01603_01606_1", "road_id": "533967_01603_01606", "upnode": "533967_01606", "downnode": "533967_01603", "scenario": "no04", "slot_code": "745", "hhmm": "07:45", "V_kmh_mean": null, "V_kmh_std": null, "TTT_sec_mean": null, "TTT_sec_std": null, "flow_mean": 0.0, "flow_std": 0.0, "n_runs": 20}}, {"type": "Feature", "geometry": {"type": "LineString", "coordinates": [[139.9543461083, 35.8972671685], [139.954228, 35.897207], [139.954153, 35.89714], [139.954065, 35.897015], [139.953978, 35.896874], [139.953865, 35.896657], [139.953765, 35.896549], [139.9536568865, 35.8964622781]]}, "properties": {"link_id": "533967_01603_01608_0", "road_id": "533967_01603_01608", "upnode": "533967_01603", "downnode": "533967_01608", "scenario": "no04", "slot_code": "745", "hhmm": "07:45", "V_kmh_mean": null, "V_kmh_std": null, "TTT_sec_mean": null, "TTT_sec_std": null, "flow_mean": 0.0, "flow_std": 0.0, "n_runs": 20}}, {"type": "Feature", "geometry": {"type": "LineString", "coordinates": [[139.9536568865, 35.8964622781], [139.953765, 35.896549], [139.953865, 35.896657], [139.953978, 35.896874], [139.954065, 35.897015], [139.954153, 35.89714], [139.954228, 35.897207], [139.9543461083, 35.8972671685]]}, "properties": {"link_id": "533967_01603_01608_1", "road_id": "533967_01603_01608", "upnode": "533967_01608", "downnode": "533967_01603", "scenario": "no04", "slot_code": "745", "hhmm": "07:45", "V_kmh_mean": null, "V_kmh_std": null, "TTT_sec_mean": null, "TTT_sec_std": null, "flow_mean": 0.0, "flow_std": 0.0, "n_runs": 20}}, {"type": "Feature", "geometry": {"type": "LineString", "coordinates": [[139.9522512957, 35.899130032], [139.95219, 35.899182], [139.952065, 35.899273], [139.951865, 35.899398], [139.951753, 35.899457], [139.951503, 35.899565], [139.951428, 35.89959], [139.951165, 35.899665], [139.950915, 35.899707], [139.9507381506, 35.8997224051]]}, "properties": {"link_id": "533967_01604_01605_0", "road_id": "533967_01604_01605", "upnode": "533967_01604", "downnode": "533967_01605", "scenario": "no04", "slot_code": "745", "hhmm": "07:45", "V_kmh_mean": null, "V_kmh_std": null, "TTT_sec_mean": null, "TTT_sec_std": null, "flow_mean": 0.0, "flow_std": 0.0, "n_runs": 20}}, {"type": "Feature", "geometry": {"type": "LineString", "coordinates": [[139.9507381506, 35.8997224051], [139.950915, 35.899707], [139.951165, 35.899665], [139.951428, 35.89959], [139.951503, 35.899565], [139.951753, 35.899457], [139.951865, 35.899398], [139.952065, 35.899273], [139.95219, 35.899182], [139.9522512957, 35.899130032]]}, "properties": {"link_id": "533967_01604_01605_1", "road_id": "533967_01604_01605", "upnode": "533967_01605", "downnode": "533967_01604", "scenario": "no04", "slot_code": "745", "hhmm": "07:45", "V_kmh_mean": null, "V_kmh_std": null, "TTT_sec_mean": null, "TTT_sec_std": null, "flow_mean": 0.0, "flow_std": 0.0, "n_runs": 20}}, {"type": "Feature", "geometry": {"type": "LineString", "coordinates": [[139.9524136884, 35.8991221256], [139.95249, 35.899173], [139.952765, 35.899315], [139.95279, 35.8993315]]}, "properties": {"link_id": "533967_01604_01606_0", "road_id": "533967_01604_01606", "upnode": "533967_01604", "downnode": "533967_01606", "scenario": "no04", "slot_code": "745", "hhmm": "07:45", "V_kmh_mean": null, "V_kmh_std": null, "TTT_sec_mean": null, "TTT_sec_std": null, "flow_mean": 0.0, "flow_std": 0.0, "n_runs": 20}}, {"type": "Feature", "geometry": {"type": "LineString", "coordinates": [[139.95279, 35.8993315], [139.952765, 35.899315], [139.95249, 35.899173], [139.9524136884, 35.8991221256]]}, "properties": {"link_id": "533967_01604_01606_1", "road_id": "533967_01604_01606", "upnode": "533967_01606", "downnode": "533967_01604", "scenario": "no04", "slot_code": "745", "hhmm": "07:45", "V_kmh_mean": null, "V_kmh_std": null, "TTT_sec_mean": null, "TTT_sec_std": null, "flow_mean": 0.0, "flow_std": 0.0, "n_runs": 20}}, {"type": "Feature", "geometry": {"type": "LineString", "coordinates": [[139.9506421272, 35.8998213977], [139.9507388726, 35.9004336023]]}, "properties": {"link_id": "533967_01605_01607_0", "road_id": "533967_01605_01607", "upnode": "533967_01605", "downnode": "533967_01607", "scenario": "no04", "slot_code": "745", "hhmm": "07:45", "V_kmh_mean": null, "V_kmh_std": null, "TTT_sec_mean": null, "TTT_sec_std": null, "flow_mean": 0.0, "flow_std": 0.0, "n_runs": 20}}, {"type": "Feature", "geometry": {"type": "LineString", "coordinates": [[139.9507388726, 35.9004336023], [139.9506421272, 35.8998213977]]}, "properties": {"link_id": "533967_01605_01607_1", "road_id": "533967_01605_01607", "upnode": "533967_01607", "downnode": "533967_01605", "scenario": "no04", "slot_code": "745", "hhmm": "07:45", "V_kmh_mean": null, "V_kmh_std": null, "TTT_sec_mean": null, "TTT_sec_std": null, "flow_mean": 0.0, "flow_std": 0.0, "n_runs": 20}}, {"type": "Feature", "geometry": {"type": "LineString", "coordinates": [[139.9527565808, 35.899424582], [139.952503, 35.899757], [139.952228, 35.90009], [139.952065, 35.900298], [139.951828, 35.900582], [139.951465, 35.900982], [139.951365, 35.901082], [139.951315, 35.901115], [139.951278, 35.901123], [139.951028, 35.901132], [139.95099, 35.901123], [139.950965, 35.901098], [139.950903, 35.900957], [139.9507829889, 35.9006097682]]}, "properties": {"link_id": "533967_01606_01607_0", "road_id": "533967_01606_01607", "upnode": "533967_01606", "downnode": "533967_01607", "scenario": "no04", "slot_code": "745", "hhmm": "07:45", "V_kmh_mean": null, "V_kmh_std": null, "TTT_sec_mean": null, "TTT_sec_std": null, "flow_mean": 0.0, "flow_std": 0.0, "n_runs": 20}}, {"type": "Feature", "geometry": {"type": "LineString", "coordinates": [[139.9507829889, 35.9006097682], [139.950903, 35.900957], [139.950965, 35.901098], [139.95099, 35.901123], [139.951028, 35.901132], [139.951278, 35.901123], [139.951315, 35.901115], [139.951365, 35.901082], [139.951465, 35.900982], [139.951828, 35.900582], [139.952065, 35.900298], [139.952228, 35.90009], [139.952503, 35.899757], [139.9527565808, 35.899424582]]}, "properties": {"link_id": "533967_01606_01607_1", "road_id": "533967_01606_01607", "upnode": "533967_01607", "downnode": "533967_01606", "scenario": "no04", "slot_code": "745", "hhmm": "07:45", "V_kmh_mean": null, "V_kmh_std": null, "TTT_sec_mean": null, "TTT_sec_std": null, "flow_mean": 0.0, "flow_std": 0.0, "n_runs": 20}}, {"type": "Feature", "geometry": {"type": "LineString", "coordinates": [[139.9529087545, 35.8993960124], [139.953352, 35.899623], [139.9533545067, 35.8996246806]]}, "properties": {"link_id": "533967_01606_01609_0", "road_id": "533967_01606_01609", "upnode": "533967_01606", "downnode": "533967_01609", "scenario": "no04", "slot_code": "745", "hhmm": "07:45", "V_kmh_mean": null, "V_kmh_std": null, "TTT_sec_mean": null, "TTT_sec_std": null, "flow_mean": 0.0, "flow_std": 0.0, "n_runs": 20}}, {"type": "Feature", "geometry": {"type": "LineString", "coordinates": [[139.9533545067, 35.8996246806], [139.953352, 35.899623], [139.9529087545, 35.8993960124]]}, "properties": {"link_id": "533967_01606_01609_1", "road_id": "533967_01606_01609", "upnode": "533967_01609", "downnode": "533967_01606", "scenario": "no04", "slot_code": "745", "hhmm": "07:45", "V_kmh_mean": null, "V_kmh_std": null, "TTT_sec_mean": null, "TTT_sec_std": null, "flow_mean": 0.0, "flow_std": 0.0, "n_runs": 20}}, {"type": "Feature", "geometry": {"type": "LineString", "coordinates": [[139.9548671711, 35.8951363801], [139.954928, 35.895332], [139.954965, 35.895441], [139.955028, 35.895574], [139.955103, 35.895691], [139.955178, 35.895782], [139.955277, 35.895882], [139.955377, 35.895974], [139.955452, 35.896032], [139.955552, 35.896099], [139.955627, 35.896149], [139.955702, 35.896191], [139.9559576202, 35.8963188103]]}, "properties": {"link_id": "533967_01654_01655_0", "road_id": "533967_01654_01655", "upnode": "533967_01654", "downnode": "533967_01655", "scenario": "no04", "slot_code": "745", "hhmm": "07:45", "V_kmh_mean": 44.94905210894716, "V_kmh_std": 0.225344954182806, "TTT_sec_mean": 1306.2955, "TTT_sec_std": 65.2535277106472, "flow_mean": 83.9, "flow_std": 4.216508907665324, "n_runs": 20}}, {"type": "Feature", "geometry": {"type": "LineString", "coordinates": [[139.9547637648, 35.8944137071], [139.9548292351, 35.894959293]]}, "properties": {"link_id": "533967_01654_01658_1", "road_id": "533967_01654_01658", "upnode": "533967_01658", "downnode": "533967_01654", "scenario": "no04", "slot_code": "745", "hhmm": "07:45", "V_kmh_mean": 15.500379069989773, "V_kmh_std": 4.4347795444410645, "TTT_sec_mean": 3653.51, "TTT_sec_std": 1401.4075025675547, "flow_mean": 134.9, "flow_std": 4.399760759046119, "n_runs": 20}}, {"type": "Feature", "geometry": {"type": "LineString", "coordinates": [[139.95488075, 35.89504475], [139.95496225, 35.89503625]]}, "properties": {"link_id": "533967_01654_01661_0", "road_id": "533967_01654_01661", "upnode": "533967_01654", "downnode": "533967_01661", "scenario": "no04", "slot_code": "745", "hhmm": "07:45", "V_kmh_mean": 27.986037665435664, "V_kmh_std": 1.490897209952319, "TTT_sec_mean": 702.9784999999999, "TTT_sec_std": 78.16996833991399, "flow_mean": 118.0, "flow_std": 7.953814047030321, "n_runs": 20}}, {"type": "Feature", "geometry": {"type": "LineString", "coordinates": [[139.95496225, 35.89503625], [139.95488075, 35.89504475]]}, "properties": {"link_id": "533967_01654_01661_1", "road_id": "533967_01654_01661", "upnode": "533967_01661", "downnode": "533967_01654", "scenario": "no04", "slot_code": "745", "hhmm": "07:45", "V_kmh_mean": 10.1392375630836, "V_kmh_std": 0.829820766562868, "TTT_sec_mean": 1698.888, "TTT_sec_std": 162.0917046677752, "flow_mean": 103.3, "flow_std": 4.0405835951597, "n_runs": 20}}, {"type": "Feature", "geometry": {"type": "LineString", "coordinates": [[139.9476637818, 35.9009650002], [139.9478922182, 35.9009650002]]}, "properties": {"link_id": "533967_01656_87767_0", "road_id": "533967_01656_87767", "upnode": "533967_01656", "downnode": "533967_87767", "scenario": "no04", "slot_code": "745", "hhmm": "07:45", "V_kmh_mean": null, "V_kmh_std": null, "TTT_sec_mean": null, "TTT_sec_std": null, "flow_mean": 0.0, "flow_std": 0.0, "n_runs": 20}}, {"type": "Feature", "geometry": {"type": "LineString", "coordinates": [[139.9478922182, 35.9009650002], [139.9476637818, 35.9009650002]]}, "properties": {"link_id": "533967_01656_87767_1", "road_id": "533967_01656_87767", "upnode": "533967_87767", "downnode": "533967_01656", "scenario": "no04", "slot_code": "745", "hhmm": "07:45", "V_kmh_mean": null, "V_kmh_std": null, "TTT_sec_mean": null, "TTT_sec_std": null, "flow_mean": 0.0, "flow_std": 0.0, "n_runs": 20}}, {"type": "Feature", "geometry": {"type": "LineString", "coordinates": [[139.9547905, 35.89431975], [139.9548655, 35.89431125]]}, "properties": {"link_id": "533967_01658_01659_0", "road_id": "533967_01658_01659", "upnode": "533967_01658", "downnode": "533967_01659", "scenario": "no04", "slot_code": "745", "hhmm": "07:45", "V_kmh_mean": null, "V_kmh_std": null, "TTT_sec_mean": null, "TTT_sec_std": null, "flow_mean": 0.0, "flow_std": 0.0, "n_runs": 20}}, {"type": "Feature", "geometry": {"type": "LineString", "coordinates": [[139.9548655, 35.89431125], [139.9547905, 35.89431975]]}, "properties": {"link_id": "533967_01658_01659_1", "road_id": "533967_01658_01659", "upnode": "533967_01659", "downnode": "533967_01658", "scenario": "no04", "slot_code": "745", "hhmm": "07:45", "V_kmh_mean": null, "V_kmh_std": null, "TTT_sec_mean": null, "TTT_sec_std": null, "flow_mean": 0.0, "flow_std": 0.0, "n_runs": 20}}, {"type": "Feature", "geometry": {"type": "LineString", "coordinates": [[139.9549913147, 35.8949423692], [139.954915, 35.894357], [139.954909, 35.894332]]}, "properties": {"link_id": "533967_01659_01661_1", "road_id": "533967_01659_01661", "upnode": "533967_01661", "downnode": "533967_01659", "scenario": "no04", "slot_code": "745", "hhmm": "07:45", "V_kmh_mean": 41.09636189355577, "V_kmh_std": 0.8854738335890271, "TTT_sec_mean": 843.5530000000001, "TTT_sec_std": 47.06381514273435, "flow_mean": 98.4, "flow_std": 4.661149621013435, "n_runs": 20}}, {"type": "Feature", "geometry": {"type": "LineString", "coordinates": [[139.9551413903, 35.8950037903], [139.9551910741, 35.8949878431], [139.9552354986, 35.8949470596], [139.9552539231, 35.8948739986], [139.9552789231, 35.8948319986], [139.9553039231, 35.8947739986], [139.9553289231, 35.8946489986], [139.955375914, 35.8944943976]]}, "properties": {"link_id": "533967_01661_13315_0", "road_id": "533967_01661_13315", "upnode": "533967_01661", "downnode": "533967_13315", "scenario": "no04", "slot_code": "745", "hhmm": "07:45", "V_kmh_mean": 17.551497734795845, "V_kmh_std": 0.1621694584501123, "TTT_sec_mean": 1281.4445, "TTT_sec_std": 86.9856649094369, "flow_mean": 93.65, "flow_std": 6.132527597723644, "n_runs": 20}}, {"type": "Feature", "geometry": {"type": "LineString", "coordinates": [[139.955375914, 35.8944943976], [139.9553289231, 35.8946489986], [139.9553039231, 35.8947739986], [139.9552789231, 35.8948319986], [139.9552539231, 35.8948739986], [139.9552354986, 35.8949470596], [139.9551910741, 35.8949878431], [139.9551413903, 35.8950037903]]}, "properties": {"link_id": "533967_01661_13315_1", "road_id": "533967_01661_13315", "upnode": "533967_13315", "downnode": "533967_01661", "scenario": "no04", "slot_code": "745", "hhmm": "07:45", "V_kmh_mean": 4.3131081216503135, "V_kmh_std": 0.60655553910027, "TTT_sec_mean": 3841.645, "TTT_sec_std": 591.8441902668571, "flow_mean": 54.95, "flow_std": 3.0170567742333527, "n_runs": 20}}, {"type": "Feature", "geometry": {"type": "LineString", "coordinates": [[139.9422413516, 35.8899711566], [139.9423036483, 35.8899948436]]}, "properties": {"link_id": "533967_10598_11494_0", "road_id": "533967_10598_11494", "upnode": "533967_10598", "downnode": "533967_11494", "scenario": "no04", "slot_code": "745", "hhmm": "07:45", "V_kmh_mean": 57.35999999999999, "V_kmh_std": 6.099263851517038e-15, "TTT_sec_mean": 81.3, "TTT_sec_std": 3.757098544579875, "flow_mean": 27.1, "flow_std": 1.2523661815266252, "n_runs": 20}}, {"type": "Feature", "geometry": {"type": "LineString", "coordinates": [[139.9423036483, 35.8899948436], [139.9422413516, 35.8899711566]]}, "properties": {"link_id": "533967_10598_11494_1", "road_id": "533967_10598_11494", "upnode": "533967_11494", "downnode": "533967_10598", "scenario": "no04", "slot_code": "745", "hhmm": "07:45", "V_kmh_mean": 49.171435160531146, "V_kmh_std": 0.4600861365140453, "TTT_sec_mean": 176.3625, "TTT_sec_std": 18.733018661120653, "flow_mean": 56.8, "flow_std": 5.9080676331517, "n_runs": 20}}, {"type": "Feature", "geometry": {"type": "LineString", "coordinates": [[139.94209425, 35.88991425], [139.94200075, 35.88987675]]}, "properties": {"link_id": "533967_10598_13108_0", "road_id": "533967_10598_13108", "upnode": "533967_10598", "downnode": "533967_13108", "scenario": "no04", "slot_code": "745", "hhmm": "07:45", "V_kmh_mean": 50.433886067719634, "V_kmh_std": 0.4063599551104939, "TTT_sec_mean": 169.995, "TTT_sec_std": 18.373669232154803, "flow_mean": 55.9, "flow_std": 6.0166435825965285, "n_runs": 20}}, {"type": "Feature", "geometry": {"type": "LineString", "coordinates": [[139.94200075, 35.88987675], [139.94209425, 35.88991425]]}, "properties": {"link_id": "533967_10598_13108_1", "road_id": "533967_10598_13108", "upnode": "533967_13108", "downnode": "533967_10598", "scenario": "no04", "slot_code": "745", "hhmm": "07:45", "V_kmh_mean": 51.120000000000005, "V_kmh_std": 3.992905469012103e-15, "TTT_sec_mean": 81.0, "TTT_sec_std": 3.76968517462526, "flow_mean": 27.0, "flow_std": 1.2565617248750869, "n_runs": 20}}, {"type": "Feature", "geometry": {"type": "LineString", "coordinates": [[139.9411053257, 35.8921527359], [139.940979, 35.892157], [139.940591, 35.892182], [139.9401246885, 35.8922566101]]}, "properties": {"link_id": "533967_11501_11503_0", "road_id": "533967_11501_11503", "upnode": "533967_11501", "downnode": "533967_11503", "scenario": "no04", "slot_code": "745", "hhmm": "07:45", "V_kmh_mean": 29.64928391754188, "V_kmh_std": 0.2712430237532917, "TTT_sec_mean": 206.01, "TTT_sec_std": 28.86020644052072, "flow_mean": 12.4, "flow_std": 1.729009451741235, "n_runs": 20}}, {"type": "Feature", "geometry": {"type": "LineString", "coordinates": [[139.9401246885, 35.8922566101], [139.940591, 35.892182], [139.940979, 35.892157], [139.9411053257, 35.8921527359]]}, "properties": {"link_id": "533967_11501_11503_1", "road_id": "533967_11501_11503", "upnode": "533967_11503", "downnode": "533967_11501", "scenario": "no04", "slot_code": "745", "hhmm": "07:45", "V_kmh_mean": 30.274755899262715, "V_kmh_std": 0.0811602049037753, "TTT_sec_mean": 1390.8465, "TTT_sec_std": 51.74635286156583, "flow_mean": 86.0, "flow_std": 3.094987458524034, "n_runs": 20}}, {"type": "Feature", "geometry": {"type": "LineString", "coordinates": [[139.9413260846, 35.8921590078], [139.941491, 35.892174], [139.941704, 35.892216], [139.9427258381, 35.8925411722]]}, "properties": {"link_id": "533967_11501_11504_0", "road_id": "533967_11501_11504", "upnode": "533967_11501", "downnode": "533967_11504", "scenario": "no04", "slot_code": "745", "hhmm": "07:45", "V_kmh_mean": 26.184208913550652, "V_kmh_std": 1.6531222809920585, "TTT_sec_mean": 2108.2135, "TTT_sec_std": 171.31224764262592, "flow_mean": 85.7, "flow_std": 2.6576602293628206, "n_runs": 20}}, {"type": "Feature", "geometry": {"type": "LineString", "coordinates": [[139.9427258381, 35.8925411722], [139.941704, 35.892216], [139.941491, 35.892174], [139.9413260846, 35.8921590078]]}, "properties": {"link_id": "533967_11501_11504_1", "road_id": "533967_11501_11504", "upnode": "533967_11504", "downnode": "533967_11501", "scenario": "no04", "slot_code": "745", "hhmm": "07:45", "V_kmh_mean": 30.122948478505656, "V_kmh_std": 0.2238995474923315, "TTT_sec_mean": 265.099, "TTT_sec_std": 36.9274118550947, "flow_mean": 12.4, "flow_std": 1.729009451741235, "n_runs": 20}}, {"type": "Feature", "geometry": {"type": "LineString", "coordinates": [[139.9360638546, 35.8928948243], [139.9360071452, 35.8927191757]]}, "properties": {"link_id": "533967_11505_85937_0", "road_id": "533967_11505_85937", "upnode": "533967_11505", "downnode": "533967_85937", "scenario": "no04", "slot_code": "745", "hhmm": "07:45", "V_kmh_mean": null, "V_kmh_std": null, "TTT_sec_mean": null, "TTT_sec_std": null, "flow_mean": 0.0, "flow_std": 0.0, "n_runs": 20}}, {"type": "Feature", "geometry": {"type": "LineString", "coordinates": [[139.9360071452, 35.8927191757], [139.9360638546, 35.8928948243]]}, "properties": {"link_id": "533967_11505_85937_1", "road_id": "533967_11505_85937", "upnode": "533967_85937", "downnode": "533967_11505", "scenario": "no04", "slot_code": "745", "hhmm": "07:45", "V_kmh_mean": null, "V_kmh_std": null, "TTT_sec_mean": null, "TTT_sec_std": null, "flow_mean": 0.0, "flow_std": 0.0, "n_runs": 20}}, {"type": "Feature", "geometry": {"type": "LineString", "coordinates": [[139.9404178289, 35.8990174923], [139.941653, 35.899448], [139.941953, 35.899065], [139.942016, 35.899048], [139.943228, 35.899615], [139.9433099533, 35.8996580841]]}, "properties": {"link_id": "533967_11513_88894_0", "road_id": "533967_11513_88894", "upnode": "533967_11513", "downnode": "533967_88894", "scenario": "no04", "slot_code": "745", "hhmm": "07:45", "V_kmh_mean": null, "V_kmh_std": null, "TTT_sec_mean": null, "TTT_sec_std": null, "flow_mean": 0.0, "flow_std": 0.0, "n_runs": 20}}, {"type": "Feature", "geometry": {"type": "LineString", "coordinates": [[139.9433099533, 35.8996580841], [139.943228, 35.899615], [139.942016, 35.899048], [139.941953, 35.899065], [139.941653, 35.899448], [139.9404178289, 35.8990174923]]}, "properties": {"link_id": "533967_11513_88894_1", "road_id": "533967_11513_88894", "upnode": "533967_88894", "downnode": "533967_11513", "scenario": "no04", "slot_code": "745", "hhmm": "07:45", "V_kmh_mean": null, "V_kmh_std": null, "TTT_sec_mean": null, "TTT_sec_std": null, "flow_mean": 0.0, "flow_std": 0.0, "n_runs": 20}}, {"type": "Feature", "geometry": {"type": "LineString", "coordinates": [[139.9436370961, 35.9043772702], [139.942853, 35.905006], [139.9418170665, 35.9058984689]]}, "properties": {"link_id": "533967_11518_13596_0", "road_id": "533967_11518_13596", "upnode": "533967_11518", "downnode": "533967_13596", "scenario": "no04", "slot_code": "745", "hhmm": "07:45", "V_kmh_mean": null, "V_kmh_std": null, "TTT_sec_mean": null, "TTT_sec_std": null, "flow_mean": 0.0, "flow_std": 0.0, "n_runs": 20}}, {"type": "Feature", "geometry": {"type": "LineString", "coordinates": [[139.9418170665, 35.9058984689], [139.942853, 35.905006], [139.9436370961, 35.9043772702]]}, "properties": {"link_id": "533967_11518_13596_1", "road_id": "533967_11518_13596", "upnode": "533967_13596", "downnode": "533967_11518", "scenario": "no04", "slot_code": "745", "hhmm": "07:45", "V_kmh_mean": null, "V_kmh_std": null, "TTT_sec_mean": null, "TTT_sec_std": null, "flow_mean": 0.0, "flow_std": 0.0, "n_runs": 20}}, {"type": "Feature", "geometry": {"type": "LineString", "coordinates": [[139.9503305633, 35.9016960079], [139.950315, 35.901698], [139.950228, 35.90169], [139.949478, 35.90144], [139.949103, 35.901323], [139.948765, 35.901232], [139.948228, 35.901107], [139.948003, 35.90109], [139.94779, 35.901107], [139.947503, 35.901173], [139.946965, 35.901315], [139.946765, 35.901356], [139.9461266104, 35.9013849793]]}, "properties": {"link_id": "533967_12969_87770_0", "road_id": "533967_12969_87770", "upnode": "533967_12969", "downnode": "533967_87770", "scenario": "no04", "slot_code": "745", "hhmm": "07:45", "V_kmh_mean": null, "V_kmh_std": null, "TTT_sec_mean": null, "TTT_sec_std": null, "flow_mean": 0.0, "flow_std": 0.0, "n_runs": 20}}, {"type": "Feature", "geometry": {"type": "LineString", "coordinates": [[139.9461266104, 35.9013849793], [139.946765, 35.901356], [139.946965, 35.901315], [139.947503, 35.901173], [139.94779, 35.901107], [139.948003, 35.90109], [139.948228, 35.901107], [139.948765, 35.901232], [139.949103, 35.901323], [139.949478, 35.90144], [139.950228, 35.90169], [139.950315, 35.901698], [139.9503305633, 35.9016960079]]}, "properties": {"link_id": "533967_12969_87770_1", "road_id": "533967_12969_87770", "upnode": "533967_87770", "downnode": "533967_12969", "scenario": "no04", "slot_code": "745", "hhmm": "07:45", "V_kmh_mean": null, "V_kmh_std": null, "TTT_sec_mean": null, "TTT_sec_std": null, "flow_mean": 0.0, "flow_std": 0.0, "n_runs": 20}}, {"type": "Feature", "geometry": {"type": "LineString", "coordinates": [[139.9407500942, 35.8896043228], [139.941054, 35.889549], [139.941154, 35.889566], [139.941852935, 35.8898211117]]}, "properties": {"link_id": "533967_13107_13108_0", "road_id": "533967_13107_13108", "upnode": "533967_13107", "downnode": "533967_13108", "scenario": "no04", "slot_code": "745", "hhmm": "07:45", "V_kmh_mean": 49.94570225482143, "V_kmh_std": 0.2135287655717537, "TTT_sec_mean": 299.08, "TTT_sec_std": 11.912881572836238, "flow_mean": 27.05, "flow_std": 1.099042645597569, "n_runs": 20}}, {"type": "Feature", "geometry": {"type": "LineString", "coordinates": [[139.941852935, 35.8898211117], [139.941154, 35.889566], [139.941054, 35.889549], [139.9407500942, 35.8896043228]]}, "properties": {"link_id": "533967_13107_13108_1", "road_id": "533967_13107_13108", "upnode": "533967_13108", "downnode": "533967_13107", "scenario": "no04", "slot_code": "745", "hhmm": "07:45", "V_kmh_mean": 45.45818181818182, "V_kmh_std": 4.610610094765734e-15, "TTT_sec_mean": 578.6, "TTT_sec_std": 67.56392684359253, "flow_mean": 52.6, "flow_std": 6.142175167599314, "n_runs": 20}}, {"type": "Feature", "geometry": {"type": "LineString", "coordinates": [[139.9546999834, 35.8921722806], [139.9549930168, 35.8921437198]]}, "properties": {"link_id": "533967_13308_88665_0", "road_id": "533967_13308_88665", "upnode": "533967_13308", "downnode": "533967_88665", "scenario": "no04", "slot_code": "745", "hhmm": "07:45", "V_kmh_mean": null, "V_kmh_std": null, "TTT_sec_mean": null, "TTT_sec_std": null, "flow_mean": 0.0, "flow_std": 0.0, "n_runs": 20}}, {"type": "Feature", "geometry": {"type": "LineString", "coordinates": [[139.9549930168, 35.8921437198], [139.9546999834, 35.8921722806]]}, "properties": {"link_id": "533967_13308_88665_1", "road_id": "533967_13308_88665", "upnode": "533967_88665", "downnode": "533967_13308", "scenario": "no04", "slot_code": "745", "hhmm": "07:45", "V_kmh_mean": null, "V_kmh_std": null, "TTT_sec_mean": null, "TTT_sec_std": null, "flow_mean": 0.0, "flow_std": 0.0, "n_runs": 20}}, {"type": "Feature", "geometry": {"type": "LineString", "coordinates": [[139.9544257665, 35.8900410001], [139.954628, 35.890041], [139.954753, 35.890058], [139.954915, 35.890141], [139.955065, 35.890208], [139.955278, 35.890224], [139.9553069176, 35.8902292769]]}, "properties": {"link_id": "533967_13715_72472_0", "road_id": "533967_13715_72472", "upnode": "533967_13715", "downnode": "533967_72472", "scenario": "no04", "slot_code": "745", "hhmm": "07:45", "V_kmh_mean": null, "V_kmh_std": null, "TTT_sec_mean": null, "TTT_sec_std": null, "flow_mean": 0.0, "flow_std": 0.0, "n_runs": 20}}, {"type": "Feature", "geometry": {"type": "LineString", "coordinates": [[139.9553069176, 35.8902292769], [139.955278, 35.890224], [139.955065, 35.890208], [139.954915, 35.890141], [139.954753, 35.890058], [139.954628, 35.890041], [139.9544257665, 35.8900410001]]}, "properties": {"link_id": "533967_13715_72472_1", "road_id": "533967_13715_72472", "upnode": "533967_72472", "downnode": "533967_13715", "scenario": "no04", "slot_code": "745", "hhmm": "07:45", "V_kmh_mean": null, "V_kmh_std": null, "TTT_sec_mean": null, "TTT_sec_std": null, "flow_mean": 0.0, "flow_std": 0.0, "n_runs": 20}}, {"type": "Feature", "geometry": {"type": "LineString", "coordinates": [[139.9491015915, 35.8877847461], [139.949041, 35.887733], [139.948703, 35.887466], [139.948291, 35.887175], [139.947904, 35.886925], [139.947441, 35.886658], [139.947104, 35.886475], [139.946716, 35.886283], [139.9463623092, 35.8861195165]]}, "properties": {"link_id": "533967_13844_14155_1", "road_id": "533967_13844_14155", "upnode": "533967_14155", "downnode": "533967_13844", "scenario": "no04", "slot_code": "745", "hhmm": "07:45", "V_kmh_mean": 47.97698827488013, "V_kmh_std": 0.031385773883711, "TTT_sec_mean": 1441.802, "TTT_sec_std": 108.07698170626736, "flow_mean": 57.65, "flow_std": 4.319783132958119, "n_runs": 20}}, {"type": "Feature", "geometry": {"type": "LineString", "coordinates": [[139.9467171439, 35.8916607491], [139.946916, 35.891733], [139.947191, 35.891841], [139.947416, 35.891916], [139.947541, 35.891966], [139.947778, 35.892024], [139.947953, 35.892057], [139.948178, 35.892091], [139.948391, 35.892099], [139.948841, 35.892099], [139.9488845, 35.892099]]}, "properties": {"link_id": "533967_13891_14021_0", "road_id": "533967_13891_14021", "upnode": "533967_13891", "downnode": "533967_14021", "scenario": "no04", "slot_code": "745", "hhmm": "07:45", "V_kmh_mean": 50.35309075043045, "V_kmh_std": 0.134673682461299, "TTT_sec_mean": 687.7455, "TTT_sec_std": 94.27718591444788, "flow_mean": 40.3, "flow_std": 5.526015029409816, "n_runs": 20}}, {"type": "Feature", "geometry": {"type": "LineString", "coordinates": [[139.9488845, 35.892099], [139.948841, 35.892099], [139.948391, 35.892099], [139.948178, 35.892091], [139.947953, 35.892057], [139.947778, 35.892024], [139.947541, 35.891966], [139.947416, 35.891916], [139.947191, 35.891841], [139.946916, 35.891733], [139.9467171439, 35.8916607491]]}, "properties": {"link_id": "533967_13891_14021_1", "road_id": "533967_13891_14021", "upnode": "533967_14021", "downnode": "533967_13891", "scenario": "no04", "slot_code": "745", "hhmm": "07:45", "V_kmh_mean": 49.851144585891234, "V_kmh_std": 0.193510185460199, "TTT_sec_mean": 852.2115, "TTT_sec_std": 83.20032434621741, "flow_mean": 48.75, "flow_std": 4.821825380496482, "n_runs": 20}}, {"type": "Feature", "geometry": {"type": "LineString", "coordinates": [[139.946668712, 35.8915447262], [139.9472002892, 35.8907452741]]}, "properties": {"link_id": "533967_13891_72276_0", "road_id": "533967_13891_72276", "upnode": "533967_13891", "downnode": "533967_72276", "scenario": "no04", "slot_code": "745", "hhmm": "07:45", "V_kmh_mean": null, "V_kmh_std": null, "TTT_sec_mean": null, "TTT_sec_std": null, "flow_mean": 0.0, "flow_std": 0.0, "n_runs": 20}}, {"type": "Feature", "geometry": {"type": "LineString", "coordinates": [[139.9472002892, 35.8907452741], [139.946668712, 35.8915447262]]}, "properties": {"link_id": "533967_13891_72276_1", "road_id": "533967_13891_72276", "upnode": "533967_72276", "downnode": "533967_13891", "scenario": "no04", "slot_code": "745", "hhmm": "07:45", "V_kmh_mean": null, "V_kmh_std": null, "TTT_sec_mean": null, "TTT_sec_std": null, "flow_mean": 0.0, "flow_std": 0.0, "n_runs": 20}}, {"type": "Feature", "geometry": {"type": "LineString", "coordinates": [[139.9321326594, 35.9007837714], [139.9323763411, 35.8993952287]]}, "properties": {"link_id": "533967_14017_14018_0", "road_id": "533967_14017_14018", "upnode": "533967_14017", "downnode": "533967_14018", "scenario": "no04", "slot_code": "745", "hhmm": "07:45", "V_kmh_mean": 47.9594740855897, "V_kmh_std": 5.237212396217551, "TTT_sec_mean": 1316.5355, "TTT_sec_std": 200.56198389512247, "flow_mean": 85.95, "flow_std": 2.3946211655115284, "n_runs": 20}}, {"type": "Feature", "geometry": {"type": "LineString", "coordinates": [[139.9323763411, 35.8993952287], [139.9321326594, 35.9007837714]]}, "properties": {"link_id": "533967_14017_14018_1", "road_id": "533967_14017_14018", "upnode": "533967_14018", "downnode": "533967_14017", "scenario": "no04", "slot_code": "745", "hhmm": "07:45", "V_kmh_mean": 49.88749944599871, "V_kmh_std": 0.2042335506291481, "TTT_sec_mean": 953.3335, "TTT_sec_std": 73.851240753216, "flow_mean": 65.85, "flow_std": 5.008151250448455, "n_runs": 20}}, {"type": "Feature", "geometry": {"type": "LineString", "coordinates": [[139.948928, 35.8920088663], [139.948928, 35.891916], [139.948941, 35.891874], [139.948966, 35.891824], [139.949116, 35.891649], [139.949303, 35.891416], [139.949366, 35.891358], [139.949766, 35.890991], [139.949841, 35.890908], [139.949866, 35.890824], [139.949878, 35.890716], [139.949891, 35.890633], [139.949897, 35.890591]]}, "properties": {"link_id": "533967_14021_88656_0", "road_id": "533967_14021_88656", "upnode": "533967_14021", "downnode": "533967_88656", "scenario": "no04", "slot_code": "745", "hhmm": "07:45", "V_kmh_mean": null, "V_kmh_std": null, "TTT_sec_mean": null, "TTT_sec_std": null, "flow_mean": 0.0, "flow_std": 0.0, "n_runs": 20}}, {"type": "Feature", "geometry": {"type": "LineString", "coordinates": [[139.949897, 35.890591], [139.949891, 35.890633], [139.949878, 35.890716], [139.949866, 35.890824], [139.949841, 35.890908], [139.949766, 35.890991], [139.949366, 35.891358], [139.949303, 35.891416], [139.949116, 35.891649], [139.948966, 35.891824], [139.948941, 35.891874], [139.948928, 35.891916], [139.948928, 35.8920088663]]}, "properties": {"link_id": "533967_14021_88656_1", "road_id": "533967_14021_88656", "upnode": "533967_88656", "downnode": "533967_14021", "scenario": "no04", "slot_code": "745", "hhmm": "07:45", "V_kmh_mean": null, "V_kmh_std": null, "TTT_sec_mean": null, "TTT_sec_std": null, "flow_mean": 0.0, "flow_std": 0.0, "n_runs": 20}}, {"type": "Feature", "geometry": {"type": "LineString", "coordinates": [[139.9457796051, 35.8979995123], [139.945591, 35.898173], [139.945428, 35.898273], [139.944478, 35.898915], [139.943716, 35.899432], [139.943466, 35.89959], [139.9434474544, 35.8996244418]]}, "properties": {"link_id": "533967_14156_88894_0", "road_id": "533967_14156_88894", "upnode": "533967_14156", "downnode": "533967_88894", "scenario": "no04", "slot_code": "745", "hhmm": "07:45", "V_kmh_mean": null, "V_kmh_std": null, "TTT_sec_mean": null, "TTT_sec_std": null, "flow_mean": 0.0, "flow_std": 0.0, "n_runs": 20}}, {"type": "Feature", "geometry": {"type": "LineString", "coordinates": [[139.9434474544, 35.8996244418], [139.943466, 35.89959], [139.943716, 35.899432], [139.944478, 35.898915], [139.945428, 35.898273], [139.945591, 35.898173], [139.9457796051, 35.8979995123]]}, "properties": {"link_id": "533967_14156_88894_1", "road_id": "533967_14156_88894", "upnode": "533967_88894", "downnode": "533967_14156", "scenario": "no04", "slot_code": "745", "hhmm": "07:45", "V_kmh_mean": null, "V_kmh_std": null, "TTT_sec_mean": null, "TTT_sec_std": null, "flow_mean": 0.0, "flow_std": 0.0, "n_runs": 20}}, {"type": "Feature", "geometry": {"type": "LineString", "coordinates": [[139.9473488146, 35.8907112255], [139.948878, 35.891433], [139.949741, 35.890683], [139.9498253198, 35.8906132541]]}, "properties": {"link_id": "533967_72276_88656_0", "road_id": "533967_72276_88656", "upnode": "533967_72276", "downnode": "533967_88656", "scenario": "no04", "slot_code": "745", "hhmm": "07:45", "V_kmh_mean": null, "V_kmh_std": null, "TTT_sec_mean": null, "TTT_sec_std": null, "flow_mean": 0.0, "flow_std": 0.0, "n_runs": 20}}, {"type": "Feature", "geometry": {"type": "LineString", "coordinates": [[139.9498253198, 35.8906132541], [139.949741, 35.890683], [139.948878, 35.891433], [139.9473488146, 35.8907112255]]}, "properties": {"link_id": "533967_72276_88656_1", "road_id": "533967_72276_88656", "upnode": "533967_88656", "downnode": "533967_72276", "scenario": "no04", "slot_code": "745", "hhmm": "07:45", "V_kmh_mean": null, "V_kmh_std": null, "TTT_sec_mean": null, "TTT_sec_std": null, "flow_mean": 0.0, "flow_std": 0.0, "n_runs": 20}}, {"type": "Feature", "geometry": {"type": "LineString", "coordinates": [[139.9460677101, 35.9008985163], [139.945853, 35.900882], [139.945703, 35.90084], [139.944941, 35.90049], [139.944291, 35.900165], [139.9434965644, 35.8997552579]]}, "properties": {"link_id": "533967_74224_88894_0", "road_id": "533967_74224_88894", "upnode": "533967_74224", "downnode": "533967_88894", "scenario": "no04", "slot_code": "745", "hhmm": "07:45", "V_kmh_mean": null, "V_kmh_std": null, "TTT_sec_mean": null, "TTT_sec_std": null, "flow_mean": 0.0, "flow_std": 0.0, "n_runs": 20}}, {"type": "Feature", "geometry": {"type": "LineString", "coordinates": [[139.9434965644, 35.8997552579], [139.944291, 35.900165], [139.944941, 35.90049], [139.945703, 35.90084], [139.945853, 35.900882], [139.9460677101, 35.9008985163]]}, "properties": {"link_id": "533967_74224_88894_1", "road_id": "533967_74224_88894", "upnode": "533967_88894", "downnode": "533967_74224", "scenario": "no04", "slot_code": "745", "hhmm": "07:45", "V_kmh_mean": null, "V_kmh_std": null, "TTT_sec_mean": null, "TTT_sec_std": null, "flow_mean": 0.0, "flow_std": 0.0, "n_runs": 20}}, {"type": "Feature", "geometry": {"type": "LineString", "coordinates": [[139.9481135783, 35.9009595394], [139.948165, 35.900957], [139.948415, 35.900932], [139.9490064846, 35.9008331379]]}, "properties": {"link_id": "533967_87767_87768_0", "road_id": "533967_87767_87768", "upnode": "533967_87767", "downnode": "533967_87768", "scenario": "no04", "slot_code": "745", "hhmm": "07:45", "V_kmh_mean": null, "V_kmh_std": null, "TTT_sec_mean": null, "TTT_sec_std": null, "flow_mean": 0.0, "flow_std": 0.0, "n_runs": 20}}, {"type": "Feature", "geometry": {"type": "LineString", "coordinates": [[139.9490064846, 35.9008331379], [139.948415, 35.900932], [139.948165, 35.900957], [139.9481135783, 35.9009595394]]}, "properties": {"link_id": "533967_87767_87768_1", "road_id": "533967_87767_87768", "upnode": "533967_87768", "downnode": "533967_87767", "scenario": "no04", "slot_code": "745", "hhmm": "07:45", "V_kmh_mean": null, "V_kmh_std": null, "TTT_sec_mean": null, "TTT_sec_std": null, "flow_mean": 0.0, "flow_std": 0.0, "n_runs": 20}}, {"type": "Feature", "geometry": {"type": "LineString", "coordinates": [[139.9479865798, 35.900875862], [139.9479724567, 35.9007680664], [139.9479524844, 35.9006806954]]}, "properties": {"link_id": "533967_87767_88200_0", "road_id": "533967_87767_88200", "upnode": "533967_87767", "downnode": "533967_88200", "scenario": "no04", "slot_code": "745", "hhmm": "07:45", "V_kmh_mean": null, "V_kmh_std": null, "TTT_sec_mean": null, "TTT_sec_std": null, "flow_mean": 0.0, "flow_std": 0.0, "n_runs": 20}}, {"type": "Feature", "geometry": {"type": "LineString", "coordinates": [[139.9479524844, 35.9006806954], [139.9479724567, 35.9007680664], [139.9479865798, 35.900875862]]}, "properties": {"link_id": "533967_87767_88200_1", "road_id": "533967_87767_88200", "upnode": "533967_88200", "downnode": "533967_87767", "scenario": "no04", "slot_code": "745", "hhmm": "07:45", "V_kmh_mean": null, "V_kmh_std": null, "TTT_sec_mean": null, "TTT_sec_std": null, "flow_mean": 0.0, "flow_std": 0.0, "n_runs": 20}}, {"type": "Feature", "geometry": {"type": "LineString", "coordinates": [[139.9490959726, 35.9007262058], [139.9490590273, 35.9005537942]]}, "properties": {"link_id": "533967_87768_88199_0", "road_id": "533967_87768_88199", "upnode": "533967_87768", "downnode": "533967_88199", "scenario": "no04", "slot_code": "745", "hhmm": "07:45", "V_kmh_mean": null, "V_kmh_std": null, "TTT_sec_mean": null, "TTT_sec_std": null, "flow_mean": 0.0, "flow_std": 0.0, "n_runs": 20}}, {"type": "Feature", "geometry": {"type": "LineString", "coordinates": [[139.9490590273, 35.9005537942], [139.9490959726, 35.9007262058]]}, "properties": {"link_id": "533967_87768_88199_1", "road_id": "533967_87768_88199", "upnode": "533967_88199", "downnode": "533967_87768", "scenario": "no04", "slot_code": "745", "hhmm": "07:45", "V_kmh_mean": null, "V_kmh_std": null, "TTT_sec_mean": null, "TTT_sec_std": null, "flow_mean": 0.0, "flow_std": 0.0, "n_runs": 20}}, {"type": "Feature", "geometry": {"type": "LineString", "coordinates": [[139.9467666279, 35.9010064507], [139.946528, 35.901107], [139.946216, 35.901223], [139.946028, 35.901273], [139.9460252125, 35.9013001786]]}, "properties": {"link_id": "533967_87769_87770_0", "road_id": "533967_87769_87770", "upnode": "533967_87769", "downnode": "533967_87770", "scenario": "no04", "slot_code": "745", "hhmm": "07:45", "V_kmh_mean": null, "V_kmh_std": null, "TTT_sec_mean": null, "TTT_sec_std": null, "flow_mean": 0.0, "flow_std": 0.0, "n_runs": 20}}, {"type": "Feature", "geometry": {"type": "LineString", "coordinates": [[139.9460252125, 35.9013001786], [139.946028, 35.901273], [139.946216, 35.901223], [139.946528, 35.901107], [139.9467666279, 35.9010064507]]}, "properties": {"link_id": "533967_87769_87770_1", "road_id": "533967_87769_87770", "upnode": "533967_87770", "downnode": "533967_87769", "scenario": "no04", "slot_code": "745", "hhmm": "07:45", "V_kmh_mean": null, "V_kmh_std": null, "TTT_sec_mean": null, "TTT_sec_std": null, "flow_mean": 0.0, "flow_std": 0.0, "n_runs": 20}}, {"type": "Feature", "geometry": {"type": "LineString", "coordinates": [[139.9489310259, 35.9004812132], [139.9480869745, 35.9006067877]]}, "properties": {"link_id": "533967_88199_88200_0", "road_id": "533967_88199_88200", "upnode": "533967_88199", "downnode": "533967_88200", "scenario": "no04", "slot_code": "745", "hhmm": "07:45", "V_kmh_mean": null, "V_kmh_std": null, "TTT_sec_mean": null, "TTT_sec_std": null, "flow_mean": 0.0, "flow_std": 0.0, "n_runs": 20}}, {"type": "Feature", "geometry": {"type": "LineString", "coordinates": [[139.9480869745, 35.9006067877], [139.9489310259, 35.9004812132]]}, "properties": {"link_id": "533967_88199_88200_1", "road_id": "533967_88199_88200", "upnode": "533967_88200", "downnode": "533967_88199", "scenario": "no04", "slot_code": "745", "hhmm": "07:45", "V_kmh_mean": null, "V_kmh_std": null, "TTT_sec_mean": null, "TTT_sec_std": null, "flow_mean": 0.0, "flow_std": 0.0, "n_runs": 20}}, {"type": "Feature", "geometry": {"type": "LineString", "coordinates": [[139.9490262406, 35.9003755643], [139.9490037593, 35.9002294357]]}, "properties": {"link_id": "533967_88199_88201_0", "road_id": "533967_88199_88201", "upnode": "533967_88199", "downnode": "533967_88201", "scenario": "no04", "slot_code": "745", "hhmm": "07:45", "V_kmh_mean": null, "V_kmh_std": null, "TTT_sec_mean": null, "TTT_sec_std": null, "flow_mean": 0.0, "flow_std": 0.0, "n_runs": 20}}, {"type": "Feature", "geometry": {"type": "LineString", "coordinates": [[139.9490037593, 35.9002294357], [139.9490262406, 35.9003755643]]}, "properties": {"link_id": "533967_88199_88201_1", "road_id": "533967_88199_88201", "upnode": "533967_88201", "downnode": "533967_88199", "scenario": "no04", "slot_code": "745", "hhmm": "07:45", "V_kmh_mean": null, "V_kmh_std": null, "TTT_sec_mean": null, "TTT_sec_std": null, "flow_mean": 0.0, "flow_std": 0.0, "n_runs": 20}}, {"type": "Feature", "geometry": {"type": "LineString", "coordinates": [[139.9479575571, 35.9005344144], [139.9479234428, 35.9003865857]]}, "properties": {"link_id": "533967_88200_88202_0", "road_id": "533967_88200_88202", "upnode": "533967_88200", "downnode": "533967_88202", "scenario": "no04", "slot_code": "745", "hhmm": "07:45", "V_kmh_mean": null, "V_kmh_std": null, "TTT_sec_mean": null, "TTT_sec_std": null, "flow_mean": 0.0, "flow_std": 0.0, "n_runs": 20}}, {"type": "Feature", "geometry": {"type": "LineString", "coordinates": [[139.9479234428, 35.9003865857], [139.9479575571, 35.9005344144]]}, "properties": {"link_id": "533967_88200_88202_1", "road_id": "533967_88200_88202", "upnode": "533967_88202", "downnode": "533967_88200", "scenario": "no04", "slot_code": "745", "hhmm": "07:45", "V_kmh_mean": null, "V_kmh_std": null, "TTT_sec_mean": null, "TTT_sec_std": null, "flow_mean": 0.0, "flow_std": 0.0, "n_runs": 20}}, {"type": "Feature", "geometry": {"type": "LineString", "coordinates": [[139.9489751139, 35.9000506839], [139.94894, 35.89984], [139.94894, 35.899815], [139.948903, 35.899798], [139.94829, 35.899715], [139.9482869012, 35.8997145296]]}, "properties": {"link_id": "533967_88201_88203_0", "road_id": "533967_88201_88203", "upnode": "533967_88201", "downnode": "533967_88203", "scenario": "no04", "slot_code": "745", "hhmm": "07:45", "V_kmh_mean": null, "V_kmh_std": null, "TTT_sec_mean": null, "TTT_sec_std": null, "flow_mean": 0.0, "flow_std": 0.0, "n_runs": 20}}, {"type": "Feature", "geometry": {"type": "LineString", "coordinates": [[139.9482869012, 35.8997145296], [139.94829, 35.899715], [139.948903, 35.899798], [139.94894, 35.899815], [139.94894, 35.89984], [139.9489751139, 35.9000506839]]}, "properties": {"link_id": "533967_88201_88203_1", "road_id": "533967_88201_88203", "upnode": "533967_88203", "downnode": "533967_88201", "scenario": "no04", "slot_code": "745", "hhmm": "07:45", "V_kmh_mean": null, "V_kmh_std": null, "TTT_sec_mean": null, "TTT_sec_std": null, "flow_mean": 0.0, "flow_std": 0.0, "n_runs": 20}}, {"type": "Feature", "geometry": {"type": "LineString", "coordinates": [[139.9488809508, 35.9001558735], [139.9484120494, 35.900224127]]}, "properties": {"link_id": "533967_88201_88204_0", "road_id": "533967_88201_88204", "upnode": "533967_88201", "downnode": "533967_88204", "scenario": "no04", "slot_code": "745", "hhmm": "07:45", "V_kmh_mean": null, "V_kmh_std": null, "TTT_sec_mean": null, "TTT_sec_std": null, "flow_mean": 0.0, "flow_std": 0.0, "n_runs": 20}}, {"type": "Feature", "geometry": {"type": "LineString", "coordinates": [[139.9484120494, 35.900224127], [139.9488809508, 35.9001558735]]}, "properties": {"link_id": "533967_88201_88204_1", "road_id": "533967_88201_88204", "upnode": "533967_88204", "downnode": "533967_88201", "scenario": "no04", "slot_code": "745", "hhmm": "07:45", "V_kmh_mean": null, "V_kmh_std": null, "TTT_sec_mean": null, "TTT_sec_std": null, "flow_mean": 0.0, "flow_std": 0.0, "n_runs": 20}}, {"type": "Feature", "geometry": {"type": "LineString", "coordinates": [[139.9480120624, 35.9002821861], [139.9481939377, 35.9002558142]]}, "properties": {"link_id": "533967_88202_88204_0", "road_id": "533967_88202_88204", "upnode": "533967_88202", "downnode": "533967_88204", "scenario": "no04", "slot_code": "745", "hhmm": "07:45", "V_kmh_mean": null, "V_kmh_std": null, "TTT_sec_mean": null, "TTT_sec_std": null, "flow_mean": 0.0, "flow_std": 0.0, "n_runs": 20}}, {"type": "Feature", "geometry": {"type": "LineString", "coordinates": [[139.9481939377, 35.9002558142], [139.9480120624, 35.9002821861]]}, "properties": {"link_id": "533967_88202_88204_1", "road_id": "533967_88202_88204", "upnode": "533967_88204", "downnode": "533967_88202", "scenario": "no04", "slot_code": "745", "hhmm": "07:45", "V_kmh_mean": null, "V_kmh_std": null, "TTT_sec_mean": null, "TTT_sec_std": null, "flow_mean": 0.0, "flow_std": 0.0, "n_runs": 20}}, {"type": "Feature", "geometry": {"type": "LineString", "coordinates": [[139.9478843658, 35.9002091507], [139.9477836339, 35.8997288494]]}, "properties": {"link_id": "533967_88202_88302_0", "road_id": "533967_88202_88302", "upnode": "533967_88202", "downnode": "533967_88302", "scenario": "no04", "slot_code": "745", "hhmm": "07:45", "V_kmh_mean": null, "V_kmh_std": null, "TTT_sec_mean": null, "TTT_sec_std": null, "flow_mean": 0.0, "flow_std": 0.0, "n_runs": 20}}, {"type": "Feature", "geometry": {"type": "LineString", "coordinates": [[139.9477836339, 35.8997288494], [139.9478843658, 35.9002091507]]}, "properties": {"link_id": "533967_88202_88302_1", "road_id": "533967_88202_88302", "upnode": "533967_88302", "downnode": "533967_88202", "scenario": "no04", "slot_code": "745", "hhmm": "07:45", "V_kmh_mean": null, "V_kmh_std": null, "TTT_sec_mean": null, "TTT_sec_std": null, "flow_mean": 0.0, "flow_std": 0.0, "n_runs": 20}}, {"type": "Feature", "geometry": {"type": "LineString", "coordinates": [[139.9481984306, 35.8997865875], [139.9482825692, 35.9001514125]]}, "properties": {"link_id": "533967_88203_88204_0", "road_id": "533967_88203_88204", "upnode": "533967_88203", "downnode": "533967_88204", "scenario": "no04", "slot_code": "745", "hhmm": "07:45", "V_kmh_mean": null, "V_kmh_std": null, "TTT_sec_mean": null, "TTT_sec_std": null, "flow_mean": 0.0, "flow_std": 0.0, "n_runs": 20}}, {"type": "Feature", "geometry": {"type": "LineString", "coordinates": [[139.9482825692, 35.9001514125], [139.9481984306, 35.8997865875]]}, "properties": {"link_id": "533967_88203_88204_1", "road_id": "533967_88203_88204", "upnode": "533967_88204", "downnode": "533967_88203", "scenario": "no04", "slot_code": "745", "hhmm": "07:45", "V_kmh_mean": null, "V_kmh_std": null, "TTT_sec_mean": null, "TTT_sec_std": null, "flow_mean": 0.0, "flow_std": 0.0, "n_runs": 20}}, {"type": "Feature", "geometry": {"type": "LineString", "coordinates": [[139.9480688342, 35.8996826694], [139.9478741657, 35.8996553309]]}, "properties": {"link_id": "533967_88203_88302_0", "road_id": "533967_88203_88302", "upnode": "533967_88203", "downnode": "533967_88302", "scenario": "no04", "slot_code": "745", "hhmm": "07:45", "V_kmh_mean": null, "V_kmh_std": null, "TTT_sec_mean": null, "TTT_sec_std": null, "flow_mean": 0.0, "flow_std": 0.0, "n_runs": 20}}, {"type": "Feature", "geometry": {"type": "LineString", "coordinates": [[139.9478741657, 35.8996553309], [139.9480688342, 35.8996826694]]}, "properties": {"link_id": "533967_88203_88302_1", "road_id": "533967_88203_88302", "upnode": "533967_88302", "downnode": "533967_88203", "scenario": "no04", "slot_code": "745", "hhmm": "07:45", "V_kmh_mean": null, "V_kmh_std": null, "TTT_sec_mean": null, "TTT_sec_std": null, "flow_mean": 0.0, "flow_std": 0.0, "n_runs": 20}}, {"type": "Feature", "geometry": {"type": "LineString", "coordinates": [[139.9326277782, 35.8983820001], [139.932804, 35.898382], [139.933154, 35.898415], [139.933504, 35.898482], [139.933842, 35.898582], [139.9342160847, 35.8987198209]]}, "properties": {"link_id": "I_11_0129024139429", "road_id": "I_23_0129024139398", "upnode": "533967_00535", "downnode": "I_22_533967_-00007", "scenario": "no04", "slot_code": "745", "hhmm": "07:45", "V_kmh_mean": 29.633873044513862, "V_kmh_std": 0.0673929668832204, "TTT_sec_mean": 1923.825, "TTT_sec_std": 85.34559153662734, "flow_mean": 91.75, "flow_std": 4.0506659621403145, "n_runs": 20}}, {"type": "Feature", "geometry": {"type": "LineString", "coordinates": [[139.9374914269, 35.9000164951], [139.93441657, 35.8987965076]]}, "properties": {"link_id": "I_11_0129024139444", "road_id": "I_23_0129024146201", "upnode": "I_22_533967_-00008", "downnode": "I_22_533967_-00007", "scenario": "no04", "slot_code": "745", "hhmm": "07:45", "V_kmh_mean": 49.79230619497872, "V_kmh_std": 0.0915788769767903, "TTT_sec_mean": 1762.1835, "TTT_sec_std": 146.90244794904217, "flow_mean": 71.75, "flow_std": 5.998903408562533, "n_runs": 20}}, {"type": "Feature", "geometry": {"type": "LineString", "coordinates": [[139.93441657, 35.8987965076], [139.9374914269, 35.9000164951]]}, "properties": {"link_id": "I_11_0129024146232", "road_id": "I_23_0129024146201", "upnode": "I_22_533967_-00007", "downnode": "I_22_533967_-00008", "scenario": "no04", "slot_code": "745", "hhmm": "07:45", "V_kmh_mean": 29.98565585118272, "V_kmh_std": 0.0257571139144439, "TTT_sec_mean": 3817.7735, "TTT_sec_std": 149.71643566475225, "flow_mean": 93.75, "flow_std": 3.711645967690573, "n_runs": 20}}, {"type": "Feature", "geometry": {"type": "LineString", "coordinates": [[139.9389093803, 35.9006681224], [139.938566, 35.900498], [139.938141, 35.90029], [139.9376891689, 35.9000977667]]}, "properties": {"link_id": "I_11_0129024146246", "road_id": "I_23_0129024146216", "upnode": "533967_00538", "downnode": "I_22_533967_-00008", "scenario": "no04", "slot_code": "745", "hhmm": "07:45", "V_kmh_mean": 46.59549838240501, "V_kmh_std": 0.4707099613741617, "TTT_sec_mean": 924.336, "TTT_sec_std": 79.37835873706052, "flow_mean": 73.95, "flow_std": 6.500809666171551, "n_runs": 20}}, {"type": "Feature", "geometry": {"type": "LineString", "coordinates": [[139.9521445578, 35.8965977164], [139.951665, 35.896257], [139.951415, 35.896132], [139.951203, 35.896057], [139.9510914569, 35.8960396732]]}, "properties": {"link_id": "I_11_0804143920985", "road_id": "I_23_0804143920954", "upnode": "533967_01418", "downnode": "I_22_533967_-00002", "scenario": "no04", "slot_code": "745", "hhmm": "07:45", "V_kmh_mean": 19.85139699783861, "V_kmh_std": 0.1191692404104274, "TTT_sec_mean": 498.4385, "TTT_sec_std": 89.36213558649408, "flow_mean": 23.25, "flow_std": 4.153311931459037, "n_runs": 20}}, {"type": "Feature", "geometry": {"type": "LineString", "coordinates": [[139.949799732, 35.8958773378], [139.950953, 35.896007], [139.9510699611, 35.8960354051]]}, "properties": {"link_id": "I_11_0804143921001", "road_id": "I_23_0804143920969", "upnode": "533967_01421", "downnode": "I_22_533967_-00002", "scenario": "no04", "slot_code": "745", "hhmm": "07:45", "V_kmh_mean": null, "V_kmh_std": null, "TTT_sec_mean": null, "TTT_sec_std": null, "flow_mean": 0.0, "flow_std": 0.0, "n_runs": 20}}, {"type": "Feature", "geometry": {"type": "LineString", "coordinates": [[139.9414442427, 35.9017764856], [139.9410441843, 35.9020921622]]}, "properties": {"link_id": "I_11_533967_-00001533967_00539", "road_id": "I_23_533967_00539_533967_-00001", "upnode": "I_22_533967_-00001", "downnode": "533967_00539", "scenario": "no04", "slot_code": "745", "hhmm": "07:45", "V_kmh_mean": 5.797792307658972, "V_kmh_std": 0.9946266925903378, "TTT_sec_mean": 502.151, "TTT_sec_std": 100.9617420975313, "flow_mean": 10.3, "flow_std": 0.6569466853317865, "n_runs": 20}}, {"type": "Feature", "geometry": {"type": "LineString", "coordinates": [[139.9415222285, 35.901622514], [139.9414573964, 35.9015154031]]}, "properties": {"link_id": "I_11_533967_-00001_533967_-00005", "road_id": "I_23_533967_-00001_533967_-00005", "upnode": "I_22_533967_-00001", "downnode": "I_22_533967_-00005", "scenario": "no04", "slot_code": "745", "hhmm": "07:45", "V_kmh_mean": null, "V_kmh_std": null, "TTT_sec_mean": null, "TTT_sec_std": null, "flow_mean": 0.0, "flow_std": 0.0, "n_runs": 20}}, {"type": "Feature", "geometry": {"type": "LineString", "coordinates": [[139.9413464164, 35.9014254304], [139.9412624352, 35.9015060417]]}, "properties": {"link_id": "I_11_533967_-00005_533967_-00006", "road_id": "I_23_533967_-00005_533967_-00006", "upnode": "I_22_533967_-00005", "downnode": "I_22_533967_-00006", "scenario": "no04", "slot_code": "745", "hhmm": "07:45", "V_kmh_mean": null, "V_kmh_std": null, "TTT_sec_mean": null, "TTT_sec_std": null, "flow_mean": 0.0, "flow_std": 0.0, "n_runs": 20}}, {"type": "Feature", "geometry": {"type": "LineString", "coordinates": [[139.9412627144, 35.9016334904], [139.9414439632, 35.9016490369]]}, "properties": {"link_id": "I_11_533967_-00006_533967_-00001", "road_id": "I_23_533967_-00006_533967_-00001", "upnode": "I_22_533967_-00006", "downnode": "I_22_533967_-00001", "scenario": "no04", "slot_code": "745", "hhmm": "07:45", "V_kmh_mean": 42.195789473684215, "V_kmh_std": 1.92964681797091, "TTT_sec_mean": 5.789473684210527, "TTT_sec_std": 3.3263083869930217, "flow_mean": 1.8, "flow_std": 1.1516578439248717, "n_runs": 20}}, {"type": "Feature", "geometry": {"type": "LineString", "coordinates": [[139.9375128149, 35.9001198356], [139.936998047, 35.9016828347]]}, "properties": {"link_id": "I_11_533967_-00008_533967_-00009", "road_id": "I_23_533967_-00009_533967_-00008", "upnode": "I_22_533967_-00008", "downnode": "I_22_533967_-00009", "scenario": "no04", "slot_code": "745", "hhmm": "07:45", "V_kmh_mean": null, "V_kmh_std": null, "TTT_sec_mean": null, "TTT_sec_std": null, "flow_mean": 0.0, "flow_std": 0.0, "n_runs": 20}}, {"type": "Feature", "geometry": {"type": "LineString", "coordinates": [[139.936998047, 35.9016828347], [139.9375128149, 35.9001198356]]}, "properties": {"link_id": "I_11_533967_-00009_533967_-00008", "road_id": "I_23_533967_-00009_533967_-00008", "upnode": "I_22_533967_-00009", "downnode": "I_22_533967_-00008", "scenario": "no04", "slot_code": "745", "hhmm": "07:45", "V_kmh_mean": null, "V_kmh_std": null, "TTT_sec_mean": null, "TTT_sec_std": null, "flow_mean": 0.0, "flow_std": 0.0, "n_runs": 20}}, {"type": "Feature", "geometry": {"type": "LineString", "coordinates": [[139.9410441843, 35.9020921622], [139.9414442427, 35.9017764856]]}, "properties": {"link_id": "I_11_533967_00539_533967_-00001", "road_id": "I_23_533967_00539_533967_-00001", "upnode": "533967_00539", "downnode": "I_22_533967_-00001", "scenario": "no04", "slot_code": "745", "hhmm": "07:45", "V_kmh_mean": 22.139454820137612, "V_kmh_std": 0.1299800517027326, "TTT_sec_mean": 1912.549, "TTT_sec_std": 68.54647089844651, "flow_mean": 149.05, "flow_std": 4.718106221333875, "n_runs": 20}}, {"type": "Feature", "geometry": {"type": "LineString", "coordinates": [[139.9544776298, 35.8915514301], [139.9543653699, 35.8907385699]]}, "properties": {"link_id": "I_11_533967_00937533967_01269", "road_id": "I_23_533967_00937533967_01269", "upnode": "533967_00937", "downnode": "533967_01269", "scenario": "no04", "slot_code": "745", "hhmm": "07:45", "V_kmh_mean": 45.565507580047424, "V_kmh_std": 0.3933588730973322, "TTT_sec_mean": 680.4645, "TTT_sec_std": 39.89347215760336, "flow_mean": 73.3, "flow_std": 4.36613764037929, "n_runs": 20}}, {"type": "Feature", "geometry": {"type": "LineString", "coordinates": [[139.9542437303, 35.8916227784], [139.9529242702, 35.8918012229]]}, "properties": {"link_id": "I_11_533967_00937533967_01406", "road_id": "I_23_533967_00937533967_01406", "upnode": "533967_00937", "downnode": "533967_01406", "scenario": "no04", "slot_code": "745", "hhmm": "07:45", "V_kmh_mean": 43.50623763103997, "V_kmh_std": 4.127251754408007, "TTT_sec_mean": 602.3235, "TTT_sec_std": 96.41979449944806, "flow_mean": 49.5, "flow_std": 4.273541610273244, "n_runs": 20}}, {"type": "Feature", "geometry": {"type": "LineString", "coordinates": [[139.9543792471, 35.891788385], [139.9545960516, 35.8932692569]]}, "properties": {"link_id": "I_11_533967_00937533967_01657", "road_id": "I_23_533967_00937533967_01657", "upnode": "533967_00937", "downnode": "533967_01657", "scenario": "no04", "slot_code": "745", "hhmm": "07:45", "V_kmh_mean": 25.801724183006268, "V_kmh_std": 1.4123689143149225, "TTT_sec_mean": 3152.6535, "TTT_sec_std": 175.9413151645801, "flow_mean": 113.2, "flow_std": 3.088177796899513, "n_runs": 20}}, {"type": "Feature", "geometry": {"type": "LineString", "coordinates": [[139.9499566507, 35.8943927705], [139.9503373501, 35.8922222296]]}, "properties": {"link_id": "I_11_533967_00939533967_01485", "road_id": "I_23_533967_00939533967_01485", "upnode": "533967_00939", "downnode": "533967_01485", "scenario": "no04", "slot_code": "745", "hhmm": "07:45", "V_kmh_mean": 22.46098510921508, "V_kmh_std": 1.2838272288928028, "TTT_sec_mean": 3490.803, "TTT_sec_std": 308.55163829704344, "flow_mean": 76.4, "flow_std": 5.519343973221534, "n_runs": 20}}, {"type": "Feature", "geometry": {"type": "LineString", "coordinates": [[139.9494352951, 35.8981089564], [139.949528, 35.898823], [139.949653, 35.899515], [139.9498460144, 35.9002211501], [139.949935299, 35.900542693], [139.9499535912, 35.9005872235]]}, "properties": {"link_id": "I_11_533967_00977533967_00978", "road_id": "I_23_533967_00977533967_00978", "upnode": "533967_00977", "downnode": "533967_00978", "scenario": "no04", "slot_code": "745", "hhmm": "07:45", "V_kmh_mean": 38.98445935033506, "V_kmh_std": 0.1977623198798291, "TTT_sec_mean": 3170.05, "TTT_sec_std": 193.0240817263892, "flow_mean": 109.6, "flow_std": 6.588666505127534, "n_runs": 20}}, {"type": "Feature", "geometry": {"type": "LineString", "coordinates": [[139.9495114027, 35.8977672205], [139.9494765891, 35.897478453], [139.949515, 35.897132], [139.949553, 35.896774], [139.9496765166, 35.8959544635]]}, "properties": {"link_id": "I_11_533967_00977533967_01421", "road_id": "I_23_533967_01421533967_00977", "upnode": "533967_00977", "downnode": "533967_01421", "scenario": "no04", "slot_code": "745", "hhmm": "07:45", "V_kmh_mean": 44.558282511236406, "V_kmh_std": 1.0681167305113135, "TTT_sec_mean": 1401.6145, "TTT_sec_std": 103.59337956264646, "flow_mean": 75.85, "flow_std": 4.760307376187956, "n_runs": 20}}, {"type": "Feature", "geometry": {"type": "LineString", "coordinates": [[139.9496890497, 35.8979443248], [139.9501679491, 35.8978888631], [139.9504490981, 35.8978387799], [139.9507337264, 35.8977927831], [139.951028, 35.897724], [139.9511315672, 35.8976763591]]}, "properties": {"link_id": "I_11_533967_00977533967_01425", "road_id": "I_23_533967_00977533967_01425", "upnode": "533967_00977", "downnode": "533967_01425", "scenario": "no04", "slot_code": "745", "hhmm": "07:45", "V_kmh_mean": 45.6088780570093, "V_kmh_std": 0.8361744741450473, "TTT_sec_mean": 801.7985, "TTT_sec_std": 90.59118716723177, "flow_mean": 63.0, "flow_std": 6.7199624059098815, "n_runs": 20}}, {"type": "Feature", "geometry": {"type": "LineString", "coordinates": [[139.949170358, 35.8979573514], [139.9481476301, 35.8980698969], [139.947253, 35.898157], [139.9471377592, 35.8981698046]]}, "properties": {"link_id": "I_11_533967_00977533967_01555", "road_id": "I_23_533967_00977533967_01555", "upnode": "533967_00977", "downnode": "533967_01555", "scenario": "no04", "slot_code": "745", "hhmm": "07:45", "V_kmh_mean": 48.11448419751866, "V_kmh_std": 0.3696197078738956, "TTT_sec_mean": 679.5235, "TTT_sec_std": 60.91632079941172, "flow_mean": 42.2, "flow_std": 3.764096312879306, "n_runs": 20}}, {"type": "Feature", "geometry": {"type": "LineString", "coordinates": [[139.9499811115, 35.9005769603], [139.9499574644, 35.9004964733], [139.949874189, 35.900177757], [139.9497043551, 35.8995067552], [139.949601491, 35.8987977081], [139.949510305, 35.898109181]]}, "properties": {"link_id": "I_11_533967_00978533967_00977", "road_id": "I_23_533967_00978533967_00977", "upnode": "533967_00978", "downnode": "533967_00977", "scenario": "no04", "slot_code": "745", "hhmm": "07:45", "V_kmh_mean": 24.998806845121763, "V_kmh_std": 2.144811483927861, "TTT_sec_mean": 3150.3920000000003, "TTT_sec_std": 336.9938784169919, "flow_mean": 67.4, "flow_std": 3.168928093718425, "n_runs": 20}}, {"type": "Feature", "geometry": {"type": "LineString", "coordinates": [[139.9542039866, 35.8906554123], [139.9543390131, 35.8915185877]]}, "properties": {"link_id": "I_11_533967_01268533967_00937", "road_id": "I_23_533967_00937533967_01268", "upnode": "533967_01268", "downnode": "533967_00937", "scenario": "no04", "slot_code": "745", "hhmm": "07:45", "V_kmh_mean": 16.51116613283755, "V_kmh_std": 1.637686302418837, "TTT_sec_mean": 2585.648, "TTT_sec_std": 282.99438703007223, "flow_mean": 92.1, "flow_std": 2.673456268775055, "n_runs": 20}}, {"type": "Feature", "geometry": {"type": "LineString", "coordinates": [[139.9529372543, 35.8918931444], [139.9542557463, 35.8917138569]]}, "properties": {"link_id": "I_11_533967_01405533967_00937", "road_id": "I_23_533967_00937533967_01405", "upnode": "533967_01405", "downnode": "533967_00937", "scenario": "no04", "slot_code": "745", "hhmm": "07:45", "V_kmh_mean": 8.591154350409202, "V_kmh_std": 0.3322491691002905, "TTT_sec_mean": 3219.5075, "TTT_sec_std": 247.1199607877455, "flow_mean": 47.8, "flow_std": 3.1556132109056243, "n_runs": 20}}, {"type": "Feature", "geometry": {"type": "LineString", "coordinates": [[139.9532715, 35.8937325], [139.953303, 35.893699], [139.953403, 35.893649], [139.9545264505, 35.8934833616]]}, "properties": {"link_id": "I_11_533967_01412533967_01657", "road_id": "I_23_533967_01412533967_01657", "upnode": "533967_01412", "downnode": "533967_01657", "scenario": "no04", "slot_code": "745", "hhmm": "07:45", "V_kmh_mean": 16.121545932969102, "V_kmh_std": 2.238414040886325, "TTT_sec_mean": 1213.078, "TTT_sec_std": 175.61806925376743, "flow_mean": 32.45, "flow_std": 1.2763022245616642, "n_runs": 20}}, {"type": "Feature", "geometry": {"type": "LineString", "coordinates": [[139.9521555206, 35.8967251631], [139.95159, 35.897257], [139.951365, 35.897424], [139.951165, 35.897532], [139.95094, 35.897649], [139.950728, 35.897715], [139.950428, 35.897782], [139.9501424425, 35.8978330047], [139.9496989433, 35.8979188908]]}, "properties": {"link_id": "I_11_533967_01418533967_00977", "road_id": "I_23_533967_01418533967_00977", "upnode": "533967_01418", "downnode": "533967_00977", "scenario": "no04", "slot_code": "745", "hhmm": "07:45", "V_kmh_mean": 34.04439502277826, "V_kmh_std": 0.7061096220612211, "TTT_sec_mean": 2494.6215, "TTT_sec_std": 159.4353039975447, "flow_mean": 72.55, "flow_std": 3.8040836783092646, "n_runs": 20}}, {"type": "Feature", "geometry": {"type": "LineString", "coordinates": [[139.9501996159, 35.8921631423], [139.949794385, 35.8943678578]]}, "properties": {"link_id": "I_11_533967_01485533967_00940", "road_id": "I_23_533967_00940533967_01485", "upnode": "533967_01485", "downnode": "533967_00940", "scenario": "no04", "slot_code": "745", "hhmm": "07:45", "V_kmh_mean": 23.61274285154744, "V_kmh_std": 1.225924322946334, "TTT_sec_mean": 4255.3285, "TTT_sec_std": 368.25170132561567, "flow_mean": 102.55, "flow_std": 6.012924675887329, "n_runs": 20}}, {"type": "Feature", "geometry": {"type": "LineString", "coordinates": [[139.9504636681, 35.8921291449], [139.950841, 35.892116], [139.95149, 35.892074], [139.952015, 35.892008], [139.952215, 35.891983], [139.9527184622, 35.8919214021]]}, "properties": {"link_id": "I_11_533967_01485533967_01405", "road_id": "I_23_533967_01485533967_01405", "upnode": "533967_01485", "downnode": "533967_01405", "scenario": "no04", "slot_code": "745", "hhmm": "07:45", "V_kmh_mean": 33.1740696607213, "V_kmh_std": 2.186814839836781, "TTT_sec_mean": 1307.5785, "TTT_sec_std": 124.8139733352674, "flow_mean": 52.45, "flow_std": 3.268268493769816, "n_runs": 20}}, {"type": "Feature", "geometry": {"type": "LineString", "coordinates": [[139.9501052621, 35.89207615], [139.9490387379, 35.8920968511]]}, "properties": {"link_id": "I_11_533967_01485533967_14021", "road_id": "I_23_533967_01485533967_14021", "upnode": "533967_01485", "downnode": "533967_14021", "scenario": "no04", "slot_code": "745", "hhmm": "07:45", "V_kmh_mean": 48.534457340124746, "V_kmh_std": 0.4492902524650384, "TTT_sec_mean": 406.4955, "TTT_sec_std": 38.75822255375386, "flow_mean": 49.35, "flow_std": 4.475371198953339, "n_runs": 20}}, {"type": "Feature", "geometry": {"type": "LineString", "coordinates": [[139.9503823865, 35.891934858], [139.950441, 35.891616], [139.950491, 35.891266], [139.950528, 35.890974], [139.950541, 35.890708], [139.950541, 35.890416], [139.950503, 35.890116], [139.950428, 35.889799], [139.950341, 35.889499], [139.950228, 35.889233], [139.950091, 35.88895], [139.949953, 35.888725], [139.949778, 35.888475], [139.949553, 35.888216], [139.949316, 35.887966], [139.9492550413, 35.8879147594]]}, "properties": {"link_id": "I_11_533967_01485533967_14155", "road_id": "I_23_533967_01485533967_14155", "upnode": "533967_01485", "downnode": "533967_14155", "scenario": "no04", "slot_code": "745", "hhmm": "07:45", "V_kmh_mean": 49.282084009590456, "V_kmh_std": 0.2691333567263894, "TTT_sec_mean": 2106.3720000000003, "TTT_sec_std": 155.4852574361956, "flow_mean": 56.95, "flow_std": 4.334379091088267, "n_runs": 20}}, {"type": "Feature", "geometry": {"type": "LineString", "coordinates": [[139.9471377592, 35.8981698046], [139.947253, 35.898157], [139.9481476301, 35.8980698969], [139.949170358, 35.8979573514]]}, "properties": {"link_id": "I_11_533967_01555533967_00977", "road_id": "I_23_533967_00977533967_01555", "upnode": "533967_01555", "downnode": "533967_00977", "scenario": "no04", "slot_code": "745", "hhmm": "07:45", "V_kmh_mean": 24.55767812089933, "V_kmh_std": 1.7901516518924043, "TTT_sec_mean": 1797.6845, "TTT_sec_std": 295.09589006171507, "flow_mean": 50.3, "flow_std": 6.7986066683975, "n_runs": 20}}, {"type": "Feature", "geometry": {"type": "LineString", "coordinates": [[139.9513924276, 35.8919793709], [139.950803, 35.892008], [139.9504766574, 35.8920199486]]}, "properties": {"link_id": "I_11_533967_01644533967_01485", "road_id": "I_23_533967_01485533967_01644", "upnode": "533967_01644", "downnode": "533967_01485", "scenario": "no04", "slot_code": "745", "hhmm": "07:45", "V_kmh_mean": 19.38807244040878, "V_kmh_std": 3.585273848957056, "TTT_sec_mean": 1199.308, "TTT_sec_std": 314.00881475391395, "flow_mean": 49.9, "flow_std": 4.789242331023054, "n_runs": 20}}, {"type": "Feature", "geometry": {"type": "LineString", "coordinates": [[139.9545021021, 35.8933779595], [139.953603, 35.893532], [139.953211936, 35.8935906598]]}, "properties": {"link_id": "I_11_533967_01657533967_01413", "road_id": "I_23_533967_01413533967_01657", "upnode": "533967_01657", "downnode": "533967_01413", "scenario": "no04", "slot_code": "745", "hhmm": "07:45", "V_kmh_mean": 46.21144180546533, "V_kmh_std": 2.5369691152760434, "TTT_sec_mean": 148.291, "TTT_sec_std": 24.021729176551364, "flow_mean": 13.0, "flow_std": 1.9194297398747864, "n_runs": 20}}, {"type": "Feature", "geometry": {"type": "LineString", "coordinates": [[139.9546456497, 35.8935563813], [139.9547426493, 35.8942342607]]}, "properties": {"link_id": "I_11_533967_01657533967_01658", "road_id": "I_23_533967_01657533967_01658", "upnode": "533967_01657", "downnode": "533967_01658", "scenario": "no04", "slot_code": "745", "hhmm": "07:45", "V_kmh_mean": 41.995306992922856, "V_kmh_std": 8.428647224404298, "TTT_sec_mean": 1317.005, "TTT_sec_std": 588.8097059992705, "flow_mean": 135.2, "flow_std": 4.034065469291036, "n_runs": 20}}, {"type": "Feature", "geometry": {"type": "LineString", "coordinates": [[139.9547225969, 35.8932521028], [139.9546027021, 35.8922725391]]}, "properties": {"link_id": "I_11_533967_01657533967_13308", "road_id": "I_23_533967_01657533967_13308", "upnode": "533967_01657", "downnode": "533967_13308", "scenario": "no04", "slot_code": "745", "hhmm": "07:45", "V_kmh_mean": 46.43780344354899, "V_kmh_std": 0.5622020742382121, "TTT_sec_mean": 1004.566, "TTT_sec_std": 57.6688465017474, "flow_mean": 97.7, "flow_std": 5.262578915522813, "n_runs": 20}}, {"type": "Feature", "geometry": {"type": "LineString", "coordinates": [[139.9548889001, 35.8942175995], [139.9547613989, 35.8935310425]]}, "properties": {"link_id": "I_11_533967_01659533967_01657", "road_id": "I_23_533967_01657533967_01659", "upnode": "533967_01659", "downnode": "533967_01657", "scenario": "no04", "slot_code": "745", "hhmm": "07:45", "V_kmh_mean": 19.06203876004697, "V_kmh_std": 1.7649000913583035, "TTT_sec_mean": 2309.115, "TTT_sec_std": 223.6688544889991, "flow_mean": 102.15, "flow_std": 4.782368935117714, "n_runs": 20}}, {"type": "Feature", "geometry": {"type": "LineString", "coordinates": [[139.9545735544, 35.8920938652], [139.9545064454, 35.8917301348]]}, "properties": {"link_id": "I_11_533967_13308533967_00937", "road_id": "I_23_533967_00937533967_13308", "upnode": "533967_13308", "downnode": "533967_00937", "scenario": "no04", "slot_code": "745", "hhmm": "07:45", "V_kmh_mean": 31.982062839805128, "V_kmh_std": 4.315135169161301, "TTT_sec_mean": 834.8340000000001, "TTT_sec_std": 115.818535667701, "flow_mean": 95.4, "flow_std": 5.4810678944123525, "n_runs": 20}}, {"type": "Feature", "geometry": {"type": "LineString", "coordinates": [[139.9493908278, 35.8967295879], [139.949378, 35.896824], [139.949353, 35.897157], [139.949353, 35.89754], [139.9493920585, 35.8977941978]]}, "properties": {"link_id": "I_11_533967_13718533967_00977", "road_id": "I_23_533967_00977533967_13718", "upnode": "533967_13718", "downnode": "533967_00977", "scenario": "no04", "slot_code": "745", "hhmm": "07:45", "V_kmh_mean": 11.901773339636964, "V_kmh_std": 1.3748229237757714, "TTT_sec_mean": 5259.9725, "TTT_sec_std": 734.9208974897265, "flow_mean": 103.85, "flow_std": 5.769931131578427, "n_runs": 20}}, {"type": "Feature", "geometry": {"type": "LineString", "coordinates": [[139.9465500153, 35.8863109353], [139.946704, 35.886383], [139.947066, 35.886566], [139.947404, 35.88675], [139.947791, 35.886975], [139.948216, 35.887241], [139.948628, 35.887541], [139.948966, 35.887791], [139.949228, 35.888025], [139.949491, 35.888291], [139.949691, 35.888516], [139.949866, 35.888775], [139.950003, 35.889008], [139.950128, 35.889266], [139.950241, 35.889533], [139.950328, 35.889833], [139.950391, 35.890133], [139.950416, 35.890416], [139.950428, 35.890724], [139.950416, 35.890991], [139.950366, 35.891266], [139.950303, 35.891633], [139.9502335568, 35.8919850056]]}, "properties": {"link_id": "I_11_533967_13845533967_01485", "road_id": "I_23_533967_01485533967_13845", "upnode": "533967_13845", "downnode": "533967_01485", "scenario": "no04", "slot_code": "745", "hhmm": "07:45", "V_kmh_mean": 31.99584711701349, "V_kmh_std": 1.1229756518933558, "TTT_sec_mean": 7600.1705, "TTT_sec_std": 369.3153851096433, "flow_mean": 83.0, "flow_std": 2.846974386589161, "n_runs": 20}}, {"type": "Feature", "geometry": {"type": "LineString", "coordinates": [[139.9490387379, 35.8920968511], [139.9501052621, 35.89207615]]}, "properties": {"link_id": "I_11_533967_14021533967_01485", "road_id": "I_23_533967_01485533967_14021", "upnode": "533967_14021", "downnode": "533967_01485", "scenario": "no04", "slot_code": "745", "hhmm": "07:45", "V_kmh_mean": 8.623264356251616, "V_kmh_std": 0.9169090701237752, "TTT_sec_mean": 2258.7645, "TTT_sec_std": 436.7430853786383, "flow_mean": 39.35, "flow_std": 4.625728961045237, "n_runs": 20}}]}