{"type": "FeatureCollection", "features": [{"type": "Feature", "geometry": {"type": "LineString", "coordinates": [[139.9450428346, 35.887730428], [139.9451401651, 35.8883595721]]}, "properties": {"link_id": "533967_00280_11490_0", "road_id": "533967_00280_11490", "upnode": "533967_00280", "downnode": "533967_11490", "scenario": "no03", "slot_code": "1415", "hhmm": "14:15", "V_kmh_mean": 52.33888520540428, "V_kmh_std": 0.2600496948802809, "TTT_sec_mean": 1213.275, "TTT_sec_std": 17.94732511956496, "flow_mean": 150.5, "flow_std": 1.9056702094980729, "n_runs": 20}}, {"type": "Feature", "geometry": {"type": "LineString", "coordinates": [[139.9451401651, 35.8883595721], [139.9450428346, 35.887730428]]}, "properties": {"link_id": "533967_00280_11490_1", "road_id": "533967_00280_11490", "upnode": "533967_11490", "downnode": "533967_00280", "scenario": "no03", "slot_code": "1415", "hhmm": "14:15", "V_kmh_mean": 49.46836578755306, "V_kmh_std": 0.2017312422210763, "TTT_sec_mean": 1017.985, "TTT_sec_std": 62.71265133003153, "flow_mean": 119.25, "flow_std": 7.318865313262991, "n_runs": 20}}, {"type": "Feature", "geometry": {"type": "LineString", "coordinates": [[139.9450142106, 35.8875516733], [139.944843789, 35.8865223268]]}, "properties": {"link_id": "533967_00280_13214_0", "road_id": "533967_00280_13214", "upnode": "533967_00280", "downnode": "533967_13214", "scenario": "no03", "slot_code": "1415", "hhmm": "14:15", "V_kmh_mean": 45.43755275198639, "V_kmh_std": 0.0341094077680297, "TTT_sec_mean": 1327.749, "TTT_sec_std": 85.04965347867156, "flow_mean": 120.65, "flow_std": 7.734236940554096, "n_runs": 20}}, {"type": "Feature", "geometry": {"type": "LineString", "coordinates": [[139.944843789, 35.8865223268], [139.9450142106, 35.8875516733]]}, "properties": {"link_id": "533967_00280_13214_1", "road_id": "533967_00280_13214", "upnode": "533967_13214", "downnode": "533967_00280", "scenario": "no03", "slot_code": "1415", "hhmm": "14:15", "V_kmh_mean": 50.50980935728711, "V_kmh_std": 0.2037181291520549, "TTT_sec_mean": 1706.205, "TTT_sec_std": 17.486713602949536, "flow_mean": 150.65, "flow_std": 1.2258187382102492, "n_runs": 20}}, {"type": "Feature", "geometry": {"type": "LineString", "coordinates": [[139.9426152514, 35.8901115423], [139.9425047484, 35.8900704579]]}, "properties": {"link_id": "533967_00285_11494_0", "road_id": "533967_00285_11494", "upnode": "533967_00285", "downnode": "533967_11494", "scenario": "no03", "slot_code": "1415", "hhmm": "14:15", "V_kmh_mean": 52.10909525307632, "V_kmh_std": 3.585751527192598, "TTT_sec_mean": 9.93625, "TTT_sec_std": 4.822275914959658, "flow_mean": 1.85, "flow_std": 1.348488432516786, "n_runs": 20}}, {"type": "Feature", "geometry": {"type": "LineString", "coordinates": [[139.9425047484, 35.8900704579], [139.9426152514, 35.8901115423]]}, "properties": {"link_id": "533967_00285_11494_1", "road_id": "533967_00285_11494", "upnode": "533967_11494", "downnode": "533967_00285", "scenario": "no03", "slot_code": "1415", "hhmm": "14:15", "V_kmh_mean": 44.36945454545455, "V_kmh_std": 0.1835568542639613, "TTT_sec_mean": 99.05, "TTT_sec_std": 4.352585438564073, "flow_mean": 19.85, "flow_std": 0.8750939799154202, "n_runs": 20}}, {"type": "Feature", "geometry": {"type": "LineString", "coordinates": [[139.9428154056, 35.8901887629], [139.9437415934, 35.890559238]]}, "properties": {"link_id": "533967_00285_11497_0", "road_id": "533967_00285_11497", "upnode": "533967_00285", "downnode": "533967_11497", "scenario": "no03", "slot_code": "1415", "hhmm": "14:15", "V_kmh_mean": 52.168233604255946, "V_kmh_std": 0.1763488807867854, "TTT_sec_mean": 200.4025, "TTT_sec_std": 10.346820958505484, "flow_mean": 20.0, "flow_std": 1.025978352085154, "n_runs": 20}}, {"type": "Feature", "geometry": {"type": "LineString", "coordinates": [[139.9437415934, 35.890559238], [139.9428154056, 35.8901887629]]}, "properties": {"link_id": "533967_00285_11497_1", "road_id": "533967_00285_11497", "upnode": "533967_11497", "downnode": "533967_00285", "scenario": "no03", "slot_code": "1415", "hhmm": "14:15", "V_kmh_mean": 48.87765562875823, "V_kmh_std": 1.6459406356458277, "TTT_sec_mean": 22.750625, "TTT_sec_std": 11.68818575528298, "flow_mean": 1.7, "flow_std": 1.3018205875255098, "n_runs": 20}}, {"type": "Feature", "geometry": {"type": "LineString", "coordinates": [[139.9418617566, 35.9028680125], [139.941045242, 35.9022189881]]}, "properties": {"link_id": "533967_00319_00539_0", "road_id": "533967_00319_00539", "upnode": "533967_00319", "downnode": "533967_00539", "scenario": "no03", "slot_code": "1415", "hhmm": "14:15", "V_kmh_mean": 27.67375987029115, "V_kmh_std": 2.8194846352613685, "TTT_sec_mean": 1701.7424999999998, "TTT_sec_std": 223.23787869197895, "flow_mean": 88.65, "flow_std": 3.977237867242992, "n_runs": 20}}, {"type": "Feature", "geometry": {"type": "LineString", "coordinates": [[139.941045242, 35.9022189881], [139.9418617566, 35.9028680125]]}, "properties": {"link_id": "533967_00319_00539_1", "road_id": "533967_00319_00539", "upnode": "533967_00539", "downnode": "533967_00319", "scenario": "no03", "slot_code": "1415", "hhmm": "14:15", "V_kmh_mean": 20.71441982896908, "V_kmh_std": 0.6533977187048701, "TTT_sec_mean": 2178.1855, "TTT_sec_std": 140.57877475018464, "flow_mean": 86.05, "flow_std": 5.762629151424036, "n_runs": 20}}, {"type": "Feature", "geometry": {"type": "LineString", "coordinates": [[139.9418640277, 35.902995825], [139.940091, 35.904489], [139.9400529799, 35.9045226462]]}, "properties": {"link_id": "533967_00319_01435_0", "road_id": "533967_00319_01435", "upnode": "533967_00319", "downnode": "533967_01435", "scenario": "no03", "slot_code": "1415", "hhmm": "14:15", "V_kmh_mean": null, "V_kmh_std": null, "TTT_sec_mean": null, "TTT_sec_std": null, "flow_mean": 0.0, "flow_std": 0.0, "n_runs": 20}}, {"type": "Feature", "geometry": {"type": "LineString", "coordinates": [[139.9400529799, 35.9045226462], [139.940091, 35.904489], [139.9418640277, 35.902995825]]}, "properties": {"link_id": "533967_00319_01435_1", "road_id": "533967_00319_01435", "upnode": "533967_01435", "downnode": "533967_00319", "scenario": "no03", "slot_code": "1415", "hhmm": "14:15", "V_kmh_mean": null, "V_kmh_std": null, "TTT_sec_mean": null, "TTT_sec_std": null, "flow_mean": 0.0, "flow_std": 0.0, "n_runs": 20}}, {"type": "Feature", "geometry": {"type": "LineString", "coordinates": [[139.9420210106, 35.9029933423], [139.9436359867, 35.9042516589]]}, "properties": {"link_id": "533967_00319_11518_0", "road_id": "533967_00319_11518", "upnode": "533967_00319", "downnode": "533967_11518", "scenario": "no03", "slot_code": "1415", "hhmm": "14:15", "V_kmh_mean": 29.932564990845123, "V_kmh_std": 0.0265471920364357, "TTT_sec_mean": 2506.557, "TTT_sec_std": 167.29040870043295, "flow_mean": 86.05, "flow_std": 5.762629151424036, "n_runs": 20}}, {"type": "Feature", "geometry": {"type": "LineString", "coordinates": [[139.9436359867, 35.9042516589], [139.9420210106, 35.9029933423]]}, "properties": {"link_id": "533967_00319_11518_1", "road_id": "533967_00319_11518", "upnode": "533967_11518", "downnode": "533967_00319", "scenario": "no03", "slot_code": "1415", "hhmm": "14:15", "V_kmh_mean": 32.525774460941875, "V_kmh_std": 2.0118874432506484, "TTT_sec_mean": 2398.3845, "TTT_sec_std": 166.5335154026613, "flow_mean": 88.9, "flow_std": 3.2428058026474877, "n_runs": 20}}, {"type": "Feature", "geometry": {"type": "LineString", "coordinates": [[139.9420167673, 35.9028652421], [139.943016, 35.901998], [139.943041, 35.90194], [139.943103, 35.901148], [139.943166, 35.901131], [139.943553, 35.901215], [139.943753, 35.901231], [139.943878, 35.90124], [139.943928, 35.901281], [139.943991, 35.901323], [139.944091, 35.90134], [139.944628, 35.901356], [139.945278, 35.901381], [139.945753, 35.901398], [139.945905295, 35.9013933675]]}, "properties": {"link_id": "533967_00319_87770_0", "road_id": "533967_00319_87770", "upnode": "533967_00319", "downnode": "533967_87770", "scenario": "no03", "slot_code": "1415", "hhmm": "14:15", "V_kmh_mean": null, "V_kmh_std": null, "TTT_sec_mean": null, "TTT_sec_std": null, "flow_mean": 0.0, "flow_std": 0.0, "n_runs": 20}}, {"type": "Feature", "geometry": {"type": "LineString", "coordinates": [[139.945905295, 35.9013933675], [139.945753, 35.901398], [139.945278, 35.901381], [139.944628, 35.901356], [139.944091, 35.90134], [139.943991, 35.901323], [139.943928, 35.901281], [139.943878, 35.90124], [139.943753, 35.901231], [139.943553, 35.901215], [139.943166, 35.901131], [139.943103, 35.901148], [139.943041, 35.90194], [139.943016, 35.901998], [139.9420167673, 35.9028652421]]}, "properties": {"link_id": "533967_00319_87770_1", "road_id": "533967_00319_87770", "upnode": "533967_87770", "downnode": "533967_00319", "scenario": "no03", "slot_code": "1415", "hhmm": "14:15", "V_kmh_mean": null, "V_kmh_std": null, "TTT_sec_mean": null, "TTT_sec_std": null, "flow_mean": 0.0, "flow_std": 0.0, "n_runs": 20}}, {"type": "Feature", "geometry": {"type": "LineString", "coordinates": [[139.9444485123, 35.8909072394], [139.943904, 35.891974], [139.9435091783, 35.8927329959]]}, "properties": {"link_id": "533967_00532_00534_0", "road_id": "533967_00532_00534", "upnode": "533967_00532", "downnode": "533967_00534", "scenario": "no03", "slot_code": "1415", "hhmm": "14:15", "V_kmh_mean": 22.88470271233466, "V_kmh_std": 3.703738454900349, "TTT_sec_mean": 6097.352, "TTT_sec_std": 1370.5650301728228, "flow_mean": 138.5, "flow_std": 5.916079783099615, "n_runs": 20}}, {"type": "Feature", "geometry": {"type": "LineString", "coordinates": [[139.9435091783, 35.8927329959], [139.943904, 35.891974], [139.9444485123, 35.8909072394]]}, "properties": {"link_id": "533967_00532_00534_1", "road_id": "533967_00532_00534", "upnode": "533967_00534", "downnode": "533967_00532", "scenario": "no03", "slot_code": "1415", "hhmm": "14:15", "V_kmh_mean": 28.111306943196137, "V_kmh_std": 1.7291470303173089, "TTT_sec_mean": 3296.733, "TTT_sec_std": 312.8406479528818, "flow_mean": 94.9, "flow_std": 8.521798673494871, "n_runs": 20}}, {"type": "Feature", "geometry": {"type": "LineString", "coordinates": [[139.9445918532, 35.8908612725], [139.9455401458, 35.8912117284]]}, "properties": {"link_id": "533967_00532_01530_0", "road_id": "533967_00532_01530", "upnode": "533967_00532", "downnode": "533967_01530", "scenario": "no03", "slot_code": "1415", "hhmm": "14:15", "V_kmh_mean": 45.77370411929577, "V_kmh_std": 6.061554561584312, "TTT_sec_mean": 484.28100000000006, "TTT_sec_std": 134.06640490914629, "flow_mean": 41.05, "flow_std": 6.9242138067874, "n_runs": 20}}, {"type": "Feature", "geometry": {"type": "LineString", "coordinates": [[139.9455401458, 35.8912117284], [139.9445918532, 35.8908612725]]}, "properties": {"link_id": "533967_00532_01530_1", "road_id": "533967_00532_01530", "upnode": "533967_01530", "downnode": "533967_00532", "scenario": "no03", "slot_code": "1415", "hhmm": "14:15", "V_kmh_mean": 6.715065220712996, "V_kmh_std": 0.9025194505588694, "TTT_sec_mean": 4048.096, "TTT_sec_std": 803.7747092798419, "flow_mean": 50.65, "flow_std": 4.3802787702683, "n_runs": 20}}, {"type": "Feature", "geometry": {"type": "LineString", "coordinates": [[139.9445406168, 35.8907539814], [139.9445835594, 35.8906713539], [139.944829, 35.890158], [139.944966, 35.889874], [139.945054, 35.889624], [139.945116, 35.889399], [139.945154, 35.889024], [139.945179, 35.888708], [139.9451626734, 35.888538857]]}, "properties": {"link_id": "533967_00532_11490_0", "road_id": "533967_00532_11490", "upnode": "533967_00532", "downnode": "533967_11490", "scenario": "no03", "slot_code": "1415", "hhmm": "14:15", "V_kmh_mean": 47.9161682460262, "V_kmh_std": 0.1582148310589431, "TTT_sec_mean": 2536.6395, "TTT_sec_std": 151.07114303410685, "flow_mean": 118.85, "flow_std": 7.234966264061309, "n_runs": 20}}, {"type": "Feature", "geometry": {"type": "LineString", "coordinates": [[139.9451626734, 35.888538857], [139.945179, 35.888708], [139.945154, 35.889024], [139.945116, 35.889399], [139.945054, 35.889624], [139.944966, 35.889874], [139.944829, 35.890158], [139.9445835594, 35.8906713539], [139.9445406168, 35.8907539814]]}, "properties": {"link_id": "533967_00532_11490_1", "road_id": "533967_00532_11490", "upnode": "533967_11490", "downnode": "533967_00532", "scenario": "no03", "slot_code": "1415", "hhmm": "14:15", "V_kmh_mean": 24.505471270736567, "V_kmh_std": 2.596482505408146, "TTT_sec_mean": 6096.8305, "TTT_sec_std": 699.8071089309276, "flow_mean": 144.95, "flow_std": 3.6774562146307503, "n_runs": 20}}, {"type": "Feature", "geometry": {"type": "LineString", "coordinates": [[139.9443890716, 35.8907887174], [139.943942928, 35.8906342831]]}, "properties": {"link_id": "533967_00532_11497_0", "road_id": "533967_00532_11497", "upnode": "533967_00532", "downnode": "533967_11497", "scenario": "no03", "slot_code": "1415", "hhmm": "14:15", "V_kmh_mean": 43.584376470666925, "V_kmh_std": 4.934514573320709, "TTT_sec_mean": 13.133333333333333, "TTT_sec_std": 7.689294660822434, "flow_mean": 1.3, "flow_std": 1.1285761872936697, "n_runs": 20}}, {"type": "Feature", "geometry": {"type": "LineString", "coordinates": [[139.943942928, 35.8906342831], [139.9443890716, 35.8907887174]]}, "properties": {"link_id": "533967_00532_11497_1", "road_id": "533967_00532_11497", "upnode": "533967_11497", "downnode": "533967_00532", "scenario": "no03", "slot_code": "1415", "hhmm": "14:15", "V_kmh_mean": 8.474126908234949, "V_kmh_std": 1.1434516195700437, "TTT_sec_mean": 872.2969999999999, "TTT_sec_std": 160.96398525266778, "flow_mean": 22.35, "flow_std": 1.785172850248165, "n_runs": 20}}, {"type": "Feature", "geometry": {"type": "LineString", "coordinates": [[139.9382330198, 35.8925024977], [139.93818798, 35.8923125023]]}, "properties": {"link_id": "533967_00533_11502_0", "road_id": "533967_00533_11502", "upnode": "533967_00533", "downnode": "533967_11502", "scenario": "no03", "slot_code": "1415", "hhmm": "14:15", "V_kmh_mean": 32.72793327174034, "V_kmh_std": 0.1509480806641423, "TTT_sec_mean": 492.3085, "TTT_sec_std": 36.73993414242156, "flow_mean": 80.5, "flow_std": 6.048053188292993, "n_runs": 20}}, {"type": "Feature", "geometry": {"type": "LineString", "coordinates": [[139.93818798, 35.8923125023], [139.9382330198, 35.8925024977]]}, "properties": {"link_id": "533967_00533_11502_1", "road_id": "533967_00533_11502", "upnode": "533967_11502", "downnode": "533967_00533", "scenario": "no03", "slot_code": "1415", "hhmm": "14:15", "V_kmh_mean": 45.3377135042218, "V_kmh_std": 0.5483367931494663, "TTT_sec_mean": 268.6355, "TTT_sec_std": 5.680996460962955, "flow_mean": 44.45, "flow_std": 0.7591546545162482, "n_runs": 20}}, {"type": "Feature", "geometry": {"type": "LineString", "coordinates": [[139.9383621582, 35.8925715422], [139.9399078426, 35.8922934593]]}, "properties": {"link_id": "533967_00533_11503_0", "road_id": "533967_00533_11503", "upnode": "533967_00533", "downnode": "533967_11503", "scenario": "no03", "slot_code": "1415", "hhmm": "14:15", "V_kmh_mean": 30.39300716784657, "V_kmh_std": 0.0456503984424824, "TTT_sec_mean": 975.8265, "TTT_sec_std": 38.88801212591434, "flow_mean": 44.15, "flow_std": 1.755442664221313, "n_runs": 20}}, {"type": "Feature", "geometry": {"type": "LineString", "coordinates": [[139.9399078426, 35.8922934593], [139.9383621582, 35.8925715422]]}, "properties": {"link_id": "533967_00533_11503_1", "road_id": "533967_00533_11503", "upnode": "533967_11503", "downnode": "533967_00533", "scenario": "no03", "slot_code": "1415", "hhmm": "14:15", "V_kmh_mean": 31.85337054753868, "V_kmh_std": 0.0570102705862553, "TTT_sec_mean": 1724.947, "TTT_sec_std": 123.71387149811714, "flow_mean": 81.75, "flow_std": 5.874790029842501, "n_runs": 20}}, {"type": "Feature", "geometry": {"type": "LineString", "coordinates": [[139.9381458687, 35.8926105567], [139.9362001323, 35.8929624452]]}, "properties": {"link_id": "533967_00533_11505_0", "road_id": "533967_00533_11505", "upnode": "533967_00533", "downnode": "533967_11505", "scenario": "no03", "slot_code": "1415", "hhmm": "14:15", "V_kmh_mean": 29.96544160614737, "V_kmh_std": 0.5045441525159758, "TTT_sec_mean": 39.625, "TTT_sec_std": 19.26961373077658, "flow_mean": 1.2, "flow_std": 0.8944271909999159, "n_runs": 20}}, {"type": "Feature", "geometry": {"type": "LineString", "coordinates": [[139.9362001323, 35.8929624452], [139.9381458687, 35.8926105567]]}, "properties": {"link_id": "533967_00533_11505_1", "road_id": "533967_00533_11505", "upnode": "533967_11505", "downnode": "533967_00533", "scenario": "no03", "slot_code": "1415", "hhmm": "14:15", "V_kmh_mean": 30.012774725274724, "V_kmh_std": 1.0913736263736251, "TTT_sec_mean": 26.5, "TTT_sec_std": 0.9999999999999996, "flow_mean": 0.2, "flow_std": 0.4103913408340617, "n_runs": 20}}, {"type": "Feature", "geometry": {"type": "LineString", "coordinates": [[139.9434240692, 35.8928994265], [139.9418829341, 35.8959655741]]}, "properties": {"link_id": "533967_00534_00766_0", "road_id": "533967_00534_00766", "upnode": "533967_00534", "downnode": "533967_00766", "scenario": "no03", "slot_code": "1415", "hhmm": "14:15", "V_kmh_mean": 31.76731422786632, "V_kmh_std": 2.1690414353541643, "TTT_sec_mean": 3463.773, "TTT_sec_std": 274.76817206510657, "flow_mean": 74.25, "flow_std": 3.5224841712692045, "n_runs": 20}}, {"type": "Feature", "geometry": {"type": "LineString", "coordinates": [[139.9418829341, 35.8959655741], [139.9434240692, 35.8928994265]]}, "properties": {"link_id": "533967_00534_00766_1", "road_id": "533967_00534_00766", "upnode": "533967_00766", "downnode": "533967_00534", "scenario": "no03", "slot_code": "1415", "hhmm": "14:15", "V_kmh_mean": 28.090780152397382, "V_kmh_std": 1.4562112435838868, "TTT_sec_mean": 2845.266, "TTT_sec_std": 475.0748972907215, "flow_mean": 53.95, "flow_std": 7.870497877650768, "n_runs": 20}}, {"type": "Feature", "geometry": {"type": "LineString", "coordinates": [[139.9433656301, 35.8927778692], [139.9429293694, 35.8926121312]]}, "properties": {"link_id": "533967_00534_11504_0", "road_id": "533967_00534_11504", "upnode": "533967_00534", "downnode": "533967_11504", "scenario": "no03", "slot_code": "1415", "hhmm": "14:15", "V_kmh_mean": 29.1346679305778, "V_kmh_std": 0.1516687286996342, "TTT_sec_mean": 796.7875, "TTT_sec_std": 61.13645461502273, "flow_mean": 74.2, "flow_std": 5.653131409833145, "n_runs": 20}}, {"type": "Feature", "geometry": {"type": "LineString", "coordinates": [[139.9429293694, 35.8926121312], [139.9433656301, 35.8927778692]]}, "properties": {"link_id": "533967_00534_11504_1", "road_id": "533967_00534_11504", "upnode": "533967_11504", "downnode": "533967_00534", "scenario": "no03", "slot_code": "1415", "hhmm": "14:15", "V_kmh_mean": 8.297689706726851, "V_kmh_std": 0.8571165078224406, "TTT_sec_mean": 1769.575, "TTT_sec_std": 209.1674501320338, "flow_mean": 46.35, "flow_std": 3.3915529745158586, "n_runs": 20}}, {"type": "Feature", "geometry": {"type": "LineString", "coordinates": [[139.9376891689, 35.9000977667], [139.938141, 35.90029], [139.938566, 35.900498], [139.9389093803, 35.9006681224]]}, "properties": {"link_id": "533967_00535_00538_0", "road_id": "I_23_0129024146216", "upnode": "I_22_533967_-00008", "downnode": "533967_00538", "scenario": "no03", "slot_code": "1415", "hhmm": "14:15", "V_kmh_mean": 12.066691655894903, "V_kmh_std": 0.4180642034841038, "TTT_sec_mean": 3541.0090000000005, "TTT_sec_std": 267.5100773291197, "flow_mean": 73.15, "flow_std": 4.404244364366338, "n_runs": 20}}, {"type": "Feature", "geometry": {"type": "LineString", "coordinates": [[139.9342160847, 35.8987198209], [139.933842, 35.898582], [139.933504, 35.898482], [139.933154, 35.898415], [139.932804, 35.898382], [139.9326277782, 35.8983820001]]}, "properties": {"link_id": "533967_00535_00538_1", "road_id": "I_23_0129024139398", "upnode": "I_22_533967_-00007", "downnode": "533967_00535", "scenario": "no03", "slot_code": "1415", "hhmm": "14:15", "V_kmh_mean": 15.247636591000486, "V_kmh_std": 1.0790369742161596, "TTT_sec_mean": 3295.57, "TTT_sec_std": 420.9791347498554, "flow_mean": 79.8, "flow_std": 5.754632001586566, "n_runs": 20}}, {"type": "Feature", "geometry": {"type": "LineString", "coordinates": [[139.9325188518, 35.8982918789], [139.932529, 35.897798], [139.932542, 35.897548], [139.932604, 35.897265], [139.932667, 35.89709], [139.933254, 35.895774], [139.933404, 35.895449], [139.933629, 35.895049], [139.9340574237, 35.894296779]]}, "properties": {"link_id": "533967_00535_00609_0", "road_id": "533967_00535_00609", "upnode": "533967_00535", "downnode": "533967_00609", "scenario": "no03", "slot_code": "1415", "hhmm": "14:15", "V_kmh_mean": 30.001258598949125, "V_kmh_std": 0.0349839522361478, "TTT_sec_mean": 4282.525, "TTT_sec_std": 214.5318867600854, "flow_mean": 69.65, "flow_std": 3.468277291166473, "n_runs": 20}}, {"type": "Feature", "geometry": {"type": "LineString", "coordinates": [[139.9340574237, 35.894296779], [139.933629, 35.895049], [139.933404, 35.895449], [139.933254, 35.895774], [139.932667, 35.89709], [139.932604, 35.897265], [139.932542, 35.897548], [139.932529, 35.897798], [139.9325188518, 35.8982918789]]}, "properties": {"link_id": "533967_00535_00609_1", "road_id": "533967_00535_00609", "upnode": "533967_00609", "downnode": "533967_00535", "scenario": "no03", "slot_code": "1415", "hhmm": "14:15", "V_kmh_mean": 21.36732812091487, "V_kmh_std": 1.192602835811618, "TTT_sec_mean": 5123.2265, "TTT_sec_std": 426.608565972121, "flow_mean": 58.9, "flow_std": 3.226534722545144, "n_runs": 20}}, {"type": "Feature", "geometry": {"type": "LineString", "coordinates": [[139.9324065918, 35.8983893607], [139.932142, 35.898407], [139.931842, 35.89844], [139.931592, 35.89849], [139.9313581094, 35.8985591985]]}, "properties": {"link_id": "533967_00535_11512_0", "road_id": "533967_00535_11512", "upnode": "533967_00535", "downnode": "533967_11512", "scenario": "no03", "slot_code": "1415", "hhmm": "14:15", "V_kmh_mean": 45.2808864592911, "V_kmh_std": 0.2763109264901215, "TTT_sec_mean": 1031.12, "TTT_sec_std": 62.09566812588462, "flow_mean": 89.5, "flow_std": 5.306401298134368, "n_runs": 20}}, {"type": "Feature", "geometry": {"type": "LineString", "coordinates": [[139.9313581094, 35.8985591985], [139.931592, 35.89849], [139.931842, 35.89844], [139.932142, 35.898407], [139.9324065918, 35.8983893607]]}, "properties": {"link_id": "533967_00535_11512_1", "road_id": "533967_00535_11512", "upnode": "533967_11512", "downnode": "533967_00535", "scenario": "no03", "slot_code": "1415", "hhmm": "14:15", "V_kmh_mean": 13.952979797873176, "V_kmh_std": 0.783107161738564, "TTT_sec_mean": 3291.125, "TTT_sec_std": 188.4858604916112, "flow_mean": 87.2, "flow_std": 2.5464113034456544, "n_runs": 20}}, {"type": "Feature", "geometry": {"type": "LineString", "coordinates": [[139.9325102458, 35.898471966], [139.932492, 35.898715], [139.9324071086, 35.8992167086]]}, "properties": {"link_id": "533967_00535_14018_0", "road_id": "533967_00535_14018", "upnode": "533967_00535", "downnode": "533967_14018", "scenario": "no03", "slot_code": "1415", "hhmm": "14:15", "V_kmh_mean": 42.76075748510927, "V_kmh_std": 0.808255399470708, "TTT_sec_mean": 415.821, "TTT_sec_std": 40.97375435953836, "flow_mean": 37.65, "flow_std": 3.498495917420875, "n_runs": 20}}, {"type": "Feature", "geometry": {"type": "LineString", "coordinates": [[139.9324071086, 35.8992167086], [139.932492, 35.898715], [139.9325102458, 35.898471966]]}, "properties": {"link_id": "533967_00535_14018_1", "road_id": "533967_00535_14018", "upnode": "533967_14018", "downnode": "533967_00535", "scenario": "no03", "slot_code": "1415", "hhmm": "14:15", "V_kmh_mean": 13.28604862799159, "V_kmh_std": 1.515059392659045, "TTT_sec_mean": 1839.0465, "TTT_sec_std": 244.05094410529173, "flow_mean": 50.9, "flow_std": 2.971797258792803, "n_runs": 20}}, {"type": "Feature", "geometry": {"type": "LineString", "coordinates": [[139.9303339038, 35.8988440368], [139.9311490969, 35.898618964]]}, "properties": {"link_id": "533967_00536_11512_0", "road_id": "533967_00536_11512", "upnode": "533967_00536", "downnode": "533967_11512", "scenario": "no03", "slot_code": "1415", "hhmm": "14:15", "V_kmh_mean": 30.209660414694135, "V_kmh_std": 0.039726864497085, "TTT_sec_mean": 1235.6975, "TTT_sec_std": 18.687000794247638, "flow_mean": 88.1, "flow_std": 1.2937094768634545, "n_runs": 20}}, {"type": "Feature", "geometry": {"type": "LineString", "coordinates": [[139.9311490969, 35.898618964], [139.9303339038, 35.8988440368]]}, "properties": {"link_id": "533967_00536_11512_1", "road_id": "533967_00536_11512", "upnode": "533967_11512", "downnode": "533967_00536", "scenario": "no03", "slot_code": "1415", "hhmm": "14:15", "V_kmh_mean": 43.04100077375767, "V_kmh_std": 0.1363747463894739, "TTT_sec_mean": 717.0485, "TTT_sec_std": 45.67400807265607, "flow_mean": 88.2, "flow_std": 5.653131409833145, "n_runs": 20}}, {"type": "Feature", "geometry": {"type": "LineString", "coordinates": [[139.9390888177, 35.9007729812], [139.939516, 35.901065], [139.939854, 35.901306], [139.9408852599, 35.9020942841]]}, "properties": {"link_id": "533967_00538_00539_0", "road_id": "533967_00538_00539", "upnode": "533967_00538", "downnode": "533967_00539", "scenario": "no03", "slot_code": "1415", "hhmm": "14:15", "V_kmh_mean": 23.773130439394887, "V_kmh_std": 1.1079236176318643, "TTT_sec_mean": 2843.812, "TTT_sec_std": 240.76070521315745, "flow_mean": 69.2, "flow_std": 4.490926524964706, "n_runs": 20}}, {"type": "Feature", "geometry": {"type": "LineString", "coordinates": [[139.9408852599, 35.9020942841], [139.939854, 35.901306], [139.939516, 35.901065], [139.9390888177, 35.9007729812]]}, "properties": {"link_id": "533967_00538_00539_1", "road_id": "533967_00538_00539", "upnode": "533967_00539", "downnode": "533967_00538", "scenario": "no03", "slot_code": "1415", "hhmm": "14:15", "V_kmh_mean": 21.475514828598357, "V_kmh_std": 3.1417397281370563, "TTT_sec_mean": 4164.578, "TTT_sec_std": 783.544020223094, "flow_mean": 89.45, "flow_std": 6.59724823017342, "n_runs": 20}}, {"type": "Feature", "geometry": {"type": "LineString", "coordinates": [[139.9390652129, 35.9006398758], [139.939554, 35.90004], [139.939841, 35.899673], [139.940104, 35.899315], [139.9402650477, 35.8990620339]]}, "properties": {"link_id": "533967_00538_11513_0", "road_id": "533967_00538_11513", "upnode": "533967_00538", "downnode": "533967_11513", "scenario": "no03", "slot_code": "1415", "hhmm": "14:15", "V_kmh_mean": 45.80885452845183, "V_kmh_std": 1.6002725717231885, "TTT_sec_mean": 1790.351, "TTT_sec_std": 143.74368445256997, "flow_mean": 88.6, "flow_std": 4.816637831516919, "n_runs": 20}}, {"type": "Feature", "geometry": {"type": "LineString", "coordinates": [[139.9402650477, 35.8990620339], [139.940104, 35.899315], [139.939841, 35.899673], [139.939554, 35.90004], [139.9390652129, 35.9006398758]]}, "properties": {"link_id": "533967_00538_11513_1", "road_id": "533967_00538_11513", "upnode": "533967_11513", "downnode": "533967_00538", "scenario": "no03", "slot_code": "1415", "hhmm": "14:15", "V_kmh_mean": 20.206258614156475, "V_kmh_std": 1.364536298106481, "TTT_sec_mean": 3340.2470000000003, "TTT_sec_std": 292.09544355984235, "flow_mean": 72.6, "flow_std": 3.871624166187949, "n_runs": 20}}, {"type": "Feature", "geometry": {"type": "LineString", "coordinates": [[139.9408856941, 35.9022180898], [139.940653, 35.902398], [139.9388550773, 35.9039082569]]}, "properties": {"link_id": "533967_00539_11517_0", "road_id": "533967_00539_11517", "upnode": "533967_00539", "downnode": "533967_11517", "scenario": "no03", "slot_code": "1415", "hhmm": "14:15", "V_kmh_mean": null, "V_kmh_std": null, "TTT_sec_mean": null, "TTT_sec_std": null, "flow_mean": 0.0, "flow_std": 0.0, "n_runs": 20}}, {"type": "Feature", "geometry": {"type": "LineString", "coordinates": [[139.9388550773, 35.9039082569], [139.940653, 35.902398], [139.9408856941, 35.9022180898]]}, "properties": {"link_id": "533967_00539_11517_1", "road_id": "533967_00539_11517", "upnode": "533967_11517", "downnode": "533967_00539", "scenario": "no03", "slot_code": "1415", "hhmm": "14:15", "V_kmh_mean": 13.439677063876392, "V_kmh_std": 1.408096082287674, "TTT_sec_mean": 546.553, "TTT_sec_std": 117.4440762369814, "flow_mean": 6.65, "flow_std": 1.2258187382102497, "n_runs": 20}}, {"type": "Feature", "geometry": {"type": "LineString", "coordinates": [[139.9464754157, 35.8902900007], [139.946403, 35.890266], [139.946353, 35.890266], [139.946291, 35.890274], [139.946229, 35.890324], [139.946191, 35.890366], [139.9456910777, 35.8911686034]]}, "properties": {"link_id": "533967_00605_01530_0", "road_id": "533967_00605_01530", "upnode": "533967_00605", "downnode": "533967_01530", "scenario": "no03", "slot_code": "1415", "hhmm": "14:15", "V_kmh_mean": null, "V_kmh_std": null, "TTT_sec_mean": null, "TTT_sec_std": null, "flow_mean": 0.0, "flow_std": 0.0, "n_runs": 20}}, {"type": "Feature", "geometry": {"type": "LineString", "coordinates": [[139.9456910777, 35.8911686034], [139.946191, 35.890366], [139.946229, 35.890324], [139.946291, 35.890274], [139.946353, 35.890266], [139.946403, 35.890266], [139.9464754157, 35.8902900007]]}, "properties": {"link_id": "533967_00605_01530_1", "road_id": "533967_00605_01530", "upnode": "533967_01530", "downnode": "533967_00605", "scenario": "no03", "slot_code": "1415", "hhmm": "14:15", "V_kmh_mean": null, "V_kmh_std": null, "TTT_sec_mean": null, "TTT_sec_std": null, "flow_mean": 0.0, "flow_std": 0.0, "n_runs": 20}}, {"type": "Feature", "geometry": {"type": "LineString", "coordinates": [[139.9466720291, 35.8903716418], [139.9471589702, 35.8906183586]]}, "properties": {"link_id": "533967_00605_72276_0", "road_id": "533967_00605_72276", "upnode": "533967_00605", "downnode": "533967_72276", "scenario": "no03", "slot_code": "1415", "hhmm": "14:15", "V_kmh_mean": null, "V_kmh_std": null, "TTT_sec_mean": null, "TTT_sec_std": null, "flow_mean": 0.0, "flow_std": 0.0, "n_runs": 20}}, {"type": "Feature", "geometry": {"type": "LineString", "coordinates": [[139.9471589702, 35.8906183586], [139.9466720291, 35.8903716418]]}, "properties": {"link_id": "533967_00605_72276_1", "road_id": "533967_00605_72276", "upnode": "533967_72276", "downnode": "533967_00605", "scenario": "no03", "slot_code": "1415", "hhmm": "14:15", "V_kmh_mean": null, "V_kmh_std": null, "TTT_sec_mean": null, "TTT_sec_std": null, "flow_mean": 0.0, "flow_std": 0.0, "n_runs": 20}}, {"type": "Feature", "geometry": {"type": "LineString", "coordinates": [[139.9339040501, 35.8941376862], [139.9340039497, 35.894176314]]}, "properties": {"link_id": "533967_00608_00609_0", "road_id": "533967_00608_00609", "upnode": "533967_00608", "downnode": "533967_00609", "scenario": "no03", "slot_code": "1415", "hhmm": "14:15", "V_kmh_mean": 70.9080105415578, "V_kmh_std": 1.5601524171905432, "TTT_sec_mean": 175.113, "TTT_sec_std": 4.962705225771002, "flow_mean": 55.25, "flow_std": 1.0195458225163434, "n_runs": 20}}, {"type": "Feature", "geometry": {"type": "LineString", "coordinates": [[139.9340039497, 35.894176314], [139.9339040501, 35.8941376862]]}, "properties": {"link_id": "533967_00608_00609_1", "road_id": "533967_00608_00609", "upnode": "533967_00609", "downnode": "533967_00608", "scenario": "no03", "slot_code": "1415", "hhmm": "14:15", "V_kmh_mean": 29.94342984649927, "V_kmh_std": 0.0931777938683153, "TTT_sec_mean": 348.201, "TTT_sec_std": 18.405205756724595, "flow_mean": 69.45, "flow_std": 3.60518632265416, "n_runs": 20}}, {"type": "Feature", "geometry": {"type": "LineString", "coordinates": [[139.9341526266, 35.894134015], [139.934379, 35.893757], [139.934529, 35.893582], [139.934704, 35.893432], [139.934929, 35.893282], [139.935142, 35.893182], [139.935429, 35.893099], [139.935983746, 35.8930011039]]}, "properties": {"link_id": "533967_00609_11505_0", "road_id": "533967_00609_11505", "upnode": "533967_00609", "downnode": "533967_11505", "scenario": "no03", "slot_code": "1415", "hhmm": "14:15", "V_kmh_mean": 29.4975, "V_kmh_std": 0.0, "TTT_sec_mean": 32.0, "TTT_sec_std": 0.0, "flow_mean": 0.1, "flow_std": 0.3077935056255462, "n_runs": 20}}, {"type": "Feature", "geometry": {"type": "LineString", "coordinates": [[139.935983746, 35.8930011039], [139.935429, 35.893099], [139.935142, 35.893182], [139.934929, 35.893282], [139.934704, 35.893432], [139.934529, 35.893582], [139.934379, 35.893757], [139.9341526266, 35.894134015]]}, "properties": {"link_id": "533967_00609_11505_1", "road_id": "533967_00609_11505", "upnode": "533967_11505", "downnode": "533967_00609", "scenario": "no03", "slot_code": "1415", "hhmm": "14:15", "V_kmh_mean": 29.91550677319825, "V_kmh_std": 0.424951222037734, "TTT_sec_mean": 46.19866666666667, "TTT_sec_std": 23.31842951911846, "flow_mean": 1.1, "flow_std": 0.9119095061289916, "n_runs": 20}}, {"type": "Feature", "geometry": {"type": "LineString", "coordinates": [[139.9560565896, 35.8961952031], [139.955977, 35.896157], [139.955852, 35.896091], [139.955715, 35.896016], [139.955527, 35.895874], [139.955377, 35.895749], [139.955278, 35.895632], [139.955203, 35.895524], [139.95514, 35.895399], [139.95509, 35.895274], [139.9550341001, 35.8951185085]]}, "properties": {"link_id": "533967_00693_01661_0", "road_id": "533967_00693_01661", "upnode": "533967_00693", "downnode": "533967_01661", "scenario": "no03", "slot_code": "1415", "hhmm": "14:15", "V_kmh_mean": 27.665463702487, "V_kmh_std": 2.581681190954393, "TTT_sec_mean": 2035.416, "TTT_sec_std": 212.1919573206745, "flow_mean": 77.35, "flow_std": 2.1095023109728976, "n_runs": 20}}, {"type": "Feature", "geometry": {"type": "LineString", "coordinates": [[139.9453357408, 35.9056010234], [139.9437952566, 35.9043769777]]}, "properties": {"link_id": "533967_00695_11518_0", "road_id": "533967_00695_11518", "upnode": "533967_00695", "downnode": "533967_11518", "scenario": "no03", "slot_code": "1415", "hhmm": "14:15", "V_kmh_mean": 50.79413442110932, "V_kmh_std": 0.1412695204943064, "TTT_sec_mean": 1551.1280000000002, "TTT_sec_std": 28.268688946197013, "flow_mean": 90.1, "flow_std": 1.5861240410775614, "n_runs": 20}}, {"type": "Feature", "geometry": {"type": "LineString", "coordinates": [[139.9437952566, 35.9043769777], [139.9453357408, 35.9056010234]]}, "properties": {"link_id": "533967_00695_11518_1", "road_id": "533967_00695_11518", "upnode": "533967_11518", "downnode": "533967_00695", "scenario": "no03", "slot_code": "1415", "hhmm": "14:15", "V_kmh_mean": 28.87697005026963, "V_kmh_std": 0.0322383555972903, "TTT_sec_mean": 2408.576, "TTT_sec_std": 163.54347419441393, "flow_mean": 86.95, "flow_std": 5.915857369904437, "n_runs": 20}}, {"type": "Feature", "geometry": {"type": "LineString", "coordinates": [[139.9417994234, 35.8961325443], [139.940879, 35.897982], [139.940579, 35.898532], [139.9403635735, 35.8989006009]]}, "properties": {"link_id": "533967_00766_11513_0", "road_id": "533967_00766_11513", "upnode": "533967_00766", "downnode": "533967_11513", "scenario": "no03", "slot_code": "1415", "hhmm": "14:15", "V_kmh_mean": 48.63309586309383, "V_kmh_std": 0.3198215006666028, "TTT_sec_mean": 2178.4955, "TTT_sec_std": 103.9277631452174, "flow_mean": 77.1, "flow_std": 3.68353377242989, "n_runs": 20}}, {"type": "Feature", "geometry": {"type": "LineString", "coordinates": [[139.9403635735, 35.8989006009], [139.940579, 35.898532], [139.940879, 35.897982], [139.9417994234, 35.8961325443]]}, "properties": {"link_id": "533967_00766_11513_1", "road_id": "533967_00766_11513", "upnode": "533967_11513", "downnode": "533967_00766", "scenario": "no03", "slot_code": "1415", "hhmm": "14:15", "V_kmh_mean": 29.14141813134309, "V_kmh_std": 1.758371558481655, "TTT_sec_mean": 4494.471, "TTT_sec_std": 492.9963365285043, "flow_mean": 94.85, "flow_std": 5.949568759250764, "n_runs": 20}}, {"type": "Feature", "geometry": {"type": "LineString", "coordinates": [[139.9419369544, 35.896094038], [139.9457570412, 35.8978869651]]}, "properties": {"link_id": "533967_00766_14156_0", "road_id": "533967_00766_14156", "upnode": "533967_00766", "downnode": "533967_14156", "scenario": "no03", "slot_code": "1415", "hhmm": "14:15", "V_kmh_mean": 48.28945564619581, "V_kmh_std": 0.2044973428790684, "TTT_sec_mean": 1694.821, "TTT_sec_std": 251.599614883397, "flow_mean": 50.45, "flow_std": 7.479621437085254, "n_runs": 20}}, {"type": "Feature", "geometry": {"type": "LineString", "coordinates": [[139.9457570412, 35.8978869651], [139.9419369544, 35.896094038]]}, "properties": {"link_id": "533967_00766_14156_1", "road_id": "533967_00766_14156", "upnode": "533967_14156", "downnode": "533967_00766", "scenario": "no03", "slot_code": "1415", "hhmm": "14:15", "V_kmh_mean": 29.018909787622768, "V_kmh_std": 2.4775924465951533, "TTT_sec_mean": 982.7945, "TTT_sec_std": 205.23383289042465, "flow_mean": 17.35, "flow_std": 3.2488864489074927, "n_runs": 20}}, {"type": "Feature", "geometry": {"type": "LineString", "coordinates": [[139.9549514256, 35.8976080991], [139.954902, 35.897565], [139.9545322401, 35.8973649137]]}, "properties": {"link_id": "533967_00818_01603_0", "road_id": "533967_00818_01603", "upnode": "533967_00818", "downnode": "533967_01603", "scenario": "no03", "slot_code": "1415", "hhmm": "14:15", "V_kmh_mean": null, "V_kmh_std": null, "TTT_sec_mean": null, "TTT_sec_std": null, "flow_mean": 0.0, "flow_std": 0.0, "n_runs": 20}}, {"type": "Feature", "geometry": {"type": "LineString", "coordinates": [[139.9545322401, 35.8973649137], [139.954902, 35.897565], [139.9549514256, 35.8976080991]]}, "properties": {"link_id": "533967_00818_01603_1", "road_id": "533967_00818_01603", "upnode": "533967_01603", "downnode": "533967_00818", "scenario": "no03", "slot_code": "1415", "hhmm": "14:15", "V_kmh_mean": null, "V_kmh_std": null, "TTT_sec_mean": null, "TTT_sec_std": null, "flow_mean": 0.0, "flow_std": 0.0, "n_runs": 20}}, {"type": "Feature", "geometry": {"type": "LineString", "coordinates": [[139.9543632577, 35.8893956951], [139.954328, 35.88945], [139.9542578296, 35.8896541962]]}, "properties": {"link_id": "533967_00933_00943_0", "road_id": "533967_00933_00943", "upnode": "533967_00933", "downnode": "533967_00943", "scenario": "no03", "slot_code": "1415", "hhmm": "14:15", "V_kmh_mean": 54.77111217497503, "V_kmh_std": 0.6938622752311892, "TTT_sec_mean": 232.608, "TTT_sec_std": 8.41037304385733, "flow_mean": 46.25, "flow_std": 1.4464111667011892, "n_runs": 20}}, {"type": "Feature", "geometry": {"type": "LineString", "coordinates": [[139.9543697068, 35.8897608974], [139.954428, 35.88945], [139.9544237172, 35.8894058542]]}, "properties": {"link_id": "533967_00933_00944_1", "road_id": "533967_00933_00944", "upnode": "533967_00944", "downnode": "533967_00933", "scenario": "no03", "slot_code": "1415", "hhmm": "14:15", "V_kmh_mean": 49.8988882565975, "V_kmh_std": 0.4268926707350182, "TTT_sec_mean": 220.063, "TTT_sec_std": 25.9792587512261, "flow_mean": 34.35, "flow_std": 4.068815940527999, "n_runs": 20}}, {"type": "Feature", "geometry": {"type": "LineString", "coordinates": [[139.9544390086, 35.889228009], [139.954615, 35.888583], [139.95469, 35.888358], [139.954765, 35.888158], [139.9547775, 35.888129]]}, "properties": {"link_id": "533967_00933_14152_0", "road_id": "533967_00933_14152", "upnode": "533967_00933", "downnode": "533967_14152", "scenario": "no03", "slot_code": "1415", "hhmm": "14:15", "V_kmh_mean": 45.83618635607321, "V_kmh_std": 0.017055134124557, "TTT_sec_mean": 465.045, "TTT_sec_std": 58.7034337290328, "flow_mean": 38.75, "flow_std": 4.88687824151251, "n_runs": 20}}, {"type": "Feature", "geometry": {"type": "LineString", "coordinates": [[139.9547775, 35.888129], [139.954765, 35.888158], [139.95469, 35.888358], [139.954615, 35.888583], [139.9544390086, 35.889228009]]}, "properties": {"link_id": "533967_00933_14152_1", "road_id": "533967_00933_14152", "upnode": "533967_14152", "downnode": "533967_00933", "scenario": "no03", "slot_code": "1415", "hhmm": "14:15", "V_kmh_mean": 51.42009424879626, "V_kmh_std": 0.0693989266839331, "TTT_sec_mean": 554.131, "TTT_sec_std": 15.057108794956523, "flow_mean": 46.15, "flow_std": 1.22581873821025, "n_runs": 20}}, {"type": "Feature", "geometry": {"type": "LineString", "coordinates": [[139.9518937494, 35.8944638907], [139.951328, 35.894541], [139.951053, 35.894574], [139.950728, 35.894557], [139.9500510207, 35.8944924851]]}, "properties": {"link_id": "533967_00938_00939_0", "road_id": "533967_00938_00939", "upnode": "533967_00938", "downnode": "533967_00939", "scenario": "no03", "slot_code": "1415", "hhmm": "14:15", "V_kmh_mean": 17.331181526401327, "V_kmh_std": 1.2104775607380032, "TTT_sec_mean": 2082.8540000000003, "TTT_sec_std": 211.413483048591, "flow_mean": 47.95, "flow_std": 2.5848750351551657, "n_runs": 20}}, {"type": "Feature", "geometry": {"type": "LineString", "coordinates": [[139.9500510207, 35.8944924851], [139.950728, 35.894557], [139.951053, 35.894574], [139.951328, 35.894541], [139.9518937494, 35.8944638907]]}, "properties": {"link_id": "533967_00938_00939_1", "road_id": "533967_00938_00939", "upnode": "533967_00939", "downnode": "533967_00938", "scenario": "no03", "slot_code": "1415", "hhmm": "14:15", "V_kmh_mean": 46.02314076385655, "V_kmh_std": 0.6589961638043557, "TTT_sec_mean": 739.451, "TTT_sec_std": 72.11945119766675, "flow_mean": 44.15, "flow_std": 4.31978313295812, "n_runs": 20}}, {"type": "Feature", "geometry": {"type": "LineString", "coordinates": [[139.952215, 35.8943115], [139.95219, 35.894349], [139.9520955705, 35.8943994971]]}, "properties": {"link_id": "533967_00938_01409_1", "road_id": "533967_00938_01409", "upnode": "533967_01409", "downnode": "533967_00938", "scenario": "no03", "slot_code": "1415", "hhmm": "14:15", "V_kmh_mean": 52.75108939377803, "V_kmh_std": 0.5487388639578301, "TTT_sec_mean": 188.231, "TTT_sec_std": 5.655980439927463, "flow_mean": 46.35, "flow_std": 1.2680278927697548, "n_runs": 20}}, {"type": "Feature", "geometry": {"type": "LineString", "coordinates": [[139.9521134316, 35.8944419324], [139.952128, 35.894441], [139.952265, 35.894432], [139.952315, 35.894424]]}, "properties": {"link_id": "533967_00938_01417_0", "road_id": "533967_00938_01417", "upnode": "533967_00938", "downnode": "533967_01417", "scenario": "no03", "slot_code": "1415", "hhmm": "14:15", "V_kmh_mean": 49.94027838096393, "V_kmh_std": 0.7134119313969071, "TTT_sec_mean": 180.9125, "TTT_sec_std": 18.151638718250616, "flow_mean": 44.1, "flow_std": 4.399760759046122, "n_runs": 20}}, {"type": "Feature", "geometry": {"type": "LineString", "coordinates": [[139.94990025, 35.89447575], [139.94981875, 35.89446325]]}, "properties": {"link_id": "533967_00939_00940_0", "road_id": "533967_00939_00940", "upnode": "533967_00939", "downnode": "533967_00940", "scenario": "no03", "slot_code": "1415", "hhmm": "14:15", "V_kmh_mean": 32.78574790764791, "V_kmh_std": 9.927405872819376, "TTT_sec_mean": 10.3005, "TTT_sec_std": 4.509254197874925, "flow_mean": 1.9, "flow_std": 0.6407232755171874, "n_runs": 20}}, {"type": "Feature", "geometry": {"type": "LineString", "coordinates": [[139.94981875, 35.89446325], [139.94990025, 35.89447575]]}, "properties": {"link_id": "533967_00939_00940_1", "road_id": "533967_00939_00940", "upnode": "533967_00940", "downnode": "533967_00939", "scenario": "no03", "slot_code": "1415", "hhmm": "14:15", "V_kmh_mean": 42.62342724362549, "V_kmh_std": 12.02156618519823, "TTT_sec_mean": 37.46272727272727, "TTT_sec_std": 22.69295136861184, "flow_mean": 4.55, "flow_std": 5.500956854565348, "n_runs": 20}}, {"type": "Feature", "geometry": {"type": "LineString", "coordinates": [[139.9497061831, 35.8957758334], [139.9499248174, 35.8945711667]]}, "properties": {"link_id": "533967_00939_01421_1", "road_id": "533967_00939_01421", "upnode": "533967_01421", "downnode": "533967_00939", "scenario": "no03", "slot_code": "1415", "hhmm": "14:15", "V_kmh_mean": 17.975959878479824, "V_kmh_std": 0.8006752719638717, "TTT_sec_mean": 5991.3125, "TTT_sec_std": 414.8661392212776, "flow_mean": 158.85, "flow_std": 6.869267945368208, "n_runs": 20}}, {"type": "Feature", "geometry": {"type": "LineString", "coordinates": [[139.9497626661, 35.8945462659], [139.9494183347, 35.8965507341]]}, "properties": {"link_id": "533967_00940_13718_0", "road_id": "533967_00940_13718", "upnode": "533967_00940", "downnode": "533967_13718", "scenario": "no03", "slot_code": "1415", "hhmm": "14:15", "V_kmh_mean": 38.84074701968477, "V_kmh_std": 0.4304586410126801, "TTT_sec_mean": 1292.123, "TTT_sec_std": 126.89410260030546, "flow_mean": 51.35, "flow_std": 4.880411975707744, "n_runs": 20}}, {"type": "Feature", "geometry": {"type": "LineString", "coordinates": [[139.9542103168, 35.8898299777], [139.954165, 35.890058], [139.954153, 35.890341], [139.9541753089, 35.8904766626]]}, "properties": {"link_id": "533967_00943_01268_0", "road_id": "533967_00943_01268", "upnode": "533967_00943", "downnode": "533967_01268", "scenario": "no03", "slot_code": "1415", "hhmm": "14:15", "V_kmh_mean": 46.99282605232702, "V_kmh_std": 0.1797882557280914, "TTT_sec_mean": 421.7295, "TTT_sec_std": 14.486077335805849, "flow_mean": 46.85, "flow_std": 1.5652475842498514, "n_runs": 20}}, {"type": "Feature", "geometry": {"type": "LineString", "coordinates": [[139.9543327019, 35.8899520247], [139.9543352981, 35.8899389753]]}, "properties": {"link_id": "533967_00944_13715_1", "road_id": "533967_00944_13715", "upnode": "533967_13715", "downnode": "533967_00944", "scenario": "no03", "slot_code": "1415", "hhmm": "14:15", "V_kmh_mean": 49.324020497415866, "V_kmh_std": 0.7772484422227786, "TTT_sec_mean": 120.433, "TTT_sec_std": 12.740525106917683, "flow_mean": 34.3, "flow_std": 3.6433067686548615, "n_runs": 20}}, {"type": "Feature", "geometry": {"type": "LineString", "coordinates": [[139.9318691502, 35.9023337132], [139.9321018503, 35.9009622869]]}, "properties": {"link_id": "533967_00949_14017_0", "road_id": "533967_00949_14017", "upnode": "533967_00949", "downnode": "533967_14017", "scenario": "no03", "slot_code": "1415", "hhmm": "14:15", "V_kmh_mean": 51.17754971156039, "V_kmh_std": 0.1763673308603824, "TTT_sec_mean": 726.3644999999999, "TTT_sec_std": 14.051028610034216, "flow_mean": 51.5, "flow_std": 0.9459053029269155, "n_runs": 20}}, {"type": "Feature", "geometry": {"type": "LineString", "coordinates": [[139.9321018503, 35.9009622869], [139.9318691502, 35.9023337132]]}, "properties": {"link_id": "533967_00949_14017_1", "road_id": "533967_00949_14017", "upnode": "533967_14017", "downnode": "533967_00949", "scenario": "no03", "slot_code": "1415", "hhmm": "14:15", "V_kmh_mean": 46.440000000000005, "V_kmh_std": 3.645007325606123e-15, "TTT_sec_mean": 518.0, "TTT_sec_std": 58.52215055227515, "flow_mean": 37.0, "flow_std": 4.180153610876795, "n_runs": 20}}, {"type": "Feature", "geometry": {"type": "LineString", "coordinates": [[139.9508623794, 35.9023333799], [139.950853, 35.902323], [139.950753, 35.90219], [139.950489646, 35.9017625762]]}, "properties": {"link_id": "533967_00976_12969_0", "road_id": "533967_00976_12969", "upnode": "533967_00976", "downnode": "533967_12969", "scenario": "no03", "slot_code": "1415", "hhmm": "14:15", "V_kmh_mean": 53.26700598213903, "V_kmh_std": 0.1084068470899714, "TTT_sec_mean": 742.234, "TTT_sec_std": 7.095866402350046, "flow_mean": 92.6, "flow_std": 0.8825799501580855, "n_runs": 20}}, {"type": "Feature", "geometry": {"type": "LineString", "coordinates": [[139.950489646, 35.9017625762], [139.950753, 35.90219], [139.950853, 35.902323], [139.9508623794, 35.9023333799]]}, "properties": {"link_id": "533967_00976_12969_1", "road_id": "533967_00976_12969", "upnode": "533967_12969", "downnode": "533967_00976", "scenario": "no03", "slot_code": "1415", "hhmm": "14:15", "V_kmh_mean": 35.52428594308321, "V_kmh_std": 0.2134652874547639, "TTT_sec_mean": 307.305, "TTT_sec_std": 47.68890243850737, "flow_mean": 31.2, "flow_std": 4.862314805024238, "n_runs": 20}}, {"type": "Feature", "geometry": {"type": "LineString", "coordinates": [[139.9501108985, 35.9006445715], [139.9506451018, 35.900543429]]}, "properties": {"link_id": "533967_00978_01607_0", "road_id": "533967_00978_01607", "upnode": "533967_00978", "downnode": "533967_01607", "scenario": "no03", "slot_code": "1415", "hhmm": "14:15", "V_kmh_mean": null, "V_kmh_std": null, "TTT_sec_mean": null, "TTT_sec_std": null, "flow_mean": 0.0, "flow_std": 0.0, "n_runs": 20}}, {"type": "Feature", "geometry": {"type": "LineString", "coordinates": [[139.9506451018, 35.900543429], [139.9501108985, 35.9006445715]]}, "properties": {"link_id": "533967_00978_01607_1", "road_id": "533967_00978_01607", "upnode": "533967_01607", "downnode": "533967_00978", "scenario": "no03", "slot_code": "1415", "hhmm": "14:15", "V_kmh_mean": null, "V_kmh_std": null, "TTT_sec_mean": null, "TTT_sec_std": null, "flow_mean": 0.0, "flow_std": 0.0, "n_runs": 20}}, {"type": "Feature", "geometry": {"type": "LineString", "coordinates": [[139.9500322401, 35.9007519373], [139.950115, 35.900998], [139.95024, 35.901273], [139.9503990469, 35.9015982512]]}, "properties": {"link_id": "533967_00978_12969_0", "road_id": "533967_00978_12969", "upnode": "533967_00978", "downnode": "533967_12969", "scenario": "no03", "slot_code": "1415", "hhmm": "14:15", "V_kmh_mean": 40.04469586028526, "V_kmh_std": 0.1370441448935104, "TTT_sec_mean": 408.9485, "TTT_sec_std": 63.69849880698256, "flow_mean": 31.2, "flow_std": 4.862314805024238, "n_runs": 20}}, {"type": "Feature", "geometry": {"type": "LineString", "coordinates": [[139.9503990469, 35.9015982512], [139.95024, 35.901273], [139.950115, 35.900998], [139.9500322401, 35.9007519373]]}, "properties": {"link_id": "533967_00978_12969_1", "road_id": "533967_00978_12969", "upnode": "533967_12969", "downnode": "533967_00978", "scenario": "no03", "slot_code": "1415", "hhmm": "14:15", "V_kmh_mean": 52.44743757826742, "V_kmh_std": 0.1046589711656341, "TTT_sec_mean": 921.9824999999998, "TTT_sec_std": 14.585403978310843, "flow_mean": 92.0, "flow_std": 1.414213562373094, "n_runs": 20}}, {"type": "Feature", "geometry": {"type": "LineString", "coordinates": [[139.9498945318, 35.9006833227], [139.9492234686, 35.900796678]]}, "properties": {"link_id": "533967_00978_87768_0", "road_id": "533967_00978_87768", "upnode": "533967_00978", "downnode": "533967_87768", "scenario": "no03", "slot_code": "1415", "hhmm": "14:15", "V_kmh_mean": null, "V_kmh_std": null, "TTT_sec_mean": null, "TTT_sec_std": null, "flow_mean": 0.0, "flow_std": 0.0, "n_runs": 20}}, {"type": "Feature", "geometry": {"type": "LineString", "coordinates": [[139.9492234686, 35.900796678], [139.9498945318, 35.9006833227]]}, "properties": {"link_id": "533967_00978_87768_1", "road_id": "533967_00978_87768", "upnode": "533967_87768", "downnode": "533967_00978", "scenario": "no03", "slot_code": "1415", "hhmm": "14:15", "V_kmh_mean": null, "V_kmh_std": null, "TTT_sec_mean": null, "TTT_sec_std": null, "flow_mean": 0.0, "flow_std": 0.0, "n_runs": 20}}, {"type": "Feature", "geometry": {"type": "LineString", "coordinates": [[139.9540793517, 35.8905701755], [139.953978, 35.890574], [139.9534376703, 35.890636346]]}, "properties": {"link_id": "533967_01268_13716_0", "road_id": "533967_01268_13716", "upnode": "533967_01268", "downnode": "533967_13716", "scenario": "no03", "slot_code": "1415", "hhmm": "14:15", "V_kmh_mean": null, "V_kmh_std": null, "TTT_sec_mean": null, "TTT_sec_std": null, "flow_mean": 0.0, "flow_std": 0.0, "n_runs": 20}}, {"type": "Feature", "geometry": {"type": "LineString", "coordinates": [[139.9534376703, 35.890636346], [139.953978, 35.890574], [139.9540793517, 35.8905701755]]}, "properties": {"link_id": "533967_01268_13716_1", "road_id": "533967_01268_13716", "upnode": "533967_13716", "downnode": "533967_01268", "scenario": "no03", "slot_code": "1415", "hhmm": "14:15", "V_kmh_mean": null, "V_kmh_std": null, "TTT_sec_mean": null, "TTT_sec_std": null, "flow_mean": 0.0, "flow_std": 0.0, "n_runs": 20}}, {"type": "Feature", "geometry": {"type": "LineString", "coordinates": [[139.954340492, 35.8905594428], [139.954303, 35.890291], [139.9543106769, 35.8901310651]]}, "properties": {"link_id": "533967_01269_13715_0", "road_id": "533967_01269_13715", "upnode": "533967_01269", "downnode": "533967_13715", "scenario": "no03", "slot_code": "1415", "hhmm": "14:15", "V_kmh_mean": 49.584135493969264, "V_kmh_std": 0.3207586396913846, "TTT_sec_mean": 223.903, "TTT_sec_std": 22.73679815907059, "flow_mean": 34.65, "flow_std": 3.513507768897809, "n_runs": 20}}, {"type": "Feature", "geometry": {"type": "LineString", "coordinates": [[139.95282475, 35.891885], [139.95281825, 35.891839]]}, "properties": {"link_id": "533967_01405_01406_0", "road_id": "533967_01405_01406", "upnode": "533967_01405", "downnode": "533967_01406", "scenario": "no03", "slot_code": "1415", "hhmm": "14:15", "V_kmh_mean": null, "V_kmh_std": null, "TTT_sec_mean": null, "TTT_sec_std": null, "flow_mean": 0.0, "flow_std": 0.0, "n_runs": 20}}, {"type": "Feature", "geometry": {"type": "LineString", "coordinates": [[139.95281825, 35.891839], [139.95282475, 35.891885]]}, "properties": {"link_id": "533967_01405_01406_1", "road_id": "533967_01405_01406", "upnode": "533967_01406", "downnode": "533967_01405", "scenario": "no03", "slot_code": "1415", "hhmm": "14:15", "V_kmh_mean": null, "V_kmh_std": null, "TTT_sec_mean": null, "TTT_sec_std": null, "flow_mean": 0.0, "flow_std": 0.0, "n_runs": 20}}, {"type": "Feature", "geometry": {"type": "LineString", "coordinates": [[139.9527903931, 35.8917281184], [139.952703, 35.891416], [139.952615, 35.891174], [139.952466051, 35.8908426486]]}, "properties": {"link_id": "533967_01406_01408_0", "road_id": "533967_01406_01408", "upnode": "533967_01406", "downnode": "533967_01408", "scenario": "no03", "slot_code": "1415", "hhmm": "14:15", "V_kmh_mean": null, "V_kmh_std": null, "TTT_sec_mean": null, "TTT_sec_std": null, "flow_mean": 0.0, "flow_std": 0.0, "n_runs": 20}}, {"type": "Feature", "geometry": {"type": "LineString", "coordinates": [[139.952466051, 35.8908426486], [139.952615, 35.891174], [139.952703, 35.891416], [139.9527903931, 35.8917281184]]}, "properties": {"link_id": "533967_01406_01408_1", "road_id": "533967_01406_01408", "upnode": "533967_01408", "downnode": "533967_01406", "scenario": "no03", "slot_code": "1415", "hhmm": "14:15", "V_kmh_mean": null, "V_kmh_std": null, "TTT_sec_mean": null, "TTT_sec_std": null, "flow_mean": 0.0, "flow_std": 0.0, "n_runs": 20}}, {"type": "Feature", "geometry": {"type": "LineString", "coordinates": [[139.9527055153, 35.8918296858], [139.952215, 35.891891], [139.952003, 35.891924], [139.9516129421, 35.891963006]]}, "properties": {"link_id": "533967_01406_01644_0", "road_id": "533967_01406_01644", "upnode": "533967_01406", "downnode": "533967_01644", "scenario": "no03", "slot_code": "1415", "hhmm": "14:15", "V_kmh_mean": 48.177152371207214, "V_kmh_std": 5.352802785273977, "TTT_sec_mean": 474.5845000000001, "TTT_sec_std": 135.36574348875405, "flow_mean": 42.35, "flow_std": 4.614336925621913, "n_runs": 20}}, {"type": "Feature", "geometry": {"type": "LineString", "coordinates": [[139.9523058817, 35.8905077702], [139.952387118, 35.8906742299]]}, "properties": {"link_id": "533967_01407_01408_0", "road_id": "533967_01407_01408", "upnode": "533967_01407", "downnode": "533967_01408", "scenario": "no03", "slot_code": "1415", "hhmm": "14:15", "V_kmh_mean": null, "V_kmh_std": null, "TTT_sec_mean": null, "TTT_sec_std": null, "flow_mean": 0.0, "flow_std": 0.0, "n_runs": 20}}, {"type": "Feature", "geometry": {"type": "LineString", "coordinates": [[139.952387118, 35.8906742299], [139.9523058817, 35.8905077702]]}, "properties": {"link_id": "533967_01407_01408_1", "road_id": "533967_01407_01408", "upnode": "533967_01408", "downnode": "533967_01407", "scenario": "no03", "slot_code": "1415", "hhmm": "14:15", "V_kmh_mean": null, "V_kmh_std": null, "TTT_sec_mean": null, "TTT_sec_std": null, "flow_mean": 0.0, "flow_std": 0.0, "n_runs": 20}}, {"type": "Feature", "geometry": {"type": "LineString", "coordinates": [[139.9523210084, 35.8907813333], [139.95224, 35.890799], [139.952003, 35.890849], [139.951803, 35.890908], [139.951678, 35.890941], [139.951228, 35.891083], [139.9514760186, 35.8918865811]]}, "properties": {"link_id": "533967_01408_01644_0", "road_id": "533967_01408_01644", "upnode": "533967_01408", "downnode": "533967_01644", "scenario": "no03", "slot_code": "1415", "hhmm": "14:15", "V_kmh_mean": null, "V_kmh_std": null, "TTT_sec_mean": null, "TTT_sec_std": null, "flow_mean": 0.0, "flow_std": 0.0, "n_runs": 20}}, {"type": "Feature", "geometry": {"type": "LineString", "coordinates": [[139.9514760186, 35.8918865811], [139.951228, 35.891083], [139.951678, 35.890941], [139.951803, 35.890908], [139.952003, 35.890849], [139.95224, 35.890799], [139.9523210084, 35.8907813333]]}, "properties": {"link_id": "533967_01408_01644_1", "road_id": "533967_01408_01644", "upnode": "533967_01644", "downnode": "533967_01408", "scenario": "no03", "slot_code": "1415", "hhmm": "14:15", "V_kmh_mean": null, "V_kmh_std": null, "TTT_sec_mean": null, "TTT_sec_std": null, "flow_mean": 0.0, "flow_std": 0.0, "n_runs": 20}}, {"type": "Feature", "geometry": {"type": "LineString", "coordinates": [[139.9525364266, 35.8907395675], [139.952628, 35.890724], [139.9532181805, 35.8906607667]]}, "properties": {"link_id": "533967_01408_13716_0", "road_id": "533967_01408_13716", "upnode": "533967_01408", "downnode": "533967_13716", "scenario": "no03", "slot_code": "1415", "hhmm": "14:15", "V_kmh_mean": null, "V_kmh_std": null, "TTT_sec_mean": null, "TTT_sec_std": null, "flow_mean": 0.0, "flow_std": 0.0, "n_runs": 20}}, {"type": "Feature", "geometry": {"type": "LineString", "coordinates": [[139.9532181805, 35.8906607667], [139.952628, 35.890724], [139.9525364266, 35.8907395675]]}, "properties": {"link_id": "533967_01408_13716_1", "road_id": "533967_01408_13716", "upnode": "533967_13716", "downnode": "533967_01408", "scenario": "no03", "slot_code": "1415", "hhmm": "14:15", "V_kmh_mean": null, "V_kmh_std": null, "TTT_sec_mean": null, "TTT_sec_std": null, "flow_mean": 0.0, "flow_std": 0.0, "n_runs": 20}}, {"type": "Feature", "geometry": {"type": "LineString", "coordinates": [[139.952403, 35.893891], [139.952378, 35.893866], [139.952265, 35.893857], [139.95214, 35.893891], [139.952103, 35.893974], [139.952128, 35.894066], [139.952215, 35.894199], [139.9522275, 35.8942365]]}, "properties": {"link_id": "533967_01409_01410_1", "road_id": "533967_01409_01410", "upnode": "533967_01410", "downnode": "533967_01409", "scenario": "no03", "slot_code": "1415", "hhmm": "14:15", "V_kmh_mean": 58.76720614590697, "V_kmh_std": 0.2988381391446582, "TTT_sec_mean": 114.5475, "TTT_sec_std": 21.522831909882413, "flow_mean": 19.0, "flow_std": 3.554093266554553, "n_runs": 20}}, {"type": "Feature", "geometry": {"type": "LineString", "coordinates": [[139.9522887552, 35.8943549337], [139.95229, 35.894357], [139.9523275, 35.8943865]]}, "properties": {"link_id": "533967_01409_01417_0", "road_id": "533967_01409_01417", "upnode": "533967_01409", "downnode": "533967_01417", "scenario": "no03", "slot_code": "1415", "hhmm": "14:15", "V_kmh_mean": null, "V_kmh_std": null, "TTT_sec_mean": null, "TTT_sec_std": null, "flow_mean": 0.0, "flow_std": 0.0, "n_runs": 20}}, {"type": "Feature", "geometry": {"type": "LineString", "coordinates": [[139.9524688968, 35.894384739], [139.952478, 35.894382], [139.952528, 35.894307], [139.952528, 35.894207], [139.9524578295, 35.8940028041]]}, "properties": {"link_id": "533967_01410_01417_1", "road_id": "533967_01410_01417", "upnode": "533967_01417", "downnode": "533967_01410", "scenario": "no03", "slot_code": "1415", "hhmm": "14:15", "V_kmh_mean": 50.69212325286593, "V_kmh_std": 0.2680633276951862, "TTT_sec_mean": 265.9065, "TTT_sec_std": 26.693374552498977, "flow_mean": 44.1, "flow_std": 4.399760759046122, "n_runs": 20}}, {"type": "Feature", "geometry": {"type": "LineString", "coordinates": [[139.9531917144, 35.8936848802], [139.95319, 35.893682], [139.9531790343, 35.8936725468]]}, "properties": {"link_id": "533967_01412_01413_0", "road_id": "533967_01412_01413", "upnode": "533967_01412", "downnode": "533967_01413", "scenario": "no03", "slot_code": "1415", "hhmm": "14:15", "V_kmh_mean": null, "V_kmh_std": null, "TTT_sec_mean": null, "TTT_sec_std": null, "flow_mean": 0.0, "flow_std": 0.0, "n_runs": 20}}, {"type": "Feature", "geometry": {"type": "LineString", "coordinates": [[139.9529650835, 35.8940117924], [139.95299, 35.894099], [139.953028, 35.894199], [139.953103, 35.894249], [139.953253, 35.894257], [139.953353, 35.894216], [139.95339, 35.894116], [139.95334, 35.893991], [139.95324, 35.893816], [139.95324, 35.893791]]}, "properties": {"link_id": "533967_01412_01414_1", "road_id": "533967_01412_01414", "upnode": "533967_01414", "downnode": "533967_01412", "scenario": "no03", "slot_code": "1415", "hhmm": "14:15", "V_kmh_mean": 55.91714223194749, "V_kmh_std": 0.1916657654586907, "TTT_sec_mean": 47.299, "TTT_sec_std": 14.32614903998243, "flow_mean": 5.25, "flow_std": 1.5852942612451617, "n_runs": 20}}, {"type": "Feature", "geometry": {"type": "LineString", "coordinates": [[139.9530022425, 35.8936444497], [139.95299, 35.893649], [139.952928, 35.893691], [139.952903, 35.893774], [139.9529182017, 35.8938356287]]}, "properties": {"link_id": "533967_01413_01414_0", "road_id": "533967_01413_01414", "upnode": "533967_01413", "downnode": "533967_01414", "scenario": "no03", "slot_code": "1415", "hhmm": "14:15", "V_kmh_mean": null, "V_kmh_std": null, "TTT_sec_mean": null, "TTT_sec_std": null, "flow_mean": 0.0, "flow_std": 0.0, "n_runs": 20}}, {"type": "Feature", "geometry": {"type": "LineString", "coordinates": [[139.95224975, 35.8966715], [139.95229325, 35.8967005]]}, "properties": {"link_id": "533967_01418_01419_0", "road_id": "533967_01418_01419", "upnode": "533967_01418", "downnode": "533967_01419", "scenario": "no03", "slot_code": "1415", "hhmm": "14:15", "V_kmh_mean": null, "V_kmh_std": null, "TTT_sec_mean": null, "TTT_sec_std": null, "flow_mean": 0.0, "flow_std": 0.0, "n_runs": 20}}, {"type": "Feature", "geometry": {"type": "LineString", "coordinates": [[139.95229325, 35.8967005], [139.95224975, 35.8966715]]}, "properties": {"link_id": "533967_01418_01419_1", "road_id": "533967_01418_01419", "upnode": "533967_01419", "downnode": "533967_01418", "scenario": "no03", "slot_code": "1415", "hhmm": "14:15", "V_kmh_mean": null, "V_kmh_std": null, "TTT_sec_mean": null, "TTT_sec_std": null, "flow_mean": 0.0, "flow_std": 0.0, "n_runs": 20}}, {"type": "Feature", "geometry": {"type": "LineString", "coordinates": [[139.9529596588, 35.8959895375], [139.952878, 35.896032], [139.9522995576, 35.8965881952]]}, "properties": {"link_id": "533967_01418_01420_1", "road_id": "533967_01418_01420", "upnode": "533967_01420", "downnode": "533967_01418", "scenario": "no03", "slot_code": "1415", "hhmm": "14:15", "V_kmh_mean": 10.901090622196188, "V_kmh_std": 0.3534565994534596, "TTT_sec_mean": 2300.7305, "TTT_sec_std": 309.8732631165097, "flow_mean": 52.95, "flow_std": 6.369954143435704, "n_runs": 20}}, {"type": "Feature", "geometry": {"type": "LineString", "coordinates": [[139.9510699611, 35.8960354051], [139.950953, 35.896007], [139.949799732, 35.8958773378]]}, "properties": {"link_id": "533967_01418_01421_0", "road_id": "I_23_0804143920969", "upnode": "I_22_533967_-00002", "downnode": "533967_01421", "scenario": "no03", "slot_code": "1415", "hhmm": "14:15", "V_kmh_mean": 19.1591736821231, "V_kmh_std": 0.7027832415993935, "TTT_sec_mean": 491.909, "TTT_sec_std": 92.8801186533083, "flow_mean": 20.8, "flow_std": 3.607010717448657, "n_runs": 20}}, {"type": "Feature", "geometry": {"type": "LineString", "coordinates": [[139.9510914569, 35.8960396732], [139.951203, 35.896057], [139.951415, 35.896132], [139.951665, 35.896257], [139.9521445578, 35.8965977164]]}, "properties": {"link_id": "533967_01418_01421_1", "road_id": "I_23_0804143920954", "upnode": "I_22_533967_-00002", "downnode": "533967_01418", "scenario": "no03", "slot_code": "1415", "hhmm": "14:15", "V_kmh_mean": null, "V_kmh_std": null, "TTT_sec_mean": null, "TTT_sec_std": null, "flow_mean": 0.0, "flow_std": 0.0, "n_runs": 20}}, {"type": "Feature", "geometry": {"type": "LineString", "coordinates": [[139.9523863292, 35.8966460383], [139.952978, 35.896074], [139.9530068035, 35.8960229218]]}, "properties": {"link_id": "533967_01419_01420_0", "road_id": "533967_01419_01420", "upnode": "533967_01419", "downnode": "533967_01420", "scenario": "no03", "slot_code": "1415", "hhmm": "14:15", "V_kmh_mean": 26.3218215572745, "V_kmh_std": 4.647287905419092, "TTT_sec_mean": 715.721, "TTT_sec_std": 155.65555931708894, "flow_mean": 38.1, "flow_std": 4.700503892361462, "n_runs": 20}}, {"type": "Feature", "geometry": {"type": "LineString", "coordinates": [[139.9513152045, 35.8975764156], [139.95149, 35.897465], [139.951703, 35.897307], [139.9522436933, 35.8967839771]]}, "properties": {"link_id": "533967_01419_01425_1", "road_id": "533967_01419_01425", "upnode": "533967_01425", "downnode": "533967_01419", "scenario": "no03", "slot_code": "1415", "hhmm": "14:15", "V_kmh_mean": 21.01138951808345, "V_kmh_std": 2.2209471032678927, "TTT_sec_mean": 1131.291, "TTT_sec_std": 171.42361398163993, "flow_mean": 37.6, "flow_std": 4.535242116208525, "n_runs": 20}}, {"type": "Feature", "geometry": {"type": "LineString", "coordinates": [[139.9524006867, 35.8967721248], [139.952765, 35.897015], [139.952803, 35.89704], [139.952853, 35.897049], [139.95289, 35.89704], [139.953378, 35.89659], [139.95349, 35.896482], [139.9535056411, 35.8964672476]]}, "properties": {"link_id": "533967_01419_01608_0", "road_id": "533967_01419_01608", "upnode": "533967_01419", "downnode": "533967_01608", "scenario": "no03", "slot_code": "1415", "hhmm": "14:15", "V_kmh_mean": null, "V_kmh_std": null, "TTT_sec_mean": null, "TTT_sec_std": null, "flow_mean": 0.0, "flow_std": 0.0, "n_runs": 20}}, {"type": "Feature", "geometry": {"type": "LineString", "coordinates": [[139.9535056411, 35.8964672476], [139.95349, 35.896482], [139.953378, 35.89659], [139.95289, 35.89704], [139.952853, 35.897049], [139.952803, 35.89704], [139.952765, 35.897015], [139.9524006867, 35.8967721248]]}, "properties": {"link_id": "533967_01419_01608_1", "road_id": "533967_01419_01608", "upnode": "533967_01608", "downnode": "533967_01419", "scenario": "no03", "slot_code": "1415", "hhmm": "14:15", "V_kmh_mean": null, "V_kmh_std": null, "TTT_sec_mean": null, "TTT_sec_std": null, "flow_mean": 0.0, "flow_std": 0.0, "n_runs": 20}}, {"type": "Feature", "geometry": {"type": "LineString", "coordinates": [[139.9531263873, 35.8958734837], [139.953153, 35.895849], [139.95329, 35.895741], [139.95344, 35.895591], [139.953603, 35.895449], [139.95379, 35.895341], [139.953915, 35.895274], [139.95404, 35.895224], [139.954178, 35.895174], [139.954315, 35.895141], [139.954578, 35.895082], [139.9547305303, 35.8950627882]]}, "properties": {"link_id": "533967_01420_01654_0", "road_id": "533967_01420_01654", "upnode": "533967_01420", "downnode": "533967_01654", "scenario": "no03", "slot_code": "1415", "hhmm": "14:15", "V_kmh_mean": 20.347397119698904, "V_kmh_std": 2.3152981172163973, "TTT_sec_mean": 1363.934, "TTT_sec_std": 317.1569491160986, "flow_mean": 33.75, "flow_std": 4.810897716861716, "n_runs": 20}}, {"type": "Feature", "geometry": {"type": "LineString", "coordinates": [[139.9547305303, 35.8950627882], [139.954578, 35.895082], [139.954315, 35.895141], [139.954178, 35.895174], [139.95404, 35.895224], [139.953915, 35.895274], [139.95379, 35.895341], [139.953603, 35.895449], [139.95344, 35.895591], [139.95329, 35.895741], [139.953153, 35.895849], [139.9531263873, 35.8958734837]]}, "properties": {"link_id": "533967_01420_01654_1", "road_id": "533967_01420_01654", "upnode": "533967_01654", "downnode": "533967_01420", "scenario": "no03", "slot_code": "1415", "hhmm": "14:15", "V_kmh_mean": 22.4934083873543, "V_kmh_std": 1.606064532580163, "TTT_sec_mean": 1939.9175, "TTT_sec_std": 305.296676277441, "flow_mean": 52.95, "flow_std": 6.369954143435704, "n_runs": 20}}, {"type": "Feature", "geometry": {"type": "LineString", "coordinates": [[139.9515005552, 35.8980446072], [139.9512804442, 35.897711393]]}, "properties": {"link_id": "533967_01424_01425_0", "road_id": "533967_01424_01425", "upnode": "533967_01424", "downnode": "533967_01425", "scenario": "no03", "slot_code": "1415", "hhmm": "14:15", "V_kmh_mean": null, "V_kmh_std": null, "TTT_sec_mean": null, "TTT_sec_std": null, "flow_mean": 0.0, "flow_std": 0.0, "n_runs": 20}}, {"type": "Feature", "geometry": {"type": "LineString", "coordinates": [[139.9512804442, 35.897711393], [139.9515005552, 35.8980446072]]}, "properties": {"link_id": "533967_01424_01425_1", "road_id": "533967_01424_01425", "upnode": "533967_01425", "downnode": "533967_01424", "scenario": "no03", "slot_code": "1415", "hhmm": "14:15", "V_kmh_mean": null, "V_kmh_std": null, "TTT_sec_mean": null, "TTT_sec_std": null, "flow_mean": 0.0, "flow_std": 0.0, "n_runs": 20}}, {"type": "Feature", "geometry": {"type": "LineString", "coordinates": [[139.9516094145, 35.8982015702], [139.951753, 35.898399], [139.951965, 35.898707], [139.952103, 35.898857], [139.952178, 35.898932], [139.952253101, 35.8989985896]]}, "properties": {"link_id": "533967_01424_01604_0", "road_id": "533967_01424_01604", "upnode": "533967_01424", "downnode": "533967_01604", "scenario": "no03", "slot_code": "1415", "hhmm": "14:15", "V_kmh_mean": null, "V_kmh_std": null, "TTT_sec_mean": null, "TTT_sec_std": null, "flow_mean": 0.0, "flow_std": 0.0, "n_runs": 20}}, {"type": "Feature", "geometry": {"type": "LineString", "coordinates": [[139.952253101, 35.8989985896], [139.952178, 35.898932], [139.952103, 35.898857], [139.951965, 35.898707], [139.951753, 35.898399], [139.9516094145, 35.8982015702]]}, "properties": {"link_id": "533967_01424_01604_1", "road_id": "533967_01424_01604", "upnode": "533967_01604", "downnode": "533967_01424", "scenario": "no03", "slot_code": "1415", "hhmm": "14:15", "V_kmh_mean": null, "V_kmh_std": null, "TTT_sec_mean": null, "TTT_sec_std": null, "flow_mean": 0.0, "flow_std": 0.0, "n_runs": 20}}, {"type": "Feature", "geometry": {"type": "LineString", "coordinates": [[139.951453357, 35.898163384], [139.95109, 35.898307], [139.950953, 35.898349], [139.95049, 35.898449], [139.950465, 35.898474], [139.95044, 35.898507], [139.95044, 35.898549], [139.950453, 35.898624], [139.95061388, 35.8996426016]]}, "properties": {"link_id": "533967_01424_01605_0", "road_id": "533967_01424_01605", "upnode": "533967_01424", "downnode": "533967_01605", "scenario": "no03", "slot_code": "1415", "hhmm": "14:15", "V_kmh_mean": null, "V_kmh_std": null, "TTT_sec_mean": null, "TTT_sec_std": null, "flow_mean": 0.0, "flow_std": 0.0, "n_runs": 20}}, {"type": "Feature", "geometry": {"type": "LineString", "coordinates": [[139.95061388, 35.8996426016], [139.950453, 35.898624], [139.95044, 35.898549], [139.95044, 35.898507], [139.950465, 35.898474], [139.95049, 35.898449], [139.950953, 35.898349], [139.95109, 35.898307], [139.951453357, 35.898163384]]}, "properties": {"link_id": "533967_01424_01605_1", "road_id": "533967_01424_01605", "upnode": "533967_01605", "downnode": "533967_01424", "scenario": "no03", "slot_code": "1415", "hhmm": "14:15", "V_kmh_mean": null, "V_kmh_std": null, "TTT_sec_mean": null, "TTT_sec_std": null, "flow_mean": 0.0, "flow_std": 0.0, "n_runs": 20}}, {"type": "Feature", "geometry": {"type": "LineString", "coordinates": [[139.9457391605, 35.8912907629], [139.945916, 35.891366], [139.946353, 35.891524], [139.9465156467, 35.8915858429]]}, "properties": {"link_id": "533967_01530_13891_0", "road_id": "533967_01530_13891", "upnode": "533967_01530", "downnode": "533967_13891", "scenario": "no03", "slot_code": "1415", "hhmm": "14:15", "V_kmh_mean": 48.65453110072842, "V_kmh_std": 0.6609722304777536, "TTT_sec_mean": 361.6775, "TTT_sec_std": 58.31896711190965, "flow_mean": 41.45, "flow_std": 6.886103473854541, "n_runs": 20}}, {"type": "Feature", "geometry": {"type": "LineString", "coordinates": [[139.9465156467, 35.8915858429], [139.946353, 35.891524], [139.945916, 35.891366], [139.9457391605, 35.8912907629]]}, "properties": {"link_id": "533967_01530_13891_1", "road_id": "533967_01530_13891", "upnode": "533967_13891", "downnode": "533967_01530", "scenario": "no03", "slot_code": "1415", "hhmm": "14:15", "V_kmh_mean": 45.31963046974786, "V_kmh_std": 8.230125864651468, "TTT_sec_mean": 385.1195, "TTT_sec_std": 145.18483455219203, "flow_mean": 38.75, "flow_std": 4.435206041615083, "n_runs": 20}}, {"type": "Feature", "geometry": {"type": "LineString", "coordinates": [[139.947040508, 35.8982715572], [139.947078, 35.89854], [139.9472946716, 35.8994843969]]}, "properties": {"link_id": "533967_01555_01556_0", "road_id": "533967_01555_01556", "upnode": "533967_01555", "downnode": "533967_01556", "scenario": "no03", "slot_code": "1415", "hhmm": "14:15", "V_kmh_mean": null, "V_kmh_std": null, "TTT_sec_mean": null, "TTT_sec_std": null, "flow_mean": 0.0, "flow_std": 0.0, "n_runs": 20}}, {"type": "Feature", "geometry": {"type": "LineString", "coordinates": [[139.9472946716, 35.8994843969], [139.947078, 35.89854], [139.947040508, 35.8982715572]]}, "properties": {"link_id": "533967_01555_01556_1", "road_id": "533967_01555_01556", "upnode": "533967_01556", "downnode": "533967_01555", "scenario": "no03", "slot_code": "1415", "hhmm": "14:15", "V_kmh_mean": null, "V_kmh_std": null, "TTT_sec_mean": null, "TTT_sec_std": null, "flow_mean": 0.0, "flow_std": 0.0, "n_runs": 20}}, {"type": "Feature", "geometry": {"type": "LineString", "coordinates": [[139.9470369138, 35.8980921586], [139.947066, 35.897799], [139.947091, 35.897632], [139.947203, 35.897382], [139.947291, 35.897307], [139.948703, 35.896807], [139.94894, 35.89674], [139.94919, 35.896674], [139.9492942963, 35.8966573518]]}, "properties": {"link_id": "533967_01555_13718_0", "road_id": "533967_01555_13718", "upnode": "533967_01555", "downnode": "533967_13718", "scenario": "no03", "slot_code": "1415", "hhmm": "14:15", "V_kmh_mean": null, "V_kmh_std": null, "TTT_sec_mean": null, "TTT_sec_std": null, "flow_mean": 0.0, "flow_std": 0.0, "n_runs": 20}}, {"type": "Feature", "geometry": {"type": "LineString", "coordinates": [[139.9492942963, 35.8966573518], [139.94919, 35.896674], [139.94894, 35.89674], [139.948703, 35.896807], [139.947291, 35.897307], [139.947203, 35.897382], [139.947091, 35.897632], [139.947066, 35.897799], [139.9470369138, 35.8980921586]]}, "properties": {"link_id": "533967_01555_13718_1", "road_id": "533967_01555_13718", "upnode": "533967_13718", "downnode": "533967_01555", "scenario": "no03", "slot_code": "1415", "hhmm": "14:15", "V_kmh_mean": null, "V_kmh_std": null, "TTT_sec_mean": null, "TTT_sec_std": null, "flow_mean": 0.0, "flow_std": 0.0, "n_runs": 20}}, {"type": "Feature", "geometry": {"type": "LineString", "coordinates": [[139.9469173043, 35.8981785288], [139.946741, 35.898173], [139.946566, 35.898165], [139.946416, 35.89814], [139.946278, 35.898107], [139.946153, 35.898065], [139.946053, 35.898023], [139.9459496865, 35.8979759924]]}, "properties": {"link_id": "533967_01555_14156_0", "road_id": "533967_01555_14156", "upnode": "533967_01555", "downnode": "533967_14156", "scenario": "no03", "slot_code": "1415", "hhmm": "14:15", "V_kmh_mean": 49.33154893590928, "V_kmh_std": 0.3343461752332349, "TTT_sec_mean": 175.448, "TTT_sec_std": 33.01170982035251, "flow_mean": 16.45, "flow_std": 3.1367935354770364, "n_runs": 20}}, {"type": "Feature", "geometry": {"type": "LineString", "coordinates": [[139.9459496865, 35.8979759924], [139.946053, 35.898023], [139.946153, 35.898065], [139.946278, 35.898107], [139.946416, 35.89814], [139.946566, 35.898165], [139.946741, 35.898173], [139.9469173043, 35.8981785288]]}, "properties": {"link_id": "533967_01555_14156_1", "road_id": "533967_01555_14156", "upnode": "533967_14156", "downnode": "533967_01555", "scenario": "no03", "slot_code": "1415", "hhmm": "14:15", "V_kmh_mean": 49.60232188048504, "V_kmh_std": 0.3308575721905533, "TTT_sec_mean": 512.6524999999999, "TTT_sec_std": 72.56334959156288, "flow_mean": 48.3, "flow_std": 6.9668387454614695, "n_runs": 20}}, {"type": "Feature", "geometry": {"type": "LineString", "coordinates": [[139.9473331774, 35.8996619119], [139.947453, 35.900248], [139.947515, 35.900548], [139.94754, 35.900715], [139.9475483172, 35.900874947]]}, "properties": {"link_id": "533967_01556_01656_0", "road_id": "533967_01556_01656", "upnode": "533967_01556", "downnode": "533967_01656", "scenario": "no03", "slot_code": "1415", "hhmm": "14:15", "V_kmh_mean": null, "V_kmh_std": null, "TTT_sec_mean": null, "TTT_sec_std": null, "flow_mean": 0.0, "flow_std": 0.0, "n_runs": 20}}, {"type": "Feature", "geometry": {"type": "LineString", "coordinates": [[139.9475483172, 35.900874947], [139.94754, 35.900715], [139.947515, 35.900548], [139.947453, 35.900248], [139.9473331774, 35.8996619119]]}, "properties": {"link_id": "533967_01556_01656_1", "road_id": "533967_01556_01656", "upnode": "533967_01656", "downnode": "533967_01556", "scenario": "no03", "slot_code": "1415", "hhmm": "14:15", "V_kmh_mean": null, "V_kmh_std": null, "TTT_sec_mean": null, "TTT_sec_std": null, "flow_mean": 0.0, "flow_std": 0.0, "n_runs": 20}}, {"type": "Feature", "geometry": {"type": "LineString", "coordinates": [[139.9474239703, 35.8995892246], [139.9476560296, 35.8996237757]]}, "properties": {"link_id": "533967_01556_88302_0", "road_id": "533967_01556_88302", "upnode": "533967_01556", "downnode": "533967_88302", "scenario": "no03", "slot_code": "1415", "hhmm": "14:15", "V_kmh_mean": null, "V_kmh_std": null, "TTT_sec_mean": null, "TTT_sec_std": null, "flow_mean": 0.0, "flow_std": 0.0, "n_runs": 20}}, {"type": "Feature", "geometry": {"type": "LineString", "coordinates": [[139.9476560296, 35.8996237757], [139.9474239703, 35.8995892246]]}, "properties": {"link_id": "533967_01556_88302_1", "road_id": "533967_01556_88302", "upnode": "533967_88302", "downnode": "533967_01556", "scenario": "no03", "slot_code": "1415", "hhmm": "14:15", "V_kmh_mean": null, "V_kmh_std": null, "TTT_sec_mean": null, "TTT_sec_std": null, "flow_mean": 0.0, "flow_std": 0.0, "n_runs": 20}}, {"type": "Feature", "geometry": {"type": "LineString", "coordinates": [[139.9548840221, 35.8963114986], [139.955002, 35.896432], [139.955015, 35.896457], [139.955027, 35.896482], [139.95504, 35.896507], [139.95504, 35.896532], [139.955027, 35.896557], [139.955002, 35.896582], [139.954927, 35.896674], [139.95474, 35.896932], [139.9544995374, 35.897238991]]}, "properties": {"link_id": "533967_01602_01603_0", "road_id": "533967_01602_01603", "upnode": "533967_01602", "downnode": "533967_01603", "scenario": "no03", "slot_code": "1415", "hhmm": "14:15", "V_kmh_mean": null, "V_kmh_std": null, "TTT_sec_mean": null, "TTT_sec_std": null, "flow_mean": 0.0, "flow_std": 0.0, "n_runs": 20}}, {"type": "Feature", "geometry": {"type": "LineString", "coordinates": [[139.9544995374, 35.897238991], [139.95474, 35.896932], [139.954927, 35.896674], [139.955002, 35.896582], [139.955027, 35.896557], [139.95504, 35.896532], [139.95504, 35.896507], [139.955027, 35.896482], [139.955015, 35.896457], [139.955002, 35.896432], [139.9548840221, 35.8963114986]]}, "properties": {"link_id": "533967_01602_01603_1", "road_id": "533967_01602_01603", "upnode": "533967_01603", "downnode": "533967_01602", "scenario": "no03", "slot_code": "1415", "hhmm": "14:15", "V_kmh_mean": null, "V_kmh_std": null, "TTT_sec_mean": null, "TTT_sec_std": null, "flow_mean": 0.0, "flow_std": 0.0, "n_runs": 20}}, {"type": "Feature", "geometry": {"type": "LineString", "coordinates": [[139.9547493157, 35.896168421], [139.954453, 35.895841], [139.954403, 35.895807], [139.954365, 35.895799], [139.954328, 35.895799], [139.95429, 35.895807], [139.95424, 35.895832], [139.954165, 35.895866], [139.954103, 35.895907], [139.953965, 35.896016], [139.953648351, 35.8963293765]]}, "properties": {"link_id": "533967_01602_01608_0", "road_id": "533967_01602_01608", "upnode": "533967_01602", "downnode": "533967_01608", "scenario": "no03", "slot_code": "1415", "hhmm": "14:15", "V_kmh_mean": null, "V_kmh_std": null, "TTT_sec_mean": null, "TTT_sec_std": null, "flow_mean": 0.0, "flow_std": 0.0, "n_runs": 20}}, {"type": "Feature", "geometry": {"type": "LineString", "coordinates": [[139.953648351, 35.8963293765], [139.953965, 35.896016], [139.954103, 35.895907], [139.954165, 35.895866], [139.95424, 35.895832], [139.95429, 35.895807], [139.954328, 35.895799], [139.954365, 35.895799], [139.954403, 35.895807], [139.954453, 35.895841], [139.9547493157, 35.896168421]]}, "properties": {"link_id": "533967_01602_01608_1", "road_id": "533967_01602_01608", "upnode": "533967_01608", "downnode": "533967_01602", "scenario": "no03", "slot_code": "1415", "hhmm": "14:15", "V_kmh_mean": null, "V_kmh_std": null, "TTT_sec_mean": null, "TTT_sec_std": null, "flow_mean": 0.0, "flow_std": 0.0, "n_runs": 20}}, {"type": "Feature", "geometry": {"type": "LineString", "coordinates": [[139.9543797007, 35.8973906104], [139.953928, 35.897957], [139.953815, 35.89809], [139.9528751626, 35.8992723168]]}, "properties": {"link_id": "533967_01603_01606_0", "road_id": "533967_01603_01606", "upnode": "533967_01603", "downnode": "533967_01606", "scenario": "no03", "slot_code": "1415", "hhmm": "14:15", "V_kmh_mean": null, "V_kmh_std": null, "TTT_sec_mean": null, "TTT_sec_std": null, "flow_mean": 0.0, "flow_std": 0.0, "n_runs": 20}}, {"type": "Feature", "geometry": {"type": "LineString", "coordinates": [[139.9528751626, 35.8992723168], [139.953815, 35.89809], [139.953928, 35.897957], [139.9543797007, 35.8973906104]]}, "properties": {"link_id": "533967_01603_01606_1", "road_id": "533967_01603_01606", "upnode": "533967_01606", "downnode": "533967_01603", "scenario": "no03", "slot_code": "1415", "hhmm": "14:15", "V_kmh_mean": null, "V_kmh_std": null, "TTT_sec_mean": null, "TTT_sec_std": null, "flow_mean": 0.0, "flow_std": 0.0, "n_runs": 20}}, {"type": "Feature", "geometry": {"type": "LineString", "coordinates": [[139.9543461083, 35.8972671685], [139.954228, 35.897207], [139.954153, 35.89714], [139.954065, 35.897015], [139.953978, 35.896874], [139.953865, 35.896657], [139.953765, 35.896549], [139.9536568865, 35.8964622781]]}, "properties": {"link_id": "533967_01603_01608_0", "road_id": "533967_01603_01608", "upnode": "533967_01603", "downnode": "533967_01608", "scenario": "no03", "slot_code": "1415", "hhmm": "14:15", "V_kmh_mean": null, "V_kmh_std": null, "TTT_sec_mean": null, "TTT_sec_std": null, "flow_mean": 0.0, "flow_std": 0.0, "n_runs": 20}}, {"type": "Feature", "geometry": {"type": "LineString", "coordinates": [[139.9536568865, 35.8964622781], [139.953765, 35.896549], [139.953865, 35.896657], [139.953978, 35.896874], [139.954065, 35.897015], [139.954153, 35.89714], [139.954228, 35.897207], [139.9543461083, 35.8972671685]]}, "properties": {"link_id": "533967_01603_01608_1", "road_id": "533967_01603_01608", "upnode": "533967_01608", "downnode": "533967_01603", "scenario": "no03", "slot_code": "1415", "hhmm": "14:15", "V_kmh_mean": null, "V_kmh_std": null, "TTT_sec_mean": null, "TTT_sec_std": null, "flow_mean": 0.0, "flow_std": 0.0, "n_runs": 20}}, {"type": "Feature", "geometry": {"type": "LineString", "coordinates": [[139.9522512957, 35.899130032], [139.95219, 35.899182], [139.952065, 35.899273], [139.951865, 35.899398], [139.951753, 35.899457], [139.951503, 35.899565], [139.951428, 35.89959], [139.951165, 35.899665], [139.950915, 35.899707], [139.9507381506, 35.8997224051]]}, "properties": {"link_id": "533967_01604_01605_0", "road_id": "533967_01604_01605", "upnode": "533967_01604", "downnode": "533967_01605", "scenario": "no03", "slot_code": "1415", "hhmm": "14:15", "V_kmh_mean": null, "V_kmh_std": null, "TTT_sec_mean": null, "TTT_sec_std": null, "flow_mean": 0.0, "flow_std": 0.0, "n_runs": 20}}, {"type": "Feature", "geometry": {"type": "LineString", "coordinates": [[139.9507381506, 35.8997224051], [139.950915, 35.899707], [139.951165, 35.899665], [139.951428, 35.89959], [139.951503, 35.899565], [139.951753, 35.899457], [139.951865, 35.899398], [139.952065, 35.899273], [139.95219, 35.899182], [139.9522512957, 35.899130032]]}, "properties": {"link_id": "533967_01604_01605_1", "road_id": "533967_01604_01605", "upnode": "533967_01605", "downnode": "533967_01604", "scenario": "no03", "slot_code": "1415", "hhmm": "14:15", "V_kmh_mean": null, "V_kmh_std": null, "TTT_sec_mean": null, "TTT_sec_std": null, "flow_mean": 0.0, "flow_std": 0.0, "n_runs": 20}}, {"type": "Feature", "geometry": {"type": "LineString", "coordinates": [[139.9524136884, 35.8991221256], [139.95249, 35.899173], [139.952765, 35.899315], [139.95279, 35.8993315]]}, "properties": {"link_id": "533967_01604_01606_0", "road_id": "533967_01604_01606", "upnode": "533967_01604", "downnode": "533967_01606", "scenario": "no03", "slot_code": "1415", "hhmm": "14:15", "V_kmh_mean": null, "V_kmh_std": null, "TTT_sec_mean": null, "TTT_sec_std": null, "flow_mean": 0.0, "flow_std": 0.0, "n_runs": 20}}, {"type": "Feature", "geometry": {"type": "LineString", "coordinates": [[139.95279, 35.8993315], [139.952765, 35.899315], [139.95249, 35.899173], [139.9524136884, 35.8991221256]]}, "properties": {"link_id": "533967_01604_01606_1", "road_id": "533967_01604_01606", "upnode": "533967_01606", "downnode": "533967_01604", "scenario": "no03", "slot_code": "1415", "hhmm": "14:15", "V_kmh_mean": null, "V_kmh_std": null, "TTT_sec_mean": null, "TTT_sec_std": null, "flow_mean": 0.0, "flow_std": 0.0, "n_runs": 20}}, {"type": "Feature", "geometry": {"type": "LineString", "coordinates": [[139.9506421272, 35.8998213977], [139.9507388726, 35.9004336023]]}, "properties": {"link_id": "533967_01605_01607_0", "road_id": "533967_01605_01607", "upnode": "533967_01605", "downnode": "533967_01607", "scenario": "no03", "slot_code": "1415", "hhmm": "14:15", "V_kmh_mean": null, "V_kmh_std": null, "TTT_sec_mean": null, "TTT_sec_std": null, "flow_mean": 0.0, "flow_std": 0.0, "n_runs": 20}}, {"type": "Feature", "geometry": {"type": "LineString", "coordinates": [[139.9507388726, 35.9004336023], [139.9506421272, 35.8998213977]]}, "properties": {"link_id": "533967_01605_01607_1", "road_id": "533967_01605_01607", "upnode": "533967_01607", "downnode": "533967_01605", "scenario": "no03", "slot_code": "1415", "hhmm": "14:15", "V_kmh_mean": null, "V_kmh_std": null, "TTT_sec_mean": null, "TTT_sec_std": null, "flow_mean": 0.0, "flow_std": 0.0, "n_runs": 20}}, {"type": "Feature", "geometry": {"type": "LineString", "coordinates": [[139.9527565808, 35.899424582], [139.952503, 35.899757], [139.952228, 35.90009], [139.952065, 35.900298], [139.951828, 35.900582], [139.951465, 35.900982], [139.951365, 35.901082], [139.951315, 35.901115], [139.951278, 35.901123], [139.951028, 35.901132], [139.95099, 35.901123], [139.950965, 35.901098], [139.950903, 35.900957], [139.9507829889, 35.9006097682]]}, "properties": {"link_id": "533967_01606_01607_0", "road_id": "533967_01606_01607", "upnode": "533967_01606", "downnode": "533967_01607", "scenario": "no03", "slot_code": "1415", "hhmm": "14:15", "V_kmh_mean": null, "V_kmh_std": null, "TTT_sec_mean": null, "TTT_sec_std": null, "flow_mean": 0.0, "flow_std": 0.0, "n_runs": 20}}, {"type": "Feature", "geometry": {"type": "LineString", "coordinates": [[139.9507829889, 35.9006097682], [139.950903, 35.900957], [139.950965, 35.901098], [139.95099, 35.901123], [139.951028, 35.901132], [139.951278, 35.901123], [139.951315, 35.901115], [139.951365, 35.901082], [139.951465, 35.900982], [139.951828, 35.900582], [139.952065, 35.900298], [139.952228, 35.90009], [139.952503, 35.899757], [139.9527565808, 35.899424582]]}, "properties": {"link_id": "533967_01606_01607_1", "road_id": "533967_01606_01607", "upnode": "533967_01607", "downnode": "533967_01606", "scenario": "no03", "slot_code": "1415", "hhmm": "14:15", "V_kmh_mean": null, "V_kmh_std": null, "TTT_sec_mean": null, "TTT_sec_std": null, "flow_mean": 0.0, "flow_std": 0.0, "n_runs": 20}}, {"type": "Feature", "geometry": {"type": "LineString", "coordinates": [[139.9529087545, 35.8993960124], [139.953352, 35.899623], [139.9533545067, 35.8996246806]]}, "properties": {"link_id": "533967_01606_01609_0", "road_id": "533967_01606_01609", "upnode": "533967_01606", "downnode": "533967_01609", "scenario": "no03", "slot_code": "1415", "hhmm": "14:15", "V_kmh_mean": null, "V_kmh_std": null, "TTT_sec_mean": null, "TTT_sec_std": null, "flow_mean": 0.0, "flow_std": 0.0, "n_runs": 20}}, {"type": "Feature", "geometry": {"type": "LineString", "coordinates": [[139.9533545067, 35.8996246806], [139.953352, 35.899623], [139.9529087545, 35.8993960124]]}, "properties": {"link_id": "533967_01606_01609_1", "road_id": "533967_01606_01609", "upnode": "533967_01609", "downnode": "533967_01606", "scenario": "no03", "slot_code": "1415", "hhmm": "14:15", "V_kmh_mean": null, "V_kmh_std": null, "TTT_sec_mean": null, "TTT_sec_std": null, "flow_mean": 0.0, "flow_std": 0.0, "n_runs": 20}}, {"type": "Feature", "geometry": {"type": "LineString", "coordinates": [[139.9548671711, 35.8951363801], [139.954928, 35.895332], [139.954965, 35.895441], [139.955028, 35.895574], [139.955103, 35.895691], [139.955178, 35.895782], [139.955277, 35.895882], [139.955377, 35.895974], [139.955452, 35.896032], [139.955552, 35.896099], [139.955627, 35.896149], [139.955702, 35.896191], [139.9559576202, 35.8963188103]]}, "properties": {"link_id": "533967_01654_01655_0", "road_id": "533967_01654_01655", "upnode": "533967_01654", "downnode": "533967_01655", "scenario": "no03", "slot_code": "1415", "hhmm": "14:15", "V_kmh_mean": 44.62695258866937, "V_kmh_std": 0.364823160504562, "TTT_sec_mean": 2091.0485, "TTT_sec_std": 142.66682180871624, "flow_mean": 133.3, "flow_std": 8.510674412017439, "n_runs": 20}}, {"type": "Feature", "geometry": {"type": "LineString", "coordinates": [[139.9547637648, 35.8944137071], [139.9548292351, 35.894959293]]}, "properties": {"link_id": "533967_01654_01658_1", "road_id": "533967_01654_01658", "upnode": "533967_01658", "downnode": "533967_01654", "scenario": "no03", "slot_code": "1415", "hhmm": "14:15", "V_kmh_mean": 31.94630686374421, "V_kmh_std": 3.700270200844985, "TTT_sec_mean": 1367.6575, "TTT_sec_std": 196.3852349438404, "flow_mean": 113.3, "flow_std": 6.890878792020347, "n_runs": 20}}, {"type": "Feature", "geometry": {"type": "LineString", "coordinates": [[139.95488075, 35.89504475], [139.95496225, 35.89503625]]}, "properties": {"link_id": "533967_01654_01661_0", "road_id": "533967_01654_01661", "upnode": "533967_01654", "downnode": "533967_01661", "scenario": "no03", "slot_code": "1415", "hhmm": "14:15", "V_kmh_mean": 33.40915298510099, "V_kmh_std": 0.8417433202919453, "TTT_sec_mean": 98.694, "TTT_sec_std": 15.30343662814268, "flow_mean": 19.85, "flow_std": 3.030980386815981, "n_runs": 20}}, {"type": "Feature", "geometry": {"type": "LineString", "coordinates": [[139.95496225, 35.89503625], [139.95488075, 35.89504475]]}, "properties": {"link_id": "533967_01654_01661_1", "road_id": "533967_01654_01661", "upnode": "533967_01661", "downnode": "533967_01654", "scenario": "no03", "slot_code": "1415", "hhmm": "14:15", "V_kmh_mean": 26.64542000561981, "V_kmh_std": 2.11741310579268, "TTT_sec_mean": 389.2745, "TTT_sec_std": 45.52820091640137, "flow_mean": 62.2, "flow_std": 4.6859251740549706, "n_runs": 20}}, {"type": "Feature", "geometry": {"type": "LineString", "coordinates": [[139.9476637818, 35.9009650002], [139.9478922182, 35.9009650002]]}, "properties": {"link_id": "533967_01656_87767_0", "road_id": "533967_01656_87767", "upnode": "533967_01656", "downnode": "533967_87767", "scenario": "no03", "slot_code": "1415", "hhmm": "14:15", "V_kmh_mean": null, "V_kmh_std": null, "TTT_sec_mean": null, "TTT_sec_std": null, "flow_mean": 0.0, "flow_std": 0.0, "n_runs": 20}}, {"type": "Feature", "geometry": {"type": "LineString", "coordinates": [[139.9478922182, 35.9009650002], [139.9476637818, 35.9009650002]]}, "properties": {"link_id": "533967_01656_87767_1", "road_id": "533967_01656_87767", "upnode": "533967_87767", "downnode": "533967_01656", "scenario": "no03", "slot_code": "1415", "hhmm": "14:15", "V_kmh_mean": null, "V_kmh_std": null, "TTT_sec_mean": null, "TTT_sec_std": null, "flow_mean": 0.0, "flow_std": 0.0, "n_runs": 20}}, {"type": "Feature", "geometry": {"type": "LineString", "coordinates": [[139.9547905, 35.89431975], [139.9548655, 35.89431125]]}, "properties": {"link_id": "533967_01658_01659_0", "road_id": "533967_01658_01659", "upnode": "533967_01658", "downnode": "533967_01659", "scenario": "no03", "slot_code": "1415", "hhmm": "14:15", "V_kmh_mean": null, "V_kmh_std": null, "TTT_sec_mean": null, "TTT_sec_std": null, "flow_mean": 0.0, "flow_std": 0.0, "n_runs": 20}}, {"type": "Feature", "geometry": {"type": "LineString", "coordinates": [[139.9548655, 35.89431125], [139.9547905, 35.89431975]]}, "properties": {"link_id": "533967_01658_01659_1", "road_id": "533967_01658_01659", "upnode": "533967_01659", "downnode": "533967_01658", "scenario": "no03", "slot_code": "1415", "hhmm": "14:15", "V_kmh_mean": null, "V_kmh_std": null, "TTT_sec_mean": null, "TTT_sec_std": null, "flow_mean": 0.0, "flow_std": 0.0, "n_runs": 20}}, {"type": "Feature", "geometry": {"type": "LineString", "coordinates": [[139.9549913147, 35.8949423692], [139.954915, 35.894357], [139.954909, 35.894332]]}, "properties": {"link_id": "533967_01659_01661_1", "road_id": "533967_01659_01661", "upnode": "533967_01661", "downnode": "533967_01659", "scenario": "no03", "slot_code": "1415", "hhmm": "14:15", "V_kmh_mean": 43.64846154188032, "V_kmh_std": 1.520594350450717, "TTT_sec_mean": 368.1435, "TTT_sec_std": 31.23559748529165, "flow_mean": 45.6, "flow_std": 3.74727971509439, "n_runs": 20}}, {"type": "Feature", "geometry": {"type": "LineString", "coordinates": [[139.9551413903, 35.8950037903], [139.9551910741, 35.8949878431], [139.9552354986, 35.8949470596], [139.9552539231, 35.8948739986], [139.9552789231, 35.8948319986], [139.9553039231, 35.8947739986], [139.9553289231, 35.8946489986], [139.955375914, 35.8944943976]]}, "properties": {"link_id": "533967_01661_13315_0", "road_id": "533967_01661_13315", "upnode": "533967_01661", "downnode": "533967_13315", "scenario": "no03", "slot_code": "1415", "hhmm": "14:15", "V_kmh_mean": 18.214599051946006, "V_kmh_std": 0.1332003258181658, "TTT_sec_mean": 236.714, "TTT_sec_std": 39.3762853290631, "flow_mean": 17.95, "flow_std": 2.946451925175162, "n_runs": 20}}, {"type": "Feature", "geometry": {"type": "LineString", "coordinates": [[139.955375914, 35.8944943976], [139.9553289231, 35.8946489986], [139.9553039231, 35.8947739986], [139.9552789231, 35.8948319986], [139.9552539231, 35.8948739986], [139.9552354986, 35.8949470596], [139.9551910741, 35.8949878431], [139.9551413903, 35.8950037903]]}, "properties": {"link_id": "533967_01661_13315_1", "road_id": "533967_01661_13315", "upnode": "533967_13315", "downnode": "533967_01661", "scenario": "no03", "slot_code": "1415", "hhmm": "14:15", "V_kmh_mean": 5.713398209963815, "V_kmh_std": 0.5886021475721577, "TTT_sec_mean": 1540.8825000000002, "TTT_sec_std": 207.4646065914808, "flow_mean": 29.4, "flow_std": 1.9029063643750173, "n_runs": 20}}, {"type": "Feature", "geometry": {"type": "LineString", "coordinates": [[139.9422413516, 35.8899711566], [139.9423036483, 35.8899948436]]}, "properties": {"link_id": "533967_10598_11494_0", "road_id": "533967_10598_11494", "upnode": "533967_10598", "downnode": "533967_11494", "scenario": "no03", "slot_code": "1415", "hhmm": "14:15", "V_kmh_mean": 57.17193442622951, "V_kmh_std": 0.3859024149219941, "TTT_sec_mean": 59.9, "TTT_sec_std": 2.4322936976399343, "flow_mean": 19.9, "flow_std": 0.7880689256524122, "n_runs": 20}}, {"type": "Feature", "geometry": {"type": "LineString", "coordinates": [[139.9423036483, 35.8899948436], [139.9422413516, 35.8899711566]]}, "properties": {"link_id": "533967_10598_11494_1", "road_id": "533967_10598_11494", "upnode": "533967_11494", "downnode": "533967_10598", "scenario": "no03", "slot_code": "1415", "hhmm": "14:15", "V_kmh_mean": 46.26204191345881, "V_kmh_std": 4.69640882556666, "TTT_sec_mean": 7.686875, "TTT_sec_std": 3.5157886147112616, "flow_mean": 1.85, "flow_std": 1.348488432516786, "n_runs": 20}}, {"type": "Feature", "geometry": {"type": "LineString", "coordinates": [[139.94209425, 35.88991425], [139.94200075, 35.88987675]]}, "properties": {"link_id": "533967_10598_13108_0", "road_id": "533967_10598_13108", "upnode": "533967_10598", "downnode": "533967_13108", "scenario": "no03", "slot_code": "1415", "hhmm": "14:15", "V_kmh_mean": 48.38957343332344, "V_kmh_std": 4.042826995102613, "TTT_sec_mean": 7.374375, "TTT_sec_std": 3.518499621050617, "flow_mean": 1.85, "flow_std": 1.348488432516786, "n_runs": 20}}, {"type": "Feature", "geometry": {"type": "LineString", "coordinates": [[139.94200075, 35.88987675], [139.94209425, 35.88991425]]}, "properties": {"link_id": "533967_10598_13108_1", "road_id": "533967_10598_13108", "upnode": "533967_13108", "downnode": "533967_10598", "scenario": "no03", "slot_code": "1415", "hhmm": "14:15", "V_kmh_mean": 51.12, "V_kmh_std": 2.82341053377531e-15, "TTT_sec_mean": 59.7, "TTT_sec_std": 2.364206776957236, "flow_mean": 19.9, "flow_std": 0.7880689256524122, "n_runs": 20}}, {"type": "Feature", "geometry": {"type": "LineString", "coordinates": [[139.9411053257, 35.8921527359], [139.940979, 35.892157], [139.940591, 35.892182], [139.9401246885, 35.8922566101]]}, "properties": {"link_id": "533967_11501_11503_0", "road_id": "533967_11501_11503", "upnode": "533967_11501", "downnode": "533967_11503", "scenario": "no03", "slot_code": "1415", "hhmm": "14:15", "V_kmh_mean": 29.72850800955421, "V_kmh_std": 0.0681917155179851, "TTT_sec_mean": 1287.9645, "TTT_sec_std": 97.37050744855684, "flow_mean": 77.75, "flow_std": 5.910516942393092, "n_runs": 20}}, {"type": "Feature", "geometry": {"type": "LineString", "coordinates": [[139.9401246885, 35.8922566101], [139.940591, 35.892182], [139.940979, 35.892157], [139.9411053257, 35.8921527359]]}, "properties": {"link_id": "533967_11501_11503_1", "road_id": "533967_11501_11503", "upnode": "533967_11503", "downnode": "533967_11501", "scenario": "no03", "slot_code": "1415", "hhmm": "14:15", "V_kmh_mean": 30.34615965298438, "V_kmh_std": 0.0989401054229584, "TTT_sec_mean": 710.6995, "TTT_sec_std": 37.52837585712553, "flow_mean": 44.05, "flow_std": 2.327750212679956, "n_runs": 20}}, {"type": "Feature", "geometry": {"type": "LineString", "coordinates": [[139.9413260846, 35.8921590078], [139.941491, 35.892174], [139.941704, 35.892216], [139.9427258381, 35.8925411722]]}, "properties": {"link_id": "533967_11501_11504_0", "road_id": "533967_11501_11504", "upnode": "533967_11501", "downnode": "533967_11504", "scenario": "no03", "slot_code": "1415", "hhmm": "14:15", "V_kmh_mean": 29.02963326201023, "V_kmh_std": 0.4867901349813027, "TTT_sec_mean": 963.381, "TTT_sec_std": 60.53690835045657, "flow_mean": 43.6, "flow_std": 2.5005262603994725, "n_runs": 20}}, {"type": "Feature", "geometry": {"type": "LineString", "coordinates": [[139.9427258381, 35.8925411722], [139.941704, 35.892216], [139.941491, 35.892174], [139.9413260846, 35.8921590078]]}, "properties": {"link_id": "533967_11501_11504_1", "road_id": "533967_11501_11504", "upnode": "533967_11504", "downnode": "533967_11501", "scenario": "no03", "slot_code": "1415", "hhmm": "14:15", "V_kmh_mean": 30.05257612145534, "V_kmh_std": 0.0505871752762663, "TTT_sec_mean": 1612.6765, "TTT_sec_std": 126.13851535326678, "flow_mean": 75.25, "flow_std": 5.865824301565985, "n_runs": 20}}, {"type": "Feature", "geometry": {"type": "LineString", "coordinates": [[139.9360638546, 35.8928948243], [139.9360071452, 35.8927191757]]}, "properties": {"link_id": "533967_11505_85937_0", "road_id": "533967_11505_85937", "upnode": "533967_11505", "downnode": "533967_85937", "scenario": "no03", "slot_code": "1415", "hhmm": "14:15", "V_kmh_mean": null, "V_kmh_std": null, "TTT_sec_mean": null, "TTT_sec_std": null, "flow_mean": 0.0, "flow_std": 0.0, "n_runs": 20}}, {"type": "Feature", "geometry": {"type": "LineString", "coordinates": [[139.9360071452, 35.8927191757], [139.9360638546, 35.8928948243]]}, "properties": {"link_id": "533967_11505_85937_1", "road_id": "533967_11505_85937", "upnode": "533967_85937", "downnode": "533967_11505", "scenario": "no03", "slot_code": "1415", "hhmm": "14:15", "V_kmh_mean": null, "V_kmh_std": null, "TTT_sec_mean": null, "TTT_sec_std": null, "flow_mean": 0.0, "flow_std": 0.0, "n_runs": 20}}, {"type": "Feature", "geometry": {"type": "LineString", "coordinates": [[139.9404178289, 35.8990174923], [139.941653, 35.899448], [139.941953, 35.899065], [139.942016, 35.899048], [139.943228, 35.899615], [139.9433099533, 35.8996580841]]}, "properties": {"link_id": "533967_11513_88894_0", "road_id": "533967_11513_88894", "upnode": "533967_11513", "downnode": "533967_88894", "scenario": "no03", "slot_code": "1415", "hhmm": "14:15", "V_kmh_mean": null, "V_kmh_std": null, "TTT_sec_mean": null, "TTT_sec_std": null, "flow_mean": 0.0, "flow_std": 0.0, "n_runs": 20}}, {"type": "Feature", "geometry": {"type": "LineString", "coordinates": [[139.9433099533, 35.8996580841], [139.943228, 35.899615], [139.942016, 35.899048], [139.941953, 35.899065], [139.941653, 35.899448], [139.9404178289, 35.8990174923]]}, "properties": {"link_id": "533967_11513_88894_1", "road_id": "533967_11513_88894", "upnode": "533967_88894", "downnode": "533967_11513", "scenario": "no03", "slot_code": "1415", "hhmm": "14:15", "V_kmh_mean": null, "V_kmh_std": null, "TTT_sec_mean": null, "TTT_sec_std": null, "flow_mean": 0.0, "flow_std": 0.0, "n_runs": 20}}, {"type": "Feature", "geometry": {"type": "LineString", "coordinates": [[139.9436370961, 35.9043772702], [139.942853, 35.905006], [139.9418170665, 35.9058984689]]}, "properties": {"link_id": "533967_11518_13596_0", "road_id": "533967_11518_13596", "upnode": "533967_11518", "downnode": "533967_13596", "scenario": "no03", "slot_code": "1415", "hhmm": "14:15", "V_kmh_mean": null, "V_kmh_std": null, "TTT_sec_mean": null, "TTT_sec_std": null, "flow_mean": 0.0, "flow_std": 0.0, "n_runs": 20}}, {"type": "Feature", "geometry": {"type": "LineString", "coordinates": [[139.9418170665, 35.9058984689], [139.942853, 35.905006], [139.9436370961, 35.9043772702]]}, "properties": {"link_id": "533967_11518_13596_1", "road_id": "533967_11518_13596", "upnode": "533967_13596", "downnode": "533967_11518", "scenario": "no03", "slot_code": "1415", "hhmm": "14:15", "V_kmh_mean": null, "V_kmh_std": null, "TTT_sec_mean": null, "TTT_sec_std": null, "flow_mean": 0.0, "flow_std": 0.0, "n_runs": 20}}, {"type": "Feature", "geometry": {"type": "LineString", "coordinates": [[139.9503305633, 35.9016960079], [139.950315, 35.901698], [139.950228, 35.90169], [139.949478, 35.90144], [139.949103, 35.901323], [139.948765, 35.901232], [139.948228, 35.901107], [139.948003, 35.90109], [139.94779, 35.901107], [139.947503, 35.901173], [139.946965, 35.901315], [139.946765, 35.901356], [139.9461266104, 35.9013849793]]}, "properties": {"link_id": "533967_12969_87770_0", "road_id": "533967_12969_87770", "upnode": "533967_12969", "downnode": "533967_87770", "scenario": "no03", "slot_code": "1415", "hhmm": "14:15", "V_kmh_mean": null, "V_kmh_std": null, "TTT_sec_mean": null, "TTT_sec_std": null, "flow_mean": 0.0, "flow_std": 0.0, "n_runs": 20}}, {"type": "Feature", "geometry": {"type": "LineString", "coordinates": [[139.9461266104, 35.9013849793], [139.946765, 35.901356], [139.946965, 35.901315], [139.947503, 35.901173], [139.94779, 35.901107], [139.948003, 35.90109], [139.948228, 35.901107], [139.948765, 35.901232], [139.949103, 35.901323], [139.949478, 35.90144], [139.950228, 35.90169], [139.950315, 35.901698], [139.9503305633, 35.9016960079]]}, "properties": {"link_id": "533967_12969_87770_1", "road_id": "533967_12969_87770", "upnode": "533967_87770", "downnode": "533967_12969", "scenario": "no03", "slot_code": "1415", "hhmm": "14:15", "V_kmh_mean": null, "V_kmh_std": null, "TTT_sec_mean": null, "TTT_sec_std": null, "flow_mean": 0.0, "flow_std": 0.0, "n_runs": 20}}, {"type": "Feature", "geometry": {"type": "LineString", "coordinates": [[139.9407500942, 35.8896043228], [139.941054, 35.889549], [139.941154, 35.889566], [139.941852935, 35.8898211117]]}, "properties": {"link_id": "533967_13107_13108_0", "road_id": "533967_13107_13108", "upnode": "533967_13107", "downnode": "533967_13108", "scenario": "no03", "slot_code": "1415", "hhmm": "14:15", "V_kmh_mean": 50.05669352151125, "V_kmh_std": 0.2231068610152664, "TTT_sec_mean": 220.66, "TTT_sec_std": 8.33984727867237, "flow_mean": 20.0, "flow_std": 0.7254762501100116, "n_runs": 20}}, {"type": "Feature", "geometry": {"type": "LineString", "coordinates": [[139.941852935, 35.8898211117], [139.941154, 35.889566], [139.941054, 35.889549], [139.9407500942, 35.8896043228]]}, "properties": {"link_id": "533967_13107_13108_1", "road_id": "533967_13107_13108", "upnode": "533967_13108", "downnode": "533967_13107", "scenario": "no03", "slot_code": "1415", "hhmm": "14:15", "V_kmh_mean": 45.45818181818182, "V_kmh_std": 1.723319265326019e-15, "TTT_sec_mean": 26.27777777777778, "TTT_sec_std": 15.619767097591646, "flow_mean": 2.15, "flow_std": 1.5312533566021211, "n_runs": 20}}, {"type": "Feature", "geometry": {"type": "LineString", "coordinates": [[139.9546999834, 35.8921722806], [139.9549930168, 35.8921437198]]}, "properties": {"link_id": "533967_13308_88665_0", "road_id": "533967_13308_88665", "upnode": "533967_13308", "downnode": "533967_88665", "scenario": "no03", "slot_code": "1415", "hhmm": "14:15", "V_kmh_mean": null, "V_kmh_std": null, "TTT_sec_mean": null, "TTT_sec_std": null, "flow_mean": 0.0, "flow_std": 0.0, "n_runs": 20}}, {"type": "Feature", "geometry": {"type": "LineString", "coordinates": [[139.9549930168, 35.8921437198], [139.9546999834, 35.8921722806]]}, "properties": {"link_id": "533967_13308_88665_1", "road_id": "533967_13308_88665", "upnode": "533967_88665", "downnode": "533967_13308", "scenario": "no03", "slot_code": "1415", "hhmm": "14:15", "V_kmh_mean": null, "V_kmh_std": null, "TTT_sec_mean": null, "TTT_sec_std": null, "flow_mean": 0.0, "flow_std": 0.0, "n_runs": 20}}, {"type": "Feature", "geometry": {"type": "LineString", "coordinates": [[139.9544257665, 35.8900410001], [139.954628, 35.890041], [139.954753, 35.890058], [139.954915, 35.890141], [139.955065, 35.890208], [139.955278, 35.890224], [139.9553069176, 35.8902292769]]}, "properties": {"link_id": "533967_13715_72472_0", "road_id": "533967_13715_72472", "upnode": "533967_13715", "downnode": "533967_72472", "scenario": "no03", "slot_code": "1415", "hhmm": "14:15", "V_kmh_mean": null, "V_kmh_std": null, "TTT_sec_mean": null, "TTT_sec_std": null, "flow_mean": 0.0, "flow_std": 0.0, "n_runs": 20}}, {"type": "Feature", "geometry": {"type": "LineString", "coordinates": [[139.9553069176, 35.8902292769], [139.955278, 35.890224], [139.955065, 35.890208], [139.954915, 35.890141], [139.954753, 35.890058], [139.954628, 35.890041], [139.9544257665, 35.8900410001]]}, "properties": {"link_id": "533967_13715_72472_1", "road_id": "533967_13715_72472", "upnode": "533967_72472", "downnode": "533967_13715", "scenario": "no03", "slot_code": "1415", "hhmm": "14:15", "V_kmh_mean": null, "V_kmh_std": null, "TTT_sec_mean": null, "TTT_sec_std": null, "flow_mean": 0.0, "flow_std": 0.0, "n_runs": 20}}, {"type": "Feature", "geometry": {"type": "LineString", "coordinates": [[139.9491015915, 35.8877847461], [139.949041, 35.887733], [139.948703, 35.887466], [139.948291, 35.887175], [139.947904, 35.886925], [139.947441, 35.886658], [139.947104, 35.886475], [139.946716, 35.886283], [139.9463623092, 35.8861195165]]}, "properties": {"link_id": "533967_13844_14155_1", "road_id": "533967_13844_14155", "upnode": "533967_14155", "downnode": "533967_13844", "scenario": "no03", "slot_code": "1415", "hhmm": "14:15", "V_kmh_mean": 47.98560556508332, "V_kmh_std": 0.0116461384488209, "TTT_sec_mean": 3258.1525, "TTT_sec_std": 151.58506494530943, "flow_mean": 130.3, "flow_std": 6.061960773631959, "n_runs": 20}}, {"type": "Feature", "geometry": {"type": "LineString", "coordinates": [[139.9467171439, 35.8916607491], [139.946916, 35.891733], [139.947191, 35.891841], [139.947416, 35.891916], [139.947541, 35.891966], [139.947778, 35.892024], [139.947953, 35.892057], [139.948178, 35.892091], [139.948391, 35.892099], [139.948841, 35.892099], [139.9488845, 35.892099]]}, "properties": {"link_id": "533967_13891_14021_0", "road_id": "533967_13891_14021", "upnode": "533967_13891", "downnode": "533967_14021", "scenario": "no03", "slot_code": "1415", "hhmm": "14:15", "V_kmh_mean": 50.289770123224514, "V_kmh_std": 0.1410620068545766, "TTT_sec_mean": 711.72, "TTT_sec_std": 124.94275682971995, "flow_mean": 41.65, "flow_std": 7.307350300967691, "n_runs": 20}}, {"type": "Feature", "geometry": {"type": "LineString", "coordinates": [[139.9488845, 35.892099], [139.948841, 35.892099], [139.948391, 35.892099], [139.948178, 35.892091], [139.947953, 35.892057], [139.947778, 35.892024], [139.947541, 35.891966], [139.947416, 35.891916], [139.947191, 35.891841], [139.946916, 35.891733], [139.9467171439, 35.8916607491]]}, "properties": {"link_id": "533967_13891_14021_1", "road_id": "533967_13891_14021", "upnode": "533967_14021", "downnode": "533967_13891", "scenario": "no03", "slot_code": "1415", "hhmm": "14:15", "V_kmh_mean": 49.78147444670357, "V_kmh_std": 0.204832476656782, "TTT_sec_mean": 688.8340000000001, "TTT_sec_std": 84.78233420757071, "flow_mean": 39.35, "flow_std": 4.891184336183447, "n_runs": 20}}, {"type": "Feature", "geometry": {"type": "LineString", "coordinates": [[139.946668712, 35.8915447262], [139.9472002892, 35.8907452741]]}, "properties": {"link_id": "533967_13891_72276_0", "road_id": "533967_13891_72276", "upnode": "533967_13891", "downnode": "533967_72276", "scenario": "no03", "slot_code": "1415", "hhmm": "14:15", "V_kmh_mean": null, "V_kmh_std": null, "TTT_sec_mean": null, "TTT_sec_std": null, "flow_mean": 0.0, "flow_std": 0.0, "n_runs": 20}}, {"type": "Feature", "geometry": {"type": "LineString", "coordinates": [[139.9472002892, 35.8907452741], [139.946668712, 35.8915447262]]}, "properties": {"link_id": "533967_13891_72276_1", "road_id": "533967_13891_72276", "upnode": "533967_72276", "downnode": "533967_13891", "scenario": "no03", "slot_code": "1415", "hhmm": "14:15", "V_kmh_mean": null, "V_kmh_std": null, "TTT_sec_mean": null, "TTT_sec_std": null, "flow_mean": 0.0, "flow_std": 0.0, "n_runs": 20}}, {"type": "Feature", "geometry": {"type": "LineString", "coordinates": [[139.9321326594, 35.9007837714], [139.9323763411, 35.8993952287]]}, "properties": {"link_id": "533967_14017_14018_0", "road_id": "533967_14017_14018", "upnode": "533967_14017", "downnode": "533967_14018", "scenario": "no03", "slot_code": "1415", "hhmm": "14:15", "V_kmh_mean": 51.45308576519941, "V_kmh_std": 0.1985547565487452, "TTT_sec_mean": 719.7205, "TTT_sec_std": 20.89186758803028, "flow_mean": 51.2, "flow_std": 1.3992479182911437, "n_runs": 20}}, {"type": "Feature", "geometry": {"type": "LineString", "coordinates": [[139.9323763411, 35.8993952287], [139.9321326594, 35.9007837714]]}, "properties": {"link_id": "533967_14017_14018_1", "road_id": "533967_14017_14018", "upnode": "533967_14018", "downnode": "533967_14017", "scenario": "no03", "slot_code": "1415", "hhmm": "14:15", "V_kmh_mean": 49.86221193677599, "V_kmh_std": 0.2644794716592932, "TTT_sec_mean": 535.142, "TTT_sec_std": 58.15497947635039, "flow_mean": 36.95, "flow_std": 4.019361038510316, "n_runs": 20}}, {"type": "Feature", "geometry": {"type": "LineString", "coordinates": [[139.948928, 35.8920088663], [139.948928, 35.891916], [139.948941, 35.891874], [139.948966, 35.891824], [139.949116, 35.891649], [139.949303, 35.891416], [139.949366, 35.891358], [139.949766, 35.890991], [139.949841, 35.890908], [139.949866, 35.890824], [139.949878, 35.890716], [139.949891, 35.890633], [139.949897, 35.890591]]}, "properties": {"link_id": "533967_14021_88656_0", "road_id": "533967_14021_88656", "upnode": "533967_14021", "downnode": "533967_88656", "scenario": "no03", "slot_code": "1415", "hhmm": "14:15", "V_kmh_mean": null, "V_kmh_std": null, "TTT_sec_mean": null, "TTT_sec_std": null, "flow_mean": 0.0, "flow_std": 0.0, "n_runs": 20}}, {"type": "Feature", "geometry": {"type": "LineString", "coordinates": [[139.949897, 35.890591], [139.949891, 35.890633], [139.949878, 35.890716], [139.949866, 35.890824], [139.949841, 35.890908], [139.949766, 35.890991], [139.949366, 35.891358], [139.949303, 35.891416], [139.949116, 35.891649], [139.948966, 35.891824], [139.948941, 35.891874], [139.948928, 35.891916], [139.948928, 35.8920088663]]}, "properties": {"link_id": "533967_14021_88656_1", "road_id": "533967_14021_88656", "upnode": "533967_88656", "downnode": "533967_14021", "scenario": "no03", "slot_code": "1415", "hhmm": "14:15", "V_kmh_mean": null, "V_kmh_std": null, "TTT_sec_mean": null, "TTT_sec_std": null, "flow_mean": 0.0, "flow_std": 0.0, "n_runs": 20}}, {"type": "Feature", "geometry": {"type": "LineString", "coordinates": [[139.9457796051, 35.8979995123], [139.945591, 35.898173], [139.945428, 35.898273], [139.944478, 35.898915], [139.943716, 35.899432], [139.943466, 35.89959], [139.9434474544, 35.8996244418]]}, "properties": {"link_id": "533967_14156_88894_0", "road_id": "533967_14156_88894", "upnode": "533967_14156", "downnode": "533967_88894", "scenario": "no03", "slot_code": "1415", "hhmm": "14:15", "V_kmh_mean": null, "V_kmh_std": null, "TTT_sec_mean": null, "TTT_sec_std": null, "flow_mean": 0.0, "flow_std": 0.0, "n_runs": 20}}, {"type": "Feature", "geometry": {"type": "LineString", "coordinates": [[139.9434474544, 35.8996244418], [139.943466, 35.89959], [139.943716, 35.899432], [139.944478, 35.898915], [139.945428, 35.898273], [139.945591, 35.898173], [139.9457796051, 35.8979995123]]}, "properties": {"link_id": "533967_14156_88894_1", "road_id": "533967_14156_88894", "upnode": "533967_88894", "downnode": "533967_14156", "scenario": "no03", "slot_code": "1415", "hhmm": "14:15", "V_kmh_mean": null, "V_kmh_std": null, "TTT_sec_mean": null, "TTT_sec_std": null, "flow_mean": 0.0, "flow_std": 0.0, "n_runs": 20}}, {"type": "Feature", "geometry": {"type": "LineString", "coordinates": [[139.9473488146, 35.8907112255], [139.948878, 35.891433], [139.949741, 35.890683], [139.9498253198, 35.8906132541]]}, "properties": {"link_id": "533967_72276_88656_0", "road_id": "533967_72276_88656", "upnode": "533967_72276", "downnode": "533967_88656", "scenario": "no03", "slot_code": "1415", "hhmm": "14:15", "V_kmh_mean": null, "V_kmh_std": null, "TTT_sec_mean": null, "TTT_sec_std": null, "flow_mean": 0.0, "flow_std": 0.0, "n_runs": 20}}, {"type": "Feature", "geometry": {"type": "LineString", "coordinates": [[139.9498253198, 35.8906132541], [139.949741, 35.890683], [139.948878, 35.891433], [139.9473488146, 35.8907112255]]}, "properties": {"link_id": "533967_72276_88656_1", "road_id": "533967_72276_88656", "upnode": "533967_88656", "downnode": "533967_72276", "scenario": "no03", "slot_code": "1415", "hhmm": "14:15", "V_kmh_mean": null, "V_kmh_std": null, "TTT_sec_mean": null, "TTT_sec_std": null, "flow_mean": 0.0, "flow_std": 0.0, "n_runs": 20}}, {"type": "Feature", "geometry": {"type": "LineString", "coordinates": [[139.9460677101, 35.9008985163], [139.945853, 35.900882], [139.945703, 35.90084], [139.944941, 35.90049], [139.944291, 35.900165], [139.9434965644, 35.8997552579]]}, "properties": {"link_id": "533967_74224_88894_0", "road_id": "533967_74224_88894", "upnode": "533967_74224", "downnode": "533967_88894", "scenario": "no03", "slot_code": "1415", "hhmm": "14:15", "V_kmh_mean": null, "V_kmh_std": null, "TTT_sec_mean": null, "TTT_sec_std": null, "flow_mean": 0.0, "flow_std": 0.0, "n_runs": 20}}, {"type": "Feature", "geometry": {"type": "LineString", "coordinates": [[139.9434965644, 35.8997552579], [139.944291, 35.900165], [139.944941, 35.90049], [139.945703, 35.90084], [139.945853, 35.900882], [139.9460677101, 35.9008985163]]}, "properties": {"link_id": "533967_74224_88894_1", "road_id": "533967_74224_88894", "upnode": "533967_88894", "downnode": "533967_74224", "scenario": "no03", "slot_code": "1415", "hhmm": "14:15", "V_kmh_mean": null, "V_kmh_std": null, "TTT_sec_mean": null, "TTT_sec_std": null, "flow_mean": 0.0, "flow_std": 0.0, "n_runs": 20}}, {"type": "Feature", "geometry": {"type": "LineString", "coordinates": [[139.9481135783, 35.9009595394], [139.948165, 35.900957], [139.948415, 35.900932], [139.9490064846, 35.9008331379]]}, "properties": {"link_id": "533967_87767_87768_0", "road_id": "533967_87767_87768", "upnode": "533967_87767", "downnode": "533967_87768", "scenario": "no03", "slot_code": "1415", "hhmm": "14:15", "V_kmh_mean": null, "V_kmh_std": null, "TTT_sec_mean": null, "TTT_sec_std": null, "flow_mean": 0.0, "flow_std": 0.0, "n_runs": 20}}, {"type": "Feature", "geometry": {"type": "LineString", "coordinates": [[139.9490064846, 35.9008331379], [139.948415, 35.900932], [139.948165, 35.900957], [139.9481135783, 35.9009595394]]}, "properties": {"link_id": "533967_87767_87768_1", "road_id": "533967_87767_87768", "upnode": "533967_87768", "downnode": "533967_87767", "scenario": "no03", "slot_code": "1415", "hhmm": "14:15", "V_kmh_mean": null, "V_kmh_std": null, "TTT_sec_mean": null, "TTT_sec_std": null, "flow_mean": 0.0, "flow_std": 0.0, "n_runs": 20}}, {"type": "Feature", "geometry": {"type": "LineString", "coordinates": [[139.9479865798, 35.900875862], [139.9479724567, 35.9007680664], [139.9479524844, 35.9006806954]]}, "properties": {"link_id": "533967_87767_88200_0", "road_id": "533967_87767_88200", "upnode": "533967_87767", "downnode": "533967_88200", "scenario": "no03", "slot_code": "1415", "hhmm": "14:15", "V_kmh_mean": null, "V_kmh_std": null, "TTT_sec_mean": null, "TTT_sec_std": null, "flow_mean": 0.0, "flow_std": 0.0, "n_runs": 20}}, {"type": "Feature", "geometry": {"type": "LineString", "coordinates": [[139.9479524844, 35.9006806954], [139.9479724567, 35.9007680664], [139.9479865798, 35.900875862]]}, "properties": {"link_id": "533967_87767_88200_1", "road_id": "533967_87767_88200", "upnode": "533967_88200", "downnode": "533967_87767", "scenario": "no03", "slot_code": "1415", "hhmm": "14:15", "V_kmh_mean": null, "V_kmh_std": null, "TTT_sec_mean": null, "TTT_sec_std": null, "flow_mean": 0.0, "flow_std": 0.0, "n_runs": 20}}, {"type": "Feature", "geometry": {"type": "LineString", "coordinates": [[139.9490959726, 35.9007262058], [139.9490590273, 35.9005537942]]}, "properties": {"link_id": "533967_87768_88199_0", "road_id": "533967_87768_88199", "upnode": "533967_87768", "downnode": "533967_88199", "scenario": "no03", "slot_code": "1415", "hhmm": "14:15", "V_kmh_mean": null, "V_kmh_std": null, "TTT_sec_mean": null, "TTT_sec_std": null, "flow_mean": 0.0, "flow_std": 0.0, "n_runs": 20}}, {"type": "Feature", "geometry": {"type": "LineString", "coordinates": [[139.9490590273, 35.9005537942], [139.9490959726, 35.9007262058]]}, "properties": {"link_id": "533967_87768_88199_1", "road_id": "533967_87768_88199", "upnode": "533967_88199", "downnode": "533967_87768", "scenario": "no03", "slot_code": "1415", "hhmm": "14:15", "V_kmh_mean": null, "V_kmh_std": null, "TTT_sec_mean": null, "TTT_sec_std": null, "flow_mean": 0.0, "flow_std": 0.0, "n_runs": 20}}, {"type": "Feature", "geometry": {"type": "LineString", "coordinates": [[139.9467666279, 35.9010064507], [139.946528, 35.901107], [139.946216, 35.901223], [139.946028, 35.901273], [139.9460252125, 35.9013001786]]}, "properties": {"link_id": "533967_87769_87770_0", "road_id": "533967_87769_87770", "upnode": "533967_87769", "downnode": "533967_87770", "scenario": "no03", "slot_code": "1415", "hhmm": "14:15", "V_kmh_mean": null, "V_kmh_std": null, "TTT_sec_mean": null, "TTT_sec_std": null, "flow_mean": 0.0, "flow_std": 0.0, "n_runs": 20}}, {"type": "Feature", "geometry": {"type": "LineString", "coordinates": [[139.9460252125, 35.9013001786], [139.946028, 35.901273], [139.946216, 35.901223], [139.946528, 35.901107], [139.9467666279, 35.9010064507]]}, "properties": {"link_id": "533967_87769_87770_1", "road_id": "533967_87769_87770", "upnode": "533967_87770", "downnode": "533967_87769", "scenario": "no03", "slot_code": "1415", "hhmm": "14:15", "V_kmh_mean": null, "V_kmh_std": null, "TTT_sec_mean": null, "TTT_sec_std": null, "flow_mean": 0.0, "flow_std": 0.0, "n_runs": 20}}, {"type": "Feature", "geometry": {"type": "LineString", "coordinates": [[139.9489310259, 35.9004812132], [139.9480869745, 35.9006067877]]}, "properties": {"link_id": "533967_88199_88200_0", "road_id": "533967_88199_88200", "upnode": "533967_88199", "downnode": "533967_88200", "scenario": "no03", "slot_code": "1415", "hhmm": "14:15", "V_kmh_mean": null, "V_kmh_std": null, "TTT_sec_mean": null, "TTT_sec_std": null, "flow_mean": 0.0, "flow_std": 0.0, "n_runs": 20}}, {"type": "Feature", "geometry": {"type": "LineString", "coordinates": [[139.9480869745, 35.9006067877], [139.9489310259, 35.9004812132]]}, "properties": {"link_id": "533967_88199_88200_1", "road_id": "533967_88199_88200", "upnode": "533967_88200", "downnode": "533967_88199", "scenario": "no03", "slot_code": "1415", "hhmm": "14:15", "V_kmh_mean": null, "V_kmh_std": null, "TTT_sec_mean": null, "TTT_sec_std": null, "flow_mean": 0.0, "flow_std": 0.0, "n_runs": 20}}, {"type": "Feature", "geometry": {"type": "LineString", "coordinates": [[139.9490262406, 35.9003755643], [139.9490037593, 35.9002294357]]}, "properties": {"link_id": "533967_88199_88201_0", "road_id": "533967_88199_88201", "upnode": "533967_88199", "downnode": "533967_88201", "scenario": "no03", "slot_code": "1415", "hhmm": "14:15", "V_kmh_mean": null, "V_kmh_std": null, "TTT_sec_mean": null, "TTT_sec_std": null, "flow_mean": 0.0, "flow_std": 0.0, "n_runs": 20}}, {"type": "Feature", "geometry": {"type": "LineString", "coordinates": [[139.9490037593, 35.9002294357], [139.9490262406, 35.9003755643]]}, "properties": {"link_id": "533967_88199_88201_1", "road_id": "533967_88199_88201", "upnode": "533967_88201", "downnode": "533967_88199", "scenario": "no03", "slot_code": "1415", "hhmm": "14:15", "V_kmh_mean": null, "V_kmh_std": null, "TTT_sec_mean": null, "TTT_sec_std": null, "flow_mean": 0.0, "flow_std": 0.0, "n_runs": 20}}, {"type": "Feature", "geometry": {"type": "LineString", "coordinates": [[139.9479575571, 35.9005344144], [139.9479234428, 35.9003865857]]}, "properties": {"link_id": "533967_88200_88202_0", "road_id": "533967_88200_88202", "upnode": "533967_88200", "downnode": "533967_88202", "scenario": "no03", "slot_code": "1415", "hhmm": "14:15", "V_kmh_mean": null, "V_kmh_std": null, "TTT_sec_mean": null, "TTT_sec_std": null, "flow_mean": 0.0, "flow_std": 0.0, "n_runs": 20}}, {"type": "Feature", "geometry": {"type": "LineString", "coordinates": [[139.9479234428, 35.9003865857], [139.9479575571, 35.9005344144]]}, "properties": {"link_id": "533967_88200_88202_1", "road_id": "533967_88200_88202", "upnode": "533967_88202", "downnode": "533967_88200", "scenario": "no03", "slot_code": "1415", "hhmm": "14:15", "V_kmh_mean": null, "V_kmh_std": null, "TTT_sec_mean": null, "TTT_sec_std": null, "flow_mean": 0.0, "flow_std": 0.0, "n_runs": 20}}, {"type": "Feature", "geometry": {"type": "LineString", "coordinates": [[139.9489751139, 35.9000506839], [139.94894, 35.89984], [139.94894, 35.899815], [139.948903, 35.899798], [139.94829, 35.899715], [139.9482869012, 35.8997145296]]}, "properties": {"link_id": "533967_88201_88203_0", "road_id": "533967_88201_88203", "upnode": "533967_88201", "downnode": "533967_88203", "scenario": "no03", "slot_code": "1415", "hhmm": "14:15", "V_kmh_mean": null, "V_kmh_std": null, "TTT_sec_mean": null, "TTT_sec_std": null, "flow_mean": 0.0, "flow_std": 0.0, "n_runs": 20}}, {"type": "Feature", "geometry": {"type": "LineString", "coordinates": [[139.9482869012, 35.8997145296], [139.94829, 35.899715], [139.948903, 35.899798], [139.94894, 35.899815], [139.94894, 35.89984], [139.9489751139, 35.9000506839]]}, "properties": {"link_id": "533967_88201_88203_1", "road_id": "533967_88201_88203", "upnode": "533967_88203", "downnode": "533967_88201", "scenario": "no03", "slot_code": "1415", "hhmm": "14:15", "V_kmh_mean": null, "V_kmh_std": null, "TTT_sec_mean": null, "TTT_sec_std": null, "flow_mean": 0.0, "flow_std": 0.0, "n_runs": 20}}, {"type": "Feature", "geometry": {"type": "LineString", "coordinates": [[139.9488809508, 35.9001558735], [139.9484120494, 35.900224127]]}, "properties": {"link_id": "533967_88201_88204_0", "road_id": "533967_88201_88204", "upnode": "533967_88201", "downnode": "533967_88204", "scenario": "no03", "slot_code": "1415", "hhmm": "14:15", "V_kmh_mean": null, "V_kmh_std": null, "TTT_sec_mean": null, "TTT_sec_std": null, "flow_mean": 0.0, "flow_std": 0.0, "n_runs": 20}}, {"type": "Feature", "geometry": {"type": "LineString", "coordinates": [[139.9484120494, 35.900224127], [139.9488809508, 35.9001558735]]}, "properties": {"link_id": "533967_88201_88204_1", "road_id": "533967_88201_88204", "upnode": "533967_88204", "downnode": "533967_88201", "scenario": "no03", "slot_code": "1415", "hhmm": "14:15", "V_kmh_mean": null, "V_kmh_std": null, "TTT_sec_mean": null, "TTT_sec_std": null, "flow_mean": 0.0, "flow_std": 0.0, "n_runs": 20}}, {"type": "Feature", "geometry": {"type": "LineString", "coordinates": [[139.9480120624, 35.9002821861], [139.9481939377, 35.9002558142]]}, "properties": {"link_id": "533967_88202_88204_0", "road_id": "533967_88202_88204", "upnode": "533967_88202", "downnode": "533967_88204", "scenario": "no03", "slot_code": "1415", "hhmm": "14:15", "V_kmh_mean": null, "V_kmh_std": null, "TTT_sec_mean": null, "TTT_sec_std": null, "flow_mean": 0.0, "flow_std": 0.0, "n_runs": 20}}, {"type": "Feature", "geometry": {"type": "LineString", "coordinates": [[139.9481939377, 35.9002558142], [139.9480120624, 35.9002821861]]}, "properties": {"link_id": "533967_88202_88204_1", "road_id": "533967_88202_88204", "upnode": "533967_88204", "downnode": "533967_88202", "scenario": "no03", "slot_code": "1415", "hhmm": "14:15", "V_kmh_mean": null, "V_kmh_std": null, "TTT_sec_mean": null, "TTT_sec_std": null, "flow_mean": 0.0, "flow_std": 0.0, "n_runs": 20}}, {"type": "Feature", "geometry": {"type": "LineString", "coordinates": [[139.9478843658, 35.9002091507], [139.9477836339, 35.8997288494]]}, "properties": {"link_id": "533967_88202_88302_0", "road_id": "533967_88202_88302", "upnode": "533967_88202", "downnode": "533967_88302", "scenario": "no03", "slot_code": "1415", "hhmm": "14:15", "V_kmh_mean": null, "V_kmh_std": null, "TTT_sec_mean": null, "TTT_sec_std": null, "flow_mean": 0.0, "flow_std": 0.0, "n_runs": 20}}, {"type": "Feature", "geometry": {"type": "LineString", "coordinates": [[139.9477836339, 35.8997288494], [139.9478843658, 35.9002091507]]}, "properties": {"link_id": "533967_88202_88302_1", "road_id": "533967_88202_88302", "upnode": "533967_88302", "downnode": "533967_88202", "scenario": "no03", "slot_code": "1415", "hhmm": "14:15", "V_kmh_mean": null, "V_kmh_std": null, "TTT_sec_mean": null, "TTT_sec_std": null, "flow_mean": 0.0, "flow_std": 0.0, "n_runs": 20}}, {"type": "Feature", "geometry": {"type": "LineString", "coordinates": [[139.9481984306, 35.8997865875], [139.9482825692, 35.9001514125]]}, "properties": {"link_id": "533967_88203_88204_0", "road_id": "533967_88203_88204", "upnode": "533967_88203", "downnode": "533967_88204", "scenario": "no03", "slot_code": "1415", "hhmm": "14:15", "V_kmh_mean": null, "V_kmh_std": null, "TTT_sec_mean": null, "TTT_sec_std": null, "flow_mean": 0.0, "flow_std": 0.0, "n_runs": 20}}, {"type": "Feature", "geometry": {"type": "LineString", "coordinates": [[139.9482825692, 35.9001514125], [139.9481984306, 35.8997865875]]}, "properties": {"link_id": "533967_88203_88204_1", "road_id": "533967_88203_88204", "upnode": "533967_88204", "downnode": "533967_88203", "scenario": "no03", "slot_code": "1415", "hhmm": "14:15", "V_kmh_mean": null, "V_kmh_std": null, "TTT_sec_mean": null, "TTT_sec_std": null, "flow_mean": 0.0, "flow_std": 0.0, "n_runs": 20}}, {"type": "Feature", "geometry": {"type": "LineString", "coordinates": [[139.9480688342, 35.8996826694], [139.9478741657, 35.8996553309]]}, "properties": {"link_id": "533967_88203_88302_0", "road_id": "533967_88203_88302", "upnode": "533967_88203", "downnode": "533967_88302", "scenario": "no03", "slot_code": "1415", "hhmm": "14:15", "V_kmh_mean": null, "V_kmh_std": null, "TTT_sec_mean": null, "TTT_sec_std": null, "flow_mean": 0.0, "flow_std": 0.0, "n_runs": 20}}, {"type": "Feature", "geometry": {"type": "LineString", "coordinates": [[139.9478741657, 35.8996553309], [139.9480688342, 35.8996826694]]}, "properties": {"link_id": "533967_88203_88302_1", "road_id": "533967_88203_88302", "upnode": "533967_88302", "downnode": "533967_88203", "scenario": "no03", "slot_code": "1415", "hhmm": "14:15", "V_kmh_mean": null, "V_kmh_std": null, "TTT_sec_mean": null, "TTT_sec_std": null, "flow_mean": 0.0, "flow_std": 0.0, "n_runs": 20}}, {"type": "Feature", "geometry": {"type": "LineString", "coordinates": [[139.9326277782, 35.8983820001], [139.932804, 35.898382], [139.933154, 35.898415], [139.933504, 35.898482], [139.933842, 35.898582], [139.9342160847, 35.8987198209]]}, "properties": {"link_id": "I_11_0129024139429", "road_id": "I_23_0129024139398", "upnode": "533967_00535", "downnode": "I_22_533967_-00007", "scenario": "no03", "slot_code": "1415", "hhmm": "14:15", "V_kmh_mean": 29.57253667769905, "V_kmh_std": 0.0705043358588402, "TTT_sec_mean": 1636.852, "TTT_sec_std": 102.36419735949, "flow_mean": 77.9, "flow_std": 4.822098254800224, "n_runs": 20}}, {"type": "Feature", "geometry": {"type": "LineString", "coordinates": [[139.9374914269, 35.9000164951], [139.93441657, 35.8987965076]]}, "properties": {"link_id": "I_11_0129024139444", "road_id": "I_23_0129024146201", "upnode": "I_22_533967_-00008", "downnode": "I_22_533967_-00007", "scenario": "no03", "slot_code": "1415", "hhmm": "14:15", "V_kmh_mean": 49.68704479495953, "V_kmh_std": 0.2390639989471098, "TTT_sec_mean": 1966.8025, "TTT_sec_std": 150.34126298717507, "flow_mean": 79.9, "flow_std": 5.972745115148169, "n_runs": 20}}, {"type": "Feature", "geometry": {"type": "LineString", "coordinates": [[139.93441657, 35.8987965076], [139.9374914269, 35.9000164951]]}, "properties": {"link_id": "I_11_0129024146232", "road_id": "I_23_0129024146201", "upnode": "I_22_533967_-00007", "downnode": "I_22_533967_-00008", "scenario": "no03", "slot_code": "1415", "hhmm": "14:15", "V_kmh_mean": 29.97425179953882, "V_kmh_std": 0.0284363246716426, "TTT_sec_mean": 3210.166, "TTT_sec_std": 179.76910827063983, "flow_mean": 78.8, "flow_std": 4.443801123031119, "n_runs": 20}}, {"type": "Feature", "geometry": {"type": "LineString", "coordinates": [[139.9389093803, 35.9006681224], [139.938566, 35.900498], [139.938141, 35.90029], [139.9376891689, 35.9000977667]]}, "properties": {"link_id": "I_11_0129024146246", "road_id": "I_23_0129024146216", "upnode": "533967_00538", "downnode": "I_22_533967_-00008", "scenario": "no03", "slot_code": "1415", "hhmm": "14:15", "V_kmh_mean": 45.85447089306311, "V_kmh_std": 0.5433562336526816, "TTT_sec_mean": 1017.168, "TTT_sec_std": 74.55857306066223, "flow_mean": 80.05, "flow_std": 5.595816106229443, "n_runs": 20}}, {"type": "Feature", "geometry": {"type": "LineString", "coordinates": [[139.9521445578, 35.8965977164], [139.951665, 35.896257], [139.951415, 35.896132], [139.951203, 35.896057], [139.9510914569, 35.8960396732]]}, "properties": {"link_id": "I_11_0804143920985", "road_id": "I_23_0804143920954", "upnode": "533967_01418", "downnode": "I_22_533967_-00002", "scenario": "no03", "slot_code": "1415", "hhmm": "14:15", "V_kmh_mean": 19.636859711339216, "V_kmh_std": 0.1400524908728454, "TTT_sec_mean": 455.1305, "TTT_sec_std": 85.22490162875859, "flow_mean": 21.0, "flow_std": 3.9202577788496993, "n_runs": 20}}, {"type": "Feature", "geometry": {"type": "LineString", "coordinates": [[139.949799732, 35.8958773378], [139.950953, 35.896007], [139.9510699611, 35.8960354051]]}, "properties": {"link_id": "I_11_0804143921001", "road_id": "I_23_0804143920969", "upnode": "533967_01421", "downnode": "I_22_533967_-00002", "scenario": "no03", "slot_code": "1415", "hhmm": "14:15", "V_kmh_mean": null, "V_kmh_std": null, "TTT_sec_mean": null, "TTT_sec_std": null, "flow_mean": 0.0, "flow_std": 0.0, "n_runs": 20}}, {"type": "Feature", "geometry": {"type": "LineString", "coordinates": [[139.9414442427, 35.9017764856], [139.9410441843, 35.9020921622]]}, "properties": {"link_id": "I_11_533967_-00001533967_00539", "road_id": "I_23_533967_00539_533967_-00001", "upnode": "I_22_533967_-00001", "downnode": "533967_00539", "scenario": "no03", "slot_code": "1415", "hhmm": "14:15", "V_kmh_mean": 5.639581921467179, "V_kmh_std": 0.7711273925168748, "TTT_sec_mean": 2265.0155, "TTT_sec_std": 467.7648229103684, "flow_mean": 45.4, "flow_std": 2.5005262603994702, "n_runs": 20}}, {"type": "Feature", "geometry": {"type": "LineString", "coordinates": [[139.9415222285, 35.901622514], [139.9414573964, 35.9015154031]]}, "properties": {"link_id": "I_11_533967_-00001_533967_-00005", "road_id": "I_23_533967_-00001_533967_-00005", "upnode": "I_22_533967_-00001", "downnode": "I_22_533967_-00005", "scenario": "no03", "slot_code": "1415", "hhmm": "14:15", "V_kmh_mean": null, "V_kmh_std": null, "TTT_sec_mean": null, "TTT_sec_std": null, "flow_mean": 0.0, "flow_std": 0.0, "n_runs": 20}}, {"type": "Feature", "geometry": {"type": "LineString", "coordinates": [[139.9413464164, 35.9014254304], [139.9412624352, 35.9015060417]]}, "properties": {"link_id": "I_11_533967_-00005_533967_-00006", "road_id": "I_23_533967_-00005_533967_-00006", "upnode": "I_22_533967_-00005", "downnode": "I_22_533967_-00006", "scenario": "no03", "slot_code": "1415", "hhmm": "14:15", "V_kmh_mean": null, "V_kmh_std": null, "TTT_sec_mean": null, "TTT_sec_std": null, "flow_mean": 0.0, "flow_std": 0.0, "n_runs": 20}}, {"type": "Feature", "geometry": {"type": "LineString", "coordinates": [[139.9412627144, 35.9016334904], [139.9414439632, 35.9016490369]]}, "properties": {"link_id": "I_11_533967_-00006_533967_-00001", "road_id": "I_23_533967_-00006_533967_-00001", "upnode": "I_22_533967_-00006", "downnode": "I_22_533967_-00001", "scenario": "no03", "slot_code": "1415", "hhmm": "14:15", "V_kmh_mean": 33.074061187795685, "V_kmh_std": 8.602731744330809, "TTT_sec_mean": 86.295, "TTT_sec_std": 42.42835564994117, "flow_mean": 19.8, "flow_std": 4.490926524964707, "n_runs": 20}}, {"type": "Feature", "geometry": {"type": "LineString", "coordinates": [[139.9375128149, 35.9001198356], [139.936998047, 35.9016828347]]}, "properties": {"link_id": "I_11_533967_-00008_533967_-00009", "road_id": "I_23_533967_-00009_533967_-00008", "upnode": "I_22_533967_-00008", "downnode": "I_22_533967_-00009", "scenario": "no03", "slot_code": "1415", "hhmm": "14:15", "V_kmh_mean": null, "V_kmh_std": null, "TTT_sec_mean": null, "TTT_sec_std": null, "flow_mean": 0.0, "flow_std": 0.0, "n_runs": 20}}, {"type": "Feature", "geometry": {"type": "LineString", "coordinates": [[139.936998047, 35.9016828347], [139.9375128149, 35.9001198356]]}, "properties": {"link_id": "I_11_533967_-00009_533967_-00008", "road_id": "I_23_533967_-00009_533967_-00008", "upnode": "I_22_533967_-00009", "downnode": "I_22_533967_-00008", "scenario": "no03", "slot_code": "1415", "hhmm": "14:15", "V_kmh_mean": null, "V_kmh_std": null, "TTT_sec_mean": null, "TTT_sec_std": null, "flow_mean": 0.0, "flow_std": 0.0, "n_runs": 20}}, {"type": "Feature", "geometry": {"type": "LineString", "coordinates": [[139.9410441843, 35.9020921622], [139.9414442427, 35.9017764856]]}, "properties": {"link_id": "I_11_533967_00539_533967_-00001", "road_id": "I_23_533967_00539_533967_-00001", "upnode": "533967_00539", "downnode": "I_22_533967_-00001", "scenario": "no03", "slot_code": "1415", "hhmm": "14:15", "V_kmh_mean": 25.11340944961116, "V_kmh_std": 0.316960957014869, "TTT_sec_mean": 390.331, "TTT_sec_std": 33.884899586689066, "flow_mean": 34.5, "flow_std": 2.8928223334023784, "n_runs": 20}}, {"type": "Feature", "geometry": {"type": "LineString", "coordinates": [[139.9544776298, 35.8915514301], [139.9543653699, 35.8907385699]]}, "properties": {"link_id": "I_11_533967_00937533967_01269", "road_id": "I_23_533967_00937533967_01269", "upnode": "533967_00937", "downnode": "533967_01269", "scenario": "no03", "slot_code": "1415", "hhmm": "14:15", "V_kmh_mean": 46.51902393239629, "V_kmh_std": 0.4861782173152861, "TTT_sec_mean": 316.3355, "TTT_sec_std": 29.386375553271208, "flow_mean": 34.8, "flow_std": 3.381061807682376, "n_runs": 20}}, {"type": "Feature", "geometry": {"type": "LineString", "coordinates": [[139.9542437303, 35.8916227784], [139.9529242702, 35.8918012229]]}, "properties": {"link_id": "I_11_533967_00937533967_01406", "road_id": "I_23_533967_00937533967_01406", "upnode": "533967_00937", "downnode": "533967_01406", "scenario": "no03", "slot_code": "1415", "hhmm": "14:15", "V_kmh_mean": 44.23190659608821, "V_kmh_std": 3.185590393570784, "TTT_sec_mean": 523.7434999999999, "TTT_sec_std": 78.01249726300605, "flow_mean": 44.0, "flow_std": 4.984185516527038, "n_runs": 20}}, {"type": "Feature", "geometry": {"type": "LineString", "coordinates": [[139.9543792471, 35.891788385], [139.9545960516, 35.8932692569]]}, "properties": {"link_id": "I_11_533967_00937533967_01657", "road_id": "I_23_533967_00937533967_01657", "upnode": "533967_00937", "downnode": "533967_01657", "scenario": "no03", "slot_code": "1415", "hhmm": "14:15", "V_kmh_mean": 17.689427334209533, "V_kmh_std": 0.5617772162585217, "TTT_sec_mean": 4576.474, "TTT_sec_std": 364.25216497424026, "flow_mean": 112.75, "flow_std": 6.7813599008799965, "n_runs": 20}}, {"type": "Feature", "geometry": {"type": "LineString", "coordinates": [[139.9499566507, 35.8943927705], [139.9503373501, 35.8922222296]]}, "properties": {"link_id": "I_11_533967_00939533967_01485", "road_id": "I_23_533967_00939533967_01485", "upnode": "533967_00939", "downnode": "533967_01485", "scenario": "no03", "slot_code": "1415", "hhmm": "14:15", "V_kmh_mean": 20.591406771514396, "V_kmh_std": 0.8640837655326681, "TTT_sec_mean": 8707.932499999999, "TTT_sec_std": 680.1422305500749, "flow_mean": 174.75, "flow_std": 8.315331433088234, "n_runs": 20}}, {"type": "Feature", "geometry": {"type": "LineString", "coordinates": [[139.9494352951, 35.8981089564], [139.949528, 35.898823], [139.949653, 35.899515], [139.9498460144, 35.9002211501], [139.949935299, 35.900542693], [139.9499535912, 35.9005872235]]}, "properties": {"link_id": "I_11_533967_00977533967_00978", "road_id": "I_23_533967_00977533967_00978", "upnode": "533967_00977", "downnode": "533967_00978", "scenario": "no03", "slot_code": "1415", "hhmm": "14:15", "V_kmh_mean": 39.61952243427765, "V_kmh_std": 0.2155253051908809, "TTT_sec_mean": 881.281, "TTT_sec_std": 143.98050722964297, "flow_mean": 30.95, "flow_std": 4.946822478276227, "n_runs": 20}}, {"type": "Feature", "geometry": {"type": "LineString", "coordinates": [[139.9495114027, 35.8977672205], [139.9494765891, 35.897478453], [139.949515, 35.897132], [139.949553, 35.896774], [139.9496765166, 35.8959544635]]}, "properties": {"link_id": "I_11_533967_00977533967_01421", "road_id": "I_23_533967_01421533967_00977", "upnode": "533967_00977", "downnode": "533967_01421", "scenario": "no03", "slot_code": "1415", "hhmm": "14:15", "V_kmh_mean": 41.76480529041118, "V_kmh_std": 2.992385137945133, "TTT_sec_mean": 2872.4855, "TTT_sec_std": 294.90944821606723, "flow_mean": 144.95, "flow_std": 7.910519312249585, "n_runs": 20}}, {"type": "Feature", "geometry": {"type": "LineString", "coordinates": [[139.9496890497, 35.8979443248], [139.9501679491, 35.8978888631], [139.9504490981, 35.8978387799], [139.9507337264, 35.8977927831], [139.951028, 35.897724], [139.9511315672, 35.8976763591]]}, "properties": {"link_id": "I_11_533967_00977533967_01425", "road_id": "I_23_533967_00977533967_01425", "upnode": "533967_00977", "downnode": "533967_01425", "scenario": "no03", "slot_code": "1415", "hhmm": "14:15", "V_kmh_mean": 48.89264233591216, "V_kmh_std": 0.3537756194141417, "TTT_sec_mean": 457.916, "TTT_sec_std": 51.56912003372396, "flow_mean": 38.6, "flow_std": 4.321305845520115, "n_runs": 20}}, {"type": "Feature", "geometry": {"type": "LineString", "coordinates": [[139.949170358, 35.8979573514], [139.9481476301, 35.8980698969], [139.947253, 35.898157], [139.9471377592, 35.8981698046]]}, "properties": {"link_id": "I_11_533967_00977533967_01555", "road_id": "I_23_533967_00977533967_01555", "upnode": "533967_00977", "downnode": "533967_01555", "scenario": "no03", "slot_code": "1415", "hhmm": "14:15", "V_kmh_mean": 48.08181874985486, "V_kmh_std": 0.6687463385994288, "TTT_sec_mean": 266.601, "TTT_sec_std": 44.46784526042681, "flow_mean": 16.55, "flow_std": 2.799906013460189, "n_runs": 20}}, {"type": "Feature", "geometry": {"type": "LineString", "coordinates": [[139.9499811115, 35.9005769603], [139.9499574644, 35.9004964733], [139.949874189, 35.900177757], [139.9497043551, 35.8995067552], [139.949601491, 35.8987977081], [139.949510305, 35.898109181]]}, "properties": {"link_id": "I_11_533967_00978533967_00977", "road_id": "I_23_533967_00978533967_00977", "upnode": "533967_00978", "downnode": "533967_00977", "scenario": "no03", "slot_code": "1415", "hhmm": "14:15", "V_kmh_mean": 23.998957768078427, "V_kmh_std": 1.7332003112452212, "TTT_sec_mean": 4424.961, "TTT_sec_std": 396.4698740383687, "flow_mean": 91.05, "flow_std": 2.438183102661746, "n_runs": 20}}, {"type": "Feature", "geometry": {"type": "LineString", "coordinates": [[139.9542039866, 35.8906554123], [139.9543390131, 35.8915185877]]}, "properties": {"link_id": "I_11_533967_01268533967_00937", "road_id": "I_23_533967_00937533967_01268", "upnode": "533967_01268", "downnode": "533967_00937", "scenario": "no03", "slot_code": "1415", "hhmm": "14:15", "V_kmh_mean": 17.698543472841983, "V_kmh_std": 1.9699058576598376, "TTT_sec_mean": 1372.7869999999998, "TTT_sec_std": 190.47345379619867, "flow_mean": 52.25, "flow_std": 3.024026594146497, "n_runs": 20}}, {"type": "Feature", "geometry": {"type": "LineString", "coordinates": [[139.9529372543, 35.8918931444], [139.9542557463, 35.8917138569]]}, "properties": {"link_id": "I_11_533967_01405533967_00937", "road_id": "I_23_533967_00937533967_01405", "upnode": "533967_01405", "downnode": "533967_00937", "scenario": "no03", "slot_code": "1415", "hhmm": "14:15", "V_kmh_mean": 10.968448549654026, "V_kmh_std": 0.2775410361565066, "TTT_sec_mean": 4411.484, "TTT_sec_std": 435.0284435758194, "flow_mean": 83.65, "flow_std": 7.47821397196726, "n_runs": 20}}, {"type": "Feature", "geometry": {"type": "LineString", "coordinates": [[139.9532715, 35.8937325], [139.953303, 35.893699], [139.953403, 35.893649], [139.9545264505, 35.8934833616]]}, "properties": {"link_id": "I_11_533967_01412533967_01657", "road_id": "I_23_533967_01412533967_01657", "upnode": "533967_01412", "downnode": "533967_01657", "scenario": "no03", "slot_code": "1415", "hhmm": "14:15", "V_kmh_mean": 17.75895963528104, "V_kmh_std": 4.520437187872948, "TTT_sec_mean": 447.864, "TTT_sec_std": 128.6019771232153, "flow_mean": 12.6, "flow_std": 1.3138933706635727, "n_runs": 20}}, {"type": "Feature", "geometry": {"type": "LineString", "coordinates": [[139.9521555206, 35.8967251631], [139.95159, 35.897257], [139.951365, 35.897424], [139.951165, 35.897532], [139.95094, 35.897649], [139.950728, 35.897715], [139.950428, 35.897782], [139.9501424425, 35.8978330047], [139.9496989433, 35.8979188908]]}, "properties": {"link_id": "I_11_533967_01418533967_00977", "road_id": "I_23_533967_01418533967_00977", "upnode": "533967_01418", "downnode": "533967_00977", "scenario": "no03", "slot_code": "1415", "hhmm": "14:15", "V_kmh_mean": 19.72397807440411, "V_kmh_std": 0.6719394614073498, "TTT_sec_mean": 1890.238, "TTT_sec_std": 326.92216341605155, "flow_mean": 31.85, "flow_std": 5.499042978938292, "n_runs": 20}}, {"type": "Feature", "geometry": {"type": "LineString", "coordinates": [[139.9501996159, 35.8921631423], [139.949794385, 35.8943678578]]}, "properties": {"link_id": "I_11_533967_01485533967_00940", "road_id": "I_23_533967_00940533967_01485", "upnode": "533967_01485", "downnode": "533967_00940", "scenario": "no03", "slot_code": "1415", "hhmm": "14:15", "V_kmh_mean": 26.12827009426271, "V_kmh_std": 1.0348091174860294, "TTT_sec_mean": 2092.8975, "TTT_sec_std": 366.85085406061137, "flow_mean": 55.75, "flow_std": 8.428491779921869, "n_runs": 20}}, {"type": "Feature", "geometry": {"type": "LineString", "coordinates": [[139.9504636681, 35.8921291449], [139.950841, 35.892116], [139.95149, 35.892074], [139.952015, 35.892008], [139.952215, 35.891983], [139.9527184622, 35.8919214021]]}, "properties": {"link_id": "I_11_533967_01485533967_01405", "road_id": "I_23_533967_01485533967_01405", "upnode": "533967_01485", "downnode": "533967_01405", "scenario": "no03", "slot_code": "1415", "hhmm": "14:15", "V_kmh_mean": 27.613467180457512, "V_kmh_std": 0.7131722954657002, "TTT_sec_mean": 2789.166, "TTT_sec_std": 254.5279067814104, "flow_mean": 93.4, "flow_std": 7.140691400992662, "n_runs": 20}}, {"type": "Feature", "geometry": {"type": "LineString", "coordinates": [[139.9501052621, 35.89207615], [139.9490387379, 35.8920968511]]}, "properties": {"link_id": "I_11_533967_01485533967_14021", "road_id": "I_23_533967_01485533967_14021", "upnode": "533967_01485", "downnode": "533967_14021", "scenario": "no03", "slot_code": "1415", "hhmm": "14:15", "V_kmh_mean": 46.10326677791578, "V_kmh_std": 0.3605993689500921, "TTT_sec_mean": 348.948, "TTT_sec_std": 42.60580496648439, "flow_mean": 40.25, "flow_std": 4.854460780939961, "n_runs": 20}}, {"type": "Feature", "geometry": {"type": "LineString", "coordinates": [[139.9503823865, 35.891934858], [139.950441, 35.891616], [139.950491, 35.891266], [139.950528, 35.890974], [139.950541, 35.890708], [139.950541, 35.890416], [139.950503, 35.890116], [139.950428, 35.889799], [139.950341, 35.889499], [139.950228, 35.889233], [139.950091, 35.88895], [139.949953, 35.888725], [139.949778, 35.888475], [139.949553, 35.888216], [139.949316, 35.887966], [139.9492550413, 35.8879147594]]}, "properties": {"link_id": "I_11_533967_01485533967_14155", "road_id": "I_23_533967_01485533967_14155", "upnode": "533967_01485", "downnode": "533967_14155", "scenario": "no03", "slot_code": "1415", "hhmm": "14:15", "V_kmh_mean": 48.55149270076485, "V_kmh_std": 0.164978430927171, "TTT_sec_mean": 5311.214, "TTT_sec_std": 251.72982976533444, "flow_mean": 141.45, "flow_std": 6.747124143701995, "n_runs": 20}}, {"type": "Feature", "geometry": {"type": "LineString", "coordinates": [[139.9471377592, 35.8981698046], [139.947253, 35.898157], [139.9481476301, 35.8980698969], [139.949170358, 35.8979573514]]}, "properties": {"link_id": "I_11_533967_01555533967_00977", "road_id": "I_23_533967_00977533967_01555", "upnode": "533967_01555", "downnode": "533967_00977", "scenario": "no03", "slot_code": "1415", "hhmm": "14:15", "V_kmh_mean": 19.56548774266222, "V_kmh_std": 1.6434696338101975, "TTT_sec_mean": 2366.5565, "TTT_sec_std": 324.4632329714158, "flow_mean": 52.9, "flow_std": 6.7348270012556455, "n_runs": 20}}, {"type": "Feature", "geometry": {"type": "LineString", "coordinates": [[139.9513924276, 35.8919793709], [139.950803, 35.892008], [139.9504766574, 35.8920199486]]}, "properties": {"link_id": "I_11_533967_01644533967_01485", "road_id": "I_23_533967_01485533967_01644", "upnode": "533967_01644", "downnode": "533967_01485", "scenario": "no03", "slot_code": "1415", "hhmm": "14:15", "V_kmh_mean": 12.837869156525702, "V_kmh_std": 2.378462685453559, "TTT_sec_mean": 1460.285, "TTT_sec_std": 566.3317622485772, "flow_mean": 39.45, "flow_std": 4.465953072089459, "n_runs": 20}}, {"type": "Feature", "geometry": {"type": "LineString", "coordinates": [[139.9545021021, 35.8933779595], [139.953603, 35.893532], [139.953211936, 35.8935906598]]}, "properties": {"link_id": "I_11_533967_01657533967_01413", "road_id": "I_23_533967_01413533967_01657", "upnode": "533967_01657", "downnode": "533967_01413", "scenario": "no03", "slot_code": "1415", "hhmm": "14:15", "V_kmh_mean": 43.82572406701252, "V_kmh_std": 1.180260256459713, "TTT_sec_mean": 159.20149999999998, "TTT_sec_std": 27.099522869173217, "flow_mean": 13.25, "flow_std": 2.0487480130686238, "n_runs": 20}}, {"type": "Feature", "geometry": {"type": "LineString", "coordinates": [[139.9546456497, 35.8935563813], [139.9547426493, 35.8942342607]]}, "properties": {"link_id": "I_11_533967_01657533967_01658", "road_id": "I_23_533967_01657533967_01658", "upnode": "533967_01657", "downnode": "533967_01658", "scenario": "no03", "slot_code": "1415", "hhmm": "14:15", "V_kmh_mean": 47.02167961627467, "V_kmh_std": 0.519802170650341, "TTT_sec_mean": 886.017, "TTT_sec_std": 57.36851062716327, "flow_mean": 110.7, "flow_std": 6.489667901648297, "n_runs": 20}}, {"type": "Feature", "geometry": {"type": "LineString", "coordinates": [[139.9547225969, 35.8932521028], [139.9546027021, 35.8922725391]]}, "properties": {"link_id": "I_11_533967_01657533967_13308", "road_id": "I_23_533967_01657533967_13308", "upnode": "533967_01657", "downnode": "533967_13308", "scenario": "no03", "slot_code": "1415", "hhmm": "14:15", "V_kmh_mean": 46.082770733193954, "V_kmh_std": 0.965168550073592, "TTT_sec_mean": 500.349, "TTT_sec_std": 56.56289828240122, "flow_mean": 48.25, "flow_std": 5.045842478297303, "n_runs": 20}}, {"type": "Feature", "geometry": {"type": "LineString", "coordinates": [[139.9548889001, 35.8942175995], [139.9547613989, 35.8935310425]]}, "properties": {"link_id": "I_11_533967_01659533967_01657", "road_id": "I_23_533967_01657533967_01659", "upnode": "533967_01659", "downnode": "533967_01657", "scenario": "no03", "slot_code": "1415", "hhmm": "14:15", "V_kmh_mean": 21.93072871191924, "V_kmh_std": 2.661064358535694, "TTT_sec_mean": 932.408, "TTT_sec_std": 142.0941042371124, "flow_mean": 47.15, "flow_std": 4.51051403302387, "n_runs": 20}}, {"type": "Feature", "geometry": {"type": "LineString", "coordinates": [[139.9545735544, 35.8920938652], [139.9545064454, 35.8917301348]]}, "properties": {"link_id": "I_11_533967_13308533967_00937", "road_id": "I_23_533967_00937533967_13308", "upnode": "533967_13308", "downnode": "533967_00937", "scenario": "no03", "slot_code": "1415", "hhmm": "14:15", "V_kmh_mean": 20.09000532467962, "V_kmh_std": 3.3568762838277144, "TTT_sec_mean": 696.437, "TTT_sec_std": 143.88814054857446, "flow_mean": 49.45, "flow_std": 5.124502543251342, "n_runs": 20}}, {"type": "Feature", "geometry": {"type": "LineString", "coordinates": [[139.9493908278, 35.8967295879], [139.949378, 35.896824], [139.949353, 35.897157], [139.949353, 35.89754], [139.9493920585, 35.8977941978]]}, "properties": {"link_id": "I_11_533967_13718533967_00977", "road_id": "I_23_533967_00977533967_13718", "upnode": "533967_13718", "downnode": "533967_00977", "scenario": "no03", "slot_code": "1415", "hhmm": "14:15", "V_kmh_mean": 19.257389045382105, "V_kmh_std": 1.8239600142535184, "TTT_sec_mean": 1688.1560000000002, "TTT_sec_std": 266.2652182831404, "flow_mean": 54.05, "flow_std": 5.155222186237339, "n_runs": 20}}, {"type": "Feature", "geometry": {"type": "LineString", "coordinates": [[139.9465500153, 35.8863109353], [139.946704, 35.886383], [139.947066, 35.886566], [139.947404, 35.88675], [139.947791, 35.886975], [139.948216, 35.887241], [139.948628, 35.887541], [139.948966, 35.887791], [139.949228, 35.888025], [139.949491, 35.888291], [139.949691, 35.888516], [139.949866, 35.888775], [139.950003, 35.889008], [139.950128, 35.889266], [139.950241, 35.889533], [139.950328, 35.889833], [139.950391, 35.890133], [139.950416, 35.890416], [139.950428, 35.890724], [139.950416, 35.890991], [139.950366, 35.891266], [139.950303, 35.891633], [139.9502335568, 35.8919850056]]}, "properties": {"link_id": "I_11_533967_13845533967_01485", "road_id": "I_23_533967_01485533967_13845", "upnode": "533967_13845", "downnode": "533967_01485", "scenario": "no03", "slot_code": "1415", "hhmm": "14:15", "V_kmh_mean": 31.697532704092936, "V_kmh_std": 0.6145180887090032, "TTT_sec_mean": 7704.1055, "TTT_sec_std": 489.7261972343639, "flow_mean": 83.4, "flow_std": 4.728413553914477, "n_runs": 20}}, {"type": "Feature", "geometry": {"type": "LineString", "coordinates": [[139.9490387379, 35.8920968511], [139.9501052621, 35.89207615]]}, "properties": {"link_id": "I_11_533967_14021533967_01485", "road_id": "I_23_533967_01485533967_14021", "upnode": "533967_14021", "downnode": "533967_01485", "scenario": "no03", "slot_code": "1415", "hhmm": "14:15", "V_kmh_mean": 11.725785361970484, "V_kmh_std": 1.9329046838490789, "TTT_sec_mean": 1586.2255, "TTT_sec_std": 445.8378709029952, "flow_mean": 37.0, "flow_std": 6.7900856517347945, "n_runs": 20}}]}