x1_s,x2_s,x3_s
0.0,48.0,42.0
0.0,48.0,43.2
0.0,48.0,44.4
0.0,48.0,45.6
0.0,48.0,46.8
0.0,48.0,48.0
0.0,48.0,49.2
0.0,48.0,50.4
0.0,48.0,51.6
0.0,48.0,52.8
0.0,48.0,54.0
0.0,48.0,55.2
0.0,48.0,56.4
0.0,48.0,57.6
0.0,48.0,58.8
0.0,48.0,60.0
0.0,48.0,61.2
0.0,48.0,62.4
0.0,48.0,63.6
0.0,48.0,64.8
0.0,48.0,66.0
0.0,48.0,67.2
0.0,48.0,68.4
0.0,48.0,69.6
0.0,48.0,70.8
0.0,48.0,72.0
0.0,48.0,73.2
0.0,48.0,74.4
0.0,48.0,75.6
0.0,48.0,76.8
0.0,48.0,78.0
0.0,49.2,43.2
0.0,49.2,44.4
0.0,49.2,45.6
0.0,49.2,46.8
0.0,49.2,48.0
0.0,49.2,49.2
0.0,49.2,50.4
0.0,49.2,51.6
0.0,49.2,52.8
0.0,49.2,54.0
0.0,49.2,55.2
0.0,49.2,56.4
0.0,49.2,57.6
0.0,49.2,58.8
0.0,49.2,60.0
0.0,49.2,61.2
0.0,49.2,62.4
0.0,49.2,63.6
0.0,49.2,64.8
0.0,49.2,66.0
0.0,49.2,67.2
0.0,49.2,68.4
0.0,49.2,69.6
0.0,49.2,70.8
0.0,49.2,72.0
0.0,49.2,73.2
0.0,49.2,74.4
0.0,49.2,75.6
0.0,49.2,76.8
0.0,49.2,78.0
0.0,49.2,79.2
0.0,50.4,44.4
0.0,50.4,45.6
0.0,50.4,46.8
0.0,50.4,48.0
0.0,50.4,49.2
0.0,50.4,50.4
0.0,50.4,51.6
0.0,50.4,52.8
0.0,50.4,54.0
0.0,50.4,55.2
0.0,50.4,56.4
0.0,50.4,57.6
0.0,50.4,58.8
0.0,50.4,60.0
0.0,50.4,61.2
0.0,50.4,62.4
0.0,50.4,63.6
0.0,50.4,64.8
0.0,50.4,66.0
0.0,50.4,67.2
0.0,50.4,68.4
0.0,50.4,69.6
0.0,50.4,70.8
0.0,50.4,72.0
0.0,50.4,73.2
0.0,50.4,74.4
0.0,50.4,75.6
0.0,50.4,76.8
0.0,50.4,78.0
0.0,50.4,79.2
0.0,50.4,80.4
0.0,51.6,45.6
0.0,51.6,46.8
0.0,51.6,48.0
0.0,51.6,49.2
0.0,51.6,50.4
0.0,51.6,51.6
0.0,51.6,52.8
0.0,51.6,54.0
0.0,51.6,55.2
0.0,51.6,56.4
0.0,51.6,57.6
0.0,51.6,58.8
0.0,51.6,60.0
0.0,51.6,61.2
0.0,51.6,62.4
0.0,51.6,63.6
0.0,51.6,64.8
0.0,51.6,66.0
0.0,51.6,67.2
0.0,51.6,68.4
0.0,51.6,69.6
0.0,51.6,70.8
0.0,51.6,72.0
0.0,51.6,73.2
0.0,51.6,74.4
0.0,51.6,75.6
0.0,51.6,76.8
0.0,51.6,78.0
0.0,51.6,79.2
0.0,51.6,80.4
0.0,51.6,81.6
0.0,52.8,46.8
0.0,52.8,48.0
0.0,52.8,49.2
0.0,52.8,50.4
0.0,52.8,51.6
0.0,52.8,52.8
0.0,52.8,54.0
0.0,52.8,55.2
0.0,52.8,56.4
0.0,52.8,57.6
0.0,52.8,58.8
0.0,52.8,60.0
0.0,52.8,61.2
0.0,52.8,62.4
0.0,52.8,63.6
0.0,52.8,64.8
0.0,52.8,66.0
0.0,52.8,67.2
0.0,52.8,68.4
0.0,52.8,69.6
0.0,52.8,70.8
0.0,52.8,72.0
0.0,52.8,73.2
0.0,52.8,74.4
0.0,52.8,75.6
0.0,52.8,76.8
0.0,52.8,78.0
0.0,52.8,79.2
0.0,52.8,80.4
0.0,52.8,81.6
0.0,52.8,82.8
0.0,54.0,48.0
0.0,54.0,49.2
0.0,54.0,50.4
0.0,54.0,51.6
0.0,54.0,52.8
0.0,54.0,54.0
0.0,54.0,55.2
0.0,54.0,56.4
0.0,54.0,57.6
0.0,54.0,58.8
0.0,54.0,60.0
0.0,54.0,61.2
0.0,54.0,62.4
0.0,54.0,63.6
0.0,54.0,64.8
0.0,54.0,66.0
0.0,54.0,67.2
0.0,54.0,68.4
0.0,54.0,69.6
0.0,54.0,70.8
0.0,54.0,72.0
0.0,54.0,73.2
0.0,54.0,74.4
0.0,54.0,75.6
0.0,54.0,76.8
0.0,54.0,78.0
0.0,54.0,79.2
0.0,54.0,80.4
0.0,54.0,81.6
0.0,54.0,82.8
0.0,54.0,84.0
0.0,55.2,49.2
0.0,55.2,50.4
0.0,55.2,51.6
0.0,55.2,52.8
0.0,55.2,54.0
0.0,55.2,55.2
0.0,55.2,56.4
0.0,55.2,57.6
0.0,55.2,58.8
0.0,55.2,60.0
0.0,55.2,61.2
0.0,55.2,62.4
0.0,55.2,63.6
0.0,55.2,64.8
0.0,55.2,66.0
0.0,55.2,67.2
0.0,55.2,68.4
0.0,55.2,69.6
0.0,55.2,70.8
0.0,55.2,72.0
0.0,55.2,73.2
0.0,55.2,74.4
0.0,55.2,75.6
0.0,55.2,76.8
0.0,55.2,78.0
0.0,55.2,79.2
0.0,55.2,80.4
0.0,55.2,81.6
0.0,55.2,82.8
0.0,55.2,84.0
0.0,55.2,85.2
0.0,56.4,50.4
0.0,56.4,51.6
0.0,56.4,52.8
0.0,56.4,54.0
0.0,56.4,55.2
0.0,56.4,56.4
0.0,56.4,57.6
0.0,56.4,58.8
0.0,56.4,60.0
0.0,56.4,61.2
0.0,56.4,62.4
0.0,56.4,63.6
0.0,56.4,64.8
0.0,56.4,66.0
0.0,56.4,67.2
0.0,56.4,68.4
0.0,56.4,69.6
0.0,56.4,70.8
0.0,56.4,72.0
0.0,56.4,73.2
0.0,56.4,74.4
0.0,56.4,75.6
0.0,56.4,76.8
0.0,56.4,78.0
0.0,56.4,79.2
0.0,56.4,80.4
0.0,56.4,81.6
0.0,56.4,82.8
0.0,56.4,84.0
0.0,56.4,85.2
0.0,56.4,86.4
0.0,57.6,51.6
0.0,57.6,52.8
0.0,57.6,54.0
0.0,57.6,55.2
0.0,57.6,56.4
0.0,57.6,57.6
0.0,57.6,58.8
0.0,57.6,60.0
0.0,57.6,61.2
0.0,57.6,62.4
0.0,57.6,63.6
0.0,57.6,64.8
0.0,57.6,66.0
0.0,57.6,67.2
0.0,57.6,68.4
0.0,57.6,69.6
0.0,57.6,70.8
0.0,57.6,72.0
0.0,57.6,73.2
0.0,57.6,74.4
0.0,57.6,75.6
0.0,57.6,76.8
0.0,57.6,78.0
0.0,57.6,79.2
0.0,57.6,80.4
0.0,57.6,81.6
0.0,57.6,82.8
0.0,57.6,84.0
0.0,57.6,85.2
0.0,57.6,86.4
0.0,57.6,87.6
0.0,58.8,52.8
0.0,58.8,54.0
0.0,58.8,55.2
0.0,58.8,56.4
0.0,58.8,57.6
0.0,58.8,58.8
0.0,58.8,60.0
0.0,58.8,61.2
0.0,58.8,62.4
0.0,58.8,63.6
0.0,58.8,64.8
0.0,58.8,66.0
0.0,58.8,67.2
0.0,58.8,68.4
0.0,58.8,69.6
0.0,58.8,70.8
0.0,58.8,72.0
0.0,58.8,73.2
0.0,58.8,74.4
0.0,58.8,75.6
0.0,58.8,76.8
0.0,58.8,78.0
0.0,58.8,79.2
0.0,58.8,80.4
0.0,58.8,81.6
0.0,58.8,82.8
0.0,58.8,84.0
0.0,58.8,85.2
0.0,58.8,86.4
0.0,58.8,87.6
0.0,58.8,88.8
0.0,60.0,54.0
0.0,60.0,55.2
0.0,60.0,56.4
0.0,60.0,57.6
0.0,60.0,58.8
0.0,60.0,60.0
0.0,60.0,61.2
0.0,60.0,62.4
0.0,60.0,63.6
0.0,60.0,64.8
0.0,60.0,66.0
0.0,60.0,67.2
0.0,60.0,68.4
0.0,60.0,69.6
0.0,60.0,70.8
0.0,60.0,72.0
0.0,60.0,73.2
0.0,60.0,74.4
0.0,60.0,75.6
0.0,60.0,76.8
0.0,60.0,78.0
0.0,60.0,79.2
0.0,60.0,80.4
0.0,60.0,81.6
0.0,60.0,82.8
0.0,60.0,84.0
0.0,60.0,85.2
0.0,60.0,86.4
0.0,60.0,87.6
0.0,60.0,88.8
0.0,60.0,90.0
0.0,61.2,85.2
0.0,61.2,86.4
0.0,61.2,87.6
0.0,61.2,88.8
0.0,61.2,90.0
0.0,61.2,91.2
0.0,62.4,86.4
0.0,62.4,87.6
0.0,62.4,88.8
0.0,62.4,90.0
0.0,62.4,91.2
0.0,62.4,92.4
0.0,63.6,87.6
0.0,63.6,88.8
0.0,63.6,90.0
0.0,63.6,91.2
0.0,63.6,92.4
0.0,63.6,93.6
0.0,64.8,88.8
0.0,64.8,90.0
0.0,64.8,91.2
0.0,64.8,92.4
0.0,64.8,93.6
0.0,64.8,94.8
0.0,66.0,90.0
0.0,66.0,91.2
0.0,66.0,92.4
0.0,66.0,93.6
0.0,66.0,94.8
0.0,66.0,96.0
0.0,67.2,91.2
0.0,67.2,92.4
0.0,67.2,93.6
0.0,67.2,94.8
0.0,67.2,96.0
0.0,67.2,97.2
0.0,68.4,92.4
0.0,68.4,93.6
0.0,68.4,94.8
0.0,68.4,96.0
0.0,68.4,97.2
0.0,68.4,98.4
0.0,69.6,93.6
0.0,69.6,94.8
0.0,69.6,96.0
0.0,69.6,97.2
0.0,69.6,98.4
0.0,69.6,99.6
0.0,70.8,94.8
0.0,70.8,96.0
0.0,70.8,97.2
0.0,70.8,98.4
0.0,70.8,99.6
0.0,70.8,100.8
0.0,72.0,96.0
0.0,72.0,97.2
0.0,72.0,98.4
0.0,72.0,99.6
0.0,72.0,100.8
0.0,72.0,102.0
0.0,73.2,96.0
0.0,73.2,97.2
0.0,73.2,98.4
0.0,73.2,99.6
0.0,73.2,100.8
0.0,73.2,102.0
0.0,74.4,96.0
0.0,74.4,97.2
0.0,74.4,98.4
0.0,74.4,99.6
0.0,74.4,100.8
0.0,74.4,102.0
0.0,75.6,96.0
0.0,75.6,97.2
0.0,75.6,98.4
0.0,75.6,99.6
0.0,75.6,100.8
0.0,75.6,102.0
0.0,76.8,96.0
0.0,76.8,97.2
0.0,76.8,98.4
0.0,76.8,99.6
0.0,76.8,100.8
0.0,76.8,102.0
0.0,78.0,96.0
0.0,78.0,97.2
0.0,78.0,98.4
0.0,78.0,99.6
0.0,78.0,100.8
0.0,78.0,102.0
0.0,79.2,96.0
0.0,79.2,97.2
0.0,79.2,98.4
0.0,79.2,99.6
0.0,79.2,100.8
0.0,79.2,102.0
0.0,80.4,96.0
0.0,80.4,97.2
0.0,80.4,98.4
0.0,80.4,99.6
0.0,80.4,100.8
0.0,80.4,102.0
0.0,81.6,96.0
0.0,81.6,97.2
0.0,81.6,98.4
0.0,81.6,99.6
0.0,81.6,100.8
0.0,81.6,102.0
0.0,82.8,96.0
0.0,82.8,97.2
0.0,82.8,98.4
0.0,82.8,99.6
0.0,82.8,100.8
0.0,82.8,102.0
0.0,84.0,96.0
0.0,84.0,97.2
0.0,84.0,98.4
0.0,84.0,99.6
0.0,84.0,100.8
0.0,84.0,102.0
0.0,85.2,96.0
0.0,85.2,97.2
0.0,85.2,98.4
0.0,85.2,99.6
0.0,85.2,100.8
0.0,85.2,102.0
0.0,86.4,96.0
0.0,86.4,97.2
0.0,86.4,98.4
0.0,86.4,99.6
0.0,86.4,100.8
0.0,86.4,102.0
0.0,87.6,96.0
0.0,87.6,97.2
0.0,87.6,98.4
0.0,87.6,99.6
0.0,87.6,100.8
0.0,87.6,102.0
0.0,88.8,96.0
0.0,88.8,97.2
0.0,88.8,98.4
0.0,88.8,99.6
0.0,88.8,100.8
0.0,88.8,102.0
0.0,90.0,96.0
0.0,90.0,97.2
0.0,90.0,98.4
0.0,90.0,99.6
0.0,90.0,100.8
0.0,90.0,102.0
1.2,49.2,43.2
1.2,49.2,44.4
1.2,49.2,45.6
1.2,49.2,46.8
1.2,49.2,48.0
1.2,49.2,49.2
1.2,49.2,50.4
1.2,49.2,51.6
1.2,49.2,52.8
1.2,49.2,54.0
1.2,49.2,55.2
1.2,49.2,56.4
1.2,49.2,57.6
1.2,49.2,58.8
1.2,49.2,60.0
1.2,49.2,61.2
1.2,49.2,62.4
1.2,49.2,63.6
1.2,49.2,64.8
1.2,49.2,66.0
1.2,49.2,67.2
1.2,49.2,68.4
1.2,49.2,69.6
1.2,49.2,70.8
1.2,49.2,72.0
1.2,49.2,73.2
1.2,49.2,74.4
1.2,49.2,75.6
1.2,49.2,76.8
1.2,49.2,78.0
1.2,49.2,79.2
1.2,50.4,44.4
1.2,50.4,45.6
1.2,50.4,46.8
1.2,50.4,48.0
1.2,50.4,49.2
1.2,50.4,50.4
1.2,50.4,51.6
1.2,50.4,52.8
1.2,50.4,54.0
1.2,50.4,55.2
1.2,50.4,56.4
1.2,50.4,57.6
1.2,50.4,58.8
1.2,50.4,60.0
1.2,50.4,61.2
1.2,50.4,62.4
1.2,50.4,63.6
1.2,50.4,64.8
1.2,50.4,66.0
1.2,50.4,67.2
1.2,50.4,68.4
1.2,50.4,69.6
1.2,50.4,70.8
1.2,50.4,72.0
1.2,50.4,73.2
1.2,50.4,74.4
1.2,50.4,75.6
1.2,50.4,76.8
1.2,50.4,78.0
1.2,50.4,79.2
1.2,50.4,80.4
1.2,51.6,45.6
1.2,51.6,46.8
1.2,51.6,48.0
1.2,51.6,49.2
1.2,51.6,50.4
1.2,51.6,51.6
1.2,51.6,52.8
1.2,51.6,54.0
1.2,51.6,55.2
1.2,51.6,56.4
1.2,51.6,57.6
1.2,51.6,58.8
1.2,51.6,60.0
1.2,51.6,61.2
1.2,51.6,62.4
1.2,51.6,63.6
1.2,51.6,64.8
1.2,51.6,66.0
1.2,51.6,67.2
1.2,51.6,68.4
1.2,51.6,69.6
1.2,51.6,70.8
1.2,51.6,72.0
1.2,51.6,73.2
1.2,51.6,74.4
1.2,51.6,75.6
1.2,51.6,76.8
1.2,51.6,78.0
1.2,51.6,79.2
1.2,51.6,80.4
1.2,51.6,81.6
1.2,52.8,46.8
1.2,52.8,48.0
1.2,52.8,49.2
1.2,52.8,50.4
1.2,52.8,51.6
1.2,52.8,52.8
1.2,52.8,54.0
1.2,52.8,55.2
1.2,52.8,56.4
1.2,52.8,57.6
1.2,52.8,58.8
1.2,52.8,60.0
1.2,52.8,61.2
1.2,52.8,62.4
1.2,52.8,63.6
1.2,52.8,64.8
1.2,52.8,66.0
1.2,52.8,67.2
1.2,52.8,68.4
1.2,52.8,69.6
1.2,52.8,70.8
1.2,52.8,72.0
1.2,52.8,73.2
1.2,52.8,74.4
1.2,52.8,75.6
1.2,52.8,76.8
1.2,52.8,78.0
1.2,52.8,79.2
1.2,52.8,80.4
1.2,52.8,81.6
1.2,52.8,82.8
1.2,54.0,48.0
1.2,54.0,49.2
1.2,54.0,50.4
1.2,54.0,51.6
1.2,54.0,52.8
1.2,54.0,54.0
1.2,54.0,55.2
1.2,54.0,56.4
1.2,54.0,57.6
1.2,54.0,58.8
1.2,54.0,60.0
1.2,54.0,61.2
1.2,54.0,62.4
1.2,54.0,63.6
1.2,54.0,64.8
1.2,54.0,66.0
1.2,54.0,67.2
1.2,54.0,68.4
1.2,54.0,69.6
1.2,54.0,70.8
1.2,54.0,72.0
1.2,54.0,73.2
1.2,54.0,74.4
1.2,54.0,75.6
1.2,54.0,76.8
1.2,54.0,78.0
1.2,54.0,79.2
1.2,54.0,80.4
1.2,54.0,81.6
1.2,54.0,82.8
1.2,54.0,84.0
1.2,55.2,49.2
1.2,55.2,50.4
1.2,55.2,51.6
1.2,55.2,52.8
1.2,55.2,54.0
1.2,55.2,55.2
1.2,55.2,56.4
1.2,55.2,57.6
1.2,55.2,58.8
1.2,55.2,60.0
1.2,55.2,61.2
1.2,55.2,62.4
1.2,55.2,63.6
1.2,55.2,64.8
1.2,55.2,66.0
1.2,55.2,67.2
1.2,55.2,68.4
1.2,55.2,69.6
1.2,55.2,70.8
1.2,55.2,72.0
1.2,55.2,73.2
1.2,55.2,74.4
1.2,55.2,75.6
1.2,55.2,76.8
1.2,55.2,78.0
1.2,55.2,79.2
1.2,55.2,80.4
1.2,55.2,81.6
1.2,55.2,82.8
1.2,55.2,84.0
1.2,55.2,85.2
1.2,56.4,50.4
1.2,56.4,51.6
1.2,56.4,52.8
1.2,56.4,54.0
1.2,56.4,55.2
1.2,56.4,56.4
1.2,56.4,57.6
1.2,56.4,58.8
1.2,56.4,60.0
1.2,56.4,61.2
1.2,56.4,62.4
1.2,56.4,63.6
1.2,56.4,64.8
1.2,56.4,66.0
1.2,56.4,67.2
1.2,56.4,68.4
1.2,56.4,69.6
1.2,56.4,70.8
1.2,56.4,72.0
1.2,56.4,73.2
1.2,56.4,74.4
1.2,56.4,75.6
1.2,56.4,76.8
1.2,56.4,78.0
1.2,56.4,79.2
1.2,56.4,80.4
1.2,56.4,81.6
1.2,56.4,82.8
1.2,56.4,84.0
1.2,56.4,85.2
1.2,56.4,86.4
1.2,57.6,51.6
1.2,57.6,52.8
1.2,57.6,54.0
1.2,57.6,55.2
1.2,57.6,56.4
1.2,57.6,57.6
1.2,57.6,58.8
1.2,57.6,60.0
1.2,57.6,61.2
1.2,57.6,62.4
1.2,57.6,63.6
1.2,57.6,64.8
1.2,57.6,66.0
1.2,57.6,67.2
1.2,57.6,68.4
1.2,57.6,69.6
1.2,57.6,70.8
1.2,57.6,72.0
1.2,57.6,73.2
1.2,57.6,74.4
1.2,57.6,75.6
1.2,57.6,76.8
1.2,57.6,78.0
1.2,57.6,79.2
1.2,57.6,80.4
1.2,57.6,81.6
1.2,57.6,82.8
1.2,57.6,84.0
1.2,57.6,85.2
1.2,57.6,86.4
1.2,57.6,87.6
1.2,58.8,52.8
1.2,58.8,54.0
1.2,58.8,55.2
1.2,58.8,56.4
1.2,58.8,57.6
1.2,58.8,58.8
1.2,58.8,60.0
1.2,58.8,61.2
1.2,58.8,62.4
1.2,58.8,63.6
1.2,58.8,64.8
1.2,58.8,66.0
1.2,58.8,67.2
1.2,58.8,68.4
1.2,58.8,69.6
1.2,58.8,70.8
1.2,58.8,72.0
1.2,58.8,73.2
1.2,58.8,74.4
1.2,58.8,75.6
1.2,58.8,76.8
1.2,58.8,78.0
1.2,58.8,79.2
1.2,58.8,80.4
1.2,58.8,81.6
1.2,58.8,82.8
1.2,58.8,84.0
1.2,58.8,85.2
1.2,58.8,86.4
1.2,58.8,87.6
1.2,58.8,88.8
1.2,60.0,54.0
1.2,60.0,55.2
1.2,60.0,56.4
1.2,60.0,57.6
1.2,60.0,58.8
1.2,60.0,60.0
1.2,60.0,61.2
1.2,60.0,62.4
1.2,60.0,63.6
1.2,60.0,64.8
1.2,60.0,66.0
1.2,60.0,67.2
1.2,60.0,68.4
1.2,60.0,69.6
1.2,60.0,70.8
1.2,60.0,72.0
1.2,60.0,73.2
1.2,60.0,74.4
1.2,60.0,75.6
1.2,60.0,76.8
1.2,60.0,78.0
1.2,60.0,79.2
1.2,60.0,80.4
1.2,60.0,81.6
1.2,60.0,82.8
1.2,60.0,84.0
1.2,60.0,85.2
1.2,60.0,86.4
1.2,60.0,87.6
1.2,60.0,88.8
1.2,60.0,90.0
1.2,61.2,55.2
1.2,61.2,56.4
1.2,61.2,57.6
1.2,61.2,58.8
1.2,61.2,60.0
1.2,61.2,61.2
1.2,61.2,62.4
1.2,61.2,63.6
1.2,61.2,64.8
1.2,61.2,66.0
1.2,61.2,67.2
1.2,61.2,68.4
1.2,61.2,69.6
1.2,61.2,70.8
1.2,61.2,72.0
1.2,61.2,73.2
1.2,61.2,74.4
1.2,61.2,75.6
1.2,61.2,76.8
1.2,61.2,78.0
1.2,61.2,79.2
1.2,61.2,80.4
1.2,61.2,81.6
1.2,61.2,82.8
1.2,61.2,84.0
1.2,61.2,85.2
1.2,61.2,86.4
1.2,61.2,87.6
1.2,61.2,88.8
1.2,61.2,90.0
1.2,61.2,91.2
1.2,62.4,85.2
1.2,62.4,86.4
1.2,62.4,87.6
1.2,62.4,88.8
1.2,62.4,90.0
1.2,62.4,91.2
1.2,62.4,92.4
1.2,63.6,86.4
1.2,63.6,87.6
1.2,63.6,88.8
1.2,63.6,90.0
1.2,63.6,91.2
1.2,63.6,92.4
1.2,63.6,93.6
1.2,64.8,87.6
1.2,64.8,88.8
1.2,64.8,90.0
1.2,64.8,91.2
1.2,64.8,92.4
1.2,64.8,93.6
1.2,64.8,94.8
1.2,66.0,88.8
1.2,66.0,90.0
1.2,66.0,91.2
1.2,66.0,92.4
1.2,66.0,93.6
1.2,66.0,94.8
1.2,66.0,96.0
1.2,67.2,90.0
1.2,67.2,91.2
1.2,67.2,92.4
1.2,67.2,93.6
1.2,67.2,94.8
1.2,67.2,96.0
1.2,67.2,97.2
1.2,68.4,91.2
1.2,68.4,92.4
1.2,68.4,93.6
1.2,68.4,94.8
1.2,68.4,96.0
1.2,68.4,97.2
1.2,68.4,98.4
1.2,69.6,92.4
1.2,69.6,93.6
1.2,69.6,94.8
1.2,69.6,96.0
1.2,69.6,97.2
1.2,69.6,98.4
1.2,69.6,99.6
1.2,70.8,93.6
1.2,70.8,94.8
1.2,70.8,96.0
1.2,70.8,97.2
1.2,70.8,98.4
1.2,70.8,99.6
1.2,70.8,100.8
1.2,72.0,94.8
1.2,72.0,96.0
1.2,72.0,97.2
1.2,72.0,98.4
1.2,72.0,99.6
1.2,72.0,100.8
1.2,72.0,102.0
1.2,73.2,96.0
1.2,73.2,97.2
1.2,73.2,98.4
1.2,73.2,99.6
1.2,73.2,100.8
1.2,73.2,102.0
1.2,73.2,103.2
1.2,74.4,96.0
1.2,74.4,97.2
1.2,74.4,98.4
1.2,74.4,99.6
1.2,74.4,100.8
1.2,74.4,102.0
1.2,74.4,103.2
1.2,75.6,96.0
1.2,75.6,97.2
1.2,75.6,98.4
1.2,75.6,99.6
1.2,75.6,100.8
1.2,75.6,102.0
1.2,75.6,103.2
1.2,76.8,96.0
1.2,76.8,97.2
1.2,76.8,98.4
1.2,76.8,99.6
1.2,76.8,100.8
1.2,76.8,102.0
1.2,76.8,103.2
1.2,78.0,96.0
1.2,78.0,97.2
1.2,78.0,98.4
1.2,78.0,99.6
1.2,78.0,100.8
1.2,78.0,102.0
1.2,78.0,103.2
1.2,79.2,96.0
1.2,79.2,97.2
1.2,79.2,98.4
1.2,79.2,99.6
1.2,79.2,100.8
1.2,79.2,102.0
1.2,79.2,103.2
1.2,80.4,96.0
1.2,80.4,97.2
1.2,80.4,98.4
1.2,80.4,99.6
1.2,80.4,100.8
1.2,80.4,102.0
1.2,80.4,103.2
1.2,81.6,96.0
1.2,81.6,97.2
1.2,81.6,98.4
1.2,81.6,99.6
1.2,81.6,100.8
1.2,81.6,102.0
1.2,81.6,103.2
1.2,82.8,96.0
1.2,82.8,97.2
1.2,82.8,98.4
1.2,82.8,99.6
1.2,82.8,100.8
1.2,82.8,102.0
1.2,82.8,103.2
1.2,84.0,96.0
1.2,84.0,97.2
1.2,84.0,98.4
1.2,84.0,99.6
1.2,84.0,100.8
1.2,84.0,102.0
1.2,84.0,103.2
1.2,85.2,96.0
1.2,85.2,97.2
1.2,85.2,98.4
1.2,85.2,99.6
1.2,85.2,100.8
1.2,85.2,102.0
1.2,85.2,103.2
1.2,86.4,96.0
1.2,86.4,97.2
1.2,86.4,98.4
1.2,86.4,99.6
1.2,86.4,100.8
1.2,86.4,102.0
1.2,86.4,103.2
1.2,87.6,96.0
1.2,87.6,97.2
1.2,87.6,98.4
1.2,87.6,99.6
1.2,87.6,100.8
1.2,87.6,102.0
1.2,87.6,103.2
1.2,88.8,96.0
1.2,88.8,97.2
1.2,88.8,98.4
1.2,88.8,99.6
1.2,88.8,100.8
1.2,88.8,102.0
1.2,88.8,103.2
1.2,90.0,96.0
1.2,90.0,97.2
1.2,90.0,98.4
1.2,90.0,99.6
1.2,90.0,100.8
1.2,90.0,102.0
1.2,90.0,103.2
2.4,50.4,44.4
2.4,50.4,45.6
2.4,50.4,46.8
2.4,50.4,48.0
2.4,50.4,49.2
2.4,50.4,50.4
2.4,50.4,51.6
2.4,50.4,52.8
2.4,50.4,54.0
2.4,50.4,55.2
2.4,50.4,56.4
2.4,50.4,57.6
2.4,50.4,58.8
2.4,50.4,60.0
2.4,50.4,61.2
2.4,50.4,62.4
2.4,50.4,63.6
2.4,50.4,64.8
2.4,50.4,66.0
2.4,50.4,67.2
2.4,50.4,68.4
2.4,50.4,69.6
2.4,50.4,70.8
2.4,50.4,72.0
2.4,50.4,73.2
2.4,50.4,74.4
2.4,50.4,75.6
2.4,50.4,76.8
2.4,50.4,78.0
2.4,50.4,79.2
2.4,50.4,80.4
2.4,51.6,45.6
2.4,51.6,46.8
2.4,51.6,48.0
2.4,51.6,49.2
2.4,51.6,50.4
2.4,51.6,51.6
2.4,51.6,52.8
2.4,51.6,54.0
2.4,51.6,55.2
2.4,51.6,56.4
2.4,51.6,57.6
2.4,51.6,58.8
2.4,51.6,60.0
2.4,51.6,61.2
2.4,51.6,62.4
2.4,51.6,63.6
2.4,51.6,64.8
2.4,51.6,66.0
2.4,51.6,67.2
2.4,51.6,68.4
2.4,51.6,69.6
2.4,51.6,70.8
2.4,51.6,72.0
2.4,51.6,73.2
2.4,51.6,74.4
2.4,51.6,75.6
2.4,51.6,76.8
2.4,51.6,78.0
2.4,51.6,79.2
2.4,51.6,80.4
2.4,51.6,81.6
2.4,52.8,46.8
2.4,52.8,48.0
2.4,52.8,49.2
2.4,52.8,50.4
2.4,52.8,51.6
2.4,52.8,52.8
2.4,52.8,54.0
2.4,52.8,55.2
2.4,52.8,56.4
2.4,52.8,57.6
2.4,52.8,58.8
2.4,52.8,60.0
2.4,52.8,61.2
2.4,52.8,62.4
2.4,52.8,63.6
2.4,52.8,64.8
2.4,52.8,66.0
2.4,52.8,67.2
2.4,52.8,68.4
2.4,52.8,69.6
2.4,52.8,70.8
2.4,52.8,72.0
2.4,52.8,73.2
2.4,52.8,74.4
2.4,52.8,75.6
2.4,52.8,76.8
2.4,52.8,78.0
2.4,52.8,79.2
2.4,52.8,80.4
2.4,52.8,81.6
2.4,52.8,82.8
2.4,54.0,48.0
2.4,54.0,49.2
2.4,54.0,50.4
2.4,54.0,51.6
2.4,54.0,52.8
2.4,54.0,54.0
2.4,54.0,55.2
2.4,54.0,56.4
2.4,54.0,57.6
2.4,54.0,58.8
2.4,54.0,60.0
2.4,54.0,61.2
2.4,54.0,62.4
2.4,54.0,63.6
2.4,54.0,64.8
2.4,54.0,66.0
2.4,54.0,67.2
2.4,54.0,68.4
2.4,54.0,69.6
2.4,54.0,70.8
2.4,54.0,72.0
2.4,54.0,73.2
2.4,54.0,74.4
2.4,54.0,75.6
2.4,54.0,76.8
2.4,54.0,78.0
2.4,54.0,79.2
2.4,54.0,80.4
2.4,54.0,81.6
2.4,54.0,82.8
2.4,54.0,84.0
2.4,55.2,49.2
2.4,55.2,50.4
2.4,55.2,51.6
2.4,55.2,52.8
2.4,55.2,54.0
2.4,55.2,55.2
2.4,55.2,56.4
2.4,55.2,57.6
2.4,55.2,58.8
2.4,55.2,60.0
2.4,55.2,61.2
2.4,55.2,62.4
2.4,55.2,63.6
2.4,55.2,64.8
2.4,55.2,66.0
2.4,55.2,67.2
2.4,55.2,68.4
2.4,55.2,69.6
2.4,55.2,70.8
2.4,55.2,72.0
2.4,55.2,73.2
2.4,55.2,74.4
2.4,55.2,75.6
2.4,55.2,76.8
2.4,55.2,78.0
2.4,55.2,79.2
2.4,55.2,80.4
2.4,55.2,81.6
2.4,55.2,82.8
2.4,55.2,84.0
2.4,55.2,85.2
2.4,56.4,50.4
2.4,56.4,51.6
2.4,56.4,52.8
2.4,56.4,54.0
2.4,56.4,55.2
2.4,56.4,56.4
2.4,56.4,57.6
2.4,56.4,58.8
2.4,56.4,60.0
2.4,56.4,61.2
2.4,56.4,62.4
2.4,56.4,63.6
2.4,56.4,64.8
2.4,56.4,66.0
2.4,56.4,67.2
2.4,56.4,68.4
2.4,56.4,69.6
2.4,56.4,70.8
2.4,56.4,72.0
2.4,56.4,73.2
2.4,56.4,74.4
2.4,56.4,75.6
2.4,56.4,76.8
2.4,56.4,78.0
2.4,56.4,79.2
2.4,56.4,80.4
2.4,56.4,81.6
2.4,56.4,82.8
2.4,56.4,84.0
2.4,56.4,85.2
2.4,56.4,86.4
2.4,57.6,51.6
2.4,57.6,52.8
2.4,57.6,54.0
2.4,57.6,55.2
2.4,57.6,56.4
2.4,57.6,57.6
2.4,57.6,58.8
2.4,57.6,60.0
2.4,57.6,61.2
2.4,57.6,62.4
2.4,57.6,63.6
2.4,57.6,64.8
2.4,57.6,66.0
2.4,57.6,67.2
2.4,57.6,68.4
2.4,57.6,69.6
2.4,57.6,70.8
2.4,57.6,72.0
2.4,57.6,73.2
2.4,57.6,74.4
2.4,57.6,75.6
2.4,57.6,76.8
2.4,57.6,78.0
2.4,57.6,79.2
2.4,57.6,80.4
2.4,57.6,81.6
2.4,57.6,82.8
2.4,57.6,84.0
2.4,57.6,85.2
2.4,57.6,86.4
2.4,57.6,87.6
2.4,58.8,52.8
2.4,58.8,54.0
2.4,58.8,55.2
2.4,58.8,56.4
2.4,58.8,57.6
2.4,58.8,58.8
2.4,58.8,60.0
2.4,58.8,61.2
2.4,58.8,62.4
2.4,58.8,63.6
2.4,58.8,64.8
2.4,58.8,66.0
2.4,58.8,67.2
2.4,58.8,68.4
2.4,58.8,69.6
2.4,58.8,70.8
2.4,58.8,72.0
2.4,58.8,73.2
2.4,58.8,74.4
2.4,58.8,75.6
2.4,58.8,76.8
2.4,58.8,78.0
2.4,58.8,79.2
2.4,58.8,80.4
2.4,58.8,81.6
2.4,58.8,82.8
2.4,58.8,84.0
2.4,58.8,85.2
2.4,58.8,86.4
2.4,58.8,87.6
2.4,58.8,88.8
2.4,60.0,54.0
2.4,60.0,55.2
2.4,60.0,56.4
2.4,60.0,57.6
2.4,60.0,58.8
2.4,60.0,60.0
2.4,60.0,61.2
2.4,60.0,62.4
2.4,60.0,63.6
2.4,60.0,64.8
2.4,60.0,66.0
2.4,60.0,67.2
2.4,60.0,68.4
2.4,60.0,69.6
2.4,60.0,70.8
2.4,60.0,72.0
2.4,60.0,73.2
2.4,60.0,74.4
2.4,60.0,75.6
2.4,60.0,76.8
2.4,60.0,78.0
2.4,60.0,79.2
2.4,60.0,80.4
2.4,60.0,81.6
2.4,60.0,82.8
2.4,60.0,84.0
2.4,60.0,85.2
2.4,60.0,86.4
2.4,60.0,87.6
2.4,60.0,88.8
2.4,60.0,90.0
2.4,61.2,55.2
2.4,61.2,56.4
2.4,61.2,57.6
2.4,61.2,58.8
2.4,61.2,60.0
2.4,61.2,61.2
2.4,61.2,62.4
2.4,61.2,63.6
2.4,61.2,64.8
2.4,61.2,66.0
2.4,61.2,67.2
2.4,61.2,68.4
2.4,61.2,69.6
2.4,61.2,70.8
2.4,61.2,72.0
2.4,61.2,73.2
2.4,61.2,74.4
2.4,61.2,75.6
2.4,61.2,76.8
2.4,61.2,78.0
2.4,61.2,79.2
2.4,61.2,80.4
2.4,61.2,81.6
2.4,61.2,82.8
2.4,61.2,84.0
2.4,61.2,85.2
2.4,61.2,86.4
2.4,61.2,87.6
2.4,61.2,88.8
2.4,61.2,90.0
2.4,61.2,91.2
2.4,62.4,56.4
2.4,62.4,57.6
2.4,62.4,58.8
2.4,62.4,60.0
2.4,62.4,61.2
2.4,62.4,62.4
2.4,62.4,63.6
2.4,62.4,64.8
2.4,62.4,66.0
2.4,62.4,67.2
2.4,62.4,68.4
2.4,62.4,69.6
2.4,62.4,70.8
2.4,62.4,72.0
2.4,62.4,73.2
2.4,62.4,74.4
2.4,62.4,75.6
2.4,62.4,76.8
2.4,62.4,78.0
2.4,62.4,79.2
2.4,62.4,80.4
2.4,62.4,81.6
2.4,62.4,82.8
2.4,62.4,84.0
2.4,62.4,85.2
2.4,62.4,86.4
2.4,62.4,87.6
2.4,62.4,88.8
2.4,62.4,90.0
2.4,62.4,91.2
2.4,62.4,92.4
2.4,63.6,85.2
2.4,63.6,86.4
2.4,63.6,87.6
2.4,63.6,88.8
2.4,63.6,90.0
2.4,63.6,91.2
2.4,63.6,92.4
2.4,63.6,93.6
2.4,64.8,86.4
2.4,64.8,87.6
2.4,64.8,88.8
2.4,64.8,90.0
2.4,64.8,91.2
2.4,64.8,92.4
2.4,64.8,93.6
2.4,64.8,94.8
2.4,66.0,87.6
2.4,66.0,88.8
2.4,66.0,90.0
2.4,66.0,91.2
2.4,66.0,92.4
2.4,66.0,93.6
2.4,66.0,94.8
2.4,66.0,96.0
2.4,67.2,88.8
2.4,67.2,90.0
2.4,67.2,91.2
2.4,67.2,92.4
2.4,67.2,93.6
2.4,67.2,94.8
2.4,67.2,96.0
2.4,67.2,97.2
2.4,68.4,90.0
2.4,68.4,91.2
2.4,68.4,92.4
2.4,68.4,93.6
2.4,68.4,94.8
2.4,68.4,96.0
2.4,68.4,97.2
2.4,68.4,98.4
2.4,69.6,91.2
2.4,69.6,92.4
2.4,69.6,93.6
2.4,69.6,94.8
2.4,69.6,96.0
2.4,69.6,97.2
2.4,69.6,98.4
2.4,69.6,99.6
2.4,70.8,92.4
2.4,70.8,93.6
2.4,70.8,94.8
2.4,70.8,96.0
2.4,70.8,97.2
2.4,70.8,98.4
2.4,70.8,99.6
2.4,70.8,100.8
2.4,72.0,93.6
2.4,72.0,94.8
2.4,72.0,96.0
2.4,72.0,97.2
2.4,72.0,98.4
2.4,72.0,99.6
2.4,72.0,100.8
2.4,72.0,102.0
2.4,73.2,94.8
2.4,73.2,96.0
2.4,73.2,97.2
2.4,73.2,98.4
2.4,73.2,99.6
2.4,73.2,100.8
2.4,73.2,102.0
2.4,73.2,103.2
2.4,74.4,96.0
2.4,74.4,97.2
2.4,74.4,98.4
2.4,74.4,99.6
2.4,74.4,100.8
2.4,74.4,102.0
2.4,74.4,103.2
2.4,74.4,104.4
2.4,75.6,96.0
2.4,75.6,97.2
2.4,75.6,98.4
2.4,75.6,99.6
2.4,75.6,100.8
2.4,75.6,102.0
2.4,75.6,103.2
2.4,75.6,104.4
2.4,76.8,96.0
2.4,76.8,97.2
2.4,76.8,98.4
2.4,76.8,99.6
2.4,76.8,100.8
2.4,76.8,102.0
2.4,76.8,103.2
2.4,76.8,104.4
2.4,78.0,96.0
2.4,78.0,97.2
2.4,78.0,98.4
2.4,78.0,99.6
2.4,78.0,100.8
2.4,78.0,102.0
2.4,78.0,103.2
2.4,78.0,104.4
2.4,79.2,96.0
2.4,79.2,97.2
2.4,79.2,98.4
2.4,79.2,99.6
2.4,79.2,100.8
2.4,79.2,102.0
2.4,79.2,103.2
2.4,79.2,104.4
2.4,80.4,96.0
2.4,80.4,97.2
2.4,80.4,98.4
2.4,80.4,99.6
2.4,80.4,100.8
2.4,80.4,102.0
2.4,80.4,103.2
2.4,80.4,104.4
2.4,81.6,96.0
2.4,81.6,97.2
2.4,81.6,98.4
2.4,81.6,99.6
2.4,81.6,100.8
2.4,81.6,102.0
2.4,81.6,103.2
2.4,81.6,104.4
2.4,82.8,96.0
2.4,82.8,97.2
2.4,82.8,98.4
2.4,82.8,99.6
2.4,82.8,100.8
2.4,82.8,102.0
2.4,82.8,103.2
2.4,82.8,104.4
2.4,84.0,96.0
2.4,84.0,97.2
2.4,84.0,98.4
2.4,84.0,99.6
2.4,84.0,100.8
2.4,84.0,102.0
2.4,84.0,103.2
2.4,84.0,104.4
2.4,85.2,96.0
2.4,85.2,97.2
2.4,85.2,98.4
2.4,85.2,99.6
2.4,85.2,100.8
2.4,85.2,102.0
2.4,85.2,103.2
2.4,85.2,104.4
2.4,86.4,96.0
2.4,86.4,97.2
2.4,86.4,98.4
2.4,86.4,99.6
2.4,86.4,100.8
2.4,86.4,102.0
2.4,86.4,103.2
2.4,86.4,104.4
2.4,87.6,96.0
2.4,87.6,97.2
2.4,87.6,98.4
2.4,87.6,99.6
2.4,87.6,100.8
2.4,87.6,102.0
2.4,87.6,103.2
2.4,87.6,104.4
2.4,88.8,96.0
2.4,88.8,97.2
2.4,88.8,98.4
2.4,88.8,99.6
2.4,88.8,100.8
2.4,88.8,102.0
2.4,88.8,103.2
2.4,88.8,104.4
2.4,90.0,96.0
2.4,90.0,97.2
2.4,90.0,98.4
2.4,90.0,99.6
2.4,90.0,100.8
2.4,90.0,102.0
2.4,90.0,103.2
2.4,90.0,104.4
3.6,51.6,45.6
3.6,51.6,46.8
3.6,51.6,48.0
3.6,51.6,49.2
3.6,51.6,50.4
3.6,51.6,51.6
3.6,51.6,52.8
3.6,51.6,54.0
3.6,51.6,55.2
3.6,51.6,56.4
3.6,51.6,57.6
3.6,51.6,58.8
3.6,51.6,60.0
3.6,51.6,61.2
3.6,51.6,62.4
3.6,51.6,63.6
3.6,51.6,64.8
3.6,51.6,66.0
3.6,51.6,67.2
3.6,51.6,68.4
3.6,51.6,69.6
3.6,51.6,70.8
3.6,51.6,72.0
3.6,51.6,73.2
3.6,51.6,74.4
3.6,51.6,75.6
3.6,51.6,76.8
3.6,51.6,78.0
3.6,51.6,79.2
3.6,51.6,80.4
3.6,51.6,81.6
3.6,52.8,46.8
3.6,52.8,48.0
3.6,52.8,49.2
3.6,52.8,50.4
3.6,52.8,51.6
3.6,52.8,52.8
3.6,52.8,54.0
3.6,52.8,55.2
3.6,52.8,56.4
3.6,52.8,57.6
3.6,52.8,58.8
3.6,52.8,60.0
3.6,52.8,61.2
3.6,52.8,62.4
3.6,52.8,63.6
3.6,52.8,64.8
3.6,52.8,66.0
3.6,52.8,67.2
3.6,52.8,68.4
3.6,52.8,69.6
3.6,52.8,70.8
3.6,52.8,72.0
3.6,52.8,73.2
3.6,52.8,74.4
3.6,52.8,75.6
3.6,52.8,76.8
3.6,52.8,78.0
3.6,52.8,79.2
3.6,52.8,80.4
3.6,52.8,81.6
3.6,52.8,82.8
3.6,54.0,48.0
3.6,54.0,49.2
3.6,54.0,50.4
3.6,54.0,51.6
3.6,54.0,52.8
3.6,54.0,54.0
3.6,54.0,55.2
3.6,54.0,56.4
3.6,54.0,57.6
3.6,54.0,58.8
3.6,54.0,60.0
3.6,54.0,61.2
3.6,54.0,62.4
3.6,54.0,63.6
3.6,54.0,64.8
3.6,54.0,66.0
3.6,54.0,67.2
3.6,54.0,68.4
3.6,54.0,69.6
3.6,54.0,70.8
3.6,54.0,72.0
3.6,54.0,73.2
3.6,54.0,74.4
3.6,54.0,75.6
3.6,54.0,76.8
3.6,54.0,78.0
3.6,54.0,79.2
3.6,54.0,80.4
3.6,54.0,81.6
3.6,54.0,82.8
3.6,54.0,84.0
3.6,55.2,49.2
3.6,55.2,50.4
3.6,55.2,51.6
3.6,55.2,52.8
3.6,55.2,54.0
3.6,55.2,55.2
3.6,55.2,56.4
3.6,55.2,57.6
3.6,55.2,58.8
3.6,55.2,60.0
3.6,55.2,61.2
3.6,55.2,62.4
3.6,55.2,63.6
3.6,55.2,64.8
3.6,55.2,66.0
3.6,55.2,67.2
3.6,55.2,68.4
3.6,55.2,69.6
3.6,55.2,70.8
3.6,55.2,72.0
3.6,55.2,73.2
3.6,55.2,74.4
3.6,55.2,75.6
3.6,55.2,76.8
3.6,55.2,78.0
3.6,55.2,79.2
3.6,55.2,80.4
3.6,55.2,81.6
3.6,55.2,82.8
3.6,55.2,84.0
3.6,55.2,85.2
3.6,56.4,50.4
3.6,56.4,51.6
3.6,56.4,52.8
3.6,56.4,54.0
3.6,56.4,55.2
3.6,56.4,56.4
3.6,56.4,57.6
3.6,56.4,58.8
3.6,56.4,60.0
3.6,56.4,61.2
3.6,56.4,62.4
3.6,56.4,63.6
3.6,56.4,64.8
3.6,56.4,66.0
3.6,56.4,67.2
3.6,56.4,68.4
3.6,56.4,69.6
3.6,56.4,70.8
3.6,56.4,72.0
3.6,56.4,73.2
3.6,56.4,74.4
3.6,56.4,75.6
3.6,56.4,76.8
3.6,56.4,78.0
3.6,56.4,79.2
3.6,56.4,80.4
3.6,56.4,81.6
3.6,56.4,82.8
3.6,56.4,84.0
3.6,56.4,85.2
3.6,56.4,86.4
3.6,57.6,51.6
3.6,57.6,52.8
3.6,57.6,54.0
3.6,57.6,55.2
3.6,57.6,56.4
3.6,57.6,57.6
3.6,57.6,58.8
3.6,57.6,60.0
3.6,57.6,61.2
3.6,57.6,62.4
3.6,57.6,63.6
3.6,57.6,64.8
3.6,57.6,66.0
3.6,57.6,67.2
3.6,57.6,68.4
3.6,57.6,69.6
3.6,57.6,70.8
3.6,57.6,72.0
3.6,57.6,73.2
3.6,57.6,74.4
3.6,57.6,75.6
3.6,57.6,76.8
3.6,57.6,78.0
3.6,57.6,79.2
3.6,57.6,80.4
3.6,57.6,81.6
3.6,57.6,82.8
3.6,57.6,84.0
3.6,57.6,85.2
3.6,57.6,86.4
3.6,57.6,87.6
3.6,58.8,52.8
3.6,58.8,54.0
3.6,58.8,55.2
3.6,58.8,56.4
3.6,58.8,57.6
3.6,58.8,58.8
3.6,58.8,60.0
3.6,58.8,61.2
3.6,58.8,62.4
3.6,58.8,63.6
3.6,58.8,64.8
3.6,58.8,66.0
3.6,58.8,67.2
3.6,58.8,68.4
3.6,58.8,69.6
3.6,58.8,70.8
3.6,58.8,72.0
3.6,58.8,73.2
3.6,58.8,74.4
3.6,58.8,75.6
3.6,58.8,76.8
3.6,58.8,78.0
3.6,58.8,79.2
3.6,58.8,80.4
3.6,58.8,81.6
3.6,58.8,82.8
3.6,58.8,84.0
3.6,58.8,85.2
3.6,58.8,86.4
3.6,58.8,87.6
3.6,58.8,88.8
3.6,60.0,54.0
3.6,60.0,55.2
3.6,60.0,56.4
3.6,60.0,57.6
3.6,60.0,58.8
3.6,60.0,60.0
3.6,60.0,61.2
3.6,60.0,62.4
3.6,60.0,63.6
3.6,60.0,64.8
3.6,60.0,66.0
3.6,60.0,67.2
3.6,60.0,68.4
3.6,60.0,69.6
3.6,60.0,70.8
3.6,60.0,72.0
3.6,60.0,73.2
3.6,60.0,74.4
3.6,60.0,75.6
3.6,60.0,76.8
3.6,60.0,78.0
3.6,60.0,79.2
3.6,60.0,80.4
3.6,60.0,81.6
3.6,60.0,82.8
3.6,60.0,84.0
3.6,60.0,85.2
3.6,60.0,86.4
3.6,60.0,87.6
3.6,60.0,88.8
3.6,60.0,90.0
3.6,61.2,55.2
3.6,61.2,56.4
3.6,61.2,57.6
3.6,61.2,58.8
3.6,61.2,60.0
3.6,61.2,61.2
3.6,61.2,62.4
3.6,61.2,63.6
3.6,61.2,64.8
3.6,61.2,66.0
3.6,61.2,67.2
3.6,61.2,68.4
3.6,61.2,69.6
3.6,61.2,70.8
3.6,61.2,72.0
3.6,61.2,73.2
3.6,61.2,74.4
3.6,61.2,75.6
3.6,61.2,76.8
3.6,61.2,78.0
3.6,61.2,79.2
3.6,61.2,80.4
3.6,61.2,81.6
3.6,61.2,82.8
3.6,61.2,84.0
3.6,61.2,85.2
3.6,61.2,86.4
3.6,61.2,87.6
3.6,61.2,88.8
3.6,61.2,90.0
3.6,61.2,91.2
3.6,62.4,56.4
3.6,62.4,57.6
3.6,62.4,58.8
3.6,62.4,60.0
3.6,62.4,61.2
3.6,62.4,62.4
3.6,62.4,63.6
3.6,62.4,64.8
3.6,62.4,66.0
3.6,62.4,67.2
3.6,62.4,68.4
3.6,62.4,69.6
3.6,62.4,70.8
3.6,62.4,72.0
3.6,62.4,73.2
3.6,62.4,74.4
3.6,62.4,75.6
3.6,62.4,76.8
3.6,62.4,78.0
3.6,62.4,79.2
3.6,62.4,80.4
3.6,62.4,81.6
3.6,62.4,82.8
3.6,62.4,84.0
3.6,62.4,85.2
3.6,62.4,86.4
3.6,62.4,87.6
3.6,62.4,88.8
3.6,62.4,90.0
3.6,62.4,91.2
3.6,62.4,92.4
3.6,63.6,57.6
3.6,63.6,58.8
3.6,63.6,60.0
3.6,63.6,61.2
3.6,63.6,62.4
3.6,63.6,63.6
3.6,63.6,64.8
3.6,63.6,66.0
3.6,63.6,67.2
3.6,63.6,68.4
3.6,63.6,69.6
3.6,63.6,70.8
3.6,63.6,72.0
3.6,63.6,73.2
3.6,63.6,74.4
3.6,63.6,75.6
3.6,63.6,76.8
3.6,63.6,78.0
3.6,63.6,79.2
3.6,63.6,80.4
3.6,63.6,81.6
3.6,63.6,82.8
3.6,63.6,84.0
3.6,63.6,85.2
3.6,63.6,86.4
3.6,63.6,87.6
3.6,63.6,88.8
3.6,63.6,90.0
3.6,63.6,91.2
3.6,63.6,92.4
3.6,63.6,93.6
3.6,64.8,85.2
3.6,64.8,86.4
3.6,64.8,87.6
3.6,64.8,88.8
3.6,64.8,90.0
3.6,64.8,91.2
3.6,64.8,92.4
3.6,64.8,93.6
3.6,64.8,94.8
3.6,66.0,86.4
3.6,66.0,87.6
3.6,66.0,88.8
3.6,66.0,90.0
3.6,66.0,91.2
3.6,66.0,92.4
3.6,66.0,93.6
3.6,66.0,94.8
3.6,66.0,96.0
3.6,67.2,87.6
3.6,67.2,88.8
3.6,67.2,90.0
3.6,67.2,91.2
3.6,67.2,92.4
3.6,67.2,93.6
3.6,67.2,94.8
3.6,67.2,96.0
3.6,67.2,97.2
3.6,68.4,88.8
3.6,68.4,90.0
3.6,68.4,91.2
3.6,68.4,92.4
3.6,68.4,93.6
3.6,68.4,94.8
3.6,68.4,96.0
3.6,68.4,97.2
3.6,68.4,98.4
3.6,69.6,90.0
3.6,69.6,91.2
3.6,69.6,92.4
3.6,69.6,93.6
3.6,69.6,94.8
3.6,69.6,96.0
3.6,69.6,97.2
3.6,69.6,98.4
3.6,69.6,99.6
3.6,70.8,91.2
3.6,70.8,92.4
3.6,70.8,93.6
3.6,70.8,94.8
3.6,70.8,96.0
3.6,70.8,97.2
3.6,70.8,98.4
3.6,70.8,99.6
3.6,70.8,100.8
3.6,72.0,92.4
3.6,72.0,93.6
3.6,72.0,94.8
3.6,72.0,96.0
3.6,72.0,97.2
3.6,72.0,98.4
3.6,72.0,99.6
3.6,72.0,100.8
3.6,72.0,102.0
3.6,73.2,93.6
3.6,73.2,94.8
3.6,73.2,96.0
3.6,73.2,97.2
3.6,73.2,98.4
3.6,73.2,99.6
3.6,73.2,100.8
3.6,73.2,102.0
3.6,73.2,103.2
3.6,74.4,94.8
3.6,74.4,96.0
3.6,74.4,97.2
3.6,74.4,98.4
3.6,74.4,99.6
3.6,74.4,100.8
3.6,74.4,102.0
3.6,74.4,103.2
3.6,74.4,104.4
3.6,75.6,96.0
3.6,75.6,97.2
3.6,75.6,98.4
3.6,75.6,99.6
3.6,75.6,100.8
3.6,75.6,102.0
3.6,75.6,103.2
3.6,75.6,104.4
3.6,75.6,105.6
3.6,76.8,96.0
3.6,76.8,97.2
3.6,76.8,98.4
3.6,76.8,99.6
3.6,76.8,100.8
3.6,76.8,102.0
3.6,76.8,103.2
3.6,76.8,104.4
3.6,76.8,105.6
3.6,78.0,96.0
3.6,78.0,97.2
3.6,78.0,98.4
3.6,78.0,99.6
3.6,78.0,100.8
3.6,78.0,102.0
3.6,78.0,103.2
3.6,78.0,104.4
3.6,78.0,105.6
3.6,79.2,96.0
3.6,79.2,97.2
3.6,79.2,98.4
3.6,79.2,99.6
3.6,79.2,100.8
3.6,79.2,102.0
3.6,79.2,103.2
3.6,79.2,104.4
3.6,79.2,105.6
3.6,80.4,96.0
3.6,80.4,97.2
3.6,80.4,98.4
3.6,80.4,99.6
3.6,80.4,100.8
3.6,80.4,102.0
3.6,80.4,103.2
3.6,80.4,104.4
3.6,80.4,105.6
3.6,81.6,96.0
3.6,81.6,97.2
3.6,81.6,98.4
3.6,81.6,99.6
3.6,81.6,100.8
3.6,81.6,102.0
3.6,81.6,103.2
3.6,81.6,104.4
3.6,81.6,105.6
3.6,82.8,96.0
3.6,82.8,97.2
3.6,82.8,98.4
3.6,82.8,99.6
3.6,82.8,100.8
3.6,82.8,102.0
3.6,82.8,103.2
3.6,82.8,104.4
3.6,82.8,105.6
3.6,84.0,96.0
3.6,84.0,97.2
3.6,84.0,98.4
3.6,84.0,99.6
3.6,84.0,100.8
3.6,84.0,102.0
3.6,84.0,103.2
3.6,84.0,104.4
3.6,84.0,105.6
3.6,85.2,96.0
3.6,85.2,97.2
3.6,85.2,98.4
3.6,85.2,99.6
3.6,85.2,100.8
3.6,85.2,102.0
3.6,85.2,103.2
3.6,85.2,104.4
3.6,85.2,105.6
3.6,86.4,96.0
3.6,86.4,97.2
3.6,86.4,98.4
3.6,86.4,99.6
3.6,86.4,100.8
3.6,86.4,102.0
3.6,86.4,103.2
3.6,86.4,104.4
3.6,86.4,105.6
3.6,87.6,96.0
3.6,87.6,97.2
3.6,87.6,98.4
3.6,87.6,99.6
3.6,87.6,100.8
3.6,87.6,102.0
3.6,87.6,103.2
3.6,87.6,104.4
3.6,87.6,105.6
3.6,88.8,96.0
3.6,88.8,97.2
3.6,88.8,98.4
3.6,88.8,99.6
3.6,88.8,100.8
3.6,88.8,102.0
3.6,88.8,103.2
3.6,88.8,104.4
3.6,88.8,105.6
3.6,90.0,96.0
3.6,90.0,97.2
3.6,90.0,98.4
3.6,90.0,99.6
3.6,90.0,100.8
3.6,90.0,102.0
3.6,90.0,103.2
3.6,90.0,104.4
3.6,90.0,105.6
4.8,52.8,46.8
4.8,52.8,48.0
4.8,52.8,49.2
4.8,52.8,50.4
4.8,52.8,51.6
4.8,52.8,52.8
4.8,52.8,54.0
4.8,52.8,55.2
4.8,52.8,56.4
4.8,52.8,57.6
4.8,52.8,58.8
4.8,52.8,60.0
4.8,52.8,61.2
4.8,52.8,62.4
4.8,52.8,63.6
4.8,52.8,64.8
4.8,52.8,66.0
4.8,52.8,67.2
4.8,52.8,68.4
4.8,52.8,69.6
4.8,52.8,70.8
4.8,52.8,72.0
4.8,52.8,73.2
4.8,52.8,74.4
4.8,52.8,75.6
4.8,52.8,76.8
4.8,52.8,78.0
4.8,52.8,79.2
4.8,52.8,80.4
4.8,52.8,81.6
4.8,52.8,82.8
4.8,54.0,48.0
4.8,54.0,49.2
4.8,54.0,50.4
4.8,54.0,51.6
4.8,54.0,52.8
4.8,54.0,54.0
4.8,54.0,55.2
4.8,54.0,56.4
4.8,54.0,57.6
4.8,54.0,58.8
4.8,54.0,60.0
4.8,54.0,61.2
4.8,54.0,62.4
4.8,54.0,63.6
4.8,54.0,64.8
4.8,54.0,66.0
4.8,54.0,67.2
4.8,54.0,68.4
4.8,54.0,69.6
4.8,54.0,70.8
4.8,54.0,72.0
4.8,54.0,73.2
4.8,54.0,74.4
4.8,54.0,75.6
4.8,54.0,76.8
4.8,54.0,78.0
4.8,54.0,79.2
4.8,54.0,80.4
4.8,54.0,81.6
4.8,54.0,82.8
4.8,54.0,84.0
4.8,55.2,49.2
4.8,55.2,50.4
4.8,55.2,51.6
4.8,55.2,52.8
4.8,55.2,54.0
4.8,55.2,55.2
4.8,55.2,56.4
4.8,55.2,57.6
4.8,55.2,58.8
4.8,55.2,60.0
4.8,55.2,61.2
4.8,55.2,62.4
4.8,55.2,63.6
4.8,55.2,64.8
4.8,55.2,66.0
4.8,55.2,67.2
4.8,55.2,68.4
4.8,55.2,69.6
4.8,55.2,70.8
4.8,55.2,72.0
4.8,55.2,73.2
4.8,55.2,74.4
4.8,55.2,75.6
4.8,55.2,76.8
4.8,55.2,78.0
4.8,55.2,79.2
4.8,55.2,80.4
4.8,55.2,81.6
4.8,55.2,82.8
4.8,55.2,84.0
4.8,55.2,85.2
4.8,56.4,50.4
4.8,56.4,51.6
4.8,56.4,52.8
4.8,56.4,54.0
4.8,56.4,55.2
4.8,56.4,56.4
4.8,56.4,57.6
4.8,56.4,58.8
4.8,56.4,60.0
4.8,56.4,61.2
4.8,56.4,62.4
4.8,56.4,63.6
4.8,56.4,64.8
4.8,56.4,66.0
4.8,56.4,67.2
4.8,56.4,68.4
4.8,56.4,69.6
4.8,56.4,70.8
4.8,56.4,72.0
4.8,56.4,73.2
4.8,56.4,74.4
4.8,56.4,75.6
4.8,56.4,76.8
4.8,56.4,78.0
4.8,56.4,79.2
4.8,56.4,80.4
4.8,56.4,81.6
4.8,56.4,82.8
4.8,56.4,84.0
4.8,56.4,85.2
4.8,56.4,86.4
4.8,57.6,51.6
4.8,57.6,52.8
4.8,57.6,54.0
4.8,57.6,55.2
4.8,57.6,56.4
4.8,57.6,57.6
4.8,57.6,58.8
4.8,57.6,60.0
4.8,57.6,61.2
4.8,57.6,62.4
4.8,57.6,63.6
4.8,57.6,64.8
4.8,57.6,66.0
4.8,57.6,67.2
4.8,57.6,68.4
4.8,57.6,69.6
4.8,57.6,70.8
4.8,57.6,72.0
4.8,57.6,73.2
4.8,57.6,74.4
4.8,57.6,75.6
4.8,57.6,76.8
4.8,57.6,78.0
4.8,57.6,79.2
4.8,57.6,80.4
4.8,57.6,81.6
4.8,57.6,82.8
4.8,57.6,84.0
4.8,57.6,85.2
4.8,57.6,86.4
4.8,57.6,87.6
4.8,58.8,52.8
4.8,58.8,54.0
4.8,58.8,55.2
4.8,58.8,56.4
4.8,58.8,57.6
4.8,58.8,58.8
4.8,58.8,60.0
4.8,58.8,61.2
4.8,58.8,62.4
4.8,58.8,63.6
4.8,58.8,64.8
4.8,58.8,66.0
4.8,58.8,67.2
4.8,58.8,68.4
4.8,58.8,69.6
4.8,58.8,70.8
4.8,58.8,72.0
4.8,58.8,73.2
4.8,58.8,74.4
4.8,58.8,75.6
4.8,58.8,76.8
4.8,58.8,78.0
4.8,58.8,79.2
4.8,58.8,80.4
4.8,58.8,81.6
4.8,58.8,82.8
4.8,58.8,84.0
4.8,58.8,85.2
4.8,58.8,86.4
4.8,58.8,87.6
4.8,58.8,88.8
4.8,60.0,54.0
4.8,60.0,55.2
4.8,60.0,56.4
4.8,60.0,57.6
4.8,60.0,58.8
4.8,60.0,60.0
4.8,60.0,61.2
4.8,60.0,62.4
4.8,60.0,63.6
4.8,60.0,64.8
4.8,60.0,66.0
4.8,60.0,67.2
4.8,60.0,68.4
4.8,60.0,69.6
4.8,60.0,70.8
4.8,60.0,72.0
4.8,60.0,73.2
4.8,60.0,74.4
4.8,60.0,75.6
4.8,60.0,76.8
4.8,60.0,78.0
4.8,60.0,79.2
4.8,60.0,80.4
4.8,60.0,81.6
4.8,60.0,82.8
4.8,60.0,84.0
4.8,60.0,85.2
4.8,60.0,86.4
4.8,60.0,87.6
4.8,60.0,88.8
4.8,60.0,90.0
4.8,61.2,55.2
4.8,61.2,56.4
4.8,61.2,57.6
4.8,61.2,58.8
4.8,61.2,60.0
4.8,61.2,61.2
4.8,61.2,62.4
4.8,61.2,63.6
4.8,61.2,64.8
4.8,61.2,66.0
4.8,61.2,67.2
4.8,61.2,68.4
4.8,61.2,69.6
4.8,61.2,70.8
4.8,61.2,72.0
4.8,61.2,73.2
4.8,61.2,74.4
4.8,61.2,75.6
4.8,61.2,76.8
4.8,61.2,78.0
4.8,61.2,79.2
4.8,61.2,80.4
4.8,61.2,81.6
4.8,61.2,82.8
4.8,61.2,84.0
4.8,61.2,85.2
4.8,61.2,86.4
4.8,61.2,87.6
4.8,61.2,88.8
4.8,61.2,90.0
4.8,61.2,91.2
4.8,62.4,56.4
4.8,62.4,57.6
4.8,62.4,58.8
4.8,62.4,60.0
4.8,62.4,61.2
4.8,62.4,62.4
4.8,62.4,63.6
4.8,62.4,64.8
4.8,62.4,66.0
4.8,62.4,67.2
4.8,62.4,68.4
4.8,62.4,69.6
4.8,62.4,70.8
4.8,62.4,72.0
4.8,62.4,73.2
4.8,62.4,74.4
4.8,62.4,75.6
4.8,62.4,76.8
4.8,62.4,78.0
4.8,62.4,79.2
4.8,62.4,80.4
4.8,62.4,81.6
4.8,62.4,82.8
4.8,62.4,84.0
4.8,62.4,85.2
4.8,62.4,86.4
4.8,62.4,87.6
4.8,62.4,88.8
4.8,62.4,90.0
4.8,62.4,91.2
4.8,62.4,92.4
4.8,63.6,57.6
4.8,63.6,58.8
4.8,63.6,60.0
4.8,63.6,61.2
4.8,63.6,62.4
4.8,63.6,63.6
4.8,63.6,64.8
4.8,63.6,66.0
4.8,63.6,67.2
4.8,63.6,68.4
4.8,63.6,69.6
4.8,63.6,70.8
4.8,63.6,72.0
4.8,63.6,73.2
4.8,63.6,74.4
4.8,63.6,75.6
4.8,63.6,76.8
4.8,63.6,78.0
4.8,63.6,79.2
4.8,63.6,80.4
4.8,63.6,81.6
4.8,63.6,82.8
4.8,63.6,84.0
4.8,63.6,85.2
4.8,63.6,86.4
4.8,63.6,87.6
4.8,63.6,88.8
4.8,63.6,90.0
4.8,63.6,91.2
4.8,63.6,92.4
4.8,63.6,93.6
4.8,64.8,58.8
4.8,64.8,60.0
4.8,64.8,61.2
4.8,64.8,62.4
4.8,64.8,63.6
4.8,64.8,64.8
4.8,64.8,66.0
4.8,64.8,67.2
4.8,64.8,68.4
4.8,64.8,69.6
4.8,64.8,70.8
4.8,64.8,72.0
4.8,64.8,73.2
4.8,64.8,74.4
4.8,64.8,75.6
4.8,64.8,76.8
4.8,64.8,78.0
4.8,64.8,79.2
4.8,64.8,80.4
4.8,64.8,81.6
4.8,64.8,82.8
4.8,64.8,84.0
4.8,64.8,85.2
4.8,64.8,86.4
4.8,64.8,87.6
4.8,64.8,88.8
4.8,64.8,90.0
4.8,64.8,91.2
4.8,64.8,92.4
4.8,64.8,93.6
4.8,64.8,94.8
4.8,66.0,85.2
4.8,66.0,86.4
4.8,66.0,87.6
4.8,66.0,88.8
4.8,66.0,90.0
4.8,66.0,91.2
4.8,66.0,92.4
4.8,66.0,93.6
4.8,66.0,94.8
4.8,66.0,96.0
4.8,67.2,86.4
4.8,67.2,87.6
4.8,67.2,88.8
4.8,67.2,90.0
4.8,67.2,91.2
4.8,67.2,92.4
4.8,67.2,93.6
4.8,67.2,94.8
4.8,67.2,96.0
4.8,67.2,97.2
4.8,68.4,87.6
4.8,68.4,88.8
4.8,68.4,90.0
4.8,68.4,91.2
4.8,68.4,92.4
4.8,68.4,93.6
4.8,68.4,94.8
4.8,68.4,96.0
4.8,68.4,97.2
4.8,68.4,98.4
4.8,69.6,88.8
4.8,69.6,90.0
4.8,69.6,91.2
4.8,69.6,92.4
4.8,69.6,93.6
4.8,69.6,94.8
4.8,69.6,96.0
4.8,69.6,97.2
4.8,69.6,98.4
4.8,69.6,99.6
4.8,70.8,90.0
4.8,70.8,91.2
4.8,70.8,92.4
4.8,70.8,93.6
4.8,70.8,94.8
4.8,70.8,96.0
4.8,70.8,97.2
4.8,70.8,98.4
4.8,70.8,99.6
4.8,70.8,100.8
4.8,72.0,91.2
4.8,72.0,92.4
4.8,72.0,93.6
4.8,72.0,94.8
4.8,72.0,96.0
4.8,72.0,97.2
4.8,72.0,98.4
4.8,72.0,99.6
4.8,72.0,100.8
4.8,72.0,102.0
4.8,73.2,92.4
4.8,73.2,93.6
4.8,73.2,94.8
4.8,73.2,96.0
4.8,73.2,97.2
4.8,73.2,98.4
4.8,73.2,99.6
4.8,73.2,100.8
4.8,73.2,102.0
4.8,73.2,103.2
4.8,74.4,93.6
4.8,74.4,94.8
4.8,74.4,96.0
4.8,74.4,97.2
4.8,74.4,98.4
4.8,74.4,99.6
4.8,74.4,100.8
4.8,74.4,102.0
4.8,74.4,103.2
4.8,74.4,104.4
4.8,75.6,94.8
4.8,75.6,96.0
4.8,75.6,97.2
4.8,75.6,98.4
4.8,75.6,99.6
4.8,75.6,100.8
4.8,75.6,102.0
4.8,75.6,103.2
4.8,75.6,104.4
4.8,75.6,105.6
4.8,76.8,96.0
4.8,76.8,97.2
4.8,76.8,98.4
4.8,76.8,99.6
4.8,76.8,100.8
4.8,76.8,102.0
4.8,76.8,103.2
4.8,76.8,104.4
4.8,76.8,105.6
4.8,76.8,106.8
4.8,78.0,96.0
4.8,78.0,97.2
4.8,78.0,98.4
4.8,78.0,99.6
4.8,78.0,100.8
4.8,78.0,102.0
4.8,78.0,103.2
4.8,78.0,104.4
4.8,78.0,105.6
4.8,78.0,106.8
4.8,79.2,96.0
4.8,79.2,97.2
4.8,79.2,98.4
4.8,79.2,99.6
4.8,79.2,100.8
4.8,79.2,102.0
4.8,79.2,103.2
4.8,79.2,104.4
4.8,79.2,105.6
4.8,79.2,106.8
4.8,80.4,96.0
4.8,80.4,97.2
4.8,80.4,98.4
4.8,80.4,99.6
4.8,80.4,100.8
4.8,80.4,102.0
4.8,80.4,103.2
4.8,80.4,104.4
4.8,80.4,105.6
4.8,80.4,106.8
4.8,81.6,96.0
4.8,81.6,97.2
4.8,81.6,98.4
4.8,81.6,99.6
4.8,81.6,100.8
4.8,81.6,102.0
4.8,81.6,103.2
4.8,81.6,104.4
4.8,81.6,105.6
4.8,81.6,106.8
4.8,82.8,96.0
4.8,82.8,97.2
4.8,82.8,98.4
4.8,82.8,99.6
4.8,82.8,100.8
4.8,82.8,102.0
4.8,82.8,103.2
4.8,82.8,104.4
4.8,82.8,105.6
4.8,82.8,106.8
4.8,84.0,96.0
4.8,84.0,97.2
4.8,84.0,98.4
4.8,84.0,99.6
4.8,84.0,100.8
4.8,84.0,102.0
4.8,84.0,103.2
4.8,84.0,104.4
4.8,84.0,105.6
4.8,84.0,106.8
4.8,85.2,96.0
4.8,85.2,97.2
4.8,85.2,98.4
4.8,85.2,99.6
4.8,85.2,100.8
4.8,85.2,102.0
4.8,85.2,103.2
4.8,85.2,104.4
4.8,85.2,105.6
4.8,85.2,106.8
4.8,86.4,96.0
4.8,86.4,97.2
4.8,86.4,98.4
4.8,86.4,99.6
4.8,86.4,100.8
4.8,86.4,102.0
4.8,86.4,103.2
4.8,86.4,104.4
4.8,86.4,105.6
4.8,86.4,106.8
4.8,87.6,96.0
4.8,87.6,97.2
4.8,87.6,98.4
4.8,87.6,99.6
4.8,87.6,100.8
4.8,87.6,102.0
4.8,87.6,103.2
4.8,87.6,104.4
4.8,87.6,105.6
4.8,87.6,106.8
4.8,88.8,96.0
4.8,88.8,97.2
4.8,88.8,98.4
4.8,88.8,99.6
4.8,88.8,100.8
4.8,88.8,102.0
4.8,88.8,103.2
4.8,88.8,104.4
4.8,88.8,105.6
4.8,88.8,106.8
4.8,90.0,96.0
4.8,90.0,97.2
4.8,90.0,98.4
4.8,90.0,99.6
4.8,90.0,100.8
4.8,90.0,102.0
4.8,90.0,103.2
4.8,90.0,104.4
4.8,90.0,105.6
4.8,90.0,106.8
6.0,54.0,48.0
6.0,54.0,49.2
6.0,54.0,50.4
6.0,54.0,51.6
6.0,54.0,52.8
6.0,54.0,54.0
6.0,54.0,55.2
6.0,54.0,56.4
6.0,54.0,57.6
6.0,54.0,58.8
6.0,54.0,60.0
6.0,54.0,61.2
6.0,54.0,62.4
6.0,54.0,63.6
6.0,54.0,64.8
6.0,54.0,66.0
6.0,54.0,67.2
6.0,54.0,68.4
6.0,54.0,69.6
6.0,54.0,70.8
6.0,54.0,72.0
6.0,54.0,73.2
6.0,54.0,74.4
6.0,54.0,75.6
6.0,54.0,76.8
6.0,54.0,78.0
6.0,54.0,79.2
6.0,54.0,80.4
6.0,54.0,81.6
6.0,54.0,82.8
6.0,54.0,84.0
6.0,55.2,49.2
6.0,55.2,50.4
6.0,55.2,51.6
6.0,55.2,52.8
6.0,55.2,54.0
6.0,55.2,55.2
6.0,55.2,56.4
6.0,55.2,57.6
6.0,55.2,58.8
6.0,55.2,60.0
6.0,55.2,61.2
6.0,55.2,62.4
6.0,55.2,63.6
6.0,55.2,64.8
6.0,55.2,66.0
6.0,55.2,67.2
6.0,55.2,68.4
6.0,55.2,69.6
6.0,55.2,70.8
6.0,55.2,72.0
6.0,55.2,73.2
6.0,55.2,74.4
6.0,55.2,75.6
6.0,55.2,76.8
6.0,55.2,78.0
6.0,55.2,79.2
6.0,55.2,80.4
6.0,55.2,81.6
6.0,55.2,82.8
6.0,55.2,84.0
6.0,55.2,85.2
6.0,56.4,50.4
6.0,56.4,51.6
6.0,56.4,52.8
6.0,56.4,54.0
6.0,56.4,55.2
6.0,56.4,56.4
6.0,56.4,57.6
6.0,56.4,58.8
6.0,56.4,60.0
6.0,56.4,61.2
6.0,56.4,62.4
6.0,56.4,63.6
6.0,56.4,64.8
6.0,56.4,66.0
6.0,56.4,67.2
6.0,56.4,68.4
6.0,56.4,69.6
6.0,56.4,70.8
6.0,56.4,72.0
6.0,56.4,73.2
6.0,56.4,74.4
6.0,56.4,75.6
6.0,56.4,76.8
6.0,56.4,78.0
6.0,56.4,79.2
6.0,56.4,80.4
6.0,56.4,81.6
6.0,56.4,82.8
6.0,56.4,84.0
6.0,56.4,85.2
6.0,56.4,86.4
6.0,57.6,51.6
6.0,57.6,52.8
6.0,57.6,54.0
6.0,57.6,55.2
6.0,57.6,56.4
6.0,57.6,57.6
6.0,57.6,58.8
6.0,57.6,60.0
6.0,57.6,61.2
6.0,57.6,62.4
6.0,57.6,63.6
6.0,57.6,64.8
6.0,57.6,66.0
6.0,57.6,67.2
6.0,57.6,68.4
6.0,57.6,69.6
6.0,57.6,70.8
6.0,57.6,72.0
6.0,57.6,73.2
6.0,57.6,74.4
6.0,57.6,75.6
6.0,57.6,76.8
6.0,57.6,78.0
6.0,57.6,79.2
6.0,57.6,80.4
6.0,57.6,81.6
6.0,57.6,82.8
6.0,57.6,84.0
6.0,57.6,85.2
6.0,57.6,86.4
6.0,57.6,87.6
6.0,58.8,52.8
6.0,58.8,54.0
6.0,58.8,55.2
6.0,58.8,56.4
6.0,58.8,57.6
6.0,58.8,58.8
6.0,58.8,60.0
6.0,58.8,61.2
6.0,58.8,62.4
6.0,58.8,63.6
6.0,58.8,64.8
6.0,58.8,66.0
6.0,58.8,67.2
6.0,58.8,68.4
6.0,58.8,69.6
6.0,58.8,70.8
6.0,58.8,72.0
6.0,58.8,73.2
6.0,58.8,74.4
6.0,58.8,75.6
6.0,58.8,76.8
6.0,58.8,78.0
6.0,58.8,79.2
6.0,58.8,80.4
6.0,58.8,81.6
6.0,58.8,82.8
6.0,58.8,84.0
6.0,58.8,85.2
6.0,58.8,86.4
6.0,58.8,87.6
6.0,58.8,88.8
6.0,60.0,54.0
6.0,60.0,55.2
6.0,60.0,56.4
6.0,60.0,57.6
6.0,60.0,58.8
6.0,60.0,60.0
6.0,60.0,61.2
6.0,60.0,62.4
6.0,60.0,63.6
6.0,60.0,64.8
6.0,60.0,66.0
6.0,60.0,67.2
6.0,60.0,68.4
6.0,60.0,69.6
6.0,60.0,70.8
6.0,60.0,72.0
6.0,60.0,73.2
6.0,60.0,74.4
6.0,60.0,75.6
6.0,60.0,76.8
6.0,60.0,78.0
6.0,60.0,79.2
6.0,60.0,80.4
6.0,60.0,81.6
6.0,60.0,82.8
6.0,60.0,84.0
6.0,60.0,85.2
6.0,60.0,86.4
6.0,60.0,87.6
6.0,60.0,88.8
6.0,60.0,90.0
6.0,61.2,55.2
6.0,61.2,56.4
6.0,61.2,57.6
6.0,61.2,58.8
6.0,61.2,60.0
6.0,61.2,61.2
6.0,61.2,62.4
6.0,61.2,63.6
6.0,61.2,64.8
6.0,61.2,66.0
6.0,61.2,67.2
6.0,61.2,68.4
6.0,61.2,69.6
6.0,61.2,70.8
6.0,61.2,72.0
6.0,61.2,73.2
6.0,61.2,74.4
6.0,61.2,75.6
6.0,61.2,76.8
6.0,61.2,78.0
6.0,61.2,79.2
6.0,61.2,80.4
6.0,61.2,81.6
6.0,61.2,82.8
6.0,61.2,84.0
6.0,61.2,85.2
6.0,61.2,86.4
6.0,61.2,87.6
6.0,61.2,88.8
6.0,61.2,90.0
6.0,61.2,91.2
6.0,62.4,56.4
6.0,62.4,57.6
6.0,62.4,58.8
6.0,62.4,60.0
6.0,62.4,61.2
6.0,62.4,62.4
6.0,62.4,63.6
6.0,62.4,64.8
6.0,62.4,66.0
6.0,62.4,67.2
6.0,62.4,68.4
6.0,62.4,69.6
6.0,62.4,70.8
6.0,62.4,72.0
6.0,62.4,73.2
6.0,62.4,74.4
6.0,62.4,75.6
6.0,62.4,76.8
6.0,62.4,78.0
6.0,62.4,79.2
6.0,62.4,80.4
6.0,62.4,81.6
6.0,62.4,82.8
6.0,62.4,84.0
6.0,62.4,85.2
6.0,62.4,86.4
6.0,62.4,87.6
6.0,62.4,88.8
6.0,62.4,90.0
6.0,62.4,91.2
6.0,62.4,92.4
6.0,63.6,57.6
6.0,63.6,58.8
6.0,63.6,60.0
6.0,63.6,61.2
6.0,63.6,62.4
6.0,63.6,63.6
6.0,63.6,64.8
6.0,63.6,66.0
6.0,63.6,67.2
6.0,63.6,68.4
6.0,63.6,69.6
6.0,63.6,70.8
6.0,63.6,72.0
6.0,63.6,73.2
6.0,63.6,74.4
6.0,63.6,75.6
6.0,63.6,76.8
6.0,63.6,78.0
6.0,63.6,79.2
6.0,63.6,80.4
6.0,63.6,81.6
6.0,63.6,82.8
6.0,63.6,84.0
6.0,63.6,85.2
6.0,63.6,86.4
6.0,63.6,87.6
6.0,63.6,88.8
6.0,63.6,90.0
6.0,63.6,91.2
6.0,63.6,92.4
6.0,63.6,93.6
6.0,64.8,58.8
6.0,64.8,60.0
6.0,64.8,61.2
6.0,64.8,62.4
6.0,64.8,63.6
6.0,64.8,64.8
6.0,64.8,66.0
6.0,64.8,67.2
6.0,64.8,68.4
6.0,64.8,69.6
6.0,64.8,70.8
6.0,64.8,72.0
6.0,64.8,73.2
6.0,64.8,74.4
6.0,64.8,75.6
6.0,64.8,76.8
6.0,64.8,78.0
6.0,64.8,79.2
6.0,64.8,80.4
6.0,64.8,81.6
6.0,64.8,82.8
6.0,64.8,84.0
6.0,64.8,85.2
6.0,64.8,86.4
6.0,64.8,87.6
6.0,64.8,88.8
6.0,64.8,90.0
6.0,64.8,91.2
6.0,64.8,92.4
6.0,64.8,93.6
6.0,64.8,94.8
6.0,66.0,60.0
6.0,66.0,61.2
6.0,66.0,62.4
6.0,66.0,63.6
6.0,66.0,64.8
6.0,66.0,66.0
6.0,66.0,67.2
6.0,66.0,68.4
6.0,66.0,69.6
6.0,66.0,70.8
6.0,66.0,72.0
6.0,66.0,73.2
6.0,66.0,74.4
6.0,66.0,75.6
6.0,66.0,76.8
6.0,66.0,78.0
6.0,66.0,79.2
6.0,66.0,80.4
6.0,66.0,81.6
6.0,66.0,82.8
6.0,66.0,84.0
6.0,66.0,85.2
6.0,66.0,86.4
6.0,66.0,87.6
6.0,66.0,88.8
6.0,66.0,90.0
6.0,66.0,91.2
6.0,66.0,92.4
6.0,66.0,93.6
6.0,66.0,94.8
6.0,66.0,96.0
6.0,67.2,85.2
6.0,67.2,86.4
6.0,67.2,87.6
6.0,67.2,88.8
6.0,67.2,90.0
6.0,67.2,91.2
6.0,67.2,92.4
6.0,67.2,93.6
6.0,67.2,94.8
6.0,67.2,96.0
6.0,67.2,97.2
6.0,68.4,86.4
6.0,68.4,87.6
6.0,68.4,88.8
6.0,68.4,90.0
6.0,68.4,91.2
6.0,68.4,92.4
6.0,68.4,93.6
6.0,68.4,94.8
6.0,68.4,96.0
6.0,68.4,97.2
6.0,68.4,98.4
6.0,69.6,87.6
6.0,69.6,88.8
6.0,69.6,90.0
6.0,69.6,91.2
6.0,69.6,92.4
6.0,69.6,93.6
6.0,69.6,94.8
6.0,69.6,96.0
6.0,69.6,97.2
6.0,69.6,98.4
6.0,69.6,99.6
6.0,70.8,88.8
6.0,70.8,90.0
6.0,70.8,91.2
6.0,70.8,92.4
6.0,70.8,93.6
6.0,70.8,94.8
6.0,70.8,96.0
6.0,70.8,97.2
6.0,70.8,98.4
6.0,70.8,99.6
6.0,70.8,100.8
6.0,72.0,90.0
6.0,72.0,91.2
6.0,72.0,92.4
6.0,72.0,93.6
6.0,72.0,94.8
6.0,72.0,96.0
6.0,72.0,97.2
6.0,72.0,98.4
6.0,72.0,99.6
6.0,72.0,100.8
6.0,72.0,102.0
6.0,73.2,91.2
6.0,73.2,92.4
6.0,73.2,93.6
6.0,73.2,94.8
6.0,73.2,96.0
6.0,73.2,97.2
6.0,73.2,98.4
6.0,73.2,99.6
6.0,73.2,100.8
6.0,73.2,102.0
6.0,73.2,103.2
6.0,74.4,92.4
6.0,74.4,93.6
6.0,74.4,94.8
6.0,74.4,96.0
6.0,74.4,97.2
6.0,74.4,98.4
6.0,74.4,99.6
6.0,74.4,100.8
6.0,74.4,102.0
6.0,74.4,103.2
6.0,74.4,104.4
6.0,75.6,93.6
6.0,75.6,94.8
6.0,75.6,96.0
6.0,75.6,97.2
6.0,75.6,98.4
6.0,75.6,99.6
6.0,75.6,100.8
6.0,75.6,102.0
6.0,75.6,103.2
6.0,75.6,104.4
6.0,75.6,105.6
6.0,76.8,94.8
6.0,76.8,96.0
6.0,76.8,97.2
6.0,76.8,98.4
6.0,76.8,99.6
6.0,76.8,100.8
6.0,76.8,102.0
6.0,76.8,103.2
6.0,76.8,104.4
6.0,76.8,105.6
6.0,76.8,106.8
6.0,78.0,96.0
6.0,78.0,97.2
6.0,78.0,98.4
6.0,78.0,99.6
6.0,78.0,100.8
6.0,78.0,102.0
6.0,78.0,103.2
6.0,78.0,104.4
6.0,78.0,105.6
6.0,78.0,106.8
6.0,78.0,108.0
6.0,79.2,96.0
6.0,79.2,97.2
6.0,79.2,98.4
6.0,79.2,99.6
6.0,79.2,100.8
6.0,79.2,102.0
6.0,79.2,103.2
6.0,79.2,104.4
6.0,79.2,105.6
6.0,79.2,106.8
6.0,79.2,108.0
6.0,80.4,96.0
6.0,80.4,97.2
6.0,80.4,98.4
6.0,80.4,99.6
6.0,80.4,100.8
6.0,80.4,102.0
6.0,80.4,103.2
6.0,80.4,104.4
6.0,80.4,105.6
6.0,80.4,106.8
6.0,80.4,108.0
6.0,81.6,96.0
6.0,81.6,97.2
6.0,81.6,98.4
6.0,81.6,99.6
6.0,81.6,100.8
6.0,81.6,102.0
6.0,81.6,103.2
6.0,81.6,104.4
6.0,81.6,105.6
6.0,81.6,106.8
6.0,81.6,108.0
6.0,82.8,96.0
6.0,82.8,97.2
6.0,82.8,98.4
6.0,82.8,99.6
6.0,82.8,100.8
6.0,82.8,102.0
6.0,82.8,103.2
6.0,82.8,104.4
6.0,82.8,105.6
6.0,82.8,106.8
6.0,82.8,108.0
6.0,84.0,96.0
6.0,84.0,97.2
6.0,84.0,98.4
6.0,84.0,99.6
6.0,84.0,100.8
6.0,84.0,102.0
6.0,84.0,103.2
6.0,84.0,104.4
6.0,84.0,105.6
6.0,84.0,106.8
6.0,84.0,108.0
6.0,85.2,96.0
6.0,85.2,97.2
6.0,85.2,98.4
6.0,85.2,99.6
6.0,85.2,100.8
6.0,85.2,102.0
6.0,85.2,103.2
6.0,85.2,104.4
6.0,85.2,105.6
6.0,85.2,106.8
6.0,85.2,108.0
6.0,86.4,96.0
6.0,86.4,97.2
6.0,86.4,98.4
6.0,86.4,99.6
6.0,86.4,100.8
6.0,86.4,102.0
6.0,86.4,103.2
6.0,86.4,104.4
6.0,86.4,105.6
6.0,86.4,106.8
6.0,86.4,108.0
6.0,87.6,96.0
6.0,87.6,97.2
6.0,87.6,98.4
6.0,87.6,99.6
6.0,87.6,100.8
6.0,87.6,102.0
6.0,87.6,103.2
6.0,87.6,104.4
6.0,87.6,105.6
6.0,87.6,106.8
6.0,87.6,108.0
6.0,88.8,96.0
6.0,88.8,97.2
6.0,88.8,98.4
6.0,88.8,99.6
6.0,88.8,100.8
6.0,88.8,102.0
6.0,88.8,103.2
6.0,88.8,104.4
6.0,88.8,105.6
6.0,88.8,106.8
6.0,88.8,108.0
6.0,90.0,96.0
6.0,90.0,97.2
6.0,90.0,98.4
6.0,90.0,99.6
6.0,90.0,100.8
6.0,90.0,102.0
6.0,90.0,103.2
6.0,90.0,104.4
6.0,90.0,105.6
6.0,90.0,106.8
6.0,90.0,108.0
7.2,55.2,49.2
7.2,55.2,50.4
7.2,55.2,51.6
7.2,55.2,52.8
7.2,55.2,54.0
7.2,55.2,55.2
7.2,55.2,56.4
7.2,55.2,57.6
7.2,55.2,58.8
7.2,55.2,60.0
7.2,55.2,61.2
7.2,55.2,62.4
7.2,55.2,63.6
7.2,55.2,64.8
7.2,55.2,66.0
7.2,55.2,67.2
7.2,55.2,68.4
7.2,55.2,69.6
7.2,55.2,70.8
7.2,55.2,72.0
7.2,55.2,73.2
7.2,55.2,74.4
7.2,55.2,75.6
7.2,55.2,76.8
7.2,55.2,78.0
7.2,55.2,79.2
7.2,55.2,80.4
7.2,55.2,81.6
7.2,55.2,82.8
7.2,55.2,84.0
7.2,55.2,85.2
7.2,56.4,50.4
7.2,56.4,51.6
7.2,56.4,52.8
7.2,56.4,54.0
7.2,56.4,55.2
7.2,56.4,56.4
7.2,56.4,57.6
7.2,56.4,58.8
7.2,56.4,60.0
7.2,56.4,61.2
7.2,56.4,62.4
7.2,56.4,63.6
7.2,56.4,64.8
7.2,56.4,66.0
7.2,56.4,67.2
7.2,56.4,68.4
7.2,56.4,69.6
7.2,56.4,70.8
7.2,56.4,72.0
7.2,56.4,73.2
7.2,56.4,74.4
7.2,56.4,75.6
7.2,56.4,76.8
7.2,56.4,78.0
7.2,56.4,79.2
7.2,56.4,80.4
7.2,56.4,81.6
7.2,56.4,82.8
7.2,56.4,84.0
7.2,56.4,85.2
7.2,56.4,86.4
7.2,57.6,51.6
7.2,57.6,52.8
7.2,57.6,54.0
7.2,57.6,55.2
7.2,57.6,56.4
7.2,57.6,57.6
7.2,57.6,58.8
7.2,57.6,60.0
7.2,57.6,61.2
7.2,57.6,62.4
7.2,57.6,63.6
7.2,57.6,64.8
7.2,57.6,66.0
7.2,57.6,67.2
7.2,57.6,68.4
7.2,57.6,69.6
7.2,57.6,70.8
7.2,57.6,72.0
7.2,57.6,73.2
7.2,57.6,74.4
7.2,57.6,75.6
7.2,57.6,76.8
7.2,57.6,78.0
7.2,57.6,79.2
7.2,57.6,80.4
7.2,57.6,81.6
7.2,57.6,82.8
7.2,57.6,84.0
7.2,57.6,85.2
7.2,57.6,86.4
7.2,57.6,87.6
7.2,58.8,52.8
7.2,58.8,54.0
7.2,58.8,55.2
7.2,58.8,56.4
7.2,58.8,57.6
7.2,58.8,58.8
7.2,58.8,60.0
7.2,58.8,61.2
7.2,58.8,62.4
7.2,58.8,63.6
7.2,58.8,64.8
7.2,58.8,66.0
7.2,58.8,67.2
7.2,58.8,68.4
7.2,58.8,69.6
7.2,58.8,70.8
7.2,58.8,72.0
7.2,58.8,73.2
7.2,58.8,74.4
7.2,58.8,75.6
7.2,58.8,76.8
7.2,58.8,78.0
7.2,58.8,79.2
7.2,58.8,80.4
7.2,58.8,81.6
7.2,58.8,82.8
7.2,58.8,84.0
7.2,58.8,85.2
7.2,58.8,86.4
7.2,58.8,87.6
7.2,58.8,88.8
7.2,60.0,54.0
7.2,60.0,55.2
7.2,60.0,56.4
7.2,60.0,57.6
7.2,60.0,58.8
7.2,60.0,60.0
7.2,60.0,61.2
7.2,60.0,62.4
7.2,60.0,63.6
7.2,60.0,64.8
7.2,60.0,66.0
7.2,60.0,67.2
7.2,60.0,68.4
7.2,60.0,69.6
7.2,60.0,70.8
7.2,60.0,72.0
7.2,60.0,73.2
7.2,60.0,74.4
7.2,60.0,75.6
7.2,60.0,76.8
7.2,60.0,78.0
7.2,60.0,79.2
7.2,60.0,80.4
7.2,60.0,81.6
7.2,60.0,82.8
7.2,60.0,84.0
7.2,60.0,85.2
7.2,60.0,86.4
7.2,60.0,87.6
7.2,60.0,88.8
7.2,60.0,90.0
7.2,61.2,55.2
7.2,61.2,56.4
7.2,61.2,57.6
7.2,61.2,58.8
7.2,61.2,60.0
7.2,61.2,61.2
7.2,61.2,62.4
7.2,61.2,63.6
7.2,61.2,64.8
7.2,61.2,66.0
7.2,61.2,67.2
7.2,61.2,68.4
7.2,61.2,69.6
7.2,61.2,70.8
7.2,61.2,72.0
7.2,61.2,73.2
7.2,61.2,74.4
7.2,61.2,75.6
7.2,61.2,76.8
7.2,61.2,78.0
7.2,61.2,79.2
7.2,61.2,80.4
7.2,61.2,81.6
7.2,61.2,82.8
7.2,61.2,84.0
7.2,61.2,85.2
7.2,61.2,86.4
7.2,61.2,87.6
7.2,61.2,88.8
7.2,61.2,90.0
7.2,61.2,91.2
7.2,62.4,56.4
7.2,62.4,57.6
7.2,62.4,58.8
7.2,62.4,60.0
7.2,62.4,61.2
7.2,62.4,62.4
7.2,62.4,63.6
7.2,62.4,64.8
7.2,62.4,66.0
7.2,62.4,67.2
7.2,62.4,68.4
7.2,62.4,69.6
7.2,62.4,70.8
7.2,62.4,72.0
7.2,62.4,73.2
7.2,62.4,74.4
7.2,62.4,75.6
7.2,62.4,76.8
7.2,62.4,78.0
7.2,62.4,79.2
7.2,62.4,80.4
7.2,62.4,81.6
7.2,62.4,82.8
7.2,62.4,84.0
7.2,62.4,85.2
7.2,62.4,86.4
7.2,62.4,87.6
7.2,62.4,88.8
7.2,62.4,90.0
7.2,62.4,91.2
7.2,62.4,92.4
7.2,63.6,57.6
7.2,63.6,58.8
7.2,63.6,60.0
7.2,63.6,61.2
7.2,63.6,62.4
7.2,63.6,63.6
7.2,63.6,64.8
7.2,63.6,66.0
7.2,63.6,67.2
7.2,63.6,68.4
7.2,63.6,69.6
7.2,63.6,70.8
7.2,63.6,72.0
7.2,63.6,73.2
7.2,63.6,74.4
7.2,63.6,75.6
7.2,63.6,76.8
7.2,63.6,78.0
7.2,63.6,79.2
7.2,63.6,80.4
7.2,63.6,81.6
7.2,63.6,82.8
7.2,63.6,84.0
7.2,63.6,85.2
7.2,63.6,86.4
7.2,63.6,87.6
7.2,63.6,88.8
7.2,63.6,90.0
7.2,63.6,91.2
7.2,63.6,92.4
7.2,63.6,93.6
7.2,64.8,58.8
7.2,64.8,60.0
7.2,64.8,61.2
7.2,64.8,62.4
7.2,64.8,63.6
7.2,64.8,64.8
7.2,64.8,66.0
7.2,64.8,67.2
7.2,64.8,68.4
7.2,64.8,69.6
7.2,64.8,70.8
7.2,64.8,72.0
7.2,64.8,73.2
7.2,64.8,74.4
7.2,64.8,75.6
7.2,64.8,76.8
7.2,64.8,78.0
7.2,64.8,79.2
7.2,64.8,80.4
7.2,64.8,81.6
7.2,64.8,82.8
7.2,64.8,84.0
7.2,64.8,85.2
7.2,64.8,86.4
7.2,64.8,87.6
7.2,64.8,88.8
7.2,64.8,90.0
7.2,64.8,91.2
7.2,64.8,92.4
7.2,64.8,93.6
7.2,64.8,94.8
7.2,66.0,60.0
7.2,66.0,61.2
7.2,66.0,62.4
7.2,66.0,63.6
7.2,66.0,64.8
7.2,66.0,66.0
7.2,66.0,67.2
7.2,66.0,68.4
7.2,66.0,69.6
7.2,66.0,70.8
7.2,66.0,72.0
7.2,66.0,73.2
7.2,66.0,74.4
7.2,66.0,75.6
7.2,66.0,76.8
7.2,66.0,78.0
7.2,66.0,79.2
7.2,66.0,80.4
7.2,66.0,81.6
7.2,66.0,82.8
7.2,66.0,84.0
7.2,66.0,85.2
7.2,66.0,86.4
7.2,66.0,87.6
7.2,66.0,88.8
7.2,66.0,90.0
7.2,66.0,91.2
7.2,66.0,92.4
7.2,66.0,93.6
7.2,66.0,94.8
7.2,66.0,96.0
7.2,67.2,61.2
7.2,67.2,62.4
7.2,67.2,63.6
7.2,67.2,64.8
7.2,67.2,66.0
7.2,67.2,67.2
7.2,67.2,68.4
7.2,67.2,69.6
7.2,67.2,70.8
7.2,67.2,72.0
7.2,67.2,73.2
7.2,67.2,74.4
7.2,67.2,75.6
7.2,67.2,76.8
7.2,67.2,78.0
7.2,67.2,79.2
7.2,67.2,80.4
7.2,67.2,81.6
7.2,67.2,82.8
7.2,67.2,84.0
7.2,67.2,85.2
7.2,67.2,86.4
7.2,67.2,87.6
7.2,67.2,88.8
7.2,67.2,90.0
7.2,67.2,91.2
7.2,67.2,92.4
7.2,67.2,93.6
7.2,67.2,94.8
7.2,67.2,96.0
7.2,67.2,97.2
7.2,68.4,85.2
7.2,68.4,86.4
7.2,68.4,87.6
7.2,68.4,88.8
7.2,68.4,90.0
7.2,68.4,91.2
7.2,68.4,92.4
7.2,68.4,93.6
7.2,68.4,94.8
7.2,68.4,96.0
7.2,68.4,97.2
7.2,68.4,98.4
7.2,69.6,86.4
7.2,69.6,87.6
7.2,69.6,88.8
7.2,69.6,90.0
7.2,69.6,91.2
7.2,69.6,92.4
7.2,69.6,93.6
7.2,69.6,94.8
7.2,69.6,96.0
7.2,69.6,97.2
7.2,69.6,98.4
7.2,69.6,99.6
7.2,70.8,87.6
7.2,70.8,88.8
7.2,70.8,90.0
7.2,70.8,91.2
7.2,70.8,92.4
7.2,70.8,93.6
7.2,70.8,94.8
7.2,70.8,96.0
7.2,70.8,97.2
7.2,70.8,98.4
7.2,70.8,99.6
7.2,70.8,100.8
7.2,72.0,88.8
7.2,72.0,90.0
7.2,72.0,91.2
7.2,72.0,92.4
7.2,72.0,93.6
7.2,72.0,94.8
7.2,72.0,96.0
7.2,72.0,97.2
7.2,72.0,98.4
7.2,72.0,99.6
7.2,72.0,100.8
7.2,72.0,102.0
7.2,73.2,90.0
7.2,73.2,91.2
7.2,73.2,92.4
7.2,73.2,93.6
7.2,73.2,94.8
7.2,73.2,96.0
7.2,73.2,97.2
7.2,73.2,98.4
7.2,73.2,99.6
7.2,73.2,100.8
7.2,73.2,102.0
7.2,73.2,103.2
7.2,74.4,91.2
7.2,74.4,92.4
7.2,74.4,93.6
7.2,74.4,94.8
7.2,74.4,96.0
7.2,74.4,97.2
7.2,74.4,98.4
7.2,74.4,99.6
7.2,74.4,100.8
7.2,74.4,102.0
7.2,74.4,103.2
7.2,74.4,104.4
7.2,75.6,92.4
7.2,75.6,93.6
7.2,75.6,94.8
7.2,75.6,96.0
7.2,75.6,97.2
7.2,75.6,98.4
7.2,75.6,99.6
7.2,75.6,100.8
7.2,75.6,102.0
7.2,75.6,103.2
7.2,75.6,104.4
7.2,75.6,105.6
7.2,76.8,93.6
7.2,76.8,94.8
7.2,76.8,96.0
7.2,76.8,97.2
7.2,76.8,98.4
7.2,76.8,99.6
7.2,76.8,100.8
7.2,76.8,102.0
7.2,76.8,103.2
7.2,76.8,104.4
7.2,76.8,105.6
7.2,76.8,106.8
7.2,78.0,94.8
7.2,78.0,96.0
7.2,78.0,97.2
7.2,78.0,98.4
7.2,78.0,99.6
7.2,78.0,100.8
7.2,78.0,102.0
7.2,78.0,103.2
7.2,78.0,104.4
7.2,78.0,105.6
7.2,78.0,106.8
7.2,78.0,108.0
7.2,79.2,96.0
7.2,79.2,97.2
7.2,79.2,98.4
7.2,79.2,99.6
7.2,79.2,100.8
7.2,79.2,102.0
7.2,79.2,103.2
7.2,79.2,104.4
7.2,79.2,105.6
7.2,79.2,106.8
7.2,79.2,108.0
7.2,79.2,109.2
7.2,80.4,96.0
7.2,80.4,97.2
7.2,80.4,98.4
7.2,80.4,99.6
7.2,80.4,100.8
7.2,80.4,102.0
7.2,80.4,103.2
7.2,80.4,104.4
7.2,80.4,105.6
7.2,80.4,106.8
7.2,80.4,108.0
7.2,80.4,109.2
7.2,81.6,96.0
7.2,81.6,97.2
7.2,81.6,98.4
7.2,81.6,99.6
7.2,81.6,100.8
7.2,81.6,102.0
7.2,81.6,103.2
7.2,81.6,104.4
7.2,81.6,105.6
7.2,81.6,106.8
7.2,81.6,108.0
7.2,81.6,109.2
7.2,82.8,96.0
7.2,82.8,97.2
7.2,82.8,98.4
7.2,82.8,99.6
7.2,82.8,100.8
7.2,82.8,102.0
7.2,82.8,103.2
7.2,82.8,104.4
7.2,82.8,105.6
7.2,82.8,106.8
7.2,82.8,108.0
7.2,82.8,109.2
7.2,84.0,96.0
7.2,84.0,97.2
7.2,84.0,98.4
7.2,84.0,99.6
7.2,84.0,100.8
7.2,84.0,102.0
7.2,84.0,103.2
7.2,84.0,104.4
7.2,84.0,105.6
7.2,84.0,106.8
7.2,84.0,108.0
7.2,84.0,109.2
7.2,85.2,96.0
7.2,85.2,97.2
7.2,85.2,98.4
7.2,85.2,99.6
7.2,85.2,100.8
7.2,85.2,102.0
7.2,85.2,103.2
7.2,85.2,104.4
7.2,85.2,105.6
7.2,85.2,106.8
7.2,85.2,108.0
7.2,85.2,109.2
7.2,86.4,96.0
7.2,86.4,97.2
7.2,86.4,98.4
7.2,86.4,99.6
7.2,86.4,100.8
7.2,86.4,102.0
7.2,86.4,103.2
7.2,86.4,104.4
7.2,86.4,105.6
7.2,86.4,106.8
7.2,86.4,108.0
7.2,86.4,109.2
7.2,87.6,96.0
7.2,87.6,97.2
7.2,87.6,98.4
7.2,87.6,99.6
7.2,87.6,100.8
7.2,87.6,102.0
7.2,87.6,103.2
7.2,87.6,104.4
7.2,87.6,105.6
7.2,87.6,106.8
7.2,87.6,108.0
7.2,87.6,109.2
7.2,88.8,96.0
7.2,88.8,97.2
7.2,88.8,98.4
7.2,88.8,99.6
7.2,88.8,100.8
7.2,88.8,102.0
7.2,88.8,103.2
7.2,88.8,104.4
7.2,88.8,105.6
7.2,88.8,106.8
7.2,88.8,108.0
7.2,88.8,109.2
7.2,90.0,96.0
7.2,90.0,97.2
7.2,90.0,98.4
7.2,90.0,99.6
7.2,90.0,100.8
7.2,90.0,102.0
7.2,90.0,103.2
7.2,90.0,104.4
7.2,90.0,105.6
7.2,90.0,106.8
7.2,90.0,108.0
7.2,90.0,109.2
8.4,56.4,50.4
8.4,56.4,51.6
8.4,56.4,52.8
8.4,56.4,54.0
8.4,56.4,55.2
8.4,56.4,56.4
8.4,56.4,57.6
8.4,56.4,58.8
8.4,56.4,60.0
8.4,56.4,61.2
8.4,56.4,62.4
8.4,56.4,63.6
8.4,56.4,64.8
8.4,56.4,66.0
8.4,56.4,67.2
8.4,56.4,68.4
8.4,56.4,69.6
8.4,56.4,70.8
8.4,56.4,72.0
8.4,56.4,73.2
8.4,56.4,74.4
8.4,56.4,75.6
8.4,56.4,76.8
8.4,56.4,78.0
8.4,56.4,79.2
8.4,56.4,80.4
8.4,56.4,81.6
8.4,56.4,82.8
8.4,56.4,84.0
8.4,56.4,85.2
8.4,56.4,86.4
8.4,57.6,51.6
8.4,57.6,52.8
8.4,57.6,54.0
8.4,57.6,55.2
8.4,57.6,56.4
8.4,57.6,57.6
8.4,57.6,58.8
8.4,57.6,60.0
8.4,57.6,61.2
8.4,57.6,62.4
8.4,57.6,63.6
8.4,57.6,64.8
8.4,57.6,66.0
8.4,57.6,67.2
8.4,57.6,68.4
8.4,57.6,69.6
8.4,57.6,70.8
8.4,57.6,72.0
8.4,57.6,73.2
8.4,57.6,74.4
8.4,57.6,75.6
8.4,57.6,76.8
8.4,57.6,78.0
8.4,57.6,79.2
8.4,57.6,80.4
8.4,57.6,81.6
8.4,57.6,82.8
8.4,57.6,84.0
8.4,57.6,85.2
8.4,57.6,86.4
8.4,57.6,87.6
8.4,58.8,52.8
8.4,58.8,54.0
8.4,58.8,55.2
8.4,58.8,56.4
8.4,58.8,57.6
8.4,58.8,58.8
8.4,58.8,60.0
8.4,58.8,61.2
8.4,58.8,62.4
8.4,58.8,63.6
8.4,58.8,64.8
8.4,58.8,66.0
8.4,58.8,67.2
8.4,58.8,68.4
8.4,58.8,69.6
8.4,58.8,70.8
8.4,58.8,72.0
8.4,58.8,73.2
8.4,58.8,74.4
8.4,58.8,75.6
8.4,58.8,76.8
8.4,58.8,78.0
8.4,58.8,79.2
8.4,58.8,80.4
8.4,58.8,81.6
8.4,58.8,82.8
8.4,58.8,84.0
8.4,58.8,85.2
8.4,58.8,86.4
8.4,58.8,87.6
8.4,58.8,88.8
8.4,60.0,54.0
8.4,60.0,55.2
8.4,60.0,56.4
8.4,60.0,57.6
8.4,60.0,58.8
8.4,60.0,60.0
8.4,60.0,61.2
8.4,60.0,62.4
8.4,60.0,63.6
8.4,60.0,64.8
8.4,60.0,66.0
8.4,60.0,67.2
8.4,60.0,68.4
8.4,60.0,69.6
8.4,60.0,70.8
8.4,60.0,72.0
8.4,60.0,73.2
8.4,60.0,74.4
8.4,60.0,75.6
8.4,60.0,76.8
8.4,60.0,78.0
8.4,60.0,79.2
8.4,60.0,80.4
8.4,60.0,81.6
8.4,60.0,82.8
8.4,60.0,84.0
8.4,60.0,85.2
8.4,60.0,86.4
8.4,60.0,87.6
8.4,60.0,88.8
8.4,60.0,90.0
8.4,61.2,55.2
8.4,61.2,56.4
8.4,61.2,57.6
8.4,61.2,58.8
8.4,61.2,60.0
8.4,61.2,61.2
8.4,61.2,62.4
8.4,61.2,63.6
8.4,61.2,64.8
8.4,61.2,66.0
8.4,61.2,67.2
8.4,61.2,68.4
8.4,61.2,69.6
8.4,61.2,70.8
8.4,61.2,72.0
8.4,61.2,73.2
8.4,61.2,74.4
8.4,61.2,75.6
8.4,61.2,76.8
8.4,61.2,78.0
8.4,61.2,79.2
8.4,61.2,80.4
8.4,61.2,81.6
8.4,61.2,82.8
8.4,61.2,84.0
8.4,61.2,85.2
8.4,61.2,86.4
8.4,61.2,87.6
8.4,61.2,88.8
8.4,61.2,90.0
8.4,61.2,91.2
8.4,62.4,56.4
8.4,62.4,57.6
8.4,62.4,58.8
8.4,62.4,60.0
8.4,62.4,61.2
8.4,62.4,62.4
8.4,62.4,63.6
8.4,62.4,64.8
8.4,62.4,66.0
8.4,62.4,67.2
8.4,62.4,68.4
8.4,62.4,69.6
8.4,62.4,70.8
8.4,62.4,72.0
8.4,62.4,73.2
8.4,62.4,74.4
8.4,62.4,75.6
8.4,62.4,76.8
8.4,62.4,78.0
8.4,62.4,79.2
8.4,62.4,80.4
8.4,62.4,81.6
8.4,62.4,82.8
8.4,62.4,84.0
8.4,62.4,85.2
8.4,62.4,86.4
8.4,62.4,87.6
8.4,62.4,88.8
8.4,62.4,90.0
8.4,62.4,91.2
8.4,62.4,92.4
8.4,63.6,57.6
8.4,63.6,58.8
8.4,63.6,60.0
8.4,63.6,61.2
8.4,63.6,62.4
8.4,63.6,63.6
8.4,63.6,64.8
8.4,63.6,66.0
8.4,63.6,67.2
8.4,63.6,68.4
8.4,63.6,69.6
8.4,63.6,70.8
8.4,63.6,72.0
8.4,63.6,73.2
8.4,63.6,74.4
8.4,63.6,75.6
8.4,63.6,76.8
8.4,63.6,78.0
8.4,63.6,79.2
8.4,63.6,80.4
8.4,63.6,81.6
8.4,63.6,82.8
8.4,63.6,84.0
8.4,63.6,85.2
8.4,63.6,86.4
8.4,63.6,87.6
8.4,63.6,88.8
8.4,63.6,90.0
8.4,63.6,91.2
8.4,63.6,92.4
8.4,63.6,93.6
8.4,64.8,58.8
8.4,64.8,60.0
8.4,64.8,61.2
8.4,64.8,62.4
8.4,64.8,63.6
8.4,64.8,64.8
8.4,64.8,66.0
8.4,64.8,67.2
8.4,64.8,68.4
8.4,64.8,69.6
8.4,64.8,70.8
8.4,64.8,72.0
8.4,64.8,73.2
8.4,64.8,74.4
8.4,64.8,75.6
8.4,64.8,76.8
8.4,64.8,78.0
8.4,64.8,79.2
8.4,64.8,80.4
8.4,64.8,81.6
8.4,64.8,82.8
8.4,64.8,84.0
8.4,64.8,85.2
8.4,64.8,86.4
8.4,64.8,87.6
8.4,64.8,88.8
8.4,64.8,90.0
8.4,64.8,91.2
8.4,64.8,92.4
8.4,64.8,93.6
8.4,64.8,94.8
8.4,66.0,60.0
8.4,66.0,61.2
8.4,66.0,62.4
8.4,66.0,63.6
8.4,66.0,64.8
8.4,66.0,66.0
8.4,66.0,67.2
8.4,66.0,68.4
8.4,66.0,69.6
8.4,66.0,70.8
8.4,66.0,72.0
8.4,66.0,73.2
8.4,66.0,74.4
8.4,66.0,75.6
8.4,66.0,76.8
8.4,66.0,78.0
8.4,66.0,79.2
8.4,66.0,80.4
8.4,66.0,81.6
8.4,66.0,82.8
8.4,66.0,84.0
8.4,66.0,85.2
8.4,66.0,86.4
8.4,66.0,87.6
8.4,66.0,88.8
8.4,66.0,90.0
8.4,66.0,91.2
8.4,66.0,92.4
8.4,66.0,93.6
8.4,66.0,94.8
8.4,66.0,96.0
8.4,67.2,61.2
8.4,67.2,62.4
8.4,67.2,63.6
8.4,67.2,64.8
8.4,67.2,66.0
8.4,67.2,67.2
8.4,67.2,68.4
8.4,67.2,69.6
8.4,67.2,70.8
8.4,67.2,72.0
8.4,67.2,73.2
8.4,67.2,74.4
8.4,67.2,75.6
8.4,67.2,76.8
8.4,67.2,78.0
8.4,67.2,79.2
8.4,67.2,80.4
8.4,67.2,81.6
8.4,67.2,82.8
8.4,67.2,84.0
8.4,67.2,85.2
8.4,67.2,86.4
8.4,67.2,87.6
8.4,67.2,88.8
8.4,67.2,90.0
8.4,67.2,91.2
8.4,67.2,92.4
8.4,67.2,93.6
8.4,67.2,94.8
8.4,67.2,96.0
8.4,67.2,97.2
8.4,68.4,62.4
8.4,68.4,63.6
8.4,68.4,64.8
8.4,68.4,66.0
8.4,68.4,67.2
8.4,68.4,68.4
8.4,68.4,69.6
8.4,68.4,70.8
8.4,68.4,72.0
8.4,68.4,73.2
8.4,68.4,74.4
8.4,68.4,75.6
8.4,68.4,76.8
8.4,68.4,78.0
8.4,68.4,79.2
8.4,68.4,80.4
8.4,68.4,81.6
8.4,68.4,82.8
8.4,68.4,84.0
8.4,68.4,85.2
8.4,68.4,86.4
8.4,68.4,87.6
8.4,68.4,88.8
8.4,68.4,90.0
8.4,68.4,91.2
8.4,68.4,92.4
8.4,68.4,93.6
8.4,68.4,94.8
8.4,68.4,96.0
8.4,68.4,97.2
8.4,68.4,98.4
8.4,69.6,85.2
8.4,69.6,86.4
8.4,69.6,87.6
8.4,69.6,88.8
8.4,69.6,90.0
8.4,69.6,91.2
8.4,69.6,92.4
8.4,69.6,93.6
8.4,69.6,94.8
8.4,69.6,96.0
8.4,69.6,97.2
8.4,69.6,98.4
8.4,69.6,99.6
8.4,70.8,86.4
8.4,70.8,87.6
8.4,70.8,88.8
8.4,70.8,90.0
8.4,70.8,91.2
8.4,70.8,92.4
8.4,70.8,93.6
8.4,70.8,94.8
8.4,70.8,96.0
8.4,70.8,97.2
8.4,70.8,98.4
8.4,70.8,99.6
8.4,70.8,100.8
8.4,72.0,87.6
8.4,72.0,88.8
8.4,72.0,90.0
8.4,72.0,91.2
8.4,72.0,92.4
8.4,72.0,93.6
8.4,72.0,94.8
8.4,72.0,96.0
8.4,72.0,97.2
8.4,72.0,98.4
8.4,72.0,99.6
8.4,72.0,100.8
8.4,72.0,102.0
8.4,73.2,88.8
8.4,73.2,90.0
8.4,73.2,91.2
8.4,73.2,92.4
8.4,73.2,93.6
8.4,73.2,94.8
8.4,73.2,96.0
8.4,73.2,97.2
8.4,73.2,98.4
8.4,73.2,99.6
8.4,73.2,100.8
8.4,73.2,102.0
8.4,73.2,103.2
8.4,74.4,90.0
8.4,74.4,91.2
8.4,74.4,92.4
8.4,74.4,93.6
8.4,74.4,94.8
8.4,74.4,96.0
8.4,74.4,97.2
8.4,74.4,98.4
8.4,74.4,99.6
8.4,74.4,100.8
8.4,74.4,102.0
8.4,74.4,103.2
8.4,74.4,104.4
8.4,75.6,91.2
8.4,75.6,92.4
8.4,75.6,93.6
8.4,75.6,94.8
8.4,75.6,96.0
8.4,75.6,97.2
8.4,75.6,98.4
8.4,75.6,99.6
8.4,75.6,100.8
8.4,75.6,102.0
8.4,75.6,103.2
8.4,75.6,104.4
8.4,75.6,105.6
8.4,76.8,92.4
8.4,76.8,93.6
8.4,76.8,94.8
8.4,76.8,96.0
8.4,76.8,97.2
8.4,76.8,98.4
8.4,76.8,99.6
8.4,76.8,100.8
8.4,76.8,102.0
8.4,76.8,103.2
8.4,76.8,104.4
8.4,76.8,105.6
8.4,76.8,106.8
8.4,78.0,93.6
8.4,78.0,94.8
8.4,78.0,96.0
8.4,78.0,97.2
8.4,78.0,98.4
8.4,78.0,99.6
8.4,78.0,100.8
8.4,78.0,102.0
8.4,78.0,103.2
8.4,78.0,104.4
8.4,78.0,105.6
8.4,78.0,106.8
8.4,78.0,108.0
8.4,79.2,94.8
8.4,79.2,96.0
8.4,79.2,97.2
8.4,79.2,98.4
8.4,79.2,99.6
8.4,79.2,100.8
8.4,79.2,102.0
8.4,79.2,103.2
8.4,79.2,104.4
8.4,79.2,105.6
8.4,79.2,106.8
8.4,79.2,108.0
8.4,79.2,109.2
8.4,80.4,96.0
8.4,80.4,97.2
8.4,80.4,98.4
8.4,80.4,99.6
8.4,80.4,100.8
8.4,80.4,102.0
8.4,80.4,103.2
8.4,80.4,104.4
8.4,80.4,105.6
8.4,80.4,106.8
8.4,80.4,108.0
8.4,80.4,109.2
8.4,80.4,110.4
8.4,81.6,96.0
8.4,81.6,97.2
8.4,81.6,98.4
8.4,81.6,99.6
8.4,81.6,100.8
8.4,81.6,102.0
8.4,81.6,103.2
8.4,81.6,104.4
8.4,81.6,105.6
8.4,81.6,106.8
8.4,81.6,108.0
8.4,81.6,109.2
8.4,81.6,110.4
8.4,82.8,96.0
8.4,82.8,97.2
8.4,82.8,98.4
8.4,82.8,99.6
8.4,82.8,100.8
8.4,82.8,102.0
8.4,82.8,103.2
8.4,82.8,104.4
8.4,82.8,105.6
8.4,82.8,106.8
8.4,82.8,108.0
8.4,82.8,109.2
8.4,82.8,110.4
8.4,84.0,96.0
8.4,84.0,97.2
8.4,84.0,98.4
8.4,84.0,99.6
8.4,84.0,100.8
8.4,84.0,102.0
8.4,84.0,103.2
8.4,84.0,104.4
8.4,84.0,105.6
8.4,84.0,106.8
8.4,84.0,108.0
8.4,84.0,109.2
8.4,84.0,110.4
8.4,85.2,96.0
8.4,85.2,97.2
8.4,85.2,98.4
8.4,85.2,99.6
8.4,85.2,100.8
8.4,85.2,102.0
8.4,85.2,103.2
8.4,85.2,104.4
8.4,85.2,105.6
8.4,85.2,106.8
8.4,85.2,108.0
8.4,85.2,109.2
8.4,85.2,110.4
8.4,86.4,96.0
8.4,86.4,97.2
8.4,86.4,98.4
8.4,86.4,99.6
8.4,86.4,100.8
8.4,86.4,102.0
8.4,86.4,103.2
8.4,86.4,104.4
8.4,86.4,105.6
8.4,86.4,106.8
8.4,86.4,108.0
8.4,86.4,109.2
8.4,86.4,110.4
8.4,87.6,96.0
8.4,87.6,97.2
8.4,87.6,98.4
8.4,87.6,99.6
8.4,87.6,100.8
8.4,87.6,102.0
8.4,87.6,103.2
8.4,87.6,104.4
8.4,87.6,105.6
8.4,87.6,106.8
8.4,87.6,108.0
8.4,87.6,109.2
8.4,87.6,110.4
8.4,88.8,96.0
8.4,88.8,97.2
8.4,88.8,98.4
8.4,88.8,99.6
8.4,88.8,100.8
8.4,88.8,102.0
8.4,88.8,103.2
8.4,88.8,104.4
8.4,88.8,105.6
8.4,88.8,106.8
8.4,88.8,108.0
8.4,88.8,109.2
8.4,88.8,110.4
8.4,90.0,96.0
8.4,90.0,97.2
8.4,90.0,98.4
8.4,90.0,99.6
8.4,90.0,100.8
8.4,90.0,102.0
8.4,90.0,103.2
8.4,90.0,104.4
8.4,90.0,105.6
8.4,90.0,106.8
8.4,90.0,108.0
8.4,90.0,109.2
8.4,90.0,110.4
9.6,57.6,51.6
9.6,57.6,52.8
9.6,57.6,54.0
9.6,57.6,55.2
9.6,57.6,56.4
9.6,57.6,57.6
9.6,57.6,58.8
9.6,57.6,60.0
9.6,57.6,61.2
9.6,57.6,62.4
9.6,57.6,63.6
9.6,57.6,64.8
9.6,57.6,66.0
9.6,57.6,67.2
9.6,57.6,68.4
9.6,57.6,69.6
9.6,57.6,70.8
9.6,57.6,72.0
9.6,57.6,73.2
9.6,57.6,74.4
9.6,57.6,75.6
9.6,57.6,76.8
9.6,57.6,78.0
9.6,57.6,79.2
9.6,57.6,80.4
9.6,57.6,81.6
9.6,57.6,82.8
9.6,57.6,84.0
9.6,57.6,85.2
9.6,57.6,86.4
9.6,57.6,87.6
9.6,58.8,52.8
9.6,58.8,54.0
9.6,58.8,55.2
9.6,58.8,56.4
9.6,58.8,57.6
9.6,58.8,58.8
9.6,58.8,60.0
9.6,58.8,61.2
9.6,58.8,62.4
9.6,58.8,63.6
9.6,58.8,64.8
9.6,58.8,66.0
9.6,58.8,67.2
9.6,58.8,68.4
9.6,58.8,69.6
9.6,58.8,70.8
9.6,58.8,72.0
9.6,58.8,73.2
9.6,58.8,74.4
9.6,58.8,75.6
9.6,58.8,76.8
9.6,58.8,78.0
9.6,58.8,79.2
9.6,58.8,80.4
9.6,58.8,81.6
9.6,58.8,82.8
9.6,58.8,84.0
9.6,58.8,85.2
9.6,58.8,86.4
9.6,58.8,87.6
9.6,58.8,88.8
9.6,60.0,54.0
9.6,60.0,55.2
9.6,60.0,56.4
9.6,60.0,57.6
9.6,60.0,58.8
9.6,60.0,60.0
9.6,60.0,61.2
9.6,60.0,62.4
9.6,60.0,63.6
9.6,60.0,64.8
9.6,60.0,66.0
9.6,60.0,67.2
9.6,60.0,68.4
9.6,60.0,69.6
9.6,60.0,70.8
9.6,60.0,72.0
9.6,60.0,73.2
9.6,60.0,74.4
9.6,60.0,75.6
9.6,60.0,76.8
9.6,60.0,78.0
9.6,60.0,79.2
9.6,60.0,80.4
9.6,60.0,81.6
9.6,60.0,82.8
9.6,60.0,84.0
9.6,60.0,85.2
9.6,60.0,86.4
9.6,60.0,87.6
9.6,60.0,88.8
9.6,60.0,90.0
9.6,61.2,55.2
9.6,61.2,56.4
9.6,61.2,57.6
9.6,61.2,58.8
9.6,61.2,60.0
9.6,61.2,61.2
9.6,61.2,62.4
9.6,61.2,63.6
9.6,61.2,64.8
9.6,61.2,66.0
9.6,61.2,67.2
9.6,61.2,68.4
9.6,61.2,69.6
9.6,61.2,70.8
9.6,61.2,72.0
9.6,61.2,73.2
9.6,61.2,74.4
9.6,61.2,75.6
9.6,61.2,76.8
9.6,61.2,78.0
9.6,61.2,79.2
9.6,61.2,80.4
9.6,61.2,81.6
9.6,61.2,82.8
9.6,61.2,84.0
9.6,61.2,85.2
9.6,61.2,86.4
9.6,61.2,87.6
9.6,61.2,88.8
9.6,61.2,90.0
9.6,61.2,91.2
9.6,62.4,56.4
9.6,62.4,57.6
9.6,62.4,58.8
9.6,62.4,60.0
9.6,62.4,61.2
9.6,62.4,62.4
9.6,62.4,63.6
9.6,62.4,64.8
9.6,62.4,66.0
9.6,62.4,67.2
9.6,62.4,68.4
9.6,62.4,69.6
9.6,62.4,70.8
9.6,62.4,72.0
9.6,62.4,73.2
9.6,62.4,74.4
9.6,62.4,75.6
9.6,62.4,76.8
9.6,62.4,78.0
9.6,62.4,79.2
9.6,62.4,80.4
9.6,62.4,81.6
9.6,62.4,82.8
9.6,62.4,84.0
9.6,62.4,85.2
9.6,62.4,86.4
9.6,62.4,87.6
9.6,62.4,88.8
9.6,62.4,90.0
9.6,62.4,91.2
9.6,62.4,92.4
9.6,63.6,57.6
9.6,63.6,58.8
9.6,63.6,60.0
9.6,63.6,61.2
9.6,63.6,62.4
9.6,63.6,63.6
9.6,63.6,64.8
9.6,63.6,66.0
9.6,63.6,67.2
9.6,63.6,68.4
9.6,63.6,69.6
9.6,63.6,70.8
9.6,63.6,72.0
9.6,63.6,73.2
9.6,63.6,74.4
9.6,63.6,75.6
9.6,63.6,76.8
9.6,63.6,78.0
9.6,63.6,79.2
9.6,63.6,80.4
9.6,63.6,81.6
9.6,63.6,82.8
9.6,63.6,84.0
9.6,63.6,85.2
9.6,63.6,86.4
9.6,63.6,87.6
9.6,63.6,88.8
9.6,63.6,90.0
9.6,63.6,91.2
9.6,63.6,92.4
9.6,63.6,93.6
9.6,64.8,58.8
9.6,64.8,60.0
9.6,64.8,61.2
9.6,64.8,62.4
9.6,64.8,63.6
9.6,64.8,64.8
9.6,64.8,66.0
9.6,64.8,67.2
9.6,64.8,68.4
9.6,64.8,69.6
9.6,64.8,70.8
9.6,64.8,72.0
9.6,64.8,73.2
9.6,64.8,74.4
9.6,64.8,75.6
9.6,64.8,76.8
9.6,64.8,78.0
9.6,64.8,79.2
9.6,64.8,80.4
9.6,64.8,81.6
9.6,64.8,82.8
9.6,64.8,84.0
9.6,64.8,85.2
9.6,64.8,86.4
9.6,64.8,87.6
9.6,64.8,88.8
9.6,64.8,90.0
9.6,64.8,91.2
9.6,64.8,92.4
9.6,64.8,93.6
9.6,64.8,94.8
9.6,66.0,60.0
9.6,66.0,61.2
9.6,66.0,62.4
9.6,66.0,63.6
9.6,66.0,64.8
9.6,66.0,66.0
9.6,66.0,67.2
9.6,66.0,68.4
9.6,66.0,69.6
9.6,66.0,70.8
9.6,66.0,72.0
9.6,66.0,73.2
9.6,66.0,74.4
9.6,66.0,75.6
9.6,66.0,76.8
9.6,66.0,78.0
9.6,66.0,79.2
9.6,66.0,80.4
9.6,66.0,81.6
9.6,66.0,82.8
9.6,66.0,84.0
9.6,66.0,85.2
9.6,66.0,86.4
9.6,66.0,87.6
9.6,66.0,88.8
9.6,66.0,90.0
9.6,66.0,91.2
9.6,66.0,92.4
9.6,66.0,93.6
9.6,66.0,94.8
9.6,66.0,96.0
9.6,67.2,61.2
9.6,67.2,62.4
9.6,67.2,63.6
9.6,67.2,64.8
9.6,67.2,66.0
9.6,67.2,67.2
9.6,67.2,68.4
9.6,67.2,69.6
9.6,67.2,70.8
9.6,67.2,72.0
9.6,67.2,73.2
9.6,67.2,74.4
9.6,67.2,75.6
9.6,67.2,76.8
9.6,67.2,78.0
9.6,67.2,79.2
9.6,67.2,80.4
9.6,67.2,81.6
9.6,67.2,82.8
9.6,67.2,84.0
9.6,67.2,85.2
9.6,67.2,86.4
9.6,67.2,87.6
9.6,67.2,88.8
9.6,67.2,90.0
9.6,67.2,91.2
9.6,67.2,92.4
9.6,67.2,93.6
9.6,67.2,94.8
9.6,67.2,96.0
9.6,67.2,97.2
9.6,68.4,62.4
9.6,68.4,63.6
9.6,68.4,64.8
9.6,68.4,66.0
9.6,68.4,67.2
9.6,68.4,68.4
9.6,68.4,69.6
9.6,68.4,70.8
9.6,68.4,72.0
9.6,68.4,73.2
9.6,68.4,74.4
9.6,68.4,75.6
9.6,68.4,76.8
9.6,68.4,78.0
9.6,68.4,79.2
9.6,68.4,80.4
9.6,68.4,81.6
9.6,68.4,82.8
9.6,68.4,84.0
9.6,68.4,85.2
9.6,68.4,86.4
9.6,68.4,87.6
9.6,68.4,88.8
9.6,68.4,90.0
9.6,68.4,91.2
9.6,68.4,92.4
9.6,68.4,93.6
9.6,68.4,94.8
9.6,68.4,96.0
9.6,68.4,97.2
9.6,68.4,98.4
9.6,69.6,63.6
9.6,69.6,64.8
9.6,69.6,66.0
9.6,69.6,67.2
9.6,69.6,68.4
9.6,69.6,69.6
9.6,69.6,70.8
9.6,69.6,72.0
9.6,69.6,73.2
9.6,69.6,74.4
9.6,69.6,75.6
9.6,69.6,76.8
9.6,69.6,78.0
9.6,69.6,79.2
9.6,69.6,80.4
9.6,69.6,81.6
9.6,69.6,82.8
9.6,69.6,84.0
9.6,69.6,85.2
9.6,69.6,86.4
9.6,69.6,87.6
9.6,69.6,88.8
9.6,69.6,90.0
9.6,69.6,91.2
9.6,69.6,92.4
9.6,69.6,93.6
9.6,69.6,94.8
9.6,69.6,96.0
9.6,69.6,97.2
9.6,69.6,98.4
9.6,69.6,99.6
9.6,70.8,85.2
9.6,70.8,86.4
9.6,70.8,87.6
9.6,70.8,88.8
9.6,70.8,90.0
9.6,70.8,91.2
9.6,70.8,92.4
9.6,70.8,93.6
9.6,70.8,94.8
9.6,70.8,96.0
9.6,70.8,97.2
9.6,70.8,98.4
9.6,70.8,99.6
9.6,70.8,100.8
9.6,72.0,86.4
9.6,72.0,87.6
9.6,72.0,88.8
9.6,72.0,90.0
9.6,72.0,91.2
9.6,72.0,92.4
9.6,72.0,93.6
9.6,72.0,94.8
9.6,72.0,96.0
9.6,72.0,97.2
9.6,72.0,98.4
9.6,72.0,99.6
9.6,72.0,100.8
9.6,72.0,102.0
9.6,73.2,87.6
9.6,73.2,88.8
9.6,73.2,90.0
9.6,73.2,91.2
9.6,73.2,92.4
9.6,73.2,93.6
9.6,73.2,94.8
9.6,73.2,96.0
9.6,73.2,97.2
9.6,73.2,98.4
9.6,73.2,99.6
9.6,73.2,100.8
9.6,73.2,102.0
9.6,73.2,103.2
9.6,74.4,88.8
9.6,74.4,90.0
9.6,74.4,91.2
9.6,74.4,92.4
9.6,74.4,93.6
9.6,74.4,94.8
9.6,74.4,96.0
9.6,74.4,97.2
9.6,74.4,98.4
9.6,74.4,99.6
9.6,74.4,100.8
9.6,74.4,102.0
9.6,74.4,103.2
9.6,74.4,104.4
9.6,75.6,90.0
9.6,75.6,91.2
9.6,75.6,92.4
9.6,75.6,93.6
9.6,75.6,94.8
9.6,75.6,96.0
9.6,75.6,97.2
9.6,75.6,98.4
9.6,75.6,99.6
9.6,75.6,100.8
9.6,75.6,102.0
9.6,75.6,103.2
9.6,75.6,104.4
9.6,75.6,105.6
9.6,76.8,91.2
9.6,76.8,92.4
9.6,76.8,93.6
9.6,76.8,94.8
9.6,76.8,96.0
9.6,76.8,97.2
9.6,76.8,98.4
9.6,76.8,99.6
9.6,76.8,100.8
9.6,76.8,102.0
9.6,76.8,103.2
9.6,76.8,104.4
9.6,76.8,105.6
9.6,76.8,106.8
9.6,78.0,92.4
9.6,78.0,93.6
9.6,78.0,94.8
9.6,78.0,96.0
9.6,78.0,97.2
9.6,78.0,98.4
9.6,78.0,99.6
9.6,78.0,100.8
9.6,78.0,102.0
9.6,78.0,103.2
9.6,78.0,104.4
9.6,78.0,105.6
9.6,78.0,106.8
9.6,78.0,108.0
9.6,79.2,93.6
9.6,79.2,94.8
9.6,79.2,96.0
9.6,79.2,97.2
9.6,79.2,98.4
9.6,79.2,99.6
9.6,79.2,100.8
9.6,79.2,102.0
9.6,79.2,103.2
9.6,79.2,104.4
9.6,79.2,105.6
9.6,79.2,106.8
9.6,79.2,108.0
9.6,79.2,109.2
9.6,80.4,94.8
9.6,80.4,96.0
9.6,80.4,97.2
9.6,80.4,98.4
9.6,80.4,99.6
9.6,80.4,100.8
9.6,80.4,102.0
9.6,80.4,103.2
9.6,80.4,104.4
9.6,80.4,105.6
9.6,80.4,106.8
9.6,80.4,108.0
9.6,80.4,109.2
9.6,80.4,110.4
9.6,81.6,96.0
9.6,81.6,97.2
9.6,81.6,98.4
9.6,81.6,99.6
9.6,81.6,100.8
9.6,81.6,102.0
9.6,81.6,103.2
9.6,81.6,104.4
9.6,81.6,105.6
9.6,81.6,106.8
9.6,81.6,108.0
9.6,81.6,109.2
9.6,81.6,110.4
9.6,81.6,111.6
9.6,82.8,96.0
9.6,82.8,97.2
9.6,82.8,98.4
9.6,82.8,99.6
9.6,82.8,100.8
9.6,82.8,102.0
9.6,82.8,103.2
9.6,82.8,104.4
9.6,82.8,105.6
9.6,82.8,106.8
9.6,82.8,108.0
9.6,82.8,109.2
9.6,82.8,110.4
9.6,82.8,111.6
9.6,84.0,96.0
9.6,84.0,97.2
9.6,84.0,98.4
9.6,84.0,99.6
9.6,84.0,100.8
9.6,84.0,102.0
9.6,84.0,103.2
9.6,84.0,104.4
9.6,84.0,105.6
9.6,84.0,106.8
9.6,84.0,108.0
9.6,84.0,109.2
9.6,84.0,110.4
9.6,84.0,111.6
9.6,85.2,96.0
9.6,85.2,97.2
9.6,85.2,98.4
9.6,85.2,99.6
9.6,85.2,100.8
9.6,85.2,102.0
9.6,85.2,103.2
9.6,85.2,104.4
9.6,85.2,105.6
9.6,85.2,106.8
9.6,85.2,108.0
9.6,85.2,109.2
9.6,85.2,110.4
9.6,85.2,111.6
9.6,86.4,96.0
9.6,86.4,97.2
9.6,86.4,98.4
9.6,86.4,99.6
9.6,86.4,100.8
9.6,86.4,102.0
9.6,86.4,103.2
9.6,86.4,104.4
9.6,86.4,105.6
9.6,86.4,106.8
9.6,86.4,108.0
9.6,86.4,109.2
9.6,86.4,110.4
9.6,86.4,111.6
9.6,87.6,96.0
9.6,87.6,97.2
9.6,87.6,98.4
9.6,87.6,99.6
9.6,87.6,100.8
9.6,87.6,102.0
9.6,87.6,103.2
9.6,87.6,104.4
9.6,87.6,105.6
9.6,87.6,106.8
9.6,87.6,108.0
9.6,87.6,109.2
9.6,87.6,110.4
9.6,87.6,111.6
9.6,88.8,96.0
9.6,88.8,97.2
9.6,88.8,98.4
9.6,88.8,99.6
9.6,88.8,100.8
9.6,88.8,102.0
9.6,88.8,103.2
9.6,88.8,104.4
9.6,88.8,105.6
9.6,88.8,106.8
9.6,88.8,108.0
9.6,88.8,109.2
9.6,88.8,110.4
9.6,88.8,111.6
9.6,90.0,96.0
9.6,90.0,97.2
9.6,90.0,98.4
9.6,90.0,99.6
9.6,90.0,100.8
9.6,90.0,102.0
9.6,90.0,103.2
9.6,90.0,104.4
9.6,90.0,105.6
9.6,90.0,106.8
9.6,90.0,108.0
9.6,90.0,109.2
9.6,90.0,110.4
9.6,90.0,111.6
10.8,58.8,52.8
10.8,58.8,54.0
10.8,58.8,55.2
10.8,58.8,56.4
10.8,58.8,57.6
10.8,58.8,58.8
10.8,58.8,60.0
10.8,58.8,61.2
10.8,58.8,62.4
10.8,58.8,63.6
10.8,58.8,64.8
10.8,58.8,66.0
10.8,58.8,67.2
10.8,58.8,68.4
10.8,58.8,69.6
10.8,58.8,70.8
10.8,58.8,72.0
10.8,58.8,73.2
10.8,58.8,74.4
10.8,58.8,75.6
10.8,58.8,76.8
10.8,58.8,78.0
10.8,58.8,79.2
10.8,58.8,80.4
10.8,58.8,81.6
10.8,58.8,82.8
10.8,58.8,84.0
10.8,58.8,85.2
10.8,58.8,86.4
10.8,58.8,87.6
10.8,58.8,88.8
10.8,60.0,54.0
10.8,60.0,55.2
10.8,60.0,56.4
10.8,60.0,57.6
10.8,60.0,58.8
10.8,60.0,60.0
10.8,60.0,61.2
10.8,60.0,62.4
10.8,60.0,63.6
10.8,60.0,64.8
10.8,60.0,66.0
10.8,60.0,67.2
10.8,60.0,68.4
10.8,60.0,69.6
10.8,60.0,70.8
10.8,60.0,72.0
10.8,60.0,73.2
10.8,60.0,74.4
10.8,60.0,75.6
10.8,60.0,76.8
10.8,60.0,78.0
10.8,60.0,79.2
10.8,60.0,80.4
10.8,60.0,81.6
10.8,60.0,82.8
10.8,60.0,84.0
10.8,60.0,85.2
10.8,60.0,86.4
10.8,60.0,87.6
10.8,60.0,88.8
10.8,60.0,90.0
10.8,61.2,55.2
10.8,61.2,56.4
10.8,61.2,57.6
10.8,61.2,58.8
10.8,61.2,60.0
10.8,61.2,61.2
10.8,61.2,62.4
10.8,61.2,63.6
10.8,61.2,64.8
10.8,61.2,66.0
10.8,61.2,67.2
10.8,61.2,68.4
10.8,61.2,69.6
10.8,61.2,70.8
10.8,61.2,72.0
10.8,61.2,73.2
10.8,61.2,74.4
10.8,61.2,75.6
10.8,61.2,76.8
10.8,61.2,78.0
10.8,61.2,79.2
10.8,61.2,80.4
10.8,61.2,81.6
10.8,61.2,82.8
10.8,61.2,84.0
10.8,61.2,85.2
10.8,61.2,86.4
10.8,61.2,87.6
10.8,61.2,88.8
10.8,61.2,90.0
10.8,61.2,91.2
10.8,62.4,56.4
10.8,62.4,57.6
10.8,62.4,58.8
10.8,62.4,60.0
10.8,62.4,61.2
10.8,62.4,62.4
10.8,62.4,63.6
10.8,62.4,64.8
10.8,62.4,66.0
10.8,62.4,67.2
10.8,62.4,68.4
10.8,62.4,69.6
10.8,62.4,70.8
10.8,62.4,72.0
10.8,62.4,73.2
10.8,62.4,74.4
10.8,62.4,75.6
10.8,62.4,76.8
10.8,62.4,78.0
10.8,62.4,79.2
10.8,62.4,80.4
10.8,62.4,81.6
10.8,62.4,82.8
10.8,62.4,84.0
10.8,62.4,85.2
10.8,62.4,86.4
10.8,62.4,87.6
10.8,62.4,88.8
10.8,62.4,90.0
10.8,62.4,91.2
10.8,62.4,92.4
10.8,63.6,57.6
10.8,63.6,58.8
10.8,63.6,60.0
10.8,63.6,61.2
10.8,63.6,62.4
10.8,63.6,63.6
10.8,63.6,64.8
10.8,63.6,66.0
10.8,63.6,67.2
10.8,63.6,68.4
10.8,63.6,69.6
10.8,63.6,70.8
10.8,63.6,72.0
10.8,63.6,73.2
10.8,63.6,74.4
10.8,63.6,75.6
10.8,63.6,76.8
10.8,63.6,78.0
10.8,63.6,79.2
10.8,63.6,80.4
10.8,63.6,81.6
10.8,63.6,82.8
10.8,63.6,84.0
10.8,63.6,85.2
10.8,63.6,86.4
10.8,63.6,87.6
10.8,63.6,88.8
10.8,63.6,90.0
10.8,63.6,91.2
10.8,63.6,92.4
10.8,63.6,93.6
10.8,64.8,58.8
10.8,64.8,60.0
10.8,64.8,61.2
10.8,64.8,62.4
10.8,64.8,63.6
10.8,64.8,64.8
10.8,64.8,66.0
10.8,64.8,67.2
10.8,64.8,68.4
10.8,64.8,69.6
10.8,64.8,70.8
10.8,64.8,72.0
10.8,64.8,73.2
10.8,64.8,74.4
10.8,64.8,75.6
10.8,64.8,76.8
10.8,64.8,78.0
10.8,64.8,79.2
10.8,64.8,80.4
10.8,64.8,81.6
10.8,64.8,82.8
10.8,64.8,84.0
10.8,64.8,85.2
10.8,64.8,86.4
10.8,64.8,87.6
10.8,64.8,88.8
10.8,64.8,90.0
10.8,64.8,91.2
10.8,64.8,92.4
10.8,64.8,93.6
10.8,64.8,94.8
10.8,66.0,60.0
10.8,66.0,61.2
10.8,66.0,62.4
10.8,66.0,63.6
10.8,66.0,64.8
10.8,66.0,66.0
10.8,66.0,67.2
10.8,66.0,68.4
10.8,66.0,69.6
10.8,66.0,70.8
10.8,66.0,72.0
10.8,66.0,73.2
10.8,66.0,74.4
10.8,66.0,75.6
10.8,66.0,76.8
10.8,66.0,78.0
10.8,66.0,79.2
10.8,66.0,80.4
10.8,66.0,81.6
10.8,66.0,82.8
10.8,66.0,84.0
10.8,66.0,85.2
10.8,66.0,86.4
10.8,66.0,87.6
10.8,66.0,88.8
10.8,66.0,90.0
10.8,66.0,91.2
10.8,66.0,92.4
10.8,66.0,93.6
10.8,66.0,94.8
10.8,66.0,96.0
10.8,67.2,61.2
10.8,67.2,62.4
10.8,67.2,63.6
10.8,67.2,64.8
10.8,67.2,66.0
10.8,67.2,67.2
10.8,67.2,68.4
10.8,67.2,69.6
10.8,67.2,70.8
10.8,67.2,72.0
10.8,67.2,73.2
10.8,67.2,74.4
10.8,67.2,75.6
10.8,67.2,76.8
10.8,67.2,78.0
10.8,67.2,79.2
10.8,67.2,80.4
10.8,67.2,81.6
10.8,67.2,82.8
10.8,67.2,84.0
10.8,67.2,85.2
10.8,67.2,86.4
10.8,67.2,87.6
10.8,67.2,88.8
10.8,67.2,90.0
10.8,67.2,91.2
10.8,67.2,92.4
10.8,67.2,93.6
10.8,67.2,94.8
10.8,67.2,96.0
10.8,67.2,97.2
10.8,68.4,62.4
10.8,68.4,63.6
10.8,68.4,64.8
10.8,68.4,66.0
10.8,68.4,67.2
10.8,68.4,68.4
10.8,68.4,69.6
10.8,68.4,70.8
10.8,68.4,72.0
10.8,68.4,73.2
10.8,68.4,74.4
10.8,68.4,75.6
10.8,68.4,76.8
10.8,68.4,78.0
10.8,68.4,79.2
10.8,68.4,80.4
10.8,68.4,81.6
10.8,68.4,82.8
10.8,68.4,84.0
10.8,68.4,85.2
10.8,68.4,86.4
10.8,68.4,87.6
10.8,68.4,88.8
10.8,68.4,90.0
10.8,68.4,91.2
10.8,68.4,92.4
10.8,68.4,93.6
10.8,68.4,94.8
10.8,68.4,96.0
10.8,68.4,97.2
10.8,68.4,98.4
10.8,69.6,63.6
10.8,69.6,64.8
10.8,69.6,66.0
10.8,69.6,67.2
10.8,69.6,68.4
10.8,69.6,69.6
10.8,69.6,70.8
10.8,69.6,72.0
10.8,69.6,73.2
10.8,69.6,74.4
10.8,69.6,75.6
10.8,69.6,76.8
10.8,69.6,78.0
10.8,69.6,79.2
10.8,69.6,80.4
10.8,69.6,81.6
10.8,69.6,82.8
10.8,69.6,84.0
10.8,69.6,85.2
10.8,69.6,86.4
10.8,69.6,87.6
10.8,69.6,88.8
10.8,69.6,90.0
10.8,69.6,91.2
10.8,69.6,92.4
10.8,69.6,93.6
10.8,69.6,94.8
10.8,69.6,96.0
10.8,69.6,97.2
10.8,69.6,98.4
10.8,69.6,99.6
10.8,70.8,64.8
10.8,70.8,66.0
10.8,70.8,67.2
10.8,70.8,68.4
10.8,70.8,69.6
10.8,70.8,70.8
10.8,70.8,72.0
10.8,70.8,73.2
10.8,70.8,74.4
10.8,70.8,75.6
10.8,70.8,76.8
10.8,70.8,78.0
10.8,70.8,79.2
10.8,70.8,80.4
10.8,70.8,81.6
10.8,70.8,82.8
10.8,70.8,84.0
10.8,70.8,85.2
10.8,70.8,86.4
10.8,70.8,87.6
10.8,70.8,88.8
10.8,70.8,90.0
10.8,70.8,91.2
10.8,70.8,92.4
10.8,70.8,93.6
10.8,70.8,94.8
10.8,70.8,96.0
10.8,70.8,97.2
10.8,70.8,98.4
10.8,70.8,99.6
10.8,70.8,100.8
10.8,72.0,85.2
10.8,72.0,86.4
10.8,72.0,87.6
10.8,72.0,88.8
10.8,72.0,90.0
10.8,72.0,91.2
10.8,72.0,92.4
10.8,72.0,93.6
10.8,72.0,94.8
10.8,72.0,96.0
10.8,72.0,97.2
10.8,72.0,98.4
10.8,72.0,99.6
10.8,72.0,100.8
10.8,72.0,102.0
10.8,73.2,86.4
10.8,73.2,87.6
10.8,73.2,88.8
10.8,73.2,90.0
10.8,73.2,91.2
10.8,73.2,92.4
10.8,73.2,93.6
10.8,73.2,94.8
10.8,73.2,96.0
10.8,73.2,97.2
10.8,73.2,98.4
10.8,73.2,99.6
10.8,73.2,100.8
10.8,73.2,102.0
10.8,73.2,103.2
10.8,74.4,87.6
10.8,74.4,88.8
10.8,74.4,90.0
10.8,74.4,91.2
10.8,74.4,92.4
10.8,74.4,93.6
10.8,74.4,94.8
10.8,74.4,96.0
10.8,74.4,97.2
10.8,74.4,98.4
10.8,74.4,99.6
10.8,74.4,100.8
10.8,74.4,102.0
10.8,74.4,103.2
10.8,74.4,104.4
10.8,75.6,88.8
10.8,75.6,90.0
10.8,75.6,91.2
10.8,75.6,92.4
10.8,75.6,93.6
10.8,75.6,94.8
10.8,75.6,96.0
10.8,75.6,97.2
10.8,75.6,98.4
10.8,75.6,99.6
10.8,75.6,100.8
10.8,75.6,102.0
10.8,75.6,103.2
10.8,75.6,104.4
10.8,75.6,105.6
10.8,76.8,90.0
10.8,76.8,91.2
10.8,76.8,92.4
10.8,76.8,93.6
10.8,76.8,94.8
10.8,76.8,96.0
10.8,76.8,97.2
10.8,76.8,98.4
10.8,76.8,99.6
10.8,76.8,100.8
10.8,76.8,102.0
10.8,76.8,103.2
10.8,76.8,104.4
10.8,76.8,105.6
10.8,76.8,106.8
10.8,78.0,91.2
10.8,78.0,92.4
10.8,78.0,93.6
10.8,78.0,94.8
10.8,78.0,96.0
10.8,78.0,97.2
10.8,78.0,98.4
10.8,78.0,99.6
10.8,78.0,100.8
10.8,78.0,102.0
10.8,78.0,103.2
10.8,78.0,104.4
10.8,78.0,105.6
10.8,78.0,106.8
10.8,78.0,108.0
10.8,79.2,92.4
10.8,79.2,93.6
10.8,79.2,94.8
10.8,79.2,96.0
10.8,79.2,97.2
10.8,79.2,98.4
10.8,79.2,99.6
10.8,79.2,100.8
10.8,79.2,102.0
10.8,79.2,103.2
10.8,79.2,104.4
10.8,79.2,105.6
10.8,79.2,106.8
10.8,79.2,108.0
10.8,79.2,109.2
10.8,80.4,93.6
10.8,80.4,94.8
10.8,80.4,96.0
10.8,80.4,97.2
10.8,80.4,98.4
10.8,80.4,99.6
10.8,80.4,100.8
10.8,80.4,102.0
10.8,80.4,103.2
10.8,80.4,104.4
10.8,80.4,105.6
10.8,80.4,106.8
10.8,80.4,108.0
10.8,80.4,109.2
10.8,80.4,110.4
10.8,81.6,94.8
10.8,81.6,96.0
10.8,81.6,97.2
10.8,81.6,98.4
10.8,81.6,99.6
10.8,81.6,100.8
10.8,81.6,102.0
10.8,81.6,103.2
10.8,81.6,104.4
10.8,81.6,105.6
10.8,81.6,106.8
10.8,81.6,108.0
10.8,81.6,109.2
10.8,81.6,110.4
10.8,81.6,111.6
10.8,82.8,96.0
10.8,82.8,97.2
10.8,82.8,98.4
10.8,82.8,99.6
10.8,82.8,100.8
10.8,82.8,102.0
10.8,82.8,103.2
10.8,82.8,104.4
10.8,82.8,105.6
10.8,82.8,106.8
10.8,82.8,108.0
10.8,82.8,109.2
10.8,82.8,110.4
10.8,82.8,111.6
10.8,82.8,112.8
10.8,84.0,96.0
10.8,84.0,97.2
10.8,84.0,98.4
10.8,84.0,99.6
10.8,84.0,100.8
10.8,84.0,102.0
10.8,84.0,103.2
10.8,84.0,104.4
10.8,84.0,105.6
10.8,84.0,106.8
10.8,84.0,108.0
10.8,84.0,109.2
10.8,84.0,110.4
10.8,84.0,111.6
10.8,84.0,112.8
10.8,85.2,96.0
10.8,85.2,97.2
10.8,85.2,98.4
10.8,85.2,99.6
10.8,85.2,100.8
10.8,85.2,102.0
10.8,85.2,103.2
10.8,85.2,104.4
10.8,85.2,105.6
10.8,85.2,106.8
10.8,85.2,108.0
10.8,85.2,109.2
10.8,85.2,110.4
10.8,85.2,111.6
10.8,85.2,112.8
10.8,86.4,96.0
10.8,86.4,97.2
10.8,86.4,98.4
10.8,86.4,99.6
10.8,86.4,100.8
10.8,86.4,102.0
10.8,86.4,103.2
10.8,86.4,104.4
10.8,86.4,105.6
10.8,86.4,106.8
10.8,86.4,108.0
10.8,86.4,109.2
10.8,86.4,110.4
10.8,86.4,111.6
10.8,86.4,112.8
10.8,87.6,96.0
10.8,87.6,97.2
10.8,87.6,98.4
10.8,87.6,99.6
10.8,87.6,100.8
10.8,87.6,102.0
10.8,87.6,103.2
10.8,87.6,104.4
10.8,87.6,105.6
10.8,87.6,106.8
10.8,87.6,108.0
10.8,87.6,109.2
10.8,87.6,110.4
10.8,87.6,111.6
10.8,87.6,112.8
10.8,88.8,96.0
10.8,88.8,97.2
10.8,88.8,98.4
10.8,88.8,99.6
10.8,88.8,100.8
10.8,88.8,102.0
10.8,88.8,103.2
10.8,88.8,104.4
10.8,88.8,105.6
10.8,88.8,106.8
10.8,88.8,108.0
10.8,88.8,109.2
10.8,88.8,110.4
10.8,88.8,111.6
10.8,88.8,112.8
10.8,90.0,96.0
10.8,90.0,97.2
10.8,90.0,98.4
10.8,90.0,99.6
10.8,90.0,100.8
10.8,90.0,102.0
10.8,90.0,103.2
10.8,90.0,104.4
10.8,90.0,105.6
10.8,90.0,106.8
10.8,90.0,108.0
10.8,90.0,109.2
10.8,90.0,110.4
10.8,90.0,111.6
10.8,90.0,112.8
12.0,60.0,54.0
12.0,60.0,55.2
12.0,60.0,56.4
12.0,60.0,57.6
12.0,60.0,58.8
12.0,60.0,60.0
12.0,60.0,61.2
12.0,60.0,62.4
12.0,60.0,63.6
12.0,60.0,64.8
12.0,60.0,66.0
12.0,60.0,67.2
12.0,60.0,68.4
12.0,60.0,69.6
12.0,60.0,70.8
12.0,60.0,72.0
12.0,60.0,73.2
12.0,60.0,74.4
12.0,60.0,75.6
12.0,60.0,76.8
12.0,60.0,78.0
12.0,60.0,79.2
12.0,60.0,80.4
12.0,60.0,81.6
12.0,60.0,82.8
12.0,60.0,84.0
12.0,60.0,85.2
12.0,60.0,86.4
12.0,60.0,87.6
12.0,60.0,88.8
12.0,60.0,90.0
12.0,61.2,55.2
12.0,61.2,56.4
12.0,61.2,57.6
12.0,61.2,58.8
12.0,61.2,60.0
12.0,61.2,61.2
12.0,61.2,62.4
12.0,61.2,63.6
12.0,61.2,64.8
12.0,61.2,66.0
12.0,61.2,67.2
12.0,61.2,68.4
12.0,61.2,69.6
12.0,61.2,70.8
12.0,61.2,72.0
12.0,61.2,73.2
12.0,61.2,74.4
12.0,61.2,75.6
12.0,61.2,76.8
12.0,61.2,78.0
12.0,61.2,79.2
12.0,61.2,80.4
12.0,61.2,81.6
12.0,61.2,82.8
12.0,61.2,84.0
12.0,61.2,85.2
12.0,61.2,86.4
12.0,61.2,87.6
12.0,61.2,88.8
12.0,61.2,90.0
12.0,61.2,91.2
12.0,62.4,56.4
12.0,62.4,57.6
12.0,62.4,58.8
12.0,62.4,60.0
12.0,62.4,61.2
12.0,62.4,62.4
12.0,62.4,63.6
12.0,62.4,64.8
12.0,62.4,66.0
12.0,62.4,67.2
12.0,62.4,68.4
12.0,62.4,69.6
12.0,62.4,70.8
12.0,62.4,72.0
12.0,62.4,73.2
12.0,62.4,74.4
12.0,62.4,75.6
12.0,62.4,76.8
12.0,62.4,78.0
12.0,62.4,79.2
12.0,62.4,80.4
12.0,62.4,81.6
12.0,62.4,82.8
12.0,62.4,84.0
12.0,62.4,85.2
12.0,62.4,86.4
12.0,62.4,87.6
12.0,62.4,88.8
12.0,62.4,90.0
12.0,62.4,91.2
12.0,62.4,92.4
12.0,63.6,57.6
12.0,63.6,58.8
12.0,63.6,60.0
12.0,63.6,61.2
12.0,63.6,62.4
12.0,63.6,63.6
12.0,63.6,64.8
12.0,63.6,66.0
12.0,63.6,67.2
12.0,63.6,68.4
12.0,63.6,69.6
12.0,63.6,70.8
12.0,63.6,72.0
12.0,63.6,73.2
12.0,63.6,74.4
12.0,63.6,75.6
12.0,63.6,76.8
12.0,63.6,78.0
12.0,63.6,79.2
12.0,63.6,80.4
12.0,63.6,81.6
12.0,63.6,82.8
12.0,63.6,84.0
12.0,63.6,85.2
12.0,63.6,86.4
12.0,63.6,87.6
12.0,63.6,88.8
12.0,63.6,90.0
12.0,63.6,91.2
12.0,63.6,92.4
12.0,63.6,93.6
12.0,64.8,58.8
12.0,64.8,60.0
12.0,64.8,61.2
12.0,64.8,62.4
12.0,64.8,63.6
12.0,64.8,64.8
12.0,64.8,66.0
12.0,64.8,67.2
12.0,64.8,68.4
12.0,64.8,69.6
12.0,64.8,70.8
12.0,64.8,72.0
12.0,64.8,73.2
12.0,64.8,74.4
12.0,64.8,75.6
12.0,64.8,76.8
12.0,64.8,78.0
12.0,64.8,79.2
12.0,64.8,80.4
12.0,64.8,81.6
12.0,64.8,82.8
12.0,64.8,84.0
12.0,64.8,85.2
12.0,64.8,86.4
12.0,64.8,87.6
12.0,64.8,88.8
12.0,64.8,90.0
12.0,64.8,91.2
12.0,64.8,92.4
12.0,64.8,93.6
12.0,64.8,94.8
12.0,66.0,60.0
12.0,66.0,61.2
12.0,66.0,62.4
12.0,66.0,63.6
12.0,66.0,64.8
12.0,66.0,66.0
12.0,66.0,67.2
12.0,66.0,68.4
12.0,66.0,69.6
12.0,66.0,70.8
12.0,66.0,72.0
12.0,66.0,73.2
12.0,66.0,74.4
12.0,66.0,75.6
12.0,66.0,76.8
12.0,66.0,78.0
12.0,66.0,79.2
12.0,66.0,80.4
12.0,66.0,81.6
12.0,66.0,82.8
12.0,66.0,84.0
12.0,66.0,85.2
12.0,66.0,86.4
12.0,66.0,87.6
12.0,66.0,88.8
12.0,66.0,90.0
12.0,66.0,91.2
12.0,66.0,92.4
12.0,66.0,93.6
12.0,66.0,94.8
12.0,66.0,96.0
12.0,67.2,61.2
12.0,67.2,62.4
12.0,67.2,63.6
12.0,67.2,64.8
12.0,67.2,66.0
12.0,67.2,67.2
12.0,67.2,68.4
12.0,67.2,69.6
12.0,67.2,70.8
12.0,67.2,72.0
12.0,67.2,73.2
12.0,67.2,74.4
12.0,67.2,75.6
12.0,67.2,76.8
12.0,67.2,78.0
12.0,67.2,79.2
12.0,67.2,80.4
12.0,67.2,81.6
12.0,67.2,82.8
12.0,67.2,84.0
12.0,67.2,85.2
12.0,67.2,86.4
12.0,67.2,87.6
12.0,67.2,88.8
12.0,67.2,90.0
12.0,67.2,91.2
12.0,67.2,92.4
12.0,67.2,93.6
12.0,67.2,94.8
12.0,67.2,96.0
12.0,67.2,97.2
12.0,68.4,62.4
12.0,68.4,63.6
12.0,68.4,64.8
12.0,68.4,66.0
12.0,68.4,67.2
12.0,68.4,68.4
12.0,68.4,69.6
12.0,68.4,70.8
12.0,68.4,72.0
12.0,68.4,73.2
12.0,68.4,74.4
12.0,68.4,75.6
12.0,68.4,76.8
12.0,68.4,78.0
12.0,68.4,79.2
12.0,68.4,80.4
12.0,68.4,81.6
12.0,68.4,82.8
12.0,68.4,84.0
12.0,68.4,85.2
12.0,68.4,86.4
12.0,68.4,87.6
12.0,68.4,88.8
12.0,68.4,90.0
12.0,68.4,91.2
12.0,68.4,92.4
12.0,68.4,93.6
12.0,68.4,94.8
12.0,68.4,96.0
12.0,68.4,97.2
12.0,68.4,98.4
12.0,69.6,63.6
12.0,69.6,64.8
12.0,69.6,66.0
12.0,69.6,67.2
12.0,69.6,68.4
12.0,69.6,69.6
12.0,69.6,70.8
12.0,69.6,72.0
12.0,69.6,73.2
12.0,69.6,74.4
12.0,69.6,75.6
12.0,69.6,76.8
12.0,69.6,78.0
12.0,69.6,79.2
12.0,69.6,80.4
12.0,69.6,81.6
12.0,69.6,82.8
12.0,69.6,84.0
12.0,69.6,85.2
12.0,69.6,86.4
12.0,69.6,87.6
12.0,69.6,88.8
12.0,69.6,90.0
12.0,69.6,91.2
12.0,69.6,92.4
12.0,69.6,93.6
12.0,69.6,94.8
12.0,69.6,96.0
12.0,69.6,97.2
12.0,69.6,98.4
12.0,69.6,99.6
12.0,70.8,64.8
12.0,70.8,66.0
12.0,70.8,67.2
12.0,70.8,68.4
12.0,70.8,69.6
12.0,70.8,70.8
12.0,70.8,72.0
12.0,70.8,73.2
12.0,70.8,74.4
12.0,70.8,75.6
12.0,70.8,76.8
12.0,70.8,78.0
12.0,70.8,79.2
12.0,70.8,80.4
12.0,70.8,81.6
12.0,70.8,82.8
12.0,70.8,84.0
12.0,70.8,85.2
12.0,70.8,86.4
12.0,70.8,87.6
12.0,70.8,88.8
12.0,70.8,90.0
12.0,70.8,91.2
12.0,70.8,92.4
12.0,70.8,93.6
12.0,70.8,94.8
12.0,70.8,96.0
12.0,70.8,97.2
12.0,70.8,98.4
12.0,70.8,99.6
12.0,70.8,100.8
12.0,72.0,66.0
12.0,72.0,67.2
12.0,72.0,68.4
12.0,72.0,69.6
12.0,72.0,70.8
12.0,72.0,72.0
12.0,72.0,73.2
12.0,72.0,74.4
12.0,72.0,75.6
12.0,72.0,76.8
12.0,72.0,78.0
12.0,72.0,79.2
12.0,72.0,80.4
12.0,72.0,81.6
12.0,72.0,82.8
12.0,72.0,84.0
12.0,72.0,85.2
12.0,72.0,86.4
12.0,72.0,87.6
12.0,72.0,88.8
12.0,72.0,90.0
12.0,72.0,91.2
12.0,72.0,92.4
12.0,72.0,93.6
12.0,72.0,94.8
12.0,72.0,96.0
12.0,72.0,97.2
12.0,72.0,98.4
12.0,72.0,99.6
12.0,72.0,100.8
12.0,72.0,102.0
12.0,73.2,85.2
12.0,73.2,86.4
12.0,73.2,87.6
12.0,73.2,88.8
12.0,73.2,90.0
12.0,73.2,91.2
12.0,73.2,92.4
12.0,73.2,93.6
12.0,73.2,94.8
12.0,73.2,96.0
12.0,73.2,97.2
12.0,73.2,98.4
12.0,73.2,99.6
12.0,73.2,100.8
12.0,73.2,102.0
12.0,73.2,103.2
12.0,74.4,86.4
12.0,74.4,87.6
12.0,74.4,88.8
12.0,74.4,90.0
12.0,74.4,91.2
12.0,74.4,92.4
12.0,74.4,93.6
12.0,74.4,94.8
12.0,74.4,96.0
12.0,74.4,97.2
12.0,74.4,98.4
12.0,74.4,99.6
12.0,74.4,100.8
12.0,74.4,102.0
12.0,74.4,103.2
12.0,74.4,104.4
12.0,75.6,87.6
12.0,75.6,88.8
12.0,75.6,90.0
12.0,75.6,91.2
12.0,75.6,92.4
12.0,75.6,93.6
12.0,75.6,94.8
12.0,75.6,96.0
12.0,75.6,97.2
12.0,75.6,98.4
12.0,75.6,99.6
12.0,75.6,100.8
12.0,75.6,102.0
12.0,75.6,103.2
12.0,75.6,104.4
12.0,75.6,105.6
12.0,76.8,88.8
12.0,76.8,90.0
12.0,76.8,91.2
12.0,76.8,92.4
12.0,76.8,93.6
12.0,76.8,94.8
12.0,76.8,96.0
12.0,76.8,97.2
12.0,76.8,98.4
12.0,76.8,99.6
12.0,76.8,100.8
12.0,76.8,102.0
12.0,76.8,103.2
12.0,76.8,104.4
12.0,76.8,105.6
12.0,76.8,106.8
12.0,78.0,90.0
12.0,78.0,91.2
12.0,78.0,92.4
12.0,78.0,93.6
12.0,78.0,94.8
12.0,78.0,96.0
12.0,78.0,97.2
12.0,78.0,98.4
12.0,78.0,99.6
12.0,78.0,100.8
12.0,78.0,102.0
12.0,78.0,103.2
12.0,78.0,104.4
12.0,78.0,105.6
12.0,78.0,106.8
12.0,78.0,108.0
12.0,79.2,91.2
12.0,79.2,92.4
12.0,79.2,93.6
12.0,79.2,94.8
12.0,79.2,96.0
12.0,79.2,97.2
12.0,79.2,98.4
12.0,79.2,99.6
12.0,79.2,100.8
12.0,79.2,102.0
12.0,79.2,103.2
12.0,79.2,104.4
12.0,79.2,105.6
12.0,79.2,106.8
12.0,79.2,108.0
12.0,79.2,109.2
12.0,80.4,92.4
12.0,80.4,93.6
12.0,80.4,94.8
12.0,80.4,96.0
12.0,80.4,97.2
12.0,80.4,98.4
12.0,80.4,99.6
12.0,80.4,100.8
12.0,80.4,102.0
12.0,80.4,103.2
12.0,80.4,104.4
12.0,80.4,105.6
12.0,80.4,106.8
12.0,80.4,108.0
12.0,80.4,109.2
12.0,80.4,110.4
12.0,81.6,93.6
12.0,81.6,94.8
12.0,81.6,96.0
12.0,81.6,97.2
12.0,81.6,98.4
12.0,81.6,99.6
12.0,81.6,100.8
12.0,81.6,102.0
12.0,81.6,103.2
12.0,81.6,104.4
12.0,81.6,105.6
12.0,81.6,106.8
12.0,81.6,108.0
12.0,81.6,109.2
12.0,81.6,110.4
12.0,81.6,111.6
12.0,82.8,94.8
12.0,82.8,96.0
12.0,82.8,97.2
12.0,82.8,98.4
12.0,82.8,99.6
12.0,82.8,100.8
12.0,82.8,102.0
12.0,82.8,103.2
12.0,82.8,104.4
12.0,82.8,105.6
12.0,82.8,106.8
12.0,82.8,108.0
12.0,82.8,109.2
12.0,82.8,110.4
12.0,82.8,111.6
12.0,82.8,112.8
12.0,84.0,96.0
12.0,84.0,97.2
12.0,84.0,98.4
12.0,84.0,99.6
12.0,84.0,100.8
12.0,84.0,102.0
12.0,84.0,103.2
12.0,84.0,104.4
12.0,84.0,105.6
12.0,84.0,106.8
12.0,84.0,108.0
12.0,84.0,109.2
12.0,84.0,110.4
12.0,84.0,111.6
12.0,84.0,112.8
12.0,84.0,114.0
12.0,85.2,96.0
12.0,85.2,97.2
12.0,85.2,98.4
12.0,85.2,99.6
12.0,85.2,100.8
12.0,85.2,102.0
12.0,85.2,103.2
12.0,85.2,104.4
12.0,85.2,105.6
12.0,85.2,106.8
12.0,85.2,108.0
12.0,85.2,109.2
12.0,85.2,110.4
12.0,85.2,111.6
12.0,85.2,112.8
12.0,85.2,114.0
12.0,86.4,96.0
12.0,86.4,97.2
12.0,86.4,98.4
12.0,86.4,99.6
12.0,86.4,100.8
12.0,86.4,102.0
12.0,86.4,103.2
12.0,86.4,104.4
12.0,86.4,105.6
12.0,86.4,106.8
12.0,86.4,108.0
12.0,86.4,109.2
12.0,86.4,110.4
12.0,86.4,111.6
12.0,86.4,112.8
12.0,86.4,114.0
12.0,87.6,96.0
12.0,87.6,97.2
12.0,87.6,98.4
12.0,87.6,99.6
12.0,87.6,100.8
12.0,87.6,102.0
12.0,87.6,103.2
12.0,87.6,104.4
12.0,87.6,105.6
12.0,87.6,106.8
12.0,87.6,108.0
12.0,87.6,109.2
12.0,87.6,110.4
12.0,87.6,111.6
12.0,87.6,112.8
12.0,87.6,114.0
12.0,88.8,96.0
12.0,88.8,97.2
12.0,88.8,98.4
12.0,88.8,99.6
12.0,88.8,100.8
12.0,88.8,102.0
12.0,88.8,103.2
12.0,88.8,104.4
12.0,88.8,105.6
12.0,88.8,106.8
12.0,88.8,108.0
12.0,88.8,109.2
12.0,88.8,110.4
12.0,88.8,111.6
12.0,88.8,112.8
12.0,88.8,114.0
12.0,90.0,96.0
12.0,90.0,97.2
12.0,90.0,98.4
12.0,90.0,99.6
12.0,90.0,100.8
12.0,90.0,102.0
12.0,90.0,103.2
12.0,90.0,104.4
12.0,90.0,105.6
12.0,90.0,106.8
12.0,90.0,108.0
12.0,90.0,109.2
12.0,90.0,110.4
12.0,90.0,111.6
12.0,90.0,112.8
12.0,90.0,114.0
13.2,61.2,55.2
13.2,61.2,56.4
13.2,61.2,57.6
13.2,61.2,58.8
13.2,61.2,60.0
13.2,61.2,61.2
13.2,61.2,62.4
13.2,61.2,63.6
13.2,61.2,64.8
13.2,61.2,66.0
13.2,61.2,67.2
13.2,61.2,68.4
13.2,61.2,69.6
13.2,61.2,70.8
13.2,61.2,72.0
13.2,61.2,73.2
13.2,61.2,74.4
13.2,61.2,75.6
13.2,61.2,76.8
13.2,61.2,78.0
13.2,61.2,79.2
13.2,61.2,80.4
13.2,61.2,81.6
13.2,61.2,82.8
13.2,61.2,84.0
13.2,61.2,85.2
13.2,61.2,86.4
13.2,61.2,87.6
13.2,61.2,88.8
13.2,61.2,90.0
13.2,61.2,91.2
13.2,62.4,56.4
13.2,62.4,57.6
13.2,62.4,58.8
13.2,62.4,60.0
13.2,62.4,61.2
13.2,62.4,62.4
13.2,62.4,63.6
13.2,62.4,64.8
13.2,62.4,66.0
13.2,62.4,67.2
13.2,62.4,68.4
13.2,62.4,69.6
13.2,62.4,70.8
13.2,62.4,72.0
13.2,62.4,73.2
13.2,62.4,74.4
13.2,62.4,75.6
13.2,62.4,76.8
13.2,62.4,78.0
13.2,62.4,79.2
13.2,62.4,80.4
13.2,62.4,81.6
13.2,62.4,82.8
13.2,62.4,84.0
13.2,62.4,85.2
13.2,62.4,86.4
13.2,62.4,87.6
13.2,62.4,88.8
13.2,62.4,90.0
13.2,62.4,91.2
13.2,62.4,92.4
13.2,63.6,57.6
13.2,63.6,58.8
13.2,63.6,60.0
13.2,63.6,61.2
13.2,63.6,62.4
13.2,63.6,63.6
13.2,63.6,64.8
13.2,63.6,66.0
13.2,63.6,67.2
13.2,63.6,68.4
13.2,63.6,69.6
13.2,63.6,70.8
13.2,63.6,72.0
13.2,63.6,73.2
13.2,63.6,74.4
13.2,63.6,75.6
13.2,63.6,76.8
13.2,63.6,78.0
13.2,63.6,79.2
13.2,63.6,80.4
13.2,63.6,81.6
13.2,63.6,82.8
13.2,63.6,84.0
13.2,63.6,85.2
13.2,63.6,86.4
13.2,63.6,87.6
13.2,63.6,88.8
13.2,63.6,90.0
13.2,63.6,91.2
13.2,63.6,92.4
13.2,63.6,93.6
13.2,64.8,58.8
13.2,64.8,60.0
13.2,64.8,61.2
13.2,64.8,62.4
13.2,64.8,63.6
13.2,64.8,64.8
13.2,64.8,66.0
13.2,64.8,67.2
13.2,64.8,68.4
13.2,64.8,69.6
13.2,64.8,70.8
13.2,64.8,72.0
13.2,64.8,73.2
13.2,64.8,74.4
13.2,64.8,75.6
13.2,64.8,76.8
13.2,64.8,78.0
13.2,64.8,79.2
13.2,64.8,80.4
13.2,64.8,81.6
13.2,64.8,82.8
13.2,64.8,84.0
13.2,64.8,85.2
13.2,64.8,86.4
13.2,64.8,87.6
13.2,64.8,88.8
13.2,64.8,90.0
13.2,64.8,91.2
13.2,64.8,92.4
13.2,64.8,93.6
13.2,64.8,94.8
13.2,66.0,60.0
13.2,66.0,61.2
13.2,66.0,62.4
13.2,66.0,63.6
13.2,66.0,64.8
13.2,66.0,66.0
13.2,66.0,67.2
13.2,66.0,68.4
13.2,66.0,69.6
13.2,66.0,70.8
13.2,66.0,72.0
13.2,66.0,73.2
13.2,66.0,74.4
13.2,66.0,75.6
13.2,66.0,76.8
13.2,66.0,78.0
13.2,66.0,79.2
13.2,66.0,80.4
13.2,66.0,81.6
13.2,66.0,82.8
13.2,66.0,84.0
13.2,66.0,85.2
13.2,66.0,86.4
13.2,66.0,87.6
13.2,66.0,88.8
13.2,66.0,90.0
13.2,66.0,91.2
13.2,66.0,92.4
13.2,66.0,93.6
13.2,66.0,94.8
13.2,66.0,96.0
13.2,67.2,61.2
13.2,67.2,62.4
13.2,67.2,63.6
13.2,67.2,64.8
13.2,67.2,66.0
13.2,67.2,67.2
13.2,67.2,68.4
13.2,67.2,69.6
13.2,67.2,70.8
13.2,67.2,72.0
13.2,67.2,73.2
13.2,67.2,74.4
13.2,67.2,75.6
13.2,67.2,76.8
13.2,67.2,78.0
13.2,67.2,79.2
13.2,67.2,80.4
13.2,67.2,81.6
13.2,67.2,82.8
13.2,67.2,84.0
13.2,67.2,85.2
13.2,67.2,86.4
13.2,67.2,87.6
13.2,67.2,88.8
13.2,67.2,90.0
13.2,67.2,91.2
13.2,67.2,92.4
13.2,67.2,93.6
13.2,67.2,94.8
13.2,67.2,96.0
13.2,67.2,97.2
13.2,68.4,62.4
13.2,68.4,63.6
13.2,68.4,64.8
13.2,68.4,66.0
13.2,68.4,67.2
13.2,68.4,68.4
13.2,68.4,69.6
13.2,68.4,70.8
13.2,68.4,72.0
13.2,68.4,73.2
13.2,68.4,74.4
13.2,68.4,75.6
13.2,68.4,76.8
13.2,68.4,78.0
13.2,68.4,79.2
13.2,68.4,80.4
13.2,68.4,81.6
13.2,68.4,82.8
13.2,68.4,84.0
13.2,68.4,85.2
13.2,68.4,86.4
13.2,68.4,87.6
13.2,68.4,88.8
13.2,68.4,90.0
13.2,68.4,91.2
13.2,68.4,92.4
13.2,68.4,93.6
13.2,68.4,94.8
13.2,68.4,96.0
13.2,68.4,97.2
13.2,68.4,98.4
13.2,69.6,63.6
13.2,69.6,64.8
13.2,69.6,66.0
13.2,69.6,67.2
13.2,69.6,68.4
13.2,69.6,69.6
13.2,69.6,70.8
13.2,69.6,72.0
13.2,69.6,73.2
13.2,69.6,74.4
13.2,69.6,75.6
13.2,69.6,76.8
13.2,69.6,78.0
13.2,69.6,79.2
13.2,69.6,80.4
13.2,69.6,81.6
13.2,69.6,82.8
13.2,69.6,84.0
13.2,69.6,85.2
13.2,69.6,86.4
13.2,69.6,87.6
13.2,69.6,88.8
13.2,69.6,90.0
13.2,69.6,91.2
13.2,69.6,92.4
13.2,69.6,93.6
13.2,69.6,94.8
13.2,69.6,96.0
13.2,69.6,97.2
13.2,69.6,98.4
13.2,69.6,99.6
13.2,70.8,64.8
13.2,70.8,66.0
13.2,70.8,67.2
13.2,70.8,68.4
13.2,70.8,69.6
13.2,70.8,70.8
13.2,70.8,72.0
13.2,70.8,73.2
13.2,70.8,74.4
13.2,70.8,75.6
13.2,70.8,76.8
13.2,70.8,78.0
13.2,70.8,79.2
13.2,70.8,80.4
13.2,70.8,81.6
13.2,70.8,82.8
13.2,70.8,84.0
13.2,70.8,85.2
13.2,70.8,86.4
13.2,70.8,87.6
13.2,70.8,88.8
13.2,70.8,90.0
13.2,70.8,91.2
13.2,70.8,92.4
13.2,70.8,93.6
13.2,70.8,94.8
13.2,70.8,96.0
13.2,70.8,97.2
13.2,70.8,98.4
13.2,70.8,99.6
13.2,70.8,100.8
13.2,72.0,66.0
13.2,72.0,67.2
13.2,72.0,68.4
13.2,72.0,69.6
13.2,72.0,70.8
13.2,72.0,72.0
13.2,72.0,73.2
13.2,72.0,74.4
13.2,72.0,75.6
13.2,72.0,76.8
13.2,72.0,78.0
13.2,72.0,79.2
13.2,72.0,80.4
13.2,72.0,81.6
13.2,72.0,82.8
13.2,72.0,84.0
13.2,72.0,85.2
13.2,72.0,86.4
13.2,72.0,87.6
13.2,72.0,88.8
13.2,72.0,90.0
13.2,72.0,91.2
13.2,72.0,92.4
13.2,72.0,93.6
13.2,72.0,94.8
13.2,72.0,96.0
13.2,72.0,97.2
13.2,72.0,98.4
13.2,72.0,99.6
13.2,72.0,100.8
13.2,72.0,102.0
13.2,73.2,67.2
13.2,73.2,68.4
13.2,73.2,69.6
13.2,73.2,70.8
13.2,73.2,72.0
13.2,73.2,73.2
13.2,73.2,74.4
13.2,73.2,75.6
13.2,73.2,76.8
13.2,73.2,78.0
13.2,73.2,79.2
13.2,73.2,80.4
13.2,73.2,81.6
13.2,73.2,82.8
13.2,73.2,84.0
13.2,73.2,85.2
13.2,73.2,86.4
13.2,73.2,87.6
13.2,73.2,88.8
13.2,73.2,90.0
13.2,73.2,91.2
13.2,73.2,92.4
13.2,73.2,93.6
13.2,73.2,94.8
13.2,73.2,96.0
13.2,73.2,97.2
13.2,73.2,98.4
13.2,73.2,99.6
13.2,73.2,100.8
13.2,73.2,102.0
13.2,73.2,103.2
13.2,74.4,85.2
13.2,74.4,86.4
13.2,74.4,87.6
13.2,74.4,88.8
13.2,74.4,90.0
13.2,74.4,91.2
13.2,74.4,92.4
13.2,74.4,93.6
13.2,74.4,94.8
13.2,74.4,96.0
13.2,74.4,97.2
13.2,74.4,98.4
13.2,74.4,99.6
13.2,74.4,100.8
13.2,74.4,102.0
13.2,74.4,103.2
13.2,74.4,104.4
13.2,75.6,86.4
13.2,75.6,87.6
13.2,75.6,88.8
13.2,75.6,90.0
13.2,75.6,91.2
13.2,75.6,92.4
13.2,75.6,93.6
13.2,75.6,94.8
13.2,75.6,96.0
13.2,75.6,97.2
13.2,75.6,98.4
13.2,75.6,99.6
13.2,75.6,100.8
13.2,75.6,102.0
13.2,75.6,103.2
13.2,75.6,104.4
13.2,75.6,105.6
13.2,76.8,87.6
13.2,76.8,88.8
13.2,76.8,90.0
13.2,76.8,91.2
13.2,76.8,92.4
13.2,76.8,93.6
13.2,76.8,94.8
13.2,76.8,96.0
13.2,76.8,97.2
13.2,76.8,98.4
13.2,76.8,99.6
13.2,76.8,100.8
13.2,76.8,102.0
13.2,76.8,103.2
13.2,76.8,104.4
13.2,76.8,105.6
13.2,76.8,106.8
13.2,78.0,88.8
13.2,78.0,90.0
13.2,78.0,91.2
13.2,78.0,92.4
13.2,78.0,93.6
13.2,78.0,94.8
13.2,78.0,96.0
13.2,78.0,97.2
13.2,78.0,98.4
13.2,78.0,99.6
13.2,78.0,100.8
13.2,78.0,102.0
13.2,78.0,103.2
13.2,78.0,104.4
13.2,78.0,105.6
13.2,78.0,106.8
13.2,78.0,108.0
13.2,79.2,90.0
13.2,79.2,91.2
13.2,79.2,92.4
13.2,79.2,93.6
13.2,79.2,94.8
13.2,79.2,96.0
13.2,79.2,97.2
13.2,79.2,98.4
13.2,79.2,99.6
13.2,79.2,100.8
13.2,79.2,102.0
13.2,79.2,103.2
13.2,79.2,104.4
13.2,79.2,105.6
13.2,79.2,106.8
13.2,79.2,108.0
13.2,79.2,109.2
13.2,80.4,91.2
13.2,80.4,92.4
13.2,80.4,93.6
13.2,80.4,94.8
13.2,80.4,96.0
13.2,80.4,97.2
13.2,80.4,98.4
13.2,80.4,99.6
13.2,80.4,100.8
13.2,80.4,102.0
13.2,80.4,103.2
13.2,80.4,104.4
13.2,80.4,105.6
13.2,80.4,106.8
13.2,80.4,108.0
13.2,80.4,109.2
13.2,80.4,110.4
13.2,81.6,92.4
13.2,81.6,93.6
13.2,81.6,94.8
13.2,81.6,96.0
13.2,81.6,97.2
13.2,81.6,98.4
13.2,81.6,99.6
13.2,81.6,100.8
13.2,81.6,102.0
13.2,81.6,103.2
13.2,81.6,104.4
13.2,81.6,105.6
13.2,81.6,106.8
13.2,81.6,108.0
13.2,81.6,109.2
13.2,81.6,110.4
13.2,81.6,111.6
13.2,82.8,93.6
13.2,82.8,94.8
13.2,82.8,96.0
13.2,82.8,97.2
13.2,82.8,98.4
13.2,82.8,99.6
13.2,82.8,100.8
13.2,82.8,102.0
13.2,82.8,103.2
13.2,82.8,104.4
13.2,82.8,105.6
13.2,82.8,106.8
13.2,82.8,108.0
13.2,82.8,109.2
13.2,82.8,110.4
13.2,82.8,111.6
13.2,82.8,112.8
13.2,84.0,94.8
13.2,84.0,96.0
13.2,84.0,97.2
13.2,84.0,98.4
13.2,84.0,99.6
13.2,84.0,100.8
13.2,84.0,102.0
13.2,84.0,103.2
13.2,84.0,104.4
13.2,84.0,105.6
13.2,84.0,106.8
13.2,84.0,108.0
13.2,84.0,109.2
13.2,84.0,110.4
13.2,84.0,111.6
13.2,84.0,112.8
13.2,84.0,114.0
13.2,85.2,96.0
13.2,85.2,97.2
13.2,85.2,98.4
13.2,85.2,99.6
13.2,85.2,100.8
13.2,85.2,102.0
13.2,85.2,103.2
13.2,85.2,104.4
13.2,85.2,105.6
13.2,85.2,106.8
13.2,85.2,108.0
13.2,85.2,109.2
13.2,85.2,110.4
13.2,85.2,111.6
13.2,85.2,112.8
13.2,85.2,114.0
13.2,85.2,115.2
13.2,86.4,96.0
13.2,86.4,97.2
13.2,86.4,98.4
13.2,86.4,99.6
13.2,86.4,100.8
13.2,86.4,102.0
13.2,86.4,103.2
13.2,86.4,104.4
13.2,86.4,105.6
13.2,86.4,106.8
13.2,86.4,108.0
13.2,86.4,109.2
13.2,86.4,110.4
13.2,86.4,111.6
13.2,86.4,112.8
13.2,86.4,114.0
13.2,86.4,115.2
13.2,87.6,96.0
13.2,87.6,97.2
13.2,87.6,98.4
13.2,87.6,99.6
13.2,87.6,100.8
13.2,87.6,102.0
13.2,87.6,103.2
13.2,87.6,104.4
13.2,87.6,105.6
13.2,87.6,106.8
13.2,87.6,108.0
13.2,87.6,109.2
13.2,87.6,110.4
13.2,87.6,111.6
13.2,87.6,112.8
13.2,87.6,114.0
13.2,87.6,115.2
13.2,88.8,96.0
13.2,88.8,97.2
13.2,88.8,98.4
13.2,88.8,99.6
13.2,88.8,100.8
13.2,88.8,102.0
13.2,88.8,103.2
13.2,88.8,104.4
13.2,88.8,105.6
13.2,88.8,106.8
13.2,88.8,108.0
13.2,88.8,109.2
13.2,88.8,110.4
13.2,88.8,111.6
13.2,88.8,112.8
13.2,88.8,114.0
13.2,88.8,115.2
13.2,90.0,96.0
13.2,90.0,97.2
13.2,90.0,98.4
13.2,90.0,99.6
13.2,90.0,100.8
13.2,90.0,102.0
13.2,90.0,103.2
13.2,90.0,104.4
13.2,90.0,105.6
13.2,90.0,106.8
13.2,90.0,108.0
13.2,90.0,109.2
13.2,90.0,110.4
13.2,90.0,111.6
13.2,90.0,112.8
13.2,90.0,114.0
13.2,90.0,115.2
14.4,62.4,56.4
14.4,62.4,57.6
14.4,62.4,58.8
14.4,62.4,60.0
14.4,62.4,61.2
14.4,62.4,62.4
14.4,62.4,63.6
14.4,62.4,64.8
14.4,62.4,66.0
14.4,62.4,67.2
14.4,62.4,68.4
14.4,62.4,69.6
14.4,62.4,70.8
14.4,62.4,72.0
14.4,62.4,73.2
14.4,62.4,74.4
14.4,62.4,75.6
14.4,62.4,76.8
14.4,62.4,78.0
14.4,62.4,79.2
14.4,62.4,80.4
14.4,62.4,81.6
14.4,62.4,82.8
14.4,62.4,84.0
14.4,62.4,85.2
14.4,62.4,86.4
14.4,62.4,87.6
14.4,62.4,88.8
14.4,62.4,90.0
14.4,62.4,91.2
14.4,62.4,92.4
14.4,63.6,57.6
14.4,63.6,58.8
14.4,63.6,60.0
14.4,63.6,61.2
14.4,63.6,62.4
14.4,63.6,63.6
14.4,63.6,64.8
14.4,63.6,66.0
14.4,63.6,67.2
14.4,63.6,68.4
14.4,63.6,69.6
14.4,63.6,70.8
14.4,63.6,72.0
14.4,63.6,73.2
14.4,63.6,74.4
14.4,63.6,75.6
14.4,63.6,76.8
14.4,63.6,78.0
14.4,63.6,79.2
14.4,63.6,80.4
14.4,63.6,81.6
14.4,63.6,82.8
14.4,63.6,84.0
14.4,63.6,85.2
14.4,63.6,86.4
14.4,63.6,87.6
14.4,63.6,88.8
14.4,63.6,90.0
14.4,63.6,91.2
14.4,63.6,92.4
14.4,63.6,93.6
14.4,64.8,58.8
14.4,64.8,60.0
14.4,64.8,61.2
14.4,64.8,62.4
14.4,64.8,63.6
14.4,64.8,64.8
14.4,64.8,66.0
14.4,64.8,67.2
14.4,64.8,68.4
14.4,64.8,69.6
14.4,64.8,70.8
14.4,64.8,72.0
14.4,64.8,73.2
14.4,64.8,74.4
14.4,64.8,75.6
14.4,64.8,76.8
14.4,64.8,78.0
14.4,64.8,79.2
14.4,64.8,80.4
14.4,64.8,81.6
14.4,64.8,82.8
14.4,64.8,84.0
14.4,64.8,85.2
14.4,64.8,86.4
14.4,64.8,87.6
14.4,64.8,88.8
14.4,64.8,90.0
14.4,64.8,91.2
14.4,64.8,92.4
14.4,64.8,93.6
14.4,64.8,94.8
14.4,66.0,60.0
14.4,66.0,61.2
14.4,66.0,62.4
14.4,66.0,63.6
14.4,66.0,64.8
14.4,66.0,66.0
14.4,66.0,67.2
14.4,66.0,68.4
14.4,66.0,69.6
14.4,66.0,70.8
14.4,66.0,72.0
14.4,66.0,73.2
14.4,66.0,74.4
14.4,66.0,75.6
14.4,66.0,76.8
14.4,66.0,78.0
14.4,66.0,79.2
14.4,66.0,80.4
14.4,66.0,81.6
14.4,66.0,82.8
14.4,66.0,84.0
14.4,66.0,85.2
14.4,66.0,86.4
14.4,66.0,87.6
14.4,66.0,88.8
14.4,66.0,90.0
14.4,66.0,91.2
14.4,66.0,92.4
14.4,66.0,93.6
14.4,66.0,94.8
14.4,66.0,96.0
14.4,67.2,61.2
14.4,67.2,62.4
14.4,67.2,63.6
14.4,67.2,64.8
14.4,67.2,66.0
14.4,67.2,67.2
14.4,67.2,68.4
14.4,67.2,69.6
14.4,67.2,70.8
14.4,67.2,72.0
14.4,67.2,73.2
14.4,67.2,74.4
14.4,67.2,75.6
14.4,67.2,76.8
14.4,67.2,78.0
14.4,67.2,79.2
14.4,67.2,80.4
14.4,67.2,81.6
14.4,67.2,82.8
14.4,67.2,84.0
14.4,67.2,85.2
14.4,67.2,86.4
14.4,67.2,87.6
14.4,67.2,88.8
14.4,67.2,90.0
14.4,67.2,91.2
14.4,67.2,92.4
14.4,67.2,93.6
14.4,67.2,94.8
14.4,67.2,96.0
14.4,67.2,97.2
14.4,68.4,62.4
14.4,68.4,63.6
14.4,68.4,64.8
14.4,68.4,66.0
14.4,68.4,67.2
14.4,68.4,68.4
14.4,68.4,69.6
14.4,68.4,70.8
14.4,68.4,72.0
14.4,68.4,73.2
14.4,68.4,74.4
14.4,68.4,75.6
14.4,68.4,76.8
14.4,68.4,78.0
14.4,68.4,79.2
14.4,68.4,80.4
14.4,68.4,81.6
14.4,68.4,82.8
14.4,68.4,84.0
14.4,68.4,85.2
14.4,68.4,86.4
14.4,68.4,87.6
14.4,68.4,88.8
14.4,68.4,90.0
14.4,68.4,91.2
14.4,68.4,92.4
14.4,68.4,93.6
14.4,68.4,94.8
14.4,68.4,96.0
14.4,68.4,97.2
14.4,68.4,98.4
14.4,69.6,63.6
14.4,69.6,64.8
14.4,69.6,66.0
14.4,69.6,67.2
14.4,69.6,68.4
14.4,69.6,69.6
14.4,69.6,70.8
14.4,69.6,72.0
14.4,69.6,73.2
14.4,69.6,74.4
14.4,69.6,75.6
14.4,69.6,76.8
14.4,69.6,78.0
14.4,69.6,79.2
14.4,69.6,80.4
14.4,69.6,81.6
14.4,69.6,82.8
14.4,69.6,84.0
14.4,69.6,85.2
14.4,69.6,86.4
14.4,69.6,87.6
14.4,69.6,88.8
14.4,69.6,90.0
14.4,69.6,91.2
14.4,69.6,92.4
14.4,69.6,93.6
14.4,69.6,94.8
14.4,69.6,96.0
14.4,69.6,97.2
14.4,69.6,98.4
14.4,69.6,99.6
14.4,70.8,64.8
14.4,70.8,66.0
14.4,70.8,67.2
14.4,70.8,68.4
14.4,70.8,69.6
14.4,70.8,70.8
14.4,70.8,72.0
14.4,70.8,73.2
14.4,70.8,74.4
14.4,70.8,75.6
14.4,70.8,76.8
14.4,70.8,78.0
14.4,70.8,79.2
14.4,70.8,80.4
14.4,70.8,81.6
14.4,70.8,82.8
14.4,70.8,84.0
14.4,70.8,85.2
14.4,70.8,86.4
14.4,70.8,87.6
14.4,70.8,88.8
14.4,70.8,90.0
14.4,70.8,91.2
14.4,70.8,92.4
14.4,70.8,93.6
14.4,70.8,94.8
14.4,70.8,96.0
14.4,70.8,97.2
14.4,70.8,98.4
14.4,70.8,99.6
14.4,70.8,100.8
14.4,72.0,66.0
14.4,72.0,67.2
14.4,72.0,68.4
14.4,72.0,69.6
14.4,72.0,70.8
14.4,72.0,72.0
14.4,72.0,73.2
14.4,72.0,74.4
14.4,72.0,75.6
14.4,72.0,76.8
14.4,72.0,78.0
14.4,72.0,79.2
14.4,72.0,80.4
14.4,72.0,81.6
14.4,72.0,82.8
14.4,72.0,84.0
14.4,72.0,85.2
14.4,72.0,86.4
14.4,72.0,87.6
14.4,72.0,88.8
14.4,72.0,90.0
14.4,72.0,91.2
14.4,72.0,92.4
14.4,72.0,93.6
14.4,72.0,94.8
14.4,72.0,96.0
14.4,72.0,97.2
14.4,72.0,98.4
14.4,72.0,99.6
14.4,72.0,100.8
14.4,72.0,102.0
14.4,73.2,67.2
14.4,73.2,68.4
14.4,73.2,69.6
14.4,73.2,70.8
14.4,73.2,72.0
14.4,73.2,73.2
14.4,73.2,74.4
14.4,73.2,75.6
14.4,73.2,76.8
14.4,73.2,78.0
14.4,73.2,79.2
14.4,73.2,80.4
14.4,73.2,81.6
14.4,73.2,82.8
14.4,73.2,84.0
14.4,73.2,85.2
14.4,73.2,86.4
14.4,73.2,87.6
14.4,73.2,88.8
14.4,73.2,90.0
14.4,73.2,91.2
14.4,73.2,92.4
14.4,73.2,93.6
14.4,73.2,94.8
14.4,73.2,96.0
14.4,73.2,97.2
14.4,73.2,98.4
14.4,73.2,99.6
14.4,73.2,100.8
14.4,73.2,102.0
14.4,73.2,103.2
14.4,74.4,68.4
14.4,74.4,69.6
14.4,74.4,70.8
14.4,74.4,72.0
14.4,74.4,73.2
14.4,74.4,74.4
14.4,74.4,75.6
14.4,74.4,76.8
14.4,74.4,78.0
14.4,74.4,79.2
14.4,74.4,80.4
14.4,74.4,81.6
14.4,74.4,82.8
14.4,74.4,84.0
14.4,74.4,85.2
14.4,74.4,86.4
14.4,74.4,87.6
14.4,74.4,88.8
14.4,74.4,90.0
14.4,74.4,91.2
14.4,74.4,92.4
14.4,74.4,93.6
14.4,74.4,94.8
14.4,74.4,96.0
14.4,74.4,97.2
14.4,74.4,98.4
14.4,74.4,99.6
14.4,74.4,100.8
14.4,74.4,102.0
14.4,74.4,103.2
14.4,74.4,104.4
14.4,75.6,85.2
14.4,75.6,86.4
14.4,75.6,87.6
14.4,75.6,88.8
14.4,75.6,90.0
14.4,75.6,91.2
14.4,75.6,92.4
14.4,75.6,93.6
14.4,75.6,94.8
14.4,75.6,96.0
14.4,75.6,97.2
14.4,75.6,98.4
14.4,75.6,99.6
14.4,75.6,100.8
14.4,75.6,102.0
14.4,75.6,103.2
14.4,75.6,104.4
14.4,75.6,105.6
14.4,76.8,86.4
14.4,76.8,87.6
14.4,76.8,88.8
14.4,76.8,90.0
14.4,76.8,91.2
14.4,76.8,92.4
14.4,76.8,93.6
14.4,76.8,94.8
14.4,76.8,96.0
14.4,76.8,97.2
14.4,76.8,98.4
14.4,76.8,99.6
14.4,76.8,100.8
14.4,76.8,102.0
14.4,76.8,103.2
14.4,76.8,104.4
14.4,76.8,105.6
14.4,76.8,106.8
14.4,78.0,87.6
14.4,78.0,88.8
14.4,78.0,90.0
14.4,78.0,91.2
14.4,78.0,92.4
14.4,78.0,93.6
14.4,78.0,94.8
14.4,78.0,96.0
14.4,78.0,97.2
14.4,78.0,98.4
14.4,78.0,99.6
14.4,78.0,100.8
14.4,78.0,102.0
14.4,78.0,103.2
14.4,78.0,104.4
14.4,78.0,105.6
14.4,78.0,106.8
14.4,78.0,108.0
14.4,79.2,88.8
14.4,79.2,90.0
14.4,79.2,91.2
14.4,79.2,92.4
14.4,79.2,93.6
14.4,79.2,94.8
14.4,79.2,96.0
14.4,79.2,97.2
14.4,79.2,98.4
14.4,79.2,99.6
14.4,79.2,100.8
14.4,79.2,102.0
14.4,79.2,103.2
14.4,79.2,104.4
14.4,79.2,105.6
14.4,79.2,106.8
14.4,79.2,108.0
14.4,79.2,109.2
14.4,80.4,90.0
14.4,80.4,91.2
14.4,80.4,92.4
14.4,80.4,93.6
14.4,80.4,94.8
14.4,80.4,96.0
14.4,80.4,97.2
14.4,80.4,98.4
14.4,80.4,99.6
14.4,80.4,100.8
14.4,80.4,102.0
14.4,80.4,103.2
14.4,80.4,104.4
14.4,80.4,105.6
14.4,80.4,106.8
14.4,80.4,108.0
14.4,80.4,109.2
14.4,80.4,110.4
14.4,81.6,91.2
14.4,81.6,92.4
14.4,81.6,93.6
14.4,81.6,94.8
14.4,81.6,96.0
14.4,81.6,97.2
14.4,81.6,98.4
14.4,81.6,99.6
14.4,81.6,100.8
14.4,81.6,102.0
14.4,81.6,103.2
14.4,81.6,104.4
14.4,81.6,105.6
14.4,81.6,106.8
14.4,81.6,108.0
14.4,81.6,109.2
14.4,81.6,110.4
14.4,81.6,111.6
14.4,82.8,92.4
14.4,82.8,93.6
14.4,82.8,94.8
14.4,82.8,96.0
14.4,82.8,97.2
14.4,82.8,98.4
14.4,82.8,99.6
14.4,82.8,100.8
14.4,82.8,102.0
14.4,82.8,103.2
14.4,82.8,104.4
14.4,82.8,105.6
14.4,82.8,106.8
14.4,82.8,108.0
14.4,82.8,109.2
14.4,82.8,110.4
14.4,82.8,111.6
14.4,82.8,112.8
14.4,84.0,93.6
14.4,84.0,94.8
14.4,84.0,96.0
14.4,84.0,97.2
14.4,84.0,98.4
14.4,84.0,99.6
14.4,84.0,100.8
14.4,84.0,102.0
14.4,84.0,103.2
14.4,84.0,104.4
14.4,84.0,105.6
14.4,84.0,106.8
14.4,84.0,108.0
14.4,84.0,109.2
14.4,84.0,110.4
14.4,84.0,111.6
14.4,84.0,112.8
14.4,84.0,114.0
14.4,85.2,94.8
14.4,85.2,96.0
14.4,85.2,97.2
14.4,85.2,98.4
14.4,85.2,99.6
14.4,85.2,100.8
14.4,85.2,102.0
14.4,85.2,103.2
14.4,85.2,104.4
14.4,85.2,105.6
14.4,85.2,106.8
14.4,85.2,108.0
14.4,85.2,109.2
14.4,85.2,110.4
14.4,85.2,111.6
14.4,85.2,112.8
14.4,85.2,114.0
14.4,85.2,115.2
14.4,86.4,96.0
14.4,86.4,97.2
14.4,86.4,98.4
14.4,86.4,99.6
14.4,86.4,100.8
14.4,86.4,102.0
14.4,86.4,103.2
14.4,86.4,104.4
14.4,86.4,105.6
14.4,86.4,106.8
14.4,86.4,108.0
14.4,86.4,109.2
14.4,86.4,110.4
14.4,86.4,111.6
14.4,86.4,112.8
14.4,86.4,114.0
14.4,86.4,115.2
14.4,86.4,116.4
14.4,87.6,96.0
14.4,87.6,97.2
14.4,87.6,98.4
14.4,87.6,99.6
14.4,87.6,100.8
14.4,87.6,102.0
14.4,87.6,103.2
14.4,87.6,104.4
14.4,87.6,105.6
14.4,87.6,106.8
14.4,87.6,108.0
14.4,87.6,109.2
14.4,87.6,110.4
14.4,87.6,111.6
14.4,87.6,112.8
14.4,87.6,114.0
14.4,87.6,115.2
14.4,87.6,116.4
14.4,88.8,96.0
14.4,88.8,97.2
14.4,88.8,98.4
14.4,88.8,99.6
14.4,88.8,100.8
14.4,88.8,102.0
14.4,88.8,103.2
14.4,88.8,104.4
14.4,88.8,105.6
14.4,88.8,106.8
14.4,88.8,108.0
14.4,88.8,109.2
14.4,88.8,110.4
14.4,88.8,111.6
14.4,88.8,112.8
14.4,88.8,114.0
14.4,88.8,115.2
14.4,88.8,116.4
14.4,90.0,96.0
14.4,90.0,97.2
14.4,90.0,98.4
14.4,90.0,99.6
14.4,90.0,100.8
14.4,90.0,102.0
14.4,90.0,103.2
14.4,90.0,104.4
14.4,90.0,105.6
14.4,90.0,106.8
14.4,90.0,108.0
14.4,90.0,109.2
14.4,90.0,110.4
14.4,90.0,111.6
14.4,90.0,112.8
14.4,90.0,114.0
14.4,90.0,115.2
14.4,90.0,116.4
15.6,63.6,57.6
15.6,63.6,58.8
15.6,63.6,60.0
15.6,63.6,61.2
15.6,63.6,62.4
15.6,63.6,63.6
15.6,63.6,64.8
15.6,63.6,66.0
15.6,63.6,67.2
15.6,63.6,68.4
15.6,63.6,69.6
15.6,63.6,70.8
15.6,63.6,72.0
15.6,63.6,73.2
15.6,63.6,74.4
15.6,63.6,75.6
15.6,63.6,76.8
15.6,63.6,78.0
15.6,63.6,79.2
15.6,63.6,80.4
15.6,63.6,81.6
15.6,63.6,82.8
15.6,63.6,84.0
15.6,63.6,85.2
15.6,63.6,86.4
15.6,63.6,87.6
15.6,63.6,88.8
15.6,63.6,90.0
15.6,63.6,91.2
15.6,63.6,92.4
15.6,63.6,93.6
15.6,64.8,58.8
15.6,64.8,60.0
15.6,64.8,61.2
15.6,64.8,62.4
15.6,64.8,63.6
15.6,64.8,64.8
15.6,64.8,66.0
15.6,64.8,67.2
15.6,64.8,68.4
15.6,64.8,69.6
15.6,64.8,70.8
15.6,64.8,72.0
15.6,64.8,73.2
15.6,64.8,74.4
15.6,64.8,75.6
15.6,64.8,76.8
15.6,64.8,78.0
15.6,64.8,79.2
15.6,64.8,80.4
15.6,64.8,81.6
15.6,64.8,82.8
15.6,64.8,84.0
15.6,64.8,85.2
15.6,64.8,86.4
15.6,64.8,87.6
15.6,64.8,88.8
15.6,64.8,90.0
15.6,64.8,91.2
15.6,64.8,92.4
15.6,64.8,93.6
15.6,64.8,94.8
15.6,66.0,60.0
15.6,66.0,61.2
15.6,66.0,62.4
15.6,66.0,63.6
15.6,66.0,64.8
15.6,66.0,66.0
15.6,66.0,67.2
15.6,66.0,68.4
15.6,66.0,69.6
15.6,66.0,70.8
15.6,66.0,72.0
15.6,66.0,73.2
15.6,66.0,74.4
15.6,66.0,75.6
15.6,66.0,76.8
15.6,66.0,78.0
15.6,66.0,79.2
15.6,66.0,80.4
15.6,66.0,81.6
15.6,66.0,82.8
15.6,66.0,84.0
15.6,66.0,85.2
15.6,66.0,86.4
15.6,66.0,87.6
15.6,66.0,88.8
15.6,66.0,90.0
15.6,66.0,91.2
15.6,66.0,92.4
15.6,66.0,93.6
15.6,66.0,94.8
15.6,66.0,96.0
15.6,67.2,61.2
15.6,67.2,62.4
15.6,67.2,63.6
15.6,67.2,64.8
15.6,67.2,66.0
15.6,67.2,67.2
15.6,67.2,68.4
15.6,67.2,69.6
15.6,67.2,70.8
15.6,67.2,72.0
15.6,67.2,73.2
15.6,67.2,74.4
15.6,67.2,75.6
15.6,67.2,76.8
15.6,67.2,78.0
15.6,67.2,79.2
15.6,67.2,80.4
15.6,67.2,81.6
15.6,67.2,82.8
15.6,67.2,84.0
15.6,67.2,85.2
15.6,67.2,86.4
15.6,67.2,87.6
15.6,67.2,88.8
15.6,67.2,90.0
15.6,67.2,91.2
15.6,67.2,92.4
15.6,67.2,93.6
15.6,67.2,94.8
15.6,67.2,96.0
15.6,67.2,97.2
15.6,68.4,62.4
15.6,68.4,63.6
15.6,68.4,64.8
15.6,68.4,66.0
15.6,68.4,67.2
15.6,68.4,68.4
15.6,68.4,69.6
15.6,68.4,70.8
15.6,68.4,72.0
15.6,68.4,73.2
15.6,68.4,74.4
15.6,68.4,75.6
15.6,68.4,76.8
15.6,68.4,78.0
15.6,68.4,79.2
15.6,68.4,80.4
15.6,68.4,81.6
15.6,68.4,82.8
15.6,68.4,84.0
15.6,68.4,85.2
15.6,68.4,86.4
15.6,68.4,87.6
15.6,68.4,88.8
15.6,68.4,90.0
15.6,68.4,91.2
15.6,68.4,92.4
15.6,68.4,93.6
15.6,68.4,94.8
15.6,68.4,96.0
15.6,68.4,97.2
15.6,68.4,98.4
15.6,69.6,63.6
15.6,69.6,64.8
15.6,69.6,66.0
15.6,69.6,67.2
15.6,69.6,68.4
15.6,69.6,69.6
15.6,69.6,70.8
15.6,69.6,72.0
15.6,69.6,73.2
15.6,69.6,74.4
15.6,69.6,75.6
15.6,69.6,76.8
15.6,69.6,78.0
15.6,69.6,79.2
15.6,69.6,80.4
15.6,69.6,81.6
15.6,69.6,82.8
15.6,69.6,84.0
15.6,69.6,85.2
15.6,69.6,86.4
15.6,69.6,87.6
15.6,69.6,88.8
15.6,69.6,90.0
15.6,69.6,91.2
15.6,69.6,92.4
15.6,69.6,93.6
15.6,69.6,94.8
15.6,69.6,96.0
15.6,69.6,97.2
15.6,69.6,98.4
15.6,69.6,99.6
15.6,70.8,64.8
15.6,70.8,66.0
15.6,70.8,67.2
15.6,70.8,68.4
15.6,70.8,69.6
15.6,70.8,70.8
15.6,70.8,72.0
15.6,70.8,73.2
15.6,70.8,74.4
15.6,70.8,75.6
15.6,70.8,76.8
15.6,70.8,78.0
15.6,70.8,79.2
15.6,70.8,80.4
15.6,70.8,81.6
15.6,70.8,82.8
15.6,70.8,84.0
15.6,70.8,85.2
15.6,70.8,86.4
15.6,70.8,87.6
15.6,70.8,88.8
15.6,70.8,90.0
15.6,70.8,91.2
15.6,70.8,92.4
15.6,70.8,93.6
15.6,70.8,94.8
15.6,70.8,96.0
15.6,70.8,97.2
15.6,70.8,98.4
15.6,70.8,99.6
15.6,70.8,100.8
15.6,72.0,66.0
15.6,72.0,67.2
15.6,72.0,68.4
15.6,72.0,69.6
15.6,72.0,70.8
15.6,72.0,72.0
15.6,72.0,73.2
15.6,72.0,74.4
15.6,72.0,75.6
15.6,72.0,76.8
15.6,72.0,78.0
15.6,72.0,79.2
15.6,72.0,80.4
15.6,72.0,81.6
15.6,72.0,82.8
15.6,72.0,84.0
15.6,72.0,85.2
15.6,72.0,86.4
15.6,72.0,87.6
15.6,72.0,88.8
15.6,72.0,90.0
15.6,72.0,91.2
15.6,72.0,92.4
15.6,72.0,93.6
15.6,72.0,94.8
15.6,72.0,96.0
15.6,72.0,97.2
15.6,72.0,98.4
15.6,72.0,99.6
15.6,72.0,100.8
15.6,72.0,102.0
15.6,73.2,67.2
15.6,73.2,68.4
15.6,73.2,69.6
15.6,73.2,70.8
15.6,73.2,72.0
15.6,73.2,73.2
15.6,73.2,74.4
15.6,73.2,75.6
15.6,73.2,76.8
15.6,73.2,78.0
15.6,73.2,79.2
15.6,73.2,80.4
15.6,73.2,81.6
15.6,73.2,82.8
15.6,73.2,84.0
15.6,73.2,85.2
15.6,73.2,86.4
15.6,73.2,87.6
15.6,73.2,88.8
15.6,73.2,90.0
15.6,73.2,91.2
15.6,73.2,92.4
15.6,73.2,93.6
15.6,73.2,94.8
15.6,73.2,96.0
15.6,73.2,97.2
15.6,73.2,98.4
15.6,73.2,99.6
15.6,73.2,100.8
15.6,73.2,102.0
15.6,73.2,103.2
15.6,74.4,68.4
15.6,74.4,69.6
15.6,74.4,70.8
15.6,74.4,72.0
15.6,74.4,73.2
15.6,74.4,74.4
15.6,74.4,75.6
15.6,74.4,76.8
15.6,74.4,78.0
15.6,74.4,79.2
15.6,74.4,80.4
15.6,74.4,81.6
15.6,74.4,82.8
15.6,74.4,84.0
15.6,74.4,85.2
15.6,74.4,86.4
15.6,74.4,87.6
15.6,74.4,88.8
15.6,74.4,90.0
15.6,74.4,91.2
15.6,74.4,92.4
15.6,74.4,93.6
15.6,74.4,94.8
15.6,74.4,96.0
15.6,74.4,97.2
15.6,74.4,98.4
15.6,74.4,99.6
15.6,74.4,100.8
15.6,74.4,102.0
15.6,74.4,103.2
15.6,74.4,104.4
15.6,75.6,69.6
15.6,75.6,70.8
15.6,75.6,72.0
15.6,75.6,73.2
15.6,75.6,74.4
15.6,75.6,75.6
15.6,75.6,76.8
15.6,75.6,78.0
15.6,75.6,79.2
15.6,75.6,80.4
15.6,75.6,81.6
15.6,75.6,82.8
15.6,75.6,84.0
15.6,75.6,85.2
15.6,75.6,86.4
15.6,75.6,87.6
15.6,75.6,88.8
15.6,75.6,90.0
15.6,75.6,91.2
15.6,75.6,92.4
15.6,75.6,93.6
15.6,75.6,94.8
15.6,75.6,96.0
15.6,75.6,97.2
15.6,75.6,98.4
15.6,75.6,99.6
15.6,75.6,100.8
15.6,75.6,102.0
15.6,75.6,103.2
15.6,75.6,104.4
15.6,75.6,105.6
15.6,76.8,85.2
15.6,76.8,86.4
15.6,76.8,87.6
15.6,76.8,88.8
15.6,76.8,90.0
15.6,76.8,91.2
15.6,76.8,92.4
15.6,76.8,93.6
15.6,76.8,94.8
15.6,76.8,96.0
15.6,76.8,97.2
15.6,76.8,98.4
15.6,76.8,99.6
15.6,76.8,100.8
15.6,76.8,102.0
15.6,76.8,103.2
15.6,76.8,104.4
15.6,76.8,105.6
15.6,76.8,106.8
15.6,78.0,86.4
15.6,78.0,87.6
15.6,78.0,88.8
15.6,78.0,90.0
15.6,78.0,91.2
15.6,78.0,92.4
15.6,78.0,93.6
15.6,78.0,94.8
15.6,78.0,96.0
15.6,78.0,97.2
15.6,78.0,98.4
15.6,78.0,99.6
15.6,78.0,100.8
15.6,78.0,102.0
15.6,78.0,103.2
15.6,78.0,104.4
15.6,78.0,105.6
15.6,78.0,106.8
15.6,78.0,108.0
15.6,79.2,87.6
15.6,79.2,88.8
15.6,79.2,90.0
15.6,79.2,91.2
15.6,79.2,92.4
15.6,79.2,93.6
15.6,79.2,94.8
15.6,79.2,96.0
15.6,79.2,97.2
15.6,79.2,98.4
15.6,79.2,99.6
15.6,79.2,100.8
15.6,79.2,102.0
15.6,79.2,103.2
15.6,79.2,104.4
15.6,79.2,105.6
15.6,79.2,106.8
15.6,79.2,108.0
15.6,79.2,109.2
15.6,80.4,88.8
15.6,80.4,90.0
15.6,80.4,91.2
15.6,80.4,92.4
15.6,80.4,93.6
15.6,80.4,94.8
15.6,80.4,96.0
15.6,80.4,97.2
15.6,80.4,98.4
15.6,80.4,99.6
15.6,80.4,100.8
15.6,80.4,102.0
15.6,80.4,103.2
15.6,80.4,104.4
15.6,80.4,105.6
15.6,80.4,106.8
15.6,80.4,108.0
15.6,80.4,109.2
15.6,80.4,110.4
15.6,81.6,90.0
15.6,81.6,91.2
15.6,81.6,92.4
15.6,81.6,93.6
15.6,81.6,94.8
15.6,81.6,96.0
15.6,81.6,97.2
15.6,81.6,98.4
15.6,81.6,99.6
15.6,81.6,100.8
15.6,81.6,102.0
15.6,81.6,103.2
15.6,81.6,104.4
15.6,81.6,105.6
15.6,81.6,106.8
15.6,81.6,108.0
15.6,81.6,109.2
15.6,81.6,110.4
15.6,81.6,111.6
15.6,82.8,91.2
15.6,82.8,92.4
15.6,82.8,93.6
15.6,82.8,94.8
15.6,82.8,96.0
15.6,82.8,97.2
15.6,82.8,98.4
15.6,82.8,99.6
15.6,82.8,100.8
15.6,82.8,102.0
15.6,82.8,103.2
15.6,82.8,104.4
15.6,82.8,105.6
15.6,82.8,106.8
15.6,82.8,108.0
15.6,82.8,109.2
15.6,82.8,110.4
15.6,82.8,111.6
15.6,82.8,112.8
15.6,84.0,92.4
15.6,84.0,93.6
15.6,84.0,94.8
15.6,84.0,96.0
15.6,84.0,97.2
15.6,84.0,98.4
15.6,84.0,99.6
15.6,84.0,100.8
15.6,84.0,102.0
15.6,84.0,103.2
15.6,84.0,104.4
15.6,84.0,105.6
15.6,84.0,106.8
15.6,84.0,108.0
15.6,84.0,109.2
15.6,84.0,110.4
15.6,84.0,111.6
15.6,84.0,112.8
15.6,84.0,114.0
15.6,85.2,93.6
15.6,85.2,94.8
15.6,85.2,96.0
15.6,85.2,97.2
15.6,85.2,98.4
15.6,85.2,99.6
15.6,85.2,100.8
15.6,85.2,102.0
15.6,85.2,103.2
15.6,85.2,104.4
15.6,85.2,105.6
15.6,85.2,106.8
15.6,85.2,108.0
15.6,85.2,109.2
15.6,85.2,110.4
15.6,85.2,111.6
15.6,85.2,112.8
15.6,85.2,114.0
15.6,85.2,115.2
15.6,86.4,94.8
15.6,86.4,96.0
15.6,86.4,97.2
15.6,86.4,98.4
15.6,86.4,99.6
15.6,86.4,100.8
15.6,86.4,102.0
15.6,86.4,103.2
15.6,86.4,104.4
15.6,86.4,105.6
15.6,86.4,106.8
15.6,86.4,108.0
15.6,86.4,109.2
15.6,86.4,110.4
15.6,86.4,111.6
15.6,86.4,112.8
15.6,86.4,114.0
15.6,86.4,115.2
15.6,86.4,116.4
15.6,87.6,96.0
15.6,87.6,97.2
15.6,87.6,98.4
15.6,87.6,99.6
15.6,87.6,100.8
15.6,87.6,102.0
15.6,87.6,103.2
15.6,87.6,104.4
15.6,87.6,105.6
15.6,87.6,106.8
15.6,87.6,108.0
15.6,87.6,109.2
15.6,87.6,110.4
15.6,87.6,111.6
15.6,87.6,112.8
15.6,87.6,114.0
15.6,87.6,115.2
15.6,87.6,116.4
15.6,87.6,117.6
15.6,88.8,96.0
15.6,88.8,97.2
15.6,88.8,98.4
15.6,88.8,99.6
15.6,88.8,100.8
15.6,88.8,102.0
15.6,88.8,103.2
15.6,88.8,104.4
15.6,88.8,105.6
15.6,88.8,106.8
15.6,88.8,108.0
15.6,88.8,109.2
15.6,88.8,110.4
15.6,88.8,111.6
15.6,88.8,112.8
15.6,88.8,114.0
15.6,88.8,115.2
15.6,88.8,116.4
15.6,88.8,117.6
15.6,90.0,96.0
15.6,90.0,97.2
15.6,90.0,98.4
15.6,90.0,99.6
15.6,90.0,100.8
15.6,90.0,102.0
15.6,90.0,103.2
15.6,90.0,104.4
15.6,90.0,105.6
15.6,90.0,106.8
15.6,90.0,108.0
15.6,90.0,109.2
15.6,90.0,110.4
15.6,90.0,111.6
15.6,90.0,112.8
15.6,90.0,114.0
15.6,90.0,115.2
15.6,90.0,116.4
15.6,90.0,117.6
16.8,64.8,58.8
16.8,64.8,60.0
16.8,64.8,61.2
16.8,64.8,62.4
16.8,64.8,63.6
16.8,64.8,64.8
16.8,64.8,66.0
16.8,64.8,67.2
16.8,64.8,68.4
16.8,64.8,69.6
16.8,64.8,70.8
16.8,64.8,72.0
16.8,64.8,73.2
16.8,64.8,74.4
16.8,64.8,75.6
16.8,64.8,76.8
16.8,64.8,78.0
16.8,64.8,79.2
16.8,64.8,80.4
16.8,64.8,81.6
16.8,64.8,82.8
16.8,64.8,84.0
16.8,64.8,85.2
16.8,64.8,86.4
16.8,64.8,87.6
16.8,64.8,88.8
16.8,64.8,90.0
16.8,64.8,91.2
16.8,64.8,92.4
16.8,64.8,93.6
16.8,64.8,94.8
16.8,66.0,60.0
16.8,66.0,61.2
16.8,66.0,62.4
16.8,66.0,63.6
16.8,66.0,64.8
16.8,66.0,66.0
16.8,66.0,67.2
16.8,66.0,68.4
16.8,66.0,69.6
16.8,66.0,70.8
16.8,66.0,72.0
16.8,66.0,73.2
16.8,66.0,74.4
16.8,66.0,75.6
16.8,66.0,76.8
16.8,66.0,78.0
16.8,66.0,79.2
16.8,66.0,80.4
16.8,66.0,81.6
16.8,66.0,82.8
16.8,66.0,84.0
16.8,66.0,85.2
16.8,66.0,86.4
16.8,66.0,87.6
16.8,66.0,88.8
16.8,66.0,90.0
16.8,66.0,91.2
16.8,66.0,92.4
16.8,66.0,93.6
16.8,66.0,94.8
16.8,66.0,96.0
16.8,67.2,61.2
16.8,67.2,62.4
16.8,67.2,63.6
16.8,67.2,64.8
16.8,67.2,66.0
16.8,67.2,67.2
16.8,67.2,68.4
16.8,67.2,69.6
16.8,67.2,70.8
16.8,67.2,72.0
16.8,67.2,73.2
16.8,67.2,74.4
16.8,67.2,75.6
16.8,67.2,76.8
16.8,67.2,78.0
16.8,67.2,79.2
16.8,67.2,80.4
16.8,67.2,81.6
16.8,67.2,82.8
16.8,67.2,84.0
16.8,67.2,85.2
16.8,67.2,86.4
16.8,67.2,87.6
16.8,67.2,88.8
16.8,67.2,90.0
16.8,67.2,91.2
16.8,67.2,92.4
16.8,67.2,93.6
16.8,67.2,94.8
16.8,67.2,96.0
16.8,67.2,97.2
16.8,68.4,62.4
16.8,68.4,63.6
16.8,68.4,64.8
16.8,68.4,66.0
16.8,68.4,67.2
16.8,68.4,68.4
16.8,68.4,69.6
16.8,68.4,70.8
16.8,68.4,72.0
16.8,68.4,73.2
16.8,68.4,74.4
16.8,68.4,75.6
16.8,68.4,76.8
16.8,68.4,78.0
16.8,68.4,79.2
16.8,68.4,80.4
16.8,68.4,81.6
16.8,68.4,82.8
16.8,68.4,84.0
16.8,68.4,85.2
16.8,68.4,86.4
16.8,68.4,87.6
16.8,68.4,88.8
16.8,68.4,90.0
16.8,68.4,91.2
16.8,68.4,92.4
16.8,68.4,93.6
16.8,68.4,94.8
16.8,68.4,96.0
16.8,68.4,97.2
16.8,68.4,98.4
16.8,69.6,63.6
16.8,69.6,64.8
16.8,69.6,66.0
16.8,69.6,67.2
16.8,69.6,68.4
16.8,69.6,69.6
16.8,69.6,70.8
16.8,69.6,72.0
16.8,69.6,73.2
16.8,69.6,74.4
16.8,69.6,75.6
16.8,69.6,76.8
16.8,69.6,78.0
16.8,69.6,79.2
16.8,69.6,80.4
16.8,69.6,81.6
16.8,69.6,82.8
16.8,69.6,84.0
16.8,69.6,85.2
16.8,69.6,86.4
16.8,69.6,87.6
16.8,69.6,88.8
16.8,69.6,90.0
16.8,69.6,91.2
16.8,69.6,92.4
16.8,69.6,93.6
16.8,69.6,94.8
16.8,69.6,96.0
16.8,69.6,97.2
16.8,69.6,98.4
16.8,69.6,99.6
16.8,70.8,64.8
16.8,70.8,66.0
16.8,70.8,67.2
16.8,70.8,68.4
16.8,70.8,69.6
16.8,70.8,70.8
16.8,70.8,72.0
16.8,70.8,73.2
16.8,70.8,74.4
16.8,70.8,75.6
16.8,70.8,76.8
16.8,70.8,78.0
16.8,70.8,79.2
16.8,70.8,80.4
16.8,70.8,81.6
16.8,70.8,82.8
16.8,70.8,84.0
16.8,70.8,85.2
16.8,70.8,86.4
16.8,70.8,87.6
16.8,70.8,88.8
16.8,70.8,90.0
16.8,70.8,91.2
16.8,70.8,92.4
16.8,70.8,93.6
16.8,70.8,94.8
16.8,70.8,96.0
16.8,70.8,97.2
16.8,70.8,98.4
16.8,70.8,99.6
16.8,70.8,100.8
16.8,72.0,66.0
16.8,72.0,67.2
16.8,72.0,68.4
16.8,72.0,69.6
16.8,72.0,70.8
16.8,72.0,72.0
16.8,72.0,73.2
16.8,72.0,74.4
16.8,72.0,75.6
16.8,72.0,76.8
16.8,72.0,78.0
16.8,72.0,79.2
16.8,72.0,80.4
16.8,72.0,81.6
16.8,72.0,82.8
16.8,72.0,84.0
16.8,72.0,85.2
16.8,72.0,86.4
16.8,72.0,87.6
16.8,72.0,88.8
16.8,72.0,90.0
16.8,72.0,91.2
16.8,72.0,92.4
16.8,72.0,93.6
16.8,72.0,94.8
16.8,72.0,96.0
16.8,72.0,97.2
16.8,72.0,98.4
16.8,72.0,99.6
16.8,72.0,100.8
16.8,72.0,102.0
16.8,73.2,67.2
16.8,73.2,68.4
16.8,73.2,69.6
16.8,73.2,70.8
16.8,73.2,72.0
16.8,73.2,73.2
16.8,73.2,74.4
16.8,73.2,75.6
16.8,73.2,76.8
16.8,73.2,78.0
16.8,73.2,79.2
16.8,73.2,80.4
16.8,73.2,81.6
16.8,73.2,82.8
16.8,73.2,84.0
16.8,73.2,85.2
16.8,73.2,86.4
16.8,73.2,87.6
16.8,73.2,88.8
16.8,73.2,90.0
16.8,73.2,91.2
16.8,73.2,92.4
16.8,73.2,93.6
16.8,73.2,94.8
16.8,73.2,96.0
16.8,73.2,97.2
16.8,73.2,98.4
16.8,73.2,99.6
16.8,73.2,100.8
16.8,73.2,102.0
16.8,73.2,103.2
16.8,74.4,68.4
16.8,74.4,69.6
16.8,74.4,70.8
16.8,74.4,72.0
16.8,74.4,73.2
16.8,74.4,74.4
16.8,74.4,75.6
16.8,74.4,76.8
16.8,74.4,78.0
16.8,74.4,79.2
16.8,74.4,80.4
16.8,74.4,81.6
16.8,74.4,82.8
16.8,74.4,84.0
16.8,74.4,85.2
16.8,74.4,86.4
16.8,74.4,87.6
16.8,74.4,88.8
16.8,74.4,90.0
16.8,74.4,91.2
16.8,74.4,92.4
16.8,74.4,93.6
16.8,74.4,94.8
16.8,74.4,96.0
16.8,74.4,97.2
16.8,74.4,98.4
16.8,74.4,99.6
16.8,74.4,100.8
16.8,74.4,102.0
16.8,74.4,103.2
16.8,74.4,104.4
16.8,75.6,69.6
16.8,75.6,70.8
16.8,75.6,72.0
16.8,75.6,73.2
16.8,75.6,74.4
16.8,75.6,75.6
16.8,75.6,76.8
16.8,75.6,78.0
16.8,75.6,79.2
16.8,75.6,80.4
16.8,75.6,81.6
16.8,75.6,82.8
16.8,75.6,84.0
16.8,75.6,85.2
16.8,75.6,86.4
16.8,75.6,87.6
16.8,75.6,88.8
16.8,75.6,90.0
16.8,75.6,91.2
16.8,75.6,92.4
16.8,75.6,93.6
16.8,75.6,94.8
16.8,75.6,96.0
16.8,75.6,97.2
16.8,75.6,98.4
16.8,75.6,99.6
16.8,75.6,100.8
16.8,75.6,102.0
16.8,75.6,103.2
16.8,75.6,104.4
16.8,75.6,105.6
16.8,76.8,70.8
16.8,76.8,72.0
16.8,76.8,73.2
16.8,76.8,74.4
16.8,76.8,75.6
16.8,76.8,76.8
16.8,76.8,78.0
16.8,76.8,79.2
16.8,76.8,80.4
16.8,76.8,81.6
16.8,76.8,82.8
16.8,76.8,84.0
16.8,76.8,85.2
16.8,76.8,86.4
16.8,76.8,87.6
16.8,76.8,88.8
16.8,76.8,90.0
16.8,76.8,91.2
16.8,76.8,92.4
16.8,76.8,93.6
16.8,76.8,94.8
16.8,76.8,96.0
16.8,76.8,97.2
16.8,76.8,98.4
16.8,76.8,99.6
16.8,76.8,100.8
16.8,76.8,102.0
16.8,76.8,103.2
16.8,76.8,104.4
16.8,76.8,105.6
16.8,76.8,106.8
16.8,78.0,85.2
16.8,78.0,86.4
16.8,78.0,87.6
16.8,78.0,88.8
16.8,78.0,90.0
16.8,78.0,91.2
16.8,78.0,92.4
16.8,78.0,93.6
16.8,78.0,94.8
16.8,78.0,96.0
16.8,78.0,97.2
16.8,78.0,98.4
16.8,78.0,99.6
16.8,78.0,100.8
16.8,78.0,102.0
16.8,78.0,103.2
16.8,78.0,104.4
16.8,78.0,105.6
16.8,78.0,106.8
16.8,78.0,108.0
16.8,79.2,86.4
16.8,79.2,87.6
16.8,79.2,88.8
16.8,79.2,90.0
16.8,79.2,91.2
16.8,79.2,92.4
16.8,79.2,93.6
16.8,79.2,94.8
16.8,79.2,96.0
16.8,79.2,97.2
16.8,79.2,98.4
16.8,79.2,99.6
16.8,79.2,100.8
16.8,79.2,102.0
16.8,79.2,103.2
16.8,79.2,104.4
16.8,79.2,105.6
16.8,79.2,106.8
16.8,79.2,108.0
16.8,79.2,109.2
16.8,80.4,87.6
16.8,80.4,88.8
16.8,80.4,90.0
16.8,80.4,91.2
16.8,80.4,92.4
16.8,80.4,93.6
16.8,80.4,94.8
16.8,80.4,96.0
16.8,80.4,97.2
16.8,80.4,98.4
16.8,80.4,99.6
16.8,80.4,100.8
16.8,80.4,102.0
16.8,80.4,103.2
16.8,80.4,104.4
16.8,80.4,105.6
16.8,80.4,106.8
16.8,80.4,108.0
16.8,80.4,109.2
16.8,80.4,110.4
16.8,81.6,88.8
16.8,81.6,90.0
16.8,81.6,91.2
16.8,81.6,92.4
16.8,81.6,93.6
16.8,81.6,94.8
16.8,81.6,96.0
16.8,81.6,97.2
16.8,81.6,98.4
16.8,81.6,99.6
16.8,81.6,100.8
16.8,81.6,102.0
16.8,81.6,103.2
16.8,81.6,104.4
16.8,81.6,105.6
16.8,81.6,106.8
16.8,81.6,108.0
16.8,81.6,109.2
16.8,81.6,110.4
16.8,81.6,111.6
16.8,82.8,90.0
16.8,82.8,91.2
16.8,82.8,92.4
16.8,82.8,93.6
16.8,82.8,94.8
16.8,82.8,96.0
16.8,82.8,97.2
16.8,82.8,98.4
16.8,82.8,99.6
16.8,82.8,100.8
16.8,82.8,102.0
16.8,82.8,103.2
16.8,82.8,104.4
16.8,82.8,105.6
16.8,82.8,106.8
16.8,82.8,108.0
16.8,82.8,109.2
16.8,82.8,110.4
16.8,82.8,111.6
16.8,82.8,112.8
16.8,84.0,91.2
16.8,84.0,92.4
16.8,84.0,93.6
16.8,84.0,94.8
16.8,84.0,96.0
16.8,84.0,97.2
16.8,84.0,98.4
16.8,84.0,99.6
16.8,84.0,100.8
16.8,84.0,102.0
16.8,84.0,103.2
16.8,84.0,104.4
16.8,84.0,105.6
16.8,84.0,106.8
16.8,84.0,108.0
16.8,84.0,109.2
16.8,84.0,110.4
16.8,84.0,111.6
16.8,84.0,112.8
16.8,84.0,114.0
16.8,85.2,92.4
16.8,85.2,93.6
16.8,85.2,94.8
16.8,85.2,96.0
16.8,85.2,97.2
16.8,85.2,98.4
16.8,85.2,99.6
16.8,85.2,100.8
16.8,85.2,102.0
16.8,85.2,103.2
16.8,85.2,104.4
16.8,85.2,105.6
16.8,85.2,106.8
16.8,85.2,108.0
16.8,85.2,109.2
16.8,85.2,110.4
16.8,85.2,111.6
16.8,85.2,112.8
16.8,85.2,114.0
16.8,85.2,115.2
16.8,86.4,93.6
16.8,86.4,94.8
16.8,86.4,96.0
16.8,86.4,97.2
16.8,86.4,98.4
16.8,86.4,99.6
16.8,86.4,100.8
16.8,86.4,102.0
16.8,86.4,103.2
16.8,86.4,104.4
16.8,86.4,105.6
16.8,86.4,106.8
16.8,86.4,108.0
16.8,86.4,109.2
16.8,86.4,110.4
16.8,86.4,111.6
16.8,86.4,112.8
16.8,86.4,114.0
16.8,86.4,115.2
16.8,86.4,116.4
16.8,87.6,94.8
16.8,87.6,96.0
16.8,87.6,97.2
16.8,87.6,98.4
16.8,87.6,99.6
16.8,87.6,100.8
16.8,87.6,102.0
16.8,87.6,103.2
16.8,87.6,104.4
16.8,87.6,105.6
16.8,87.6,106.8
16.8,87.6,108.0
16.8,87.6,109.2
16.8,87.6,110.4
16.8,87.6,111.6
16.8,87.6,112.8
16.8,87.6,114.0
16.8,87.6,115.2
16.8,87.6,116.4
16.8,87.6,117.6
16.8,88.8,96.0
16.8,88.8,97.2
16.8,88.8,98.4
16.8,88.8,99.6
16.8,88.8,100.8
16.8,88.8,102.0
16.8,88.8,103.2
16.8,88.8,104.4
16.8,88.8,105.6
16.8,88.8,106.8
16.8,88.8,108.0
16.8,88.8,109.2
16.8,88.8,110.4
16.8,88.8,111.6
16.8,88.8,112.8
16.8,88.8,114.0
16.8,88.8,115.2
16.8,88.8,116.4
16.8,88.8,117.6
16.8,88.8,118.8
16.8,90.0,96.0
16.8,90.0,97.2
16.8,90.0,98.4
16.8,90.0,99.6
16.8,90.0,100.8
16.8,90.0,102.0
16.8,90.0,103.2
16.8,90.0,104.4
16.8,90.0,105.6
16.8,90.0,106.8
16.8,90.0,108.0
16.8,90.0,109.2
16.8,90.0,110.4
16.8,90.0,111.6
16.8,90.0,112.8
16.8,90.0,114.0
16.8,90.0,115.2
16.8,90.0,116.4
16.8,90.0,117.6
16.8,90.0,118.8
18.0,66.0,60.0
18.0,66.0,61.2
18.0,66.0,62.4
18.0,66.0,63.6
18.0,66.0,64.8
18.0,66.0,66.0
18.0,66.0,67.2
18.0,66.0,68.4
18.0,66.0,69.6
18.0,66.0,70.8
18.0,66.0,72.0
18.0,66.0,73.2
18.0,66.0,74.4
18.0,66.0,75.6
18.0,66.0,76.8
18.0,66.0,78.0
18.0,66.0,79.2
18.0,66.0,80.4
18.0,66.0,81.6
18.0,66.0,82.8
18.0,66.0,84.0
18.0,66.0,85.2
18.0,66.0,86.4
18.0,66.0,87.6
18.0,66.0,88.8
18.0,66.0,90.0
18.0,66.0,91.2
18.0,66.0,92.4
18.0,66.0,93.6
18.0,66.0,94.8
18.0,66.0,96.0
18.0,67.2,61.2
18.0,67.2,62.4
18.0,67.2,63.6
18.0,67.2,64.8
18.0,67.2,66.0
18.0,67.2,67.2
18.0,67.2,68.4
18.0,67.2,69.6
18.0,67.2,70.8
18.0,67.2,72.0
18.0,67.2,73.2
18.0,67.2,74.4
18.0,67.2,75.6
18.0,67.2,76.8
18.0,67.2,78.0
18.0,67.2,79.2
18.0,67.2,80.4
18.0,67.2,81.6
18.0,67.2,82.8
18.0,67.2,84.0
18.0,67.2,85.2
18.0,67.2,86.4
18.0,67.2,87.6
18.0,67.2,88.8
18.0,67.2,90.0
18.0,67.2,91.2
18.0,67.2,92.4
18.0,67.2,93.6
18.0,67.2,94.8
18.0,67.2,96.0
18.0,67.2,97.2
18.0,68.4,62.4
18.0,68.4,63.6
18.0,68.4,64.8
18.0,68.4,66.0
18.0,68.4,67.2
18.0,68.4,68.4
18.0,68.4,69.6
18.0,68.4,70.8
18.0,68.4,72.0
18.0,68.4,73.2
18.0,68.4,74.4
18.0,68.4,75.6
18.0,68.4,76.8
18.0,68.4,78.0
18.0,68.4,79.2
18.0,68.4,80.4
18.0,68.4,81.6
18.0,68.4,82.8
18.0,68.4,84.0
18.0,68.4,85.2
18.0,68.4,86.4
18.0,68.4,87.6
18.0,68.4,88.8
18.0,68.4,90.0
18.0,68.4,91.2
18.0,68.4,92.4
18.0,68.4,93.6
18.0,68.4,94.8
18.0,68.4,96.0
18.0,68.4,97.2
18.0,68.4,98.4
18.0,69.6,63.6
18.0,69.6,64.8
18.0,69.6,66.0
18.0,69.6,67.2
18.0,69.6,68.4
18.0,69.6,69.6
18.0,69.6,70.8
18.0,69.6,72.0
18.0,69.6,73.2
18.0,69.6,74.4
18.0,69.6,75.6
18.0,69.6,76.8
18.0,69.6,78.0
18.0,69.6,79.2
18.0,69.6,80.4
18.0,69.6,81.6
18.0,69.6,82.8
18.0,69.6,84.0
18.0,69.6,85.2
18.0,69.6,86.4
18.0,69.6,87.6
18.0,69.6,88.8
18.0,69.6,90.0
18.0,69.6,91.2
18.0,69.6,92.4
18.0,69.6,93.6
18.0,69.6,94.8
18.0,69.6,96.0
18.0,69.6,97.2
18.0,69.6,98.4
18.0,69.6,99.6
18.0,70.8,64.8
18.0,70.8,66.0
18.0,70.8,67.2
18.0,70.8,68.4
18.0,70.8,69.6
18.0,70.8,70.8
18.0,70.8,72.0
18.0,70.8,73.2
18.0,70.8,74.4
18.0,70.8,75.6
18.0,70.8,76.8
18.0,70.8,78.0
18.0,70.8,79.2
18.0,70.8,80.4
18.0,70.8,81.6
18.0,70.8,82.8
18.0,70.8,84.0
18.0,70.8,85.2
18.0,70.8,86.4
18.0,70.8,87.6
18.0,70.8,88.8
18.0,70.8,90.0
18.0,70.8,91.2
18.0,70.8,92.4
18.0,70.8,93.6
18.0,70.8,94.8
18.0,70.8,96.0
18.0,70.8,97.2
18.0,70.8,98.4
18.0,70.8,99.6
18.0,70.8,100.8
18.0,72.0,66.0
18.0,72.0,67.2
18.0,72.0,68.4
18.0,72.0,69.6
18.0,72.0,70.8
18.0,72.0,72.0
18.0,72.0,73.2
18.0,72.0,74.4
18.0,72.0,75.6
18.0,72.0,76.8
18.0,72.0,78.0
18.0,72.0,79.2
18.0,72.0,80.4
18.0,72.0,81.6
18.0,72.0,82.8
18.0,72.0,84.0
18.0,72.0,85.2
18.0,72.0,86.4
18.0,72.0,87.6
18.0,72.0,88.8
18.0,72.0,90.0
18.0,72.0,91.2
18.0,72.0,92.4
18.0,72.0,93.6
18.0,72.0,94.8
18.0,72.0,96.0
18.0,72.0,97.2
18.0,72.0,98.4
18.0,72.0,99.6
18.0,72.0,100.8
18.0,72.0,102.0
18.0,73.2,67.2
18.0,73.2,68.4
18.0,73.2,69.6
18.0,73.2,70.8
18.0,73.2,72.0
18.0,73.2,73.2
18.0,73.2,74.4
18.0,73.2,75.6
18.0,73.2,76.8
18.0,73.2,78.0
18.0,73.2,79.2
18.0,73.2,80.4
18.0,73.2,81.6
18.0,73.2,82.8
18.0,73.2,84.0
18.0,73.2,85.2
18.0,73.2,86.4
18.0,73.2,87.6
18.0,73.2,88.8
18.0,73.2,90.0
18.0,73.2,91.2
18.0,73.2,92.4
18.0,73.2,93.6
18.0,73.2,94.8
18.0,73.2,96.0
18.0,73.2,97.2
18.0,73.2,98.4
18.0,73.2,99.6
18.0,73.2,100.8
18.0,73.2,102.0
18.0,73.2,103.2
18.0,74.4,68.4
18.0,74.4,69.6
18.0,74.4,70.8
18.0,74.4,72.0
18.0,74.4,73.2
18.0,74.4,74.4
18.0,74.4,75.6
18.0,74.4,76.8
18.0,74.4,78.0
18.0,74.4,79.2
18.0,74.4,80.4
18.0,74.4,81.6
18.0,74.4,82.8
18.0,74.4,84.0
18.0,74.4,85.2
18.0,74.4,86.4
18.0,74.4,87.6
18.0,74.4,88.8
18.0,74.4,90.0
18.0,74.4,91.2
18.0,74.4,92.4
18.0,74.4,93.6
18.0,74.4,94.8
18.0,74.4,96.0
18.0,74.4,97.2
18.0,74.4,98.4
18.0,74.4,99.6
18.0,74.4,100.8
18.0,74.4,102.0
18.0,74.4,103.2
18.0,74.4,104.4
18.0,75.6,69.6
18.0,75.6,70.8
18.0,75.6,72.0
18.0,75.6,73.2
18.0,75.6,74.4
18.0,75.6,75.6
18.0,75.6,76.8
18.0,75.6,78.0
18.0,75.6,79.2
18.0,75.6,80.4
18.0,75.6,81.6
18.0,75.6,82.8
18.0,75.6,84.0
18.0,75.6,85.2
18.0,75.6,86.4
18.0,75.6,87.6
18.0,75.6,88.8
18.0,75.6,90.0
18.0,75.6,91.2
18.0,75.6,92.4
18.0,75.6,93.6
18.0,75.6,94.8
18.0,75.6,96.0
18.0,75.6,97.2
18.0,75.6,98.4
18.0,75.6,99.6
18.0,75.6,100.8
18.0,75.6,102.0
18.0,75.6,103.2
18.0,75.6,104.4
18.0,75.6,105.6
18.0,76.8,70.8
18.0,76.8,72.0
18.0,76.8,73.2
18.0,76.8,74.4
18.0,76.8,75.6
18.0,76.8,76.8
18.0,76.8,78.0
18.0,76.8,79.2
18.0,76.8,80.4
18.0,76.8,81.6
18.0,76.8,82.8
18.0,76.8,84.0
18.0,76.8,85.2
18.0,76.8,86.4
18.0,76.8,87.6
18.0,76.8,88.8
18.0,76.8,90.0
18.0,76.8,91.2
18.0,76.8,92.4
18.0,76.8,93.6
18.0,76.8,94.8
18.0,76.8,96.0
18.0,76.8,97.2
18.0,76.8,98.4
18.0,76.8,99.6
18.0,76.8,100.8
18.0,76.8,102.0
18.0,76.8,103.2
18.0,76.8,104.4
18.0,76.8,105.6
18.0,76.8,106.8
18.0,78.0,72.0
18.0,78.0,73.2
18.0,78.0,74.4
18.0,78.0,75.6
18.0,78.0,76.8
18.0,78.0,78.0
18.0,78.0,79.2
18.0,78.0,80.4
18.0,78.0,81.6
18.0,78.0,82.8
18.0,78.0,84.0
18.0,78.0,85.2
18.0,78.0,86.4
18.0,78.0,87.6
18.0,78.0,88.8
18.0,78.0,90.0
18.0,78.0,91.2
18.0,78.0,92.4
18.0,78.0,93.6
18.0,78.0,94.8
18.0,78.0,96.0
18.0,78.0,97.2
18.0,78.0,98.4
18.0,78.0,99.6
18.0,78.0,100.8
18.0,78.0,102.0
18.0,78.0,103.2
18.0,78.0,104.4
18.0,78.0,105.6
18.0,78.0,106.8
18.0,78.0,108.0
18.0,79.2,85.2
18.0,79.2,86.4
18.0,79.2,87.6
18.0,79.2,88.8
18.0,79.2,90.0
18.0,79.2,91.2
18.0,79.2,92.4
18.0,79.2,93.6
18.0,79.2,94.8
18.0,79.2,96.0
18.0,79.2,97.2
18.0,79.2,98.4
18.0,79.2,99.6
18.0,79.2,100.8
18.0,79.2,102.0
18.0,79.2,103.2
18.0,79.2,104.4
18.0,79.2,105.6
18.0,79.2,106.8
18.0,79.2,108.0
18.0,79.2,109.2
18.0,80.4,86.4
18.0,80.4,87.6
18.0,80.4,88.8
18.0,80.4,90.0
18.0,80.4,91.2
18.0,80.4,92.4
18.0,80.4,93.6
18.0,80.4,94.8
18.0,80.4,96.0
18.0,80.4,97.2
18.0,80.4,98.4
18.0,80.4,99.6
18.0,80.4,100.8
18.0,80.4,102.0
18.0,80.4,103.2
18.0,80.4,104.4
18.0,80.4,105.6
18.0,80.4,106.8
18.0,80.4,108.0
18.0,80.4,109.2
18.0,80.4,110.4
18.0,81.6,87.6
18.0,81.6,88.8
18.0,81.6,90.0
18.0,81.6,91.2
18.0,81.6,92.4
18.0,81.6,93.6
18.0,81.6,94.8
18.0,81.6,96.0
18.0,81.6,97.2
18.0,81.6,98.4
18.0,81.6,99.6
18.0,81.6,100.8
18.0,81.6,102.0
18.0,81.6,103.2
18.0,81.6,104.4
18.0,81.6,105.6
18.0,81.6,106.8
18.0,81.6,108.0
18.0,81.6,109.2
18.0,81.6,110.4
18.0,81.6,111.6
18.0,82.8,88.8
18.0,82.8,90.0
18.0,82.8,91.2
18.0,82.8,92.4
18.0,82.8,93.6
18.0,82.8,94.8
18.0,82.8,96.0
18.0,82.8,97.2
18.0,82.8,98.4
18.0,82.8,99.6
18.0,82.8,100.8
18.0,82.8,102.0
18.0,82.8,103.2
18.0,82.8,104.4
18.0,82.8,105.6
18.0,82.8,106.8
18.0,82.8,108.0
18.0,82.8,109.2
18.0,82.8,110.4
18.0,82.8,111.6
18.0,82.8,112.8
18.0,84.0,90.0
18.0,84.0,91.2
18.0,84.0,92.4
18.0,84.0,93.6
18.0,84.0,94.8
18.0,84.0,96.0
18.0,84.0,97.2
18.0,84.0,98.4
18.0,84.0,99.6
18.0,84.0,100.8
18.0,84.0,102.0
18.0,84.0,103.2
18.0,84.0,104.4
18.0,84.0,105.6
18.0,84.0,106.8
18.0,84.0,108.0
18.0,84.0,109.2
18.0,84.0,110.4
18.0,84.0,111.6
18.0,84.0,112.8
18.0,84.0,114.0
18.0,85.2,91.2
18.0,85.2,92.4
18.0,85.2,93.6
18.0,85.2,94.8
18.0,85.2,96.0
18.0,85.2,97.2
18.0,85.2,98.4
18.0,85.2,99.6
18.0,85.2,100.8
18.0,85.2,102.0
18.0,85.2,103.2
18.0,85.2,104.4
18.0,85.2,105.6
18.0,85.2,106.8
18.0,85.2,108.0
18.0,85.2,109.2
18.0,85.2,110.4
18.0,85.2,111.6
18.0,85.2,112.8
18.0,85.2,114.0
18.0,85.2,115.2
18.0,86.4,92.4
18.0,86.4,93.6
18.0,86.4,94.8
18.0,86.4,96.0
18.0,86.4,97.2
18.0,86.4,98.4
18.0,86.4,99.6
18.0,86.4,100.8
18.0,86.4,102.0
18.0,86.4,103.2
18.0,86.4,104.4
18.0,86.4,105.6
18.0,86.4,106.8
18.0,86.4,108.0
18.0,86.4,109.2
18.0,86.4,110.4
18.0,86.4,111.6
18.0,86.4,112.8
18.0,86.4,114.0
18.0,86.4,115.2
18.0,86.4,116.4
18.0,87.6,93.6
18.0,87.6,94.8
18.0,87.6,96.0
18.0,87.6,97.2
18.0,87.6,98.4
18.0,87.6,99.6
18.0,87.6,100.8
18.0,87.6,102.0
18.0,87.6,103.2
18.0,87.6,104.4
18.0,87.6,105.6
18.0,87.6,106.8
18.0,87.6,108.0
18.0,87.6,109.2
18.0,87.6,110.4
18.0,87.6,111.6
18.0,87.6,112.8
18.0,87.6,114.0
18.0,87.6,115.2
18.0,87.6,116.4
18.0,87.6,117.6
18.0,88.8,94.8
18.0,88.8,96.0
18.0,88.8,97.2
18.0,88.8,98.4
18.0,88.8,99.6
18.0,88.8,100.8
18.0,88.8,102.0
18.0,88.8,103.2
18.0,88.8,104.4
18.0,88.8,105.6
18.0,88.8,106.8
18.0,88.8,108.0
18.0,88.8,109.2
18.0,88.8,110.4
18.0,88.8,111.6
18.0,88.8,112.8
18.0,88.8,114.0
18.0,88.8,115.2
18.0,88.8,116.4
18.0,88.8,117.6
18.0,88.8,118.8
18.0,90.0,0.0
18.0,90.0,96.0
18.0,90.0,97.2
18.0,90.0,98.4
18.0,90.0,99.6
18.0,90.0,100.8
18.0,90.0,102.0
18.0,90.0,103.2
18.0,90.0,104.4
18.0,90.0,105.6
18.0,90.0,106.8
18.0,90.0,108.0
18.0,90.0,109.2
18.0,90.0,110.4
18.0,90.0,111.6
18.0,90.0,112.8
18.0,90.0,114.0
18.0,90.0,115.2
18.0,90.0,116.4
18.0,90.0,117.6
18.0,90.0,118.8
90.0,6.0,0.0
90.0,6.0,1.2
90.0,6.0,2.4
90.0,6.0,3.6
90.0,6.0,4.8
90.0,6.0,6.0
90.0,6.0,7.2
90.0,6.0,8.4
90.0,6.0,9.6
90.0,6.0,10.8
90.0,6.0,12.0
90.0,6.0,13.2
90.0,6.0,14.4
90.0,6.0,15.6
90.0,6.0,16.8
90.0,6.0,18.0
90.0,6.0,19.2
90.0,6.0,20.4
90.0,6.0,21.6
90.0,6.0,22.8
90.0,6.0,24.0
90.0,7.2,1.2
90.0,7.2,2.4
90.0,7.2,3.6
90.0,7.2,4.8
90.0,7.2,6.0
90.0,7.2,7.2
90.0,7.2,8.4
90.0,7.2,9.6
90.0,7.2,10.8
90.0,7.2,12.0
90.0,7.2,13.2
90.0,7.2,14.4
90.0,7.2,15.6
90.0,7.2,16.8
90.0,7.2,18.0
90.0,7.2,19.2
90.0,7.2,20.4
90.0,7.2,21.6
90.0,7.2,22.8
90.0,7.2,24.0
90.0,7.2,25.2
90.0,8.4,2.4
90.0,8.4,3.6
90.0,8.4,4.8
90.0,8.4,6.0
90.0,8.4,7.2
90.0,8.4,8.4
90.0,8.4,9.6
90.0,8.4,10.8
90.0,8.4,12.0
90.0,8.4,13.2
90.0,8.4,14.4
90.0,8.4,15.6
90.0,8.4,16.8
90.0,8.4,18.0
90.0,8.4,19.2
90.0,8.4,20.4
90.0,8.4,21.6
90.0,8.4,22.8
90.0,8.4,24.0
90.0,8.4,25.2
90.0,8.4,26.4
90.0,9.6,3.6
90.0,9.6,4.8
90.0,9.6,6.0
90.0,9.6,7.2
90.0,9.6,8.4
90.0,9.6,9.6
90.0,9.6,10.8
90.0,9.6,12.0
90.0,9.6,13.2
90.0,9.6,14.4
90.0,9.6,15.6
90.0,9.6,16.8
90.0,9.6,18.0
90.0,9.6,19.2
90.0,9.6,20.4
90.0,9.6,21.6
90.0,9.6,22.8
90.0,9.6,24.0
90.0,9.6,25.2
90.0,9.6,26.4
90.0,9.6,27.6
90.0,10.8,4.8
90.0,10.8,6.0
90.0,10.8,7.2
90.0,10.8,8.4
90.0,10.8,9.6
90.0,10.8,10.8
90.0,10.8,12.0
90.0,10.8,13.2
90.0,10.8,14.4
90.0,10.8,15.6
90.0,10.8,16.8
90.0,10.8,18.0
90.0,10.8,19.2
90.0,10.8,20.4
90.0,10.8,21.6
90.0,10.8,22.8
90.0,10.8,24.0
90.0,10.8,25.2
90.0,10.8,26.4
90.0,10.8,27.6
90.0,10.8,28.8
90.0,12.0,6.0
90.0,12.0,7.2
90.0,12.0,8.4
90.0,12.0,9.6
90.0,12.0,10.8
90.0,12.0,12.0
90.0,12.0,13.2
90.0,12.0,14.4
90.0,12.0,15.6
90.0,12.0,16.8
90.0,12.0,18.0
90.0,12.0,19.2
90.0,12.0,20.4
90.0,12.0,21.6
90.0,12.0,22.8
90.0,12.0,24.0
90.0,12.0,25.2
90.0,12.0,26.4
90.0,12.0,27.6
90.0,12.0,28.8
90.0,12.0,30.0
90.0,13.2,7.2
90.0,13.2,8.4
90.0,13.2,9.6
90.0,13.2,10.8
90.0,13.2,12.0
90.0,13.2,13.2
90.0,13.2,14.4
90.0,13.2,15.6
90.0,13.2,16.8
90.0,13.2,18.0
90.0,13.2,19.2
90.0,13.2,20.4
90.0,13.2,21.6
90.0,13.2,22.8
90.0,13.2,24.0
90.0,13.2,25.2
90.0,13.2,26.4
90.0,13.2,27.6
90.0,13.2,28.8
90.0,13.2,30.0
90.0,13.2,31.2
90.0,14.4,8.4
90.0,14.4,9.6
90.0,14.4,10.8
90.0,14.4,12.0
90.0,14.4,13.2
90.0,14.4,14.4
90.0,14.4,15.6
90.0,14.4,16.8
90.0,14.4,18.0
90.0,14.4,19.2
90.0,14.4,20.4
90.0,14.4,21.6
90.0,14.4,22.8
90.0,14.4,24.0
90.0,14.4,25.2
90.0,14.4,26.4
90.0,14.4,27.6
90.0,14.4,28.8
90.0,14.4,30.0
90.0,14.4,31.2
90.0,14.4,32.4
90.0,15.6,9.6
90.0,15.6,10.8
90.0,15.6,12.0
90.0,15.6,13.2
90.0,15.6,14.4
90.0,15.6,15.6
90.0,15.6,16.8
90.0,15.6,18.0
90.0,15.6,19.2
90.0,15.6,20.4
90.0,15.6,21.6
90.0,15.6,22.8
90.0,15.6,24.0
90.0,15.6,25.2
90.0,15.6,26.4
90.0,15.6,27.6
90.0,15.6,28.8
90.0,15.6,30.0
90.0,15.6,31.2
90.0,15.6,32.4
90.0,15.6,33.6
90.0,16.8,10.8
90.0,16.8,12.0
90.0,16.8,13.2
90.0,16.8,14.4
90.0,16.8,15.6
90.0,16.8,16.8
90.0,16.8,18.0
90.0,16.8,19.2
90.0,16.8,20.4
90.0,16.8,21.6
90.0,16.8,22.8
90.0,16.8,24.0
90.0,16.8,25.2
90.0,16.8,26.4
90.0,16.8,27.6
90.0,16.8,28.8
90.0,16.8,30.0
90.0,16.8,31.2
90.0,16.8,32.4
90.0,16.8,33.6
90.0,16.8,34.8
90.0,18.0,12.0
90.0,18.0,13.2
90.0,18.0,14.4
90.0,18.0,15.6
90.0,18.0,16.8
90.0,18.0,18.0
90.0,18.0,19.2
90.0,18.0,20.4
90.0,18.0,21.6
90.0,18.0,22.8
90.0,18.0,24.0
90.0,18.0,25.2
90.0,18.0,26.4
90.0,18.0,27.6
90.0,18.0,28.8
90.0,18.0,30.0
90.0,18.0,31.2
90.0,18.0,32.4
90.0,18.0,33.6
90.0,18.0,34.8
90.0,18.0,36.0
90.0,18.0,37.2
90.0,18.0,38.4
90.0,18.0,39.6
90.0,18.0,40.8
90.0,18.0,42.0
90.0,18.0,43.2
90.0,18.0,44.4
90.0,18.0,45.6
90.0,18.0,46.8
90.0,18.0,48.0
90.0,19.2,13.2
90.0,19.2,14.4
90.0,19.2,15.6
90.0,19.2,16.8
90.0,19.2,18.0
90.0,19.2,19.2
90.0,19.2,20.4
90.0,19.2,21.6
90.0,19.2,22.8
90.0,19.2,24.0
90.0,19.2,25.2
90.0,19.2,26.4
90.0,19.2,27.6
90.0,19.2,28.8
90.0,19.2,30.0
90.0,19.2,31.2
90.0,19.2,32.4
90.0,19.2,33.6
90.0,19.2,34.8
90.0,19.2,36.0
90.0,19.2,37.2
90.0,19.2,38.4
90.0,19.2,39.6
90.0,19.2,40.8
90.0,19.2,42.0
90.0,19.2,43.2
90.0,19.2,44.4
90.0,19.2,45.6
90.0,19.2,46.8
90.0,19.2,48.0
90.0,19.2,49.2
90.0,20.4,14.4
90.0,20.4,15.6
90.0,20.4,16.8
90.0,20.4,18.0
90.0,20.4,19.2
90.0,20.4,20.4
90.0,20.4,21.6
90.0,20.4,22.8
90.0,20.4,24.0
90.0,20.4,25.2
90.0,20.4,26.4
90.0,20.4,27.6
90.0,20.4,28.8
90.0,20.4,30.0
90.0,20.4,31.2
90.0,20.4,32.4
90.0,20.4,33.6
90.0,20.4,34.8
90.0,20.4,36.0
90.0,20.4,37.2
90.0,20.4,38.4
90.0,20.4,39.6
90.0,20.4,40.8
90.0,20.4,42.0
90.0,20.4,43.2
90.0,20.4,44.4
90.0,20.4,45.6
90.0,20.4,46.8
90.0,20.4,48.0
90.0,20.4,49.2
90.0,20.4,50.4
90.0,21.6,15.6
90.0,21.6,16.8
90.0,21.6,18.0
90.0,21.6,19.2
90.0,21.6,20.4
90.0,21.6,21.6
90.0,21.6,22.8
90.0,21.6,24.0
90.0,21.6,25.2
90.0,21.6,26.4
90.0,21.6,27.6
90.0,21.6,28.8
90.0,21.6,30.0
90.0,21.6,31.2
90.0,21.6,32.4
90.0,21.6,33.6
90.0,21.6,34.8
90.0,21.6,36.0
90.0,21.6,37.2
90.0,21.6,38.4
90.0,21.6,39.6
90.0,21.6,40.8
90.0,21.6,42.0
90.0,21.6,43.2
90.0,21.6,44.4
90.0,21.6,45.6
90.0,21.6,46.8
90.0,21.6,48.0
90.0,21.6,49.2
90.0,21.6,50.4
90.0,21.6,51.6
90.0,22.8,16.8
90.0,22.8,18.0
90.0,22.8,19.2
90.0,22.8,20.4
90.0,22.8,21.6
90.0,22.8,22.8
90.0,22.8,24.0
90.0,22.8,25.2
90.0,22.8,26.4
90.0,22.8,27.6
90.0,22.8,28.8
90.0,22.8,30.0
90.0,22.8,31.2
90.0,22.8,32.4
90.0,22.8,33.6
90.0,22.8,34.8
90.0,22.8,36.0
90.0,22.8,37.2
90.0,22.8,38.4
90.0,22.8,39.6
90.0,22.8,40.8
90.0,22.8,42.0
90.0,22.8,43.2
90.0,22.8,44.4
90.0,22.8,45.6
90.0,22.8,46.8
90.0,22.8,48.0
90.0,22.8,49.2
90.0,22.8,50.4
90.0,22.8,51.6
90.0,22.8,52.8
90.0,24.0,18.0
90.0,24.0,19.2
90.0,24.0,20.4
90.0,24.0,21.6
90.0,24.0,22.8
90.0,24.0,24.0
90.0,24.0,25.2
90.0,24.0,26.4
90.0,24.0,27.6
90.0,24.0,28.8
90.0,24.0,30.0
90.0,24.0,31.2
90.0,24.0,32.4
90.0,24.0,33.6
90.0,24.0,34.8
90.0,24.0,36.0
90.0,24.0,37.2
90.0,24.0,38.4
90.0,24.0,39.6
90.0,24.0,40.8
90.0,24.0,42.0
90.0,24.0,43.2
90.0,24.0,44.4
90.0,24.0,45.6
90.0,24.0,46.8
90.0,24.0,48.0
90.0,24.0,49.2
90.0,24.0,50.4
90.0,24.0,51.6
90.0,24.0,52.8
90.0,24.0,54.0
90.0,25.2,19.2
90.0,25.2,20.4
90.0,25.2,21.6
90.0,25.2,22.8
90.0,25.2,24.0
90.0,25.2,25.2
90.0,25.2,26.4
90.0,25.2,27.6
90.0,25.2,28.8
90.0,25.2,30.0
90.0,25.2,31.2
90.0,25.2,32.4
90.0,25.2,33.6
90.0,25.2,34.8
90.0,25.2,36.0
90.0,25.2,37.2
90.0,25.2,38.4
90.0,25.2,39.6
90.0,25.2,40.8
90.0,25.2,42.0
90.0,25.2,43.2
90.0,25.2,44.4
90.0,25.2,45.6
90.0,25.2,46.8
90.0,25.2,48.0
90.0,25.2,49.2
90.0,25.2,50.4
90.0,25.2,51.6
90.0,25.2,52.8
90.0,25.2,54.0
90.0,25.2,55.2
90.0,26.4,20.4
90.0,26.4,21.6
90.0,26.4,22.8
90.0,26.4,24.0
90.0,26.4,25.2
90.0,26.4,26.4
90.0,26.4,27.6
90.0,26.4,28.8
90.0,26.4,30.0
90.0,26.4,31.2
90.0,26.4,32.4
90.0,26.4,33.6
90.0,26.4,34.8
90.0,26.4,36.0
90.0,26.4,37.2
90.0,26.4,38.4
90.0,26.4,39.6
90.0,26.4,40.8
90.0,26.4,42.0
90.0,26.4,43.2
90.0,26.4,44.4
90.0,26.4,45.6
90.0,26.4,46.8
90.0,26.4,48.0
90.0,26.4,49.2
90.0,26.4,50.4
90.0,26.4,51.6
90.0,26.4,52.8
90.0,26.4,54.0
90.0,26.4,55.2
90.0,26.4,56.4
90.0,27.6,21.6
90.0,27.6,22.8
90.0,27.6,24.0
90.0,27.6,25.2
90.0,27.6,26.4
90.0,27.6,27.6
90.0,27.6,28.8
90.0,27.6,30.0
90.0,27.6,31.2
90.0,27.6,32.4
90.0,27.6,33.6
90.0,27.6,34.8
90.0,27.6,36.0
90.0,27.6,37.2
90.0,27.6,38.4
90.0,27.6,39.6
90.0,27.6,40.8
90.0,27.6,42.0
90.0,27.6,43.2
90.0,27.6,44.4
90.0,27.6,45.6
90.0,27.6,46.8
90.0,27.6,48.0
90.0,27.6,49.2
90.0,27.6,50.4
90.0,27.6,51.6
90.0,27.6,52.8
90.0,27.6,54.0
90.0,27.6,55.2
90.0,27.6,56.4
90.0,27.6,57.6
90.0,28.8,22.8
90.0,28.8,24.0
90.0,28.8,25.2
90.0,28.8,26.4
90.0,28.8,27.6
90.0,28.8,28.8
90.0,28.8,30.0
90.0,28.8,31.2
90.0,28.8,32.4
90.0,28.8,33.6
90.0,28.8,34.8
90.0,28.8,36.0
90.0,28.8,37.2
90.0,28.8,38.4
90.0,28.8,39.6
90.0,28.8,40.8
90.0,28.8,42.0
90.0,28.8,43.2
90.0,28.8,44.4
90.0,28.8,45.6
90.0,28.8,46.8
90.0,28.8,48.0
90.0,28.8,49.2
90.0,28.8,50.4
90.0,28.8,51.6
90.0,28.8,52.8
90.0,28.8,54.0
90.0,28.8,55.2
90.0,28.8,56.4
90.0,28.8,57.6
90.0,28.8,58.8
90.0,30.0,24.0
90.0,30.0,25.2
90.0,30.0,26.4
90.0,30.0,27.6
90.0,30.0,28.8
90.0,30.0,30.0
90.0,30.0,31.2
90.0,30.0,32.4
90.0,30.0,33.6
90.0,30.0,34.8
90.0,30.0,36.0
90.0,30.0,37.2
90.0,30.0,38.4
90.0,30.0,39.6
90.0,30.0,40.8
90.0,30.0,42.0
90.0,30.0,43.2
90.0,30.0,44.4
90.0,30.0,45.6
90.0,30.0,46.8
90.0,30.0,48.0
90.0,30.0,49.2
90.0,30.0,50.4
90.0,30.0,51.6
90.0,30.0,52.8
90.0,30.0,54.0
90.0,30.0,55.2
90.0,30.0,56.4
90.0,30.0,57.6
90.0,30.0,58.8
90.0,30.0,60.0
91.2,6.0,1.2
91.2,6.0,2.4
91.2,6.0,3.6
91.2,6.0,4.8
91.2,6.0,6.0
91.2,6.0,7.2
91.2,6.0,8.4
91.2,6.0,9.6
91.2,6.0,10.8
91.2,6.0,12.0
91.2,6.0,13.2
91.2,6.0,14.4
91.2,6.0,15.6
91.2,6.0,16.8
91.2,6.0,18.0
91.2,6.0,19.2
91.2,6.0,20.4
91.2,6.0,21.6
91.2,6.0,22.8
91.2,6.0,24.0
91.2,7.2,1.2
91.2,7.2,2.4
91.2,7.2,3.6
91.2,7.2,4.8
91.2,7.2,6.0
91.2,7.2,7.2
91.2,7.2,8.4
91.2,7.2,9.6
91.2,7.2,10.8
91.2,7.2,12.0
91.2,7.2,13.2
91.2,7.2,14.4
91.2,7.2,15.6
91.2,7.2,16.8
91.2,7.2,18.0
91.2,7.2,19.2
91.2,7.2,20.4
91.2,7.2,21.6
91.2,7.2,22.8
91.2,7.2,24.0
91.2,8.4,2.4
91.2,8.4,3.6
91.2,8.4,4.8
91.2,8.4,6.0
91.2,8.4,7.2
91.2,8.4,8.4
91.2,8.4,9.6
91.2,8.4,10.8
91.2,8.4,12.0
91.2,8.4,13.2
91.2,8.4,14.4
91.2,8.4,15.6
91.2,8.4,16.8
91.2,8.4,18.0
91.2,8.4,19.2
91.2,8.4,20.4
91.2,8.4,21.6
91.2,8.4,22.8
91.2,8.4,24.0
91.2,8.4,25.2
91.2,9.6,3.6
91.2,9.6,4.8
91.2,9.6,6.0
91.2,9.6,7.2
91.2,9.6,8.4
91.2,9.6,9.6
91.2,9.6,10.8
91.2,9.6,12.0
91.2,9.6,13.2
91.2,9.6,14.4
91.2,9.6,15.6
91.2,9.6,16.8
91.2,9.6,18.0
91.2,9.6,19.2
91.2,9.6,20.4
91.2,9.6,21.6
91.2,9.6,22.8
91.2,9.6,24.0
91.2,9.6,25.2
91.2,9.6,26.4
91.2,10.8,4.8
91.2,10.8,6.0
91.2,10.8,7.2
91.2,10.8,8.4
91.2,10.8,9.6
91.2,10.8,10.8
91.2,10.8,12.0
91.2,10.8,13.2
91.2,10.8,14.4
91.2,10.8,15.6
91.2,10.8,16.8
91.2,10.8,18.0
91.2,10.8,19.2
91.2,10.8,20.4
91.2,10.8,21.6
91.2,10.8,22.8
91.2,10.8,24.0
91.2,10.8,25.2
91.2,10.8,26.4
91.2,10.8,27.6
91.2,12.0,6.0
91.2,12.0,7.2
91.2,12.0,8.4
91.2,12.0,9.6
91.2,12.0,10.8
91.2,12.0,12.0
91.2,12.0,13.2
91.2,12.0,14.4
91.2,12.0,15.6
91.2,12.0,16.8
91.2,12.0,18.0
91.2,12.0,19.2
91.2,12.0,20.4
91.2,12.0,21.6
91.2,12.0,22.8
91.2,12.0,24.0
91.2,12.0,25.2
91.2,12.0,26.4
91.2,12.0,27.6
91.2,12.0,28.8
91.2,13.2,7.2
91.2,13.2,8.4
91.2,13.2,9.6
91.2,13.2,10.8
91.2,13.2,12.0
91.2,13.2,13.2
91.2,13.2,14.4
91.2,13.2,15.6
91.2,13.2,16.8
91.2,13.2,18.0
91.2,13.2,19.2
91.2,13.2,20.4
91.2,13.2,21.6
91.2,13.2,22.8
91.2,13.2,24.0
91.2,13.2,25.2
91.2,13.2,26.4
91.2,13.2,27.6
91.2,13.2,28.8
91.2,13.2,30.0
91.2,14.4,8.4
91.2,14.4,9.6
91.2,14.4,10.8
91.2,14.4,12.0
91.2,14.4,13.2
91.2,14.4,14.4
91.2,14.4,15.6
91.2,14.4,16.8
91.2,14.4,18.0
91.2,14.4,19.2
91.2,14.4,20.4
91.2,14.4,21.6
91.2,14.4,22.8
91.2,14.4,24.0
91.2,14.4,25.2
91.2,14.4,26.4
91.2,14.4,27.6
91.2,14.4,28.8
91.2,14.4,30.0
91.2,14.4,31.2
91.2,15.6,9.6
91.2,15.6,10.8
91.2,15.6,12.0
91.2,15.6,13.2
91.2,15.6,14.4
91.2,15.6,15.6
91.2,15.6,16.8
91.2,15.6,18.0
91.2,15.6,19.2
91.2,15.6,20.4
91.2,15.6,21.6
91.2,15.6,22.8
91.2,15.6,24.0
91.2,15.6,25.2
91.2,15.6,26.4
91.2,15.6,27.6
91.2,15.6,28.8
91.2,15.6,30.0
91.2,15.6,31.2
91.2,15.6,32.4
91.2,16.8,10.8
91.2,16.8,12.0
91.2,16.8,13.2
91.2,16.8,14.4
91.2,16.8,15.6
91.2,16.8,16.8
91.2,16.8,18.0
91.2,16.8,19.2
91.2,16.8,20.4
91.2,16.8,21.6
91.2,16.8,22.8
91.2,16.8,24.0
91.2,16.8,25.2
91.2,16.8,26.4
91.2,16.8,27.6
91.2,16.8,28.8
91.2,16.8,30.0
91.2,16.8,31.2
91.2,16.8,32.4
91.2,16.8,33.6
91.2,18.0,12.0
91.2,18.0,13.2
91.2,18.0,14.4
91.2,18.0,15.6
91.2,18.0,16.8
91.2,18.0,18.0
91.2,18.0,19.2
91.2,18.0,20.4
91.2,18.0,21.6
91.2,18.0,22.8
91.2,18.0,24.0
91.2,18.0,25.2
91.2,18.0,26.4
91.2,18.0,27.6
91.2,18.0,28.8
91.2,18.0,30.0
91.2,18.0,31.2
91.2,18.0,32.4
91.2,18.0,33.6
91.2,18.0,34.8
91.2,19.2,13.2
91.2,19.2,14.4
91.2,19.2,15.6
91.2,19.2,16.8
91.2,19.2,18.0
91.2,19.2,19.2
91.2,19.2,20.4
91.2,19.2,21.6
91.2,19.2,22.8
91.2,19.2,24.0
91.2,19.2,25.2
91.2,19.2,26.4
91.2,19.2,27.6
91.2,19.2,28.8
91.2,19.2,30.0
91.2,19.2,31.2
91.2,19.2,32.4
91.2,19.2,33.6
91.2,19.2,34.8
91.2,19.2,36.0
91.2,19.2,37.2
91.2,19.2,38.4
91.2,19.2,39.6
91.2,19.2,40.8
91.2,19.2,42.0
91.2,19.2,43.2
91.2,19.2,44.4
91.2,19.2,45.6
91.2,19.2,46.8
91.2,19.2,48.0
91.2,19.2,49.2
91.2,20.4,14.4
91.2,20.4,15.6
91.2,20.4,16.8
91.2,20.4,18.0
91.2,20.4,19.2
91.2,20.4,20.4
91.2,20.4,21.6
91.2,20.4,22.8
91.2,20.4,24.0
91.2,20.4,25.2
91.2,20.4,26.4
91.2,20.4,27.6
91.2,20.4,28.8
91.2,20.4,30.0
91.2,20.4,31.2
91.2,20.4,32.4
91.2,20.4,33.6
91.2,20.4,34.8
91.2,20.4,36.0
91.2,20.4,37.2
91.2,20.4,38.4
91.2,20.4,39.6
91.2,20.4,40.8
91.2,20.4,42.0
91.2,20.4,43.2
91.2,20.4,44.4
91.2,20.4,45.6
91.2,20.4,46.8
91.2,20.4,48.0
91.2,20.4,49.2
91.2,20.4,50.4
91.2,21.6,15.6
91.2,21.6,16.8
91.2,21.6,18.0
91.2,21.6,19.2
91.2,21.6,20.4
91.2,21.6,21.6
91.2,21.6,22.8
91.2,21.6,24.0
91.2,21.6,25.2
91.2,21.6,26.4
91.2,21.6,27.6
91.2,21.6,28.8
91.2,21.6,30.0
91.2,21.6,31.2
91.2,21.6,32.4
91.2,21.6,33.6
91.2,21.6,34.8
91.2,21.6,36.0
91.2,21.6,37.2
91.2,21.6,38.4
91.2,21.6,39.6
91.2,21.6,40.8
91.2,21.6,42.0
91.2,21.6,43.2
91.2,21.6,44.4
91.2,21.6,45.6
91.2,21.6,46.8
91.2,21.6,48.0
91.2,21.6,49.2
91.2,21.6,50.4
91.2,21.6,51.6
91.2,22.8,16.8
91.2,22.8,18.0
91.2,22.8,19.2
91.2,22.8,20.4
91.2,22.8,21.6
91.2,22.8,22.8
91.2,22.8,24.0
91.2,22.8,25.2
91.2,22.8,26.4
91.2,22.8,27.6
91.2,22.8,28.8
91.2,22.8,30.0
91.2,22.8,31.2
91.2,22.8,32.4
91.2,22.8,33.6
91.2,22.8,34.8
91.2,22.8,36.0
91.2,22.8,37.2
91.2,22.8,38.4
91.2,22.8,39.6
91.2,22.8,40.8
91.2,22.8,42.0
91.2,22.8,43.2
91.2,22.8,44.4
91.2,22.8,45.6
91.2,22.8,46.8
91.2,22.8,48.0
91.2,22.8,49.2
91.2,22.8,50.4
91.2,22.8,51.6
91.2,22.8,52.8
91.2,24.0,18.0
91.2,24.0,19.2
91.2,24.0,20.4
91.2,24.0,21.6
91.2,24.0,22.8
91.2,24.0,24.0
91.2,24.0,25.2
91.2,24.0,26.4
91.2,24.0,27.6
91.2,24.0,28.8
91.2,24.0,30.0
91.2,24.0,31.2
91.2,24.0,32.4
91.2,24.0,33.6
91.2,24.0,34.8
91.2,24.0,36.0
91.2,24.0,37.2
91.2,24.0,38.4
91.2,24.0,39.6
91.2,24.0,40.8
91.2,24.0,42.0
91.2,24.0,43.2
91.2,24.0,44.4
91.2,24.0,45.6
91.2,24.0,46.8
91.2,24.0,48.0
91.2,24.0,49.2
91.2,24.0,50.4
91.2,24.0,51.6
91.2,24.0,52.8
91.2,24.0,54.0
91.2,25.2,19.2
91.2,25.2,20.4
91.2,25.2,21.6
91.2,25.2,22.8
91.2,25.2,24.0
91.2,25.2,25.2
91.2,25.2,26.4
91.2,25.2,27.6
91.2,25.2,28.8
91.2,25.2,30.0
91.2,25.2,31.2
91.2,25.2,32.4
91.2,25.2,33.6
91.2,25.2,34.8
91.2,25.2,36.0
91.2,25.2,37.2
91.2,25.2,38.4
91.2,25.2,39.6
91.2,25.2,40.8
91.2,25.2,42.0
91.2,25.2,43.2
91.2,25.2,44.4
91.2,25.2,45.6
91.2,25.2,46.8
91.2,25.2,48.0
91.2,25.2,49.2
91.2,25.2,50.4
91.2,25.2,51.6
91.2,25.2,52.8
91.2,25.2,54.0
91.2,25.2,55.2
91.2,26.4,20.4
91.2,26.4,21.6
91.2,26.4,22.8
91.2,26.4,24.0
91.2,26.4,25.2
91.2,26.4,26.4
91.2,26.4,27.6
91.2,26.4,28.8
91.2,26.4,30.0
91.2,26.4,31.2
91.2,26.4,32.4
91.2,26.4,33.6
91.2,26.4,34.8
91.2,26.4,36.0
91.2,26.4,37.2
91.2,26.4,38.4
91.2,26.4,39.6
91.2,26.4,40.8
91.2,26.4,42.0
91.2,26.4,43.2
91.2,26.4,44.4
91.2,26.4,45.6
91.2,26.4,46.8
91.2,26.4,48.0
91.2,26.4,49.2
91.2,26.4,50.4
91.2,26.4,51.6
91.2,26.4,52.8
91.2,26.4,54.0
91.2,26.4,55.2
91.2,26.4,56.4
91.2,27.6,21.6
91.2,27.6,22.8
91.2,27.6,24.0
91.2,27.6,25.2
91.2,27.6,26.4
91.2,27.6,27.6
91.2,27.6,28.8
91.2,27.6,30.0
91.2,27.6,31.2
91.2,27.6,32.4
91.2,27.6,33.6
91.2,27.6,34.8
91.2,27.6,36.0
91.2,27.6,37.2
91.2,27.6,38.4
91.2,27.6,39.6
91.2,27.6,40.8
91.2,27.6,42.0
91.2,27.6,43.2
91.2,27.6,44.4
91.2,27.6,45.6
91.2,27.6,46.8
91.2,27.6,48.0
91.2,27.6,49.2
91.2,27.6,50.4
91.2,27.6,51.6
91.2,27.6,52.8
91.2,27.6,54.0
91.2,27.6,55.2
91.2,27.6,56.4
91.2,27.6,57.6
91.2,28.8,22.8
91.2,28.8,24.0
91.2,28.8,25.2
91.2,28.8,26.4
91.2,28.8,27.6
91.2,28.8,28.8
91.2,28.8,30.0
91.2,28.8,31.2
91.2,28.8,32.4
91.2,28.8,33.6
91.2,28.8,34.8
91.2,28.8,36.0
91.2,28.8,37.2
91.2,28.8,38.4
91.2,28.8,39.6
91.2,28.8,40.8
91.2,28.8,42.0
91.2,28.8,43.2
91.2,28.8,44.4
91.2,28.8,45.6
91.2,28.8,46.8
91.2,28.8,48.0
91.2,28.8,49.2
91.2,28.8,50.4
91.2,28.8,51.6
91.2,28.8,52.8
91.2,28.8,54.0
91.2,28.8,55.2
91.2,28.8,56.4
91.2,28.8,57.6
91.2,28.8,58.8
91.2,30.0,24.0
91.2,30.0,25.2
91.2,30.0,26.4
91.2,30.0,27.6
91.2,30.0,28.8
91.2,30.0,30.0
91.2,30.0,31.2
91.2,30.0,32.4
91.2,30.0,33.6
91.2,30.0,34.8
91.2,30.0,36.0
91.2,30.0,37.2
91.2,30.0,38.4
91.2,30.0,39.6
91.2,30.0,40.8
91.2,30.0,42.0
91.2,30.0,43.2
91.2,30.0,44.4
91.2,30.0,45.6
91.2,30.0,46.8
91.2,30.0,48.0
91.2,30.0,49.2
91.2,30.0,50.4
91.2,30.0,51.6
91.2,30.0,52.8
91.2,30.0,54.0
91.2,30.0,55.2
91.2,30.0,56.4
91.2,30.0,57.6
91.2,30.0,58.8
91.2,30.0,60.0
91.2,31.2,25.2
91.2,31.2,26.4
91.2,31.2,27.6
91.2,31.2,28.8
91.2,31.2,30.0
91.2,31.2,31.2
91.2,31.2,32.4
91.2,31.2,33.6
91.2,31.2,34.8
91.2,31.2,36.0
91.2,31.2,37.2
91.2,31.2,38.4
91.2,31.2,39.6
91.2,31.2,40.8
91.2,31.2,42.0
91.2,31.2,43.2
91.2,31.2,44.4
91.2,31.2,45.6
91.2,31.2,46.8
91.2,31.2,48.0
91.2,31.2,49.2
91.2,31.2,50.4
91.2,31.2,51.6
91.2,31.2,52.8
91.2,31.2,54.0
91.2,31.2,55.2
91.2,31.2,56.4
91.2,31.2,57.6
91.2,31.2,58.8
91.2,31.2,60.0
91.2,31.2,61.2
92.4,6.0,2.4
92.4,6.0,3.6
92.4,6.0,4.8
92.4,6.0,6.0
92.4,6.0,7.2
92.4,6.0,8.4
92.4,6.0,9.6
92.4,6.0,10.8
92.4,6.0,12.0
92.4,6.0,13.2
92.4,6.0,14.4
92.4,6.0,15.6
92.4,6.0,16.8
92.4,6.0,18.0
92.4,6.0,19.2
92.4,6.0,20.4
92.4,6.0,21.6
92.4,6.0,22.8
92.4,6.0,24.0
92.4,7.2,2.4
92.4,7.2,3.6
92.4,7.2,4.8
92.4,7.2,6.0
92.4,7.2,7.2
92.4,7.2,8.4
92.4,7.2,9.6
92.4,7.2,10.8
92.4,7.2,12.0
92.4,7.2,13.2
92.4,7.2,14.4
92.4,7.2,15.6
92.4,7.2,16.8
92.4,7.2,18.0
92.4,7.2,19.2
92.4,7.2,20.4
92.4,7.2,21.6
92.4,7.2,22.8
92.4,7.2,24.0
92.4,8.4,2.4
92.4,8.4,3.6
92.4,8.4,4.8
92.4,8.4,6.0
92.4,8.4,7.2
92.4,8.4,8.4
92.4,8.4,9.6
92.4,8.4,10.8
92.4,8.4,12.0
92.4,8.4,13.2
92.4,8.4,14.4
92.4,8.4,15.6
92.4,8.4,16.8
92.4,8.4,18.0
92.4,8.4,19.2
92.4,8.4,20.4
92.4,8.4,21.6
92.4,8.4,22.8
92.4,8.4,24.0
92.4,9.6,3.6
92.4,9.6,4.8
92.4,9.6,6.0
92.4,9.6,7.2
92.4,9.6,8.4
92.4,9.6,9.6
92.4,9.6,10.8
92.4,9.6,12.0
92.4,9.6,13.2
92.4,9.6,14.4
92.4,9.6,15.6
92.4,9.6,16.8
92.4,9.6,18.0
92.4,9.6,19.2
92.4,9.6,20.4
92.4,9.6,21.6
92.4,9.6,22.8
92.4,9.6,24.0
92.4,9.6,25.2
92.4,10.8,4.8
92.4,10.8,6.0
92.4,10.8,7.2
92.4,10.8,8.4
92.4,10.8,9.6
92.4,10.8,10.8
92.4,10.8,12.0
92.4,10.8,13.2
92.4,10.8,14.4
92.4,10.8,15.6
92.4,10.8,16.8
92.4,10.8,18.0
92.4,10.8,19.2
92.4,10.8,20.4
92.4,10.8,21.6
92.4,10.8,22.8
92.4,10.8,24.0
92.4,10.8,25.2
92.4,10.8,26.4
92.4,12.0,6.0
92.4,12.0,7.2
92.4,12.0,8.4
92.4,12.0,9.6
92.4,12.0,10.8
92.4,12.0,12.0
92.4,12.0,13.2
92.4,12.0,14.4
92.4,12.0,15.6
92.4,12.0,16.8
92.4,12.0,18.0
92.4,12.0,19.2
92.4,12.0,20.4
92.4,12.0,21.6
92.4,12.0,22.8
92.4,12.0,24.0
92.4,12.0,25.2
92.4,12.0,26.4
92.4,12.0,27.6
92.4,13.2,7.2
92.4,13.2,8.4
92.4,13.2,9.6
92.4,13.2,10.8
92.4,13.2,12.0
92.4,13.2,13.2
92.4,13.2,14.4
92.4,13.2,15.6
92.4,13.2,16.8
92.4,13.2,18.0
92.4,13.2,19.2
92.4,13.2,20.4
92.4,13.2,21.6
92.4,13.2,22.8
92.4,13.2,24.0
92.4,13.2,25.2
92.4,13.2,26.4
92.4,13.2,27.6
92.4,13.2,28.8
92.4,14.4,8.4
92.4,14.4,9.6
92.4,14.4,10.8
92.4,14.4,12.0
92.4,14.4,13.2
92.4,14.4,14.4
92.4,14.4,15.6
92.4,14.4,16.8
92.4,14.4,18.0
92.4,14.4,19.2
92.4,14.4,20.4
92.4,14.4,21.6
92.4,14.4,22.8
92.4,14.4,24.0
92.4,14.4,25.2
92.4,14.4,26.4
92.4,14.4,27.6
92.4,14.4,28.8
92.4,14.4,30.0
92.4,15.6,9.6
92.4,15.6,10.8
92.4,15.6,12.0
92.4,15.6,13.2
92.4,15.6,14.4
92.4,15.6,15.6
92.4,15.6,16.8
92.4,15.6,18.0
92.4,15.6,19.2
92.4,15.6,20.4
92.4,15.6,21.6
92.4,15.6,22.8
92.4,15.6,24.0
92.4,15.6,25.2
92.4,15.6,26.4
92.4,15.6,27.6
92.4,15.6,28.8
92.4,15.6,30.0
92.4,15.6,31.2
92.4,16.8,10.8
92.4,16.8,12.0
92.4,16.8,13.2
92.4,16.8,14.4
92.4,16.8,15.6
92.4,16.8,16.8
92.4,16.8,18.0
92.4,16.8,19.2
92.4,16.8,20.4
92.4,16.8,21.6
92.4,16.8,22.8
92.4,16.8,24.0
92.4,16.8,25.2
92.4,16.8,26.4
92.4,16.8,27.6
92.4,16.8,28.8
92.4,16.8,30.0
92.4,16.8,31.2
92.4,16.8,32.4
92.4,18.0,12.0
92.4,18.0,13.2
92.4,18.0,14.4
92.4,18.0,15.6
92.4,18.0,16.8
92.4,18.0,18.0
92.4,18.0,19.2
92.4,18.0,20.4
92.4,18.0,21.6
92.4,18.0,22.8
92.4,18.0,24.0
92.4,18.0,25.2
92.4,18.0,26.4
92.4,18.0,27.6
92.4,18.0,28.8
92.4,18.0,30.0
92.4,18.0,31.2
92.4,18.0,32.4
92.4,18.0,33.6
92.4,19.2,13.2
92.4,19.2,14.4
92.4,19.2,15.6
92.4,19.2,16.8
92.4,19.2,18.0
92.4,19.2,19.2
92.4,19.2,20.4
92.4,19.2,21.6
92.4,19.2,22.8
92.4,19.2,24.0
92.4,19.2,25.2
92.4,19.2,26.4
92.4,19.2,27.6
92.4,19.2,28.8
92.4,19.2,30.0
92.4,19.2,31.2
92.4,19.2,32.4
92.4,19.2,33.6
92.4,19.2,34.8
92.4,20.4,14.4
92.4,20.4,15.6
92.4,20.4,16.8
92.4,20.4,18.0
92.4,20.4,19.2
92.4,20.4,20.4
92.4,20.4,21.6
92.4,20.4,22.8
92.4,20.4,24.0
92.4,20.4,25.2
92.4,20.4,26.4
92.4,20.4,27.6
92.4,20.4,28.8
92.4,20.4,30.0
92.4,20.4,31.2
92.4,20.4,32.4
92.4,20.4,33.6
92.4,20.4,34.8
92.4,20.4,36.0
92.4,20.4,37.2
92.4,20.4,38.4
92.4,20.4,39.6
92.4,20.4,40.8
92.4,20.4,42.0
92.4,20.4,43.2
92.4,20.4,44.4
92.4,20.4,45.6
92.4,20.4,46.8
92.4,20.4,48.0
92.4,20.4,49.2
92.4,20.4,50.4
92.4,21.6,15.6
92.4,21.6,16.8
92.4,21.6,18.0
92.4,21.6,19.2
92.4,21.6,20.4
92.4,21.6,21.6
92.4,21.6,22.8
92.4,21.6,24.0
92.4,21.6,25.2
92.4,21.6,26.4
92.4,21.6,27.6
92.4,21.6,28.8
92.4,21.6,30.0
92.4,21.6,31.2
92.4,21.6,32.4
92.4,21.6,33.6
92.4,21.6,34.8
92.4,21.6,36.0
92.4,21.6,37.2
92.4,21.6,38.4
92.4,21.6,39.6
92.4,21.6,40.8
92.4,21.6,42.0
92.4,21.6,43.2
92.4,21.6,44.4
92.4,21.6,45.6
92.4,21.6,46.8
92.4,21.6,48.0
92.4,21.6,49.2
92.4,21.6,50.4
92.4,21.6,51.6
92.4,22.8,16.8
92.4,22.8,18.0
92.4,22.8,19.2
92.4,22.8,20.4
92.4,22.8,21.6
92.4,22.8,22.8
92.4,22.8,24.0
92.4,22.8,25.2
92.4,22.8,26.4
92.4,22.8,27.6
92.4,22.8,28.8
92.4,22.8,30.0
92.4,22.8,31.2
92.4,22.8,32.4
92.4,22.8,33.6
92.4,22.8,34.8
92.4,22.8,36.0
92.4,22.8,37.2
92.4,22.8,38.4
92.4,22.8,39.6
92.4,22.8,40.8
92.4,22.8,42.0
92.4,22.8,43.2
92.4,22.8,44.4
92.4,22.8,45.6
92.4,22.8,46.8
92.4,22.8,48.0
92.4,22.8,49.2
92.4,22.8,50.4
92.4,22.8,51.6
92.4,22.8,52.8
92.4,24.0,18.0
92.4,24.0,19.2
92.4,24.0,20.4
92.4,24.0,21.6
92.4,24.0,22.8
92.4,24.0,24.0
92.4,24.0,25.2
92.4,24.0,26.4
92.4,24.0,27.6
92.4,24.0,28.8
92.4,24.0,30.0
92.4,24.0,31.2
92.4,24.0,32.4
92.4,24.0,33.6
92.4,24.0,34.8
92.4,24.0,36.0
92.4,24.0,37.2
92.4,24.0,38.4
92.4,24.0,39.6
92.4,24.0,40.8
92.4,24.0,42.0
92.4,24.0,43.2
92.4,24.0,44.4
92.4,24.0,45.6
92.4,24.0,46.8
92.4,24.0,48.0
92.4,24.0,49.2
92.4,24.0,50.4
92.4,24.0,51.6
92.4,24.0,52.8
92.4,24.0,54.0
92.4,25.2,19.2
92.4,25.2,20.4
92.4,25.2,21.6
92.4,25.2,22.8
92.4,25.2,24.0
92.4,25.2,25.2
92.4,25.2,26.4
92.4,25.2,27.6
92.4,25.2,28.8
92.4,25.2,30.0
92.4,25.2,31.2
92.4,25.2,32.4
92.4,25.2,33.6
92.4,25.2,34.8
92.4,25.2,36.0
92.4,25.2,37.2
92.4,25.2,38.4
92.4,25.2,39.6
92.4,25.2,40.8
92.4,25.2,42.0
92.4,25.2,43.2
92.4,25.2,44.4
92.4,25.2,45.6
92.4,25.2,46.8
92.4,25.2,48.0
92.4,25.2,49.2
92.4,25.2,50.4
92.4,25.2,51.6
92.4,25.2,52.8
92.4,25.2,54.0
92.4,25.2,55.2
92.4,26.4,20.4
92.4,26.4,21.6
92.4,26.4,22.8
92.4,26.4,24.0
92.4,26.4,25.2
92.4,26.4,26.4
92.4,26.4,27.6
92.4,26.4,28.8
92.4,26.4,30.0
92.4,26.4,31.2
92.4,26.4,32.4
92.4,26.4,33.6
92.4,26.4,34.8
92.4,26.4,36.0
92.4,26.4,37.2
92.4,26.4,38.4
92.4,26.4,39.6
92.4,26.4,40.8
92.4,26.4,42.0
92.4,26.4,43.2
92.4,26.4,44.4
92.4,26.4,45.6
92.4,26.4,46.8
92.4,26.4,48.0
92.4,26.4,49.2
92.4,26.4,50.4
92.4,26.4,51.6
92.4,26.4,52.8
92.4,26.4,54.0
92.4,26.4,55.2
92.4,26.4,56.4
92.4,27.6,21.6
92.4,27.6,22.8
92.4,27.6,24.0
92.4,27.6,25.2
92.4,27.6,26.4
92.4,27.6,27.6
92.4,27.6,28.8
92.4,27.6,30.0
92.4,27.6,31.2
92.4,27.6,32.4
92.4,27.6,33.6
92.4,27.6,34.8
92.4,27.6,36.0
92.4,27.6,37.2
92.4,27.6,38.4
92.4,27.6,39.6
92.4,27.6,40.8
92.4,27.6,42.0
92.4,27.6,43.2
92.4,27.6,44.4
92.4,27.6,45.6
92.4,27.6,46.8
92.4,27.6,48.0
92.4,27.6,49.2
92.4,27.6,50.4
92.4,27.6,51.6
92.4,27.6,52.8
92.4,27.6,54.0
92.4,27.6,55.2
92.4,27.6,56.4
92.4,27.6,57.6
92.4,28.8,22.8
92.4,28.8,24.0
92.4,28.8,25.2
92.4,28.8,26.4
92.4,28.8,27.6
92.4,28.8,28.8
92.4,28.8,30.0
92.4,28.8,31.2
92.4,28.8,32.4
92.4,28.8,33.6
92.4,28.8,34.8
92.4,28.8,36.0
92.4,28.8,37.2
92.4,28.8,38.4
92.4,28.8,39.6
92.4,28.8,40.8
92.4,28.8,42.0
92.4,28.8,43.2
92.4,28.8,44.4
92.4,28.8,45.6
92.4,28.8,46.8
92.4,28.8,48.0
92.4,28.8,49.2
92.4,28.8,50.4
92.4,28.8,51.6
92.4,28.8,52.8
92.4,28.8,54.0
92.4,28.8,55.2
92.4,28.8,56.4
92.4,28.8,57.6
92.4,28.8,58.8
92.4,30.0,24.0
92.4,30.0,25.2
92.4,30.0,26.4
92.4,30.0,27.6
92.4,30.0,28.8
92.4,30.0,30.0
92.4,30.0,31.2
92.4,30.0,32.4
92.4,30.0,33.6
92.4,30.0,34.8
92.4,30.0,36.0
92.4,30.0,37.2
92.4,30.0,38.4
92.4,30.0,39.6
92.4,30.0,40.8
92.4,30.0,42.0
92.4,30.0,43.2
92.4,30.0,44.4
92.4,30.0,45.6
92.4,30.0,46.8
92.4,30.0,48.0
92.4,30.0,49.2
92.4,30.0,50.4
92.4,30.0,51.6
92.4,30.0,52.8
92.4,30.0,54.0
92.4,30.0,55.2
92.4,30.0,56.4
92.4,30.0,57.6
92.4,30.0,58.8
92.4,30.0,60.0
92.4,31.2,25.2
92.4,31.2,26.4
92.4,31.2,27.6
92.4,31.2,28.8
92.4,31.2,30.0
92.4,31.2,31.2
92.4,31.2,32.4
92.4,31.2,33.6
92.4,31.2,34.8
92.4,31.2,36.0
92.4,31.2,37.2
92.4,31.2,38.4
92.4,31.2,39.6
92.4,31.2,40.8
92.4,31.2,42.0
92.4,31.2,43.2
92.4,31.2,44.4
92.4,31.2,45.6
92.4,31.2,46.8
92.4,31.2,48.0
92.4,31.2,49.2
92.4,31.2,50.4
92.4,31.2,51.6
92.4,31.2,52.8
92.4,31.2,54.0
92.4,31.2,55.2
92.4,31.2,56.4
92.4,31.2,57.6
92.4,31.2,58.8
92.4,31.2,60.0
92.4,31.2,61.2
92.4,32.4,26.4
92.4,32.4,27.6
92.4,32.4,28.8
92.4,32.4,30.0
92.4,32.4,31.2
92.4,32.4,32.4
92.4,32.4,33.6
92.4,32.4,34.8
92.4,32.4,36.0
92.4,32.4,37.2
92.4,32.4,38.4
92.4,32.4,39.6
92.4,32.4,40.8
92.4,32.4,42.0
92.4,32.4,43.2
92.4,32.4,44.4
92.4,32.4,45.6
92.4,32.4,46.8
92.4,32.4,48.0
92.4,32.4,49.2
92.4,32.4,50.4
92.4,32.4,51.6
92.4,32.4,52.8
92.4,32.4,54.0
92.4,32.4,55.2
92.4,32.4,56.4
92.4,32.4,57.6
92.4,32.4,58.8
92.4,32.4,60.0
92.4,32.4,61.2
92.4,32.4,62.4
93.6,6.0,3.6
93.6,6.0,4.8
93.6,6.0,6.0
93.6,6.0,7.2
93.6,6.0,8.4
93.6,6.0,9.6
93.6,6.0,10.8
93.6,6.0,12.0
93.6,6.0,13.2
93.6,6.0,14.4
93.6,6.0,15.6
93.6,6.0,16.8
93.6,6.0,18.0
93.6,6.0,19.2
93.6,6.0,20.4
93.6,6.0,21.6
93.6,6.0,22.8
93.6,6.0,24.0
93.6,7.2,3.6
93.6,7.2,4.8
93.6,7.2,6.0
93.6,7.2,7.2
93.6,7.2,8.4
93.6,7.2,9.6
93.6,7.2,10.8
93.6,7.2,12.0
93.6,7.2,13.2
93.6,7.2,14.4
93.6,7.2,15.6
93.6,7.2,16.8
93.6,7.2,18.0
93.6,7.2,19.2
93.6,7.2,20.4
93.6,7.2,21.6
93.6,7.2,22.8
93.6,7.2,24.0
93.6,8.4,3.6
93.6,8.4,4.8
93.6,8.4,6.0
93.6,8.4,7.2
93.6,8.4,8.4
93.6,8.4,9.6
93.6,8.4,10.8
93.6,8.4,12.0
93.6,8.4,13.2
93.6,8.4,14.4
93.6,8.4,15.6
93.6,8.4,16.8
93.6,8.4,18.0
93.6,8.4,19.2
93.6,8.4,20.4
93.6,8.4,21.6
93.6,8.4,22.8
93.6,8.4,24.0
93.6,9.6,3.6
93.6,9.6,4.8
93.6,9.6,6.0
93.6,9.6,7.2
93.6,9.6,8.4
93.6,9.6,9.6
93.6,9.6,10.8
93.6,9.6,12.0
93.6,9.6,13.2
93.6,9.6,14.4
93.6,9.6,15.6
93.6,9.6,16.8
93.6,9.6,18.0
93.6,9.6,19.2
93.6,9.6,20.4
93.6,9.6,21.6
93.6,9.6,22.8
93.6,9.6,24.0
93.6,10.8,4.8
93.6,10.8,6.0
93.6,10.8,7.2
93.6,10.8,8.4
93.6,10.8,9.6
93.6,10.8,10.8
93.6,10.8,12.0
93.6,10.8,13.2
93.6,10.8,14.4
93.6,10.8,15.6
93.6,10.8,16.8
93.6,10.8,18.0
93.6,10.8,19.2
93.6,10.8,20.4
93.6,10.8,21.6
93.6,10.8,22.8
93.6,10.8,24.0
93.6,10.8,25.2
93.6,12.0,6.0
93.6,12.0,7.2
93.6,12.0,8.4
93.6,12.0,9.6
93.6,12.0,10.8
93.6,12.0,12.0
93.6,12.0,13.2
93.6,12.0,14.4
93.6,12.0,15.6
93.6,12.0,16.8
93.6,12.0,18.0
93.6,12.0,19.2
93.6,12.0,20.4
93.6,12.0,21.6
93.6,12.0,22.8
93.6,12.0,24.0
93.6,12.0,25.2
93.6,12.0,26.4
93.6,13.2,7.2
93.6,13.2,8.4
93.6,13.2,9.6
93.6,13.2,10.8
93.6,13.2,12.0
93.6,13.2,13.2
93.6,13.2,14.4
93.6,13.2,15.6
93.6,13.2,16.8
93.6,13.2,18.0
93.6,13.2,19.2
93.6,13.2,20.4
93.6,13.2,21.6
93.6,13.2,22.8
93.6,13.2,24.0
93.6,13.2,25.2
93.6,13.2,26.4
93.6,13.2,27.6
93.6,14.4,8.4
93.6,14.4,9.6
93.6,14.4,10.8
93.6,14.4,12.0
93.6,14.4,13.2
93.6,14.4,14.4
93.6,14.4,15.6
93.6,14.4,16.8
93.6,14.4,18.0
93.6,14.4,19.2
93.6,14.4,20.4
93.6,14.4,21.6
93.6,14.4,22.8
93.6,14.4,24.0
93.6,14.4,25.2
93.6,14.4,26.4
93.6,14.4,27.6
93.6,14.4,28.8
93.6,15.6,9.6
93.6,15.6,10.8
93.6,15.6,12.0
93.6,15.6,13.2
93.6,15.6,14.4
93.6,15.6,15.6
93.6,15.6,16.8
93.6,15.6,18.0
93.6,15.6,19.2
93.6,15.6,20.4
93.6,15.6,21.6
93.6,15.6,22.8
93.6,15.6,24.0
93.6,15.6,25.2
93.6,15.6,26.4
93.6,15.6,27.6
93.6,15.6,28.8
93.6,15.6,30.0
93.6,16.8,10.8
93.6,16.8,12.0
93.6,16.8,13.2
93.6,16.8,14.4
93.6,16.8,15.6
93.6,16.8,16.8
93.6,16.8,18.0
93.6,16.8,19.2
93.6,16.8,20.4
93.6,16.8,21.6
93.6,16.8,22.8
93.6,16.8,24.0
93.6,16.8,25.2
93.6,16.8,26.4
93.6,16.8,27.6
93.6,16.8,28.8
93.6,16.8,30.0
93.6,16.8,31.2
93.6,18.0,12.0
93.6,18.0,13.2
93.6,18.0,14.4
93.6,18.0,15.6
93.6,18.0,16.8
93.6,18.0,18.0
93.6,18.0,19.2
93.6,18.0,20.4
93.6,18.0,21.6
93.6,18.0,22.8
93.6,18.0,24.0
93.6,18.0,25.2
93.6,18.0,26.4
93.6,18.0,27.6
93.6,18.0,28.8
93.6,18.0,30.0
93.6,18.0,31.2
93.6,18.0,32.4
93.6,19.2,13.2
93.6,19.2,14.4
93.6,19.2,15.6
93.6,19.2,16.8
93.6,19.2,18.0
93.6,19.2,19.2
93.6,19.2,20.4
93.6,19.2,21.6
93.6,19.2,22.8
93.6,19.2,24.0
93.6,19.2,25.2
93.6,19.2,26.4
93.6,19.2,27.6
93.6,19.2,28.8
93.6,19.2,30.0
93.6,19.2,31.2
93.6,19.2,32.4
93.6,19.2,33.6
93.6,20.4,14.4
93.6,20.4,15.6
93.6,20.4,16.8
93.6,20.4,18.0
93.6,20.4,19.2
93.6,20.4,20.4
93.6,20.4,21.6
93.6,20.4,22.8
93.6,20.4,24.0
93.6,20.4,25.2
93.6,20.4,26.4
93.6,20.4,27.6
93.6,20.4,28.8
93.6,20.4,30.0
93.6,20.4,31.2
93.6,20.4,32.4
93.6,20.4,33.6
93.6,20.4,34.8
93.6,21.6,15.6
93.6,21.6,16.8
93.6,21.6,18.0
93.6,21.6,19.2
93.6,21.6,20.4
93.6,21.6,21.6
93.6,21.6,22.8
93.6,21.6,24.0
93.6,21.6,25.2
93.6,21.6,26.4
93.6,21.6,27.6
93.6,21.6,28.8
93.6,21.6,30.0
93.6,21.6,31.2
93.6,21.6,32.4
93.6,21.6,33.6
93.6,21.6,34.8
93.6,21.6,36.0
93.6,21.6,37.2
93.6,21.6,38.4
93.6,21.6,39.6
93.6,21.6,40.8
93.6,21.6,42.0
93.6,21.6,43.2
93.6,21.6,44.4
93.6,21.6,45.6
93.6,21.6,46.8
93.6,21.6,48.0
93.6,21.6,49.2
93.6,21.6,50.4
93.6,21.6,51.6
93.6,22.8,16.8
93.6,22.8,18.0
93.6,22.8,19.2
93.6,22.8,20.4
93.6,22.8,21.6
93.6,22.8,22.8
93.6,22.8,24.0
93.6,22.8,25.2
93.6,22.8,26.4
93.6,22.8,27.6
93.6,22.8,28.8
93.6,22.8,30.0
93.6,22.8,31.2
93.6,22.8,32.4
93.6,22.8,33.6
93.6,22.8,34.8
93.6,22.8,36.0
93.6,22.8,37.2
93.6,22.8,38.4
93.6,22.8,39.6
93.6,22.8,40.8
93.6,22.8,42.0
93.6,22.8,43.2
93.6,22.8,44.4
93.6,22.8,45.6
93.6,22.8,46.8
93.6,22.8,48.0
93.6,22.8,49.2
93.6,22.8,50.4
93.6,22.8,51.6
93.6,22.8,52.8
93.6,24.0,18.0
93.6,24.0,19.2
93.6,24.0,20.4
93.6,24.0,21.6
93.6,24.0,22.8
93.6,24.0,24.0
93.6,24.0,25.2
93.6,24.0,26.4
93.6,24.0,27.6
93.6,24.0,28.8
93.6,24.0,30.0
93.6,24.0,31.2
93.6,24.0,32.4
93.6,24.0,33.6
93.6,24.0,34.8
93.6,24.0,36.0
93.6,24.0,37.2
93.6,24.0,38.4
93.6,24.0,39.6
93.6,24.0,40.8
93.6,24.0,42.0
93.6,24.0,43.2
93.6,24.0,44.4
93.6,24.0,45.6
93.6,24.0,46.8
93.6,24.0,48.0
93.6,24.0,49.2
93.6,24.0,50.4
93.6,24.0,51.6
93.6,24.0,52.8
93.6,24.0,54.0
93.6,25.2,19.2
93.6,25.2,20.4
93.6,25.2,21.6
93.6,25.2,22.8
93.6,25.2,24.0
93.6,25.2,25.2
93.6,25.2,26.4
93.6,25.2,27.6
93.6,25.2,28.8
93.6,25.2,30.0
93.6,25.2,31.2
93.6,25.2,32.4
93.6,25.2,33.6
93.6,25.2,34.8
93.6,25.2,36.0
93.6,25.2,37.2
93.6,25.2,38.4
93.6,25.2,39.6
93.6,25.2,40.8
93.6,25.2,42.0
93.6,25.2,43.2
93.6,25.2,44.4
93.6,25.2,45.6
93.6,25.2,46.8
93.6,25.2,48.0
93.6,25.2,49.2
93.6,25.2,50.4
93.6,25.2,51.6
93.6,25.2,52.8
93.6,25.2,54.0
93.6,25.2,55.2
93.6,26.4,20.4
93.6,26.4,21.6
93.6,26.4,22.8
93.6,26.4,24.0
93.6,26.4,25.2
93.6,26.4,26.4
93.6,26.4,27.6
93.6,26.4,28.8
93.6,26.4,30.0
93.6,26.4,31.2
93.6,26.4,32.4
93.6,26.4,33.6
93.6,26.4,34.8
93.6,26.4,36.0
93.6,26.4,37.2
93.6,26.4,38.4
93.6,26.4,39.6
93.6,26.4,40.8
93.6,26.4,42.0
93.6,26.4,43.2
93.6,26.4,44.4
93.6,26.4,45.6
93.6,26.4,46.8
93.6,26.4,48.0
93.6,26.4,49.2
93.6,26.4,50.4
93.6,26.4,51.6
93.6,26.4,52.8
93.6,26.4,54.0
93.6,26.4,55.2
93.6,26.4,56.4
93.6,27.6,21.6
93.6,27.6,22.8
93.6,27.6,24.0
93.6,27.6,25.2
93.6,27.6,26.4
93.6,27.6,27.6
93.6,27.6,28.8
93.6,27.6,30.0
93.6,27.6,31.2
93.6,27.6,32.4
93.6,27.6,33.6
93.6,27.6,34.8
93.6,27.6,36.0
93.6,27.6,37.2
93.6,27.6,38.4
93.6,27.6,39.6
93.6,27.6,40.8
93.6,27.6,42.0
93.6,27.6,43.2
93.6,27.6,44.4
93.6,27.6,45.6
93.6,27.6,46.8
93.6,27.6,48.0
93.6,27.6,49.2
93.6,27.6,50.4
93.6,27.6,51.6
93.6,27.6,52.8
93.6,27.6,54.0
93.6,27.6,55.2
93.6,27.6,56.4
93.6,27.6,57.6
93.6,28.8,22.8
93.6,28.8,24.0
93.6,28.8,25.2
93.6,28.8,26.4
93.6,28.8,27.6
93.6,28.8,28.8
93.6,28.8,30.0
93.6,28.8,31.2
93.6,28.8,32.4
93.6,28.8,33.6
93.6,28.8,34.8
93.6,28.8,36.0
93.6,28.8,37.2
93.6,28.8,38.4
93.6,28.8,39.6
93.6,28.8,40.8
93.6,28.8,42.0
93.6,28.8,43.2
93.6,28.8,44.4
93.6,28.8,45.6
93.6,28.8,46.8
93.6,28.8,48.0
93.6,28.8,49.2
93.6,28.8,50.4
93.6,28.8,51.6
93.6,28.8,52.8
93.6,28.8,54.0
93.6,28.8,55.2
93.6,28.8,56.4
93.6,28.8,57.6
93.6,28.8,58.8
93.6,30.0,24.0
93.6,30.0,25.2
93.6,30.0,26.4
93.6,30.0,27.6
93.6,30.0,28.8
93.6,30.0,30.0
93.6,30.0,31.2
93.6,30.0,32.4
93.6,30.0,33.6
93.6,30.0,34.8
93.6,30.0,36.0
93.6,30.0,37.2
93.6,30.0,38.4
93.6,30.0,39.6
93.6,30.0,40.8
93.6,30.0,42.0
93.6,30.0,43.2
93.6,30.0,44.4
93.6,30.0,45.6
93.6,30.0,46.8
93.6,30.0,48.0
93.6,30.0,49.2
93.6,30.0,50.4
93.6,30.0,51.6
93.6,30.0,52.8
93.6,30.0,54.0
93.6,30.0,55.2
93.6,30.0,56.4
93.6,30.0,57.6
93.6,30.0,58.8
93.6,30.0,60.0
93.6,31.2,25.2
93.6,31.2,26.4
93.6,31.2,27.6
93.6,31.2,28.8
93.6,31.2,30.0
93.6,31.2,31.2
93.6,31.2,32.4
93.6,31.2,33.6
93.6,31.2,34.8
93.6,31.2,36.0
93.6,31.2,37.2
93.6,31.2,38.4
93.6,31.2,39.6
93.6,31.2,40.8
93.6,31.2,42.0
93.6,31.2,43.2
93.6,31.2,44.4
93.6,31.2,45.6
93.6,31.2,46.8
93.6,31.2,48.0
93.6,31.2,49.2
93.6,31.2,50.4
93.6,31.2,51.6
93.6,31.2,52.8
93.6,31.2,54.0
93.6,31.2,55.2
93.6,31.2,56.4
93.6,31.2,57.6
93.6,31.2,58.8
93.6,31.2,60.0
93.6,31.2,61.2
93.6,32.4,26.4
93.6,32.4,27.6
93.6,32.4,28.8
93.6,32.4,30.0
93.6,32.4,31.2
93.6,32.4,32.4
93.6,32.4,33.6
93.6,32.4,34.8
93.6,32.4,36.0
93.6,32.4,37.2
93.6,32.4,38.4
93.6,32.4,39.6
93.6,32.4,40.8
93.6,32.4,42.0
93.6,32.4,43.2
93.6,32.4,44.4
93.6,32.4,45.6
93.6,32.4,46.8
93.6,32.4,48.0
93.6,32.4,49.2
93.6,32.4,50.4
93.6,32.4,51.6
93.6,32.4,52.8
93.6,32.4,54.0
93.6,32.4,55.2
93.6,32.4,56.4
93.6,32.4,57.6
93.6,32.4,58.8
93.6,32.4,60.0
93.6,32.4,61.2
93.6,32.4,62.4
93.6,33.6,27.6
93.6,33.6,28.8
93.6,33.6,30.0
93.6,33.6,31.2
93.6,33.6,32.4
93.6,33.6,33.6
93.6,33.6,34.8
93.6,33.6,36.0
93.6,33.6,37.2
93.6,33.6,38.4
93.6,33.6,39.6
93.6,33.6,40.8
93.6,33.6,42.0
93.6,33.6,43.2
93.6,33.6,44.4
93.6,33.6,45.6
93.6,33.6,46.8
93.6,33.6,48.0
93.6,33.6,49.2
93.6,33.6,50.4
93.6,33.6,51.6
93.6,33.6,52.8
93.6,33.6,54.0
93.6,33.6,55.2
93.6,33.6,56.4
93.6,33.6,57.6
93.6,33.6,58.8
93.6,33.6,60.0
93.6,33.6,61.2
93.6,33.6,62.4
93.6,33.6,63.6
94.8,6.0,4.8
94.8,6.0,6.0
94.8,6.0,7.2
94.8,6.0,8.4
94.8,6.0,9.6
94.8,6.0,10.8
94.8,6.0,12.0
94.8,6.0,13.2
94.8,6.0,14.4
94.8,6.0,15.6
94.8,6.0,16.8
94.8,6.0,18.0
94.8,6.0,19.2
94.8,6.0,20.4
94.8,6.0,21.6
94.8,6.0,22.8
94.8,6.0,24.0
94.8,7.2,4.8
94.8,7.2,6.0
94.8,7.2,7.2
94.8,7.2,8.4
94.8,7.2,9.6
94.8,7.2,10.8
94.8,7.2,12.0
94.8,7.2,13.2
94.8,7.2,14.4
94.8,7.2,15.6
94.8,7.2,16.8
94.8,7.2,18.0
94.8,7.2,19.2
94.8,7.2,20.4
94.8,7.2,21.6
94.8,7.2,22.8
94.8,7.2,24.0
94.8,8.4,4.8
94.8,8.4,6.0
94.8,8.4,7.2
94.8,8.4,8.4
94.8,8.4,9.6
94.8,8.4,10.8
94.8,8.4,12.0
94.8,8.4,13.2
94.8,8.4,14.4
94.8,8.4,15.6
94.8,8.4,16.8
94.8,8.4,18.0
94.8,8.4,19.2
94.8,8.4,20.4
94.8,8.4,21.6
94.8,8.4,22.8
94.8,8.4,24.0
94.8,9.6,4.8
94.8,9.6,6.0
94.8,9.6,7.2
94.8,9.6,8.4
94.8,9.6,9.6
94.8,9.6,10.8
94.8,9.6,12.0
94.8,9.6,13.2
94.8,9.6,14.4
94.8,9.6,15.6
94.8,9.6,16.8
94.8,9.6,18.0
94.8,9.6,19.2
94.8,9.6,20.4
94.8,9.6,21.6
94.8,9.6,22.8
94.8,9.6,24.0
94.8,10.8,4.8
94.8,10.8,6.0
94.8,10.8,7.2
94.8,10.8,8.4
94.8,10.8,9.6
94.8,10.8,10.8
94.8,10.8,12.0
94.8,10.8,13.2
94.8,10.8,14.4
94.8,10.8,15.6
94.8,10.8,16.8
94.8,10.8,18.0
94.8,10.8,19.2
94.8,10.8,20.4
94.8,10.8,21.6
94.8,10.8,22.8
94.8,10.8,24.0
94.8,12.0,6.0
94.8,12.0,7.2
94.8,12.0,8.4
94.8,12.0,9.6
94.8,12.0,10.8
94.8,12.0,12.0
94.8,12.0,13.2
94.8,12.0,14.4
94.8,12.0,15.6
94.8,12.0,16.8
94.8,12.0,18.0
94.8,12.0,19.2
94.8,12.0,20.4
94.8,12.0,21.6
94.8,12.0,22.8
94.8,12.0,24.0
94.8,12.0,25.2
94.8,13.2,7.2
94.8,13.2,8.4
94.8,13.2,9.6
94.8,13.2,10.8
94.8,13.2,12.0
94.8,13.2,13.2
94.8,13.2,14.4
94.8,13.2,15.6
94.8,13.2,16.8
94.8,13.2,18.0
94.8,13.2,19.2
94.8,13.2,20.4
94.8,13.2,21.6
94.8,13.2,22.8
94.8,13.2,24.0
94.8,13.2,25.2
94.8,13.2,26.4
94.8,14.4,8.4
94.8,14.4,9.6
94.8,14.4,10.8
94.8,14.4,12.0
94.8,14.4,13.2
94.8,14.4,14.4
94.8,14.4,15.6
94.8,14.4,16.8
94.8,14.4,18.0
94.8,14.4,19.2
94.8,14.4,20.4
94.8,14.4,21.6
94.8,14.4,22.8
94.8,14.4,24.0
94.8,14.4,25.2
94.8,14.4,26.4
94.8,14.4,27.6
94.8,15.6,9.6
94.8,15.6,10.8
94.8,15.6,12.0
94.8,15.6,13.2
94.8,15.6,14.4
94.8,15.6,15.6
94.8,15.6,16.8
94.8,15.6,18.0
94.8,15.6,19.2
94.8,15.6,20.4
94.8,15.6,21.6
94.8,15.6,22.8
94.8,15.6,24.0
94.8,15.6,25.2
94.8,15.6,26.4
94.8,15.6,27.6
94.8,15.6,28.8
94.8,16.8,10.8
94.8,16.8,12.0
94.8,16.8,13.2
94.8,16.8,14.4
94.8,16.8,15.6
94.8,16.8,16.8
94.8,16.8,18.0
94.8,16.8,19.2
94.8,16.8,20.4
94.8,16.8,21.6
94.8,16.8,22.8
94.8,16.8,24.0
94.8,16.8,25.2
94.8,16.8,26.4
94.8,16.8,27.6
94.8,16.8,28.8
94.8,16.8,30.0
94.8,18.0,12.0
94.8,18.0,13.2
94.8,18.0,14.4
94.8,18.0,15.6
94.8,18.0,16.8
94.8,18.0,18.0
94.8,18.0,19.2
94.8,18.0,20.4
94.8,18.0,21.6
94.8,18.0,22.8
94.8,18.0,24.0
94.8,18.0,25.2
94.8,18.0,26.4
94.8,18.0,27.6
94.8,18.0,28.8
94.8,18.0,30.0
94.8,18.0,31.2
94.8,19.2,13.2
94.8,19.2,14.4
94.8,19.2,15.6
94.8,19.2,16.8
94.8,19.2,18.0
94.8,19.2,19.2
94.8,19.2,20.4
94.8,19.2,21.6
94.8,19.2,22.8
94.8,19.2,24.0
94.8,19.2,25.2
94.8,19.2,26.4
94.8,19.2,27.6
94.8,19.2,28.8
94.8,19.2,30.0
94.8,19.2,31.2
94.8,19.2,32.4
94.8,20.4,14.4
94.8,20.4,15.6
94.8,20.4,16.8
94.8,20.4,18.0
94.8,20.4,19.2
94.8,20.4,20.4
94.8,20.4,21.6
94.8,20.4,22.8
94.8,20.4,24.0
94.8,20.4,25.2
94.8,20.4,26.4
94.8,20.4,27.6
94.8,20.4,28.8
94.8,20.4,30.0
94.8,20.4,31.2
94.8,20.4,32.4
94.8,20.4,33.6
94.8,21.6,15.6
94.8,21.6,16.8
94.8,21.6,18.0
94.8,21.6,19.2
94.8,21.6,20.4
94.8,21.6,21.6
94.8,21.6,22.8
94.8,21.6,24.0
94.8,21.6,25.2
94.8,21.6,26.4
94.8,21.6,27.6
94.8,21.6,28.8
94.8,21.6,30.0
94.8,21.6,31.2
94.8,21.6,32.4
94.8,21.6,33.6
94.8,21.6,34.8
94.8,22.8,16.8
94.8,22.8,18.0
94.8,22.8,19.2
94.8,22.8,20.4
94.8,22.8,21.6
94.8,22.8,22.8
94.8,22.8,24.0
94.8,22.8,25.2
94.8,22.8,26.4
94.8,22.8,27.6
94.8,22.8,28.8
94.8,22.8,30.0
94.8,22.8,31.2
94.8,22.8,32.4
94.8,22.8,33.6
94.8,22.8,34.8
94.8,22.8,36.0
94.8,22.8,37.2
94.8,22.8,38.4
94.8,22.8,39.6
94.8,22.8,40.8
94.8,22.8,42.0
94.8,22.8,43.2
94.8,22.8,44.4
94.8,22.8,45.6
94.8,22.8,46.8
94.8,22.8,48.0
94.8,22.8,49.2
94.8,22.8,50.4
94.8,22.8,51.6
94.8,22.8,52.8
94.8,24.0,18.0
94.8,24.0,19.2
94.8,24.0,20.4
94.8,24.0,21.6
94.8,24.0,22.8
94.8,24.0,24.0
94.8,24.0,25.2
94.8,24.0,26.4
94.8,24.0,27.6
94.8,24.0,28.8
94.8,24.0,30.0
94.8,24.0,31.2
94.8,24.0,32.4
94.8,24.0,33.6
94.8,24.0,34.8
94.8,24.0,36.0
94.8,24.0,37.2
94.8,24.0,38.4
94.8,24.0,39.6
94.8,24.0,40.8
94.8,24.0,42.0
94.8,24.0,43.2
94.8,24.0,44.4
94.8,24.0,45.6
94.8,24.0,46.8
94.8,24.0,48.0
94.8,24.0,49.2
94.8,24.0,50.4
94.8,24.0,51.6
94.8,24.0,52.8
94.8,24.0,54.0
94.8,25.2,19.2
94.8,25.2,20.4
94.8,25.2,21.6
94.8,25.2,22.8
94.8,25.2,24.0
94.8,25.2,25.2
94.8,25.2,26.4
94.8,25.2,27.6
94.8,25.2,28.8
94.8,25.2,30.0
94.8,25.2,31.2
94.8,25.2,32.4
94.8,25.2,33.6
94.8,25.2,34.8
94.8,25.2,36.0
94.8,25.2,37.2
94.8,25.2,38.4
94.8,25.2,39.6
94.8,25.2,40.8
94.8,25.2,42.0
94.8,25.2,43.2
94.8,25.2,44.4
94.8,25.2,45.6
94.8,25.2,46.8
94.8,25.2,48.0
94.8,25.2,49.2
94.8,25.2,50.4
94.8,25.2,51.6
94.8,25.2,52.8
94.8,25.2,54.0
94.8,25.2,55.2
94.8,26.4,20.4
94.8,26.4,21.6
94.8,26.4,22.8
94.8,26.4,24.0
94.8,26.4,25.2
94.8,26.4,26.4
94.8,26.4,27.6
94.8,26.4,28.8
94.8,26.4,30.0
94.8,26.4,31.2
94.8,26.4,32.4
94.8,26.4,33.6
94.8,26.4,34.8
94.8,26.4,36.0
94.8,26.4,37.2
94.8,26.4,38.4
94.8,26.4,39.6
94.8,26.4,40.8
94.8,26.4,42.0
94.8,26.4,43.2
94.8,26.4,44.4
94.8,26.4,45.6
94.8,26.4,46.8
94.8,26.4,48.0
94.8,26.4,49.2
94.8,26.4,50.4
94.8,26.4,51.6
94.8,26.4,52.8
94.8,26.4,54.0
94.8,26.4,55.2
94.8,26.4,56.4
94.8,27.6,21.6
94.8,27.6,22.8
94.8,27.6,24.0
94.8,27.6,25.2
94.8,27.6,26.4
94.8,27.6,27.6
94.8,27.6,28.8
94.8,27.6,30.0
94.8,27.6,31.2
94.8,27.6,32.4
94.8,27.6,33.6
94.8,27.6,34.8
94.8,27.6,36.0
94.8,27.6,37.2
94.8,27.6,38.4
94.8,27.6,39.6
94.8,27.6,40.8
94.8,27.6,42.0
94.8,27.6,43.2
94.8,27.6,44.4
94.8,27.6,45.6
94.8,27.6,46.8
94.8,27.6,48.0
94.8,27.6,49.2
94.8,27.6,50.4
94.8,27.6,51.6
94.8,27.6,52.8
94.8,27.6,54.0
94.8,27.6,55.2
94.8,27.6,56.4
94.8,27.6,57.6
94.8,28.8,22.8
94.8,28.8,24.0
94.8,28.8,25.2
94.8,28.8,26.4
94.8,28.8,27.6
94.8,28.8,28.8
94.8,28.8,30.0
94.8,28.8,31.2
94.8,28.8,32.4
94.8,28.8,33.6
94.8,28.8,34.8
94.8,28.8,36.0
94.8,28.8,37.2
94.8,28.8,38.4
94.8,28.8,39.6
94.8,28.8,40.8
94.8,28.8,42.0
94.8,28.8,43.2
94.8,28.8,44.4
94.8,28.8,45.6
94.8,28.8,46.8
94.8,28.8,48.0
94.8,28.8,49.2
94.8,28.8,50.4
94.8,28.8,51.6
94.8,28.8,52.8
94.8,28.8,54.0
94.8,28.8,55.2
94.8,28.8,56.4
94.8,28.8,57.6
94.8,28.8,58.8
94.8,30.0,24.0
94.8,30.0,25.2
94.8,30.0,26.4
94.8,30.0,27.6
94.8,30.0,28.8
94.8,30.0,30.0
94.8,30.0,31.2
94.8,30.0,32.4
94.8,30.0,33.6
94.8,30.0,34.8
94.8,30.0,36.0
94.8,30.0,37.2
94.8,30.0,38.4
94.8,30.0,39.6
94.8,30.0,40.8
94.8,30.0,42.0
94.8,30.0,43.2
94.8,30.0,44.4
94.8,30.0,45.6
94.8,30.0,46.8
94.8,30.0,48.0
94.8,30.0,49.2
94.8,30.0,50.4
94.8,30.0,51.6
94.8,30.0,52.8
94.8,30.0,54.0
94.8,30.0,55.2
94.8,30.0,56.4
94.8,30.0,57.6
94.8,30.0,58.8
94.8,30.0,60.0
94.8,31.2,25.2
94.8,31.2,26.4
94.8,31.2,27.6
94.8,31.2,28.8
94.8,31.2,30.0
94.8,31.2,31.2
94.8,31.2,32.4
94.8,31.2,33.6
94.8,31.2,34.8
94.8,31.2,36.0
94.8,31.2,37.2
94.8,31.2,38.4
94.8,31.2,39.6
94.8,31.2,40.8
94.8,31.2,42.0
94.8,31.2,43.2
94.8,31.2,44.4
94.8,31.2,45.6
94.8,31.2,46.8
94.8,31.2,48.0
94.8,31.2,49.2
94.8,31.2,50.4
94.8,31.2,51.6
94.8,31.2,52.8
94.8,31.2,54.0
94.8,31.2,55.2
94.8,31.2,56.4
94.8,31.2,57.6
94.8,31.2,58.8
94.8,31.2,60.0
94.8,31.2,61.2
94.8,32.4,26.4
94.8,32.4,27.6
94.8,32.4,28.8
94.8,32.4,30.0
94.8,32.4,31.2
94.8,32.4,32.4
94.8,32.4,33.6
94.8,32.4,34.8
94.8,32.4,36.0
94.8,32.4,37.2
94.8,32.4,38.4
94.8,32.4,39.6
94.8,32.4,40.8
94.8,32.4,42.0
94.8,32.4,43.2
94.8,32.4,44.4
94.8,32.4,45.6
94.8,32.4,46.8
94.8,32.4,48.0
94.8,32.4,49.2
94.8,32.4,50.4
94.8,32.4,51.6
94.8,32.4,52.8
94.8,32.4,54.0
94.8,32.4,55.2
94.8,32.4,56.4
94.8,32.4,57.6
94.8,32.4,58.8
94.8,32.4,60.0
94.8,32.4,61.2
94.8,32.4,62.4
94.8,33.6,27.6
94.8,33.6,28.8
94.8,33.6,30.0
94.8,33.6,31.2
94.8,33.6,32.4
94.8,33.6,33.6
94.8,33.6,34.8
94.8,33.6,36.0
94.8,33.6,37.2
94.8,33.6,38.4
94.8,33.6,39.6
94.8,33.6,40.8
94.8,33.6,42.0
94.8,33.6,43.2
94.8,33.6,44.4
94.8,33.6,45.6
94.8,33.6,46.8
94.8,33.6,48.0
94.8,33.6,49.2
94.8,33.6,50.4
94.8,33.6,51.6
94.8,33.6,52.8
94.8,33.6,54.0
94.8,33.6,55.2
94.8,33.6,56.4
94.8,33.6,57.6
94.8,33.6,58.8
94.8,33.6,60.0
94.8,33.6,61.2
94.8,33.6,62.4
94.8,33.6,63.6
94.8,34.8,28.8
94.8,34.8,30.0
94.8,34.8,31.2
94.8,34.8,32.4
94.8,34.8,33.6
94.8,34.8,34.8
94.8,34.8,36.0
94.8,34.8,37.2
94.8,34.8,38.4
94.8,34.8,39.6
94.8,34.8,40.8
94.8,34.8,42.0
94.8,34.8,43.2
94.8,34.8,44.4
94.8,34.8,45.6
94.8,34.8,46.8
94.8,34.8,48.0
94.8,34.8,49.2
94.8,34.8,50.4
94.8,34.8,51.6
94.8,34.8,52.8
94.8,34.8,54.0
94.8,34.8,55.2
94.8,34.8,56.4
94.8,34.8,57.6
94.8,34.8,58.8
94.8,34.8,60.0
94.8,34.8,61.2
94.8,34.8,62.4
94.8,34.8,63.6
94.8,34.8,64.8
96.0,6.0,6.0
96.0,6.0,7.2
96.0,6.0,8.4
96.0,6.0,9.6
96.0,6.0,10.8
96.0,6.0,12.0
96.0,6.0,13.2
96.0,6.0,14.4
96.0,6.0,15.6
96.0,6.0,16.8
96.0,6.0,18.0
96.0,6.0,19.2
96.0,6.0,20.4
96.0,6.0,21.6
96.0,6.0,22.8
96.0,6.0,24.0
96.0,7.2,6.0
96.0,7.2,7.2
96.0,7.2,8.4
96.0,7.2,9.6
96.0,7.2,10.8
96.0,7.2,12.0
96.0,7.2,13.2
96.0,7.2,14.4
96.0,7.2,15.6
96.0,7.2,16.8
96.0,7.2,18.0
96.0,7.2,19.2
96.0,7.2,20.4
96.0,7.2,21.6
96.0,7.2,22.8
96.0,7.2,24.0
96.0,8.4,6.0
96.0,8.4,7.2
96.0,8.4,8.4
96.0,8.4,9.6
96.0,8.4,10.8
96.0,8.4,12.0
96.0,8.4,13.2
96.0,8.4,14.4
96.0,8.4,15.6
96.0,8.4,16.8
96.0,8.4,18.0
96.0,8.4,19.2
96.0,8.4,20.4
96.0,8.4,21.6
96.0,8.4,22.8
96.0,8.4,24.0
96.0,9.6,6.0
96.0,9.6,7.2
96.0,9.6,8.4
96.0,9.6,9.6
96.0,9.6,10.8
96.0,9.6,12.0
96.0,9.6,13.2
96.0,9.6,14.4
96.0,9.6,15.6
96.0,9.6,16.8
96.0,9.6,18.0
96.0,9.6,19.2
96.0,9.6,20.4
96.0,9.6,21.6
96.0,9.6,22.8
96.0,9.6,24.0
96.0,10.8,6.0
96.0,10.8,7.2
96.0,10.8,8.4
96.0,10.8,9.6
96.0,10.8,10.8
96.0,10.8,12.0
96.0,10.8,13.2
96.0,10.8,14.4
96.0,10.8,15.6
96.0,10.8,16.8
96.0,10.8,18.0
96.0,10.8,19.2
96.0,10.8,20.4
96.0,10.8,21.6
96.0,10.8,22.8
96.0,10.8,24.0
96.0,12.0,6.0
96.0,12.0,7.2
96.0,12.0,8.4
96.0,12.0,9.6
96.0,12.0,10.8
96.0,12.0,12.0
96.0,12.0,13.2
96.0,12.0,14.4
96.0,12.0,15.6
96.0,12.0,16.8
96.0,12.0,18.0
96.0,12.0,19.2
96.0,12.0,20.4
96.0,12.0,21.6
96.0,12.0,22.8
96.0,12.0,24.0
96.0,13.2,7.2
96.0,13.2,8.4
96.0,13.2,9.6
96.0,13.2,10.8
96.0,13.2,12.0
96.0,13.2,13.2
96.0,13.2,14.4
96.0,13.2,15.6
96.0,13.2,16.8
96.0,13.2,18.0
96.0,13.2,19.2
96.0,13.2,20.4
96.0,13.2,21.6
96.0,13.2,22.8
96.0,13.2,24.0
96.0,13.2,25.2
96.0,14.4,8.4
96.0,14.4,9.6
96.0,14.4,10.8
96.0,14.4,12.0
96.0,14.4,13.2
96.0,14.4,14.4
96.0,14.4,15.6
96.0,14.4,16.8
96.0,14.4,18.0
96.0,14.4,19.2
96.0,14.4,20.4
96.0,14.4,21.6
96.0,14.4,22.8
96.0,14.4,24.0
96.0,14.4,25.2
96.0,14.4,26.4
96.0,15.6,9.6
96.0,15.6,10.8
96.0,15.6,12.0
96.0,15.6,13.2
96.0,15.6,14.4
96.0,15.6,15.6
96.0,15.6,16.8
96.0,15.6,18.0
96.0,15.6,19.2
96.0,15.6,20.4
96.0,15.6,21.6
96.0,15.6,22.8
96.0,15.6,24.0
96.0,15.6,25.2
96.0,15.6,26.4
96.0,15.6,27.6
96.0,16.8,10.8
96.0,16.8,12.0
96.0,16.8,13.2
96.0,16.8,14.4
96.0,16.8,15.6
96.0,16.8,16.8
96.0,16.8,18.0
96.0,16.8,19.2
96.0,16.8,20.4
96.0,16.8,21.6
96.0,16.8,22.8
96.0,16.8,24.0
96.0,16.8,25.2
96.0,16.8,26.4
96.0,16.8,27.6
96.0,16.8,28.8
96.0,18.0,12.0
96.0,18.0,13.2
96.0,18.0,14.4
96.0,18.0,15.6
96.0,18.0,16.8
96.0,18.0,18.0
96.0,18.0,19.2
96.0,18.0,20.4
96.0,18.0,21.6
96.0,18.0,22.8
96.0,18.0,24.0
96.0,18.0,25.2
96.0,18.0,26.4
96.0,18.0,27.6
96.0,18.0,28.8
96.0,18.0,30.0
96.0,19.2,13.2
96.0,19.2,14.4
96.0,19.2,15.6
96.0,19.2,16.8
96.0,19.2,18.0
96.0,19.2,19.2
96.0,19.2,20.4
96.0,19.2,21.6
96.0,19.2,22.8
96.0,19.2,24.0
96.0,19.2,25.2
96.0,19.2,26.4
96.0,19.2,27.6
96.0,19.2,28.8
96.0,19.2,30.0
96.0,19.2,31.2
96.0,20.4,14.4
96.0,20.4,15.6
96.0,20.4,16.8
96.0,20.4,18.0
96.0,20.4,19.2
96.0,20.4,20.4
96.0,20.4,21.6
96.0,20.4,22.8
96.0,20.4,24.0
96.0,20.4,25.2
96.0,20.4,26.4
96.0,20.4,27.6
96.0,20.4,28.8
96.0,20.4,30.0
96.0,20.4,31.2
96.0,20.4,32.4
96.0,21.6,15.6
96.0,21.6,16.8
96.0,21.6,18.0
96.0,21.6,19.2
96.0,21.6,20.4
96.0,21.6,21.6
96.0,21.6,22.8
96.0,21.6,24.0
96.0,21.6,25.2
96.0,21.6,26.4
96.0,21.6,27.6
96.0,21.6,28.8
96.0,21.6,30.0
96.0,21.6,31.2
96.0,21.6,32.4
96.0,21.6,33.6
96.0,22.8,16.8
96.0,22.8,18.0
96.0,22.8,19.2
96.0,22.8,20.4
96.0,22.8,21.6
96.0,22.8,22.8
96.0,22.8,24.0
96.0,22.8,25.2
96.0,22.8,26.4
96.0,22.8,27.6
96.0,22.8,28.8
96.0,22.8,30.0
96.0,22.8,31.2
96.0,22.8,32.4
96.0,22.8,33.6
96.0,22.8,34.8
96.0,24.0,18.0
96.0,24.0,19.2
96.0,24.0,20.4
96.0,24.0,21.6
96.0,24.0,22.8
96.0,24.0,24.0
96.0,24.0,25.2
96.0,24.0,26.4
96.0,24.0,27.6
96.0,24.0,28.8
96.0,24.0,30.0
96.0,24.0,31.2
96.0,24.0,32.4
96.0,24.0,33.6
96.0,24.0,34.8
96.0,24.0,36.0
96.0,24.0,37.2
96.0,24.0,38.4
96.0,24.0,39.6
96.0,24.0,40.8
96.0,24.0,42.0
96.0,24.0,43.2
96.0,24.0,44.4
96.0,24.0,45.6
96.0,24.0,46.8
96.0,24.0,48.0
96.0,24.0,49.2
96.0,24.0,50.4
96.0,24.0,51.6
96.0,24.0,52.8
96.0,24.0,54.0
96.0,25.2,19.2
96.0,25.2,20.4
96.0,25.2,21.6
96.0,25.2,22.8
96.0,25.2,24.0
96.0,25.2,25.2
96.0,25.2,26.4
96.0,25.2,27.6
96.0,25.2,28.8
96.0,25.2,30.0
96.0,25.2,31.2
96.0,25.2,32.4
96.0,25.2,33.6
96.0,25.2,34.8
96.0,25.2,36.0
96.0,25.2,37.2
96.0,25.2,38.4
96.0,25.2,39.6
96.0,25.2,40.8
96.0,25.2,42.0
96.0,25.2,43.2
96.0,25.2,44.4
96.0,25.2,45.6
96.0,25.2,46.8
96.0,25.2,48.0
96.0,25.2,49.2
96.0,25.2,50.4
96.0,25.2,51.6
96.0,25.2,52.8
96.0,25.2,54.0
96.0,25.2,55.2
96.0,26.4,20.4
96.0,26.4,21.6
96.0,26.4,22.8
96.0,26.4,24.0
96.0,26.4,25.2
96.0,26.4,26.4
96.0,26.4,27.6
96.0,26.4,28.8
96.0,26.4,30.0
96.0,26.4,31.2
96.0,26.4,32.4
96.0,26.4,33.6
96.0,26.4,34.8
96.0,26.4,36.0
96.0,26.4,37.2
96.0,26.4,38.4
96.0,26.4,39.6
96.0,26.4,40.8
96.0,26.4,42.0
96.0,26.4,43.2
96.0,26.4,44.4
96.0,26.4,45.6
96.0,26.4,46.8
96.0,26.4,48.0
96.0,26.4,49.2
96.0,26.4,50.4
96.0,26.4,51.6
96.0,26.4,52.8
96.0,26.4,54.0
96.0,26.4,55.2
96.0,26.4,56.4
96.0,27.6,21.6
96.0,27.6,22.8
96.0,27.6,24.0
96.0,27.6,25.2
96.0,27.6,26.4
96.0,27.6,27.6
96.0,27.6,28.8
96.0,27.6,30.0
96.0,27.6,31.2
96.0,27.6,32.4
96.0,27.6,33.6
96.0,27.6,34.8
96.0,27.6,36.0
96.0,27.6,37.2
96.0,27.6,38.4
96.0,27.6,39.6
96.0,27.6,40.8
96.0,27.6,42.0
96.0,27.6,43.2
96.0,27.6,44.4
96.0,27.6,45.6
96.0,27.6,46.8
96.0,27.6,48.0
96.0,27.6,49.2
96.0,27.6,50.4
96.0,27.6,51.6
96.0,27.6,52.8
96.0,27.6,54.0
96.0,27.6,55.2
96.0,27.6,56.4
96.0,27.6,57.6
96.0,28.8,22.8
96.0,28.8,24.0
96.0,28.8,25.2
96.0,28.8,26.4
96.0,28.8,27.6
96.0,28.8,28.8
96.0,28.8,30.0
96.0,28.8,31.2
96.0,28.8,32.4
96.0,28.8,33.6
96.0,28.8,34.8
96.0,28.8,36.0
96.0,28.8,37.2
96.0,28.8,38.4
96.0,28.8,39.6
96.0,28.8,40.8
96.0,28.8,42.0
96.0,28.8,43.2
96.0,28.8,44.4
96.0,28.8,45.6
96.0,28.8,46.8
96.0,28.8,48.0
96.0,28.8,49.2
96.0,28.8,50.4
96.0,28.8,51.6
96.0,28.8,52.8
96.0,28.8,54.0
96.0,28.8,55.2
96.0,28.8,56.4
96.0,28.8,57.6
96.0,28.8,58.8
96.0,30.0,24.0
96.0,30.0,25.2
96.0,30.0,26.4
96.0,30.0,27.6
96.0,30.0,28.8
96.0,30.0,30.0
96.0,30.0,31.2
96.0,30.0,32.4
96.0,30.0,33.6
96.0,30.0,34.8
96.0,30.0,36.0
96.0,30.0,37.2
96.0,30.0,38.4
96.0,30.0,39.6
96.0,30.0,40.8
96.0,30.0,42.0
96.0,30.0,43.2
96.0,30.0,44.4
96.0,30.0,45.6
96.0,30.0,46.8
96.0,30.0,48.0
96.0,30.0,49.2
96.0,30.0,50.4
96.0,30.0,51.6
96.0,30.0,52.8
96.0,30.0,54.0
96.0,30.0,55.2
96.0,30.0,56.4
96.0,30.0,57.6
96.0,30.0,58.8
96.0,30.0,60.0
96.0,31.2,25.2
96.0,31.2,26.4
96.0,31.2,27.6
96.0,31.2,28.8
96.0,31.2,30.0
96.0,31.2,31.2
96.0,31.2,32.4
96.0,31.2,33.6
96.0,31.2,34.8
96.0,31.2,36.0
96.0,31.2,37.2
96.0,31.2,38.4
96.0,31.2,39.6
96.0,31.2,40.8
96.0,31.2,42.0
96.0,31.2,43.2
96.0,31.2,44.4
96.0,31.2,45.6
96.0,31.2,46.8
96.0,31.2,48.0
96.0,31.2,49.2
96.0,31.2,50.4
96.0,31.2,51.6
96.0,31.2,52.8
96.0,31.2,54.0
96.0,31.2,55.2
96.0,31.2,56.4
96.0,31.2,57.6
96.0,31.2,58.8
96.0,31.2,60.0
96.0,31.2,61.2
96.0,32.4,26.4
96.0,32.4,27.6
96.0,32.4,28.8
96.0,32.4,30.0
96.0,32.4,31.2
96.0,32.4,32.4
96.0,32.4,33.6
96.0,32.4,34.8
96.0,32.4,36.0
96.0,32.4,37.2
96.0,32.4,38.4
96.0,32.4,39.6
96.0,32.4,40.8
96.0,32.4,42.0
96.0,32.4,43.2
96.0,32.4,44.4
96.0,32.4,45.6
96.0,32.4,46.8
96.0,32.4,48.0
96.0,32.4,49.2
96.0,32.4,50.4
96.0,32.4,51.6
96.0,32.4,52.8
96.0,32.4,54.0
96.0,32.4,55.2
96.0,32.4,56.4
96.0,32.4,57.6
96.0,32.4,58.8
96.0,32.4,60.0
96.0,32.4,61.2
96.0,32.4,62.4
96.0,33.6,27.6
96.0,33.6,28.8
96.0,33.6,30.0
96.0,33.6,31.2
96.0,33.6,32.4
96.0,33.6,33.6
96.0,33.6,34.8
96.0,33.6,36.0
96.0,33.6,37.2
96.0,33.6,38.4
96.0,33.6,39.6
96.0,33.6,40.8
96.0,33.6,42.0
96.0,33.6,43.2
96.0,33.6,44.4
96.0,33.6,45.6
96.0,33.6,46.8
96.0,33.6,48.0
96.0,33.6,49.2
96.0,33.6,50.4
96.0,33.6,51.6
96.0,33.6,52.8
96.0,33.6,54.0
96.0,33.6,55.2
96.0,33.6,56.4
96.0,33.6,57.6
96.0,33.6,58.8
96.0,33.6,60.0
96.0,33.6,61.2
96.0,33.6,62.4
96.0,33.6,63.6
96.0,34.8,28.8
96.0,34.8,30.0
96.0,34.8,31.2
96.0,34.8,32.4
96.0,34.8,33.6
96.0,34.8,34.8
96.0,34.8,36.0
96.0,34.8,37.2
96.0,34.8,38.4
96.0,34.8,39.6
96.0,34.8,40.8
96.0,34.8,42.0
96.0,34.8,43.2
96.0,34.8,44.4
96.0,34.8,45.6
96.0,34.8,46.8
96.0,34.8,48.0
96.0,34.8,49.2
96.0,34.8,50.4
96.0,34.8,51.6
96.0,34.8,52.8
96.0,34.8,54.0
96.0,34.8,55.2
96.0,34.8,56.4
96.0,34.8,57.6
96.0,34.8,58.8
96.0,34.8,60.0
96.0,34.8,61.2
96.0,34.8,62.4
96.0,34.8,63.6
96.0,34.8,64.8
96.0,36.0,30.0
96.0,36.0,31.2
96.0,36.0,32.4
96.0,36.0,33.6
96.0,36.0,34.8
96.0,36.0,36.0
96.0,36.0,37.2
96.0,36.0,38.4
96.0,36.0,39.6
96.0,36.0,40.8
96.0,36.0,42.0
96.0,36.0,43.2
96.0,36.0,44.4
96.0,36.0,45.6
96.0,36.0,46.8
96.0,36.0,48.0
96.0,36.0,49.2
96.0,36.0,50.4
96.0,36.0,51.6
96.0,36.0,52.8
96.0,36.0,54.0
96.0,36.0,55.2
96.0,36.0,56.4
96.0,36.0,57.6
96.0,36.0,58.8
96.0,36.0,60.0
96.0,36.0,61.2
96.0,36.0,62.4
96.0,36.0,63.6
96.0,36.0,64.8
96.0,36.0,66.0
97.2,6.0,7.2
97.2,6.0,8.4
97.2,6.0,9.6
97.2,6.0,10.8
97.2,6.0,12.0
97.2,6.0,13.2
97.2,6.0,14.4
97.2,6.0,15.6
97.2,6.0,16.8
97.2,6.0,18.0
97.2,6.0,19.2
97.2,6.0,20.4
97.2,6.0,21.6
97.2,6.0,22.8
97.2,6.0,24.0
97.2,7.2,7.2
97.2,7.2,8.4
97.2,7.2,9.6
97.2,7.2,10.8
97.2,7.2,12.0
97.2,7.2,13.2
97.2,7.2,14.4
97.2,7.2,15.6
97.2,7.2,16.8
97.2,7.2,18.0
97.2,7.2,19.2
97.2,7.2,20.4
97.2,7.2,21.6
97.2,7.2,22.8
97.2,7.2,24.0
97.2,8.4,7.2
97.2,8.4,8.4
97.2,8.4,9.6
97.2,8.4,10.8
97.2,8.4,12.0
97.2,8.4,13.2
97.2,8.4,14.4
97.2,8.4,15.6
97.2,8.4,16.8
97.2,8.4,18.0
97.2,8.4,19.2
97.2,8.4,20.4
97.2,8.4,21.6
97.2,8.4,22.8
97.2,8.4,24.0
97.2,9.6,7.2
97.2,9.6,8.4
97.2,9.6,9.6
97.2,9.6,10.8
97.2,9.6,12.0
97.2,9.6,13.2
97.2,9.6,14.4
97.2,9.6,15.6
97.2,9.6,16.8
97.2,9.6,18.0
97.2,9.6,19.2
97.2,9.6,20.4
97.2,9.6,21.6
97.2,9.6,22.8
97.2,9.6,24.0
97.2,10.8,7.2
97.2,10.8,8.4
97.2,10.8,9.6
97.2,10.8,10.8
97.2,10.8,12.0
97.2,10.8,13.2
97.2,10.8,14.4
97.2,10.8,15.6
97.2,10.8,16.8
97.2,10.8,18.0
97.2,10.8,19.2
97.2,10.8,20.4
97.2,10.8,21.6
97.2,10.8,22.8
97.2,10.8,24.0
97.2,12.0,7.2
97.2,12.0,8.4
97.2,12.0,9.6
97.2,12.0,10.8
97.2,12.0,12.0
97.2,12.0,13.2
97.2,12.0,14.4
97.2,12.0,15.6
97.2,12.0,16.8
97.2,12.0,18.0
97.2,12.0,19.2
97.2,12.0,20.4
97.2,12.0,21.6
97.2,12.0,22.8
97.2,12.0,24.0
97.2,13.2,7.2
97.2,13.2,8.4
97.2,13.2,9.6
97.2,13.2,10.8
97.2,13.2,12.0
97.2,13.2,13.2
97.2,13.2,14.4
97.2,13.2,15.6
97.2,13.2,16.8
97.2,13.2,18.0
97.2,13.2,19.2
97.2,13.2,20.4
97.2,13.2,21.6
97.2,13.2,22.8
97.2,13.2,24.0
97.2,14.4,8.4
97.2,14.4,9.6
97.2,14.4,10.8
97.2,14.4,12.0
97.2,14.4,13.2
97.2,14.4,14.4
97.2,14.4,15.6
97.2,14.4,16.8
97.2,14.4,18.0
97.2,14.4,19.2
97.2,14.4,20.4
97.2,14.4,21.6
97.2,14.4,22.8
97.2,14.4,24.0
97.2,14.4,25.2
97.2,15.6,9.6
97.2,15.6,10.8
97.2,15.6,12.0
97.2,15.6,13.2
97.2,15.6,14.4
97.2,15.6,15.6
97.2,15.6,16.8
97.2,15.6,18.0
97.2,15.6,19.2
97.2,15.6,20.4
97.2,15.6,21.6
97.2,15.6,22.8
97.2,15.6,24.0
97.2,15.6,25.2
97.2,15.6,26.4
97.2,16.8,10.8
97.2,16.8,12.0
97.2,16.8,13.2
97.2,16.8,14.4
97.2,16.8,15.6
97.2,16.8,16.8
97.2,16.8,18.0
97.2,16.8,19.2
97.2,16.8,20.4
97.2,16.8,21.6
97.2,16.8,22.8
97.2,16.8,24.0
97.2,16.8,25.2
97.2,16.8,26.4
97.2,16.8,27.6
97.2,18.0,12.0
97.2,18.0,13.2
97.2,18.0,14.4
97.2,18.0,15.6
97.2,18.0,16.8
97.2,18.0,18.0
97.2,18.0,19.2
97.2,18.0,20.4
97.2,18.0,21.6
97.2,18.0,22.8
97.2,18.0,24.0
97.2,18.0,25.2
97.2,18.0,26.4
97.2,18.0,27.6
97.2,18.0,28.8
97.2,19.2,13.2
97.2,19.2,14.4
97.2,19.2,15.6
97.2,19.2,16.8
97.2,19.2,18.0
97.2,19.2,19.2
97.2,19.2,20.4
97.2,19.2,21.6
97.2,19.2,22.8
97.2,19.2,24.0
97.2,19.2,25.2
97.2,19.2,26.4
97.2,19.2,27.6
97.2,19.2,28.8
97.2,19.2,30.0
97.2,20.4,14.4
97.2,20.4,15.6
97.2,20.4,16.8
97.2,20.4,18.0
97.2,20.4,19.2
97.2,20.4,20.4
97.2,20.4,21.6
97.2,20.4,22.8
97.2,20.4,24.0
97.2,20.4,25.2
97.2,20.4,26.4
97.2,20.4,27.6
97.2,20.4,28.8
97.2,20.4,30.0
97.2,20.4,31.2
97.2,21.6,15.6
97.2,21.6,16.8
97.2,21.6,18.0
97.2,21.6,19.2
97.2,21.6,20.4
97.2,21.6,21.6
97.2,21.6,22.8
97.2,21.6,24.0
97.2,21.6,25.2
97.2,21.6,26.4
97.2,21.6,27.6
97.2,21.6,28.8
97.2,21.6,30.0
97.2,21.6,31.2
97.2,21.6,32.4
97.2,22.8,16.8
97.2,22.8,18.0
97.2,22.8,19.2
97.2,22.8,20.4
97.2,22.8,21.6
97.2,22.8,22.8
97.2,22.8,24.0
97.2,22.8,25.2
97.2,22.8,26.4
97.2,22.8,27.6
97.2,22.8,28.8
97.2,22.8,30.0
97.2,22.8,31.2
97.2,22.8,32.4
97.2,22.8,33.6
97.2,24.0,18.0
97.2,24.0,19.2
97.2,24.0,20.4
97.2,24.0,21.6
97.2,24.0,22.8
97.2,24.0,24.0
97.2,24.0,25.2
97.2,24.0,26.4
97.2,24.0,27.6
97.2,24.0,28.8
97.2,24.0,30.0
97.2,24.0,31.2
97.2,24.0,32.4
97.2,24.0,33.6
97.2,24.0,34.8
97.2,25.2,19.2
97.2,25.2,20.4
97.2,25.2,21.6
97.2,25.2,22.8
97.2,25.2,24.0
97.2,25.2,25.2
97.2,25.2,26.4
97.2,25.2,27.6
97.2,25.2,28.8
97.2,25.2,30.0
97.2,25.2,31.2
97.2,25.2,32.4
97.2,25.2,33.6
97.2,25.2,34.8
97.2,25.2,36.0
97.2,25.2,37.2
97.2,25.2,38.4
97.2,25.2,39.6
97.2,25.2,40.8
97.2,25.2,42.0
97.2,25.2,43.2
97.2,25.2,44.4
97.2,25.2,45.6
97.2,25.2,46.8
97.2,25.2,48.0
97.2,25.2,49.2
97.2,25.2,50.4
97.2,25.2,51.6
97.2,25.2,52.8
97.2,25.2,54.0
97.2,25.2,55.2
97.2,26.4,20.4
97.2,26.4,21.6
97.2,26.4,22.8
97.2,26.4,24.0
97.2,26.4,25.2
97.2,26.4,26.4
97.2,26.4,27.6
97.2,26.4,28.8
97.2,26.4,30.0
97.2,26.4,31.2
97.2,26.4,32.4
97.2,26.4,33.6
97.2,26.4,34.8
97.2,26.4,36.0
97.2,26.4,37.2
97.2,26.4,38.4
97.2,26.4,39.6
97.2,26.4,40.8
97.2,26.4,42.0
97.2,26.4,43.2
97.2,26.4,44.4
97.2,26.4,45.6
97.2,26.4,46.8
97.2,26.4,48.0
97.2,26.4,49.2
97.2,26.4,50.4
97.2,26.4,51.6
97.2,26.4,52.8
97.2,26.4,54.0
97.2,26.4,55.2
97.2,26.4,56.4
97.2,27.6,21.6
97.2,27.6,22.8
97.2,27.6,24.0
97.2,27.6,25.2
97.2,27.6,26.4
97.2,27.6,27.6
97.2,27.6,28.8
97.2,27.6,30.0
97.2,27.6,31.2
97.2,27.6,32.4
97.2,27.6,33.6
97.2,27.6,34.8
97.2,27.6,36.0
97.2,27.6,37.2
97.2,27.6,38.4
97.2,27.6,39.6
97.2,27.6,40.8
97.2,27.6,42.0
97.2,27.6,43.2
97.2,27.6,44.4
97.2,27.6,45.6
97.2,27.6,46.8
97.2,27.6,48.0
97.2,27.6,49.2
97.2,27.6,50.4
97.2,27.6,51.6
97.2,27.6,52.8
97.2,27.6,54.0
97.2,27.6,55.2
97.2,27.6,56.4
97.2,27.6,57.6
97.2,28.8,22.8
97.2,28.8,24.0
97.2,28.8,25.2
97.2,28.8,26.4
97.2,28.8,27.6
97.2,28.8,28.8
97.2,28.8,30.0
97.2,28.8,31.2
97.2,28.8,32.4
97.2,28.8,33.6
97.2,28.8,34.8
97.2,28.8,36.0
97.2,28.8,37.2
97.2,28.8,38.4
97.2,28.8,39.6
97.2,28.8,40.8
97.2,28.8,42.0
97.2,28.8,43.2
97.2,28.8,44.4
97.2,28.8,45.6
97.2,28.8,46.8
97.2,28.8,48.0
97.2,28.8,49.2
97.2,28.8,50.4
97.2,28.8,51.6
97.2,28.8,52.8
97.2,28.8,54.0
97.2,28.8,55.2
97.2,28.8,56.4
97.2,28.8,57.6
97.2,28.8,58.8
97.2,30.0,24.0
97.2,30.0,25.2
97.2,30.0,26.4
97.2,30.0,27.6
97.2,30.0,28.8
97.2,30.0,30.0
97.2,30.0,31.2
97.2,30.0,32.4
97.2,30.0,33.6
97.2,30.0,34.8
97.2,30.0,36.0
97.2,30.0,37.2
97.2,30.0,38.4
97.2,30.0,39.6
97.2,30.0,40.8
97.2,30.0,42.0
97.2,30.0,43.2
97.2,30.0,44.4
97.2,30.0,45.6
97.2,30.0,46.8
97.2,30.0,48.0
97.2,30.0,49.2
97.2,30.0,50.4
97.2,30.0,51.6
97.2,30.0,52.8
97.2,30.0,54.0
97.2,30.0,55.2
97.2,30.0,56.4
97.2,30.0,57.6
97.2,30.0,58.8
97.2,30.0,60.0
97.2,31.2,25.2
97.2,31.2,26.4
97.2,31.2,27.6
97.2,31.2,28.8
97.2,31.2,30.0
97.2,31.2,31.2
97.2,31.2,32.4
97.2,31.2,33.6
97.2,31.2,34.8
97.2,31.2,36.0
97.2,31.2,37.2
97.2,31.2,38.4
97.2,31.2,39.6
97.2,31.2,40.8
97.2,31.2,42.0
97.2,31.2,43.2
97.2,31.2,44.4
97.2,31.2,45.6
97.2,31.2,46.8
97.2,31.2,48.0
97.2,31.2,49.2
97.2,31.2,50.4
97.2,31.2,51.6
97.2,31.2,52.8
97.2,31.2,54.0
97.2,31.2,55.2
97.2,31.2,56.4
97.2,31.2,57.6
97.2,31.2,58.8
97.2,31.2,60.0
97.2,31.2,61.2
97.2,32.4,26.4
97.2,32.4,27.6
97.2,32.4,28.8
97.2,32.4,30.0
97.2,32.4,31.2
97.2,32.4,32.4
97.2,32.4,33.6
97.2,32.4,34.8
97.2,32.4,36.0
97.2,32.4,37.2
97.2,32.4,38.4
97.2,32.4,39.6
97.2,32.4,40.8
97.2,32.4,42.0
97.2,32.4,43.2
97.2,32.4,44.4
97.2,32.4,45.6
97.2,32.4,46.8
97.2,32.4,48.0
97.2,32.4,49.2
97.2,32.4,50.4
97.2,32.4,51.6
97.2,32.4,52.8
97.2,32.4,54.0
97.2,32.4,55.2
97.2,32.4,56.4
97.2,32.4,57.6
97.2,32.4,58.8
97.2,32.4,60.0
97.2,32.4,61.2
97.2,32.4,62.4
97.2,33.6,27.6
97.2,33.6,28.8
97.2,33.6,30.0
97.2,33.6,31.2
97.2,33.6,32.4
97.2,33.6,33.6
97.2,33.6,34.8
97.2,33.6,36.0
97.2,33.6,37.2
97.2,33.6,38.4
97.2,33.6,39.6
97.2,33.6,40.8
97.2,33.6,42.0
97.2,33.6,43.2
97.2,33.6,44.4
97.2,33.6,45.6
97.2,33.6,46.8
97.2,33.6,48.0
97.2,33.6,49.2
97.2,33.6,50.4
97.2,33.6,51.6
97.2,33.6,52.8
97.2,33.6,54.0
97.2,33.6,55.2
97.2,33.6,56.4
97.2,33.6,57.6
97.2,33.6,58.8
97.2,33.6,60.0
97.2,33.6,61.2
97.2,33.6,62.4
97.2,33.6,63.6
97.2,34.8,28.8
97.2,34.8,30.0
97.2,34.8,31.2
97.2,34.8,32.4
97.2,34.8,33.6
97.2,34.8,34.8
97.2,34.8,36.0
97.2,34.8,37.2
97.2,34.8,38.4
97.2,34.8,39.6
97.2,34.8,40.8
97.2,34.8,42.0
97.2,34.8,43.2
97.2,34.8,44.4
97.2,34.8,45.6
97.2,34.8,46.8
97.2,34.8,48.0
97.2,34.8,49.2
97.2,34.8,50.4
97.2,34.8,51.6
97.2,34.8,52.8
97.2,34.8,54.0
97.2,34.8,55.2
97.2,34.8,56.4
97.2,34.8,57.6
97.2,34.8,58.8
97.2,34.8,60.0
97.2,34.8,61.2
97.2,34.8,62.4
97.2,34.8,63.6
97.2,34.8,64.8
97.2,36.0,30.0
97.2,36.0,31.2
97.2,36.0,32.4
97.2,36.0,33.6
97.2,36.0,34.8
97.2,36.0,36.0
97.2,36.0,37.2
97.2,36.0,38.4
97.2,36.0,39.6
97.2,36.0,40.8
97.2,36.0,42.0
97.2,36.0,43.2
97.2,36.0,44.4
97.2,36.0,45.6
97.2,36.0,46.8
97.2,36.0,48.0
97.2,36.0,49.2
97.2,36.0,50.4
97.2,36.0,51.6
97.2,36.0,52.8
97.2,36.0,54.0
97.2,36.0,55.2
97.2,36.0,56.4
97.2,36.0,57.6
97.2,36.0,58.8
97.2,36.0,60.0
97.2,36.0,61.2
97.2,36.0,62.4
97.2,36.0,63.6
97.2,36.0,64.8
97.2,36.0,66.0
97.2,37.2,31.2
97.2,37.2,32.4
97.2,37.2,33.6
97.2,37.2,34.8
97.2,37.2,36.0
97.2,37.2,37.2
97.2,37.2,38.4
97.2,37.2,39.6
97.2,37.2,40.8
97.2,37.2,42.0
97.2,37.2,43.2
97.2,37.2,44.4
97.2,37.2,45.6
97.2,37.2,46.8
97.2,37.2,48.0
97.2,37.2,49.2
97.2,37.2,50.4
97.2,37.2,51.6
97.2,37.2,52.8
97.2,37.2,54.0
97.2,37.2,55.2
97.2,37.2,56.4
97.2,37.2,57.6
97.2,37.2,58.8
97.2,37.2,60.0
97.2,37.2,61.2
97.2,37.2,62.4
97.2,37.2,63.6
97.2,37.2,64.8
97.2,37.2,66.0
97.2,37.2,67.2
98.4,6.0,8.4
98.4,6.0,9.6
98.4,6.0,10.8
98.4,6.0,12.0
98.4,6.0,13.2
98.4,6.0,14.4
98.4,6.0,15.6
98.4,6.0,16.8
98.4,6.0,18.0
98.4,6.0,19.2
98.4,6.0,20.4
98.4,6.0,21.6
98.4,6.0,22.8
98.4,6.0,24.0
98.4,7.2,8.4
98.4,7.2,9.6
98.4,7.2,10.8
98.4,7.2,12.0
98.4,7.2,13.2
98.4,7.2,14.4
98.4,7.2,15.6
98.4,7.2,16.8
98.4,7.2,18.0
98.4,7.2,19.2
98.4,7.2,20.4
98.4,7.2,21.6
98.4,7.2,22.8
98.4,7.2,24.0
98.4,8.4,8.4
98.4,8.4,9.6
98.4,8.4,10.8
98.4,8.4,12.0
98.4,8.4,13.2
98.4,8.4,14.4
98.4,8.4,15.6
98.4,8.4,16.8
98.4,8.4,18.0
98.4,8.4,19.2
98.4,8.4,20.4
98.4,8.4,21.6
98.4,8.4,22.8
98.4,8.4,24.0
98.4,9.6,8.4
98.4,9.6,9.6
98.4,9.6,10.8
98.4,9.6,12.0
98.4,9.6,13.2
98.4,9.6,14.4
98.4,9.6,15.6
98.4,9.6,16.8
98.4,9.6,18.0
98.4,9.6,19.2
98.4,9.6,20.4
98.4,9.6,21.6
98.4,9.6,22.8
98.4,9.6,24.0
98.4,10.8,8.4
98.4,10.8,9.6
98.4,10.8,10.8
98.4,10.8,12.0
98.4,10.8,13.2
98.4,10.8,14.4
98.4,10.8,15.6
98.4,10.8,16.8
98.4,10.8,18.0
98.4,10.8,19.2
98.4,10.8,20.4
98.4,10.8,21.6
98.4,10.8,22.8
98.4,10.8,24.0
98.4,12.0,8.4
98.4,12.0,9.6
98.4,12.0,10.8
98.4,12.0,12.0
98.4,12.0,13.2
98.4,12.0,14.4
98.4,12.0,15.6
98.4,12.0,16.8
98.4,12.0,18.0
98.4,12.0,19.2
98.4,12.0,20.4
98.4,12.0,21.6
98.4,12.0,22.8
98.4,12.0,24.0
98.4,13.2,8.4
98.4,13.2,9.6
98.4,13.2,10.8
98.4,13.2,12.0
98.4,13.2,13.2
98.4,13.2,14.4
98.4,13.2,15.6
98.4,13.2,16.8
98.4,13.2,18.0
98.4,13.2,19.2
98.4,13.2,20.4
98.4,13.2,21.6
98.4,13.2,22.8
98.4,13.2,24.0
98.4,14.4,8.4
98.4,14.4,9.6
98.4,14.4,10.8
98.4,14.4,12.0
98.4,14.4,13.2
98.4,14.4,14.4
98.4,14.4,15.6
98.4,14.4,16.8
98.4,14.4,18.0
98.4,14.4,19.2
98.4,14.4,20.4
98.4,14.4,21.6
98.4,14.4,22.8
98.4,14.4,24.0
98.4,15.6,9.6
98.4,15.6,10.8
98.4,15.6,12.0
98.4,15.6,13.2
98.4,15.6,14.4
98.4,15.6,15.6
98.4,15.6,16.8
98.4,15.6,18.0
98.4,15.6,19.2
98.4,15.6,20.4
98.4,15.6,21.6
98.4,15.6,22.8
98.4,15.6,24.0
98.4,15.6,25.2
98.4,16.8,10.8
98.4,16.8,12.0
98.4,16.8,13.2
98.4,16.8,14.4
98.4,16.8,15.6
98.4,16.8,16.8
98.4,16.8,18.0
98.4,16.8,19.2
98.4,16.8,20.4
98.4,16.8,21.6
98.4,16.8,22.8
98.4,16.8,24.0
98.4,16.8,25.2
98.4,16.8,26.4
98.4,18.0,12.0
98.4,18.0,13.2
98.4,18.0,14.4
98.4,18.0,15.6
98.4,18.0,16.8
98.4,18.0,18.0
98.4,18.0,19.2
98.4,18.0,20.4
98.4,18.0,21.6
98.4,18.0,22.8
98.4,18.0,24.0
98.4,18.0,25.2
98.4,18.0,26.4
98.4,18.0,27.6
98.4,19.2,13.2
98.4,19.2,14.4
98.4,19.2,15.6
98.4,19.2,16.8
98.4,19.2,18.0
98.4,19.2,19.2
98.4,19.2,20.4
98.4,19.2,21.6
98.4,19.2,22.8
98.4,19.2,24.0
98.4,19.2,25.2
98.4,19.2,26.4
98.4,19.2,27.6
98.4,19.2,28.8
98.4,20.4,14.4
98.4,20.4,15.6
98.4,20.4,16.8
98.4,20.4,18.0
98.4,20.4,19.2
98.4,20.4,20.4
98.4,20.4,21.6
98.4,20.4,22.8
98.4,20.4,24.0
98.4,20.4,25.2
98.4,20.4,26.4
98.4,20.4,27.6
98.4,20.4,28.8
98.4,20.4,30.0
98.4,21.6,15.6
98.4,21.6,16.8
98.4,21.6,18.0
98.4,21.6,19.2
98.4,21.6,20.4
98.4,21.6,21.6
98.4,21.6,22.8
98.4,21.6,24.0
98.4,21.6,25.2
98.4,21.6,26.4
98.4,21.6,27.6
98.4,21.6,28.8
98.4,21.6,30.0
98.4,21.6,31.2
98.4,22.8,16.8
98.4,22.8,18.0
98.4,22.8,19.2
98.4,22.8,20.4
98.4,22.8,21.6
98.4,22.8,22.8
98.4,22.8,24.0
98.4,22.8,25.2
98.4,22.8,26.4
98.4,22.8,27.6
98.4,22.8,28.8
98.4,22.8,30.0
98.4,22.8,31.2
98.4,22.8,32.4
98.4,24.0,18.0
98.4,24.0,19.2
98.4,24.0,20.4
98.4,24.0,21.6
98.4,24.0,22.8
98.4,24.0,24.0
98.4,24.0,25.2
98.4,24.0,26.4
98.4,24.0,27.6
98.4,24.0,28.8
98.4,24.0,30.0
98.4,24.0,31.2
98.4,24.0,32.4
98.4,24.0,33.6
98.4,25.2,19.2
98.4,25.2,20.4
98.4,25.2,21.6
98.4,25.2,22.8
98.4,25.2,24.0
98.4,25.2,25.2
98.4,25.2,26.4
98.4,25.2,27.6
98.4,25.2,28.8
98.4,25.2,30.0
98.4,25.2,31.2
98.4,25.2,32.4
98.4,25.2,33.6
98.4,25.2,34.8
98.4,26.4,20.4
98.4,26.4,21.6
98.4,26.4,22.8
98.4,26.4,24.0
98.4,26.4,25.2
98.4,26.4,26.4
98.4,26.4,27.6
98.4,26.4,28.8
98.4,26.4,30.0
98.4,26.4,31.2
98.4,26.4,32.4
98.4,26.4,33.6
98.4,26.4,34.8
98.4,26.4,36.0
98.4,26.4,37.2
98.4,26.4,38.4
98.4,26.4,39.6
98.4,26.4,40.8
98.4,26.4,42.0
98.4,26.4,43.2
98.4,26.4,44.4
98.4,26.4,45.6
98.4,26.4,46.8
98.4,26.4,48.0
98.4,26.4,49.2
98.4,26.4,50.4
98.4,26.4,51.6
98.4,26.4,52.8
98.4,26.4,54.0
98.4,26.4,55.2
98.4,26.4,56.4
98.4,27.6,21.6
98.4,27.6,22.8
98.4,27.6,24.0
98.4,27.6,25.2
98.4,27.6,26.4
98.4,27.6,27.6
98.4,27.6,28.8
98.4,27.6,30.0
98.4,27.6,31.2
98.4,27.6,32.4
98.4,27.6,33.6
98.4,27.6,34.8
98.4,27.6,36.0
98.4,27.6,37.2
98.4,27.6,38.4
98.4,27.6,39.6
98.4,27.6,40.8
98.4,27.6,42.0
98.4,27.6,43.2
98.4,27.6,44.4
98.4,27.6,45.6
98.4,27.6,46.8
98.4,27.6,48.0
98.4,27.6,49.2
98.4,27.6,50.4
98.4,27.6,51.6
98.4,27.6,52.8
98.4,27.6,54.0
98.4,27.6,55.2
98.4,27.6,56.4
98.4,27.6,57.6
98.4,28.8,22.8
98.4,28.8,24.0
98.4,28.8,25.2
98.4,28.8,26.4
98.4,28.8,27.6
98.4,28.8,28.8
98.4,28.8,30.0
98.4,28.8,31.2
98.4,28.8,32.4
98.4,28.8,33.6
98.4,28.8,34.8
98.4,28.8,36.0
98.4,28.8,37.2
98.4,28.8,38.4
98.4,28.8,39.6
98.4,28.8,40.8
98.4,28.8,42.0
98.4,28.8,43.2
98.4,28.8,44.4
98.4,28.8,45.6
98.4,28.8,46.8
98.4,28.8,48.0
98.4,28.8,49.2
98.4,28.8,50.4
98.4,28.8,51.6
98.4,28.8,52.8
98.4,28.8,54.0
98.4,28.8,55.2
98.4,28.8,56.4
98.4,28.8,57.6
98.4,28.8,58.8
98.4,30.0,24.0
98.4,30.0,25.2
98.4,30.0,26.4
98.4,30.0,27.6
98.4,30.0,28.8
98.4,30.0,30.0
98.4,30.0,31.2
98.4,30.0,32.4
98.4,30.0,33.6
98.4,30.0,34.8
98.4,30.0,36.0
98.4,30.0,37.2
98.4,30.0,38.4
98.4,30.0,39.6
98.4,30.0,40.8
98.4,30.0,42.0
98.4,30.0,43.2
98.4,30.0,44.4
98.4,30.0,45.6
98.4,30.0,46.8
98.4,30.0,48.0
98.4,30.0,49.2
98.4,30.0,50.4
98.4,30.0,51.6
98.4,30.0,52.8
98.4,30.0,54.0
98.4,30.0,55.2
98.4,30.0,56.4
98.4,30.0,57.6
98.4,30.0,58.8
98.4,30.0,60.0
98.4,31.2,25.2
98.4,31.2,26.4
98.4,31.2,27.6
98.4,31.2,28.8
98.4,31.2,30.0
98.4,31.2,31.2
98.4,31.2,32.4
98.4,31.2,33.6
98.4,31.2,34.8
98.4,31.2,36.0
98.4,31.2,37.2
98.4,31.2,38.4
98.4,31.2,39.6
98.4,31.2,40.8
98.4,31.2,42.0
98.4,31.2,43.2
98.4,31.2,44.4
98.4,31.2,45.6
98.4,31.2,46.8
98.4,31.2,48.0
98.4,31.2,49.2
98.4,31.2,50.4
98.4,31.2,51.6
98.4,31.2,52.8
98.4,31.2,54.0
98.4,31.2,55.2
98.4,31.2,56.4
98.4,31.2,57.6
98.4,31.2,58.8
98.4,31.2,60.0
98.4,31.2,61.2
98.4,32.4,26.4
98.4,32.4,27.6
98.4,32.4,28.8
98.4,32.4,30.0
98.4,32.4,31.2
98.4,32.4,32.4
98.4,32.4,33.6
98.4,32.4,34.8
98.4,32.4,36.0
98.4,32.4,37.2
98.4,32.4,38.4
98.4,32.4,39.6
98.4,32.4,40.8
98.4,32.4,42.0
98.4,32.4,43.2
98.4,32.4,44.4
98.4,32.4,45.6
98.4,32.4,46.8
98.4,32.4,48.0
98.4,32.4,49.2
98.4,32.4,50.4
98.4,32.4,51.6
98.4,32.4,52.8
98.4,32.4,54.0
98.4,32.4,55.2
98.4,32.4,56.4
98.4,32.4,57.6
98.4,32.4,58.8
98.4,32.4,60.0
98.4,32.4,61.2
98.4,32.4,62.4
98.4,33.6,27.6
98.4,33.6,28.8
98.4,33.6,30.0
98.4,33.6,31.2
98.4,33.6,32.4
98.4,33.6,33.6
98.4,33.6,34.8
98.4,33.6,36.0
98.4,33.6,37.2
98.4,33.6,38.4
98.4,33.6,39.6
98.4,33.6,40.8
98.4,33.6,42.0
98.4,33.6,43.2
98.4,33.6,44.4
98.4,33.6,45.6
98.4,33.6,46.8
98.4,33.6,48.0
98.4,33.6,49.2
98.4,33.6,50.4
98.4,33.6,51.6
98.4,33.6,52.8
98.4,33.6,54.0
98.4,33.6,55.2
98.4,33.6,56.4
98.4,33.6,57.6
98.4,33.6,58.8
98.4,33.6,60.0
98.4,33.6,61.2
98.4,33.6,62.4
98.4,33.6,63.6
98.4,34.8,28.8
98.4,34.8,30.0
98.4,34.8,31.2
98.4,34.8,32.4
98.4,34.8,33.6
98.4,34.8,34.8
98.4,34.8,36.0
98.4,34.8,37.2
98.4,34.8,38.4
98.4,34.8,39.6
98.4,34.8,40.8
98.4,34.8,42.0
98.4,34.8,43.2
98.4,34.8,44.4
98.4,34.8,45.6
98.4,34.8,46.8
98.4,34.8,48.0
98.4,34.8,49.2
98.4,34.8,50.4
98.4,34.8,51.6
98.4,34.8,52.8
98.4,34.8,54.0
98.4,34.8,55.2
98.4,34.8,56.4
98.4,34.8,57.6
98.4,34.8,58.8
98.4,34.8,60.0
98.4,34.8,61.2
98.4,34.8,62.4
98.4,34.8,63.6
98.4,34.8,64.8
98.4,36.0,30.0
98.4,36.0,31.2
98.4,36.0,32.4
98.4,36.0,33.6
98.4,36.0,34.8
98.4,36.0,36.0
98.4,36.0,37.2
98.4,36.0,38.4
98.4,36.0,39.6
98.4,36.0,40.8
98.4,36.0,42.0
98.4,36.0,43.2
98.4,36.0,44.4
98.4,36.0,45.6
98.4,36.0,46.8
98.4,36.0,48.0
98.4,36.0,49.2
98.4,36.0,50.4
98.4,36.0,51.6
98.4,36.0,52.8
98.4,36.0,54.0
98.4,36.0,55.2
98.4,36.0,56.4
98.4,36.0,57.6
98.4,36.0,58.8
98.4,36.0,60.0
98.4,36.0,61.2
98.4,36.0,62.4
98.4,36.0,63.6
98.4,36.0,64.8
98.4,36.0,66.0
98.4,37.2,31.2
98.4,37.2,32.4
98.4,37.2,33.6
98.4,37.2,34.8
98.4,37.2,36.0
98.4,37.2,37.2
98.4,37.2,38.4
98.4,37.2,39.6
98.4,37.2,40.8
98.4,37.2,42.0
98.4,37.2,43.2
98.4,37.2,44.4
98.4,37.2,45.6
98.4,37.2,46.8
98.4,37.2,48.0
98.4,37.2,49.2
98.4,37.2,50.4
98.4,37.2,51.6
98.4,37.2,52.8
98.4,37.2,54.0
98.4,37.2,55.2
98.4,37.2,56.4
98.4,37.2,57.6
98.4,37.2,58.8
98.4,37.2,60.0
98.4,37.2,61.2
98.4,37.2,62.4
98.4,37.2,63.6
98.4,37.2,64.8
98.4,37.2,66.0
98.4,37.2,67.2
98.4,38.4,32.4
98.4,38.4,33.6
98.4,38.4,34.8
98.4,38.4,36.0
98.4,38.4,37.2
98.4,38.4,38.4
98.4,38.4,39.6
98.4,38.4,40.8
98.4,38.4,42.0
98.4,38.4,43.2
98.4,38.4,44.4
98.4,38.4,45.6
98.4,38.4,46.8
98.4,38.4,48.0
98.4,38.4,49.2
98.4,38.4,50.4
98.4,38.4,51.6
98.4,38.4,52.8
98.4,38.4,54.0
98.4,38.4,55.2
98.4,38.4,56.4
98.4,38.4,57.6
98.4,38.4,58.8
98.4,38.4,60.0
98.4,38.4,61.2
98.4,38.4,62.4
98.4,38.4,63.6
98.4,38.4,64.8
98.4,38.4,66.0
98.4,38.4,67.2
98.4,38.4,68.4
99.6,6.0,9.6
99.6,6.0,10.8
99.6,6.0,12.0
99.6,6.0,13.2
99.6,6.0,14.4
99.6,6.0,15.6
99.6,6.0,16.8
99.6,6.0,18.0
99.6,6.0,19.2
99.6,6.0,20.4
99.6,6.0,21.6
99.6,6.0,22.8
99.6,6.0,24.0
99.6,7.2,9.6
99.6,7.2,10.8
99.6,7.2,12.0
99.6,7.2,13.2
99.6,7.2,14.4
99.6,7.2,15.6
99.6,7.2,16.8
99.6,7.2,18.0
99.6,7.2,19.2
99.6,7.2,20.4
99.6,7.2,21.6
99.6,7.2,22.8
99.6,7.2,24.0
99.6,8.4,9.6
99.6,8.4,10.8
99.6,8.4,12.0
99.6,8.4,13.2
99.6,8.4,14.4
99.6,8.4,15.6
99.6,8.4,16.8
99.6,8.4,18.0
99.6,8.4,19.2
99.6,8.4,20.4
99.6,8.4,21.6
99.6,8.4,22.8
99.6,8.4,24.0
99.6,9.6,9.6
99.6,9.6,10.8
99.6,9.6,12.0
99.6,9.6,13.2
99.6,9.6,14.4
99.6,9.6,15.6
99.6,9.6,16.8
99.6,9.6,18.0
99.6,9.6,19.2
99.6,9.6,20.4
99.6,9.6,21.6
99.6,9.6,22.8
99.6,9.6,24.0
99.6,10.8,9.6
99.6,10.8,10.8
99.6,10.8,12.0
99.6,10.8,13.2
99.6,10.8,14.4
99.6,10.8,15.6
99.6,10.8,16.8
99.6,10.8,18.0
99.6,10.8,19.2
99.6,10.8,20.4
99.6,10.8,21.6
99.6,10.8,22.8
99.6,10.8,24.0
99.6,12.0,9.6
99.6,12.0,10.8
99.6,12.0,12.0
99.6,12.0,13.2
99.6,12.0,14.4
99.6,12.0,15.6
99.6,12.0,16.8
99.6,12.0,18.0
99.6,12.0,19.2
99.6,12.0,20.4
99.6,12.0,21.6
99.6,12.0,22.8
99.6,12.0,24.0
99.6,13.2,9.6
99.6,13.2,10.8
99.6,13.2,12.0
99.6,13.2,13.2
99.6,13.2,14.4
99.6,13.2,15.6
99.6,13.2,16.8
99.6,13.2,18.0
99.6,13.2,19.2
99.6,13.2,20.4
99.6,13.2,21.6
99.6,13.2,22.8
99.6,13.2,24.0
99.6,14.4,9.6
99.6,14.4,10.8
99.6,14.4,12.0
99.6,14.4,13.2
99.6,14.4,14.4
99.6,14.4,15.6
99.6,14.4,16.8
99.6,14.4,18.0
99.6,14.4,19.2
99.6,14.4,20.4
99.6,14.4,21.6
99.6,14.4,22.8
99.6,14.4,24.0
99.6,15.6,9.6
99.6,15.6,10.8
99.6,15.6,12.0
99.6,15.6,13.2
99.6,15.6,14.4
99.6,15.6,15.6
99.6,15.6,16.8
99.6,15.6,18.0
99.6,15.6,19.2
99.6,15.6,20.4
99.6,15.6,21.6
99.6,15.6,22.8
99.6,15.6,24.0
99.6,16.8,10.8
99.6,16.8,12.0
99.6,16.8,13.2
99.6,16.8,14.4
99.6,16.8,15.6
99.6,16.8,16.8
99.6,16.8,18.0
99.6,16.8,19.2
99.6,16.8,20.4
99.6,16.8,21.6
99.6,16.8,22.8
99.6,16.8,24.0
99.6,16.8,25.2
99.6,18.0,12.0
99.6,18.0,13.2
99.6,18.0,14.4
99.6,18.0,15.6
99.6,18.0,16.8
99.6,18.0,18.0
99.6,18.0,19.2
99.6,18.0,20.4
99.6,18.0,21.6
99.6,18.0,22.8
99.6,18.0,24.0
99.6,18.0,25.2
99.6,18.0,26.4
99.6,19.2,13.2
99.6,19.2,14.4
99.6,19.2,15.6
99.6,19.2,16.8
99.6,19.2,18.0
99.6,19.2,19.2
99.6,19.2,20.4
99.6,19.2,21.6
99.6,19.2,22.8
99.6,19.2,24.0
99.6,19.2,25.2
99.6,19.2,26.4
99.6,19.2,27.6
99.6,20.4,14.4
99.6,20.4,15.6
99.6,20.4,16.8
99.6,20.4,18.0
99.6,20.4,19.2
99.6,20.4,20.4
99.6,20.4,21.6
99.6,20.4,22.8
99.6,20.4,24.0
99.6,20.4,25.2
99.6,20.4,26.4
99.6,20.4,27.6
99.6,20.4,28.8
99.6,21.6,15.6
99.6,21.6,16.8
99.6,21.6,18.0
99.6,21.6,19.2
99.6,21.6,20.4
99.6,21.6,21.6
99.6,21.6,22.8
99.6,21.6,24.0
99.6,21.6,25.2
99.6,21.6,26.4
99.6,21.6,27.6
99.6,21.6,28.8
99.6,21.6,30.0
99.6,22.8,16.8
99.6,22.8,18.0
99.6,22.8,19.2
99.6,22.8,20.4
99.6,22.8,21.6
99.6,22.8,22.8
99.6,22.8,24.0
99.6,22.8,25.2
99.6,22.8,26.4
99.6,22.8,27.6
99.6,22.8,28.8
99.6,22.8,30.0
99.6,22.8,31.2
99.6,24.0,18.0
99.6,24.0,19.2
99.6,24.0,20.4
99.6,24.0,21.6
99.6,24.0,22.8
99.6,24.0,24.0
99.6,24.0,25.2
99.6,24.0,26.4
99.6,24.0,27.6
99.6,24.0,28.8
99.6,24.0,30.0
99.6,24.0,31.2
99.6,24.0,32.4
99.6,25.2,19.2
99.6,25.2,20.4
99.6,25.2,21.6
99.6,25.2,22.8
99.6,25.2,24.0
99.6,25.2,25.2
99.6,25.2,26.4
99.6,25.2,27.6
99.6,25.2,28.8
99.6,25.2,30.0
99.6,25.2,31.2
99.6,25.2,32.4
99.6,25.2,33.6
99.6,26.4,20.4
99.6,26.4,21.6
99.6,26.4,22.8
99.6,26.4,24.0
99.6,26.4,25.2
99.6,26.4,26.4
99.6,26.4,27.6
99.6,26.4,28.8
99.6,26.4,30.0
99.6,26.4,31.2
99.6,26.4,32.4
99.6,26.4,33.6
99.6,26.4,34.8
99.6,27.6,21.6
99.6,27.6,22.8
99.6,27.6,24.0
99.6,27.6,25.2
99.6,27.6,26.4
99.6,27.6,27.6
99.6,27.6,28.8
99.6,27.6,30.0
99.6,27.6,31.2
99.6,27.6,32.4
99.6,27.6,33.6
99.6,27.6,34.8
99.6,27.6,36.0
99.6,27.6,37.2
99.6,27.6,38.4
99.6,27.6,39.6
99.6,27.6,40.8
99.6,27.6,42.0
99.6,27.6,43.2
99.6,27.6,44.4
99.6,27.6,45.6
99.6,27.6,46.8
99.6,27.6,48.0
99.6,27.6,49.2
99.6,27.6,50.4
99.6,27.6,51.6
99.6,27.6,52.8
99.6,27.6,54.0
99.6,27.6,55.2
99.6,27.6,56.4
99.6,27.6,57.6
99.6,28.8,22.8
99.6,28.8,24.0
99.6,28.8,25.2
99.6,28.8,26.4
99.6,28.8,27.6
99.6,28.8,28.8
99.6,28.8,30.0
99.6,28.8,31.2
99.6,28.8,32.4
99.6,28.8,33.6
99.6,28.8,34.8
99.6,28.8,36.0
99.6,28.8,37.2
99.6,28.8,38.4
99.6,28.8,39.6
99.6,28.8,40.8
99.6,28.8,42.0
99.6,28.8,43.2
99.6,28.8,44.4
99.6,28.8,45.6
99.6,28.8,46.8
99.6,28.8,48.0
99.6,28.8,49.2
99.6,28.8,50.4
99.6,28.8,51.6
99.6,28.8,52.8
99.6,28.8,54.0
99.6,28.8,55.2
99.6,28.8,56.4
99.6,28.8,57.6
99.6,28.8,58.8
99.6,30.0,24.0
99.6,30.0,25.2
99.6,30.0,26.4
99.6,30.0,27.6
99.6,30.0,28.8
99.6,30.0,30.0
99.6,30.0,31.2
99.6,30.0,32.4
99.6,30.0,33.6
99.6,30.0,34.8
99.6,30.0,36.0
99.6,30.0,37.2
99.6,30.0,38.4
99.6,30.0,39.6
99.6,30.0,40.8
99.6,30.0,42.0
99.6,30.0,43.2
99.6,30.0,44.4
99.6,30.0,45.6
99.6,30.0,46.8
99.6,30.0,48.0
99.6,30.0,49.2
99.6,30.0,50.4
99.6,30.0,51.6
99.6,30.0,52.8
99.6,30.0,54.0
99.6,30.0,55.2
99.6,30.0,56.4
99.6,30.0,57.6
99.6,30.0,58.8
99.6,30.0,60.0
99.6,31.2,25.2
99.6,31.2,26.4
99.6,31.2,27.6
99.6,31.2,28.8
99.6,31.2,30.0
99.6,31.2,31.2
99.6,31.2,32.4
99.6,31.2,33.6
99.6,31.2,34.8
99.6,31.2,36.0
99.6,31.2,37.2
99.6,31.2,38.4
99.6,31.2,39.6
99.6,31.2,40.8
99.6,31.2,42.0
99.6,31.2,43.2
99.6,31.2,44.4
99.6,31.2,45.6
99.6,31.2,46.8
99.6,31.2,48.0
99.6,31.2,49.2
99.6,31.2,50.4
99.6,31.2,51.6
99.6,31.2,52.8
99.6,31.2,54.0
99.6,31.2,55.2
99.6,31.2,56.4
99.6,31.2,57.6
99.6,31.2,58.8
99.6,31.2,60.0
99.6,31.2,61.2
99.6,32.4,26.4
99.6,32.4,27.6
99.6,32.4,28.8
99.6,32.4,30.0
99.6,32.4,31.2
99.6,32.4,32.4
99.6,32.4,33.6
99.6,32.4,34.8
99.6,32.4,36.0
99.6,32.4,37.2
99.6,32.4,38.4
99.6,32.4,39.6
99.6,32.4,40.8
99.6,32.4,42.0
99.6,32.4,43.2
99.6,32.4,44.4
99.6,32.4,45.6
99.6,32.4,46.8
99.6,32.4,48.0
99.6,32.4,49.2
99.6,32.4,50.4
99.6,32.4,51.6
99.6,32.4,52.8
99.6,32.4,54.0
99.6,32.4,55.2
99.6,32.4,56.4
99.6,32.4,57.6
99.6,32.4,58.8
99.6,32.4,60.0
99.6,32.4,61.2
99.6,32.4,62.4
99.6,33.6,27.6
99.6,33.6,28.8
99.6,33.6,30.0
99.6,33.6,31.2
99.6,33.6,32.4
99.6,33.6,33.6
99.6,33.6,34.8
99.6,33.6,36.0
99.6,33.6,37.2
99.6,33.6,38.4
99.6,33.6,39.6
99.6,33.6,40.8
99.6,33.6,42.0
99.6,33.6,43.2
99.6,33.6,44.4
99.6,33.6,45.6
99.6,33.6,46.8
99.6,33.6,48.0
99.6,33.6,49.2
99.6,33.6,50.4
99.6,33.6,51.6
99.6,33.6,52.8
99.6,33.6,54.0
99.6,33.6,55.2
99.6,33.6,56.4
99.6,33.6,57.6
99.6,33.6,58.8
99.6,33.6,60.0
99.6,33.6,61.2
99.6,33.6,62.4
99.6,33.6,63.6
99.6,34.8,28.8
99.6,34.8,30.0
99.6,34.8,31.2
99.6,34.8,32.4
99.6,34.8,33.6
99.6,34.8,34.8
99.6,34.8,36.0
99.6,34.8,37.2
99.6,34.8,38.4
99.6,34.8,39.6
99.6,34.8,40.8
99.6,34.8,42.0
99.6,34.8,43.2
99.6,34.8,44.4
99.6,34.8,45.6
99.6,34.8,46.8
99.6,34.8,48.0
99.6,34.8,49.2
99.6,34.8,50.4
99.6,34.8,51.6
99.6,34.8,52.8
99.6,34.8,54.0
99.6,34.8,55.2
99.6,34.8,56.4
99.6,34.8,57.6
99.6,34.8,58.8
99.6,34.8,60.0
99.6,34.8,61.2
99.6,34.8,62.4
99.6,34.8,63.6
99.6,34.8,64.8
99.6,36.0,30.0
99.6,36.0,31.2
99.6,36.0,32.4
99.6,36.0,33.6
99.6,36.0,34.8
99.6,36.0,36.0
99.6,36.0,37.2
99.6,36.0,38.4
99.6,36.0,39.6
99.6,36.0,40.8
99.6,36.0,42.0
99.6,36.0,43.2
99.6,36.0,44.4
99.6,36.0,45.6
99.6,36.0,46.8
99.6,36.0,48.0
99.6,36.0,49.2
99.6,36.0,50.4
99.6,36.0,51.6
99.6,36.0,52.8
99.6,36.0,54.0
99.6,36.0,55.2
99.6,36.0,56.4
99.6,36.0,57.6
99.6,36.0,58.8
99.6,36.0,60.0
99.6,36.0,61.2
99.6,36.0,62.4
99.6,36.0,63.6
99.6,36.0,64.8
99.6,36.0,66.0
99.6,37.2,31.2
99.6,37.2,32.4
99.6,37.2,33.6
99.6,37.2,34.8
99.6,37.2,36.0
99.6,37.2,37.2
99.6,37.2,38.4
99.6,37.2,39.6
99.6,37.2,40.8
99.6,37.2,42.0
99.6,37.2,43.2
99.6,37.2,44.4
99.6,37.2,45.6
99.6,37.2,46.8
99.6,37.2,48.0
99.6,37.2,49.2
99.6,37.2,50.4
99.6,37.2,51.6
99.6,37.2,52.8
99.6,37.2,54.0
99.6,37.2,55.2
99.6,37.2,56.4
99.6,37.2,57.6
99.6,37.2,58.8
99.6,37.2,60.0
99.6,37.2,61.2
99.6,37.2,62.4
99.6,37.2,63.6
99.6,37.2,64.8
99.6,37.2,66.0
99.6,37.2,67.2
99.6,38.4,32.4
99.6,38.4,33.6
99.6,38.4,34.8
99.6,38.4,36.0
99.6,38.4,37.2
99.6,38.4,38.4
99.6,38.4,39.6
99.6,38.4,40.8
99.6,38.4,42.0
99.6,38.4,43.2
99.6,38.4,44.4
99.6,38.4,45.6
99.6,38.4,46.8
99.6,38.4,48.0
99.6,38.4,49.2
99.6,38.4,50.4
99.6,38.4,51.6
99.6,38.4,52.8
99.6,38.4,54.0
99.6,38.4,55.2
99.6,38.4,56.4
99.6,38.4,57.6
99.6,38.4,58.8
99.6,38.4,60.0
99.6,38.4,61.2
99.6,38.4,62.4
99.6,38.4,63.6
99.6,38.4,64.8
99.6,38.4,66.0
99.6,38.4,67.2
99.6,38.4,68.4
99.6,39.6,33.6
99.6,39.6,34.8
99.6,39.6,36.0
99.6,39.6,37.2
99.6,39.6,38.4
99.6,39.6,39.6
99.6,39.6,40.8
99.6,39.6,42.0
99.6,39.6,43.2
99.6,39.6,44.4
99.6,39.6,45.6
99.6,39.6,46.8
99.6,39.6,48.0
99.6,39.6,49.2
99.6,39.6,50.4
99.6,39.6,51.6
99.6,39.6,52.8
99.6,39.6,54.0
99.6,39.6,55.2
99.6,39.6,56.4
99.6,39.6,57.6
99.6,39.6,58.8
99.6,39.6,60.0
99.6,39.6,61.2
99.6,39.6,62.4
99.6,39.6,63.6
99.6,39.6,64.8
99.6,39.6,66.0
99.6,39.6,67.2
99.6,39.6,68.4
99.6,39.6,69.6
100.8,6.0,10.8
100.8,6.0,12.0
100.8,6.0,13.2
100.8,6.0,14.4
100.8,6.0,15.6
100.8,6.0,16.8
100.8,6.0,18.0
100.8,6.0,19.2
100.8,6.0,20.4
100.8,6.0,21.6
100.8,6.0,22.8
100.8,6.0,24.0
100.8,7.2,10.8
100.8,7.2,12.0
100.8,7.2,13.2
100.8,7.2,14.4
100.8,7.2,15.6
100.8,7.2,16.8
100.8,7.2,18.0
100.8,7.2,19.2
100.8,7.2,20.4
100.8,7.2,21.6
100.8,7.2,22.8
100.8,7.2,24.0
100.8,8.4,10.8
100.8,8.4,12.0
100.8,8.4,13.2
100.8,8.4,14.4
100.8,8.4,15.6
100.8,8.4,16.8
100.8,8.4,18.0
100.8,8.4,19.2
100.8,8.4,20.4
100.8,8.4,21.6
100.8,8.4,22.8
100.8,8.4,24.0
100.8,9.6,10.8
100.8,9.6,12.0
100.8,9.6,13.2
100.8,9.6,14.4
100.8,9.6,15.6
100.8,9.6,16.8
100.8,9.6,18.0
100.8,9.6,19.2
100.8,9.6,20.4
100.8,9.6,21.6
100.8,9.6,22.8
100.8,9.6,24.0
100.8,10.8,10.8
100.8,10.8,12.0
100.8,10.8,13.2
100.8,10.8,14.4
100.8,10.8,15.6
100.8,10.8,16.8
100.8,10.8,18.0
100.8,10.8,19.2
100.8,10.8,20.4
100.8,10.8,21.6
100.8,10.8,22.8
100.8,10.8,24.0
100.8,12.0,10.8
100.8,12.0,12.0
100.8,12.0,13.2
100.8,12.0,14.4
100.8,12.0,15.6
100.8,12.0,16.8
100.8,12.0,18.0
100.8,12.0,19.2
100.8,12.0,20.4
100.8,12.0,21.6
100.8,12.0,22.8
100.8,12.0,24.0
100.8,13.2,10.8
100.8,13.2,12.0
100.8,13.2,13.2
100.8,13.2,14.4
100.8,13.2,15.6
100.8,13.2,16.8
100.8,13.2,18.0
100.8,13.2,19.2
100.8,13.2,20.4
100.8,13.2,21.6
100.8,13.2,22.8
100.8,13.2,24.0
100.8,14.4,10.8
100.8,14.4,12.0
100.8,14.4,13.2
100.8,14.4,14.4
100.8,14.4,15.6
100.8,14.4,16.8
100.8,14.4,18.0
100.8,14.4,19.2
100.8,14.4,20.4
100.8,14.4,21.6
100.8,14.4,22.8
100.8,14.4,24.0
100.8,15.6,10.8
100.8,15.6,12.0
100.8,15.6,13.2
100.8,15.6,14.4
100.8,15.6,15.6
100.8,15.6,16.8
100.8,15.6,18.0
100.8,15.6,19.2
100.8,15.6,20.4
100.8,15.6,21.6
100.8,15.6,22.8
100.8,15.6,24.0
100.8,16.8,10.8
100.8,16.8,12.0
100.8,16.8,13.2
100.8,16.8,14.4
100.8,16.8,15.6
100.8,16.8,16.8
100.8,16.8,18.0
100.8,16.8,19.2
100.8,16.8,20.4
100.8,16.8,21.6
100.8,16.8,22.8
100.8,16.8,24.0
100.8,18.0,12.0
100.8,18.0,13.2
100.8,18.0,14.4
100.8,18.0,15.6
100.8,18.0,16.8
100.8,18.0,18.0
100.8,18.0,19.2
100.8,18.0,20.4
100.8,18.0,21.6
100.8,18.0,22.8
100.8,18.0,24.0
100.8,18.0,25.2
100.8,19.2,13.2
100.8,19.2,14.4
100.8,19.2,15.6
100.8,19.2,16.8
100.8,19.2,18.0
100.8,19.2,19.2
100.8,19.2,20.4
100.8,19.2,21.6
100.8,19.2,22.8
100.8,19.2,24.0
100.8,19.2,25.2
100.8,19.2,26.4
100.8,20.4,14.4
100.8,20.4,15.6
100.8,20.4,16.8
100.8,20.4,18.0
100.8,20.4,19.2
100.8,20.4,20.4
100.8,20.4,21.6
100.8,20.4,22.8
100.8,20.4,24.0
100.8,20.4,25.2
100.8,20.4,26.4
100.8,20.4,27.6
100.8,21.6,15.6
100.8,21.6,16.8
100.8,21.6,18.0
100.8,21.6,19.2
100.8,21.6,20.4
100.8,21.6,21.6
100.8,21.6,22.8
100.8,21.6,24.0
100.8,21.6,25.2
100.8,21.6,26.4
100.8,21.6,27.6
100.8,21.6,28.8
100.8,22.8,16.8
100.8,22.8,18.0
100.8,22.8,19.2
100.8,22.8,20.4
100.8,22.8,21.6
100.8,22.8,22.8
100.8,22.8,24.0
100.8,22.8,25.2
100.8,22.8,26.4
100.8,22.8,27.6
100.8,22.8,28.8
100.8,22.8,30.0
100.8,24.0,18.0
100.8,24.0,19.2
100.8,24.0,20.4
100.8,24.0,21.6
100.8,24.0,22.8
100.8,24.0,24.0
100.8,24.0,25.2
100.8,24.0,26.4
100.8,24.0,27.6
100.8,24.0,28.8
100.8,24.0,30.0
100.8,24.0,31.2
100.8,25.2,19.2
100.8,25.2,20.4
100.8,25.2,21.6
100.8,25.2,22.8
100.8,25.2,24.0
100.8,25.2,25.2
100.8,25.2,26.4
100.8,25.2,27.6
100.8,25.2,28.8
100.8,25.2,30.0
100.8,25.2,31.2
100.8,25.2,32.4
100.8,26.4,20.4
100.8,26.4,21.6
100.8,26.4,22.8
100.8,26.4,24.0
100.8,26.4,25.2
100.8,26.4,26.4
100.8,26.4,27.6
100.8,26.4,28.8
100.8,26.4,30.0
100.8,26.4,31.2
100.8,26.4,32.4
100.8,26.4,33.6
100.8,27.6,21.6
100.8,27.6,22.8
100.8,27.6,24.0
100.8,27.6,25.2
100.8,27.6,26.4
100.8,27.6,27.6
100.8,27.6,28.8
100.8,27.6,30.0
100.8,27.6,31.2
100.8,27.6,32.4
100.8,27.6,33.6
100.8,27.6,34.8
100.8,28.8,22.8
100.8,28.8,24.0
100.8,28.8,25.2
100.8,28.8,26.4
100.8,28.8,27.6
100.8,28.8,28.8
100.8,28.8,30.0
100.8,28.8,31.2
100.8,28.8,32.4
100.8,28.8,33.6
100.8,28.8,34.8
100.8,28.8,36.0
100.8,28.8,37.2
100.8,28.8,38.4
100.8,28.8,39.6
100.8,28.8,40.8
100.8,28.8,42.0
100.8,28.8,43.2
100.8,28.8,44.4
100.8,28.8,45.6
100.8,28.8,46.8
100.8,28.8,48.0
100.8,28.8,49.2
100.8,28.8,50.4
100.8,28.8,51.6
100.8,28.8,52.8
100.8,28.8,54.0
100.8,28.8,55.2
100.8,28.8,56.4
100.8,28.8,57.6
100.8,28.8,58.8
100.8,30.0,24.0
100.8,30.0,25.2
100.8,30.0,26.4
100.8,30.0,27.6
100.8,30.0,28.8
100.8,30.0,30.0
100.8,30.0,31.2
100.8,30.0,32.4
100.8,30.0,33.6
100.8,30.0,34.8
100.8,30.0,36.0
100.8,30.0,37.2
100.8,30.0,38.4
100.8,30.0,39.6
100.8,30.0,40.8
100.8,30.0,42.0
100.8,30.0,43.2
100.8,30.0,44.4
100.8,30.0,45.6
100.8,30.0,46.8
100.8,30.0,48.0
100.8,30.0,49.2
100.8,30.0,50.4
100.8,30.0,51.6
100.8,30.0,52.8
100.8,30.0,54.0
100.8,30.0,55.2
100.8,30.0,56.4
100.8,30.0,57.6
100.8,30.0,58.8
100.8,30.0,60.0
100.8,31.2,25.2
100.8,31.2,26.4
100.8,31.2,27.6
100.8,31.2,28.8
100.8,31.2,30.0
100.8,31.2,31.2
100.8,31.2,32.4
100.8,31.2,33.6
100.8,31.2,34.8
100.8,31.2,36.0
100.8,31.2,37.2
100.8,31.2,38.4
100.8,31.2,39.6
100.8,31.2,40.8
100.8,31.2,42.0
100.8,31.2,43.2
100.8,31.2,44.4
100.8,31.2,45.6
100.8,31.2,46.8
100.8,31.2,48.0
100.8,31.2,49.2
100.8,31.2,50.4
100.8,31.2,51.6
100.8,31.2,52.8
100.8,31.2,54.0
100.8,31.2,55.2
100.8,31.2,56.4
100.8,31.2,57.6
100.8,31.2,58.8
100.8,31.2,60.0
100.8,31.2,61.2
100.8,32.4,26.4
100.8,32.4,27.6
100.8,32.4,28.8
100.8,32.4,30.0
100.8,32.4,31.2
100.8,32.4,32.4
100.8,32.4,33.6
100.8,32.4,34.8
100.8,32.4,36.0
100.8,32.4,37.2
100.8,32.4,38.4
100.8,32.4,39.6
100.8,32.4,40.8
100.8,32.4,42.0
100.8,32.4,43.2
100.8,32.4,44.4
100.8,32.4,45.6
100.8,32.4,46.8
100.8,32.4,48.0
100.8,32.4,49.2
100.8,32.4,50.4
100.8,32.4,51.6
100.8,32.4,52.8
100.8,32.4,54.0
100.8,32.4,55.2
100.8,32.4,56.4
100.8,32.4,57.6
100.8,32.4,58.8
100.8,32.4,60.0
100.8,32.4,61.2
100.8,32.4,62.4
100.8,33.6,27.6
100.8,33.6,28.8
100.8,33.6,30.0
100.8,33.6,31.2
100.8,33.6,32.4
100.8,33.6,33.6
100.8,33.6,34.8
100.8,33.6,36.0
100.8,33.6,37.2
100.8,33.6,38.4
100.8,33.6,39.6
100.8,33.6,40.8
100.8,33.6,42.0
100.8,33.6,43.2
100.8,33.6,44.4
100.8,33.6,45.6
100.8,33.6,46.8
100.8,33.6,48.0
100.8,33.6,49.2
100.8,33.6,50.4
100.8,33.6,51.6
100.8,33.6,52.8
100.8,33.6,54.0
100.8,33.6,55.2
100.8,33.6,56.4
100.8,33.6,57.6
100.8,33.6,58.8
100.8,33.6,60.0
100.8,33.6,61.2
100.8,33.6,62.4
100.8,33.6,63.6
100.8,34.8,28.8
100.8,34.8,30.0
100.8,34.8,31.2
100.8,34.8,32.4
100.8,34.8,33.6
100.8,34.8,34.8
100.8,34.8,36.0
100.8,34.8,37.2
100.8,34.8,38.4
100.8,34.8,39.6
100.8,34.8,40.8
100.8,34.8,42.0
100.8,34.8,43.2
100.8,34.8,44.4
100.8,34.8,45.6
100.8,34.8,46.8
100.8,34.8,48.0
100.8,34.8,49.2
100.8,34.8,50.4
100.8,34.8,51.6
100.8,34.8,52.8
100.8,34.8,54.0
100.8,34.8,55.2
100.8,34.8,56.4
100.8,34.8,57.6
100.8,34.8,58.8
100.8,34.8,60.0
100.8,34.8,61.2
100.8,34.8,62.4
100.8,34.8,63.6
100.8,34.8,64.8
100.8,36.0,30.0
100.8,36.0,31.2
100.8,36.0,32.4
100.8,36.0,33.6
100.8,36.0,34.8
100.8,36.0,36.0
100.8,36.0,37.2
100.8,36.0,38.4
100.8,36.0,39.6
100.8,36.0,40.8
100.8,36.0,42.0
100.8,36.0,43.2
100.8,36.0,44.4
100.8,36.0,45.6
100.8,36.0,46.8
100.8,36.0,48.0
100.8,36.0,49.2
100.8,36.0,50.4
100.8,36.0,51.6
100.8,36.0,52.8
100.8,36.0,54.0
100.8,36.0,55.2
100.8,36.0,56.4
100.8,36.0,57.6
100.8,36.0,58.8
100.8,36.0,60.0
100.8,36.0,61.2
100.8,36.0,62.4
100.8,36.0,63.6
100.8,36.0,64.8
100.8,36.0,66.0
100.8,37.2,31.2
100.8,37.2,32.4
100.8,37.2,33.6
100.8,37.2,34.8
100.8,37.2,36.0
100.8,37.2,37.2
100.8,37.2,38.4
100.8,37.2,39.6
100.8,37.2,40.8
100.8,37.2,42.0
100.8,37.2,43.2
100.8,37.2,44.4
100.8,37.2,45.6
100.8,37.2,46.8
100.8,37.2,48.0
100.8,37.2,49.2
100.8,37.2,50.4
100.8,37.2,51.6
100.8,37.2,52.8
100.8,37.2,54.0
100.8,37.2,55.2
100.8,37.2,56.4
100.8,37.2,57.6
100.8,37.2,58.8
100.8,37.2,60.0
100.8,37.2,61.2
100.8,37.2,62.4
100.8,37.2,63.6
100.8,37.2,64.8
100.8,37.2,66.0
100.8,37.2,67.2
100.8,38.4,32.4
100.8,38.4,33.6
100.8,38.4,34.8
100.8,38.4,36.0
100.8,38.4,37.2
100.8,38.4,38.4
100.8,38.4,39.6
100.8,38.4,40.8
100.8,38.4,42.0
100.8,38.4,43.2
100.8,38.4,44.4
100.8,38.4,45.6
100.8,38.4,46.8
100.8,38.4,48.0
100.8,38.4,49.2
100.8,38.4,50.4
100.8,38.4,51.6
100.8,38.4,52.8
100.8,38.4,54.0
100.8,38.4,55.2
100.8,38.4,56.4
100.8,38.4,57.6
100.8,38.4,58.8
100.8,38.4,60.0
100.8,38.4,61.2
100.8,38.4,62.4
100.8,38.4,63.6
100.8,38.4,64.8
100.8,38.4,66.0
100.8,38.4,67.2
100.8,38.4,68.4
100.8,39.6,33.6
100.8,39.6,34.8
100.8,39.6,36.0
100.8,39.6,37.2
100.8,39.6,38.4
100.8,39.6,39.6
100.8,39.6,40.8
100.8,39.6,42.0
100.8,39.6,43.2
100.8,39.6,44.4
100.8,39.6,45.6
100.8,39.6,46.8
100.8,39.6,48.0
100.8,39.6,49.2
100.8,39.6,50.4
100.8,39.6,51.6
100.8,39.6,52.8
100.8,39.6,54.0
100.8,39.6,55.2
100.8,39.6,56.4
100.8,39.6,57.6
100.8,39.6,58.8
100.8,39.6,60.0
100.8,39.6,61.2
100.8,39.6,62.4
100.8,39.6,63.6
100.8,39.6,64.8
100.8,39.6,66.0
100.8,39.6,67.2
100.8,39.6,68.4
100.8,39.6,69.6
100.8,40.8,34.8
100.8,40.8,36.0
100.8,40.8,37.2
100.8,40.8,38.4
100.8,40.8,39.6
100.8,40.8,40.8
100.8,40.8,42.0
100.8,40.8,43.2
100.8,40.8,44.4
100.8,40.8,45.6
100.8,40.8,46.8
100.8,40.8,48.0
100.8,40.8,49.2
100.8,40.8,50.4
100.8,40.8,51.6
100.8,40.8,52.8
100.8,40.8,54.0
100.8,40.8,55.2
100.8,40.8,56.4
100.8,40.8,57.6
100.8,40.8,58.8
100.8,40.8,60.0
100.8,40.8,61.2
100.8,40.8,62.4
100.8,40.8,63.6
100.8,40.8,64.8
100.8,40.8,66.0
100.8,40.8,67.2
100.8,40.8,68.4
100.8,40.8,69.6
100.8,40.8,70.8
102.0,6.0,12.0
102.0,6.0,13.2
102.0,6.0,14.4
102.0,6.0,15.6
102.0,6.0,16.8
102.0,6.0,18.0
102.0,6.0,19.2
102.0,6.0,20.4
102.0,6.0,21.6
102.0,6.0,22.8
102.0,6.0,24.0
102.0,7.2,12.0
102.0,7.2,13.2
102.0,7.2,14.4
102.0,7.2,15.6
102.0,7.2,16.8
102.0,7.2,18.0
102.0,7.2,19.2
102.0,7.2,20.4
102.0,7.2,21.6
102.0,7.2,22.8
102.0,7.2,24.0
102.0,8.4,12.0
102.0,8.4,13.2
102.0,8.4,14.4
102.0,8.4,15.6
102.0,8.4,16.8
102.0,8.4,18.0
102.0,8.4,19.2
102.0,8.4,20.4
102.0,8.4,21.6
102.0,8.4,22.8
102.0,8.4,24.0
102.0,9.6,12.0
102.0,9.6,13.2
102.0,9.6,14.4
102.0,9.6,15.6
102.0,9.6,16.8
102.0,9.6,18.0
102.0,9.6,19.2
102.0,9.6,20.4
102.0,9.6,21.6
102.0,9.6,22.8
102.0,9.6,24.0
102.0,10.8,12.0
102.0,10.8,13.2
102.0,10.8,14.4
102.0,10.8,15.6
102.0,10.8,16.8
102.0,10.8,18.0
102.0,10.8,19.2
102.0,10.8,20.4
102.0,10.8,21.6
102.0,10.8,22.8
102.0,10.8,24.0
102.0,12.0,12.0
102.0,12.0,13.2
102.0,12.0,14.4
102.0,12.0,15.6
102.0,12.0,16.8
102.0,12.0,18.0
102.0,12.0,19.2
102.0,12.0,20.4
102.0,12.0,21.6
102.0,12.0,22.8
102.0,12.0,24.0
102.0,13.2,12.0
102.0,13.2,13.2
102.0,13.2,14.4
102.0,13.2,15.6
102.0,13.2,16.8
102.0,13.2,18.0
102.0,13.2,19.2
102.0,13.2,20.4
102.0,13.2,21.6
102.0,13.2,22.8
102.0,13.2,24.0
102.0,14.4,12.0
102.0,14.4,13.2
102.0,14.4,14.4
102.0,14.4,15.6
102.0,14.4,16.8
102.0,14.4,18.0
102.0,14.4,19.2
102.0,14.4,20.4
102.0,14.4,21.6
102.0,14.4,22.8
102.0,14.4,24.0
102.0,15.6,12.0
102.0,15.6,13.2
102.0,15.6,14.4
102.0,15.6,15.6
102.0,15.6,16.8
102.0,15.6,18.0
102.0,15.6,19.2
102.0,15.6,20.4
102.0,15.6,21.6
102.0,15.6,22.8
102.0,15.6,24.0
102.0,16.8,12.0
102.0,16.8,13.2
102.0,16.8,14.4
102.0,16.8,15.6
102.0,16.8,16.8
102.0,16.8,18.0
102.0,16.8,19.2
102.0,16.8,20.4
102.0,16.8,21.6
102.0,16.8,22.8
102.0,16.8,24.0
102.0,18.0,12.0
102.0,18.0,13.2
102.0,18.0,14.4
102.0,18.0,15.6
102.0,18.0,16.8
102.0,18.0,18.0
102.0,18.0,19.2
102.0,18.0,20.4
102.0,18.0,21.6
102.0,18.0,22.8
102.0,18.0,24.0
102.0,19.2,13.2
102.0,19.2,14.4
102.0,19.2,15.6
102.0,19.2,16.8
102.0,19.2,18.0
102.0,19.2,19.2
102.0,19.2,20.4
102.0,19.2,21.6
102.0,19.2,22.8
102.0,19.2,24.0
102.0,19.2,25.2
102.0,20.4,14.4
102.0,20.4,15.6
102.0,20.4,16.8
102.0,20.4,18.0
102.0,20.4,19.2
102.0,20.4,20.4
102.0,20.4,21.6
102.0,20.4,22.8
102.0,20.4,24.0
102.0,20.4,25.2
102.0,20.4,26.4
102.0,21.6,15.6
102.0,21.6,16.8
102.0,21.6,18.0
102.0,21.6,19.2
102.0,21.6,20.4
102.0,21.6,21.6
102.0,21.6,22.8
102.0,21.6,24.0
102.0,21.6,25.2
102.0,21.6,26.4
102.0,21.6,27.6
102.0,22.8,16.8
102.0,22.8,18.0
102.0,22.8,19.2
102.0,22.8,20.4
102.0,22.8,21.6
102.0,22.8,22.8
102.0,22.8,24.0
102.0,22.8,25.2
102.0,22.8,26.4
102.0,22.8,27.6
102.0,22.8,28.8
102.0,24.0,18.0
102.0,24.0,19.2
102.0,24.0,20.4
102.0,24.0,21.6
102.0,24.0,22.8
102.0,24.0,24.0
102.0,24.0,25.2
102.0,24.0,26.4
102.0,24.0,27.6
102.0,24.0,28.8
102.0,24.0,30.0
102.0,25.2,19.2
102.0,25.2,20.4
102.0,25.2,21.6
102.0,25.2,22.8
102.0,25.2,24.0
102.0,25.2,25.2
102.0,25.2,26.4
102.0,25.2,27.6
102.0,25.2,28.8
102.0,25.2,30.0
102.0,25.2,31.2
102.0,26.4,20.4
102.0,26.4,21.6
102.0,26.4,22.8
102.0,26.4,24.0
102.0,26.4,25.2
102.0,26.4,26.4
102.0,26.4,27.6
102.0,26.4,28.8
102.0,26.4,30.0
102.0,26.4,31.2
102.0,26.4,32.4
102.0,27.6,21.6
102.0,27.6,22.8
102.0,27.6,24.0
102.0,27.6,25.2
102.0,27.6,26.4
102.0,27.6,27.6
102.0,27.6,28.8
102.0,27.6,30.0
102.0,27.6,31.2
102.0,27.6,32.4
102.0,27.6,33.6
102.0,28.8,22.8
102.0,28.8,24.0
102.0,28.8,25.2
102.0,28.8,26.4
102.0,28.8,27.6
102.0,28.8,28.8
102.0,28.8,30.0
102.0,28.8,31.2
102.0,28.8,32.4
102.0,28.8,33.6
102.0,28.8,34.8
102.0,30.0,24.0
102.0,30.0,25.2
102.0,30.0,26.4
102.0,30.0,27.6
102.0,30.0,28.8
102.0,30.0,30.0
102.0,30.0,31.2
102.0,30.0,32.4
102.0,30.0,33.6
102.0,30.0,34.8
102.0,30.0,36.0
102.0,30.0,37.2
102.0,30.0,38.4
102.0,30.0,39.6
102.0,30.0,40.8
102.0,30.0,42.0
102.0,30.0,43.2
102.0,30.0,44.4
102.0,30.0,45.6
102.0,30.0,46.8
102.0,30.0,48.0
102.0,30.0,49.2
102.0,30.0,50.4
102.0,30.0,51.6
102.0,30.0,52.8
102.0,30.0,54.0
102.0,30.0,55.2
102.0,30.0,56.4
102.0,30.0,57.6
102.0,30.0,58.8
102.0,30.0,60.0
102.0,31.2,25.2
102.0,31.2,26.4
102.0,31.2,27.6
102.0,31.2,28.8
102.0,31.2,30.0
102.0,31.2,31.2
102.0,31.2,32.4
102.0,31.2,33.6
102.0,31.2,34.8
102.0,31.2,36.0
102.0,31.2,37.2
102.0,31.2,38.4
102.0,31.2,39.6
102.0,31.2,40.8
102.0,31.2,42.0
102.0,31.2,43.2
102.0,31.2,44.4
102.0,31.2,45.6
102.0,31.2,46.8
102.0,31.2,48.0
102.0,31.2,49.2
102.0,31.2,50.4
102.0,31.2,51.6
102.0,31.2,52.8
102.0,31.2,54.0
102.0,31.2,55.2
102.0,31.2,56.4
102.0,31.2,57.6
102.0,31.2,58.8
102.0,31.2,60.0
102.0,31.2,61.2
102.0,32.4,26.4
102.0,32.4,27.6
102.0,32.4,28.8
102.0,32.4,30.0
102.0,32.4,31.2
102.0,32.4,32.4
102.0,32.4,33.6
102.0,32.4,34.8
102.0,32.4,36.0
102.0,32.4,37.2
102.0,32.4,38.4
102.0,32.4,39.6
102.0,32.4,40.8
102.0,32.4,42.0
102.0,32.4,43.2
102.0,32.4,44.4
102.0,32.4,45.6
102.0,32.4,46.8
102.0,32.4,48.0
102.0,32.4,49.2
102.0,32.4,50.4
102.0,32.4,51.6
102.0,32.4,52.8
102.0,32.4,54.0
102.0,32.4,55.2
102.0,32.4,56.4
102.0,32.4,57.6
102.0,32.4,58.8
102.0,32.4,60.0
102.0,32.4,61.2
102.0,32.4,62.4
102.0,33.6,27.6
102.0,33.6,28.8
102.0,33.6,30.0
102.0,33.6,31.2
102.0,33.6,32.4
102.0,33.6,33.6
102.0,33.6,34.8
102.0,33.6,36.0
102.0,33.6,37.2
102.0,33.6,38.4
102.0,33.6,39.6
102.0,33.6,40.8
102.0,33.6,42.0
102.0,33.6,43.2
102.0,33.6,44.4
102.0,33.6,45.6
102.0,33.6,46.8
102.0,33.6,48.0
102.0,33.6,49.2
102.0,33.6,50.4
102.0,33.6,51.6
102.0,33.6,52.8
102.0,33.6,54.0
102.0,33.6,55.2
102.0,33.6,56.4
102.0,33.6,57.6
102.0,33.6,58.8
102.0,33.6,60.0
102.0,33.6,61.2
102.0,33.6,62.4
102.0,33.6,63.6
102.0,34.8,28.8
102.0,34.8,30.0
102.0,34.8,31.2
102.0,34.8,32.4
102.0,34.8,33.6
102.0,34.8,34.8
102.0,34.8,36.0
102.0,34.8,37.2
102.0,34.8,38.4
102.0,34.8,39.6
102.0,34.8,40.8
102.0,34.8,42.0
102.0,34.8,43.2
102.0,34.8,44.4
102.0,34.8,45.6
102.0,34.8,46.8
102.0,34.8,48.0
102.0,34.8,49.2
102.0,34.8,50.4
102.0,34.8,51.6
102.0,34.8,52.8
102.0,34.8,54.0
102.0,34.8,55.2
102.0,34.8,56.4
102.0,34.8,57.6
102.0,34.8,58.8
102.0,34.8,60.0
102.0,34.8,61.2
102.0,34.8,62.4
102.0,34.8,63.6
102.0,34.8,64.8
102.0,36.0,30.0
102.0,36.0,31.2
102.0,36.0,32.4
102.0,36.0,33.6
102.0,36.0,34.8
102.0,36.0,36.0
102.0,36.0,37.2
102.0,36.0,38.4
102.0,36.0,39.6
102.0,36.0,40.8
102.0,36.0,42.0
102.0,36.0,43.2
102.0,36.0,44.4
102.0,36.0,45.6
102.0,36.0,46.8
102.0,36.0,48.0
102.0,36.0,49.2
102.0,36.0,50.4
102.0,36.0,51.6
102.0,36.0,52.8
102.0,36.0,54.0
102.0,36.0,55.2
102.0,36.0,56.4
102.0,36.0,57.6
102.0,36.0,58.8
102.0,36.0,60.0
102.0,36.0,61.2
102.0,36.0,62.4
102.0,36.0,63.6
102.0,36.0,64.8
102.0,36.0,66.0
102.0,37.2,31.2
102.0,37.2,32.4
102.0,37.2,33.6
102.0,37.2,34.8
102.0,37.2,36.0
102.0,37.2,37.2
102.0,37.2,38.4
102.0,37.2,39.6
102.0,37.2,40.8
102.0,37.2,42.0
102.0,37.2,43.2
102.0,37.2,44.4
102.0,37.2,45.6
102.0,37.2,46.8
102.0,37.2,48.0
102.0,37.2,49.2
102.0,37.2,50.4
102.0,37.2,51.6
102.0,37.2,52.8
102.0,37.2,54.0
102.0,37.2,55.2
102.0,37.2,56.4
102.0,37.2,57.6
102.0,37.2,58.8
102.0,37.2,60.0
102.0,37.2,61.2
102.0,37.2,62.4
102.0,37.2,63.6
102.0,37.2,64.8
102.0,37.2,66.0
102.0,37.2,67.2
102.0,38.4,32.4
102.0,38.4,33.6
102.0,38.4,34.8
102.0,38.4,36.0
102.0,38.4,37.2
102.0,38.4,38.4
102.0,38.4,39.6
102.0,38.4,40.8
102.0,38.4,42.0
102.0,38.4,43.2
102.0,38.4,44.4
102.0,38.4,45.6
102.0,38.4,46.8
102.0,38.4,48.0
102.0,38.4,49.2
102.0,38.4,50.4
102.0,38.4,51.6
102.0,38.4,52.8
102.0,38.4,54.0
102.0,38.4,55.2
102.0,38.4,56.4
102.0,38.4,57.6
102.0,38.4,58.8
102.0,38.4,60.0
102.0,38.4,61.2
102.0,38.4,62.4
102.0,38.4,63.6
102.0,38.4,64.8
102.0,38.4,66.0
102.0,38.4,67.2
102.0,38.4,68.4
102.0,39.6,33.6
102.0,39.6,34.8
102.0,39.6,36.0
102.0,39.6,37.2
102.0,39.6,38.4
102.0,39.6,39.6
102.0,39.6,40.8
102.0,39.6,42.0
102.0,39.6,43.2
102.0,39.6,44.4
102.0,39.6,45.6
102.0,39.6,46.8
102.0,39.6,48.0
102.0,39.6,49.2
102.0,39.6,50.4
102.0,39.6,51.6
102.0,39.6,52.8
102.0,39.6,54.0
102.0,39.6,55.2
102.0,39.6,56.4
102.0,39.6,57.6
102.0,39.6,58.8
102.0,39.6,60.0
102.0,39.6,61.2
102.0,39.6,62.4
102.0,39.6,63.6
102.0,39.6,64.8
102.0,39.6,66.0
102.0,39.6,67.2
102.0,39.6,68.4
102.0,39.6,69.6
102.0,40.8,34.8
102.0,40.8,36.0
102.0,40.8,37.2
102.0,40.8,38.4
102.0,40.8,39.6
102.0,40.8,40.8
102.0,40.8,42.0
102.0,40.8,43.2
102.0,40.8,44.4
102.0,40.8,45.6
102.0,40.8,46.8
102.0,40.8,48.0
102.0,40.8,49.2
102.0,40.8,50.4
102.0,40.8,51.6
102.0,40.8,52.8
102.0,40.8,54.0
102.0,40.8,55.2
102.0,40.8,56.4
102.0,40.8,57.6
102.0,40.8,58.8
102.0,40.8,60.0
102.0,40.8,61.2
102.0,40.8,62.4
102.0,40.8,63.6
102.0,40.8,64.8
102.0,40.8,66.0
102.0,40.8,67.2
102.0,40.8,68.4
102.0,40.8,69.6
102.0,40.8,70.8
102.0,42.0,36.0
102.0,42.0,37.2
102.0,42.0,38.4
102.0,42.0,39.6
102.0,42.0,40.8
102.0,42.0,42.0
102.0,42.0,43.2
102.0,42.0,44.4
102.0,42.0,45.6
102.0,42.0,46.8
102.0,42.0,48.0
102.0,42.0,49.2
102.0,42.0,50.4
102.0,42.0,51.6
102.0,42.0,52.8
102.0,42.0,54.0
102.0,42.0,55.2
102.0,42.0,56.4
102.0,42.0,57.6
102.0,42.0,58.8
102.0,42.0,60.0
102.0,42.0,61.2
102.0,42.0,62.4
102.0,42.0,63.6
102.0,42.0,64.8
102.0,42.0,66.0
102.0,42.0,67.2
102.0,42.0,68.4
102.0,42.0,69.6
102.0,42.0,70.8
102.0,42.0,72.0
103.2,6.0,13.2
103.2,6.0,14.4
103.2,6.0,15.6
103.2,6.0,16.8
103.2,6.0,18.0
103.2,6.0,19.2
103.2,6.0,20.4
103.2,6.0,21.6
103.2,6.0,22.8
103.2,6.0,24.0
103.2,7.2,13.2
103.2,7.2,14.4
103.2,7.2,15.6
103.2,7.2,16.8
103.2,7.2,18.0
103.2,7.2,19.2
103.2,7.2,20.4
103.2,7.2,21.6
103.2,7.2,22.8
103.2,7.2,24.0
103.2,8.4,13.2
103.2,8.4,14.4
103.2,8.4,15.6
103.2,8.4,16.8
103.2,8.4,18.0
103.2,8.4,19.2
103.2,8.4,20.4
103.2,8.4,21.6
103.2,8.4,22.8
103.2,8.4,24.0
103.2,9.6,13.2
103.2,9.6,14.4
103.2,9.6,15.6
103.2,9.6,16.8
103.2,9.6,18.0
103.2,9.6,19.2
103.2,9.6,20.4
103.2,9.6,21.6
103.2,9.6,22.8
103.2,9.6,24.0
103.2,10.8,13.2
103.2,10.8,14.4
103.2,10.8,15.6
103.2,10.8,16.8
103.2,10.8,18.0
103.2,10.8,19.2
103.2,10.8,20.4
103.2,10.8,21.6
103.2,10.8,22.8
103.2,10.8,24.0
103.2,12.0,13.2
103.2,12.0,14.4
103.2,12.0,15.6
103.2,12.0,16.8
103.2,12.0,18.0
103.2,12.0,19.2
103.2,12.0,20.4
103.2,12.0,21.6
103.2,12.0,22.8
103.2,12.0,24.0
103.2,13.2,13.2
103.2,13.2,14.4
103.2,13.2,15.6
103.2,13.2,16.8
103.2,13.2,18.0
103.2,13.2,19.2
103.2,13.2,20.4
103.2,13.2,21.6
103.2,13.2,22.8
103.2,13.2,24.0
103.2,14.4,13.2
103.2,14.4,14.4
103.2,14.4,15.6
103.2,14.4,16.8
103.2,14.4,18.0
103.2,14.4,19.2
103.2,14.4,20.4
103.2,14.4,21.6
103.2,14.4,22.8
103.2,14.4,24.0
103.2,15.6,13.2
103.2,15.6,14.4
103.2,15.6,15.6
103.2,15.6,16.8
103.2,15.6,18.0
103.2,15.6,19.2
103.2,15.6,20.4
103.2,15.6,21.6
103.2,15.6,22.8
103.2,15.6,24.0
103.2,16.8,13.2
103.2,16.8,14.4
103.2,16.8,15.6
103.2,16.8,16.8
103.2,16.8,18.0
103.2,16.8,19.2
103.2,16.8,20.4
103.2,16.8,21.6
103.2,16.8,22.8
103.2,16.8,24.0
103.2,18.0,13.2
103.2,18.0,14.4
103.2,18.0,15.6
103.2,18.0,16.8
103.2,18.0,18.0
103.2,18.0,19.2
103.2,18.0,20.4
103.2,18.0,21.6
103.2,18.0,22.8
103.2,18.0,24.0
103.2,19.2,13.2
103.2,19.2,14.4
103.2,19.2,15.6
103.2,19.2,16.8
103.2,19.2,18.0
103.2,19.2,19.2
103.2,19.2,20.4
103.2,19.2,21.6
103.2,19.2,22.8
103.2,19.2,24.0
103.2,20.4,14.4
103.2,20.4,15.6
103.2,20.4,16.8
103.2,20.4,18.0
103.2,20.4,19.2
103.2,20.4,20.4
103.2,20.4,21.6
103.2,20.4,22.8
103.2,20.4,24.0
103.2,20.4,25.2
103.2,21.6,15.6
103.2,21.6,16.8
103.2,21.6,18.0
103.2,21.6,19.2
103.2,21.6,20.4
103.2,21.6,21.6
103.2,21.6,22.8
103.2,21.6,24.0
103.2,21.6,25.2
103.2,21.6,26.4
103.2,22.8,16.8
103.2,22.8,18.0
103.2,22.8,19.2
103.2,22.8,20.4
103.2,22.8,21.6
103.2,22.8,22.8
103.2,22.8,24.0
103.2,22.8,25.2
103.2,22.8,26.4
103.2,22.8,27.6
103.2,24.0,18.0
103.2,24.0,19.2
103.2,24.0,20.4
103.2,24.0,21.6
103.2,24.0,22.8
103.2,24.0,24.0
103.2,24.0,25.2
103.2,24.0,26.4
103.2,24.0,27.6
103.2,24.0,28.8
103.2,25.2,19.2
103.2,25.2,20.4
103.2,25.2,21.6
103.2,25.2,22.8
103.2,25.2,24.0
103.2,25.2,25.2
103.2,25.2,26.4
103.2,25.2,27.6
103.2,25.2,28.8
103.2,25.2,30.0
103.2,26.4,20.4
103.2,26.4,21.6
103.2,26.4,22.8
103.2,26.4,24.0
103.2,26.4,25.2
103.2,26.4,26.4
103.2,26.4,27.6
103.2,26.4,28.8
103.2,26.4,30.0
103.2,26.4,31.2
103.2,27.6,21.6
103.2,27.6,22.8
103.2,27.6,24.0
103.2,27.6,25.2
103.2,27.6,26.4
103.2,27.6,27.6
103.2,27.6,28.8
103.2,27.6,30.0
103.2,27.6,31.2
103.2,27.6,32.4
103.2,28.8,22.8
103.2,28.8,24.0
103.2,28.8,25.2
103.2,28.8,26.4
103.2,28.8,27.6
103.2,28.8,28.8
103.2,28.8,30.0
103.2,28.8,31.2
103.2,28.8,32.4
103.2,28.8,33.6
103.2,30.0,24.0
103.2,30.0,25.2
103.2,30.0,26.4
103.2,30.0,27.6
103.2,30.0,28.8
103.2,30.0,30.0
103.2,30.0,31.2
103.2,30.0,32.4
103.2,30.0,33.6
103.2,30.0,34.8
103.2,31.2,25.2
103.2,31.2,26.4
103.2,31.2,27.6
103.2,31.2,28.8
103.2,31.2,30.0
103.2,31.2,31.2
103.2,31.2,32.4
103.2,31.2,33.6
103.2,31.2,34.8
103.2,31.2,36.0
103.2,31.2,37.2
103.2,31.2,38.4
103.2,31.2,39.6
103.2,31.2,40.8
103.2,31.2,42.0
103.2,31.2,43.2
103.2,31.2,44.4
103.2,31.2,45.6
103.2,31.2,46.8
103.2,31.2,48.0
103.2,31.2,49.2
103.2,31.2,50.4
103.2,31.2,51.6
103.2,31.2,52.8
103.2,31.2,54.0
103.2,31.2,55.2
103.2,31.2,56.4
103.2,31.2,57.6
103.2,31.2,58.8
103.2,31.2,60.0
103.2,31.2,61.2
103.2,32.4,26.4
103.2,32.4,27.6
103.2,32.4,28.8
103.2,32.4,30.0
103.2,32.4,31.2
103.2,32.4,32.4
103.2,32.4,33.6
103.2,32.4,34.8
103.2,32.4,36.0
103.2,32.4,37.2
103.2,32.4,38.4
103.2,32.4,39.6
103.2,32.4,40.8
103.2,32.4,42.0
103.2,32.4,43.2
103.2,32.4,44.4
103.2,32.4,45.6
103.2,32.4,46.8
103.2,32.4,48.0
103.2,32.4,49.2
103.2,32.4,50.4
103.2,32.4,51.6
103.2,32.4,52.8
103.2,32.4,54.0
103.2,32.4,55.2
103.2,32.4,56.4
103.2,32.4,57.6
103.2,32.4,58.8
103.2,32.4,60.0
103.2,32.4,61.2
103.2,32.4,62.4
103.2,33.6,27.6
103.2,33.6,28.8
103.2,33.6,30.0
103.2,33.6,31.2
103.2,33.6,32.4
103.2,33.6,33.6
103.2,33.6,34.8
103.2,33.6,36.0
103.2,33.6,37.2
103.2,33.6,38.4
103.2,33.6,39.6
103.2,33.6,40.8
103.2,33.6,42.0
103.2,33.6,43.2
103.2,33.6,44.4
103.2,33.6,45.6
103.2,33.6,46.8
103.2,33.6,48.0
103.2,33.6,49.2
103.2,33.6,50.4
103.2,33.6,51.6
103.2,33.6,52.8
103.2,33.6,54.0
103.2,33.6,55.2
103.2,33.6,56.4
103.2,33.6,57.6
103.2,33.6,58.8
103.2,33.6,60.0
103.2,33.6,61.2
103.2,33.6,62.4
103.2,33.6,63.6
103.2,34.8,28.8
103.2,34.8,30.0
103.2,34.8,31.2
103.2,34.8,32.4
103.2,34.8,33.6
103.2,34.8,34.8
103.2,34.8,36.0
103.2,34.8,37.2
103.2,34.8,38.4
103.2,34.8,39.6
103.2,34.8,40.8
103.2,34.8,42.0
103.2,34.8,43.2
103.2,34.8,44.4
103.2,34.8,45.6
103.2,34.8,46.8
103.2,34.8,48.0
103.2,34.8,49.2
103.2,34.8,50.4
103.2,34.8,51.6
103.2,34.8,52.8
103.2,34.8,54.0
103.2,34.8,55.2
103.2,34.8,56.4
103.2,34.8,57.6
103.2,34.8,58.8
103.2,34.8,60.0
103.2,34.8,61.2
103.2,34.8,62.4
103.2,34.8,63.6
103.2,34.8,64.8
103.2,36.0,30.0
103.2,36.0,31.2
103.2,36.0,32.4
103.2,36.0,33.6
103.2,36.0,34.8
103.2,36.0,36.0
103.2,36.0,37.2
103.2,36.0,38.4
103.2,36.0,39.6
103.2,36.0,40.8
103.2,36.0,42.0
103.2,36.0,43.2
103.2,36.0,44.4
103.2,36.0,45.6
103.2,36.0,46.8
103.2,36.0,48.0
103.2,36.0,49.2
103.2,36.0,50.4
103.2,36.0,51.6
103.2,36.0,52.8
103.2,36.0,54.0
103.2,36.0,55.2
103.2,36.0,56.4
103.2,36.0,57.6
103.2,36.0,58.8
103.2,36.0,60.0
103.2,36.0,61.2
103.2,36.0,62.4
103.2,36.0,63.6
103.2,36.0,64.8
103.2,36.0,66.0
103.2,37.2,31.2
103.2,37.2,32.4
103.2,37.2,33.6
103.2,37.2,34.8
103.2,37.2,36.0
103.2,37.2,37.2
103.2,37.2,38.4
103.2,37.2,39.6
103.2,37.2,40.8
103.2,37.2,42.0
103.2,37.2,43.2
103.2,37.2,44.4
103.2,37.2,45.6
103.2,37.2,46.8
103.2,37.2,48.0
103.2,37.2,49.2
103.2,37.2,50.4
103.2,37.2,51.6
103.2,37.2,52.8
103.2,37.2,54.0
103.2,37.2,55.2
103.2,37.2,56.4
103.2,37.2,57.6
103.2,37.2,58.8
103.2,37.2,60.0
103.2,37.2,61.2
103.2,37.2,62.4
103.2,37.2,63.6
103.2,37.2,64.8
103.2,37.2,66.0
103.2,37.2,67.2
103.2,38.4,32.4
103.2,38.4,33.6
103.2,38.4,34.8
103.2,38.4,36.0
103.2,38.4,37.2
103.2,38.4,38.4
103.2,38.4,39.6
103.2,38.4,40.8
103.2,38.4,42.0
103.2,38.4,43.2
103.2,38.4,44.4
103.2,38.4,45.6
103.2,38.4,46.8
103.2,38.4,48.0
103.2,38.4,49.2
103.2,38.4,50.4
103.2,38.4,51.6
103.2,38.4,52.8
103.2,38.4,54.0
103.2,38.4,55.2
103.2,38.4,56.4
103.2,38.4,57.6
103.2,38.4,58.8
103.2,38.4,60.0
103.2,38.4,61.2
103.2,38.4,62.4
103.2,38.4,63.6
103.2,38.4,64.8
103.2,38.4,66.0
103.2,38.4,67.2
103.2,38.4,68.4
103.2,39.6,33.6
103.2,39.6,34.8
103.2,39.6,36.0
103.2,39.6,37.2
103.2,39.6,38.4
103.2,39.6,39.6
103.2,39.6,40.8
103.2,39.6,42.0
103.2,39.6,43.2
103.2,39.6,44.4
103.2,39.6,45.6
103.2,39.6,46.8
103.2,39.6,48.0
103.2,39.6,49.2
103.2,39.6,50.4
103.2,39.6,51.6
103.2,39.6,52.8
103.2,39.6,54.0
103.2,39.6,55.2
103.2,39.6,56.4
103.2,39.6,57.6
103.2,39.6,58.8
103.2,39.6,60.0
103.2,39.6,61.2
103.2,39.6,62.4
103.2,39.6,63.6
103.2,39.6,64.8
103.2,39.6,66.0
103.2,39.6,67.2
103.2,39.6,68.4
103.2,39.6,69.6
103.2,40.8,34.8
103.2,40.8,36.0
103.2,40.8,37.2
103.2,40.8,38.4
103.2,40.8,39.6
103.2,40.8,40.8
103.2,40.8,42.0
103.2,40.8,43.2
103.2,40.8,44.4
103.2,40.8,45.6
103.2,40.8,46.8
103.2,40.8,48.0
103.2,40.8,49.2
103.2,40.8,50.4
103.2,40.8,51.6
103.2,40.8,52.8
103.2,40.8,54.0
103.2,40.8,55.2
103.2,40.8,56.4
103.2,40.8,57.6
103.2,40.8,58.8
103.2,40.8,60.0
103.2,40.8,61.2
103.2,40.8,62.4
103.2,40.8,63.6
103.2,40.8,64.8
103.2,40.8,66.0
103.2,40.8,67.2
103.2,40.8,68.4
103.2,40.8,69.6
103.2,40.8,70.8
103.2,42.0,36.0
103.2,42.0,37.2
103.2,42.0,38.4
103.2,42.0,39.6
103.2,42.0,40.8
103.2,42.0,42.0
103.2,42.0,43.2
103.2,42.0,44.4
103.2,42.0,45.6
103.2,42.0,46.8
103.2,42.0,48.0
103.2,42.0,49.2
103.2,42.0,50.4
103.2,42.0,51.6
103.2,42.0,52.8
103.2,42.0,54.0
103.2,42.0,55.2
103.2,42.0,56.4
103.2,42.0,57.6
103.2,42.0,58.8
103.2,42.0,60.0
103.2,42.0,61.2
103.2,42.0,62.4
103.2,42.0,63.6
103.2,42.0,64.8
103.2,42.0,66.0
103.2,42.0,67.2
103.2,42.0,68.4
103.2,42.0,69.6
103.2,42.0,70.8
103.2,42.0,72.0
103.2,43.2,37.2
103.2,43.2,38.4
103.2,43.2,39.6
103.2,43.2,40.8
103.2,43.2,42.0
103.2,43.2,43.2
103.2,43.2,44.4
103.2,43.2,45.6
103.2,43.2,46.8
103.2,43.2,48.0
103.2,43.2,49.2
103.2,43.2,50.4
103.2,43.2,51.6
103.2,43.2,52.8
103.2,43.2,54.0
103.2,43.2,55.2
103.2,43.2,56.4
103.2,43.2,57.6
103.2,43.2,58.8
103.2,43.2,60.0
103.2,43.2,61.2
103.2,43.2,62.4
103.2,43.2,63.6
103.2,43.2,64.8
103.2,43.2,66.0
103.2,43.2,67.2
103.2,43.2,68.4
103.2,43.2,69.6
103.2,43.2,70.8
103.2,43.2,72.0
103.2,43.2,73.2
104.4,6.0,14.4
104.4,6.0,15.6
104.4,6.0,16.8
104.4,6.0,18.0
104.4,6.0,19.2
104.4,6.0,20.4
104.4,6.0,21.6
104.4,6.0,22.8
104.4,6.0,24.0
104.4,7.2,14.4
104.4,7.2,15.6
104.4,7.2,16.8
104.4,7.2,18.0
104.4,7.2,19.2
104.4,7.2,20.4
104.4,7.2,21.6
104.4,7.2,22.8
104.4,7.2,24.0
104.4,8.4,14.4
104.4,8.4,15.6
104.4,8.4,16.8
104.4,8.4,18.0
104.4,8.4,19.2
104.4,8.4,20.4
104.4,8.4,21.6
104.4,8.4,22.8
104.4,8.4,24.0
104.4,9.6,14.4
104.4,9.6,15.6
104.4,9.6,16.8
104.4,9.6,18.0
104.4,9.6,19.2
104.4,9.6,20.4
104.4,9.6,21.6
104.4,9.6,22.8
104.4,9.6,24.0
104.4,10.8,14.4
104.4,10.8,15.6
104.4,10.8,16.8
104.4,10.8,18.0
104.4,10.8,19.2
104.4,10.8,20.4
104.4,10.8,21.6
104.4,10.8,22.8
104.4,10.8,24.0
104.4,12.0,14.4
104.4,12.0,15.6
104.4,12.0,16.8
104.4,12.0,18.0
104.4,12.0,19.2
104.4,12.0,20.4
104.4,12.0,21.6
104.4,12.0,22.8
104.4,12.0,24.0
104.4,13.2,14.4
104.4,13.2,15.6
104.4,13.2,16.8
104.4,13.2,18.0
104.4,13.2,19.2
104.4,13.2,20.4
104.4,13.2,21.6
104.4,13.2,22.8
104.4,13.2,24.0
104.4,14.4,14.4
104.4,14.4,15.6
104.4,14.4,16.8
104.4,14.4,18.0
104.4,14.4,19.2
104.4,14.4,20.4
104.4,14.4,21.6
104.4,14.4,22.8
104.4,14.4,24.0
104.4,15.6,14.4
104.4,15.6,15.6
104.4,15.6,16.8
104.4,15.6,18.0
104.4,15.6,19.2
104.4,15.6,20.4
104.4,15.6,21.6
104.4,15.6,22.8
104.4,15.6,24.0
104.4,16.8,14.4
104.4,16.8,15.6
104.4,16.8,16.8
104.4,16.8,18.0
104.4,16.8,19.2
104.4,16.8,20.4
104.4,16.8,21.6
104.4,16.8,22.8
104.4,16.8,24.0
104.4,18.0,14.4
104.4,18.0,15.6
104.4,18.0,16.8
104.4,18.0,18.0
104.4,18.0,19.2
104.4,18.0,20.4
104.4,18.0,21.6
104.4,18.0,22.8
104.4,18.0,24.0
104.4,19.2,14.4
104.4,19.2,15.6
104.4,19.2,16.8
104.4,19.2,18.0
104.4,19.2,19.2
104.4,19.2,20.4
104.4,19.2,21.6
104.4,19.2,22.8
104.4,19.2,24.0
104.4,20.4,14.4
104.4,20.4,15.6
104.4,20.4,16.8
104.4,20.4,18.0
104.4,20.4,19.2
104.4,20.4,20.4
104.4,20.4,21.6
104.4,20.4,22.8
104.4,20.4,24.0
104.4,21.6,15.6
104.4,21.6,16.8
104.4,21.6,18.0
104.4,21.6,19.2
104.4,21.6,20.4
104.4,21.6,21.6
104.4,21.6,22.8
104.4,21.6,24.0
104.4,21.6,25.2
104.4,22.8,16.8
104.4,22.8,18.0
104.4,22.8,19.2
104.4,22.8,20.4
104.4,22.8,21.6
104.4,22.8,22.8
104.4,22.8,24.0
104.4,22.8,25.2
104.4,22.8,26.4
104.4,24.0,18.0
104.4,24.0,19.2
104.4,24.0,20.4
104.4,24.0,21.6
104.4,24.0,22.8
104.4,24.0,24.0
104.4,24.0,25.2
104.4,24.0,26.4
104.4,24.0,27.6
104.4,25.2,19.2
104.4,25.2,20.4
104.4,25.2,21.6
104.4,25.2,22.8
104.4,25.2,24.0
104.4,25.2,25.2
104.4,25.2,26.4
104.4,25.2,27.6
104.4,25.2,28.8
104.4,26.4,20.4
104.4,26.4,21.6
104.4,26.4,22.8
104.4,26.4,24.0
104.4,26.4,25.2
104.4,26.4,26.4
104.4,26.4,27.6
104.4,26.4,28.8
104.4,26.4,30.0
104.4,27.6,21.6
104.4,27.6,22.8
104.4,27.6,24.0
104.4,27.6,25.2
104.4,27.6,26.4
104.4,27.6,27.6
104.4,27.6,28.8
104.4,27.6,30.0
104.4,27.6,31.2
104.4,28.8,22.8
104.4,28.8,24.0
104.4,28.8,25.2
104.4,28.8,26.4
104.4,28.8,27.6
104.4,28.8,28.8
104.4,28.8,30.0
104.4,28.8,31.2
104.4,28.8,32.4
104.4,30.0,24.0
104.4,30.0,25.2
104.4,30.0,26.4
104.4,30.0,27.6
104.4,30.0,28.8
104.4,30.0,30.0
104.4,30.0,31.2
104.4,30.0,32.4
104.4,30.0,33.6
104.4,31.2,25.2
104.4,31.2,26.4
104.4,31.2,27.6
104.4,31.2,28.8
104.4,31.2,30.0
104.4,31.2,31.2
104.4,31.2,32.4
104.4,31.2,33.6
104.4,31.2,34.8
104.4,32.4,26.4
104.4,32.4,27.6
104.4,32.4,28.8
104.4,32.4,30.0
104.4,32.4,31.2
104.4,32.4,32.4
104.4,32.4,33.6
104.4,32.4,34.8
104.4,32.4,36.0
104.4,32.4,37.2
104.4,32.4,38.4
104.4,32.4,39.6
104.4,32.4,40.8
104.4,32.4,42.0
104.4,32.4,43.2
104.4,32.4,44.4
104.4,32.4,45.6
104.4,32.4,46.8
104.4,32.4,48.0
104.4,32.4,49.2
104.4,32.4,50.4
104.4,32.4,51.6
104.4,32.4,52.8
104.4,32.4,54.0
104.4,32.4,55.2
104.4,32.4,56.4
104.4,32.4,57.6
104.4,32.4,58.8
104.4,32.4,60.0
104.4,32.4,61.2
104.4,32.4,62.4
104.4,33.6,27.6
104.4,33.6,28.8
104.4,33.6,30.0
104.4,33.6,31.2
104.4,33.6,32.4
104.4,33.6,33.6
104.4,33.6,34.8
104.4,33.6,36.0
104.4,33.6,37.2
104.4,33.6,38.4
104.4,33.6,39.6
104.4,33.6,40.8
104.4,33.6,42.0
104.4,33.6,43.2
104.4,33.6,44.4
104.4,33.6,45.6
104.4,33.6,46.8
104.4,33.6,48.0
104.4,33.6,49.2
104.4,33.6,50.4
104.4,33.6,51.6
104.4,33.6,52.8
104.4,33.6,54.0
104.4,33.6,55.2
104.4,33.6,56.4
104.4,33.6,57.6
104.4,33.6,58.8
104.4,33.6,60.0
104.4,33.6,61.2
104.4,33.6,62.4
104.4,33.6,63.6
104.4,34.8,28.8
104.4,34.8,30.0
104.4,34.8,31.2
104.4,34.8,32.4
104.4,34.8,33.6
104.4,34.8,34.8
104.4,34.8,36.0
104.4,34.8,37.2
104.4,34.8,38.4
104.4,34.8,39.6
104.4,34.8,40.8
104.4,34.8,42.0
104.4,34.8,43.2
104.4,34.8,44.4
104.4,34.8,45.6
104.4,34.8,46.8
104.4,34.8,48.0
104.4,34.8,49.2
104.4,34.8,50.4
104.4,34.8,51.6
104.4,34.8,52.8
104.4,34.8,54.0
104.4,34.8,55.2
104.4,34.8,56.4
104.4,34.8,57.6
104.4,34.8,58.8
104.4,34.8,60.0
104.4,34.8,61.2
104.4,34.8,62.4
104.4,34.8,63.6
104.4,34.8,64.8
104.4,36.0,30.0
104.4,36.0,31.2
104.4,36.0,32.4
104.4,36.0,33.6
104.4,36.0,34.8
104.4,36.0,36.0
104.4,36.0,37.2
104.4,36.0,38.4
104.4,36.0,39.6
104.4,36.0,40.8
104.4,36.0,42.0
104.4,36.0,43.2
104.4,36.0,44.4
104.4,36.0,45.6
104.4,36.0,46.8
104.4,36.0,48.0
104.4,36.0,49.2
104.4,36.0,50.4
104.4,36.0,51.6
104.4,36.0,52.8
104.4,36.0,54.0
104.4,36.0,55.2
104.4,36.0,56.4
104.4,36.0,57.6
104.4,36.0,58.8
104.4,36.0,60.0
104.4,36.0,61.2
104.4,36.0,62.4
104.4,36.0,63.6
104.4,36.0,64.8
104.4,36.0,66.0
104.4,37.2,31.2
104.4,37.2,32.4
104.4,37.2,33.6
104.4,37.2,34.8
104.4,37.2,36.0
104.4,37.2,37.2
104.4,37.2,38.4
104.4,37.2,39.6
104.4,37.2,40.8
104.4,37.2,42.0
104.4,37.2,43.2
104.4,37.2,44.4
104.4,37.2,45.6
104.4,37.2,46.8
104.4,37.2,48.0
104.4,37.2,49.2
104.4,37.2,50.4
104.4,37.2,51.6
104.4,37.2,52.8
104.4,37.2,54.0
104.4,37.2,55.2
104.4,37.2,56.4
104.4,37.2,57.6
104.4,37.2,58.8
104.4,37.2,60.0
104.4,37.2,61.2
104.4,37.2,62.4
104.4,37.2,63.6
104.4,37.2,64.8
104.4,37.2,66.0
104.4,37.2,67.2
104.4,38.4,32.4
104.4,38.4,33.6
104.4,38.4,34.8
104.4,38.4,36.0
104.4,38.4,37.2
104.4,38.4,38.4
104.4,38.4,39.6
104.4,38.4,40.8
104.4,38.4,42.0
104.4,38.4,43.2
104.4,38.4,44.4
104.4,38.4,45.6
104.4,38.4,46.8
104.4,38.4,48.0
104.4,38.4,49.2
104.4,38.4,50.4
104.4,38.4,51.6
104.4,38.4,52.8
104.4,38.4,54.0
104.4,38.4,55.2
104.4,38.4,56.4
104.4,38.4,57.6
104.4,38.4,58.8
104.4,38.4,60.0
104.4,38.4,61.2
104.4,38.4,62.4
104.4,38.4,63.6
104.4,38.4,64.8
104.4,38.4,66.0
104.4,38.4,67.2
104.4,38.4,68.4
104.4,39.6,33.6
104.4,39.6,34.8
104.4,39.6,36.0
104.4,39.6,37.2
104.4,39.6,38.4
104.4,39.6,39.6
104.4,39.6,40.8
104.4,39.6,42.0
104.4,39.6,43.2
104.4,39.6,44.4
104.4,39.6,45.6
104.4,39.6,46.8
104.4,39.6,48.0
104.4,39.6,49.2
104.4,39.6,50.4
104.4,39.6,51.6
104.4,39.6,52.8
104.4,39.6,54.0
104.4,39.6,55.2
104.4,39.6,56.4
104.4,39.6,57.6
104.4,39.6,58.8
104.4,39.6,60.0
104.4,39.6,61.2
104.4,39.6,62.4
104.4,39.6,63.6
104.4,39.6,64.8
104.4,39.6,66.0
104.4,39.6,67.2
104.4,39.6,68.4
104.4,39.6,69.6
104.4,40.8,34.8
104.4,40.8,36.0
104.4,40.8,37.2
104.4,40.8,38.4
104.4,40.8,39.6
104.4,40.8,40.8
104.4,40.8,42.0
104.4,40.8,43.2
104.4,40.8,44.4
104.4,40.8,45.6
104.4,40.8,46.8
104.4,40.8,48.0
104.4,40.8,49.2
104.4,40.8,50.4
104.4,40.8,51.6
104.4,40.8,52.8
104.4,40.8,54.0
104.4,40.8,55.2
104.4,40.8,56.4
104.4,40.8,57.6
104.4,40.8,58.8
104.4,40.8,60.0
104.4,40.8,61.2
104.4,40.8,62.4
104.4,40.8,63.6
104.4,40.8,64.8
104.4,40.8,66.0
104.4,40.8,67.2
104.4,40.8,68.4
104.4,40.8,69.6
104.4,40.8,70.8
104.4,42.0,36.0
104.4,42.0,37.2
104.4,42.0,38.4
104.4,42.0,39.6
104.4,42.0,40.8
104.4,42.0,42.0
104.4,42.0,43.2
104.4,42.0,44.4
104.4,42.0,45.6
104.4,42.0,46.8
104.4,42.0,48.0
104.4,42.0,49.2
104.4,42.0,50.4
104.4,42.0,51.6
104.4,42.0,52.8
104.4,42.0,54.0
104.4,42.0,55.2
104.4,42.0,56.4
104.4,42.0,57.6
104.4,42.0,58.8
104.4,42.0,60.0
104.4,42.0,61.2
104.4,42.0,62.4
104.4,42.0,63.6
104.4,42.0,64.8
104.4,42.0,66.0
104.4,42.0,67.2
104.4,42.0,68.4
104.4,42.0,69.6
104.4,42.0,70.8
104.4,42.0,72.0
104.4,43.2,37.2
104.4,43.2,38.4
104.4,43.2,39.6
104.4,43.2,40.8
104.4,43.2,42.0
104.4,43.2,43.2
104.4,43.2,44.4
104.4,43.2,45.6
104.4,43.2,46.8
104.4,43.2,48.0
104.4,43.2,49.2
104.4,43.2,50.4
104.4,43.2,51.6
104.4,43.2,52.8
104.4,43.2,54.0
104.4,43.2,55.2
104.4,43.2,56.4
104.4,43.2,57.6
104.4,43.2,58.8
104.4,43.2,60.0
104.4,43.2,61.2
104.4,43.2,62.4
104.4,43.2,63.6
104.4,43.2,64.8
104.4,43.2,66.0
104.4,43.2,67.2
104.4,43.2,68.4
104.4,43.2,69.6
104.4,43.2,70.8
104.4,43.2,72.0
104.4,43.2,73.2
104.4,44.4,38.4
104.4,44.4,39.6
104.4,44.4,40.8
104.4,44.4,42.0
104.4,44.4,43.2
104.4,44.4,44.4
104.4,44.4,45.6
104.4,44.4,46.8
104.4,44.4,48.0
104.4,44.4,49.2
104.4,44.4,50.4
104.4,44.4,51.6
104.4,44.4,52.8
104.4,44.4,54.0
104.4,44.4,55.2
104.4,44.4,56.4
104.4,44.4,57.6
104.4,44.4,58.8
104.4,44.4,60.0
104.4,44.4,61.2
104.4,44.4,62.4
104.4,44.4,63.6
104.4,44.4,64.8
104.4,44.4,66.0
104.4,44.4,67.2
104.4,44.4,68.4
104.4,44.4,69.6
104.4,44.4,70.8
104.4,44.4,72.0
104.4,44.4,73.2
104.4,44.4,74.4
105.6,6.0,15.6
105.6,6.0,16.8
105.6,6.0,18.0
105.6,6.0,19.2
105.6,6.0,20.4
105.6,6.0,21.6
105.6,6.0,22.8
105.6,6.0,24.0
105.6,7.2,15.6
105.6,7.2,16.8
105.6,7.2,18.0
105.6,7.2,19.2
105.6,7.2,20.4
105.6,7.2,21.6
105.6,7.2,22.8
105.6,7.2,24.0
105.6,8.4,15.6
105.6,8.4,16.8
105.6,8.4,18.0
105.6,8.4,19.2
105.6,8.4,20.4
105.6,8.4,21.6
105.6,8.4,22.8
105.6,8.4,24.0
105.6,9.6,15.6
105.6,9.6,16.8
105.6,9.6,18.0
105.6,9.6,19.2
105.6,9.6,20.4
105.6,9.6,21.6
105.6,9.6,22.8
105.6,9.6,24.0
105.6,10.8,15.6
105.6,10.8,16.8
105.6,10.8,18.0
105.6,10.8,19.2
105.6,10.8,20.4
105.6,10.8,21.6
105.6,10.8,22.8
105.6,10.8,24.0
105.6,12.0,15.6
105.6,12.0,16.8
105.6,12.0,18.0
105.6,12.0,19.2
105.6,12.0,20.4
105.6,12.0,21.6
105.6,12.0,22.8
105.6,12.0,24.0
105.6,13.2,15.6
105.6,13.2,16.8
105.6,13.2,18.0
105.6,13.2,19.2
105.6,13.2,20.4
105.6,13.2,21.6
105.6,13.2,22.8
105.6,13.2,24.0
105.6,14.4,15.6
105.6,14.4,16.8
105.6,14.4,18.0
105.6,14.4,19.2
105.6,14.4,20.4
105.6,14.4,21.6
105.6,14.4,22.8
105.6,14.4,24.0
105.6,15.6,15.6
105.6,15.6,16.8
105.6,15.6,18.0
105.6,15.6,19.2
105.6,15.6,20.4
105.6,15.6,21.6
105.6,15.6,22.8
105.6,15.6,24.0
105.6,16.8,15.6
105.6,16.8,16.8
105.6,16.8,18.0
105.6,16.8,19.2
105.6,16.8,20.4
105.6,16.8,21.6
105.6,16.8,22.8
105.6,16.8,24.0
105.6,18.0,15.6
105.6,18.0,16.8
105.6,18.0,18.0
105.6,18.0,19.2
105.6,18.0,20.4
105.6,18.0,21.6
105.6,18.0,22.8
105.6,18.0,24.0
105.6,19.2,15.6
105.6,19.2,16.8
105.6,19.2,18.0
105.6,19.2,19.2
105.6,19.2,20.4
105.6,19.2,21.6
105.6,19.2,22.8
105.6,19.2,24.0
105.6,20.4,15.6
105.6,20.4,16.8
105.6,20.4,18.0
105.6,20.4,19.2
105.6,20.4,20.4
105.6,20.4,21.6
105.6,20.4,22.8
105.6,20.4,24.0
105.6,21.6,15.6
105.6,21.6,16.8
105.6,21.6,18.0
105.6,21.6,19.2
105.6,21.6,20.4
105.6,21.6,21.6
105.6,21.6,22.8
105.6,21.6,24.0
105.6,22.8,16.8
105.6,22.8,18.0
105.6,22.8,19.2
105.6,22.8,20.4
105.6,22.8,21.6
105.6,22.8,22.8
105.6,22.8,24.0
105.6,22.8,25.2
105.6,24.0,18.0
105.6,24.0,19.2
105.6,24.0,20.4
105.6,24.0,21.6
105.6,24.0,22.8
105.6,24.0,24.0
105.6,24.0,25.2
105.6,24.0,26.4
105.6,25.2,19.2
105.6,25.2,20.4
105.6,25.2,21.6
105.6,25.2,22.8
105.6,25.2,24.0
105.6,25.2,25.2
105.6,25.2,26.4
105.6,25.2,27.6
105.6,26.4,20.4
105.6,26.4,21.6
105.6,26.4,22.8
105.6,26.4,24.0
105.6,26.4,25.2
105.6,26.4,26.4
105.6,26.4,27.6
105.6,26.4,28.8
105.6,27.6,21.6
105.6,27.6,22.8
105.6,27.6,24.0
105.6,27.6,25.2
105.6,27.6,26.4
105.6,27.6,27.6
105.6,27.6,28.8
105.6,27.6,30.0
105.6,28.8,22.8
105.6,28.8,24.0
105.6,28.8,25.2
105.6,28.8,26.4
105.6,28.8,27.6
105.6,28.8,28.8
105.6,28.8,30.0
105.6,28.8,31.2
105.6,30.0,24.0
105.6,30.0,25.2
105.6,30.0,26.4
105.6,30.0,27.6
105.6,30.0,28.8
105.6,30.0,30.0
105.6,30.0,31.2
105.6,30.0,32.4
105.6,31.2,25.2
105.6,31.2,26.4
105.6,31.2,27.6
105.6,31.2,28.8
105.6,31.2,30.0
105.6,31.2,31.2
105.6,31.2,32.4
105.6,31.2,33.6
105.6,32.4,26.4
105.6,32.4,27.6
105.6,32.4,28.8
105.6,32.4,30.0
105.6,32.4,31.2
105.6,32.4,32.4
105.6,32.4,33.6
105.6,32.4,34.8
105.6,33.6,27.6
105.6,33.6,28.8
105.6,33.6,30.0
105.6,33.6,31.2
105.6,33.6,32.4
105.6,33.6,33.6
105.6,33.6,34.8
105.6,33.6,36.0
105.6,33.6,37.2
105.6,33.6,38.4
105.6,33.6,39.6
105.6,33.6,40.8
105.6,33.6,42.0
105.6,33.6,43.2
105.6,33.6,44.4
105.6,33.6,45.6
105.6,33.6,46.8
105.6,33.6,48.0
105.6,33.6,49.2
105.6,33.6,50.4
105.6,33.6,51.6
105.6,33.6,52.8
105.6,33.6,54.0
105.6,33.6,55.2
105.6,33.6,56.4
105.6,33.6,57.6
105.6,33.6,58.8
105.6,33.6,60.0
105.6,33.6,61.2
105.6,33.6,62.4
105.6,33.6,63.6
105.6,34.8,28.8
105.6,34.8,30.0
105.6,34.8,31.2
105.6,34.8,32.4
105.6,34.8,33.6
105.6,34.8,34.8
105.6,34.8,36.0
105.6,34.8,37.2
105.6,34.8,38.4
105.6,34.8,39.6
105.6,34.8,40.8
105.6,34.8,42.0
105.6,34.8,43.2
105.6,34.8,44.4
105.6,34.8,45.6
105.6,34.8,46.8
105.6,34.8,48.0
105.6,34.8,49.2
105.6,34.8,50.4
105.6,34.8,51.6
105.6,34.8,52.8
105.6,34.8,54.0
105.6,34.8,55.2
105.6,34.8,56.4
105.6,34.8,57.6
105.6,34.8,58.8
105.6,34.8,60.0
105.6,34.8,61.2
105.6,34.8,62.4
105.6,34.8,63.6
105.6,34.8,64.8
105.6,36.0,30.0
105.6,36.0,31.2
105.6,36.0,32.4
105.6,36.0,33.6
105.6,36.0,34.8
105.6,36.0,36.0
105.6,36.0,37.2
105.6,36.0,38.4
105.6,36.0,39.6
105.6,36.0,40.8
105.6,36.0,42.0
105.6,36.0,43.2
105.6,36.0,44.4
105.6,36.0,45.6
105.6,36.0,46.8
105.6,36.0,48.0
105.6,36.0,49.2
105.6,36.0,50.4
105.6,36.0,51.6
105.6,36.0,52.8
105.6,36.0,54.0
105.6,36.0,55.2
105.6,36.0,56.4
105.6,36.0,57.6
105.6,36.0,58.8
105.6,36.0,60.0
105.6,36.0,61.2
105.6,36.0,62.4
105.6,36.0,63.6
105.6,36.0,64.8
105.6,36.0,66.0
105.6,37.2,31.2
105.6,37.2,32.4
105.6,37.2,33.6
105.6,37.2,34.8
105.6,37.2,36.0
105.6,37.2,37.2
105.6,37.2,38.4
105.6,37.2,39.6
105.6,37.2,40.8
105.6,37.2,42.0
105.6,37.2,43.2
105.6,37.2,44.4
105.6,37.2,45.6
105.6,37.2,46.8
105.6,37.2,48.0
105.6,37.2,49.2
105.6,37.2,50.4
105.6,37.2,51.6
105.6,37.2,52.8
105.6,37.2,54.0
105.6,37.2,55.2
105.6,37.2,56.4
105.6,37.2,57.6
105.6,37.2,58.8
105.6,37.2,60.0
105.6,37.2,61.2
105.6,37.2,62.4
105.6,37.2,63.6
105.6,37.2,64.8
105.6,37.2,66.0
105.6,37.2,67.2
105.6,38.4,32.4
105.6,38.4,33.6
105.6,38.4,34.8
105.6,38.4,36.0
105.6,38.4,37.2
105.6,38.4,38.4
105.6,38.4,39.6
105.6,38.4,40.8
105.6,38.4,42.0
105.6,38.4,43.2
105.6,38.4,44.4
105.6,38.4,45.6
105.6,38.4,46.8
105.6,38.4,48.0
105.6,38.4,49.2
105.6,38.4,50.4
105.6,38.4,51.6
105.6,38.4,52.8
105.6,38.4,54.0
105.6,38.4,55.2
105.6,38.4,56.4
105.6,38.4,57.6
105.6,38.4,58.8
105.6,38.4,60.0
105.6,38.4,61.2
105.6,38.4,62.4
105.6,38.4,63.6
105.6,38.4,64.8
105.6,38.4,66.0
105.6,38.4,67.2
105.6,38.4,68.4
105.6,39.6,33.6
105.6,39.6,34.8
105.6,39.6,36.0
105.6,39.6,37.2
105.6,39.6,38.4
105.6,39.6,39.6
105.6,39.6,40.8
105.6,39.6,42.0
105.6,39.6,43.2
105.6,39.6,44.4
105.6,39.6,45.6
105.6,39.6,46.8
105.6,39.6,48.0
105.6,39.6,49.2
105.6,39.6,50.4
105.6,39.6,51.6
105.6,39.6,52.8
105.6,39.6,54.0
105.6,39.6,55.2
105.6,39.6,56.4
105.6,39.6,57.6
105.6,39.6,58.8
105.6,39.6,60.0
105.6,39.6,61.2
105.6,39.6,62.4
105.6,39.6,63.6
105.6,39.6,64.8
105.6,39.6,66.0
105.6,39.6,67.2
105.6,39.6,68.4
105.6,39.6,69.6
105.6,40.8,34.8
105.6,40.8,36.0
105.6,40.8,37.2
105.6,40.8,38.4
105.6,40.8,39.6
105.6,40.8,40.8
105.6,40.8,42.0
105.6,40.8,43.2
105.6,40.8,44.4
105.6,40.8,45.6
105.6,40.8,46.8
105.6,40.8,48.0
105.6,40.8,49.2
105.6,40.8,50.4
105.6,40.8,51.6
105.6,40.8,52.8
105.6,40.8,54.0
105.6,40.8,55.2
105.6,40.8,56.4
105.6,40.8,57.6
105.6,40.8,58.8
105.6,40.8,60.0
105.6,40.8,61.2
105.6,40.8,62.4
105.6,40.8,63.6
105.6,40.8,64.8
105.6,40.8,66.0
105.6,40.8,67.2
105.6,40.8,68.4
105.6,40.8,69.6
105.6,40.8,70.8
105.6,42.0,36.0
105.6,42.0,37.2
105.6,42.0,38.4
105.6,42.0,39.6
105.6,42.0,40.8
105.6,42.0,42.0
105.6,42.0,43.2
105.6,42.0,44.4
105.6,42.0,45.6
105.6,42.0,46.8
105.6,42.0,48.0
105.6,42.0,49.2
105.6,42.0,50.4
105.6,42.0,51.6
105.6,42.0,52.8
105.6,42.0,54.0
105.6,42.0,55.2
105.6,42.0,56.4
105.6,42.0,57.6
105.6,42.0,58.8
105.6,42.0,60.0
105.6,42.0,61.2
105.6,42.0,62.4
105.6,42.0,63.6
105.6,42.0,64.8
105.6,42.0,66.0
105.6,42.0,67.2
105.6,42.0,68.4
105.6,42.0,69.6
105.6,42.0,70.8
105.6,42.0,72.0
105.6,43.2,37.2
105.6,43.2,38.4
105.6,43.2,39.6
105.6,43.2,40.8
105.6,43.2,42.0
105.6,43.2,43.2
105.6,43.2,44.4
105.6,43.2,45.6
105.6,43.2,46.8
105.6,43.2,48.0
105.6,43.2,49.2
105.6,43.2,50.4
105.6,43.2,51.6
105.6,43.2,52.8
105.6,43.2,54.0
105.6,43.2,55.2
105.6,43.2,56.4
105.6,43.2,57.6
105.6,43.2,58.8
105.6,43.2,60.0
105.6,43.2,61.2
105.6,43.2,62.4
105.6,43.2,63.6
105.6,43.2,64.8
105.6,43.2,66.0
105.6,43.2,67.2
105.6,43.2,68.4
105.6,43.2,69.6
105.6,43.2,70.8
105.6,43.2,72.0
105.6,43.2,73.2
105.6,44.4,38.4
105.6,44.4,39.6
105.6,44.4,40.8
105.6,44.4,42.0
105.6,44.4,43.2
105.6,44.4,44.4
105.6,44.4,45.6
105.6,44.4,46.8
105.6,44.4,48.0
105.6,44.4,49.2
105.6,44.4,50.4
105.6,44.4,51.6
105.6,44.4,52.8
105.6,44.4,54.0
105.6,44.4,55.2
105.6,44.4,56.4
105.6,44.4,57.6
105.6,44.4,58.8
105.6,44.4,60.0
105.6,44.4,61.2
105.6,44.4,62.4
105.6,44.4,63.6
105.6,44.4,64.8
105.6,44.4,66.0
105.6,44.4,67.2
105.6,44.4,68.4
105.6,44.4,69.6
105.6,44.4,70.8
105.6,44.4,72.0
105.6,44.4,73.2
105.6,44.4,74.4
105.6,45.6,39.6
105.6,45.6,40.8
105.6,45.6,42.0
105.6,45.6,43.2
105.6,45.6,44.4
105.6,45.6,45.6
105.6,45.6,46.8
105.6,45.6,48.0
105.6,45.6,49.2
105.6,45.6,50.4
105.6,45.6,51.6
105.6,45.6,52.8
105.6,45.6,54.0
105.6,45.6,55.2
105.6,45.6,56.4
105.6,45.6,57.6
105.6,45.6,58.8
105.6,45.6,60.0
105.6,45.6,61.2
105.6,45.6,62.4
105.6,45.6,63.6
105.6,45.6,64.8
105.6,45.6,66.0
105.6,45.6,67.2
105.6,45.6,68.4
105.6,45.6,69.6
105.6,45.6,70.8
105.6,45.6,72.0
105.6,45.6,73.2
105.6,45.6,74.4
105.6,45.6,75.6
106.8,6.0,16.8
106.8,6.0,18.0
106.8,6.0,19.2
106.8,6.0,20.4
106.8,6.0,21.6
106.8,6.0,22.8
106.8,6.0,24.0
106.8,7.2,16.8
106.8,7.2,18.0
106.8,7.2,19.2
106.8,7.2,20.4
106.8,7.2,21.6
106.8,7.2,22.8
106.8,7.2,24.0
106.8,8.4,16.8
106.8,8.4,18.0
106.8,8.4,19.2
106.8,8.4,20.4
106.8,8.4,21.6
106.8,8.4,22.8
106.8,8.4,24.0
106.8,9.6,16.8
106.8,9.6,18.0
106.8,9.6,19.2
106.8,9.6,20.4
106.8,9.6,21.6
106.8,9.6,22.8
106.8,9.6,24.0
106.8,10.8,16.8
106.8,10.8,18.0
106.8,10.8,19.2
106.8,10.8,20.4
106.8,10.8,21.6
106.8,10.8,22.8
106.8,10.8,24.0
106.8,12.0,16.8
106.8,12.0,18.0
106.8,12.0,19.2
106.8,12.0,20.4
106.8,12.0,21.6
106.8,12.0,22.8
106.8,12.0,24.0
106.8,13.2,16.8
106.8,13.2,18.0
106.8,13.2,19.2
106.8,13.2,20.4
106.8,13.2,21.6
106.8,13.2,22.8
106.8,13.2,24.0
106.8,14.4,16.8
106.8,14.4,18.0
106.8,14.4,19.2
106.8,14.4,20.4
106.8,14.4,21.6
106.8,14.4,22.8
106.8,14.4,24.0
106.8,15.6,16.8
106.8,15.6,18.0
106.8,15.6,19.2
106.8,15.6,20.4
106.8,15.6,21.6
106.8,15.6,22.8
106.8,15.6,24.0
106.8,16.8,16.8
106.8,16.8,18.0
106.8,16.8,19.2
106.8,16.8,20.4
106.8,16.8,21.6
106.8,16.8,22.8
106.8,16.8,24.0
106.8,18.0,16.8
106.8,18.0,18.0
106.8,18.0,19.2
106.8,18.0,20.4
106.8,18.0,21.6
106.8,18.0,22.8
106.8,18.0,24.0
106.8,19.2,16.8
106.8,19.2,18.0
106.8,19.2,19.2
106.8,19.2,20.4
106.8,19.2,21.6
106.8,19.2,22.8
106.8,19.2,24.0
106.8,20.4,16.8
106.8,20.4,18.0
106.8,20.4,19.2
106.8,20.4,20.4
106.8,20.4,21.6
106.8,20.4,22.8
106.8,20.4,24.0
106.8,21.6,16.8
106.8,21.6,18.0
106.8,21.6,19.2
106.8,21.6,20.4
106.8,21.6,21.6
106.8,21.6,22.8
106.8,21.6,24.0
106.8,22.8,16.8
106.8,22.8,18.0
106.8,22.8,19.2
106.8,22.8,20.4
106.8,22.8,21.6
106.8,22.8,22.8
106.8,22.8,24.0
106.8,24.0,18.0
106.8,24.0,19.2
106.8,24.0,20.4
106.8,24.0,21.6
106.8,24.0,22.8
106.8,24.0,24.0
106.8,24.0,25.2
106.8,25.2,19.2
106.8,25.2,20.4
106.8,25.2,21.6
106.8,25.2,22.8
106.8,25.2,24.0
106.8,25.2,25.2
106.8,25.2,26.4
106.8,26.4,20.4
106.8,26.4,21.6
106.8,26.4,22.8
106.8,26.4,24.0
106.8,26.4,25.2
106.8,26.4,26.4
106.8,26.4,27.6
106.8,27.6,21.6
106.8,27.6,22.8
106.8,27.6,24.0
106.8,27.6,25.2
106.8,27.6,26.4
106.8,27.6,27.6
106.8,27.6,28.8
106.8,28.8,22.8
106.8,28.8,24.0
106.8,28.8,25.2
106.8,28.8,26.4
106.8,28.8,27.6
106.8,28.8,28.8
106.8,28.8,30.0
106.8,30.0,24.0
106.8,30.0,25.2
106.8,30.0,26.4
106.8,30.0,27.6
106.8,30.0,28.8
106.8,30.0,30.0
106.8,30.0,31.2
106.8,31.2,25.2
106.8,31.2,26.4
106.8,31.2,27.6
106.8,31.2,28.8
106.8,31.2,30.0
106.8,31.2,31.2
106.8,31.2,32.4
106.8,32.4,26.4
106.8,32.4,27.6
106.8,32.4,28.8
106.8,32.4,30.0
106.8,32.4,31.2
106.8,32.4,32.4
106.8,32.4,33.6
106.8,33.6,27.6
106.8,33.6,28.8
106.8,33.6,30.0
106.8,33.6,31.2
106.8,33.6,32.4
106.8,33.6,33.6
106.8,33.6,34.8
106.8,34.8,28.8
106.8,34.8,30.0
106.8,34.8,31.2
106.8,34.8,32.4
106.8,34.8,33.6
106.8,34.8,34.8
106.8,34.8,36.0
106.8,34.8,37.2
106.8,34.8,38.4
106.8,34.8,39.6
106.8,34.8,40.8
106.8,34.8,42.0
106.8,34.8,43.2
106.8,34.8,44.4
106.8,34.8,45.6
106.8,34.8,46.8
106.8,34.8,48.0
106.8,34.8,49.2
106.8,34.8,50.4
106.8,34.8,51.6
106.8,34.8,52.8
106.8,34.8,54.0
106.8,34.8,55.2
106.8,34.8,56.4
106.8,34.8,57.6
106.8,34.8,58.8
106.8,34.8,60.0
106.8,34.8,61.2
106.8,34.8,62.4
106.8,34.8,63.6
106.8,34.8,64.8
106.8,36.0,30.0
106.8,36.0,31.2
106.8,36.0,32.4
106.8,36.0,33.6
106.8,36.0,34.8
106.8,36.0,36.0
106.8,36.0,37.2
106.8,36.0,38.4
106.8,36.0,39.6
106.8,36.0,40.8
106.8,36.0,42.0
106.8,36.0,43.2
106.8,36.0,44.4
106.8,36.0,45.6
106.8,36.0,46.8
106.8,36.0,48.0
106.8,36.0,49.2
106.8,36.0,50.4
106.8,36.0,51.6
106.8,36.0,52.8
106.8,36.0,54.0
106.8,36.0,55.2
106.8,36.0,56.4
106.8,36.0,57.6
106.8,36.0,58.8
106.8,36.0,60.0
106.8,36.0,61.2
106.8,36.0,62.4
106.8,36.0,63.6
106.8,36.0,64.8
106.8,36.0,66.0
106.8,37.2,31.2
106.8,37.2,32.4
106.8,37.2,33.6
106.8,37.2,34.8
106.8,37.2,36.0
106.8,37.2,37.2
106.8,37.2,38.4
106.8,37.2,39.6
106.8,37.2,40.8
106.8,37.2,42.0
106.8,37.2,43.2
106.8,37.2,44.4
106.8,37.2,45.6
106.8,37.2,46.8
106.8,37.2,48.0
106.8,37.2,49.2
106.8,37.2,50.4
106.8,37.2,51.6
106.8,37.2,52.8
106.8,37.2,54.0
106.8,37.2,55.2
106.8,37.2,56.4
106.8,37.2,57.6
106.8,37.2,58.8
106.8,37.2,60.0
106.8,37.2,61.2
106.8,37.2,62.4
106.8,37.2,63.6
106.8,37.2,64.8
106.8,37.2,66.0
106.8,37.2,67.2
106.8,38.4,32.4
106.8,38.4,33.6
106.8,38.4,34.8
106.8,38.4,36.0
106.8,38.4,37.2
106.8,38.4,38.4
106.8,38.4,39.6
106.8,38.4,40.8
106.8,38.4,42.0
106.8,38.4,43.2
106.8,38.4,44.4
106.8,38.4,45.6
106.8,38.4,46.8
106.8,38.4,48.0
106.8,38.4,49.2
106.8,38.4,50.4
106.8,38.4,51.6
106.8,38.4,52.8
106.8,38.4,54.0
106.8,38.4,55.2
106.8,38.4,56.4
106.8,38.4,57.6
106.8,38.4,58.8
106.8,38.4,60.0
106.8,38.4,61.2
106.8,38.4,62.4
106.8,38.4,63.6
106.8,38.4,64.8
106.8,38.4,66.0
106.8,38.4,67.2
106.8,38.4,68.4
106.8,39.6,33.6
106.8,39.6,34.8
106.8,39.6,36.0
106.8,39.6,37.2
106.8,39.6,38.4
106.8,39.6,39.6
106.8,39.6,40.8
106.8,39.6,42.0
106.8,39.6,43.2
106.8,39.6,44.4
106.8,39.6,45.6
106.8,39.6,46.8
106.8,39.6,48.0
106.8,39.6,49.2
106.8,39.6,50.4
106.8,39.6,51.6
106.8,39.6,52.8
106.8,39.6,54.0
106.8,39.6,55.2
106.8,39.6,56.4
106.8,39.6,57.6
106.8,39.6,58.8
106.8,39.6,60.0
106.8,39.6,61.2
106.8,39.6,62.4
106.8,39.6,63.6
106.8,39.6,64.8
106.8,39.6,66.0
106.8,39.6,67.2
106.8,39.6,68.4
106.8,39.6,69.6
106.8,40.8,34.8
106.8,40.8,36.0
106.8,40.8,37.2
106.8,40.8,38.4
106.8,40.8,39.6
106.8,40.8,40.8
106.8,40.8,42.0
106.8,40.8,43.2
106.8,40.8,44.4
106.8,40.8,45.6
106.8,40.8,46.8
106.8,40.8,48.0
106.8,40.8,49.2
106.8,40.8,50.4
106.8,40.8,51.6
106.8,40.8,52.8
106.8,40.8,54.0
106.8,40.8,55.2
106.8,40.8,56.4
106.8,40.8,57.6
106.8,40.8,58.8
106.8,40.8,60.0
106.8,40.8,61.2
106.8,40.8,62.4
106.8,40.8,63.6
106.8,40.8,64.8
106.8,40.8,66.0
106.8,40.8,67.2
106.8,40.8,68.4
106.8,40.8,69.6
106.8,40.8,70.8
106.8,42.0,36.0
106.8,42.0,37.2
106.8,42.0,38.4
106.8,42.0,39.6
106.8,42.0,40.8
106.8,42.0,42.0
106.8,42.0,43.2
106.8,42.0,44.4
106.8,42.0,45.6
106.8,42.0,46.8
106.8,42.0,48.0
106.8,42.0,49.2
106.8,42.0,50.4
106.8,42.0,51.6
106.8,42.0,52.8
106.8,42.0,54.0
106.8,42.0,55.2
106.8,42.0,56.4
106.8,42.0,57.6
106.8,42.0,58.8
106.8,42.0,60.0
106.8,42.0,61.2
106.8,42.0,62.4
106.8,42.0,63.6
106.8,42.0,64.8
106.8,42.0,66.0
106.8,42.0,67.2
106.8,42.0,68.4
106.8,42.0,69.6
106.8,42.0,70.8
106.8,42.0,72.0
106.8,43.2,37.2
106.8,43.2,38.4
106.8,43.2,39.6
106.8,43.2,40.8
106.8,43.2,42.0
106.8,43.2,43.2
106.8,43.2,44.4
106.8,43.2,45.6
106.8,43.2,46.8
106.8,43.2,48.0
106.8,43.2,49.2
106.8,43.2,50.4
106.8,43.2,51.6
106.8,43.2,52.8
106.8,43.2,54.0
106.8,43.2,55.2
106.8,43.2,56.4
106.8,43.2,57.6
106.8,43.2,58.8
106.8,43.2,60.0
106.8,43.2,61.2
106.8,43.2,62.4
106.8,43.2,63.6
106.8,43.2,64.8
106.8,43.2,66.0
106.8,43.2,67.2
106.8,43.2,68.4
106.8,43.2,69.6
106.8,43.2,70.8
106.8,43.2,72.0
106.8,43.2,73.2
106.8,44.4,38.4
106.8,44.4,39.6
106.8,44.4,40.8
106.8,44.4,42.0
106.8,44.4,43.2
106.8,44.4,44.4
106.8,44.4,45.6
106.8,44.4,46.8
106.8,44.4,48.0
106.8,44.4,49.2
106.8,44.4,50.4
106.8,44.4,51.6
106.8,44.4,52.8
106.8,44.4,54.0
106.8,44.4,55.2
106.8,44.4,56.4
106.8,44.4,57.6
106.8,44.4,58.8
106.8,44.4,60.0
106.8,44.4,61.2
106.8,44.4,62.4
106.8,44.4,63.6
106.8,44.4,64.8
106.8,44.4,66.0
106.8,44.4,67.2
106.8,44.4,68.4
106.8,44.4,69.6
106.8,44.4,70.8
106.8,44.4,72.0
106.8,44.4,73.2
106.8,44.4,74.4
106.8,45.6,39.6
106.8,45.6,40.8
106.8,45.6,42.0
106.8,45.6,43.2
106.8,45.6,44.4
106.8,45.6,45.6
106.8,45.6,46.8
106.8,45.6,48.0
106.8,45.6,49.2
106.8,45.6,50.4
106.8,45.6,51.6
106.8,45.6,52.8
106.8,45.6,54.0
106.8,45.6,55.2
106.8,45.6,56.4
106.8,45.6,57.6
106.8,45.6,58.8
106.8,45.6,60.0
106.8,45.6,61.2
106.8,45.6,62.4
106.8,45.6,63.6
106.8,45.6,64.8
106.8,45.6,66.0
106.8,45.6,67.2
106.8,45.6,68.4
106.8,45.6,69.6
106.8,45.6,70.8
106.8,45.6,72.0
106.8,45.6,73.2
106.8,45.6,74.4
106.8,45.6,75.6
106.8,46.8,40.8
106.8,46.8,42.0
106.8,46.8,43.2
106.8,46.8,44.4
106.8,46.8,45.6
106.8,46.8,46.8
106.8,46.8,48.0
106.8,46.8,49.2
106.8,46.8,50.4
106.8,46.8,51.6
106.8,46.8,52.8
106.8,46.8,54.0
106.8,46.8,55.2
106.8,46.8,56.4
106.8,46.8,57.6
106.8,46.8,58.8
106.8,46.8,60.0
106.8,46.8,61.2
106.8,46.8,62.4
106.8,46.8,63.6
106.8,46.8,64.8
106.8,46.8,66.0
106.8,46.8,67.2
106.8,46.8,68.4
106.8,46.8,69.6
106.8,46.8,70.8
106.8,46.8,72.0
106.8,46.8,73.2
106.8,46.8,74.4
106.8,46.8,75.6
106.8,46.8,76.8
108.0,6.0,18.0
108.0,6.0,19.2
108.0,6.0,20.4
108.0,6.0,21.6
108.0,6.0,22.8
108.0,6.0,24.0
108.0,7.2,18.0
108.0,7.2,19.2
108.0,7.2,20.4
108.0,7.2,21.6
108.0,7.2,22.8
108.0,7.2,24.0
108.0,8.4,18.0
108.0,8.4,19.2
108.0,8.4,20.4
108.0,8.4,21.6
108.0,8.4,22.8
108.0,8.4,24.0
108.0,9.6,18.0
108.0,9.6,19.2
108.0,9.6,20.4
108.0,9.6,21.6
108.0,9.6,22.8
108.0,9.6,24.0
108.0,10.8,18.0
108.0,10.8,19.2
108.0,10.8,20.4
108.0,10.8,21.6
108.0,10.8,22.8
108.0,10.8,24.0
108.0,12.0,18.0
108.0,12.0,19.2
108.0,12.0,20.4
108.0,12.0,21.6
108.0,12.0,22.8
108.0,12.0,24.0
108.0,13.2,18.0
108.0,13.2,19.2
108.0,13.2,20.4
108.0,13.2,21.6
108.0,13.2,22.8
108.0,13.2,24.0
108.0,14.4,18.0
108.0,14.4,19.2
108.0,14.4,20.4
108.0,14.4,21.6
108.0,14.4,22.8
108.0,14.4,24.0
108.0,15.6,18.0
108.0,15.6,19.2
108.0,15.6,20.4
108.0,15.6,21.6
108.0,15.6,22.8
108.0,15.6,24.0
108.0,16.8,18.0
108.0,16.8,19.2
108.0,16.8,20.4
108.0,16.8,21.6
108.0,16.8,22.8
108.0,16.8,24.0
108.0,18.0,18.0
108.0,18.0,19.2
108.0,18.0,20.4
108.0,18.0,21.6
108.0,18.0,22.8
108.0,18.0,24.0
108.0,19.2,18.0
108.0,19.2,19.2
108.0,19.2,20.4
108.0,19.2,21.6
108.0,19.2,22.8
108.0,19.2,24.0
108.0,20.4,18.0
108.0,20.4,19.2
108.0,20.4,20.4
108.0,20.4,21.6
108.0,20.4,22.8
108.0,20.4,24.0
108.0,21.6,18.0
108.0,21.6,19.2
108.0,21.6,20.4
108.0,21.6,21.6
108.0,21.6,22.8
108.0,21.6,24.0
108.0,22.8,18.0
108.0,22.8,19.2
108.0,22.8,20.4
108.0,22.8,21.6
108.0,22.8,22.8
108.0,22.8,24.0
108.0,24.0,18.0
108.0,24.0,19.2
108.0,24.0,20.4
108.0,24.0,21.6
108.0,24.0,22.8
108.0,24.0,24.0
108.0,25.2,19.2
108.0,25.2,20.4
108.0,25.2,21.6
108.0,25.2,22.8
108.0,25.2,24.0
108.0,25.2,25.2
108.0,26.4,20.4
108.0,26.4,21.6
108.0,26.4,22.8
108.0,26.4,24.0
108.0,26.4,25.2
108.0,26.4,26.4
108.0,27.6,21.6
108.0,27.6,22.8
108.0,27.6,24.0
108.0,27.6,25.2
108.0,27.6,26.4
108.0,27.6,27.6
108.0,28.8,22.8
108.0,28.8,24.0
108.0,28.8,25.2
108.0,28.8,26.4
108.0,28.8,27.6
108.0,28.8,28.8
108.0,30.0,24.0
108.0,30.0,25.2
108.0,30.0,26.4
108.0,30.0,27.6
108.0,30.0,28.8
108.0,30.0,30.0
108.0,31.2,25.2
108.0,31.2,26.4
108.0,31.2,27.6
108.0,31.2,28.8
108.0,31.2,30.0
108.0,31.2,31.2
108.0,32.4,26.4
108.0,32.4,27.6
108.0,32.4,28.8
108.0,32.4,30.0
108.0,32.4,31.2
108.0,32.4,32.4
108.0,33.6,27.6
108.0,33.6,28.8
108.0,33.6,30.0
108.0,33.6,31.2
108.0,33.6,32.4
108.0,33.6,33.6
108.0,34.8,28.8
108.0,34.8,30.0
108.0,34.8,31.2
108.0,34.8,32.4
108.0,34.8,33.6
108.0,34.8,34.8
108.0,36.0,30.0
108.0,36.0,31.2
108.0,36.0,32.4
108.0,36.0,33.6
108.0,36.0,34.8
108.0,36.0,36.0
108.0,36.0,37.2
108.0,36.0,38.4
108.0,36.0,39.6
108.0,36.0,40.8
108.0,36.0,42.0
108.0,36.0,43.2
108.0,36.0,44.4
108.0,36.0,45.6
108.0,36.0,46.8
108.0,36.0,48.0
108.0,36.0,49.2
108.0,36.0,50.4
108.0,36.0,51.6
108.0,36.0,52.8
108.0,36.0,54.0
108.0,36.0,55.2
108.0,36.0,56.4
108.0,36.0,57.6
108.0,36.0,58.8
108.0,36.0,60.0
108.0,36.0,61.2
108.0,36.0,62.4
108.0,36.0,63.6
108.0,36.0,64.8
108.0,36.0,66.0
108.0,37.2,31.2
108.0,37.2,32.4
108.0,37.2,33.6
108.0,37.2,34.8
108.0,37.2,36.0
108.0,37.2,37.2
108.0,37.2,38.4
108.0,37.2,39.6
108.0,37.2,40.8
108.0,37.2,42.0
108.0,37.2,43.2
108.0,37.2,44.4
108.0,37.2,45.6
108.0,37.2,46.8
108.0,37.2,48.0
108.0,37.2,49.2
108.0,37.2,50.4
108.0,37.2,51.6
108.0,37.2,52.8
108.0,37.2,54.0
108.0,37.2,55.2
108.0,37.2,56.4
108.0,37.2,57.6
108.0,37.2,58.8
108.0,37.2,60.0
108.0,37.2,61.2
108.0,37.2,62.4
108.0,37.2,63.6
108.0,37.2,64.8
108.0,37.2,66.0
108.0,37.2,67.2
108.0,38.4,32.4
108.0,38.4,33.6
108.0,38.4,34.8
108.0,38.4,36.0
108.0,38.4,37.2
108.0,38.4,38.4
108.0,38.4,39.6
108.0,38.4,40.8
108.0,38.4,42.0
108.0,38.4,43.2
108.0,38.4,44.4
108.0,38.4,45.6
108.0,38.4,46.8
108.0,38.4,48.0
108.0,38.4,49.2
108.0,38.4,50.4
108.0,38.4,51.6
108.0,38.4,52.8
108.0,38.4,54.0
108.0,38.4,55.2
108.0,38.4,56.4
108.0,38.4,57.6
108.0,38.4,58.8
108.0,38.4,60.0
108.0,38.4,61.2
108.0,38.4,62.4
108.0,38.4,63.6
108.0,38.4,64.8
108.0,38.4,66.0
108.0,38.4,67.2
108.0,38.4,68.4
108.0,39.6,33.6
108.0,39.6,34.8
108.0,39.6,36.0
108.0,39.6,37.2
108.0,39.6,38.4
108.0,39.6,39.6
108.0,39.6,40.8
108.0,39.6,42.0
108.0,39.6,43.2
108.0,39.6,44.4
108.0,39.6,45.6
108.0,39.6,46.8
108.0,39.6,48.0
108.0,39.6,49.2
108.0,39.6,50.4
108.0,39.6,51.6
108.0,39.6,52.8
108.0,39.6,54.0
108.0,39.6,55.2
108.0,39.6,56.4
108.0,39.6,57.6
108.0,39.6,58.8
108.0,39.6,60.0
108.0,39.6,61.2
108.0,39.6,62.4
108.0,39.6,63.6
108.0,39.6,64.8
108.0,39.6,66.0
108.0,39.6,67.2
108.0,39.6,68.4
108.0,39.6,69.6
108.0,40.8,34.8
108.0,40.8,36.0
108.0,40.8,37.2
108.0,40.8,38.4
108.0,40.8,39.6
108.0,40.8,40.8
108.0,40.8,42.0
108.0,40.8,43.2
108.0,40.8,44.4
108.0,40.8,45.6
108.0,40.8,46.8
108.0,40.8,48.0
108.0,40.8,49.2
108.0,40.8,50.4
108.0,40.8,51.6
108.0,40.8,52.8
108.0,40.8,54.0
108.0,40.8,55.2
108.0,40.8,56.4
108.0,40.8,57.6
108.0,40.8,58.8
108.0,40.8,60.0
108.0,40.8,61.2
108.0,40.8,62.4
108.0,40.8,63.6
108.0,40.8,64.8
108.0,40.8,66.0
108.0,40.8,67.2
108.0,40.8,68.4
108.0,40.8,69.6
108.0,40.8,70.8
108.0,42.0,36.0
108.0,42.0,37.2
108.0,42.0,38.4
108.0,42.0,39.6
108.0,42.0,40.8
108.0,42.0,42.0
108.0,42.0,43.2
108.0,42.0,44.4
108.0,42.0,45.6
108.0,42.0,46.8
108.0,42.0,48.0
108.0,42.0,49.2
108.0,42.0,50.4
108.0,42.0,51.6
108.0,42.0,52.8
108.0,42.0,54.0
108.0,42.0,55.2
108.0,42.0,56.4
108.0,42.0,57.6
108.0,42.0,58.8
108.0,42.0,60.0
108.0,42.0,61.2
108.0,42.0,62.4
108.0,42.0,63.6
108.0,42.0,64.8
108.0,42.0,66.0
108.0,42.0,67.2
108.0,42.0,68.4
108.0,42.0,69.6
108.0,42.0,70.8
108.0,42.0,72.0
108.0,43.2,37.2
108.0,43.2,38.4
108.0,43.2,39.6
108.0,43.2,40.8
108.0,43.2,42.0
108.0,43.2,43.2
108.0,43.2,44.4
108.0,43.2,45.6
108.0,43.2,46.8
108.0,43.2,48.0
108.0,43.2,49.2
108.0,43.2,50.4
108.0,43.2,51.6
108.0,43.2,52.8
108.0,43.2,54.0
108.0,43.2,55.2
108.0,43.2,56.4
108.0,43.2,57.6
108.0,43.2,58.8
108.0,43.2,60.0
108.0,43.2,61.2
108.0,43.2,62.4
108.0,43.2,63.6
108.0,43.2,64.8
108.0,43.2,66.0
108.0,43.2,67.2
108.0,43.2,68.4
108.0,43.2,69.6
108.0,43.2,70.8
108.0,43.2,72.0
108.0,43.2,73.2
108.0,44.4,38.4
108.0,44.4,39.6
108.0,44.4,40.8
108.0,44.4,42.0
108.0,44.4,43.2
108.0,44.4,44.4
108.0,44.4,45.6
108.0,44.4,46.8
108.0,44.4,48.0
108.0,44.4,49.2
108.0,44.4,50.4
108.0,44.4,51.6
108.0,44.4,52.8
108.0,44.4,54.0
108.0,44.4,55.2
108.0,44.4,56.4
108.0,44.4,57.6
108.0,44.4,58.8
108.0,44.4,60.0
108.0,44.4,61.2
108.0,44.4,62.4
108.0,44.4,63.6
108.0,44.4,64.8
108.0,44.4,66.0
108.0,44.4,67.2
108.0,44.4,68.4
108.0,44.4,69.6
108.0,44.4,70.8
108.0,44.4,72.0
108.0,44.4,73.2
108.0,44.4,74.4
108.0,45.6,39.6
108.0,45.6,40.8
108.0,45.6,42.0
108.0,45.6,43.2
108.0,45.6,44.4
108.0,45.6,45.6
108.0,45.6,46.8
108.0,45.6,48.0
108.0,45.6,49.2
108.0,45.6,50.4
108.0,45.6,51.6
108.0,45.6,52.8
108.0,45.6,54.0
108.0,45.6,55.2
108.0,45.6,56.4
108.0,45.6,57.6
108.0,45.6,58.8
108.0,45.6,60.0
108.0,45.6,61.2
108.0,45.6,62.4
108.0,45.6,63.6
108.0,45.6,64.8
108.0,45.6,66.0
108.0,45.6,67.2
108.0,45.6,68.4
108.0,45.6,69.6
108.0,45.6,70.8
108.0,45.6,72.0
108.0,45.6,73.2
108.0,45.6,74.4
108.0,45.6,75.6
108.0,46.8,40.8
108.0,46.8,42.0
108.0,46.8,43.2
108.0,46.8,44.4
108.0,46.8,45.6
108.0,46.8,46.8
108.0,46.8,48.0
108.0,46.8,49.2
108.0,46.8,50.4
108.0,46.8,51.6
108.0,46.8,52.8
108.0,46.8,54.0
108.0,46.8,55.2
108.0,46.8,56.4
108.0,46.8,57.6
108.0,46.8,58.8
108.0,46.8,60.0
108.0,46.8,61.2
108.0,46.8,62.4
108.0,46.8,63.6
108.0,46.8,64.8
108.0,46.8,66.0
108.0,46.8,67.2
108.0,46.8,68.4
108.0,46.8,69.6
108.0,46.8,70.8
108.0,46.8,72.0
108.0,46.8,73.2
108.0,46.8,74.4
108.0,46.8,75.6
108.0,46.8,76.8
108.0,48.0,42.0
108.0,48.0,43.2
108.0,48.0,44.4
108.0,48.0,45.6
108.0,48.0,46.8
108.0,48.0,48.0
108.0,48.0,49.2
108.0,48.0,50.4
108.0,48.0,51.6
108.0,48.0,52.8
108.0,48.0,54.0
108.0,48.0,55.2
108.0,48.0,56.4
108.0,48.0,57.6
108.0,48.0,58.8
108.0,48.0,60.0
108.0,48.0,61.2
108.0,48.0,62.4
108.0,48.0,63.6
108.0,48.0,64.8
108.0,48.0,66.0
108.0,48.0,67.2
108.0,48.0,68.4
108.0,48.0,69.6
108.0,48.0,70.8
108.0,48.0,72.0
108.0,48.0,73.2
108.0,48.0,74.4
108.0,48.0,75.6
108.0,48.0,76.8
108.0,48.0,78.0
109.2,6.0,19.2
109.2,6.0,20.4
109.2,6.0,21.6
109.2,6.0,22.8
109.2,6.0,24.0
109.2,7.2,19.2
109.2,7.2,20.4
109.2,7.2,21.6
109.2,7.2,22.8
109.2,7.2,24.0
109.2,8.4,19.2
109.2,8.4,20.4
109.2,8.4,21.6
109.2,8.4,22.8
109.2,8.4,24.0
109.2,9.6,19.2
109.2,9.6,20.4
109.2,9.6,21.6
109.2,9.6,22.8
109.2,9.6,24.0
109.2,10.8,19.2
109.2,10.8,20.4
109.2,10.8,21.6
109.2,10.8,22.8
109.2,10.8,24.0
109.2,12.0,19.2
109.2,12.0,20.4
109.2,12.0,21.6
109.2,12.0,22.8
109.2,12.0,24.0
109.2,13.2,19.2
109.2,13.2,20.4
109.2,13.2,21.6
109.2,13.2,22.8
109.2,13.2,24.0
109.2,14.4,19.2
109.2,14.4,20.4
109.2,14.4,21.6
109.2,14.4,22.8
109.2,14.4,24.0
109.2,15.6,19.2
109.2,15.6,20.4
109.2,15.6,21.6
109.2,15.6,22.8
109.2,15.6,24.0
109.2,16.8,19.2
109.2,16.8,20.4
109.2,16.8,21.6
109.2,16.8,22.8
109.2,16.8,24.0
109.2,18.0,19.2
109.2,18.0,20.4
109.2,18.0,21.6
109.2,18.0,22.8
109.2,18.0,24.0
109.2,19.2,19.2
109.2,19.2,20.4
109.2,19.2,21.6
109.2,19.2,22.8
109.2,19.2,24.0
109.2,20.4,19.2
109.2,20.4,20.4
109.2,20.4,21.6
109.2,20.4,22.8
109.2,20.4,24.0
109.2,21.6,19.2
109.2,21.6,20.4
109.2,21.6,21.6
109.2,21.6,22.8
109.2,21.6,24.0
109.2,22.8,19.2
109.2,22.8,20.4
109.2,22.8,21.6
109.2,22.8,22.8
109.2,22.8,24.0
109.2,24.0,19.2
109.2,24.0,20.4
109.2,24.0,21.6
109.2,24.0,22.8
109.2,24.0,24.0
109.2,25.2,19.2
109.2,25.2,20.4
109.2,25.2,21.6
109.2,25.2,22.8
109.2,25.2,24.0
109.2,26.4,20.4
109.2,26.4,21.6
109.2,26.4,22.8
109.2,26.4,24.0
109.2,26.4,25.2
109.2,27.6,21.6
109.2,27.6,22.8
109.2,27.6,24.0
109.2,27.6,25.2
109.2,27.6,26.4
109.2,28.8,22.8
109.2,28.8,24.0
109.2,28.8,25.2
109.2,28.8,26.4
109.2,28.8,27.6
109.2,30.0,24.0
109.2,30.0,25.2
109.2,30.0,26.4
109.2,30.0,27.6
109.2,30.0,28.8
109.2,31.2,25.2
109.2,31.2,26.4
109.2,31.2,27.6
109.2,31.2,28.8
109.2,31.2,30.0
109.2,32.4,26.4
109.2,32.4,27.6
109.2,32.4,28.8
109.2,32.4,30.0
109.2,32.4,31.2
109.2,33.6,27.6
109.2,33.6,28.8
109.2,33.6,30.0
109.2,33.6,31.2
109.2,33.6,32.4
109.2,34.8,28.8
109.2,34.8,30.0
109.2,34.8,31.2
109.2,34.8,32.4
109.2,34.8,33.6
109.2,36.0,30.0
109.2,36.0,31.2
109.2,36.0,32.4
109.2,36.0,33.6
109.2,36.0,34.8
109.2,37.2,31.2
109.2,37.2,32.4
109.2,37.2,33.6
109.2,37.2,34.8
109.2,37.2,36.0
109.2,37.2,37.2
109.2,37.2,38.4
109.2,37.2,39.6
109.2,37.2,40.8
109.2,37.2,42.0
109.2,37.2,43.2
109.2,37.2,44.4
109.2,37.2,45.6
109.2,37.2,46.8
109.2,37.2,48.0
109.2,37.2,49.2
109.2,37.2,50.4
109.2,37.2,51.6
109.2,37.2,52.8
109.2,37.2,54.0
109.2,37.2,55.2
109.2,37.2,56.4
109.2,37.2,57.6
109.2,37.2,58.8
109.2,37.2,60.0
109.2,37.2,61.2
109.2,37.2,62.4
109.2,37.2,63.6
109.2,37.2,64.8
109.2,37.2,66.0
109.2,37.2,67.2
109.2,38.4,32.4
109.2,38.4,33.6
109.2,38.4,34.8
109.2,38.4,36.0
109.2,38.4,37.2
109.2,38.4,38.4
109.2,38.4,39.6
109.2,38.4,40.8
109.2,38.4,42.0
109.2,38.4,43.2
109.2,38.4,44.4
109.2,38.4,45.6
109.2,38.4,46.8
109.2,38.4,48.0
109.2,38.4,49.2
109.2,38.4,50.4
109.2,38.4,51.6
109.2,38.4,52.8
109.2,38.4,54.0
109.2,38.4,55.2
109.2,38.4,56.4
109.2,38.4,57.6
109.2,38.4,58.8
109.2,38.4,60.0
109.2,38.4,61.2
109.2,38.4,62.4
109.2,38.4,63.6
109.2,38.4,64.8
109.2,38.4,66.0
109.2,38.4,67.2
109.2,38.4,68.4
109.2,39.6,33.6
109.2,39.6,34.8
109.2,39.6,36.0
109.2,39.6,37.2
109.2,39.6,38.4
109.2,39.6,39.6
109.2,39.6,40.8
109.2,39.6,42.0
109.2,39.6,43.2
109.2,39.6,44.4
109.2,39.6,45.6
109.2,39.6,46.8
109.2,39.6,48.0
109.2,39.6,49.2
109.2,39.6,50.4
109.2,39.6,51.6
109.2,39.6,52.8
109.2,39.6,54.0
109.2,39.6,55.2
109.2,39.6,56.4
109.2,39.6,57.6
109.2,39.6,58.8
109.2,39.6,60.0
109.2,39.6,61.2
109.2,39.6,62.4
109.2,39.6,63.6
109.2,39.6,64.8
109.2,39.6,66.0
109.2,39.6,67.2
109.2,39.6,68.4
109.2,39.6,69.6
109.2,40.8,34.8
109.2,40.8,36.0
109.2,40.8,37.2
109.2,40.8,38.4
109.2,40.8,39.6
109.2,40.8,40.8
109.2,40.8,42.0
109.2,40.8,43.2
109.2,40.8,44.4
109.2,40.8,45.6
109.2,40.8,46.8
109.2,40.8,48.0
109.2,40.8,49.2
109.2,40.8,50.4
109.2,40.8,51.6
109.2,40.8,52.8
109.2,40.8,54.0
109.2,40.8,55.2
109.2,40.8,56.4
109.2,40.8,57.6
109.2,40.8,58.8
109.2,40.8,60.0
109.2,40.8,61.2
109.2,40.8,62.4
109.2,40.8,63.6
109.2,40.8,64.8
109.2,40.8,66.0
109.2,40.8,67.2
109.2,40.8,68.4
109.2,40.8,69.6
109.2,40.8,70.8
109.2,42.0,36.0
109.2,42.0,37.2
109.2,42.0,38.4
109.2,42.0,39.6
109.2,42.0,40.8
109.2,42.0,42.0
109.2,42.0,43.2
109.2,42.0,44.4
109.2,42.0,45.6
109.2,42.0,46.8
109.2,42.0,48.0
109.2,42.0,49.2
109.2,42.0,50.4
109.2,42.0,51.6
109.2,42.0,52.8
109.2,42.0,54.0
109.2,42.0,55.2
109.2,42.0,56.4
109.2,42.0,57.6
109.2,42.0,58.8
109.2,42.0,60.0
109.2,42.0,61.2
109.2,42.0,62.4
109.2,42.0,63.6
109.2,42.0,64.8
109.2,42.0,66.0
109.2,42.0,67.2
109.2,42.0,68.4
109.2,42.0,69.6
109.2,42.0,70.8
109.2,42.0,72.0
109.2,43.2,37.2
109.2,43.2,38.4
109.2,43.2,39.6
109.2,43.2,40.8
109.2,43.2,42.0
109.2,43.2,43.2
109.2,43.2,44.4
109.2,43.2,45.6
109.2,43.2,46.8
109.2,43.2,48.0
109.2,43.2,49.2
109.2,43.2,50.4
109.2,43.2,51.6
109.2,43.2,52.8
109.2,43.2,54.0
109.2,43.2,55.2
109.2,43.2,56.4
109.2,43.2,57.6
109.2,43.2,58.8
109.2,43.2,60.0
109.2,43.2,61.2
109.2,43.2,62.4
109.2,43.2,63.6
109.2,43.2,64.8
109.2,43.2,66.0
109.2,43.2,67.2
109.2,43.2,68.4
109.2,43.2,69.6
109.2,43.2,70.8
109.2,43.2,72.0
109.2,43.2,73.2
109.2,44.4,38.4
109.2,44.4,39.6
109.2,44.4,40.8
109.2,44.4,42.0
109.2,44.4,43.2
109.2,44.4,44.4
109.2,44.4,45.6
109.2,44.4,46.8
109.2,44.4,48.0
109.2,44.4,49.2
109.2,44.4,50.4
109.2,44.4,51.6
109.2,44.4,52.8
109.2,44.4,54.0
109.2,44.4,55.2
109.2,44.4,56.4
109.2,44.4,57.6
109.2,44.4,58.8
109.2,44.4,60.0
109.2,44.4,61.2
109.2,44.4,62.4
109.2,44.4,63.6
109.2,44.4,64.8
109.2,44.4,66.0
109.2,44.4,67.2
109.2,44.4,68.4
109.2,44.4,69.6
109.2,44.4,70.8
109.2,44.4,72.0
109.2,44.4,73.2
109.2,44.4,74.4
109.2,45.6,39.6
109.2,45.6,40.8
109.2,45.6,42.0
109.2,45.6,43.2
109.2,45.6,44.4
109.2,45.6,45.6
109.2,45.6,46.8
109.2,45.6,48.0
109.2,45.6,49.2
109.2,45.6,50.4
109.2,45.6,51.6
109.2,45.6,52.8
109.2,45.6,54.0
109.2,45.6,55.2
109.2,45.6,56.4
109.2,45.6,57.6
109.2,45.6,58.8
109.2,45.6,60.0
109.2,45.6,61.2
109.2,45.6,62.4
109.2,45.6,63.6
109.2,45.6,64.8
109.2,45.6,66.0
109.2,45.6,67.2
109.2,45.6,68.4
109.2,45.6,69.6
109.2,45.6,70.8
109.2,45.6,72.0
109.2,45.6,73.2
109.2,45.6,74.4
109.2,45.6,75.6
109.2,46.8,40.8
109.2,46.8,42.0
109.2,46.8,43.2
109.2,46.8,44.4
109.2,46.8,45.6
109.2,46.8,46.8
109.2,46.8,48.0
109.2,46.8,49.2
109.2,46.8,50.4
109.2,46.8,51.6
109.2,46.8,52.8
109.2,46.8,54.0
109.2,46.8,55.2
109.2,46.8,56.4
109.2,46.8,57.6
109.2,46.8,58.8
109.2,46.8,60.0
109.2,46.8,61.2
109.2,46.8,62.4
109.2,46.8,63.6
109.2,46.8,64.8
109.2,46.8,66.0
109.2,46.8,67.2
109.2,46.8,68.4
109.2,46.8,69.6
109.2,46.8,70.8
109.2,46.8,72.0
109.2,46.8,73.2
109.2,46.8,74.4
109.2,46.8,75.6
109.2,46.8,76.8
109.2,48.0,42.0
109.2,48.0,43.2
109.2,48.0,44.4
109.2,48.0,45.6
109.2,48.0,46.8
109.2,48.0,48.0
109.2,48.0,49.2
109.2,48.0,50.4
109.2,48.0,51.6
109.2,48.0,52.8
109.2,48.0,54.0
109.2,48.0,55.2
109.2,48.0,56.4
109.2,48.0,57.6
109.2,48.0,58.8
109.2,48.0,60.0
109.2,48.0,61.2
109.2,48.0,62.4
109.2,48.0,63.6
109.2,48.0,64.8
109.2,48.0,66.0
109.2,48.0,67.2
109.2,48.0,68.4
109.2,48.0,69.6
109.2,48.0,70.8
109.2,48.0,72.0
109.2,48.0,73.2
109.2,48.0,74.4
109.2,48.0,75.6
109.2,48.0,76.8
109.2,48.0,78.0
109.2,49.2,43.2
109.2,49.2,44.4
109.2,49.2,45.6
109.2,49.2,46.8
109.2,49.2,48.0
109.2,49.2,49.2
109.2,49.2,50.4
109.2,49.2,51.6
109.2,49.2,52.8
109.2,49.2,54.0
109.2,49.2,55.2
109.2,49.2,56.4
109.2,49.2,57.6
109.2,49.2,58.8
109.2,49.2,60.0
109.2,49.2,61.2
109.2,49.2,62.4
109.2,49.2,63.6
109.2,49.2,64.8
109.2,49.2,66.0
109.2,49.2,67.2
109.2,49.2,68.4
109.2,49.2,69.6
109.2,49.2,70.8
109.2,49.2,72.0
109.2,49.2,73.2
109.2,49.2,74.4
109.2,49.2,75.6
109.2,49.2,76.8
109.2,49.2,78.0
109.2,49.2,79.2
110.4,6.0,20.4
110.4,6.0,21.6
110.4,6.0,22.8
110.4,6.0,24.0
110.4,7.2,20.4
110.4,7.2,21.6
110.4,7.2,22.8
110.4,7.2,24.0
110.4,8.4,20.4
110.4,8.4,21.6
110.4,8.4,22.8
110.4,8.4,24.0
110.4,9.6,20.4
110.4,9.6,21.6
110.4,9.6,22.8
110.4,9.6,24.0
110.4,10.8,20.4
110.4,10.8,21.6
110.4,10.8,22.8
110.4,10.8,24.0
110.4,12.0,20.4
110.4,12.0,21.6
110.4,12.0,22.8
110.4,12.0,24.0
110.4,13.2,20.4
110.4,13.2,21.6
110.4,13.2,22.8
110.4,13.2,24.0
110.4,14.4,20.4
110.4,14.4,21.6
110.4,14.4,22.8
110.4,14.4,24.0
110.4,15.6,20.4
110.4,15.6,21.6
110.4,15.6,22.8
110.4,15.6,24.0
110.4,16.8,20.4
110.4,16.8,21.6
110.4,16.8,22.8
110.4,16.8,24.0
110.4,18.0,20.4
110.4,18.0,21.6
110.4,18.0,22.8
110.4,18.0,24.0
110.4,19.2,20.4
110.4,19.2,21.6
110.4,19.2,22.8
110.4,19.2,24.0
110.4,20.4,20.4
110.4,20.4,21.6
110.4,20.4,22.8
110.4,20.4,24.0
110.4,21.6,20.4
110.4,21.6,21.6
110.4,21.6,22.8
110.4,21.6,24.0
110.4,22.8,20.4
110.4,22.8,21.6
110.4,22.8,22.8
110.4,22.8,24.0
110.4,24.0,20.4
110.4,24.0,21.6
110.4,24.0,22.8
110.4,24.0,24.0
110.4,25.2,20.4
110.4,25.2,21.6
110.4,25.2,22.8
110.4,25.2,24.0
110.4,26.4,20.4
110.4,26.4,21.6
110.4,26.4,22.8
110.4,26.4,24.0
110.4,27.6,21.6
110.4,27.6,22.8
110.4,27.6,24.0
110.4,27.6,25.2
110.4,28.8,22.8
110.4,28.8,24.0
110.4,28.8,25.2
110.4,28.8,26.4
110.4,30.0,24.0
110.4,30.0,25.2
110.4,30.0,26.4
110.4,30.0,27.6
110.4,31.2,25.2
110.4,31.2,26.4
110.4,31.2,27.6
110.4,31.2,28.8
110.4,32.4,26.4
110.4,32.4,27.6
110.4,32.4,28.8
110.4,32.4,30.0
110.4,33.6,27.6
110.4,33.6,28.8
110.4,33.6,30.0
110.4,33.6,31.2
110.4,34.8,28.8
110.4,34.8,30.0
110.4,34.8,31.2
110.4,34.8,32.4
110.4,36.0,30.0
110.4,36.0,31.2
110.4,36.0,32.4
110.4,36.0,33.6
110.4,37.2,31.2
110.4,37.2,32.4
110.4,37.2,33.6
110.4,37.2,34.8
110.4,38.4,32.4
110.4,38.4,33.6
110.4,38.4,34.8
110.4,38.4,36.0
110.4,38.4,37.2
110.4,38.4,38.4
110.4,38.4,39.6
110.4,38.4,40.8
110.4,38.4,42.0
110.4,38.4,43.2
110.4,38.4,44.4
110.4,38.4,45.6
110.4,38.4,46.8
110.4,38.4,48.0
110.4,38.4,49.2
110.4,38.4,50.4
110.4,38.4,51.6
110.4,38.4,52.8
110.4,38.4,54.0
110.4,38.4,55.2
110.4,38.4,56.4
110.4,38.4,57.6
110.4,38.4,58.8
110.4,38.4,60.0
110.4,38.4,61.2
110.4,38.4,62.4
110.4,38.4,63.6
110.4,38.4,64.8
110.4,38.4,66.0
110.4,38.4,67.2
110.4,38.4,68.4
110.4,39.6,33.6
110.4,39.6,34.8
110.4,39.6,36.0
110.4,39.6,37.2
110.4,39.6,38.4
110.4,39.6,39.6
110.4,39.6,40.8
110.4,39.6,42.0
110.4,39.6,43.2
110.4,39.6,44.4
110.4,39.6,45.6
110.4,39.6,46.8
110.4,39.6,48.0
110.4,39.6,49.2
110.4,39.6,50.4
110.4,39.6,51.6
110.4,39.6,52.8
110.4,39.6,54.0
110.4,39.6,55.2
110.4,39.6,56.4
110.4,39.6,57.6
110.4,39.6,58.8
110.4,39.6,60.0
110.4,39.6,61.2
110.4,39.6,62.4
110.4,39.6,63.6
110.4,39.6,64.8
110.4,39.6,66.0
110.4,39.6,67.2
110.4,39.6,68.4
110.4,39.6,69.6
110.4,40.8,34.8
110.4,40.8,36.0
110.4,40.8,37.2
110.4,40.8,38.4
110.4,40.8,39.6
110.4,40.8,40.8
110.4,40.8,42.0
110.4,40.8,43.2
110.4,40.8,44.4
110.4,40.8,45.6
110.4,40.8,46.8
110.4,40.8,48.0
110.4,40.8,49.2
110.4,40.8,50.4
110.4,40.8,51.6
110.4,40.8,52.8
110.4,40.8,54.0
110.4,40.8,55.2
110.4,40.8,56.4
110.4,40.8,57.6
110.4,40.8,58.8
110.4,40.8,60.0
110.4,40.8,61.2
110.4,40.8,62.4
110.4,40.8,63.6
110.4,40.8,64.8
110.4,40.8,66.0
110.4,40.8,67.2
110.4,40.8,68.4
110.4,40.8,69.6
110.4,40.8,70.8
110.4,42.0,36.0
110.4,42.0,37.2
110.4,42.0,38.4
110.4,42.0,39.6
110.4,42.0,40.8
110.4,42.0,42.0
110.4,42.0,43.2
110.4,42.0,44.4
110.4,42.0,45.6
110.4,42.0,46.8
110.4,42.0,48.0
110.4,42.0,49.2
110.4,42.0,50.4
110.4,42.0,51.6
110.4,42.0,52.8
110.4,42.0,54.0
110.4,42.0,55.2
110.4,42.0,56.4
110.4,42.0,57.6
110.4,42.0,58.8
110.4,42.0,60.0
110.4,42.0,61.2
110.4,42.0,62.4
110.4,42.0,63.6
110.4,42.0,64.8
110.4,42.0,66.0
110.4,42.0,67.2
110.4,42.0,68.4
110.4,42.0,69.6
110.4,42.0,70.8
110.4,42.0,72.0
110.4,43.2,37.2
110.4,43.2,38.4
110.4,43.2,39.6
110.4,43.2,40.8
110.4,43.2,42.0
110.4,43.2,43.2
110.4,43.2,44.4
110.4,43.2,45.6
110.4,43.2,46.8
110.4,43.2,48.0
110.4,43.2,49.2
110.4,43.2,50.4
110.4,43.2,51.6
110.4,43.2,52.8
110.4,43.2,54.0
110.4,43.2,55.2
110.4,43.2,56.4
110.4,43.2,57.6
110.4,43.2,58.8
110.4,43.2,60.0
110.4,43.2,61.2
110.4,43.2,62.4
110.4,43.2,63.6
110.4,43.2,64.8
110.4,43.2,66.0
110.4,43.2,67.2
110.4,43.2,68.4
110.4,43.2,69.6
110.4,43.2,70.8
110.4,43.2,72.0
110.4,43.2,73.2
110.4,44.4,38.4
110.4,44.4,39.6
110.4,44.4,40.8
110.4,44.4,42.0
110.4,44.4,43.2
110.4,44.4,44.4
110.4,44.4,45.6
110.4,44.4,46.8
110.4,44.4,48.0
110.4,44.4,49.2
110.4,44.4,50.4
110.4,44.4,51.6
110.4,44.4,52.8
110.4,44.4,54.0
110.4,44.4,55.2
110.4,44.4,56.4
110.4,44.4,57.6
110.4,44.4,58.8
110.4,44.4,60.0
110.4,44.4,61.2
110.4,44.4,62.4
110.4,44.4,63.6
110.4,44.4,64.8
110.4,44.4,66.0
110.4,44.4,67.2
110.4,44.4,68.4
110.4,44.4,69.6
110.4,44.4,70.8
110.4,44.4,72.0
110.4,44.4,73.2
110.4,44.4,74.4
110.4,45.6,39.6
110.4,45.6,40.8
110.4,45.6,42.0
110.4,45.6,43.2
110.4,45.6,44.4
110.4,45.6,45.6
110.4,45.6,46.8
110.4,45.6,48.0
110.4,45.6,49.2
110.4,45.6,50.4
110.4,45.6,51.6
110.4,45.6,52.8
110.4,45.6,54.0
110.4,45.6,55.2
110.4,45.6,56.4
110.4,45.6,57.6
110.4,45.6,58.8
110.4,45.6,60.0
110.4,45.6,61.2
110.4,45.6,62.4
110.4,45.6,63.6
110.4,45.6,64.8
110.4,45.6,66.0
110.4,45.6,67.2
110.4,45.6,68.4
110.4,45.6,69.6
110.4,45.6,70.8
110.4,45.6,72.0
110.4,45.6,73.2
110.4,45.6,74.4
110.4,45.6,75.6
110.4,46.8,40.8
110.4,46.8,42.0
110.4,46.8,43.2
110.4,46.8,44.4
110.4,46.8,45.6
110.4,46.8,46.8
110.4,46.8,48.0
110.4,46.8,49.2
110.4,46.8,50.4
110.4,46.8,51.6
110.4,46.8,52.8
110.4,46.8,54.0
110.4,46.8,55.2
110.4,46.8,56.4
110.4,46.8,57.6
110.4,46.8,58.8
110.4,46.8,60.0
110.4,46.8,61.2
110.4,46.8,62.4
110.4,46.8,63.6
110.4,46.8,64.8
110.4,46.8,66.0
110.4,46.8,67.2
110.4,46.8,68.4
110.4,46.8,69.6
110.4,46.8,70.8
110.4,46.8,72.0
110.4,46.8,73.2
110.4,46.8,74.4
110.4,46.8,75.6
110.4,46.8,76.8
110.4,48.0,42.0
110.4,48.0,43.2
110.4,48.0,44.4
110.4,48.0,45.6
110.4,48.0,46.8
110.4,48.0,48.0
110.4,48.0,49.2
110.4,48.0,50.4
110.4,48.0,51.6
110.4,48.0,52.8
110.4,48.0,54.0
110.4,48.0,55.2
110.4,48.0,56.4
110.4,48.0,57.6
110.4,48.0,58.8
110.4,48.0,60.0
110.4,48.0,61.2
110.4,48.0,62.4
110.4,48.0,63.6
110.4,48.0,64.8
110.4,48.0,66.0
110.4,48.0,67.2
110.4,48.0,68.4
110.4,48.0,69.6
110.4,48.0,70.8
110.4,48.0,72.0
110.4,48.0,73.2
110.4,48.0,74.4
110.4,48.0,75.6
110.4,48.0,76.8
110.4,48.0,78.0
110.4,49.2,43.2
110.4,49.2,44.4
110.4,49.2,45.6
110.4,49.2,46.8
110.4,49.2,48.0
110.4,49.2,49.2
110.4,49.2,50.4
110.4,49.2,51.6
110.4,49.2,52.8
110.4,49.2,54.0
110.4,49.2,55.2
110.4,49.2,56.4
110.4,49.2,57.6
110.4,49.2,58.8
110.4,49.2,60.0
110.4,49.2,61.2
110.4,49.2,62.4
110.4,49.2,63.6
110.4,49.2,64.8
110.4,49.2,66.0
110.4,49.2,67.2
110.4,49.2,68.4
110.4,49.2,69.6
110.4,49.2,70.8
110.4,49.2,72.0
110.4,49.2,73.2
110.4,49.2,74.4
110.4,49.2,75.6
110.4,49.2,76.8
110.4,49.2,78.0
110.4,49.2,79.2
110.4,50.4,44.4
110.4,50.4,45.6
110.4,50.4,46.8
110.4,50.4,48.0
110.4,50.4,49.2
110.4,50.4,50.4
110.4,50.4,51.6
110.4,50.4,52.8
110.4,50.4,54.0
110.4,50.4,55.2
110.4,50.4,56.4
110.4,50.4,57.6
110.4,50.4,58.8
110.4,50.4,60.0
110.4,50.4,61.2
110.4,50.4,62.4
110.4,50.4,63.6
110.4,50.4,64.8
110.4,50.4,66.0
110.4,50.4,67.2
110.4,50.4,68.4
110.4,50.4,69.6
110.4,50.4,70.8
110.4,50.4,72.0
110.4,50.4,73.2
110.4,50.4,74.4
110.4,50.4,75.6
110.4,50.4,76.8
110.4,50.4,78.0
110.4,50.4,79.2
110.4,50.4,80.4
111.6,6.0,21.6
111.6,6.0,22.8
111.6,6.0,24.0
111.6,7.2,21.6
111.6,7.2,22.8
111.6,7.2,24.0
111.6,8.4,21.6
111.6,8.4,22.8
111.6,8.4,24.0
111.6,9.6,21.6
111.6,9.6,22.8
111.6,9.6,24.0
111.6,10.8,21.6
111.6,10.8,22.8
111.6,10.8,24.0
111.6,12.0,21.6
111.6,12.0,22.8
111.6,12.0,24.0
111.6,13.2,21.6
111.6,13.2,22.8
111.6,13.2,24.0
111.6,14.4,21.6
111.6,14.4,22.8
111.6,14.4,24.0
111.6,15.6,21.6
111.6,15.6,22.8
111.6,15.6,24.0
111.6,16.8,21.6
111.6,16.8,22.8
111.6,16.8,24.0
111.6,18.0,21.6
111.6,18.0,22.8
111.6,18.0,24.0
111.6,19.2,21.6
111.6,19.2,22.8
111.6,19.2,24.0
111.6,20.4,21.6
111.6,20.4,22.8
111.6,20.4,24.0
111.6,21.6,21.6
111.6,21.6,22.8
111.6,21.6,24.0
111.6,22.8,21.6
111.6,22.8,22.8
111.6,22.8,24.0
111.6,24.0,21.6
111.6,24.0,22.8
111.6,24.0,24.0
111.6,25.2,21.6
111.6,25.2,22.8
111.6,25.2,24.0
111.6,26.4,21.6
111.6,26.4,22.8
111.6,26.4,24.0
111.6,27.6,21.6
111.6,27.6,22.8
111.6,27.6,24.0
111.6,28.8,22.8
111.6,28.8,24.0
111.6,28.8,25.2
111.6,30.0,24.0
111.6,30.0,25.2
111.6,30.0,26.4
111.6,31.2,25.2
111.6,31.2,26.4
111.6,31.2,27.6
111.6,32.4,26.4
111.6,32.4,27.6
111.6,32.4,28.8
111.6,33.6,27.6
111.6,33.6,28.8
111.6,33.6,30.0
111.6,34.8,28.8
111.6,34.8,30.0
111.6,34.8,31.2
111.6,36.0,30.0
111.6,36.0,31.2
111.6,36.0,32.4
111.6,37.2,31.2
111.6,37.2,32.4
111.6,37.2,33.6
111.6,38.4,32.4
111.6,38.4,33.6
111.6,38.4,34.8
111.6,39.6,33.6
111.6,39.6,34.8
111.6,39.6,36.0
111.6,39.6,37.2
111.6,39.6,38.4
111.6,39.6,39.6
111.6,39.6,40.8
111.6,39.6,42.0
111.6,39.6,43.2
111.6,39.6,44.4
111.6,39.6,45.6
111.6,39.6,46.8
111.6,39.6,48.0
111.6,39.6,49.2
111.6,39.6,50.4
111.6,39.6,51.6
111.6,39.6,52.8
111.6,39.6,54.0
111.6,39.6,55.2
111.6,39.6,56.4
111.6,39.6,57.6
111.6,39.6,58.8
111.6,39.6,60.0
111.6,39.6,61.2
111.6,39.6,62.4
111.6,39.6,63.6
111.6,39.6,64.8
111.6,39.6,66.0
111.6,39.6,67.2
111.6,39.6,68.4
111.6,39.6,69.6
111.6,40.8,34.8
111.6,40.8,36.0
111.6,40.8,37.2
111.6,40.8,38.4
111.6,40.8,39.6
111.6,40.8,40.8
111.6,40.8,42.0
111.6,40.8,43.2
111.6,40.8,44.4
111.6,40.8,45.6
111.6,40.8,46.8
111.6,40.8,48.0
111.6,40.8,49.2
111.6,40.8,50.4
111.6,40.8,51.6
111.6,40.8,52.8
111.6,40.8,54.0
111.6,40.8,55.2
111.6,40.8,56.4
111.6,40.8,57.6
111.6,40.8,58.8
111.6,40.8,60.0
111.6,40.8,61.2
111.6,40.8,62.4
111.6,40.8,63.6
111.6,40.8,64.8
111.6,40.8,66.0
111.6,40.8,67.2
111.6,40.8,68.4
111.6,40.8,69.6
111.6,40.8,70.8
111.6,42.0,36.0
111.6,42.0,37.2
111.6,42.0,38.4
111.6,42.0,39.6
111.6,42.0,40.8
111.6,42.0,42.0
111.6,42.0,43.2
111.6,42.0,44.4
111.6,42.0,45.6
111.6,42.0,46.8
111.6,42.0,48.0
111.6,42.0,49.2
111.6,42.0,50.4
111.6,42.0,51.6
111.6,42.0,52.8
111.6,42.0,54.0
111.6,42.0,55.2
111.6,42.0,56.4
111.6,42.0,57.6
111.6,42.0,58.8
111.6,42.0,60.0
111.6,42.0,61.2
111.6,42.0,62.4
111.6,42.0,63.6
111.6,42.0,64.8
111.6,42.0,66.0
111.6,42.0,67.2
111.6,42.0,68.4
111.6,42.0,69.6
111.6,42.0,70.8
111.6,42.0,72.0
111.6,43.2,37.2
111.6,43.2,38.4
111.6,43.2,39.6
111.6,43.2,40.8
111.6,43.2,42.0
111.6,43.2,43.2
111.6,43.2,44.4
111.6,43.2,45.6
111.6,43.2,46.8
111.6,43.2,48.0
111.6,43.2,49.2
111.6,43.2,50.4
111.6,43.2,51.6
111.6,43.2,52.8
111.6,43.2,54.0
111.6,43.2,55.2
111.6,43.2,56.4
111.6,43.2,57.6
111.6,43.2,58.8
111.6,43.2,60.0
111.6,43.2,61.2
111.6,43.2,62.4
111.6,43.2,63.6
111.6,43.2,64.8
111.6,43.2,66.0
111.6,43.2,67.2
111.6,43.2,68.4
111.6,43.2,69.6
111.6,43.2,70.8
111.6,43.2,72.0
111.6,43.2,73.2
111.6,44.4,38.4
111.6,44.4,39.6
111.6,44.4,40.8
111.6,44.4,42.0
111.6,44.4,43.2
111.6,44.4,44.4
111.6,44.4,45.6
111.6,44.4,46.8
111.6,44.4,48.0
111.6,44.4,49.2
111.6,44.4,50.4
111.6,44.4,51.6
111.6,44.4,52.8
111.6,44.4,54.0
111.6,44.4,55.2
111.6,44.4,56.4
111.6,44.4,57.6
111.6,44.4,58.8
111.6,44.4,60.0
111.6,44.4,61.2
111.6,44.4,62.4
111.6,44.4,63.6
111.6,44.4,64.8
111.6,44.4,66.0
111.6,44.4,67.2
111.6,44.4,68.4
111.6,44.4,69.6
111.6,44.4,70.8
111.6,44.4,72.0
111.6,44.4,73.2
111.6,44.4,74.4
111.6,45.6,39.6
111.6,45.6,40.8
111.6,45.6,42.0
111.6,45.6,43.2
111.6,45.6,44.4
111.6,45.6,45.6
111.6,45.6,46.8
111.6,45.6,48.0
111.6,45.6,49.2
111.6,45.6,50.4
111.6,45.6,51.6
111.6,45.6,52.8
111.6,45.6,54.0
111.6,45.6,55.2
111.6,45.6,56.4
111.6,45.6,57.6
111.6,45.6,58.8
111.6,45.6,60.0
111.6,45.6,61.2
111.6,45.6,62.4
111.6,45.6,63.6
111.6,45.6,64.8
111.6,45.6,66.0
111.6,45.6,67.2
111.6,45.6,68.4
111.6,45.6,69.6
111.6,45.6,70.8
111.6,45.6,72.0
111.6,45.6,73.2
111.6,45.6,74.4
111.6,45.6,75.6
111.6,46.8,40.8
111.6,46.8,42.0
111.6,46.8,43.2
111.6,46.8,44.4
111.6,46.8,45.6
111.6,46.8,46.8
111.6,46.8,48.0
111.6,46.8,49.2
111.6,46.8,50.4
111.6,46.8,51.6
111.6,46.8,52.8
111.6,46.8,54.0
111.6,46.8,55.2
111.6,46.8,56.4
111.6,46.8,57.6
111.6,46.8,58.8
111.6,46.8,60.0
111.6,46.8,61.2
111.6,46.8,62.4
111.6,46.8,63.6
111.6,46.8,64.8
111.6,46.8,66.0
111.6,46.8,67.2
111.6,46.8,68.4
111.6,46.8,69.6
111.6,46.8,70.8
111.6,46.8,72.0
111.6,46.8,73.2
111.6,46.8,74.4
111.6,46.8,75.6
111.6,46.8,76.8
111.6,48.0,42.0
111.6,48.0,43.2
111.6,48.0,44.4
111.6,48.0,45.6
111.6,48.0,46.8
111.6,48.0,48.0
111.6,48.0,49.2
111.6,48.0,50.4
111.6,48.0,51.6
111.6,48.0,52.8
111.6,48.0,54.0
111.6,48.0,55.2
111.6,48.0,56.4
111.6,48.0,57.6
111.6,48.0,58.8
111.6,48.0,60.0
111.6,48.0,61.2
111.6,48.0,62.4
111.6,48.0,63.6
111.6,48.0,64.8
111.6,48.0,66.0
111.6,48.0,67.2
111.6,48.0,68.4
111.6,48.0,69.6
111.6,48.0,70.8
111.6,48.0,72.0
111.6,48.0,73.2
111.6,48.0,74.4
111.6,48.0,75.6
111.6,48.0,76.8
111.6,48.0,78.0
111.6,49.2,43.2
111.6,49.2,44.4
111.6,49.2,45.6
111.6,49.2,46.8
111.6,49.2,48.0
111.6,49.2,49.2
111.6,49.2,50.4
111.6,49.2,51.6
111.6,49.2,52.8
111.6,49.2,54.0
111.6,49.2,55.2
111.6,49.2,56.4
111.6,49.2,57.6
111.6,49.2,58.8
111.6,49.2,60.0
111.6,49.2,61.2
111.6,49.2,62.4
111.6,49.2,63.6
111.6,49.2,64.8
111.6,49.2,66.0
111.6,49.2,67.2
111.6,49.2,68.4
111.6,49.2,69.6
111.6,49.2,70.8
111.6,49.2,72.0
111.6,49.2,73.2
111.6,49.2,74.4
111.6,49.2,75.6
111.6,49.2,76.8
111.6,49.2,78.0
111.6,49.2,79.2
111.6,50.4,44.4
111.6,50.4,45.6
111.6,50.4,46.8
111.6,50.4,48.0
111.6,50.4,49.2
111.6,50.4,50.4
111.6,50.4,51.6
111.6,50.4,52.8
111.6,50.4,54.0
111.6,50.4,55.2
111.6,50.4,56.4
111.6,50.4,57.6
111.6,50.4,58.8
111.6,50.4,60.0
111.6,50.4,61.2
111.6,50.4,62.4
111.6,50.4,63.6
111.6,50.4,64.8
111.6,50.4,66.0
111.6,50.4,67.2
111.6,50.4,68.4
111.6,50.4,69.6
111.6,50.4,70.8
111.6,50.4,72.0
111.6,50.4,73.2
111.6,50.4,74.4
111.6,50.4,75.6
111.6,50.4,76.8
111.6,50.4,78.0
111.6,50.4,79.2
111.6,50.4,80.4
111.6,51.6,45.6
111.6,51.6,46.8
111.6,51.6,48.0
111.6,51.6,49.2
111.6,51.6,50.4
111.6,51.6,51.6
111.6,51.6,52.8
111.6,51.6,54.0
111.6,51.6,55.2
111.6,51.6,56.4
111.6,51.6,57.6
111.6,51.6,58.8
111.6,51.6,60.0
111.6,51.6,61.2
111.6,51.6,62.4
111.6,51.6,63.6
111.6,51.6,64.8
111.6,51.6,66.0
111.6,51.6,67.2
111.6,51.6,68.4
111.6,51.6,69.6
111.6,51.6,70.8
111.6,51.6,72.0
111.6,51.6,73.2
111.6,51.6,74.4
111.6,51.6,75.6
111.6,51.6,76.8
111.6,51.6,78.0
111.6,51.6,79.2
111.6,51.6,80.4
111.6,51.6,81.6
112.8,6.0,22.8
112.8,6.0,24.0
112.8,7.2,22.8
112.8,7.2,24.0
112.8,8.4,22.8
112.8,8.4,24.0
112.8,9.6,22.8
112.8,9.6,24.0
112.8,10.8,22.8
112.8,10.8,24.0
112.8,12.0,22.8
112.8,12.0,24.0
112.8,13.2,22.8
112.8,13.2,24.0
112.8,14.4,22.8
112.8,14.4,24.0
112.8,15.6,22.8
112.8,15.6,24.0
112.8,16.8,22.8
112.8,16.8,24.0
112.8,18.0,22.8
112.8,18.0,24.0
112.8,19.2,22.8
112.8,19.2,24.0
112.8,20.4,22.8
112.8,20.4,24.0
112.8,21.6,22.8
112.8,21.6,24.0
112.8,22.8,22.8
112.8,22.8,24.0
112.8,24.0,22.8
112.8,24.0,24.0
112.8,25.2,22.8
112.8,25.2,24.0
112.8,26.4,22.8
112.8,26.4,24.0
112.8,27.6,22.8
112.8,27.6,24.0
112.8,28.8,22.8
112.8,28.8,24.0
112.8,30.0,24.0
112.8,30.0,25.2
112.8,31.2,25.2
112.8,31.2,26.4
112.8,32.4,26.4
112.8,32.4,27.6
112.8,33.6,27.6
112.8,33.6,28.8
112.8,34.8,28.8
112.8,34.8,30.0
112.8,36.0,30.0
112.8,36.0,31.2
112.8,37.2,31.2
112.8,37.2,32.4
112.8,38.4,32.4
112.8,38.4,33.6
112.8,39.6,33.6
112.8,39.6,34.8
112.8,40.8,34.8
112.8,40.8,36.0
112.8,40.8,37.2
112.8,40.8,38.4
112.8,40.8,39.6
112.8,40.8,40.8
112.8,40.8,42.0
112.8,40.8,43.2
112.8,40.8,44.4
112.8,40.8,45.6
112.8,40.8,46.8
112.8,40.8,48.0
112.8,40.8,49.2
112.8,40.8,50.4
112.8,40.8,51.6
112.8,40.8,52.8
112.8,40.8,54.0
112.8,40.8,55.2
112.8,40.8,56.4
112.8,40.8,57.6
112.8,40.8,58.8
112.8,40.8,60.0
112.8,40.8,61.2
112.8,40.8,62.4
112.8,40.8,63.6
112.8,40.8,64.8
112.8,40.8,66.0
112.8,40.8,67.2
112.8,40.8,68.4
112.8,40.8,69.6
112.8,40.8,70.8
112.8,42.0,36.0
112.8,42.0,37.2
112.8,42.0,38.4
112.8,42.0,39.6
112.8,42.0,40.8
112.8,42.0,42.0
112.8,42.0,43.2
112.8,42.0,44.4
112.8,42.0,45.6
112.8,42.0,46.8
112.8,42.0,48.0
112.8,42.0,49.2
112.8,42.0,50.4
112.8,42.0,51.6
112.8,42.0,52.8
112.8,42.0,54.0
112.8,42.0,55.2
112.8,42.0,56.4
112.8,42.0,57.6
112.8,42.0,58.8
112.8,42.0,60.0
112.8,42.0,61.2
112.8,42.0,62.4
112.8,42.0,63.6
112.8,42.0,64.8
112.8,42.0,66.0
112.8,42.0,67.2
112.8,42.0,68.4
112.8,42.0,69.6
112.8,42.0,70.8
112.8,42.0,72.0
112.8,43.2,37.2
112.8,43.2,38.4
112.8,43.2,39.6
112.8,43.2,40.8
112.8,43.2,42.0
112.8,43.2,43.2
112.8,43.2,44.4
112.8,43.2,45.6
112.8,43.2,46.8
112.8,43.2,48.0
112.8,43.2,49.2
112.8,43.2,50.4
112.8,43.2,51.6
112.8,43.2,52.8
112.8,43.2,54.0
112.8,43.2,55.2
112.8,43.2,56.4
112.8,43.2,57.6
112.8,43.2,58.8
112.8,43.2,60.0
112.8,43.2,61.2
112.8,43.2,62.4
112.8,43.2,63.6
112.8,43.2,64.8
112.8,43.2,66.0
112.8,43.2,67.2
112.8,43.2,68.4
112.8,43.2,69.6
112.8,43.2,70.8
112.8,43.2,72.0
112.8,43.2,73.2
112.8,44.4,38.4
112.8,44.4,39.6
112.8,44.4,40.8
112.8,44.4,42.0
112.8,44.4,43.2
112.8,44.4,44.4
112.8,44.4,45.6
112.8,44.4,46.8
112.8,44.4,48.0
112.8,44.4,49.2
112.8,44.4,50.4
112.8,44.4,51.6
112.8,44.4,52.8
112.8,44.4,54.0
112.8,44.4,55.2
112.8,44.4,56.4
112.8,44.4,57.6
112.8,44.4,58.8
112.8,44.4,60.0
112.8,44.4,61.2
112.8,44.4,62.4
112.8,44.4,63.6
112.8,44.4,64.8
112.8,44.4,66.0
112.8,44.4,67.2
112.8,44.4,68.4
112.8,44.4,69.6
112.8,44.4,70.8
112.8,44.4,72.0
112.8,44.4,73.2
112.8,44.4,74.4
112.8,45.6,39.6
112.8,45.6,40.8
112.8,45.6,42.0
112.8,45.6,43.2
112.8,45.6,44.4
112.8,45.6,45.6
112.8,45.6,46.8
112.8,45.6,48.0
112.8,45.6,49.2
112.8,45.6,50.4
112.8,45.6,51.6
112.8,45.6,52.8
112.8,45.6,54.0
112.8,45.6,55.2
112.8,45.6,56.4
112.8,45.6,57.6
112.8,45.6,58.8
112.8,45.6,60.0
112.8,45.6,61.2
112.8,45.6,62.4
112.8,45.6,63.6
112.8,45.6,64.8
112.8,45.6,66.0
112.8,45.6,67.2
112.8,45.6,68.4
112.8,45.6,69.6
112.8,45.6,70.8
112.8,45.6,72.0
112.8,45.6,73.2
112.8,45.6,74.4
112.8,45.6,75.6
112.8,46.8,40.8
112.8,46.8,42.0
112.8,46.8,43.2
112.8,46.8,44.4
112.8,46.8,45.6
112.8,46.8,46.8
112.8,46.8,48.0
112.8,46.8,49.2
112.8,46.8,50.4
112.8,46.8,51.6
112.8,46.8,52.8
112.8,46.8,54.0
112.8,46.8,55.2
112.8,46.8,56.4
112.8,46.8,57.6
112.8,46.8,58.8
112.8,46.8,60.0
112.8,46.8,61.2
112.8,46.8,62.4
112.8,46.8,63.6
112.8,46.8,64.8
112.8,46.8,66.0
112.8,46.8,67.2
112.8,46.8,68.4
112.8,46.8,69.6
112.8,46.8,70.8
112.8,46.8,72.0
112.8,46.8,73.2
112.8,46.8,74.4
112.8,46.8,75.6
112.8,46.8,76.8
112.8,48.0,42.0
112.8,48.0,43.2
112.8,48.0,44.4
112.8,48.0,45.6
112.8,48.0,46.8
112.8,48.0,48.0
112.8,48.0,49.2
112.8,48.0,50.4
112.8,48.0,51.6
112.8,48.0,52.8
112.8,48.0,54.0
112.8,48.0,55.2
112.8,48.0,56.4
112.8,48.0,57.6
112.8,48.0,58.8
112.8,48.0,60.0
112.8,48.0,61.2
112.8,48.0,62.4
112.8,48.0,63.6
112.8,48.0,64.8
112.8,48.0,66.0
112.8,48.0,67.2
112.8,48.0,68.4
112.8,48.0,69.6
112.8,48.0,70.8
112.8,48.0,72.0
112.8,48.0,73.2
112.8,48.0,74.4
112.8,48.0,75.6
112.8,48.0,76.8
112.8,48.0,78.0
112.8,49.2,43.2
112.8,49.2,44.4
112.8,49.2,45.6
112.8,49.2,46.8
112.8,49.2,48.0
112.8,49.2,49.2
112.8,49.2,50.4
112.8,49.2,51.6
112.8,49.2,52.8
112.8,49.2,54.0
112.8,49.2,55.2
112.8,49.2,56.4
112.8,49.2,57.6
112.8,49.2,58.8
112.8,49.2,60.0
112.8,49.2,61.2
112.8,49.2,62.4
112.8,49.2,63.6
112.8,49.2,64.8
112.8,49.2,66.0
112.8,49.2,67.2
112.8,49.2,68.4
112.8,49.2,69.6
112.8,49.2,70.8
112.8,49.2,72.0
112.8,49.2,73.2
112.8,49.2,74.4
112.8,49.2,75.6
112.8,49.2,76.8
112.8,49.2,78.0
112.8,49.2,79.2
112.8,50.4,44.4
112.8,50.4,45.6
112.8,50.4,46.8
112.8,50.4,48.0
112.8,50.4,49.2
112.8,50.4,50.4
112.8,50.4,51.6
112.8,50.4,52.8
112.8,50.4,54.0
112.8,50.4,55.2
112.8,50.4,56.4
112.8,50.4,57.6
112.8,50.4,58.8
112.8,50.4,60.0
112.8,50.4,61.2
112.8,50.4,62.4
112.8,50.4,63.6
112.8,50.4,64.8
112.8,50.4,66.0
112.8,50.4,67.2
112.8,50.4,68.4
112.8,50.4,69.6
112.8,50.4,70.8
112.8,50.4,72.0
112.8,50.4,73.2
112.8,50.4,74.4
112.8,50.4,75.6
112.8,50.4,76.8
112.8,50.4,78.0
112.8,50.4,79.2
112.8,50.4,80.4
112.8,51.6,45.6
112.8,51.6,46.8
112.8,51.6,48.0
112.8,51.6,49.2
112.8,51.6,50.4
112.8,51.6,51.6
112.8,51.6,52.8
112.8,51.6,54.0
112.8,51.6,55.2
112.8,51.6,56.4
112.8,51.6,57.6
112.8,51.6,58.8
112.8,51.6,60.0
112.8,51.6,61.2
112.8,51.6,62.4
112.8,51.6,63.6
112.8,51.6,64.8
112.8,51.6,66.0
112.8,51.6,67.2
112.8,51.6,68.4
112.8,51.6,69.6
112.8,51.6,70.8
112.8,51.6,72.0
112.8,51.6,73.2
112.8,51.6,74.4
112.8,51.6,75.6
112.8,51.6,76.8
112.8,51.6,78.0
112.8,51.6,79.2
112.8,51.6,80.4
112.8,51.6,81.6
112.8,52.8,46.8
112.8,52.8,48.0
112.8,52.8,49.2
112.8,52.8,50.4
112.8,52.8,51.6
112.8,52.8,52.8
112.8,52.8,54.0
112.8,52.8,55.2
112.8,52.8,56.4
112.8,52.8,57.6
112.8,52.8,58.8
112.8,52.8,60.0
112.8,52.8,61.2
112.8,52.8,62.4
112.8,52.8,63.6
112.8,52.8,64.8
112.8,52.8,66.0
112.8,52.8,67.2
112.8,52.8,68.4
112.8,52.8,69.6
112.8,52.8,70.8
112.8,52.8,72.0
112.8,52.8,73.2
112.8,52.8,74.4
112.8,52.8,75.6
112.8,52.8,76.8
112.8,52.8,78.0
112.8,52.8,79.2
112.8,52.8,80.4
112.8,52.8,81.6
112.8,52.8,82.8
114.0,6.0,24.0
114.0,7.2,24.0
114.0,8.4,24.0
114.0,9.6,24.0
114.0,10.8,24.0
114.0,12.0,24.0
114.0,13.2,24.0
114.0,14.4,24.0
114.0,15.6,24.0
114.0,16.8,24.0
114.0,18.0,24.0
114.0,19.2,24.0
114.0,20.4,24.0
114.0,21.6,24.0
114.0,22.8,24.0
114.0,24.0,24.0
114.0,25.2,24.0
114.0,26.4,24.0
114.0,27.6,24.0
114.0,28.8,24.0
114.0,30.0,24.0
114.0,31.2,25.2
114.0,32.4,26.4
114.0,33.6,27.6
114.0,34.8,28.8
114.0,36.0,30.0
114.0,37.2,31.2
114.0,38.4,32.4
114.0,39.6,33.6
114.0,40.8,34.8
114.0,42.0,36.0
114.0,42.0,37.2
114.0,42.0,38.4
114.0,42.0,39.6
114.0,42.0,40.8
114.0,42.0,42.0
114.0,42.0,43.2
114.0,42.0,44.4
114.0,42.0,45.6
114.0,42.0,46.8
114.0,42.0,48.0
114.0,42.0,49.2
114.0,42.0,50.4
114.0,42.0,51.6
114.0,42.0,52.8
114.0,42.0,54.0
114.0,42.0,55.2
114.0,42.0,56.4
114.0,42.0,57.6
114.0,42.0,58.8
114.0,42.0,60.0
114.0,42.0,61.2
114.0,42.0,62.4
114.0,42.0,63.6
114.0,42.0,64.8
114.0,42.0,66.0
114.0,42.0,67.2
114.0,42.0,68.4
114.0,42.0,69.6
114.0,42.0,70.8
114.0,42.0,72.0
114.0,43.2,37.2
114.0,43.2,38.4
114.0,43.2,39.6
114.0,43.2,40.8
114.0,43.2,42.0
114.0,43.2,43.2
114.0,43.2,44.4
114.0,43.2,45.6
114.0,43.2,46.8
114.0,43.2,48.0
114.0,43.2,49.2
114.0,43.2,50.4
114.0,43.2,51.6
114.0,43.2,52.8
114.0,43.2,54.0
114.0,43.2,55.2
114.0,43.2,56.4
114.0,43.2,57.6
114.0,43.2,58.8
114.0,43.2,60.0
114.0,43.2,61.2
114.0,43.2,62.4
114.0,43.2,63.6
114.0,43.2,64.8
114.0,43.2,66.0
114.0,43.2,67.2
114.0,43.2,68.4
114.0,43.2,69.6
114.0,43.2,70.8
114.0,43.2,72.0
114.0,43.2,73.2
114.0,44.4,38.4
114.0,44.4,39.6
114.0,44.4,40.8
114.0,44.4,42.0
114.0,44.4,43.2
114.0,44.4,44.4
114.0,44.4,45.6
114.0,44.4,46.8
114.0,44.4,48.0
114.0,44.4,49.2
114.0,44.4,50.4
114.0,44.4,51.6
114.0,44.4,52.8
114.0,44.4,54.0
114.0,44.4,55.2
114.0,44.4,56.4
114.0,44.4,57.6
114.0,44.4,58.8
114.0,44.4,60.0
114.0,44.4,61.2
114.0,44.4,62.4
114.0,44.4,63.6
114.0,44.4,64.8
114.0,44.4,66.0
114.0,44.4,67.2
114.0,44.4,68.4
114.0,44.4,69.6
114.0,44.4,70.8
114.0,44.4,72.0
114.0,44.4,73.2
114.0,44.4,74.4
114.0,45.6,39.6
114.0,45.6,40.8
114.0,45.6,42.0
114.0,45.6,43.2
114.0,45.6,44.4
114.0,45.6,45.6
114.0,45.6,46.8
114.0,45.6,48.0
114.0,45.6,49.2
114.0,45.6,50.4
114.0,45.6,51.6
114.0,45.6,52.8
114.0,45.6,54.0
114.0,45.6,55.2
114.0,45.6,56.4
114.0,45.6,57.6
114.0,45.6,58.8
114.0,45.6,60.0
114.0,45.6,61.2
114.0,45.6,62.4
114.0,45.6,63.6
114.0,45.6,64.8
114.0,45.6,66.0
114.0,45.6,67.2
114.0,45.6,68.4
114.0,45.6,69.6
114.0,45.6,70.8
114.0,45.6,72.0
114.0,45.6,73.2
114.0,45.6,74.4
114.0,45.6,75.6
114.0,46.8,40.8
114.0,46.8,42.0
114.0,46.8,43.2
114.0,46.8,44.4
114.0,46.8,45.6
114.0,46.8,46.8
114.0,46.8,48.0
114.0,46.8,49.2
114.0,46.8,50.4
114.0,46.8,51.6
114.0,46.8,52.8
114.0,46.8,54.0
114.0,46.8,55.2
114.0,46.8,56.4
114.0,46.8,57.6
114.0,46.8,58.8
114.0,46.8,60.0
114.0,46.8,61.2
114.0,46.8,62.4
114.0,46.8,63.6
114.0,46.8,64.8
114.0,46.8,66.0
114.0,46.8,67.2
114.0,46.8,68.4
114.0,46.8,69.6
114.0,46.8,70.8
114.0,46.8,72.0
114.0,46.8,73.2
114.0,46.8,74.4
114.0,46.8,75.6
114.0,46.8,76.8
114.0,48.0,42.0
114.0,48.0,43.2
114.0,48.0,44.4
114.0,48.0,45.6
114.0,48.0,46.8
114.0,48.0,48.0
114.0,48.0,49.2
114.0,48.0,50.4
114.0,48.0,51.6
114.0,48.0,52.8
114.0,48.0,54.0
114.0,48.0,55.2
114.0,48.0,56.4
114.0,48.0,57.6
114.0,48.0,58.8
114.0,48.0,60.0
114.0,48.0,61.2
114.0,48.0,62.4
114.0,48.0,63.6
114.0,48.0,64.8
114.0,48.0,66.0
114.0,48.0,67.2
114.0,48.0,68.4
114.0,48.0,69.6
114.0,48.0,70.8
114.0,48.0,72.0
114.0,48.0,73.2
114.0,48.0,74.4
114.0,48.0,75.6
114.0,48.0,76.8
114.0,48.0,78.0
114.0,49.2,43.2
114.0,49.2,44.4
114.0,49.2,45.6
114.0,49.2,46.8
114.0,49.2,48.0
114.0,49.2,49.2
114.0,49.2,50.4
114.0,49.2,51.6
114.0,49.2,52.8
114.0,49.2,54.0
114.0,49.2,55.2
114.0,49.2,56.4
114.0,49.2,57.6
114.0,49.2,58.8
114.0,49.2,60.0
114.0,49.2,61.2
114.0,49.2,62.4
114.0,49.2,63.6
114.0,49.2,64.8
114.0,49.2,66.0
114.0,49.2,67.2
114.0,49.2,68.4
114.0,49.2,69.6
114.0,49.2,70.8
114.0,49.2,72.0
114.0,49.2,73.2
114.0,49.2,74.4
114.0,49.2,75.6
114.0,49.2,76.8
114.0,49.2,78.0
114.0,49.2,79.2
114.0,50.4,44.4
114.0,50.4,45.6
114.0,50.4,46.8
114.0,50.4,48.0
114.0,50.4,49.2
114.0,50.4,50.4
114.0,50.4,51.6
114.0,50.4,52.8
114.0,50.4,54.0
114.0,50.4,55.2
114.0,50.4,56.4
114.0,50.4,57.6
114.0,50.4,58.8
114.0,50.4,60.0
114.0,50.4,61.2
114.0,50.4,62.4
114.0,50.4,63.6
114.0,50.4,64.8
114.0,50.4,66.0
114.0,50.4,67.2
114.0,50.4,68.4
114.0,50.4,69.6
114.0,50.4,70.8
114.0,50.4,72.0
114.0,50.4,73.2
114.0,50.4,74.4
114.0,50.4,75.6
114.0,50.4,76.8
114.0,50.4,78.0
114.0,50.4,79.2
114.0,50.4,80.4
114.0,51.6,45.6
114.0,51.6,46.8
114.0,51.6,48.0
114.0,51.6,49.2
114.0,51.6,50.4
114.0,51.6,51.6
114.0,51.6,52.8
114.0,51.6,54.0
114.0,51.6,55.2
114.0,51.6,56.4
114.0,51.6,57.6
114.0,51.6,58.8
114.0,51.6,60.0
114.0,51.6,61.2
114.0,51.6,62.4
114.0,51.6,63.6
114.0,51.6,64.8
114.0,51.6,66.0
114.0,51.6,67.2
114.0,51.6,68.4
114.0,51.6,69.6
114.0,51.6,70.8
114.0,51.6,72.0
114.0,51.6,73.2
114.0,51.6,74.4
114.0,51.6,75.6
114.0,51.6,76.8
114.0,51.6,78.0
114.0,51.6,79.2
114.0,51.6,80.4
114.0,51.6,81.6
114.0,52.8,46.8
114.0,52.8,48.0
114.0,52.8,49.2
114.0,52.8,50.4
114.0,52.8,51.6
114.0,52.8,52.8
114.0,52.8,54.0
114.0,52.8,55.2
114.0,52.8,56.4
114.0,52.8,57.6
114.0,52.8,58.8
114.0,52.8,60.0
114.0,52.8,61.2
114.0,52.8,62.4
114.0,52.8,63.6
114.0,52.8,64.8
114.0,52.8,66.0
114.0,52.8,67.2
114.0,52.8,68.4
114.0,52.8,69.6
114.0,52.8,70.8
114.0,52.8,72.0
114.0,52.8,73.2
114.0,52.8,74.4
114.0,52.8,75.6
114.0,52.8,76.8
114.0,52.8,78.0
114.0,52.8,79.2
114.0,52.8,80.4
114.0,52.8,81.6
114.0,52.8,82.8
114.0,54.0,48.0
114.0,54.0,49.2
114.0,54.0,50.4
114.0,54.0,51.6
114.0,54.0,52.8
114.0,54.0,54.0
114.0,54.0,55.2
114.0,54.0,56.4
114.0,54.0,57.6
114.0,54.0,58.8
114.0,54.0,60.0
114.0,54.0,61.2
114.0,54.0,62.4
114.0,54.0,63.6
114.0,54.0,64.8
114.0,54.0,66.0
114.0,54.0,67.2
114.0,54.0,68.4
114.0,54.0,69.6
114.0,54.0,70.8
114.0,54.0,72.0
114.0,54.0,73.2
114.0,54.0,74.4
114.0,54.0,75.6
114.0,54.0,76.8
114.0,54.0,78.0
114.0,54.0,79.2
114.0,54.0,80.4
114.0,54.0,81.6
114.0,54.0,82.8
114.0,54.0,84.0
114.0,55.2,85.2
114.0,56.4,86.4
114.0,57.6,87.6
114.0,58.8,88.8
114.0,60.0,90.0
114.0,61.2,91.2
114.0,62.4,92.4
114.0,63.6,93.6
114.0,64.8,94.8
114.0,66.0,96.0
114.0,67.2,96.0
114.0,68.4,96.0
114.0,69.6,96.0
114.0,70.8,96.0
114.0,72.0,96.0
114.0,73.2,96.0
114.0,74.4,96.0
114.0,75.6,96.0
114.0,76.8,96.0
114.0,78.0,96.0
114.0,79.2,96.0
114.0,80.4,96.0
114.0,81.6,96.0
114.0,82.8,96.0
114.0,84.0,96.0
114.0,85.2,96.0
114.0,86.4,96.0
114.0,87.6,96.0
114.0,88.8,96.0
114.0,90.0,96.0
115.2,43.2,37.2
115.2,43.2,38.4
115.2,43.2,39.6
115.2,43.2,40.8
115.2,43.2,42.0
115.2,43.2,43.2
115.2,43.2,44.4
115.2,43.2,45.6
115.2,43.2,46.8
115.2,43.2,48.0
115.2,43.2,49.2
115.2,43.2,50.4
115.2,43.2,51.6
115.2,43.2,52.8
115.2,43.2,54.0
115.2,43.2,55.2
115.2,43.2,56.4
115.2,43.2,57.6
115.2,43.2,58.8
115.2,43.2,60.0
115.2,43.2,61.2
115.2,43.2,62.4
115.2,43.2,63.6
115.2,43.2,64.8
115.2,43.2,66.0
115.2,43.2,67.2
115.2,43.2,68.4
115.2,43.2,69.6
115.2,43.2,70.8
115.2,43.2,72.0
115.2,43.2,73.2
115.2,44.4,38.4
115.2,44.4,39.6
115.2,44.4,40.8
115.2,44.4,42.0
115.2,44.4,43.2
115.2,44.4,44.4
115.2,44.4,45.6
115.2,44.4,46.8
115.2,44.4,48.0
115.2,44.4,49.2
115.2,44.4,50.4
115.2,44.4,51.6
115.2,44.4,52.8
115.2,44.4,54.0
115.2,44.4,55.2
115.2,44.4,56.4
115.2,44.4,57.6
115.2,44.4,58.8
115.2,44.4,60.0
115.2,44.4,61.2
115.2,44.4,62.4
115.2,44.4,63.6
115.2,44.4,64.8
115.2,44.4,66.0
115.2,44.4,67.2
115.2,44.4,68.4
115.2,44.4,69.6
115.2,44.4,70.8
115.2,44.4,72.0
115.2,44.4,73.2
115.2,44.4,74.4
115.2,45.6,39.6
115.2,45.6,40.8
115.2,45.6,42.0
115.2,45.6,43.2
115.2,45.6,44.4
115.2,45.6,45.6
115.2,45.6,46.8
115.2,45.6,48.0
115.2,45.6,49.2
115.2,45.6,50.4
115.2,45.6,51.6
115.2,45.6,52.8
115.2,45.6,54.0
115.2,45.6,55.2
115.2,45.6,56.4
115.2,45.6,57.6
115.2,45.6,58.8
115.2,45.6,60.0
115.2,45.6,61.2
115.2,45.6,62.4
115.2,45.6,63.6
115.2,45.6,64.8
115.2,45.6,66.0
115.2,45.6,67.2
115.2,45.6,68.4
115.2,45.6,69.6
115.2,45.6,70.8
115.2,45.6,72.0
115.2,45.6,73.2
115.2,45.6,74.4
115.2,45.6,75.6
115.2,46.8,40.8
115.2,46.8,42.0
115.2,46.8,43.2
115.2,46.8,44.4
115.2,46.8,45.6
115.2,46.8,46.8
115.2,46.8,48.0
115.2,46.8,49.2
115.2,46.8,50.4
115.2,46.8,51.6
115.2,46.8,52.8
115.2,46.8,54.0
115.2,46.8,55.2
115.2,46.8,56.4
115.2,46.8,57.6
115.2,46.8,58.8
115.2,46.8,60.0
115.2,46.8,61.2
115.2,46.8,62.4
115.2,46.8,63.6
115.2,46.8,64.8
115.2,46.8,66.0
115.2,46.8,67.2
115.2,46.8,68.4
115.2,46.8,69.6
115.2,46.8,70.8
115.2,46.8,72.0
115.2,46.8,73.2
115.2,46.8,74.4
115.2,46.8,75.6
115.2,46.8,76.8
115.2,48.0,42.0
115.2,48.0,43.2
115.2,48.0,44.4
115.2,48.0,45.6
115.2,48.0,46.8
115.2,48.0,48.0
115.2,48.0,49.2
115.2,48.0,50.4
115.2,48.0,51.6
115.2,48.0,52.8
115.2,48.0,54.0
115.2,48.0,55.2
115.2,48.0,56.4
115.2,48.0,57.6
115.2,48.0,58.8
115.2,48.0,60.0
115.2,48.0,61.2
115.2,48.0,62.4
115.2,48.0,63.6
115.2,48.0,64.8
115.2,48.0,66.0
115.2,48.0,67.2
115.2,48.0,68.4
115.2,48.0,69.6
115.2,48.0,70.8
115.2,48.0,72.0
115.2,48.0,73.2
115.2,48.0,74.4
115.2,48.0,75.6
115.2,48.0,76.8
115.2,48.0,78.0
115.2,49.2,43.2
115.2,49.2,44.4
115.2,49.2,45.6
115.2,49.2,46.8
115.2,49.2,48.0
115.2,49.2,49.2
115.2,49.2,50.4
115.2,49.2,51.6
115.2,49.2,52.8
115.2,49.2,54.0
115.2,49.2,55.2
115.2,49.2,56.4
115.2,49.2,57.6
115.2,49.2,58.8
115.2,49.2,60.0
115.2,49.2,61.2
115.2,49.2,62.4
115.2,49.2,63.6
115.2,49.2,64.8
115.2,49.2,66.0
115.2,49.2,67.2
115.2,49.2,68.4
115.2,49.2,69.6
115.2,49.2,70.8
115.2,49.2,72.0
115.2,49.2,73.2
115.2,49.2,74.4
115.2,49.2,75.6
115.2,49.2,76.8
115.2,49.2,78.0
115.2,49.2,79.2
115.2,50.4,44.4
115.2,50.4,45.6
115.2,50.4,46.8
115.2,50.4,48.0
115.2,50.4,49.2
115.2,50.4,50.4
115.2,50.4,51.6
115.2,50.4,52.8
115.2,50.4,54.0
115.2,50.4,55.2
115.2,50.4,56.4
115.2,50.4,57.6
115.2,50.4,58.8
115.2,50.4,60.0
115.2,50.4,61.2
115.2,50.4,62.4
115.2,50.4,63.6
115.2,50.4,64.8
115.2,50.4,66.0
115.2,50.4,67.2
115.2,50.4,68.4
115.2,50.4,69.6
115.2,50.4,70.8
115.2,50.4,72.0
115.2,50.4,73.2
115.2,50.4,74.4
115.2,50.4,75.6
115.2,50.4,76.8
115.2,50.4,78.0
115.2,50.4,79.2
115.2,50.4,80.4
115.2,51.6,45.6
115.2,51.6,46.8
115.2,51.6,48.0
115.2,51.6,49.2
115.2,51.6,50.4
115.2,51.6,51.6
115.2,51.6,52.8
115.2,51.6,54.0
115.2,51.6,55.2
115.2,51.6,56.4
115.2,51.6,57.6
115.2,51.6,58.8
115.2,51.6,60.0
115.2,51.6,61.2
115.2,51.6,62.4
115.2,51.6,63.6
115.2,51.6,64.8
115.2,51.6,66.0
115.2,51.6,67.2
115.2,51.6,68.4
115.2,51.6,69.6
115.2,51.6,70.8
115.2,51.6,72.0
115.2,51.6,73.2
115.2,51.6,74.4
115.2,51.6,75.6
115.2,51.6,76.8
115.2,51.6,78.0
115.2,51.6,79.2
115.2,51.6,80.4
115.2,51.6,81.6
115.2,52.8,46.8
115.2,52.8,48.0
115.2,52.8,49.2
115.2,52.8,50.4
115.2,52.8,51.6
115.2,52.8,52.8
115.2,52.8,54.0
115.2,52.8,55.2
115.2,52.8,56.4
115.2,52.8,57.6
115.2,52.8,58.8
115.2,52.8,60.0
115.2,52.8,61.2
115.2,52.8,62.4
115.2,52.8,63.6
115.2,52.8,64.8
115.2,52.8,66.0
115.2,52.8,67.2
115.2,52.8,68.4
115.2,52.8,69.6
115.2,52.8,70.8
115.2,52.8,72.0
115.2,52.8,73.2
115.2,52.8,74.4
115.2,52.8,75.6
115.2,52.8,76.8
115.2,52.8,78.0
115.2,52.8,79.2
115.2,52.8,80.4
115.2,52.8,81.6
115.2,52.8,82.8
115.2,54.0,48.0
115.2,54.0,49.2
115.2,54.0,50.4
115.2,54.0,51.6
115.2,54.0,52.8
115.2,54.0,54.0
115.2,54.0,55.2
115.2,54.0,56.4
115.2,54.0,57.6
115.2,54.0,58.8
115.2,54.0,60.0
115.2,54.0,61.2
115.2,54.0,62.4
115.2,54.0,63.6
115.2,54.0,64.8
115.2,54.0,66.0
115.2,54.0,67.2
115.2,54.0,68.4
115.2,54.0,69.6
115.2,54.0,70.8
115.2,54.0,72.0
115.2,54.0,73.2
115.2,54.0,74.4
115.2,54.0,75.6
115.2,54.0,76.8
115.2,54.0,78.0
115.2,54.0,79.2
115.2,54.0,80.4
115.2,54.0,81.6
115.2,54.0,82.8
115.2,54.0,84.0
115.2,55.2,49.2
115.2,55.2,50.4
115.2,55.2,51.6
115.2,55.2,52.8
115.2,55.2,54.0
115.2,55.2,55.2
115.2,55.2,56.4
115.2,55.2,57.6
115.2,55.2,58.8
115.2,55.2,60.0
115.2,55.2,61.2
115.2,55.2,62.4
115.2,55.2,63.6
115.2,55.2,64.8
115.2,55.2,66.0
115.2,55.2,67.2
115.2,55.2,68.4
115.2,55.2,69.6
115.2,55.2,70.8
115.2,55.2,72.0
115.2,55.2,73.2
115.2,55.2,74.4
115.2,55.2,75.6
115.2,55.2,76.8
115.2,55.2,78.0
115.2,55.2,79.2
115.2,55.2,80.4
115.2,55.2,81.6
115.2,55.2,82.8
115.2,55.2,84.0
115.2,55.2,85.2
115.2,56.4,85.2
115.2,56.4,86.4
115.2,57.6,86.4
115.2,57.6,87.6
115.2,58.8,87.6
115.2,58.8,88.8
115.2,60.0,88.8
115.2,60.0,90.0
115.2,61.2,90.0
115.2,61.2,91.2
115.2,62.4,91.2
115.2,62.4,92.4
115.2,63.6,92.4
115.2,63.6,93.6
115.2,64.8,93.6
115.2,64.8,94.8
115.2,66.0,94.8
115.2,66.0,96.0
115.2,67.2,96.0
115.2,67.2,97.2
115.2,68.4,96.0
115.2,68.4,97.2
115.2,69.6,96.0
115.2,69.6,97.2
115.2,70.8,96.0
115.2,70.8,97.2
115.2,72.0,96.0
115.2,72.0,97.2
115.2,73.2,96.0
115.2,73.2,97.2
115.2,74.4,96.0
115.2,74.4,97.2
115.2,75.6,96.0
115.2,75.6,97.2
115.2,76.8,96.0
115.2,76.8,97.2
115.2,78.0,96.0
115.2,78.0,97.2
115.2,79.2,96.0
115.2,79.2,97.2
115.2,80.4,96.0
115.2,80.4,97.2
115.2,81.6,96.0
115.2,81.6,97.2
115.2,82.8,96.0
115.2,82.8,97.2
115.2,84.0,96.0
115.2,84.0,97.2
115.2,85.2,96.0
115.2,85.2,97.2
115.2,86.4,96.0
115.2,86.4,97.2
115.2,87.6,96.0
115.2,87.6,97.2
115.2,88.8,96.0
115.2,88.8,97.2
115.2,90.0,96.0
115.2,90.0,97.2
116.4,44.4,38.4
116.4,44.4,39.6
116.4,44.4,40.8
116.4,44.4,42.0
116.4,44.4,43.2
116.4,44.4,44.4
116.4,44.4,45.6
116.4,44.4,46.8
116.4,44.4,48.0
116.4,44.4,49.2
116.4,44.4,50.4
116.4,44.4,51.6
116.4,44.4,52.8
116.4,44.4,54.0
116.4,44.4,55.2
116.4,44.4,56.4
116.4,44.4,57.6
116.4,44.4,58.8
116.4,44.4,60.0
116.4,44.4,61.2
116.4,44.4,62.4
116.4,44.4,63.6
116.4,44.4,64.8
116.4,44.4,66.0
116.4,44.4,67.2
116.4,44.4,68.4
116.4,44.4,69.6
116.4,44.4,70.8
116.4,44.4,72.0
116.4,44.4,73.2
116.4,44.4,74.4
116.4,45.6,39.6
116.4,45.6,40.8
116.4,45.6,42.0
116.4,45.6,43.2
116.4,45.6,44.4
116.4,45.6,45.6
116.4,45.6,46.8
116.4,45.6,48.0
116.4,45.6,49.2
116.4,45.6,50.4
116.4,45.6,51.6
116.4,45.6,52.8
116.4,45.6,54.0
116.4,45.6,55.2
116.4,45.6,56.4
116.4,45.6,57.6
116.4,45.6,58.8
116.4,45.6,60.0
116.4,45.6,61.2
116.4,45.6,62.4
116.4,45.6,63.6
116.4,45.6,64.8
116.4,45.6,66.0
116.4,45.6,67.2
116.4,45.6,68.4
116.4,45.6,69.6
116.4,45.6,70.8
116.4,45.6,72.0
116.4,45.6,73.2
116.4,45.6,74.4
116.4,45.6,75.6
116.4,46.8,40.8
116.4,46.8,42.0
116.4,46.8,43.2
116.4,46.8,44.4
116.4,46.8,45.6
116.4,46.8,46.8
116.4,46.8,48.0
116.4,46.8,49.2
116.4,46.8,50.4
116.4,46.8,51.6
116.4,46.8,52.8
116.4,46.8,54.0
116.4,46.8,55.2
116.4,46.8,56.4
116.4,46.8,57.6
116.4,46.8,58.8
116.4,46.8,60.0
116.4,46.8,61.2
116.4,46.8,62.4
116.4,46.8,63.6
116.4,46.8,64.8
116.4,46.8,66.0
116.4,46.8,67.2
116.4,46.8,68.4
116.4,46.8,69.6
116.4,46.8,70.8
116.4,46.8,72.0
116.4,46.8,73.2
116.4,46.8,74.4
116.4,46.8,75.6
116.4,46.8,76.8
116.4,48.0,42.0
116.4,48.0,43.2
116.4,48.0,44.4
116.4,48.0,45.6
116.4,48.0,46.8
116.4,48.0,48.0
116.4,48.0,49.2
116.4,48.0,50.4
116.4,48.0,51.6
116.4,48.0,52.8
116.4,48.0,54.0
116.4,48.0,55.2
116.4,48.0,56.4
116.4,48.0,57.6
116.4,48.0,58.8
116.4,48.0,60.0
116.4,48.0,61.2
116.4,48.0,62.4
116.4,48.0,63.6
116.4,48.0,64.8
116.4,48.0,66.0
116.4,48.0,67.2
116.4,48.0,68.4
116.4,48.0,69.6
116.4,48.0,70.8
116.4,48.0,72.0
116.4,48.0,73.2
116.4,48.0,74.4
116.4,48.0,75.6
116.4,48.0,76.8
116.4,48.0,78.0
116.4,49.2,43.2
116.4,49.2,44.4
116.4,49.2,45.6
116.4,49.2,46.8
116.4,49.2,48.0
116.4,49.2,49.2
116.4,49.2,50.4
116.4,49.2,51.6
116.4,49.2,52.8
116.4,49.2,54.0
116.4,49.2,55.2
116.4,49.2,56.4
116.4,49.2,57.6
116.4,49.2,58.8
116.4,49.2,60.0
116.4,49.2,61.2
116.4,49.2,62.4
116.4,49.2,63.6
116.4,49.2,64.8
116.4,49.2,66.0
116.4,49.2,67.2
116.4,49.2,68.4
116.4,49.2,69.6
116.4,49.2,70.8
116.4,49.2,72.0
116.4,49.2,73.2
116.4,49.2,74.4
116.4,49.2,75.6
116.4,49.2,76.8
116.4,49.2,78.0
116.4,49.2,79.2
116.4,50.4,44.4
116.4,50.4,45.6
116.4,50.4,46.8
116.4,50.4,48.0
116.4,50.4,49.2
116.4,50.4,50.4
116.4,50.4,51.6
116.4,50.4,52.8
116.4,50.4,54.0
116.4,50.4,55.2
116.4,50.4,56.4
116.4,50.4,57.6
116.4,50.4,58.8
116.4,50.4,60.0
116.4,50.4,61.2
116.4,50.4,62.4
116.4,50.4,63.6
116.4,50.4,64.8
116.4,50.4,66.0
116.4,50.4,67.2
116.4,50.4,68.4
116.4,50.4,69.6
116.4,50.4,70.8
116.4,50.4,72.0
116.4,50.4,73.2
116.4,50.4,74.4
116.4,50.4,75.6
116.4,50.4,76.8
116.4,50.4,78.0
116.4,50.4,79.2
116.4,50.4,80.4
116.4,51.6,45.6
116.4,51.6,46.8
116.4,51.6,48.0
116.4,51.6,49.2
116.4,51.6,50.4
116.4,51.6,51.6
116.4,51.6,52.8
116.4,51.6,54.0
116.4,51.6,55.2
116.4,51.6,56.4
116.4,51.6,57.6
116.4,51.6,58.8
116.4,51.6,60.0
116.4,51.6,61.2
116.4,51.6,62.4
116.4,51.6,63.6
116.4,51.6,64.8
116.4,51.6,66.0
116.4,51.6,67.2
116.4,51.6,68.4
116.4,51.6,69.6
116.4,51.6,70.8
116.4,51.6,72.0
116.4,51.6,73.2
116.4,51.6,74.4
116.4,51.6,75.6
116.4,51.6,76.8
116.4,51.6,78.0
116.4,51.6,79.2
116.4,51.6,80.4
116.4,51.6,81.6
116.4,52.8,46.8
116.4,52.8,48.0
116.4,52.8,49.2
116.4,52.8,50.4
116.4,52.8,51.6
116.4,52.8,52.8
116.4,52.8,54.0
116.4,52.8,55.2
116.4,52.8,56.4
116.4,52.8,57.6
116.4,52.8,58.8
116.4,52.8,60.0
116.4,52.8,61.2
116.4,52.8,62.4
116.4,52.8,63.6
116.4,52.8,64.8
116.4,52.8,66.0
116.4,52.8,67.2
116.4,52.8,68.4
116.4,52.8,69.6
116.4,52.8,70.8
116.4,52.8,72.0
116.4,52.8,73.2
116.4,52.8,74.4
116.4,52.8,75.6
116.4,52.8,76.8
116.4,52.8,78.0
116.4,52.8,79.2
116.4,52.8,80.4
116.4,52.8,81.6
116.4,52.8,82.8
116.4,54.0,48.0
116.4,54.0,49.2
116.4,54.0,50.4
116.4,54.0,51.6
116.4,54.0,52.8
116.4,54.0,54.0
116.4,54.0,55.2
116.4,54.0,56.4
116.4,54.0,57.6
116.4,54.0,58.8
116.4,54.0,60.0
116.4,54.0,61.2
116.4,54.0,62.4
116.4,54.0,63.6
116.4,54.0,64.8
116.4,54.0,66.0
116.4,54.0,67.2
116.4,54.0,68.4
116.4,54.0,69.6
116.4,54.0,70.8
116.4,54.0,72.0
116.4,54.0,73.2
116.4,54.0,74.4
116.4,54.0,75.6
116.4,54.0,76.8
116.4,54.0,78.0
116.4,54.0,79.2
116.4,54.0,80.4
116.4,54.0,81.6
116.4,54.0,82.8
116.4,54.0,84.0
116.4,55.2,49.2
116.4,55.2,50.4
116.4,55.2,51.6
116.4,55.2,52.8
116.4,55.2,54.0
116.4,55.2,55.2
116.4,55.2,56.4
116.4,55.2,57.6
116.4,55.2,58.8
116.4,55.2,60.0
116.4,55.2,61.2
116.4,55.2,62.4
116.4,55.2,63.6
116.4,55.2,64.8
116.4,55.2,66.0
116.4,55.2,67.2
116.4,55.2,68.4
116.4,55.2,69.6
116.4,55.2,70.8
116.4,55.2,72.0
116.4,55.2,73.2
116.4,55.2,74.4
116.4,55.2,75.6
116.4,55.2,76.8
116.4,55.2,78.0
116.4,55.2,79.2
116.4,55.2,80.4
116.4,55.2,81.6
116.4,55.2,82.8
116.4,55.2,84.0
116.4,55.2,85.2
116.4,56.4,50.4
116.4,56.4,51.6
116.4,56.4,52.8
116.4,56.4,54.0
116.4,56.4,55.2
116.4,56.4,56.4
116.4,56.4,57.6
116.4,56.4,58.8
116.4,56.4,60.0
116.4,56.4,61.2
116.4,56.4,62.4
116.4,56.4,63.6
116.4,56.4,64.8
116.4,56.4,66.0
116.4,56.4,67.2
116.4,56.4,68.4
116.4,56.4,69.6
116.4,56.4,70.8
116.4,56.4,72.0
116.4,56.4,73.2
116.4,56.4,74.4
116.4,56.4,75.6
116.4,56.4,76.8
116.4,56.4,78.0
116.4,56.4,79.2
116.4,56.4,80.4
116.4,56.4,81.6
116.4,56.4,82.8
116.4,56.4,84.0
116.4,56.4,85.2
116.4,56.4,86.4
116.4,57.6,85.2
116.4,57.6,86.4
116.4,57.6,87.6
116.4,58.8,86.4
116.4,58.8,87.6
116.4,58.8,88.8
116.4,60.0,87.6
116.4,60.0,88.8
116.4,60.0,90.0
116.4,61.2,88.8
116.4,61.2,90.0
116.4,61.2,91.2
116.4,62.4,90.0
116.4,62.4,91.2
116.4,62.4,92.4
116.4,63.6,91.2
116.4,63.6,92.4
116.4,63.6,93.6
116.4,64.8,92.4
116.4,64.8,93.6
116.4,64.8,94.8
116.4,66.0,93.6
116.4,66.0,94.8
116.4,66.0,96.0
116.4,67.2,94.8
116.4,67.2,96.0
116.4,67.2,97.2
116.4,68.4,96.0
116.4,68.4,97.2
116.4,68.4,98.4
116.4,69.6,96.0
116.4,69.6,97.2
116.4,69.6,98.4
116.4,70.8,96.0
116.4,70.8,97.2
116.4,70.8,98.4
116.4,72.0,96.0
116.4,72.0,97.2
116.4,72.0,98.4
116.4,73.2,96.0
116.4,73.2,97.2
116.4,73.2,98.4
116.4,74.4,96.0
116.4,74.4,97.2
116.4,74.4,98.4
116.4,75.6,96.0
116.4,75.6,97.2
116.4,75.6,98.4
116.4,76.8,96.0
116.4,76.8,97.2
116.4,76.8,98.4
116.4,78.0,96.0
116.4,78.0,97.2
116.4,78.0,98.4
116.4,79.2,96.0
116.4,79.2,97.2
116.4,79.2,98.4
116.4,80.4,96.0
116.4,80.4,97.2
116.4,80.4,98.4
116.4,81.6,96.0
116.4,81.6,97.2
116.4,81.6,98.4
116.4,82.8,96.0
116.4,82.8,97.2
116.4,82.8,98.4
116.4,84.0,96.0
116.4,84.0,97.2
116.4,84.0,98.4
116.4,85.2,96.0
116.4,85.2,97.2
116.4,85.2,98.4
116.4,86.4,96.0
116.4,86.4,97.2
116.4,86.4,98.4
116.4,87.6,96.0
116.4,87.6,97.2
116.4,87.6,98.4
116.4,88.8,96.0
116.4,88.8,97.2
116.4,88.8,98.4
116.4,90.0,96.0
116.4,90.0,97.2
116.4,90.0,98.4
117.6,45.6,39.6
117.6,45.6,40.8
117.6,45.6,42.0
117.6,45.6,43.2
117.6,45.6,44.4
117.6,45.6,45.6
117.6,45.6,46.8
117.6,45.6,48.0
117.6,45.6,49.2
117.6,45.6,50.4
117.6,45.6,51.6
117.6,45.6,52.8
117.6,45.6,54.0
117.6,45.6,55.2
117.6,45.6,56.4
117.6,45.6,57.6
117.6,45.6,58.8
117.6,45.6,60.0
117.6,45.6,61.2
117.6,45.6,62.4
117.6,45.6,63.6
117.6,45.6,64.8
117.6,45.6,66.0
117.6,45.6,67.2
117.6,45.6,68.4
117.6,45.6,69.6
117.6,45.6,70.8
117.6,45.6,72.0
117.6,45.6,73.2
117.6,45.6,74.4
117.6,45.6,75.6
117.6,46.8,40.8
117.6,46.8,42.0
117.6,46.8,43.2
117.6,46.8,44.4
117.6,46.8,45.6
117.6,46.8,46.8
117.6,46.8,48.0
117.6,46.8,49.2
117.6,46.8,50.4
117.6,46.8,51.6
117.6,46.8,52.8
117.6,46.8,54.0
117.6,46.8,55.2
117.6,46.8,56.4
117.6,46.8,57.6
117.6,46.8,58.8
117.6,46.8,60.0
117.6,46.8,61.2
117.6,46.8,62.4
117.6,46.8,63.6
117.6,46.8,64.8
117.6,46.8,66.0
117.6,46.8,67.2
117.6,46.8,68.4
117.6,46.8,69.6
117.6,46.8,70.8
117.6,46.8,72.0
117.6,46.8,73.2
117.6,46.8,74.4
117.6,46.8,75.6
117.6,46.8,76.8
117.6,48.0,42.0
117.6,48.0,43.2
117.6,48.0,44.4
117.6,48.0,45.6
117.6,48.0,46.8
117.6,48.0,48.0
117.6,48.0,49.2
117.6,48.0,50.4
117.6,48.0,51.6
117.6,48.0,52.8
117.6,48.0,54.0
117.6,48.0,55.2
117.6,48.0,56.4
117.6,48.0,57.6
117.6,48.0,58.8
117.6,48.0,60.0
117.6,48.0,61.2
117.6,48.0,62.4
117.6,48.0,63.6
117.6,48.0,64.8
117.6,48.0,66.0
117.6,48.0,67.2
117.6,48.0,68.4
117.6,48.0,69.6
117.6,48.0,70.8
117.6,48.0,72.0
117.6,48.0,73.2
117.6,48.0,74.4
117.6,48.0,75.6
117.6,48.0,76.8
117.6,48.0,78.0
117.6,49.2,43.2
117.6,49.2,44.4
117.6,49.2,45.6
117.6,49.2,46.8
117.6,49.2,48.0
117.6,49.2,49.2
117.6,49.2,50.4
117.6,49.2,51.6
117.6,49.2,52.8
117.6,49.2,54.0
117.6,49.2,55.2
117.6,49.2,56.4
117.6,49.2,57.6
117.6,49.2,58.8
117.6,49.2,60.0
117.6,49.2,61.2
117.6,49.2,62.4
117.6,49.2,63.6
117.6,49.2,64.8
117.6,49.2,66.0
117.6,49.2,67.2
117.6,49.2,68.4
117.6,49.2,69.6
117.6,49.2,70.8
117.6,49.2,72.0
117.6,49.2,73.2
117.6,49.2,74.4
117.6,49.2,75.6
117.6,49.2,76.8
117.6,49.2,78.0
117.6,49.2,79.2
117.6,50.4,44.4
117.6,50.4,45.6
117.6,50.4,46.8
117.6,50.4,48.0
117.6,50.4,49.2
117.6,50.4,50.4
117.6,50.4,51.6
117.6,50.4,52.8
117.6,50.4,54.0
117.6,50.4,55.2
117.6,50.4,56.4
117.6,50.4,57.6
117.6,50.4,58.8
117.6,50.4,60.0
117.6,50.4,61.2
117.6,50.4,62.4
117.6,50.4,63.6
117.6,50.4,64.8
117.6,50.4,66.0
117.6,50.4,67.2
117.6,50.4,68.4
117.6,50.4,69.6
117.6,50.4,70.8
117.6,50.4,72.0
117.6,50.4,73.2
117.6,50.4,74.4
117.6,50.4,75.6
117.6,50.4,76.8
117.6,50.4,78.0
117.6,50.4,79.2
117.6,50.4,80.4
117.6,51.6,45.6
117.6,51.6,46.8
117.6,51.6,48.0
117.6,51.6,49.2
117.6,51.6,50.4
117.6,51.6,51.6
117.6,51.6,52.8
117.6,51.6,54.0
117.6,51.6,55.2
117.6,51.6,56.4
117.6,51.6,57.6
117.6,51.6,58.8
117.6,51.6,60.0
117.6,51.6,61.2
117.6,51.6,62.4
117.6,51.6,63.6
117.6,51.6,64.8
117.6,51.6,66.0
117.6,51.6,67.2
117.6,51.6,68.4
117.6,51.6,69.6
117.6,51.6,70.8
117.6,51.6,72.0
117.6,51.6,73.2
117.6,51.6,74.4
117.6,51.6,75.6
117.6,51.6,76.8
117.6,51.6,78.0
117.6,51.6,79.2
117.6,51.6,80.4
117.6,51.6,81.6
117.6,52.8,46.8
117.6,52.8,48.0
117.6,52.8,49.2
117.6,52.8,50.4
117.6,52.8,51.6
117.6,52.8,52.8
117.6,52.8,54.0
117.6,52.8,55.2
117.6,52.8,56.4
117.6,52.8,57.6
117.6,52.8,58.8
117.6,52.8,60.0
117.6,52.8,61.2
117.6,52.8,62.4
117.6,52.8,63.6
117.6,52.8,64.8
117.6,52.8,66.0
117.6,52.8,67.2
117.6,52.8,68.4
117.6,52.8,69.6
117.6,52.8,70.8
117.6,52.8,72.0
117.6,52.8,73.2
117.6,52.8,74.4
117.6,52.8,75.6
117.6,52.8,76.8
117.6,52.8,78.0
117.6,52.8,79.2
117.6,52.8,80.4
117.6,52.8,81.6
117.6,52.8,82.8
117.6,54.0,48.0
117.6,54.0,49.2
117.6,54.0,50.4
117.6,54.0,51.6
117.6,54.0,52.8
117.6,54.0,54.0
117.6,54.0,55.2
117.6,54.0,56.4
117.6,54.0,57.6
117.6,54.0,58.8
117.6,54.0,60.0
117.6,54.0,61.2
117.6,54.0,62.4
117.6,54.0,63.6
117.6,54.0,64.8
117.6,54.0,66.0
117.6,54.0,67.2
117.6,54.0,68.4
117.6,54.0,69.6
117.6,54.0,70.8
117.6,54.0,72.0
117.6,54.0,73.2
117.6,54.0,74.4
117.6,54.0,75.6
117.6,54.0,76.8
117.6,54.0,78.0
117.6,54.0,79.2
117.6,54.0,80.4
117.6,54.0,81.6
117.6,54.0,82.8
117.6,54.0,84.0
117.6,55.2,49.2
117.6,55.2,50.4
117.6,55.2,51.6
117.6,55.2,52.8
117.6,55.2,54.0
117.6,55.2,55.2
117.6,55.2,56.4
117.6,55.2,57.6
117.6,55.2,58.8
117.6,55.2,60.0
117.6,55.2,61.2
117.6,55.2,62.4
117.6,55.2,63.6
117.6,55.2,64.8
117.6,55.2,66.0
117.6,55.2,67.2
117.6,55.2,68.4
117.6,55.2,69.6
117.6,55.2,70.8
117.6,55.2,72.0
117.6,55.2,73.2
117.6,55.2,74.4
117.6,55.2,75.6
117.6,55.2,76.8
117.6,55.2,78.0
117.6,55.2,79.2
117.6,55.2,80.4
117.6,55.2,81.6
117.6,55.2,82.8
117.6,55.2,84.0
117.6,55.2,85.2
117.6,56.4,50.4
117.6,56.4,51.6
117.6,56.4,52.8
117.6,56.4,54.0
117.6,56.4,55.2
117.6,56.4,56.4
117.6,56.4,57.6
117.6,56.4,58.8
117.6,56.4,60.0
117.6,56.4,61.2
117.6,56.4,62.4
117.6,56.4,63.6
117.6,56.4,64.8
117.6,56.4,66.0
117.6,56.4,67.2
117.6,56.4,68.4
117.6,56.4,69.6
117.6,56.4,70.8
117.6,56.4,72.0
117.6,56.4,73.2
117.6,56.4,74.4
117.6,56.4,75.6
117.6,56.4,76.8
117.6,56.4,78.0
117.6,56.4,79.2
117.6,56.4,80.4
117.6,56.4,81.6
117.6,56.4,82.8
117.6,56.4,84.0
117.6,56.4,85.2
117.6,56.4,86.4
117.6,57.6,51.6
117.6,57.6,52.8
117.6,57.6,54.0
117.6,57.6,55.2
117.6,57.6,56.4
117.6,57.6,57.6
117.6,57.6,58.8
117.6,57.6,60.0
117.6,57.6,61.2
117.6,57.6,62.4
117.6,57.6,63.6
117.6,57.6,64.8
117.6,57.6,66.0
117.6,57.6,67.2
117.6,57.6,68.4
117.6,57.6,69.6
117.6,57.6,70.8
117.6,57.6,72.0
117.6,57.6,73.2
117.6,57.6,74.4
117.6,57.6,75.6
117.6,57.6,76.8
117.6,57.6,78.0
117.6,57.6,79.2
117.6,57.6,80.4
117.6,57.6,81.6
117.6,57.6,82.8
117.6,57.6,84.0
117.6,57.6,85.2
117.6,57.6,86.4
117.6,57.6,87.6
117.6,58.8,85.2
117.6,58.8,86.4
117.6,58.8,87.6
117.6,58.8,88.8
117.6,60.0,86.4
117.6,60.0,87.6
117.6,60.0,88.8
117.6,60.0,90.0
117.6,61.2,87.6
117.6,61.2,88.8
117.6,61.2,90.0
117.6,61.2,91.2
117.6,62.4,88.8
117.6,62.4,90.0
117.6,62.4,91.2
117.6,62.4,92.4
117.6,63.6,90.0
117.6,63.6,91.2
117.6,63.6,92.4
117.6,63.6,93.6
117.6,64.8,91.2
117.6,64.8,92.4
117.6,64.8,93.6
117.6,64.8,94.8
117.6,66.0,92.4
117.6,66.0,93.6
117.6,66.0,94.8
117.6,66.0,96.0
117.6,67.2,93.6
117.6,67.2,94.8
117.6,67.2,96.0
117.6,67.2,97.2
117.6,68.4,94.8
117.6,68.4,96.0
117.6,68.4,97.2
117.6,68.4,98.4
117.6,69.6,96.0
117.6,69.6,97.2
117.6,69.6,98.4
117.6,69.6,99.6
117.6,70.8,96.0
117.6,70.8,97.2
117.6,70.8,98.4
117.6,70.8,99.6
117.6,72.0,96.0
117.6,72.0,97.2
117.6,72.0,98.4
117.6,72.0,99.6
117.6,73.2,96.0
117.6,73.2,97.2
117.6,73.2,98.4
117.6,73.2,99.6
117.6,74.4,96.0
117.6,74.4,97.2
117.6,74.4,98.4
117.6,74.4,99.6
117.6,75.6,96.0
117.6,75.6,97.2
117.6,75.6,98.4
117.6,75.6,99.6
117.6,76.8,96.0
117.6,76.8,97.2
117.6,76.8,98.4
117.6,76.8,99.6
117.6,78.0,96.0
117.6,78.0,97.2
117.6,78.0,98.4
117.6,78.0,99.6
117.6,79.2,96.0
117.6,79.2,97.2
117.6,79.2,98.4
117.6,79.2,99.6
117.6,80.4,96.0
117.6,80.4,97.2
117.6,80.4,98.4
117.6,80.4,99.6
117.6,81.6,96.0
117.6,81.6,97.2
117.6,81.6,98.4
117.6,81.6,99.6
117.6,82.8,96.0
117.6,82.8,97.2
117.6,82.8,98.4
117.6,82.8,99.6
117.6,84.0,96.0
117.6,84.0,97.2
117.6,84.0,98.4
117.6,84.0,99.6
117.6,85.2,96.0
117.6,85.2,97.2
117.6,85.2,98.4
117.6,85.2,99.6
117.6,86.4,96.0
117.6,86.4,97.2
117.6,86.4,98.4
117.6,86.4,99.6
117.6,87.6,96.0
117.6,87.6,97.2
117.6,87.6,98.4
117.6,87.6,99.6
117.6,88.8,96.0
117.6,88.8,97.2
117.6,88.8,98.4
117.6,88.8,99.6
117.6,90.0,96.0
117.6,90.0,97.2
117.6,90.0,98.4
117.6,90.0,99.6
118.8,46.8,40.8
118.8,46.8,42.0
118.8,46.8,43.2
118.8,46.8,44.4
118.8,46.8,45.6
118.8,46.8,46.8
118.8,46.8,48.0
118.8,46.8,49.2
118.8,46.8,50.4
118.8,46.8,51.6
118.8,46.8,52.8
118.8,46.8,54.0
118.8,46.8,55.2
118.8,46.8,56.4
118.8,46.8,57.6
118.8,46.8,58.8
118.8,46.8,60.0
118.8,46.8,61.2
118.8,46.8,62.4
118.8,46.8,63.6
118.8,46.8,64.8
118.8,46.8,66.0
118.8,46.8,67.2
118.8,46.8,68.4
118.8,46.8,69.6
118.8,46.8,70.8
118.8,46.8,72.0
118.8,46.8,73.2
118.8,46.8,74.4
118.8,46.8,75.6
118.8,46.8,76.8
118.8,48.0,42.0
118.8,48.0,43.2
118.8,48.0,44.4
118.8,48.0,45.6
118.8,48.0,46.8
118.8,48.0,48.0
118.8,48.0,49.2
118.8,48.0,50.4
118.8,48.0,51.6
118.8,48.0,52.8
118.8,48.0,54.0
118.8,48.0,55.2
118.8,48.0,56.4
118.8,48.0,57.6
118.8,48.0,58.8
118.8,48.0,60.0
118.8,48.0,61.2
118.8,48.0,62.4
118.8,48.0,63.6
118.8,48.0,64.8
118.8,48.0,66.0
118.8,48.0,67.2
118.8,48.0,68.4
118.8,48.0,69.6
118.8,48.0,70.8
118.8,48.0,72.0
118.8,48.0,73.2
118.8,48.0,74.4
118.8,48.0,75.6
118.8,48.0,76.8
118.8,48.0,78.0
118.8,49.2,43.2
118.8,49.2,44.4
118.8,49.2,45.6
118.8,49.2,46.8
118.8,49.2,48.0
118.8,49.2,49.2
118.8,49.2,50.4
118.8,49.2,51.6
118.8,49.2,52.8
118.8,49.2,54.0
118.8,49.2,55.2
118.8,49.2,56.4
118.8,49.2,57.6
118.8,49.2,58.8
118.8,49.2,60.0
118.8,49.2,61.2
118.8,49.2,62.4
118.8,49.2,63.6
118.8,49.2,64.8
118.8,49.2,66.0
118.8,49.2,67.2
118.8,49.2,68.4
118.8,49.2,69.6
118.8,49.2,70.8
118.8,49.2,72.0
118.8,49.2,73.2
118.8,49.2,74.4
118.8,49.2,75.6
118.8,49.2,76.8
118.8,49.2,78.0
118.8,49.2,79.2
118.8,50.4,44.4
118.8,50.4,45.6
118.8,50.4,46.8
118.8,50.4,48.0
118.8,50.4,49.2
118.8,50.4,50.4
118.8,50.4,51.6
118.8,50.4,52.8
118.8,50.4,54.0
118.8,50.4,55.2
118.8,50.4,56.4
118.8,50.4,57.6
118.8,50.4,58.8
118.8,50.4,60.0
118.8,50.4,61.2
118.8,50.4,62.4
118.8,50.4,63.6
118.8,50.4,64.8
118.8,50.4,66.0
118.8,50.4,67.2
118.8,50.4,68.4
118.8,50.4,69.6
118.8,50.4,70.8
118.8,50.4,72.0
118.8,50.4,73.2
118.8,50.4,74.4
118.8,50.4,75.6
118.8,50.4,76.8
118.8,50.4,78.0
118.8,50.4,79.2
118.8,50.4,80.4
118.8,51.6,45.6
118.8,51.6,46.8
118.8,51.6,48.0
118.8,51.6,49.2
118.8,51.6,50.4
118.8,51.6,51.6
118.8,51.6,52.8
118.8,51.6,54.0
118.8,51.6,55.2
118.8,51.6,56.4
118.8,51.6,57.6
118.8,51.6,58.8
118.8,51.6,60.0
118.8,51.6,61.2
118.8,51.6,62.4
118.8,51.6,63.6
118.8,51.6,64.8
118.8,51.6,66.0
118.8,51.6,67.2
118.8,51.6,68.4
118.8,51.6,69.6
118.8,51.6,70.8
118.8,51.6,72.0
118.8,51.6,73.2
118.8,51.6,74.4
118.8,51.6,75.6
118.8,51.6,76.8
118.8,51.6,78.0
118.8,51.6,79.2
118.8,51.6,80.4
118.8,51.6,81.6
118.8,52.8,46.8
118.8,52.8,48.0
118.8,52.8,49.2
118.8,52.8,50.4
118.8,52.8,51.6
118.8,52.8,52.8
118.8,52.8,54.0
118.8,52.8,55.2
118.8,52.8,56.4
118.8,52.8,57.6
118.8,52.8,58.8
118.8,52.8,60.0
118.8,52.8,61.2
118.8,52.8,62.4
118.8,52.8,63.6
118.8,52.8,64.8
118.8,52.8,66.0
118.8,52.8,67.2
118.8,52.8,68.4
118.8,52.8,69.6
118.8,52.8,70.8
118.8,52.8,72.0
118.8,52.8,73.2
118.8,52.8,74.4
118.8,52.8,75.6
118.8,52.8,76.8
118.8,52.8,78.0
118.8,52.8,79.2
118.8,52.8,80.4
118.8,52.8,81.6
118.8,52.8,82.8
118.8,54.0,48.0
118.8,54.0,49.2
118.8,54.0,50.4
118.8,54.0,51.6
118.8,54.0,52.8
118.8,54.0,54.0
118.8,54.0,55.2
118.8,54.0,56.4
118.8,54.0,57.6
118.8,54.0,58.8
118.8,54.0,60.0
118.8,54.0,61.2
118.8,54.0,62.4
118.8,54.0,63.6
118.8,54.0,64.8
118.8,54.0,66.0
118.8,54.0,67.2
118.8,54.0,68.4
118.8,54.0,69.6
118.8,54.0,70.8
118.8,54.0,72.0
118.8,54.0,73.2
118.8,54.0,74.4
118.8,54.0,75.6
118.8,54.0,76.8
118.8,54.0,78.0
118.8,54.0,79.2
118.8,54.0,80.4
118.8,54.0,81.6
118.8,54.0,82.8
118.8,54.0,84.0
118.8,55.2,49.2
118.8,55.2,50.4
118.8,55.2,51.6
118.8,55.2,52.8
118.8,55.2,54.0
118.8,55.2,55.2
118.8,55.2,56.4
118.8,55.2,57.6
118.8,55.2,58.8
118.8,55.2,60.0
118.8,55.2,61.2
118.8,55.2,62.4
118.8,55.2,63.6
118.8,55.2,64.8
118.8,55.2,66.0
118.8,55.2,67.2
118.8,55.2,68.4
118.8,55.2,69.6
118.8,55.2,70.8
118.8,55.2,72.0
118.8,55.2,73.2
118.8,55.2,74.4
118.8,55.2,75.6
118.8,55.2,76.8
118.8,55.2,78.0
118.8,55.2,79.2
118.8,55.2,80.4
118.8,55.2,81.6
118.8,55.2,82.8
118.8,55.2,84.0
118.8,55.2,85.2
118.8,56.4,50.4
118.8,56.4,51.6
118.8,56.4,52.8
118.8,56.4,54.0
118.8,56.4,55.2
118.8,56.4,56.4
118.8,56.4,57.6
118.8,56.4,58.8
118.8,56.4,60.0
118.8,56.4,61.2
118.8,56.4,62.4
118.8,56.4,63.6
118.8,56.4,64.8
118.8,56.4,66.0
118.8,56.4,67.2
118.8,56.4,68.4
118.8,56.4,69.6
118.8,56.4,70.8
118.8,56.4,72.0
118.8,56.4,73.2
118.8,56.4,74.4
118.8,56.4,75.6
118.8,56.4,76.8
118.8,56.4,78.0
118.8,56.4,79.2
118.8,56.4,80.4
118.8,56.4,81.6
118.8,56.4,82.8
118.8,56.4,84.0
118.8,56.4,85.2
118.8,56.4,86.4
118.8,57.6,51.6
118.8,57.6,52.8
118.8,57.6,54.0
118.8,57.6,55.2
118.8,57.6,56.4
118.8,57.6,57.6
118.8,57.6,58.8
118.8,57.6,60.0
118.8,57.6,61.2
118.8,57.6,62.4
118.8,57.6,63.6
118.8,57.6,64.8
118.8,57.6,66.0
118.8,57.6,67.2
118.8,57.6,68.4
118.8,57.6,69.6
118.8,57.6,70.8
118.8,57.6,72.0
118.8,57.6,73.2
118.8,57.6,74.4
118.8,57.6,75.6
118.8,57.6,76.8
118.8,57.6,78.0
118.8,57.6,79.2
118.8,57.6,80.4
118.8,57.6,81.6
118.8,57.6,82.8
118.8,57.6,84.0
118.8,57.6,85.2
118.8,57.6,86.4
118.8,57.6,87.6
118.8,58.8,52.8
118.8,58.8,54.0
118.8,58.8,55.2
118.8,58.8,56.4
118.8,58.8,57.6
118.8,58.8,58.8
118.8,58.8,60.0
118.8,58.8,61.2
118.8,58.8,62.4
118.8,58.8,63.6
118.8,58.8,64.8
118.8,58.8,66.0
118.8,58.8,67.2
118.8,58.8,68.4
118.8,58.8,69.6
118.8,58.8,70.8
118.8,58.8,72.0
118.8,58.8,73.2
118.8,58.8,74.4
118.8,58.8,75.6
118.8,58.8,76.8
118.8,58.8,78.0
118.8,58.8,79.2
118.8,58.8,80.4
118.8,58.8,81.6
118.8,58.8,82.8
118.8,58.8,84.0
118.8,58.8,85.2
118.8,58.8,86.4
118.8,58.8,87.6
118.8,58.8,88.8
118.8,60.0,85.2
118.8,60.0,86.4
118.8,60.0,87.6
118.8,60.0,88.8
118.8,60.0,90.0
118.8,61.2,86.4
118.8,61.2,87.6
118.8,61.2,88.8
118.8,61.2,90.0
118.8,61.2,91.2
118.8,62.4,87.6
118.8,62.4,88.8
118.8,62.4,90.0
118.8,62.4,91.2
118.8,62.4,92.4
118.8,63.6,88.8
118.8,63.6,90.0
118.8,63.6,91.2
118.8,63.6,92.4
118.8,63.6,93.6
118.8,64.8,90.0
118.8,64.8,91.2
118.8,64.8,92.4
118.8,64.8,93.6
118.8,64.8,94.8
118.8,66.0,91.2
118.8,66.0,92.4
118.8,66.0,93.6
118.8,66.0,94.8
118.8,66.0,96.0
118.8,67.2,92.4
118.8,67.2,93.6
118.8,67.2,94.8
118.8,67.2,96.0
118.8,67.2,97.2
118.8,68.4,93.6
118.8,68.4,94.8
118.8,68.4,96.0
118.8,68.4,97.2
118.8,68.4,98.4
118.8,69.6,94.8
118.8,69.6,96.0
118.8,69.6,97.2
118.8,69.6,98.4
118.8,69.6,99.6
118.8,70.8,96.0
118.8,70.8,97.2
118.8,70.8,98.4
118.8,70.8,99.6
118.8,70.8,100.8
118.8,72.0,96.0
118.8,72.0,97.2
118.8,72.0,98.4
118.8,72.0,99.6
118.8,72.0,100.8
118.8,73.2,96.0
118.8,73.2,97.2
118.8,73.2,98.4
118.8,73.2,99.6
118.8,73.2,100.8
118.8,74.4,96.0
118.8,74.4,97.2
118.8,74.4,98.4
118.8,74.4,99.6
118.8,74.4,100.8
118.8,75.6,96.0
118.8,75.6,97.2
118.8,75.6,98.4
118.8,75.6,99.6
118.8,75.6,100.8
118.8,76.8,96.0
118.8,76.8,97.2
118.8,76.8,98.4
118.8,76.8,99.6
118.8,76.8,100.8
118.8,78.0,96.0
118.8,78.0,97.2
118.8,78.0,98.4
118.8,78.0,99.6
118.8,78.0,100.8
118.8,79.2,96.0
118.8,79.2,97.2
118.8,79.2,98.4
118.8,79.2,99.6
118.8,79.2,100.8
118.8,80.4,96.0
118.8,80.4,97.2
118.8,80.4,98.4
118.8,80.4,99.6
118.8,80.4,100.8
118.8,81.6,96.0
118.8,81.6,97.2
118.8,81.6,98.4
118.8,81.6,99.6
118.8,81.6,100.8
118.8,82.8,96.0
118.8,82.8,97.2
118.8,82.8,98.4
118.8,82.8,99.6
118.8,82.8,100.8
118.8,84.0,96.0
118.8,84.0,97.2
118.8,84.0,98.4
118.8,84.0,99.6
118.8,84.0,100.8
118.8,85.2,96.0
118.8,85.2,97.2
118.8,85.2,98.4
118.8,85.2,99.6
118.8,85.2,100.8
118.8,86.4,96.0
118.8,86.4,97.2
118.8,86.4,98.4
118.8,86.4,99.6
118.8,86.4,100.8
118.8,87.6,96.0
118.8,87.6,97.2
118.8,87.6,98.4
118.8,87.6,99.6
118.8,87.6,100.8
118.8,88.8,96.0
118.8,88.8,97.2
118.8,88.8,98.4
118.8,88.8,99.6
118.8,88.8,100.8
118.8,90.0,96.0
118.8,90.0,97.2
118.8,90.0,98.4
118.8,90.0,99.6
118.8,90.0,100.8
