scenario,link_id,slot_code,HHMM,TTT_base,TTT_scen,TTT_diff
no04,533967_00280_11490_0,630,06:30,1127.621,1127.9705,0.3494999999998072
no04,533967_00280_11490_0,645,06:45,940.0355,940.2125,0.17700000000002092
no04,533967_00280_11490_0,700,07:00,1012.581,1012.7685,0.1875
no04,533967_00280_11490_0,715,07:15,1090.9245,1092.4035,1.4789999999998145
no04,533967_00280_11490_0,730,07:30,969.839,966.7615,-3.0775000000001
no04,533967_00280_11490_0,745,07:45,1244.181,1246.5795,2.3985000000000127
no04,533967_00280_11490_0,800,08:00,973.8745,975.3055,1.43100000000004
no04,533967_00280_11490_0,815,08:15,1148.3635,1146.6619999999998,-1.7015000000001237
no04,533967_00280_11490_0,830,08:30,1074.2515,1074.506,0.2545000000000073
no04,533967_00280_11490_0,845,08:45,1302.2365,1300.3365,-1.900000000000091
no04,533967_00280_11490_0,900,09:00,819.174,819.8725000000001,0.698500000000081
no04,533967_00280_11490_0,915,09:15,1066.9435,1068.4285,1.4849999999999
no04,533967_00280_11490_0,930,09:30,1253.9555,1256.766,2.8105000000000473
no04,533967_00280_11490_0,945,09:45,898.9055000000001,894.5780000000001,-4.327499999999986
no04,533967_00280_11490_0,1000,10:00,754.9905,760.5,5.509500000000003
no04,533967_00280_11490_0,1015,10:15,735.5135,734.341,-1.1725000000000136
no04,533967_00280_11490_0,1030,10:30,731.9285,731.8795,-0.04899999999997817
no04,533967_00280_11490_0,1045,10:45,783.6195,786.8399999999999,3.2204999999999018
no04,533967_00280_11490_0,1100,11:00,853.9675,857.3074999999999,3.339999999999918
no04,533967_00280_11490_0,1115,11:15,849.458,846.3605,-3.097499999999968
no04,533967_00280_11490_0,1130,11:30,893.6360000000001,896.1985000000001,2.5625
no04,533967_00280_11490_0,1145,11:45,813.6115,810.7965,-2.814999999999941
no04,533967_00280_11490_0,1200,12:00,733.121,737.232,4.11099999999999
no04,533967_00280_11490_0,1215,12:15,797.3575,796.3774999999999,-0.9800000000000182
no04,533967_00280_11490_0,1230,12:30,889.6015,890.518,0.9165000000000418
no04,533967_00280_11490_0,1245,12:45,865.025,865.668,0.6430000000000291
no04,533967_00280_11490_0,1300,13:00,948.2865,947.1695,-1.1170000000000755
no04,533967_00280_11490_0,1315,13:15,873.5440000000001,871.7075000000001,-1.836500000000001
no04,533967_00280_11490_0,1330,13:30,963.2245,965.8725,2.647999999999911
no04,533967_00280_11490_0,1345,13:45,870.106,869.6335000000001,-0.4724999999998545
no04,533967_00280_11490_0,1400,14:00,1037.4625,1035.3055,-2.157000000000153
no04,533967_00280_11490_0,1415,14:15,1213.201,1216.7865,3.585499999999911
no04,533967_00280_11490_0,1430,14:30,778.4219999999999,779.388,0.9660000000001219
no04,533967_00280_11490_0,1445,14:45,926.123,923.6065,-2.5165000000000646
no04,533967_00280_11490_0,1500,15:00,677.4404999999999,682.5195,5.079000000000065
no04,533967_00280_11490_0,1515,15:15,928.7965,924.014,-4.782500000000027
no04,533967_00280_11490_0,1530,15:30,903.33,907.1595,3.829499999999939
no04,533967_00280_11490_0,1545,15:45,794.3435,789.1625,-5.180999999999926
no04,533967_00280_11490_0,1600,16:00,815.962,818.068,2.1059999999999945
no04,533967_00280_11490_0,1615,16:15,852.741,844.3059999999999,-8.43500000000006
no04,533967_00280_11490_0,1630,16:30,571.6175000000001,578.986,7.368499999999926
no04,533967_00280_11490_0,1645,16:45,898.6545,899.3285,0.6739999999999782
no04,533967_00280_11490_0,1700,17:00,705.4395000000001,702.7155,-2.7240000000000464
no04,533967_00280_11490_0,1715,17:15,944.119,951.14,7.020999999999958
no04,533967_00280_11490_0,1730,17:30,831.6469999999999,832.9039999999999,1.2569999999999482
no04,533967_00280_11490_0,1745,17:45,902.273,896.375,-5.898000000000025
no04,533967_00280_11490_0,1800,18:00,589.002,591.4245,2.4225000000000136
no04,533967_00280_11490_0,1815,18:15,747.6205,747.1265000000001,-0.4939999999999145
no04,533967_00280_11490_0,1830,18:30,518.3235,515.3595,-2.963999999999942
no04,533967_00280_11490_0,1845,18:45,673.971,679.6255,5.6544999999999845
no04,533967_00280_11490_1,630,06:30,618.0835,617.83,-0.25349999999991724
no04,533967_00280_11490_1,645,06:45,557.453,556.2900000000001,-1.1629999999998972
no04,533967_00280_11490_1,700,07:00,674.5285,672.361,-2.167500000000018
no04,533967_00280_11490_1,715,07:15,972.172,977.0135,4.841499999999996
no04,533967_00280_11490_1,730,07:30,1020.2525,1014.746,-5.506500000000074
no04,533967_00280_11490_1,745,07:45,1225.6115,1214.0305,-11.580999999999904
no04,533967_00280_11490_1,800,08:00,1124.912,1119.2425,-5.669499999999971
no04,533967_00280_11490_1,815,08:15,1084.8695,1097.127,12.257499999999936
no04,533967_00280_11490_1,830,08:30,1131.8975,1130.5195,-1.377999999999929
no04,533967_00280_11490_1,845,08:45,993.5745,1009.265,15.690500000000043
no04,533967_00280_11490_1,900,09:00,1113.926,1116.236,2.310000000000173
no04,533967_00280_11490_1,915,09:15,985.9675,980.188,-5.7794999999999845
no04,533967_00280_11490_1,930,09:30,1066.2585,1068.257,1.9985000000001492
no04,533967_00280_11490_1,945,09:45,972.7985,982.03,9.231499999999983
no04,533967_00280_11490_1,1000,10:00,974.6965,959.584,-15.112500000000068
no04,533967_00280_11490_1,1015,10:15,898.7515,911.0595,12.307999999999993
no04,533967_00280_11490_1,1030,10:30,934.6805,929.9895,-4.691000000000031
no04,533967_00280_11490_1,1045,10:45,950.4875,953.656,3.1684999999999945
no04,533967_00280_11490_1,1100,11:00,957.1605,962.8515,5.691000000000031
no04,533967_00280_11490_1,1115,11:15,888.3979999999999,878.2905000000001,-10.107499999999845
no04,533967_00280_11490_1,1130,11:30,1044.8215,1050.8049999999998,5.983499999999822
no04,533967_00280_11490_1,1145,11:45,921.0965,924.2615,3.1649999999999636
no04,533967_00280_11490_1,1200,12:00,1125.9015,1113.3835,-12.518000000000029
no04,533967_00280_11490_1,1215,12:15,1216.5295,1228.0625,11.532999999999902
no04,533967_00280_11490_1,1230,12:30,959.8235,945.78,-14.043499999999995
no04,533967_00280_11490_1,1245,12:45,913.1745,929.2475,16.07299999999998
no04,533967_00280_11490_1,1300,13:00,1043.9985,1048.5975,4.59900000000016
no04,533967_00280_11490_1,1315,13:15,905.6775,915.5685,9.890999999999963
no04,533967_00280_11490_1,1330,13:30,916.611,896.1545,-20.456500000000005
no04,533967_00280_11490_1,1345,13:45,618.521,599.142,-19.378999999999905
no04,533967_00280_11490_1,1400,14:00,811.8265,827.8770000000001,16.050500000000056
no04,533967_00280_11490_1,1415,14:15,1018.06,1026.5445,8.484500000000025
no04,533967_00280_11490_1,1430,14:30,1005.8455,1001.9265,-3.9189999999999827
no04,533967_00280_11490_1,1445,14:45,882.979,882.1209999999999,-0.8580000000001746
no04,533967_00280_11490_1,1500,15:00,872.0135,849.579,-22.43450000000007
no04,533967_00280_11490_1,1515,15:15,861.4675,870.0635,8.596000000000004
no04,533967_00280_11490_1,1530,15:30,876.5854999999999,889.1145,12.52900000000011
no04,533967_00280_11490_1,1545,15:45,937.8345,931.4125,-6.4220000000000255
no04,533967_00280_11490_1,1600,16:00,1195.8065,1199.9305,4.124000000000024
no04,533967_00280_11490_1,1615,16:15,1110.4085,1107.644,-2.764499999999998
no04,533967_00280_11490_1,1630,16:30,1162.0404999999998,1166.759,4.718500000000176
no04,533967_00280_11490_1,1645,16:45,1220.307,1237.3395,17.032500000000027
no04,533967_00280_11490_1,1700,17:00,1227.7965,1223.5605,-4.235999999999876
no04,533967_00280_11490_1,1715,17:15,1187.916,1182.5275,-5.388500000000022
no04,533967_00280_11490_1,1730,17:30,964.482,962.6175,-1.864500000000021
no04,533967_00280_11490_1,1745,17:45,779.158,743.37,-35.78800000000001
no04,533967_00280_11490_1,1800,18:00,1045.472,1050.336,4.864000000000033
no04,533967_00280_11490_1,1815,18:15,1100.876,1107.7205,6.844499999999925
no04,533967_00280_11490_1,1830,18:30,927.881,951.114,23.23300000000006
no04,533967_00280_11490_1,1845,18:45,815.9485,826.2275,10.278999999999996
no04,533967_00280_13214_0,630,06:30,764.6335,764.0899999999999,-0.5435000000001082
no04,533967_00280_13214_0,645,06:45,745.967,747.4275,1.4605000000000246
no04,533967_00280_13214_0,700,07:00,844.9465,845.9675,1.0209999999999582
no04,533967_00280_13214_0,715,07:15,1279.1385,1282.4195,3.280999999999949
no04,533967_00280_13214_0,730,07:30,1290.65,1284.3485,-6.301500000000033
no04,533967_00280_13214_0,745,07:45,1602.838,1587.337,-15.500999999999976
no04,533967_00280_13214_0,800,08:00,1447.3735,1437.7565,-9.616999999999962
no04,533967_00280_13214_0,815,08:15,1406.321,1420.1905,13.869500000000016
no04,533967_00280_13214_0,830,08:30,1474.249,1477.516,3.2670000000000528
no04,533967_00280_13214_0,845,08:45,1320.5475,1338.3795,17.832000000000107
no04,533967_00280_13214_0,900,09:00,1409.749,1412.358,2.6089999999999236
no04,533967_00280_13214_0,915,09:15,1297.1950000000002,1291.3065,-5.888500000000249
no04,533967_00280_13214_0,930,09:30,1351.6055,1364.0965,12.491000000000213
no04,533967_00280_13214_0,945,09:45,1271.635,1275.7379999999998,4.102999999999838
no04,533967_00280_13214_0,1000,10:00,1255.7315,1234.797,-20.93450000000007
no04,533967_00280_13214_0,1015,10:15,1179.839,1195.155,15.316000000000031
no04,533967_00280_13214_0,1030,10:30,1179.9685,1179.2995,-0.668999999999869
no04,533967_00280_13214_0,1045,10:45,1245.2675,1246.1425,0.875
no04,533967_00280_13214_0,1100,11:00,1223.418,1230.701,7.283000000000129
no04,533967_00280_13214_0,1115,11:15,1164.038,1151.8584999999998,-12.17950000000019
no04,533967_00280_13214_0,1130,11:30,1317.6325000000002,1327.6675,10.034999999999854
no04,533967_00280_13214_0,1145,11:45,1214.3425,1219.318,4.975500000000011
no04,533967_00280_13214_0,1200,12:00,1429.227,1409.1495,-20.0775000000001
no04,533967_00280_13214_0,1215,12:15,1587.368,1603.3185,15.950500000000147
no04,533967_00280_13214_0,1230,12:30,1235.1375,1218.9675,-16.170000000000073
no04,533967_00280_13214_0,1245,12:45,1194.706,1222.577,27.871000000000095
no04,533967_00280_13214_0,1300,13:00,1316.6345,1320.8335,4.199000000000069
no04,533967_00280_13214_0,1315,13:15,1177.1075,1189.1985,12.090999999999894
no04,533967_00280_13214_0,1330,13:30,1181.832,1158.7635,-23.068500000000085
no04,533967_00280_13214_0,1345,13:45,816.313,791.1305,-25.182500000000005
no04,533967_00280_13214_0,1400,14:00,1027.081,1050.781,23.700000000000045
no04,533967_00280_13214_0,1415,14:15,1329.9605,1342.5459999999998,12.58549999999991
no04,533967_00280_13214_0,1430,14:30,1283.211,1279.4595,-3.751500000000078
no04,533967_00280_13214_0,1445,14:45,1161.303,1155.5065,-5.796500000000151
no04,533967_00280_13214_0,1500,15:00,1098.002,1072.4325,-25.569500000000062
no04,533967_00280_13214_0,1515,15:15,1144.309,1154.838,10.528999999999996
no04,533967_00280_13214_0,1530,15:30,1096.655,1111.8685,15.213500000000067
no04,533967_00280_13214_0,1545,15:45,1252.7685,1248.0855,-4.682999999999993
no04,533967_00280_13214_0,1600,16:00,1509.8995,1522.175,12.275499999999965
no04,533967_00280_13214_0,1615,16:15,1465.809,1457.99,-7.81899999999996
no04,533967_00280_13214_0,1630,16:30,1469.915,1473.6225,3.707499999999982
no04,533967_00280_13214_0,1645,16:45,1608.0,1630.986,22.986000000000104
no04,533967_00280_13214_0,1700,17:00,1562.001,1549.8655,-12.135499999999865
no04,533967_00280_13214_0,1715,17:15,1554.652,1556.416,1.7639999999998963
no04,533967_00280_13214_0,1730,17:30,1234.661,1234.7805,0.11950000000001637
no04,533967_00280_13214_0,1745,17:45,1026.6715,981.3155,-45.35599999999988
no04,533967_00280_13214_0,1800,18:00,1322.0955,1333.036,10.940500000000156
no04,533967_00280_13214_0,1815,18:15,1435.525,1439.2685,3.7434999999998126
no04,533967_00280_13214_0,1830,18:30,1203.7235,1233.8845,30.16099999999983
no04,533967_00280_13214_0,1845,18:45,1075.0115,1088.849,13.837499999999864
no04,533967_00280_13214_1,630,06:30,1599.5145,1599.5145,0.0
no04,533967_00280_13214_1,645,06:45,1313.2065,1313.2065,0.0
no04,533967_00280_13214_1,700,07:00,1415.283,1415.283,0.0
no04,533967_00280_13214_1,715,07:15,1532.1735,1532.4875,0.31399999999985084
no04,533967_00280_13214_1,730,07:30,1360.138,1356.8225,-3.315499999999929
no04,533967_00280_13214_1,745,07:45,1750.8285,1752.7310000000002,1.9025000000001455
no04,533967_00280_13214_1,800,08:00,1368.6699999999998,1366.3885,-2.2814999999998236
no04,533967_00280_13214_1,815,08:15,1612.2485,1609.203,-3.0454999999999472
no04,533967_00280_13214_1,830,08:30,1503.053,1505.9725,2.919499999999971
no04,533967_00280_13214_1,845,08:45,1822.242,1823.57,1.3279999999999745
no04,533967_00280_13214_1,900,09:00,1131.0435,1132.5535,1.509999999999991
no04,533967_00280_13214_1,915,09:15,1494.568,1500.6435,6.07549999999992
no04,533967_00280_13214_1,930,09:30,1758.3825000000002,1755.1799999999998,-3.2025000000003274
no04,533967_00280_13214_1,945,09:45,1257.621,1249.578,-8.04300000000012
no04,533967_00280_13214_1,1000,10:00,1055.6055,1058.317,2.7115000000001146
no04,533967_00280_13214_1,1015,10:15,1035.857,1033.0465,-2.8105000000000473
no04,533967_00280_13214_1,1030,10:30,1019.9635,1017.5445,-2.4189999999999827
no04,533967_00280_13214_1,1045,10:45,1101.516,1098.85,-2.6660000000001673
no04,533967_00280_13214_1,1100,11:00,1197.4095,1199.95,2.5405000000000655
no04,533967_00280_13214_1,1115,11:15,1190.884,1186.9555,-3.9284999999999854
no04,533967_00280_13214_1,1130,11:30,1251.4119999999998,1252.8185,1.4065000000002783
no04,533967_00280_13214_1,1145,11:45,1138.9475,1135.3395,-3.6079999999999472
no04,533967_00280_13214_1,1200,12:00,1017.671,1023.133,5.461999999999989
no04,533967_00280_13214_1,1215,12:15,1113.261,1113.2125,-0.04849999999987631
no04,533967_00280_13214_1,1230,12:30,1248.9065,1248.0795,-0.8269999999999982
no04,533967_00280_13214_1,1245,12:45,1215.223,1216.153,0.9300000000000637
no04,533967_00280_13214_1,1300,13:00,1325.767,1326.6025,0.8354999999999109
no04,533967_00280_13214_1,1315,13:15,1218.095,1216.1465,-1.9484999999999673
no04,533967_00280_13214_1,1330,13:30,1356.514,1360.8935,4.379500000000007
no04,533967_00280_13214_1,1345,13:45,1219.227,1217.036,-2.191000000000031
no04,533967_00280_13214_1,1400,14:00,1455.6245,1452.6905,-2.933999999999969
no04,533967_00280_13214_1,1415,14:15,1706.205,1712.1765,5.9715000000001055
no04,533967_00280_13214_1,1430,14:30,1084.5695,1085.7545,1.1849999999999454
no04,533967_00280_13214_1,1445,14:45,1300.6115,1296.015,-4.596499999999878
no04,533967_00280_13214_1,1500,15:00,939.445,944.299,4.853999999999928
no04,533967_00280_13214_1,1515,15:15,1308.7745,1301.55,-7.224500000000035
no04,533967_00280_13214_1,1530,15:30,1260.7105,1268.0805,7.370000000000118
no04,533967_00280_13214_1,1545,15:45,1111.311,1104.568,-6.742999999999938
no04,533967_00280_13214_1,1600,16:00,1137.3235,1146.6255,9.302000000000135
no04,533967_00280_13214_1,1615,16:15,1198.5125,1184.4805,-14.032000000000153
no04,533967_00280_13214_1,1630,16:30,789.3405,796.9035,7.562999999999988
no04,533967_00280_13214_1,1645,16:45,1260.135,1262.084,1.9490000000000691
no04,533967_00280_13214_1,1700,17:00,982.329,978.467,-3.8619999999999663
no04,533967_00280_13214_1,1715,17:15,1330.7205,1333.7615,3.0410000000001673
no04,533967_00280_13214_1,1730,17:30,1161.3665,1169.1985,7.83199999999988
no04,533967_00280_13214_1,1745,17:45,1263.0405,1252.3825,-10.65800000000013
no04,533967_00280_13214_1,1800,18:00,810.5205,816.749,6.228500000000054
no04,533967_00280_13214_1,1815,18:15,1047.6515,1043.368,-4.283500000000004
no04,533967_00280_13214_1,1830,18:30,714.789,710.479,-4.309999999999945
no04,533967_00280_13214_1,1845,18:45,944.0595,952.4375,8.378000000000043
no04,533967_00285_11494_0,630,06:30,78.451,78.7045,0.2535000000000025
no04,533967_00285_11494_0,645,06:45,66.4585,65.902,-0.5564999999999998
no04,533967_00285_11494_0,700,07:00,162.998,161.752,-1.245999999999981
no04,533967_00285_11494_0,715,07:15,122.813,124.6705,1.8575000000000017
no04,533967_00285_11494_0,730,07:30,178.29850000000002,179.5285,1.2299999999999898
no04,533967_00285_11494_0,745,07:45,255.6145,253.729,-1.885499999999979
no04,533967_00285_11494_0,800,08:00,208.5065,208.22,-0.28649999999998954
no04,533967_00285_11494_0,815,08:15,200.137,201.58,1.443000000000012
no04,533967_00285_11494_0,830,08:30,44.303,45.2115,0.9085000000000036
no04,533967_00285_11494_0,845,08:45,0.0,0.0,0.0
no04,533967_00285_11494_0,900,09:00,18.0495,17.65,-0.39949999999999974
no04,533967_00285_11494_0,915,09:15,35.954,38.112,2.1580000000000013
no04,533967_00285_11494_0,930,09:30,182.178,181.4195,-0.758499999999998
no04,533967_00285_11494_0,945,09:45,64.611,61.8885,-2.7225000000000037
no04,533967_00285_11494_0,1000,10:00,136.6855,138.1005,1.4150000000000205
no04,533967_00285_11494_0,1015,10:15,44.7065,44.004000000000005,-0.7024999999999935
no04,533967_00285_11494_0,1030,10:30,12.536923076923076,12.613846153846152,0.07692307692307665
no04,533967_00285_11494_0,1045,10:45,38.1005,38.9035,0.8030000000000044
no04,533967_00285_11494_0,1100,11:00,15.248500000000002,15.9995,0.7509999999999977
no04,533967_00285_11494_0,1115,11:15,262.9185,264.84450000000004,1.9260000000000446
no04,533967_00285_11494_0,1130,11:30,63.84349999999999,59.364,-4.4794999999999945
no04,533967_00285_11494_0,1145,11:45,27.801,27.7505,-0.050499999999999545
no04,533967_00285_11494_0,1200,12:00,40.2405,42.4435,2.203000000000003
no04,533967_00285_11494_0,1215,12:15,10.998947368421051,9.894736842105264,-1.1042105263157875
no04,533967_00285_11494_0,1230,12:30,107.896,108.3865,0.49049999999999727
no04,533967_00285_11494_0,1245,12:45,62.047,62.342,0.2950000000000017
no04,533967_00285_11494_0,1300,13:00,49.749,51.5455,1.7964999999999947
no04,533967_00285_11494_0,1315,13:15,17.9985,15.2005,-2.798
no04,533967_00285_11494_0,1330,13:30,227.81,234.5875,6.777500000000003
no04,533967_00285_11494_0,1345,13:45,111.5185,105.989,-5.529499999999999
no04,533967_00285_11494_0,1400,14:00,84.503,83.822,-0.6809999999999974
no04,533967_00285_11494_0,1415,14:15,9.99875,9.63157894736842,-0.3671710526315799
no04,533967_00285_11494_0,1430,14:30,0.0,0.0,0.0
no04,533967_00285_11494_0,1445,14:45,34.5135,35.0575,0.5439999999999969
no04,533967_00285_11494_0,1500,15:00,72.99249999999999,75.64750000000001,2.6550000000000153
no04,533967_00285_11494_0,1515,15:15,37.0985,35.9075,-1.1910000000000025
no04,533967_00285_11494_0,1530,15:30,19.854,16.599,-3.254999999999999
no04,533967_00285_11494_0,1545,15:45,70.86699999999999,73.9545,3.0875000000000057
no04,533967_00285_11494_0,1600,16:00,99.308,95.699,-3.609000000000009
no04,533967_00285_11494_0,1615,16:15,41.05,43.7985,2.7485
no04,533967_00285_11494_0,1630,16:30,68.399,68.4465,0.04749999999999943
no04,533967_00285_11494_0,1645,16:45,32.058499999999995,31.1565,-0.9019999999999939
no04,533967_00285_11494_0,1700,17:00,70.6005,69.9525,-0.6479999999999961
no04,533967_00285_11494_0,1715,17:15,115.912,117.51950000000002,1.607500000000016
no04,533967_00285_11494_0,1730,17:30,214.6275,217.317,2.6895000000000095
no04,533967_00285_11494_0,1745,17:45,115.022,115.413,0.39099999999999113
no04,533967_00285_11494_0,1800,18:00,79.1,76.25800000000001,-2.8419999999999845
no04,533967_00285_11494_0,1815,18:15,76.9395,77.15299999999999,0.21349999999999625
no04,533967_00285_11494_0,1830,18:30,124.971,123.565,-1.406000000000006
no04,533967_00285_11494_0,1845,18:45,168.9085,169.325,0.416499999999985
no04,533967_00285_11494_1,630,06:30,201.0,201.0,0.0
no04,533967_00285_11494_1,645,06:45,164.75,164.75,0.0
no04,533967_00285_11494_1,700,07:00,198.5,198.5,0.0
no04,533967_00285_11494_1,715,07:15,145.5,145.5,0.0
no04,533967_00285_11494_1,730,07:30,165.052,164.9485,-0.10349999999999682
no04,533967_00285_11494_1,745,07:45,135.75,135.75,0.0
no04,533967_00285_11494_1,800,08:00,199.25,199.0,-0.25
no04,533967_00285_11494_1,815,08:15,268.962,269.357,0.39500000000003865
no04,533967_00285_11494_1,830,08:30,244.5,244.0,-0.5
no04,533967_00285_11494_1,845,08:45,150.6805,151.423,0.7425000000000068
no04,533967_00285_11494_1,900,09:00,161.2975,161.4025,0.10499999999998977
no04,533967_00285_11494_1,915,09:15,110.75,109.75,-1.0
no04,533967_00285_11494_1,930,09:30,174.25,174.5,0.25
no04,533967_00285_11494_1,945,09:45,141.25,140.5,-0.75
no04,533967_00285_11494_1,1000,10:00,191.773,192.1535,0.38050000000001205
no04,533967_00285_11494_1,1015,10:15,132.25,132.5,0.25
no04,533967_00285_11494_1,1030,10:30,168.5,168.5,0.0
no04,533967_00285_11494_1,1045,10:45,91.5,92.0,0.5
no04,533967_00285_11494_1,1100,11:00,104.25,104.0,-0.25
no04,533967_00285_11494_1,1115,11:15,114.75,114.75,0.0
no04,533967_00285_11494_1,1130,11:30,163.0,164.0,1.0
no04,533967_00285_11494_1,1145,11:45,98.6575,97.8075,-0.8499999999999943
no04,533967_00285_11494_1,1200,12:00,99.5,100.75,1.25
no04,533967_00285_11494_1,1215,12:15,94.75,93.25,-1.5
no04,533967_00285_11494_1,1230,12:30,90.087,90.8515,0.7644999999999982
no04,533967_00285_11494_1,1245,12:45,70.0,69.5,-0.5
no04,533967_00285_11494_1,1300,13:00,94.25,94.5,0.25
no04,533967_00285_11494_1,1315,13:15,57.0,56.75,-0.25
no04,533967_00285_11494_1,1330,13:30,69.5,69.25,-0.25
no04,533967_00285_11494_1,1345,13:45,68.75,69.0,0.25
no04,533967_00285_11494_1,1400,14:00,90.5,90.5,0.0
no04,533967_00285_11494_1,1415,14:15,99.05,99.45,0.4000000000000057
no04,533967_00285_11494_1,1430,14:30,139.75,139.5,-0.25
no04,533967_00285_11494_1,1445,14:45,66.69800000000001,66.94800000000001,0.25
no04,533967_00285_11494_1,1500,15:00,99.0,99.0,0.0
no04,533967_00285_11494_1,1515,15:15,65.0,64.201,-0.7990000000000066
no04,533967_00285_11494_1,1530,15:30,70.44800000000001,72.25,1.8019999999999925
no04,533967_00285_11494_1,1545,15:45,79.75,78.25,-1.5
no04,533967_00285_11494_1,1600,16:00,158.5,158.5,0.0
no04,533967_00285_11494_1,1615,16:15,96.75,96.75,0.0
no04,533967_00285_11494_1,1630,16:30,174.25,175.5,1.25
no04,533967_00285_11494_1,1645,16:45,115.5,114.5,-1.0
no04,533967_00285_11494_1,1700,17:00,182.25,182.5,0.25
no04,533967_00285_11494_1,1715,17:15,138.25,138.0,-0.25
no04,533967_00285_11494_1,1730,17:30,100.25,100.25,0.0
no04,533967_00285_11494_1,1745,17:45,104.5,104.5,0.0
no04,533967_00285_11494_1,1800,18:00,136.75,137.0,0.25
no04,533967_00285_11494_1,1815,18:15,73.75,73.5,-0.25
no04,533967_00285_11494_1,1830,18:30,88.5,89.0,0.5
no04,533967_00285_11494_1,1845,18:45,100.5,99.75,-0.75
no04,533967_00285_11497_0,630,06:30,400.218,400.258,0.03999999999996362
no04,533967_00285_11497_0,645,06:45,330.534,330.534,0.0
no04,533967_00285_11497_0,700,07:00,397.9665,397.9665,0.0
no04,533967_00285_11497_0,715,07:15,295.098,295.081,-0.016999999999995907
no04,533967_00285_11497_0,730,07:30,332.447,331.4655,-0.9814999999999827
no04,533967_00285_11497_0,745,07:45,274.2575,273.799,-0.458500000000015
no04,533967_00285_11497_0,800,08:00,398.624,398.6975,0.07349999999996726
no04,533967_00285_11497_0,815,08:15,553.3675000000001,564.7055,11.337999999999965
no04,533967_00285_11497_0,830,08:30,501.2575,509.1145,7.857000000000028
no04,533967_00285_11497_0,845,08:45,308.48400000000004,310.7895,2.305499999999938
no04,533967_00285_11497_0,900,09:00,326.5075,326.428,-0.07949999999999591
no04,533967_00285_11497_0,915,09:15,219.046,217.147,-1.899000000000001
no04,533967_00285_11497_0,930,09:30,347.3165,348.1825,0.8659999999999854
no04,533967_00285_11497_0,945,09:45,285.895,285.146,-0.7489999999999668
no04,533967_00285_11497_0,1000,10:00,388.52,387.5365000000001,-0.9834999999998786
no04,533967_00285_11497_0,1015,10:15,271.954,275.7825,3.8285000000000196
no04,533967_00285_11497_0,1030,10:30,338.4425,340.1365,1.6940000000000168
no04,533967_00285_11497_0,1045,10:45,184.5475,186.0,1.4524999999999864
no04,533967_00285_11497_0,1100,11:00,207.5,207.055,-0.4449999999999932
no04,533967_00285_11497_0,1115,11:15,229.292,229.099,-0.19300000000001205
no04,533967_00285_11497_0,1130,11:30,326.6365,327.2465,0.6100000000000136
no04,533967_00285_11497_0,1145,11:45,201.123,198.869,-2.2539999999999907
no04,533967_00285_11497_0,1200,12:00,199.0,202.746,3.7460000000000093
no04,533967_00285_11497_0,1215,12:15,190.054,186.5,-3.554000000000002
no04,533967_00285_11497_0,1230,12:30,182.919,183.4555,0.5364999999999895
no04,533967_00285_11497_0,1245,12:45,140.0,139.0,-1.0
no04,533967_00285_11497_0,1300,13:00,188.5,188.5525,0.052500000000009095
no04,533967_00285_11497_0,1315,13:15,112.5,113.0,0.5
no04,533967_00285_11497_0,1330,13:30,141.0,139.5,-1.5
no04,533967_00285_11497_0,1345,13:45,137.0,138.098,1.0980000000000132
no04,533967_00285_11497_0,1400,14:00,178.5,178.0,-0.5
no04,533967_00285_11497_0,1415,14:15,200.4025,202.3115,1.9089999999999918
no04,533967_00285_11497_0,1430,14:30,278.3025,276.0955,-2.2069999999999936
no04,533967_00285_11497_0,1445,14:45,135.199,136.202,1.002999999999986
no04,533967_00285_11497_0,1500,15:00,198.5,198.5475,0.04750000000001364
no04,533967_00285_11497_0,1515,15:15,129.0,128.549,-0.4509999999999934
no04,533967_00285_11497_0,1530,15:30,143.052,145.551,2.4989999999999952
no04,533967_00285_11497_0,1545,15:45,158.0,155.0,-3.0
no04,533967_00285_11497_0,1600,16:00,316.7285,316.696,-0.03249999999997044
no04,533967_00285_11497_0,1615,16:15,193.706,195.1075,1.4014999999999986
no04,533967_00285_11497_0,1630,16:30,349.1065,349.707,0.6005000000000109
no04,533967_00285_11497_0,1645,16:45,232.9035,231.246,-1.6574999999999989
no04,533967_00285_11497_0,1700,17:00,365.811,365.9815,0.1705000000000041
no04,533967_00285_11497_0,1715,17:15,276.531,276.8815,0.3505000000000109
no04,533967_00285_11497_0,1730,17:30,201.7,200.298,-1.4019999999999868
no04,533967_00285_11497_0,1745,17:45,209.5,209.60100000000003,0.10100000000002751
no04,533967_00285_11497_0,1800,18:00,274.2395,275.95,1.7104999999999677
no04,533967_00285_11497_0,1815,18:15,147.5,148.0,0.5
no04,533967_00285_11497_0,1830,18:30,176.051,175.102,-0.9489999999999839
no04,533967_00285_11497_0,1845,18:45,201.0,201.0,0.0
no04,533967_00285_11497_1,630,06:30,189.147,188.898,-0.24899999999999523
no04,533967_00285_11497_1,645,06:45,162.1495,162.6505,0.5010000000000048
no04,533967_00285_11497_1,700,07:00,388.215,387.4305,-0.78449999999998
no04,533967_00285_11497_1,715,07:15,290.303,290.084,-0.2189999999999941
no04,533967_00285_11497_1,730,07:30,423.254,425.38950000000006,2.135500000000036
no04,533967_00285_11497_1,745,07:45,602.057,598.8985,-3.1585000000000036
no04,533967_00285_11497_1,800,08:00,493.4625,488.734,-4.728499999999997
no04,533967_00285_11497_1,815,08:15,473.669,478.367,4.698000000000036
no04,533967_00285_11497_1,830,08:30,104.491,104.198,-0.29300000000000637
no04,533967_00285_11497_1,845,08:45,0.0,0.0,0.0
no04,533967_00285_11497_1,900,09:00,42.7005,43.1,0.3995000000000033
no04,533967_00285_11497_1,915,09:15,85.5995,89.54400000000001,3.944500000000005
no04,533967_00285_11497_1,930,09:30,428.7895,430.326,1.5365000000000464
no04,533967_00285_11497_1,945,09:45,149.301,144.5555,-4.745499999999993
no04,533967_00285_11497_1,1000,10:00,332.09450000000004,329.891,-2.2035000000000196
no04,533967_00285_11497_1,1015,10:15,102.839,105.597,2.7579999999999956
no04,533967_00285_11497_1,1030,10:30,30.15538461538461,30.078461538461536,-0.0769230769230731
no04,533967_00285_11497_1,1045,10:45,90.1535,91.6005,1.4470000000000027
no04,533967_00285_11497_1,1100,11:00,37.2515,38.8005,1.5489999999999995
no04,533967_00285_11497_1,1115,11:15,626.4445,628.644,2.1995000000000573
no04,533967_00285_11497_1,1130,11:30,142.002,138.059,-3.943000000000012
no04,533967_00285_11497_1,1145,11:45,64.453,63.7495,-0.7035000000000053
no04,533967_00285_11497_1,1200,12:00,99.1135,102.1545,3.040999999999997
no04,533967_00285_11497_1,1215,12:15,26.31684210526316,22.73631578947369,-3.58052631578947
no04,533967_00285_11497_1,1230,12:30,255.156,255.3635,0.2074999999999818
no04,533967_00285_11497_1,1245,12:45,145.703,147.658,1.954999999999984
no04,533967_00285_11497_1,1300,13:00,116.751,120.9545,4.203499999999991
no04,533967_00285_11497_1,1315,13:15,42.7515,36.5495,-6.201999999999998
no04,533967_00285_11497_1,1330,13:30,538.787,550.0665,11.279499999999985
no04,533967_00285_11497_1,1345,13:45,261.9815,249.511,-12.470499999999987
no04,533967_00285_11497_1,1400,14:00,204.751,201.5125,-3.238500000000016
no04,533967_00285_11497_1,1415,14:15,22.688125,21.84210526315789,-0.8460197368421092
no04,533967_00285_11497_1,1430,14:30,0.0,0.0,0.0
no04,533967_00285_11497_1,1445,14:45,80.9905,81.1925,0.20199999999999818
no04,533967_00285_11497_1,1500,15:00,171.5075,177.1025,5.594999999999999
no04,533967_00285_11497_1,1515,15:15,87.4015,83.3425,-4.0589999999999975
no04,533967_00285_11497_1,1530,15:30,44.847,38.949,-5.898000000000003
no04,533967_00285_11497_1,1545,15:45,167.6965,174.3405,6.6440000000000055
no04,533967_00285_11497_1,1600,16:00,238.1285,226.096,-12.032499999999999
no04,533967_00285_11497_1,1615,16:15,94.146,102.6505,8.504499999999993
no04,533967_00285_11497_1,1630,16:30,163.50050000000002,161.4115,-2.089000000000027
no04,533967_00285_11497_1,1645,16:45,75.2005,73.5995,-1.600999999999999
no04,533967_00285_11497_1,1700,17:00,167.64849999999998,164.1095,-3.5389999999999873
no04,533967_00285_11497_1,1715,17:15,273.654,276.57550000000003,2.9215000000000373
no04,533967_00285_11497_1,1730,17:30,506.919,511.579,4.660000000000025
no04,533967_00285_11497_1,1745,17:45,269.97400000000005,270.3235,0.3494999999999777
no04,533967_00285_11497_1,1800,18:00,182.658,174.4415,-8.216499999999996
no04,533967_00285_11497_1,1815,18:15,179.5605,180.097,0.536500000000018
no04,533967_00285_11497_1,1830,18:30,302.259,301.009,-1.25
no04,533967_00285_11497_1,1845,18:45,395.3085,395.585,0.27649999999999864
no04,533967_00319_00539_0,630,06:30,1066.2065,1064.283,-1.9235000000001037
no04,533967_00319_00539_0,645,06:45,1358.9695,1352.792,-6.177500000000009
no04,533967_00319_00539_0,700,07:00,1031.6425,1034.1555,2.5130000000001473
no04,533967_00319_00539_0,715,07:15,1639.4315,1651.7205,12.288999999999987
no04,533967_00319_00539_0,730,07:30,1730.3920000000005,1598.6075,-131.78450000000043
no04,533967_00319_00539_0,745,07:45,6991.4345,6809.164500000001,-182.26999999999953
no04,533967_00319_00539_0,800,08:00,8853.547999999999,9739.207,885.6590000000015
no04,533967_00319_00539_0,815,08:15,4382.273,4524.476000000001,142.20300000000043
no04,533967_00319_00539_0,830,08:30,8905.0895,8885.7985,-19.290999999999258
no04,533967_00319_00539_0,845,08:45,5492.3915,5434.926,-57.46549999999934
no04,533967_00319_00539_0,900,09:00,2053.3175,1932.0375,-121.2800000000002
no04,533967_00319_00539_0,915,09:15,6427.9485,6842.8775,414.9289999999992
no04,533967_00319_00539_0,930,09:30,7628.750999999999,7917.422500000001,288.6715000000013
no04,533967_00319_00539_0,945,09:45,2315.3175,2289.4685,-25.84900000000016
no04,533967_00319_00539_0,1000,10:00,2372.7155,2304.3675,-68.34799999999996
no04,533967_00319_00539_0,1015,10:15,2267.859,2322.5775000000003,54.718500000000404
no04,533967_00319_00539_0,1030,10:30,1958.592,2035.8505,77.25849999999991
no04,533967_00319_00539_0,1045,10:45,1924.2055,1955.586,31.380499999999984
no04,533967_00319_00539_0,1100,11:00,1676.8169999999998,1653.7205,-23.096499999999878
no04,533967_00319_00539_0,1115,11:15,1208.173,1203.468,-4.704999999999927
no04,533967_00319_00539_0,1130,11:30,1514.4045,1565.456,51.051499999999805
no04,533967_00319_00539_0,1145,11:45,2155.3905,2143.981,-11.409499999999753
no04,533967_00319_00539_0,1200,12:00,1237.169,1236.2605,-0.9085000000000036
no04,533967_00319_00539_0,1215,12:15,1451.6965,1448.4165,-3.2799999999999727
no04,533967_00319_00539_0,1230,12:30,1670.4195,1685.1515,14.731999999999971
no04,533967_00319_00539_0,1245,12:45,1552.2435,1551.7905,-0.45299999999997453
no04,533967_00319_00539_0,1300,13:00,2076.1735,2113.653,37.479499999999916
no04,533967_00319_00539_0,1315,13:15,1555.4665,1566.0995,10.633000000000038
no04,533967_00319_00539_0,1330,13:30,1371.738,1369.901,-1.836999999999989
no04,533967_00319_00539_0,1345,13:45,1529.502,1537.8145,8.3125
no04,533967_00319_00539_0,1400,14:00,1394.9299999999998,1397.506,2.576000000000249
no04,533967_00319_00539_0,1415,14:15,1695.707,1704.2345,8.527499999999918
no04,533967_00319_00539_0,1430,14:30,1677.4785,1678.5345000000002,1.0560000000002674
no04,533967_00319_00539_0,1445,14:45,1692.8565,1714.4475000000002,21.591000000000122
no04,533967_00319_00539_0,1500,15:00,1796.409,1899.5235,103.11449999999991
no04,533967_00319_00539_0,1515,15:15,2393.778,2651.075,257.297
no04,533967_00319_00539_0,1530,15:30,1625.6945,1630.3805,4.685999999999922
no04,533967_00319_00539_0,1545,15:45,1453.1280000000002,1454.955,1.8269999999997708
no04,533967_00319_00539_0,1600,16:00,1197.3645,1211.952,14.587500000000091
no04,533967_00319_00539_0,1615,16:15,2007.6875,2045.768,38.08050000000003
no04,533967_00319_00539_0,1630,16:30,1132.5295,1172.3145,39.784999999999854
no04,533967_00319_00539_0,1645,16:45,1731.381,1730.066,-1.3150000000000546
no04,533967_00319_00539_0,1700,17:00,1583.151,1641.967,58.81600000000003
no04,533967_00319_00539_0,1715,17:15,2033.4875,2035.409,1.921500000000151
no04,533967_00319_00539_0,1730,17:30,2872.297,2661.0465,-211.2505000000001
no04,533967_00319_00539_0,1745,17:45,7099.503500000001,8793.7305,1694.226999999999
no04,533967_00319_00539_0,1800,18:00,3667.072,7021.791499999999,3354.7194999999992
no04,533967_00319_00539_0,1815,18:15,2793.3725,5311.444,2518.0715000000005
no04,533967_00319_00539_0,1830,18:30,2032.5945,2288.132,255.53750000000014
no04,533967_00319_00539_0,1845,18:45,1601.3255,1618.2755,16.950000000000045
no04,533967_00319_00539_1,630,06:30,1958.1895,1939.6435,-18.54600000000005
no04,533967_00319_00539_1,645,06:45,2726.8955,2662.978,-63.91750000000002
no04,533967_00319_00539_1,700,07:00,2628.3205000000003,2581.6465,-46.67400000000043
no04,533967_00319_00539_1,715,07:15,2013.7675,2017.576,3.8085000000000946
no04,533967_00319_00539_1,730,07:30,1767.59,1817.439,49.84900000000016
no04,533967_00319_00539_1,745,07:45,700.4485,736.515,36.06650000000002
no04,533967_00319_00539_1,800,08:00,1819.438,1884.4105,64.97249999999985
no04,533967_00319_00539_1,815,08:15,1586.7785,1576.7015,-10.076999999999998
no04,533967_00319_00539_1,830,08:30,1749.9805,1753.561,3.580500000000029
no04,533967_00319_00539_1,845,08:45,1415.0404999999998,1438.158,23.117500000000064
no04,533967_00319_00539_1,900,09:00,1445.859,1452.6195,6.760500000000093
no04,533967_00319_00539_1,915,09:15,936.786,933.8705,-2.915499999999952
no04,533967_00319_00539_1,930,09:30,1319.1370000000002,1305.48,-13.657000000000153
no04,533967_00319_00539_1,945,09:45,1543.647,1538.9805,-4.666500000000042
no04,533967_00319_00539_1,1000,10:00,1443.5565,1481.101,37.5445000000002
no04,533967_00319_00539_1,1015,10:15,1238.355,1228.1785,-10.176500000000033
no04,533967_00319_00539_1,1030,10:30,1758.6405,1749.8905,-8.75
no04,533967_00319_00539_1,1045,10:45,2159.5635,2123.3315,-36.232000000000426
no04,533967_00319_00539_1,1100,11:00,2134.777,2119.177,-15.599999999999909
no04,533967_00319_00539_1,1115,11:15,1987.1895,1983.458,-3.731499999999869
no04,533967_00319_00539_1,1130,11:30,1807.067,1846.952,39.88499999999999
no04,533967_00319_00539_1,1145,11:45,2110.4765,2042.0305,-68.44600000000014
no04,533967_00319_00539_1,1200,12:00,1536.0255000000002,1525.379,-10.646500000000287
no04,533967_00319_00539_1,1215,12:15,1193.1535,1242.863,49.70950000000016
no04,533967_00319_00539_1,1230,12:30,1756.8255,1712.373,-44.45249999999987
no04,533967_00319_00539_1,1245,12:45,2153.012,2200.159,47.146999999999935
no04,533967_00319_00539_1,1300,13:00,1969.3975,1888.9295,-80.46800000000007
no04,533967_00319_00539_1,1315,13:15,1181.2995,1211.356,30.056499999999915
no04,533967_00319_00539_1,1330,13:30,2053.445,2038.765,-14.680000000000064
no04,533967_00319_00539_1,1345,13:45,2054.562,2056.3395,1.7775000000001455
no04,533967_00319_00539_1,1400,14:00,1883.809,1908.6145,24.805499999999938
no04,533967_00319_00539_1,1415,14:15,2184.38,2193.9045,9.524499999999989
no04,533967_00319_00539_1,1430,14:30,1942.2165,1901.27,-40.946500000000015
no04,533967_00319_00539_1,1445,14:45,1294.8045,1288.3155000000002,-6.488999999999805
no04,533967_00319_00539_1,1500,15:00,1778.3355,1697.5865,-80.74900000000002
no04,533967_00319_00539_1,1515,15:15,2087.0950000000003,2184.856,97.76099999999997
no04,533967_00319_00539_1,1530,15:30,1413.727,1412.8895,-0.837500000000091
no04,533967_00319_00539_1,1545,15:45,1665.3584999999998,1675.1695,9.81100000000015
no04,533967_00319_00539_1,1600,16:00,1400.261,1364.3805,-35.880499999999984
no04,533967_00319_00539_1,1615,16:15,1992.859,1987.9235,-4.93549999999982
no04,533967_00319_00539_1,1630,16:30,1485.377,1548.0485,62.67150000000015
no04,533967_00319_00539_1,1645,16:45,2217.9745,2230.7305,12.756000000000313
no04,533967_00319_00539_1,1700,17:00,1743.3259999999998,1701.862,-41.463999999999714
no04,533967_00319_00539_1,1715,17:15,1831.8805,1848.907,17.026499999999942
no04,533967_00319_00539_1,1730,17:30,1383.4445,1339.96,-43.484500000000025
no04,533967_00319_00539_1,1745,17:45,1754.089,1751.328,-2.7609999999999673
no04,533967_00319_00539_1,1800,18:00,732.4365,698.338,-34.09850000000006
no04,533967_00319_00539_1,1815,18:15,865.615,831.9885,-33.626499999999965
no04,533967_00319_00539_1,1830,18:30,741.3865,753.5835,12.197000000000003
no04,533967_00319_00539_1,1845,18:45,749.345,783.9375,34.59249999999997
no04,533967_00319_01435_0,630,06:30,0.0,0.0,0.0
no04,533967_00319_01435_0,645,06:45,0.0,0.0,0.0
no04,533967_00319_01435_0,700,07:00,0.0,0.0,0.0
no04,533967_00319_01435_0,715,07:15,0.0,0.0,0.0
no04,533967_00319_01435_0,730,07:30,0.0,0.0,0.0
no04,533967_00319_01435_0,745,07:45,0.0,0.0,0.0
no04,533967_00319_01435_0,800,08:00,0.0,0.0,0.0
no04,533967_00319_01435_0,815,08:15,0.0,0.0,0.0
no04,533967_00319_01435_0,830,08:30,0.0,0.0,0.0
no04,533967_00319_01435_0,845,08:45,0.0,0.0,0.0
no04,533967_00319_01435_0,900,09:00,0.0,0.0,0.0
no04,533967_00319_01435_0,915,09:15,0.0,0.0,0.0
no04,533967_00319_01435_0,930,09:30,0.0,0.0,0.0
no04,533967_00319_01435_0,945,09:45,0.0,0.0,0.0
no04,533967_00319_01435_0,1000,10:00,0.0,0.0,0.0
no04,533967_00319_01435_0,1015,10:15,0.0,0.0,0.0
no04,533967_00319_01435_0,1030,10:30,0.0,0.0,0.0
no04,533967_00319_01435_0,1045,10:45,0.0,0.0,0.0
no04,533967_00319_01435_0,1100,11:00,0.0,0.0,0.0
no04,533967_00319_01435_0,1115,11:15,0.0,0.0,0.0
no04,533967_00319_01435_0,1130,11:30,0.0,0.0,0.0
no04,533967_00319_01435_0,1145,11:45,0.0,0.0,0.0
no04,533967_00319_01435_0,1200,12:00,0.0,0.0,0.0
no04,533967_00319_01435_0,1215,12:15,0.0,0.0,0.0
no04,533967_00319_01435_0,1230,12:30,0.0,0.0,0.0
no04,533967_00319_01435_0,1245,12:45,0.0,0.0,0.0
no04,533967_00319_01435_0,1300,13:00,0.0,0.0,0.0
no04,533967_00319_01435_0,1315,13:15,0.0,0.0,0.0
no04,533967_00319_01435_0,1330,13:30,0.0,0.0,0.0
no04,533967_00319_01435_0,1345,13:45,0.0,0.0,0.0
no04,533967_00319_01435_0,1400,14:00,0.0,0.0,0.0
no04,533967_00319_01435_0,1415,14:15,0.0,0.0,0.0
no04,533967_00319_01435_0,1430,14:30,0.0,0.0,0.0
no04,533967_00319_01435_0,1445,14:45,0.0,0.0,0.0
no04,533967_00319_01435_0,1500,15:00,0.0,0.0,0.0
no04,533967_00319_01435_0,1515,15:15,0.0,0.0,0.0
no04,533967_00319_01435_0,1530,15:30,0.0,0.0,0.0
no04,533967_00319_01435_0,1545,15:45,0.0,0.0,0.0
no04,533967_00319_01435_0,1600,16:00,0.0,0.0,0.0
no04,533967_00319_01435_0,1615,16:15,0.0,0.0,0.0
no04,533967_00319_01435_0,1630,16:30,0.0,0.0,0.0
no04,533967_00319_01435_0,1645,16:45,0.0,0.0,0.0
no04,533967_00319_01435_0,1700,17:00,0.0,0.0,0.0
no04,533967_00319_01435_0,1715,17:15,0.0,0.0,0.0
no04,533967_00319_01435_0,1730,17:30,0.0,0.0,0.0
no04,533967_00319_01435_0,1745,17:45,0.0,0.0,0.0
no04,533967_00319_01435_0,1800,18:00,0.0,0.0,0.0
no04,533967_00319_01435_0,1815,18:15,0.0,0.0,0.0
no04,533967_00319_01435_0,1830,18:30,0.0,0.0,0.0
no04,533967_00319_01435_0,1845,18:45,0.0,0.0,0.0
no04,533967_00319_01435_1,630,06:30,0.0,0.0,0.0
no04,533967_00319_01435_1,645,06:45,0.0,0.0,0.0
no04,533967_00319_01435_1,700,07:00,0.0,0.0,0.0
no04,533967_00319_01435_1,715,07:15,0.0,0.0,0.0
no04,533967_00319_01435_1,730,07:30,0.0,0.0,0.0
no04,533967_00319_01435_1,745,07:45,0.0,0.0,0.0
no04,533967_00319_01435_1,800,08:00,0.0,0.0,0.0
no04,533967_00319_01435_1,815,08:15,0.0,0.0,0.0
no04,533967_00319_01435_1,830,08:30,0.0,0.0,0.0
no04,533967_00319_01435_1,845,08:45,0.0,0.0,0.0
no04,533967_00319_01435_1,900,09:00,0.0,0.0,0.0
no04,533967_00319_01435_1,915,09:15,0.0,0.0,0.0
no04,533967_00319_01435_1,930,09:30,0.0,0.0,0.0
no04,533967_00319_01435_1,945,09:45,0.0,0.0,0.0
no04,533967_00319_01435_1,1000,10:00,0.0,0.0,0.0
no04,533967_00319_01435_1,1015,10:15,0.0,0.0,0.0
no04,533967_00319_01435_1,1030,10:30,0.0,0.0,0.0
no04,533967_00319_01435_1,1045,10:45,0.0,0.0,0.0
no04,533967_00319_01435_1,1100,11:00,0.0,0.0,0.0
no04,533967_00319_01435_1,1115,11:15,0.0,0.0,0.0
no04,533967_00319_01435_1,1130,11:30,0.0,0.0,0.0
no04,533967_00319_01435_1,1145,11:45,0.0,0.0,0.0
no04,533967_00319_01435_1,1200,12:00,0.0,0.0,0.0
no04,533967_00319_01435_1,1215,12:15,0.0,0.0,0.0
no04,533967_00319_01435_1,1230,12:30,0.0,0.0,0.0
no04,533967_00319_01435_1,1245,12:45,0.0,0.0,0.0
no04,533967_00319_01435_1,1300,13:00,0.0,0.0,0.0
no04,533967_00319_01435_1,1315,13:15,0.0,0.0,0.0
no04,533967_00319_01435_1,1330,13:30,0.0,0.0,0.0
no04,533967_00319_01435_1,1345,13:45,0.0,0.0,0.0
no04,533967_00319_01435_1,1400,14:00,0.0,0.0,0.0
no04,533967_00319_01435_1,1415,14:15,0.0,0.0,0.0
no04,533967_00319_01435_1,1430,14:30,0.0,0.0,0.0
no04,533967_00319_01435_1,1445,14:45,0.0,0.0,0.0
no04,533967_00319_01435_1,1500,15:00,0.0,0.0,0.0
no04,533967_00319_01435_1,1515,15:15,0.0,0.0,0.0
no04,533967_00319_01435_1,1530,15:30,0.0,0.0,0.0
no04,533967_00319_01435_1,1545,15:45,0.0,0.0,0.0
no04,533967_00319_01435_1,1600,16:00,0.0,0.0,0.0
no04,533967_00319_01435_1,1615,16:15,0.0,0.0,0.0
no04,533967_00319_01435_1,1630,16:30,0.0,0.0,0.0
no04,533967_00319_01435_1,1645,16:45,0.0,0.0,0.0
no04,533967_00319_01435_1,1700,17:00,0.0,0.0,0.0
no04,533967_00319_01435_1,1715,17:15,0.0,0.0,0.0
no04,533967_00319_01435_1,1730,17:30,0.0,0.0,0.0
no04,533967_00319_01435_1,1745,17:45,0.0,0.0,0.0
no04,533967_00319_01435_1,1800,18:00,0.0,0.0,0.0
no04,533967_00319_01435_1,1815,18:15,0.0,0.0,0.0
no04,533967_00319_01435_1,1830,18:30,0.0,0.0,0.0
no04,533967_00319_01435_1,1845,18:45,0.0,0.0,0.0
no04,533967_00319_11518_0,630,06:30,2816.0435,2755.5165,-60.527000000000044
no04,533967_00319_11518_0,645,06:45,4020.69,3919.8955,-100.79449999999997
no04,533967_00319_11518_0,700,07:00,4041.7475,3952.4975,-89.25
no04,533967_00319_11518_0,715,07:15,3247.252,3228.9790000000003,-18.272999999999683
no04,533967_00319_11518_0,730,07:30,2688.371,2832.8065,144.43550000000005
no04,533967_00319_11518_0,745,07:45,899.2275,1011.606,112.37850000000003
no04,533967_00319_11518_0,800,08:00,2676.3585,2688.1145,11.756000000000313
no04,533967_00319_11518_0,815,08:15,2367.493,2381.347,13.85400000000027
no04,533967_00319_11518_0,830,08:30,2304.7295,2238.1065,-66.62300000000005
no04,533967_00319_11518_0,845,08:45,2158.4315,2180.1285,21.69699999999966
no04,533967_00319_11518_0,900,09:00,2036.3115,2080.7505,44.43900000000008
no04,533967_00319_11518_0,915,09:15,1364.0115,1351.3645,-12.647000000000162
no04,533967_00319_11518_0,930,09:30,2000.661,1991.069,-9.592000000000098
no04,533967_00319_11518_0,945,09:45,2220.6485,2224.5355,3.887000000000171
no04,533967_00319_11518_0,1000,10:00,1999.287,2035.442,36.15499999999997
no04,533967_00319_11518_0,1015,10:15,1547.245,1519.466,-27.778999999999996
no04,533967_00319_11518_0,1030,10:30,2303.8945,2313.4145,9.519999999999982
no04,533967_00319_11518_0,1045,10:45,2784.1865000000003,2769.3845,-14.802000000000135
no04,533967_00319_11518_0,1100,11:00,2486.8495,2446.769,-40.08050000000003
no04,533967_00319_11518_0,1115,11:15,2593.534,2607.6305,14.096500000000106
no04,533967_00319_11518_0,1130,11:30,2447.542,2501.5565,54.014500000000226
no04,533967_00319_11518_0,1145,11:45,2777.463,2716.189,-61.27400000000034
no04,533967_00319_11518_0,1200,12:00,2217.4295,2209.8775,-7.552000000000135
no04,533967_00319_11518_0,1215,12:15,1668.812,1733.4195,64.60750000000007
no04,533967_00319_11518_0,1230,12:30,2231.7755,2186.112,-45.66350000000011
no04,533967_00319_11518_0,1245,12:45,2611.9885000000004,2665.832,53.843499999999494
no04,533967_00319_11518_0,1300,13:00,2365.657,2297.775,-67.88200000000006
no04,533967_00319_11518_0,1315,13:15,1654.4645,1711.2689999999998,56.804499999999734
no04,533967_00319_11518_0,1330,13:30,2707.7665,2684.7985,-22.968000000000302
no04,533967_00319_11518_0,1345,13:45,2618.6400000000003,2581.5345,-37.10550000000012
no04,533967_00319_11518_0,1400,14:00,2375.8545000000004,2397.019,21.164499999999407
no04,533967_00319_11518_0,1415,14:15,2508.0485,2551.3955,43.34700000000021
no04,533967_00319_11518_0,1430,14:30,2367.755,2353.5875,-14.167500000000018
no04,533967_00319_11518_0,1445,14:45,1770.9815,1755.564,-15.417500000000018
no04,533967_00319_11518_0,1500,15:00,2271.9575,2180.731,-91.22649999999976
no04,533967_00319_11518_0,1515,15:15,2525.0475,2660.809,135.76150000000007
no04,533967_00319_11518_0,1530,15:30,1782.708,1723.5325,-59.175500000000056
no04,533967_00319_11518_0,1545,15:45,2052.3515,2072.6235,20.271999999999935
no04,533967_00319_11518_0,1600,16:00,1756.6255,1724.327,-32.298500000000104
no04,533967_00319_11518_0,1615,16:15,2477.2005,2467.2615,-9.93899999999985
no04,533967_00319_11518_0,1630,16:30,1854.4595,1943.4645,89.00500000000011
no04,533967_00319_11518_0,1645,16:45,2354.323,2370.563,16.240000000000236
no04,533967_00319_11518_0,1700,17:00,1958.6565,1911.516,-47.140499999999975
no04,533967_00319_11518_0,1715,17:15,2497.635,2535.004,37.36899999999969
no04,533967_00319_11518_0,1730,17:30,2097.654,2049.82,-47.83399999999983
no04,533967_00319_11518_0,1745,17:45,2574.929,2594.9945,20.0654999999997
no04,533967_00319_11518_0,1800,18:00,1152.059,1137.2455,-14.813499999999976
no04,533967_00319_11518_0,1815,18:15,1063.3265,1017.939,-45.38749999999993
no04,533967_00319_11518_0,1830,18:30,1079.212,1095.3005,16.088500000000067
no04,533967_00319_11518_0,1845,18:45,1176.4195,1230.7975,54.37799999999993
no04,533967_00319_11518_1,630,06:30,1598.4685,1598.4685,0.0
no04,533967_00319_11518_1,645,06:45,2047.1555,2047.116,-0.03950000000008913
no04,533967_00319_11518_1,700,07:00,1500.4005000000002,1500.4005000000002,0.0
no04,533967_00319_11518_1,715,07:15,2461.8905,2461.8005000000003,-0.08999999999969077
no04,533967_00319_11518_1,730,07:30,2372.9075000000003,2379.9455,7.037999999999556
no04,533967_00319_11518_1,745,07:45,5959.76,5598.585499999999,-361.174500000001
no04,533967_00319_11518_1,800,08:00,15621.0835,18166.4125,2545.328999999998
no04,533967_00319_11518_1,815,08:15,3673.6405,3614.6265,-59.014000000000124
no04,533967_00319_11518_1,830,08:30,10746.5675,9176.3515,-1570.2159999999985
no04,533967_00319_11518_1,845,08:45,6173.489,5768.7065,-404.78249999999935
no04,533967_00319_11518_1,900,09:00,2500.742,2477.4175,-23.32450000000017
no04,533967_00319_11518_1,915,09:15,5364.120000000001,6300.5235,936.4034999999994
no04,533967_00319_11518_1,930,09:30,8889.380500000001,9829.4465,940.0659999999989
no04,533967_00319_11518_1,945,09:45,3058.389,3008.5685000000003,-49.82049999999981
no04,533967_00319_11518_1,1000,10:00,2993.142,3006.5115,13.369500000000244
no04,533967_00319_11518_1,1015,10:15,2405.9405,2421.093,15.15249999999969
no04,533967_00319_11518_1,1030,10:30,2462.15,2449.4715,-12.678499999999985
no04,533967_00319_11518_1,1045,10:45,2942.1015,2942.4565,0.35499999999956344
no04,533967_00319_11518_1,1100,11:00,2374.718,2374.45,-0.2680000000000291
no04,533967_00319_11518_1,1115,11:15,1790.313,1790.313,0.0
no04,533967_00319_11518_1,1130,11:30,2213.8540000000003,2213.81,-0.04400000000032378
no04,533967_00319_11518_1,1145,11:45,3098.196,3102.2975,4.101500000000215
no04,533967_00319_11518_1,1200,12:00,1809.212,1809.172,-0.03999999999996362
no04,533967_00319_11518_1,1215,12:15,2049.8385000000003,2052.0505000000003,2.211999999999989
no04,533967_00319_11518_1,1230,12:30,2271.6795,2273.344,1.6644999999998618
no04,533967_00319_11518_1,1245,12:45,2282.0975000000003,2282.1405,0.042999999999665306
no04,533967_00319_11518_1,1300,13:00,3054.006,3056.633,2.6269999999999527
no04,533967_00319_11518_1,1315,13:15,2046.3755,2046.4545,0.07899999999995089
no04,533967_00319_11518_1,1330,13:30,1926.342,1926.4545,0.11249999999995453
no04,533967_00319_11518_1,1345,13:45,2157.5555,2166.7855,9.230000000000018
no04,533967_00319_11518_1,1400,14:00,2070.5645,2071.0895,0.525000000000091
no04,533967_00319_11518_1,1415,14:15,2398.294,2398.387,0.09300000000030195
no04,533967_00319_11518_1,1430,14:30,2553.123,2553.123,0.0
no04,533967_00319_11518_1,1445,14:45,2355.1575000000003,2355.1130000000003,-0.044499999999970896
no04,533967_00319_11518_1,1500,15:00,2293.0105,2300.228,7.2175000000002
no04,533967_00319_11518_1,1515,15:15,3456.257,3521.9075,65.65049999999974
no04,533967_00319_11518_1,1530,15:30,2450.5055,2455.745,5.23949999999968
no04,533967_00319_11518_1,1545,15:45,2220.851,2225.195,4.344000000000051
no04,533967_00319_11518_1,1600,16:00,1752.5295,1752.5295,0.0
no04,533967_00319_11518_1,1615,16:15,2873.8975,2873.8975,0.0
no04,533967_00319_11518_1,1630,16:30,1621.5575,1618.998,-2.5594999999998436
no04,533967_00319_11518_1,1645,16:45,2602.3990000000003,2608.504,6.104999999999563
no04,533967_00319_11518_1,1700,17:00,2293.9515,2294.0895,0.13799999999991996
no04,533967_00319_11518_1,1715,17:15,2943.939,2946.652,2.713000000000193
no04,533967_00319_11518_1,1730,17:30,2571.1225,2575.3185000000003,4.196000000000367
no04,533967_00319_11518_1,1745,17:45,4166.534,4925.81,759.2760000000007
no04,533967_00319_11518_1,1800,18:00,2866.3575,3991.8195,1125.462
no04,533967_00319_11518_1,1815,18:15,3290.793,3848.96,558.1669999999999
no04,533967_00319_11518_1,1830,18:30,3101.2985,3117.7585,16.460000000000036
no04,533967_00319_11518_1,1845,18:45,2544.752,2557.5205,12.768500000000131
no04,533967_00319_87770_0,630,06:30,0.0,0.0,0.0
no04,533967_00319_87770_0,645,06:45,0.0,0.0,0.0
no04,533967_00319_87770_0,700,07:00,0.0,0.0,0.0
no04,533967_00319_87770_0,715,07:15,0.0,0.0,0.0
no04,533967_00319_87770_0,730,07:30,0.0,0.0,0.0
no04,533967_00319_87770_0,745,07:45,0.0,0.0,0.0
no04,533967_00319_87770_0,800,08:00,0.0,0.0,0.0
no04,533967_00319_87770_0,815,08:15,0.0,0.0,0.0
no04,533967_00319_87770_0,830,08:30,0.0,0.0,0.0
no04,533967_00319_87770_0,845,08:45,0.0,0.0,0.0
no04,533967_00319_87770_0,900,09:00,0.0,0.0,0.0
no04,533967_00319_87770_0,915,09:15,0.0,0.0,0.0
no04,533967_00319_87770_0,930,09:30,0.0,0.0,0.0
no04,533967_00319_87770_0,945,09:45,0.0,0.0,0.0
no04,533967_00319_87770_0,1000,10:00,0.0,0.0,0.0
no04,533967_00319_87770_0,1015,10:15,0.0,0.0,0.0
no04,533967_00319_87770_0,1030,10:30,0.0,0.0,0.0
no04,533967_00319_87770_0,1045,10:45,0.0,0.0,0.0
no04,533967_00319_87770_0,1100,11:00,0.0,0.0,0.0
no04,533967_00319_87770_0,1115,11:15,0.0,0.0,0.0
no04,533967_00319_87770_0,1130,11:30,0.0,0.0,0.0
no04,533967_00319_87770_0,1145,11:45,0.0,0.0,0.0
no04,533967_00319_87770_0,1200,12:00,0.0,0.0,0.0
no04,533967_00319_87770_0,1215,12:15,0.0,0.0,0.0
no04,533967_00319_87770_0,1230,12:30,0.0,0.0,0.0
no04,533967_00319_87770_0,1245,12:45,0.0,0.0,0.0
no04,533967_00319_87770_0,1300,13:00,0.0,0.0,0.0
no04,533967_00319_87770_0,1315,13:15,0.0,0.0,0.0
no04,533967_00319_87770_0,1330,13:30,0.0,0.0,0.0
no04,533967_00319_87770_0,1345,13:45,0.0,0.0,0.0
no04,533967_00319_87770_0,1400,14:00,0.0,0.0,0.0
no04,533967_00319_87770_0,1415,14:15,0.0,0.0,0.0
no04,533967_00319_87770_0,1430,14:30,0.0,0.0,0.0
no04,533967_00319_87770_0,1445,14:45,0.0,0.0,0.0
no04,533967_00319_87770_0,1500,15:00,0.0,0.0,0.0
no04,533967_00319_87770_0,1515,15:15,0.0,0.0,0.0
no04,533967_00319_87770_0,1530,15:30,0.0,0.0,0.0
no04,533967_00319_87770_0,1545,15:45,0.0,0.0,0.0
no04,533967_00319_87770_0,1600,16:00,0.0,0.0,0.0
no04,533967_00319_87770_0,1615,16:15,0.0,0.0,0.0
no04,533967_00319_87770_0,1630,16:30,0.0,0.0,0.0
no04,533967_00319_87770_0,1645,16:45,0.0,0.0,0.0
no04,533967_00319_87770_0,1700,17:00,0.0,0.0,0.0
no04,533967_00319_87770_0,1715,17:15,0.0,0.0,0.0
no04,533967_00319_87770_0,1730,17:30,0.0,0.0,0.0
no04,533967_00319_87770_0,1745,17:45,0.0,0.0,0.0
no04,533967_00319_87770_0,1800,18:00,0.0,0.0,0.0
no04,533967_00319_87770_0,1815,18:15,0.0,0.0,0.0
no04,533967_00319_87770_0,1830,18:30,0.0,0.0,0.0
no04,533967_00319_87770_0,1845,18:45,0.0,0.0,0.0
no04,533967_00319_87770_1,630,06:30,0.0,0.0,0.0
no04,533967_00319_87770_1,645,06:45,0.0,0.0,0.0
no04,533967_00319_87770_1,700,07:00,0.0,0.0,0.0
no04,533967_00319_87770_1,715,07:15,0.0,0.0,0.0
no04,533967_00319_87770_1,730,07:30,0.0,0.0,0.0
no04,533967_00319_87770_1,745,07:45,0.0,0.0,0.0
no04,533967_00319_87770_1,800,08:00,0.0,0.0,0.0
no04,533967_00319_87770_1,815,08:15,0.0,0.0,0.0
no04,533967_00319_87770_1,830,08:30,0.0,0.0,0.0
no04,533967_00319_87770_1,845,08:45,0.0,0.0,0.0
no04,533967_00319_87770_1,900,09:00,0.0,0.0,0.0
no04,533967_00319_87770_1,915,09:15,0.0,0.0,0.0
no04,533967_00319_87770_1,930,09:30,0.0,0.0,0.0
no04,533967_00319_87770_1,945,09:45,0.0,0.0,0.0
no04,533967_00319_87770_1,1000,10:00,0.0,0.0,0.0
no04,533967_00319_87770_1,1015,10:15,0.0,0.0,0.0
no04,533967_00319_87770_1,1030,10:30,0.0,0.0,0.0
no04,533967_00319_87770_1,1045,10:45,0.0,0.0,0.0
no04,533967_00319_87770_1,1100,11:00,0.0,0.0,0.0
no04,533967_00319_87770_1,1115,11:15,0.0,0.0,0.0
no04,533967_00319_87770_1,1130,11:30,0.0,0.0,0.0
no04,533967_00319_87770_1,1145,11:45,0.0,0.0,0.0
no04,533967_00319_87770_1,1200,12:00,0.0,0.0,0.0
no04,533967_00319_87770_1,1215,12:15,0.0,0.0,0.0
no04,533967_00319_87770_1,1230,12:30,0.0,0.0,0.0
no04,533967_00319_87770_1,1245,12:45,0.0,0.0,0.0
no04,533967_00319_87770_1,1300,13:00,0.0,0.0,0.0
no04,533967_00319_87770_1,1315,13:15,0.0,0.0,0.0
no04,533967_00319_87770_1,1330,13:30,0.0,0.0,0.0
no04,533967_00319_87770_1,1345,13:45,0.0,0.0,0.0
no04,533967_00319_87770_1,1400,14:00,0.0,0.0,0.0
no04,533967_00319_87770_1,1415,14:15,0.0,0.0,0.0
no04,533967_00319_87770_1,1430,14:30,0.0,0.0,0.0
no04,533967_00319_87770_1,1445,14:45,0.0,0.0,0.0
no04,533967_00319_87770_1,1500,15:00,0.0,0.0,0.0
no04,533967_00319_87770_1,1515,15:15,0.0,0.0,0.0
no04,533967_00319_87770_1,1530,15:30,0.0,0.0,0.0
no04,533967_00319_87770_1,1545,15:45,0.0,0.0,0.0
no04,533967_00319_87770_1,1600,16:00,0.0,0.0,0.0
no04,533967_00319_87770_1,1615,16:15,0.0,0.0,0.0
no04,533967_00319_87770_1,1630,16:30,0.0,0.0,0.0
no04,533967_00319_87770_1,1645,16:45,0.0,0.0,0.0
no04,533967_00319_87770_1,1700,17:00,0.0,0.0,0.0
no04,533967_00319_87770_1,1715,17:15,0.0,0.0,0.0
no04,533967_00319_87770_1,1730,17:30,0.0,0.0,0.0
no04,533967_00319_87770_1,1745,17:45,0.0,0.0,0.0
no04,533967_00319_87770_1,1800,18:00,0.0,0.0,0.0
no04,533967_00319_87770_1,1815,18:15,0.0,0.0,0.0
no04,533967_00319_87770_1,1830,18:30,0.0,0.0,0.0
no04,533967_00319_87770_1,1845,18:45,0.0,0.0,0.0
no04,533967_00532_00534_0,630,06:30,3959.425,4080.619,121.19399999999996
no04,533967_00532_00534_0,645,06:45,2681.9145,2726.271,44.356500000000324
no04,533967_00532_00534_0,700,07:00,3751.12,3777.1055,25.98550000000023
no04,533967_00532_00534_0,715,07:15,4034.7705,4055.206,20.435500000000047
no04,533967_00532_00534_0,730,07:30,3786.707,3707.2755,-79.43149999999969
no04,533967_00532_00534_0,745,07:45,4209.0625,4360.9975,151.9350000000004
no04,533967_00532_00534_0,800,08:00,4171.8025,4149.582,-22.220499999999447
no04,533967_00532_00534_0,815,08:15,3821.5275,3937.8595,116.33199999999988
no04,533967_00532_00534_0,830,08:30,5747.487,5916.545,169.058
no04,533967_00532_00534_0,845,08:45,7659.077,8005.989,346.91199999999935
no04,533967_00532_00534_0,900,09:00,6042.961499999999,6223.7795,180.8180000000002
no04,533967_00532_00534_0,915,09:15,5110.237,5098.727,-11.510000000000218
no04,533967_00532_00534_0,930,09:30,5247.4705,5273.7575,26.286999999999352
no04,533967_00532_00534_0,945,09:45,3289.9660000000003,3351.1205,61.15449999999964
no04,533967_00532_00534_0,1000,10:00,2954.1780000000003,3028.4165000000003,74.23849999999993
no04,533967_00532_00534_0,1015,10:15,3300.3725,3296.1985,-4.173999999999978
no04,533967_00532_00534_0,1030,10:30,4012.416,4085.767,73.35099999999966
no04,533967_00532_00534_0,1045,10:45,2641.9565,2578.5095,-63.44699999999966
no04,533967_00532_00534_0,1100,11:00,3469.0515,3599.4945,130.44299999999976
no04,533967_00532_00534_0,1115,11:15,4116.2435,4157.4775,41.23400000000038
no04,533967_00532_00534_0,1130,11:30,4637.2195,4724.2925000000005,87.07300000000032
no04,533967_00532_00534_0,1145,11:45,3375.824,3315.2519999999995,-60.57200000000057
no04,533967_00532_00534_0,1200,12:00,3190.67,3228.5765,37.90650000000005
no04,533967_00532_00534_0,1215,12:15,4229.226000000001,4370.941000000001,141.71500000000015
no04,533967_00532_00534_0,1230,12:30,4333.7105,4165.871499999999,-167.83900000000085
no04,533967_00532_00534_0,1245,12:45,3657.115,3757.0885,99.97350000000006
no04,533967_00532_00534_0,1300,13:00,3598.867,3372.53,-226.337
no04,533967_00532_00534_0,1315,13:15,3501.0195,3588.0445,87.02500000000009
no04,533967_00532_00534_0,1330,13:30,3791.7105,3848.396,56.68550000000005
no04,533967_00532_00534_0,1345,13:45,4609.260499999999,4614.14,4.879500000000917
no04,533967_00532_00534_0,1400,14:00,5291.6015,5415.736,124.13450000000012
no04,533967_00532_00534_0,1415,14:15,5825.862999999999,5770.2335,-55.6294999999991
no04,533967_00532_00534_0,1430,14:30,3916.898,3815.0075,-101.89049999999997
no04,533967_00532_00534_0,1445,14:45,5863.586499999999,6557.030500000001,693.4440000000013
no04,533967_00532_00534_0,1500,15:00,5092.8285000000005,5509.1045,416.27599999999984
no04,533967_00532_00534_0,1515,15:15,4480.7915,4199.4215,-281.3699999999999
no04,533967_00532_00534_0,1530,15:30,4739.025,4908.627,169.60200000000077
no04,533967_00532_00534_0,1545,15:45,3763.876,3724.1005,-39.77550000000019
no04,533967_00532_00534_0,1600,16:00,3697.7,3675.5815,-22.11850000000004
no04,533967_00532_00534_0,1615,16:15,4141.7185,4075.8475,-65.8710000000001
no04,533967_00532_00534_0,1630,16:30,3847.3915,4053.0945,205.70299999999997
no04,533967_00532_00534_0,1645,16:45,4488.496,4436.362,-52.134000000000015
no04,533967_00532_00534_0,1700,17:00,4174.298,4101.884,-72.41399999999976
no04,533967_00532_00534_0,1715,17:15,3909.129,3823.114,-86.01499999999987
no04,533967_00532_00534_0,1730,17:30,2897.7585,2931.971,34.21250000000009
no04,533967_00532_00534_0,1745,17:45,4534.541,4444.8735,-89.66750000000047
no04,533967_00532_00534_0,1800,18:00,4226.1645,4311.6900000000005,85.52550000000065
no04,533967_00532_00534_0,1815,18:15,5982.425499999999,5911.8195,-70.60599999999977
no04,533967_00532_00534_0,1830,18:30,5211.626,4966.906,-244.72000000000025
no04,533967_00532_00534_0,1845,18:45,3301.1805,3291.5550000000003,-9.625499999999647
no04,533967_00532_00534_1,630,06:30,2635.2515,2647.9425,12.691000000000258
no04,533967_00532_00534_1,645,06:45,2233.8425,2281.2265,47.384000000000015
no04,533967_00532_00534_1,700,07:00,3435.05,3460.7230000000004,25.67300000000023
no04,533967_00532_00534_1,715,07:15,4215.1925,4220.182,4.98949999999968
no04,533967_00532_00534_1,730,07:30,4897.689,4886.6525,-11.03650000000016
no04,533967_00532_00534_1,745,07:45,5080.4345,5042.414,-38.02050000000054
no04,533967_00532_00534_1,800,08:00,6101.6475,6015.9275,-85.72000000000025
no04,533967_00532_00534_1,815,08:15,5318.4655,5336.9395,18.47400000000016
no04,533967_00532_00534_1,830,08:30,5004.523999999999,5057.657499999999,53.13349999999991
no04,533967_00532_00534_1,845,08:45,5013.0395,5220.6595,207.6199999999999
no04,533967_00532_00534_1,900,09:00,4761.215,4769.6625,8.447500000000218
no04,533967_00532_00534_1,915,09:15,3966.775,4022.67,55.89499999999998
no04,533967_00532_00534_1,930,09:30,5203.9535,5227.586,23.63250000000062
no04,533967_00532_00534_1,945,09:45,4238.0605000000005,4277.171,39.110499999999774
no04,533967_00532_00534_1,1000,10:00,4629.9005,4653.8305,23.93000000000029
no04,533967_00532_00534_1,1015,10:15,4845.467500000001,4758.1185,-87.34900000000107
no04,533967_00532_00534_1,1030,10:30,3717.616,3874.039,156.42300000000023
no04,533967_00532_00534_1,1045,10:45,3482.9745000000003,3519.8185,36.843999999999596
no04,533967_00532_00534_1,1100,11:00,3859.4915,3854.4485,-5.04300000000012
no04,533967_00532_00534_1,1115,11:15,4384.7595,4615.3255,230.5659999999998
no04,533967_00532_00534_1,1130,11:30,3705.4265,3682.3605,-23.06600000000026
no04,533967_00532_00534_1,1145,11:45,2978.2415,2977.512,-0.7294999999999163
no04,533967_00532_00534_1,1200,12:00,3336.2495000000004,3536.9705000000004,200.721
no04,533967_00532_00534_1,1215,12:15,4474.7285,4583.4445,108.71599999999944
no04,533967_00532_00534_1,1230,12:30,2976.914,3050.887,73.97299999999996
no04,533967_00532_00534_1,1245,12:45,3464.0150000000003,3443.9480000000003,-20.067000000000007
no04,533967_00532_00534_1,1300,13:00,3774.116,3598.4970000000003,-175.6189999999997
no04,533967_00532_00534_1,1315,13:15,3010.0225,3057.736,47.71349999999984
no04,533967_00532_00534_1,1330,13:30,4747.928,4818.498,70.56999999999971
no04,533967_00532_00534_1,1345,13:45,2249.077,2308.4515,59.3744999999999
no04,533967_00532_00534_1,1400,14:00,2667.812,2770.2165,102.4045000000001
no04,533967_00532_00534_1,1415,14:15,3291.0325,3409.8835,118.85100000000011
no04,533967_00532_00534_1,1430,14:30,3437.2815,3384.7195,-52.5619999999999
no04,533967_00532_00534_1,1445,14:45,3932.479,3941.5805,9.101500000000215
no04,533967_00532_00534_1,1500,15:00,3349.1125,3459.685,110.57249999999976
no04,533967_00532_00534_1,1515,15:15,3222.33,3334.9955,112.66550000000007
no04,533967_00532_00534_1,1530,15:30,3718.527000000001,3857.7745,139.24749999999904
no04,533967_00532_00534_1,1545,15:45,3944.469,4085.412,140.94299999999976
no04,533967_00532_00534_1,1600,16:00,5555.7685,5302.3255,-253.4430000000002
no04,533967_00532_00534_1,1615,16:15,4464.9005,4232.7215,-232.1790000000001
no04,533967_00532_00534_1,1630,16:30,7935.106,8239.6775,304.5715
no04,533967_00532_00534_1,1645,16:45,5559.193499999999,5689.078,129.88450000000103
no04,533967_00532_00534_1,1700,17:00,6414.442,6683.02,268.57800000000043
no04,533967_00532_00534_1,1715,17:15,5312.1,5361.278,49.177999999999884
no04,533967_00532_00534_1,1730,17:30,4558.091,4632.444,74.35300000000007
no04,533967_00532_00534_1,1745,17:45,3628.0125,3566.225,-61.78749999999991
no04,533967_00532_00534_1,1800,18:00,5628.811,5649.011,20.200000000000728
no04,533967_00532_00534_1,1815,18:15,5307.89,5291.542,-16.347999999999956
no04,533967_00532_00534_1,1830,18:30,4453.9935,4711.45,257.45650000000023
no04,533967_00532_00534_1,1845,18:45,3942.8205,4051.5545,108.73400000000038
no04,533967_00532_01530_0,630,06:30,460.7575,457.032,-3.725500000000011
no04,533967_00532_01530_0,645,06:45,640.649,657.2855,16.636499999999955
no04,533967_00532_01530_0,700,07:00,362.5045,362.7315,0.22699999999997544
no04,533967_00532_01530_0,715,07:15,269.0425,282.21,13.167499999999961
no04,533967_00532_01530_0,730,07:30,504.728,517.17,12.44199999999995
no04,533967_00532_01530_0,745,07:45,427.059,431.7555,4.696499999999958
no04,533967_00532_01530_0,800,08:00,578.0585,600.0550000000001,21.996500000000083
no04,533967_00532_01530_0,815,08:15,690.482,664.597,-25.88499999999999
no04,533967_00532_01530_0,830,08:30,686.7085,712.9855,26.277000000000044
no04,533967_00532_01530_0,845,08:45,769.213,797.9815,28.768500000000017
no04,533967_00532_01530_0,900,09:00,480.604,460.4745,-20.129500000000007
no04,533967_00532_01530_0,915,09:15,364.4995,362.4335,-2.066000000000031
no04,533967_00532_01530_0,930,09:30,492.97300000000007,489.355,-3.618000000000052
no04,533967_00532_01530_0,945,09:45,445.6785,454.259,8.580500000000029
no04,533967_00532_01530_0,1000,10:00,656.7745,635.8439999999999,-20.930500000000052
no04,533967_00532_01530_0,1015,10:15,708.9599999999999,705.359,-3.6009999999998854
no04,533967_00532_01530_0,1030,10:30,616.2955,630.7735,14.478000000000065
no04,533967_00532_01530_0,1045,10:45,485.775,458.2145,-27.56049999999999
no04,533967_00532_01530_0,1100,11:00,584.995,574.4525,-10.542500000000018
no04,533967_00532_01530_0,1115,11:15,318.4295,365.685,47.255499999999984
no04,533967_00532_01530_0,1130,11:30,519.058,477.603,-41.454999999999984
no04,533967_00532_01530_0,1145,11:45,385.391,401.38,15.988999999999976
no04,533967_00532_01530_0,1200,12:00,396.338,404.255,7.916999999999973
no04,533967_00532_01530_0,1215,12:15,394.77,423.7285,28.958500000000015
no04,533967_00532_01530_0,1230,12:30,455.161,469.3415,14.180499999999995
no04,533967_00532_01530_0,1245,12:45,542.545,499.9115,-42.63349999999997
no04,533967_00532_01530_0,1300,13:00,792.404,707.2965,-85.10749999999996
no04,533967_00532_01530_0,1315,13:15,405.656,390.131,-15.525000000000034
no04,533967_00532_01530_0,1330,13:30,340.00300000000004,355.996,15.992999999999938
no04,533967_00532_01530_0,1345,13:45,247.9085,276.4575,28.548999999999978
no04,533967_00532_01530_0,1400,14:00,372.425,394.1685,21.743499999999983
no04,533967_00532_01530_0,1415,14:15,484.7685,487.9165,3.1479999999999677
no04,533967_00532_01530_0,1430,14:30,744.549,714.1315,-30.417500000000018
no04,533967_00532_01530_0,1445,14:45,414.7325,403.6385,-11.093999999999994
no04,533967_00532_01530_0,1500,15:00,405.465,460.634,55.16900000000004
no04,533967_00532_01530_0,1515,15:15,358.117,402.437,44.31999999999999
no04,533967_00532_01530_0,1530,15:30,568.553,566.0435,-2.5095000000000027
no04,533967_00532_01530_0,1545,15:45,471.0935,453.3795,-17.714
no04,533967_00532_01530_0,1600,16:00,667.1925,724.9455,57.75300000000004
no04,533967_00532_01530_0,1615,16:15,440.225,384.23,-55.995000000000005
no04,533967_00532_01530_0,1630,16:30,869.1754999999999,845.445,-23.730499999999893
no04,533967_00532_01530_0,1645,16:45,645.902,652.05,6.147999999999911
no04,533967_00532_01530_0,1700,17:00,691.0184999999999,744.139,53.120500000000106
no04,533967_00532_01530_0,1715,17:15,775.2115,770.033,-5.1784999999999854
no04,533967_00532_01530_0,1730,17:30,597.596,610.579,12.982999999999947
no04,533967_00532_01530_0,1745,17:45,759.7909999999999,774.222,14.43100000000004
no04,533967_00532_01530_0,1800,18:00,759.5,772.2470000000001,12.747000000000071
no04,533967_00532_01530_0,1815,18:15,372.092,362.3865,-9.705499999999972
no04,533967_00532_01530_0,1830,18:30,376.2025,422.017,45.81450000000001
no04,533967_00532_01530_0,1845,18:45,361.736,356.21,-5.5260000000000105
no04,533967_00532_01530_1,630,06:30,588.596,586.9175,-1.6784999999999854
no04,533967_00532_01530_1,645,06:45,756.9984999999999,742.344,-14.65449999999987
no04,533967_00532_01530_1,700,07:00,696.3050000000001,695.596,-0.70900000000006
no04,533967_00532_01530_1,715,07:15,755.1285,750.655,-4.473500000000058
no04,533967_00532_01530_1,730,07:30,2269.174,2357.21,88.03600000000006
no04,533967_00532_01530_1,745,07:45,2571.2225000000003,2576.1555,4.932999999999538
no04,533967_00532_01530_1,800,08:00,2067.951,2166.478,98.52700000000004
no04,533967_00532_01530_1,815,08:15,2357.713,2772.4775,414.76449999999977
no04,533967_00532_01530_1,830,08:30,2989.2905,3125.4695,136.1790000000001
no04,533967_00532_01530_1,845,08:45,2138.972,2175.212,36.23999999999978
no04,533967_00532_01530_1,900,09:00,1587.1844999999998,1491.148,-96.03649999999993
no04,533967_00532_01530_1,915,09:15,1353.643,1295.403,-58.24000000000001
no04,533967_00532_01530_1,930,09:30,1096.2935,1282.198,185.9045000000001
no04,533967_00532_01530_1,945,09:45,1021.122,1130.4485,109.32650000000001
no04,533967_00532_01530_1,1000,10:00,1533.8265,1440.03,-93.79649999999992
no04,533967_00532_01530_1,1015,10:15,1773.2235,1833.3355,60.11199999999985
no04,533967_00532_01530_1,1030,10:30,1627.074,1669.8865,42.8125
no04,533967_00532_01530_1,1045,10:45,1995.089,1836.766,-158.32299999999987
no04,533967_00532_01530_1,1100,11:00,1574.2995,1640.979,66.67949999999996
no04,533967_00532_01530_1,1115,11:15,4654.2815,4748.449500000001,94.16800000000057
no04,533967_00532_01530_1,1130,11:30,2762.147,2729.2555,-32.89149999999972
no04,533967_00532_01530_1,1145,11:45,3244.7525,3316.2165,71.46399999999994
no04,533967_00532_01530_1,1200,12:00,3153.0345,3003.571,-149.4635000000003
no04,533967_00532_01530_1,1215,12:15,4582.1915,4896.112,313.9205000000002
no04,533967_00532_01530_1,1230,12:30,4654.161,4444.342500000001,-209.8184999999994
no04,533967_00532_01530_1,1245,12:45,3984.596500000001,4210.2235,225.62699999999904
no04,533967_00532_01530_1,1300,13:00,4186.6305,4133.693,-52.9375
no04,533967_00532_01530_1,1315,13:15,3472.938,3491.8885,18.95049999999992
no04,533967_00532_01530_1,1330,13:30,4207.414,4218.26,10.846000000000458
no04,533967_00532_01530_1,1345,13:45,3899.0695,3864.897,-34.17250000000013
no04,533967_00532_01530_1,1400,14:00,4192.111,4310.9665,118.85550000000057
no04,533967_00532_01530_1,1415,14:15,3862.451,3684.2195,-178.23149999999987
no04,533967_00532_01530_1,1430,14:30,1957.737,1956.5735,-1.1635000000001128
no04,533967_00532_01530_1,1445,14:45,2429.063,2319.052,-110.01099999999997
no04,533967_00532_01530_1,1500,15:00,2543.715,2512.4715,-31.24350000000004
no04,533967_00532_01530_1,1515,15:15,2577.004,2742.107,165.10300000000007
no04,533967_00532_01530_1,1530,15:30,2469.2315,2469.904,0.6725000000001273
no04,533967_00532_01530_1,1545,15:45,2509.911,2464.36,-45.55099999999993
no04,533967_00532_01530_1,1600,16:00,2093.0405,3284.7830000000004,1191.7425000000003
no04,533967_00532_01530_1,1615,16:15,3494.2555,3857.009,362.7534999999998
no04,533967_00532_01530_1,1630,16:30,3448.7755,3263.56,-185.21550000000025
no04,533967_00532_01530_1,1645,16:45,3994.6595,3945.231,-49.428499999999985
no04,533967_00532_01530_1,1700,17:00,2535.7115000000003,2665.0025,129.2909999999997
no04,533967_00532_01530_1,1715,17:15,3034.9535,2923.491,-111.46250000000009
no04,533967_00532_01530_1,1730,17:30,2733.583,2831.5985,98.01549999999997
no04,533967_00532_01530_1,1745,17:45,3913.722,3893.6125,-20.109500000000025
no04,533967_00532_01530_1,1800,18:00,2389.8945,2231.9025,-157.99199999999973
no04,533967_00532_01530_1,1815,18:15,1655.02,1802.0115,146.9915000000001
no04,533967_00532_01530_1,1830,18:30,3008.661,3698.0165,689.3555000000001
no04,533967_00532_01530_1,1845,18:45,2712.3745,2678.0655,-34.30899999999974
no04,533967_00532_11490_0,630,06:30,1568.525,1573.0904999999998,4.565499999999702
no04,533967_00532_11490_0,645,06:45,1360.0875,1369.0835,8.995999999999867
no04,533967_00532_11490_0,700,07:00,1698.8974999999998,1708.0985,9.20100000000025
no04,533967_00532_11490_0,715,07:15,2396.136,2415.513,19.376999999999953
no04,533967_00532_11490_0,730,07:30,2574.5525,2562.713,-11.839499999999589
no04,533967_00532_11490_0,745,07:45,2997.527,2988.064,-9.463000000000193
no04,533967_00532_11490_0,800,08:00,2863.3975,2869.3835,5.985999999999876
no04,533967_00532_11490_0,815,08:15,2707.1155,2742.752,35.63650000000007
no04,533967_00532_11490_0,830,08:30,2940.455,2956.4080000000004,15.95300000000043
no04,533967_00532_11490_0,845,08:45,2434.7315,2464.111,29.379500000000007
no04,533967_00532_11490_0,900,09:00,2815.13,2827.096,11.965999999999894
no04,533967_00532_11490_0,915,09:15,2394.083,2404.9625,10.879500000000007
no04,533967_00532_11490_0,930,09:30,2681.367,2707.875,26.50799999999981
no04,533967_00532_11490_0,945,09:45,2431.668,2448.0555,16.387499999999818
no04,533967_00532_11490_0,1000,10:00,2396.674,2394.425,-2.2489999999997963
no04,533967_00532_11490_0,1015,10:15,2211.2645,2233.0665,21.80199999999968
no04,533967_00532_11490_0,1030,10:30,2325.8315,2328.279,2.4475000000002183
no04,533967_00532_11490_0,1045,10:45,2343.3325,2364.1130000000003,20.780500000000302
no04,533967_00532_11490_0,1100,11:00,2410.726,2436.714,25.98799999999983
no04,533967_00532_11490_0,1115,11:15,2204.0245,2177.735,-26.28949999999986
no04,533967_00532_11490_0,1130,11:30,2604.852,2649.035,44.18299999999999
no04,533967_00532_11490_0,1145,11:45,2261.193,2270.5935,9.400499999999738
no04,533967_00532_11490_0,1200,12:00,2800.871,2795.7805,-5.090500000000247
no04,533967_00532_11490_0,1215,12:15,3013.2135,3041.3805,28.16700000000037
no04,533967_00532_11490_0,1230,12:30,2384.4105,2374.198,-10.212500000000091
no04,533967_00532_11490_0,1245,12:45,2260.318,2301.557,41.23899999999958
no04,533967_00532_11490_0,1300,13:00,2635.2635,2649.255,13.991500000000087
no04,533967_00532_11490_0,1315,13:15,2229.4315,2254.547,25.115499999999884
no04,533967_00532_11490_0,1330,13:30,2285.7265,2261.3475,-24.37900000000036
no04,533967_00532_11490_0,1345,13:45,1493.9075,1449.121,-44.78649999999993
no04,533967_00532_11490_0,1400,14:00,2027.0305,2067.6985,40.66799999999989
no04,533967_00532_11490_0,1415,14:15,2521.6040000000003,2554.344,32.73999999999978
no04,533967_00532_11490_0,1430,14:30,2536.352,2538.608,2.256000000000313
no04,533967_00532_11490_0,1445,14:45,2182.518,2175.6995,-6.818499999999858
no04,533967_00532_11490_0,1500,15:00,2177.2965,2149.0595000000003,-28.236999999999625
no04,533967_00532_11490_0,1515,15:15,2119.4505,2152.286,32.83550000000014
no04,533967_00532_11490_0,1530,15:30,2206.3085,2239.7835,33.47499999999991
no04,533967_00532_11490_0,1545,15:45,2254.3035,2258.7245,4.420999999999822
no04,533967_00532_11490_0,1600,16:00,2995.837,3032.2865,36.44950000000017
no04,533967_00532_11490_0,1615,16:15,2736.311,2738.311,2.0
no04,533967_00532_11490_0,1630,16:30,2911.211,2938.216,27.00500000000011
no04,533967_00532_11490_0,1645,16:45,3038.6425,3083.433,44.790500000000065
no04,533967_00532_11490_0,1700,17:00,3052.2865,3050.2,-2.086500000000342
no04,533967_00532_11490_0,1715,17:15,2914.5335,2921.7745,7.2409999999999854
no04,533967_00532_11490_0,1730,17:30,2419.7425,2423.2745,3.532000000000153
no04,533967_00532_11490_0,1745,17:45,1911.0965,1815.4715,-95.625
no04,533967_00532_11490_0,1800,18:00,2593.8365000000003,2614.8875,21.050999999999476
no04,533967_00532_11490_0,1815,18:15,2687.072,2703.742,16.670000000000073
no04,533967_00532_11490_0,1830,18:30,2285.377,2358.7025000000003,73.32550000000037
no04,533967_00532_11490_0,1845,18:45,2000.745,2043.846,43.10100000000011
no04,533967_00532_11490_1,630,06:30,5622.8155,5709.8295,87.01400000000012
no04,533967_00532_11490_1,645,06:45,4316.543,4342.771,26.228000000000065
no04,533967_00532_11490_1,700,07:00,5196.772999999999,5251.0825,54.30950000000121
no04,533967_00532_11490_1,715,07:15,5102.9245,5151.2575,48.33299999999963
no04,533967_00532_11490_1,730,07:30,4918.630999999999,4975.424,56.793000000000575
no04,533967_00532_11490_1,745,07:45,5819.3150000000005,5854.710499999999,35.39549999999872
no04,533967_00532_11490_1,800,08:00,5089.77,5140.181,50.41099999999915
no04,533967_00532_11490_1,815,08:15,5406.6,5437.0935,30.493499999999585
no04,533967_00532_11490_1,830,08:30,5764.3305,5776.199500000001,11.869000000000597
no04,533967_00532_11490_1,845,08:45,6469.522999999999,6510.675,41.15200000000095
no04,533967_00532_11490_1,900,09:00,4912.5605000000005,5041.803,129.24249999999938
no04,533967_00532_11490_1,915,09:15,5124.128500000001,5221.6325,97.503999999999
no04,533967_00532_11490_1,930,09:30,7216.411,7331.527,115.11599999999999
no04,533967_00532_11490_1,945,09:45,4251.759,4291.615,39.85599999999977
no04,533967_00532_11490_1,1000,10:00,3832.8215,3831.8005,-1.0210000000001855
no04,533967_00532_11490_1,1015,10:15,3341.6265,3329.6315000000004,-11.994999999999436
no04,533967_00532_11490_1,1030,10:30,3631.7545,3640.154,8.399499999999989
no04,533967_00532_11490_1,1045,10:45,3517.8675000000003,3506.3895,-11.478000000000065
no04,533967_00532_11490_1,1100,11:00,3936.1165,4000.3055,64.18899999999985
no04,533967_00532_11490_1,1115,11:15,3737.102,3787.7315,50.62950000000001
no04,533967_00532_11490_1,1130,11:30,4448.4955,4443.859,-4.636499999999614
no04,533967_00532_11490_1,1145,11:45,3603.8165,3624.9065,21.090000000000146
no04,533967_00532_11490_1,1200,12:00,3451.3105,3551.994,100.6835000000001
no04,533967_00532_11490_1,1215,12:15,3745.3415,3668.221,-77.12049999999999
no04,533967_00532_11490_1,1230,12:30,4114.638,4064.218,-50.42000000000007
no04,533967_00532_11490_1,1245,12:45,3863.2845,3810.36,-52.92450000000008
no04,533967_00532_11490_1,1300,13:00,4594.254,4587.6425,-6.611499999999978
no04,533967_00532_11490_1,1315,13:15,3946.252,4062.968,116.7159999999999
no04,533967_00532_11490_1,1330,13:30,4840.035,4999.0535,159.01850000000013
no04,533967_00532_11490_1,1345,13:45,4035.305,4097.3265,62.02150000000029
no04,533967_00532_11490_1,1400,14:00,4999.5645,5024.888,25.323499999999513
no04,533967_00532_11490_1,1415,14:15,6026.4405,6064.8105000000005,38.3700000000008
no04,533967_00532_11490_1,1430,14:30,3637.9115,3664.766,26.854499999999916
no04,533967_00532_11490_1,1445,14:45,4339.6415,4351.3125,11.671000000000276
no04,533967_00532_11490_1,1500,15:00,3342.7995,3464.686,121.88650000000007
no04,533967_00532_11490_1,1515,15:15,4338.36,4402.0605,63.70049999999992
no04,533967_00532_11490_1,1530,15:30,4413.322,4492.9975,79.67550000000028
no04,533967_00532_11490_1,1545,15:45,3744.5595,3703.733,-40.82649999999967
no04,533967_00532_11490_1,1600,16:00,3834.2705,3895.6375,61.366999999999734
no04,533967_00532_11490_1,1615,16:15,3999.7185,3978.9385,-20.779999999999745
no04,533967_00532_11490_1,1630,16:30,2618.451,2575.9505,-42.5005000000001
no04,533967_00532_11490_1,1645,16:45,4215.1155,4283.122,68.00650000000041
no04,533967_00532_11490_1,1700,17:00,3391.7505,3448.6295,56.878999999999905
no04,533967_00532_11490_1,1715,17:15,4207.266,4204.174,-3.0919999999996435
no04,533967_00532_11490_1,1730,17:30,3924.2435,3879.308,-44.93550000000005
no04,533967_00532_11490_1,1745,17:45,4257.818,4261.1365,3.3184999999994034
no04,533967_00532_11490_1,1800,18:00,2640.212,2691.6775,51.46549999999979
no04,533967_00532_11490_1,1815,18:15,3345.9435,3271.874,-74.06950000000006
no04,533967_00532_11490_1,1830,18:30,2373.537,2306.564,-66.97299999999996
no04,533967_00532_11490_1,1845,18:45,3092.462,3247.222,154.76000000000022
no04,533967_00532_11497_0,630,06:30,125.797,126.097,0.29999999999999716
no04,533967_00532_11497_0,645,06:45,110.0075,109.1405,-0.8669999999999902
no04,533967_00532_11497_0,700,07:00,266.8045,266.817,0.012499999999988631
no04,533967_00532_11497_0,715,07:15,187.479,189.2075,1.7284999999999968
no04,533967_00532_11497_0,730,07:30,283.714,283.6555,-0.0584999999999809
no04,533967_00532_11497_0,745,07:45,409.5085,405.8915,-3.6170000000000186
no04,533967_00532_11497_0,800,08:00,329.972,330.28000000000003,0.30800000000004957
no04,533967_00532_11497_0,815,08:15,328.0455,332.45,4.4044999999999845
no04,533967_00532_11497_0,830,08:30,72.203,71.1935,-1.0095000000000027
no04,533967_00532_11497_0,845,08:45,0.0,0.0,0.0
no04,533967_00532_11497_0,900,09:00,27.901,27.901,0.0
no04,533967_00532_11497_0,915,09:15,57.648,59.7485,2.1004999999999967
no04,533967_00532_11497_0,930,09:30,297.8015,297.771,-0.03049999999996089
no04,533967_00532_11497_0,945,09:45,96.908,93.311,-3.596999999999994
no04,533967_00532_11497_0,1000,10:00,228.17400000000004,231.5295,3.355499999999978
no04,533967_00532_11497_0,1015,10:15,65.349,66.2005,0.8515000000000015
no04,533967_00532_11497_0,1030,10:30,19.614615384615384,19.616153846153846,0.0015384615384625988
no04,533967_00532_11497_0,1045,10:45,62.0405,62.292,0.25150000000000006
no04,533967_00532_11497_0,1100,11:00,25.0515,25.7495,0.6980000000000004
no04,533967_00532_11497_0,1115,11:15,440.326,440.3015,-0.02450000000004593
no04,533967_00532_11497_0,1130,11:30,88.80600000000001,85.303,-3.5030000000000143
no04,533967_00532_11497_0,1145,11:45,43.949,45.5465,1.5975000000000037
no04,533967_00532_11497_0,1200,12:00,66.44800000000001,65.60249999999999,-0.8455000000000155
no04,533967_00532_11497_0,1215,12:15,15.946842105263158,14.894736842105264,-1.0521052631578947
no04,533967_00532_11497_0,1230,12:30,167.43800000000002,168.09,0.6519999999999868
no04,533967_00532_11497_0,1245,12:45,95.888,96.6905,0.8024999999999949
no04,533967_00532_11497_0,1300,13:00,77.5505,80.657,3.106499999999997
no04,533967_00532_11497_0,1315,13:15,29.5545,25.0985,-4.4559999999999995
no04,533967_00532_11497_0,1330,13:30,359.775,370.8385,11.063500000000033
no04,533967_00532_11497_0,1345,13:45,177.406,169.86700000000002,-7.538999999999987
no04,533967_00532_11497_0,1400,14:00,141.66400000000002,139.994,-1.670000000000016
no04,533967_00532_11497_0,1415,14:15,13.066666666666666,16.133333333333333,3.0666666666666664
no04,533967_00532_11497_0,1430,14:30,0.0,0.0,0.0
no04,533967_00532_11497_0,1445,14:45,50.7575,51.3615,0.6039999999999992
no04,533967_00532_11497_0,1500,15:00,111.844,114.75,2.906000000000006
no04,533967_00532_11497_0,1515,15:15,57.151,54.3005,-2.850500000000004
no04,533967_00532_11497_0,1530,15:30,29.753499999999995,26.099,-3.654499999999995
no04,533967_00532_11497_0,1545,15:45,109.858,115.4985,5.640500000000003
no04,533967_00532_11497_0,1600,16:00,159.555,151.5155,-8.039500000000004
no04,533967_00532_11497_0,1615,16:15,63.697500000000005,70.6865,6.98899999999999
no04,533967_00532_11497_0,1630,16:30,104.9965,106.088,1.0914999999999964
no04,533967_00532_11497_0,1645,16:45,50.0985,50.2505,0.15200000000000102
no04,533967_00532_11497_0,1700,17:00,114.4545,113.3495,-1.1049999999999898
no04,533967_00532_11497_0,1715,17:15,185.7745,190.1425,4.368000000000023
no04,533967_00532_11497_0,1730,17:30,347.4045,351.9015,4.497000000000014
no04,533967_00532_11497_0,1745,17:45,180.2225,180.484,0.2615000000000123
no04,533967_00532_11497_0,1800,18:00,123.5065,118.956,-4.5504999999999995
no04,533967_00532_11497_0,1815,18:15,117.455,117.9525,0.4975000000000023
no04,533967_00532_11497_0,1830,18:30,205.6715,204.945,-0.7265000000000157
no04,533967_00532_11497_0,1845,18:45,267.7165,268.86350000000004,1.1470000000000482
no04,533967_00532_11497_1,630,06:30,1413.5815,1413.4705,-0.11100000000010368
no04,533967_00532_11497_1,645,06:45,1299.3515,1299.2885,-0.06299999999987449
no04,533967_00532_11497_1,700,07:00,1383.617,1383.369,-0.2480000000000473
no04,533967_00532_11497_1,715,07:15,1228.8795,1230.964,2.0844999999999345
no04,533967_00532_11497_1,730,07:30,1075.8855,1064.7415,-11.144000000000005
no04,533967_00532_11497_1,745,07:45,1208.8795,1220.756,11.876500000000078
no04,533967_00532_11497_1,800,08:00,1385.928,1381.413,-4.5150000000001
no04,533967_00532_11497_1,815,08:15,2380.6345,2424.907,44.272500000000036
no04,533967_00532_11497_1,830,08:30,1969.3685,2052.81,83.4414999999999
no04,533967_00532_11497_1,845,08:45,1264.522,1261.9699999999998,-2.5520000000001346
no04,533967_00532_11497_1,900,09:00,1120.1405,1124.2675,4.126999999999953
no04,533967_00532_11497_1,915,09:15,884.6494999999999,897.3645,12.715000000000146
no04,533967_00532_11497_1,930,09:30,1251.838,1240.714,-11.124000000000024
no04,533967_00532_11497_1,945,09:45,1176.1219999999998,1170.857,-5.264999999999873
no04,533967_00532_11497_1,1000,10:00,1289.2905,1292.8085,3.518000000000029
no04,533967_00532_11497_1,1015,10:15,1110.1095,1110.7515,0.6420000000000528
no04,533967_00532_11497_1,1030,10:30,1157.0645,1179.556,22.491500000000087
no04,533967_00532_11497_1,1045,10:45,726.3455,726.6775,0.33199999999999363
no04,533967_00532_11497_1,1100,11:00,704.8059999999999,693.597,-11.208999999999946
no04,533967_00532_11497_1,1115,11:15,890.177,898.6940000000001,8.517000000000053
no04,533967_00532_11497_1,1130,11:30,1105.9540000000002,1094.774,-11.180000000000291
no04,533967_00532_11497_1,1145,11:45,803.467,824.424,20.956999999999994
no04,533967_00532_11497_1,1200,12:00,671.881,670.865,-1.0159999999999627
no04,533967_00532_11497_1,1215,12:15,718.1165,726.8965000000001,8.780000000000086
no04,533967_00532_11497_1,1230,12:30,661.4984999999999,676.395,14.89650000000006
no04,533967_00532_11497_1,1245,12:45,562.0385,540.441,-21.597499999999968
no04,533967_00532_11497_1,1300,13:00,621.4970000000001,594.172,-27.325000000000045
no04,533967_00532_11497_1,1315,13:15,461.0445,474.245,13.200499999999977
no04,533967_00532_11497_1,1330,13:30,449.404,438.153,-11.250999999999976
no04,533967_00532_11497_1,1345,13:45,526.702,512.006,-14.696000000000026
no04,533967_00532_11497_1,1400,14:00,554.4215,538.001,-16.42050000000006
no04,533967_00532_11497_1,1415,14:15,870.5745,871.7969999999999,1.2224999999999682
no04,533967_00532_11497_1,1430,14:30,1052.6565,1076.6995,24.042999999999893
no04,533967_00532_11497_1,1445,14:45,522.7555,540.1605,17.404999999999973
no04,533967_00532_11497_1,1500,15:00,665.4515,643.3495,-22.101999999999975
no04,533967_00532_11497_1,1515,15:15,559.3465,533.3489999999999,-25.99750000000006
no04,533967_00532_11497_1,1530,15:30,446.14850000000007,457.5,11.35149999999993
no04,533967_00532_11497_1,1545,15:45,622.5085,606.0095,-16.499000000000024
no04,533967_00532_11497_1,1600,16:00,1053.7710000000002,1090.023,36.251999999999725
no04,533967_00532_11497_1,1615,16:15,839.5065000000001,845.383,5.8764999999999645
no04,533967_00532_11497_1,1630,16:30,1200.6875,1212.2135,11.526000000000067
no04,533967_00532_11497_1,1645,16:45,920.029,947.905,27.875999999999976
no04,533967_00532_11497_1,1700,17:00,1222.7615,1223.4975,0.7359999999998763
no04,533967_00532_11497_1,1715,17:15,1162.506,1155.4255,-7.080500000000029
no04,533967_00532_11497_1,1730,17:30,766.74,729.5055,-37.234500000000025
no04,533967_00532_11497_1,1745,17:45,774.6415,790.7355,16.09400000000005
no04,533967_00532_11497_1,1800,18:00,970.802,988.147,17.345000000000027
no04,533967_00532_11497_1,1815,18:15,618.8534999999999,623.9005,5.0470000000000255
no04,533967_00532_11497_1,1830,18:30,559.551,580.2025,20.651499999999942
no04,533967_00532_11497_1,1845,18:45,781.1510000000001,776.4445,-4.706500000000119
no04,533967_00533_11502_0,630,06:30,10.89421052631579,10.841578947368422,-0.05263157894736814
no04,533967_00533_11502_0,645,06:45,65.2465,65.0045,-0.24200000000000443
no04,533967_00533_11502_0,700,07:00,111.1005,111.1105,0.010000000000005116
no04,533967_00533_11502_0,715,07:15,242.599,239.5845,-3.014499999999998
no04,533967_00533_11502_0,730,07:30,79.337,83.0815,3.744500000000002
no04,533967_00533_11502_0,745,07:45,23.051,25.05,1.9990000000000023
no04,533967_00533_11502_0,800,08:00,85.9005,75.2825,-10.617999999999995
no04,533967_00533_11502_0,815,08:15,240.299,256.0795,15.78049999999999
no04,533967_00533_11502_0,830,08:30,310.999,310.5815,-0.4175000000000182
no04,533967_00533_11502_0,845,08:45,477.3805,474.9505,-2.430000000000007
no04,533967_00533_11502_0,900,09:00,203.462,206.245,2.7830000000000155
no04,533967_00533_11502_0,915,09:15,357.692,359.136,1.4440000000000168
no04,533967_00533_11502_0,930,09:30,321.3,319.7045,-1.5955000000000155
no04,533967_00533_11502_0,945,09:45,201.873,197.1695,-4.703499999999991
no04,533967_00533_11502_0,1000,10:00,148.292,152.5565,4.264499999999998
no04,533967_00533_11502_0,1015,10:15,225.09,230.80300000000005,5.713000000000051
no04,533967_00533_11502_0,1030,10:30,330.0095,323.31100000000004,-6.698499999999967
no04,533967_00533_11502_0,1045,10:45,161.8955,163.796,1.9004999999999939
no04,533967_00533_11502_0,1100,11:00,290.3675,295.017,4.649499999999989
no04,533967_00533_11502_0,1115,11:15,282.419,274.45300000000003,-7.965999999999951
no04,533967_00533_11502_0,1130,11:30,521.4435000000001,524.5274999999999,3.0839999999998327
no04,533967_00533_11502_0,1145,11:45,167.7055,174.714,7.008499999999998
no04,533967_00533_11502_0,1200,12:00,430.294,427.5325,-2.7614999999999554
no04,533967_00533_11502_0,1215,12:15,359.90950000000004,367.915,8.005499999999984
no04,533967_00533_11502_0,1230,12:30,418.958,409.252,-9.706000000000017
no04,533967_00533_11502_0,1245,12:45,221.268,231.5185,10.250499999999988
no04,533967_00533_11502_0,1300,13:00,311.229,300.148,-11.08099999999996
no04,533967_00533_11502_0,1315,13:15,373.8155,372.9875,-0.8279999999999745
no04,533967_00533_11502_0,1330,13:30,254.005,256.021,2.0160000000000196
no04,533967_00533_11502_0,1345,13:45,424.151,436.5075,12.356499999999983
no04,533967_00533_11502_0,1400,14:00,408.432,398.6015,-9.830500000000029
no04,533967_00533_11502_0,1415,14:15,491.68500000000006,495.2295,3.544499999999914
no04,533967_00533_11502_0,1430,14:30,234.35700000000003,233.3125,-1.0445000000000277
no04,533967_00533_11502_0,1445,14:45,520.3534999999999,520.9939999999999,0.6404999999999745
no04,533967_00533_11502_0,1500,15:00,412.9285,428.789,15.860500000000002
no04,533967_00533_11502_0,1515,15:15,419.7925,402.02,-17.772500000000036
no04,533967_00533_11502_0,1530,15:30,348.8385,359.841,11.002499999999998
no04,533967_00533_11502_0,1545,15:45,282.7505,280.942,-1.808499999999981
no04,533967_00533_11502_0,1600,16:00,279.663,283.377,3.7139999999999986
no04,533967_00533_11502_0,1615,16:15,419.5655,408.349,-11.216499999999996
no04,533967_00533_11502_0,1630,16:30,237.90500000000003,251.4025,13.497499999999974
no04,533967_00533_11502_0,1645,16:45,428.009,434.7145,6.705499999999972
no04,533967_00533_11502_0,1700,17:00,335.83450000000005,328.475,-7.3595000000000255
no04,533967_00533_11502_0,1715,17:15,140.7165,137.857,-2.859499999999997
no04,533967_00533_11502_0,1730,17:30,326.61400000000003,328.7955,2.1814999999999714
no04,533967_00533_11502_0,1745,17:45,466.1255,459.664,-6.461500000000001
no04,533967_00533_11502_0,1800,18:00,290.5305,299.566,9.035499999999956
no04,533967_00533_11502_0,1815,18:15,546.5735,546.3305,-0.24299999999993815
no04,533967_00533_11502_0,1830,18:30,388.451,372.3245,-16.12650000000002
no04,533967_00533_11502_0,1845,18:45,321.611,332.59450000000004,10.98350000000005
no04,533967_00533_11502_1,630,06:30,366.951,365.0675,-1.8835000000000264
no04,533967_00533_11502_1,645,06:45,213.551,211.8465,-1.704499999999996
no04,533967_00533_11502_1,700,07:00,375.6355,374.1470000000001,-1.488499999999874
no04,533967_00533_11502_1,715,07:15,446.9785,445.3955,-1.58299999999997
no04,533967_00533_11502_1,730,07:30,460.9835,460.9835,0.0
no04,533967_00533_11502_1,745,07:45,323.531,321.818,-1.7130000000000223
no04,533967_00533_11502_1,800,08:00,603.536,602.9735,-0.5625
no04,533967_00533_11502_1,815,08:15,484.549,483.8475,-0.7014999999999532
no04,533967_00533_11502_1,830,08:30,621.684,619.5695,-2.114500000000021
no04,533967_00533_11502_1,845,08:45,402.0825,402.0185,-0.06399999999996453
no04,533967_00533_11502_1,900,09:00,443.092,440.7935000000001,-2.2984999999998763
no04,533967_00533_11502_1,915,09:15,348.4785,346.20050000000003,-2.277999999999963
no04,533967_00533_11502_1,930,09:30,428.8255,427.713,-1.1124999999999545
no04,533967_00533_11502_1,945,09:45,368.744,368.7155,-0.028500000000008185
no04,533967_00533_11502_1,1000,10:00,460.721,458.957,-1.76400000000001
no04,533967_00533_11502_1,1015,10:15,409.7245,410.1715,0.44700000000000273
no04,533967_00533_11502_1,1030,10:30,385.175,384.253,-0.9220000000000255
no04,533967_00533_11502_1,1045,10:45,338.645,335.92,-2.724999999999966
no04,533967_00533_11502_1,1100,11:00,417.552,415.9315,-1.6204999999999927
no04,533967_00533_11502_1,1115,11:15,379.319,378.922,-0.39699999999999136
no04,533967_00533_11502_1,1130,11:30,345.5365,342.435,-3.1014999999999873
no04,533967_00533_11502_1,1145,11:45,281.197,281.62350000000004,0.42650000000003274
no04,533967_00533_11502_1,1200,12:00,485.1835,484.138,-1.045500000000004
no04,533967_00533_11502_1,1215,12:15,353.412,353.752,0.34000000000003183
no04,533967_00533_11502_1,1230,12:30,371.0565,370.9415,-0.1150000000000091
no04,533967_00533_11502_1,1245,12:45,215.5845,213.294,-2.29049999999998
no04,533967_00533_11502_1,1300,13:00,252.5175,252.5425,0.024999999999977263
no04,533967_00533_11502_1,1315,13:15,229.2245,229.1775,-0.046999999999997044
no04,533967_00533_11502_1,1330,13:30,432.4465,430.8735,-1.573000000000036
no04,533967_00533_11502_1,1345,13:45,160.366,158.93900000000002,-1.4269999999999925
no04,533967_00533_11502_1,1400,14:00,232.6535,232.37,-0.28350000000000364
no04,533967_00533_11502_1,1415,14:15,271.7215,268.6355,-3.0860000000000127
no04,533967_00533_11502_1,1430,14:30,332.3885,332.4435,0.05499999999994998
no04,533967_00533_11502_1,1445,14:45,306.809,306.107,-0.7019999999999982
no04,533967_00533_11502_1,1500,15:00,294.766,290.642,-4.124000000000024
no04,533967_00533_11502_1,1515,15:15,193.7875,191.91,-1.8774999999999977
no04,533967_00533_11502_1,1530,15:30,285.08000000000004,284.8195,-0.2605000000000359
no04,533967_00533_11502_1,1545,15:45,244.135,242.5285,-1.6064999999999827
no04,533967_00533_11502_1,1600,16:00,446.834,445.6645,-1.1695000000000277
no04,533967_00533_11502_1,1615,16:15,392.037,393.119,1.0820000000000505
no04,533967_00533_11502_1,1630,16:30,570.204,568.289,-1.9149999999999636
no04,533967_00533_11502_1,1645,16:45,449.3765,449.567,0.1904999999999859
no04,533967_00533_11502_1,1700,17:00,544.6445,544.3745,-0.2699999999999818
no04,533967_00533_11502_1,1715,17:15,369.0545,366.4075,-2.6469999999999914
no04,533967_00533_11502_1,1730,17:30,378.4635,378.4935,0.029999999999972715
no04,533967_00533_11502_1,1745,17:45,329.923,330.9085,0.9855000000000018
no04,533967_00533_11502_1,1800,18:00,398.274,398.1555,-0.11849999999998317
no04,533967_00533_11502_1,1815,18:15,367.556,367.0975,-0.45849999999995816
no04,533967_00533_11502_1,1830,18:30,297.153,295.75100000000003,-1.4019999999999868
no04,533967_00533_11502_1,1845,18:45,295.4945,294.2705,-1.2239999999999895
no04,533967_00533_11503_0,630,06:30,1175.3995,1168.6835,-6.7159999999998945
no04,533967_00533_11503_0,645,06:45,760.5525,769.012,8.459499999999935
no04,533967_00533_11503_0,700,07:00,1334.984,1335.681,0.6970000000001164
no04,533967_00533_11503_0,715,07:15,1613.593,1614.803,1.2100000000000364
no04,533967_00533_11503_0,730,07:30,1662.41,1662.2965,-0.11350000000015825
no04,533967_00533_11503_0,745,07:45,1931.8195,1933.354,1.53449999999998
no04,533967_00533_11503_0,800,08:00,2623.589,2623.913,0.3240000000000691
no04,533967_00533_11503_0,815,08:15,1804.6895,1804.6375,-0.05199999999990723
no04,533967_00533_11503_0,830,08:30,2478.6945,2481.335,2.6404999999999745
no04,533967_00533_11503_0,845,08:45,1594.3785,1592.0745000000002,-2.30399999999986
no04,533967_00533_11503_0,900,09:00,1755.3445,1755.2765,-0.06799999999998363
no04,533967_00533_11503_0,915,09:15,1081.145,1082.4505,1.3054999999999382
no04,533967_00533_11503_0,930,09:30,1535.121,1535.8475,0.7264999999999873
no04,533967_00533_11503_0,945,09:45,1904.007,1904.049,0.041999999999916326
no04,533967_00533_11503_0,1000,10:00,1433.6715,1437.0525,3.3810000000000855
no04,533967_00533_11503_0,1015,10:15,1475.6895,1475.79,0.10050000000001091
no04,533967_00533_11503_0,1030,10:30,1002.809,1015.026,12.216999999999985
no04,533967_00533_11503_0,1045,10:45,1197.3215,1201.018,3.6965000000000146
no04,533967_00533_11503_0,1100,11:00,1151.1355,1161.2469999999998,10.11149999999975
no04,533967_00533_11503_0,1115,11:15,1349.4879999999998,1349.788,0.3000000000001819
no04,533967_00533_11503_0,1130,11:30,821.0219999999999,802.227,-18.79499999999996
no04,533967_00533_11503_0,1145,11:45,1037.3629999999998,1040.5165,3.153500000000122
no04,533967_00533_11503_0,1200,12:00,1320.1915,1295.8415,-24.34999999999991
no04,533967_00533_11503_0,1215,12:15,1332.992,1327.8725,-5.119500000000016
no04,533967_00533_11503_0,1230,12:30,1178.14,1183.8565,5.716499999999996
no04,533967_00533_11503_0,1245,12:45,859.8934999999999,860.6244999999999,0.7309999999999945
no04,533967_00533_11503_0,1300,13:00,762.995,759.7115,-3.2835000000000036
no04,533967_00533_11503_0,1315,13:15,652.9235,651.8235,-1.1000000000000227
no04,533967_00533_11503_0,1330,13:30,1510.913,1511.768,0.8550000000000182
no04,533967_00533_11503_0,1345,13:45,390.859,391.877,1.018000000000029
no04,533967_00533_11503_0,1400,14:00,886.8344999999999,886.7700000000001,-0.06449999999983902
no04,533967_00533_11503_0,1415,14:15,973.158,975.8265,2.6684999999999945
no04,533967_00533_11503_0,1430,14:30,1323.1685,1325.283,2.1144999999999072
no04,533967_00533_11503_0,1445,14:45,1116.62,1116.9935,0.37350000000014916
no04,533967_00533_11503_0,1500,15:00,864.9399999999999,867.0405000000001,2.1005000000001246
no04,533967_00533_11503_0,1515,15:15,703.2375,705.158,1.920500000000061
no04,533967_00533_11503_0,1530,15:30,1023.148,1015.331,-7.817000000000007
no04,533967_00533_11503_0,1545,15:45,902.999,918.2285,15.22950000000003
no04,533967_00533_11503_0,1600,16:00,1536.578,1526.025,-10.552999999999884
no04,533967_00533_11503_0,1615,16:15,1280.7585,1308.275,27.51650000000018
no04,533967_00533_11503_0,1630,16:30,2004.1765,2005.321,1.14449999999988
no04,533967_00533_11503_0,1645,16:45,1390.0695,1390.3205,0.25099999999997635
no04,533967_00533_11503_0,1700,17:00,2151.846,2152.2375,0.39150000000017826
no04,533967_00533_11503_0,1715,17:15,1355.5025,1357.8015,2.298999999999978
no04,533967_00533_11503_0,1730,17:30,1168.415,1179.9199999999998,11.504999999999882
no04,533967_00533_11503_0,1745,17:45,870.256,877.957,7.701000000000022
no04,533967_00533_11503_0,1800,18:00,1545.09,1548.441,3.3510000000001128
no04,533967_00533_11503_0,1815,18:15,1205.569,1206.265,0.6960000000001401
no04,533967_00533_11503_0,1830,18:30,1068.845,1069.827,0.9819999999999709
no04,533967_00533_11503_0,1845,18:45,973.646,954.169,-19.476999999999975
no04,533967_00533_11503_1,630,06:30,28.9375,27.625,-1.3125
no04,533967_00533_11503_1,645,06:45,218.8465,217.7965,-1.049999999999983
no04,533967_00533_11503_1,700,07:00,378.3105,379.502,1.191500000000019
no04,533967_00533_11503_1,715,07:15,505.1205,503.2465,-1.8739999999999668
no04,533967_00533_11503_1,730,07:30,197.8475,190.5445,-7.302999999999997
no04,533967_00533_11503_1,745,07:45,191.37,261.845,70.47500000000002
no04,533967_00533_11503_1,800,08:00,370.65,369.14,-1.509999999999991
no04,533967_00533_11503_1,815,08:15,848.256,878.0854999999999,29.82949999999994
no04,533967_00533_11503_1,830,08:30,1295.155,1293.465,-1.6900000000000546
no04,533967_00533_11503_1,845,08:45,1475.341,1488.0105,12.669500000000198
no04,533967_00533_11503_1,900,09:00,634.162,626.1365,-8.02550000000008
no04,533967_00533_11503_1,915,09:15,1498.2585,1486.2475,-12.010999999999967
no04,533967_00533_11503_1,930,09:30,1153.8905,1144.0905,-9.799999999999955
no04,533967_00533_11503_1,945,09:45,699.2315,683.404,-15.827499999999986
no04,533967_00533_11503_1,1000,10:00,483.5795,500.563,16.983499999999992
no04,533967_00533_11503_1,1015,10:15,808.1705,817.4805,9.31000000000006
no04,533967_00533_11503_1,1030,10:30,1264.0905,1234.7415,-29.348999999999933
no04,533967_00533_11503_1,1045,10:45,1165.4905,1144.105,-21.385500000000093
no04,533967_00533_11503_1,1100,11:00,1028.6795,1065.4455,36.766000000000076
no04,533967_00533_11503_1,1115,11:15,974.6545,949.187,-25.467499999999973
no04,533967_00533_11503_1,1130,11:30,1792.4645,1799.5625,7.097999999999956
no04,533967_00533_11503_1,1145,11:45,1108.786,1108.6039999999998,-0.18200000000024374
no04,533967_00533_11503_1,1200,12:00,1505.849,1507.3200000000002,1.471000000000231
no04,533967_00533_11503_1,1215,12:15,1322.638,1372.061,49.423
no04,533967_00533_11503_1,1230,12:30,1463.2424999999998,1432.953,-30.28949999999986
no04,533967_00533_11503_1,1245,12:45,934.368,967.252,32.8839999999999
no04,533967_00533_11503_1,1300,13:00,1276.1275,1218.759,-57.36850000000004
no04,533967_00533_11503_1,1315,13:15,1408.733,1413.3245000000002,4.591500000000224
no04,533967_00533_11503_1,1330,13:30,909.449,921.3805,11.931500000000028
no04,533967_00533_11503_1,1345,13:45,1746.525,1773.753,27.227999999999838
no04,533967_00533_11503_1,1400,14:00,1401.7095,1372.5175,-29.192000000000007
no04,533967_00533_11503_1,1415,14:15,1725.0465,1745.2035,20.157000000000153
no04,533967_00533_11503_1,1430,14:30,1080.5545,1047.5845,-32.97000000000003
no04,533967_00533_11503_1,1445,14:45,1892.718,1903.366,10.64799999999991
no04,533967_00533_11503_1,1500,15:00,1429.785,1475.6925,45.90750000000003
no04,533967_00533_11503_1,1515,15:15,1411.8674999999998,1373.7625,-38.10499999999979
no04,533967_00533_11503_1,1530,15:30,1203.606,1233.2555,29.64949999999999
no04,533967_00533_11503_1,1545,15:45,1145.088,1149.288,4.2000000000000455
no04,533967_00533_11503_1,1600,16:00,1336.627,1341.184,4.557000000000016
no04,533967_00533_11503_1,1615,16:15,2150.7325,2118.9700000000003,-31.762499999999818
no04,533967_00533_11503_1,1630,16:30,1588.7025,1619.0220000000002,30.319500000000062
no04,533967_00533_11503_1,1645,16:45,2135.8830000000003,2133.605,-2.2780000000002474
no04,533967_00533_11503_1,1700,17:00,1678.277,1645.4990000000005,-32.777999999999565
no04,533967_00533_11503_1,1715,17:15,788.841,789.2814999999999,0.44049999999992906
no04,533967_00533_11503_1,1730,17:30,1156.2435,1161.842,5.598500000000058
no04,533967_00533_11503_1,1745,17:45,1606.633,1597.6535,-8.979500000000144
no04,533967_00533_11503_1,1800,18:00,1217.182,1208.6005,-8.581500000000005
no04,533967_00533_11503_1,1815,18:15,2168.274,2208.9425,40.66850000000022
no04,533967_00533_11503_1,1830,18:30,1873.176,1805.67,-67.50599999999986
no04,533967_00533_11503_1,1845,18:45,1441.6775,1467.9605,26.2829999999999
no04,533967_00533_11505_0,630,06:30,174.04149999999998,183.143,9.101500000000016
no04,533967_00533_11505_0,645,06:45,34.374375,28.0,-6.374375000000001
no04,533967_00533_11505_0,700,07:00,26.0,26.0,0.0
no04,533967_00533_11505_0,715,07:15,0.0,0.0,0.0
no04,533967_00533_11505_0,730,07:30,0.0,0.0,0.0
no04,533967_00533_11505_0,745,07:45,121.8025,195.593,73.7905
no04,533967_00533_11505_0,800,08:00,264.7925,285.941,21.148499999999956
no04,533967_00533_11505_0,815,08:15,182.5425,190.6535,8.111000000000018
no04,533967_00533_11505_0,830,08:30,470.937,473.636,2.6990000000000123
no04,533967_00533_11505_0,845,08:45,68.99666666666667,74.301,5.304333333333332
no04,533967_00533_11505_0,900,09:00,26.75,26.571428571428573,-0.17857142857142705
no04,533967_00533_11505_0,915,09:15,540.904,529.3985,-11.505499999999984
no04,533967_00533_11505_0,930,09:30,108.5,100.3535,-8.146500000000003
no04,533967_00533_11505_0,945,09:45,0.0,0.0,0.0
no04,533967_00533_11505_0,1000,10:00,452.0535,448.366,-3.6875
no04,533967_00533_11505_0,1015,10:15,59.78947368421053,49.77722222222222,-10.012251461988306
no04,533967_00533_11505_0,1030,10:30,810.702,794.2035,-16.498500000000035
no04,533967_00533_11505_0,1045,10:45,694.296,652.347,-41.94900000000007
no04,533967_00533_11505_0,1100,11:00,622.0915,637.4069999999999,15.315499999999929
no04,533967_00533_11505_0,1115,11:15,39.375,35.0,-4.375
no04,533967_00533_11505_0,1130,11:30,592.4425,615.8075,23.36500000000001
no04,533967_00533_11505_0,1145,11:45,665.0495,637.48,-27.569499999999948
no04,533967_00533_11505_0,1200,12:00,771.0285,829.6879999999999,58.659499999999866
no04,533967_00533_11505_0,1215,12:15,141.7495,158.7545,17.004999999999995
no04,533967_00533_11505_0,1230,12:30,251.14,253.3795,2.239500000000021
no04,533967_00533_11505_0,1245,12:45,191.254,193.5035,2.249500000000012
no04,533967_00533_11505_0,1300,13:00,496.9155,474.99799999999993,-21.917500000000075
no04,533967_00533_11505_0,1315,13:15,409.8595,419.9445,10.08499999999998
no04,533967_00533_11505_0,1330,13:30,88.75,98.47105263157896,9.721052631578956
no04,533967_00533_11505_0,1345,13:45,671.0715,620.5635,-50.50800000000004
no04,533967_00533_11505_0,1400,14:00,88.9035,120.2465,31.343000000000004
no04,533967_00533_11505_0,1415,14:15,35.13333333333333,44.526315789473685,9.392982456140352
no04,533967_00533_11505_0,1430,14:30,369.7885,330.504,-39.28449999999998
no04,533967_00533_11505_0,1445,14:45,123.84315789473683,137.7005,13.857342105263172
no04,533967_00533_11505_0,1500,15:00,389.9875,373.7135,-16.274
no04,533967_00533_11505_0,1515,15:15,45.8,54.311875,8.511875000000003
no04,533967_00533_11505_0,1530,15:30,26.22222222222222,26.22222222222222,0.0
no04,533967_00533_11505_0,1545,15:45,197.4257894736842,196.705,-0.7207894736841922
no04,533967_00533_11505_0,1600,16:00,566.9635000000001,583.7104999999999,16.746999999999844
no04,533967_00533_11505_0,1615,16:15,970.4765,948.2795,-22.197000000000003
no04,533967_00533_11505_0,1630,16:30,903.0355,941.1395,38.10400000000004
no04,533967_00533_11505_0,1645,16:45,1134.4615,1094.8915000000002,-39.56999999999971
no04,533967_00533_11505_0,1700,17:00,662.8055,655.259,-7.546500000000037
no04,533967_00533_11505_0,1715,17:15,353.7955,369.547,15.751500000000021
no04,533967_00533_11505_0,1730,17:30,388.3345000000001,383.003,-5.331500000000119
no04,533967_00533_11505_0,1745,17:45,465.7435,453.675,-12.068499999999972
no04,533967_00533_11505_0,1800,18:00,266.249,229.101,-37.148000000000025
no04,533967_00533_11505_0,1815,18:15,509.8335,558.649,48.815499999999986
no04,533967_00533_11505_0,1830,18:30,690.1324999999999,668.3205,-21.811999999999898
no04,533967_00533_11505_0,1845,18:45,828.3635,840.525,12.161499999999933
no04,533967_00533_11505_1,630,06:30,41.999,43.349,1.3499999999999943
no04,533967_00533_11505_1,645,06:45,31.166666666666668,26.625,-4.541666666666668
no04,533967_00533_11505_1,700,07:00,26.857142857142858,26.83333333333333,-0.023809523809529054
no04,533967_00533_11505_1,715,07:15,459.4245,439.231,-20.19350000000003
no04,533967_00533_11505_1,730,07:30,99.9525,122.753,22.8005
no04,533967_00533_11505_1,745,07:45,895.5335000000001,895.433,-0.1005000000001246
no04,533967_00533_11505_1,800,08:00,884.7355,853.7504999999999,-30.985000000000127
no04,533967_00533_11505_1,815,08:15,230.448,255.395,24.947000000000003
no04,533967_00533_11505_1,830,08:30,588.8095000000001,590.0865,1.27699999999993
no04,533967_00533_11505_1,845,08:45,431.244,416.6365,-14.607500000000016
no04,533967_00533_11505_1,900,09:00,304.8455,315.398,10.552500000000009
no04,533967_00533_11505_1,915,09:15,33.25,33.375,0.125
no04,533967_00533_11505_1,930,09:30,0.0,0.0,0.0
no04,533967_00533_11505_1,945,09:45,711.6925,711.6925,0.0
no04,533967_00533_11505_1,1000,10:00,154.802,155.946,1.1440000000000055
no04,533967_00533_11505_1,1015,10:15,34.69230769230769,35.92857142857143,1.2362637362637372
no04,533967_00533_11505_1,1030,10:30,97.099,97.0995,0.0005000000000023874
no04,533967_00533_11505_1,1045,10:45,26.83333333333333,26.83333333333333,0.0
no04,533967_00533_11505_1,1100,11:00,65.999,64.899,-1.0999999999999943
no04,533967_00533_11505_1,1115,11:15,32.75,28.8,-3.9499999999999993
no04,533967_00533_11505_1,1130,11:30,0.0,0.0,0.0
no04,533967_00533_11505_1,1145,11:45,95.149,95.2985,0.1495000000000033
no04,533967_00533_11505_1,1200,12:00,113.051,127.8995,14.848500000000001
no04,533967_00533_11505_1,1215,12:15,126.4525,112.35,-14.102500000000006
no04,533967_00533_11505_1,1230,12:30,26.0,26.142857142857142,0.14285714285714235
no04,533967_00533_11505_1,1245,12:45,75.697,75.598,-0.09900000000000375
no04,533967_00533_11505_1,1300,13:00,28.789473684210527,28.894736842105264,0.10526315789473628
no04,533967_00533_11505_1,1315,13:15,45.35714285714285,45.934,0.5768571428571505
no04,533967_00533_11505_1,1330,13:30,34.833333333333336,34.09090909090909,-0.7424242424242422
no04,533967_00533_11505_1,1345,13:45,84.52631578947368,68.36684210526316,-16.159473684210525
no04,533967_00533_11505_1,1400,14:00,112.3005,119.052,6.751500000000007
no04,533967_00533_11505_1,1415,14:15,26.5,26.5,0.0
no04,533967_00533_11505_1,1430,14:30,191.2415,190.0465,-1.1949999999999932
no04,533967_00533_11505_1,1445,14:45,48.0,52.99928571428571,4.999285714285712
no04,533967_00533_11505_1,1500,15:00,98.202,83.649,-14.552999999999997
no04,533967_00533_11505_1,1515,15:15,75.55199999999999,59.05263157894737,-16.499368421052623
no04,533967_00533_11505_1,1530,15:30,42.2,26.0,-16.200000000000003
no04,533967_00533_11505_1,1545,15:45,61.995,102.57285714285716,40.57785714285716
no04,533967_00533_11505_1,1600,16:00,51.05,52.4995,1.4495000000000005
no04,533967_00533_11505_1,1615,16:15,26.0,26.0,0.0
no04,533967_00533_11505_1,1630,16:30,0.0,0.0,0.0
no04,533967_00533_11505_1,1645,16:45,72.298,72.55,0.25199999999999534
no04,533967_00533_11505_1,1700,17:00,277.594,277.4465,-0.14749999999997954
no04,533967_00533_11505_1,1715,17:15,37.77777777777778,37.77777777777778,0.0
no04,533967_00533_11505_1,1730,17:30,60.201,71.2,10.999000000000002
no04,533967_00533_11505_1,1745,17:45,30.142857142857142,26.4,-3.7428571428571438
no04,533967_00533_11505_1,1800,18:00,149.456,149.654,0.1980000000000075
no04,533967_00533_11505_1,1815,18:15,51.75125,50.125,-1.6262499999999989
no04,533967_00533_11505_1,1830,18:30,40.833333333333336,47.18090909090909,6.347575757575754
no04,533967_00533_11505_1,1845,18:45,235.294,235.4435,0.14949999999998909
no04,533967_00534_00766_0,630,06:30,5798.58,5897.733,99.15300000000025
no04,533967_00534_00766_0,645,06:45,4756.3055,4879.4475,123.14199999999983
no04,533967_00534_00766_0,700,07:00,5078.4580000000005,5161.163,82.70499999999902
no04,533967_00534_00766_0,715,07:15,6195.2795,6201.96,6.680500000000393
no04,533967_00534_00766_0,730,07:30,4578.4,4476.0485,-102.35149999999976
no04,533967_00534_00766_0,745,07:45,5296.635499999999,5193.962,-102.67349999999897
no04,533967_00534_00766_0,800,08:00,5590.1035,5497.3945,-92.70899999999983
no04,533967_00534_00766_0,815,08:15,5875.2125,5976.425,101.21250000000055
no04,533967_00534_00766_0,830,08:30,4876.162,4862.915999999999,-13.246000000001004
no04,533967_00534_00766_0,845,08:45,6397.9745,6438.2595,40.284999999999854
no04,533967_00534_00766_0,900,09:00,5514.2475,5538.2715,24.023999999999432
no04,533967_00534_00766_0,915,09:15,3475.12,3490.2545,15.134500000000116
no04,533967_00534_00766_0,930,09:30,3423.3540000000003,3426.4005,3.0464999999999236
no04,533967_00534_00766_0,945,09:45,4142.4405,4042.8645000000006,-99.57599999999911
no04,533967_00534_00766_0,1000,10:00,3168.3015,3157.4865,-10.815000000000055
no04,533967_00534_00766_0,1015,10:15,3045.936,2900.5725,-145.36349999999993
no04,533967_00534_00766_0,1030,10:30,2182.101,2208.705,26.603999999999814
no04,533967_00534_00766_0,1045,10:45,1783.1265,1709.2925,-73.83400000000006
no04,533967_00534_00766_0,1100,11:00,2117.469,2233.846,116.37699999999995
no04,533967_00534_00766_0,1115,11:15,3220.6825,3311.4145,90.73199999999997
no04,533967_00534_00766_0,1130,11:30,1555.1765,1477.455,-77.7215000000001
no04,533967_00534_00766_0,1145,11:45,3231.8665,3095.8985,-135.9680000000003
no04,533967_00534_00766_0,1200,12:00,1660.841,1590.272,-70.56899999999996
no04,533967_00534_00766_0,1215,12:15,2904.598,2876.7760000000003,-27.82199999999966
no04,533967_00534_00766_0,1230,12:30,2228.434,2094.1915,-134.2425000000003
no04,533967_00534_00766_0,1245,12:45,3502.939,3451.94,-50.998999999999796
no04,533967_00534_00766_0,1300,13:00,1840.3555,1789.6845,-50.67099999999982
no04,533967_00534_00766_0,1315,13:15,2411.255,2455.285,44.029999999999745
no04,533967_00534_00766_0,1330,13:30,3208.982,3176.793,-32.18899999999985
no04,533967_00534_00766_0,1345,13:45,2480.3425,2392.537,-87.8055000000004
no04,533967_00534_00766_0,1400,14:00,2953.1775,3035.343,82.16550000000007
no04,533967_00534_00766_0,1415,14:15,3410.3125,3269.5775000000003,-140.73499999999967
no04,533967_00534_00766_0,1430,14:30,3218.035,3249.3595,31.32450000000017
no04,533967_00534_00766_0,1445,14:45,3423.636,3298.5575,-125.07850000000008
no04,533967_00534_00766_0,1500,15:00,2431.4535,2412.6685,-18.784999999999854
no04,533967_00534_00766_0,1515,15:15,2781.398,2553.5685,-227.82950000000028
no04,533967_00534_00766_0,1530,15:30,3001.925,2945.4185,-56.50649999999996
no04,533967_00534_00766_0,1545,15:45,2765.582,2700.2125,-65.36949999999979
no04,533967_00534_00766_0,1600,16:00,1940.76,1915.754,-25.006000000000085
no04,533967_00534_00766_0,1615,16:15,1450.359,1469.133,18.774000000000115
no04,533967_00534_00766_0,1630,16:30,868.7520000000001,919.091,50.33899999999994
no04,533967_00534_00766_0,1645,16:45,1598.292,1628.136,29.84400000000005
no04,533967_00534_00766_0,1700,17:00,2203.856,2025.523,-178.3330000000003
no04,533967_00534_00766_0,1715,17:15,3621.7965,3586.7985,-34.99800000000005
no04,533967_00534_00766_0,1730,17:30,1804.267,1853.6905,49.423499999999876
no04,533967_00534_00766_0,1745,17:45,2873.932,2756.587,-117.3449999999998
no04,533967_00534_00766_0,1800,18:00,2222.2760000000003,2126.3915,-95.88450000000012
no04,533967_00534_00766_0,1815,18:15,1977.6405,2083.394,105.7534999999998
no04,533967_00534_00766_0,1830,18:30,1524.1405,1625.571,101.43049999999994
no04,533967_00534_00766_0,1845,18:45,1500.382,1362.047,-138.33500000000004
no04,533967_00534_00766_1,630,06:30,1463.219,1459.8915,-3.3275000000001
no04,533967_00534_00766_1,645,06:45,1956.3385000000003,2023.69,67.35149999999976
no04,533967_00534_00766_1,700,07:00,2017.353,2008.83,-8.523000000000138
no04,533967_00534_00766_1,715,07:15,2111.469,2117.516,6.0470000000000255
no04,533967_00534_00766_1,730,07:30,2062.9835,1964.9435,-98.03999999999974
no04,533967_00534_00766_1,745,07:45,2327.9825,2156.331,-171.65149999999994
no04,533967_00534_00766_1,800,08:00,2507.1,2466.608,-40.491999999999734
no04,533967_00534_00766_1,815,08:15,3059.54,2932.0655,-127.47449999999981
no04,533967_00534_00766_1,830,08:30,2302.7965,2378.1095,75.3130000000001
no04,533967_00534_00766_1,845,08:45,3533.0,3627.1715,94.17149999999992
no04,533967_00534_00766_1,900,09:00,2411.7275,2458.3720000000003,46.644500000000335
no04,533967_00534_00766_1,915,09:15,2809.1285,2863.086,53.95749999999998
no04,533967_00534_00766_1,930,09:30,2837.692,2656.653,-181.03900000000021
no04,533967_00534_00766_1,945,09:45,1469.3995,1472.2595,2.8599999999999
no04,533967_00534_00766_1,1000,10:00,2532.3720000000003,2457.2265,-75.14550000000008
no04,533967_00534_00766_1,1015,10:15,2993.712,2918.0305,-75.68150000000014
no04,533967_00534_00766_1,1030,10:30,3314.8895,3329.219,14.329499999999825
no04,533967_00534_00766_1,1045,10:45,1766.9299999999998,1735.5595,-31.370499999999765
no04,533967_00534_00766_1,1100,11:00,2447.6835,2438.5415000000003,-9.141999999999825
no04,533967_00534_00766_1,1115,11:15,2638.7135000000003,2845.3955,206.6819999999998
no04,533967_00534_00766_1,1130,11:30,4103.984,3997.645,-106.3390000000004
no04,533967_00534_00766_1,1145,11:45,1947.697,2099.0865000000003,151.38950000000045
no04,533967_00534_00766_1,1200,12:00,2667.434,2919.4125,251.9784999999997
no04,533967_00534_00766_1,1215,12:15,3023.548,3119.817,96.26900000000023
no04,533967_00534_00766_1,1230,12:30,2008.8325,2122.74,113.9074999999998
no04,533967_00534_00766_1,1245,12:45,3465.5955000000004,3422.501,-43.09450000000015
no04,533967_00534_00766_1,1300,13:00,3565.3555,3660.693,95.33750000000009
no04,533967_00534_00766_1,1315,13:15,3355.9945,3339.6220000000003,-16.37249999999949
no04,533967_00534_00766_1,1330,13:30,2499.7765,2459.1075,-40.66899999999987
no04,533967_00534_00766_1,1345,13:45,2515.207,2600.0035,84.79649999999992
no04,533967_00534_00766_1,1400,14:00,2145.1690000000003,2265.467,120.29799999999977
no04,533967_00534_00766_1,1415,14:15,2932.7695,3037.5645,104.79500000000007
no04,533967_00534_00766_1,1430,14:30,3479.5545,3623.971500000001,144.41700000000083
no04,533967_00534_00766_1,1445,14:45,4908.937,4840.962,-67.97499999999945
no04,533967_00534_00766_1,1500,15:00,4050.2635,4275.211,224.94750000000022
no04,533967_00534_00766_1,1515,15:15,3632.818,3850.8425,218.0245
no04,533967_00534_00766_1,1530,15:30,4321.8655,4371.743,49.87750000000051
no04,533967_00534_00766_1,1545,15:45,3718.5205,3638.1345,-80.38599999999997
no04,533967_00534_00766_1,1600,16:00,5445.124,4617.822999999999,-827.3010000000004
no04,533967_00534_00766_1,1615,16:15,3037.8445,2928.764,-109.08050000000003
no04,533967_00534_00766_1,1630,16:30,3824.2565,4026.4135,202.15700000000015
no04,533967_00534_00766_1,1645,16:45,4061.593,4075.571500000001,13.978500000001077
no04,533967_00534_00766_1,1700,17:00,4112.023,4072.5025,-39.520500000000084
no04,533967_00534_00766_1,1715,17:15,4113.324,4145.322,31.998000000000502
no04,533967_00534_00766_1,1730,17:30,3545.37,3641.7435,96.37350000000015
no04,533967_00534_00766_1,1745,17:45,4044.8665,3820.5675,-224.29899999999998
no04,533967_00534_00766_1,1800,18:00,4399.221,4300.75,-98.47099999999955
no04,533967_00534_00766_1,1815,18:15,5439.473,5364.979,-74.49399999999969
no04,533967_00534_00766_1,1830,18:30,3885.767,4131.6245,245.85750000000007
no04,533967_00534_00766_1,1845,18:45,3651.318,3721.187,69.86899999999969
no04,533967_00534_11504_0,630,06:30,15.470588235294118,15.874375,0.4037867647058828
no04,533967_00534_11504_0,645,06:45,105.2445,105.3525,0.10800000000000409
no04,533967_00534_11504_0,700,07:00,221.1865,221.7555,0.5690000000000168
no04,533967_00534_11504_0,715,07:15,219.247,220.1675,0.9204999999999757
no04,533967_00534_11504_0,730,07:30,101.4585,99.059,-2.3995000000000033
no04,533967_00534_11504_0,745,07:45,92.9565,128.554,35.5975
no04,533967_00534_11504_0,800,08:00,203.9115,203.004,-0.9074999999999989
no04,533967_00534_11504_0,815,08:15,393.3255,409.335,16.009500000000003
no04,533967_00534_11504_0,830,08:30,723.708,730.9440000000001,7.236000000000104
no04,533967_00534_11504_0,845,08:45,680.947,678.817,-2.1299999999999955
no04,533967_00534_11504_0,900,09:00,303.9155,306.5665,2.6510000000000105
no04,533967_00534_11504_0,915,09:15,766.38,759.13,-7.25
no04,533967_00534_11504_0,930,09:30,617.8855,610.1775,-7.70799999999997
no04,533967_00534_11504_0,945,09:45,303.797,299.559,-4.2379999999999995
no04,533967_00534_11504_0,1000,10:00,275.341,282.8625,7.521500000000003
no04,533967_00534_11504_0,1015,10:15,380.2295,390.549,10.319500000000005
no04,533967_00534_11504_0,1030,10:30,717.925,704.84,-13.084999999999923
no04,533967_00534_11504_0,1045,10:45,502.37,495.0735,-7.2964999999999804
no04,533967_00534_11504_0,1100,11:00,592.7055,605.548,12.842499999999973
no04,533967_00534_11504_0,1115,11:15,427.738,423.2335,-4.504500000000007
no04,533967_00534_11504_0,1130,11:30,1018.2565,1028.795,10.538500000000113
no04,533967_00534_11504_0,1145,11:45,435.5625,433.553,-2.0095000000000027
no04,533967_00534_11504_0,1200,12:00,857.141,865.6445,8.503500000000031
no04,533967_00534_11504_0,1215,12:15,565.9435000000001,583.175,17.23149999999987
no04,533967_00534_11504_0,1230,12:30,816.7045,806.204,-10.500500000000102
no04,533967_00534_11504_0,1245,12:45,391.669,403.5085,11.839500000000044
no04,533967_00534_11504_0,1300,13:00,723.891,701.5730000000001,-22.31799999999987
no04,533967_00534_11504_0,1315,13:15,641.297,636.5989999999999,-4.698000000000093
no04,533967_00534_11504_0,1330,13:30,500.0685,509.06000000000006,8.991500000000087
no04,533967_00534_11504_0,1345,13:45,833.1335000000001,852.991,19.857499999999845
no04,533967_00534_11504_0,1400,14:00,778.007,763.107,-14.899999999999977
no04,533967_00534_11504_0,1415,14:15,790.542,802.6270000000001,12.085000000000036
no04,533967_00534_11504_0,1430,14:30,611.6569999999999,602.3425,-9.314499999999953
no04,533967_00534_11504_0,1445,14:45,902.492,902.721,0.22900000000004184
no04,533967_00534_11504_0,1500,15:00,792.661,807.7115,15.050500000000056
no04,533967_00534_11504_0,1515,15:15,639.6690000000001,631.0155,-8.653500000000122
no04,533967_00534_11504_0,1530,15:30,693.3625,712.51,19.147500000000036
no04,533967_00534_11504_0,1545,15:45,503.476,501.45650000000006,-2.019499999999937
no04,533967_00534_11504_0,1600,16:00,755.0485,753.192,-1.8564999999999827
no04,533967_00534_11504_0,1615,16:15,1034.0285,1037.0395,3.0110000000001946
no04,533967_00534_11504_0,1630,16:30,869.059,889.2805000000001,20.221500000000106
no04,533967_00534_11504_0,1645,16:45,947.921,950.587,2.66599999999994
no04,533967_00534_11504_0,1700,17:00,946.8955,928.569,-18.32650000000001
no04,533967_00534_11504_0,1715,17:15,283.725,289.377,5.651999999999987
no04,533967_00534_11504_0,1730,17:30,658.0319999999999,668.48,10.448000000000093
no04,533967_00534_11504_0,1745,17:45,736.8154999999999,723.2965,-13.518999999999892
no04,533967_00534_11504_0,1800,18:00,670.228,681.229,11.00100000000009
no04,533967_00534_11504_0,1815,18:15,1031.4945,1034.924,3.429499999999962
no04,533967_00534_11504_0,1830,18:30,1037.3905,1016.7505,-20.639999999999986
no04,533967_00534_11504_0,1845,18:45,606.116,604.5115,-1.60450000000003
no04,533967_00534_11504_1,630,06:30,1826.908,1828.6905,1.7825000000000273
no04,533967_00534_11504_1,645,06:45,1571.6685,1591.9540000000002,20.285500000000184
no04,533967_00534_11504_1,700,07:00,2318.1945,2327.715,9.520500000000084
no04,533967_00534_11504_1,715,07:15,3010.799,3032.2695,21.4704999999999
no04,533967_00534_11504_1,730,07:30,3050.759,3047.7200000000003,-3.03899999999976
no04,533967_00534_11504_1,745,07:45,3904.095,3957.285,53.190000000000055
no04,533967_00534_11504_1,800,08:00,5297.8355,5401.7295,103.89400000000023
no04,533967_00534_11504_1,815,08:15,4855.496,5192.2725,336.77649999999994
no04,533967_00534_11504_1,830,08:30,5130.305,5227.929,97.6239999999998
no04,533967_00534_11504_1,845,08:45,4648.3775000000005,4712.427,64.04949999999917
no04,533967_00534_11504_1,900,09:00,2951.053,2976.971,25.91800000000012
no04,533967_00534_11504_1,915,09:15,2505.3765,2533.2055,27.82900000000018
no04,533967_00534_11504_1,930,09:30,2613.7275,2627.6205,13.893000000000029
no04,533967_00534_11504_1,945,09:45,3897.695,3867.0995,-30.595500000000357
no04,533967_00534_11504_1,1000,10:00,2744.5155,2792.1695,47.653999999999996
no04,533967_00534_11504_1,1015,10:15,2877.718,2887.704,9.986000000000331
no04,533967_00534_11504_1,1030,10:30,1736.4585,1781.8580000000002,45.39950000000022
no04,533967_00534_11504_1,1045,10:45,2224.407,2255.3945,30.987499999999727
no04,533967_00534_11504_1,1100,11:00,2061.346,2093.1125,31.76650000000018
no04,533967_00534_11504_1,1115,11:15,2762.5975,2761.6510000000003,-0.9464999999995598
no04,533967_00534_11504_1,1130,11:30,1502.2995,1465.991,-36.308500000000095
no04,533967_00534_11504_1,1145,11:45,1949.089,1958.7855,9.696500000000015
no04,533967_00534_11504_1,1200,12:00,2160.8705,2144.707,-16.163500000000113
no04,533967_00534_11504_1,1215,12:15,2601.452,2608.902,7.449999999999818
no04,533967_00534_11504_1,1230,12:30,2227.552,2287.917,60.36499999999978
no04,533967_00534_11504_1,1245,12:45,1680.8655,1669.0255000000002,-11.839999999999918
no04,533967_00534_11504_1,1300,13:00,1319.3725,1309.098,-10.274499999999989
no04,533967_00534_11504_1,1315,13:15,1251.463,1246.83,-4.633000000000038
no04,533967_00534_11504_1,1330,13:30,2573.9555,2606.213,32.257500000000164
no04,533967_00534_11504_1,1345,13:45,1080.693,1085.671,4.9780000000000655
no04,533967_00534_11504_1,1400,14:00,1390.4855,1395.896,5.410499999999956
no04,533967_00534_11504_1,1415,14:15,1754.7575000000002,1770.494,15.73649999999975
no04,533967_00534_11504_1,1430,14:30,2319.7740000000003,2335.2015,15.427499999999782
no04,533967_00534_11504_1,1445,14:45,2227.059,2234.3485,7.289499999999862
no04,533967_00534_11504_1,1500,15:00,1514.563,1523.218,8.654999999999973
no04,533967_00534_11504_1,1515,15:15,1391.348,1401.705,10.356999999999971
no04,533967_00534_11504_1,1530,15:30,1676.0285,1685.118,9.089500000000044
no04,533967_00534_11504_1,1545,15:45,1800.643,1798.7,-1.9429999999999836
no04,533967_00534_11504_1,1600,16:00,2436.2125,2444.124,7.911499999999705
no04,533967_00534_11504_1,1615,16:15,2835.4615,2888.869,53.407500000000255
no04,533967_00534_11504_1,1630,16:30,3729.684,3824.741,95.05699999999979
no04,533967_00534_11504_1,1645,16:45,3019.8725,3070.9945,51.121999999999844
no04,533967_00534_11504_1,1700,17:00,4425.575,4384.3985,-41.17649999999958
no04,533967_00534_11504_1,1715,17:15,3010.74,3021.853,11.113000000000284
no04,533967_00534_11504_1,1730,17:30,2072.619,2115.322,42.702999999999975
no04,533967_00534_11504_1,1745,17:45,1707.6495,1667.9415,-39.708000000000084
no04,533967_00534_11504_1,1800,18:00,2571.6285,2603.1835,31.55500000000029
no04,533967_00534_11504_1,1815,18:15,2181.393,2198.1695,16.776499999999942
no04,533967_00534_11504_1,1830,18:30,1692.627,1701.0705000000005,8.44350000000054
no04,533967_00534_11504_1,1845,18:45,1596.545,1569.11,-27.435000000000173
no04,533967_00535_00538_0,630,06:30,2070.0015,2078.8155,8.814000000000306
no04,533967_00535_00538_0,645,06:45,2327.4345000000003,2341.741,14.306499999999687
no04,533967_00535_00538_0,700,07:00,2719.691,2723.519,3.8279999999999745
no04,533967_00535_00538_0,715,07:15,3491.6410000000005,3542.3300000000004,50.68899999999985
no04,533967_00535_00538_0,730,07:30,3628.415,3599.8705,-28.54449999999997
no04,533967_00535_00538_0,745,07:45,4594.877,4503.173000000001,-91.70399999999972
no04,533967_00535_00538_0,800,08:00,2876.864,3009.9165000000003,133.05250000000024
no04,533967_00535_00538_0,815,08:15,5038.2365,5094.749,56.51249999999982
no04,533967_00535_00538_0,830,08:30,4169.544,4073.074,-96.4699999999998
no04,533967_00535_00538_0,845,08:45,2264.8345,2372.799,107.96450000000004
no04,533967_00535_00538_0,900,09:00,3020.596,3074.578,53.98199999999997
no04,533967_00535_00538_0,915,09:15,2984.353,3020.5955000000004,36.24250000000029
no04,533967_00535_00538_0,930,09:30,2314.712,2208.514,-106.19799999999987
no04,533967_00535_00538_0,945,09:45,1600.54,1641.9605,41.42049999999995
no04,533967_00535_00538_0,1000,10:00,2865.549,2885.383,19.833999999999833
no04,533967_00535_00538_0,1015,10:15,2835.191,2843.806,8.615000000000236
no04,533967_00535_00538_0,1030,10:30,2699.2255,2684.8920000000003,-14.33349999999973
no04,533967_00535_00538_0,1045,10:45,2855.463,2927.9495,72.48649999999998
no04,533967_00535_00538_0,1100,11:00,3048.566,3041.486,-7.079999999999927
no04,533967_00535_00538_0,1115,11:15,3348.8505,3366.7725,17.922000000000025
no04,533967_00535_00538_0,1130,11:30,3011.187,2987.1015,-24.085499999999683
no04,533967_00535_00538_0,1145,11:45,3539.1915,3575.9175000000005,36.72600000000057
no04,533967_00535_00538_0,1200,12:00,2740.961,2665.297,-75.66399999999976
no04,533967_00535_00538_0,1215,12:15,2945.852,2905.4425,-40.40949999999975
no04,533967_00535_00538_0,1230,12:30,3578.1775,3633.2005,55.02300000000014
no04,533967_00535_00538_0,1245,12:45,2931.7475,2909.1975,-22.549999999999727
no04,533967_00535_00538_0,1300,13:00,3004.894,3004.6145,-0.2794999999996435
no04,533967_00535_00538_0,1315,13:15,3264.0525,3360.86,96.80750000000035
no04,533967_00535_00538_0,1330,13:30,2842.2655,2784.706,-57.559499999999844
no04,533967_00535_00538_0,1345,13:45,3479.811,3511.4985,31.6875
no04,533967_00535_00538_0,1400,14:00,2074.042,2072.1435,-1.8984999999997854
no04,533967_00535_00538_0,1415,14:15,3542.0235,3617.159,75.13550000000032
no04,533967_00535_00538_0,1430,14:30,2191.3005000000003,2151.817,-39.48350000000028
no04,533967_00535_00538_0,1445,14:45,2178.6795,2144.1435,-34.53600000000006
no04,533967_00535_00538_0,1500,15:00,3964.7605,3775.4555,-189.30499999999984
no04,533967_00535_00538_0,1515,15:15,2298.8540000000003,2459.1955,160.34149999999954
no04,533967_00535_00538_0,1530,15:30,2356.073,2433.167,77.09400000000005
no04,533967_00535_00538_0,1545,15:45,2436.8735,2490.7505,53.87699999999995
no04,533967_00535_00538_0,1600,16:00,3518.5475,3470.2815,-48.266000000000076
no04,533967_00535_00538_0,1615,16:15,3086.886,3025.713,-61.172999999999774
no04,533967_00535_00538_0,1630,16:30,3568.279,3680.8835,112.60449999999992
no04,533967_00535_00538_0,1645,16:45,3358.7205000000004,3429.5475,70.82699999999977
no04,533967_00535_00538_0,1700,17:00,3615.276,3637.1545,21.87850000000026
no04,533967_00535_00538_0,1715,17:15,2225.559,2062.1695,-163.38950000000023
no04,533967_00535_00538_0,1730,17:30,3155.1465,3184.459,29.3125
no04,533967_00535_00538_0,1745,17:45,4066.7985,4165.0315,98.23300000000017
no04,533967_00535_00538_0,1800,18:00,2844.156,2778.208,-65.94799999999987
no04,533967_00535_00538_0,1815,18:15,1340.306,1385.9975,45.691499999999905
no04,533967_00535_00538_0,1830,18:30,1237.674,1212.2255,-25.448499999999967
no04,533967_00535_00538_0,1845,18:45,1073.458,1116.1445,42.686500000000024
no04,533967_00535_00538_1,630,06:30,573.851,571.431,-2.419999999999959
no04,533967_00535_00538_1,645,06:45,657.643,648.506,-9.137000000000057
no04,533967_00535_00538_1,700,07:00,1217.848,1210.577,-7.270999999999958
no04,533967_00535_00538_1,715,07:15,1624.409,1596.7125,-27.696500000000015
no04,533967_00535_00538_1,730,07:30,1516.3985,1524.925,8.526499999999942
no04,533967_00535_00538_1,745,07:45,2911.3695,2701.3705,-209.9989999999998
no04,533967_00535_00538_1,800,08:00,3434.3865,3395.4190000000003,-38.967499999999745
no04,533967_00535_00538_1,815,08:15,1847.67,1958.843,111.173
no04,533967_00535_00538_1,830,08:30,1659.203,1707.8715,48.668499999999995
no04,533967_00535_00538_1,845,08:45,2188.626,2163.066,-25.5600000000004
no04,533967_00535_00538_1,900,09:00,3009.0025,3214.5895,205.587
no04,533967_00535_00538_1,915,09:15,1668.8674999999998,1600.5215,-68.34599999999978
no04,533967_00535_00538_1,930,09:30,2276.314,2262.8365,-13.477499999999964
no04,533967_00535_00538_1,945,09:45,2921.016,2822.917,-98.09900000000016
no04,533967_00535_00538_1,1000,10:00,1669.434,1729.7855,60.35149999999999
no04,533967_00535_00538_1,1015,10:15,1545.708,1658.9525,113.24450000000002
no04,533967_00535_00538_1,1030,10:30,981.0065,1012.383,31.376500000000078
no04,533967_00535_00538_1,1045,10:45,1337.928,1356.3094999999998,18.381499999999733
no04,533967_00535_00538_1,1100,11:00,1569.022,1614.6315,45.609500000000025
no04,533967_00535_00538_1,1115,11:15,3085.445,3008.8665,-76.57850000000008
no04,533967_00535_00538_1,1130,11:30,1478.571,1568.6855,90.11450000000013
no04,533967_00535_00538_1,1145,11:45,1371.835,1338.134,-33.70100000000002
no04,533967_00535_00538_1,1200,12:00,1836.4285,1786.5625,-49.865999999999985
no04,533967_00535_00538_1,1215,12:15,2479.8175,2422.246,-57.571500000000015
no04,533967_00535_00538_1,1230,12:30,2549.5085,2508.549,-40.959499999999935
no04,533967_00535_00538_1,1245,12:45,1662.4810000000002,1645.6745,-16.806500000000142
no04,533967_00535_00538_1,1300,13:00,1919.974,1972.7275,52.75350000000003
no04,533967_00535_00538_1,1315,13:15,1497.3905,1435.2315,-62.15899999999988
no04,533967_00535_00538_1,1330,13:30,1800.6675,1748.0279999999998,-52.639500000000226
no04,533967_00535_00538_1,1345,13:45,1505.0415,1457.4425,-47.59899999999993
no04,533967_00535_00538_1,1400,14:00,1813.5605,1834.9215,21.360999999999876
no04,533967_00535_00538_1,1415,14:15,3243.2725,3315.649,72.37649999999985
no04,533967_00535_00538_1,1430,14:30,2828.711,2804.2765,-24.434499999999844
no04,533967_00535_00538_1,1445,14:45,2373.619,2307.723,-65.89600000000019
no04,533967_00535_00538_1,1500,15:00,2292.8925,2376.6315,83.73900000000003
no04,533967_00535_00538_1,1515,15:15,2999.4035,2863.3045,-136.0989999999997
no04,533967_00535_00538_1,1530,15:30,3940.5475,4007.774,67.22649999999976
no04,533967_00535_00538_1,1545,15:45,3514.753,3424.8765,-89.8765000000003
no04,533967_00535_00538_1,1600,16:00,1846.716,1898.7975,52.081500000000005
no04,533967_00535_00538_1,1615,16:15,837.3209999999999,839.068,1.747000000000071
no04,533967_00535_00538_1,1630,16:30,549.0645000000001,551.4440000000001,2.3795000000000073
no04,533967_00535_00538_1,1645,16:45,1346.2145,1354.1325000000002,7.91800000000012
no04,533967_00535_00538_1,1700,17:00,1928.471,1896.1305,-32.34050000000002
no04,533967_00535_00538_1,1715,17:15,3031.1675,3034.9995,3.83199999999988
no04,533967_00535_00538_1,1730,17:30,2400.873,2463.9535,63.08050000000003
no04,533967_00535_00538_1,1745,17:45,2328.3525,2196.7485,-131.60399999999981
no04,533967_00535_00538_1,1800,18:00,2902.566,2893.731,-8.834999999999582
no04,533967_00535_00538_1,1815,18:15,3016.744,3189.2165,172.47249999999985
no04,533967_00535_00538_1,1830,18:30,1733.2215,1806.541,73.31949999999983
no04,533967_00535_00538_1,1845,18:45,2302.0395,2325.3920000000003,23.35250000000042
no04,533967_00535_00609_0,630,06:30,4273.1515,4276.8495,3.69800000000032
no04,533967_00535_00609_0,645,06:45,4602.435,4605.417,2.981999999999971
no04,533967_00535_00609_0,700,07:00,3646.987,3643.1865,-3.8005000000002838
no04,533967_00535_00609_0,715,07:15,6373.050499999999,6355.6965,-17.35399999999936
no04,533967_00535_00609_0,730,07:30,8571.078,8615.5245,44.446500000000015
no04,533967_00535_00609_0,745,07:45,6228.632,6217.566000000001,-11.065999999998894
no04,533967_00535_00609_0,800,08:00,9167.7545,9097.2515,-70.50299999999879
no04,533967_00535_00609_0,815,08:15,8734.638,8649.4155,-85.22250000000167
no04,533967_00535_00609_0,830,08:30,9167.1955,9285.33,118.13450000000012
no04,533967_00535_00609_0,845,08:45,9228.9135,9207.0665,-21.846999999999753
no04,533967_00535_00609_0,900,09:00,6719.793000000001,6778.8555,59.06249999999909
no04,533967_00535_00609_0,915,09:15,5755.0775,5761.713,6.635499999999411
no04,533967_00535_00609_0,930,09:30,7310.635499999999,7436.561,125.92550000000028
no04,533967_00535_00609_0,945,09:45,6178.4415,6095.132,-83.3095000000003
no04,533967_00535_00609_0,1000,10:00,6640.5215,6555.0515,-85.47000000000025
no04,533967_00535_00609_0,1015,10:15,5514.219999999999,5533.5595,19.339500000000953
no04,533967_00535_00609_0,1030,10:30,4726.3735,4646.579,-79.79449999999997
no04,533967_00535_00609_0,1045,10:45,4322.126,4456.777,134.65099999999984
no04,533967_00535_00609_0,1100,11:00,4810.8075,4826.8345,16.027000000000044
no04,533967_00535_00609_0,1115,11:15,7141.614500000001,7067.3605,-74.25400000000081
no04,533967_00535_00609_0,1130,11:30,3651.165,3685.6615,34.4965000000002
no04,533967_00535_00609_0,1145,11:45,4336.261,4313.948,-22.313000000000102
no04,533967_00535_00609_0,1200,12:00,5343.1975,5465.382,122.18449999999939
no04,533967_00535_00609_0,1215,12:15,6888.5355,6924.071000000001,35.535500000000866
no04,533967_00535_00609_0,1230,12:30,4612.6185,4622.0335,9.414999999999964
no04,533967_00535_00609_0,1245,12:45,4186.597,4078.696,-107.90099999999984
no04,533967_00535_00609_0,1300,13:00,4905.4195,5004.5095,99.09000000000015
no04,533967_00535_00609_0,1315,13:15,4078.0145,4051.813,-26.201500000000124
no04,533967_00535_00609_0,1330,13:30,5046.3730000000005,4982.639,-63.73400000000038
no04,533967_00535_00609_0,1345,13:45,3521.2745000000004,3487.8985,-33.37600000000066
no04,533967_00535_00609_0,1400,14:00,4655.5235,4735.9165,80.39300000000003
no04,533967_00535_00609_0,1415,14:15,4267.9225,4176.182,-91.74049999999988
no04,533967_00535_00609_0,1430,14:30,5269.296,5290.4705,21.17450000000008
no04,533967_00535_00609_0,1445,14:45,4131.941000000001,4169.525,37.58399999999892
no04,533967_00535_00609_0,1500,15:00,4142.5055,4054.698,-87.80750000000035
no04,533967_00535_00609_0,1515,15:15,4641.0975,4664.4285,23.33100000000013
no04,533967_00535_00609_0,1530,15:30,4806.3150000000005,4649.9505,-156.3645000000006
no04,533967_00535_00609_0,1545,15:45,5102.195,5248.35,146.15500000000065
no04,533967_00535_00609_0,1600,16:00,6657.367,6573.0005,-84.36650000000009
no04,533967_00535_00609_0,1615,16:15,5304.1665,5332.9445,28.777999999999338
no04,533967_00535_00609_0,1630,16:30,5540.4275,5589.697,49.269500000000335
no04,533967_00535_00609_0,1645,16:45,5798.4,5797.449,-0.9510000000000218
no04,533967_00535_00609_0,1700,17:00,3347.021,3340.6580000000004,-6.362999999999829
no04,533967_00535_00609_0,1715,17:15,6306.326,6408.578,102.25200000000041
no04,533967_00535_00609_0,1730,17:30,6536.156,6520.9655,-15.190499999999702
no04,533967_00535_00609_0,1745,17:45,5656.525,5516.5895,-139.9354999999996
no04,533967_00535_00609_0,1800,18:00,6779.011,6893.502,114.49099999999999
no04,533967_00535_00609_0,1815,18:15,6417.5235,6387.669,-29.85450000000037
no04,533967_00535_00609_0,1830,18:30,4934.193,4877.319,-56.873999999999796
no04,533967_00535_00609_0,1845,18:45,4218.841,4290.744000000001,71.90300000000025
no04,533967_00535_00609_1,630,06:30,8657.018,8784.0635,127.04550000000017
no04,533967_00535_00609_1,645,06:45,8646.8565,8704.7585,57.902000000000044
no04,533967_00535_00609_1,700,07:00,9015.683,9051.1315,35.4484999999986
no04,533967_00535_00609_1,715,07:15,11947.2,12214.7165,267.5164999999997
no04,533967_00535_00609_1,730,07:30,9889.618,10890.9615,1001.343499999999
no04,533967_00535_00609_1,745,07:45,4939.556,5240.974,301.4180000000006
no04,533967_00535_00609_1,800,08:00,6307.548000000001,6467.5055,159.95749999999953
no04,533967_00535_00609_1,815,08:15,9291.281,9246.8235,-44.45750000000044
no04,533967_00535_00609_1,830,08:30,6599.611999999999,6699.3825,99.77050000000054
no04,533967_00535_00609_1,845,08:45,8786.1695,8955.3655,169.1959999999999
no04,533967_00535_00609_1,900,09:00,7384.282000000001,7485.633,101.35099999999875
no04,533967_00535_00609_1,915,09:15,6910.386,7028.1465,117.76049999999941
no04,533967_00535_00609_1,930,09:30,7758.623,7651.472500000001,-107.15049999999883
no04,533967_00535_00609_1,945,09:45,4255.576,4324.2345000000005,68.65850000000046
no04,533967_00535_00609_1,1000,10:00,6982.1035,6969.097499999999,-13.006000000001222
no04,533967_00535_00609_1,1015,10:15,7458.027,7483.8755,25.848500000000058
no04,533967_00535_00609_1,1030,10:30,7738.503,7718.063499999999,-20.439500000000407
no04,533967_00535_00609_1,1045,10:45,6485.835,6560.6705,74.83550000000014
no04,533967_00535_00609_1,1100,11:00,9343.7545,9548.892,205.13750000000073
no04,533967_00535_00609_1,1115,11:15,10354.4465,10736.647,382.20050000000083
no04,533967_00535_00609_1,1130,11:30,7749.461,7805.4105,55.949499999999716
no04,533967_00535_00609_1,1145,11:45,7261.3405,7403.853,142.51249999999982
no04,533967_00535_00609_1,1200,12:00,13627.6585,14385.6725,758.014000000001
no04,533967_00535_00609_1,1215,12:15,11627.537,14255.518,2627.9809999999998
no04,533967_00535_00609_1,1230,12:30,11137.317,11486.406,349.08900000000176
no04,533967_00535_00609_1,1245,12:45,9762.242,10381.815,619.5730000000003
no04,533967_00535_00609_1,1300,13:00,9400.253,9609.6585,209.40549999999894
no04,533967_00535_00609_1,1315,13:15,9622.503,10345.8245,723.3215
no04,533967_00535_00609_1,1330,13:30,6661.361999999999,6890.6245,229.26250000000073
no04,533967_00535_00609_1,1345,13:45,6014.287,5956.735,-57.55200000000059
no04,533967_00535_00609_1,1400,14:00,6447.998,6432.907,-15.09099999999944
no04,533967_00535_00609_1,1415,14:15,5101.428,5156.5935,55.165500000000065
no04,533967_00535_00609_1,1430,14:30,4368.471,4250.896,-117.57499999999982
no04,533967_00535_00609_1,1445,14:45,5297.921,5363.668,65.74699999999939
no04,533967_00535_00609_1,1500,15:00,8117.7985,8155.1685,37.36999999999989
no04,533967_00535_00609_1,1515,15:15,8764.4825,9102.72,338.2374999999993
no04,533967_00535_00609_1,1530,15:30,8729.076,8828.1845,99.10850000000028
no04,533967_00535_00609_1,1545,15:45,7805.769999999999,8215.955,410.1850000000013
no04,533967_00535_00609_1,1600,16:00,8425.052500000002,8473.776000000002,48.72350000000006
no04,533967_00535_00609_1,1615,16:15,12057.1545,12159.4015,102.24699999999939
no04,533967_00535_00609_1,1630,16:30,7343.689,7924.346,580.6569999999992
no04,533967_00535_00609_1,1645,16:45,10738.0535,11006.905,268.85150000000067
no04,533967_00535_00609_1,1700,17:00,14230.9995,15746.653,1515.6535000000003
no04,533967_00535_00609_1,1715,17:15,10526.689,11314.988,788.2989999999991
no04,533967_00535_00609_1,1730,17:30,11754.068,12116.6785,362.6105000000007
no04,533967_00535_00609_1,1745,17:45,12969.603,13170.843,201.2400000000016
no04,533967_00535_00609_1,1800,18:00,9155.2735,9452.232,296.95850000000064
no04,533967_00535_00609_1,1815,18:15,10524.1765,11049.877,525.7005000000008
no04,533967_00535_00609_1,1830,18:30,12694.1025,12557.864,-136.2385000000013
no04,533967_00535_00609_1,1845,18:45,8906.9185,9008.827,101.90849999999955
no04,533967_00535_11512_0,630,06:30,304.8115,303.814,-0.9975000000000023
no04,533967_00535_11512_0,645,06:45,367.26,368.63,1.3700000000000045
no04,533967_00535_11512_0,700,07:00,551.866,553.083,1.2169999999999845
no04,533967_00535_11512_0,715,07:15,644.756,652.6695,7.913499999999999
no04,533967_00535_11512_0,730,07:30,566.743,580.2225000000001,13.47950000000003
no04,533967_00535_11512_0,745,07:45,980.401,953.3175,-27.083499999999958
no04,533967_00535_11512_0,800,08:00,852.302,891.492,39.18999999999994
no04,533967_00535_11512_0,815,08:15,823.4905000000001,843.625,20.13449999999989
no04,533967_00535_11512_0,830,08:30,612.8344999999999,625.472,12.637500000000045
no04,533967_00535_11512_0,845,08:45,972.575,983.6385,11.063499999999976
no04,533967_00535_11512_0,900,09:00,1014.3555,1019.719,5.363500000000045
no04,533967_00535_11512_0,915,09:15,894.7270000000001,910.1245,15.397499999999923
no04,533967_00535_11512_0,930,09:30,924.354,924.6365,0.2824999999999136
no04,533967_00535_11512_0,945,09:45,912.9935,918.124,5.130499999999984
no04,533967_00535_11512_0,1000,10:00,771.795,785.3785,13.583500000000072
no04,533967_00535_11512_0,1015,10:15,934.8155,930.314,-4.501500000000078
no04,533967_00535_11512_0,1030,10:30,927.7705,945.2745,17.50400000000002
no04,533967_00535_11512_0,1045,10:45,733.919,716.818,-17.101
no04,533967_00535_11512_0,1100,11:00,1198.772,1207.783,9.010999999999967
no04,533967_00535_11512_0,1115,11:15,1402.819,1413.563,10.744000000000142
no04,533967_00535_11512_0,1130,11:30,1204.4795,1202.8915,-1.5879999999999654
no04,533967_00535_11512_0,1145,11:45,840.3735,838.0364999999999,-2.3370000000001028
no04,533967_00535_11512_0,1200,12:00,1030.245,1022.169,-8.075999999999908
no04,533967_00535_11512_0,1215,12:15,1415.1165,1452.2925,37.17599999999993
no04,533967_00535_11512_0,1230,12:30,1437.157,1438.4254999999998,1.2684999999999036
no04,533967_00535_11512_0,1245,12:45,1022.6845,1029.42,6.7355000000001155
no04,533967_00535_11512_0,1300,13:00,1189.752,1213.17,23.41800000000012
no04,533967_00535_11512_0,1315,13:15,1113.1875,1119.9675,6.779999999999973
no04,533967_00535_11512_0,1330,13:30,880.1205,893.6940000000001,13.573500000000081
no04,533967_00535_11512_0,1345,13:45,851.2705,852.7185,1.447999999999979
no04,533967_00535_11512_0,1400,14:00,790.505,803.1395,12.634500000000003
no04,533967_00535_11512_0,1415,14:15,1029.198,1027.502,-1.69600000000014
no04,533967_00535_11512_0,1430,14:30,998.899,993.6025,-5.296500000000037
no04,533967_00535_11512_0,1445,14:45,1032.648,1046.2395,13.591499999999996
no04,533967_00535_11512_0,1500,15:00,1125.348,1136.384,11.036000000000058
no04,533967_00535_11512_0,1515,15:15,1166.398,1167.034,0.6360000000001946
no04,533967_00535_11512_0,1530,15:30,1292.876,1282.303,-10.572999999999865
no04,533967_00535_11512_0,1545,15:45,1271.6975,1279.615,7.917500000000018
no04,533967_00535_11512_0,1600,16:00,854.1785,859.124,4.945500000000038
no04,533967_00535_11512_0,1615,16:15,839.518,833.061,-6.456999999999994
no04,533967_00535_11512_0,1630,16:30,652.2850000000001,678.476,26.190999999999917
no04,533967_00535_11512_0,1645,16:45,910.2635,903.1875,-7.076000000000022
no04,533967_00535_11512_0,1700,17:00,991.491,998.4895,6.9985000000000355
no04,533967_00535_11512_0,1715,17:15,1197.2025,1204.167,6.964499999999816
no04,533967_00535_11512_0,1730,17:30,1190.561,1199.131,8.570000000000164
no04,533967_00535_11512_0,1745,17:45,1038.3015,1005.971,-32.33050000000003
no04,533967_00535_11512_0,1800,18:00,1318.017,1308.2040000000002,-9.812999999999874
no04,533967_00535_11512_0,1815,18:15,1327.711,1350.275,22.564000000000078
no04,533967_00535_11512_0,1830,18:30,1022.6125,1053.8035,31.19100000000003
no04,533967_00535_11512_0,1845,18:45,1207.9475,1203.46,-4.4874999999999545
no04,533967_00535_11512_1,630,06:30,4184.268,4191.4155,7.147500000000036
no04,533967_00535_11512_1,645,06:45,4143.456,4144.6605,1.2044999999998254
no04,533967_00535_11512_1,700,07:00,3137.2275,3149.199,11.971500000000106
no04,533967_00535_11512_1,715,07:15,4554.1175,4599.689,45.571500000000015
no04,533967_00535_11512_1,730,07:30,6257.373,6341.6305,84.25750000000062
no04,533967_00535_11512_1,745,07:45,5677.926,5477.0945,-200.83150000000023
no04,533967_00535_11512_1,800,08:00,6611.525,6985.2425,373.71750000000065
no04,533967_00535_11512_1,815,08:15,8856.853500000001,9054.889,198.03549999999814
no04,533967_00535_11512_1,830,08:30,7897.503,8075.634999999999,178.1319999999996
no04,533967_00535_11512_1,845,08:45,3781.88,3791.286,9.405999999999949
no04,533967_00535_11512_1,900,09:00,3367.271,3335.3095000000003,-31.961499999999887
no04,533967_00535_11512_1,915,09:15,3497.5305,3428.8335,-68.69699999999966
no04,533967_00535_11512_1,930,09:30,3427.617,3479.976,52.358999999999924
no04,533967_00535_11512_1,945,09:45,3407.8105000000005,3450.382,42.57149999999956
no04,533967_00535_11512_1,1000,10:00,4206.138,4251.1065,44.96849999999995
no04,533967_00535_11512_1,1015,10:15,3420.5870000000004,3413.4355,-7.1515000000003965
no04,533967_00535_11512_1,1030,10:30,3348.9245,3383.5585,34.634000000000015
no04,533967_00535_11512_1,1045,10:45,3376.763,3361.318,-15.444999999999709
no04,533967_00535_11512_1,1100,11:00,3523.231,3571.9455000000003,48.714500000000044
no04,533967_00535_11512_1,1115,11:15,5594.685,5475.2845,-119.40050000000065
no04,533967_00535_11512_1,1130,11:30,3001.903,3154.942,153.03900000000021
no04,533967_00535_11512_1,1145,11:45,4764.86,4739.512000000001,-25.347999999999047
no04,533967_00535_11512_1,1200,12:00,3222.1095,3095.5505000000003,-126.55899999999974
no04,533967_00535_11512_1,1215,12:15,4173.9095,4131.0275,-42.88199999999961
no04,533967_00535_11512_1,1230,12:30,3907.134,3881.516,-25.617999999999938
no04,533967_00535_11512_1,1245,12:45,3249.577,3211.803,-37.77400000000034
no04,533967_00535_11512_1,1300,13:00,3739.5405,3808.615,69.07449999999972
no04,533967_00535_11512_1,1315,13:15,4367.2970000000005,4423.5185,56.22149999999965
no04,533967_00535_11512_1,1330,13:30,3518.4435,3418.523,-99.92049999999972
no04,533967_00535_11512_1,1345,13:45,3222.8945,3309.7025000000003,86.80800000000045
no04,533967_00535_11512_1,1400,14:00,2195.977,2258.8425,62.86550000000034
no04,533967_00535_11512_1,1415,14:15,3288.553,3272.741,-15.811999999999898
no04,533967_00535_11512_1,1430,14:30,3628.7535,3668.0225,39.26900000000023
no04,533967_00535_11512_1,1445,14:45,2710.6510000000003,2668.643,-42.008000000000266
no04,533967_00535_11512_1,1500,15:00,3637.905,3577.528,-60.37700000000041
no04,533967_00535_11512_1,1515,15:15,3225.5555,3265.139,39.583500000000186
no04,533967_00535_11512_1,1530,15:30,3365.1760000000004,3246.1355,-119.04050000000052
no04,533967_00535_11512_1,1545,15:45,3025.0765,3069.6745,44.597999999999956
no04,533967_00535_11512_1,1600,16:00,3962.501,4005.4765,42.97550000000001
no04,533967_00535_11512_1,1615,16:15,2833.8115,2775.404,-58.4074999999998
no04,533967_00535_11512_1,1630,16:30,3943.376,3967.072,23.695999999999913
no04,533967_00535_11512_1,1645,16:45,3139.7875,3131.84,-7.9474999999997635
no04,533967_00535_11512_1,1700,17:00,3707.8605,3771.056,63.195500000000266
no04,533967_00535_11512_1,1715,17:15,3313.7650000000003,3378.3025,64.53749999999945
no04,533967_00535_11512_1,1730,17:30,3121.6095,3086.8810000000003,-34.72849999999971
no04,533967_00535_11512_1,1745,17:45,2913.2015,3023.725,110.52349999999979
no04,533967_00535_11512_1,1800,18:00,3229.3395,3204.2285,-25.110999999999876
no04,533967_00535_11512_1,1815,18:15,3164.82,3070.5065,-94.3135000000002
no04,533967_00535_11512_1,1830,18:30,2359.923,2517.24,157.317
no04,533967_00535_11512_1,1845,18:45,2054.384,2069.1455,14.76150000000007
no04,533967_00535_14018_0,630,06:30,946.3425,954.086,7.74350000000004
no04,533967_00535_14018_0,645,06:45,1051.446,1067.5155,16.069500000000062
no04,533967_00535_14018_0,700,07:00,983.2595,998.2515,14.991999999999962
no04,533967_00535_14018_0,715,07:15,1133.713,1119.859,-13.854000000000042
no04,533967_00535_14018_0,730,07:30,1072.62,1105.812,33.19200000000001
no04,533967_00535_14018_0,745,07:45,742.915,752.0835,9.168499999999995
no04,533967_00535_14018_0,800,08:00,1209.698,1206.415,-3.283000000000129
no04,533967_00535_14018_0,815,08:15,1077.794,1103.9254999999998,26.131499999999733
no04,533967_00535_14018_0,830,08:30,1092.464,1108.6095,16.145500000000084
no04,533967_00535_14018_0,845,08:45,713.797,709.0995,-4.697499999999991
no04,533967_00535_14018_0,900,09:00,616.4345000000001,615.013,-1.4215000000000373
no04,533967_00535_14018_0,915,09:15,536.115,543.3335,7.218499999999949
no04,533967_00535_14018_0,930,09:30,560.1665,549.5205,-10.646000000000072
no04,533967_00535_14018_0,945,09:45,585.9345000000001,588.328,2.3934999999999036
no04,533967_00535_14018_0,1000,10:00,464.707,468.68950000000007,3.9825000000000728
no04,533967_00535_14018_0,1015,10:15,510.7325,518.1865,7.454000000000008
no04,533967_00535_14018_0,1030,10:30,560.8385000000001,561.9305,1.0919999999999845
no04,533967_00535_14018_0,1045,10:45,573.4825,567.838,-5.644499999999994
no04,533967_00535_14018_0,1100,11:00,435.4935,440.0005,4.507000000000005
no04,533967_00535_14018_0,1115,11:15,502.8365,504.8255,1.988999999999976
no04,533967_00535_14018_0,1130,11:30,345.7785,356.0055,10.226999999999975
no04,533967_00535_14018_0,1145,11:45,569.132,577.6949999999999,8.562999999999988
no04,533967_00535_14018_0,1200,12:00,702.845,684.9645,-17.880499999999984
no04,533967_00535_14018_0,1215,12:15,663.141,681.009,17.868000000000052
no04,533967_00535_14018_0,1230,12:30,645.4885,648.296,2.8075000000000045
no04,533967_00535_14018_0,1245,12:45,686.5495,691.297,4.747500000000059
no04,533967_00535_14018_0,1300,13:00,504.0045,500.7995,-3.204999999999984
no04,533967_00535_14018_0,1315,13:15,718.87,716.4625,-2.4075000000000273
no04,533967_00535_14018_0,1330,13:30,446.9815,456.091,9.109500000000025
no04,533967_00535_14018_0,1345,13:45,372.2895,373.021,0.7315000000000396
no04,533967_00535_14018_0,1400,14:00,385.183,389.814,4.631000000000029
no04,533967_00535_14018_0,1415,14:15,414.2065,408.241,-5.96550000000002
no04,533967_00535_14018_0,1430,14:30,465.4,467.0445,1.6445000000000505
no04,533967_00535_14018_0,1445,14:45,288.1575,293.452,5.294499999999971
no04,533967_00535_14018_0,1500,15:00,301.9995,291.235,-10.764499999999998
no04,533967_00535_14018_0,1515,15:15,548.7965,565.652,16.855500000000006
no04,533967_00535_14018_0,1530,15:30,380.5525,380.007,-0.5455000000000041
no04,533967_00535_14018_0,1545,15:45,505.6315,506.837,1.2054999999999723
no04,533967_00535_14018_0,1600,16:00,513.7995,511.537,-2.2624999999999886
no04,533967_00535_14018_0,1615,16:15,465.4055,466.2175,0.811999999999955
no04,533967_00535_14018_0,1630,16:30,406.7145,408.3775,1.663000000000011
no04,533967_00535_14018_0,1645,16:45,539.3255,547.6085,8.283000000000015
no04,533967_00535_14018_0,1700,17:00,827.1510000000001,819.4219999999999,-7.7290000000001555
no04,533967_00535_14018_0,1715,17:15,833.3399999999999,854.848,21.508000000000038
no04,533967_00535_14018_0,1730,17:30,557.766,554.7795,-2.986499999999978
no04,533967_00535_14018_0,1745,17:45,688.787,679.795,-8.992000000000075
no04,533967_00535_14018_0,1800,18:00,456.5865,482.3545,25.767999999999972
no04,533967_00535_14018_0,1815,18:15,710.443,730.4535,20.01049999999998
no04,533967_00535_14018_0,1830,18:30,733.3145000000001,722.6215,-10.693000000000097
no04,533967_00535_14018_0,1845,18:45,564.795,553.1569999999999,-11.638000000000034
no04,533967_00535_14018_1,630,06:30,1555.956,1557.4875,1.531500000000051
no04,533967_00535_14018_1,645,06:45,1369.5905,1369.5085,-0.08200000000010732
no04,533967_00535_14018_1,700,07:00,1567.2775,1567.3625,0.08500000000003638
no04,533967_00535_14018_1,715,07:15,2859.6475,2917.3205000000003,57.67300000000023
no04,533967_00535_14018_1,730,07:30,4334.7375,4381.5735,46.83600000000024
no04,533967_00535_14018_1,745,07:45,3853.1685,3884.7835,31.61499999999978
no04,533967_00535_14018_1,800,08:00,2940.6125,2966.298,25.685499999999593
no04,533967_00535_14018_1,815,08:15,5496.2,5713.36,217.15999999999985
no04,533967_00535_14018_1,830,08:30,8745.295,8999.6095,254.3145000000004
no04,533967_00535_14018_1,845,08:45,7333.4985,8111.405500000001,777.9070000000011
no04,533967_00535_14018_1,900,09:00,2881.452,2915.5855,34.13349999999991
no04,533967_00535_14018_1,915,09:15,2931.4695,2902.7595,-28.710000000000036
no04,533967_00535_14018_1,930,09:30,2653.2505,2665.84,12.589500000000044
no04,533967_00535_14018_1,945,09:45,2684.5225,2612.046,-72.47650000000021
no04,533967_00535_14018_1,1000,10:00,2339.202,2379.1015,39.89949999999999
no04,533967_00535_14018_1,1015,10:15,2474.492,2472.9790000000003,-1.51299999999992
no04,533967_00535_14018_1,1030,10:30,1717.212,1747.908,30.695999999999913
no04,533967_00535_14018_1,1045,10:45,1843.8395,1861.8325,17.992999999999938
no04,533967_00535_14018_1,1100,11:00,2094.5535,2091.9535,-2.599999999999909
no04,533967_00535_14018_1,1115,11:15,1909.079,1942.2645,33.18550000000005
no04,533967_00535_14018_1,1130,11:30,1502.4435,1443.6945,-58.749000000000024
no04,533967_00535_14018_1,1145,11:45,1556.759,1535.582,-21.176999999999907
no04,533967_00535_14018_1,1200,12:00,2010.266,2047.874,37.60799999999995
no04,533967_00535_14018_1,1215,12:15,2860.6365,2897.871,37.234500000000025
no04,533967_00535_14018_1,1230,12:30,2447.0845,2464.687,17.602499999999964
no04,533967_00535_14018_1,1245,12:45,1310.6685,1308.686,-1.9825000000000728
no04,533967_00535_14018_1,1300,13:00,1775.477,1754.997,-20.480000000000018
no04,533967_00535_14018_1,1315,13:15,1751.9075,1778.241,26.333499999999958
no04,533967_00535_14018_1,1330,13:30,1499.8525,1469.165,-30.6875
no04,533967_00535_14018_1,1345,13:45,1246.5175,1263.611,17.093500000000176
no04,533967_00535_14018_1,1400,14:00,1351.319,1338.0145,-13.304499999999962
no04,533967_00535_14018_1,1415,14:15,1838.6565,1877.89,39.23350000000005
no04,533967_00535_14018_1,1430,14:30,1785.4235,1783.0044999999998,-2.419000000000324
no04,533967_00535_14018_1,1445,14:45,1654.4630000000002,1714.5555,60.092499999999745
no04,533967_00535_14018_1,1500,15:00,1627.529,1590.315,-37.21399999999994
no04,533967_00535_14018_1,1515,15:15,1502.318,1547.7375,45.41949999999997
no04,533967_00535_14018_1,1530,15:30,4674.053,5012.969999999999,338.91699999999946
no04,533967_00535_14018_1,1545,15:45,2826.868,3181.699,354.83100000000013
no04,533967_00535_14018_1,1600,16:00,3158.7915000000003,3225.4010000000003,66.60950000000003
no04,533967_00535_14018_1,1615,16:15,2266.836,2305.99,39.153999999999996
no04,533967_00535_14018_1,1630,16:30,3298.564,3268.5995,-29.964500000000044
no04,533967_00535_14018_1,1645,16:45,2952.3135,2890.877,-61.43650000000025
no04,533967_00535_14018_1,1700,17:00,2695.9345000000003,2804.6595,108.72499999999991
no04,533967_00535_14018_1,1715,17:15,2908.1175,3094.873,186.7555000000002
no04,533967_00535_14018_1,1730,17:30,3853.668,3954.409,100.74099999999999
no04,533967_00535_14018_1,1745,17:45,3209.0885000000003,3199.722,-9.366500000000087
no04,533967_00535_14018_1,1800,18:00,3273.9765,3411.6635,137.6869999999999
no04,533967_00535_14018_1,1815,18:15,2879.1405,2743.748,-135.39249999999993
no04,533967_00535_14018_1,1830,18:30,1997.6435,1934.9685,-62.674999999999955
no04,533967_00535_14018_1,1845,18:45,2011.299,2054.4995000000004,43.200500000000375
no04,533967_00536_11512_0,630,06:30,1661.536,1661.536,0.0
no04,533967_00536_11512_0,645,06:45,1573.618,1573.5625,-0.055499999999938154
no04,533967_00536_11512_0,700,07:00,1167.7965,1167.7965,0.0
no04,533967_00536_11512_0,715,07:15,1798.63,1817.5805,18.95049999999992
no04,533967_00536_11512_0,730,07:30,2363.549,2379.0995,15.550499999999829
no04,533967_00536_11512_0,745,07:45,1866.4895,1825.852,-40.63749999999982
no04,533967_00536_11512_0,800,08:00,2441.049,2518.643,77.59400000000005
no04,533967_00536_11512_0,815,08:15,3752.6815,3874.393,121.71149999999989
no04,533967_00536_11512_0,830,08:30,3063.7165,3026.0005,-37.715999999999894
no04,533967_00536_11512_0,845,08:45,1509.1985,1512.048,2.8495000000000346
no04,533967_00536_11512_0,900,09:00,1303.7045,1310.035,6.330500000000029
no04,533967_00536_11512_0,915,09:15,1380.282,1375.9135,-4.368499999999813
no04,533967_00536_11512_0,930,09:30,1437.6045,1441.0335,3.4290000000000873
no04,533967_00536_11512_0,945,09:45,1414.1435,1412.5945,-1.5489999999999782
no04,533967_00536_11512_0,1000,10:00,1678.8475,1680.0035,1.155999999999949
no04,533967_00536_11512_0,1015,10:15,1410.8255,1414.4905,3.665000000000191
no04,533967_00536_11512_0,1030,10:30,1303.584,1307.5995,4.0154999999999745
no04,533967_00536_11512_0,1045,10:45,1298.518,1294.833,-3.6849999999999454
no04,533967_00536_11512_0,1100,11:00,1338.8595,1350.9605,12.100999999999885
no04,533967_00536_11512_0,1115,11:15,2062.9755,2022.019,-40.956500000000005
no04,533967_00536_11512_0,1130,11:30,1106.371,1127.4985,21.127499999999827
no04,533967_00536_11512_0,1145,11:45,1764.6525,1736.738,-27.91449999999986
no04,533967_00536_11512_0,1200,12:00,1211.7535,1210.8125,-0.9410000000000309
no04,533967_00536_11512_0,1215,12:15,1673.2959999999998,1655.9154999999998,-17.380499999999984
no04,533967_00536_11512_0,1230,12:30,1403.7469999999998,1404.8795,1.1325000000001637
no04,533967_00536_11512_0,1245,12:45,1277.548,1277.6255,0.07750000000010004
no04,533967_00536_11512_0,1300,13:00,1425.3305,1433.3365,8.005999999999858
no04,533967_00536_11512_0,1315,13:15,1612.556,1618.913,6.356999999999971
no04,533967_00536_11512_0,1330,13:30,1404.146,1399.089,-5.057000000000016
no04,533967_00536_11512_0,1345,13:45,1240.5215,1247.5545,7.032999999999902
no04,533967_00536_11512_0,1400,14:00,930.863,927.861,-3.0020000000000664
no04,533967_00536_11512_0,1415,14:15,1235.6975,1237.3574999999998,1.6599999999998545
no04,533967_00536_11512_0,1430,14:30,1416.438,1417.7445,1.3064999999999145
no04,533967_00536_11512_0,1445,14:45,1040.773,1049.5225,8.749500000000126
no04,533967_00536_11512_0,1500,15:00,1290.6605,1295.581,4.920499999999947
no04,533967_00536_11512_0,1515,15:15,1179.935,1176.3780000000002,-3.556999999999789
no04,533967_00536_11512_0,1530,15:30,1219.5535,1150.204,-69.34950000000003
no04,533967_00536_11512_0,1545,15:45,1178.6005,1179.4055,0.8050000000000637
no04,533967_00536_11512_0,1600,16:00,1568.569,1542.117,-26.451999999999998
no04,533967_00536_11512_0,1615,16:15,1035.084,1032.3985,-2.6855000000000473
no04,533967_00536_11512_0,1630,16:30,1428.0369999999998,1431.9945,3.957500000000209
no04,533967_00536_11512_0,1645,16:45,1267.246,1268.3385,1.0924999999999727
no04,533967_00536_11512_0,1700,17:00,1207.374,1209.2955,1.9214999999999236
no04,533967_00536_11512_0,1715,17:15,1335.0745000000002,1330.927,-4.147500000000264
no04,533967_00536_11512_0,1730,17:30,1240.467,1236.742,-3.7250000000001364
no04,533967_00536_11512_0,1745,17:45,1128.076,1133.9125,5.836499999999887
no04,533967_00536_11512_0,1800,18:00,1289.7785,1295.52,5.741500000000087
no04,533967_00536_11512_0,1815,18:15,1287.2325,1274.3719999999998,-12.86050000000023
no04,533967_00536_11512_0,1830,18:30,1034.6,1039.61,5.009999999999991
no04,533967_00536_11512_0,1845,18:45,854.789,855.8340000000001,1.0450000000000728
no04,533967_00536_11512_1,630,06:30,203.868,203.273,-0.5949999999999989
no04,533967_00536_11512_1,645,06:45,252.2735,252.137,-0.13650000000001228
no04,533967_00536_11512_1,700,07:00,378.789,378.618,-0.17099999999999227
no04,533967_00536_11512_1,715,07:15,443.418,440.971,-2.4470000000000027
no04,533967_00536_11512_1,730,07:30,394.859,400.615,5.756000000000029
no04,533967_00536_11512_1,745,07:45,688.1455,660.102,-28.043499999999995
no04,533967_00536_11512_1,800,08:00,605.397,622.9605,17.563499999999976
no04,533967_00536_11512_1,815,08:15,552.8625,558.0835,5.221000000000004
no04,533967_00536_11512_1,830,08:30,437.562,443.271,5.709000000000003
no04,533967_00536_11512_1,845,08:45,676.004,677.0944999999999,1.0904999999999063
no04,533967_00536_11512_1,900,09:00,701.8905,698.404,-3.486499999999978
no04,533967_00536_11512_1,915,09:15,619.0224999999999,622.051,3.028500000000122
no04,533967_00536_11512_1,930,09:30,623.7835,626.9895,3.2060000000000173
no04,533967_00536_11512_1,945,09:45,653.1320000000001,650.4015,-2.7305000000000064
no04,533967_00536_11512_1,1000,10:00,545.765,555.5245,9.759500000000003
no04,533967_00536_11512_1,1015,10:15,651.61,645.3265,-6.283500000000004
no04,533967_00536_11512_1,1030,10:30,619.915,636.6695,16.754500000000007
no04,533967_00536_11512_1,1045,10:45,510.259,493.827,-16.432000000000016
no04,533967_00536_11512_1,1100,11:00,816.263,810.4865,-5.7765000000000555
no04,533967_00536_11512_1,1115,11:15,983.7755,988.4,4.624500000000012
no04,533967_00536_11512_1,1130,11:30,834.5630000000001,834.9780000000001,0.4149999999999636
no04,533967_00536_11512_1,1145,11:45,580.2819999999999,576.0445,-4.2374999999999545
no04,533967_00536_11512_1,1200,12:00,716.5310000000001,707.8729999999999,-8.65800000000013
no04,533967_00536_11512_1,1215,12:15,948.102,965.4735,17.37149999999997
no04,533967_00536_11512_1,1230,12:30,990.3115,982.0615,-8.25
no04,533967_00536_11512_1,1245,12:45,736.4995,737.742,1.24249999999995
no04,533967_00536_11512_1,1300,13:00,809.206,817.0925,7.886499999999955
no04,533967_00536_11512_1,1315,13:15,774.7845,764.111,-10.67349999999999
no04,533967_00536_11512_1,1330,13:30,610.8285,625.1545,14.326000000000022
no04,533967_00536_11512_1,1345,13:45,572.4145,562.3505,-10.063999999999965
no04,533967_00536_11512_1,1400,14:00,560.5440000000001,571.6165,11.072499999999877
no04,533967_00536_11512_1,1415,14:15,716.0375,710.5435,-5.494000000000028
no04,533967_00536_11512_1,1430,14:30,696.6725,689.391,-7.281500000000051
no04,533967_00536_11512_1,1445,14:45,719.129,720.204,1.0749999999999318
no04,533967_00536_11512_1,1500,15:00,777.184,780.5885000000001,3.4045000000000982
no04,533967_00536_11512_1,1515,15:15,792.634,793.298,0.6639999999999873
no04,533967_00536_11512_1,1530,15:30,920.2735,910.9815,-9.29200000000003
no04,533967_00536_11512_1,1545,15:45,888.1255000000001,893.7729999999999,5.647499999999809
no04,533967_00536_11512_1,1600,16:00,607.5165,610.513,2.9965000000000828
no04,533967_00536_11512_1,1615,16:15,566.7455,559.414,-7.3315000000000055
no04,533967_00536_11512_1,1630,16:30,436.917,445.666,8.749000000000024
no04,533967_00536_11512_1,1645,16:45,622.711,612.688,-10.023000000000025
no04,533967_00536_11512_1,1700,17:00,672.564,678.0,5.4360000000000355
no04,533967_00536_11512_1,1715,17:15,813.3005,818.697,5.396499999999946
no04,533967_00536_11512_1,1730,17:30,859.595,862.68,3.0849999999999227
no04,533967_00536_11512_1,1745,17:45,726.25,702.6965,-23.553499999999985
no04,533967_00536_11512_1,1800,18:00,922.7535,913.34,-9.413499999999999
no04,533967_00536_11512_1,1815,18:15,932.136,946.603,14.466999999999985
no04,533967_00536_11512_1,1830,18:30,717.5274999999999,738.6645,21.137000000000057
no04,533967_00536_11512_1,1845,18:45,839.5695,829.1854999999999,-10.384000000000015
no04,533967_00538_00539_0,630,06:30,5306.5105,5169.9975,-136.51299999999992
no04,533967_00538_00539_0,645,06:45,7511.0735,7289.6255,-221.44800000000032
no04,533967_00538_00539_0,700,07:00,6110.4735,5931.858,-178.61549999999988
no04,533967_00538_00539_0,715,07:15,5004.2515,4945.8955000000005,-58.35599999999977
no04,533967_00538_00539_0,730,07:30,6343.2795,5951.925,-391.35449999999946
no04,533967_00538_00539_0,745,07:45,6824.82,7231.635499999999,406.8154999999997
no04,533967_00538_00539_0,800,08:00,5418.6665,6181.889,763.2224999999999
no04,533967_00538_00539_0,815,08:15,6171.3,5986.5375,-184.76249999999982
no04,533967_00538_00539_0,830,08:30,7436.294,7301.791500000001,-134.5024999999987
no04,533967_00538_00539_0,845,08:45,4429.840999999999,4643.9755,214.13450000000012
no04,533967_00538_00539_0,900,09:00,4800.404,4749.925,-50.47900000000027
no04,533967_00538_00539_0,915,09:15,5276.6230000000005,5467.291,190.66799999999967
no04,533967_00538_00539_0,930,09:30,4199.935,4134.885,-65.05000000000018
no04,533967_00538_00539_0,945,09:45,3208.3875,3226.55,18.162500000000364
no04,533967_00538_00539_0,1000,10:00,4126.076,4190.003500000001,63.92750000000069
no04,533967_00538_00539_0,1015,10:15,3739.0135,3722.7335,-16.2800000000002
no04,533967_00538_00539_0,1030,10:30,3470.5305,3492.0205,21.490000000000236
no04,533967_00538_00539_0,1045,10:45,3692.954,3672.508,-20.446000000000367
no04,533967_00538_00539_0,1100,11:00,2070.79,2060.5235,-10.266500000000178
no04,533967_00538_00539_0,1115,11:15,3157.7435,3160.2845,2.5410000000001673
no04,533967_00538_00539_0,1130,11:30,3306.5395000000003,3417.125,110.58549999999968
no04,533967_00538_00539_0,1145,11:45,3696.3075,3577.4145,-118.89300000000003
no04,533967_00538_00539_0,1200,12:00,4255.347,4278.8330000000005,23.486000000000786
no04,533967_00538_00539_0,1215,12:15,2668.5265,2822.005,153.47850000000017
no04,533967_00538_00539_0,1230,12:30,2844.3190000000004,2744.03,-100.28900000000021
no04,533967_00538_00539_0,1245,12:45,4087.6435,4126.471,38.82749999999942
no04,533967_00538_00539_0,1300,13:00,3299.921,3365.522,65.60100000000011
no04,533967_00538_00539_0,1315,13:15,3187.5015,3259.837,72.33550000000014
no04,533967_00538_00539_0,1330,13:30,3727.3475,3746.1925,18.845000000000255
no04,533967_00538_00539_0,1345,13:45,2777.95,2672.4495,-105.50049999999965
no04,533967_00538_00539_0,1400,14:00,3202.726,3244.719,41.99299999999994
no04,533967_00538_00539_0,1415,14:15,2852.731,2927.735,75.0039999999999
no04,533967_00538_00539_0,1430,14:30,2487.429,2483.9095,-3.51949999999988
no04,533967_00538_00539_0,1445,14:45,2620.5575,2579.5665,-40.990999999999985
no04,533967_00538_00539_0,1500,15:00,3301.2074999999995,3213.3605,-87.84699999999975
no04,533967_00538_00539_0,1515,15:15,2761.963,2906.293,144.32999999999993
no04,533967_00538_00539_0,1530,15:30,2503.6725,2500.135,-3.537499999999909
no04,533967_00538_00539_0,1545,15:45,2040.5850000000005,2045.518,4.932999999999538
no04,533967_00538_00539_0,1600,16:00,3313.9635000000003,3357.279,43.3154999999997
no04,533967_00538_00539_0,1615,16:15,3295.699,3211.053,-84.64600000000019
no04,533967_00538_00539_0,1630,16:30,3081.0695,3168.4475,87.37800000000016
no04,533967_00538_00539_0,1645,16:45,3409.1855,3527.232,118.04649999999992
no04,533967_00538_00539_0,1700,17:00,2695.237,2672.9,-22.33699999999999
no04,533967_00538_00539_0,1715,17:15,2730.8925,2782.4625,51.570000000000164
no04,533967_00538_00539_0,1730,17:30,2858.6945,2829.6095,-29.085000000000036
no04,533967_00538_00539_0,1745,17:45,3227.282,3252.0265,24.74449999999979
no04,533967_00538_00539_0,1800,18:00,2294.803,2227.2885,-67.51449999999977
no04,533967_00538_00539_0,1815,18:15,2778.6375,2726.002,-52.635499999999865
no04,533967_00538_00539_0,1830,18:30,2672.073,2722.38,50.307000000000244
no04,533967_00538_00539_0,1845,18:45,2281.298,2380.6925,99.39450000000033
no04,533967_00538_00539_1,630,06:30,1737.7904999999998,1749.5364999999997,11.745999999999867
no04,533967_00538_00539_1,645,06:45,2490.727,2508.2845,17.557500000000346
no04,533967_00538_00539_1,700,07:00,2218.18,2237.386,19.20600000000013
no04,533967_00538_00539_1,715,07:15,3083.725,3161.4115,77.68650000000025
no04,533967_00538_00539_1,730,07:30,4242.3755,4504.2865,261.91100000000006
no04,533967_00538_00539_1,745,07:45,3024.6475,3232.6475,208.0
no04,533967_00538_00539_1,800,08:00,7084.179000000001,7014.5235,-69.65550000000076
no04,533967_00538_00539_1,815,08:15,4228.514,6174.0470000000005,1945.5330000000004
no04,533967_00538_00539_1,830,08:30,4927.7235,5908.574,980.8504999999996
no04,533967_00538_00539_1,845,08:45,8873.8115,8951.086,77.27449999999953
no04,533967_00538_00539_1,900,09:00,5555.74,6069.504,513.7640000000001
no04,533967_00538_00539_1,915,09:15,4103.7415,4041.0215,-62.720000000000255
no04,533967_00538_00539_1,930,09:30,4976.3455,5540.697999999999,564.352499999999
no04,533967_00538_00539_1,945,09:45,4885.5175,5298.761,413.2435000000005
no04,533967_00538_00539_1,1000,10:00,5462.463,5396.313499999999,-66.14950000000044
no04,533967_00538_00539_1,1015,10:15,4114.282,4189.7855,75.5034999999998
no04,533967_00538_00539_1,1030,10:30,5125.195,5114.2475,-10.947499999999309
no04,533967_00538_00539_1,1045,10:45,4147.359,4306.321,158.96199999999953
no04,533967_00538_00539_1,1100,11:00,4574.415,4617.7425,43.32750000000033
no04,533967_00538_00539_1,1115,11:15,5367.77,5943.316,575.5459999999994
no04,533967_00538_00539_1,1130,11:30,5443.9,5772.151,328.2510000000002
no04,533967_00538_00539_1,1145,11:45,4794.55,5110.877,316.3270000000002
no04,533967_00538_00539_1,1200,12:00,4700.0535,4649.72,-50.33349999999973
no04,533967_00538_00539_1,1215,12:15,5134.398,5128.202,-6.195999999999913
no04,533967_00538_00539_1,1230,12:30,3161.5,3451.6925,290.1925000000001
no04,533967_00538_00539_1,1245,12:45,3516.0075,3590.7695,74.76199999999972
no04,533967_00538_00539_1,1300,13:00,5434.4645,5592.7205,158.2560000000003
no04,533967_00538_00539_1,1315,13:15,4366.9445,4386.084,19.139500000000226
no04,533967_00538_00539_1,1330,13:30,3272.9435000000003,3467.842,194.89849999999979
no04,533967_00538_00539_1,1345,13:45,3666.3275,3707.29,40.96250000000009
no04,533967_00538_00539_1,1400,14:00,4728.6745,5020.6,291.9255000000003
no04,533967_00538_00539_1,1415,14:15,4020.8235,4286.546,265.7225000000003
no04,533967_00538_00539_1,1430,14:30,4341.0825,4886.177,545.0944999999992
no04,533967_00538_00539_1,1445,14:45,3758.8515,3964.613,205.76149999999961
no04,533967_00538_00539_1,1500,15:00,7530.788,8613.131,1082.3429999999998
no04,533967_00538_00539_1,1515,15:15,7184.848,8345.122,1160.2739999999994
no04,533967_00538_00539_1,1530,15:30,5007.0435,5136.382,129.33849999999984
no04,533967_00538_00539_1,1545,15:45,4107.6195,4668.729,561.1095000000005
no04,533967_00538_00539_1,1600,16:00,6038.1555,6610.147500000001,571.9920000000011
no04,533967_00538_00539_1,1615,16:15,6599.33,7331.861,732.531
no04,533967_00538_00539_1,1630,16:30,4658.847,5246.8765,588.0295000000006
no04,533967_00538_00539_1,1645,16:45,4482.9265,4442.3565,-40.56999999999971
no04,533967_00538_00539_1,1700,17:00,6388.385,8176.8765,1788.4915
no04,533967_00538_00539_1,1715,17:15,6539.494000000001,7692.979499999999,1153.485499999998
no04,533967_00538_00539_1,1730,17:30,11619.82,12460.9985,841.1785
no04,533967_00538_00539_1,1745,17:45,19047.5675,20423.16,1375.5924999999988
no04,533967_00538_00539_1,1800,18:00,15700.4225,19070.3105,3369.887999999999
no04,533967_00538_00539_1,1815,18:15,12016.7695,17360.239999999998,5343.470499999998
no04,533967_00538_00539_1,1830,18:30,4824.2775,7393.244000000001,2568.9665000000005
no04,533967_00538_00539_1,1845,18:45,4635.961499999999,4899.193,263.2315000000008
no04,533967_00538_11513_0,630,06:30,922.143,920.4395,-1.7035000000000764
no04,533967_00538_11513_0,645,06:45,1153.196,1160.614,7.41800000000012
no04,533967_00538_11513_0,700,07:00,997.787,1002.0025,4.21550000000002
no04,533967_00538_11513_0,715,07:15,1576.6219999999998,1597.9115,21.28950000000009
no04,533967_00538_11513_0,730,07:30,1753.7455000000002,1780.763,27.0174999999997
no04,533967_00538_11513_0,745,07:45,1353.1585,1337.9924999999998,-15.166000000000167
no04,533967_00538_11513_0,800,08:00,1181.1754999999998,1204.626,23.450500000000147
no04,533967_00538_11513_0,815,08:15,1777.1205000000002,1846.881,69.76049999999987
no04,533967_00538_11513_0,830,08:30,1764.8204999999998,1799.4245,34.60400000000027
no04,533967_00538_11513_0,845,08:45,1997.9425,2006.522,8.579499999999825
no04,533967_00538_11513_0,900,09:00,1590.044,1551.0025,-39.04150000000004
no04,533967_00538_11513_0,915,09:15,2040.0475,1915.684,-124.36349999999993
no04,533967_00538_11513_0,930,09:30,1818.385,1808.73,-9.654999999999973
no04,533967_00538_11513_0,945,09:45,1718.6375,1747.4275000000002,28.79000000000019
no04,533967_00538_11513_0,1000,10:00,2520.8335,2233.6185,-287.21500000000015
no04,533967_00538_11513_0,1015,10:15,2094.0825,2006.4115,-87.67100000000005
no04,533967_00538_11513_0,1030,10:30,1941.5585,1898.241,-43.31750000000011
no04,533967_00538_11513_0,1045,10:45,1641.5355,1660.0005,18.465000000000146
no04,533967_00538_11513_0,1100,11:00,2137.8515,2138.7265,0.875
no04,533967_00538_11513_0,1115,11:15,1920.6485,1933.375,12.726499999999987
no04,533967_00538_11513_0,1130,11:30,1864.9865,1817.6795,-47.307000000000016
no04,533967_00538_11513_0,1145,11:45,2203.6105,2286.6155,83.00500000000011
no04,533967_00538_11513_0,1200,12:00,1633.6925,1631.903,-1.7895000000000891
no04,533967_00538_11513_0,1215,12:15,1689.4915,1660.163,-29.328500000000076
no04,533967_00538_11513_0,1230,12:30,1501.355,1524.5435,23.188499999999976
no04,533967_00538_11513_0,1245,12:45,1540.7545,1471.6375,-69.11699999999996
no04,533967_00538_11513_0,1300,13:00,1878.715,1782.302,-96.41300000000001
no04,533967_00538_11513_0,1315,13:15,2030.393,1994.987,-35.40599999999995
no04,533967_00538_11513_0,1330,13:30,1284.0115,1272.0594999999998,-11.952000000000226
no04,533967_00538_11513_0,1345,13:45,2136.4045,2072.9955,-63.409000000000106
no04,533967_00538_11513_0,1400,14:00,1763.4060000000002,1713.686,-49.720000000000255
no04,533967_00538_11513_0,1415,14:15,1765.685,1763.1419999999998,-2.54300000000012
no04,533967_00538_11513_0,1430,14:30,1948.068,1878.08,-69.98800000000006
no04,533967_00538_11513_0,1445,14:45,1868.896,1848.009,-20.886999999999944
no04,533967_00538_11513_0,1500,15:00,2296.7075,2277.755,-18.952499999999873
no04,533967_00538_11513_0,1515,15:15,2435.2115,2500.411,65.19950000000017
no04,533967_00538_11513_0,1530,15:30,1948.786,1950.6095,1.8234999999999673
no04,533967_00538_11513_0,1545,15:45,2287.0605,2325.494,38.433500000000095
no04,533967_00538_11513_0,1600,16:00,2132.407,2081.3540000000003,-51.052999999999884
no04,533967_00538_11513_0,1615,16:15,2477.6165,2459.001,-18.615499999999884
no04,533967_00538_11513_0,1630,16:30,2294.6595,2347.2425,52.58299999999963
no04,533967_00538_11513_0,1645,16:45,2123.332,2078.6220000000003,-44.70999999999958
no04,533967_00538_11513_0,1700,17:00,2733.0625,2576.0655,-156.99699999999984
no04,533967_00538_11513_0,1715,17:15,2420.867,2449.699,28.83199999999988
no04,533967_00538_11513_0,1730,17:30,2615.6255,2581.775,-33.85050000000001
no04,533967_00538_11513_0,1745,17:45,2666.7575,2612.445,-54.3125
no04,533967_00538_11513_0,1800,18:00,2874.876,2823.11,-51.766000000000076
no04,533967_00538_11513_0,1815,18:15,2497.941,2494.443,-3.4979999999995925
no04,533967_00538_11513_0,1830,18:30,2090.862,2240.681,149.81899999999996
no04,533967_00538_11513_0,1845,18:45,2024.1895,2032.1595,7.970000000000027
no04,533967_00538_11513_1,630,06:30,11178.126,11132.2415,-45.884500000000116
no04,533967_00538_11513_1,645,06:45,20691.567000000003,20829.156,137.5889999999963
no04,533967_00538_11513_1,700,07:00,14237.7035,19271.7255,5034.022000000001
no04,533967_00538_11513_1,715,07:15,16125.5955,19674.417,3548.821500000002
no04,533967_00538_11513_1,730,07:30,16960.932999999997,20242.9245,3281.9915000000037
no04,533967_00538_11513_1,745,07:45,11427.9605,20200.987,8773.026500000002
no04,533967_00538_11513_1,800,08:00,6911.075999999999,10053.6945,3142.6185000000005
no04,533967_00538_11513_1,815,08:15,10107.224,9391.781,-715.4429999999993
no04,533967_00538_11513_1,830,08:30,9456.5875,10692.3575,1235.7700000000004
no04,533967_00538_11513_1,845,08:45,11816.982,12179.358,362.3760000000002
no04,533967_00538_11513_1,900,09:00,17673.799,17682.414,8.6150000000016
no04,533967_00538_11513_1,915,09:15,7972.486,9861.2085,1888.7225000000008
no04,533967_00538_11513_1,930,09:30,9175.9625,8423.682,-752.2804999999989
no04,533967_00538_11513_1,945,09:45,6669.4490000000005,6443.0765,-226.3725000000004
no04,533967_00538_11513_1,1000,10:00,6310.518,6706.3235,395.8055000000004
no04,533967_00538_11513_1,1015,10:15,3717.911,3577.9659999999994,-139.94500000000062
no04,533967_00538_11513_1,1030,10:30,3315.9855,3270.2805,-45.70499999999993
no04,533967_00538_11513_1,1045,10:45,2022.4565,2008.1015,-14.355000000000018
no04,533967_00538_11513_1,1100,11:00,1882.4585,1925.7295,43.27099999999996
no04,533967_00538_11513_1,1115,11:15,4223.7475,4458.938,235.1904999999997
no04,533967_00538_11513_1,1130,11:30,2128.66,2086.7635,-41.89649999999983
no04,533967_00538_11513_1,1145,11:45,3090.0895,3037.1795,-52.909999999999854
no04,533967_00538_11513_1,1200,12:00,1988.096,1925.1795,-62.91650000000004
no04,533967_00538_11513_1,1215,12:15,2136.376,2148.34,11.963999999999942
no04,533967_00538_11513_1,1230,12:30,3375.808,3442.2665,66.45850000000019
no04,533967_00538_11513_1,1245,12:45,3829.5325,3564.4910000000004,-265.04149999999936
no04,533967_00538_11513_1,1300,13:00,2410.3395,2504.942,94.60249999999996
no04,533967_00538_11513_1,1315,13:15,2234.3205000000003,2268.128,33.80749999999989
no04,533967_00538_11513_1,1330,13:30,4053.3065,4154.8525,101.54599999999982
no04,533967_00538_11513_1,1345,13:45,2789.279,2607.491,-181.788
no04,533967_00538_11513_1,1400,14:00,3497.0995000000003,3591.2695,94.16999999999962
no04,533967_00538_11513_1,1415,14:15,3358.896,3254.799,-104.09700000000021
no04,533967_00538_11513_1,1430,14:30,3145.3365000000003,3051.85,-93.48650000000043
no04,533967_00538_11513_1,1445,14:45,3441.503,3477.0705000000003,35.56750000000011
no04,533967_00538_11513_1,1500,15:00,2969.076,3199.8805,230.8045000000002
no04,533967_00538_11513_1,1515,15:15,3250.892,3295.0305,44.13850000000002
no04,533967_00538_11513_1,1530,15:30,3214.833,2965.1130000000003,-249.7199999999998
no04,533967_00538_11513_1,1545,15:45,3320.757,3273.1765,-47.58050000000003
no04,533967_00538_11513_1,1600,16:00,1965.1735,2019.5025,54.32899999999995
no04,533967_00538_11513_1,1615,16:15,1631.5549999999998,1535.9985,-95.55649999999991
no04,533967_00538_11513_1,1630,16:30,1092.3135,1156.953,64.6395
no04,533967_00538_11513_1,1645,16:45,1518.0485,1486.3205,-31.728000000000065
no04,533967_00538_11513_1,1700,17:00,2260.8935,2241.5215,-19.3720000000003
no04,533967_00538_11513_1,1715,17:15,4159.001,3998.384,-160.6170000000002
no04,533967_00538_11513_1,1730,17:30,3346.2735,3335.064,-11.209499999999935
no04,533967_00538_11513_1,1745,17:45,3041.9045,3183.5405,141.63599999999997
no04,533967_00538_11513_1,1800,18:00,2825.695,2733.7490000000003,-91.94599999999991
no04,533967_00538_11513_1,1815,18:15,2513.1555,2591.742,78.58650000000034
no04,533967_00538_11513_1,1830,18:30,1472.0375,1472.6225,0.5850000000000364
no04,533967_00538_11513_1,1845,18:45,2014.5485,1829.756,-184.79250000000002
no04,533967_00539_11517_0,630,06:30,0.0,0.0,0.0
no04,533967_00539_11517_0,645,06:45,0.0,0.0,0.0
no04,533967_00539_11517_0,700,07:00,0.0,0.0,0.0
no04,533967_00539_11517_0,715,07:15,0.0,0.0,0.0
no04,533967_00539_11517_0,730,07:30,0.0,0.0,0.0
no04,533967_00539_11517_0,745,07:45,0.0,0.0,0.0
no04,533967_00539_11517_0,800,08:00,0.0,0.0,0.0
no04,533967_00539_11517_0,815,08:15,188.1005,193.4495,5.3489999999999895
no04,533967_00539_11517_0,830,08:30,599.8925,599.7515000000001,-0.1409999999999627
no04,533967_00539_11517_0,845,08:45,418.193,417.74750000000006,-0.4454999999999245
no04,533967_00539_11517_0,900,09:00,1154.654,1149.1355,-5.518499999999904
no04,533967_00539_11517_0,915,09:15,156.8421052631579,156.8421052631579,0.0
no04,533967_00539_11517_0,930,09:30,185.2,187.8975,2.6975000000000193
no04,533967_00539_11517_0,945,09:45,114.99947368421051,109.5257894736842,-5.473684210526315
no04,533967_00539_11517_0,1000,10:00,60.66666666666666,59.42857142857143,-1.2380952380952266
no04,533967_00539_11517_0,1015,10:15,0.0,0.0,0.0
no04,533967_00539_11517_0,1030,10:30,0.0,0.0,0.0
no04,533967_00539_11517_0,1045,10:45,179.947,179.7975,-0.14949999999998909
no04,533967_00539_11517_0,1100,11:00,205.75,203.399,-2.350999999999999
no04,533967_00539_11517_0,1115,11:15,56.72727272727273,56.66666666666666,-0.060606060606069434
no04,533967_00539_11517_0,1130,11:30,171.75,174.4495,2.6995000000000005
no04,533967_00539_11517_0,1145,11:45,134.47263157894736,131.84,-2.632631578947354
no04,533967_00539_11517_0,1200,12:00,65.0,65.0,0.0
no04,533967_00539_11517_0,1215,12:15,87.78947368421052,87.84210526315789,0.05263157894736992
no04,533967_00539_11517_0,1230,12:30,706.75,712.394,5.6440000000000055
no04,533967_00539_11517_0,1245,12:45,469.042,462.942,-6.099999999999966
no04,533967_00539_11517_0,1300,13:00,0.0,0.0,0.0
no04,533967_00539_11517_0,1315,13:15,120.1495,120.149,-0.0005000000000023874
no04,533967_00539_11517_0,1330,13:30,61.083333333333336,61.083333333333336,0.0
no04,533967_00539_11517_0,1345,13:45,0.0,0.0,0.0
no04,533967_00539_11517_0,1400,14:00,0.0,0.0,0.0
no04,533967_00539_11517_0,1415,14:15,0.0,0.0,0.0
no04,533967_00539_11517_0,1430,14:30,438.542,430.0505,-8.491499999999974
no04,533967_00539_11517_0,1445,14:45,856.5459999999999,851.808,-4.737999999999943
no04,533967_00539_11517_0,1500,15:00,272.40700000000004,285.3525,12.945499999999981
no04,533967_00539_11517_0,1515,15:15,187.5495,184.8985,-2.650999999999982
no04,533967_00539_11517_0,1530,15:30,626.9979999999999,656.2055,29.207500000000095
no04,533967_00539_11517_0,1545,15:45,245.05368421052637,206.502,-38.55168421052636
no04,533967_00539_11517_0,1600,16:00,988.449,1049.493,61.04399999999998
no04,533967_00539_11517_0,1615,16:15,479.051,418.2445,-60.80649999999997
no04,533967_00539_11517_0,1630,16:30,1000.6565,971.853,-28.8035000000001
no04,533967_00539_11517_0,1645,16:45,480.199,514.4555,34.25650000000002
no04,533967_00539_11517_0,1700,17:00,551.453,548.4895,-2.9634999999999536
no04,533967_00539_11517_0,1715,17:15,167.65,165.45149999999998,-2.198500000000024
no04,533967_00539_11517_0,1730,17:30,0.0,0.0,0.0
no04,533967_00539_11517_0,1745,17:45,352.403,305.15250000000003,-47.25049999999999
no04,533967_00539_11517_0,1800,18:00,749.1034999999999,779.7479999999999,30.644499999999994
no04,533967_00539_11517_0,1815,18:15,824.6365,819.4045,-5.231999999999971
no04,533967_00539_11517_0,1830,18:30,749.903,752.786,2.8829999999999245
no04,533967_00539_11517_0,1845,18:45,268.3025,284.1025,15.800000000000011
no04,533967_00539_11517_1,630,06:30,0.0,0.0,0.0
no04,533967_00539_11517_1,645,06:45,0.0,0.0,0.0
no04,533967_00539_11517_1,700,07:00,0.0,0.0,0.0
no04,533967_00539_11517_1,715,07:15,0.0,0.0,0.0
no04,533967_00539_11517_1,730,07:30,391.1505,393.45,2.2994999999999663
no04,533967_00539_11517_1,745,07:45,213.699,214.7,1.0009999999999764
no04,533967_00539_11517_1,800,08:00,818.4425,814.839,-3.60349999999994
no04,533967_00539_11517_1,815,08:15,628.745,643.001,14.255999999999972
no04,533967_00539_11517_1,830,08:30,344.199,345.1995,1.0004999999999882
no04,533967_00539_11517_1,845,08:45,308.70050000000003,308.5005,-0.20000000000004547
no04,533967_00539_11517_1,900,09:00,708.297,709.0055,0.7084999999999582
no04,533967_00539_11517_1,915,09:15,1061.448,1047.8045,-13.643500000000131
no04,533967_00539_11517_1,930,09:30,207.149,196.4515,-10.697499999999991
no04,533967_00539_11517_1,945,09:45,706.052,705.792,-0.2599999999999909
no04,533967_00539_11517_1,1000,10:00,347.6995,358.8005,11.100999999999999
no04,533967_00539_11517_1,1015,10:15,622.5559999999999,614.9005,-7.655499999999961
no04,533967_00539_11517_1,1030,10:30,626.5029999999999,622.5015000000001,-4.001499999999851
no04,533967_00539_11517_1,1045,10:45,431.7525,441.0485,9.295999999999992
no04,533967_00539_11517_1,1100,11:00,243.051,256.8995,13.848500000000001
no04,533967_00539_11517_1,1115,11:15,747.2455,758.8075,11.562000000000012
no04,533967_00539_11517_1,1130,11:30,151.1015,163.16666666666666,12.06516666666667
no04,533967_00539_11517_1,1145,11:45,958.696,964.0545,5.358499999999935
no04,533967_00539_11517_1,1200,12:00,579.1495,585.8975,6.748000000000047
no04,533967_00539_11517_1,1215,12:15,450.24799999999993,438.4485,-11.79949999999991
no04,533967_00539_11517_1,1230,12:30,103.2,136.8,33.60000000000001
no04,533967_00539_11517_1,1245,12:45,0.0,0.0,0.0
no04,533967_00539_11517_1,1300,13:00,529.1995,525.8475000000001,-3.3519999999998618
no04,533967_00539_11517_1,1315,13:15,278.2,273.2,-5.0
no04,533967_00539_11517_1,1330,13:30,177.0015,184.9505,7.949000000000012
no04,533967_00539_11517_1,1345,13:45,644.3520000000001,638.7535,-5.598500000000058
no04,533967_00539_11517_1,1400,14:00,891.6049999999999,914.1855,22.580500000000143
no04,533967_00539_11517_1,1415,14:15,546.3520000000001,527.3505,-19.001500000000078
no04,533967_00539_11517_1,1430,14:30,249.8005,259.8005,10.0
no04,533967_00539_11517_1,1445,14:45,786.9995,810.8965000000001,23.897000000000048
no04,533967_00539_11517_1,1500,15:00,956.8465,944.4965,-12.350000000000023
no04,533967_00539_11517_1,1515,15:15,1012.9535,982.952,-30.001499999999965
no04,533967_00539_11517_1,1530,15:30,1095.8565,1110.349,14.492499999999836
no04,533967_00539_11517_1,1545,15:45,112.25,116.33333333333331,4.083333333333314
no04,533967_00539_11517_1,1600,16:00,585.045,630.8415,45.79650000000004
no04,533967_00539_11517_1,1615,16:15,170.0,165.12625,-4.873750000000001
no04,533967_00539_11517_1,1630,16:30,458.451,446.05,-12.40100000000001
no04,533967_00539_11517_1,1645,16:45,386.7505,406.301,19.5505
no04,533967_00539_11517_1,1700,17:00,1454.732,1445.943,-8.788999999999987
no04,533967_00539_11517_1,1715,17:15,1089.8375,1129.2445,39.406999999999925
no04,533967_00539_11517_1,1730,17:30,1092.239,1087.8435,-4.395500000000084
no04,533967_00539_11517_1,1745,17:45,1272.994,1231.9605,-41.033500000000004
no04,533967_00539_11517_1,1800,18:00,1083.2040000000002,1171.399,88.19499999999971
no04,533967_00539_11517_1,1815,18:15,1253.0455,1358.8955,105.85000000000014
no04,533967_00539_11517_1,1830,18:30,185.0,206.69076923076923,21.690769230769234
no04,533967_00539_11517_1,1845,18:45,1108.9525,1098.5025,-10.450000000000045
no04,533967_00605_01530_0,630,06:30,0.0,0.0,0.0
no04,533967_00605_01530_0,645,06:45,0.0,0.0,0.0
no04,533967_00605_01530_0,700,07:00,0.0,0.0,0.0
no04,533967_00605_01530_0,715,07:15,0.0,0.0,0.0
no04,533967_00605_01530_0,730,07:30,0.0,0.0,0.0
no04,533967_00605_01530_0,745,07:45,0.0,0.0,0.0
no04,533967_00605_01530_0,800,08:00,0.0,0.0,0.0
no04,533967_00605_01530_0,815,08:15,0.0,0.0,0.0
no04,533967_00605_01530_0,830,08:30,0.0,0.0,0.0
no04,533967_00605_01530_0,845,08:45,0.0,0.0,0.0
no04,533967_00605_01530_0,900,09:00,0.0,0.0,0.0
no04,533967_00605_01530_0,915,09:15,0.0,0.0,0.0
no04,533967_00605_01530_0,930,09:30,0.0,0.0,0.0
no04,533967_00605_01530_0,945,09:45,0.0,0.0,0.0
no04,533967_00605_01530_0,1000,10:00,0.0,0.0,0.0
no04,533967_00605_01530_0,1015,10:15,0.0,0.0,0.0
no04,533967_00605_01530_0,1030,10:30,0.0,0.0,0.0
no04,533967_00605_01530_0,1045,10:45,0.0,0.0,0.0
no04,533967_00605_01530_0,1100,11:00,0.0,0.0,0.0
no04,533967_00605_01530_0,1115,11:15,0.0,0.0,0.0
no04,533967_00605_01530_0,1130,11:30,0.0,0.0,0.0
no04,533967_00605_01530_0,1145,11:45,0.0,0.0,0.0
no04,533967_00605_01530_0,1200,12:00,0.0,0.0,0.0
no04,533967_00605_01530_0,1215,12:15,0.0,0.0,0.0
no04,533967_00605_01530_0,1230,12:30,0.0,0.0,0.0
no04,533967_00605_01530_0,1245,12:45,0.0,0.0,0.0
no04,533967_00605_01530_0,1300,13:00,0.0,0.0,0.0
no04,533967_00605_01530_0,1315,13:15,0.0,0.0,0.0
no04,533967_00605_01530_0,1330,13:30,0.0,0.0,0.0
no04,533967_00605_01530_0,1345,13:45,0.0,0.0,0.0
no04,533967_00605_01530_0,1400,14:00,0.0,0.0,0.0
no04,533967_00605_01530_0,1415,14:15,0.0,0.0,0.0
no04,533967_00605_01530_0,1430,14:30,0.0,0.0,0.0
no04,533967_00605_01530_0,1445,14:45,0.0,0.0,0.0
no04,533967_00605_01530_0,1500,15:00,0.0,0.0,0.0
no04,533967_00605_01530_0,1515,15:15,0.0,0.0,0.0
no04,533967_00605_01530_0,1530,15:30,0.0,0.0,0.0
no04,533967_00605_01530_0,1545,15:45,0.0,0.0,0.0
no04,533967_00605_01530_0,1600,16:00,0.0,0.0,0.0
no04,533967_00605_01530_0,1615,16:15,0.0,0.0,0.0
no04,533967_00605_01530_0,1630,16:30,0.0,0.0,0.0
no04,533967_00605_01530_0,1645,16:45,0.0,0.0,0.0
no04,533967_00605_01530_0,1700,17:00,0.0,0.0,0.0
no04,533967_00605_01530_0,1715,17:15,0.0,0.0,0.0
no04,533967_00605_01530_0,1730,17:30,0.0,0.0,0.0
no04,533967_00605_01530_0,1745,17:45,0.0,0.0,0.0
no04,533967_00605_01530_0,1800,18:00,0.0,0.0,0.0
no04,533967_00605_01530_0,1815,18:15,0.0,0.0,0.0
no04,533967_00605_01530_0,1830,18:30,0.0,0.0,0.0
no04,533967_00605_01530_0,1845,18:45,0.0,0.0,0.0
no04,533967_00605_01530_1,630,06:30,0.0,0.0,0.0
no04,533967_00605_01530_1,645,06:45,0.0,0.0,0.0
no04,533967_00605_01530_1,700,07:00,0.0,0.0,0.0
no04,533967_00605_01530_1,715,07:15,0.0,0.0,0.0
no04,533967_00605_01530_1,730,07:30,0.0,0.0,0.0
no04,533967_00605_01530_1,745,07:45,0.0,0.0,0.0
no04,533967_00605_01530_1,800,08:00,0.0,0.0,0.0
no04,533967_00605_01530_1,815,08:15,0.0,0.0,0.0
no04,533967_00605_01530_1,830,08:30,0.0,0.0,0.0
no04,533967_00605_01530_1,845,08:45,0.0,0.0,0.0
no04,533967_00605_01530_1,900,09:00,0.0,0.0,0.0
no04,533967_00605_01530_1,915,09:15,0.0,0.0,0.0
no04,533967_00605_01530_1,930,09:30,0.0,0.0,0.0
no04,533967_00605_01530_1,945,09:45,0.0,0.0,0.0
no04,533967_00605_01530_1,1000,10:00,0.0,0.0,0.0
no04,533967_00605_01530_1,1015,10:15,0.0,0.0,0.0
no04,533967_00605_01530_1,1030,10:30,0.0,0.0,0.0
no04,533967_00605_01530_1,1045,10:45,0.0,0.0,0.0
no04,533967_00605_01530_1,1100,11:00,0.0,0.0,0.0
no04,533967_00605_01530_1,1115,11:15,0.0,0.0,0.0
no04,533967_00605_01530_1,1130,11:30,0.0,0.0,0.0
no04,533967_00605_01530_1,1145,11:45,0.0,0.0,0.0
no04,533967_00605_01530_1,1200,12:00,0.0,0.0,0.0
no04,533967_00605_01530_1,1215,12:15,0.0,0.0,0.0
no04,533967_00605_01530_1,1230,12:30,0.0,0.0,0.0
no04,533967_00605_01530_1,1245,12:45,0.0,0.0,0.0
no04,533967_00605_01530_1,1300,13:00,0.0,0.0,0.0
no04,533967_00605_01530_1,1315,13:15,0.0,0.0,0.0
no04,533967_00605_01530_1,1330,13:30,0.0,0.0,0.0
no04,533967_00605_01530_1,1345,13:45,0.0,0.0,0.0
no04,533967_00605_01530_1,1400,14:00,0.0,0.0,0.0
no04,533967_00605_01530_1,1415,14:15,0.0,0.0,0.0
no04,533967_00605_01530_1,1430,14:30,0.0,0.0,0.0
no04,533967_00605_01530_1,1445,14:45,0.0,0.0,0.0
no04,533967_00605_01530_1,1500,15:00,0.0,0.0,0.0
no04,533967_00605_01530_1,1515,15:15,0.0,0.0,0.0
no04,533967_00605_01530_1,1530,15:30,0.0,0.0,0.0
no04,533967_00605_01530_1,1545,15:45,0.0,0.0,0.0
no04,533967_00605_01530_1,1600,16:00,0.0,0.0,0.0
no04,533967_00605_01530_1,1615,16:15,0.0,0.0,0.0
no04,533967_00605_01530_1,1630,16:30,0.0,0.0,0.0
no04,533967_00605_01530_1,1645,16:45,0.0,0.0,0.0
no04,533967_00605_01530_1,1700,17:00,0.0,0.0,0.0
no04,533967_00605_01530_1,1715,17:15,0.0,0.0,0.0
no04,533967_00605_01530_1,1730,17:30,0.0,0.0,0.0
no04,533967_00605_01530_1,1745,17:45,0.0,0.0,0.0
no04,533967_00605_01530_1,1800,18:00,0.0,0.0,0.0
no04,533967_00605_01530_1,1815,18:15,0.0,0.0,0.0
no04,533967_00605_01530_1,1830,18:30,0.0,0.0,0.0
no04,533967_00605_01530_1,1845,18:45,0.0,0.0,0.0
no04,533967_00605_72276_0,630,06:30,0.0,0.0,0.0
no04,533967_00605_72276_0,645,06:45,0.0,0.0,0.0
no04,533967_00605_72276_0,700,07:00,0.0,0.0,0.0
no04,533967_00605_72276_0,715,07:15,0.0,0.0,0.0
no04,533967_00605_72276_0,730,07:30,0.0,0.0,0.0
no04,533967_00605_72276_0,745,07:45,0.0,0.0,0.0
no04,533967_00605_72276_0,800,08:00,0.0,0.0,0.0
no04,533967_00605_72276_0,815,08:15,0.0,0.0,0.0
no04,533967_00605_72276_0,830,08:30,0.0,0.0,0.0
no04,533967_00605_72276_0,845,08:45,0.0,0.0,0.0
no04,533967_00605_72276_0,900,09:00,0.0,0.0,0.0
no04,533967_00605_72276_0,915,09:15,0.0,0.0,0.0
no04,533967_00605_72276_0,930,09:30,0.0,0.0,0.0
no04,533967_00605_72276_0,945,09:45,0.0,0.0,0.0
no04,533967_00605_72276_0,1000,10:00,0.0,0.0,0.0
no04,533967_00605_72276_0,1015,10:15,0.0,0.0,0.0
no04,533967_00605_72276_0,1030,10:30,0.0,0.0,0.0
no04,533967_00605_72276_0,1045,10:45,0.0,0.0,0.0
no04,533967_00605_72276_0,1100,11:00,0.0,0.0,0.0
no04,533967_00605_72276_0,1115,11:15,0.0,0.0,0.0
no04,533967_00605_72276_0,1130,11:30,0.0,0.0,0.0
no04,533967_00605_72276_0,1145,11:45,0.0,0.0,0.0
no04,533967_00605_72276_0,1200,12:00,0.0,0.0,0.0
no04,533967_00605_72276_0,1215,12:15,0.0,0.0,0.0
no04,533967_00605_72276_0,1230,12:30,0.0,0.0,0.0
no04,533967_00605_72276_0,1245,12:45,0.0,0.0,0.0
no04,533967_00605_72276_0,1300,13:00,0.0,0.0,0.0
no04,533967_00605_72276_0,1315,13:15,0.0,0.0,0.0
no04,533967_00605_72276_0,1330,13:30,0.0,0.0,0.0
no04,533967_00605_72276_0,1345,13:45,0.0,0.0,0.0
no04,533967_00605_72276_0,1400,14:00,0.0,0.0,0.0
no04,533967_00605_72276_0,1415,14:15,0.0,0.0,0.0
no04,533967_00605_72276_0,1430,14:30,0.0,0.0,0.0
no04,533967_00605_72276_0,1445,14:45,0.0,0.0,0.0
no04,533967_00605_72276_0,1500,15:00,0.0,0.0,0.0
no04,533967_00605_72276_0,1515,15:15,0.0,0.0,0.0
no04,533967_00605_72276_0,1530,15:30,0.0,0.0,0.0
no04,533967_00605_72276_0,1545,15:45,0.0,0.0,0.0
no04,533967_00605_72276_0,1600,16:00,0.0,0.0,0.0
no04,533967_00605_72276_0,1615,16:15,0.0,0.0,0.0
no04,533967_00605_72276_0,1630,16:30,0.0,0.0,0.0
no04,533967_00605_72276_0,1645,16:45,0.0,0.0,0.0
no04,533967_00605_72276_0,1700,17:00,0.0,0.0,0.0
no04,533967_00605_72276_0,1715,17:15,0.0,0.0,0.0
no04,533967_00605_72276_0,1730,17:30,0.0,0.0,0.0
no04,533967_00605_72276_0,1745,17:45,0.0,0.0,0.0
no04,533967_00605_72276_0,1800,18:00,0.0,0.0,0.0
no04,533967_00605_72276_0,1815,18:15,0.0,0.0,0.0
no04,533967_00605_72276_0,1830,18:30,0.0,0.0,0.0
no04,533967_00605_72276_0,1845,18:45,0.0,0.0,0.0
no04,533967_00605_72276_1,630,06:30,0.0,0.0,0.0
no04,533967_00605_72276_1,645,06:45,0.0,0.0,0.0
no04,533967_00605_72276_1,700,07:00,0.0,0.0,0.0
no04,533967_00605_72276_1,715,07:15,0.0,0.0,0.0
no04,533967_00605_72276_1,730,07:30,0.0,0.0,0.0
no04,533967_00605_72276_1,745,07:45,0.0,0.0,0.0
no04,533967_00605_72276_1,800,08:00,0.0,0.0,0.0
no04,533967_00605_72276_1,815,08:15,0.0,0.0,0.0
no04,533967_00605_72276_1,830,08:30,0.0,0.0,0.0
no04,533967_00605_72276_1,845,08:45,0.0,0.0,0.0
no04,533967_00605_72276_1,900,09:00,0.0,0.0,0.0
no04,533967_00605_72276_1,915,09:15,0.0,0.0,0.0
no04,533967_00605_72276_1,930,09:30,0.0,0.0,0.0
no04,533967_00605_72276_1,945,09:45,0.0,0.0,0.0
no04,533967_00605_72276_1,1000,10:00,0.0,0.0,0.0
no04,533967_00605_72276_1,1015,10:15,0.0,0.0,0.0
no04,533967_00605_72276_1,1030,10:30,0.0,0.0,0.0
no04,533967_00605_72276_1,1045,10:45,0.0,0.0,0.0
no04,533967_00605_72276_1,1100,11:00,0.0,0.0,0.0
no04,533967_00605_72276_1,1115,11:15,0.0,0.0,0.0
no04,533967_00605_72276_1,1130,11:30,0.0,0.0,0.0
no04,533967_00605_72276_1,1145,11:45,0.0,0.0,0.0
no04,533967_00605_72276_1,1200,12:00,0.0,0.0,0.0
no04,533967_00605_72276_1,1215,12:15,0.0,0.0,0.0
no04,533967_00605_72276_1,1230,12:30,0.0,0.0,0.0
no04,533967_00605_72276_1,1245,12:45,0.0,0.0,0.0
no04,533967_00605_72276_1,1300,13:00,0.0,0.0,0.0
no04,533967_00605_72276_1,1315,13:15,0.0,0.0,0.0
no04,533967_00605_72276_1,1330,13:30,0.0,0.0,0.0
no04,533967_00605_72276_1,1345,13:45,0.0,0.0,0.0
no04,533967_00605_72276_1,1400,14:00,0.0,0.0,0.0
no04,533967_00605_72276_1,1415,14:15,0.0,0.0,0.0
no04,533967_00605_72276_1,1430,14:30,0.0,0.0,0.0
no04,533967_00605_72276_1,1445,14:45,0.0,0.0,0.0
no04,533967_00605_72276_1,1500,15:00,0.0,0.0,0.0
no04,533967_00605_72276_1,1515,15:15,0.0,0.0,0.0
no04,533967_00605_72276_1,1530,15:30,0.0,0.0,0.0
no04,533967_00605_72276_1,1545,15:45,0.0,0.0,0.0
no04,533967_00605_72276_1,1600,16:00,0.0,0.0,0.0
no04,533967_00605_72276_1,1615,16:15,0.0,0.0,0.0
no04,533967_00605_72276_1,1630,16:30,0.0,0.0,0.0
no04,533967_00605_72276_1,1645,16:45,0.0,0.0,0.0
no04,533967_00605_72276_1,1700,17:00,0.0,0.0,0.0
no04,533967_00605_72276_1,1715,17:15,0.0,0.0,0.0
no04,533967_00605_72276_1,1730,17:30,0.0,0.0,0.0
no04,533967_00605_72276_1,1745,17:45,0.0,0.0,0.0
no04,533967_00605_72276_1,1800,18:00,0.0,0.0,0.0
no04,533967_00605_72276_1,1815,18:15,0.0,0.0,0.0
no04,533967_00605_72276_1,1830,18:30,0.0,0.0,0.0
no04,533967_00605_72276_1,1845,18:45,0.0,0.0,0.0
no04,533967_00608_00609_0,630,06:30,301.90250000000003,302.63,0.7274999999999636
no04,533967_00608_00609_0,645,06:45,295.6545,295.21,-0.444500000000005
no04,533967_00608_00609_0,700,07:00,302.389,302.017,-0.3720000000000141
no04,533967_00608_00609_0,715,07:15,390.6795,389.728,-0.95150000000001
no04,533967_00608_00609_0,730,07:30,269.8505,269.8505,0.0
no04,533967_00608_00609_0,745,07:45,318.166,319.035,0.8690000000000282
no04,533967_00608_00609_0,800,08:00,330.93,330.791,-0.13900000000001
no04,533967_00608_00609_0,815,08:15,282.2275,282.605,0.3774999999999977
no04,533967_00608_00609_0,830,08:30,308.0435,307.911,-0.13249999999999318
no04,533967_00608_00609_0,845,08:45,313.102,312.854,-0.24799999999999045
no04,533967_00608_00609_0,900,09:00,297.0355,296.6035,-0.43200000000001637
no04,533967_00608_00609_0,915,09:15,179.1055,177.232,-1.873500000000007
no04,533967_00608_00609_0,930,09:30,267.943,265.988,-1.954999999999984
no04,533967_00608_00609_0,945,09:45,273.8515,273.8145,-0.03699999999997772
no04,533967_00608_00609_0,1000,10:00,233.715,234.2735,0.5585000000000093
no04,533967_00608_00609_0,1015,10:15,244.7725,243.6535,-1.1189999999999998
no04,533967_00608_00609_0,1030,10:30,224.136,222.7205,-1.4155000000000086
no04,533967_00608_00609_0,1045,10:45,237.545,237.65,0.10500000000001819
no04,533967_00608_00609_0,1100,11:00,281.5435,280.742,-0.8014999999999759
no04,533967_00608_00609_0,1115,11:15,315.4915,315.21950000000004,-0.2719999999999345
no04,533967_00608_00609_0,1130,11:30,194.5015,194.7965,0.2950000000000159
no04,533967_00608_00609_0,1145,11:45,247.416,246.6235,-0.7924999999999898
no04,533967_00608_00609_0,1200,12:00,383.766,375.821,-7.944999999999993
no04,533967_00608_00609_0,1215,12:15,259.07,258.312,-0.7579999999999814
no04,533967_00608_00609_0,1230,12:30,305.7855,306.2975,0.5120000000000005
no04,533967_00608_00609_0,1245,12:45,305.1195,301.891,-3.228499999999997
no04,533967_00608_00609_0,1300,13:00,287.8045,286.7335,-1.0710000000000264
no04,533967_00608_00609_0,1315,13:15,267.827,269.665,1.8380000000000223
no04,533967_00608_00609_0,1330,13:30,213.242,212.301,-0.9410000000000025
no04,533967_00608_00609_0,1345,13:45,180.0115,180.75,0.7384999999999877
no04,533967_00608_00609_0,1400,14:00,244.2325,244.1965,-0.036000000000001364
no04,533967_00608_00609_0,1415,14:15,174.5125,175.28900000000002,0.7765000000000271
no04,533967_00608_00609_0,1430,14:30,166.6935,165.1405,-1.5529999999999973
no04,533967_00608_00609_0,1445,14:45,179.31400000000002,179.10899999999998,-0.20500000000004093
no04,533967_00608_00609_0,1500,15:00,271.95500000000004,269.7765,-2.1785000000000423
no04,533967_00608_00609_0,1515,15:15,276.78450000000004,277.0335,0.2489999999999668
no04,533967_00608_00609_0,1530,15:30,254.1165,253.6125,-0.5039999999999907
no04,533967_00608_00609_0,1545,15:45,251.743,251.931,0.1880000000000166
no04,533967_00608_00609_0,1600,16:00,282.09700000000004,281.2365,-0.8605000000000587
no04,533967_00608_00609_0,1615,16:15,319.071,317.3125,-1.7585000000000264
no04,533967_00608_00609_0,1630,16:30,215.74650000000003,215.382,-0.3645000000000209
no04,533967_00608_00609_0,1645,16:45,310.043,311.256,1.2129999999999654
no04,533967_00608_00609_0,1700,17:00,359.2495,360.2895,1.0399999999999636
no04,533967_00608_00609_0,1715,17:15,299.115,297.59700000000004,-1.5179999999999723
no04,533967_00608_00609_0,1730,17:30,334.837,334.658,-0.17899999999997362
no04,533967_00608_00609_0,1745,17:45,334.023,334.5865,0.5634999999999764
no04,533967_00608_00609_0,1800,18:00,300.274,299.884,-0.38999999999998636
no04,533967_00608_00609_0,1815,18:15,320.977,321.252,0.2750000000000341
no04,533967_00608_00609_0,1830,18:30,301.115,300.0675,-1.0475000000000136
no04,533967_00608_00609_0,1845,18:45,287.9785,287.273,-0.7054999999999723
no04,533967_00608_00609_1,630,06:30,342.5,342.2855,-0.2144999999999868
no04,533967_00608_00609_1,645,06:45,373.0,373.25,0.25
no04,533967_00608_00609_1,700,07:00,295.621,295.5,-0.1209999999999809
no04,533967_00608_00609_1,715,07:15,430.75,432.948,2.197999999999979
no04,533967_00608_00609_1,730,07:30,685.2,685.588,0.38799999999991996
no04,533967_00608_00609_1,745,07:45,505.354,504.75,-0.603999999999985
no04,533967_00608_00609_1,800,08:00,696.5,695.3165,-1.183499999999981
no04,533967_00608_00609_1,815,08:15,684.212,671.295,-12.91700000000003
no04,533967_00608_00609_1,830,08:30,786.738,795.2755,8.537499999999909
no04,533967_00608_00609_1,845,08:45,694.741,700.087,5.346000000000004
no04,533967_00608_00609_1,900,09:00,539.106,543.326,4.220000000000027
no04,533967_00608_00609_1,915,09:15,489.4195,488.804,-0.6155000000000541
no04,533967_00608_00609_1,930,09:30,602.7284999999999,614.607,11.878500000000031
no04,533967_00608_00609_1,945,09:45,502.75,498.2895,-4.460500000000025
no04,533967_00608_00609_1,1000,10:00,529.5,523.017,-6.482999999999947
no04,533967_00608_00609_1,1015,10:15,447.25,447.718,0.46800000000001774
no04,533967_00608_00609_1,1030,10:30,413.234,406.779,-6.454999999999984
no04,533967_00608_00609_1,1045,10:45,476.9605,483.648,6.6875
no04,533967_00608_00609_1,1100,11:00,411.4505,419.1575,7.7070000000000505
no04,533967_00608_00609_1,1115,11:15,580.75,573.2895000000001,-7.460499999999911
no04,533967_00608_00609_1,1130,11:30,296.75,300.5605,3.8104999999999905
no04,533967_00608_00609_1,1145,11:45,421.8505,416.447,-5.403500000000008
no04,533967_00608_00609_1,1200,12:00,444.856,458.8205,13.964499999999987
no04,533967_00608_00609_1,1215,12:15,551.0485,556.1155,5.067000000000007
no04,533967_00608_00609_1,1230,12:30,377.0365,379.3655,2.3290000000000077
no04,533967_00608_00609_1,1245,12:45,340.5,331.40500000000003,-9.09499999999997
no04,533967_00608_00609_1,1300,13:00,436.8915,441.68549999999993,4.793999999999926
no04,533967_00608_00609_1,1315,13:15,332.9145,334.471,1.5565000000000282
no04,533967_00608_00609_1,1330,13:30,405.0365,401.049,-3.9875000000000114
no04,533967_00608_00609_1,1345,13:45,318.497,312.5125,-5.9845000000000255
no04,533967_00608_00609_1,1400,14:00,381.719,395.153,13.434000000000026
no04,533967_00608_00609_1,1415,14:15,346.25,339.3705,-6.879500000000007
no04,533967_00608_00609_1,1430,14:30,457.2815,461.1355,3.853999999999985
no04,533967_00608_00609_1,1445,14:45,339.617,344.3,4.682999999999993
no04,533967_00608_00609_1,1500,15:00,315.25,311.999,-3.2509999999999764
no04,533967_00608_00609_1,1515,15:15,360.25,367.178,6.927999999999997
no04,533967_00608_00609_1,1530,15:30,392.25,379.003,-13.247000000000014
no04,533967_00608_00609_1,1545,15:45,409.791,419.74,9.949000000000012
no04,533967_00608_00609_1,1600,16:00,620.946,610.4365,-10.509500000000003
no04,533967_00608_00609_1,1615,16:15,566.321,573.8935,7.572499999999991
no04,533967_00608_00609_1,1630,16:30,652.263,664.1025,11.83949999999993
no04,533967_00608_00609_1,1645,16:45,569.796,561.0600000000001,-8.73599999999999
no04,533967_00608_00609_1,1700,17:00,370.921,372.338,1.41700000000003
no04,533967_00608_00609_1,1715,17:15,539.8665,548.27,8.403500000000008
no04,533967_00608_00609_1,1730,17:30,531.5505,530.3349999999999,-1.2155000000001337
no04,533967_00608_00609_1,1745,17:45,459.5,448.91,-10.589999999999975
no04,533967_00608_00609_1,1800,18:00,596.0475,598.051,2.003500000000031
no04,533967_00608_00609_1,1815,18:15,528.5045,535.2764999999999,6.7719999999999345
no04,533967_00608_00609_1,1830,18:30,496.4165,494.664,-1.7524999999999977
no04,533967_00608_00609_1,1845,18:45,409.8915,413.258,3.3664999999999736
no04,533967_00609_11505_0,630,06:30,55.6515,55.651,-0.000499999999995282
no04,533967_00609_11505_0,645,06:45,31.0,31.166666666666668,0.16666666666666785
no04,533967_00609_11505_0,700,07:00,31.25,31.285714285714285,0.0357142857142847
no04,533967_00609_11505_0,715,07:15,579.649,554.1690000000001,-25.479999999999905
no04,533967_00609_11505_0,730,07:30,95.21,118.653,23.443000000000012
no04,533967_00609_11505_0,745,07:45,1119.2695,1119.2155,-0.05400000000008731
no04,533967_00609_11505_0,800,08:00,1112.409,1079.5335,-32.8755000000001
no04,533967_00609_11505_0,815,08:15,195.6965,222.55300000000005,26.856500000000068
no04,533967_00609_11505_0,830,08:30,732.159,733.662,1.5030000000000427
no04,533967_00609_11505_0,845,08:45,534.894,514.67,-20.224000000000046
no04,533967_00609_11505_0,900,09:00,344.6555,360.0105,15.354999999999961
no04,533967_00609_11505_0,915,09:15,40.0,40.0,0.0
no04,533967_00609_11505_0,930,09:30,0.0,0.0,0.0
no04,533967_00609_11505_0,945,09:45,889.3895,889.3895,0.0
no04,533967_00609_11505_0,1000,10:00,165.65,170.0475,4.397500000000008
no04,533967_00609_11505_0,1015,10:15,39.333333333333336,36.46153846153846,-2.871794871794876
no04,533967_00609_11505_0,1030,10:30,122.9505,122.9505,0.0
no04,533967_00609_11505_0,1045,10:45,31.666666666666668,31.666666666666668,0.0
no04,533967_00609_11505_0,1100,11:00,87.053,82.303,-4.75
no04,533967_00609_11505_0,1115,11:15,39.5,31.875,-7.625
no04,533967_00609_11505_0,1130,11:30,0.0,0.0,0.0
no04,533967_00609_11505_0,1145,11:45,123.1005,123.0505,-0.04999999999999716
no04,533967_00609_11505_0,1200,12:00,125.799,142.55,16.751000000000005
no04,533967_00609_11505_0,1215,12:15,157.947,140.551,-17.396000000000015
no04,533967_00609_11505_0,1230,12:30,32.0,32.0,0.0
no04,533967_00609_11505_0,1245,12:45,94.103,94.1525,0.04950000000000898
no04,533967_00609_11505_0,1300,13:00,33.68421052631579,33.68421052631579,0.0
no04,533967_00609_11505_0,1315,13:15,61.42928571428571,59.375625,-2.053660714285712
no04,533967_00609_11505_0,1330,13:30,34.5,35.333333333333336,0.8333333333333357
no04,533967_00609_11505_0,1345,13:45,107.3,96.9015,-10.398499999999999
no04,533967_00609_11505_0,1400,14:00,127.6995,127.5,-0.19950000000000045
no04,533967_00609_11505_0,1415,14:15,32.0,32.0,0.0
no04,533967_00609_11505_0,1430,14:30,242.7125,245.7625,3.049999999999983
no04,533967_00609_11505_0,1445,14:45,48.60133333333333,46.23076923076923,-2.3705641025640958
no04,533967_00609_11505_0,1500,15:00,130.5495,107.1,-23.4495
no04,533967_00609_11505_0,1515,15:15,79.57894736842105,64.33333333333333,-15.245614035087726
no04,533967_00609_11505_0,1530,15:30,50.4,32.0,-18.4
no04,533967_00609_11505_0,1545,15:45,73.16833333333334,121.00142857142858,47.83309523809524
no04,533967_00609_11505_0,1600,16:00,63.95,65.4005,1.450499999999991
no04,533967_00609_11505_0,1615,16:15,0.0,0.0,0.0
no04,533967_00609_11505_0,1630,16:30,0.0,0.0,0.0
no04,533967_00609_11505_0,1645,16:45,94.301,94.2515,-0.04950000000000898
no04,533967_00609_11505_0,1700,17:00,341.161,341.26,0.09899999999998954
no04,533967_00609_11505_0,1715,17:15,37.333333333333336,37.333333333333336,0.0
no04,533967_00609_11505_0,1730,17:30,76.649,87.8005,11.151499999999999
no04,533967_00609_11505_0,1745,17:45,37.8,31.5,-6.299999999999997
no04,533967_00609_11505_0,1800,18:00,185.447,185.399,-0.04800000000000182
no04,533967_00609_11505_0,1815,18:15,57.375,55.5625,-1.8125
no04,533967_00609_11505_0,1830,18:30,47.66666666666666,54.63727272727272,6.970606060606066
no04,533967_00609_11505_0,1845,18:45,305.204,305.102,-0.10200000000003229
no04,533967_00609_11505_1,630,06:30,203.712,216.5065,12.7945
no04,533967_00609_11505_1,645,06:45,51.6875,40.4,-11.287500000000001
no04,533967_00609_11505_1,700,07:00,32.0,32.0,0.0
no04,533967_00609_11505_1,715,07:15,0.0,0.0,0.0
no04,533967_00609_11505_1,730,07:30,0.0,0.0,0.0
no04,533967_00609_11505_1,745,07:45,133.7465,217.5085,83.762
no04,533967_00609_11505_1,800,08:00,328.7625,359.15700000000004,30.39450000000005
no04,533967_00609_11505_1,815,08:15,222.41,230.9975,8.587500000000006
no04,533967_00609_11505_1,830,08:30,549.3109999999999,550.867,1.55600000000004
no04,533967_00609_11505_1,845,08:45,96.38944444444444,104.249,7.859555555555559
no04,533967_00609_11505_1,900,09:00,31.25,31.428571428571427,0.17857142857142705
no04,533967_00609_11505_1,915,09:15,614.492,609.358,-5.1340000000000146
no04,533967_00609_11505_1,930,09:30,157.801,140.7555,-17.045499999999976
no04,533967_00609_11505_1,945,09:45,0.0,0.0,0.0
no04,533967_00609_11505_1,1000,10:00,524.703,520.2035,-4.499500000000012
no04,533967_00609_11505_1,1015,10:15,90.05421052631579,78.36894736842105,-11.685263157894738
no04,533967_00609_11505_1,1030,10:30,948.687,916.04,-32.64700000000005
no04,533967_00609_11505_1,1045,10:45,779.9395000000001,763.8465,-16.093000000000075
no04,533967_00609_11505_1,1100,11:00,768.308,779.1485,10.84050000000002
no04,533967_00609_11505_1,1115,11:15,50.0,54.07769230769231,4.07769230769231
no04,533967_00609_11505_1,1130,11:30,682.9035,714.3399999999999,31.43649999999991
no04,533967_00609_11505_1,1145,11:45,756.1695,727.0604999999999,-29.109000000000037
no04,533967_00609_11505_1,1200,12:00,950.91,1027.8355,76.92549999999994
no04,533967_00609_11505_1,1215,12:15,186.198,200.4525,14.254499999999979
no04,533967_00609_11505_1,1230,12:30,303.2085,311.2665,8.057999999999993
no04,533967_00609_11505_1,1245,12:45,223.911,222.045,-1.8660000000000139
no04,533967_00609_11505_1,1300,13:00,587.0229999999999,567.3195,-19.703499999999963
no04,533967_00609_11505_1,1315,13:15,492.1635,501.946,9.782500000000027
no04,533967_00609_11505_1,1330,13:30,119.503,124.7525,5.249499999999998
no04,533967_00609_11505_1,1345,13:45,760.1795,720.414,-39.765499999999975
no04,533967_00609_11505_1,1400,14:00,133.903,159.848,25.94500000000002
no04,533967_00609_11505_1,1415,14:15,42.16666666666666,53.05315789473684,10.886491228070184
no04,533967_00609_11505_1,1430,14:30,426.1485,380.1075,-46.041
no04,533967_00609_11505_1,1445,14:45,144.39749999999998,161.45350000000002,17.05600000000004
no04,533967_00609_11505_1,1500,15:00,459.142,443.451,-15.690999999999974
no04,533967_00609_11505_1,1515,15:15,65.05764705882353,72.11222222222221,7.054575163398681
no04,533967_00609_11505_1,1530,15:30,31.77777777777778,31.77777777777778,0.0
no04,533967_00609_11505_1,1545,15:45,205.69,220.904,15.213999999999999
no04,533967_00609_11505_1,1600,16:00,681.9975000000001,680.989,-1.0085000000000264
no04,533967_00609_11505_1,1615,16:15,1014.2625,1009.1035,-5.158999999999992
no04,533967_00609_11505_1,1630,16:30,1203.562,1242.4525,38.8905000000002
no04,533967_00609_11505_1,1645,16:45,1315.421,1245.456,-69.96500000000015
no04,533967_00609_11505_1,1700,17:00,822.7270000000001,823.0709999999999,0.34399999999982356
no04,533967_00609_11505_1,1715,17:15,393.108,407.8955,14.787500000000023
no04,533967_00609_11505_1,1730,17:30,483.491,475.1575,-8.333499999999958
no04,533967_00609_11505_1,1745,17:45,563.858,553.498,-10.3599999999999
no04,533967_00609_11505_1,1800,18:00,317.145,280.69,-36.454999999999984
no04,533967_00609_11505_1,1815,18:15,570.352,615.348,44.99599999999998
no04,533967_00609_11505_1,1830,18:30,829.5935,827.575,-2.0184999999999036
no04,533967_00609_11505_1,1845,18:45,973.183,982.041,8.858000000000061
no04,533967_00693_01661_0,630,06:30,2450.5485,2453.444,2.8955000000000837
no04,533967_00693_01661_0,645,06:45,2553.278,2540.3495,-12.928499999999985
no04,533967_00693_01661_0,700,07:00,2793.1375,2805.815,12.677500000000236
no04,533967_00693_01661_0,715,07:15,2956.8195,2962.7405,5.920999999999822
no04,533967_00693_01661_0,730,07:30,2938.811,2932.366,-6.445000000000164
no04,533967_00693_01661_0,745,07:45,3926.980000000001,3949.149,22.16899999999896
no04,533967_00693_01661_0,800,08:00,3362.1215,3372.7955,10.673999999999978
no04,533967_00693_01661_0,815,08:15,3319.5385,3314.3725,-5.166000000000167
no04,533967_00693_01661_0,830,08:30,3403.019,3371.767,-31.251999999999953
no04,533967_00693_01661_0,845,08:45,3753.5655,3728.8775,-24.688000000000102
no04,533967_00693_01661_0,900,09:00,2106.414,2132.2135,25.799499999999625
no04,533967_00693_01661_0,915,09:15,2294.091,2283.932,-10.159000000000106
no04,533967_00693_01661_0,930,09:30,1949.6625,1962.947,13.28449999999998
no04,533967_00693_01661_0,945,09:45,2748.5795000000003,2754.917,6.337499999999636
no04,533967_00693_01661_0,1000,10:00,2447.4365000000003,2440.6135000000004,-6.822999999999865
no04,533967_00693_01661_0,1015,10:15,2955.0150000000003,2953.9495,-1.0655000000001564
no04,533967_00693_01661_0,1030,10:30,2196.228,2187.684,-8.543999999999869
no04,533967_00693_01661_0,1045,10:45,1431.2435,1432.7135,1.4700000000000273
no04,533967_00693_01661_0,1100,11:00,2271.098,2320.0085,48.910499999999956
no04,533967_00693_01661_0,1115,11:15,2047.235,2050.0665,2.8315000000000055
no04,533967_00693_01661_0,1130,11:30,3151.7665,3148.7015,-3.0650000000000546
no04,533967_00693_01661_0,1145,11:45,2248.652,2265.329,16.677000000000135
no04,533967_00693_01661_0,1200,12:00,2563.0365,2540.2135,-22.82300000000032
no04,533967_00693_01661_0,1215,12:15,1755.0939999999998,1766.271,11.177000000000135
no04,533967_00693_01661_0,1230,12:30,2414.905,2410.673,-4.232000000000426
no04,533967_00693_01661_0,1245,12:45,2511.9635,2550.391,38.42750000000024
no04,533967_00693_01661_0,1300,13:00,2319.4165000000003,2332.303,12.886499999999614
no04,533967_00693_01661_0,1315,13:15,1898.6365,1884.408,-14.228500000000167
no04,533967_00693_01661_0,1330,13:30,1480.1950000000002,1464.9145,-15.280500000000075
no04,533967_00693_01661_0,1345,13:45,1845.687,1875.3065,29.619500000000016
no04,533967_00693_01661_0,1400,14:00,1755.427,1780.985,25.557999999999993
no04,533967_00693_01661_0,1415,14:15,2033.0745,2032.0345,-1.0399999999999636
no04,533967_00693_01661_0,1430,14:30,2604.6575000000003,2603.821,-0.836500000000342
no04,533967_00693_01661_0,1445,14:45,2717.358,2729.1315,11.773499999999785
no04,533967_00693_01661_0,1500,15:00,1590.8645,1575.7205,-15.144000000000005
no04,533967_00693_01661_0,1515,15:15,3083.3075,3077.6525,-5.654999999999745
no04,533967_00693_01661_0,1530,15:30,1798.9544999999998,1773.453,-25.50149999999985
no04,533967_00693_01661_0,1545,15:45,2930.9075000000003,2928.226,-2.681500000000142
no04,533967_00693_01661_0,1600,16:00,2226.303,2255.314,29.010999999999967
no04,533967_00693_01661_0,1615,16:15,2497.306,2505.6275,8.321500000000015
no04,533967_00693_01661_0,1630,16:30,1953.338,1903.228,-50.1099999999999
no04,533967_00693_01661_0,1645,16:45,2694.164,2678.2635,-15.900500000000193
no04,533967_00693_01661_0,1700,17:00,3166.998,3196.568,29.570000000000164
no04,533967_00693_01661_0,1715,17:15,2937.762,2887.4675,-50.29449999999997
no04,533967_00693_01661_0,1730,17:30,2221.7545,2245.3025,23.547999999999774
no04,533967_00693_01661_0,1745,17:45,2526.935,2538.397,11.461999999999989
no04,533967_00693_01661_0,1800,18:00,2357.71,2381.7985,24.08849999999984
no04,533967_00693_01661_0,1815,18:15,2618.6055,2632.8745,14.268999999999778
no04,533967_00693_01661_0,1830,18:30,2498.146,2494.8135,-3.332499999999982
no04,533967_00693_01661_0,1845,18:45,2695.242,2704.5435,9.301500000000033
no04,533967_00695_11518_0,630,06:30,1128.328,1128.328,0.0
no04,533967_00695_11518_0,645,06:45,1303.34,1303.34,0.0
no04,533967_00695_11518_0,700,07:00,961.2465,961.2465,0.0
no04,533967_00695_11518_0,715,07:15,1592.461,1592.461,0.0
no04,533967_00695_11518_0,730,07:30,1443.2914999999998,1443.2914999999998,0.0
no04,533967_00695_11518_0,745,07:45,2044.5205,2002.1165,-42.403999999999996
no04,533967_00695_11518_0,800,08:00,4380.3415,6949.7285,2569.3869999999997
no04,533967_00695_11518_0,815,08:15,1781.9985,1781.9985,0.0
no04,533967_00695_11518_0,830,08:30,2592.4415,2132.998,-459.44349999999986
no04,533967_00695_11518_0,845,08:45,2797.5205,2373.352,-424.1685000000002
no04,533967_00695_11518_0,900,09:00,1493.2455,1493.2455,0.0
no04,533967_00695_11518_0,915,09:15,1943.927,2096.563,152.6360000000002
no04,533967_00695_11518_0,930,09:30,3067.9035,2855.198,-212.70550000000003
no04,533967_00695_11518_0,945,09:45,1721.7485,1721.7485,0.0
no04,533967_00695_11518_0,1000,10:00,1813.469,1813.469,0.0
no04,533967_00695_11518_0,1015,10:15,1475.5195,1475.5195,0.0
no04,533967_00695_11518_0,1030,10:30,1528.4935,1528.4935,0.0
no04,533967_00695_11518_0,1045,10:45,1763.2330000000002,1763.2330000000002,0.0
no04,533967_00695_11518_0,1100,11:00,1500.7995,1500.7995,0.0
no04,533967_00695_11518_0,1115,11:15,1120.7875,1120.7875,0.0
no04,533967_00695_11518_0,1130,11:30,1423.558,1423.558,0.0
no04,533967_00695_11518_0,1145,11:45,1893.67,1893.67,0.0
no04,533967_00695_11518_0,1200,12:00,1114.8,1114.8,0.0
no04,533967_00695_11518_0,1215,12:15,1320.817,1320.817,0.0
no04,533967_00695_11518_0,1230,12:30,1434.132,1434.132,0.0
no04,533967_00695_11518_0,1245,12:45,1434.4495000000002,1434.4495000000002,0.0
no04,533967_00695_11518_0,1300,13:00,1889.5885,1889.5885,0.0
no04,533967_00695_11518_0,1315,13:15,1288.402,1288.402,0.0
no04,533967_00695_11518_0,1330,13:30,1203.234,1203.234,0.0
no04,533967_00695_11518_0,1345,13:45,1404.068,1404.068,0.0
no04,533967_00695_11518_0,1400,14:00,1277.9275,1277.9275,0.0
no04,533967_00695_11518_0,1415,14:15,1551.1280000000002,1551.1280000000002,0.0
no04,533967_00695_11518_0,1430,14:30,1583.0095,1583.0095,0.0
no04,533967_00695_11518_0,1445,14:45,1444.245,1444.245,0.0
no04,533967_00695_11518_0,1500,15:00,1461.7835,1461.7835,0.0
no04,533967_00695_11518_0,1515,15:15,2128.561,2128.561,0.0
no04,533967_00695_11518_0,1530,15:30,1510.5695,1510.5695,0.0
no04,533967_00695_11518_0,1545,15:45,1355.2335,1355.2335,0.0
no04,533967_00695_11518_0,1600,16:00,1146.0445,1146.0445,0.0
no04,533967_00695_11518_0,1615,16:15,1841.6515,1841.6515,0.0
no04,533967_00695_11518_0,1630,16:30,981.6445,981.6445,0.0
no04,533967_00695_11518_0,1645,16:45,1679.996,1679.996,0.0
no04,533967_00695_11518_0,1700,17:00,1448.0225,1448.0225,0.0
no04,533967_00695_11518_0,1715,17:15,1858.772,1858.772,0.0
no04,533967_00695_11518_0,1730,17:30,1583.9985,1583.9985,0.0
no04,533967_00695_11518_0,1745,17:45,1895.84,1905.4105,9.570500000000038
no04,533967_00695_11518_0,1800,18:00,1637.893,1645.9114999999997,8.018499999999676
no04,533967_00695_11518_0,1815,18:15,2015.15,2015.327,0.17699999999990723
no04,533967_00695_11518_0,1830,18:30,1892.2195,1892.2195,0.0
no04,533967_00695_11518_0,1845,18:45,1526.256,1526.256,0.0
no04,533967_00695_11518_1,630,06:30,2478.1665000000003,2437.3665,-40.80000000000018
no04,533967_00695_11518_1,645,06:45,3836.926,3727.3625,-109.56349999999975
no04,533967_00695_11518_1,700,07:00,3897.165,3829.7645,-67.40049999999974
no04,533967_00695_11518_1,715,07:15,3186.6490000000003,3145.982,-40.66700000000037
no04,533967_00695_11518_1,730,07:30,2571.057,2686.7645,115.70750000000044
no04,533967_00695_11518_1,745,07:45,918.335,1034.394,116.05899999999997
no04,533967_00695_11518_1,800,08:00,2444.6185,2440.26,-4.358499999999822
no04,533967_00695_11518_1,815,08:15,2302.501,2344.1755000000003,41.67450000000008
no04,533967_00695_11518_1,830,08:30,2166.586,2080.9705000000004,-85.61549999999943
no04,533967_00695_11518_1,845,08:45,2107.772,2116.1725,8.400500000000193
no04,533967_00695_11518_1,900,09:00,1943.771,2020.439,76.66800000000012
no04,533967_00695_11518_1,915,09:15,1290.6535,1283.281,-7.372499999999945
no04,533967_00695_11518_1,930,09:30,1869.424,1830.5235,-38.900499999999965
no04,533967_00695_11518_1,945,09:45,2163.167,2178.1325,14.965500000000247
no04,533967_00695_11518_1,1000,10:00,1867.208,1910.027,42.81899999999996
no04,533967_00695_11518_1,1015,10:15,1522.5635,1481.5395,-41.02399999999989
no04,533967_00695_11518_1,1030,10:30,2129.787,2137.7145,7.9275000000002365
no04,533967_00695_11518_1,1045,10:45,2647.0285,2639.1670000000004,-7.861499999999523
no04,533967_00695_11518_1,1100,11:00,2384.1215,2367.364,-16.757500000000164
no04,533967_00695_11518_1,1115,11:15,2424.4625,2412.1895,-12.273000000000138
no04,533967_00695_11518_1,1130,11:30,2357.2465,2425.457,68.21049999999968
no04,533967_00695_11518_1,1145,11:45,2602.478,2544.8715,-57.60649999999987
no04,533967_00695_11518_1,1200,12:00,2139.0075,2125.7215,-13.286000000000058
no04,533967_00695_11518_1,1215,12:15,1650.475,1723.2555,72.78050000000007
no04,533967_00695_11518_1,1230,12:30,2093.4165000000003,2037.0205,-56.396000000000186
no04,533967_00695_11518_1,1245,12:45,2463.732,2530.0235,66.29149999999981
no04,533967_00695_11518_1,1300,13:00,2230.5240000000003,2158.12,-72.40400000000045
no04,533967_00695_11518_1,1315,13:15,1613.6370000000002,1632.5880000000002,18.951000000000022
no04,533967_00695_11518_1,1330,13:30,2543.371,2542.0005,-1.3704999999999927
no04,533967_00695_11518_1,1345,13:45,2497.5425,2473.697,-23.8454999999999
no04,533967_00695_11518_1,1400,14:00,2278.402,2288.737,10.335000000000036
no04,533967_00695_11518_1,1415,14:15,2409.2055,2455.509,46.303499999999985
no04,533967_00695_11518_1,1430,14:30,2248.616,2216.899,-31.7170000000001
no04,533967_00695_11518_1,1445,14:45,1695.982,1706.4364999999998,10.454499999999825
no04,533967_00695_11518_1,1500,15:00,2089.348,1995.915,-93.43299999999999
no04,533967_00695_11518_1,1515,15:15,2436.406,2558.1995,121.79350000000022
no04,533967_00695_11518_1,1530,15:30,1718.5224999999998,1667.0065,-51.51599999999985
no04,533967_00695_11518_1,1545,15:45,1955.689,1954.0555,-1.63350000000014
no04,533967_00695_11518_1,1600,16:00,1649.2175,1638.895,-10.322499999999991
no04,533967_00695_11518_1,1615,16:15,2338.956,2325.634,-13.322000000000116
no04,533967_00695_11518_1,1630,16:30,1806.731,1884.1995,77.46849999999995
no04,533967_00695_11518_1,1645,16:45,2218.8995,2252.821,33.921499999999924
no04,533967_00695_11518_1,1700,17:00,1869.5525,1814.1615,-55.391000000000076
no04,533967_00695_11518_1,1715,17:15,2341.8465,2382.375,40.528499999999894
no04,533967_00695_11518_1,1730,17:30,2026.0865,1956.201,-69.88549999999987
no04,533967_00695_11518_1,1745,17:45,2484.152,2500.4105,16.258499999999913
no04,533967_00695_11518_1,1800,18:00,1099.935,1102.1699999999998,2.2349999999999
no04,533967_00695_11518_1,1815,18:15,1018.6915,971.6015,-47.09000000000003
no04,533967_00695_11518_1,1830,18:30,998.194,1010.563,12.369000000000028
no04,533967_00695_11518_1,1845,18:45,1133.426,1200.917,67.49099999999999
no04,533967_00766_11513_0,630,06:30,4847.3255,5085.3935,238.0680000000002
no04,533967_00766_11513_0,645,06:45,14640.204999999998,18130.610500000003,3490.4055000000044
no04,533967_00766_11513_0,700,07:00,3757.465,6210.6255,2453.1605
no04,533967_00766_11513_0,715,07:15,4550.468,9912.7695,5362.3015000000005
no04,533967_00766_11513_0,730,07:30,4472.944,12977.635,8504.690999999999
no04,533967_00766_11513_0,745,07:45,3686.382,9285.076,5598.6939999999995
no04,533967_00766_11513_0,800,08:00,3125.897,3319.538,193.64100000000008
no04,533967_00766_11513_0,815,08:15,3253.8305,3236.038,-17.792500000000018
no04,533967_00766_11513_0,830,08:30,3449.8205000000003,3424.004,-25.81650000000036
no04,533967_00766_11513_0,845,08:45,3697.4855,3706.312,8.826500000000124
no04,533967_00766_11513_0,900,09:00,6520.403,7255.974,735.5709999999999
no04,533967_00766_11513_0,915,09:15,2811.839,3102.1455,290.30650000000014
no04,533967_00766_11513_0,930,09:30,3490.8370000000004,3168.3385,-322.4985000000006
no04,533967_00766_11513_0,945,09:45,2667.8885,2691.8005000000003,23.912000000000262
no04,533967_00766_11513_0,1000,10:00,2222.4790000000003,2233.5165,11.037499999999909
no04,533967_00766_11513_0,1015,10:15,2258.619,2247.77,-10.84900000000016
no04,533967_00766_11513_0,1030,10:30,1573.383,1595.15,21.767000000000053
no04,533967_00766_11513_0,1045,10:45,1160.74,1123.256,-37.483999999999924
no04,533967_00766_11513_0,1100,11:00,1069.3345,1079.5435,10.20900000000006
no04,533967_00766_11513_0,1115,11:15,2431.9545,2496.546,64.5915
no04,533967_00766_11513_0,1130,11:30,1276.164,1233.657,-42.50700000000006
no04,533967_00766_11513_0,1145,11:45,1882.7995,1855.113,-27.686500000000024
no04,533967_00766_11513_0,1200,12:00,1102.8115,1079.5335,-23.27800000000002
no04,533967_00766_11513_0,1215,12:15,1642.286,1648.5279999999998,6.241999999999734
no04,533967_00766_11513_0,1230,12:30,1773.395,1801.1240000000005,27.729000000000497
no04,533967_00766_11513_0,1245,12:45,2453.776,2425.287,-28.489000000000033
no04,533967_00766_11513_0,1300,13:00,1384.718,1390.8285,6.110500000000002
no04,533967_00766_11513_0,1315,13:15,1569.4455,1549.229,-20.216499999999996
no04,533967_00766_11513_0,1330,13:30,2219.4625,2238.169,18.706499999999778
no04,533967_00766_11513_0,1345,13:45,1606.315,1584.6375,-21.67750000000001
no04,533967_00766_11513_0,1400,14:00,1834.289,1866.1465,31.857500000000073
no04,533967_00766_11513_0,1415,14:15,2175.409,2147.7995,-27.609500000000025
no04,533967_00766_11513_0,1430,14:30,1825.2475,1819.2155,-6.031999999999925
no04,533967_00766_11513_0,1445,14:45,2051.799,2057.2785,5.479499999999916
no04,533967_00766_11513_0,1500,15:00,1662.8740000000005,1709.762,46.887999999999465
no04,533967_00766_11513_0,1515,15:15,1794.143,1785.0655,-9.0775000000001
no04,533967_00766_11513_0,1530,15:30,1822.492,1746.19,-76.30199999999991
no04,533967_00766_11513_0,1545,15:45,2120.3900000000003,2116.992,-3.3980000000001382
no04,533967_00766_11513_0,1600,16:00,1076.838,1128.3085,51.47050000000013
no04,533967_00766_11513_0,1615,16:15,988.675,950.504,-38.170999999999935
no04,533967_00766_11513_0,1630,16:30,674.1945,733.5685,59.374000000000024
no04,533967_00766_11513_0,1645,16:45,1056.3975,1041.2345,-15.163000000000011
no04,533967_00766_11513_0,1700,17:00,1400.1125,1401.7765,1.6639999999999873
no04,533967_00766_11513_0,1715,17:15,2626.2225,2649.864,23.64150000000018
no04,533967_00766_11513_0,1730,17:30,1824.259,1809.1115,-15.147500000000036
no04,533967_00766_11513_0,1745,17:45,1726.694,1752.1305,25.436500000000024
no04,533967_00766_11513_0,1800,18:00,1502.25,1447.967,-54.2829999999999
no04,533967_00766_11513_0,1815,18:15,1381.152,1445.2695,64.11750000000006
no04,533967_00766_11513_0,1830,18:30,898.4975000000001,921.35,22.852499999999964
no04,533967_00766_11513_0,1845,18:45,1255.3755,1189.4235,-65.952
no04,533967_00766_11513_1,630,06:30,2002.2425,2006.8435,4.600999999999885
no04,533967_00766_11513_1,645,06:45,2707.557,2704.6925,-2.86449999999968
no04,533967_00766_11513_1,700,07:00,2328.6465,2331.9405,3.294000000000324
no04,533967_00766_11513_1,715,07:15,4404.8145,4558.9105,154.09599999999955
no04,533967_00766_11513_1,730,07:30,4859.8405,5073.549,213.70849999999973
no04,533967_00766_11513_1,745,07:45,3412.4105000000004,3272.99,-139.42050000000063
no04,533967_00766_11513_1,800,08:00,3361.8910000000005,3439.8115,77.92049999999927
no04,533967_00766_11513_1,815,08:15,4854.0945,5182.901,328.8064999999997
no04,533967_00766_11513_1,830,08:30,5395.798,5874.9485,479.15050000000065
no04,533967_00766_11513_1,845,08:45,5382.357,5518.8,136.4430000000002
no04,533967_00766_11513_1,900,09:00,3820.7605,3917.7335,96.97299999999996
no04,533967_00766_11513_1,915,09:15,5658.1255,5433.7015,-224.42399999999998
no04,533967_00766_11513_1,930,09:30,4427.9665,4384.387000000001,-43.579499999999825
no04,533967_00766_11513_1,945,09:45,4539.686,4581.2575,41.571500000000015
no04,533967_00766_11513_1,1000,10:00,7076.0065,7288.616,212.60949999999957
no04,533967_00766_11513_1,1015,10:15,5299.885,5277.5485,-22.336500000000342
no04,533967_00766_11513_1,1030,10:30,6050.412,6222.1410000000005,171.72900000000027
no04,533967_00766_11513_1,1045,10:45,4376.8315,4538.031,161.19949999999972
no04,533967_00766_11513_1,1100,11:00,6348.308999999999,6622.7155,274.40650000000096
no04,533967_00766_11513_1,1115,11:15,5553.568,5586.6975,33.12950000000001
no04,533967_00766_11513_1,1130,11:30,5133.2275,5110.917,-22.310499999999593
no04,533967_00766_11513_1,1145,11:45,5940.2335,6070.782499999999,130.54899999999907
no04,533967_00766_11513_1,1200,12:00,5351.4345,5505.091,153.65650000000005
no04,533967_00766_11513_1,1215,12:15,4234.476000000001,4197.034,-37.44200000000092
no04,533967_00766_11513_1,1230,12:30,3573.88,3696.6575,122.77749999999969
no04,533967_00766_11513_1,1245,12:45,3538.7255,3568.088,29.362500000000182
no04,533967_00766_11513_1,1300,13:00,4761.380999999999,4706.3975,-54.98349999999937
no04,533967_00766_11513_1,1315,13:15,5782.683,5790.839,8.155999999999949
no04,533967_00766_11513_1,1330,13:30,2540.7705,2502.597,-38.173499999999876
no04,533967_00766_11513_1,1345,13:45,4458.1230000000005,4561.42,103.29699999999957
no04,533967_00766_11513_1,1400,14:00,5014.635,5035.1525,20.517499999999927
no04,533967_00766_11513_1,1415,14:15,4376.892,4458.7195,81.82750000000033
no04,533967_00766_11513_1,1430,14:30,5704.4595,5962.361,257.90149999999994
no04,533967_00766_11513_1,1445,14:45,4320.3135,4373.96,53.64649999999983
no04,533967_00766_11513_1,1500,15:00,5659.1795,5665.306,6.126499999999396
no04,533967_00766_11513_1,1515,15:15,10641.461,11885.3955,1243.9345000000012
no04,533967_00766_11513_1,1530,15:30,5664.7715,6306.6195,641.848
no04,533967_00766_11513_1,1545,15:45,7673.0005,8270.45,597.4495000000006
no04,533967_00766_11513_1,1600,16:00,5573.4215,5605.5045,32.08299999999963
no04,533967_00766_11513_1,1615,16:15,8766.064999999999,9100.553,334.4880000000012
no04,533967_00766_11513_1,1630,16:30,8392.130000000001,9259.8515,867.7214999999997
no04,533967_00766_11513_1,1645,16:45,5429.9225,5610.9685,181.04600000000028
no04,533967_00766_11513_1,1700,17:00,8685.903,8384.0015,-301.90149999999994
no04,533967_00766_11513_1,1715,17:15,14026.456,15881.7225,1855.2664999999997
no04,533967_00766_11513_1,1730,17:30,7250.356,7311.625,61.26900000000023
no04,533967_00766_11513_1,1745,17:45,7799.181,8288.158,488.97699999999986
no04,533967_00766_11513_1,1800,18:00,9690.9,9593.553,-97.34699999999975
no04,533967_00766_11513_1,1815,18:15,9883.692,10443.554,559.862000000001
no04,533967_00766_11513_1,1830,18:30,6481.199,8075.943499999999,1594.7444999999998
no04,533967_00766_11513_1,1845,18:45,4796.939,4844.0585,47.11949999999979
no04,533967_00766_14156_0,630,06:30,483.141,499.553,16.411999999999978
no04,533967_00766_14156_0,645,06:45,1025.5635,980.424,-45.1395
no04,533967_00766_14156_0,700,07:00,1065.0865,1070.773,5.686500000000024
no04,533967_00766_14156_0,715,07:15,2000.055,1912.2865,-87.76850000000013
no04,533967_00766_14156_0,730,07:30,2771.157,2864.9895,93.83249999999998
no04,533967_00766_14156_0,745,07:45,1824.805,1745.4345,-79.37049999999999
no04,533967_00766_14156_0,800,08:00,2203.6155,2200.163,-3.4524999999998727
no04,533967_00766_14156_0,815,08:15,2406.3465,2527.77,121.42349999999988
no04,533967_00766_14156_0,830,08:30,2872.0005,2867.728,-4.272500000000036
no04,533967_00766_14156_0,845,08:45,2453.8565,2398.16,-55.696500000000015
no04,533967_00766_14156_0,900,09:00,2310.8475,2342.9335,32.08600000000024
no04,533967_00766_14156_0,915,09:15,1396.2735,1310.7975,-85.47600000000011
no04,533967_00766_14156_0,930,09:30,1689.7595,1718.7175,28.958000000000084
no04,533967_00766_14156_0,945,09:45,2508.809,2511.022,2.212999999999738
no04,533967_00766_14156_0,1000,10:00,2338.3885,2348.5675,10.179000000000087
no04,533967_00766_14156_0,1015,10:15,1701.747,1733.11,31.36299999999983
no04,533967_00766_14156_0,1030,10:30,1894.446,1824.5525,-69.8934999999999
no04,533967_00766_14156_0,1045,10:45,2226.566,2379.817,153.2510000000002
no04,533967_00766_14156_0,1100,11:00,2645.245,2721.807,76.5619999999999
no04,533967_00766_14156_0,1115,11:15,1757.939,1602.9015,-155.03750000000014
no04,533967_00766_14156_0,1130,11:30,1307.3205,1336.8625,29.541999999999916
no04,533967_00766_14156_0,1145,11:45,2761.946,2782.9275,20.98149999999987
no04,533967_00766_14156_0,1200,12:00,2211.632,2015.1945,-196.4375
no04,533967_00766_14156_0,1215,12:15,1907.44,1764.3385000000003,-143.10149999999976
no04,533967_00766_14156_0,1230,12:30,1726.0385,1712.8325,-13.206000000000131
no04,533967_00766_14156_0,1245,12:45,1015.6995,1017.0475,1.34800000000007
no04,533967_00766_14156_0,1300,13:00,1618.0975,1587.576,-30.52150000000006
no04,533967_00766_14156_0,1315,13:15,1751.043,1792.9435,41.90050000000019
no04,533967_00766_14156_0,1330,13:30,973.4555,943.709,-29.746500000000083
no04,533967_00766_14156_0,1345,13:45,2252.875,2146.9865,-105.88850000000002
no04,533967_00766_14156_0,1400,14:00,2069.5150000000003,2053.3265,-16.188500000000204
no04,533967_00766_14156_0,1415,14:15,1690.6715,1559.6835,-130.98799999999983
no04,533967_00766_14156_0,1430,14:30,1993.217,2087.055,93.83799999999974
no04,533967_00766_14156_0,1445,14:45,1551.017,1590.6345,39.617499999999836
no04,533967_00766_14156_0,1500,15:00,2054.242,1861.8155,-192.42650000000026
no04,533967_00766_14156_0,1515,15:15,2316.285,2161.097,-155.18799999999965
no04,533967_00766_14156_0,1530,15:30,1900.196,1973.113,72.91700000000014
no04,533967_00766_14156_0,1545,15:45,1606.5285,1660.5565,54.02800000000002
no04,533967_00766_14156_0,1600,16:00,2338.219,2078.2155,-260.00350000000026
no04,533967_00766_14156_0,1615,16:15,2746.443,2808.4725,62.02949999999964
no04,533967_00766_14156_0,1630,16:30,1870.355,1991.07,120.71499999999992
no04,533967_00766_14156_0,1645,16:45,1724.938,1701.5849999999998,-23.353000000000293
no04,533967_00766_14156_0,1700,17:00,2306.766,2143.7915000000003,-162.9744999999998
no04,533967_00766_14156_0,1715,17:15,2640.442,2634.6695,-5.772500000000036
no04,533967_00766_14156_0,1730,17:30,2031.556,1964.7575,-66.7985000000001
no04,533967_00766_14156_0,1745,17:45,2155.565,2140.331,-15.233999999999924
no04,533967_00766_14156_0,1800,18:00,2345.1175,2306.1705,-38.94699999999966
no04,533967_00766_14156_0,1815,18:15,1725.8565,1714.015,-11.841499999999996
no04,533967_00766_14156_0,1830,18:30,1643.0605,1657.8465,14.786000000000058
no04,533967_00766_14156_0,1845,18:45,1506.8945,1512.0269999999998,5.132499999999709
no04,533967_00766_14156_1,630,06:30,1043.3375,1054.194,10.856499999999869
no04,533967_00766_14156_1,645,06:45,1195.5365,1194.2535,-1.2829999999999018
no04,533967_00766_14156_1,700,07:00,1424.7785,1420.965,-3.8134999999999764
no04,533967_00766_14156_1,715,07:15,2203.6275,2204.671,1.0434999999997672
no04,533967_00766_14156_1,730,07:30,1962.63,1978.959,16.32899999999995
no04,533967_00766_14156_1,745,07:45,2638.415,2628.6895,-9.725500000000011
no04,533967_00766_14156_1,800,08:00,3077.9795,2968.219,-109.76049999999987
no04,533967_00766_14156_1,815,08:15,2472.084,2453.673,-18.411000000000058
no04,533967_00766_14156_1,830,08:30,2393.1575000000003,2453.664,60.50649999999996
no04,533967_00766_14156_1,845,08:45,2507.1975,2548.317,41.11949999999979
no04,533967_00766_14156_1,900,09:00,1829.1105,1891.146,62.035499999999956
no04,533967_00766_14156_1,915,09:15,2301.946,2336.884,34.9380000000001
no04,533967_00766_14156_1,930,09:30,2707.6155,2480.7515,-226.86400000000003
no04,533967_00766_14156_1,945,09:45,1336.343,1340.019,3.675999999999931
no04,533967_00766_14156_1,1000,10:00,1370.9645,1452.3945,81.43000000000006
no04,533967_00766_14156_1,1015,10:15,1567.4095,1585.8,18.390499999999975
no04,533967_00766_14156_1,1030,10:30,1575.181,1583.9845,8.803499999999985
no04,533967_00766_14156_1,1045,10:45,1282.7620000000002,1259.0975,-23.66450000000009
no04,533967_00766_14156_1,1100,11:00,1037.781,1061.362,23.58100000000013
no04,533967_00766_14156_1,1115,11:15,968.64,1037.5549999999998,68.91499999999985
no04,533967_00766_14156_1,1130,11:30,1866.535,1883.602,17.067000000000007
no04,533967_00766_14156_1,1145,11:45,1009.6925,933.0465,-76.64599999999996
no04,533967_00766_14156_1,1200,12:00,1471.2125,1545.962,74.7494999999999
no04,533967_00766_14156_1,1215,12:15,1396.6125,1379.6985,-16.913999999999987
no04,533967_00766_14156_1,1230,12:30,942.4245,1051.5845,109.15999999999997
no04,533967_00766_14156_1,1245,12:45,2092.7375,2082.482,-10.255500000000211
no04,533967_00766_14156_1,1300,13:00,1813.843,1851.4305,37.587499999999864
no04,533967_00766_14156_1,1315,13:15,1648.842,1469.349,-179.49300000000017
no04,533967_00766_14156_1,1330,13:30,1051.3765,1044.452,-6.92450000000008
no04,533967_00766_14156_1,1345,13:45,1217.481,1088.315,-129.16599999999994
no04,533967_00766_14156_1,1400,14:00,1247.6925,1365.2475,117.55499999999984
no04,533967_00766_14156_1,1415,14:15,1012.968,996.4655,-16.50249999999994
no04,533967_00766_14156_1,1430,14:30,1797.513,1808.8495,11.336500000000115
no04,533967_00766_14156_1,1445,14:45,2528.0375,2586.603,58.565500000000156
no04,533967_00766_14156_1,1500,15:00,1731.6255,1641.214,-90.41150000000016
no04,533967_00766_14156_1,1515,15:15,974.006,1037.597,63.59100000000001
no04,533967_00766_14156_1,1530,15:30,1260.342,1250.4565,-9.885500000000093
no04,533967_00766_14156_1,1545,15:45,1485.3719999999998,1478.0005,-7.371499999999742
no04,533967_00766_14156_1,1600,16:00,3322.4255,2176.7855,-1145.6399999999999
no04,533967_00766_14156_1,1615,16:15,1332.6575,1180.5105,-152.14699999999993
no04,533967_00766_14156_1,1630,16:30,1021.5545,1229.716,208.16149999999993
no04,533967_00766_14156_1,1645,16:45,1689.5205,1714.39,24.869500000000016
no04,533967_00766_14156_1,1700,17:00,1883.0115,1797.571,-85.44050000000016
no04,533967_00766_14156_1,1715,17:15,1794.803,1836.523,41.7199999999998
no04,533967_00766_14156_1,1730,17:30,1742.4545000000005,1741.9185000000002,-0.5360000000002856
no04,533967_00766_14156_1,1745,17:45,736.7435,750.8480000000001,14.10450000000003
no04,533967_00766_14156_1,1800,18:00,952.101,1034.299,82.19799999999998
no04,533967_00766_14156_1,1815,18:15,1800.105,1732.1225,-67.98250000000007
no04,533967_00766_14156_1,1830,18:30,971.141,663.65,-307.491
no04,533967_00766_14156_1,1845,18:45,950.9525,1001.497,50.54449999999997
no04,533967_00818_01603_0,630,06:30,0.0,0.0,0.0
no04,533967_00818_01603_0,645,06:45,0.0,0.0,0.0
no04,533967_00818_01603_0,700,07:00,0.0,0.0,0.0
no04,533967_00818_01603_0,715,07:15,0.0,0.0,0.0
no04,533967_00818_01603_0,730,07:30,0.0,0.0,0.0
no04,533967_00818_01603_0,745,07:45,0.0,0.0,0.0
no04,533967_00818_01603_0,800,08:00,0.0,0.0,0.0
no04,533967_00818_01603_0,815,08:15,0.0,0.0,0.0
no04,533967_00818_01603_0,830,08:30,0.0,0.0,0.0
no04,533967_00818_01603_0,845,08:45,0.0,0.0,0.0
no04,533967_00818_01603_0,900,09:00,0.0,0.0,0.0
no04,533967_00818_01603_0,915,09:15,0.0,0.0,0.0
no04,533967_00818_01603_0,930,09:30,0.0,0.0,0.0
no04,533967_00818_01603_0,945,09:45,0.0,0.0,0.0
no04,533967_00818_01603_0,1000,10:00,0.0,0.0,0.0
no04,533967_00818_01603_0,1015,10:15,0.0,0.0,0.0
no04,533967_00818_01603_0,1030,10:30,0.0,0.0,0.0
no04,533967_00818_01603_0,1045,10:45,0.0,0.0,0.0
no04,533967_00818_01603_0,1100,11:00,0.0,0.0,0.0
no04,533967_00818_01603_0,1115,11:15,0.0,0.0,0.0
no04,533967_00818_01603_0,1130,11:30,0.0,0.0,0.0
no04,533967_00818_01603_0,1145,11:45,0.0,0.0,0.0
no04,533967_00818_01603_0,1200,12:00,0.0,0.0,0.0
no04,533967_00818_01603_0,1215,12:15,0.0,0.0,0.0
no04,533967_00818_01603_0,1230,12:30,0.0,0.0,0.0
no04,533967_00818_01603_0,1245,12:45,0.0,0.0,0.0
no04,533967_00818_01603_0,1300,13:00,0.0,0.0,0.0
no04,533967_00818_01603_0,1315,13:15,0.0,0.0,0.0
no04,533967_00818_01603_0,1330,13:30,0.0,0.0,0.0
no04,533967_00818_01603_0,1345,13:45,0.0,0.0,0.0
no04,533967_00818_01603_0,1400,14:00,0.0,0.0,0.0
no04,533967_00818_01603_0,1415,14:15,0.0,0.0,0.0
no04,533967_00818_01603_0,1430,14:30,0.0,0.0,0.0
no04,533967_00818_01603_0,1445,14:45,0.0,0.0,0.0
no04,533967_00818_01603_0,1500,15:00,0.0,0.0,0.0
no04,533967_00818_01603_0,1515,15:15,0.0,0.0,0.0
no04,533967_00818_01603_0,1530,15:30,0.0,0.0,0.0
no04,533967_00818_01603_0,1545,15:45,0.0,0.0,0.0
no04,533967_00818_01603_0,1600,16:00,0.0,0.0,0.0
no04,533967_00818_01603_0,1615,16:15,0.0,0.0,0.0
no04,533967_00818_01603_0,1630,16:30,0.0,0.0,0.0
no04,533967_00818_01603_0,1645,16:45,0.0,0.0,0.0
no04,533967_00818_01603_0,1700,17:00,0.0,0.0,0.0
no04,533967_00818_01603_0,1715,17:15,0.0,0.0,0.0
no04,533967_00818_01603_0,1730,17:30,0.0,0.0,0.0
no04,533967_00818_01603_0,1745,17:45,0.0,0.0,0.0
no04,533967_00818_01603_0,1800,18:00,0.0,0.0,0.0
no04,533967_00818_01603_0,1815,18:15,0.0,0.0,0.0
no04,533967_00818_01603_0,1830,18:30,0.0,0.0,0.0
no04,533967_00818_01603_0,1845,18:45,0.0,0.0,0.0
no04,533967_00818_01603_1,630,06:30,0.0,0.0,0.0
no04,533967_00818_01603_1,645,06:45,0.0,0.0,0.0
no04,533967_00818_01603_1,700,07:00,0.0,0.0,0.0
no04,533967_00818_01603_1,715,07:15,0.0,0.0,0.0
no04,533967_00818_01603_1,730,07:30,0.0,0.0,0.0
no04,533967_00818_01603_1,745,07:45,0.0,0.0,0.0
no04,533967_00818_01603_1,800,08:00,0.0,0.0,0.0
no04,533967_00818_01603_1,815,08:15,0.0,0.0,0.0
no04,533967_00818_01603_1,830,08:30,0.0,0.0,0.0
no04,533967_00818_01603_1,845,08:45,0.0,0.0,0.0
no04,533967_00818_01603_1,900,09:00,0.0,0.0,0.0
no04,533967_00818_01603_1,915,09:15,0.0,0.0,0.0
no04,533967_00818_01603_1,930,09:30,0.0,0.0,0.0
no04,533967_00818_01603_1,945,09:45,0.0,0.0,0.0
no04,533967_00818_01603_1,1000,10:00,0.0,0.0,0.0
no04,533967_00818_01603_1,1015,10:15,0.0,0.0,0.0
no04,533967_00818_01603_1,1030,10:30,0.0,0.0,0.0
no04,533967_00818_01603_1,1045,10:45,0.0,0.0,0.0
no04,533967_00818_01603_1,1100,11:00,0.0,0.0,0.0
no04,533967_00818_01603_1,1115,11:15,0.0,0.0,0.0
no04,533967_00818_01603_1,1130,11:30,0.0,0.0,0.0
no04,533967_00818_01603_1,1145,11:45,0.0,0.0,0.0
no04,533967_00818_01603_1,1200,12:00,0.0,0.0,0.0
no04,533967_00818_01603_1,1215,12:15,0.0,0.0,0.0
no04,533967_00818_01603_1,1230,12:30,0.0,0.0,0.0
no04,533967_00818_01603_1,1245,12:45,0.0,0.0,0.0
no04,533967_00818_01603_1,1300,13:00,0.0,0.0,0.0
no04,533967_00818_01603_1,1315,13:15,0.0,0.0,0.0
no04,533967_00818_01603_1,1330,13:30,0.0,0.0,0.0
no04,533967_00818_01603_1,1345,13:45,0.0,0.0,0.0
no04,533967_00818_01603_1,1400,14:00,0.0,0.0,0.0
no04,533967_00818_01603_1,1415,14:15,0.0,0.0,0.0
no04,533967_00818_01603_1,1430,14:30,0.0,0.0,0.0
no04,533967_00818_01603_1,1445,14:45,0.0,0.0,0.0
no04,533967_00818_01603_1,1500,15:00,0.0,0.0,0.0
no04,533967_00818_01603_1,1515,15:15,0.0,0.0,0.0
no04,533967_00818_01603_1,1530,15:30,0.0,0.0,0.0
no04,533967_00818_01603_1,1545,15:45,0.0,0.0,0.0
no04,533967_00818_01603_1,1600,16:00,0.0,0.0,0.0
no04,533967_00818_01603_1,1615,16:15,0.0,0.0,0.0
no04,533967_00818_01603_1,1630,16:30,0.0,0.0,0.0
no04,533967_00818_01603_1,1645,16:45,0.0,0.0,0.0
no04,533967_00818_01603_1,1700,17:00,0.0,0.0,0.0
no04,533967_00818_01603_1,1715,17:15,0.0,0.0,0.0
no04,533967_00818_01603_1,1730,17:30,0.0,0.0,0.0
no04,533967_00818_01603_1,1745,17:45,0.0,0.0,0.0
no04,533967_00818_01603_1,1800,18:00,0.0,0.0,0.0
no04,533967_00818_01603_1,1815,18:15,0.0,0.0,0.0
no04,533967_00818_01603_1,1830,18:30,0.0,0.0,0.0
no04,533967_00818_01603_1,1845,18:45,0.0,0.0,0.0
no04,533967_00933_00943_0,630,06:30,440.81450000000007,441.554,0.7394999999999072
no04,533967_00933_00943_0,645,06:45,391.773,391.7355,-0.03750000000002274
no04,533967_00933_00943_0,700,07:00,454.8205,455.659,0.8385000000000105
no04,533967_00933_00943_0,715,07:15,449.7205,449.9425,0.22199999999998
no04,533967_00933_00943_0,730,07:30,372.2925,372.8705,0.5779999999999745
no04,533967_00933_00943_0,745,07:45,443.3435,443.7724999999999,0.4289999999999168
no04,533967_00933_00943_0,800,08:00,392.156,392.4365,0.28050000000001774
no04,533967_00933_00943_0,815,08:15,308.738,308.6455,-0.09249999999997272
no04,533967_00933_00943_0,830,08:30,523.9375,523.4105,-0.5270000000000437
no04,533967_00933_00943_0,845,08:45,356.7465,357.0965,0.3499999999999659
no04,533967_00933_00943_0,900,09:00,444.1085,443.9765,-0.132000000000005
no04,533967_00933_00943_0,915,09:15,367.288,366.801,-0.4870000000000232
no04,533967_00933_00943_0,930,09:30,438.741,439.398,0.6570000000000391
no04,533967_00933_00943_0,945,09:45,351.139,351.42400000000004,0.285000000000025
no04,533967_00933_00943_0,1000,10:00,493.7535,494.4445,0.6910000000000309
no04,533967_00933_00943_0,1015,10:15,301.32550000000003,300.896,-0.42950000000001864
no04,533967_00933_00943_0,1030,10:30,296.0285,296.5185,0.4900000000000091
no04,533967_00933_00943_0,1045,10:45,278.0845,278.38800000000003,0.3035000000000423
no04,533967_00933_00943_0,1100,11:00,356.8225,357.672,0.8495000000000346
no04,533967_00933_00943_0,1115,11:15,362.414,362.999,0.5850000000000364
no04,533967_00933_00943_0,1130,11:30,293.05499999999995,293.094,0.03900000000004411
no04,533967_00933_00943_0,1145,11:45,254.061,253.751,-0.3100000000000023
no04,533967_00933_00943_0,1200,12:00,374.617,373.434,-1.1829999999999927
no04,533967_00933_00943_0,1215,12:15,353.958,354.7685,0.8104999999999905
no04,533967_00933_00943_0,1230,12:30,293.6735,293.1255,-0.5480000000000018
no04,533967_00933_00943_0,1245,12:45,374.807,374.659,-0.14800000000002456
no04,533967_00933_00943_0,1300,13:00,210.987,211.60700000000003,0.620000000000033
no04,533967_00933_00943_0,1315,13:15,316.304,316.9485,0.6445000000000505
no04,533967_00933_00943_0,1330,13:30,318.287,317.9585,-0.3284999999999627
no04,533967_00933_00943_0,1345,13:45,225.955,225.4465,-0.5085000000000264
no04,533967_00933_00943_0,1400,14:00,437.6325,437.9345,0.3020000000000209
no04,533967_00933_00943_0,1415,14:15,232.19,232.9095,0.7195000000000107
no04,533967_00933_00943_0,1430,14:30,380.354,378.6485,-1.7054999999999723
no04,533967_00933_00943_0,1445,14:45,331.653,331.126,-0.5270000000000437
no04,533967_00933_00943_0,1500,15:00,296.14050000000003,297.0565,0.9159999999999968
no04,533967_00933_00943_0,1515,15:15,206.959,207.194,0.23499999999998522
no04,533967_00933_00943_0,1530,15:30,348.4425,348.5665,0.12400000000002365
no04,533967_00933_00943_0,1545,15:45,252.552,252.5,-0.0519999999999925
no04,533967_00933_00943_0,1600,16:00,336.1185,334.291,-1.8274999999999864
no04,533967_00933_00943_0,1615,16:15,374.65,375.4415,0.7915000000000418
no04,533967_00933_00943_0,1630,16:30,338.7815,339.2125,0.4309999999999832
no04,533967_00933_00943_0,1645,16:45,399.007,398.573,-0.4340000000000259
no04,533967_00933_00943_0,1700,17:00,246.024,246.67,0.6459999999999866
no04,533967_00933_00943_0,1715,17:15,393.766,394.0345,0.26849999999996044
no04,533967_00933_00943_0,1730,17:30,277.441,277.2805,-0.16049999999995634
no04,533967_00933_00943_0,1745,17:45,355.3065,356.631,1.3244999999999436
no04,533967_00933_00943_0,1800,18:00,453.5425,454.727,1.1844999999999573
no04,533967_00933_00943_0,1815,18:15,271.7315,271.2465,-0.4849999999999568
no04,533967_00933_00943_0,1830,18:30,307.8005,307.96349999999995,0.16299999999995407
no04,533967_00933_00943_0,1845,18:45,276.947,276.914,-0.03300000000001546
no04,533967_00933_00944_1,630,06:30,223.2925,222.6905,-0.6020000000000039
no04,533967_00933_00944_1,645,06:45,313.57550000000003,312.64,-0.9355000000000473
no04,533967_00933_00944_1,700,07:00,97.378,97.9355,0.5575000000000045
no04,533967_00933_00944_1,715,07:15,337.2065,334.4695,-2.737000000000023
no04,533967_00933_00944_1,730,07:30,388.215,391.5165,3.3015000000000327
no04,533967_00933_00944_1,745,07:45,432.7495,435.9655,3.216000000000008
no04,533967_00933_00944_1,800,08:00,565.999,560.2595,-5.739500000000021
no04,533967_00933_00944_1,815,08:15,238.1955,239.98,1.78449999999998
no04,533967_00933_00944_1,830,08:30,656.4725000000001,648.813,-7.659500000000094
no04,533967_00933_00944_1,845,08:45,357.3245,354.0045,-3.319999999999993
no04,533967_00933_00944_1,900,09:00,288.862,296.2715,7.40949999999998
no04,533967_00933_00944_1,915,09:15,589.1899999999999,590.6,1.4100000000000819
no04,533967_00933_00944_1,930,09:30,316.2,313.2375,-2.9624999999999773
no04,533967_00933_00944_1,945,09:45,156.7945,156.0505,-0.7439999999999998
no04,533967_00933_00944_1,1000,10:00,558.4784999999999,548.9545,-9.523999999999887
no04,533967_00933_00944_1,1015,10:15,235.636,241.891,6.2549999999999955
no04,533967_00933_00944_1,1030,10:30,419.621,413.68,-5.940999999999974
no04,533967_00933_00944_1,1045,10:45,260.68,267.38800000000003,6.708000000000027
no04,533967_00933_00944_1,1100,11:00,355.593,344.3315,-11.261500000000012
no04,533967_00933_00944_1,1115,11:15,362.725,383.509,20.783999999999992
no04,533967_00933_00944_1,1130,11:30,311.3185,306.0615,-5.256999999999948
no04,533967_00933_00944_1,1145,11:45,414.8855,405.5435,-9.341999999999985
no04,533967_00933_00944_1,1200,12:00,375.7935,372.643,-3.1505000000000223
no04,533967_00933_00944_1,1215,12:15,375.424,373.668,-1.7559999999999718
no04,533967_00933_00944_1,1230,12:30,514.7885,522.8045,8.015999999999963
no04,533967_00933_00944_1,1245,12:45,459.3115,456.0565,-3.2549999999999955
no04,533967_00933_00944_1,1300,13:00,407.403,417.997,10.593999999999994
no04,533967_00933_00944_1,1315,13:15,308.9825,306.35299999999995,-2.629500000000064
no04,533967_00933_00944_1,1330,13:30,374.7795,376.16,1.3805000000000405
no04,533967_00933_00944_1,1345,13:45,212.846,205.3145,-7.531499999999994
no04,533967_00933_00944_1,1400,14:00,367.782,365.2365,-2.545500000000004
no04,533967_00933_00944_1,1415,14:15,220.2625,228.8125,8.550000000000011
no04,533967_00933_00944_1,1430,14:30,549.8745,543.9395000000001,-5.934999999999945
no04,533967_00933_00944_1,1445,14:45,331.2715,329.22,-2.051499999999976
no04,533967_00933_00944_1,1500,15:00,282.3265,292.303,9.976499999999987
no04,533967_00933_00944_1,1515,15:15,428.302,428.323,0.020999999999958163
no04,533967_00933_00944_1,1530,15:30,228.457,225.6895,-2.767499999999984
no04,533967_00933_00944_1,1545,15:45,325.006,322.6125,-2.3934999999999604
no04,533967_00933_00944_1,1600,16:00,347.995,340.0145,-7.980500000000006
no04,533967_00933_00944_1,1615,16:15,579.6365,587.554,7.917500000000018
no04,533967_00933_00944_1,1630,16:30,588.1495,593.6955,5.546000000000049
no04,533967_00933_00944_1,1645,16:45,221.913,218.5125,-3.4005000000000223
no04,533967_00933_00944_1,1700,17:00,315.48400000000004,324.342,8.857999999999947
no04,533967_00933_00944_1,1715,17:15,126.4715,117.375,-9.096500000000006
no04,533967_00933_00944_1,1730,17:30,282.6835,285.6005,2.91700000000003
no04,533967_00933_00944_1,1745,17:45,459.461,449.88,-9.581000000000017
no04,533967_00933_00944_1,1800,18:00,537.4325,544.3025,6.8700000000000045
no04,533967_00933_00944_1,1815,18:15,406.2455,403.512,-2.7334999999999923
no04,533967_00933_00944_1,1830,18:30,278.89250000000004,275.9785,-2.914000000000044
no04,533967_00933_00944_1,1845,18:45,364.3845,366.607,2.222500000000025
no04,533967_00933_14152_0,630,06:30,412.3095,412.452,0.14249999999998408
no04,533967_00933_14152_0,645,06:45,568.9309999999999,569.697,0.7660000000000764
no04,533967_00933_14152_0,700,07:00,197.4,196.9025,-0.4975000000000023
no04,533967_00933_14152_0,715,07:15,616.908,610.255,-6.65300000000002
no04,533967_00933_14152_0,730,07:30,729.8195,737.8779999999999,8.058499999999981
no04,533967_00933_14152_0,745,07:45,814.8695,822.9530000000001,8.083500000000072
no04,533967_00933_14152_0,800,08:00,1055.755,1051.473,-4.282000000000153
no04,533967_00933_14152_0,815,08:15,466.346,463.942,-2.4039999999999964
no04,533967_00933_14152_0,830,08:30,1178.191,1162.2959999999998,-15.89500000000021
no04,533967_00933_14152_0,845,08:45,719.5699999999999,716.7975,-2.7724999999999227
no04,533967_00933_14152_0,900,09:00,551.136,566.235,15.099000000000046
no04,533967_00933_14152_0,915,09:15,1077.327,1083.3215,5.994500000000016
no04,533967_00933_14152_0,930,09:30,606.913,606.3,-0.6130000000000564
no04,533967_00933_14152_0,945,09:45,304.36,299.238,-5.122000000000014
no04,533967_00933_14152_0,1000,10:00,998.61,983.1675,-15.442499999999995
no04,533967_00933_14152_0,1015,10:15,498.0,511.333,13.333000000000027
no04,533967_00933_14152_0,1030,10:30,721.8,712.922,-8.877999999999929
no04,533967_00933_14152_0,1045,10:45,549.0985,561.096,11.99750000000006
no04,533967_00933_14152_0,1100,11:00,630.1600000000001,620.509,-9.651000000000067
no04,533967_00933_14152_0,1115,11:15,714.2189999999999,735.8135,21.59450000000004
no04,533967_00933_14152_0,1130,11:30,549.137,547.4655,-1.6714999999999236
no04,533967_00933_14152_0,1145,11:45,797.5699999999999,786.231,-11.338999999999942
no04,533967_00933_14152_0,1200,12:00,661.8,652.3109999999999,-9.489000000000033
no04,533967_00933_14152_0,1215,12:15,768.0600000000001,764.528,-3.532000000000039
no04,533967_00933_14152_0,1230,12:30,959.116,969.7195,10.603500000000054
no04,533967_00933_14152_0,1245,12:45,852.8844999999999,845.2610000000001,-7.623499999999808
no04,533967_00933_14152_0,1300,13:00,732.0935000000001,752.7769999999999,20.683499999999867
no04,533967_00933_14152_0,1315,13:15,632.4,626.462,-5.937999999999988
no04,533967_00933_14152_0,1330,13:30,657.6,660.057,2.4569999999999936
no04,533967_00933_14152_0,1345,13:45,450.648,436.86,-13.788000000000011
no04,533967_00933_14152_0,1400,14:00,640.855,647.4,6.544999999999959
no04,533967_00933_14152_0,1415,14:15,466.2,469.3095,3.1095000000000255
no04,533967_00933_14152_0,1430,14:30,996.6205,978.3295,-18.29099999999994
no04,533967_00933_14152_0,1445,14:45,637.895,649.3109999999999,11.41599999999994
no04,533967_00933_14152_0,1500,15:00,524.5045,535.7149999999999,11.21049999999991
no04,533967_00933_14152_0,1515,15:15,837.1715,837.7094999999999,0.5379999999998972
no04,533967_00933_14152_0,1530,15:30,420.6,421.9810000000001,1.3810000000000855
no04,533967_00933_14152_0,1545,15:45,628.42,616.8979999999999,-11.522000000000048
no04,533967_00933_14152_0,1600,16:00,635.4,615.755,-19.644999999999982
no04,533967_00933_14152_0,1615,16:15,1095.787,1116.931,21.144000000000005
no04,533967_00933_14152_0,1630,16:30,1077.366,1080.367,3.0009999999999764
no04,533967_00933_14152_0,1645,16:45,466.8525,463.294,-3.5585000000000377
no04,533967_00933_14152_0,1700,17:00,604.9559999999999,623.161,18.20500000000004
no04,533967_00933_14152_0,1715,17:15,248.5005,234.1035,-14.396999999999991
no04,533967_00933_14152_0,1730,17:30,504.0,511.2,7.199999999999989
no04,533967_00933_14152_0,1745,17:45,870.074,855.7415000000001,-14.332499999999868
no04,533967_00933_14152_0,1800,18:00,1018.325,1025.569,7.2439999999999145
no04,533967_00933_14152_0,1815,18:15,756.846,757.4185,0.5724999999999909
no04,533967_00933_14152_0,1830,18:30,539.4979999999999,530.5615,-8.93649999999991
no04,533967_00933_14152_0,1845,18:45,674.508,679.669,5.1609999999999445
no04,533967_00933_14152_1,630,06:30,1054.5795,1055.018,0.43849999999997635
no04,533967_00933_14152_1,645,06:45,935.021,935.641,0.6200000000000045
no04,533967_00933_14152_1,700,07:00,1085.304,1085.3505,0.0464999999999236
no04,533967_00933_14152_1,715,07:15,1077.2095,1077.2095,0.0
no04,533967_00933_14152_1,730,07:30,880.8605,880.899,0.03849999999999909
no04,533967_00933_14152_1,745,07:45,1063.957,1064.131,0.17399999999997817
no04,533967_00933_14152_1,800,08:00,942.944,942.9435,-0.0004999999999881766
no04,533967_00933_14152_1,815,08:15,733.9475,733.9475,0.0
no04,533967_00933_14152_1,830,08:30,1244.958,1244.752,-0.20600000000013097
no04,533967_00933_14152_1,845,08:45,855.6110000000001,855.6809999999999,0.06999999999982265
no04,533967_00933_14152_1,900,09:00,1054.4475,1054.8435,0.39599999999995816
no04,533967_00933_14152_1,915,09:15,869.3770000000001,869.8915,0.5144999999998845
no04,533967_00933_14152_1,930,09:30,1043.71,1043.712,0.0019999999999527063
no04,533967_00933_14152_1,945,09:45,841.366,841.9305,0.5645000000000664
no04,533967_00933_14152_1,1000,10:00,1181.8145,1181.8125,-0.0019999999999527063
no04,533967_00933_14152_1,1015,10:15,713.639,713.038,-0.6009999999999991
no04,533967_00933_14152_1,1030,10:30,710.091,709.918,-0.17300000000000182
no04,533967_00933_14152_1,1045,10:45,661.586,661.7239999999999,0.13799999999991996
no04,533967_00933_14152_1,1100,11:00,855.2145,855.183,-0.03150000000005093
no04,533967_00933_14152_1,1115,11:15,859.8860000000001,860.3354999999999,0.4494999999998299
no04,533967_00933_14152_1,1130,11:30,701.033,700.433,-0.6000000000000227
no04,533967_00933_14152_1,1145,11:45,607.647,607.803,0.15599999999994907
no04,533967_00933_14152_1,1200,12:00,895.0840000000001,895.269,0.18499999999994543
no04,533967_00933_14152_1,1215,12:15,848.7535,848.7535,0.0
no04,533967_00933_14152_1,1230,12:30,698.984,698.4649999999999,-0.5190000000001191
no04,533967_00933_14152_1,1245,12:45,898.3879999999999,899.5115,1.1235000000000355
no04,533967_00933_14152_1,1300,13:00,506.444,506.62700000000007,0.18300000000004957
no04,533967_00933_14152_1,1315,13:15,753.8705,754.35,0.47950000000003
no04,533967_00933_14152_1,1330,13:30,765.1,765.033,-0.06700000000000728
no04,533967_00933_14152_1,1345,13:45,535.4495,534.2475000000001,-1.2019999999998845
no04,533967_00933_14152_1,1400,14:00,1045.264,1045.858,0.5940000000000509
no04,533967_00933_14152_1,1415,14:15,554.179,553.6385,-0.5404999999999518
no04,533967_00933_14152_1,1430,14:30,905.4065,905.297,-0.10950000000002547
no04,533967_00933_14152_1,1445,14:45,788.0775,787.318,-0.7595000000000027
no04,533967_00933_14152_1,1500,15:00,704.9064999999999,706.6899999999999,1.7835000000000036
no04,533967_00933_14152_1,1515,15:15,494.56000000000006,495.042,0.48199999999991405
no04,533967_00933_14152_1,1530,15:30,838.6184999999999,836.9254999999999,-1.6929999999999836
no04,533967_00933_14152_1,1545,15:45,602.553,603.1020000000001,0.5490000000000919
no04,533967_00933_14152_1,1600,16:00,801.1575,799.794,-1.3635000000000446
no04,533967_00933_14152_1,1615,16:15,900.146,900.559,0.4130000000000109
no04,533967_00933_14152_1,1630,16:30,805.5685,805.632,0.06349999999997635
no04,533967_00933_14152_1,1645,16:45,955.4795,955.9199999999998,0.4404999999998154
no04,533967_00933_14152_1,1700,17:00,585.946,584.335,-1.61099999999999
no04,533967_00933_14152_1,1715,17:15,944.9375,944.6965,-0.24099999999998545
no04,533967_00933_14152_1,1730,17:30,663.932,662.566,-1.3659999999999854
no04,533967_00933_14152_1,1745,17:45,849.1469999999999,850.5944999999999,1.447499999999991
no04,533967_00933_14152_1,1800,18:00,1089.1255,1090.371,1.2454999999999927
no04,533967_00933_14152_1,1815,18:15,641.883,640.6279999999999,-1.2550000000001091
no04,533967_00933_14152_1,1830,18:30,738.941,740.202,1.2609999999999673
no04,533967_00933_14152_1,1845,18:45,662.1075,662.1645000000001,0.05700000000013006
no04,533967_00938_00939_0,630,06:30,870.05,880.05,10.0
no04,533967_00938_00939_0,645,06:45,1467.423,1435.4935,-31.929499999999962
no04,533967_00938_00939_0,700,07:00,1364.819,1341.4365,-23.382499999999936
no04,533967_00938_00939_0,715,07:15,2092.4605,2056.844,-35.61650000000009
no04,533967_00938_00939_0,730,07:30,3745.2765,3835.5095,90.23300000000017
no04,533967_00938_00939_0,745,07:45,2803.6685,2824.374,20.705499999999574
no04,533967_00938_00939_0,800,08:00,4312.461,4516.8825,204.42149999999947
no04,533967_00938_00939_0,815,08:15,2670.0735,2808.644,138.5704999999998
no04,533967_00938_00939_0,830,08:30,3357.9450000000006,3490.7775,132.83249999999953
no04,533967_00938_00939_0,845,08:45,1760.6445,1785.382,24.737499999999955
no04,533967_00938_00939_0,900,09:00,1471.882,1467.098,-4.7840000000001055
no04,533967_00938_00939_0,915,09:15,1276.4335,1250.8775,-25.55600000000004
no04,533967_00938_00939_0,930,09:30,1402.6485,1413.2035,10.555000000000064
no04,533967_00938_00939_0,945,09:45,1960.8015,1947.759,-13.042500000000018
no04,533967_00938_00939_0,1000,10:00,1964.966,1969.1845,4.218500000000176
no04,533967_00938_00939_0,1015,10:15,612.0269999999999,606.4145000000001,-5.612499999999841
no04,533967_00938_00939_0,1030,10:30,2125.201,2215.356,90.1550000000002
no04,533967_00938_00939_0,1045,10:45,1127.3865,1156.2745,28.88799999999992
no04,533967_00938_00939_0,1100,11:00,1407.1675,1415.7415,8.57400000000007
no04,533967_00938_00939_0,1115,11:15,2528.8205000000003,2607.9215,79.10099999999966
no04,533967_00938_00939_0,1130,11:30,1623.009,1571.436,-51.57300000000009
no04,533967_00938_00939_0,1145,11:45,2267.2765,2253.2145,-14.061999999999898
no04,533967_00938_00939_0,1200,12:00,2433.3925,2505.028,71.63549999999987
no04,533967_00938_00939_0,1215,12:15,2412.885,2425.037,12.151999999999589
no04,533967_00938_00939_0,1230,12:30,2223.982,2206.8585,-17.12350000000015
no04,533967_00938_00939_0,1245,12:45,2279.099,2329.4025,50.303499999999985
no04,533967_00938_00939_0,1300,13:00,1900.7445,1904.6415,3.8969999999999345
no04,533967_00938_00939_0,1315,13:15,2237.472,2205.32,-32.152000000000044
no04,533967_00938_00939_0,1330,13:30,1557.8515,1554.759,-3.0924999999999727
no04,533967_00938_00939_0,1345,13:45,2029.4595,1987.0625,-42.396999999999935
no04,533967_00938_00939_0,1400,14:00,2522.334,2506.721,-15.612999999999829
no04,533967_00938_00939_0,1415,14:15,2077.733,2085.493,7.7599999999997635
no04,533967_00938_00939_0,1430,14:30,1158.577,1144.323,-14.253999999999905
no04,533967_00938_00939_0,1445,14:45,2182.1985,2181.6415,-0.556999999999789
no04,533967_00938_00939_0,1500,15:00,2992.555,3068.344,75.78900000000021
no04,533967_00938_00939_0,1515,15:15,2682.6315000000004,2756.1695,73.53799999999956
no04,533967_00938_00939_0,1530,15:30,3025.857,2794.473,-231.38400000000001
no04,533967_00938_00939_0,1545,15:45,7647.739500000001,7785.879000000001,138.13950000000023
no04,533967_00938_00939_0,1600,16:00,23244.0645,23163.526,-80.53849999999875
no04,533967_00938_00939_0,1615,16:15,7410.9715,8486.233,1075.2615000000005
no04,533967_00938_00939_0,1630,16:30,3221.123,3160.393,-60.73000000000002
no04,533967_00938_00939_0,1645,16:45,1465.0055,1470.1225,5.116999999999962
no04,533967_00938_00939_0,1700,17:00,1627.616,1667.1795000000002,39.563500000000204
no04,533967_00938_00939_0,1715,17:15,2894.6095,2976.3265,81.7170000000001
no04,533967_00938_00939_0,1730,17:30,2933.5405,3094.112,160.57150000000001
no04,533967_00938_00939_0,1745,17:45,2722.745,2730.678,7.932999999999993
no04,533967_00938_00939_0,1800,18:00,3882.0615,3817.3745,-64.6869999999999
no04,533967_00938_00939_0,1815,18:15,2098.2835,2088.7045000000003,-9.578999999999724
no04,533967_00938_00939_0,1830,18:30,1875.0845,1922.2485,47.16399999999999
no04,533967_00938_00939_0,1845,18:45,2310.7995,2336.0135,25.213999999999942
no04,533967_00938_00939_1,630,06:30,615.7325,613.6545,-2.0779999999999745
no04,533967_00938_00939_1,645,06:45,1152.5935,1168.459,15.865500000000111
no04,533967_00938_00939_1,700,07:00,1046.814,1049.188,2.3740000000000236
no04,533967_00938_00939_1,715,07:15,1195.2415,1183.7585,-11.483000000000175
no04,533967_00938_00939_1,730,07:30,2189.9225,2235.1845000000003,45.26200000000017
no04,533967_00938_00939_1,745,07:45,1411.862,1417.3495,5.4874999999999545
no04,533967_00938_00939_1,800,08:00,1089.9625,1078.786,-11.176500000000033
no04,533967_00938_00939_1,815,08:15,936.4545,969.6575,33.202999999999975
no04,533967_00938_00939_1,830,08:30,1615.2015,1658.7215,43.52000000000021
no04,533967_00938_00939_1,845,08:45,1650.4775000000002,1653.438,2.960499999999911
no04,533967_00938_00939_1,900,09:00,1242.2385,1257.2505,15.012000000000171
no04,533967_00938_00939_1,915,09:15,1283.538,1256.2365,-27.301500000000033
no04,533967_00938_00939_1,930,09:30,1075.5175,1100.4715,24.95400000000018
no04,533967_00938_00939_1,945,09:45,2045.3335,2087.5045,42.17100000000005
no04,533967_00938_00939_1,1000,10:00,2764.991,2775.1925,10.201500000000124
no04,533967_00938_00939_1,1015,10:15,2623.6975,2641.305,17.607499999999618
no04,533967_00938_00939_1,1030,10:30,1515.1754999999998,1552.4789999999998,37.303499999999985
no04,533967_00938_00939_1,1045,10:45,1533.616,1538.8805,5.264499999999998
no04,533967_00938_00939_1,1100,11:00,1620.371,1624.5314999999998,4.160499999999729
no04,533967_00938_00939_1,1115,11:15,1841.302,1908.7715,67.46950000000015
no04,533967_00938_00939_1,1130,11:30,878.5465,841.845,-36.70150000000001
no04,533967_00938_00939_1,1145,11:45,1162.675,1173.1595,10.484500000000025
no04,533967_00938_00939_1,1200,12:00,1271.6315,1331.9835,60.35200000000009
no04,533967_00938_00939_1,1215,12:15,821.9110000000001,817.881,-4.030000000000086
no04,533967_00938_00939_1,1230,12:30,1191.7530000000002,1229.143,37.38999999999987
no04,533967_00938_00939_1,1245,12:45,819.3235000000001,819.8635,0.5399999999999636
no04,533967_00938_00939_1,1300,13:00,916.2835,907.754,-8.529499999999985
no04,533967_00938_00939_1,1315,13:15,1093.357,1098.0955,4.738499999999931
no04,533967_00938_00939_1,1330,13:30,447.3995,470.337,22.9375
no04,533967_00938_00939_1,1345,13:45,1162.5685,1141.0585,-21.50999999999999
no04,533967_00938_00939_1,1400,14:00,895.4525,937.091,41.63850000000002
no04,533967_00938_00939_1,1415,14:15,734.9995,733.604,-1.39549999999997
no04,533967_00938_00939_1,1430,14:30,662.223,676.978,14.754999999999995
no04,533967_00938_00939_1,1445,14:45,666.5875,652.6890000000001,-13.898499999999899
no04,533967_00938_00939_1,1500,15:00,1438.5965,1462.87,24.273499999999785
no04,533967_00938_00939_1,1515,15:15,1685.3349999999998,1720.9685000000002,35.63350000000037
no04,533967_00938_00939_1,1530,15:30,455.057,454.933,-0.12400000000002365
no04,533967_00938_00939_1,1545,15:45,843.457,853.8205,10.363500000000045
no04,533967_00938_00939_1,1600,16:00,1102.2955,1080.8015,-21.493999999999915
no04,533967_00938_00939_1,1615,16:15,1488.793,1512.4245,23.631500000000187
no04,533967_00938_00939_1,1630,16:30,1012.9645,1041.9445,28.980000000000018
no04,533967_00938_00939_1,1645,16:45,786.5205,812.9825,26.46199999999999
no04,533967_00938_00939_1,1700,17:00,648.9649999999999,644.6025000000001,-4.362499999999841
no04,533967_00938_00939_1,1715,17:15,1228.3735,1223.0115,-5.361999999999853
no04,533967_00938_00939_1,1730,17:30,950.172,952.166,1.9940000000000282
no04,533967_00938_00939_1,1745,17:45,1163.558,1191.3505,27.792500000000018
no04,533967_00938_00939_1,1800,18:00,1879.0835,1926.6055,47.521999999999935
no04,533967_00938_00939_1,1815,18:15,662.9635000000001,647.268,-15.695500000000038
no04,533967_00938_00939_1,1830,18:30,1529.515,1484.31,-45.205000000000155
no04,533967_00938_00939_1,1845,18:45,1178.961,1242.86,63.89899999999989
no04,533967_00938_01409_1,630,06:30,100.096,99.996,-0.10000000000000853
no04,533967_00938_01409_1,645,06:45,166.075,165.11849999999998,-0.9565000000000055
no04,533967_00938_01409_1,700,07:00,141.2535,142.1805,0.9269999999999925
no04,533967_00938_01409_1,715,07:15,200.087,200.137,0.05000000000001137
no04,533967_00938_01409_1,730,07:30,300.558,300.475,-0.08299999999996999
no04,533967_00938_01409_1,745,07:45,250.6235,251.032,0.40850000000000364
no04,533967_00938_01409_1,800,08:00,194.4995,195.1535,0.6539999999999964
no04,533967_00938_01409_1,815,08:15,127.3855,127.3765,-0.009000000000000341
no04,533967_00938_01409_1,830,08:30,242.7205,241.319,-1.4014999999999986
no04,533967_00938_01409_1,845,08:45,170.59699999999998,171.02,0.42300000000003024
no04,533967_00938_01409_1,900,09:00,145.6365,146.163,0.5264999999999986
no04,533967_00938_01409_1,915,09:15,134.8035,134.149,-0.654500000000013
no04,533967_00938_01409_1,930,09:30,139.299,139.394,0.09499999999999886
no04,533967_00938_01409_1,945,09:45,205.499,205.981,0.4819999999999993
no04,533967_00938_01409_1,1000,10:00,197.6755,198.72,1.0444999999999993
no04,533967_00938_01409_1,1015,10:15,61.447500000000005,60.848,-0.5995000000000061
no04,533967_00938_01409_1,1030,10:30,224.4795,222.644,-1.8354999999999961
no04,533967_00938_01409_1,1045,10:45,105.636,105.2145,-0.42149999999999466
no04,533967_00938_01409_1,1100,11:00,154.7215,154.349,-0.3725000000000023
no04,533967_00938_01409_1,1115,11:15,235.8835,240.637,4.7535000000000025
no04,533967_00938_01409_1,1130,11:30,159.04149999999998,158.597,-0.4444999999999766
no04,533967_00938_01409_1,1145,11:45,219.639,219.638,-0.0010000000000047748
no04,533967_00938_01409_1,1200,12:00,220.3785,220.165,-0.21350000000001046
no04,533967_00938_01409_1,1215,12:15,227.765,228.741,0.9760000000000275
no04,533967_00938_01409_1,1230,12:30,221.033,221.4065,0.37350000000000705
no04,533967_00938_01409_1,1245,12:45,209.0185,208.242,-0.7764999999999986
no04,533967_00938_01409_1,1300,13:00,169.73,170.5445,0.8145000000000095
no04,533967_00938_01409_1,1315,13:15,199.451,199.376,-0.07499999999998863
no04,533967_00938_01409_1,1330,13:30,154.097,153.903,-0.19400000000001683
no04,533967_00938_01409_1,1345,13:45,190.037,189.817,-0.21999999999999886
no04,533967_00938_01409_1,1400,14:00,231.0605,231.021,-0.039500000000003865
no04,533967_00938_01409_1,1415,14:15,187.734,188.544,0.8100000000000023
no04,533967_00938_01409_1,1430,14:30,117.7535,117.2435,-0.5100000000000051
no04,533967_00938_01409_1,1445,14:45,215.9355,216.121,0.18550000000001887
no04,533967_00938_01409_1,1500,15:00,267.213,265.7685,-1.444500000000005
no04,533967_00938_01409_1,1515,15:15,253.8895,253.079,-0.8104999999999905
no04,533967_00938_01409_1,1530,15:30,170.7815,170.497,-0.28449999999998
no04,533967_00938_01409_1,1545,15:45,930.7785,961.787,31.008500000000026
no04,533967_00938_01409_1,1600,16:00,3427.6050000000005,3616.5325,188.92749999999933
no04,533967_00938_01409_1,1615,16:15,164.827,213.9955,49.168499999999995
no04,533967_00938_01409_1,1630,16:30,216.019,215.386,-0.6330000000000098
no04,533967_00938_01409_1,1645,16:45,129.034,129.1705,0.13650000000001228
no04,533967_00938_01409_1,1700,17:00,165.636,165.6495,0.013499999999993406
no04,533967_00938_01409_1,1715,17:15,251.4095,253.329,1.9194999999999993
no04,533967_00938_01409_1,1730,17:30,214.113,213.119,-0.9939999999999998
no04,533967_00938_01409_1,1745,17:45,252.5275,253.604,1.07650000000001
no04,533967_00938_01409_1,1800,18:00,233.8105,232.6005,-1.2099999999999795
no04,533967_00938_01409_1,1815,18:15,177.87949999999998,179.11399999999998,1.234499999999997
no04,533967_00938_01409_1,1830,18:30,184.156,184.139,-0.016999999999995907
no04,533967_00938_01409_1,1845,18:45,204.009,203.209,-0.799999999999983
no04,533967_00938_01417_0,630,06:30,151.0075,149.9375,-1.0699999999999932
no04,533967_00938_01417_0,645,06:45,279.604,281.0825,1.4784999999999968
no04,533967_00938_01417_0,700,07:00,253.378,252.6275,-0.7504999999999882
no04,533967_00938_01417_0,715,07:15,295.0615,289.751,-5.310500000000047
no04,533967_00938_01417_0,730,07:30,535.4605,539.3365,3.8759999999999764
no04,533967_00938_01417_0,745,07:45,347.2235,347.025,-0.1985000000000241
no04,533967_00938_01417_0,800,08:00,264.9775,259.649,-5.3285000000000196
no04,533967_00938_01417_0,815,08:15,231.111,235.998,4.8870000000000005
no04,533967_00938_01417_0,830,08:30,389.054,395.561,6.507000000000005
no04,533967_00938_01417_0,845,08:45,397.196,393.501,-3.69500000000005
no04,533967_00938_01417_0,900,09:00,302.905,304.7995,1.8945000000000505
no04,533967_00938_01417_0,915,09:15,309.536,300.877,-8.658999999999992
no04,533967_00938_01417_0,930,09:30,258.3145,261.489,3.1744999999999663
no04,533967_00938_01417_0,945,09:45,494.8505,501.5585,6.70799999999997
no04,533967_00938_01417_0,1000,10:00,665.8815,663.1165,-2.7649999999999864
no04,533967_00938_01417_0,1015,10:15,628.8305,627.4415,-1.38900000000001
no04,533967_00938_01417_0,1030,10:30,365.9015,367.6375,1.73599999999999
no04,533967_00938_01417_0,1045,10:45,372.875,372.759,-0.11599999999998545
no04,533967_00938_01417_0,1100,11:00,383.8865,383.655,-0.23150000000003956
no04,533967_00938_01417_0,1115,11:15,457.403,469.8785,12.475499999999954
no04,533967_00938_01417_0,1130,11:30,214.629,204.919,-9.70999999999998
no04,533967_00938_01417_0,1145,11:45,284.555,283.3525,-1.2024999999999864
no04,533967_00938_01417_0,1200,12:00,305.0795,314.298,9.218500000000006
no04,533967_00938_01417_0,1215,12:15,200.7265,197.5635,-3.1629999999999825
no04,533967_00938_01417_0,1230,12:30,281.8605,286.6115,4.750999999999976
no04,533967_00938_01417_0,1245,12:45,197.5835,197.991,0.4075000000000273
no04,533967_00938_01417_0,1300,13:00,221.73,218.9895,-2.7404999999999973
no04,533967_00938_01417_0,1315,13:15,261.9815,262.60900000000004,0.6275000000000546
no04,533967_00938_01417_0,1330,13:30,101.8425,105.9565,4.114000000000004
no04,533967_00938_01417_0,1345,13:45,275.685,267.79,-7.894999999999982
no04,533967_00938_01417_0,1400,14:00,230.133,236.2415,6.108499999999992
no04,533967_00938_01417_0,1415,14:15,180.4175,179.21800000000002,-1.199499999999972
no04,533967_00938_01417_0,1430,14:30,157.922,160.845,2.923000000000002
no04,533967_00938_01417_0,1445,14:45,163.45149999999998,156.79000000000002,-6.661499999999961
no04,533967_00938_01417_0,1500,15:00,344.389,347.433,3.0439999999999827
no04,533967_00938_01417_0,1515,15:15,407.508,408.2695,0.7615000000000123
no04,533967_00938_01417_0,1530,15:30,109.501,108.8415,-0.6595000000000084
no04,533967_00938_01417_0,1545,15:45,200.864,201.5175,0.6535000000000082
no04,533967_00938_01417_0,1600,16:00,257.81350000000003,252.18400000000003,-5.629500000000007
no04,533967_00938_01417_0,1615,16:15,360.9835,360.0265,-0.9569999999999936
no04,533967_00938_01417_0,1630,16:30,249.088,253.5955,4.507499999999993
no04,533967_00938_01417_0,1645,16:45,189.252,194.996,5.744
no04,533967_00938_01417_0,1700,17:00,160.15,157.748,-2.4020000000000152
no04,533967_00938_01417_0,1715,17:15,291.54200000000003,285.2755,-6.266500000000008
no04,533967_00938_01417_0,1730,17:30,235.0305,233.7545,-1.275999999999982
no04,533967_00938_01417_0,1745,17:45,275.842,280.31,4.468000000000018
no04,533967_00938_01417_0,1800,18:00,455.609,463.2190000000001,7.610000000000127
no04,533967_00938_01417_0,1815,18:15,163.567,156.97,-6.597000000000008
no04,533967_00938_01417_0,1830,18:30,371.4785,353.789,-17.68950000000001
no04,533967_00938_01417_0,1845,18:45,289.334,306.0205,16.686500000000024
no04,533967_00939_00940_0,630,06:30,52.396,55.3995,3.0035000000000025
no04,533967_00939_00940_0,645,06:45,59.782,57.655,-2.1269999999999953
no04,533967_00939_00940_0,700,07:00,15.547999999999998,18.5535,3.0055000000000014
no04,533967_00939_00940_0,715,07:15,60.703,68.807,8.104
no04,533967_00939_00940_0,730,07:30,15.1475,13.550999999999998,-1.5965000000000025
no04,533967_00939_00940_0,745,07:45,20.299,25.6495,5.3505
no04,533967_00939_00940_0,800,08:00,24.3015,30.5995,6.297999999999998
no04,533967_00939_00940_0,815,08:15,13.951,18.6525,4.701499999999999
no04,533967_00939_00940_0,830,08:30,54.5125,57.561,3.048499999999997
no04,533967_00939_00940_0,845,08:45,9.601,12.0,2.398999999999999
no04,533967_00939_00940_0,900,09:00,20.901,26.599,5.698
no04,533967_00939_00940_0,915,09:15,25.998,29.705,3.706999999999997
no04,533967_00939_00940_0,930,09:30,86.743,77.2115,-9.531499999999994
no04,533967_00939_00940_0,945,09:45,106.2395,110.532,4.29249999999999
no04,533967_00939_00940_0,1000,10:00,105.3075,118.11,12.802499999999995
no04,533967_00939_00940_0,1015,10:15,10.4,12.9495,2.5495
no04,533967_00939_00940_0,1030,10:30,29.6505,25.45,-4.200500000000002
no04,533967_00939_00940_0,1045,10:45,8.2995,11.201,2.9015000000000004
no04,533967_00939_00940_0,1100,11:00,78.599,77.248,-1.350999999999999
no04,533967_00939_00940_0,1115,11:15,8.5485,14.9515,6.402999999999999
no04,533967_00939_00940_0,1130,11:30,15.2985,22.849,7.5504999999999995
no04,533967_00939_00940_0,1145,11:45,10.299,11.4005,1.1014999999999997
no04,533967_00939_00940_0,1200,12:00,8.75,10.55,1.8000000000000007
no04,533967_00939_00940_0,1215,12:15,14.0505,16.6,2.549500000000002
no04,533967_00939_00940_0,1230,12:30,8.2,10.6505,2.4505
no04,533967_00939_00940_0,1245,12:45,13.401,16.701999999999998,3.3009999999999984
no04,533967_00939_00940_0,1300,13:00,4.222222222222222,5.7,1.4777777777777779
no04,533967_00939_00940_0,1315,13:15,4.473684210526316,5.157894736842105,0.6842105263157894
no04,533967_00939_00940_0,1330,13:30,13.398,15.451,2.053000000000001
no04,533967_00939_00940_0,1345,13:45,5.5,6.7,1.2000000000000002
no04,533967_00939_00940_0,1400,14:00,7.9505,10.3,2.349500000000001
no04,533967_00939_00940_0,1415,14:15,7.9995,12.1,4.100499999999999
no04,533967_00939_00940_0,1430,14:30,18.7,21.4995,2.799500000000002
no04,533967_00939_00940_0,1445,14:45,8.05,11.3505,3.3004999999999995
no04,533967_00939_00940_0,1500,15:00,21.401,20.1005,-1.3004999999999995
no04,533967_00939_00940_0,1515,15:15,9.1,11.5,2.4000000000000004
no04,533967_00939_00940_0,1530,15:30,8.3,11.550999999999998,3.2509999999999977
no04,533967_00939_00940_0,1545,15:45,4.666666666666667,6.777777777777778,2.1111111111111107
no04,533967_00939_00940_0,1600,16:00,11.0,9.944444444444445,-1.0555555555555554
no04,533967_00939_00940_0,1615,16:15,15.0995,17.553,2.4535
no04,533967_00939_00940_0,1630,16:30,15.898500000000002,21.2,5.301499999999997
no04,533967_00939_00940_0,1645,16:45,21.152,20.0985,-1.0534999999999997
no04,533967_00939_00940_0,1700,17:00,103.784,76.13300000000001,-27.650999999999996
no04,533967_00939_00940_0,1715,17:15,22.895,24.903,2.007999999999999
no04,533967_00939_00940_0,1730,17:30,27.652,22.4515,-5.200500000000002
no04,533967_00939_00940_0,1745,17:45,20.55,26.499,5.948999999999998
no04,533967_00939_00940_0,1800,18:00,43.246500000000005,52.8895,9.642999999999994
no04,533967_00939_00940_0,1815,18:15,16.951,20.701,3.75
no04,533967_00939_00940_0,1830,18:30,32.843,17.253999999999998,-15.589000000000006
no04,533967_00939_00940_0,1845,18:45,16.551,21.251,4.700000000000003
no04,533967_00939_00940_1,630,06:30,56.205,56.5595,0.3545000000000016
no04,533967_00939_00940_1,645,06:45,155.3265,158.5385,3.211999999999989
no04,533967_00939_00940_1,700,07:00,125.584,125.613,0.028999999999996362
no04,533967_00939_00940_1,715,07:15,48.55,48.1505,-0.3994999999999962
no04,533967_00939_00940_1,730,07:30,42.1555,56.10549999999999,13.949999999999989
no04,533967_00939_00940_1,745,07:45,25.8025,25.1495,-0.6529999999999987
no04,533967_00939_00940_1,800,08:00,10.053157894736842,13.941176470588236,3.888018575851394
no04,533967_00939_00940_1,815,08:15,8.17764705882353,7.473684210526316,-0.7039628482972136
no04,533967_00939_00940_1,830,08:30,60.68000000000001,45.603,-15.077000000000005
no04,533967_00939_00940_1,845,08:45,160.1085,188.6155,28.507000000000005
no04,533967_00939_00940_1,900,09:00,63.60555555555556,55.46588235294118,-8.139673202614382
no04,533967_00939_00940_1,915,09:15,81.4865,101.1565,19.669999999999987
no04,533967_00939_00940_1,930,09:30,52.508500000000005,45.5005,-7.008000000000003
no04,533967_00939_00940_1,945,09:45,249.045,248.993,-0.0519999999999925
no04,533967_00939_00940_1,1000,10:00,307.174,285.137,-22.036999999999978
no04,533967_00939_00940_1,1015,10:15,284.3455,289.218,4.872500000000002
no04,533967_00939_00940_1,1030,10:30,247.896,254.88450000000003,6.988500000000045
no04,533967_00939_00940_1,1045,10:45,94.78266666666669,76.825,-17.957666666666682
no04,533967_00939_00940_1,1100,11:00,208.8895,177.59300000000002,-31.29649999999998
no04,533967_00939_00940_1,1115,11:15,44.2535,99.009,54.7555
no04,533967_00939_00940_1,1130,11:30,62.998000000000005,47.0925,-15.905500000000004
no04,533967_00939_00940_1,1145,11:45,106.80272727272728,87.06428571428572,-19.738441558441565
no04,533967_00939_00940_1,1200,12:00,54.47631578947368,92.3,37.82368421052632
no04,533967_00939_00940_1,1215,12:15,71.58058823529412,79.58368421052631,8.003095975232199
no04,533967_00939_00940_1,1230,12:30,32.99421052631579,42.25894736842105,9.264736842105258
no04,533967_00939_00940_1,1245,12:45,27.999411764705883,22.78684210526316,-5.212569659442725
no04,533967_00939_00940_1,1300,13:00,57.2005,64.3985,7.198
no04,533967_00939_00940_1,1315,13:15,48.50277777777777,42.16444444444445,-6.338333333333324
no04,533967_00939_00940_1,1330,13:30,15.698,17.35,1.652000000000001
no04,533967_00939_00940_1,1345,13:45,57.917,65.52923076923076,7.612230769230763
no04,533967_00939_00940_1,1400,14:00,27.99944444444445,32.7535,4.754055555555553
no04,533967_00939_00940_1,1415,14:15,36.35636363636363,41.998125,5.64176136363637
no04,533967_00939_00940_1,1430,14:30,34.851,46.401,11.550000000000004
no04,533967_00939_00940_1,1445,14:45,31.3005,26.6995,-4.600999999999999
no04,533967_00939_00940_1,1500,15:00,79.89421052631579,100.74894736842106,20.854736842105268
no04,533967_00939_00940_1,1515,15:15,100.055625,118.898,18.84237499999999
no04,533967_00939_00940_1,1530,15:30,23.3485,23.046,-0.302500000000002
no04,533967_00939_00940_1,1545,15:45,8.1875,9.3125,1.125
no04,533967_00939_00940_1,1600,16:00,101.101,179.2485,78.14750000000001
no04,533967_00939_00940_1,1615,16:15,117.778,110.659,-7.119
no04,533967_00939_00940_1,1630,16:30,107.0442105263158,86.6965,-20.347710526315794
no04,533967_00939_00940_1,1645,16:45,58.75625,65.41333333333334,6.65708333333334
no04,533967_00939_00940_1,1700,17:00,48.278333333333336,56.415,8.136666666666663
no04,533967_00939_00940_1,1715,17:15,141.62947368421052,153.709,12.07952631578948
no04,533967_00939_00940_1,1730,17:30,28.586842105263155,41.8995,13.312657894736848
no04,533967_00939_00940_1,1745,17:45,12.36842105263158,17.116470588235295,4.748049535603714
no04,533967_00939_00940_1,1800,18:00,28.5525,33.7975,5.245000000000001
no04,533967_00939_00940_1,1815,18:15,25.85,23.9025,-1.9475000000000016
no04,533967_00939_00940_1,1830,18:30,79.17,90.845,11.674999999999997
no04,533967_00939_00940_1,1845,18:45,66.22277777777778,61.46473684210526,-4.758040935672518
no04,533967_00939_01421_1,630,06:30,800.904,800.8605,-0.04349999999999454
no04,533967_00939_01421_1,645,06:45,2019.069,2003.031,-16.03800000000001
no04,533967_00939_01421_1,700,07:00,2224.3935,2224.574,0.18049999999993815
no04,533967_00939_01421_1,715,07:15,3373.8015,3311.815,-61.98649999999998
no04,533967_00939_01421_1,730,07:30,5526.0185,5579.3925,53.373999999999796
no04,533967_00939_01421_1,745,07:45,4062.587,4125.6965,63.109500000000025
no04,533967_00939_01421_1,800,08:00,3681.7005,3642.653,-39.04750000000013
no04,533967_00939_01421_1,815,08:15,4091.3175,4213.1315,121.8140000000003
no04,533967_00939_01421_1,830,08:30,5538.321,5774.974,236.65300000000025
no04,533967_00939_01421_1,845,08:45,8323.7765,7746.245,-577.5315
no04,533967_00939_01421_1,900,09:00,4448.044,4652.048,204.0039999999999
no04,533967_00939_01421_1,915,09:15,3169.7085,3031.5735,-138.13500000000022
no04,533967_00939_01421_1,930,09:30,3220.847,3206.9785,-13.86850000000004
no04,533967_00939_01421_1,945,09:45,8401.310000000001,8273.639,-127.6710000000021
no04,533967_00939_01421_1,1000,10:00,13938.828,14551.697,612.8690000000006
no04,533967_00939_01421_1,1015,10:15,14801.615,15132.282,330.66699999999946
no04,533967_00939_01421_1,1030,10:30,5547.284000000001,5815.969999999999,268.6859999999988
no04,533967_00939_01421_1,1045,10:45,5519.9095,5356.1645,-163.7449999999999
no04,533967_00939_01421_1,1100,11:00,9189.624,10341.6425,1152.0185000000001
no04,533967_00939_01421_1,1115,11:15,7546.57,7632.2845,85.71450000000004
no04,533967_00939_01421_1,1130,11:30,5072.7075,5240.1665,167.45899999999983
no04,533967_00939_01421_1,1145,11:45,5477.378500000001,5986.4645,509.08599999999933
no04,533967_00939_01421_1,1200,12:00,6133.955,5961.5925,-172.36250000000018
no04,533967_00939_01421_1,1215,12:15,4742.987,4861.6045,118.61750000000029
no04,533967_00939_01421_1,1230,12:30,4916.751,5050.715999999999,133.96499999999924
no04,533967_00939_01421_1,1245,12:45,5080.32,5208.437,128.1170000000002
no04,533967_00939_01421_1,1300,13:00,4757.4145,4599.967,-157.44750000000022
no04,533967_00939_01421_1,1315,13:15,4651.9735,4756.437,104.46349999999984
no04,533967_00939_01421_1,1330,13:30,6273.249,6108.3895,-164.85949999999957
no04,533967_00939_01421_1,1345,13:45,5103.2815,5028.659000000001,-74.62249999999949
no04,533967_00939_01421_1,1400,14:00,4245.5815,4329.7495,84.16799999999967
no04,533967_00939_01421_1,1415,14:15,5835.898,5742.444,-93.45399999999972
no04,533967_00939_01421_1,1430,14:30,3850.212,3757.1095,-93.10249999999996
no04,533967_00939_01421_1,1445,14:45,3248.6845000000003,3201.46,-47.22450000000026
no04,533967_00939_01421_1,1500,15:00,5903.921,5572.925,-330.9960000000001
no04,533967_00939_01421_1,1515,15:15,6971.460499999999,6955.847,-15.613499999999476
no04,533967_00939_01421_1,1530,15:30,5743.0155,5828.273,85.25749999999971
no04,533967_00939_01421_1,1545,15:45,4239.13,4373.5775,134.44750000000022
no04,533967_00939_01421_1,1600,16:00,5954.7455,6541.143,586.3975
no04,533967_00939_01421_1,1615,16:15,7140.9235,7393.239500000001,252.3160000000007
no04,533967_00939_01421_1,1630,16:30,4068.288,3888.956,-179.33199999999988
no04,533967_00939_01421_1,1645,16:45,5365.254,5712.4405,347.1864999999998
no04,533967_00939_01421_1,1700,17:00,4548.239,4240.255,-307.98399999999947
no04,533967_00939_01421_1,1715,17:15,6075.6775,6105.736,30.058500000000095
no04,533967_00939_01421_1,1730,17:30,5536.5225,5435.464,-101.0585000000001
no04,533967_00939_01421_1,1745,17:45,5655.465999999999,5657.5715,2.105500000000575
no04,533967_00939_01421_1,1800,18:00,8427.083999999999,8526.639500000001,99.55550000000221
no04,533967_00939_01421_1,1815,18:15,4467.661,4438.8,-28.860999999999876
no04,533967_00939_01421_1,1830,18:30,8814.494,8993.75,179.2559999999994
no04,533967_00939_01421_1,1845,18:45,6918.1050000000005,8255.587,1337.481999999999
no04,533967_00940_13718_0,630,06:30,1512.4154999999998,1518.934,6.518500000000131
no04,533967_00940_13718_0,645,06:45,1976.744,1966.91,-9.833999999999833
no04,533967_00940_13718_0,700,07:00,1578.099,1592.0459999999998,13.946999999999889
no04,533967_00940_13718_0,715,07:15,2825.7155,2721.725,-103.99049999999988
no04,533967_00940_13718_0,730,07:30,5567.568499999999,3721.547,-1846.0214999999994
no04,533967_00940_13718_0,745,07:45,3041.5665,2410.6535,-630.913
no04,533967_00940_13718_0,800,08:00,4115.566000000001,3598.2995,-517.2665000000006
no04,533967_00940_13718_0,815,08:15,5675.665,5759.871,84.20600000000013
no04,533967_00940_13718_0,830,08:30,2481.303,2177.1245,-304.1785
no04,533967_00940_13718_0,845,08:45,2744.3540000000003,2504.1040000000003,-240.25
no04,533967_00940_13718_0,900,09:00,3909.1865,2922.5065,-986.6799999999998
no04,533967_00940_13718_0,915,09:15,1398.492,1284.061,-114.43100000000004
no04,533967_00940_13718_0,930,09:30,2380.307,2208.317,-171.98999999999978
no04,533967_00940_13718_0,945,09:45,2083.282,2053.42,-29.86200000000008
no04,533967_00940_13718_0,1000,10:00,1671.352,1692.2405,20.888500000000022
no04,533967_00940_13718_0,1015,10:15,1488.069,1446.4355,-41.63349999999991
no04,533967_00940_13718_0,1030,10:30,1472.3205,1455.655,-16.665500000000065
no04,533967_00940_13718_0,1045,10:45,1506.4535,1522.1805,15.726999999999862
no04,533967_00940_13718_0,1100,11:00,1600.5425,1521.7505,-78.79199999999992
no04,533967_00940_13718_0,1115,11:15,1078.3855,1084.8825000000002,6.497000000000071
no04,533967_00940_13718_0,1130,11:30,1230.281,1193.2825,-36.99849999999992
no04,533967_00940_13718_0,1145,11:45,810.086,824.6360000000001,14.550000000000068
no04,533967_00940_13718_0,1200,12:00,1665.61,1651.672,-13.937999999999874
no04,533967_00940_13718_0,1215,12:15,1486.6165,1526.5055,39.888999999999896
no04,533967_00940_13718_0,1230,12:30,1441.7225,1475.619,33.89649999999983
no04,533967_00940_13718_0,1245,12:45,1852.5215,1876.8125,24.29099999999994
no04,533967_00940_13718_0,1300,13:00,2043.583,1992.1120000000003,-51.470999999999776
no04,533967_00940_13718_0,1315,13:15,1433.838,1440.4975,6.65949999999998
no04,533967_00940_13718_0,1330,13:30,1707.8470000000002,1665.574,-42.27300000000014
no04,533967_00940_13718_0,1345,13:45,1235.9915,1303.7914999999998,67.79999999999973
no04,533967_00940_13718_0,1400,14:00,1359.392,1314.466,-44.92600000000016
no04,533967_00940_13718_0,1415,14:15,1307.8845,1265.7405,-42.14399999999978
no04,533967_00940_13718_0,1430,14:30,2257.505,2258.4555,0.95049999999992
no04,533967_00940_13718_0,1445,14:45,1806.4665,1771.5395,-34.92699999999991
no04,533967_00940_13718_0,1500,15:00,1672.9465,1654.1315,-18.815000000000055
no04,533967_00940_13718_0,1515,15:15,1051.7235,1021.41,-30.31350000000009
no04,533967_00940_13718_0,1530,15:30,1289.9415,1319.8674999999998,29.92599999999993
no04,533967_00940_13718_0,1545,15:45,1343.244,1386.873,43.62900000000013
no04,533967_00940_13718_0,1600,16:00,1570.6965,1487.9075,-82.78899999999999
no04,533967_00940_13718_0,1615,16:15,1136.8215,1159.561,22.739499999999907
no04,533967_00940_13718_0,1630,16:30,1702.994,1729.154,26.160000000000082
no04,533967_00940_13718_0,1645,16:45,2149.1275,2182.4035,33.27599999999984
no04,533967_00940_13718_0,1700,17:00,3026.0345,2901.0275,-125.00700000000006
no04,533967_00940_13718_0,1715,17:15,2044.925,1951.696,-93.22900000000004
no04,533967_00940_13718_0,1730,17:30,2162.461,2051.543,-110.91799999999967
no04,533967_00940_13718_0,1745,17:45,2149.3345,2133.4055,-15.929000000000087
no04,533967_00940_13718_0,1800,18:00,2246.4875,2306.816,60.32849999999962
no04,533967_00940_13718_0,1815,18:15,1830.927,1734.9715,-95.9554999999998
no04,533967_00940_13718_0,1830,18:30,1411.5865,1275.2725,-136.31399999999985
no04,533967_00940_13718_0,1845,18:45,1822.557,1783.9375,-38.619500000000016
no04,533967_00943_01268_0,630,06:30,774.7439999999999,775.1295,0.38550000000009277
no04,533967_00943_01268_0,645,06:45,705.5225,704.86,-0.6625000000000227
no04,533967_00943_01268_0,700,07:00,812.7055,811.5809999999999,-1.1245000000001255
no04,533967_00943_01268_0,715,07:15,813.473,813.746,0.27300000000002456
no04,533967_00943_01268_0,730,07:30,660.2695,659.9075,-0.36199999999996635
no04,533967_00943_01268_0,745,07:45,797.518,798.4100000000001,0.8920000000000528
no04,533967_00943_01268_0,800,08:00,700.6775,700.755,0.07749999999998636
no04,533967_00943_01268_0,815,08:15,553.8475000000001,553.909,0.06149999999990996
no04,533967_00943_01268_0,830,08:30,929.2755,928.5805,-0.6949999999999363
no04,533967_00943_01268_0,845,08:45,644.8534999999999,644.6725,-0.18099999999992633
no04,533967_00943_01268_0,900,09:00,791.6045,794.363,2.7585000000000264
no04,533967_00943_01268_0,915,09:15,653.12,653.054,-0.06600000000003092
no04,533967_00943_01268_0,930,09:30,788.2615,787.438,-0.8234999999999673
no04,533967_00943_01268_0,945,09:45,629.453,630.0765,0.6235000000000355
no04,533967_00943_01268_0,1000,10:00,881.9174999999999,881.7875,-0.12999999999988177
no04,533967_00943_01268_0,1015,10:15,540.3489999999999,539.898,-0.45099999999990814
no04,533967_00943_01268_0,1030,10:30,528.4165,527.9185,-0.4980000000000473
no04,533967_00943_01268_0,1045,10:45,498.1245,498.574,0.44950000000000045
no04,533967_00943_01268_0,1100,11:00,639.3095000000001,639.5855,0.2759999999999536
no04,533967_00943_01268_0,1115,11:15,651.47,649.115,-2.355000000000018
no04,533967_00943_01268_0,1130,11:30,520.922,520.085,-0.8369999999999891
no04,533967_00943_01268_0,1145,11:45,460.487,461.2385,0.7514999999999645
no04,533967_00943_01268_0,1200,12:00,666.4970000000001,666.2915,-0.2055000000000291
no04,533967_00943_01268_0,1215,12:15,636.7845,637.7565,0.97199999999998
no04,533967_00943_01268_0,1230,12:30,526.3185,525.8455,-0.47299999999995634
no04,533967_00943_01268_0,1245,12:45,671.3715,671.1835,-0.18799999999998818
no04,533967_00943_01268_0,1300,13:00,381.242,380.953,-0.2890000000000441
no04,533967_00943_01268_0,1315,13:15,564.655,565.6725,1.017500000000041
no04,533967_00943_01268_0,1330,13:30,568.0485,568.8050000000001,0.7565000000000737
no04,533967_00943_01268_0,1345,13:45,406.844,405.678,-1.1659999999999968
no04,533967_00943_01268_0,1400,14:00,777.921,779.499,1.5779999999999745
no04,533967_00943_01268_0,1415,14:15,421.976,420.465,-1.511000000000024
no04,533967_00943_01268_0,1430,14:30,669.5055,670.6205,1.115000000000009
no04,533967_00943_01268_0,1445,14:45,596.958,595.1005,-1.857499999999959
no04,533967_00943_01268_0,1500,15:00,529.556,532.8905,3.3344999999999345
no04,533967_00943_01268_0,1515,15:15,372.8415,373.698,0.8564999999999827
no04,533967_00943_01268_0,1530,15:30,618.0615,617.085,-0.9764999999999873
no04,533967_00943_01268_0,1545,15:45,457.145,457.2,0.05500000000000682
no04,533967_00943_01268_0,1600,16:00,599.759,597.8395,-1.919499999999971
no04,533967_00943_01268_0,1615,16:15,673.123,675.7915,2.6684999999999945
no04,533967_00943_01268_0,1630,16:30,602.155,603.025,0.8700000000000045
no04,533967_00943_01268_0,1645,16:45,716.9395000000001,715.991,-0.948500000000081
no04,533967_00943_01268_0,1700,17:00,448.103,449.594,1.4909999999999854
no04,533967_00943_01268_0,1715,17:15,703.029,703.552,0.5230000000000246
no04,533967_00943_01268_0,1730,17:30,497.1470000000001,497.091,-0.05600000000009686
no04,533967_00943_01268_0,1745,17:45,637.6800000000001,638.613,0.9329999999999927
no04,533967_00943_01268_0,1800,18:00,814.509,810.942,-3.5670000000000073
no04,533967_00943_01268_0,1815,18:15,488.25,488.4895,0.23950000000002092
no04,533967_00943_01268_0,1830,18:30,552.406,554.957,2.5510000000000446
no04,533967_00943_01268_0,1845,18:45,494.66,493.418,-1.2420000000000186
no04,533967_00944_13715_1,630,06:30,119.828,120.556,0.7279999999999944
no04,533967_00944_13715_1,645,06:45,160.511,160.5965,0.08549999999999613
no04,533967_00944_13715_1,700,07:00,51.129000000000005,50.547,-0.5820000000000078
no04,533967_00944_13715_1,715,07:15,181.013,179.395,-1.617999999999995
no04,533967_00944_13715_1,730,07:30,206.637,208.131,1.4939999999999998
no04,533967_00944_13715_1,745,07:45,244.5205,249.1285,4.608000000000004
no04,533967_00944_13715_1,800,08:00,303.2265,299.97799999999995,-3.2485000000000355
no04,533967_00944_13715_1,815,08:15,126.9755,129.08350000000002,2.1080000000000183
no04,533967_00944_13715_1,830,08:30,356.276,354.9625,-1.3135000000000332
no04,533967_00944_13715_1,845,08:45,194.6445,192.5555,-2.0889999999999986
no04,533967_00944_13715_1,900,09:00,150.4365,152.6385,2.201999999999998
no04,533967_00944_13715_1,915,09:15,322.588,327.136,4.548000000000002
no04,533967_00944_13715_1,930,09:30,164.2445,165.395,1.1505000000000223
no04,533967_00944_13715_1,945,09:45,83.1855,82.036,-1.1495000000000033
no04,533967_00944_13715_1,1000,10:00,304.299,303.9605,-0.3384999999999536
no04,533967_00944_13715_1,1015,10:15,126.076,126.678,0.6020000000000039
no04,533967_00944_13715_1,1030,10:30,234.122,229.704,-4.418000000000006
no04,533967_00944_13715_1,1045,10:45,137.8975,142.67000000000002,4.772500000000008
no04,533967_00944_13715_1,1100,11:00,193.04,188.2985,-4.741500000000002
no04,533967_00944_13715_1,1115,11:15,196.789,208.682,11.893
no04,533967_00944_13715_1,1130,11:30,171.1565,169.202,-1.954499999999996
no04,533967_00944_13715_1,1145,11:45,224.449,219.608,-4.841000000000008
no04,533967_00944_13715_1,1200,12:00,210.8455,209.18,-1.6654999999999802
no04,533967_00944_13715_1,1215,12:15,202.802,200.4245,-2.3774999999999977
no04,533967_00944_13715_1,1230,12:30,278.5095,281.4285,2.9189999999999827
no04,533967_00944_13715_1,1245,12:45,243.9565,242.057,-1.8995000000000175
no04,533967_00944_13715_1,1300,13:00,229.1315,232.6915,3.5600000000000023
no04,533967_00944_13715_1,1315,13:15,161.567,162.20350000000002,0.6365000000000123
no04,533967_00944_13715_1,1330,13:30,208.5655,206.2075,-2.3579999999999757
no04,533967_00944_13715_1,1345,13:45,113.0895,111.032,-2.0575000000000045
no04,533967_00944_13715_1,1400,14:00,200.9915,197.9655,-3.0260000000000105
no04,533967_00944_13715_1,1415,14:15,121.4035,126.6705,5.26700000000001
no04,533967_00944_13715_1,1430,14:30,295.398,293.178,-2.2200000000000273
no04,533967_00944_13715_1,1445,14:45,180.02349999999998,179.79149999999998,-0.23199999999999932
no04,533967_00944_13715_1,1500,15:00,153.959,157.4665,3.507499999999993
no04,533967_00944_13715_1,1515,15:15,235.952,235.62150000000003,-0.33049999999997226
no04,533967_00944_13715_1,1530,15:30,133.981,133.3115,-0.6694999999999993
no04,533967_00944_13715_1,1545,15:45,182.8385,180.8985,-1.9399999999999977
no04,533967_00944_13715_1,1600,16:00,184.321,179.84,-4.4809999999999945
no04,533967_00944_13715_1,1615,16:15,322.2575,326.319,4.061500000000024
no04,533967_00944_13715_1,1630,16:30,325.6445,328.4815,2.836999999999989
no04,533967_00944_13715_1,1645,16:45,111.1835,110.1705,-1.012999999999991
no04,533967_00944_13715_1,1700,17:00,171.9105,177.3415,5.430999999999983
no04,533967_00944_13715_1,1715,17:15,70.3115,65.014,-5.297499999999999
no04,533967_00944_13715_1,1730,17:30,152.6815,153.841,1.1595000000000084
no04,533967_00944_13715_1,1745,17:45,249.093,244.295,-4.798000000000002
no04,533967_00944_13715_1,1800,18:00,292.0965,295.689,3.5925000000000296
no04,533967_00944_13715_1,1815,18:15,222.46750000000003,223.675,1.2074999999999818
no04,533967_00944_13715_1,1830,18:30,151.786,148.4595,-3.32650000000001
no04,533967_00944_13715_1,1845,18:45,193.5735,196.9265,3.3530000000000086
no04,533967_00949_14017_0,630,06:30,637.7729999999999,637.7729999999999,0.0
no04,533967_00949_14017_0,645,06:45,566.7814999999999,566.7814999999999,0.0
no04,533967_00949_14017_0,700,07:00,602.249,602.249,0.0
no04,533967_00949_14017_0,715,07:15,1012.3985,1012.3985,0.0
no04,533967_00949_14017_0,730,07:30,1204.1725,1204.1725,0.0
no04,533967_00949_14017_0,745,07:45,1215.79,1215.79,0.0
no04,533967_00949_14017_0,800,08:00,1040.179,1040.179,0.0
no04,533967_00949_14017_0,815,08:15,1504.0035,1504.0035,0.0
no04,533967_00949_14017_0,830,08:30,1621.2755,1642.032,20.75649999999996
no04,533967_00949_14017_0,845,08:45,1167.492,1168.587,1.0950000000000273
no04,533967_00949_14017_0,900,09:00,951.6685,951.6685,0.0
no04,533967_00949_14017_0,915,09:15,993.275,993.3155,0.040500000000065484
no04,533967_00949_14017_0,930,09:30,945.715,945.4195,-0.29550000000006094
no04,533967_00949_14017_0,945,09:45,962.9815,961.613,-1.3684999999999263
no04,533967_00949_14017_0,1000,10:00,780.6605000000001,781.462,0.801499999999919
no04,533967_00949_14017_0,1015,10:15,918.503,919.7965,1.2934999999999945
no04,533967_00949_14017_0,1030,10:30,749.6625,748.545,-1.1175000000000637
no04,533967_00949_14017_0,1045,10:45,719.29,719.6685,0.3785000000000309
no04,533967_00949_14017_0,1100,11:00,791.47,791.7975,0.32749999999998636
no04,533967_00949_14017_0,1115,11:15,691.3720000000001,688.284,-3.088000000000079
no04,533967_00949_14017_0,1130,11:30,584.129,582.549,-1.580000000000041
no04,533967_00949_14017_0,1145,11:45,589.1785,590.6985,1.5199999999999818
no04,533967_00949_14017_0,1200,12:00,778.2625,777.6525,-0.6100000000000136
no04,533967_00949_14017_0,1215,12:15,1095.602,1095.406,-0.19600000000014006
no04,533967_00949_14017_0,1230,12:30,852.9955,856.1754999999999,3.17999999999995
no04,533967_00949_14017_0,1245,12:45,481.251,479.62,-1.6309999999999718
no04,533967_00949_14017_0,1300,13:00,716.2805000000001,717.2515000000001,0.9710000000000036
no04,533967_00949_14017_0,1315,13:15,669.269,670.1695,0.9004999999999654
no04,533967_00949_14017_0,1330,13:30,537.365,537.8895,0.5244999999999891
no04,533967_00949_14017_0,1345,13:45,508.2955,504.9165,-3.379000000000019
no04,533967_00949_14017_0,1400,14:00,551.801,553.637,1.835999999999899
no04,533967_00949_14017_0,1415,14:15,726.3644999999999,728.6315000000001,2.2670000000001664
no04,533967_00949_14017_0,1430,14:30,634.017,632.6375,-1.3795000000000073
no04,533967_00949_14017_0,1445,14:45,617.592,617.2819999999999,-0.3100000000000591
no04,533967_00949_14017_0,1500,15:00,659.9245,656.6055,-3.31899999999996
no04,533967_00949_14017_0,1515,15:15,571.614,571.9085,0.2944999999999709
no04,533967_00949_14017_0,1530,15:30,771.5135,771.569,0.055499999999938154
no04,533967_00949_14017_0,1545,15:45,763.179,764.4739999999999,1.294999999999959
no04,533967_00949_14017_0,1600,16:00,1048.2975,1050.6635,2.366000000000213
no04,533967_00949_14017_0,1615,16:15,775.0,770.509,-4.4909999999999854
no04,533967_00949_14017_0,1630,16:30,1055.2865,1056.952,1.6655000000000655
no04,533967_00949_14017_0,1645,16:45,924.7105,920.752,-3.958500000000072
no04,533967_00949_14017_0,1700,17:00,888.7515,893.106,4.35450000000003
no04,533967_00949_14017_0,1715,17:15,1010.6005,1013.7745,3.173999999999978
no04,533967_00949_14017_0,1730,17:30,1163.248,1159.3005,-3.947499999999991
no04,533967_00949_14017_0,1745,17:45,993.23,996.369,3.13900000000001
no04,533967_00949_14017_0,1800,18:00,1189.346,1190.8965,1.5505000000000564
no04,533967_00949_14017_0,1815,18:15,891.7700000000001,888.9275,-2.8425000000000864
no04,533967_00949_14017_0,1830,18:30,758.1505,759.5885000000001,1.4380000000001019
no04,533967_00949_14017_0,1845,18:45,733.483,737.529,4.046000000000049
no04,533967_00949_14017_1,630,06:30,1104.6,1103.79,-0.8099999999999454
no04,533967_00949_14017_1,645,06:45,1370.6,1372.6135,2.013500000000022
no04,533967_00949_14017_1,700,07:00,1283.8485,1281.541,-2.3075000000001182
no04,533967_00949_14017_1,715,07:15,1415.4975,1395.456,-20.041500000000042
no04,533967_00949_14017_1,730,07:30,1389.04,1412.837,23.797000000000025
no04,533967_00949_14017_1,745,07:45,952.7,942.004,-10.696000000000026
no04,533967_00949_14017_1,800,08:00,1464.608,1453.99,-10.617999999999938
no04,533967_00949_14017_1,815,08:15,1417.752,1435.3315,17.579500000000053
no04,533967_00949_14017_1,830,08:30,1384.142,1395.0504999999998,10.908499999999776
no04,533967_00949_14017_1,845,08:45,914.46,904.6505,-9.809500000000071
no04,533967_00949_14017_1,900,09:00,804.3,809.9,5.600000000000023
no04,533967_00949_14017_1,915,09:15,710.5,710.5,0.0
no04,533967_00949_14017_1,930,09:30,714.7,712.6,-2.1000000000000227
no04,533967_00949_14017_1,945,09:45,736.4,733.647,-2.752999999999929
no04,533967_00949_14017_1,1000,10:00,592.9,597.8,4.899999999999977
no04,533967_00949_14017_1,1015,10:15,672.0,676.2479999999999,4.247999999999934
no04,533967_00949_14017_1,1030,10:30,707.7,706.3,-1.400000000000091
no04,533967_00949_14017_1,1045,10:45,735.049,731.551,-3.4979999999999336
no04,533967_00949_14017_1,1100,11:00,557.9,553.0405,-4.8595000000000255
no04,533967_00949_14017_1,1115,11:15,655.9,659.4,3.5
no04,533967_00949_14017_1,1130,11:30,444.5,451.939,7.439000000000021
no04,533967_00949_14017_1,1145,11:45,690.2,689.908,-0.29200000000003
no04,533967_00949_14017_1,1200,12:00,849.8629999999999,830.2,-19.662999999999897
no04,533967_00949_14017_1,1215,12:15,833.7620000000001,856.1,22.337999999999965
no04,533967_00949_14017_1,1230,12:30,827.4,813.9735,-13.426500000000033
no04,533967_00949_14017_1,1245,12:45,878.5,891.39,12.889999999999986
no04,533967_00949_14017_1,1300,13:00,651.8100000000001,645.55,-6.260000000000105
no04,533967_00949_14017_1,1315,13:15,898.8,892.2719999999999,-6.52800000000002
no04,533967_00949_14017_1,1330,13:30,584.543,595.184,10.640999999999963
no04,533967_00949_14017_1,1345,13:45,480.2,478.8,-1.3999999999999773
no04,533967_00949_14017_1,1400,14:00,495.6,494.9,-0.7000000000000455
no04,533967_00949_14017_1,1415,14:15,519.4,518.7,-0.6999999999999318
no04,533967_00949_14017_1,1430,14:30,576.9155,574.1825,-2.7329999999999472
no04,533967_00949_14017_1,1445,14:45,373.154,378.0435,4.889499999999998
no04,533967_00949_14017_1,1500,15:00,382.2,373.1,-9.099999999999966
no04,533967_00949_14017_1,1515,15:15,684.6,691.0550000000001,6.455000000000041
no04,533967_00949_14017_1,1530,15:30,455.0,454.3,-0.6999999999999886
no04,533967_00949_14017_1,1545,15:45,615.0055,618.4449999999999,3.4394999999999527
no04,533967_00949_14017_1,1600,16:00,665.794,662.245,-3.548999999999978
no04,533967_00949_14017_1,1615,16:15,603.4,600.0625,-3.3374999999999773
no04,533967_00949_14017_1,1630,16:30,525.7,529.9,4.199999999999932
no04,533967_00949_14017_1,1645,16:45,688.249,691.6,3.350999999999999
no04,533967_00949_14017_1,1700,17:00,1039.6115,1031.289,-8.322499999999991
no04,533967_00949_14017_1,1715,17:15,1061.2775,1068.809,7.531500000000051
no04,533967_00949_14017_1,1730,17:30,716.8,715.5559999999999,-1.2440000000000282
no04,533967_00949_14017_1,1745,17:45,882.7629999999999,859.3315,-23.431499999999915
no04,533967_00949_14017_1,1800,18:00,630.7,650.937,20.236999999999966
no04,533967_00949_14017_1,1815,18:15,919.165,945.2005,26.03550000000007
no04,533967_00949_14017_1,1830,18:30,943.6335,926.227,-17.40650000000005
no04,533967_00949_14017_1,1845,18:45,723.8,711.2,-12.599999999999909
no04,533967_00976_12969_0,630,06:30,238.0,238.0,0.0
no04,533967_00976_12969_0,645,06:45,222.456,222.456,0.0
no04,533967_00976_12969_0,700,07:00,272.8,272.8,0.0
no04,533967_00976_12969_0,715,07:15,343.7515,342.53000000000003,-1.2214999999999918
no04,533967_00976_12969_0,730,07:30,511.1835,512.035,0.8514999999999873
no04,533967_00976_12969_0,745,07:45,518.643,520.5735,1.9304999999999382
no04,533967_00976_12969_0,800,08:00,483.136,480.972,-2.164000000000044
no04,533967_00976_12969_0,815,08:15,406.355,410.656,4.300999999999988
no04,533967_00976_12969_0,830,08:30,449.826,447.592,-2.2340000000000373
no04,533967_00976_12969_0,845,08:45,488.1255,487.842,-0.28350000000000364
no04,533967_00976_12969_0,900,09:00,495.27,497.0205,1.750500000000045
no04,533967_00976_12969_0,915,09:15,466.289,465.0375,-1.2514999999999645
no04,533967_00976_12969_0,930,09:30,298.9665,297.4775,-1.488999999999976
no04,533967_00976_12969_0,945,09:45,653.2275,654.263,1.03550000000007
no04,533967_00976_12969_0,1000,10:00,766.252,768.3495,2.097500000000082
no04,533967_00976_12969_0,1015,10:15,442.441,441.809,-0.6319999999999482
no04,533967_00976_12969_0,1030,10:30,427.069,424.717,-2.3520000000000323
no04,533967_00976_12969_0,1045,10:45,612.7724999999999,613.487,0.7145000000000437
no04,533967_00976_12969_0,1100,11:00,634.2325,634.9105,0.6779999999999973
no04,533967_00976_12969_0,1115,11:15,713.0205,713.779,0.7585000000000264
no04,533967_00976_12969_0,1130,11:30,521.039,523.433,2.3940000000000055
no04,533967_00976_12969_0,1145,11:45,562.1225,559.1324999999999,-2.990000000000009
no04,533967_00976_12969_0,1200,12:00,528.7194999999999,527.1265,-1.592999999999961
no04,533967_00976_12969_0,1215,12:15,627.0184999999999,626.746,-0.2724999999999227
no04,533967_00976_12969_0,1230,12:30,376.586,376.7,0.1139999999999759
no04,533967_00976_12969_0,1245,12:45,734.3545,736.765,2.4104999999999563
no04,533967_00976_12969_0,1300,13:00,560.0024999999999,561.2545,1.2520000000000664
no04,533967_00976_12969_0,1315,13:15,670.0799999999999,671.572,1.4920000000000755
no04,533967_00976_12969_0,1330,13:30,733.6389999999999,728.5944999999999,-5.044499999999971
no04,533967_00976_12969_0,1345,13:45,363.115,360.939,-2.1759999999999877
no04,533967_00976_12969_0,1400,14:00,527.2875,529.3534999999999,2.0659999999999172
no04,533967_00976_12969_0,1415,14:15,742.188,739.7185,-2.469500000000039
no04,533967_00976_12969_0,1430,14:30,395.887,397.401,1.51400000000001
no04,533967_00976_12969_0,1445,14:45,545.89,544.5115,-1.378500000000031
no04,533967_00976_12969_0,1500,15:00,629.747,630.4224999999999,0.6754999999999427
no04,533967_00976_12969_0,1515,15:15,444.5375,443.645,-0.8925000000000409
no04,533967_00976_12969_0,1530,15:30,624.241,626.3549999999999,2.113999999999919
no04,533967_00976_12969_0,1545,15:45,455.141,455.083,-0.057999999999992724
no04,533967_00976_12969_0,1600,16:00,680.221,677.708,-2.5130000000000337
no04,533967_00976_12969_0,1615,16:15,662.637,664.432,1.7950000000000728
no04,533967_00976_12969_0,1630,16:30,445.591,442.96400000000006,-2.6269999999999527
no04,533967_00976_12969_0,1645,16:45,676.6975,678.6405,1.9429999999999836
no04,533967_00976_12969_0,1700,17:00,529.699,529.1315,-0.5674999999999955
no04,533967_00976_12969_0,1715,17:15,559.288,561.028,1.740000000000009
no04,533967_00976_12969_0,1730,17:30,714.6814999999999,712.5385,-2.1429999999999154
no04,533967_00976_12969_0,1745,17:45,578.5405,577.813,-0.7274999999999636
no04,533967_00976_12969_0,1800,18:00,693.582,695.626,2.0439999999999827
no04,533967_00976_12969_0,1815,18:15,498.779,498.0045,-0.7744999999999891
no04,533967_00976_12969_0,1830,18:30,767.5555,765.049,-2.5065000000000737
no04,533967_00976_12969_0,1845,18:45,589.9694999999999,596.808,6.838500000000067
no04,533967_00976_12969_1,630,06:30,637.5409999999999,637.1279999999999,-0.4130000000000109
no04,533967_00976_12969_1,645,06:45,828.1265,826.8215,-1.30499999999995
no04,533967_00976_12969_1,700,07:00,728.768,732.152,3.3840000000000146
no04,533967_00976_12969_1,715,07:15,1055.0425,1063.0715,8.028999999999996
no04,533967_00976_12969_1,730,07:30,1115.6905000000002,1131.068,15.377499999999827
no04,533967_00976_12969_1,745,07:45,1117.485,1084.7405,-32.74449999999979
no04,533967_00976_12969_1,800,08:00,1332.1375,1334.8715,2.7339999999999236
no04,533967_00976_12969_1,815,08:15,1408.688,1419.0445,10.356499999999869
no04,533967_00976_12969_1,830,08:30,682.8675000000001,685.2175,2.349999999999909
no04,533967_00976_12969_1,845,08:45,839.3655000000001,843.1869999999999,3.821499999999787
no04,533967_00976_12969_1,900,09:00,1038.3835,1037.1805,-1.2029999999999745
no04,533967_00976_12969_1,915,09:15,444.9235,424.5775,-20.346000000000004
no04,533967_00976_12969_1,930,09:30,464.5485,461.338,-3.2104999999999677
no04,533967_00976_12969_1,945,09:45,533.3705,536.9365,3.566000000000031
no04,533967_00976_12969_1,1000,10:00,324.034,326.47,2.4360000000000355
no04,533967_00976_12969_1,1015,10:15,187.265,184.7415,-2.5234999999999843
no04,533967_00976_12969_1,1030,10:30,203.345,210.3825,7.037499999999994
no04,533967_00976_12969_1,1045,10:45,369.469,374.799,5.329999999999984
no04,533967_00976_12969_1,1100,11:00,306.5185,299.04200000000003,-7.476499999999987
no04,533967_00976_12969_1,1115,11:15,152.6965,154.209,1.512500000000017
no04,533967_00976_12969_1,1130,11:30,130.512,129.409,-1.1030000000000086
no04,533967_00976_12969_1,1145,11:45,117.4015,126.24949999999998,8.847999999999985
no04,533967_00976_12969_1,1200,12:00,467.365,456.4675,-10.897500000000036
no04,533967_00976_12969_1,1215,12:15,554.112,556.5385,2.4265000000000327
no04,533967_00976_12969_1,1230,12:30,191.5995,193.496,1.8965000000000032
no04,533967_00976_12969_1,1245,12:45,378.595,390.338,11.742999999999995
no04,533967_00976_12969_1,1300,13:00,541.675,522.588,-19.08699999999999
no04,533967_00976_12969_1,1315,13:15,453.862,457.416,3.5539999999999736
no04,533967_00976_12969_1,1330,13:30,399.0295,382.7065,-16.32299999999998
no04,533967_00976_12969_1,1345,13:45,337.077,368.6705,31.593500000000006
no04,533967_00976_12969_1,1400,14:00,356.74,353.111,-3.629000000000019
no04,533967_00976_12969_1,1415,14:15,308.1405,290.716,-17.424499999999966
no04,533967_00976_12969_1,1430,14:30,574.1510000000001,584.6560000000001,10.504999999999995
no04,533967_00976_12969_1,1445,14:45,544.1025,540.0145,-4.087999999999965
no04,533967_00976_12969_1,1500,15:00,253.7985,262.3075,8.509000000000015
no04,533967_00976_12969_1,1515,15:15,122.1165,106.55,-15.566500000000005
no04,533967_00976_12969_1,1530,15:30,215.4865,213.5205,-1.9660000000000082
no04,533967_00976_12969_1,1545,15:45,462.533,480.477,17.94399999999996
no04,533967_00976_12969_1,1600,16:00,236.479,220.939,-15.54000000000002
no04,533967_00976_12969_1,1615,16:15,157.497,164.75650000000002,7.259500000000003
no04,533967_00976_12969_1,1630,16:30,468.904,466.7365,-2.167500000000018
no04,533967_00976_12969_1,1645,16:45,567.9225,568.4350000000001,0.5125000000000455
no04,533967_00976_12969_1,1700,17:00,534.086,549.3965000000001,15.310500000000047
no04,533967_00976_12969_1,1715,17:15,360.0905,353.3605,-6.730000000000018
no04,533967_00976_12969_1,1730,17:30,645.1655,641.4255,-3.7399999999998954
no04,533967_00976_12969_1,1745,17:45,677.708,663.6505,-14.057500000000005
no04,533967_00976_12969_1,1800,18:00,585.731,612.1850000000001,26.454000000000065
no04,533967_00976_12969_1,1815,18:15,551.146,538.851,-12.294999999999959
no04,533967_00976_12969_1,1830,18:30,387.422,402.8405,15.418499999999995
no04,533967_00976_12969_1,1845,18:45,731.6025,717.835,-13.767499999999927
no04,533967_00978_01607_0,630,06:30,0.0,0.0,0.0
no04,533967_00978_01607_0,645,06:45,0.0,0.0,0.0
no04,533967_00978_01607_0,700,07:00,0.0,0.0,0.0
no04,533967_00978_01607_0,715,07:15,0.0,0.0,0.0
no04,533967_00978_01607_0,730,07:30,0.0,0.0,0.0
no04,533967_00978_01607_0,745,07:45,0.0,0.0,0.0
no04,533967_00978_01607_0,800,08:00,0.0,0.0,0.0
no04,533967_00978_01607_0,815,08:15,0.0,0.0,0.0
no04,533967_00978_01607_0,830,08:30,0.0,0.0,0.0
no04,533967_00978_01607_0,845,08:45,0.0,0.0,0.0
no04,533967_00978_01607_0,900,09:00,0.0,0.0,0.0
no04,533967_00978_01607_0,915,09:15,0.0,0.0,0.0
no04,533967_00978_01607_0,930,09:30,0.0,0.0,0.0
no04,533967_00978_01607_0,945,09:45,0.0,0.0,0.0
no04,533967_00978_01607_0,1000,10:00,0.0,0.0,0.0
no04,533967_00978_01607_0,1015,10:15,0.0,0.0,0.0
no04,533967_00978_01607_0,1030,10:30,0.0,0.0,0.0
no04,533967_00978_01607_0,1045,10:45,0.0,0.0,0.0
no04,533967_00978_01607_0,1100,11:00,0.0,0.0,0.0
no04,533967_00978_01607_0,1115,11:15,0.0,0.0,0.0
no04,533967_00978_01607_0,1130,11:30,0.0,0.0,0.0
no04,533967_00978_01607_0,1145,11:45,0.0,0.0,0.0
no04,533967_00978_01607_0,1200,12:00,0.0,0.0,0.0
no04,533967_00978_01607_0,1215,12:15,0.0,0.0,0.0
no04,533967_00978_01607_0,1230,12:30,0.0,0.0,0.0
no04,533967_00978_01607_0,1245,12:45,0.0,0.0,0.0
no04,533967_00978_01607_0,1300,13:00,0.0,0.0,0.0
no04,533967_00978_01607_0,1315,13:15,0.0,0.0,0.0
no04,533967_00978_01607_0,1330,13:30,0.0,0.0,0.0
no04,533967_00978_01607_0,1345,13:45,0.0,0.0,0.0
no04,533967_00978_01607_0,1400,14:00,0.0,0.0,0.0
no04,533967_00978_01607_0,1415,14:15,0.0,0.0,0.0
no04,533967_00978_01607_0,1430,14:30,0.0,0.0,0.0
no04,533967_00978_01607_0,1445,14:45,0.0,0.0,0.0
no04,533967_00978_01607_0,1500,15:00,0.0,0.0,0.0
no04,533967_00978_01607_0,1515,15:15,0.0,0.0,0.0
no04,533967_00978_01607_0,1530,15:30,0.0,0.0,0.0
no04,533967_00978_01607_0,1545,15:45,0.0,0.0,0.0
no04,533967_00978_01607_0,1600,16:00,0.0,0.0,0.0
no04,533967_00978_01607_0,1615,16:15,0.0,0.0,0.0
no04,533967_00978_01607_0,1630,16:30,0.0,0.0,0.0
no04,533967_00978_01607_0,1645,16:45,0.0,0.0,0.0
no04,533967_00978_01607_0,1700,17:00,0.0,0.0,0.0
no04,533967_00978_01607_0,1715,17:15,0.0,0.0,0.0
no04,533967_00978_01607_0,1730,17:30,0.0,0.0,0.0
no04,533967_00978_01607_0,1745,17:45,0.0,0.0,0.0
no04,533967_00978_01607_0,1800,18:00,0.0,0.0,0.0
no04,533967_00978_01607_0,1815,18:15,0.0,0.0,0.0
no04,533967_00978_01607_0,1830,18:30,0.0,0.0,0.0
no04,533967_00978_01607_0,1845,18:45,0.0,0.0,0.0
no04,533967_00978_01607_1,630,06:30,0.0,0.0,0.0
no04,533967_00978_01607_1,645,06:45,0.0,0.0,0.0
no04,533967_00978_01607_1,700,07:00,0.0,0.0,0.0
no04,533967_00978_01607_1,715,07:15,0.0,0.0,0.0
no04,533967_00978_01607_1,730,07:30,0.0,0.0,0.0
no04,533967_00978_01607_1,745,07:45,0.0,0.0,0.0
no04,533967_00978_01607_1,800,08:00,0.0,0.0,0.0
no04,533967_00978_01607_1,815,08:15,0.0,0.0,0.0
no04,533967_00978_01607_1,830,08:30,0.0,0.0,0.0
no04,533967_00978_01607_1,845,08:45,0.0,0.0,0.0
no04,533967_00978_01607_1,900,09:00,0.0,0.0,0.0
no04,533967_00978_01607_1,915,09:15,0.0,0.0,0.0
no04,533967_00978_01607_1,930,09:30,0.0,0.0,0.0
no04,533967_00978_01607_1,945,09:45,0.0,0.0,0.0
no04,533967_00978_01607_1,1000,10:00,0.0,0.0,0.0
no04,533967_00978_01607_1,1015,10:15,0.0,0.0,0.0
no04,533967_00978_01607_1,1030,10:30,0.0,0.0,0.0
no04,533967_00978_01607_1,1045,10:45,0.0,0.0,0.0
no04,533967_00978_01607_1,1100,11:00,0.0,0.0,0.0
no04,533967_00978_01607_1,1115,11:15,0.0,0.0,0.0
no04,533967_00978_01607_1,1130,11:30,0.0,0.0,0.0
no04,533967_00978_01607_1,1145,11:45,0.0,0.0,0.0
no04,533967_00978_01607_1,1200,12:00,0.0,0.0,0.0
no04,533967_00978_01607_1,1215,12:15,0.0,0.0,0.0
no04,533967_00978_01607_1,1230,12:30,0.0,0.0,0.0
no04,533967_00978_01607_1,1245,12:45,0.0,0.0,0.0
no04,533967_00978_01607_1,1300,13:00,0.0,0.0,0.0
no04,533967_00978_01607_1,1315,13:15,0.0,0.0,0.0
no04,533967_00978_01607_1,1330,13:30,0.0,0.0,0.0
no04,533967_00978_01607_1,1345,13:45,0.0,0.0,0.0
no04,533967_00978_01607_1,1400,14:00,0.0,0.0,0.0
no04,533967_00978_01607_1,1415,14:15,0.0,0.0,0.0
no04,533967_00978_01607_1,1430,14:30,0.0,0.0,0.0
no04,533967_00978_01607_1,1445,14:45,0.0,0.0,0.0
no04,533967_00978_01607_1,1500,15:00,0.0,0.0,0.0
no04,533967_00978_01607_1,1515,15:15,0.0,0.0,0.0
no04,533967_00978_01607_1,1530,15:30,0.0,0.0,0.0
no04,533967_00978_01607_1,1545,15:45,0.0,0.0,0.0
no04,533967_00978_01607_1,1600,16:00,0.0,0.0,0.0
no04,533967_00978_01607_1,1615,16:15,0.0,0.0,0.0
no04,533967_00978_01607_1,1630,16:30,0.0,0.0,0.0
no04,533967_00978_01607_1,1645,16:45,0.0,0.0,0.0
no04,533967_00978_01607_1,1700,17:00,0.0,0.0,0.0
no04,533967_00978_01607_1,1715,17:15,0.0,0.0,0.0
no04,533967_00978_01607_1,1730,17:30,0.0,0.0,0.0
no04,533967_00978_01607_1,1745,17:45,0.0,0.0,0.0
no04,533967_00978_01607_1,1800,18:00,0.0,0.0,0.0
no04,533967_00978_01607_1,1815,18:15,0.0,0.0,0.0
no04,533967_00978_01607_1,1830,18:30,0.0,0.0,0.0
no04,533967_00978_01607_1,1845,18:45,0.0,0.0,0.0
no04,533967_00978_12969_0,630,06:30,868.4995000000001,865.99,-2.5095000000001164
no04,533967_00978_12969_0,645,06:45,1089.631,1088.0855,-1.5455000000001746
no04,533967_00978_12969_0,700,07:00,984.992,990.2185,5.226499999999987
no04,533967_00978_12969_0,715,07:15,1404.241,1412.4665,8.225500000000011
no04,533967_00978_12969_0,730,07:30,1505.2235,1534.6219999999998,29.398499999999785
no04,533967_00978_12969_0,745,07:45,1503.9275,1455.7914999999998,-48.136000000000195
no04,533967_00978_12969_0,800,08:00,1812.2490000000005,1813.2655,1.0164999999994961
no04,533967_00978_12969_0,815,08:15,1866.4405,1888.7085,22.26800000000003
no04,533967_00978_12969_0,830,08:30,901.3525,908.6215,7.2690000000000055
no04,533967_00978_12969_0,845,08:45,1128.8094999999998,1135.159,6.349500000000262
no04,533967_00978_12969_0,900,09:00,1394.5225,1389.244,-5.278500000000122
no04,533967_00978_12969_0,915,09:15,579.3465,560.0135,-19.33299999999997
no04,533967_00978_12969_0,930,09:30,617.4435000000001,615.269,-2.17450000000008
no04,533967_00978_12969_0,945,09:45,707.0020000000001,706.4345000000001,-0.5674999999999955
no04,533967_00978_12969_0,1000,10:00,433.45,436.972,3.5219999999999914
no04,533967_00978_12969_0,1015,10:15,245.5505,240.717,-4.833499999999987
no04,533967_00978_12969_0,1030,10:30,271.306,279.3055,7.999500000000012
no04,533967_00978_12969_0,1045,10:45,501.276,508.2355,6.959499999999991
no04,533967_00978_12969_0,1100,11:00,402.164,394.596,-7.567999999999984
no04,533967_00978_12969_0,1115,11:15,201.5965,201.896,0.29949999999999477
no04,533967_00978_12969_0,1130,11:30,173.28050000000002,171.3895,-1.8910000000000196
no04,533967_00978_12969_0,1145,11:45,157.4925,166.653,9.160499999999985
no04,533967_00978_12969_0,1200,12:00,648.2284999999999,630.3095000000001,-17.91899999999987
no04,533967_00978_12969_0,1215,12:15,710.2149999999999,718.767,8.552000000000135
no04,533967_00978_12969_0,1230,12:30,260.1205,261.4535,1.3330000000000268
no04,533967_00978_12969_0,1245,12:45,502.5615,518.4365,15.875
no04,533967_00978_12969_0,1300,13:00,741.004,722.2014999999999,-18.802500000000123
no04,533967_00978_12969_0,1315,13:15,582.4155,582.3635,-0.05199999999990723
no04,533967_00978_12969_0,1330,13:30,523.0375,503.34,-19.697500000000048
no04,533967_00978_12969_0,1345,13:45,448.346,490.2360000000001,41.8900000000001
no04,533967_00978_12969_0,1400,14:00,477.1415,471.8225000000001,-5.318999999999903
no04,533967_00978_12969_0,1415,14:15,409.93500000000006,386.5535,-23.381500000000074
no04,533967_00978_12969_0,1430,14:30,763.6345,777.1785,13.543999999999983
no04,533967_00978_12969_0,1445,14:45,725.042,722.841,-2.201000000000022
no04,533967_00978_12969_0,1500,15:00,338.95500000000004,347.09000000000003,8.134999999999991
no04,533967_00978_12969_0,1515,15:15,157.342,139.898,-17.444000000000017
no04,533967_00978_12969_0,1530,15:30,284.01750000000004,283.922,-0.09550000000001546
no04,533967_00978_12969_0,1545,15:45,615.508,640.4064999999999,24.8984999999999
no04,533967_00978_12969_0,1600,16:00,310.3785,288.942,-21.436499999999967
no04,533967_00978_12969_0,1615,16:15,236.909,244.3205,7.411500000000018
no04,533967_00978_12969_0,1630,16:30,601.1345,598.4625,-2.6720000000000255
no04,533967_00978_12969_0,1645,16:45,748.214,748.496,0.2819999999999254
no04,533967_00978_12969_0,1700,17:00,715.7655,735.76,19.994500000000016
no04,533967_00978_12969_0,1715,17:15,467.0915,457.06450000000007,-10.02699999999993
no04,533967_00978_12969_0,1730,17:30,864.537,857.858,-6.679000000000087
no04,533967_00978_12969_0,1745,17:45,898.107,881.2215,-16.88549999999998
no04,533967_00978_12969_0,1800,18:00,783.4060000000001,819.5015,36.0954999999999
no04,533967_00978_12969_0,1815,18:15,730.9455,713.4515,-17.494000000000028
no04,533967_00978_12969_0,1830,18:30,511.0425,529.2075,18.164999999999964
no04,533967_00978_12969_0,1845,18:45,966.5465,948.943,-17.603500000000054
no04,533967_00978_12969_1,630,06:30,295.523,295.508,-0.015000000000043201
no04,533967_00978_12969_1,645,06:45,278.488,278.654,0.16599999999999682
no04,533967_00978_12969_1,700,07:00,339.153,339.153,0.0
no04,533967_00978_12969_1,715,07:15,428.0815,426.542,-1.5395000000000323
no04,533967_00978_12969_1,730,07:30,638.735,637.0835,-1.6515000000000555
no04,533967_00978_12969_1,745,07:45,655.2135000000001,660.885,5.671499999999924
no04,533967_00978_12969_1,800,08:00,604.2555,598.9264999999999,-5.329000000000065
no04,533967_00978_12969_1,815,08:15,507.41399999999993,513.113,5.699000000000126
no04,533967_00978_12969_1,830,08:30,562.595,560.278,-2.3170000000000073
no04,533967_00978_12969_1,845,08:45,614.53,613.409,-1.120999999999981
no04,533967_00978_12969_1,900,09:00,618.1625,624.809,6.646499999999946
no04,533967_00978_12969_1,915,09:15,585.926,585.1659999999999,-0.7600000000001046
no04,533967_00978_12969_1,930,09:30,378.761,372.429,-6.3320000000000505
no04,533967_00978_12969_1,945,09:45,812.6474999999999,813.7035,1.05600000000004
no04,533967_00978_12969_1,1000,10:00,957.9445,965.3255,7.3810000000000855
no04,533967_00978_12969_1,1015,10:15,559.1415,552.2755,-6.8659999999999854
no04,533967_00978_12969_1,1030,10:30,537.968,535.7565,-2.211500000000001
no04,533967_00978_12969_1,1045,10:45,762.414,762.009,-0.4049999999999727
no04,533967_00978_12969_1,1100,11:00,791.687,792.8915,1.204499999999939
no04,533967_00978_12969_1,1115,11:15,896.2684999999999,903.8125,7.544000000000096
no04,533967_00978_12969_1,1130,11:30,659.855,660.0260000000001,0.1710000000000491
no04,533967_00978_12969_1,1145,11:45,709.0264999999999,701.4815,-7.544999999999959
no04,533967_00978_12969_1,1200,12:00,662.4875,660.602,-1.885499999999979
no04,533967_00978_12969_1,1215,12:15,786.604,786.8655,0.26149999999995543
no04,533967_00978_12969_1,1230,12:30,474.3755,470.835,-3.5405000000000086
no04,533967_00978_12969_1,1245,12:45,918.0525,922.2525,4.2000000000000455
no04,533967_00978_12969_1,1300,13:00,702.1485,707.6769999999999,5.5284999999998945
no04,533967_00978_12969_1,1315,13:15,840.6395,838.539,-2.100500000000011
no04,533967_00978_12969_1,1330,13:30,922.3465,910.1835,-12.163000000000011
no04,533967_00978_12969_1,1345,13:45,456.575,458.636,2.0610000000000355
no04,533967_00978_12969_1,1400,14:00,662.625,669.7015,7.07650000000001
no04,533967_00978_12969_1,1415,14:15,921.892,914.193,-7.699000000000069
no04,533967_00978_12969_1,1430,14:30,499.555,505.113,5.557999999999993
no04,533967_00978_12969_1,1445,14:45,683.967,681.2429999999999,-2.7240000000000464
no04,533967_00978_12969_1,1500,15:00,790.5315,792.867,2.335499999999911
no04,533967_00978_12969_1,1515,15:15,561.6189999999999,557.6535,-3.9654999999999063
no04,533967_00978_12969_1,1530,15:30,779.7574999999999,783.0229999999999,3.2654999999999745
no04,533967_00978_12969_1,1545,15:45,568.111,570.788,2.677000000000021
no04,533967_00978_12969_1,1600,16:00,853.3915000000001,848.53,-4.861500000000092
no04,533967_00978_12969_1,1615,16:15,839.3205,834.6110000000001,-4.7094999999999345
no04,533967_00978_12969_1,1630,16:30,558.2529999999999,560.4939999999999,2.2409999999999854
no04,533967_00978_12969_1,1645,16:45,847.6809999999999,850.366,2.685000000000059
no04,533967_00978_12969_1,1700,17:00,669.7625,664.051,-5.711500000000001
no04,533967_00978_12969_1,1715,17:15,697.7475000000001,706.319,8.5714999999999
no04,533967_00978_12969_1,1730,17:30,894.6274999999999,887.068,-7.559499999999957
no04,533967_00978_12969_1,1745,17:45,722.3615,725.9385,3.576999999999998
no04,533967_00978_12969_1,1800,18:00,863.1815,866.583,3.401499999999942
no04,533967_00978_12969_1,1815,18:15,627.1575,620.681,-6.476499999999987
no04,533967_00978_12969_1,1830,18:30,953.735,955.9585,2.2234999999999445
no04,533967_00978_12969_1,1845,18:45,742.824,750.457,7.633000000000038
no04,533967_00978_87768_0,630,06:30,0.0,0.0,0.0
no04,533967_00978_87768_0,645,06:45,0.0,0.0,0.0
no04,533967_00978_87768_0,700,07:00,0.0,0.0,0.0
no04,533967_00978_87768_0,715,07:15,0.0,0.0,0.0
no04,533967_00978_87768_0,730,07:30,0.0,0.0,0.0
no04,533967_00978_87768_0,745,07:45,0.0,0.0,0.0
no04,533967_00978_87768_0,800,08:00,0.0,0.0,0.0
no04,533967_00978_87768_0,815,08:15,0.0,0.0,0.0
no04,533967_00978_87768_0,830,08:30,0.0,0.0,0.0
no04,533967_00978_87768_0,845,08:45,0.0,0.0,0.0
no04,533967_00978_87768_0,900,09:00,0.0,0.0,0.0
no04,533967_00978_87768_0,915,09:15,0.0,0.0,0.0
no04,533967_00978_87768_0,930,09:30,0.0,0.0,0.0
no04,533967_00978_87768_0,945,09:45,0.0,0.0,0.0
no04,533967_00978_87768_0,1000,10:00,0.0,0.0,0.0
no04,533967_00978_87768_0,1015,10:15,0.0,0.0,0.0
no04,533967_00978_87768_0,1030,10:30,0.0,0.0,0.0
no04,533967_00978_87768_0,1045,10:45,0.0,0.0,0.0
no04,533967_00978_87768_0,1100,11:00,0.0,0.0,0.0
no04,533967_00978_87768_0,1115,11:15,0.0,0.0,0.0
no04,533967_00978_87768_0,1130,11:30,0.0,0.0,0.0
no04,533967_00978_87768_0,1145,11:45,0.0,0.0,0.0
no04,533967_00978_87768_0,1200,12:00,0.0,0.0,0.0
no04,533967_00978_87768_0,1215,12:15,0.0,0.0,0.0
no04,533967_00978_87768_0,1230,12:30,0.0,0.0,0.0
no04,533967_00978_87768_0,1245,12:45,0.0,0.0,0.0
no04,533967_00978_87768_0,1300,13:00,0.0,0.0,0.0
no04,533967_00978_87768_0,1315,13:15,0.0,0.0,0.0
no04,533967_00978_87768_0,1330,13:30,0.0,0.0,0.0
no04,533967_00978_87768_0,1345,13:45,0.0,0.0,0.0
no04,533967_00978_87768_0,1400,14:00,0.0,0.0,0.0
no04,533967_00978_87768_0,1415,14:15,0.0,0.0,0.0
no04,533967_00978_87768_0,1430,14:30,0.0,0.0,0.0
no04,533967_00978_87768_0,1445,14:45,0.0,0.0,0.0
no04,533967_00978_87768_0,1500,15:00,0.0,0.0,0.0
no04,533967_00978_87768_0,1515,15:15,0.0,0.0,0.0
no04,533967_00978_87768_0,1530,15:30,0.0,0.0,0.0
no04,533967_00978_87768_0,1545,15:45,0.0,0.0,0.0
no04,533967_00978_87768_0,1600,16:00,0.0,0.0,0.0
no04,533967_00978_87768_0,1615,16:15,0.0,0.0,0.0
no04,533967_00978_87768_0,1630,16:30,0.0,0.0,0.0
no04,533967_00978_87768_0,1645,16:45,0.0,0.0,0.0
no04,533967_00978_87768_0,1700,17:00,0.0,0.0,0.0
no04,533967_00978_87768_0,1715,17:15,0.0,0.0,0.0
no04,533967_00978_87768_0,1730,17:30,0.0,0.0,0.0
no04,533967_00978_87768_0,1745,17:45,0.0,0.0,0.0
no04,533967_00978_87768_0,1800,18:00,0.0,0.0,0.0
no04,533967_00978_87768_0,1815,18:15,0.0,0.0,0.0
no04,533967_00978_87768_0,1830,18:30,0.0,0.0,0.0
no04,533967_00978_87768_0,1845,18:45,0.0,0.0,0.0
no04,533967_00978_87768_1,630,06:30,0.0,0.0,0.0
no04,533967_00978_87768_1,645,06:45,0.0,0.0,0.0
no04,533967_00978_87768_1,700,07:00,0.0,0.0,0.0
no04,533967_00978_87768_1,715,07:15,0.0,0.0,0.0
no04,533967_00978_87768_1,730,07:30,0.0,0.0,0.0
no04,533967_00978_87768_1,745,07:45,0.0,0.0,0.0
no04,533967_00978_87768_1,800,08:00,0.0,0.0,0.0
no04,533967_00978_87768_1,815,08:15,0.0,0.0,0.0
no04,533967_00978_87768_1,830,08:30,0.0,0.0,0.0
no04,533967_00978_87768_1,845,08:45,0.0,0.0,0.0
no04,533967_00978_87768_1,900,09:00,0.0,0.0,0.0
no04,533967_00978_87768_1,915,09:15,0.0,0.0,0.0
no04,533967_00978_87768_1,930,09:30,0.0,0.0,0.0
no04,533967_00978_87768_1,945,09:45,0.0,0.0,0.0
no04,533967_00978_87768_1,1000,10:00,0.0,0.0,0.0
no04,533967_00978_87768_1,1015,10:15,0.0,0.0,0.0
no04,533967_00978_87768_1,1030,10:30,0.0,0.0,0.0
no04,533967_00978_87768_1,1045,10:45,0.0,0.0,0.0
no04,533967_00978_87768_1,1100,11:00,0.0,0.0,0.0
no04,533967_00978_87768_1,1115,11:15,0.0,0.0,0.0
no04,533967_00978_87768_1,1130,11:30,0.0,0.0,0.0
no04,533967_00978_87768_1,1145,11:45,0.0,0.0,0.0
no04,533967_00978_87768_1,1200,12:00,0.0,0.0,0.0
no04,533967_00978_87768_1,1215,12:15,0.0,0.0,0.0
no04,533967_00978_87768_1,1230,12:30,0.0,0.0,0.0
no04,533967_00978_87768_1,1245,12:45,0.0,0.0,0.0
no04,533967_00978_87768_1,1300,13:00,0.0,0.0,0.0
no04,533967_00978_87768_1,1315,13:15,0.0,0.0,0.0
no04,533967_00978_87768_1,1330,13:30,0.0,0.0,0.0
no04,533967_00978_87768_1,1345,13:45,0.0,0.0,0.0
no04,533967_00978_87768_1,1400,14:00,0.0,0.0,0.0
no04,533967_00978_87768_1,1415,14:15,0.0,0.0,0.0
no04,533967_00978_87768_1,1430,14:30,0.0,0.0,0.0
no04,533967_00978_87768_1,1445,14:45,0.0,0.0,0.0
no04,533967_00978_87768_1,1500,15:00,0.0,0.0,0.0
no04,533967_00978_87768_1,1515,15:15,0.0,0.0,0.0
no04,533967_00978_87768_1,1530,15:30,0.0,0.0,0.0
no04,533967_00978_87768_1,1545,15:45,0.0,0.0,0.0
no04,533967_00978_87768_1,1600,16:00,0.0,0.0,0.0
no04,533967_00978_87768_1,1615,16:15,0.0,0.0,0.0
no04,533967_00978_87768_1,1630,16:30,0.0,0.0,0.0
no04,533967_00978_87768_1,1645,16:45,0.0,0.0,0.0
no04,533967_00978_87768_1,1700,17:00,0.0,0.0,0.0
no04,533967_00978_87768_1,1715,17:15,0.0,0.0,0.0
no04,533967_00978_87768_1,1730,17:30,0.0,0.0,0.0
no04,533967_00978_87768_1,1745,17:45,0.0,0.0,0.0
no04,533967_00978_87768_1,1800,18:00,0.0,0.0,0.0
no04,533967_00978_87768_1,1815,18:15,0.0,0.0,0.0
no04,533967_00978_87768_1,1830,18:30,0.0,0.0,0.0
no04,533967_00978_87768_1,1845,18:45,0.0,0.0,0.0
no04,533967_01268_13716_0,630,06:30,0.0,0.0,0.0
no04,533967_01268_13716_0,645,06:45,0.0,0.0,0.0
no04,533967_01268_13716_0,700,07:00,0.0,0.0,0.0
no04,533967_01268_13716_0,715,07:15,0.0,0.0,0.0
no04,533967_01268_13716_0,730,07:30,0.0,0.0,0.0
no04,533967_01268_13716_0,745,07:45,0.0,0.0,0.0
no04,533967_01268_13716_0,800,08:00,0.0,0.0,0.0
no04,533967_01268_13716_0,815,08:15,0.0,0.0,0.0
no04,533967_01268_13716_0,830,08:30,0.0,0.0,0.0
no04,533967_01268_13716_0,845,08:45,0.0,0.0,0.0
no04,533967_01268_13716_0,900,09:00,0.0,0.0,0.0
no04,533967_01268_13716_0,915,09:15,0.0,0.0,0.0
no04,533967_01268_13716_0,930,09:30,0.0,0.0,0.0
no04,533967_01268_13716_0,945,09:45,0.0,0.0,0.0
no04,533967_01268_13716_0,1000,10:00,0.0,0.0,0.0
no04,533967_01268_13716_0,1015,10:15,0.0,0.0,0.0
no04,533967_01268_13716_0,1030,10:30,0.0,0.0,0.0
no04,533967_01268_13716_0,1045,10:45,0.0,0.0,0.0
no04,533967_01268_13716_0,1100,11:00,0.0,0.0,0.0
no04,533967_01268_13716_0,1115,11:15,0.0,0.0,0.0
no04,533967_01268_13716_0,1130,11:30,0.0,0.0,0.0
no04,533967_01268_13716_0,1145,11:45,0.0,0.0,0.0
no04,533967_01268_13716_0,1200,12:00,0.0,0.0,0.0
no04,533967_01268_13716_0,1215,12:15,0.0,0.0,0.0
no04,533967_01268_13716_0,1230,12:30,0.0,0.0,0.0
no04,533967_01268_13716_0,1245,12:45,0.0,0.0,0.0
no04,533967_01268_13716_0,1300,13:00,0.0,0.0,0.0
no04,533967_01268_13716_0,1315,13:15,0.0,0.0,0.0
no04,533967_01268_13716_0,1330,13:30,0.0,0.0,0.0
no04,533967_01268_13716_0,1345,13:45,0.0,0.0,0.0
no04,533967_01268_13716_0,1400,14:00,0.0,0.0,0.0
no04,533967_01268_13716_0,1415,14:15,0.0,0.0,0.0
no04,533967_01268_13716_0,1430,14:30,0.0,0.0,0.0
no04,533967_01268_13716_0,1445,14:45,0.0,0.0,0.0
no04,533967_01268_13716_0,1500,15:00,0.0,0.0,0.0
no04,533967_01268_13716_0,1515,15:15,0.0,0.0,0.0
no04,533967_01268_13716_0,1530,15:30,0.0,0.0,0.0
no04,533967_01268_13716_0,1545,15:45,0.0,0.0,0.0
no04,533967_01268_13716_0,1600,16:00,0.0,0.0,0.0
no04,533967_01268_13716_0,1615,16:15,0.0,0.0,0.0
no04,533967_01268_13716_0,1630,16:30,0.0,0.0,0.0
no04,533967_01268_13716_0,1645,16:45,0.0,0.0,0.0
no04,533967_01268_13716_0,1700,17:00,0.0,0.0,0.0
no04,533967_01268_13716_0,1715,17:15,0.0,0.0,0.0
no04,533967_01268_13716_0,1730,17:30,0.0,0.0,0.0
no04,533967_01268_13716_0,1745,17:45,0.0,0.0,0.0
no04,533967_01268_13716_0,1800,18:00,0.0,0.0,0.0
no04,533967_01268_13716_0,1815,18:15,0.0,0.0,0.0
no04,533967_01268_13716_0,1830,18:30,0.0,0.0,0.0
no04,533967_01268_13716_0,1845,18:45,0.0,0.0,0.0
no04,533967_01268_13716_1,630,06:30,0.0,0.0,0.0
no04,533967_01268_13716_1,645,06:45,0.0,0.0,0.0
no04,533967_01268_13716_1,700,07:00,0.0,0.0,0.0
no04,533967_01268_13716_1,715,07:15,0.0,0.0,0.0
no04,533967_01268_13716_1,730,07:30,0.0,0.0,0.0
no04,533967_01268_13716_1,745,07:45,0.0,0.0,0.0
no04,533967_01268_13716_1,800,08:00,0.0,0.0,0.0
no04,533967_01268_13716_1,815,08:15,0.0,0.0,0.0
no04,533967_01268_13716_1,830,08:30,0.0,0.0,0.0
no04,533967_01268_13716_1,845,08:45,0.0,0.0,0.0
no04,533967_01268_13716_1,900,09:00,0.0,0.0,0.0
no04,533967_01268_13716_1,915,09:15,0.0,0.0,0.0
no04,533967_01268_13716_1,930,09:30,0.0,0.0,0.0
no04,533967_01268_13716_1,945,09:45,0.0,0.0,0.0
no04,533967_01268_13716_1,1000,10:00,0.0,0.0,0.0
no04,533967_01268_13716_1,1015,10:15,0.0,0.0,0.0
no04,533967_01268_13716_1,1030,10:30,0.0,0.0,0.0
no04,533967_01268_13716_1,1045,10:45,0.0,0.0,0.0
no04,533967_01268_13716_1,1100,11:00,0.0,0.0,0.0
no04,533967_01268_13716_1,1115,11:15,0.0,0.0,0.0
no04,533967_01268_13716_1,1130,11:30,0.0,0.0,0.0
no04,533967_01268_13716_1,1145,11:45,0.0,0.0,0.0
no04,533967_01268_13716_1,1200,12:00,0.0,0.0,0.0
no04,533967_01268_13716_1,1215,12:15,0.0,0.0,0.0
no04,533967_01268_13716_1,1230,12:30,0.0,0.0,0.0
no04,533967_01268_13716_1,1245,12:45,0.0,0.0,0.0
no04,533967_01268_13716_1,1300,13:00,0.0,0.0,0.0
no04,533967_01268_13716_1,1315,13:15,0.0,0.0,0.0
no04,533967_01268_13716_1,1330,13:30,0.0,0.0,0.0
no04,533967_01268_13716_1,1345,13:45,0.0,0.0,0.0
no04,533967_01268_13716_1,1400,14:00,0.0,0.0,0.0
no04,533967_01268_13716_1,1415,14:15,0.0,0.0,0.0
no04,533967_01268_13716_1,1430,14:30,0.0,0.0,0.0
no04,533967_01268_13716_1,1445,14:45,0.0,0.0,0.0
no04,533967_01268_13716_1,1500,15:00,0.0,0.0,0.0
no04,533967_01268_13716_1,1515,15:15,0.0,0.0,0.0
no04,533967_01268_13716_1,1530,15:30,0.0,0.0,0.0
no04,533967_01268_13716_1,1545,15:45,0.0,0.0,0.0
no04,533967_01268_13716_1,1600,16:00,0.0,0.0,0.0
no04,533967_01268_13716_1,1615,16:15,0.0,0.0,0.0
no04,533967_01268_13716_1,1630,16:30,0.0,0.0,0.0
no04,533967_01268_13716_1,1645,16:45,0.0,0.0,0.0
no04,533967_01268_13716_1,1700,17:00,705.95,422.085,-283.86500000000007
no04,533967_01268_13716_1,1715,17:15,0.0,0.0,0.0
no04,533967_01268_13716_1,1730,17:30,0.0,0.0,0.0
no04,533967_01268_13716_1,1745,17:45,0.0,0.0,0.0
no04,533967_01268_13716_1,1800,18:00,0.0,0.0,0.0
no04,533967_01268_13716_1,1815,18:15,0.0,0.0,0.0
no04,533967_01268_13716_1,1830,18:30,0.0,0.0,0.0
no04,533967_01268_13716_1,1845,18:45,0.0,0.0,0.0
no04,533967_01269_13715_0,630,06:30,239.8595,238.698,-1.1614999999999895
no04,533967_01269_13715_0,645,06:45,314.0125,314.4755,0.4630000000000223
no04,533967_01269_13715_0,700,07:00,92.5645,92.906,0.3415000000000106
no04,533967_01269_13715_0,715,07:15,341.7645,337.8225,-3.9420000000000073
no04,533967_01269_13715_0,730,07:30,396.145,400.8905,4.745499999999993
no04,533967_01269_13715_0,745,07:45,459.6985,463.9045,4.20599999999996
no04,533967_01269_13715_0,800,08:00,555.1569999999999,548.6655000000001,-6.49149999999986
no04,533967_01269_13715_0,815,08:15,244.047,245.894,1.8470000000000084
no04,533967_01269_13715_0,830,08:30,665.9815000000001,664.2675,-1.7140000000000555
no04,533967_01269_13715_0,845,08:45,362.922,357.198,-5.724000000000046
no04,533967_01269_13715_0,900,09:00,287.372,292.7505,5.378499999999974
no04,533967_01269_13715_0,915,09:15,614.947,618.0905,3.1435000000000173
no04,533967_01269_13715_0,930,09:30,305.6495,301.202,-4.447499999999991
no04,533967_01269_13715_0,945,09:45,158.408,157.588,-0.8199999999999932
no04,533967_01269_13715_0,1000,10:00,576.6514999999999,572.3125,-4.338999999999942
no04,533967_01269_13715_0,1015,10:15,231.349,232.9495,1.600500000000011
no04,533967_01269_13715_0,1030,10:30,436.2335,430.912,-5.3215000000000146
no04,533967_01269_13715_0,1045,10:45,249.2255,256.315,7.089499999999987
no04,533967_01269_13715_0,1100,11:00,358.748,348.9705,-9.777499999999975
no04,533967_01269_13715_0,1115,11:15,367.448,387.379,19.93100000000004
no04,533967_01269_13715_0,1130,11:30,313.5195,307.6085,-5.911000000000001
no04,533967_01269_13715_0,1145,11:45,421.221,412.5955,-8.625499999999988
no04,533967_01269_13715_0,1200,12:00,384.3635,380.4435,-3.920000000000016
no04,533967_01269_13715_0,1215,12:15,370.3065,368.377,-1.9295000000000186
no04,533967_01269_13715_0,1230,12:30,524.9995,532.3985,7.399000000000001
no04,533967_01269_13715_0,1245,12:45,460.68,458.1595,-2.520500000000027
no04,533967_01269_13715_0,1300,13:00,421.30550000000005,430.436,9.130499999999927
no04,533967_01269_13715_0,1315,13:15,302.4395,302.7285,0.28899999999998727
no04,533967_01269_13715_0,1330,13:30,385.1725,382.4245,-2.7479999999999905
no04,533967_01269_13715_0,1345,13:45,213.511,208.313,-5.1980000000000075
no04,533967_01269_13715_0,1400,14:00,371.714,368.7615,-2.9524999999999864
no04,533967_01269_13715_0,1415,14:15,223.04,232.36150000000004,9.321500000000043
no04,533967_01269_13715_0,1430,14:30,554.074,546.287,-7.786999999999921
no04,533967_01269_13715_0,1445,14:45,337.9305,336.4345,-1.495999999999981
no04,533967_01269_13715_0,1500,15:00,289.617,300.543,10.925999999999988
no04,533967_01269_13715_0,1515,15:15,431.566,430.7515,-0.8144999999999527
no04,533967_01269_13715_0,1530,15:30,234.7395,232.558,-2.1814999999999998
no04,533967_01269_13715_0,1545,15:45,338.5455,336.24,-2.305499999999995
no04,533967_01269_13715_0,1600,16:00,335.7725,328.009,-7.763499999999965
no04,533967_01269_13715_0,1615,16:15,591.7845,601.198,9.413499999999999
no04,533967_01269_13715_0,1630,16:30,610.55,617.1605000000001,6.6105000000001155
no04,533967_01269_13715_0,1645,16:45,211.669,205.411,-6.25800000000001
no04,533967_01269_13715_0,1700,17:00,324.0815,333.5515,9.46999999999997
no04,533967_01269_13715_0,1715,17:15,131.70350000000002,123.196,-8.507500000000022
no04,533967_01269_13715_0,1730,17:30,286.472,288.9825,2.510500000000036
no04,533967_01269_13715_0,1745,17:45,472.018,459.8155,-12.202499999999986
no04,533967_01269_13715_0,1800,18:00,542.278,548.8665,6.588499999999954
no04,533967_01269_13715_0,1815,18:15,421.0345,421.2975,0.26300000000003365
no04,533967_01269_13715_0,1830,18:30,275.8525,270.3105,-5.54200000000003
no04,533967_01269_13715_0,1845,18:45,370.3095,374.053,3.743499999999983
no04,533967_01405_01406_0,630,06:30,0.0,0.0,0.0
no04,533967_01405_01406_0,645,06:45,0.0,0.0,0.0
no04,533967_01405_01406_0,700,07:00,0.0,0.0,0.0
no04,533967_01405_01406_0,715,07:15,0.0,0.0,0.0
no04,533967_01405_01406_0,730,07:30,0.0,0.0,0.0
no04,533967_01405_01406_0,745,07:45,0.0,0.0,0.0
no04,533967_01405_01406_0,800,08:00,0.0,0.0,0.0
no04,533967_01405_01406_0,815,08:15,0.0,0.0,0.0
no04,533967_01405_01406_0,830,08:30,0.0,0.0,0.0
no04,533967_01405_01406_0,845,08:45,0.0,0.0,0.0
no04,533967_01405_01406_0,900,09:00,0.0,0.0,0.0
no04,533967_01405_01406_0,915,09:15,0.0,0.0,0.0
no04,533967_01405_01406_0,930,09:30,6.505,0.0,-6.505
no04,533967_01405_01406_0,945,09:45,0.0,0.0,0.0
no04,533967_01405_01406_0,1000,10:00,0.0,0.0,0.0
no04,533967_01405_01406_0,1015,10:15,0.0,0.0,0.0
no04,533967_01405_01406_0,1030,10:30,0.0,0.0,0.0
no04,533967_01405_01406_0,1045,10:45,0.0,0.0,0.0
no04,533967_01405_01406_0,1100,11:00,0.0,0.0,0.0
no04,533967_01405_01406_0,1115,11:15,0.0,0.0,0.0
no04,533967_01405_01406_0,1130,11:30,0.0,0.0,0.0
no04,533967_01405_01406_0,1145,11:45,0.0,0.0,0.0
no04,533967_01405_01406_0,1200,12:00,0.0,0.0,0.0
no04,533967_01405_01406_0,1215,12:15,0.0,0.0,0.0
no04,533967_01405_01406_0,1230,12:30,0.0,0.0,0.0
no04,533967_01405_01406_0,1245,12:45,0.0,0.0,0.0
no04,533967_01405_01406_0,1300,13:00,0.0,0.0,0.0
no04,533967_01405_01406_0,1315,13:15,0.0,0.0,0.0
no04,533967_01405_01406_0,1330,13:30,0.0,0.0,0.0
no04,533967_01405_01406_0,1345,13:45,0.0,0.0,0.0
no04,533967_01405_01406_0,1400,14:00,0.0,0.0,0.0
no04,533967_01405_01406_0,1415,14:15,0.0,0.0,0.0
no04,533967_01405_01406_0,1430,14:30,0.0,0.0,0.0
no04,533967_01405_01406_0,1445,14:45,0.0,0.0,0.0
no04,533967_01405_01406_0,1500,15:00,0.0,0.0,0.0
no04,533967_01405_01406_0,1515,15:15,0.0,0.0,0.0
no04,533967_01405_01406_0,1530,15:30,0.0,0.0,0.0
no04,533967_01405_01406_0,1545,15:45,0.0,0.0,0.0
no04,533967_01405_01406_0,1600,16:00,5.0,0.0,-5.0
no04,533967_01405_01406_0,1615,16:15,18.97,0.0,-18.97
no04,533967_01405_01406_0,1630,16:30,0.0,0.0,0.0
no04,533967_01405_01406_0,1645,16:45,0.0,0.0,0.0
no04,533967_01405_01406_0,1700,17:00,143.15,90.465,-52.685
no04,533967_01405_01406_0,1715,17:15,0.0,0.0,0.0
no04,533967_01405_01406_0,1730,17:30,0.0,0.0,0.0
no04,533967_01405_01406_0,1745,17:45,0.0,0.0,0.0
no04,533967_01405_01406_0,1800,18:00,0.0,0.0,0.0
no04,533967_01405_01406_0,1815,18:15,0.0,0.0,0.0
no04,533967_01405_01406_0,1830,18:30,13.150000000000002,0.0,-13.150000000000002
no04,533967_01405_01406_0,1845,18:45,0.0,0.0,0.0
no04,533967_01405_01406_1,630,06:30,0.0,0.0,0.0
no04,533967_01405_01406_1,645,06:45,0.0,0.0,0.0
no04,533967_01405_01406_1,700,07:00,0.0,0.0,0.0
no04,533967_01405_01406_1,715,07:15,0.0,0.0,0.0
no04,533967_01405_01406_1,730,07:30,0.0,0.0,0.0
no04,533967_01405_01406_1,745,07:45,0.0,0.0,0.0
no04,533967_01405_01406_1,800,08:00,0.0,0.0,0.0
no04,533967_01405_01406_1,815,08:15,0.0,0.0,0.0
no04,533967_01405_01406_1,830,08:30,0.0,0.0,0.0
no04,533967_01405_01406_1,845,08:45,0.0,0.0,0.0
no04,533967_01405_01406_1,900,09:00,0.0,0.0,0.0
no04,533967_01405_01406_1,915,09:15,0.0,0.0,0.0
no04,533967_01405_01406_1,930,09:30,0.0,0.0,0.0
no04,533967_01405_01406_1,945,09:45,0.0,0.0,0.0
no04,533967_01405_01406_1,1000,10:00,0.0,0.0,0.0
no04,533967_01405_01406_1,1015,10:15,0.0,0.0,0.0
no04,533967_01405_01406_1,1030,10:30,0.0,0.0,0.0
no04,533967_01405_01406_1,1045,10:45,0.0,0.0,0.0
no04,533967_01405_01406_1,1100,11:00,0.0,0.0,0.0
no04,533967_01405_01406_1,1115,11:15,0.0,0.0,0.0
no04,533967_01405_01406_1,1130,11:30,0.0,0.0,0.0
no04,533967_01405_01406_1,1145,11:45,0.0,0.0,0.0
no04,533967_01405_01406_1,1200,12:00,0.0,0.0,0.0
no04,533967_01405_01406_1,1215,12:15,0.0,0.0,0.0
no04,533967_01405_01406_1,1230,12:30,0.0,0.0,0.0
no04,533967_01405_01406_1,1245,12:45,0.0,0.0,0.0
no04,533967_01405_01406_1,1300,13:00,0.0,0.0,0.0
no04,533967_01405_01406_1,1315,13:15,0.0,0.0,0.0
no04,533967_01405_01406_1,1330,13:30,0.0,0.0,0.0
no04,533967_01405_01406_1,1345,13:45,0.0,0.0,0.0
no04,533967_01405_01406_1,1400,14:00,0.0,0.0,0.0
no04,533967_01405_01406_1,1415,14:15,0.0,0.0,0.0
no04,533967_01405_01406_1,1430,14:30,0.0,0.0,0.0
no04,533967_01405_01406_1,1445,14:45,0.0,0.0,0.0
no04,533967_01405_01406_1,1500,15:00,0.0,0.0,0.0
no04,533967_01405_01406_1,1515,15:15,0.0,0.0,0.0
no04,533967_01405_01406_1,1530,15:30,0.0,0.0,0.0
no04,533967_01405_01406_1,1545,15:45,0.0,0.0,0.0
no04,533967_01405_01406_1,1600,16:00,0.0,0.0,0.0
no04,533967_01405_01406_1,1615,16:15,0.0,0.0,0.0
no04,533967_01405_01406_1,1630,16:30,0.0,0.0,0.0
no04,533967_01405_01406_1,1645,16:45,0.0,0.0,0.0
no04,533967_01405_01406_1,1700,17:00,0.0,0.0,0.0
no04,533967_01405_01406_1,1715,17:15,0.0,0.0,0.0
no04,533967_01405_01406_1,1730,17:30,0.0,0.0,0.0
no04,533967_01405_01406_1,1745,17:45,0.0,0.0,0.0
no04,533967_01405_01406_1,1800,18:00,0.0,0.0,0.0
no04,533967_01405_01406_1,1815,18:15,0.0,0.0,0.0
no04,533967_01405_01406_1,1830,18:30,0.0,0.0,0.0
no04,533967_01405_01406_1,1845,18:45,0.0,0.0,0.0
no04,533967_01406_01408_0,630,06:30,0.0,0.0,0.0
no04,533967_01406_01408_0,645,06:45,0.0,0.0,0.0
no04,533967_01406_01408_0,700,07:00,0.0,0.0,0.0
no04,533967_01406_01408_0,715,07:15,0.0,0.0,0.0
no04,533967_01406_01408_0,730,07:30,0.0,0.0,0.0
no04,533967_01406_01408_0,745,07:45,0.0,0.0,0.0
no04,533967_01406_01408_0,800,08:00,0.0,0.0,0.0
no04,533967_01406_01408_0,815,08:15,0.0,0.0,0.0
no04,533967_01406_01408_0,830,08:30,0.0,0.0,0.0
no04,533967_01406_01408_0,845,08:45,0.0,0.0,0.0
no04,533967_01406_01408_0,900,09:00,0.0,0.0,0.0
no04,533967_01406_01408_0,915,09:15,0.0,0.0,0.0
no04,533967_01406_01408_0,930,09:30,0.0,0.0,0.0
no04,533967_01406_01408_0,945,09:45,0.0,0.0,0.0
no04,533967_01406_01408_0,1000,10:00,0.0,0.0,0.0
no04,533967_01406_01408_0,1015,10:15,0.0,0.0,0.0
no04,533967_01406_01408_0,1030,10:30,0.0,0.0,0.0
no04,533967_01406_01408_0,1045,10:45,0.0,0.0,0.0
no04,533967_01406_01408_0,1100,11:00,0.0,0.0,0.0
no04,533967_01406_01408_0,1115,11:15,0.0,0.0,0.0
no04,533967_01406_01408_0,1130,11:30,0.0,0.0,0.0
no04,533967_01406_01408_0,1145,11:45,0.0,0.0,0.0
no04,533967_01406_01408_0,1200,12:00,0.0,0.0,0.0
no04,533967_01406_01408_0,1215,12:15,0.0,0.0,0.0
no04,533967_01406_01408_0,1230,12:30,0.0,0.0,0.0
no04,533967_01406_01408_0,1245,12:45,0.0,0.0,0.0
no04,533967_01406_01408_0,1300,13:00,0.0,0.0,0.0
no04,533967_01406_01408_0,1315,13:15,0.0,0.0,0.0
no04,533967_01406_01408_0,1330,13:30,0.0,0.0,0.0
no04,533967_01406_01408_0,1345,13:45,0.0,0.0,0.0
no04,533967_01406_01408_0,1400,14:00,0.0,0.0,0.0
no04,533967_01406_01408_0,1415,14:15,0.0,0.0,0.0
no04,533967_01406_01408_0,1430,14:30,0.0,0.0,0.0
no04,533967_01406_01408_0,1445,14:45,0.0,0.0,0.0
no04,533967_01406_01408_0,1500,15:00,0.0,0.0,0.0
no04,533967_01406_01408_0,1515,15:15,0.0,0.0,0.0
no04,533967_01406_01408_0,1530,15:30,0.0,0.0,0.0
no04,533967_01406_01408_0,1545,15:45,0.0,0.0,0.0
no04,533967_01406_01408_0,1600,16:00,0.0,0.0,0.0
no04,533967_01406_01408_0,1615,16:15,0.0,0.0,0.0
no04,533967_01406_01408_0,1630,16:30,0.0,0.0,0.0
no04,533967_01406_01408_0,1645,16:45,0.0,0.0,0.0
no04,533967_01406_01408_0,1700,17:00,838.9499999999999,585.53,-253.41999999999996
no04,533967_01406_01408_0,1715,17:15,0.0,0.0,0.0
no04,533967_01406_01408_0,1730,17:30,0.0,0.0,0.0
no04,533967_01406_01408_0,1745,17:45,0.0,0.0,0.0
no04,533967_01406_01408_0,1800,18:00,0.0,0.0,0.0
no04,533967_01406_01408_0,1815,18:15,0.0,0.0,0.0
no04,533967_01406_01408_0,1830,18:30,0.0,0.0,0.0
no04,533967_01406_01408_0,1845,18:45,0.0,0.0,0.0
no04,533967_01406_01408_1,630,06:30,0.0,0.0,0.0
no04,533967_01406_01408_1,645,06:45,0.0,0.0,0.0
no04,533967_01406_01408_1,700,07:00,0.0,0.0,0.0
no04,533967_01406_01408_1,715,07:15,0.0,0.0,0.0
no04,533967_01406_01408_1,730,07:30,0.0,0.0,0.0
no04,533967_01406_01408_1,745,07:45,0.0,0.0,0.0
no04,533967_01406_01408_1,800,08:00,0.0,0.0,0.0
no04,533967_01406_01408_1,815,08:15,0.0,0.0,0.0
no04,533967_01406_01408_1,830,08:30,0.0,0.0,0.0
no04,533967_01406_01408_1,845,08:45,0.0,0.0,0.0
no04,533967_01406_01408_1,900,09:00,0.0,0.0,0.0
no04,533967_01406_01408_1,915,09:15,0.0,0.0,0.0
no04,533967_01406_01408_1,930,09:30,0.0,0.0,0.0
no04,533967_01406_01408_1,945,09:45,0.0,0.0,0.0
no04,533967_01406_01408_1,1000,10:00,0.0,0.0,0.0
no04,533967_01406_01408_1,1015,10:15,0.0,0.0,0.0
no04,533967_01406_01408_1,1030,10:30,0.0,0.0,0.0
no04,533967_01406_01408_1,1045,10:45,0.0,0.0,0.0
no04,533967_01406_01408_1,1100,11:00,0.0,0.0,0.0
no04,533967_01406_01408_1,1115,11:15,0.0,0.0,0.0
no04,533967_01406_01408_1,1130,11:30,0.0,0.0,0.0
no04,533967_01406_01408_1,1145,11:45,0.0,0.0,0.0
no04,533967_01406_01408_1,1200,12:00,0.0,0.0,0.0
no04,533967_01406_01408_1,1215,12:15,0.0,0.0,0.0
no04,533967_01406_01408_1,1230,12:30,0.0,0.0,0.0
no04,533967_01406_01408_1,1245,12:45,0.0,0.0,0.0
no04,533967_01406_01408_1,1300,13:00,0.0,0.0,0.0
no04,533967_01406_01408_1,1315,13:15,0.0,0.0,0.0
no04,533967_01406_01408_1,1330,13:30,0.0,0.0,0.0
no04,533967_01406_01408_1,1345,13:45,0.0,0.0,0.0
no04,533967_01406_01408_1,1400,14:00,0.0,0.0,0.0
no04,533967_01406_01408_1,1415,14:15,0.0,0.0,0.0
no04,533967_01406_01408_1,1430,14:30,0.0,0.0,0.0
no04,533967_01406_01408_1,1445,14:45,0.0,0.0,0.0
no04,533967_01406_01408_1,1500,15:00,0.0,0.0,0.0
no04,533967_01406_01408_1,1515,15:15,0.0,0.0,0.0
no04,533967_01406_01408_1,1530,15:30,0.0,0.0,0.0
no04,533967_01406_01408_1,1545,15:45,0.0,0.0,0.0
no04,533967_01406_01408_1,1600,16:00,0.0,0.0,0.0
no04,533967_01406_01408_1,1615,16:15,0.0,0.0,0.0
no04,533967_01406_01408_1,1630,16:30,0.0,0.0,0.0
no04,533967_01406_01408_1,1645,16:45,0.0,0.0,0.0
no04,533967_01406_01408_1,1700,17:00,0.0,0.0,0.0
no04,533967_01406_01408_1,1715,17:15,0.0,0.0,0.0
no04,533967_01406_01408_1,1730,17:30,0.0,0.0,0.0
no04,533967_01406_01408_1,1745,17:45,0.0,0.0,0.0
no04,533967_01406_01408_1,1800,18:00,0.0,0.0,0.0
no04,533967_01406_01408_1,1815,18:15,0.0,0.0,0.0
no04,533967_01406_01408_1,1830,18:30,0.0,0.0,0.0
no04,533967_01406_01408_1,1845,18:45,0.0,0.0,0.0
no04,533967_01406_01644_0,630,06:30,281.581,283.352,1.7709999999999582
no04,533967_01406_01644_0,645,06:45,367.216,358.56800000000004,-8.647999999999968
no04,533967_01406_01644_0,700,07:00,395.1915,386.8655,-8.326000000000022
no04,533967_01406_01644_0,715,07:15,384.6375,379.482,-5.155499999999961
no04,533967_01406_01644_0,730,07:30,742.4010000000001,807.865,65.46399999999994
no04,533967_01406_01644_0,745,07:45,520.9385,522.1324999999999,1.19399999999996
no04,533967_01406_01644_0,800,08:00,617.913,633.5045,15.591499999999996
no04,533967_01406_01644_0,815,08:15,717.0355,734.9275,17.892000000000053
no04,533967_01406_01644_0,830,08:30,499.171,507.71449999999993,8.543499999999938
no04,533967_01406_01644_0,845,08:45,616.4639999999999,604.7275,-11.736499999999978
no04,533967_01406_01644_0,900,09:00,632.9635000000001,605.398,-27.565500000000043
no04,533967_01406_01644_0,915,09:15,536.5440000000001,541.404,4.8599999999999
no04,533967_01406_01644_0,930,09:30,628.6510000000001,679.361,50.70999999999992
no04,533967_01406_01644_0,945,09:45,588.9465,615.0975000000001,26.151000000000067
no04,533967_01406_01644_0,1000,10:00,491.218,495.732,4.51400000000001
no04,533967_01406_01644_0,1015,10:15,674.3734999999999,670.631,-3.74249999999995
no04,533967_01406_01644_0,1030,10:30,693.8885,605.0395000000001,-88.84899999999993
no04,533967_01406_01644_0,1045,10:45,550.3215,613.8059999999999,63.48449999999991
no04,533967_01406_01644_0,1100,11:00,500.9445,480.162,-20.782500000000027
no04,533967_01406_01644_0,1115,11:15,369.1695,367.1445,-2.025000000000034
no04,533967_01406_01644_0,1130,11:30,537.9100000000001,500.306,-37.6040000000001
no04,533967_01406_01644_0,1145,11:45,312.163,337.8725,25.70949999999999
no04,533967_01406_01644_0,1200,12:00,558.993,562.0705,3.0774999999999864
no04,533967_01406_01644_0,1215,12:15,605.3205,568.3019999999999,-37.01850000000013
no04,533967_01406_01644_0,1230,12:30,488.497,496.4895,7.992500000000007
no04,533967_01406_01644_0,1245,12:45,425.96,427.18950000000007,1.2295000000000869
no04,533967_01406_01644_0,1300,13:00,390.7885,395.4195,4.631000000000029
no04,533967_01406_01644_0,1315,13:15,303.3945,310.195,6.8004999999999995
no04,533967_01406_01644_0,1330,13:30,384.641,406.3235,21.682500000000005
no04,533967_01406_01644_0,1345,13:45,281.2435,289.3625,8.119000000000028
no04,533967_01406_01644_0,1400,14:00,476.163,461.7095000000001,-14.453499999999906
no04,533967_01406_01644_0,1415,14:15,451.6085,447.0385,-4.569999999999993
no04,533967_01406_01644_0,1430,14:30,418.0495,428.4625,10.412999999999954
no04,533967_01406_01644_0,1445,14:45,584.688,596.1234999999999,11.435499999999934
no04,533967_01406_01644_0,1500,15:00,415.994,420.7465,4.752499999999998
no04,533967_01406_01644_0,1515,15:15,398.1505,371.889,-26.261500000000012
no04,533967_01406_01644_0,1530,15:30,421.4765,404.102,-17.374500000000012
no04,533967_01406_01644_0,1545,15:45,312.152,320.1185,7.966499999999996
no04,533967_01406_01644_0,1600,16:00,610.8345,585.8855000000001,-24.948999999999955
no04,533967_01406_01644_0,1615,16:15,430.602,433.63,3.02800000000002
no04,533967_01406_01644_0,1630,16:30,413.8945,434.2995,20.40500000000003
no04,533967_01406_01644_0,1645,16:45,566.675,509.2600000000001,-57.41499999999985
no04,533967_01406_01644_0,1700,17:00,507.104,519.6775,12.573500000000024
no04,533967_01406_01644_0,1715,17:15,739.384,785.4965,46.112499999999955
no04,533967_01406_01644_0,1730,17:30,248.1425,256.2095,8.066999999999979
no04,533967_01406_01644_0,1745,17:45,349.043,356.9975,7.954499999999996
no04,533967_01406_01644_0,1800,18:00,626.135,604.1075,-22.027500000000032
no04,533967_01406_01644_0,1815,18:15,683.2774999999999,737.1189999999999,53.841499999999996
no04,533967_01406_01644_0,1830,18:30,360.1845,342.6875,-17.497000000000014
no04,533967_01406_01644_0,1845,18:45,330.4405,340.6335,10.19300000000004
no04,533967_01407_01408_0,630,06:30,0.0,0.0,0.0
no04,533967_01407_01408_0,645,06:45,0.0,0.0,0.0
no04,533967_01407_01408_0,700,07:00,0.0,0.0,0.0
no04,533967_01407_01408_0,715,07:15,0.0,0.0,0.0
no04,533967_01407_01408_0,730,07:30,0.0,0.0,0.0
no04,533967_01407_01408_0,745,07:45,0.0,0.0,0.0
no04,533967_01407_01408_0,800,08:00,0.0,0.0,0.0
no04,533967_01407_01408_0,815,08:15,0.0,0.0,0.0
no04,533967_01407_01408_0,830,08:30,0.0,0.0,0.0
no04,533967_01407_01408_0,845,08:45,0.0,0.0,0.0
no04,533967_01407_01408_0,900,09:00,0.0,0.0,0.0
no04,533967_01407_01408_0,915,09:15,0.0,0.0,0.0
no04,533967_01407_01408_0,930,09:30,0.0,0.0,0.0
no04,533967_01407_01408_0,945,09:45,0.0,0.0,0.0
no04,533967_01407_01408_0,1000,10:00,0.0,0.0,0.0
no04,533967_01407_01408_0,1015,10:15,0.0,0.0,0.0
no04,533967_01407_01408_0,1030,10:30,0.0,0.0,0.0
no04,533967_01407_01408_0,1045,10:45,0.0,0.0,0.0
no04,533967_01407_01408_0,1100,11:00,0.0,0.0,0.0
no04,533967_01407_01408_0,1115,11:15,0.0,0.0,0.0
no04,533967_01407_01408_0,1130,11:30,0.0,0.0,0.0
no04,533967_01407_01408_0,1145,11:45,0.0,0.0,0.0
no04,533967_01407_01408_0,1200,12:00,0.0,0.0,0.0
no04,533967_01407_01408_0,1215,12:15,0.0,0.0,0.0
no04,533967_01407_01408_0,1230,12:30,0.0,0.0,0.0
no04,533967_01407_01408_0,1245,12:45,0.0,0.0,0.0
no04,533967_01407_01408_0,1300,13:00,0.0,0.0,0.0
no04,533967_01407_01408_0,1315,13:15,0.0,0.0,0.0
no04,533967_01407_01408_0,1330,13:30,0.0,0.0,0.0
no04,533967_01407_01408_0,1345,13:45,0.0,0.0,0.0
no04,533967_01407_01408_0,1400,14:00,0.0,0.0,0.0
no04,533967_01407_01408_0,1415,14:15,0.0,0.0,0.0
no04,533967_01407_01408_0,1430,14:30,0.0,0.0,0.0
no04,533967_01407_01408_0,1445,14:45,0.0,0.0,0.0
no04,533967_01407_01408_0,1500,15:00,0.0,0.0,0.0
no04,533967_01407_01408_0,1515,15:15,0.0,0.0,0.0
no04,533967_01407_01408_0,1530,15:30,0.0,0.0,0.0
no04,533967_01407_01408_0,1545,15:45,0.0,0.0,0.0
no04,533967_01407_01408_0,1600,16:00,0.0,0.0,0.0
no04,533967_01407_01408_0,1615,16:15,0.0,0.0,0.0
no04,533967_01407_01408_0,1630,16:30,0.0,0.0,0.0
no04,533967_01407_01408_0,1645,16:45,0.0,0.0,0.0
no04,533967_01407_01408_0,1700,17:00,0.0,0.0,0.0
no04,533967_01407_01408_0,1715,17:15,0.0,0.0,0.0
no04,533967_01407_01408_0,1730,17:30,0.0,0.0,0.0
no04,533967_01407_01408_0,1745,17:45,0.0,0.0,0.0
no04,533967_01407_01408_0,1800,18:00,0.0,0.0,0.0
no04,533967_01407_01408_0,1815,18:15,0.0,0.0,0.0
no04,533967_01407_01408_0,1830,18:30,0.0,0.0,0.0
no04,533967_01407_01408_0,1845,18:45,0.0,0.0,0.0
no04,533967_01407_01408_1,630,06:30,0.0,0.0,0.0
no04,533967_01407_01408_1,645,06:45,0.0,0.0,0.0
no04,533967_01407_01408_1,700,07:00,0.0,0.0,0.0
no04,533967_01407_01408_1,715,07:15,0.0,0.0,0.0
no04,533967_01407_01408_1,730,07:30,0.0,0.0,0.0
no04,533967_01407_01408_1,745,07:45,0.0,0.0,0.0
no04,533967_01407_01408_1,800,08:00,0.0,0.0,0.0
no04,533967_01407_01408_1,815,08:15,0.0,0.0,0.0
no04,533967_01407_01408_1,830,08:30,0.0,0.0,0.0
no04,533967_01407_01408_1,845,08:45,0.0,0.0,0.0
no04,533967_01407_01408_1,900,09:00,0.0,0.0,0.0
no04,533967_01407_01408_1,915,09:15,0.0,0.0,0.0
no04,533967_01407_01408_1,930,09:30,0.0,0.0,0.0
no04,533967_01407_01408_1,945,09:45,0.0,0.0,0.0
no04,533967_01407_01408_1,1000,10:00,0.0,0.0,0.0
no04,533967_01407_01408_1,1015,10:15,0.0,0.0,0.0
no04,533967_01407_01408_1,1030,10:30,0.0,0.0,0.0
no04,533967_01407_01408_1,1045,10:45,0.0,0.0,0.0
no04,533967_01407_01408_1,1100,11:00,0.0,0.0,0.0
no04,533967_01407_01408_1,1115,11:15,0.0,0.0,0.0
no04,533967_01407_01408_1,1130,11:30,0.0,0.0,0.0
no04,533967_01407_01408_1,1145,11:45,0.0,0.0,0.0
no04,533967_01407_01408_1,1200,12:00,0.0,0.0,0.0
no04,533967_01407_01408_1,1215,12:15,0.0,0.0,0.0
no04,533967_01407_01408_1,1230,12:30,0.0,0.0,0.0
no04,533967_01407_01408_1,1245,12:45,0.0,0.0,0.0
no04,533967_01407_01408_1,1300,13:00,0.0,0.0,0.0
no04,533967_01407_01408_1,1315,13:15,0.0,0.0,0.0
no04,533967_01407_01408_1,1330,13:30,0.0,0.0,0.0
no04,533967_01407_01408_1,1345,13:45,0.0,0.0,0.0
no04,533967_01407_01408_1,1400,14:00,0.0,0.0,0.0
no04,533967_01407_01408_1,1415,14:15,0.0,0.0,0.0
no04,533967_01407_01408_1,1430,14:30,0.0,0.0,0.0
no04,533967_01407_01408_1,1445,14:45,0.0,0.0,0.0
no04,533967_01407_01408_1,1500,15:00,0.0,0.0,0.0
no04,533967_01407_01408_1,1515,15:15,0.0,0.0,0.0
no04,533967_01407_01408_1,1530,15:30,0.0,0.0,0.0
no04,533967_01407_01408_1,1545,15:45,0.0,0.0,0.0
no04,533967_01407_01408_1,1600,16:00,0.0,0.0,0.0
no04,533967_01407_01408_1,1615,16:15,0.0,0.0,0.0
no04,533967_01407_01408_1,1630,16:30,0.0,0.0,0.0
no04,533967_01407_01408_1,1645,16:45,0.0,0.0,0.0
no04,533967_01407_01408_1,1700,17:00,0.0,0.0,0.0
no04,533967_01407_01408_1,1715,17:15,0.0,0.0,0.0
no04,533967_01407_01408_1,1730,17:30,0.0,0.0,0.0
no04,533967_01407_01408_1,1745,17:45,0.0,0.0,0.0
no04,533967_01407_01408_1,1800,18:00,0.0,0.0,0.0
no04,533967_01407_01408_1,1815,18:15,0.0,0.0,0.0
no04,533967_01407_01408_1,1830,18:30,0.0,0.0,0.0
no04,533967_01407_01408_1,1845,18:45,0.0,0.0,0.0
no04,533967_01408_01644_0,630,06:30,0.0,0.0,0.0
no04,533967_01408_01644_0,645,06:45,0.0,0.0,0.0
no04,533967_01408_01644_0,700,07:00,0.0,0.0,0.0
no04,533967_01408_01644_0,715,07:15,0.0,0.0,0.0
no04,533967_01408_01644_0,730,07:30,0.0,0.0,0.0
no04,533967_01408_01644_0,745,07:45,0.0,0.0,0.0
no04,533967_01408_01644_0,800,08:00,0.0,0.0,0.0
no04,533967_01408_01644_0,815,08:15,0.0,0.0,0.0
no04,533967_01408_01644_0,830,08:30,0.0,0.0,0.0
no04,533967_01408_01644_0,845,08:45,0.0,0.0,0.0
no04,533967_01408_01644_0,900,09:00,0.0,0.0,0.0
no04,533967_01408_01644_0,915,09:15,0.0,0.0,0.0
no04,533967_01408_01644_0,930,09:30,0.0,0.0,0.0
no04,533967_01408_01644_0,945,09:45,0.0,0.0,0.0
no04,533967_01408_01644_0,1000,10:00,0.0,0.0,0.0
no04,533967_01408_01644_0,1015,10:15,0.0,0.0,0.0
no04,533967_01408_01644_0,1030,10:30,0.0,0.0,0.0
no04,533967_01408_01644_0,1045,10:45,0.0,0.0,0.0
no04,533967_01408_01644_0,1100,11:00,0.0,0.0,0.0
no04,533967_01408_01644_0,1115,11:15,0.0,0.0,0.0
no04,533967_01408_01644_0,1130,11:30,0.0,0.0,0.0
no04,533967_01408_01644_0,1145,11:45,0.0,0.0,0.0
no04,533967_01408_01644_0,1200,12:00,0.0,0.0,0.0
no04,533967_01408_01644_0,1215,12:15,0.0,0.0,0.0
no04,533967_01408_01644_0,1230,12:30,0.0,0.0,0.0
no04,533967_01408_01644_0,1245,12:45,0.0,0.0,0.0
no04,533967_01408_01644_0,1300,13:00,0.0,0.0,0.0
no04,533967_01408_01644_0,1315,13:15,0.0,0.0,0.0
no04,533967_01408_01644_0,1330,13:30,0.0,0.0,0.0
no04,533967_01408_01644_0,1345,13:45,0.0,0.0,0.0
no04,533967_01408_01644_0,1400,14:00,0.0,0.0,0.0
no04,533967_01408_01644_0,1415,14:15,0.0,0.0,0.0
no04,533967_01408_01644_0,1430,14:30,0.0,0.0,0.0
no04,533967_01408_01644_0,1445,14:45,0.0,0.0,0.0
no04,533967_01408_01644_0,1500,15:00,0.0,0.0,0.0
no04,533967_01408_01644_0,1515,15:15,0.0,0.0,0.0
no04,533967_01408_01644_0,1530,15:30,0.0,0.0,0.0
no04,533967_01408_01644_0,1545,15:45,0.0,0.0,0.0
no04,533967_01408_01644_0,1600,16:00,0.0,0.0,0.0
no04,533967_01408_01644_0,1615,16:15,0.0,0.0,0.0
no04,533967_01408_01644_0,1630,16:30,0.0,0.0,0.0
no04,533967_01408_01644_0,1645,16:45,0.0,0.0,0.0
no04,533967_01408_01644_0,1700,17:00,0.0,0.0,0.0
no04,533967_01408_01644_0,1715,17:15,0.0,0.0,0.0
no04,533967_01408_01644_0,1730,17:30,0.0,0.0,0.0
no04,533967_01408_01644_0,1745,17:45,0.0,0.0,0.0
no04,533967_01408_01644_0,1800,18:00,0.0,0.0,0.0
no04,533967_01408_01644_0,1815,18:15,0.0,0.0,0.0
no04,533967_01408_01644_0,1830,18:30,0.0,0.0,0.0
no04,533967_01408_01644_0,1845,18:45,0.0,0.0,0.0
no04,533967_01408_01644_1,630,06:30,0.0,0.0,0.0
no04,533967_01408_01644_1,645,06:45,0.0,0.0,0.0
no04,533967_01408_01644_1,700,07:00,0.0,0.0,0.0
no04,533967_01408_01644_1,715,07:15,0.0,0.0,0.0
no04,533967_01408_01644_1,730,07:30,0.0,0.0,0.0
no04,533967_01408_01644_1,745,07:45,0.0,0.0,0.0
no04,533967_01408_01644_1,800,08:00,0.0,0.0,0.0
no04,533967_01408_01644_1,815,08:15,0.0,0.0,0.0
no04,533967_01408_01644_1,830,08:30,0.0,0.0,0.0
no04,533967_01408_01644_1,845,08:45,0.0,0.0,0.0
no04,533967_01408_01644_1,900,09:00,0.0,0.0,0.0
no04,533967_01408_01644_1,915,09:15,0.0,0.0,0.0
no04,533967_01408_01644_1,930,09:30,0.0,0.0,0.0
no04,533967_01408_01644_1,945,09:45,0.0,0.0,0.0
no04,533967_01408_01644_1,1000,10:00,0.0,0.0,0.0
no04,533967_01408_01644_1,1015,10:15,0.0,0.0,0.0
no04,533967_01408_01644_1,1030,10:30,0.0,0.0,0.0
no04,533967_01408_01644_1,1045,10:45,0.0,0.0,0.0
no04,533967_01408_01644_1,1100,11:00,0.0,0.0,0.0
no04,533967_01408_01644_1,1115,11:15,0.0,0.0,0.0
no04,533967_01408_01644_1,1130,11:30,0.0,0.0,0.0
no04,533967_01408_01644_1,1145,11:45,0.0,0.0,0.0
no04,533967_01408_01644_1,1200,12:00,0.0,0.0,0.0
no04,533967_01408_01644_1,1215,12:15,0.0,0.0,0.0
no04,533967_01408_01644_1,1230,12:30,0.0,0.0,0.0
no04,533967_01408_01644_1,1245,12:45,0.0,0.0,0.0
no04,533967_01408_01644_1,1300,13:00,0.0,0.0,0.0
no04,533967_01408_01644_1,1315,13:15,0.0,0.0,0.0
no04,533967_01408_01644_1,1330,13:30,0.0,0.0,0.0
no04,533967_01408_01644_1,1345,13:45,0.0,0.0,0.0
no04,533967_01408_01644_1,1400,14:00,0.0,0.0,0.0
no04,533967_01408_01644_1,1415,14:15,0.0,0.0,0.0
no04,533967_01408_01644_1,1430,14:30,0.0,0.0,0.0
no04,533967_01408_01644_1,1445,14:45,0.0,0.0,0.0
no04,533967_01408_01644_1,1500,15:00,0.0,0.0,0.0
no04,533967_01408_01644_1,1515,15:15,0.0,0.0,0.0
no04,533967_01408_01644_1,1530,15:30,0.0,0.0,0.0
no04,533967_01408_01644_1,1545,15:45,0.0,0.0,0.0
no04,533967_01408_01644_1,1600,16:00,0.0,0.0,0.0
no04,533967_01408_01644_1,1615,16:15,0.0,0.0,0.0
no04,533967_01408_01644_1,1630,16:30,0.0,0.0,0.0
no04,533967_01408_01644_1,1645,16:45,0.0,0.0,0.0
no04,533967_01408_01644_1,1700,17:00,0.0,0.0,0.0
no04,533967_01408_01644_1,1715,17:15,0.0,0.0,0.0
no04,533967_01408_01644_1,1730,17:30,0.0,0.0,0.0
no04,533967_01408_01644_1,1745,17:45,0.0,0.0,0.0
no04,533967_01408_01644_1,1800,18:00,0.0,0.0,0.0
no04,533967_01408_01644_1,1815,18:15,0.0,0.0,0.0
no04,533967_01408_01644_1,1830,18:30,0.0,0.0,0.0
no04,533967_01408_01644_1,1845,18:45,0.0,0.0,0.0
no04,533967_01408_13716_0,630,06:30,0.0,0.0,0.0
no04,533967_01408_13716_0,645,06:45,0.0,0.0,0.0
no04,533967_01408_13716_0,700,07:00,0.0,0.0,0.0
no04,533967_01408_13716_0,715,07:15,0.0,0.0,0.0
no04,533967_01408_13716_0,730,07:30,0.0,0.0,0.0
no04,533967_01408_13716_0,745,07:45,0.0,0.0,0.0
no04,533967_01408_13716_0,800,08:00,0.0,0.0,0.0
no04,533967_01408_13716_0,815,08:15,0.0,0.0,0.0
no04,533967_01408_13716_0,830,08:30,0.0,0.0,0.0
no04,533967_01408_13716_0,845,08:45,0.0,0.0,0.0
no04,533967_01408_13716_0,900,09:00,0.0,0.0,0.0
no04,533967_01408_13716_0,915,09:15,0.0,0.0,0.0
no04,533967_01408_13716_0,930,09:30,0.0,0.0,0.0
no04,533967_01408_13716_0,945,09:45,0.0,0.0,0.0
no04,533967_01408_13716_0,1000,10:00,0.0,0.0,0.0
no04,533967_01408_13716_0,1015,10:15,0.0,0.0,0.0
no04,533967_01408_13716_0,1030,10:30,0.0,0.0,0.0
no04,533967_01408_13716_0,1045,10:45,0.0,0.0,0.0
no04,533967_01408_13716_0,1100,11:00,0.0,0.0,0.0
no04,533967_01408_13716_0,1115,11:15,0.0,0.0,0.0
no04,533967_01408_13716_0,1130,11:30,0.0,0.0,0.0
no04,533967_01408_13716_0,1145,11:45,0.0,0.0,0.0
no04,533967_01408_13716_0,1200,12:00,0.0,0.0,0.0
no04,533967_01408_13716_0,1215,12:15,0.0,0.0,0.0
no04,533967_01408_13716_0,1230,12:30,0.0,0.0,0.0
no04,533967_01408_13716_0,1245,12:45,0.0,0.0,0.0
no04,533967_01408_13716_0,1300,13:00,0.0,0.0,0.0
no04,533967_01408_13716_0,1315,13:15,0.0,0.0,0.0
no04,533967_01408_13716_0,1330,13:30,0.0,0.0,0.0
no04,533967_01408_13716_0,1345,13:45,0.0,0.0,0.0
no04,533967_01408_13716_0,1400,14:00,0.0,0.0,0.0
no04,533967_01408_13716_0,1415,14:15,0.0,0.0,0.0
no04,533967_01408_13716_0,1430,14:30,0.0,0.0,0.0
no04,533967_01408_13716_0,1445,14:45,0.0,0.0,0.0
no04,533967_01408_13716_0,1500,15:00,0.0,0.0,0.0
no04,533967_01408_13716_0,1515,15:15,0.0,0.0,0.0
no04,533967_01408_13716_0,1530,15:30,0.0,0.0,0.0
no04,533967_01408_13716_0,1545,15:45,0.0,0.0,0.0
no04,533967_01408_13716_0,1600,16:00,0.0,0.0,0.0
no04,533967_01408_13716_0,1615,16:15,0.0,0.0,0.0
no04,533967_01408_13716_0,1630,16:30,0.0,0.0,0.0
no04,533967_01408_13716_0,1645,16:45,0.0,0.0,0.0
no04,533967_01408_13716_0,1700,17:00,656.9499999999999,457.11,-199.83999999999992
no04,533967_01408_13716_0,1715,17:15,0.0,0.0,0.0
no04,533967_01408_13716_0,1730,17:30,0.0,0.0,0.0
no04,533967_01408_13716_0,1745,17:45,0.0,0.0,0.0
no04,533967_01408_13716_0,1800,18:00,0.0,0.0,0.0
no04,533967_01408_13716_0,1815,18:15,0.0,0.0,0.0
no04,533967_01408_13716_0,1830,18:30,0.0,0.0,0.0
no04,533967_01408_13716_0,1845,18:45,0.0,0.0,0.0
no04,533967_01408_13716_1,630,06:30,0.0,0.0,0.0
no04,533967_01408_13716_1,645,06:45,0.0,0.0,0.0
no04,533967_01408_13716_1,700,07:00,0.0,0.0,0.0
no04,533967_01408_13716_1,715,07:15,0.0,0.0,0.0
no04,533967_01408_13716_1,730,07:30,0.0,0.0,0.0
no04,533967_01408_13716_1,745,07:45,0.0,0.0,0.0
no04,533967_01408_13716_1,800,08:00,0.0,0.0,0.0
no04,533967_01408_13716_1,815,08:15,0.0,0.0,0.0
no04,533967_01408_13716_1,830,08:30,0.0,0.0,0.0
no04,533967_01408_13716_1,845,08:45,0.0,0.0,0.0
no04,533967_01408_13716_1,900,09:00,0.0,0.0,0.0
no04,533967_01408_13716_1,915,09:15,0.0,0.0,0.0
no04,533967_01408_13716_1,930,09:30,0.0,0.0,0.0
no04,533967_01408_13716_1,945,09:45,0.0,0.0,0.0
no04,533967_01408_13716_1,1000,10:00,0.0,0.0,0.0
no04,533967_01408_13716_1,1015,10:15,0.0,0.0,0.0
no04,533967_01408_13716_1,1030,10:30,0.0,0.0,0.0
no04,533967_01408_13716_1,1045,10:45,0.0,0.0,0.0
no04,533967_01408_13716_1,1100,11:00,0.0,0.0,0.0
no04,533967_01408_13716_1,1115,11:15,0.0,0.0,0.0
no04,533967_01408_13716_1,1130,11:30,0.0,0.0,0.0
no04,533967_01408_13716_1,1145,11:45,0.0,0.0,0.0
no04,533967_01408_13716_1,1200,12:00,0.0,0.0,0.0
no04,533967_01408_13716_1,1215,12:15,0.0,0.0,0.0
no04,533967_01408_13716_1,1230,12:30,0.0,0.0,0.0
no04,533967_01408_13716_1,1245,12:45,0.0,0.0,0.0
no04,533967_01408_13716_1,1300,13:00,0.0,0.0,0.0
no04,533967_01408_13716_1,1315,13:15,0.0,0.0,0.0
no04,533967_01408_13716_1,1330,13:30,0.0,0.0,0.0
no04,533967_01408_13716_1,1345,13:45,0.0,0.0,0.0
no04,533967_01408_13716_1,1400,14:00,0.0,0.0,0.0
no04,533967_01408_13716_1,1415,14:15,0.0,0.0,0.0
no04,533967_01408_13716_1,1430,14:30,0.0,0.0,0.0
no04,533967_01408_13716_1,1445,14:45,0.0,0.0,0.0
no04,533967_01408_13716_1,1500,15:00,0.0,0.0,0.0
no04,533967_01408_13716_1,1515,15:15,0.0,0.0,0.0
no04,533967_01408_13716_1,1530,15:30,0.0,0.0,0.0
no04,533967_01408_13716_1,1545,15:45,0.0,0.0,0.0
no04,533967_01408_13716_1,1600,16:00,0.0,0.0,0.0
no04,533967_01408_13716_1,1615,16:15,0.0,0.0,0.0
no04,533967_01408_13716_1,1630,16:30,0.0,0.0,0.0
no04,533967_01408_13716_1,1645,16:45,0.0,0.0,0.0
no04,533967_01408_13716_1,1700,17:00,0.0,0.0,0.0
no04,533967_01408_13716_1,1715,17:15,0.0,0.0,0.0
no04,533967_01408_13716_1,1730,17:30,0.0,0.0,0.0
no04,533967_01408_13716_1,1745,17:45,0.0,0.0,0.0
no04,533967_01408_13716_1,1800,18:00,0.0,0.0,0.0
no04,533967_01408_13716_1,1815,18:15,0.0,0.0,0.0
no04,533967_01408_13716_1,1830,18:30,0.0,0.0,0.0
no04,533967_01408_13716_1,1845,18:45,0.0,0.0,0.0
no04,533967_01409_01410_1,630,06:30,60.0975,61.3515,1.2540000000000049
no04,533967_01409_01410_1,645,06:45,106.655,104.5615,-2.093500000000006
no04,533967_01409_01410_1,700,07:00,92.5525,83.8485,-8.703999999999994
no04,533967_01409_01410_1,715,07:15,133.002,108.643,-24.35900000000001
no04,533967_01409_01410_1,730,07:30,199.601,199.6745,0.07349999999999568
no04,533967_01409_01410_1,745,07:45,159.472,157.823,-1.649000000000001
no04,533967_01409_01410_1,800,08:00,112.296,115.6165,3.3204999999999956
no04,533967_01409_01410_1,815,08:15,73.047,79.2055,6.158500000000004
no04,533967_01409_01410_1,830,08:30,142.24349999999998,142.3415,0.09800000000001319
no04,533967_01409_01410_1,845,08:45,107.4205,112.112,4.691499999999991
no04,533967_01409_01410_1,900,09:00,80.103,87.803,7.700000000000003
no04,533967_01409_01410_1,915,09:15,82.1045,85.104,2.9994999999999976
no04,533967_01409_01410_1,930,09:30,70.9545,77.00399999999999,6.049499999999995
no04,533967_01409_01410_1,945,09:45,135.703,128.3665,-7.336500000000001
no04,533967_01409_01410_1,1000,10:00,122.597,126.5465,3.9495000000000005
no04,533967_01409_01410_1,1015,10:15,35.751,35.1,-0.6509999999999962
no04,533967_01409_01410_1,1030,10:30,131.2615,144.0095,12.74799999999999
no04,533967_01409_01410_1,1045,10:45,65.2,68.2485,3.048500000000004
no04,533967_01409_01410_1,1100,11:00,104.2705,101.8475,-2.423000000000002
no04,533967_01409_01410_1,1115,11:15,151.491,146.20999999999998,-5.281000000000034
no04,533967_01409_01410_1,1130,11:30,95.0045,96.095,1.0905000000000058
no04,533967_01409_01410_1,1145,11:45,141.401,148.7,7.298999999999978
no04,533967_01409_01410_1,1200,12:00,151.03900000000002,145.441,-5.598000000000013
no04,533967_01409_01410_1,1215,12:15,151.0025,149.514,-1.4884999999999877
no04,533967_01409_01410_1,1230,12:30,131.72449999999998,133.34949999999998,1.625
no04,533967_01409_01410_1,1245,12:45,134.4505,132.11,-2.3404999999999916
no04,533967_01409_01410_1,1300,13:00,109.465,105.658,-3.807000000000002
no04,533967_01409_01410_1,1315,13:15,128.2005,122.767,-5.433500000000009
no04,533967_01409_01410_1,1330,13:30,90.595,91.945,1.3499999999999943
no04,533967_01409_01410_1,1345,13:45,126.3065,124.8195,-1.4869999999999948
no04,533967_01409_01410_1,1400,14:00,149.7355,152.943,3.2075000000000102
no04,533967_01409_01410_1,1415,14:15,120.4485,121.8075,1.3590000000000089
no04,533967_01409_01410_1,1430,14:30,62.5515,63.499,0.9475000000000051
no04,533967_01409_01410_1,1445,14:45,145.4945,138.0585,-7.435999999999979
no04,533967_01409_01410_1,1500,15:00,166.3455,167.7265,1.3810000000000002
no04,533967_01409_01410_1,1515,15:15,161.945,157.49,-4.454999999999984
no04,533967_01409_01410_1,1530,15:30,107.8445,109.3125,1.4680000000000035
no04,533967_01409_01410_1,1545,15:45,170.8035,190.116,19.3125
no04,533967_01409_01410_1,1600,16:00,329.491,276.36,-53.13099999999997
no04,533967_01409_01410_1,1615,16:15,106.702,97.6095,-9.092500000000001
no04,533967_01409_01410_1,1630,16:30,143.615,139.866,-3.7489999999999952
no04,533967_01409_01410_1,1645,16:45,79.1505,88.2045,9.054000000000002
no04,533967_01409_01410_1,1700,17:00,102.547,102.752,0.2049999999999983
no04,533967_01409_01410_1,1715,17:15,170.3955,159.615,-10.78049999999999
no04,533967_01409_01410_1,1730,17:30,122.46099999999998,123.048,0.5870000000000175
no04,533967_01409_01410_1,1745,17:45,155.0565,150.1975,-4.859000000000009
no04,533967_01409_01410_1,1800,18:00,141.466,146.868,5.401999999999987
no04,533967_01409_01410_1,1815,18:15,118.015,107.616,-10.399000000000001
no04,533967_01409_01410_1,1830,18:30,107.4025,108.4145,1.0120000000000005
no04,533967_01409_01410_1,1845,18:45,129.198,130.8145,1.616500000000002
no04,533967_01409_01417_0,630,06:30,0.0,0.0,0.0
no04,533967_01409_01417_0,645,06:45,0.0,0.0,0.0
no04,533967_01409_01417_0,700,07:00,0.0,0.0,0.0
no04,533967_01409_01417_0,715,07:15,0.0,0.0,0.0
no04,533967_01409_01417_0,730,07:30,0.0,0.0,0.0
no04,533967_01409_01417_0,745,07:45,0.0,0.0,0.0
no04,533967_01409_01417_0,800,08:00,0.0,0.0,0.0
no04,533967_01409_01417_0,815,08:15,0.0,0.0,0.0
no04,533967_01409_01417_0,830,08:30,0.0,0.0,0.0
no04,533967_01409_01417_0,845,08:45,0.0,0.0,0.0
no04,533967_01409_01417_0,900,09:00,0.0,0.0,0.0
no04,533967_01409_01417_0,915,09:15,0.0,0.0,0.0
no04,533967_01409_01417_0,930,09:30,0.0,0.0,0.0
no04,533967_01409_01417_0,945,09:45,0.0,0.0,0.0
no04,533967_01409_01417_0,1000,10:00,0.0,0.0,0.0
no04,533967_01409_01417_0,1015,10:15,0.0,0.0,0.0
no04,533967_01409_01417_0,1030,10:30,0.0,0.0,0.0
no04,533967_01409_01417_0,1045,10:45,0.0,0.0,0.0
no04,533967_01409_01417_0,1100,11:00,0.0,0.0,0.0
no04,533967_01409_01417_0,1115,11:15,0.0,0.0,0.0
no04,533967_01409_01417_0,1130,11:30,0.0,0.0,0.0
no04,533967_01409_01417_0,1145,11:45,0.0,0.0,0.0
no04,533967_01409_01417_0,1200,12:00,0.0,0.0,0.0
no04,533967_01409_01417_0,1215,12:15,0.0,0.0,0.0
no04,533967_01409_01417_0,1230,12:30,0.0,0.0,0.0
no04,533967_01409_01417_0,1245,12:45,0.0,0.0,0.0
no04,533967_01409_01417_0,1300,13:00,0.0,0.0,0.0
no04,533967_01409_01417_0,1315,13:15,0.0,0.0,0.0
no04,533967_01409_01417_0,1330,13:30,0.0,0.0,0.0
no04,533967_01409_01417_0,1345,13:45,0.0,0.0,0.0
no04,533967_01409_01417_0,1400,14:00,0.0,0.0,0.0
no04,533967_01409_01417_0,1415,14:15,0.0,0.0,0.0
no04,533967_01409_01417_0,1430,14:30,0.0,0.0,0.0
no04,533967_01409_01417_0,1445,14:45,0.0,0.0,0.0
no04,533967_01409_01417_0,1500,15:00,0.0,0.0,0.0
no04,533967_01409_01417_0,1515,15:15,0.0,0.0,0.0
no04,533967_01409_01417_0,1530,15:30,0.0,0.0,0.0
no04,533967_01409_01417_0,1545,15:45,0.0,0.0,0.0
no04,533967_01409_01417_0,1600,16:00,0.0,0.0,0.0
no04,533967_01409_01417_0,1615,16:15,0.0,0.0,0.0
no04,533967_01409_01417_0,1630,16:30,0.0,0.0,0.0
no04,533967_01409_01417_0,1645,16:45,0.0,0.0,0.0
no04,533967_01409_01417_0,1700,17:00,0.0,0.0,0.0
no04,533967_01409_01417_0,1715,17:15,0.0,0.0,0.0
no04,533967_01409_01417_0,1730,17:30,0.0,0.0,0.0
no04,533967_01409_01417_0,1745,17:45,0.0,0.0,0.0
no04,533967_01409_01417_0,1800,18:00,0.0,0.0,0.0
no04,533967_01409_01417_0,1815,18:15,0.0,0.0,0.0
no04,533967_01409_01417_0,1830,18:30,0.0,0.0,0.0
no04,533967_01409_01417_0,1845,18:45,0.0,0.0,0.0
no04,533967_01410_01417_1,630,06:30,222.66950000000003,221.39,-1.2795000000000414
no04,533967_01410_01417_1,645,06:45,413.2065,415.1915,1.9850000000000136
no04,533967_01410_01417_1,700,07:00,374.254,373.6325,-0.6215000000000259
no04,533967_01410_01417_1,715,07:15,431.0675,425.39,-5.677500000000009
no04,533967_01410_01417_1,730,07:30,785.5385,792.8315,7.293000000000006
no04,533967_01410_01417_1,745,07:45,506.96449999999993,510.08,3.115500000000054
no04,533967_01410_01417_1,800,08:00,389.4415,382.1515,-7.2900000000000205
no04,533967_01410_01417_1,815,08:15,340.47349999999994,347.4315,6.958000000000084
no04,533967_01410_01417_1,830,08:30,570.9755,579.011,8.035499999999956
no04,533967_01410_01417_1,845,08:45,579.4945,572.8895,-6.605000000000018
no04,533967_01410_01417_1,900,09:00,442.2775,445.757,3.47950000000003
no04,533967_01410_01417_1,915,09:15,457.2975,442.6525,-14.645000000000039
no04,533967_01410_01417_1,930,09:30,380.197,384.8045,4.607500000000016
no04,533967_01410_01417_1,945,09:45,723.1945,732.7215,9.527000000000044
no04,533967_01410_01417_1,1000,10:00,973.026,966.1645,-6.861499999999978
no04,533967_01410_01417_1,1015,10:15,905.8845,903.057,-2.8274999999999864
no04,533967_01410_01417_1,1030,10:30,544.263,548.775,4.511999999999944
no04,533967_01410_01417_1,1045,10:45,546.387,545.9195,-0.4674999999999727
no04,533967_01410_01417_1,1100,11:00,552.3225,547.7445,-4.5779999999999745
no04,533967_01410_01417_1,1115,11:15,678.92,695.0074999999999,16.087499999999977
no04,533967_01410_01417_1,1130,11:30,314.9365,302.2945,-12.641999999999996
no04,533967_01410_01417_1,1145,11:45,418.0595,415.3755,-2.684000000000026
no04,533967_01410_01417_1,1200,12:00,445.945,459.836,13.89100000000002
no04,533967_01410_01417_1,1215,12:15,291.945,290.035,-1.9099999999999682
no04,533967_01410_01417_1,1230,12:30,403.066,407.2665,4.200500000000034
no04,533967_01410_01417_1,1245,12:45,299.756,300.419,0.6630000000000109
no04,533967_01410_01417_1,1300,13:00,325.4775,318.175,-7.302500000000009
no04,533967_01410_01417_1,1315,13:15,384.4715,384.6,0.12850000000003092
no04,533967_01410_01417_1,1330,13:30,149.752,156.408,6.6559999999999775
no04,533967_01410_01417_1,1345,13:45,387.908,382.36,-5.548000000000002
no04,533967_01410_01417_1,1400,14:00,351.9125,355.975,4.0625
no04,533967_01410_01417_1,1415,14:15,263.6765,261.457,-2.2194999999999823
no04,533967_01410_01417_1,1430,14:30,231.1505,235.5985,4.4480000000000075
no04,533967_01410_01417_1,1445,14:45,238.7625,229.894,-8.868499999999983
no04,533967_01410_01417_1,1500,15:00,501.865,506.984,5.118999999999971
no04,533967_01410_01417_1,1515,15:15,588.0005,588.5195,0.5190000000000055
no04,533967_01410_01417_1,1530,15:30,165.4475,166.85899999999998,1.4114999999999895
no04,533967_01410_01417_1,1545,15:45,289.9595,291.631,1.6714999999999804
no04,533967_01410_01417_1,1600,16:00,372.3215,362.1815,-10.139999999999986
no04,533967_01410_01417_1,1615,16:15,521.297,526.4069999999999,5.1099999999999
no04,533967_01410_01417_1,1630,16:30,369.9425,373.9795,4.036999999999978
no04,533967_01410_01417_1,1645,16:45,277.4275,286.5775,9.149999999999977
no04,533967_01410_01417_1,1700,17:00,237.5125,232.569,-4.9435
no04,533967_01410_01417_1,1715,17:15,418.587,409.9705,-8.616499999999974
no04,533967_01410_01417_1,1730,17:30,356.3895,353.7255,-2.6639999999999873
no04,533967_01410_01417_1,1745,17:45,387.002,395.657,8.654999999999973
no04,533967_01410_01417_1,1800,18:00,668.118,678.047,9.928999999999974
no04,533967_01410_01417_1,1815,18:15,252.065,237.047,-15.018
no04,533967_01410_01417_1,1830,18:30,530.7774999999999,507.978,-22.79949999999991
no04,533967_01410_01417_1,1845,18:45,427.354,447.2945,19.940500000000043
no04,533967_01412_01413_0,630,06:30,0.0,0.0,0.0
no04,533967_01412_01413_0,645,06:45,0.0,0.0,0.0
no04,533967_01412_01413_0,700,07:00,0.0,0.0,0.0
no04,533967_01412_01413_0,715,07:15,0.0,0.0,0.0
no04,533967_01412_01413_0,730,07:30,0.0,0.0,0.0
no04,533967_01412_01413_0,745,07:45,0.0,0.0,0.0
no04,533967_01412_01413_0,800,08:00,0.0,0.0,0.0
no04,533967_01412_01413_0,815,08:15,0.0,0.0,0.0
no04,533967_01412_01413_0,830,08:30,0.0,0.0,0.0
no04,533967_01412_01413_0,845,08:45,0.0,0.0,0.0
no04,533967_01412_01413_0,900,09:00,0.0,0.0,0.0
no04,533967_01412_01413_0,915,09:15,0.0,0.0,0.0
no04,533967_01412_01413_0,930,09:30,0.0,0.0,0.0
no04,533967_01412_01413_0,945,09:45,0.0,0.0,0.0
no04,533967_01412_01413_0,1000,10:00,0.0,0.0,0.0
no04,533967_01412_01413_0,1015,10:15,0.0,0.0,0.0
no04,533967_01412_01413_0,1030,10:30,0.0,0.0,0.0
no04,533967_01412_01413_0,1045,10:45,0.0,0.0,0.0
no04,533967_01412_01413_0,1100,11:00,0.0,0.0,0.0
no04,533967_01412_01413_0,1115,11:15,0.0,0.0,0.0
no04,533967_01412_01413_0,1130,11:30,0.0,0.0,0.0
no04,533967_01412_01413_0,1145,11:45,0.0,0.0,0.0
no04,533967_01412_01413_0,1200,12:00,0.0,0.0,0.0
no04,533967_01412_01413_0,1215,12:15,0.0,0.0,0.0
no04,533967_01412_01413_0,1230,12:30,0.0,0.0,0.0
no04,533967_01412_01413_0,1245,12:45,0.0,0.0,0.0
no04,533967_01412_01413_0,1300,13:00,0.0,0.0,0.0
no04,533967_01412_01413_0,1315,13:15,0.0,0.0,0.0
no04,533967_01412_01413_0,1330,13:30,0.0,0.0,0.0
no04,533967_01412_01413_0,1345,13:45,0.0,0.0,0.0
no04,533967_01412_01413_0,1400,14:00,0.0,0.0,0.0
no04,533967_01412_01413_0,1415,14:15,0.0,0.0,0.0
no04,533967_01412_01413_0,1430,14:30,0.0,0.0,0.0
no04,533967_01412_01413_0,1445,14:45,0.0,0.0,0.0
no04,533967_01412_01413_0,1500,15:00,0.0,0.0,0.0
no04,533967_01412_01413_0,1515,15:15,0.0,0.0,0.0
no04,533967_01412_01413_0,1530,15:30,0.0,0.0,0.0
no04,533967_01412_01413_0,1545,15:45,0.0,0.0,0.0
no04,533967_01412_01413_0,1600,16:00,0.0,0.0,0.0
no04,533967_01412_01413_0,1615,16:15,0.0,0.0,0.0
no04,533967_01412_01413_0,1630,16:30,0.0,0.0,0.0
no04,533967_01412_01413_0,1645,16:45,0.0,0.0,0.0
no04,533967_01412_01413_0,1700,17:00,0.0,0.0,0.0
no04,533967_01412_01413_0,1715,17:15,0.0,0.0,0.0
no04,533967_01412_01413_0,1730,17:30,0.0,0.0,0.0
no04,533967_01412_01413_0,1745,17:45,0.0,0.0,0.0
no04,533967_01412_01413_0,1800,18:00,0.0,0.0,0.0
no04,533967_01412_01413_0,1815,18:15,0.0,0.0,0.0
no04,533967_01412_01413_0,1830,18:30,0.0,0.0,0.0
no04,533967_01412_01413_0,1845,18:45,0.0,0.0,0.0
no04,533967_01412_01414_1,630,06:30,220.9605,224.0845,3.1239999999999952
no04,533967_01412_01414_1,645,06:45,352.179,365.9155,13.736500000000035
no04,533967_01412_01414_1,700,07:00,208.561,201.298,-7.263000000000005
no04,533967_01412_01414_1,715,07:15,206.053,207.317,1.26400000000001
no04,533967_01412_01414_1,730,07:30,163.44,152.996,-10.443999999999988
no04,533967_01412_01414_1,745,07:45,130.25,132.852,2.602000000000004
no04,533967_01412_01414_1,800,08:00,157.749,154.457,-3.2920000000000016
no04,533967_01412_01414_1,815,08:15,135.0895,121.9565,-13.132999999999981
no04,533967_01412_01414_1,830,08:30,126.4615,137.65050000000002,11.189000000000021
no04,533967_01412_01414_1,845,08:45,66.6495,65.748,-0.9014999999999986
no04,533967_01412_01414_1,900,09:00,100.6535,92.3475,-8.305999999999997
no04,533967_01412_01414_1,915,09:15,143.659,141.3035,-2.355499999999978
no04,533967_01412_01414_1,930,09:30,131.80450000000002,120.8975,-10.907000000000025
no04,533967_01412_01414_1,945,09:45,101.9985,84.045,-17.953500000000005
no04,533967_01412_01414_1,1000,10:00,67.998,80.55,12.551999999999992
no04,533967_01412_01414_1,1015,10:15,70.297,78.398,8.100999999999999
no04,533967_01412_01414_1,1030,10:30,28.8,27.0,-1.8000000000000007
no04,533967_01412_01414_1,1045,10:45,81.549,80.699,-0.8500000000000085
no04,533967_01412_01414_1,1100,11:00,81.1995,76.998,-4.201499999999996
no04,533967_01412_01414_1,1115,11:15,105.3525,113.254,7.901499999999999
no04,533967_01412_01414_1,1130,11:30,151.911,148.606,-3.305000000000007
no04,533967_01412_01414_1,1145,11:45,39.201,38.25,-0.9510000000000005
no04,533967_01412_01414_1,1200,12:00,58.998000000000005,60.351,1.3529999999999944
no04,533967_01412_01414_1,1215,12:15,61.7985,63.0495,1.2510000000000048
no04,533967_01412_01414_1,1230,12:30,55.4,59.0,3.6000000000000014
no04,533967_01412_01414_1,1245,12:45,62.699,65.748,3.0490000000000066
no04,533967_01412_01414_1,1300,13:00,45.45,42.3,-3.1500000000000057
no04,533967_01412_01414_1,1315,13:15,95.6495,82.4515,-13.198000000000008
no04,533967_01412_01414_1,1330,13:30,90.598,80.598,-10.0
no04,533967_01412_01414_1,1345,13:45,12.0,13.5,1.5
no04,533967_01412_01414_1,1400,14:00,102.044,90.6445,-11.399500000000003
no04,533967_01412_01414_1,1415,14:15,40.95,49.05,8.099999999999994
no04,533967_01412_01414_1,1430,14:30,100.6005,105.7005,5.1000000000000085
no04,533967_01412_01414_1,1445,14:45,64.05,66.747,2.6970000000000027
no04,533967_01412_01414_1,1500,15:00,50.448,42.8975,-7.5504999999999995
no04,533967_01412_01414_1,1515,15:15,118.449,109.197,-9.251999999999995
no04,533967_01412_01414_1,1530,15:30,78.798,72.749,-6.049000000000007
no04,533967_01412_01414_1,1545,15:45,94.9995,106.542,11.542500000000004
no04,533967_01412_01414_1,1600,16:00,82.499,75.15,-7.3489999999999895
no04,533967_01412_01414_1,1615,16:15,86.45,90.048,3.597999999999999
no04,533967_01412_01414_1,1630,16:30,119.85,119.949,0.09900000000000375
no04,533967_01412_01414_1,1645,16:45,134.0575,151.0075,16.94999999999999
no04,533967_01412_01414_1,1700,17:00,129.1515,142.85399999999998,13.702499999999986
no04,533967_01412_01414_1,1715,17:15,82.848,82.095,-0.7530000000000001
no04,533967_01412_01414_1,1730,17:30,98.356,99.9495,1.593500000000006
no04,533967_01412_01414_1,1745,17:45,158.30599999999998,175.3585,17.05250000000001
no04,533967_01412_01414_1,1800,18:00,70.69800000000001,68.0,-2.6980000000000075
no04,533967_01412_01414_1,1815,18:15,88.8015,85.8015,-3.0
no04,533967_01412_01414_1,1830,18:30,153.8145,158.40050000000002,4.586000000000013
no04,533967_01412_01414_1,1845,18:45,115.6455,115.3,-0.34550000000000125
no04,533967_01413_01414_0,630,06:30,0.0,0.0,0.0
no04,533967_01413_01414_0,645,06:45,0.0,0.0,0.0
no04,533967_01413_01414_0,700,07:00,0.0,0.0,0.0
no04,533967_01413_01414_0,715,07:15,0.0,0.0,0.0
no04,533967_01413_01414_0,730,07:30,0.0,0.0,0.0
no04,533967_01413_01414_0,745,07:45,0.0,0.0,0.0
no04,533967_01413_01414_0,800,08:00,0.0,0.0,0.0
no04,533967_01413_01414_0,815,08:15,0.0,0.0,0.0
no04,533967_01413_01414_0,830,08:30,0.0,0.0,0.0
no04,533967_01413_01414_0,845,08:45,0.0,0.0,0.0
no04,533967_01413_01414_0,900,09:00,0.0,0.0,0.0
no04,533967_01413_01414_0,915,09:15,0.0,0.0,0.0
no04,533967_01413_01414_0,930,09:30,0.0,0.0,0.0
no04,533967_01413_01414_0,945,09:45,0.0,0.0,0.0
no04,533967_01413_01414_0,1000,10:00,0.0,0.0,0.0
no04,533967_01413_01414_0,1015,10:15,0.0,0.0,0.0
no04,533967_01413_01414_0,1030,10:30,0.0,0.0,0.0
no04,533967_01413_01414_0,1045,10:45,0.0,0.0,0.0
no04,533967_01413_01414_0,1100,11:00,0.0,0.0,0.0
no04,533967_01413_01414_0,1115,11:15,0.0,0.0,0.0
no04,533967_01413_01414_0,1130,11:30,0.0,0.0,0.0
no04,533967_01413_01414_0,1145,11:45,0.0,0.0,0.0
no04,533967_01413_01414_0,1200,12:00,0.0,0.0,0.0
no04,533967_01413_01414_0,1215,12:15,0.0,0.0,0.0
no04,533967_01413_01414_0,1230,12:30,0.0,0.0,0.0
no04,533967_01413_01414_0,1245,12:45,0.0,0.0,0.0
no04,533967_01413_01414_0,1300,13:00,0.0,0.0,0.0
no04,533967_01413_01414_0,1315,13:15,0.0,0.0,0.0
no04,533967_01413_01414_0,1330,13:30,0.0,0.0,0.0
no04,533967_01413_01414_0,1345,13:45,0.0,0.0,0.0
no04,533967_01413_01414_0,1400,14:00,0.0,0.0,0.0
no04,533967_01413_01414_0,1415,14:15,0.0,0.0,0.0
no04,533967_01413_01414_0,1430,14:30,0.0,0.0,0.0
no04,533967_01413_01414_0,1445,14:45,0.0,0.0,0.0
no04,533967_01413_01414_0,1500,15:00,0.0,0.0,0.0
no04,533967_01413_01414_0,1515,15:15,0.0,0.0,0.0
no04,533967_01413_01414_0,1530,15:30,0.0,0.0,0.0
no04,533967_01413_01414_0,1545,15:45,0.0,0.0,0.0
no04,533967_01413_01414_0,1600,16:00,0.0,0.0,0.0
no04,533967_01413_01414_0,1615,16:15,0.0,0.0,0.0
no04,533967_01413_01414_0,1630,16:30,0.0,0.0,0.0
no04,533967_01413_01414_0,1645,16:45,0.0,0.0,0.0
no04,533967_01413_01414_0,1700,17:00,0.0,0.0,0.0
no04,533967_01413_01414_0,1715,17:15,0.0,0.0,0.0
no04,533967_01413_01414_0,1730,17:30,0.0,0.0,0.0
no04,533967_01413_01414_0,1745,17:45,0.0,0.0,0.0
no04,533967_01413_01414_0,1800,18:00,0.0,0.0,0.0
no04,533967_01413_01414_0,1815,18:15,0.0,0.0,0.0
no04,533967_01413_01414_0,1830,18:30,0.0,0.0,0.0
no04,533967_01413_01414_0,1845,18:45,0.0,0.0,0.0
no04,533967_01418_01419_0,630,06:30,0.0,0.0,0.0
no04,533967_01418_01419_0,645,06:45,0.0,0.0,0.0
no04,533967_01418_01419_0,700,07:00,0.0,0.0,0.0
no04,533967_01418_01419_0,715,07:15,0.0,0.0,0.0
no04,533967_01418_01419_0,730,07:30,0.0,0.0,0.0
no04,533967_01418_01419_0,745,07:45,0.0,0.0,0.0
no04,533967_01418_01419_0,800,08:00,0.0,0.0,0.0
no04,533967_01418_01419_0,815,08:15,0.0,0.0,0.0
no04,533967_01418_01419_0,830,08:30,0.0,0.0,0.0
no04,533967_01418_01419_0,845,08:45,0.0,0.0,0.0
no04,533967_01418_01419_0,900,09:00,0.0,0.0,0.0
no04,533967_01418_01419_0,915,09:15,0.0,0.0,0.0
no04,533967_01418_01419_0,930,09:30,0.0,0.0,0.0
no04,533967_01418_01419_0,945,09:45,0.0,0.0,0.0
no04,533967_01418_01419_0,1000,10:00,0.0,0.0,0.0
no04,533967_01418_01419_0,1015,10:15,0.0,0.0,0.0
no04,533967_01418_01419_0,1030,10:30,0.0,0.0,0.0
no04,533967_01418_01419_0,1045,10:45,0.0,0.0,0.0
no04,533967_01418_01419_0,1100,11:00,0.0,0.0,0.0
no04,533967_01418_01419_0,1115,11:15,0.0,0.0,0.0
no04,533967_01418_01419_0,1130,11:30,0.0,0.0,0.0
no04,533967_01418_01419_0,1145,11:45,0.0,0.0,0.0
no04,533967_01418_01419_0,1200,12:00,0.0,0.0,0.0
no04,533967_01418_01419_0,1215,12:15,0.0,0.0,0.0
no04,533967_01418_01419_0,1230,12:30,0.0,0.0,0.0
no04,533967_01418_01419_0,1245,12:45,0.0,0.0,0.0
no04,533967_01418_01419_0,1300,13:00,0.0,0.0,0.0
no04,533967_01418_01419_0,1315,13:15,0.0,0.0,0.0
no04,533967_01418_01419_0,1330,13:30,0.0,0.0,0.0
no04,533967_01418_01419_0,1345,13:45,0.0,0.0,0.0
no04,533967_01418_01419_0,1400,14:00,0.0,0.0,0.0
no04,533967_01418_01419_0,1415,14:15,0.0,0.0,0.0
no04,533967_01418_01419_0,1430,14:30,0.0,0.0,0.0
no04,533967_01418_01419_0,1445,14:45,0.0,0.0,0.0
no04,533967_01418_01419_0,1500,15:00,0.0,0.0,0.0
no04,533967_01418_01419_0,1515,15:15,0.0,0.0,0.0
no04,533967_01418_01419_0,1530,15:30,0.0,0.0,0.0
no04,533967_01418_01419_0,1545,15:45,0.0,0.0,0.0
no04,533967_01418_01419_0,1600,16:00,0.0,0.0,0.0
no04,533967_01418_01419_0,1615,16:15,0.0,0.0,0.0
no04,533967_01418_01419_0,1630,16:30,0.0,0.0,0.0
no04,533967_01418_01419_0,1645,16:45,0.0,0.0,0.0
no04,533967_01418_01419_0,1700,17:00,0.0,0.0,0.0
no04,533967_01418_01419_0,1715,17:15,0.0,0.0,0.0
no04,533967_01418_01419_0,1730,17:30,0.0,0.0,0.0
no04,533967_01418_01419_0,1745,17:45,0.0,0.0,0.0
no04,533967_01418_01419_0,1800,18:00,0.0,0.0,0.0
no04,533967_01418_01419_0,1815,18:15,0.0,0.0,0.0
no04,533967_01418_01419_0,1830,18:30,0.0,0.0,0.0
no04,533967_01418_01419_0,1845,18:45,0.0,0.0,0.0
no04,533967_01418_01419_1,630,06:30,0.0,0.0,0.0
no04,533967_01418_01419_1,645,06:45,0.0,0.0,0.0
no04,533967_01418_01419_1,700,07:00,0.0,0.0,0.0
no04,533967_01418_01419_1,715,07:15,0.0,0.0,0.0
no04,533967_01418_01419_1,730,07:30,0.0,0.0,0.0
no04,533967_01418_01419_1,745,07:45,0.0,0.0,0.0
no04,533967_01418_01419_1,800,08:00,0.0,0.0,0.0
no04,533967_01418_01419_1,815,08:15,0.0,0.0,0.0
no04,533967_01418_01419_1,830,08:30,0.0,0.0,0.0
no04,533967_01418_01419_1,845,08:45,0.0,0.0,0.0
no04,533967_01418_01419_1,900,09:00,0.0,0.0,0.0
no04,533967_01418_01419_1,915,09:15,0.0,0.0,0.0
no04,533967_01418_01419_1,930,09:30,0.0,0.0,0.0
no04,533967_01418_01419_1,945,09:45,0.0,0.0,0.0
no04,533967_01418_01419_1,1000,10:00,0.0,0.0,0.0
no04,533967_01418_01419_1,1015,10:15,0.0,0.0,0.0
no04,533967_01418_01419_1,1030,10:30,0.0,0.0,0.0
no04,533967_01418_01419_1,1045,10:45,0.0,0.0,0.0
no04,533967_01418_01419_1,1100,11:00,0.0,0.0,0.0
no04,533967_01418_01419_1,1115,11:15,0.0,0.0,0.0
no04,533967_01418_01419_1,1130,11:30,0.0,0.0,0.0
no04,533967_01418_01419_1,1145,11:45,0.0,0.0,0.0
no04,533967_01418_01419_1,1200,12:00,0.0,0.0,0.0
no04,533967_01418_01419_1,1215,12:15,0.0,0.0,0.0
no04,533967_01418_01419_1,1230,12:30,0.0,0.0,0.0
no04,533967_01418_01419_1,1245,12:45,0.0,0.0,0.0
no04,533967_01418_01419_1,1300,13:00,0.0,0.0,0.0
no04,533967_01418_01419_1,1315,13:15,0.0,0.0,0.0
no04,533967_01418_01419_1,1330,13:30,0.0,0.0,0.0
no04,533967_01418_01419_1,1345,13:45,0.0,0.0,0.0
no04,533967_01418_01419_1,1400,14:00,0.0,0.0,0.0
no04,533967_01418_01419_1,1415,14:15,0.0,0.0,0.0
no04,533967_01418_01419_1,1430,14:30,0.0,0.0,0.0
no04,533967_01418_01419_1,1445,14:45,0.0,0.0,0.0
no04,533967_01418_01419_1,1500,15:00,0.0,0.0,0.0
no04,533967_01418_01419_1,1515,15:15,0.0,0.0,0.0
no04,533967_01418_01419_1,1530,15:30,0.0,0.0,0.0
no04,533967_01418_01419_1,1545,15:45,0.0,0.0,0.0
no04,533967_01418_01419_1,1600,16:00,0.0,0.0,0.0
no04,533967_01418_01419_1,1615,16:15,0.0,0.0,0.0
no04,533967_01418_01419_1,1630,16:30,0.0,0.0,0.0
no04,533967_01418_01419_1,1645,16:45,0.0,0.0,0.0
no04,533967_01418_01419_1,1700,17:00,0.0,0.0,0.0
no04,533967_01418_01419_1,1715,17:15,0.0,0.0,0.0
no04,533967_01418_01419_1,1730,17:30,0.0,0.0,0.0
no04,533967_01418_01419_1,1745,17:45,0.0,0.0,0.0
no04,533967_01418_01419_1,1800,18:00,0.0,0.0,0.0
no04,533967_01418_01419_1,1815,18:15,0.0,0.0,0.0
no04,533967_01418_01419_1,1830,18:30,0.0,0.0,0.0
no04,533967_01418_01419_1,1845,18:45,0.0,0.0,0.0
no04,533967_01418_01420_1,630,06:30,397.6795,397.973,0.29349999999999454
no04,533967_01418_01420_1,645,06:45,744.14,751.8355,7.695500000000038
no04,533967_01418_01420_1,700,07:00,713.6405,734.9485,21.307999999999993
no04,533967_01418_01420_1,715,07:15,887.1034999999999,877.1975,-9.905999999999949
no04,533967_01418_01420_1,730,07:30,895.1025,878.8059999999999,-16.296500000000037
no04,533967_01418_01420_1,745,07:45,1091.6835,1103.373,11.689499999999953
no04,533967_01418_01420_1,800,08:00,1187.6765,1189.513,1.8364999999998872
no04,533967_01418_01420_1,815,08:15,1164.1735,1165.318,1.14449999999988
no04,533967_01418_01420_1,830,08:30,1025.502,999.7825,-25.719499999999925
no04,533967_01418_01420_1,845,08:45,848.284,859.5695,11.285499999999956
no04,533967_01418_01420_1,900,09:00,847.057,895.7825,48.72550000000001
no04,533967_01418_01420_1,915,09:15,598.51,593.673,-4.836999999999989
no04,533967_01418_01420_1,930,09:30,837.4705,772.888,-64.58249999999998
no04,533967_01418_01420_1,945,09:45,684.492,637.7529999999999,-46.73900000000003
no04,533967_01418_01420_1,1000,10:00,858.3629999999999,869.497,11.134000000000015
no04,533967_01418_01420_1,1015,10:15,764.1875,732.265,-31.922500000000014
no04,533967_01418_01420_1,1030,10:30,882.3235000000001,974.1495,91.82599999999991
no04,533967_01418_01420_1,1045,10:45,847.4195,728.8385000000001,-118.5809999999999
no04,533967_01418_01420_1,1100,11:00,2506.0575,2588.555,82.49749999999995
no04,533967_01418_01420_1,1115,11:15,2611.1705,2591.6385,-19.532000000000153
no04,533967_01418_01420_1,1130,11:30,2288.0505000000003,2275.542,-12.508500000000367
no04,533967_01418_01420_1,1145,11:45,1612.3719999999998,1533.2485,-79.12349999999992
no04,533967_01418_01420_1,1200,12:00,1902.202,1944.1385,41.936500000000024
no04,533967_01418_01420_1,1215,12:15,942.526,961.5635,19.037500000000023
no04,533967_01418_01420_1,1230,12:30,1060.8395,1074.968,14.128500000000031
no04,533967_01418_01420_1,1245,12:45,888.2725,896.0935,7.820999999999913
no04,533967_01418_01420_1,1300,13:00,1068.908,1082.663,13.75500000000011
no04,533967_01418_01420_1,1315,13:15,739.1695,741.893,2.723500000000058
no04,533967_01418_01420_1,1330,13:30,1754.3190000000002,1703.063,-51.256000000000085
no04,533967_01418_01420_1,1345,13:45,2864.6725,2870.195,5.522500000000036
no04,533967_01418_01420_1,1400,14:00,2396.824,2421.6805,24.85649999999987
no04,533967_01418_01420_1,1415,14:15,2289.6925,2321.7845,32.0920000000001
no04,533967_01418_01420_1,1430,14:30,1206.764,1152.34,-54.42399999999998
no04,533967_01418_01420_1,1445,14:45,835.558,836.575,1.0170000000000528
no04,533967_01418_01420_1,1500,15:00,929.92,922.6715,-7.248499999999922
no04,533967_01418_01420_1,1515,15:15,1065.501,1160.9115,95.41049999999996
no04,533967_01418_01420_1,1530,15:30,1436.859,1443.2435,6.384500000000116
no04,533967_01418_01420_1,1545,15:45,1117.461,1119.8985,2.4375
no04,533967_01418_01420_1,1600,16:00,3117.4945,3124.0455,6.551000000000386
no04,533967_01418_01420_1,1615,16:15,2940.135,2969.684,29.548999999999978
no04,533967_01418_01420_1,1630,16:30,2456.03,2355.056,-100.97400000000016
no04,533967_01418_01420_1,1645,16:45,2779.4055,2810.0865,30.68100000000004
no04,533967_01418_01420_1,1700,17:00,2663.791,2651.296,-12.495000000000346
no04,533967_01418_01420_1,1715,17:15,2785.2815,2676.677,-108.60449999999992
no04,533967_01418_01420_1,1730,17:30,3180.683,3149.096,-31.58699999999999
no04,533967_01418_01420_1,1745,17:45,1842.691,1769.5175,-73.1735000000001
no04,533967_01418_01420_1,1800,18:00,3848.480000000001,3912.666,64.18599999999924
no04,533967_01418_01420_1,1815,18:15,2002.1185,1948.726,-53.39249999999993
no04,533967_01418_01420_1,1830,18:30,2942.616,2879.941,-62.67500000000018
no04,533967_01418_01420_1,1845,18:45,1356.5645,1310.351,-46.21349999999984
no04,533967_01418_01421_0,630,06:30,53.72111111111112,54.58,0.8588888888888775
no04,533967_01418_01421_0,645,06:45,422.766,403.2475,-19.518500000000017
no04,533967_01418_01421_0,700,07:00,299.9515,284.0595,-15.891999999999996
no04,533967_01418_01421_0,715,07:15,572.0405,583.6545,11.614000000000033
no04,533967_01418_01421_0,730,07:30,506.136,505.231,-0.9050000000000296
no04,533967_01418_01421_0,745,07:45,591.3925,551.6475,-39.745000000000005
no04,533967_01418_01421_0,800,08:00,492.166,477.599,-14.567000000000007
no04,533967_01418_01421_0,815,08:15,478.9865,451.8560000000001,-27.13049999999987
no04,533967_01418_01421_0,830,08:30,561.705,521.8575,-39.84750000000008
no04,533967_01418_01421_0,845,08:45,524.451,403.2935000000001,-121.15749999999991
no04,533967_01418_01421_0,900,09:00,503.406,525.476,22.069999999999993
no04,533967_01418_01421_0,915,09:15,315.7,297.30100000000004,-18.398999999999944
no04,533967_01418_01421_0,930,09:30,469.553,410.1365,-59.416499999999985
no04,533967_01418_01421_0,945,09:45,684.277,673.9390000000001,-10.337999999999965
no04,533967_01418_01421_0,1000,10:00,3073.1735,3438.397,365.22350000000006
no04,533967_01418_01421_0,1015,10:15,4379.8455,4951.259473684211,571.4139736842108
no04,533967_01418_01421_0,1030,10:30,369.4935,294.594,-74.89949999999999
no04,533967_01418_01421_0,1045,10:45,764.265,642.8005,-121.46449999999993
no04,533967_01418_01421_0,1100,11:00,684.6885,742.076,57.387500000000045
no04,533967_01418_01421_0,1115,11:15,813.3055,774.5815,-38.724000000000046
no04,533967_01418_01421_0,1130,11:30,709.7055,719.199,9.493499999999926
no04,533967_01418_01421_0,1145,11:45,556.6985000000001,593.7484999999999,37.04999999999984
no04,533967_01418_01421_0,1200,12:00,814.2775,709.577,-104.70050000000003
no04,533967_01418_01421_0,1215,12:15,725.4060000000001,697.7325,-27.673500000000104
no04,533967_01418_01421_0,1230,12:30,525.813,468.3985,-57.414499999999975
no04,533967_01418_01421_0,1245,12:45,658.0274999999999,664.258,6.23050000000012
no04,533967_01418_01421_0,1300,13:00,823.2035,778.7180000000001,-44.48549999999989
no04,533967_01418_01421_0,1315,13:15,601.3729999999999,597.0005,-4.372499999999945
no04,533967_01418_01421_0,1330,13:30,447.0455,454.342,7.2964999999999804
no04,533967_01418_01421_0,1345,13:45,550.8465,516.0485,-34.798
no04,533967_01418_01421_0,1400,14:00,540.7305,544.3815,3.6509999999999536
no04,533967_01418_01421_0,1415,14:15,450.2995,453.5305,3.2309999999999945
no04,533967_01418_01421_0,1430,14:30,386.3535,385.731,-0.6225000000000023
no04,533967_01418_01421_0,1445,14:45,586.193,566.7650000000001,-19.427999999999884
no04,533967_01418_01421_0,1500,15:00,633.0905,716.521,83.43049999999994
no04,533967_01418_01421_0,1515,15:15,539.857,512.1755,-27.681499999999915
no04,533967_01418_01421_0,1530,15:30,509.804,566.037,56.23300000000006
no04,533967_01418_01421_0,1545,15:45,531.4895,483.712,-47.77750000000003
no04,533967_01418_01421_0,1600,16:00,633.1270000000001,632.947,-0.18000000000006366
no04,533967_01418_01421_0,1615,16:15,750.1495,729.6614999999999,-20.488000000000056
no04,533967_01418_01421_0,1630,16:30,578.9615,528.1595,-50.80200000000002
no04,533967_01418_01421_0,1645,16:45,628.0605,710.1705,82.1099999999999
no04,533967_01418_01421_0,1700,17:00,590.7725,516.1115,-74.66100000000006
no04,533967_01418_01421_0,1715,17:15,675.2145,628.421,-46.793499999999995
no04,533967_01418_01421_0,1730,17:30,435.853,432.389,-3.4639999999999986
no04,533967_01418_01421_0,1745,17:45,336.90700000000004,357.217,20.309999999999945
no04,533967_01418_01421_0,1800,18:00,990.54,935.318,-55.22199999999998
no04,533967_01418_01421_0,1815,18:15,273.11,263.2015,-9.908500000000004
no04,533967_01418_01421_0,1830,18:30,759.446,863.3985,103.95249999999999
no04,533967_01418_01421_0,1845,18:45,603.1985,1099.4635,496.2650000000001
no04,533967_01418_01421_1,630,06:30,0.0,0.0,0.0
no04,533967_01418_01421_1,645,06:45,0.0,0.0,0.0
no04,533967_01418_01421_1,700,07:00,0.0,0.0,0.0
no04,533967_01418_01421_1,715,07:15,0.0,0.0,0.0
no04,533967_01418_01421_1,730,07:30,0.0,0.0,0.0
no04,533967_01418_01421_1,745,07:45,0.0,0.0,0.0
no04,533967_01418_01421_1,800,08:00,0.0,0.0,0.0
no04,533967_01418_01421_1,815,08:15,0.0,0.0,0.0
no04,533967_01418_01421_1,830,08:30,0.0,0.0,0.0
no04,533967_01418_01421_1,845,08:45,0.0,0.0,0.0
no04,533967_01418_01421_1,900,09:00,0.0,0.0,0.0
no04,533967_01418_01421_1,915,09:15,0.0,0.0,0.0
no04,533967_01418_01421_1,930,09:30,0.0,0.0,0.0
no04,533967_01418_01421_1,945,09:45,0.0,0.0,0.0
no04,533967_01418_01421_1,1000,10:00,0.0,0.0,0.0
no04,533967_01418_01421_1,1015,10:15,0.0,0.0,0.0
no04,533967_01418_01421_1,1030,10:30,0.0,0.0,0.0
no04,533967_01418_01421_1,1045,10:45,0.0,0.0,0.0
no04,533967_01418_01421_1,1100,11:00,0.0,0.0,0.0
no04,533967_01418_01421_1,1115,11:15,0.0,0.0,0.0
no04,533967_01418_01421_1,1130,11:30,0.0,0.0,0.0
no04,533967_01418_01421_1,1145,11:45,0.0,0.0,0.0
no04,533967_01418_01421_1,1200,12:00,0.0,0.0,0.0
no04,533967_01418_01421_1,1215,12:15,0.0,0.0,0.0
no04,533967_01418_01421_1,1230,12:30,0.0,0.0,0.0
no04,533967_01418_01421_1,1245,12:45,0.0,0.0,0.0
no04,533967_01418_01421_1,1300,13:00,0.0,0.0,0.0
no04,533967_01418_01421_1,1315,13:15,0.0,0.0,0.0
no04,533967_01418_01421_1,1330,13:30,0.0,0.0,0.0
no04,533967_01418_01421_1,1345,13:45,0.0,0.0,0.0
no04,533967_01418_01421_1,1400,14:00,0.0,0.0,0.0
no04,533967_01418_01421_1,1415,14:15,0.0,0.0,0.0
no04,533967_01418_01421_1,1430,14:30,0.0,0.0,0.0
no04,533967_01418_01421_1,1445,14:45,0.0,0.0,0.0
no04,533967_01418_01421_1,1500,15:00,0.0,0.0,0.0
no04,533967_01418_01421_1,1515,15:15,0.0,0.0,0.0
no04,533967_01418_01421_1,1530,15:30,0.0,0.0,0.0
no04,533967_01418_01421_1,1545,15:45,0.0,0.0,0.0
no04,533967_01418_01421_1,1600,16:00,0.0,0.0,0.0
no04,533967_01418_01421_1,1615,16:15,0.0,0.0,0.0
no04,533967_01418_01421_1,1630,16:30,0.0,0.0,0.0
no04,533967_01418_01421_1,1645,16:45,0.0,0.0,0.0
no04,533967_01418_01421_1,1700,17:00,0.0,0.0,0.0
no04,533967_01418_01421_1,1715,17:15,0.0,0.0,0.0
no04,533967_01418_01421_1,1730,17:30,0.0,0.0,0.0
no04,533967_01418_01421_1,1745,17:45,0.0,0.0,0.0
no04,533967_01418_01421_1,1800,18:00,0.0,0.0,0.0
no04,533967_01418_01421_1,1815,18:15,0.0,0.0,0.0
no04,533967_01418_01421_1,1830,18:30,0.0,0.0,0.0
no04,533967_01418_01421_1,1845,18:45,0.0,0.0,0.0
no04,533967_01419_01420_0,630,06:30,520.0015,529.453,9.45150000000001
no04,533967_01419_01420_0,645,06:45,1058.4755,1044.241,-14.234500000000025
no04,533967_01419_01420_0,700,07:00,1307.515,1337.326,29.810999999999922
no04,533967_01419_01420_0,715,07:15,1148.2085,1168.786,20.5775000000001
no04,533967_01419_01420_0,730,07:30,1936.423,1981.736,45.3130000000001
no04,533967_01419_01420_0,745,07:45,2993.035,2926.327,-66.70799999999963
no04,533967_01419_01420_0,800,08:00,1687.581,1644.9575,-42.62349999999992
no04,533967_01419_01420_0,815,08:15,2280.282,2530.875,250.59299999999985
no04,533967_01419_01420_0,830,08:30,2500.5225,2570.674,70.15149999999994
no04,533967_01419_01420_0,845,08:45,2522.69,2457.155,-65.53499999999985
no04,533967_01419_01420_0,900,09:00,2465.2925,2521.445,56.152500000000146
no04,533967_01419_01420_0,915,09:15,2417.4365000000003,2429.202,11.765499999999975
no04,533967_01419_01420_0,930,09:30,2344.7525,2365.4595,20.70699999999988
no04,533967_01419_01420_0,945,09:45,2266.501,2203.6,-62.901000000000295
no04,533967_01419_01420_0,1000,10:00,1553.441,1523.4699999999998,-29.97100000000023
no04,533967_01419_01420_0,1015,10:15,2150.0145,2156.838,6.823499999999967
no04,533967_01419_01420_0,1030,10:30,1717.6684999999998,1660.845,-56.82349999999974
no04,533967_01419_01420_0,1045,10:45,1969.3095,2124.248,154.93849999999998
no04,533967_01419_01420_0,1100,11:00,1549.8475,1461.517,-88.33050000000003
no04,533967_01419_01420_0,1115,11:15,1608.483,1544.832,-63.65099999999984
no04,533967_01419_01420_0,1130,11:30,1179.568,1166.2015,-13.366500000000087
no04,533967_01419_01420_0,1145,11:45,1283.221,1307.0255,23.804499999999962
no04,533967_01419_01420_0,1200,12:00,1364.638,1328.3165,-36.321500000000015
no04,533967_01419_01420_0,1215,12:15,1843.2745,1957.606,114.3315
no04,533967_01419_01420_0,1230,12:30,1460.764,1398.998,-61.76599999999985
no04,533967_01419_01420_0,1245,12:45,1234.3805,1230.0065,-4.374000000000024
no04,533967_01419_01420_0,1300,13:00,2115.3525,2114.999,-0.35350000000016735
no04,533967_01419_01420_0,1315,13:15,2122.8885,2213.8195,90.93100000000004
no04,533967_01419_01420_0,1330,13:30,1275.0905,1173.4275,-101.66300000000001
no04,533967_01419_01420_0,1345,13:45,694.482,701.9755,7.49350000000004
no04,533967_01419_01420_0,1400,14:00,1236.945,1211.5055,-25.439499999999953
no04,533967_01419_01420_0,1415,14:15,750.845,772.4685,21.623499999999922
no04,533967_01419_01420_0,1430,14:30,1966.977,2080.672,113.69499999999994
no04,533967_01419_01420_0,1445,14:45,1920.958,1826.8335,-94.12450000000013
no04,533967_01419_01420_0,1500,15:00,2708.035,2736.677,28.64200000000028
no04,533967_01419_01420_0,1515,15:15,1909.6095,1864.4205,-45.18900000000008
no04,533967_01419_01420_0,1530,15:30,2091.4235,2100.9655,9.541999999999916
no04,533967_01419_01420_0,1545,15:45,2127.263,2239.4235,112.16049999999996
no04,533967_01419_01420_0,1600,16:00,1265.2825,1223.266,-42.01649999999995
no04,533967_01419_01420_0,1615,16:15,1769.082,1837.714,68.63199999999983
no04,533967_01419_01420_0,1630,16:30,1247.245,1209.7285,-37.51649999999995
no04,533967_01419_01420_0,1645,16:45,899.576,954.995,55.41899999999998
no04,533967_01419_01420_0,1700,17:00,1828.552,1751.5505,-77.00149999999985
no04,533967_01419_01420_0,1715,17:15,1792.541,1702.5175,-90.02350000000001
no04,533967_01419_01420_0,1730,17:30,1421.2215,1315.9645,-105.25700000000006
no04,533967_01419_01420_0,1745,17:45,1186.291,1095.019,-91.27199999999993
no04,533967_01419_01420_0,1800,18:00,1158.2165,1122.4525,-35.763999999999896
no04,533967_01419_01420_0,1815,18:15,819.9540000000001,791.4314999999999,-28.52250000000015
no04,533967_01419_01420_0,1830,18:30,1002.6325,1002.831,0.19849999999996726
no04,533967_01419_01420_0,1845,18:45,547.7180000000001,500.458,-47.26000000000005
no04,533967_01419_01425_1,630,06:30,394.507,405.406,10.899000000000001
no04,533967_01419_01425_1,645,06:45,680.4114999999999,665.6724999999999,-14.739000000000033
no04,533967_01419_01425_1,700,07:00,828.7370000000001,842.3965000000001,13.65949999999998
no04,533967_01419_01425_1,715,07:15,774.9694999999999,778.2864999999999,3.3170000000000073
no04,533967_01419_01425_1,730,07:30,1164.7135,1205.6805,40.96699999999987
no04,533967_01419_01425_1,745,07:45,1947.616,1893.574,-54.041999999999916
no04,533967_01419_01425_1,800,08:00,979.5975,935.965,-43.632499999999936
no04,533967_01419_01425_1,815,08:15,1096.8665,1212.21,115.34349999999995
no04,533967_01419_01425_1,830,08:30,1582.3485,1632.5145,50.16599999999994
no04,533967_01419_01425_1,845,08:45,1678.9325,1624.3455,-54.58699999999999
no04,533967_01419_01425_1,900,09:00,1663.3175,1683.8925,20.574999999999818
no04,533967_01419_01425_1,915,09:15,1248.804,1312.866,64.0619999999999
no04,533967_01419_01425_1,930,09:30,1419.2035,1434.5085,15.304999999999836
no04,533967_01419_01425_1,945,09:45,1409.2365,1334.2915,-74.94499999999994
no04,533967_01419_01425_1,1000,10:00,866.567,878.8309999999999,12.263999999999896
no04,533967_01419_01425_1,1015,10:15,1379.776,1391.557,11.780999999999949
no04,533967_01419_01425_1,1030,10:30,1424.7015,1404.3635,-20.337999999999965
no04,533967_01419_01425_1,1045,10:45,1066.2130000000002,1143.3965,77.18349999999987
no04,533967_01419_01425_1,1100,11:00,1356.219,1339.599,-16.62000000000012
no04,533967_01419_01425_1,1115,11:15,1503.4775,1445.952,-57.525499999999965
no04,533967_01419_01425_1,1130,11:30,1005.872,973.0055,-32.866499999999974
no04,533967_01419_01425_1,1145,11:45,1734.1419999999998,1800.3205000000005,66.17850000000067
no04,533967_01419_01425_1,1200,12:00,1223.368,1198.918,-24.450000000000045
no04,533967_01419_01425_1,1215,12:15,1057.9265,1141.034,83.10750000000007
no04,533967_01419_01425_1,1230,12:30,1390.0225,1334.2835,-55.73900000000003
no04,533967_01419_01425_1,1245,12:45,1003.98,1017.9915,14.011499999999955
no04,533967_01419_01425_1,1300,13:00,1291.585,1313.9045,22.319500000000062
no04,533967_01419_01425_1,1315,13:15,929.754,1010.6315,80.87749999999994
no04,533967_01419_01425_1,1330,13:30,929.4755,876.521,-52.95450000000005
no04,533967_01419_01425_1,1345,13:45,940.711,969.001,28.289999999999964
no04,533967_01419_01425_1,1400,14:00,1194.506,1228.133,33.62699999999995
no04,533967_01419_01425_1,1415,14:15,1148.289,1144.289,-4.0
no04,533967_01419_01425_1,1430,14:30,1382.0335,1448.1905000000002,66.15700000000015
no04,533967_01419_01425_1,1445,14:45,1177.7585,1079.5735,-98.18499999999995
no04,533967_01419_01425_1,1500,15:00,1609.7275,1655.6485,45.92100000000005
no04,533967_01419_01425_1,1515,15:15,1392.889,1359.517,-33.371999999999844
no04,533967_01419_01425_1,1530,15:30,1421.2045,1540.0655000000002,118.8610000000001
no04,533967_01419_01425_1,1545,15:45,1309.71,1356.589,46.878999999999905
no04,533967_01419_01425_1,1600,16:00,1814.198,1802.6335,-11.56450000000018
no04,533967_01419_01425_1,1615,16:15,2415.362,2432.498,17.135999999999967
no04,533967_01419_01425_1,1630,16:30,1324.5994999999998,1416.165,91.56550000000016
no04,533967_01419_01425_1,1645,16:45,1384.1785,1381.926,-2.2525000000000546
no04,533967_01419_01425_1,1700,17:00,2737.0835,2424.496,-312.5875000000001
no04,533967_01419_01425_1,1715,17:15,2857.525,2639.4365000000003,-218.08849999999984
no04,533967_01419_01425_1,1730,17:30,1728.7785,1589.644,-139.1344999999999
no04,533967_01419_01425_1,1745,17:45,1376.1985,1388.084,11.885500000000093
no04,533967_01419_01425_1,1800,18:00,1506.479,1516.542,10.062999999999874
no04,533967_01419_01425_1,1815,18:15,1307.4565,1232.8875,-74.56899999999996
no04,533967_01419_01425_1,1830,18:30,1004.2765,1001.526,-2.750500000000102
no04,533967_01419_01425_1,1845,18:45,633.3675000000001,541.632,-91.73550000000012
no04,533967_01419_01608_0,630,06:30,0.0,0.0,0.0
no04,533967_01419_01608_0,645,06:45,0.0,0.0,0.0
no04,533967_01419_01608_0,700,07:00,0.0,0.0,0.0
no04,533967_01419_01608_0,715,07:15,0.0,0.0,0.0
no04,533967_01419_01608_0,730,07:30,0.0,0.0,0.0
no04,533967_01419_01608_0,745,07:45,0.0,0.0,0.0
no04,533967_01419_01608_0,800,08:00,0.0,0.0,0.0
no04,533967_01419_01608_0,815,08:15,0.0,0.0,0.0
no04,533967_01419_01608_0,830,08:30,0.0,0.0,0.0
no04,533967_01419_01608_0,845,08:45,0.0,0.0,0.0
no04,533967_01419_01608_0,900,09:00,0.0,0.0,0.0
no04,533967_01419_01608_0,915,09:15,0.0,0.0,0.0
no04,533967_01419_01608_0,930,09:30,0.0,0.0,0.0
no04,533967_01419_01608_0,945,09:45,0.0,0.0,0.0
no04,533967_01419_01608_0,1000,10:00,0.0,0.0,0.0
no04,533967_01419_01608_0,1015,10:15,0.0,0.0,0.0
no04,533967_01419_01608_0,1030,10:30,0.0,0.0,0.0
no04,533967_01419_01608_0,1045,10:45,0.0,0.0,0.0
no04,533967_01419_01608_0,1100,11:00,0.0,0.0,0.0
no04,533967_01419_01608_0,1115,11:15,0.0,0.0,0.0
no04,533967_01419_01608_0,1130,11:30,0.0,0.0,0.0
no04,533967_01419_01608_0,1145,11:45,0.0,0.0,0.0
no04,533967_01419_01608_0,1200,12:00,0.0,0.0,0.0
no04,533967_01419_01608_0,1215,12:15,0.0,0.0,0.0
no04,533967_01419_01608_0,1230,12:30,0.0,0.0,0.0
no04,533967_01419_01608_0,1245,12:45,0.0,0.0,0.0
no04,533967_01419_01608_0,1300,13:00,0.0,0.0,0.0
no04,533967_01419_01608_0,1315,13:15,0.0,0.0,0.0
no04,533967_01419_01608_0,1330,13:30,0.0,0.0,0.0
no04,533967_01419_01608_0,1345,13:45,0.0,0.0,0.0
no04,533967_01419_01608_0,1400,14:00,0.0,0.0,0.0
no04,533967_01419_01608_0,1415,14:15,0.0,0.0,0.0
no04,533967_01419_01608_0,1430,14:30,0.0,0.0,0.0
no04,533967_01419_01608_0,1445,14:45,0.0,0.0,0.0
no04,533967_01419_01608_0,1500,15:00,0.0,0.0,0.0
no04,533967_01419_01608_0,1515,15:15,0.0,0.0,0.0
no04,533967_01419_01608_0,1530,15:30,0.0,0.0,0.0
no04,533967_01419_01608_0,1545,15:45,0.0,0.0,0.0
no04,533967_01419_01608_0,1600,16:00,0.0,0.0,0.0
no04,533967_01419_01608_0,1615,16:15,0.0,0.0,0.0
no04,533967_01419_01608_0,1630,16:30,0.0,0.0,0.0
no04,533967_01419_01608_0,1645,16:45,0.0,0.0,0.0
no04,533967_01419_01608_0,1700,17:00,0.0,0.0,0.0
no04,533967_01419_01608_0,1715,17:15,0.0,0.0,0.0
no04,533967_01419_01608_0,1730,17:30,0.0,0.0,0.0
no04,533967_01419_01608_0,1745,17:45,0.0,0.0,0.0
no04,533967_01419_01608_0,1800,18:00,0.0,0.0,0.0
no04,533967_01419_01608_0,1815,18:15,0.0,0.0,0.0
no04,533967_01419_01608_0,1830,18:30,0.0,0.0,0.0
no04,533967_01419_01608_0,1845,18:45,0.0,0.0,0.0
no04,533967_01419_01608_1,630,06:30,0.0,0.0,0.0
no04,533967_01419_01608_1,645,06:45,0.0,0.0,0.0
no04,533967_01419_01608_1,700,07:00,0.0,0.0,0.0
no04,533967_01419_01608_1,715,07:15,0.0,0.0,0.0
no04,533967_01419_01608_1,730,07:30,0.0,0.0,0.0
no04,533967_01419_01608_1,745,07:45,0.0,0.0,0.0
no04,533967_01419_01608_1,800,08:00,0.0,0.0,0.0
no04,533967_01419_01608_1,815,08:15,0.0,0.0,0.0
no04,533967_01419_01608_1,830,08:30,0.0,0.0,0.0
no04,533967_01419_01608_1,845,08:45,0.0,0.0,0.0
no04,533967_01419_01608_1,900,09:00,0.0,0.0,0.0
no04,533967_01419_01608_1,915,09:15,0.0,0.0,0.0
no04,533967_01419_01608_1,930,09:30,0.0,0.0,0.0
no04,533967_01419_01608_1,945,09:45,0.0,0.0,0.0
no04,533967_01419_01608_1,1000,10:00,0.0,0.0,0.0
no04,533967_01419_01608_1,1015,10:15,0.0,0.0,0.0
no04,533967_01419_01608_1,1030,10:30,0.0,0.0,0.0
no04,533967_01419_01608_1,1045,10:45,0.0,0.0,0.0
no04,533967_01419_01608_1,1100,11:00,0.0,0.0,0.0
no04,533967_01419_01608_1,1115,11:15,0.0,0.0,0.0
no04,533967_01419_01608_1,1130,11:30,0.0,0.0,0.0
no04,533967_01419_01608_1,1145,11:45,0.0,0.0,0.0
no04,533967_01419_01608_1,1200,12:00,0.0,0.0,0.0
no04,533967_01419_01608_1,1215,12:15,0.0,0.0,0.0
no04,533967_01419_01608_1,1230,12:30,0.0,0.0,0.0
no04,533967_01419_01608_1,1245,12:45,0.0,0.0,0.0
no04,533967_01419_01608_1,1300,13:00,0.0,0.0,0.0
no04,533967_01419_01608_1,1315,13:15,0.0,0.0,0.0
no04,533967_01419_01608_1,1330,13:30,0.0,0.0,0.0
no04,533967_01419_01608_1,1345,13:45,0.0,0.0,0.0
no04,533967_01419_01608_1,1400,14:00,0.0,0.0,0.0
no04,533967_01419_01608_1,1415,14:15,0.0,0.0,0.0
no04,533967_01419_01608_1,1430,14:30,0.0,0.0,0.0
no04,533967_01419_01608_1,1445,14:45,0.0,0.0,0.0
no04,533967_01419_01608_1,1500,15:00,0.0,0.0,0.0
no04,533967_01419_01608_1,1515,15:15,0.0,0.0,0.0
no04,533967_01419_01608_1,1530,15:30,0.0,0.0,0.0
no04,533967_01419_01608_1,1545,15:45,0.0,0.0,0.0
no04,533967_01419_01608_1,1600,16:00,0.0,0.0,0.0
no04,533967_01419_01608_1,1615,16:15,0.0,0.0,0.0
no04,533967_01419_01608_1,1630,16:30,0.0,0.0,0.0
no04,533967_01419_01608_1,1645,16:45,0.0,0.0,0.0
no04,533967_01419_01608_1,1700,17:00,0.0,0.0,0.0
no04,533967_01419_01608_1,1715,17:15,0.0,0.0,0.0
no04,533967_01419_01608_1,1730,17:30,0.0,0.0,0.0
no04,533967_01419_01608_1,1745,17:45,0.0,0.0,0.0
no04,533967_01419_01608_1,1800,18:00,0.0,0.0,0.0
no04,533967_01419_01608_1,1815,18:15,0.0,0.0,0.0
no04,533967_01419_01608_1,1830,18:30,0.0,0.0,0.0
no04,533967_01419_01608_1,1845,18:45,0.0,0.0,0.0
no04,533967_01420_01654_0,630,06:30,706.206,706.7595,0.5534999999999854
no04,533967_01420_01654_0,645,06:45,953.317,938.95,-14.366999999999962
no04,533967_01420_01654_0,700,07:00,1786.024,1826.8045,40.780500000000075
no04,533967_01420_01654_0,715,07:15,1407.6995000000002,1425.4845,17.784999999999854
no04,533967_01420_01654_0,730,07:30,2318.4365,2307.4805,-10.955999999999676
no04,533967_01420_01654_0,745,07:45,4034.7315,3703.316,-331.41550000000007
no04,533967_01420_01654_0,800,08:00,2252.9315,2238.99,-13.94150000000036
no04,533967_01420_01654_0,815,08:15,2105.1845000000003,2479.2415,374.0569999999998
no04,533967_01420_01654_0,830,08:30,3114.1595,3293.839,179.67949999999973
no04,533967_01420_01654_0,845,08:45,3440.1825,3074.684,-365.4984999999997
no04,533967_01420_01654_0,900,09:00,2948.6690000000003,3136.6895,188.02049999999963
no04,533967_01420_01654_0,915,09:15,2195.4010000000003,2170.1525,-25.24850000000015
no04,533967_01420_01654_0,930,09:30,3194.476,3302.3685,107.89249999999993
no04,533967_01420_01654_0,945,09:45,2867.476,2654.4315,-213.04449999999997
no04,533967_01420_01654_0,1000,10:00,1909.868,1746.9830000000002,-162.88499999999976
no04,533967_01420_01654_0,1015,10:15,2258.7195,2284.136,25.416499999999814
no04,533967_01420_01654_0,1030,10:30,2679.6065,2465.5885,-214.01800000000003
no04,533967_01420_01654_0,1045,10:45,1960.3675,2132.077,171.70950000000016
no04,533967_01420_01654_0,1100,11:00,2609.6835,2672.821,63.13749999999982
no04,533967_01420_01654_0,1115,11:15,2984.3615,2840.8630000000003,-143.4984999999997
no04,533967_01420_01654_0,1130,11:30,2482.862,2438.359,-44.503000000000156
no04,533967_01420_01654_0,1145,11:45,2819.623,3016.816,197.19299999999976
no04,533967_01420_01654_0,1200,12:00,2947.1355,2776.3335,-170.80199999999968
no04,533967_01420_01654_0,1215,12:15,1517.132,1657.7864999999997,140.65449999999964
no04,533967_01420_01654_0,1230,12:30,2612.0365,2640.629,28.592499999999745
no04,533967_01420_01654_0,1245,12:45,1444.352,1479.4745,35.122499999999945
no04,533967_01420_01654_0,1300,13:00,2116.6240000000003,2127.2745,10.650499999999738
no04,533967_01420_01654_0,1315,13:15,1745.234,1819.137,73.90300000000002
no04,533967_01420_01654_0,1330,13:30,1909.102,1813.617,-95.48500000000013
no04,533967_01420_01654_0,1345,13:45,1420.558,1329.773,-90.78500000000008
no04,533967_01420_01654_0,1400,14:00,2718.1955000000003,2783.162,64.96649999999954
no04,533967_01420_01654_0,1415,14:15,1494.307,1457.031,-37.27600000000007
no04,533967_01420_01654_0,1430,14:30,3018.1025,3149.677,131.57450000000017
no04,533967_01420_01654_0,1445,14:45,1975.1285,1918.9505,-56.17800000000011
no04,533967_01420_01654_0,1500,15:00,3388.1295,3286.4055,-101.72400000000016
no04,533967_01420_01654_0,1515,15:15,2521.3755,2486.193,-35.18249999999989
no04,533967_01420_01654_0,1530,15:30,4088.6105,4051.0575,-37.552999999999884
no04,533967_01420_01654_0,1545,15:45,2066.0335,2153.549,87.51549999999997
no04,533967_01420_01654_0,1600,16:00,4626.889,4288.320000000001,-338.5689999999995
no04,533967_01420_01654_0,1615,16:15,4404.7945,4505.5725,100.77800000000025
no04,533967_01420_01654_0,1630,16:30,4085.244,4142.8035,57.559499999999844
no04,533967_01420_01654_0,1645,16:45,2100.7505,2175.4685,74.71799999999985
no04,533967_01420_01654_0,1700,17:00,7618.765499999999,6431.0275,-1187.7379999999985
no04,533967_01420_01654_0,1715,17:15,7297.232000000001,6500.707,-796.5250000000005
no04,533967_01420_01654_0,1730,17:30,5215.409,4902.3565,-313.0524999999998
no04,533967_01420_01654_0,1745,17:45,2940.0605,2947.1015,7.041000000000167
no04,533967_01420_01654_0,1800,18:00,4363.139499999999,4289.2965,-73.84299999999894
no04,533967_01420_01654_0,1815,18:15,2956.4105,2946.2015,-10.208999999999833
no04,533967_01420_01654_0,1830,18:30,2048.7655,2044.7015,-4.064000000000078
no04,533967_01420_01654_0,1845,18:45,1035.8955,919.684,-116.21150000000011
no04,533967_01420_01654_1,630,06:30,1350.7515,1357.7615,7.009999999999991
no04,533967_01420_01654_1,645,06:45,2562.596,2597.174,34.577999999999975
no04,533967_01420_01654_1,700,07:00,2481.4945,2508.858,27.363500000000386
no04,533967_01420_01654_1,715,07:15,3261.3185,3265.049,3.73050000000012
no04,533967_01420_01654_1,730,07:30,2928.7025000000003,2928.5685000000003,-0.13400000000001455
no04,533967_01420_01654_1,745,07:45,3340.2475,3337.7335,-2.5140000000001237
no04,533967_01420_01654_1,800,08:00,3814.109,3704.624,-109.48500000000013
no04,533967_01420_01654_1,815,08:15,3869.9515,3860.9475,-9.003999999999905
no04,533967_01420_01654_1,830,08:30,3303.225,3299.467,-3.757999999999811
no04,533967_01420_01654_1,845,08:45,2805.386,2825.764,20.378000000000156
no04,533967_01420_01654_1,900,09:00,2473.748,2560.7565,87.00849999999991
no04,533967_01420_01654_1,915,09:15,1753.3335,1670.9965,-82.33699999999999
no04,533967_01420_01654_1,930,09:30,2809.559,2685.1115,-124.44750000000022
no04,533967_01420_01654_1,945,09:45,2110.2355,1901.886,-208.3494999999998
no04,533967_01420_01654_1,1000,10:00,2492.2085,2501.462,9.253499999999804
no04,533967_01420_01654_1,1015,10:15,2085.462,1992.5515,-92.91049999999996
no04,533967_01420_01654_1,1030,10:30,1335.3235,1486.5835,151.26
no04,533967_01420_01654_1,1045,10:45,2328.7065,2121.1325,-207.57399999999961
no04,533967_01420_01654_1,1100,11:00,2769.5515,2853.8075,84.25599999999986
no04,533967_01420_01654_1,1115,11:15,2358.1805,2389.435,31.254500000000007
no04,533967_01420_01654_1,1130,11:30,2825.341,2980.3825,155.04150000000027
no04,533967_01420_01654_1,1145,11:45,2139.0685000000003,1976.3955,-162.67300000000023
no04,533967_01420_01654_1,1200,12:00,2333.834,2366.8005000000003,32.96650000000045
no04,533967_01420_01654_1,1215,12:15,2288.098,2345.7315000000003,57.63350000000037
no04,533967_01420_01654_1,1230,12:30,1946.143,1859.3675,-86.77549999999997
no04,533967_01420_01654_1,1245,12:45,2253.2275,2252.8715,-0.35599999999976717
no04,533967_01420_01654_1,1300,13:00,3212.9295,3229.5275,16.597999999999956
no04,533967_01420_01654_1,1315,13:15,2322.285,2239.2760000000003,-83.00899999999956
no04,533967_01420_01654_1,1330,13:30,1946.1275,1870.453,-75.67450000000008
no04,533967_01420_01654_1,1345,13:45,2165.489,2192.679,27.190000000000055
no04,533967_01420_01654_1,1400,14:00,1943.096,1969.1695,26.073499999999967
no04,533967_01420_01654_1,1415,14:15,1937.3405,1950.939,13.598500000000058
no04,533967_01420_01654_1,1430,14:30,1782.937,1695.5255000000002,-87.4114999999997
no04,533967_01420_01654_1,1445,14:45,2378.3415,2376.165,-2.1765000000000327
no04,533967_01420_01654_1,1500,15:00,2388.524,2332.0825,-56.441499999999905
no04,533967_01420_01654_1,1515,15:15,1796.4779999999998,1915.1215,118.64350000000013
no04,533967_01420_01654_1,1530,15:30,1978.1315,1949.421,-28.71049999999991
no04,533967_01420_01654_1,1545,15:45,2835.1655,2778.199,-56.966499999999996
no04,533967_01420_01654_1,1600,16:00,2456.9315,2442.366,-14.565500000000156
no04,533967_01420_01654_1,1615,16:15,2386.438,2466.1125,79.67450000000008
no04,533967_01420_01654_1,1630,16:30,2131.0945,2053.0025,-78.0920000000001
no04,533967_01420_01654_1,1645,16:45,2606.8995,2564.5675,-42.33199999999988
no04,533967_01420_01654_1,1700,17:00,2283.228,2229.182,-54.04600000000028
no04,533967_01420_01654_1,1715,17:15,2713.418,2630.8425,-82.57549999999992
no04,533967_01420_01654_1,1730,17:30,2671.698,2675.297,3.59900000000016
no04,533967_01420_01654_1,1745,17:45,1786.4599999999998,1707.73,-78.72999999999979
no04,533967_01420_01654_1,1800,18:00,3318.8845,3391.1465,72.26199999999972
no04,533967_01420_01654_1,1815,18:15,1657.3470000000002,1586.027,-71.32000000000016
no04,533967_01420_01654_1,1830,18:30,2352.75,2293.843,-58.90700000000015
no04,533967_01420_01654_1,1845,18:45,1179.9115,1150.2895,-29.621999999999844
no04,533967_01424_01425_0,630,06:30,0.0,0.0,0.0
no04,533967_01424_01425_0,645,06:45,0.0,0.0,0.0
no04,533967_01424_01425_0,700,07:00,0.0,0.0,0.0
no04,533967_01424_01425_0,715,07:15,0.0,0.0,0.0
no04,533967_01424_01425_0,730,07:30,0.0,0.0,0.0
no04,533967_01424_01425_0,745,07:45,0.0,0.0,0.0
no04,533967_01424_01425_0,800,08:00,0.0,0.0,0.0
no04,533967_01424_01425_0,815,08:15,0.0,0.0,0.0
no04,533967_01424_01425_0,830,08:30,0.0,0.0,0.0
no04,533967_01424_01425_0,845,08:45,0.0,0.0,0.0
no04,533967_01424_01425_0,900,09:00,0.0,0.0,0.0
no04,533967_01424_01425_0,915,09:15,0.0,0.0,0.0
no04,533967_01424_01425_0,930,09:30,0.0,0.0,0.0
no04,533967_01424_01425_0,945,09:45,0.0,0.0,0.0
no04,533967_01424_01425_0,1000,10:00,0.0,0.0,0.0
no04,533967_01424_01425_0,1015,10:15,0.0,0.0,0.0
no04,533967_01424_01425_0,1030,10:30,0.0,0.0,0.0
no04,533967_01424_01425_0,1045,10:45,0.0,0.0,0.0
no04,533967_01424_01425_0,1100,11:00,0.0,0.0,0.0
no04,533967_01424_01425_0,1115,11:15,0.0,0.0,0.0
no04,533967_01424_01425_0,1130,11:30,0.0,0.0,0.0
no04,533967_01424_01425_0,1145,11:45,0.0,0.0,0.0
no04,533967_01424_01425_0,1200,12:00,0.0,0.0,0.0
no04,533967_01424_01425_0,1215,12:15,0.0,0.0,0.0
no04,533967_01424_01425_0,1230,12:30,0.0,0.0,0.0
no04,533967_01424_01425_0,1245,12:45,0.0,0.0,0.0
no04,533967_01424_01425_0,1300,13:00,0.0,0.0,0.0
no04,533967_01424_01425_0,1315,13:15,0.0,0.0,0.0
no04,533967_01424_01425_0,1330,13:30,0.0,0.0,0.0
no04,533967_01424_01425_0,1345,13:45,0.0,0.0,0.0
no04,533967_01424_01425_0,1400,14:00,0.0,0.0,0.0
no04,533967_01424_01425_0,1415,14:15,0.0,0.0,0.0
no04,533967_01424_01425_0,1430,14:30,0.0,0.0,0.0
no04,533967_01424_01425_0,1445,14:45,0.0,0.0,0.0
no04,533967_01424_01425_0,1500,15:00,0.0,0.0,0.0
no04,533967_01424_01425_0,1515,15:15,0.0,0.0,0.0
no04,533967_01424_01425_0,1530,15:30,0.0,0.0,0.0
no04,533967_01424_01425_0,1545,15:45,0.0,0.0,0.0
no04,533967_01424_01425_0,1600,16:00,0.0,0.0,0.0
no04,533967_01424_01425_0,1615,16:15,0.0,0.0,0.0
no04,533967_01424_01425_0,1630,16:30,0.0,0.0,0.0
no04,533967_01424_01425_0,1645,16:45,0.0,0.0,0.0
no04,533967_01424_01425_0,1700,17:00,0.0,0.0,0.0
no04,533967_01424_01425_0,1715,17:15,0.0,0.0,0.0
no04,533967_01424_01425_0,1730,17:30,0.0,0.0,0.0
no04,533967_01424_01425_0,1745,17:45,0.0,0.0,0.0
no04,533967_01424_01425_0,1800,18:00,0.0,0.0,0.0
no04,533967_01424_01425_0,1815,18:15,0.0,0.0,0.0
no04,533967_01424_01425_0,1830,18:30,0.0,0.0,0.0
no04,533967_01424_01425_0,1845,18:45,0.0,0.0,0.0
no04,533967_01424_01425_1,630,06:30,0.0,0.0,0.0
no04,533967_01424_01425_1,645,06:45,0.0,0.0,0.0
no04,533967_01424_01425_1,700,07:00,0.0,0.0,0.0
no04,533967_01424_01425_1,715,07:15,0.0,0.0,0.0
no04,533967_01424_01425_1,730,07:30,0.0,0.0,0.0
no04,533967_01424_01425_1,745,07:45,0.0,0.0,0.0
no04,533967_01424_01425_1,800,08:00,0.0,0.0,0.0
no04,533967_01424_01425_1,815,08:15,0.0,0.0,0.0
no04,533967_01424_01425_1,830,08:30,0.0,0.0,0.0
no04,533967_01424_01425_1,845,08:45,0.0,0.0,0.0
no04,533967_01424_01425_1,900,09:00,0.0,0.0,0.0
no04,533967_01424_01425_1,915,09:15,0.0,0.0,0.0
no04,533967_01424_01425_1,930,09:30,0.0,0.0,0.0
no04,533967_01424_01425_1,945,09:45,0.0,0.0,0.0
no04,533967_01424_01425_1,1000,10:00,0.0,0.0,0.0
no04,533967_01424_01425_1,1015,10:15,0.0,0.0,0.0
no04,533967_01424_01425_1,1030,10:30,0.0,0.0,0.0
no04,533967_01424_01425_1,1045,10:45,0.0,0.0,0.0
no04,533967_01424_01425_1,1100,11:00,0.0,0.0,0.0
no04,533967_01424_01425_1,1115,11:15,0.0,0.0,0.0
no04,533967_01424_01425_1,1130,11:30,0.0,0.0,0.0
no04,533967_01424_01425_1,1145,11:45,0.0,0.0,0.0
no04,533967_01424_01425_1,1200,12:00,0.0,0.0,0.0
no04,533967_01424_01425_1,1215,12:15,0.0,0.0,0.0
no04,533967_01424_01425_1,1230,12:30,0.0,0.0,0.0
no04,533967_01424_01425_1,1245,12:45,0.0,0.0,0.0
no04,533967_01424_01425_1,1300,13:00,0.0,0.0,0.0
no04,533967_01424_01425_1,1315,13:15,0.0,0.0,0.0
no04,533967_01424_01425_1,1330,13:30,0.0,0.0,0.0
no04,533967_01424_01425_1,1345,13:45,0.0,0.0,0.0
no04,533967_01424_01425_1,1400,14:00,0.0,0.0,0.0
no04,533967_01424_01425_1,1415,14:15,0.0,0.0,0.0
no04,533967_01424_01425_1,1430,14:30,0.0,0.0,0.0
no04,533967_01424_01425_1,1445,14:45,0.0,0.0,0.0
no04,533967_01424_01425_1,1500,15:00,0.0,0.0,0.0
no04,533967_01424_01425_1,1515,15:15,0.0,0.0,0.0
no04,533967_01424_01425_1,1530,15:30,0.0,0.0,0.0
no04,533967_01424_01425_1,1545,15:45,0.0,0.0,0.0
no04,533967_01424_01425_1,1600,16:00,0.0,0.0,0.0
no04,533967_01424_01425_1,1615,16:15,0.0,0.0,0.0
no04,533967_01424_01425_1,1630,16:30,0.0,0.0,0.0
no04,533967_01424_01425_1,1645,16:45,0.0,0.0,0.0
no04,533967_01424_01425_1,1700,17:00,0.0,0.0,0.0
no04,533967_01424_01425_1,1715,17:15,0.0,0.0,0.0
no04,533967_01424_01425_1,1730,17:30,0.0,0.0,0.0
no04,533967_01424_01425_1,1745,17:45,0.0,0.0,0.0
no04,533967_01424_01425_1,1800,18:00,0.0,0.0,0.0
no04,533967_01424_01425_1,1815,18:15,0.0,0.0,0.0
no04,533967_01424_01425_1,1830,18:30,0.0,0.0,0.0
no04,533967_01424_01425_1,1845,18:45,0.0,0.0,0.0
no04,533967_01424_01604_0,630,06:30,0.0,0.0,0.0
no04,533967_01424_01604_0,645,06:45,0.0,0.0,0.0
no04,533967_01424_01604_0,700,07:00,0.0,0.0,0.0
no04,533967_01424_01604_0,715,07:15,0.0,0.0,0.0
no04,533967_01424_01604_0,730,07:30,0.0,0.0,0.0
no04,533967_01424_01604_0,745,07:45,0.0,0.0,0.0
no04,533967_01424_01604_0,800,08:00,0.0,0.0,0.0
no04,533967_01424_01604_0,815,08:15,0.0,0.0,0.0
no04,533967_01424_01604_0,830,08:30,0.0,0.0,0.0
no04,533967_01424_01604_0,845,08:45,0.0,0.0,0.0
no04,533967_01424_01604_0,900,09:00,0.0,0.0,0.0
no04,533967_01424_01604_0,915,09:15,0.0,0.0,0.0
no04,533967_01424_01604_0,930,09:30,0.0,0.0,0.0
no04,533967_01424_01604_0,945,09:45,0.0,0.0,0.0
no04,533967_01424_01604_0,1000,10:00,0.0,0.0,0.0
no04,533967_01424_01604_0,1015,10:15,0.0,0.0,0.0
no04,533967_01424_01604_0,1030,10:30,0.0,0.0,0.0
no04,533967_01424_01604_0,1045,10:45,0.0,0.0,0.0
no04,533967_01424_01604_0,1100,11:00,0.0,0.0,0.0
no04,533967_01424_01604_0,1115,11:15,0.0,0.0,0.0
no04,533967_01424_01604_0,1130,11:30,0.0,0.0,0.0
no04,533967_01424_01604_0,1145,11:45,0.0,0.0,0.0
no04,533967_01424_01604_0,1200,12:00,0.0,0.0,0.0
no04,533967_01424_01604_0,1215,12:15,0.0,0.0,0.0
no04,533967_01424_01604_0,1230,12:30,0.0,0.0,0.0
no04,533967_01424_01604_0,1245,12:45,0.0,0.0,0.0
no04,533967_01424_01604_0,1300,13:00,0.0,0.0,0.0
no04,533967_01424_01604_0,1315,13:15,0.0,0.0,0.0
no04,533967_01424_01604_0,1330,13:30,0.0,0.0,0.0
no04,533967_01424_01604_0,1345,13:45,0.0,0.0,0.0
no04,533967_01424_01604_0,1400,14:00,0.0,0.0,0.0
no04,533967_01424_01604_0,1415,14:15,0.0,0.0,0.0
no04,533967_01424_01604_0,1430,14:30,0.0,0.0,0.0
no04,533967_01424_01604_0,1445,14:45,0.0,0.0,0.0
no04,533967_01424_01604_0,1500,15:00,0.0,0.0,0.0
no04,533967_01424_01604_0,1515,15:15,0.0,0.0,0.0
no04,533967_01424_01604_0,1530,15:30,0.0,0.0,0.0
no04,533967_01424_01604_0,1545,15:45,0.0,0.0,0.0
no04,533967_01424_01604_0,1600,16:00,0.0,0.0,0.0
no04,533967_01424_01604_0,1615,16:15,0.0,0.0,0.0
no04,533967_01424_01604_0,1630,16:30,0.0,0.0,0.0
no04,533967_01424_01604_0,1645,16:45,0.0,0.0,0.0
no04,533967_01424_01604_0,1700,17:00,0.0,0.0,0.0
no04,533967_01424_01604_0,1715,17:15,0.0,0.0,0.0
no04,533967_01424_01604_0,1730,17:30,0.0,0.0,0.0
no04,533967_01424_01604_0,1745,17:45,0.0,0.0,0.0
no04,533967_01424_01604_0,1800,18:00,0.0,0.0,0.0
no04,533967_01424_01604_0,1815,18:15,0.0,0.0,0.0
no04,533967_01424_01604_0,1830,18:30,0.0,0.0,0.0
no04,533967_01424_01604_0,1845,18:45,0.0,0.0,0.0
no04,533967_01424_01604_1,630,06:30,0.0,0.0,0.0
no04,533967_01424_01604_1,645,06:45,0.0,0.0,0.0
no04,533967_01424_01604_1,700,07:00,0.0,0.0,0.0
no04,533967_01424_01604_1,715,07:15,0.0,0.0,0.0
no04,533967_01424_01604_1,730,07:30,0.0,0.0,0.0
no04,533967_01424_01604_1,745,07:45,0.0,0.0,0.0
no04,533967_01424_01604_1,800,08:00,0.0,0.0,0.0
no04,533967_01424_01604_1,815,08:15,0.0,0.0,0.0
no04,533967_01424_01604_1,830,08:30,0.0,0.0,0.0
no04,533967_01424_01604_1,845,08:45,0.0,0.0,0.0
no04,533967_01424_01604_1,900,09:00,0.0,0.0,0.0
no04,533967_01424_01604_1,915,09:15,0.0,0.0,0.0
no04,533967_01424_01604_1,930,09:30,0.0,0.0,0.0
no04,533967_01424_01604_1,945,09:45,0.0,0.0,0.0
no04,533967_01424_01604_1,1000,10:00,0.0,0.0,0.0
no04,533967_01424_01604_1,1015,10:15,0.0,0.0,0.0
no04,533967_01424_01604_1,1030,10:30,0.0,0.0,0.0
no04,533967_01424_01604_1,1045,10:45,0.0,0.0,0.0
no04,533967_01424_01604_1,1100,11:00,0.0,0.0,0.0
no04,533967_01424_01604_1,1115,11:15,0.0,0.0,0.0
no04,533967_01424_01604_1,1130,11:30,0.0,0.0,0.0
no04,533967_01424_01604_1,1145,11:45,0.0,0.0,0.0
no04,533967_01424_01604_1,1200,12:00,0.0,0.0,0.0
no04,533967_01424_01604_1,1215,12:15,0.0,0.0,0.0
no04,533967_01424_01604_1,1230,12:30,0.0,0.0,0.0
no04,533967_01424_01604_1,1245,12:45,0.0,0.0,0.0
no04,533967_01424_01604_1,1300,13:00,0.0,0.0,0.0
no04,533967_01424_01604_1,1315,13:15,0.0,0.0,0.0
no04,533967_01424_01604_1,1330,13:30,0.0,0.0,0.0
no04,533967_01424_01604_1,1345,13:45,0.0,0.0,0.0
no04,533967_01424_01604_1,1400,14:00,0.0,0.0,0.0
no04,533967_01424_01604_1,1415,14:15,0.0,0.0,0.0
no04,533967_01424_01604_1,1430,14:30,0.0,0.0,0.0
no04,533967_01424_01604_1,1445,14:45,0.0,0.0,0.0
no04,533967_01424_01604_1,1500,15:00,0.0,0.0,0.0
no04,533967_01424_01604_1,1515,15:15,0.0,0.0,0.0
no04,533967_01424_01604_1,1530,15:30,0.0,0.0,0.0
no04,533967_01424_01604_1,1545,15:45,0.0,0.0,0.0
no04,533967_01424_01604_1,1600,16:00,0.0,0.0,0.0
no04,533967_01424_01604_1,1615,16:15,0.0,0.0,0.0
no04,533967_01424_01604_1,1630,16:30,0.0,0.0,0.0
no04,533967_01424_01604_1,1645,16:45,0.0,0.0,0.0
no04,533967_01424_01604_1,1700,17:00,0.0,0.0,0.0
no04,533967_01424_01604_1,1715,17:15,0.0,0.0,0.0
no04,533967_01424_01604_1,1730,17:30,0.0,0.0,0.0
no04,533967_01424_01604_1,1745,17:45,0.0,0.0,0.0
no04,533967_01424_01604_1,1800,18:00,0.0,0.0,0.0
no04,533967_01424_01604_1,1815,18:15,0.0,0.0,0.0
no04,533967_01424_01604_1,1830,18:30,0.0,0.0,0.0
no04,533967_01424_01604_1,1845,18:45,0.0,0.0,0.0
no04,533967_01424_01605_0,630,06:30,0.0,0.0,0.0
no04,533967_01424_01605_0,645,06:45,0.0,0.0,0.0
no04,533967_01424_01605_0,700,07:00,0.0,0.0,0.0
no04,533967_01424_01605_0,715,07:15,0.0,0.0,0.0
no04,533967_01424_01605_0,730,07:30,0.0,0.0,0.0
no04,533967_01424_01605_0,745,07:45,0.0,0.0,0.0
no04,533967_01424_01605_0,800,08:00,0.0,0.0,0.0
no04,533967_01424_01605_0,815,08:15,0.0,0.0,0.0
no04,533967_01424_01605_0,830,08:30,0.0,0.0,0.0
no04,533967_01424_01605_0,845,08:45,0.0,0.0,0.0
no04,533967_01424_01605_0,900,09:00,0.0,0.0,0.0
no04,533967_01424_01605_0,915,09:15,0.0,0.0,0.0
no04,533967_01424_01605_0,930,09:30,0.0,0.0,0.0
no04,533967_01424_01605_0,945,09:45,0.0,0.0,0.0
no04,533967_01424_01605_0,1000,10:00,0.0,0.0,0.0
no04,533967_01424_01605_0,1015,10:15,0.0,0.0,0.0
no04,533967_01424_01605_0,1030,10:30,0.0,0.0,0.0
no04,533967_01424_01605_0,1045,10:45,0.0,0.0,0.0
no04,533967_01424_01605_0,1100,11:00,0.0,0.0,0.0
no04,533967_01424_01605_0,1115,11:15,0.0,0.0,0.0
no04,533967_01424_01605_0,1130,11:30,0.0,0.0,0.0
no04,533967_01424_01605_0,1145,11:45,0.0,0.0,0.0
no04,533967_01424_01605_0,1200,12:00,0.0,0.0,0.0
no04,533967_01424_01605_0,1215,12:15,0.0,0.0,0.0
no04,533967_01424_01605_0,1230,12:30,0.0,0.0,0.0
no04,533967_01424_01605_0,1245,12:45,0.0,0.0,0.0
no04,533967_01424_01605_0,1300,13:00,0.0,0.0,0.0
no04,533967_01424_01605_0,1315,13:15,0.0,0.0,0.0
no04,533967_01424_01605_0,1330,13:30,0.0,0.0,0.0
no04,533967_01424_01605_0,1345,13:45,0.0,0.0,0.0
no04,533967_01424_01605_0,1400,14:00,0.0,0.0,0.0
no04,533967_01424_01605_0,1415,14:15,0.0,0.0,0.0
no04,533967_01424_01605_0,1430,14:30,0.0,0.0,0.0
no04,533967_01424_01605_0,1445,14:45,0.0,0.0,0.0
no04,533967_01424_01605_0,1500,15:00,0.0,0.0,0.0
no04,533967_01424_01605_0,1515,15:15,0.0,0.0,0.0
no04,533967_01424_01605_0,1530,15:30,0.0,0.0,0.0
no04,533967_01424_01605_0,1545,15:45,0.0,0.0,0.0
no04,533967_01424_01605_0,1600,16:00,0.0,0.0,0.0
no04,533967_01424_01605_0,1615,16:15,0.0,0.0,0.0
no04,533967_01424_01605_0,1630,16:30,0.0,0.0,0.0
no04,533967_01424_01605_0,1645,16:45,0.0,0.0,0.0
no04,533967_01424_01605_0,1700,17:00,0.0,0.0,0.0
no04,533967_01424_01605_0,1715,17:15,0.0,0.0,0.0
no04,533967_01424_01605_0,1730,17:30,0.0,0.0,0.0
no04,533967_01424_01605_0,1745,17:45,0.0,0.0,0.0
no04,533967_01424_01605_0,1800,18:00,0.0,0.0,0.0
no04,533967_01424_01605_0,1815,18:15,0.0,0.0,0.0
no04,533967_01424_01605_0,1830,18:30,0.0,0.0,0.0
no04,533967_01424_01605_0,1845,18:45,0.0,0.0,0.0
no04,533967_01424_01605_1,630,06:30,0.0,0.0,0.0
no04,533967_01424_01605_1,645,06:45,0.0,0.0,0.0
no04,533967_01424_01605_1,700,07:00,0.0,0.0,0.0
no04,533967_01424_01605_1,715,07:15,0.0,0.0,0.0
no04,533967_01424_01605_1,730,07:30,0.0,0.0,0.0
no04,533967_01424_01605_1,745,07:45,0.0,0.0,0.0
no04,533967_01424_01605_1,800,08:00,0.0,0.0,0.0
no04,533967_01424_01605_1,815,08:15,0.0,0.0,0.0
no04,533967_01424_01605_1,830,08:30,0.0,0.0,0.0
no04,533967_01424_01605_1,845,08:45,0.0,0.0,0.0
no04,533967_01424_01605_1,900,09:00,0.0,0.0,0.0
no04,533967_01424_01605_1,915,09:15,0.0,0.0,0.0
no04,533967_01424_01605_1,930,09:30,0.0,0.0,0.0
no04,533967_01424_01605_1,945,09:45,0.0,0.0,0.0
no04,533967_01424_01605_1,1000,10:00,0.0,0.0,0.0
no04,533967_01424_01605_1,1015,10:15,0.0,0.0,0.0
no04,533967_01424_01605_1,1030,10:30,0.0,0.0,0.0
no04,533967_01424_01605_1,1045,10:45,0.0,0.0,0.0
no04,533967_01424_01605_1,1100,11:00,0.0,0.0,0.0
no04,533967_01424_01605_1,1115,11:15,0.0,0.0,0.0
no04,533967_01424_01605_1,1130,11:30,0.0,0.0,0.0
no04,533967_01424_01605_1,1145,11:45,0.0,0.0,0.0
no04,533967_01424_01605_1,1200,12:00,0.0,0.0,0.0
no04,533967_01424_01605_1,1215,12:15,0.0,0.0,0.0
no04,533967_01424_01605_1,1230,12:30,0.0,0.0,0.0
no04,533967_01424_01605_1,1245,12:45,0.0,0.0,0.0
no04,533967_01424_01605_1,1300,13:00,0.0,0.0,0.0
no04,533967_01424_01605_1,1315,13:15,0.0,0.0,0.0
no04,533967_01424_01605_1,1330,13:30,0.0,0.0,0.0
no04,533967_01424_01605_1,1345,13:45,0.0,0.0,0.0
no04,533967_01424_01605_1,1400,14:00,0.0,0.0,0.0
no04,533967_01424_01605_1,1415,14:15,0.0,0.0,0.0
no04,533967_01424_01605_1,1430,14:30,0.0,0.0,0.0
no04,533967_01424_01605_1,1445,14:45,0.0,0.0,0.0
no04,533967_01424_01605_1,1500,15:00,0.0,0.0,0.0
no04,533967_01424_01605_1,1515,15:15,0.0,0.0,0.0
no04,533967_01424_01605_1,1530,15:30,0.0,0.0,0.0
no04,533967_01424_01605_1,1545,15:45,0.0,0.0,0.0
no04,533967_01424_01605_1,1600,16:00,0.0,0.0,0.0
no04,533967_01424_01605_1,1615,16:15,0.0,0.0,0.0
no04,533967_01424_01605_1,1630,16:30,0.0,0.0,0.0
no04,533967_01424_01605_1,1645,16:45,0.0,0.0,0.0
no04,533967_01424_01605_1,1700,17:00,0.0,0.0,0.0
no04,533967_01424_01605_1,1715,17:15,0.0,0.0,0.0
no04,533967_01424_01605_1,1730,17:30,0.0,0.0,0.0
no04,533967_01424_01605_1,1745,17:45,0.0,0.0,0.0
no04,533967_01424_01605_1,1800,18:00,0.0,0.0,0.0
no04,533967_01424_01605_1,1815,18:15,0.0,0.0,0.0
no04,533967_01424_01605_1,1830,18:30,0.0,0.0,0.0
no04,533967_01424_01605_1,1845,18:45,0.0,0.0,0.0
no04,533967_01530_13891_0,630,06:30,357.769,355.476,-2.2930000000000064
no04,533967_01530_13891_0,645,06:45,500.76450000000006,512.659,11.894499999999937
no04,533967_01530_13891_0,700,07:00,284.731,282.32,-2.4110000000000014
no04,533967_01530_13891_0,715,07:15,214.1615,222.4185,8.257000000000005
no04,533967_01530_13891_0,730,07:30,394.8035,406.0655,11.262
no04,533967_01530_13891_0,745,07:45,335.8115,339.73850000000004,3.927000000000021
no04,533967_01530_13891_0,800,08:00,439.229,452.343,13.114000000000033
no04,533967_01530_13891_0,815,08:15,500.50200000000007,484.4335,-16.068500000000085
no04,533967_01530_13891_0,830,08:30,512.554,523.9375,11.383500000000026
no04,533967_01530_13891_0,845,08:45,602.331,625.012,22.680999999999926
no04,533967_01530_13891_0,900,09:00,369.1555,354.935,-14.220500000000015
no04,533967_01530_13891_0,915,09:15,286.689,285.682,-1.007000000000005
no04,533967_01530_13891_0,930,09:30,387.318,381.244,-6.073999999999955
no04,533967_01530_13891_0,945,09:45,345.0195,349.9765,4.956999999999994
no04,533967_01530_13891_0,1000,10:00,507.2645,482.6115,-24.65300000000002
no04,533967_01530_13891_0,1015,10:15,567.1245,555.6524999999999,-11.472000000000094
no04,533967_01530_13891_0,1030,10:30,482.895,496.0085,13.113500000000045
no04,533967_01530_13891_0,1045,10:45,383.2745,360.049,-23.22550000000001
no04,533967_01530_13891_0,1100,11:00,464.174,434.6575,-29.51649999999995
no04,533967_01530_13891_0,1115,11:15,260.416,289.6335,29.21750000000003
no04,533967_01530_13891_0,1130,11:30,400.2015,374.7105,-25.490999999999985
no04,533967_01530_13891_0,1145,11:45,296.25,314.4325,18.182500000000005
no04,533967_01530_13891_0,1200,12:00,272.102,316.6915,44.589500000000044
no04,533967_01530_13891_0,1215,12:15,306.4375,330.7545,24.317000000000007
no04,533967_01530_13891_0,1230,12:30,376.199,373.3535,-2.8455000000000155
no04,533967_01530_13891_0,1245,12:45,410.4215,389.583,-20.838499999999954
no04,533967_01530_13891_0,1300,13:00,534.458,542.083,7.625
no04,533967_01530_13891_0,1315,13:15,321.3155,305.4085,-15.906999999999982
no04,533967_01530_13891_0,1330,13:30,269.192,279.029,9.836999999999989
no04,533967_01530_13891_0,1345,13:45,195.05,214.7355,19.68549999999999
no04,533967_01530_13891_0,1400,14:00,281.19050000000004,295.916,14.725499999999954
no04,533967_01530_13891_0,1415,14:15,364.2625,386.5515,22.288999999999987
no04,533967_01530_13891_0,1430,14:30,570.1800000000001,543.7940000000001,-26.385999999999967
no04,533967_01530_13891_0,1445,14:45,327.784,323.9745,-3.809500000000014
no04,533967_01530_13891_0,1500,15:00,319.587,360.0255,40.43850000000003
no04,533967_01530_13891_0,1515,15:15,288.2225,324.7885,36.565999999999974
no04,533967_01530_13891_0,1530,15:30,434.2575,431.3335,-2.923999999999978
no04,533967_01530_13891_0,1545,15:45,374.8705,364.4595,-10.411000000000001
no04,533967_01530_13891_0,1600,16:00,513.5105,560.4375,46.92700000000002
no04,533967_01530_13891_0,1615,16:15,329.416,301.65700000000004,-27.758999999999958
no04,533967_01530_13891_0,1630,16:30,680.2305,653.0305000000001,-27.199999999999932
no04,533967_01530_13891_0,1645,16:45,523.2265,522.0184999999999,-1.2080000000000837
no04,533967_01530_13891_0,1700,17:00,531.2479999999999,567.0600000000001,35.812000000000126
no04,533967_01530_13891_0,1715,17:15,603.8969999999999,605.421,1.5240000000001146
no04,533967_01530_13891_0,1730,17:30,465.7975,470.4555,4.657999999999959
no04,533967_01530_13891_0,1745,17:45,600.3125,604.005,3.6924999999999955
no04,533967_01530_13891_0,1800,18:00,578.2035,581.5935000000001,3.3900000000001
no04,533967_01530_13891_0,1815,18:15,289.322,282.752,-6.569999999999993
no04,533967_01530_13891_0,1830,18:30,295.166,328.61,33.44400000000002
no04,533967_01530_13891_0,1845,18:45,279.8455,281.317,1.4714999999999918
no04,533967_01530_13891_1,630,06:30,171.9495,170.0405,-1.9089999999999918
no04,533967_01530_13891_1,645,06:45,112.1045,112.356,0.25149999999999295
no04,533967_01530_13891_1,700,07:00,166.2045,166.998,0.7934999999999945
no04,533967_01530_13891_1,715,07:15,274.90250000000003,268.3265,-6.576000000000022
no04,533967_01530_13891_1,730,07:30,525.578,492.9895,-32.588499999999954
no04,533967_01530_13891_1,745,07:45,430.3225000000001,416.9325,-13.3900000000001
no04,533967_01530_13891_1,800,08:00,441.4845,436.867,-4.617500000000007
no04,533967_01530_13891_1,815,08:15,368.794,379.3395,10.545500000000004
no04,533967_01530_13891_1,830,08:30,477.266,463.8335,-13.432500000000005
no04,533967_01530_13891_1,845,08:45,377.904,369.7255,-8.178499999999985
no04,533967_01530_13891_1,900,09:00,389.39,385.4375,-3.9524999999999864
no04,533967_01530_13891_1,915,09:15,282.2065,271.0565,-11.149999999999977
no04,533967_01530_13891_1,930,09:30,292.4135,328.3665,35.952999999999975
no04,533967_01530_13891_1,945,09:45,266.604,270.114,3.509999999999991
no04,533967_01530_13891_1,1000,10:00,318.7825,309.97200000000004,-8.81049999999999
no04,533967_01530_13891_1,1015,10:15,359.801,372.3855,12.584499999999991
no04,533967_01530_13891_1,1030,10:30,311.19,300.091,-11.09899999999999
no04,533967_01530_13891_1,1045,10:45,361.5505,371.09,9.539499999999975
no04,533967_01530_13891_1,1100,11:00,358.3705,352.85900000000004,-5.511499999999955
no04,533967_01530_13891_1,1115,11:15,705.1764999999999,712.7180000000001,7.5415000000001555
no04,533967_01530_13891_1,1130,11:30,317.952,328.5745,10.622500000000002
no04,533967_01530_13891_1,1145,11:45,450.691,447.2435,-3.447499999999991
no04,533967_01530_13891_1,1200,12:00,520.7355,502.544,-18.19150000000002
no04,533967_01530_13891_1,1215,12:15,596.05,624.5274999999999,28.477499999999964
no04,533967_01530_13891_1,1230,12:30,670.097,659.5440000000001,-10.552999999999884
no04,533967_01530_13891_1,1245,12:45,497.15,509.879,12.729000000000042
no04,533967_01530_13891_1,1300,13:00,524.2225,560.3100000000001,36.08750000000009
no04,533967_01530_13891_1,1315,13:15,344.964,346.1,1.136000000000024
no04,533967_01530_13891_1,1330,13:30,547.998,548.578,0.5799999999999272
no04,533967_01530_13891_1,1345,13:45,371.2765,370.618,-0.6585000000000036
no04,533967_01530_13891_1,1400,14:00,569.699,564.663,-5.0359999999999445
no04,533967_01530_13891_1,1415,14:15,343.7765,386.618,42.841499999999996
no04,533967_01530_13891_1,1430,14:30,401.728,400.782,-0.9460000000000264
no04,533967_01530_13891_1,1445,14:45,373.141,371.181,-1.9600000000000364
no04,533967_01530_13891_1,1500,15:00,458.8665,449.6595,-9.206999999999994
no04,533967_01530_13891_1,1515,15:15,312.1145,316.9045,4.789999999999964
no04,533967_01530_13891_1,1530,15:30,392.159,392.768,0.6089999999999804
no04,533967_01530_13891_1,1545,15:45,294.9545,292.674,-2.2805000000000177
no04,533967_01530_13891_1,1600,16:00,402.786,550.371,147.58499999999998
no04,533967_01530_13891_1,1615,16:15,422.81450000000007,440.1715,17.356999999999914
no04,533967_01530_13891_1,1630,16:30,548.292,530.5085,-17.783500000000004
no04,533967_01530_13891_1,1645,16:45,490.84,502.187,11.347000000000037
no04,533967_01530_13891_1,1700,17:00,475.011,480.2325,5.221499999999992
no04,533967_01530_13891_1,1715,17:15,483.93950000000007,474.3405,-9.599000000000046
no04,533967_01530_13891_1,1730,17:30,531.874,530.7194999999999,-1.1545000000000982
no04,533967_01530_13891_1,1745,17:45,586.7345,598.919,12.184499999999957
no04,533967_01530_13891_1,1800,18:00,602.119,592.9425,-9.176500000000033
no04,533967_01530_13891_1,1815,18:15,525.632,530.496,4.864000000000033
no04,533967_01530_13891_1,1830,18:30,663.491,737.7605,74.2695
no04,533967_01530_13891_1,1845,18:45,345.868,330.0065,-15.861499999999978
no04,533967_01555_01556_0,630,06:30,0.0,0.0,0.0
no04,533967_01555_01556_0,645,06:45,0.0,0.0,0.0
no04,533967_01555_01556_0,700,07:00,0.0,0.0,0.0
no04,533967_01555_01556_0,715,07:15,0.0,0.0,0.0
no04,533967_01555_01556_0,730,07:30,0.0,0.0,0.0
no04,533967_01555_01556_0,745,07:45,0.0,0.0,0.0
no04,533967_01555_01556_0,800,08:00,0.0,0.0,0.0
no04,533967_01555_01556_0,815,08:15,0.0,0.0,0.0
no04,533967_01555_01556_0,830,08:30,0.0,0.0,0.0
no04,533967_01555_01556_0,845,08:45,0.0,0.0,0.0
no04,533967_01555_01556_0,900,09:00,0.0,0.0,0.0
no04,533967_01555_01556_0,915,09:15,0.0,0.0,0.0
no04,533967_01555_01556_0,930,09:30,0.0,0.0,0.0
no04,533967_01555_01556_0,945,09:45,0.0,0.0,0.0
no04,533967_01555_01556_0,1000,10:00,0.0,0.0,0.0
no04,533967_01555_01556_0,1015,10:15,0.0,0.0,0.0
no04,533967_01555_01556_0,1030,10:30,0.0,0.0,0.0
no04,533967_01555_01556_0,1045,10:45,0.0,0.0,0.0
no04,533967_01555_01556_0,1100,11:00,0.0,0.0,0.0
no04,533967_01555_01556_0,1115,11:15,0.0,0.0,0.0
no04,533967_01555_01556_0,1130,11:30,0.0,0.0,0.0
no04,533967_01555_01556_0,1145,11:45,0.0,0.0,0.0
no04,533967_01555_01556_0,1200,12:00,0.0,0.0,0.0
no04,533967_01555_01556_0,1215,12:15,0.0,0.0,0.0
no04,533967_01555_01556_0,1230,12:30,0.0,0.0,0.0
no04,533967_01555_01556_0,1245,12:45,0.0,0.0,0.0
no04,533967_01555_01556_0,1300,13:00,0.0,0.0,0.0
no04,533967_01555_01556_0,1315,13:15,0.0,0.0,0.0
no04,533967_01555_01556_0,1330,13:30,0.0,0.0,0.0
no04,533967_01555_01556_0,1345,13:45,0.0,0.0,0.0
no04,533967_01555_01556_0,1400,14:00,0.0,0.0,0.0
no04,533967_01555_01556_0,1415,14:15,0.0,0.0,0.0
no04,533967_01555_01556_0,1430,14:30,0.0,0.0,0.0
no04,533967_01555_01556_0,1445,14:45,0.0,0.0,0.0
no04,533967_01555_01556_0,1500,15:00,0.0,0.0,0.0
no04,533967_01555_01556_0,1515,15:15,0.0,0.0,0.0
no04,533967_01555_01556_0,1530,15:30,0.0,0.0,0.0
no04,533967_01555_01556_0,1545,15:45,0.0,0.0,0.0
no04,533967_01555_01556_0,1600,16:00,0.0,0.0,0.0
no04,533967_01555_01556_0,1615,16:15,0.0,0.0,0.0
no04,533967_01555_01556_0,1630,16:30,0.0,0.0,0.0
no04,533967_01555_01556_0,1645,16:45,0.0,0.0,0.0
no04,533967_01555_01556_0,1700,17:00,0.0,0.0,0.0
no04,533967_01555_01556_0,1715,17:15,0.0,0.0,0.0
no04,533967_01555_01556_0,1730,17:30,0.0,0.0,0.0
no04,533967_01555_01556_0,1745,17:45,0.0,0.0,0.0
no04,533967_01555_01556_0,1800,18:00,0.0,0.0,0.0
no04,533967_01555_01556_0,1815,18:15,0.0,0.0,0.0
no04,533967_01555_01556_0,1830,18:30,0.0,0.0,0.0
no04,533967_01555_01556_0,1845,18:45,0.0,0.0,0.0
no04,533967_01555_01556_1,630,06:30,0.0,0.0,0.0
no04,533967_01555_01556_1,645,06:45,0.0,0.0,0.0
no04,533967_01555_01556_1,700,07:00,0.0,0.0,0.0
no04,533967_01555_01556_1,715,07:15,0.0,0.0,0.0
no04,533967_01555_01556_1,730,07:30,0.0,0.0,0.0
no04,533967_01555_01556_1,745,07:45,0.0,0.0,0.0
no04,533967_01555_01556_1,800,08:00,0.0,0.0,0.0
no04,533967_01555_01556_1,815,08:15,0.0,0.0,0.0
no04,533967_01555_01556_1,830,08:30,0.0,0.0,0.0
no04,533967_01555_01556_1,845,08:45,0.0,0.0,0.0
no04,533967_01555_01556_1,900,09:00,0.0,0.0,0.0
no04,533967_01555_01556_1,915,09:15,0.0,0.0,0.0
no04,533967_01555_01556_1,930,09:30,0.0,0.0,0.0
no04,533967_01555_01556_1,945,09:45,0.0,0.0,0.0
no04,533967_01555_01556_1,1000,10:00,0.0,0.0,0.0
no04,533967_01555_01556_1,1015,10:15,0.0,0.0,0.0
no04,533967_01555_01556_1,1030,10:30,0.0,0.0,0.0
no04,533967_01555_01556_1,1045,10:45,0.0,0.0,0.0
no04,533967_01555_01556_1,1100,11:00,0.0,0.0,0.0
no04,533967_01555_01556_1,1115,11:15,0.0,0.0,0.0
no04,533967_01555_01556_1,1130,11:30,0.0,0.0,0.0
no04,533967_01555_01556_1,1145,11:45,0.0,0.0,0.0
no04,533967_01555_01556_1,1200,12:00,0.0,0.0,0.0
no04,533967_01555_01556_1,1215,12:15,0.0,0.0,0.0
no04,533967_01555_01556_1,1230,12:30,0.0,0.0,0.0
no04,533967_01555_01556_1,1245,12:45,0.0,0.0,0.0
no04,533967_01555_01556_1,1300,13:00,0.0,0.0,0.0
no04,533967_01555_01556_1,1315,13:15,0.0,0.0,0.0
no04,533967_01555_01556_1,1330,13:30,0.0,0.0,0.0
no04,533967_01555_01556_1,1345,13:45,0.0,0.0,0.0
no04,533967_01555_01556_1,1400,14:00,0.0,0.0,0.0
no04,533967_01555_01556_1,1415,14:15,0.0,0.0,0.0
no04,533967_01555_01556_1,1430,14:30,0.0,0.0,0.0
no04,533967_01555_01556_1,1445,14:45,0.0,0.0,0.0
no04,533967_01555_01556_1,1500,15:00,0.0,0.0,0.0
no04,533967_01555_01556_1,1515,15:15,0.0,0.0,0.0
no04,533967_01555_01556_1,1530,15:30,0.0,0.0,0.0
no04,533967_01555_01556_1,1545,15:45,0.0,0.0,0.0
no04,533967_01555_01556_1,1600,16:00,0.0,0.0,0.0
no04,533967_01555_01556_1,1615,16:15,0.0,0.0,0.0
no04,533967_01555_01556_1,1630,16:30,0.0,0.0,0.0
no04,533967_01555_01556_1,1645,16:45,0.0,0.0,0.0
no04,533967_01555_01556_1,1700,17:00,0.0,0.0,0.0
no04,533967_01555_01556_1,1715,17:15,0.0,0.0,0.0
no04,533967_01555_01556_1,1730,17:30,0.0,0.0,0.0
no04,533967_01555_01556_1,1745,17:45,0.0,0.0,0.0
no04,533967_01555_01556_1,1800,18:00,0.0,0.0,0.0
no04,533967_01555_01556_1,1815,18:15,0.0,0.0,0.0
no04,533967_01555_01556_1,1830,18:30,0.0,0.0,0.0
no04,533967_01555_01556_1,1845,18:45,0.0,0.0,0.0
no04,533967_01555_13718_0,630,06:30,0.0,0.0,0.0
no04,533967_01555_13718_0,645,06:45,0.0,0.0,0.0
no04,533967_01555_13718_0,700,07:00,0.0,0.0,0.0
no04,533967_01555_13718_0,715,07:15,0.0,0.0,0.0
no04,533967_01555_13718_0,730,07:30,0.0,0.0,0.0
no04,533967_01555_13718_0,745,07:45,0.0,0.0,0.0
no04,533967_01555_13718_0,800,08:00,0.0,0.0,0.0
no04,533967_01555_13718_0,815,08:15,0.0,0.0,0.0
no04,533967_01555_13718_0,830,08:30,0.0,0.0,0.0
no04,533967_01555_13718_0,845,08:45,0.0,0.0,0.0
no04,533967_01555_13718_0,900,09:00,0.0,0.0,0.0
no04,533967_01555_13718_0,915,09:15,0.0,0.0,0.0
no04,533967_01555_13718_0,930,09:30,0.0,0.0,0.0
no04,533967_01555_13718_0,945,09:45,0.0,0.0,0.0
no04,533967_01555_13718_0,1000,10:00,0.0,0.0,0.0
no04,533967_01555_13718_0,1015,10:15,0.0,0.0,0.0
no04,533967_01555_13718_0,1030,10:30,0.0,0.0,0.0
no04,533967_01555_13718_0,1045,10:45,0.0,0.0,0.0
no04,533967_01555_13718_0,1100,11:00,0.0,0.0,0.0
no04,533967_01555_13718_0,1115,11:15,0.0,0.0,0.0
no04,533967_01555_13718_0,1130,11:30,0.0,0.0,0.0
no04,533967_01555_13718_0,1145,11:45,0.0,0.0,0.0
no04,533967_01555_13718_0,1200,12:00,0.0,0.0,0.0
no04,533967_01555_13718_0,1215,12:15,0.0,0.0,0.0
no04,533967_01555_13718_0,1230,12:30,0.0,0.0,0.0
no04,533967_01555_13718_0,1245,12:45,0.0,0.0,0.0
no04,533967_01555_13718_0,1300,13:00,0.0,0.0,0.0
no04,533967_01555_13718_0,1315,13:15,0.0,0.0,0.0
no04,533967_01555_13718_0,1330,13:30,0.0,0.0,0.0
no04,533967_01555_13718_0,1345,13:45,0.0,0.0,0.0
no04,533967_01555_13718_0,1400,14:00,0.0,0.0,0.0
no04,533967_01555_13718_0,1415,14:15,0.0,0.0,0.0
no04,533967_01555_13718_0,1430,14:30,0.0,0.0,0.0
no04,533967_01555_13718_0,1445,14:45,0.0,0.0,0.0
no04,533967_01555_13718_0,1500,15:00,0.0,0.0,0.0
no04,533967_01555_13718_0,1515,15:15,0.0,0.0,0.0
no04,533967_01555_13718_0,1530,15:30,0.0,0.0,0.0
no04,533967_01555_13718_0,1545,15:45,0.0,0.0,0.0
no04,533967_01555_13718_0,1600,16:00,0.0,0.0,0.0
no04,533967_01555_13718_0,1615,16:15,0.0,0.0,0.0
no04,533967_01555_13718_0,1630,16:30,0.0,0.0,0.0
no04,533967_01555_13718_0,1645,16:45,0.0,0.0,0.0
no04,533967_01555_13718_0,1700,17:00,0.0,0.0,0.0
no04,533967_01555_13718_0,1715,17:15,0.0,0.0,0.0
no04,533967_01555_13718_0,1730,17:30,0.0,0.0,0.0
no04,533967_01555_13718_0,1745,17:45,0.0,0.0,0.0
no04,533967_01555_13718_0,1800,18:00,0.0,0.0,0.0
no04,533967_01555_13718_0,1815,18:15,0.0,0.0,0.0
no04,533967_01555_13718_0,1830,18:30,0.0,0.0,0.0
no04,533967_01555_13718_0,1845,18:45,0.0,0.0,0.0
no04,533967_01555_13718_1,630,06:30,0.0,0.0,0.0
no04,533967_01555_13718_1,645,06:45,0.0,0.0,0.0
no04,533967_01555_13718_1,700,07:00,0.0,0.0,0.0
no04,533967_01555_13718_1,715,07:15,0.0,0.0,0.0
no04,533967_01555_13718_1,730,07:30,0.0,0.0,0.0
no04,533967_01555_13718_1,745,07:45,0.0,0.0,0.0
no04,533967_01555_13718_1,800,08:00,0.0,0.0,0.0
no04,533967_01555_13718_1,815,08:15,0.0,0.0,0.0
no04,533967_01555_13718_1,830,08:30,0.0,0.0,0.0
no04,533967_01555_13718_1,845,08:45,0.0,0.0,0.0
no04,533967_01555_13718_1,900,09:00,0.0,0.0,0.0
no04,533967_01555_13718_1,915,09:15,0.0,0.0,0.0
no04,533967_01555_13718_1,930,09:30,0.0,0.0,0.0
no04,533967_01555_13718_1,945,09:45,0.0,0.0,0.0
no04,533967_01555_13718_1,1000,10:00,0.0,0.0,0.0
no04,533967_01555_13718_1,1015,10:15,0.0,0.0,0.0
no04,533967_01555_13718_1,1030,10:30,0.0,0.0,0.0
no04,533967_01555_13718_1,1045,10:45,0.0,0.0,0.0
no04,533967_01555_13718_1,1100,11:00,0.0,0.0,0.0
no04,533967_01555_13718_1,1115,11:15,0.0,0.0,0.0
no04,533967_01555_13718_1,1130,11:30,0.0,0.0,0.0
no04,533967_01555_13718_1,1145,11:45,0.0,0.0,0.0
no04,533967_01555_13718_1,1200,12:00,0.0,0.0,0.0
no04,533967_01555_13718_1,1215,12:15,0.0,0.0,0.0
no04,533967_01555_13718_1,1230,12:30,0.0,0.0,0.0
no04,533967_01555_13718_1,1245,12:45,0.0,0.0,0.0
no04,533967_01555_13718_1,1300,13:00,0.0,0.0,0.0
no04,533967_01555_13718_1,1315,13:15,0.0,0.0,0.0
no04,533967_01555_13718_1,1330,13:30,0.0,0.0,0.0
no04,533967_01555_13718_1,1345,13:45,0.0,0.0,0.0
no04,533967_01555_13718_1,1400,14:00,0.0,0.0,0.0
no04,533967_01555_13718_1,1415,14:15,0.0,0.0,0.0
no04,533967_01555_13718_1,1430,14:30,0.0,0.0,0.0
no04,533967_01555_13718_1,1445,14:45,0.0,0.0,0.0
no04,533967_01555_13718_1,1500,15:00,0.0,0.0,0.0
no04,533967_01555_13718_1,1515,15:15,0.0,0.0,0.0
no04,533967_01555_13718_1,1530,15:30,0.0,0.0,0.0
no04,533967_01555_13718_1,1545,15:45,0.0,0.0,0.0
no04,533967_01555_13718_1,1600,16:00,0.0,0.0,0.0
no04,533967_01555_13718_1,1615,16:15,0.0,0.0,0.0
no04,533967_01555_13718_1,1630,16:30,0.0,0.0,0.0
no04,533967_01555_13718_1,1645,16:45,0.0,0.0,0.0
no04,533967_01555_13718_1,1700,17:00,0.0,0.0,0.0
no04,533967_01555_13718_1,1715,17:15,0.0,0.0,0.0
no04,533967_01555_13718_1,1730,17:30,0.0,0.0,0.0
no04,533967_01555_13718_1,1745,17:45,0.0,0.0,0.0
no04,533967_01555_13718_1,1800,18:00,0.0,0.0,0.0
no04,533967_01555_13718_1,1815,18:15,0.0,0.0,0.0
no04,533967_01555_13718_1,1830,18:30,0.0,0.0,0.0
no04,533967_01555_13718_1,1845,18:45,0.0,0.0,0.0
no04,533967_01555_14156_0,630,06:30,232.204,235.0745,2.8704999999999927
no04,533967_01555_14156_0,645,06:45,216.7985,215.99050000000005,-0.8079999999999359
no04,533967_01555_14156_0,700,07:00,318.47400000000005,319.0085,0.53449999999998
no04,533967_01555_14156_0,715,07:15,345.676,352.30100000000004,6.625000000000057
no04,533967_01555_14156_0,730,07:30,394.121,391.9295,-2.1914999999999623
no04,533967_01555_14156_0,745,07:45,448.857,447.6365,-1.2205000000000155
no04,533967_01555_14156_0,800,08:00,577.551,555.478,-22.073000000000093
no04,533967_01555_14156_0,815,08:15,497.353,505.51450000000006,8.161500000000046
no04,533967_01555_14156_0,830,08:30,455.617,460.8135,5.196499999999958
no04,533967_01555_14156_0,845,08:45,466.881,475.567,8.686000000000035
no04,533967_01555_14156_0,900,09:00,369.917,374.6315,4.714500000000044
no04,533967_01555_14156_0,915,09:15,450.789,455.0815,4.292500000000018
no04,533967_01555_14156_0,930,09:30,480.3785,443.1145,-37.26399999999995
no04,533967_01555_14156_0,945,09:45,214.8955,212.285,-2.610500000000002
no04,533967_01555_14156_0,1000,10:00,264.2305,266.956,2.725500000000011
no04,533967_01555_14156_0,1015,10:15,272.031,291.35,19.319000000000017
no04,533967_01555_14156_0,1030,10:30,341.7585,343.3245,1.565999999999974
no04,533967_01555_14156_0,1045,10:45,231.844,226.2195,-5.624499999999983
no04,533967_01555_14156_0,1100,11:00,193.5885,196.8125,3.2239999999999895
no04,533967_01555_14156_0,1115,11:15,188.0095,196.311,8.301500000000004
no04,533967_01555_14156_0,1130,11:30,355.15500000000003,340.1845,-14.970500000000015
no04,533967_01555_14156_0,1145,11:45,235.821,229.832,-5.989000000000004
no04,533967_01555_14156_0,1200,12:00,284.2245,292.618,8.393500000000017
no04,533967_01555_14156_0,1215,12:15,314.3965,303.4245,-10.97199999999998
no04,533967_01555_14156_0,1230,12:30,196.804,219.5125,22.708499999999987
no04,533967_01555_14156_0,1245,12:45,397.751,395.749,-2.0019999999999527
no04,533967_01555_14156_0,1300,13:00,391.8895,390.0595,-1.829999999999984
no04,533967_01555_14156_0,1315,13:15,348.095,345.8755,-2.219500000000039
no04,533967_01555_14156_0,1330,13:30,180.007,172.8565,-7.150499999999994
no04,533967_01555_14156_0,1345,13:45,254.944,247.3325,-7.611499999999978
no04,533967_01555_14156_0,1400,14:00,240.915,234.89,-6.025000000000006
no04,533967_01555_14156_0,1415,14:15,182.4425,190.3505,7.9080000000000155
no04,533967_01555_14156_0,1430,14:30,393.1975,387.869,-5.328499999999963
no04,533967_01555_14156_0,1445,14:45,497.7655,494.0025,-3.762999999999977
no04,533967_01555_14156_0,1500,15:00,319.6275,313.567,-6.0604999999999905
no04,533967_01555_14156_0,1515,15:15,197.902,204.6545,6.752500000000026
no04,533967_01555_14156_0,1530,15:30,261.257,261.10900000000004,-0.1479999999999677
no04,533967_01555_14156_0,1545,15:45,292.3415,300.34000000000003,7.9985000000000355
no04,533967_01555_14156_0,1600,16:00,610.832,431.9285,-178.9035
no04,533967_01555_14156_0,1615,16:15,237.929,216.86150000000004,-21.067499999999967
no04,533967_01555_14156_0,1630,16:30,193.111,216.8095,23.698500000000024
no04,533967_01555_14156_0,1645,16:45,343.119,353.15500000000003,10.036000000000001
no04,533967_01555_14156_0,1700,17:00,398.216,386.218,-11.99799999999999
no04,533967_01555_14156_0,1715,17:15,337.439,346.083,8.644000000000005
no04,533967_01555_14156_0,1730,17:30,301.87,296.3565,-5.513500000000022
no04,533967_01555_14156_0,1745,17:45,146.607,149.6935,3.086500000000001
no04,533967_01555_14156_0,1800,18:00,193.5515,202.6515,9.099999999999994
no04,533967_01555_14156_0,1815,18:15,341.294,330.91700000000003,-10.376999999999953
no04,533967_01555_14156_0,1830,18:30,201.359,137.2555,-64.1035
no04,533967_01555_14156_0,1845,18:45,189.121,197.588,8.466999999999985
no04,533967_01555_14156_1,630,06:30,154.3435,158.6595,4.3160000000000025
no04,533967_01555_14156_1,645,06:45,319.1625,305.108,-14.054500000000019
no04,533967_01555_14156_1,700,07:00,333.4085,334.2885,0.8799999999999955
no04,533967_01555_14156_1,715,07:15,641.6315000000001,607.9390000000001,-33.692499999999995
no04,533967_01555_14156_1,730,07:30,848.5195,873.5785,25.05899999999997
no04,533967_01555_14156_1,745,07:45,594.42,563.02,-31.399999999999977
no04,533967_01555_14156_1,800,08:00,688.4114999999999,679.6825,-8.728999999999928
no04,533967_01555_14156_1,815,08:15,746.417,777.0295,30.612499999999955
no04,533967_01555_14156_1,830,08:30,886.4765,874.6385,-11.837999999999965
no04,533967_01555_14156_1,845,08:45,768.193,752.637,-15.55600000000004
no04,533967_01555_14156_1,900,09:00,705.5,710.318,4.817999999999984
no04,533967_01555_14156_1,915,09:15,454.802,428.477,-26.325000000000045
no04,533967_01555_14156_1,930,09:30,515.0415,518.966,3.9244999999999663
no04,533967_01555_14156_1,945,09:45,803.708,807.735,4.027000000000044
no04,533967_01555_14156_1,1000,10:00,718.3605,718.0654999999999,-0.29500000000007276
no04,533967_01555_14156_1,1015,10:15,565.5085,574.761,9.25249999999994
no04,533967_01555_14156_1,1030,10:30,593.289,570.475,-22.813999999999965
no04,533967_01555_14156_1,1045,10:45,702.652,747.6155,44.963499999999954
no04,533967_01555_14156_1,1100,11:00,830.7325000000001,853.766,23.03349999999989
no04,533967_01555_14156_1,1115,11:15,557.892,509.1035,-48.788500000000056
no04,533967_01555_14156_1,1130,11:30,415.585,422.735,7.150000000000034
no04,533967_01555_14156_1,1145,11:45,874.247,877.5435,3.2965000000000373
no04,533967_01555_14156_1,1200,12:00,696.2985,632.409,-63.8895
no04,533967_01555_14156_1,1215,12:15,580.428,538.568,-41.860000000000014
no04,533967_01555_14156_1,1230,12:30,548.318,547.05,-1.268000000000029
no04,533967_01555_14156_1,1245,12:45,333.248,330.3795,-2.868499999999983
no04,533967_01555_14156_1,1300,13:00,525.044,512.085,-12.958999999999946
no04,533967_01555_14156_1,1315,13:15,559.551,569.796,10.245000000000005
no04,533967_01555_14156_1,1330,13:30,311.3415,300.454,-10.887499999999989
no04,533967_01555_14156_1,1345,13:45,716.678,675.1020000000001,-41.57599999999991
no04,533967_01555_14156_1,1400,14:00,659.9825,657.5899999999999,-2.392500000000041
no04,533967_01555_14156_1,1415,14:15,511.1625,470.5765,-40.58600000000001
no04,533967_01555_14156_1,1430,14:30,652.9795,684.183,31.203499999999963
no04,533967_01555_14156_1,1445,14:45,470.6365,479.8315,9.194999999999993
no04,533967_01555_14156_1,1500,15:00,665.5600000000001,608.6215,-56.93850000000009
no04,533967_01555_14156_1,1515,15:15,719.569,667.2925,-52.27649999999994
no04,533967_01555_14156_1,1530,15:30,611.638,630.6695,19.031499999999937
no04,533967_01555_14156_1,1545,15:45,508.7025,523.609,14.906500000000051
no04,533967_01555_14156_1,1600,16:00,741.2605000000001,655.866,-85.39450000000011
no04,533967_01555_14156_1,1615,16:15,877.344,894.3620000000001,17.01800000000003
no04,533967_01555_14156_1,1630,16:30,594.7955,631.702,36.90650000000005
no04,533967_01555_14156_1,1645,16:45,549.2515000000001,537.8045,-11.447000000000116
no04,533967_01555_14156_1,1700,17:00,725.989,672.4615,-53.52750000000003
no04,533967_01555_14156_1,1715,17:15,810.1305,804.393,-5.7374999999999545
no04,533967_01555_14156_1,1730,17:30,663.566,639.929,-23.637000000000057
no04,533967_01555_14156_1,1745,17:45,682.147,672.9145000000001,-9.232499999999959
no04,533967_01555_14156_1,1800,18:00,741.6975,721.4069999999999,-20.290500000000065
no04,533967_01555_14156_1,1815,18:15,550.158,546.0775000000001,-4.080499999999915
no04,533967_01555_14156_1,1830,18:30,523.369,526.1835,2.8144999999999527
no04,533967_01555_14156_1,1845,18:45,460.551,464.252,3.701000000000022
no04,533967_01556_01656_0,630,06:30,0.0,0.0,0.0
no04,533967_01556_01656_0,645,06:45,0.0,0.0,0.0
no04,533967_01556_01656_0,700,07:00,0.0,0.0,0.0
no04,533967_01556_01656_0,715,07:15,0.0,0.0,0.0
no04,533967_01556_01656_0,730,07:30,0.0,0.0,0.0
no04,533967_01556_01656_0,745,07:45,0.0,0.0,0.0
no04,533967_01556_01656_0,800,08:00,0.0,0.0,0.0
no04,533967_01556_01656_0,815,08:15,0.0,0.0,0.0
no04,533967_01556_01656_0,830,08:30,0.0,0.0,0.0
no04,533967_01556_01656_0,845,08:45,0.0,0.0,0.0
no04,533967_01556_01656_0,900,09:00,0.0,0.0,0.0
no04,533967_01556_01656_0,915,09:15,0.0,0.0,0.0
no04,533967_01556_01656_0,930,09:30,0.0,0.0,0.0
no04,533967_01556_01656_0,945,09:45,0.0,0.0,0.0
no04,533967_01556_01656_0,1000,10:00,0.0,0.0,0.0
no04,533967_01556_01656_0,1015,10:15,0.0,0.0,0.0
no04,533967_01556_01656_0,1030,10:30,0.0,0.0,0.0
no04,533967_01556_01656_0,1045,10:45,0.0,0.0,0.0
no04,533967_01556_01656_0,1100,11:00,0.0,0.0,0.0
no04,533967_01556_01656_0,1115,11:15,0.0,0.0,0.0
no04,533967_01556_01656_0,1130,11:30,0.0,0.0,0.0
no04,533967_01556_01656_0,1145,11:45,0.0,0.0,0.0
no04,533967_01556_01656_0,1200,12:00,0.0,0.0,0.0
no04,533967_01556_01656_0,1215,12:15,0.0,0.0,0.0
no04,533967_01556_01656_0,1230,12:30,0.0,0.0,0.0
no04,533967_01556_01656_0,1245,12:45,0.0,0.0,0.0
no04,533967_01556_01656_0,1300,13:00,0.0,0.0,0.0
no04,533967_01556_01656_0,1315,13:15,0.0,0.0,0.0
no04,533967_01556_01656_0,1330,13:30,0.0,0.0,0.0
no04,533967_01556_01656_0,1345,13:45,0.0,0.0,0.0
no04,533967_01556_01656_0,1400,14:00,0.0,0.0,0.0
no04,533967_01556_01656_0,1415,14:15,0.0,0.0,0.0
no04,533967_01556_01656_0,1430,14:30,0.0,0.0,0.0
no04,533967_01556_01656_0,1445,14:45,0.0,0.0,0.0
no04,533967_01556_01656_0,1500,15:00,0.0,0.0,0.0
no04,533967_01556_01656_0,1515,15:15,0.0,0.0,0.0
no04,533967_01556_01656_0,1530,15:30,0.0,0.0,0.0
no04,533967_01556_01656_0,1545,15:45,0.0,0.0,0.0
no04,533967_01556_01656_0,1600,16:00,0.0,0.0,0.0
no04,533967_01556_01656_0,1615,16:15,0.0,0.0,0.0
no04,533967_01556_01656_0,1630,16:30,0.0,0.0,0.0
no04,533967_01556_01656_0,1645,16:45,0.0,0.0,0.0
no04,533967_01556_01656_0,1700,17:00,0.0,0.0,0.0
no04,533967_01556_01656_0,1715,17:15,0.0,0.0,0.0
no04,533967_01556_01656_0,1730,17:30,0.0,0.0,0.0
no04,533967_01556_01656_0,1745,17:45,0.0,0.0,0.0
no04,533967_01556_01656_0,1800,18:00,0.0,0.0,0.0
no04,533967_01556_01656_0,1815,18:15,0.0,0.0,0.0
no04,533967_01556_01656_0,1830,18:30,0.0,0.0,0.0
no04,533967_01556_01656_0,1845,18:45,0.0,0.0,0.0
no04,533967_01556_01656_1,630,06:30,0.0,0.0,0.0
no04,533967_01556_01656_1,645,06:45,0.0,0.0,0.0
no04,533967_01556_01656_1,700,07:00,0.0,0.0,0.0
no04,533967_01556_01656_1,715,07:15,0.0,0.0,0.0
no04,533967_01556_01656_1,730,07:30,0.0,0.0,0.0
no04,533967_01556_01656_1,745,07:45,0.0,0.0,0.0
no04,533967_01556_01656_1,800,08:00,0.0,0.0,0.0
no04,533967_01556_01656_1,815,08:15,0.0,0.0,0.0
no04,533967_01556_01656_1,830,08:30,0.0,0.0,0.0
no04,533967_01556_01656_1,845,08:45,0.0,0.0,0.0
no04,533967_01556_01656_1,900,09:00,0.0,0.0,0.0
no04,533967_01556_01656_1,915,09:15,0.0,0.0,0.0
no04,533967_01556_01656_1,930,09:30,0.0,0.0,0.0
no04,533967_01556_01656_1,945,09:45,0.0,0.0,0.0
no04,533967_01556_01656_1,1000,10:00,0.0,0.0,0.0
no04,533967_01556_01656_1,1015,10:15,0.0,0.0,0.0
no04,533967_01556_01656_1,1030,10:30,0.0,0.0,0.0
no04,533967_01556_01656_1,1045,10:45,0.0,0.0,0.0
no04,533967_01556_01656_1,1100,11:00,0.0,0.0,0.0
no04,533967_01556_01656_1,1115,11:15,0.0,0.0,0.0
no04,533967_01556_01656_1,1130,11:30,0.0,0.0,0.0
no04,533967_01556_01656_1,1145,11:45,0.0,0.0,0.0
no04,533967_01556_01656_1,1200,12:00,0.0,0.0,0.0
no04,533967_01556_01656_1,1215,12:15,0.0,0.0,0.0
no04,533967_01556_01656_1,1230,12:30,0.0,0.0,0.0
no04,533967_01556_01656_1,1245,12:45,0.0,0.0,0.0
no04,533967_01556_01656_1,1300,13:00,0.0,0.0,0.0
no04,533967_01556_01656_1,1315,13:15,0.0,0.0,0.0
no04,533967_01556_01656_1,1330,13:30,0.0,0.0,0.0
no04,533967_01556_01656_1,1345,13:45,0.0,0.0,0.0
no04,533967_01556_01656_1,1400,14:00,0.0,0.0,0.0
no04,533967_01556_01656_1,1415,14:15,0.0,0.0,0.0
no04,533967_01556_01656_1,1430,14:30,0.0,0.0,0.0
no04,533967_01556_01656_1,1445,14:45,0.0,0.0,0.0
no04,533967_01556_01656_1,1500,15:00,0.0,0.0,0.0
no04,533967_01556_01656_1,1515,15:15,0.0,0.0,0.0
no04,533967_01556_01656_1,1530,15:30,0.0,0.0,0.0
no04,533967_01556_01656_1,1545,15:45,0.0,0.0,0.0
no04,533967_01556_01656_1,1600,16:00,0.0,0.0,0.0
no04,533967_01556_01656_1,1615,16:15,0.0,0.0,0.0
no04,533967_01556_01656_1,1630,16:30,0.0,0.0,0.0
no04,533967_01556_01656_1,1645,16:45,0.0,0.0,0.0
no04,533967_01556_01656_1,1700,17:00,0.0,0.0,0.0
no04,533967_01556_01656_1,1715,17:15,0.0,0.0,0.0
no04,533967_01556_01656_1,1730,17:30,0.0,0.0,0.0
no04,533967_01556_01656_1,1745,17:45,0.0,0.0,0.0
no04,533967_01556_01656_1,1800,18:00,0.0,0.0,0.0
no04,533967_01556_01656_1,1815,18:15,0.0,0.0,0.0
no04,533967_01556_01656_1,1830,18:30,0.0,0.0,0.0
no04,533967_01556_01656_1,1845,18:45,0.0,0.0,0.0
no04,533967_01556_88302_0,630,06:30,0.0,0.0,0.0
no04,533967_01556_88302_0,645,06:45,0.0,0.0,0.0
no04,533967_01556_88302_0,700,07:00,0.0,0.0,0.0
no04,533967_01556_88302_0,715,07:15,0.0,0.0,0.0
no04,533967_01556_88302_0,730,07:30,0.0,0.0,0.0
no04,533967_01556_88302_0,745,07:45,0.0,0.0,0.0
no04,533967_01556_88302_0,800,08:00,0.0,0.0,0.0
no04,533967_01556_88302_0,815,08:15,0.0,0.0,0.0
no04,533967_01556_88302_0,830,08:30,0.0,0.0,0.0
no04,533967_01556_88302_0,845,08:45,0.0,0.0,0.0
no04,533967_01556_88302_0,900,09:00,0.0,0.0,0.0
no04,533967_01556_88302_0,915,09:15,0.0,0.0,0.0
no04,533967_01556_88302_0,930,09:30,0.0,0.0,0.0
no04,533967_01556_88302_0,945,09:45,0.0,0.0,0.0
no04,533967_01556_88302_0,1000,10:00,0.0,0.0,0.0
no04,533967_01556_88302_0,1015,10:15,0.0,0.0,0.0
no04,533967_01556_88302_0,1030,10:30,0.0,0.0,0.0
no04,533967_01556_88302_0,1045,10:45,0.0,0.0,0.0
no04,533967_01556_88302_0,1100,11:00,0.0,0.0,0.0
no04,533967_01556_88302_0,1115,11:15,0.0,0.0,0.0
no04,533967_01556_88302_0,1130,11:30,0.0,0.0,0.0
no04,533967_01556_88302_0,1145,11:45,0.0,0.0,0.0
no04,533967_01556_88302_0,1200,12:00,0.0,0.0,0.0
no04,533967_01556_88302_0,1215,12:15,0.0,0.0,0.0
no04,533967_01556_88302_0,1230,12:30,0.0,0.0,0.0
no04,533967_01556_88302_0,1245,12:45,0.0,0.0,0.0
no04,533967_01556_88302_0,1300,13:00,0.0,0.0,0.0
no04,533967_01556_88302_0,1315,13:15,0.0,0.0,0.0
no04,533967_01556_88302_0,1330,13:30,0.0,0.0,0.0
no04,533967_01556_88302_0,1345,13:45,0.0,0.0,0.0
no04,533967_01556_88302_0,1400,14:00,0.0,0.0,0.0
no04,533967_01556_88302_0,1415,14:15,0.0,0.0,0.0
no04,533967_01556_88302_0,1430,14:30,0.0,0.0,0.0
no04,533967_01556_88302_0,1445,14:45,0.0,0.0,0.0
no04,533967_01556_88302_0,1500,15:00,0.0,0.0,0.0
no04,533967_01556_88302_0,1515,15:15,0.0,0.0,0.0
no04,533967_01556_88302_0,1530,15:30,0.0,0.0,0.0
no04,533967_01556_88302_0,1545,15:45,0.0,0.0,0.0
no04,533967_01556_88302_0,1600,16:00,0.0,0.0,0.0
no04,533967_01556_88302_0,1615,16:15,0.0,0.0,0.0
no04,533967_01556_88302_0,1630,16:30,0.0,0.0,0.0
no04,533967_01556_88302_0,1645,16:45,0.0,0.0,0.0
no04,533967_01556_88302_0,1700,17:00,0.0,0.0,0.0
no04,533967_01556_88302_0,1715,17:15,0.0,0.0,0.0
no04,533967_01556_88302_0,1730,17:30,0.0,0.0,0.0
no04,533967_01556_88302_0,1745,17:45,0.0,0.0,0.0
no04,533967_01556_88302_0,1800,18:00,0.0,0.0,0.0
no04,533967_01556_88302_0,1815,18:15,0.0,0.0,0.0
no04,533967_01556_88302_0,1830,18:30,0.0,0.0,0.0
no04,533967_01556_88302_0,1845,18:45,0.0,0.0,0.0
no04,533967_01556_88302_1,630,06:30,0.0,0.0,0.0
no04,533967_01556_88302_1,645,06:45,0.0,0.0,0.0
no04,533967_01556_88302_1,700,07:00,0.0,0.0,0.0
no04,533967_01556_88302_1,715,07:15,0.0,0.0,0.0
no04,533967_01556_88302_1,730,07:30,0.0,0.0,0.0
no04,533967_01556_88302_1,745,07:45,0.0,0.0,0.0
no04,533967_01556_88302_1,800,08:00,0.0,0.0,0.0
no04,533967_01556_88302_1,815,08:15,0.0,0.0,0.0
no04,533967_01556_88302_1,830,08:30,0.0,0.0,0.0
no04,533967_01556_88302_1,845,08:45,0.0,0.0,0.0
no04,533967_01556_88302_1,900,09:00,0.0,0.0,0.0
no04,533967_01556_88302_1,915,09:15,0.0,0.0,0.0
no04,533967_01556_88302_1,930,09:30,0.0,0.0,0.0
no04,533967_01556_88302_1,945,09:45,0.0,0.0,0.0
no04,533967_01556_88302_1,1000,10:00,0.0,0.0,0.0
no04,533967_01556_88302_1,1015,10:15,0.0,0.0,0.0
no04,533967_01556_88302_1,1030,10:30,0.0,0.0,0.0
no04,533967_01556_88302_1,1045,10:45,0.0,0.0,0.0
no04,533967_01556_88302_1,1100,11:00,0.0,0.0,0.0
no04,533967_01556_88302_1,1115,11:15,0.0,0.0,0.0
no04,533967_01556_88302_1,1130,11:30,0.0,0.0,0.0
no04,533967_01556_88302_1,1145,11:45,0.0,0.0,0.0
no04,533967_01556_88302_1,1200,12:00,0.0,0.0,0.0
no04,533967_01556_88302_1,1215,12:15,0.0,0.0,0.0
no04,533967_01556_88302_1,1230,12:30,0.0,0.0,0.0
no04,533967_01556_88302_1,1245,12:45,0.0,0.0,0.0
no04,533967_01556_88302_1,1300,13:00,0.0,0.0,0.0
no04,533967_01556_88302_1,1315,13:15,0.0,0.0,0.0
no04,533967_01556_88302_1,1330,13:30,0.0,0.0,0.0
no04,533967_01556_88302_1,1345,13:45,0.0,0.0,0.0
no04,533967_01556_88302_1,1400,14:00,0.0,0.0,0.0
no04,533967_01556_88302_1,1415,14:15,0.0,0.0,0.0
no04,533967_01556_88302_1,1430,14:30,0.0,0.0,0.0
no04,533967_01556_88302_1,1445,14:45,0.0,0.0,0.0
no04,533967_01556_88302_1,1500,15:00,0.0,0.0,0.0
no04,533967_01556_88302_1,1515,15:15,0.0,0.0,0.0
no04,533967_01556_88302_1,1530,15:30,0.0,0.0,0.0
no04,533967_01556_88302_1,1545,15:45,0.0,0.0,0.0
no04,533967_01556_88302_1,1600,16:00,0.0,0.0,0.0
no04,533967_01556_88302_1,1615,16:15,0.0,0.0,0.0
no04,533967_01556_88302_1,1630,16:30,0.0,0.0,0.0
no04,533967_01556_88302_1,1645,16:45,0.0,0.0,0.0
no04,533967_01556_88302_1,1700,17:00,0.0,0.0,0.0
no04,533967_01556_88302_1,1715,17:15,0.0,0.0,0.0
no04,533967_01556_88302_1,1730,17:30,0.0,0.0,0.0
no04,533967_01556_88302_1,1745,17:45,0.0,0.0,0.0
no04,533967_01556_88302_1,1800,18:00,0.0,0.0,0.0
no04,533967_01556_88302_1,1815,18:15,0.0,0.0,0.0
no04,533967_01556_88302_1,1830,18:30,0.0,0.0,0.0
no04,533967_01556_88302_1,1845,18:45,0.0,0.0,0.0
no04,533967_01602_01603_0,630,06:30,0.0,0.0,0.0
no04,533967_01602_01603_0,645,06:45,0.0,0.0,0.0
no04,533967_01602_01603_0,700,07:00,0.0,0.0,0.0
no04,533967_01602_01603_0,715,07:15,0.0,0.0,0.0
no04,533967_01602_01603_0,730,07:30,0.0,0.0,0.0
no04,533967_01602_01603_0,745,07:45,0.0,0.0,0.0
no04,533967_01602_01603_0,800,08:00,0.0,0.0,0.0
no04,533967_01602_01603_0,815,08:15,0.0,0.0,0.0
no04,533967_01602_01603_0,830,08:30,0.0,0.0,0.0
no04,533967_01602_01603_0,845,08:45,0.0,0.0,0.0
no04,533967_01602_01603_0,900,09:00,0.0,0.0,0.0
no04,533967_01602_01603_0,915,09:15,0.0,0.0,0.0
no04,533967_01602_01603_0,930,09:30,0.0,0.0,0.0
no04,533967_01602_01603_0,945,09:45,0.0,0.0,0.0
no04,533967_01602_01603_0,1000,10:00,0.0,0.0,0.0
no04,533967_01602_01603_0,1015,10:15,0.0,0.0,0.0
no04,533967_01602_01603_0,1030,10:30,0.0,0.0,0.0
no04,533967_01602_01603_0,1045,10:45,0.0,0.0,0.0
no04,533967_01602_01603_0,1100,11:00,0.0,0.0,0.0
no04,533967_01602_01603_0,1115,11:15,0.0,0.0,0.0
no04,533967_01602_01603_0,1130,11:30,0.0,0.0,0.0
no04,533967_01602_01603_0,1145,11:45,0.0,0.0,0.0
no04,533967_01602_01603_0,1200,12:00,0.0,0.0,0.0
no04,533967_01602_01603_0,1215,12:15,0.0,0.0,0.0
no04,533967_01602_01603_0,1230,12:30,0.0,0.0,0.0
no04,533967_01602_01603_0,1245,12:45,0.0,0.0,0.0
no04,533967_01602_01603_0,1300,13:00,0.0,0.0,0.0
no04,533967_01602_01603_0,1315,13:15,0.0,0.0,0.0
no04,533967_01602_01603_0,1330,13:30,0.0,0.0,0.0
no04,533967_01602_01603_0,1345,13:45,0.0,0.0,0.0
no04,533967_01602_01603_0,1400,14:00,0.0,0.0,0.0
no04,533967_01602_01603_0,1415,14:15,0.0,0.0,0.0
no04,533967_01602_01603_0,1430,14:30,0.0,0.0,0.0
no04,533967_01602_01603_0,1445,14:45,0.0,0.0,0.0
no04,533967_01602_01603_0,1500,15:00,0.0,0.0,0.0
no04,533967_01602_01603_0,1515,15:15,0.0,0.0,0.0
no04,533967_01602_01603_0,1530,15:30,0.0,0.0,0.0
no04,533967_01602_01603_0,1545,15:45,0.0,0.0,0.0
no04,533967_01602_01603_0,1600,16:00,0.0,0.0,0.0
no04,533967_01602_01603_0,1615,16:15,0.0,0.0,0.0
no04,533967_01602_01603_0,1630,16:30,0.0,0.0,0.0
no04,533967_01602_01603_0,1645,16:45,0.0,0.0,0.0
no04,533967_01602_01603_0,1700,17:00,0.0,0.0,0.0
no04,533967_01602_01603_0,1715,17:15,0.0,0.0,0.0
no04,533967_01602_01603_0,1730,17:30,0.0,0.0,0.0
no04,533967_01602_01603_0,1745,17:45,0.0,0.0,0.0
no04,533967_01602_01603_0,1800,18:00,0.0,0.0,0.0
no04,533967_01602_01603_0,1815,18:15,0.0,0.0,0.0
no04,533967_01602_01603_0,1830,18:30,0.0,0.0,0.0
no04,533967_01602_01603_0,1845,18:45,0.0,0.0,0.0
no04,533967_01602_01603_1,630,06:30,0.0,0.0,0.0
no04,533967_01602_01603_1,645,06:45,0.0,0.0,0.0
no04,533967_01602_01603_1,700,07:00,0.0,0.0,0.0
no04,533967_01602_01603_1,715,07:15,0.0,0.0,0.0
no04,533967_01602_01603_1,730,07:30,0.0,0.0,0.0
no04,533967_01602_01603_1,745,07:45,0.0,0.0,0.0
no04,533967_01602_01603_1,800,08:00,0.0,0.0,0.0
no04,533967_01602_01603_1,815,08:15,0.0,0.0,0.0
no04,533967_01602_01603_1,830,08:30,0.0,0.0,0.0
no04,533967_01602_01603_1,845,08:45,0.0,0.0,0.0
no04,533967_01602_01603_1,900,09:00,0.0,0.0,0.0
no04,533967_01602_01603_1,915,09:15,0.0,0.0,0.0
no04,533967_01602_01603_1,930,09:30,0.0,0.0,0.0
no04,533967_01602_01603_1,945,09:45,0.0,0.0,0.0
no04,533967_01602_01603_1,1000,10:00,0.0,0.0,0.0
no04,533967_01602_01603_1,1015,10:15,0.0,0.0,0.0
no04,533967_01602_01603_1,1030,10:30,0.0,0.0,0.0
no04,533967_01602_01603_1,1045,10:45,0.0,0.0,0.0
no04,533967_01602_01603_1,1100,11:00,0.0,0.0,0.0
no04,533967_01602_01603_1,1115,11:15,0.0,0.0,0.0
no04,533967_01602_01603_1,1130,11:30,0.0,0.0,0.0
no04,533967_01602_01603_1,1145,11:45,0.0,0.0,0.0
no04,533967_01602_01603_1,1200,12:00,0.0,0.0,0.0
no04,533967_01602_01603_1,1215,12:15,0.0,0.0,0.0
no04,533967_01602_01603_1,1230,12:30,0.0,0.0,0.0
no04,533967_01602_01603_1,1245,12:45,0.0,0.0,0.0
no04,533967_01602_01603_1,1300,13:00,0.0,0.0,0.0
no04,533967_01602_01603_1,1315,13:15,0.0,0.0,0.0
no04,533967_01602_01603_1,1330,13:30,0.0,0.0,0.0
no04,533967_01602_01603_1,1345,13:45,0.0,0.0,0.0
no04,533967_01602_01603_1,1400,14:00,0.0,0.0,0.0
no04,533967_01602_01603_1,1415,14:15,0.0,0.0,0.0
no04,533967_01602_01603_1,1430,14:30,0.0,0.0,0.0
no04,533967_01602_01603_1,1445,14:45,0.0,0.0,0.0
no04,533967_01602_01603_1,1500,15:00,0.0,0.0,0.0
no04,533967_01602_01603_1,1515,15:15,0.0,0.0,0.0
no04,533967_01602_01603_1,1530,15:30,0.0,0.0,0.0
no04,533967_01602_01603_1,1545,15:45,0.0,0.0,0.0
no04,533967_01602_01603_1,1600,16:00,0.0,0.0,0.0
no04,533967_01602_01603_1,1615,16:15,0.0,0.0,0.0
no04,533967_01602_01603_1,1630,16:30,0.0,0.0,0.0
no04,533967_01602_01603_1,1645,16:45,0.0,0.0,0.0
no04,533967_01602_01603_1,1700,17:00,0.0,0.0,0.0
no04,533967_01602_01603_1,1715,17:15,0.0,0.0,0.0
no04,533967_01602_01603_1,1730,17:30,0.0,0.0,0.0
no04,533967_01602_01603_1,1745,17:45,0.0,0.0,0.0
no04,533967_01602_01603_1,1800,18:00,0.0,0.0,0.0
no04,533967_01602_01603_1,1815,18:15,0.0,0.0,0.0
no04,533967_01602_01603_1,1830,18:30,0.0,0.0,0.0
no04,533967_01602_01603_1,1845,18:45,0.0,0.0,0.0
no04,533967_01602_01608_0,630,06:30,0.0,0.0,0.0
no04,533967_01602_01608_0,645,06:45,0.0,0.0,0.0
no04,533967_01602_01608_0,700,07:00,0.0,0.0,0.0
no04,533967_01602_01608_0,715,07:15,0.0,0.0,0.0
no04,533967_01602_01608_0,730,07:30,0.0,0.0,0.0
no04,533967_01602_01608_0,745,07:45,0.0,0.0,0.0
no04,533967_01602_01608_0,800,08:00,0.0,0.0,0.0
no04,533967_01602_01608_0,815,08:15,0.0,0.0,0.0
no04,533967_01602_01608_0,830,08:30,0.0,0.0,0.0
no04,533967_01602_01608_0,845,08:45,0.0,0.0,0.0
no04,533967_01602_01608_0,900,09:00,0.0,0.0,0.0
no04,533967_01602_01608_0,915,09:15,0.0,0.0,0.0
no04,533967_01602_01608_0,930,09:30,0.0,0.0,0.0
no04,533967_01602_01608_0,945,09:45,0.0,0.0,0.0
no04,533967_01602_01608_0,1000,10:00,0.0,0.0,0.0
no04,533967_01602_01608_0,1015,10:15,0.0,0.0,0.0
no04,533967_01602_01608_0,1030,10:30,0.0,0.0,0.0
no04,533967_01602_01608_0,1045,10:45,0.0,0.0,0.0
no04,533967_01602_01608_0,1100,11:00,0.0,0.0,0.0
no04,533967_01602_01608_0,1115,11:15,0.0,0.0,0.0
no04,533967_01602_01608_0,1130,11:30,0.0,0.0,0.0
no04,533967_01602_01608_0,1145,11:45,0.0,0.0,0.0
no04,533967_01602_01608_0,1200,12:00,0.0,0.0,0.0
no04,533967_01602_01608_0,1215,12:15,0.0,0.0,0.0
no04,533967_01602_01608_0,1230,12:30,0.0,0.0,0.0
no04,533967_01602_01608_0,1245,12:45,0.0,0.0,0.0
no04,533967_01602_01608_0,1300,13:00,0.0,0.0,0.0
no04,533967_01602_01608_0,1315,13:15,0.0,0.0,0.0
no04,533967_01602_01608_0,1330,13:30,0.0,0.0,0.0
no04,533967_01602_01608_0,1345,13:45,0.0,0.0,0.0
no04,533967_01602_01608_0,1400,14:00,0.0,0.0,0.0
no04,533967_01602_01608_0,1415,14:15,0.0,0.0,0.0
no04,533967_01602_01608_0,1430,14:30,0.0,0.0,0.0
no04,533967_01602_01608_0,1445,14:45,0.0,0.0,0.0
no04,533967_01602_01608_0,1500,15:00,0.0,0.0,0.0
no04,533967_01602_01608_0,1515,15:15,0.0,0.0,0.0
no04,533967_01602_01608_0,1530,15:30,0.0,0.0,0.0
no04,533967_01602_01608_0,1545,15:45,0.0,0.0,0.0
no04,533967_01602_01608_0,1600,16:00,0.0,0.0,0.0
no04,533967_01602_01608_0,1615,16:15,0.0,0.0,0.0
no04,533967_01602_01608_0,1630,16:30,0.0,0.0,0.0
no04,533967_01602_01608_0,1645,16:45,0.0,0.0,0.0
no04,533967_01602_01608_0,1700,17:00,0.0,0.0,0.0
no04,533967_01602_01608_0,1715,17:15,0.0,0.0,0.0
no04,533967_01602_01608_0,1730,17:30,0.0,0.0,0.0
no04,533967_01602_01608_0,1745,17:45,0.0,0.0,0.0
no04,533967_01602_01608_0,1800,18:00,0.0,0.0,0.0
no04,533967_01602_01608_0,1815,18:15,0.0,0.0,0.0
no04,533967_01602_01608_0,1830,18:30,0.0,0.0,0.0
no04,533967_01602_01608_0,1845,18:45,0.0,0.0,0.0
no04,533967_01602_01608_1,630,06:30,0.0,0.0,0.0
no04,533967_01602_01608_1,645,06:45,0.0,0.0,0.0
no04,533967_01602_01608_1,700,07:00,0.0,0.0,0.0
no04,533967_01602_01608_1,715,07:15,0.0,0.0,0.0
no04,533967_01602_01608_1,730,07:30,0.0,0.0,0.0
no04,533967_01602_01608_1,745,07:45,0.0,0.0,0.0
no04,533967_01602_01608_1,800,08:00,0.0,0.0,0.0
no04,533967_01602_01608_1,815,08:15,0.0,0.0,0.0
no04,533967_01602_01608_1,830,08:30,0.0,0.0,0.0
no04,533967_01602_01608_1,845,08:45,0.0,0.0,0.0
no04,533967_01602_01608_1,900,09:00,0.0,0.0,0.0
no04,533967_01602_01608_1,915,09:15,0.0,0.0,0.0
no04,533967_01602_01608_1,930,09:30,0.0,0.0,0.0
no04,533967_01602_01608_1,945,09:45,0.0,0.0,0.0
no04,533967_01602_01608_1,1000,10:00,0.0,0.0,0.0
no04,533967_01602_01608_1,1015,10:15,0.0,0.0,0.0
no04,533967_01602_01608_1,1030,10:30,0.0,0.0,0.0
no04,533967_01602_01608_1,1045,10:45,0.0,0.0,0.0
no04,533967_01602_01608_1,1100,11:00,0.0,0.0,0.0
no04,533967_01602_01608_1,1115,11:15,0.0,0.0,0.0
no04,533967_01602_01608_1,1130,11:30,0.0,0.0,0.0
no04,533967_01602_01608_1,1145,11:45,0.0,0.0,0.0
no04,533967_01602_01608_1,1200,12:00,0.0,0.0,0.0
no04,533967_01602_01608_1,1215,12:15,0.0,0.0,0.0
no04,533967_01602_01608_1,1230,12:30,0.0,0.0,0.0
no04,533967_01602_01608_1,1245,12:45,0.0,0.0,0.0
no04,533967_01602_01608_1,1300,13:00,0.0,0.0,0.0
no04,533967_01602_01608_1,1315,13:15,0.0,0.0,0.0
no04,533967_01602_01608_1,1330,13:30,0.0,0.0,0.0
no04,533967_01602_01608_1,1345,13:45,0.0,0.0,0.0
no04,533967_01602_01608_1,1400,14:00,0.0,0.0,0.0
no04,533967_01602_01608_1,1415,14:15,0.0,0.0,0.0
no04,533967_01602_01608_1,1430,14:30,0.0,0.0,0.0
no04,533967_01602_01608_1,1445,14:45,0.0,0.0,0.0
no04,533967_01602_01608_1,1500,15:00,0.0,0.0,0.0
no04,533967_01602_01608_1,1515,15:15,0.0,0.0,0.0
no04,533967_01602_01608_1,1530,15:30,0.0,0.0,0.0
no04,533967_01602_01608_1,1545,15:45,0.0,0.0,0.0
no04,533967_01602_01608_1,1600,16:00,0.0,0.0,0.0
no04,533967_01602_01608_1,1615,16:15,0.0,0.0,0.0
no04,533967_01602_01608_1,1630,16:30,0.0,0.0,0.0
no04,533967_01602_01608_1,1645,16:45,0.0,0.0,0.0
no04,533967_01602_01608_1,1700,17:00,0.0,0.0,0.0
no04,533967_01602_01608_1,1715,17:15,0.0,0.0,0.0
no04,533967_01602_01608_1,1730,17:30,0.0,0.0,0.0
no04,533967_01602_01608_1,1745,17:45,0.0,0.0,0.0
no04,533967_01602_01608_1,1800,18:00,0.0,0.0,0.0
no04,533967_01602_01608_1,1815,18:15,0.0,0.0,0.0
no04,533967_01602_01608_1,1830,18:30,0.0,0.0,0.0
no04,533967_01602_01608_1,1845,18:45,0.0,0.0,0.0
no04,533967_01603_01606_0,630,06:30,0.0,0.0,0.0
no04,533967_01603_01606_0,645,06:45,0.0,0.0,0.0
no04,533967_01603_01606_0,700,07:00,0.0,0.0,0.0
no04,533967_01603_01606_0,715,07:15,0.0,0.0,0.0
no04,533967_01603_01606_0,730,07:30,0.0,0.0,0.0
no04,533967_01603_01606_0,745,07:45,0.0,0.0,0.0
no04,533967_01603_01606_0,800,08:00,0.0,0.0,0.0
no04,533967_01603_01606_0,815,08:15,0.0,0.0,0.0
no04,533967_01603_01606_0,830,08:30,0.0,0.0,0.0
no04,533967_01603_01606_0,845,08:45,0.0,0.0,0.0
no04,533967_01603_01606_0,900,09:00,0.0,0.0,0.0
no04,533967_01603_01606_0,915,09:15,0.0,0.0,0.0
no04,533967_01603_01606_0,930,09:30,0.0,0.0,0.0
no04,533967_01603_01606_0,945,09:45,0.0,0.0,0.0
no04,533967_01603_01606_0,1000,10:00,0.0,0.0,0.0
no04,533967_01603_01606_0,1015,10:15,0.0,0.0,0.0
no04,533967_01603_01606_0,1030,10:30,0.0,0.0,0.0
no04,533967_01603_01606_0,1045,10:45,0.0,0.0,0.0
no04,533967_01603_01606_0,1100,11:00,0.0,0.0,0.0
no04,533967_01603_01606_0,1115,11:15,0.0,0.0,0.0
no04,533967_01603_01606_0,1130,11:30,0.0,0.0,0.0
no04,533967_01603_01606_0,1145,11:45,0.0,0.0,0.0
no04,533967_01603_01606_0,1200,12:00,0.0,0.0,0.0
no04,533967_01603_01606_0,1215,12:15,0.0,0.0,0.0
no04,533967_01603_01606_0,1230,12:30,0.0,0.0,0.0
no04,533967_01603_01606_0,1245,12:45,0.0,0.0,0.0
no04,533967_01603_01606_0,1300,13:00,0.0,0.0,0.0
no04,533967_01603_01606_0,1315,13:15,0.0,0.0,0.0
no04,533967_01603_01606_0,1330,13:30,0.0,0.0,0.0
no04,533967_01603_01606_0,1345,13:45,0.0,0.0,0.0
no04,533967_01603_01606_0,1400,14:00,0.0,0.0,0.0
no04,533967_01603_01606_0,1415,14:15,0.0,0.0,0.0
no04,533967_01603_01606_0,1430,14:30,0.0,0.0,0.0
no04,533967_01603_01606_0,1445,14:45,0.0,0.0,0.0
no04,533967_01603_01606_0,1500,15:00,0.0,0.0,0.0
no04,533967_01603_01606_0,1515,15:15,0.0,0.0,0.0
no04,533967_01603_01606_0,1530,15:30,0.0,0.0,0.0
no04,533967_01603_01606_0,1545,15:45,0.0,0.0,0.0
no04,533967_01603_01606_0,1600,16:00,0.0,0.0,0.0
no04,533967_01603_01606_0,1615,16:15,0.0,0.0,0.0
no04,533967_01603_01606_0,1630,16:30,0.0,0.0,0.0
no04,533967_01603_01606_0,1645,16:45,0.0,0.0,0.0
no04,533967_01603_01606_0,1700,17:00,0.0,0.0,0.0
no04,533967_01603_01606_0,1715,17:15,0.0,0.0,0.0
no04,533967_01603_01606_0,1730,17:30,0.0,0.0,0.0
no04,533967_01603_01606_0,1745,17:45,0.0,0.0,0.0
no04,533967_01603_01606_0,1800,18:00,0.0,0.0,0.0
no04,533967_01603_01606_0,1815,18:15,0.0,0.0,0.0
no04,533967_01603_01606_0,1830,18:30,0.0,0.0,0.0
no04,533967_01603_01606_0,1845,18:45,0.0,0.0,0.0
no04,533967_01603_01606_1,630,06:30,0.0,0.0,0.0
no04,533967_01603_01606_1,645,06:45,0.0,0.0,0.0
no04,533967_01603_01606_1,700,07:00,0.0,0.0,0.0
no04,533967_01603_01606_1,715,07:15,0.0,0.0,0.0
no04,533967_01603_01606_1,730,07:30,0.0,0.0,0.0
no04,533967_01603_01606_1,745,07:45,0.0,0.0,0.0
no04,533967_01603_01606_1,800,08:00,0.0,0.0,0.0
no04,533967_01603_01606_1,815,08:15,0.0,0.0,0.0
no04,533967_01603_01606_1,830,08:30,0.0,0.0,0.0
no04,533967_01603_01606_1,845,08:45,0.0,0.0,0.0
no04,533967_01603_01606_1,900,09:00,0.0,0.0,0.0
no04,533967_01603_01606_1,915,09:15,0.0,0.0,0.0
no04,533967_01603_01606_1,930,09:30,0.0,0.0,0.0
no04,533967_01603_01606_1,945,09:45,0.0,0.0,0.0
no04,533967_01603_01606_1,1000,10:00,0.0,0.0,0.0
no04,533967_01603_01606_1,1015,10:15,0.0,0.0,0.0
no04,533967_01603_01606_1,1030,10:30,0.0,0.0,0.0
no04,533967_01603_01606_1,1045,10:45,0.0,0.0,0.0
no04,533967_01603_01606_1,1100,11:00,0.0,0.0,0.0
no04,533967_01603_01606_1,1115,11:15,0.0,0.0,0.0
no04,533967_01603_01606_1,1130,11:30,0.0,0.0,0.0
no04,533967_01603_01606_1,1145,11:45,0.0,0.0,0.0
no04,533967_01603_01606_1,1200,12:00,0.0,0.0,0.0
no04,533967_01603_01606_1,1215,12:15,0.0,0.0,0.0
no04,533967_01603_01606_1,1230,12:30,0.0,0.0,0.0
no04,533967_01603_01606_1,1245,12:45,0.0,0.0,0.0
no04,533967_01603_01606_1,1300,13:00,0.0,0.0,0.0
no04,533967_01603_01606_1,1315,13:15,0.0,0.0,0.0
no04,533967_01603_01606_1,1330,13:30,0.0,0.0,0.0
no04,533967_01603_01606_1,1345,13:45,0.0,0.0,0.0
no04,533967_01603_01606_1,1400,14:00,0.0,0.0,0.0
no04,533967_01603_01606_1,1415,14:15,0.0,0.0,0.0
no04,533967_01603_01606_1,1430,14:30,0.0,0.0,0.0
no04,533967_01603_01606_1,1445,14:45,0.0,0.0,0.0
no04,533967_01603_01606_1,1500,15:00,0.0,0.0,0.0
no04,533967_01603_01606_1,1515,15:15,0.0,0.0,0.0
no04,533967_01603_01606_1,1530,15:30,0.0,0.0,0.0
no04,533967_01603_01606_1,1545,15:45,0.0,0.0,0.0
no04,533967_01603_01606_1,1600,16:00,0.0,0.0,0.0
no04,533967_01603_01606_1,1615,16:15,0.0,0.0,0.0
no04,533967_01603_01606_1,1630,16:30,0.0,0.0,0.0
no04,533967_01603_01606_1,1645,16:45,0.0,0.0,0.0
no04,533967_01603_01606_1,1700,17:00,0.0,0.0,0.0
no04,533967_01603_01606_1,1715,17:15,0.0,0.0,0.0
no04,533967_01603_01606_1,1730,17:30,0.0,0.0,0.0
no04,533967_01603_01606_1,1745,17:45,0.0,0.0,0.0
no04,533967_01603_01606_1,1800,18:00,0.0,0.0,0.0
no04,533967_01603_01606_1,1815,18:15,0.0,0.0,0.0
no04,533967_01603_01606_1,1830,18:30,0.0,0.0,0.0
no04,533967_01603_01606_1,1845,18:45,0.0,0.0,0.0
no04,533967_01603_01608_0,630,06:30,0.0,0.0,0.0
no04,533967_01603_01608_0,645,06:45,0.0,0.0,0.0
no04,533967_01603_01608_0,700,07:00,0.0,0.0,0.0
no04,533967_01603_01608_0,715,07:15,0.0,0.0,0.0
no04,533967_01603_01608_0,730,07:30,0.0,0.0,0.0
no04,533967_01603_01608_0,745,07:45,0.0,0.0,0.0
no04,533967_01603_01608_0,800,08:00,0.0,0.0,0.0
no04,533967_01603_01608_0,815,08:15,0.0,0.0,0.0
no04,533967_01603_01608_0,830,08:30,0.0,0.0,0.0
no04,533967_01603_01608_0,845,08:45,0.0,0.0,0.0
no04,533967_01603_01608_0,900,09:00,0.0,0.0,0.0
no04,533967_01603_01608_0,915,09:15,0.0,0.0,0.0
no04,533967_01603_01608_0,930,09:30,0.0,0.0,0.0
no04,533967_01603_01608_0,945,09:45,0.0,0.0,0.0
no04,533967_01603_01608_0,1000,10:00,0.0,0.0,0.0
no04,533967_01603_01608_0,1015,10:15,0.0,0.0,0.0
no04,533967_01603_01608_0,1030,10:30,0.0,0.0,0.0
no04,533967_01603_01608_0,1045,10:45,0.0,0.0,0.0
no04,533967_01603_01608_0,1100,11:00,0.0,0.0,0.0
no04,533967_01603_01608_0,1115,11:15,0.0,0.0,0.0
no04,533967_01603_01608_0,1130,11:30,0.0,0.0,0.0
no04,533967_01603_01608_0,1145,11:45,0.0,0.0,0.0
no04,533967_01603_01608_0,1200,12:00,0.0,0.0,0.0
no04,533967_01603_01608_0,1215,12:15,0.0,0.0,0.0
no04,533967_01603_01608_0,1230,12:30,0.0,0.0,0.0
no04,533967_01603_01608_0,1245,12:45,0.0,0.0,0.0
no04,533967_01603_01608_0,1300,13:00,0.0,0.0,0.0
no04,533967_01603_01608_0,1315,13:15,0.0,0.0,0.0
no04,533967_01603_01608_0,1330,13:30,0.0,0.0,0.0
no04,533967_01603_01608_0,1345,13:45,0.0,0.0,0.0
no04,533967_01603_01608_0,1400,14:00,0.0,0.0,0.0
no04,533967_01603_01608_0,1415,14:15,0.0,0.0,0.0
no04,533967_01603_01608_0,1430,14:30,0.0,0.0,0.0
no04,533967_01603_01608_0,1445,14:45,0.0,0.0,0.0
no04,533967_01603_01608_0,1500,15:00,0.0,0.0,0.0
no04,533967_01603_01608_0,1515,15:15,0.0,0.0,0.0
no04,533967_01603_01608_0,1530,15:30,0.0,0.0,0.0
no04,533967_01603_01608_0,1545,15:45,0.0,0.0,0.0
no04,533967_01603_01608_0,1600,16:00,0.0,0.0,0.0
no04,533967_01603_01608_0,1615,16:15,0.0,0.0,0.0
no04,533967_01603_01608_0,1630,16:30,0.0,0.0,0.0
no04,533967_01603_01608_0,1645,16:45,0.0,0.0,0.0
no04,533967_01603_01608_0,1700,17:00,0.0,0.0,0.0
no04,533967_01603_01608_0,1715,17:15,0.0,0.0,0.0
no04,533967_01603_01608_0,1730,17:30,0.0,0.0,0.0
no04,533967_01603_01608_0,1745,17:45,0.0,0.0,0.0
no04,533967_01603_01608_0,1800,18:00,0.0,0.0,0.0
no04,533967_01603_01608_0,1815,18:15,0.0,0.0,0.0
no04,533967_01603_01608_0,1830,18:30,0.0,0.0,0.0
no04,533967_01603_01608_0,1845,18:45,0.0,0.0,0.0
no04,533967_01603_01608_1,630,06:30,0.0,0.0,0.0
no04,533967_01603_01608_1,645,06:45,0.0,0.0,0.0
no04,533967_01603_01608_1,700,07:00,0.0,0.0,0.0
no04,533967_01603_01608_1,715,07:15,0.0,0.0,0.0
no04,533967_01603_01608_1,730,07:30,0.0,0.0,0.0
no04,533967_01603_01608_1,745,07:45,0.0,0.0,0.0
no04,533967_01603_01608_1,800,08:00,0.0,0.0,0.0
no04,533967_01603_01608_1,815,08:15,0.0,0.0,0.0
no04,533967_01603_01608_1,830,08:30,0.0,0.0,0.0
no04,533967_01603_01608_1,845,08:45,0.0,0.0,0.0
no04,533967_01603_01608_1,900,09:00,0.0,0.0,0.0
no04,533967_01603_01608_1,915,09:15,0.0,0.0,0.0
no04,533967_01603_01608_1,930,09:30,0.0,0.0,0.0
no04,533967_01603_01608_1,945,09:45,0.0,0.0,0.0
no04,533967_01603_01608_1,1000,10:00,0.0,0.0,0.0
no04,533967_01603_01608_1,1015,10:15,0.0,0.0,0.0
no04,533967_01603_01608_1,1030,10:30,0.0,0.0,0.0
no04,533967_01603_01608_1,1045,10:45,0.0,0.0,0.0
no04,533967_01603_01608_1,1100,11:00,0.0,0.0,0.0
no04,533967_01603_01608_1,1115,11:15,0.0,0.0,0.0
no04,533967_01603_01608_1,1130,11:30,0.0,0.0,0.0
no04,533967_01603_01608_1,1145,11:45,0.0,0.0,0.0
no04,533967_01603_01608_1,1200,12:00,0.0,0.0,0.0
no04,533967_01603_01608_1,1215,12:15,0.0,0.0,0.0
no04,533967_01603_01608_1,1230,12:30,0.0,0.0,0.0
no04,533967_01603_01608_1,1245,12:45,0.0,0.0,0.0
no04,533967_01603_01608_1,1300,13:00,0.0,0.0,0.0
no04,533967_01603_01608_1,1315,13:15,0.0,0.0,0.0
no04,533967_01603_01608_1,1330,13:30,0.0,0.0,0.0
no04,533967_01603_01608_1,1345,13:45,0.0,0.0,0.0
no04,533967_01603_01608_1,1400,14:00,0.0,0.0,0.0
no04,533967_01603_01608_1,1415,14:15,0.0,0.0,0.0
no04,533967_01603_01608_1,1430,14:30,0.0,0.0,0.0
no04,533967_01603_01608_1,1445,14:45,0.0,0.0,0.0
no04,533967_01603_01608_1,1500,15:00,0.0,0.0,0.0
no04,533967_01603_01608_1,1515,15:15,0.0,0.0,0.0
no04,533967_01603_01608_1,1530,15:30,0.0,0.0,0.0
no04,533967_01603_01608_1,1545,15:45,0.0,0.0,0.0
no04,533967_01603_01608_1,1600,16:00,0.0,0.0,0.0
no04,533967_01603_01608_1,1615,16:15,0.0,0.0,0.0
no04,533967_01603_01608_1,1630,16:30,0.0,0.0,0.0
no04,533967_01603_01608_1,1645,16:45,0.0,0.0,0.0
no04,533967_01603_01608_1,1700,17:00,0.0,0.0,0.0
no04,533967_01603_01608_1,1715,17:15,0.0,0.0,0.0
no04,533967_01603_01608_1,1730,17:30,0.0,0.0,0.0
no04,533967_01603_01608_1,1745,17:45,0.0,0.0,0.0
no04,533967_01603_01608_1,1800,18:00,0.0,0.0,0.0
no04,533967_01603_01608_1,1815,18:15,0.0,0.0,0.0
no04,533967_01603_01608_1,1830,18:30,0.0,0.0,0.0
no04,533967_01603_01608_1,1845,18:45,0.0,0.0,0.0
no04,533967_01604_01605_0,630,06:30,0.0,0.0,0.0
no04,533967_01604_01605_0,645,06:45,0.0,0.0,0.0
no04,533967_01604_01605_0,700,07:00,0.0,0.0,0.0
no04,533967_01604_01605_0,715,07:15,0.0,0.0,0.0
no04,533967_01604_01605_0,730,07:30,0.0,0.0,0.0
no04,533967_01604_01605_0,745,07:45,0.0,0.0,0.0
no04,533967_01604_01605_0,800,08:00,0.0,0.0,0.0
no04,533967_01604_01605_0,815,08:15,0.0,0.0,0.0
no04,533967_01604_01605_0,830,08:30,0.0,0.0,0.0
no04,533967_01604_01605_0,845,08:45,0.0,0.0,0.0
no04,533967_01604_01605_0,900,09:00,0.0,0.0,0.0
no04,533967_01604_01605_0,915,09:15,0.0,0.0,0.0
no04,533967_01604_01605_0,930,09:30,0.0,0.0,0.0
no04,533967_01604_01605_0,945,09:45,0.0,0.0,0.0
no04,533967_01604_01605_0,1000,10:00,0.0,0.0,0.0
no04,533967_01604_01605_0,1015,10:15,0.0,0.0,0.0
no04,533967_01604_01605_0,1030,10:30,0.0,0.0,0.0
no04,533967_01604_01605_0,1045,10:45,0.0,0.0,0.0
no04,533967_01604_01605_0,1100,11:00,0.0,0.0,0.0
no04,533967_01604_01605_0,1115,11:15,0.0,0.0,0.0
no04,533967_01604_01605_0,1130,11:30,0.0,0.0,0.0
no04,533967_01604_01605_0,1145,11:45,0.0,0.0,0.0
no04,533967_01604_01605_0,1200,12:00,0.0,0.0,0.0
no04,533967_01604_01605_0,1215,12:15,0.0,0.0,0.0
no04,533967_01604_01605_0,1230,12:30,0.0,0.0,0.0
no04,533967_01604_01605_0,1245,12:45,0.0,0.0,0.0
no04,533967_01604_01605_0,1300,13:00,0.0,0.0,0.0
no04,533967_01604_01605_0,1315,13:15,0.0,0.0,0.0
no04,533967_01604_01605_0,1330,13:30,0.0,0.0,0.0
no04,533967_01604_01605_0,1345,13:45,0.0,0.0,0.0
no04,533967_01604_01605_0,1400,14:00,0.0,0.0,0.0
no04,533967_01604_01605_0,1415,14:15,0.0,0.0,0.0
no04,533967_01604_01605_0,1430,14:30,0.0,0.0,0.0
no04,533967_01604_01605_0,1445,14:45,0.0,0.0,0.0
no04,533967_01604_01605_0,1500,15:00,0.0,0.0,0.0
no04,533967_01604_01605_0,1515,15:15,0.0,0.0,0.0
no04,533967_01604_01605_0,1530,15:30,0.0,0.0,0.0
no04,533967_01604_01605_0,1545,15:45,0.0,0.0,0.0
no04,533967_01604_01605_0,1600,16:00,0.0,0.0,0.0
no04,533967_01604_01605_0,1615,16:15,0.0,0.0,0.0
no04,533967_01604_01605_0,1630,16:30,0.0,0.0,0.0
no04,533967_01604_01605_0,1645,16:45,0.0,0.0,0.0
no04,533967_01604_01605_0,1700,17:00,0.0,0.0,0.0
no04,533967_01604_01605_0,1715,17:15,0.0,0.0,0.0
no04,533967_01604_01605_0,1730,17:30,0.0,0.0,0.0
no04,533967_01604_01605_0,1745,17:45,0.0,0.0,0.0
no04,533967_01604_01605_0,1800,18:00,0.0,0.0,0.0
no04,533967_01604_01605_0,1815,18:15,0.0,0.0,0.0
no04,533967_01604_01605_0,1830,18:30,0.0,0.0,0.0
no04,533967_01604_01605_0,1845,18:45,0.0,0.0,0.0
no04,533967_01604_01605_1,630,06:30,0.0,0.0,0.0
no04,533967_01604_01605_1,645,06:45,0.0,0.0,0.0
no04,533967_01604_01605_1,700,07:00,0.0,0.0,0.0
no04,533967_01604_01605_1,715,07:15,0.0,0.0,0.0
no04,533967_01604_01605_1,730,07:30,0.0,0.0,0.0
no04,533967_01604_01605_1,745,07:45,0.0,0.0,0.0
no04,533967_01604_01605_1,800,08:00,0.0,0.0,0.0
no04,533967_01604_01605_1,815,08:15,0.0,0.0,0.0
no04,533967_01604_01605_1,830,08:30,0.0,0.0,0.0
no04,533967_01604_01605_1,845,08:45,0.0,0.0,0.0
no04,533967_01604_01605_1,900,09:00,0.0,0.0,0.0
no04,533967_01604_01605_1,915,09:15,0.0,0.0,0.0
no04,533967_01604_01605_1,930,09:30,0.0,0.0,0.0
no04,533967_01604_01605_1,945,09:45,0.0,0.0,0.0
no04,533967_01604_01605_1,1000,10:00,0.0,0.0,0.0
no04,533967_01604_01605_1,1015,10:15,0.0,0.0,0.0
no04,533967_01604_01605_1,1030,10:30,0.0,0.0,0.0
no04,533967_01604_01605_1,1045,10:45,0.0,0.0,0.0
no04,533967_01604_01605_1,1100,11:00,0.0,0.0,0.0
no04,533967_01604_01605_1,1115,11:15,0.0,0.0,0.0
no04,533967_01604_01605_1,1130,11:30,0.0,0.0,0.0
no04,533967_01604_01605_1,1145,11:45,0.0,0.0,0.0
no04,533967_01604_01605_1,1200,12:00,0.0,0.0,0.0
no04,533967_01604_01605_1,1215,12:15,0.0,0.0,0.0
no04,533967_01604_01605_1,1230,12:30,0.0,0.0,0.0
no04,533967_01604_01605_1,1245,12:45,0.0,0.0,0.0
no04,533967_01604_01605_1,1300,13:00,0.0,0.0,0.0
no04,533967_01604_01605_1,1315,13:15,0.0,0.0,0.0
no04,533967_01604_01605_1,1330,13:30,0.0,0.0,0.0
no04,533967_01604_01605_1,1345,13:45,0.0,0.0,0.0
no04,533967_01604_01605_1,1400,14:00,0.0,0.0,0.0
no04,533967_01604_01605_1,1415,14:15,0.0,0.0,0.0
no04,533967_01604_01605_1,1430,14:30,0.0,0.0,0.0
no04,533967_01604_01605_1,1445,14:45,0.0,0.0,0.0
no04,533967_01604_01605_1,1500,15:00,0.0,0.0,0.0
no04,533967_01604_01605_1,1515,15:15,0.0,0.0,0.0
no04,533967_01604_01605_1,1530,15:30,0.0,0.0,0.0
no04,533967_01604_01605_1,1545,15:45,0.0,0.0,0.0
no04,533967_01604_01605_1,1600,16:00,0.0,0.0,0.0
no04,533967_01604_01605_1,1615,16:15,0.0,0.0,0.0
no04,533967_01604_01605_1,1630,16:30,0.0,0.0,0.0
no04,533967_01604_01605_1,1645,16:45,0.0,0.0,0.0
no04,533967_01604_01605_1,1700,17:00,0.0,0.0,0.0
no04,533967_01604_01605_1,1715,17:15,0.0,0.0,0.0
no04,533967_01604_01605_1,1730,17:30,0.0,0.0,0.0
no04,533967_01604_01605_1,1745,17:45,0.0,0.0,0.0
no04,533967_01604_01605_1,1800,18:00,0.0,0.0,0.0
no04,533967_01604_01605_1,1815,18:15,0.0,0.0,0.0
no04,533967_01604_01605_1,1830,18:30,0.0,0.0,0.0
no04,533967_01604_01605_1,1845,18:45,0.0,0.0,0.0
no04,533967_01604_01606_0,630,06:30,0.0,0.0,0.0
no04,533967_01604_01606_0,645,06:45,0.0,0.0,0.0
no04,533967_01604_01606_0,700,07:00,0.0,0.0,0.0
no04,533967_01604_01606_0,715,07:15,0.0,0.0,0.0
no04,533967_01604_01606_0,730,07:30,0.0,0.0,0.0
no04,533967_01604_01606_0,745,07:45,0.0,0.0,0.0
no04,533967_01604_01606_0,800,08:00,0.0,0.0,0.0
no04,533967_01604_01606_0,815,08:15,0.0,0.0,0.0
no04,533967_01604_01606_0,830,08:30,0.0,0.0,0.0
no04,533967_01604_01606_0,845,08:45,0.0,0.0,0.0
no04,533967_01604_01606_0,900,09:00,0.0,0.0,0.0
no04,533967_01604_01606_0,915,09:15,0.0,0.0,0.0
no04,533967_01604_01606_0,930,09:30,0.0,0.0,0.0
no04,533967_01604_01606_0,945,09:45,0.0,0.0,0.0
no04,533967_01604_01606_0,1000,10:00,0.0,0.0,0.0
no04,533967_01604_01606_0,1015,10:15,0.0,0.0,0.0
no04,533967_01604_01606_0,1030,10:30,0.0,0.0,0.0
no04,533967_01604_01606_0,1045,10:45,0.0,0.0,0.0
no04,533967_01604_01606_0,1100,11:00,0.0,0.0,0.0
no04,533967_01604_01606_0,1115,11:15,0.0,0.0,0.0
no04,533967_01604_01606_0,1130,11:30,0.0,0.0,0.0
no04,533967_01604_01606_0,1145,11:45,0.0,0.0,0.0
no04,533967_01604_01606_0,1200,12:00,0.0,0.0,0.0
no04,533967_01604_01606_0,1215,12:15,0.0,0.0,0.0
no04,533967_01604_01606_0,1230,12:30,0.0,0.0,0.0
no04,533967_01604_01606_0,1245,12:45,0.0,0.0,0.0
no04,533967_01604_01606_0,1300,13:00,0.0,0.0,0.0
no04,533967_01604_01606_0,1315,13:15,0.0,0.0,0.0
no04,533967_01604_01606_0,1330,13:30,0.0,0.0,0.0
no04,533967_01604_01606_0,1345,13:45,0.0,0.0,0.0
no04,533967_01604_01606_0,1400,14:00,0.0,0.0,0.0
no04,533967_01604_01606_0,1415,14:15,0.0,0.0,0.0
no04,533967_01604_01606_0,1430,14:30,0.0,0.0,0.0
no04,533967_01604_01606_0,1445,14:45,0.0,0.0,0.0
no04,533967_01604_01606_0,1500,15:00,0.0,0.0,0.0
no04,533967_01604_01606_0,1515,15:15,0.0,0.0,0.0
no04,533967_01604_01606_0,1530,15:30,0.0,0.0,0.0
no04,533967_01604_01606_0,1545,15:45,0.0,0.0,0.0
no04,533967_01604_01606_0,1600,16:00,0.0,0.0,0.0
no04,533967_01604_01606_0,1615,16:15,0.0,0.0,0.0
no04,533967_01604_01606_0,1630,16:30,0.0,0.0,0.0
no04,533967_01604_01606_0,1645,16:45,0.0,0.0,0.0
no04,533967_01604_01606_0,1700,17:00,0.0,0.0,0.0
no04,533967_01604_01606_0,1715,17:15,0.0,0.0,0.0
no04,533967_01604_01606_0,1730,17:30,0.0,0.0,0.0
no04,533967_01604_01606_0,1745,17:45,0.0,0.0,0.0
no04,533967_01604_01606_0,1800,18:00,0.0,0.0,0.0
no04,533967_01604_01606_0,1815,18:15,0.0,0.0,0.0
no04,533967_01604_01606_0,1830,18:30,0.0,0.0,0.0
no04,533967_01604_01606_0,1845,18:45,0.0,0.0,0.0
no04,533967_01604_01606_1,630,06:30,0.0,0.0,0.0
no04,533967_01604_01606_1,645,06:45,0.0,0.0,0.0
no04,533967_01604_01606_1,700,07:00,0.0,0.0,0.0
no04,533967_01604_01606_1,715,07:15,0.0,0.0,0.0
no04,533967_01604_01606_1,730,07:30,0.0,0.0,0.0
no04,533967_01604_01606_1,745,07:45,0.0,0.0,0.0
no04,533967_01604_01606_1,800,08:00,0.0,0.0,0.0
no04,533967_01604_01606_1,815,08:15,0.0,0.0,0.0
no04,533967_01604_01606_1,830,08:30,0.0,0.0,0.0
no04,533967_01604_01606_1,845,08:45,0.0,0.0,0.0
no04,533967_01604_01606_1,900,09:00,0.0,0.0,0.0
no04,533967_01604_01606_1,915,09:15,0.0,0.0,0.0
no04,533967_01604_01606_1,930,09:30,0.0,0.0,0.0
no04,533967_01604_01606_1,945,09:45,0.0,0.0,0.0
no04,533967_01604_01606_1,1000,10:00,0.0,0.0,0.0
no04,533967_01604_01606_1,1015,10:15,0.0,0.0,0.0
no04,533967_01604_01606_1,1030,10:30,0.0,0.0,0.0
no04,533967_01604_01606_1,1045,10:45,0.0,0.0,0.0
no04,533967_01604_01606_1,1100,11:00,0.0,0.0,0.0
no04,533967_01604_01606_1,1115,11:15,0.0,0.0,0.0
no04,533967_01604_01606_1,1130,11:30,0.0,0.0,0.0
no04,533967_01604_01606_1,1145,11:45,0.0,0.0,0.0
no04,533967_01604_01606_1,1200,12:00,0.0,0.0,0.0
no04,533967_01604_01606_1,1215,12:15,0.0,0.0,0.0
no04,533967_01604_01606_1,1230,12:30,0.0,0.0,0.0
no04,533967_01604_01606_1,1245,12:45,0.0,0.0,0.0
no04,533967_01604_01606_1,1300,13:00,0.0,0.0,0.0
no04,533967_01604_01606_1,1315,13:15,0.0,0.0,0.0
no04,533967_01604_01606_1,1330,13:30,0.0,0.0,0.0
no04,533967_01604_01606_1,1345,13:45,0.0,0.0,0.0
no04,533967_01604_01606_1,1400,14:00,0.0,0.0,0.0
no04,533967_01604_01606_1,1415,14:15,0.0,0.0,0.0
no04,533967_01604_01606_1,1430,14:30,0.0,0.0,0.0
no04,533967_01604_01606_1,1445,14:45,0.0,0.0,0.0
no04,533967_01604_01606_1,1500,15:00,0.0,0.0,0.0
no04,533967_01604_01606_1,1515,15:15,0.0,0.0,0.0
no04,533967_01604_01606_1,1530,15:30,0.0,0.0,0.0
no04,533967_01604_01606_1,1545,15:45,0.0,0.0,0.0
no04,533967_01604_01606_1,1600,16:00,0.0,0.0,0.0
no04,533967_01604_01606_1,1615,16:15,0.0,0.0,0.0
no04,533967_01604_01606_1,1630,16:30,0.0,0.0,0.0
no04,533967_01604_01606_1,1645,16:45,0.0,0.0,0.0
no04,533967_01604_01606_1,1700,17:00,0.0,0.0,0.0
no04,533967_01604_01606_1,1715,17:15,0.0,0.0,0.0
no04,533967_01604_01606_1,1730,17:30,0.0,0.0,0.0
no04,533967_01604_01606_1,1745,17:45,0.0,0.0,0.0
no04,533967_01604_01606_1,1800,18:00,0.0,0.0,0.0
no04,533967_01604_01606_1,1815,18:15,0.0,0.0,0.0
no04,533967_01604_01606_1,1830,18:30,0.0,0.0,0.0
no04,533967_01604_01606_1,1845,18:45,0.0,0.0,0.0
no04,533967_01605_01607_0,630,06:30,0.0,0.0,0.0
no04,533967_01605_01607_0,645,06:45,0.0,0.0,0.0
no04,533967_01605_01607_0,700,07:00,0.0,0.0,0.0
no04,533967_01605_01607_0,715,07:15,0.0,0.0,0.0
no04,533967_01605_01607_0,730,07:30,0.0,0.0,0.0
no04,533967_01605_01607_0,745,07:45,0.0,0.0,0.0
no04,533967_01605_01607_0,800,08:00,0.0,0.0,0.0
no04,533967_01605_01607_0,815,08:15,0.0,0.0,0.0
no04,533967_01605_01607_0,830,08:30,0.0,0.0,0.0
no04,533967_01605_01607_0,845,08:45,0.0,0.0,0.0
no04,533967_01605_01607_0,900,09:00,0.0,0.0,0.0
no04,533967_01605_01607_0,915,09:15,0.0,0.0,0.0
no04,533967_01605_01607_0,930,09:30,0.0,0.0,0.0
no04,533967_01605_01607_0,945,09:45,0.0,0.0,0.0
no04,533967_01605_01607_0,1000,10:00,0.0,0.0,0.0
no04,533967_01605_01607_0,1015,10:15,0.0,0.0,0.0
no04,533967_01605_01607_0,1030,10:30,0.0,0.0,0.0
no04,533967_01605_01607_0,1045,10:45,0.0,0.0,0.0
no04,533967_01605_01607_0,1100,11:00,0.0,0.0,0.0
no04,533967_01605_01607_0,1115,11:15,0.0,0.0,0.0
no04,533967_01605_01607_0,1130,11:30,0.0,0.0,0.0
no04,533967_01605_01607_0,1145,11:45,0.0,0.0,0.0
no04,533967_01605_01607_0,1200,12:00,0.0,0.0,0.0
no04,533967_01605_01607_0,1215,12:15,0.0,0.0,0.0
no04,533967_01605_01607_0,1230,12:30,0.0,0.0,0.0
no04,533967_01605_01607_0,1245,12:45,0.0,0.0,0.0
no04,533967_01605_01607_0,1300,13:00,0.0,0.0,0.0
no04,533967_01605_01607_0,1315,13:15,0.0,0.0,0.0
no04,533967_01605_01607_0,1330,13:30,0.0,0.0,0.0
no04,533967_01605_01607_0,1345,13:45,0.0,0.0,0.0
no04,533967_01605_01607_0,1400,14:00,0.0,0.0,0.0
no04,533967_01605_01607_0,1415,14:15,0.0,0.0,0.0
no04,533967_01605_01607_0,1430,14:30,0.0,0.0,0.0
no04,533967_01605_01607_0,1445,14:45,0.0,0.0,0.0
no04,533967_01605_01607_0,1500,15:00,0.0,0.0,0.0
no04,533967_01605_01607_0,1515,15:15,0.0,0.0,0.0
no04,533967_01605_01607_0,1530,15:30,0.0,0.0,0.0
no04,533967_01605_01607_0,1545,15:45,0.0,0.0,0.0
no04,533967_01605_01607_0,1600,16:00,0.0,0.0,0.0
no04,533967_01605_01607_0,1615,16:15,0.0,0.0,0.0
no04,533967_01605_01607_0,1630,16:30,0.0,0.0,0.0
no04,533967_01605_01607_0,1645,16:45,0.0,0.0,0.0
no04,533967_01605_01607_0,1700,17:00,0.0,0.0,0.0
no04,533967_01605_01607_0,1715,17:15,0.0,0.0,0.0
no04,533967_01605_01607_0,1730,17:30,0.0,0.0,0.0
no04,533967_01605_01607_0,1745,17:45,0.0,0.0,0.0
no04,533967_01605_01607_0,1800,18:00,0.0,0.0,0.0
no04,533967_01605_01607_0,1815,18:15,0.0,0.0,0.0
no04,533967_01605_01607_0,1830,18:30,0.0,0.0,0.0
no04,533967_01605_01607_0,1845,18:45,0.0,0.0,0.0
no04,533967_01605_01607_1,630,06:30,0.0,0.0,0.0
no04,533967_01605_01607_1,645,06:45,0.0,0.0,0.0
no04,533967_01605_01607_1,700,07:00,0.0,0.0,0.0
no04,533967_01605_01607_1,715,07:15,0.0,0.0,0.0
no04,533967_01605_01607_1,730,07:30,0.0,0.0,0.0
no04,533967_01605_01607_1,745,07:45,0.0,0.0,0.0
no04,533967_01605_01607_1,800,08:00,0.0,0.0,0.0
no04,533967_01605_01607_1,815,08:15,0.0,0.0,0.0
no04,533967_01605_01607_1,830,08:30,0.0,0.0,0.0
no04,533967_01605_01607_1,845,08:45,0.0,0.0,0.0
no04,533967_01605_01607_1,900,09:00,0.0,0.0,0.0
no04,533967_01605_01607_1,915,09:15,0.0,0.0,0.0
no04,533967_01605_01607_1,930,09:30,0.0,0.0,0.0
no04,533967_01605_01607_1,945,09:45,0.0,0.0,0.0
no04,533967_01605_01607_1,1000,10:00,0.0,0.0,0.0
no04,533967_01605_01607_1,1015,10:15,0.0,0.0,0.0
no04,533967_01605_01607_1,1030,10:30,0.0,0.0,0.0
no04,533967_01605_01607_1,1045,10:45,0.0,0.0,0.0
no04,533967_01605_01607_1,1100,11:00,0.0,0.0,0.0
no04,533967_01605_01607_1,1115,11:15,0.0,0.0,0.0
no04,533967_01605_01607_1,1130,11:30,0.0,0.0,0.0
no04,533967_01605_01607_1,1145,11:45,0.0,0.0,0.0
no04,533967_01605_01607_1,1200,12:00,0.0,0.0,0.0
no04,533967_01605_01607_1,1215,12:15,0.0,0.0,0.0
no04,533967_01605_01607_1,1230,12:30,0.0,0.0,0.0
no04,533967_01605_01607_1,1245,12:45,0.0,0.0,0.0
no04,533967_01605_01607_1,1300,13:00,0.0,0.0,0.0
no04,533967_01605_01607_1,1315,13:15,0.0,0.0,0.0
no04,533967_01605_01607_1,1330,13:30,0.0,0.0,0.0
no04,533967_01605_01607_1,1345,13:45,0.0,0.0,0.0
no04,533967_01605_01607_1,1400,14:00,0.0,0.0,0.0
no04,533967_01605_01607_1,1415,14:15,0.0,0.0,0.0
no04,533967_01605_01607_1,1430,14:30,0.0,0.0,0.0
no04,533967_01605_01607_1,1445,14:45,0.0,0.0,0.0
no04,533967_01605_01607_1,1500,15:00,0.0,0.0,0.0
no04,533967_01605_01607_1,1515,15:15,0.0,0.0,0.0
no04,533967_01605_01607_1,1530,15:30,0.0,0.0,0.0
no04,533967_01605_01607_1,1545,15:45,0.0,0.0,0.0
no04,533967_01605_01607_1,1600,16:00,0.0,0.0,0.0
no04,533967_01605_01607_1,1615,16:15,0.0,0.0,0.0
no04,533967_01605_01607_1,1630,16:30,0.0,0.0,0.0
no04,533967_01605_01607_1,1645,16:45,0.0,0.0,0.0
no04,533967_01605_01607_1,1700,17:00,0.0,0.0,0.0
no04,533967_01605_01607_1,1715,17:15,0.0,0.0,0.0
no04,533967_01605_01607_1,1730,17:30,0.0,0.0,0.0
no04,533967_01605_01607_1,1745,17:45,0.0,0.0,0.0
no04,533967_01605_01607_1,1800,18:00,0.0,0.0,0.0
no04,533967_01605_01607_1,1815,18:15,0.0,0.0,0.0
no04,533967_01605_01607_1,1830,18:30,0.0,0.0,0.0
no04,533967_01605_01607_1,1845,18:45,0.0,0.0,0.0
no04,533967_01606_01607_0,630,06:30,0.0,0.0,0.0
no04,533967_01606_01607_0,645,06:45,0.0,0.0,0.0
no04,533967_01606_01607_0,700,07:00,0.0,0.0,0.0
no04,533967_01606_01607_0,715,07:15,0.0,0.0,0.0
no04,533967_01606_01607_0,730,07:30,0.0,0.0,0.0
no04,533967_01606_01607_0,745,07:45,0.0,0.0,0.0
no04,533967_01606_01607_0,800,08:00,0.0,0.0,0.0
no04,533967_01606_01607_0,815,08:15,0.0,0.0,0.0
no04,533967_01606_01607_0,830,08:30,0.0,0.0,0.0
no04,533967_01606_01607_0,845,08:45,0.0,0.0,0.0
no04,533967_01606_01607_0,900,09:00,0.0,0.0,0.0
no04,533967_01606_01607_0,915,09:15,0.0,0.0,0.0
no04,533967_01606_01607_0,930,09:30,0.0,0.0,0.0
no04,533967_01606_01607_0,945,09:45,0.0,0.0,0.0
no04,533967_01606_01607_0,1000,10:00,0.0,0.0,0.0
no04,533967_01606_01607_0,1015,10:15,0.0,0.0,0.0
no04,533967_01606_01607_0,1030,10:30,0.0,0.0,0.0
no04,533967_01606_01607_0,1045,10:45,0.0,0.0,0.0
no04,533967_01606_01607_0,1100,11:00,0.0,0.0,0.0
no04,533967_01606_01607_0,1115,11:15,0.0,0.0,0.0
no04,533967_01606_01607_0,1130,11:30,0.0,0.0,0.0
no04,533967_01606_01607_0,1145,11:45,0.0,0.0,0.0
no04,533967_01606_01607_0,1200,12:00,0.0,0.0,0.0
no04,533967_01606_01607_0,1215,12:15,0.0,0.0,0.0
no04,533967_01606_01607_0,1230,12:30,0.0,0.0,0.0
no04,533967_01606_01607_0,1245,12:45,0.0,0.0,0.0
no04,533967_01606_01607_0,1300,13:00,0.0,0.0,0.0
no04,533967_01606_01607_0,1315,13:15,0.0,0.0,0.0
no04,533967_01606_01607_0,1330,13:30,0.0,0.0,0.0
no04,533967_01606_01607_0,1345,13:45,0.0,0.0,0.0
no04,533967_01606_01607_0,1400,14:00,0.0,0.0,0.0
no04,533967_01606_01607_0,1415,14:15,0.0,0.0,0.0
no04,533967_01606_01607_0,1430,14:30,0.0,0.0,0.0
no04,533967_01606_01607_0,1445,14:45,0.0,0.0,0.0
no04,533967_01606_01607_0,1500,15:00,0.0,0.0,0.0
no04,533967_01606_01607_0,1515,15:15,0.0,0.0,0.0
no04,533967_01606_01607_0,1530,15:30,0.0,0.0,0.0
no04,533967_01606_01607_0,1545,15:45,0.0,0.0,0.0
no04,533967_01606_01607_0,1600,16:00,0.0,0.0,0.0
no04,533967_01606_01607_0,1615,16:15,0.0,0.0,0.0
no04,533967_01606_01607_0,1630,16:30,0.0,0.0,0.0
no04,533967_01606_01607_0,1645,16:45,0.0,0.0,0.0
no04,533967_01606_01607_0,1700,17:00,0.0,0.0,0.0
no04,533967_01606_01607_0,1715,17:15,0.0,0.0,0.0
no04,533967_01606_01607_0,1730,17:30,0.0,0.0,0.0
no04,533967_01606_01607_0,1745,17:45,0.0,0.0,0.0
no04,533967_01606_01607_0,1800,18:00,0.0,0.0,0.0
no04,533967_01606_01607_0,1815,18:15,0.0,0.0,0.0
no04,533967_01606_01607_0,1830,18:30,0.0,0.0,0.0
no04,533967_01606_01607_0,1845,18:45,0.0,0.0,0.0
no04,533967_01606_01607_1,630,06:30,0.0,0.0,0.0
no04,533967_01606_01607_1,645,06:45,0.0,0.0,0.0
no04,533967_01606_01607_1,700,07:00,0.0,0.0,0.0
no04,533967_01606_01607_1,715,07:15,0.0,0.0,0.0
no04,533967_01606_01607_1,730,07:30,0.0,0.0,0.0
no04,533967_01606_01607_1,745,07:45,0.0,0.0,0.0
no04,533967_01606_01607_1,800,08:00,0.0,0.0,0.0
no04,533967_01606_01607_1,815,08:15,0.0,0.0,0.0
no04,533967_01606_01607_1,830,08:30,0.0,0.0,0.0
no04,533967_01606_01607_1,845,08:45,0.0,0.0,0.0
no04,533967_01606_01607_1,900,09:00,0.0,0.0,0.0
no04,533967_01606_01607_1,915,09:15,0.0,0.0,0.0
no04,533967_01606_01607_1,930,09:30,0.0,0.0,0.0
no04,533967_01606_01607_1,945,09:45,0.0,0.0,0.0
no04,533967_01606_01607_1,1000,10:00,0.0,0.0,0.0
no04,533967_01606_01607_1,1015,10:15,0.0,0.0,0.0
no04,533967_01606_01607_1,1030,10:30,0.0,0.0,0.0
no04,533967_01606_01607_1,1045,10:45,0.0,0.0,0.0
no04,533967_01606_01607_1,1100,11:00,0.0,0.0,0.0
no04,533967_01606_01607_1,1115,11:15,0.0,0.0,0.0
no04,533967_01606_01607_1,1130,11:30,0.0,0.0,0.0
no04,533967_01606_01607_1,1145,11:45,0.0,0.0,0.0
no04,533967_01606_01607_1,1200,12:00,0.0,0.0,0.0
no04,533967_01606_01607_1,1215,12:15,0.0,0.0,0.0
no04,533967_01606_01607_1,1230,12:30,0.0,0.0,0.0
no04,533967_01606_01607_1,1245,12:45,0.0,0.0,0.0
no04,533967_01606_01607_1,1300,13:00,0.0,0.0,0.0
no04,533967_01606_01607_1,1315,13:15,0.0,0.0,0.0
no04,533967_01606_01607_1,1330,13:30,0.0,0.0,0.0
no04,533967_01606_01607_1,1345,13:45,0.0,0.0,0.0
no04,533967_01606_01607_1,1400,14:00,0.0,0.0,0.0
no04,533967_01606_01607_1,1415,14:15,0.0,0.0,0.0
no04,533967_01606_01607_1,1430,14:30,0.0,0.0,0.0
no04,533967_01606_01607_1,1445,14:45,0.0,0.0,0.0
no04,533967_01606_01607_1,1500,15:00,0.0,0.0,0.0
no04,533967_01606_01607_1,1515,15:15,0.0,0.0,0.0
no04,533967_01606_01607_1,1530,15:30,0.0,0.0,0.0
no04,533967_01606_01607_1,1545,15:45,0.0,0.0,0.0
no04,533967_01606_01607_1,1600,16:00,0.0,0.0,0.0
no04,533967_01606_01607_1,1615,16:15,0.0,0.0,0.0
no04,533967_01606_01607_1,1630,16:30,0.0,0.0,0.0
no04,533967_01606_01607_1,1645,16:45,0.0,0.0,0.0
no04,533967_01606_01607_1,1700,17:00,0.0,0.0,0.0
no04,533967_01606_01607_1,1715,17:15,0.0,0.0,0.0
no04,533967_01606_01607_1,1730,17:30,0.0,0.0,0.0
no04,533967_01606_01607_1,1745,17:45,0.0,0.0,0.0
no04,533967_01606_01607_1,1800,18:00,0.0,0.0,0.0
no04,533967_01606_01607_1,1815,18:15,0.0,0.0,0.0
no04,533967_01606_01607_1,1830,18:30,0.0,0.0,0.0
no04,533967_01606_01607_1,1845,18:45,0.0,0.0,0.0
no04,533967_01606_01609_0,630,06:30,0.0,0.0,0.0
no04,533967_01606_01609_0,645,06:45,0.0,0.0,0.0
no04,533967_01606_01609_0,700,07:00,0.0,0.0,0.0
no04,533967_01606_01609_0,715,07:15,0.0,0.0,0.0
no04,533967_01606_01609_0,730,07:30,0.0,0.0,0.0
no04,533967_01606_01609_0,745,07:45,0.0,0.0,0.0
no04,533967_01606_01609_0,800,08:00,0.0,0.0,0.0
no04,533967_01606_01609_0,815,08:15,0.0,0.0,0.0
no04,533967_01606_01609_0,830,08:30,0.0,0.0,0.0
no04,533967_01606_01609_0,845,08:45,0.0,0.0,0.0
no04,533967_01606_01609_0,900,09:00,0.0,0.0,0.0
no04,533967_01606_01609_0,915,09:15,0.0,0.0,0.0
no04,533967_01606_01609_0,930,09:30,0.0,0.0,0.0
no04,533967_01606_01609_0,945,09:45,0.0,0.0,0.0
no04,533967_01606_01609_0,1000,10:00,0.0,0.0,0.0
no04,533967_01606_01609_0,1015,10:15,0.0,0.0,0.0
no04,533967_01606_01609_0,1030,10:30,0.0,0.0,0.0
no04,533967_01606_01609_0,1045,10:45,0.0,0.0,0.0
no04,533967_01606_01609_0,1100,11:00,0.0,0.0,0.0
no04,533967_01606_01609_0,1115,11:15,0.0,0.0,0.0
no04,533967_01606_01609_0,1130,11:30,0.0,0.0,0.0
no04,533967_01606_01609_0,1145,11:45,0.0,0.0,0.0
no04,533967_01606_01609_0,1200,12:00,0.0,0.0,0.0
no04,533967_01606_01609_0,1215,12:15,0.0,0.0,0.0
no04,533967_01606_01609_0,1230,12:30,0.0,0.0,0.0
no04,533967_01606_01609_0,1245,12:45,0.0,0.0,0.0
no04,533967_01606_01609_0,1300,13:00,0.0,0.0,0.0
no04,533967_01606_01609_0,1315,13:15,0.0,0.0,0.0
no04,533967_01606_01609_0,1330,13:30,0.0,0.0,0.0
no04,533967_01606_01609_0,1345,13:45,0.0,0.0,0.0
no04,533967_01606_01609_0,1400,14:00,0.0,0.0,0.0
no04,533967_01606_01609_0,1415,14:15,0.0,0.0,0.0
no04,533967_01606_01609_0,1430,14:30,0.0,0.0,0.0
no04,533967_01606_01609_0,1445,14:45,0.0,0.0,0.0
no04,533967_01606_01609_0,1500,15:00,0.0,0.0,0.0
no04,533967_01606_01609_0,1515,15:15,0.0,0.0,0.0
no04,533967_01606_01609_0,1530,15:30,0.0,0.0,0.0
no04,533967_01606_01609_0,1545,15:45,0.0,0.0,0.0
no04,533967_01606_01609_0,1600,16:00,0.0,0.0,0.0
no04,533967_01606_01609_0,1615,16:15,0.0,0.0,0.0
no04,533967_01606_01609_0,1630,16:30,0.0,0.0,0.0
no04,533967_01606_01609_0,1645,16:45,0.0,0.0,0.0
no04,533967_01606_01609_0,1700,17:00,0.0,0.0,0.0
no04,533967_01606_01609_0,1715,17:15,0.0,0.0,0.0
no04,533967_01606_01609_0,1730,17:30,0.0,0.0,0.0
no04,533967_01606_01609_0,1745,17:45,0.0,0.0,0.0
no04,533967_01606_01609_0,1800,18:00,0.0,0.0,0.0
no04,533967_01606_01609_0,1815,18:15,0.0,0.0,0.0
no04,533967_01606_01609_0,1830,18:30,0.0,0.0,0.0
no04,533967_01606_01609_0,1845,18:45,0.0,0.0,0.0
no04,533967_01606_01609_1,630,06:30,0.0,0.0,0.0
no04,533967_01606_01609_1,645,06:45,0.0,0.0,0.0
no04,533967_01606_01609_1,700,07:00,0.0,0.0,0.0
no04,533967_01606_01609_1,715,07:15,0.0,0.0,0.0
no04,533967_01606_01609_1,730,07:30,0.0,0.0,0.0
no04,533967_01606_01609_1,745,07:45,0.0,0.0,0.0
no04,533967_01606_01609_1,800,08:00,0.0,0.0,0.0
no04,533967_01606_01609_1,815,08:15,0.0,0.0,0.0
no04,533967_01606_01609_1,830,08:30,0.0,0.0,0.0
no04,533967_01606_01609_1,845,08:45,0.0,0.0,0.0
no04,533967_01606_01609_1,900,09:00,0.0,0.0,0.0
no04,533967_01606_01609_1,915,09:15,0.0,0.0,0.0
no04,533967_01606_01609_1,930,09:30,0.0,0.0,0.0
no04,533967_01606_01609_1,945,09:45,0.0,0.0,0.0
no04,533967_01606_01609_1,1000,10:00,0.0,0.0,0.0
no04,533967_01606_01609_1,1015,10:15,0.0,0.0,0.0
no04,533967_01606_01609_1,1030,10:30,0.0,0.0,0.0
no04,533967_01606_01609_1,1045,10:45,0.0,0.0,0.0
no04,533967_01606_01609_1,1100,11:00,0.0,0.0,0.0
no04,533967_01606_01609_1,1115,11:15,0.0,0.0,0.0
no04,533967_01606_01609_1,1130,11:30,0.0,0.0,0.0
no04,533967_01606_01609_1,1145,11:45,0.0,0.0,0.0
no04,533967_01606_01609_1,1200,12:00,0.0,0.0,0.0
no04,533967_01606_01609_1,1215,12:15,0.0,0.0,0.0
no04,533967_01606_01609_1,1230,12:30,0.0,0.0,0.0
no04,533967_01606_01609_1,1245,12:45,0.0,0.0,0.0
no04,533967_01606_01609_1,1300,13:00,0.0,0.0,0.0
no04,533967_01606_01609_1,1315,13:15,0.0,0.0,0.0
no04,533967_01606_01609_1,1330,13:30,0.0,0.0,0.0
no04,533967_01606_01609_1,1345,13:45,0.0,0.0,0.0
no04,533967_01606_01609_1,1400,14:00,0.0,0.0,0.0
no04,533967_01606_01609_1,1415,14:15,0.0,0.0,0.0
no04,533967_01606_01609_1,1430,14:30,0.0,0.0,0.0
no04,533967_01606_01609_1,1445,14:45,0.0,0.0,0.0
no04,533967_01606_01609_1,1500,15:00,0.0,0.0,0.0
no04,533967_01606_01609_1,1515,15:15,0.0,0.0,0.0
no04,533967_01606_01609_1,1530,15:30,0.0,0.0,0.0
no04,533967_01606_01609_1,1545,15:45,0.0,0.0,0.0
no04,533967_01606_01609_1,1600,16:00,0.0,0.0,0.0
no04,533967_01606_01609_1,1615,16:15,0.0,0.0,0.0
no04,533967_01606_01609_1,1630,16:30,0.0,0.0,0.0
no04,533967_01606_01609_1,1645,16:45,0.0,0.0,0.0
no04,533967_01606_01609_1,1700,17:00,0.0,0.0,0.0
no04,533967_01606_01609_1,1715,17:15,0.0,0.0,0.0
no04,533967_01606_01609_1,1730,17:30,0.0,0.0,0.0
no04,533967_01606_01609_1,1745,17:45,0.0,0.0,0.0
no04,533967_01606_01609_1,1800,18:00,0.0,0.0,0.0
no04,533967_01606_01609_1,1815,18:15,0.0,0.0,0.0
no04,533967_01606_01609_1,1830,18:30,0.0,0.0,0.0
no04,533967_01606_01609_1,1845,18:45,0.0,0.0,0.0
no04,533967_01654_01655_0,630,06:30,1681.6605,1679.3855,-2.2749999999998636
no04,533967_01654_01655_0,645,06:45,1730.9875,1740.7775,9.789999999999964
no04,533967_01654_01655_0,700,07:00,1069.3085,1059.3985,-9.910000000000082
no04,533967_01654_01655_0,715,07:15,1429.1925,1427.833,-1.3595000000000255
no04,533967_01654_01655_0,730,07:30,1232.703,1243.1985,10.495499999999993
no04,533967_01654_01655_0,745,07:45,1312.676,1306.2955,-6.380499999999984
no04,533967_01654_01655_0,800,08:00,1232.2875,1200.209,-32.07849999999985
no04,533967_01654_01655_0,815,08:15,1962.012,2008.2805,46.26850000000013
no04,533967_01654_01655_0,830,08:30,2337.1125,2386.343,49.230499999999665
no04,533967_01654_01655_0,845,08:45,2518.0415000000003,2494.5925,-23.44900000000007
no04,533967_01654_01655_0,900,09:00,1974.49,1966.529,-7.961000000000013
no04,533967_01654_01655_0,915,09:15,1797.7189999999998,1813.0265,15.307500000000118
no04,533967_01654_01655_0,930,09:30,2160.6635,2140.092,-20.571500000000015
no04,533967_01654_01655_0,945,09:45,2164.5505000000003,2180.2305,15.679999999999836
no04,533967_01654_01655_0,1000,10:00,1537.35,1538.29,0.9400000000000546
no04,533967_01654_01655_0,1015,10:15,1682.0310000000002,1682.605,0.5739999999998417
no04,533967_01654_01655_0,1030,10:30,1988.6545,1978.6585,-9.996000000000095
no04,533967_01654_01655_0,1045,10:45,1676.3049999999998,1715.1240000000005,38.81900000000064
no04,533967_01654_01655_0,1100,11:00,1580.7705,1551.852,-28.918499999999995
no04,533967_01654_01655_0,1115,11:15,1680.4029999999998,1669.15,-11.252999999999702
no04,533967_01654_01655_0,1130,11:30,1353.9915,1375.8385,21.84699999999998
no04,533967_01654_01655_0,1145,11:45,2013.2985,2022.385,9.086499999999887
no04,533967_01654_01655_0,1200,12:00,2241.8045,2183.811,-57.99350000000004
no04,533967_01654_01655_0,1215,12:15,1690.123,1732.2814999999998,42.158499999999776
no04,533967_01654_01655_0,1230,12:30,1771.0435000000002,1785.6465,14.602999999999838
no04,533967_01654_01655_0,1245,12:45,1636.908,1619.8055,-17.102499999999964
no04,533967_01654_01655_0,1300,13:00,1005.6095,1002.976,-2.6335000000000264
no04,533967_01654_01655_0,1315,13:15,1669.8134999999995,1678.8335,9.020000000000437
no04,533967_01654_01655_0,1330,13:30,1565.4625,1558.0935,-7.369000000000142
no04,533967_01654_01655_0,1345,13:45,1376.44,1371.166,-5.274000000000115
no04,533967_01654_01655_0,1400,14:00,2389.982,2362.2755,-27.706499999999778
no04,533967_01654_01655_0,1415,14:15,2090.6905,2124.309,33.61850000000004
no04,533967_01654_01655_0,1430,14:30,1523.4855,1530.101,6.615500000000111
no04,533967_01654_01655_0,1445,14:45,2095.13,2069.1965,-25.933500000000095
no04,533967_01654_01655_0,1500,15:00,1950.2655,1959.953,9.6875
no04,533967_01654_01655_0,1515,15:15,2181.582,2188.4815,6.899499999999989
no04,533967_01654_01655_0,1530,15:30,2006.248,1956.1905,-50.05750000000012
no04,533967_01654_01655_0,1545,15:45,1473.8049999999998,1542.1355,68.33050000000026
no04,533967_01654_01655_0,1600,16:00,2441.652,2411.914,-29.73799999999983
no04,533967_01654_01655_0,1615,16:15,1900.4185,1913.0045,12.586000000000013
no04,533967_01654_01655_0,1630,16:30,1707.7675,1740.42,32.652500000000146
no04,533967_01654_01655_0,1645,16:45,1779.0169999999998,1781.4209999999998,2.4039999999999964
no04,533967_01654_01655_0,1700,17:00,2478.663,2382.7385,-95.92450000000008
no04,533967_01654_01655_0,1715,17:15,1925.8905,1991.6455,65.75500000000011
no04,533967_01654_01655_0,1730,17:30,1784.639,1751.7675,-32.87149999999997
no04,533967_01654_01655_0,1745,17:45,2163.9815,2164.087,0.10550000000012005
no04,533967_01654_01655_0,1800,18:00,1485.9665,1463.2445,-22.72199999999998
no04,533967_01654_01655_0,1815,18:15,1548.0155,1573.888,25.872499999999945
no04,533967_01654_01655_0,1830,18:30,1561.432,1579.948,18.516000000000076
no04,533967_01654_01655_0,1845,18:45,1370.766,1353.745,-17.021000000000186
no04,533967_01654_01658_1,630,06:30,2273.9025,2277.392,3.48949999999968
no04,533967_01654_01658_1,645,06:45,3704.19,3672.887,-31.302999999999884
no04,533967_01654_01658_1,700,07:00,2580.375,2674.8145,94.43949999999995
no04,533967_01654_01658_1,715,07:15,2180.0975,2267.972,87.87450000000035
no04,533967_01654_01658_1,730,07:30,1736.313,1775.725,39.41199999999981
no04,533967_01654_01658_1,745,07:45,3765.3295,3653.51,-111.8194999999996
no04,533967_01654_01658_1,800,08:00,2564.8615,2631.9495,67.08800000000019
no04,533967_01654_01658_1,815,08:15,2905.4885000000004,2954.8475,49.35899999999947
no04,533967_01654_01658_1,830,08:30,2782.1045,2677.4845,-104.61999999999989
no04,533967_01654_01658_1,845,08:45,1989.177,1965.089,-24.087999999999965
no04,533967_01654_01658_1,900,09:00,1367.5855,1354.443,-13.142499999999927
no04,533967_01654_01658_1,915,09:15,2105.5895,2107.675,2.0855000000001382
no04,533967_01654_01658_1,930,09:30,1921.684,1860.899,-60.78500000000008
no04,533967_01654_01658_1,945,09:45,1281.7045,1337.8855,56.18100000000004
no04,533967_01654_01658_1,1000,10:00,1374.735,1409.15,34.41500000000019
no04,533967_01654_01658_1,1015,10:15,1537.694,1510.734,-26.960000000000036
no04,533967_01654_01658_1,1030,10:30,878.3994999999999,886.5725,8.173000000000116
no04,533967_01654_01658_1,1045,10:45,1360.1345,1293.3605,-66.77399999999989
no04,533967_01654_01658_1,1100,11:00,1478.766,1494.9654999999998,16.199499999999716
no04,533967_01654_01658_1,1115,11:15,1579.9485,1624.8905,44.94200000000001
no04,533967_01654_01658_1,1130,11:30,1772.825,1757.4435,-15.38149999999996
no04,533967_01654_01658_1,1145,11:45,1223.317,1216.166,-7.151000000000067
no04,533967_01654_01658_1,1200,12:00,1269.349,1232.7689999999998,-36.580000000000155
no04,533967_01654_01658_1,1215,12:15,1579.3875,1573.993,-5.394500000000107
no04,533967_01654_01658_1,1230,12:30,1260.6275,1250.741,-9.88650000000007
no04,533967_01654_01658_1,1245,12:45,1391.4665,1390.494,-0.9725000000000819
no04,533967_01654_01658_1,1300,13:00,1009.946,973.1945,-36.75150000000008
no04,533967_01654_01658_1,1315,13:15,1684.786,1629.498,-55.28800000000001
no04,533967_01654_01658_1,1330,13:30,1429.691,1411.8425,-17.848500000000058
no04,533967_01654_01658_1,1345,13:45,1216.9105,1230.4924999999998,13.58199999999988
no04,533967_01654_01658_1,1400,14:00,1670.1259999999995,1736.327,66.20100000000048
no04,533967_01654_01658_1,1415,14:15,1356.9395,1330.3155,-26.624000000000024
no04,533967_01654_01658_1,1430,14:30,1197.626,1156.6765,-40.949499999999944
no04,533967_01654_01658_1,1445,14:45,1571.687,1570.027,-1.6599999999998545
no04,533967_01654_01658_1,1500,15:00,1124.4435,1135.033,10.589499999999816
no04,533967_01654_01658_1,1515,15:15,1944.9295,1954.2195,9.289999999999964
no04,533967_01654_01658_1,1530,15:30,1662.7665000000002,1583.806,-78.96050000000014
no04,533967_01654_01658_1,1545,15:45,1791.837,1784.3849999999998,-7.4520000000002256
no04,533967_01654_01658_1,1600,16:00,1582.2785,1590.6174999999998,8.338999999999942
no04,533967_01654_01658_1,1615,16:15,1915.3415,1991.968,76.62650000000008
no04,533967_01654_01658_1,1630,16:30,1140.535,1146.274,5.738999999999805
no04,533967_01654_01658_1,1645,16:45,2490.543,2438.1905,-52.352499999999964
no04,533967_01654_01658_1,1700,17:00,2122.9935,2138.787,15.793499999999767
no04,533967_01654_01658_1,1715,17:15,2034.126,2031.305,-2.8209999999999127
no04,533967_01654_01658_1,1730,17:30,1874.287,1916.8335,42.546499999999924
no04,533967_01654_01658_1,1745,17:45,2162.5195,2173.1040000000003,10.58450000000039
no04,533967_01654_01658_1,1800,18:00,1222.476,1247.0245,24.548499999999876
no04,533967_01654_01658_1,1815,18:15,1653.779,1665.721,11.942000000000007
no04,533967_01654_01658_1,1830,18:30,2368.5545,2411.6675,43.11299999999983
no04,533967_01654_01658_1,1845,18:45,1275.043,1280.1225,5.079500000000053
no04,533967_01654_01661_0,630,06:30,172.446,172.9125,0.46649999999999636
no04,533967_01654_01661_0,645,06:45,294.429,291.0685,-3.360500000000002
no04,533967_01654_01661_0,700,07:00,261.611,263.38800000000003,1.7770000000000437
no04,533967_01654_01661_0,715,07:15,291.687,288.592,-3.0950000000000273
no04,533967_01654_01661_0,730,07:30,212.7695,228.2495,15.480000000000018
no04,533967_01654_01661_0,745,07:45,735.7180000000001,702.9784999999999,-32.739500000000135
no04,533967_01654_01661_0,800,08:00,254.856,270.169,15.312999999999988
no04,533967_01654_01661_0,815,08:15,176.32,190.808,14.488
no04,533967_01654_01661_0,830,08:30,362.498,355.4435,-7.054500000000019
no04,533967_01654_01661_0,845,08:45,374.4555,381.122,6.666500000000042
no04,533967_01654_01661_0,900,09:00,268.21750000000003,278.78000000000003,10.5625
no04,533967_01654_01661_0,915,09:15,259.3015,244.7325,-14.568999999999988
no04,533967_01654_01661_0,930,09:30,185.1195,189.6105,4.491000000000014
no04,533967_01654_01661_0,945,09:45,213.3675,209.9615,-3.406000000000006
no04,533967_01654_01661_0,1000,10:00,196.275,195.953,-0.32200000000000273
no04,533967_01654_01661_0,1015,10:15,266.748,269.7455,2.9975000000000023
no04,533967_01654_01661_0,1030,10:30,209.0945,203.1625,-5.932000000000016
no04,533967_01654_01661_0,1045,10:45,103.366,109.8245,6.458500000000001
no04,533967_01654_01661_0,1100,11:00,308.389,300.1335,-8.255499999999984
no04,533967_01654_01661_0,1115,11:15,317.8435,321.97799999999995,4.134499999999946
no04,533967_01654_01661_0,1130,11:30,306.7905,301.0385,-5.7520000000000095
no04,533967_01654_01661_0,1145,11:45,191.805,207.948,16.143
no04,533967_01654_01661_0,1200,12:00,158.32049999999998,157.725,-0.595499999999987
no04,533967_01654_01661_0,1215,12:15,135.243,136.09949999999998,0.8564999999999827
no04,533967_01654_01661_0,1230,12:30,146.1455,147.816,1.670500000000004
no04,533967_01654_01661_0,1245,12:45,211.054,213.5545,2.500499999999988
no04,533967_01654_01661_0,1300,13:00,251.798,244.185,-7.6129999999999995
no04,533967_01654_01661_0,1315,13:15,160.983,172.58700000000002,11.604000000000013
no04,533967_01654_01661_0,1330,13:30,240.8175,231.6945,-9.12299999999999
no04,533967_01654_01661_0,1345,13:45,198.032,199.1465,1.1144999999999925
no04,533967_01654_01661_0,1400,14:00,135.9205,143.1685,7.2479999999999905
no04,533967_01654_01661_0,1415,14:15,101.5465,99.6575,-1.8889999999999958
no04,533967_01654_01661_0,1430,14:30,249.2295,251.048,1.8185000000000002
no04,533967_01654_01661_0,1445,14:45,168.591,163.0585,-5.532499999999999
no04,533967_01654_01661_0,1500,15:00,206.11,211.6815,5.571499999999986
no04,533967_01654_01661_0,1515,15:15,394.4885,394.652,0.1634999999999991
no04,533967_01654_01661_0,1530,15:30,306.12850000000003,312.691,6.562499999999943
no04,533967_01654_01661_0,1545,15:45,204.4835,196.6325,-7.850999999999999
no04,533967_01654_01661_0,1600,16:00,328.8045,334.6795,5.875
no04,533967_01654_01661_0,1615,16:15,394.4105,392.834,-1.57650000000001
no04,533967_01654_01661_0,1630,16:30,254.273,249.987,-4.286000000000001
no04,533967_01654_01661_0,1645,16:45,243.6765,234.751,-8.9255
no04,533967_01654_01661_0,1700,17:00,468.7755,457.8375,-10.938000000000045
no04,533967_01654_01661_0,1715,17:15,686.8140000000001,678.0775,-8.736500000000092
no04,533967_01654_01661_0,1730,17:30,326.952,337.2335,10.281499999999994
no04,533967_01654_01661_0,1745,17:45,321.923,328.45950000000005,6.536500000000046
no04,533967_01654_01661_0,1800,18:00,415.168,402.7205,-12.447499999999991
no04,533967_01654_01661_0,1815,18:15,324.8645,324.146,-0.7185000000000059
no04,533967_01654_01661_0,1830,18:30,217.8235,210.1445,-7.679000000000002
no04,533967_01654_01661_0,1845,18:45,95.2005,96.862,1.6614999999999895
no04,533967_01654_01661_1,630,06:30,298.4925,300.7345,2.2420000000000186
no04,533967_01654_01661_1,645,06:45,329.06100000000004,330.4745,1.4134999999999422
no04,533967_01654_01661_1,700,07:00,172.636,173.83800000000002,1.2020000000000266
no04,533967_01654_01661_1,715,07:15,595.0065000000001,591.3795,-3.6270000000000664
no04,533967_01654_01661_1,730,07:30,401.384,394.6505,-6.733499999999992
no04,533967_01654_01661_1,745,07:45,1717.7755000000002,1698.888,-18.887500000000273
no04,533967_01654_01661_1,800,08:00,697.051,678.1505,-18.90050000000008
no04,533967_01654_01661_1,815,08:15,546.1175000000001,543.377,-2.740500000000111
no04,533967_01654_01661_1,830,08:30,693.941,702.883,8.942000000000007
no04,533967_01654_01661_1,845,08:45,792.679,795.264,2.5850000000000364
no04,533967_01654_01661_1,900,09:00,370.426,380.008,9.581999999999994
no04,533967_01654_01661_1,915,09:15,227.85,227.656,-0.1939999999999884
no04,533967_01654_01661_1,930,09:30,528.8354999999999,512.1155,-16.719999999999914
no04,533967_01654_01661_1,945,09:45,470.006,453.443,-16.562999999999988
no04,533967_01654_01661_1,1000,10:00,278.9055,279.906,1.0004999999999882
no04,533967_01654_01661_1,1015,10:15,313.1195,314.6915,1.5720000000000027
no04,533967_01654_01661_1,1030,10:30,396.4285,407.71,11.281499999999994
no04,533967_01654_01661_1,1045,10:45,283.528,265.8665,-17.661500000000046
no04,533967_01654_01661_1,1100,11:00,322.262,338.053,15.790999999999997
no04,533967_01654_01661_1,1115,11:15,363.6695,362.9225,-0.7470000000000141
no04,533967_01654_01661_1,1130,11:30,422.88950000000006,446.932,24.04249999999996
no04,533967_01654_01661_1,1145,11:45,342.391,325.4185,-16.972500000000025
no04,533967_01654_01661_1,1200,12:00,527.612,533.2729999999999,5.6609999999999445
no04,533967_01654_01661_1,1215,12:15,335.1105,353.58050000000003,18.470000000000027
no04,533967_01654_01661_1,1230,12:30,194.852,190.927,-3.9250000000000114
no04,533967_01654_01661_1,1245,12:45,278.515,273.296,-5.218999999999994
no04,533967_01654_01661_1,1300,13:00,475.038,472.1695,-2.868499999999983
no04,533967_01654_01661_1,1315,13:15,244.4925,234.34,-10.152500000000003
no04,533967_01654_01661_1,1330,13:30,297.402,281.5565,-15.845499999999959
no04,533967_01654_01661_1,1345,13:45,284.84000000000003,286.074,1.2339999999999804
no04,533967_01654_01661_1,1400,14:00,351.992,367.2595,15.267499999999984
no04,533967_01654_01661_1,1415,14:15,374.335,385.567,11.232000000000028
no04,533967_01654_01661_1,1430,14:30,186.067,178.965,-7.102000000000004
no04,533967_01654_01661_1,1445,14:45,417.607,410.9765,-6.6305000000000405
no04,533967_01654_01661_1,1500,15:00,300.8945,301.7955,0.9010000000000105
no04,533967_01654_01661_1,1515,15:15,433.2965,465.461,32.16450000000003
no04,533967_01654_01661_1,1530,15:30,277.975,278.362,0.38700000000000045
no04,533967_01654_01661_1,1545,15:45,371.6205,385.226,13.605500000000006
no04,533967_01654_01661_1,1600,16:00,468.238,476.841,8.603000000000009
no04,533967_01654_01661_1,1615,16:15,346.83000000000004,355.90250000000003,9.072499999999991
no04,533967_01654_01661_1,1630,16:30,281.36,264.4865,-16.873500000000035
no04,533967_01654_01661_1,1645,16:45,246.603,233.1795,-13.423500000000018
no04,533967_01654_01661_1,1700,17:00,360.16,359.568,-0.5920000000000414
no04,533967_01654_01661_1,1715,17:15,501.6060000000001,478.427,-23.179000000000087
no04,533967_01654_01661_1,1730,17:30,223.7935,227.916,4.122500000000002
no04,533967_01654_01661_1,1745,17:45,220.42400000000004,221.30900000000003,0.8849999999999909
no04,533967_01654_01661_1,1800,18:00,366.231,373.4175,7.186500000000024
no04,533967_01654_01661_1,1815,18:15,140.4045,137.0375,-3.3670000000000186
no04,533967_01654_01661_1,1830,18:30,355.274,355.50750000000005,0.2335000000000491
no04,533967_01654_01661_1,1845,18:45,208.331,198.31,-10.020999999999987
no04,533967_01656_87767_0,630,06:30,0.0,0.0,0.0
no04,533967_01656_87767_0,645,06:45,0.0,0.0,0.0
no04,533967_01656_87767_0,700,07:00,0.0,0.0,0.0
no04,533967_01656_87767_0,715,07:15,0.0,0.0,0.0
no04,533967_01656_87767_0,730,07:30,0.0,0.0,0.0
no04,533967_01656_87767_0,745,07:45,0.0,0.0,0.0
no04,533967_01656_87767_0,800,08:00,0.0,0.0,0.0
no04,533967_01656_87767_0,815,08:15,0.0,0.0,0.0
no04,533967_01656_87767_0,830,08:30,0.0,0.0,0.0
no04,533967_01656_87767_0,845,08:45,0.0,0.0,0.0
no04,533967_01656_87767_0,900,09:00,0.0,0.0,0.0
no04,533967_01656_87767_0,915,09:15,0.0,0.0,0.0
no04,533967_01656_87767_0,930,09:30,0.0,0.0,0.0
no04,533967_01656_87767_0,945,09:45,0.0,0.0,0.0
no04,533967_01656_87767_0,1000,10:00,0.0,0.0,0.0
no04,533967_01656_87767_0,1015,10:15,0.0,0.0,0.0
no04,533967_01656_87767_0,1030,10:30,0.0,0.0,0.0
no04,533967_01656_87767_0,1045,10:45,0.0,0.0,0.0
no04,533967_01656_87767_0,1100,11:00,0.0,0.0,0.0
no04,533967_01656_87767_0,1115,11:15,0.0,0.0,0.0
no04,533967_01656_87767_0,1130,11:30,0.0,0.0,0.0
no04,533967_01656_87767_0,1145,11:45,0.0,0.0,0.0
no04,533967_01656_87767_0,1200,12:00,0.0,0.0,0.0
no04,533967_01656_87767_0,1215,12:15,0.0,0.0,0.0
no04,533967_01656_87767_0,1230,12:30,0.0,0.0,0.0
no04,533967_01656_87767_0,1245,12:45,0.0,0.0,0.0
no04,533967_01656_87767_0,1300,13:00,0.0,0.0,0.0
no04,533967_01656_87767_0,1315,13:15,0.0,0.0,0.0
no04,533967_01656_87767_0,1330,13:30,0.0,0.0,0.0
no04,533967_01656_87767_0,1345,13:45,0.0,0.0,0.0
no04,533967_01656_87767_0,1400,14:00,0.0,0.0,0.0
no04,533967_01656_87767_0,1415,14:15,0.0,0.0,0.0
no04,533967_01656_87767_0,1430,14:30,0.0,0.0,0.0
no04,533967_01656_87767_0,1445,14:45,0.0,0.0,0.0
no04,533967_01656_87767_0,1500,15:00,0.0,0.0,0.0
no04,533967_01656_87767_0,1515,15:15,0.0,0.0,0.0
no04,533967_01656_87767_0,1530,15:30,0.0,0.0,0.0
no04,533967_01656_87767_0,1545,15:45,0.0,0.0,0.0
no04,533967_01656_87767_0,1600,16:00,0.0,0.0,0.0
no04,533967_01656_87767_0,1615,16:15,0.0,0.0,0.0
no04,533967_01656_87767_0,1630,16:30,0.0,0.0,0.0
no04,533967_01656_87767_0,1645,16:45,0.0,0.0,0.0
no04,533967_01656_87767_0,1700,17:00,0.0,0.0,0.0
no04,533967_01656_87767_0,1715,17:15,0.0,0.0,0.0
no04,533967_01656_87767_0,1730,17:30,0.0,0.0,0.0
no04,533967_01656_87767_0,1745,17:45,0.0,0.0,0.0
no04,533967_01656_87767_0,1800,18:00,0.0,0.0,0.0
no04,533967_01656_87767_0,1815,18:15,0.0,0.0,0.0
no04,533967_01656_87767_0,1830,18:30,0.0,0.0,0.0
no04,533967_01656_87767_0,1845,18:45,0.0,0.0,0.0
no04,533967_01656_87767_1,630,06:30,0.0,0.0,0.0
no04,533967_01656_87767_1,645,06:45,0.0,0.0,0.0
no04,533967_01656_87767_1,700,07:00,0.0,0.0,0.0
no04,533967_01656_87767_1,715,07:15,0.0,0.0,0.0
no04,533967_01656_87767_1,730,07:30,0.0,0.0,0.0
no04,533967_01656_87767_1,745,07:45,0.0,0.0,0.0
no04,533967_01656_87767_1,800,08:00,0.0,0.0,0.0
no04,533967_01656_87767_1,815,08:15,0.0,0.0,0.0
no04,533967_01656_87767_1,830,08:30,0.0,0.0,0.0
no04,533967_01656_87767_1,845,08:45,0.0,0.0,0.0
no04,533967_01656_87767_1,900,09:00,0.0,0.0,0.0
no04,533967_01656_87767_1,915,09:15,0.0,0.0,0.0
no04,533967_01656_87767_1,930,09:30,0.0,0.0,0.0
no04,533967_01656_87767_1,945,09:45,0.0,0.0,0.0
no04,533967_01656_87767_1,1000,10:00,0.0,0.0,0.0
no04,533967_01656_87767_1,1015,10:15,0.0,0.0,0.0
no04,533967_01656_87767_1,1030,10:30,0.0,0.0,0.0
no04,533967_01656_87767_1,1045,10:45,0.0,0.0,0.0
no04,533967_01656_87767_1,1100,11:00,0.0,0.0,0.0
no04,533967_01656_87767_1,1115,11:15,0.0,0.0,0.0
no04,533967_01656_87767_1,1130,11:30,0.0,0.0,0.0
no04,533967_01656_87767_1,1145,11:45,0.0,0.0,0.0
no04,533967_01656_87767_1,1200,12:00,0.0,0.0,0.0
no04,533967_01656_87767_1,1215,12:15,0.0,0.0,0.0
no04,533967_01656_87767_1,1230,12:30,0.0,0.0,0.0
no04,533967_01656_87767_1,1245,12:45,0.0,0.0,0.0
no04,533967_01656_87767_1,1300,13:00,0.0,0.0,0.0
no04,533967_01656_87767_1,1315,13:15,0.0,0.0,0.0
no04,533967_01656_87767_1,1330,13:30,0.0,0.0,0.0
no04,533967_01656_87767_1,1345,13:45,0.0,0.0,0.0
no04,533967_01656_87767_1,1400,14:00,0.0,0.0,0.0
no04,533967_01656_87767_1,1415,14:15,0.0,0.0,0.0
no04,533967_01656_87767_1,1430,14:30,0.0,0.0,0.0
no04,533967_01656_87767_1,1445,14:45,0.0,0.0,0.0
no04,533967_01656_87767_1,1500,15:00,0.0,0.0,0.0
no04,533967_01656_87767_1,1515,15:15,0.0,0.0,0.0
no04,533967_01656_87767_1,1530,15:30,0.0,0.0,0.0
no04,533967_01656_87767_1,1545,15:45,0.0,0.0,0.0
no04,533967_01656_87767_1,1600,16:00,0.0,0.0,0.0
no04,533967_01656_87767_1,1615,16:15,0.0,0.0,0.0
no04,533967_01656_87767_1,1630,16:30,0.0,0.0,0.0
no04,533967_01656_87767_1,1645,16:45,0.0,0.0,0.0
no04,533967_01656_87767_1,1700,17:00,0.0,0.0,0.0
no04,533967_01656_87767_1,1715,17:15,0.0,0.0,0.0
no04,533967_01656_87767_1,1730,17:30,0.0,0.0,0.0
no04,533967_01656_87767_1,1745,17:45,0.0,0.0,0.0
no04,533967_01656_87767_1,1800,18:00,0.0,0.0,0.0
no04,533967_01656_87767_1,1815,18:15,0.0,0.0,0.0
no04,533967_01656_87767_1,1830,18:30,0.0,0.0,0.0
no04,533967_01656_87767_1,1845,18:45,0.0,0.0,0.0
no04,533967_01658_01659_0,630,06:30,0.0,0.0,0.0
no04,533967_01658_01659_0,645,06:45,0.0,0.0,0.0
no04,533967_01658_01659_0,700,07:00,0.0,0.0,0.0
no04,533967_01658_01659_0,715,07:15,0.0,0.0,0.0
no04,533967_01658_01659_0,730,07:30,0.0,0.0,0.0
no04,533967_01658_01659_0,745,07:45,0.0,0.0,0.0
no04,533967_01658_01659_0,800,08:00,0.0,0.0,0.0
no04,533967_01658_01659_0,815,08:15,0.0,0.0,0.0
no04,533967_01658_01659_0,830,08:30,0.0,0.0,0.0
no04,533967_01658_01659_0,845,08:45,0.0,0.0,0.0
no04,533967_01658_01659_0,900,09:00,0.0,0.0,0.0
no04,533967_01658_01659_0,915,09:15,0.0,0.0,0.0
no04,533967_01658_01659_0,930,09:30,0.0,0.0,0.0
no04,533967_01658_01659_0,945,09:45,0.0,0.0,0.0
no04,533967_01658_01659_0,1000,10:00,0.0,0.0,0.0
no04,533967_01658_01659_0,1015,10:15,0.0,0.0,0.0
no04,533967_01658_01659_0,1030,10:30,0.0,0.0,0.0
no04,533967_01658_01659_0,1045,10:45,0.0,0.0,0.0
no04,533967_01658_01659_0,1100,11:00,0.0,0.0,0.0
no04,533967_01658_01659_0,1115,11:15,0.0,0.0,0.0
no04,533967_01658_01659_0,1130,11:30,0.0,0.0,0.0
no04,533967_01658_01659_0,1145,11:45,0.0,0.0,0.0
no04,533967_01658_01659_0,1200,12:00,0.0,0.0,0.0
no04,533967_01658_01659_0,1215,12:15,0.0,0.0,0.0
no04,533967_01658_01659_0,1230,12:30,0.0,0.0,0.0
no04,533967_01658_01659_0,1245,12:45,0.0,0.0,0.0
no04,533967_01658_01659_0,1300,13:00,0.0,0.0,0.0
no04,533967_01658_01659_0,1315,13:15,0.0,0.0,0.0
no04,533967_01658_01659_0,1330,13:30,0.0,0.0,0.0
no04,533967_01658_01659_0,1345,13:45,0.0,0.0,0.0
no04,533967_01658_01659_0,1400,14:00,0.0,0.0,0.0
no04,533967_01658_01659_0,1415,14:15,0.0,0.0,0.0
no04,533967_01658_01659_0,1430,14:30,0.0,0.0,0.0
no04,533967_01658_01659_0,1445,14:45,0.0,0.0,0.0
no04,533967_01658_01659_0,1500,15:00,0.0,0.0,0.0
no04,533967_01658_01659_0,1515,15:15,0.0,0.0,0.0
no04,533967_01658_01659_0,1530,15:30,0.0,0.0,0.0
no04,533967_01658_01659_0,1545,15:45,0.0,0.0,0.0
no04,533967_01658_01659_0,1600,16:00,0.0,0.0,0.0
no04,533967_01658_01659_0,1615,16:15,0.0,0.0,0.0
no04,533967_01658_01659_0,1630,16:30,0.0,0.0,0.0
no04,533967_01658_01659_0,1645,16:45,0.0,0.0,0.0
no04,533967_01658_01659_0,1700,17:00,0.0,0.0,0.0
no04,533967_01658_01659_0,1715,17:15,0.0,0.0,0.0
no04,533967_01658_01659_0,1730,17:30,0.0,0.0,0.0
no04,533967_01658_01659_0,1745,17:45,0.0,0.0,0.0
no04,533967_01658_01659_0,1800,18:00,0.0,0.0,0.0
no04,533967_01658_01659_0,1815,18:15,0.0,0.0,0.0
no04,533967_01658_01659_0,1830,18:30,0.0,0.0,0.0
no04,533967_01658_01659_0,1845,18:45,0.0,0.0,0.0
no04,533967_01658_01659_1,630,06:30,0.0,0.0,0.0
no04,533967_01658_01659_1,645,06:45,0.0,0.0,0.0
no04,533967_01658_01659_1,700,07:00,0.0,0.0,0.0
no04,533967_01658_01659_1,715,07:15,0.0,0.0,0.0
no04,533967_01658_01659_1,730,07:30,0.0,0.0,0.0
no04,533967_01658_01659_1,745,07:45,0.0,0.0,0.0
no04,533967_01658_01659_1,800,08:00,0.0,0.0,0.0
no04,533967_01658_01659_1,815,08:15,0.0,0.0,0.0
no04,533967_01658_01659_1,830,08:30,0.0,0.0,0.0
no04,533967_01658_01659_1,845,08:45,0.0,0.0,0.0
no04,533967_01658_01659_1,900,09:00,0.0,0.0,0.0
no04,533967_01658_01659_1,915,09:15,0.0,0.0,0.0
no04,533967_01658_01659_1,930,09:30,0.0,0.0,0.0
no04,533967_01658_01659_1,945,09:45,0.0,0.0,0.0
no04,533967_01658_01659_1,1000,10:00,0.0,0.0,0.0
no04,533967_01658_01659_1,1015,10:15,0.0,0.0,0.0
no04,533967_01658_01659_1,1030,10:30,0.0,0.0,0.0
no04,533967_01658_01659_1,1045,10:45,0.0,0.0,0.0
no04,533967_01658_01659_1,1100,11:00,0.0,0.0,0.0
no04,533967_01658_01659_1,1115,11:15,0.0,0.0,0.0
no04,533967_01658_01659_1,1130,11:30,0.0,0.0,0.0
no04,533967_01658_01659_1,1145,11:45,0.0,0.0,0.0
no04,533967_01658_01659_1,1200,12:00,0.0,0.0,0.0
no04,533967_01658_01659_1,1215,12:15,0.0,0.0,0.0
no04,533967_01658_01659_1,1230,12:30,0.0,0.0,0.0
no04,533967_01658_01659_1,1245,12:45,0.0,0.0,0.0
no04,533967_01658_01659_1,1300,13:00,0.0,0.0,0.0
no04,533967_01658_01659_1,1315,13:15,0.0,0.0,0.0
no04,533967_01658_01659_1,1330,13:30,0.0,0.0,0.0
no04,533967_01658_01659_1,1345,13:45,0.0,0.0,0.0
no04,533967_01658_01659_1,1400,14:00,0.0,0.0,0.0
no04,533967_01658_01659_1,1415,14:15,0.0,0.0,0.0
no04,533967_01658_01659_1,1430,14:30,0.0,0.0,0.0
no04,533967_01658_01659_1,1445,14:45,0.0,0.0,0.0
no04,533967_01658_01659_1,1500,15:00,0.0,0.0,0.0
no04,533967_01658_01659_1,1515,15:15,0.0,0.0,0.0
no04,533967_01658_01659_1,1530,15:30,0.0,0.0,0.0
no04,533967_01658_01659_1,1545,15:45,0.0,0.0,0.0
no04,533967_01658_01659_1,1600,16:00,0.0,0.0,0.0
no04,533967_01658_01659_1,1615,16:15,0.0,0.0,0.0
no04,533967_01658_01659_1,1630,16:30,0.0,0.0,0.0
no04,533967_01658_01659_1,1645,16:45,0.0,0.0,0.0
no04,533967_01658_01659_1,1700,17:00,0.0,0.0,0.0
no04,533967_01658_01659_1,1715,17:15,0.0,0.0,0.0
no04,533967_01658_01659_1,1730,17:30,0.0,0.0,0.0
no04,533967_01658_01659_1,1745,17:45,0.0,0.0,0.0
no04,533967_01658_01659_1,1800,18:00,0.0,0.0,0.0
no04,533967_01658_01659_1,1815,18:15,0.0,0.0,0.0
no04,533967_01658_01659_1,1830,18:30,0.0,0.0,0.0
no04,533967_01658_01659_1,1845,18:45,0.0,0.0,0.0
no04,533967_01659_01661_1,630,06:30,586.812,585.3665,-1.4455000000000382
no04,533967_01659_01661_1,645,06:45,657.068,650.0595000000001,-7.008499999999913
no04,533967_01659_01661_1,700,07:00,845.049,852.307,7.258000000000038
no04,533967_01659_01661_1,715,07:15,468.104,471.4810000000001,3.3770000000001232
no04,533967_01659_01661_1,730,07:30,746.7189999999999,757.571,10.85200000000009
no04,533967_01659_01661_1,745,07:45,844.177,843.5530000000001,-0.62399999999991
no04,533967_01659_01661_1,800,08:00,923.657,950.8535,27.196500000000015
no04,533967_01659_01661_1,815,08:15,738.7090000000001,742.5989999999999,3.8899999999998727
no04,533967_01659_01661_1,830,08:30,623.6065000000001,626.4085,2.8019999999999072
no04,533967_01659_01661_1,845,08:45,725.8190000000001,719.017,-6.802000000000021
no04,533967_01659_01661_1,900,09:00,439.576,435.7435,-3.8325000000000387
no04,533967_01659_01661_1,915,09:15,748.8325,750.2165,1.3840000000000146
no04,533967_01659_01661_1,930,09:30,390.0385,412.3135,22.274999999999977
no04,533967_01659_01661_1,945,09:45,337.7785,367.705,29.926499999999976
no04,533967_01659_01661_1,1000,10:00,539.5995,546.6985,7.098999999999933
no04,533967_01659_01661_1,1015,10:15,568.4010000000001,562.193,-6.208000000000084
no04,533967_01659_01661_1,1030,10:30,404.724,380.2265,-24.497500000000002
no04,533967_01659_01661_1,1045,10:45,353.0185,384.2985,31.279999999999973
no04,533967_01659_01661_1,1100,11:00,537.941,525.4705,-12.470500000000015
no04,533967_01659_01661_1,1115,11:15,435.5975,424.9555,-10.642000000000053
no04,533967_01659_01661_1,1130,11:30,478.289,467.4835,-10.805499999999995
no04,533967_01659_01661_1,1145,11:45,368.9295,392.0845,23.154999999999973
no04,533967_01659_01661_1,1200,12:00,297.644,296.51,-1.1340000000000146
no04,533967_01659_01661_1,1215,12:15,358.2475,351.60900000000004,-6.638499999999965
no04,533967_01659_01661_1,1230,12:30,571.1310000000001,582.316,11.184999999999945
no04,533967_01659_01661_1,1245,12:45,449.6325,448.3845,-1.2479999999999905
no04,533967_01659_01661_1,1300,13:00,332.45500000000004,323.1265,-9.32850000000002
no04,533967_01659_01661_1,1315,13:15,336.5305,348.37600000000003,11.845500000000015
no04,533967_01659_01661_1,1330,13:30,276.2315,282.8415,6.610000000000014
no04,533967_01659_01661_1,1345,13:45,304.6155,299.3465,-5.2690000000000055
no04,533967_01659_01661_1,1400,14:00,341.1075,356.397,15.289499999999975
no04,533967_01659_01661_1,1415,14:15,380.1835,377.0535,-3.1299999999999955
no04,533967_01659_01661_1,1430,14:30,490.4555,504.3885,13.93300000000005
no04,533967_01659_01661_1,1445,14:45,462.4345,467.895,5.460499999999968
no04,533967_01659_01661_1,1500,15:00,293.206,304.1335,10.927500000000009
no04,533967_01659_01661_1,1515,15:15,491.376,481.7225,-9.653499999999951
no04,533967_01659_01661_1,1530,15:30,355.7945,339.988,-15.806500000000028
no04,533967_01659_01661_1,1545,15:45,507.8485,513.884,6.035500000000013
no04,533967_01659_01661_1,1600,16:00,280.8335,281.7945,0.9610000000000127
no04,533967_01659_01661_1,1615,16:15,533.6635,549.6985,16.034999999999968
no04,533967_01659_01661_1,1630,16:30,445.6605,456.916,11.255499999999984
no04,533967_01659_01661_1,1645,16:45,768.0185,749.1735,-18.845000000000027
no04,533967_01659_01661_1,1700,17:00,776.6524999999999,799.3565000000001,22.70400000000018
no04,533967_01659_01661_1,1715,17:15,458.2585,478.307,20.04849999999999
no04,533967_01659_01661_1,1730,17:30,621.4784999999999,619.4205,-2.0579999999999927
no04,533967_01659_01661_1,1745,17:45,640.7535,637.125,-3.628500000000031
no04,533967_01659_01661_1,1800,18:00,555.9590000000001,542.455,-13.504000000000019
no04,533967_01659_01661_1,1815,18:15,824.559,830.8215,6.2625000000000455
no04,533967_01659_01661_1,1830,18:30,584.3534999999999,573.73,-10.623499999999922
no04,533967_01659_01661_1,1845,18:45,498.15,505.559,7.409000000000049
no04,533967_01661_13315_0,630,06:30,483.2045,485.227,2.0224999999999795
no04,533967_01661_13315_0,645,06:45,673.8979999999999,669.9765,-3.9214999999999236
no04,533967_01661_13315_0,700,07:00,566.7135000000001,568.135,1.4214999999999236
no04,533967_01661_13315_0,715,07:15,770.972,762.0305000000001,-8.941499999999905
no04,533967_01661_13315_0,730,07:30,472.529,499.7895,27.26049999999998
no04,533967_01661_13315_0,745,07:45,1324.047,1281.4445,-42.602499999999964
no04,533967_01661_13315_0,800,08:00,492.552,497.6385,5.086500000000001
no04,533967_01661_13315_0,815,08:15,435.8165,472.418,36.60149999999999
no04,533967_01661_13315_0,830,08:30,913.938,897.778,-16.159999999999968
no04,533967_01661_13315_0,845,08:45,760.6755,761.396,0.7204999999999018
no04,533967_01661_13315_0,900,09:00,594.98,613.493,18.513000000000034
no04,533967_01661_13315_0,915,09:15,639.363,604.886,-34.47700000000009
no04,533967_01661_13315_0,930,09:30,437.045,446.157,9.111999999999966
no04,533967_01661_13315_0,945,09:45,588.204,587.5495,-0.6544999999999845
no04,533967_01661_13315_0,1000,10:00,491.992,484.7095000000001,-7.282499999999914
no04,533967_01661_13315_0,1015,10:15,656.7875,668.411,11.623499999999922
no04,533967_01661_13315_0,1030,10:30,514.221,500.026,-14.194999999999993
no04,533967_01661_13315_0,1045,10:45,285.0035,300.283,15.279500000000041
no04,533967_01661_13315_0,1100,11:00,701.6519999999999,687.1400000000001,-14.51199999999983
no04,533967_01661_13315_0,1115,11:15,500.689,518.687,17.99799999999999
no04,533967_01661_13315_0,1130,11:30,717.3745,690.7855,-26.589000000000055
no04,533967_01661_13315_0,1145,11:45,346.3895,364.9525,18.562999999999988
no04,533967_01661_13315_0,1200,12:00,368.205,366.5005,-1.704499999999996
no04,533967_01661_13315_0,1215,12:15,267.298,267.142,-0.1560000000000059
no04,533967_01661_13315_0,1230,12:30,583.471,575.973,-7.498000000000047
no04,533967_01661_13315_0,1245,12:45,528.2385,532.7255,4.486999999999966
no04,533967_01661_13315_0,1300,13:00,619.7915,600.7635,-19.02800000000002
no04,533967_01661_13315_0,1315,13:15,361.732,383.377,21.644999999999982
no04,533967_01661_13315_0,1330,13:30,522.7365,508.65,-14.086500000000001
no04,533967_01661_13315_0,1345,13:45,440.299,459.0105,18.7115
no04,533967_01661_13315_0,1400,14:00,267.1115,268.415,1.3035000000000423
no04,533967_01661_13315_0,1415,14:15,238.1185,236.3315,-1.7870000000000061
no04,533967_01661_13315_0,1430,14:30,830.6325,844.8340000000001,14.20150000000001
no04,533967_01661_13315_0,1445,14:45,446.8970000000001,424.5975,-22.29950000000008
no04,533967_01661_13315_0,1500,15:00,381.738,390.04,8.302000000000021
no04,533967_01661_13315_0,1515,15:15,914.3515,902.0355,-12.316000000000031
no04,533967_01661_13315_0,1530,15:30,744.4865,749.9745,5.488000000000056
no04,533967_01661_13315_0,1545,15:45,520.5645,508.4745,-12.089999999999975
no04,533967_01661_13315_0,1600,16:00,774.317,804.6755,30.35850000000005
no04,533967_01661_13315_0,1615,16:15,799.661,782.706,-16.954999999999927
no04,533967_01661_13315_0,1630,16:30,422.7265,418.3995,-4.326999999999998
no04,533967_01661_13315_0,1645,16:45,248.1555,249.49050000000005,1.3350000000000648
no04,533967_01661_13315_0,1700,17:00,702.3625,692.0935000000001,-10.268999999999892
no04,533967_01661_13315_0,1715,17:15,1406.175,1398.4075,-7.767499999999927
no04,533967_01661_13315_0,1730,17:30,770.3115,785.5425,15.230999999999995
no04,533967_01661_13315_0,1745,17:45,745.586,763.884,18.298000000000002
no04,533967_01661_13315_0,1800,18:00,766.3755,744.958,-21.417500000000018
no04,533967_01661_13315_0,1815,18:15,682.33,689.9015,7.5715000000000146
no04,533967_01661_13315_0,1830,18:30,325.6745,332.085,6.410499999999956
no04,533967_01661_13315_0,1845,18:45,514.357,524.0440000000001,9.687000000000126
no04,533967_01661_13315_1,630,06:30,2592.2255,2593.2285,1.0030000000001564
no04,533967_01661_13315_1,645,06:45,2253.708,2253.614,-0.09400000000005093
no04,533967_01661_13315_1,700,07:00,2373.2275,2367.9735,-5.253999999999905
no04,533967_01661_13315_1,715,07:15,2851.4945,2852.2475,0.7530000000001564
no04,533967_01661_13315_1,730,07:30,2706.225,2712.002,5.777000000000044
no04,533967_01661_13315_1,745,07:45,3715.1695,3841.645,126.47550000000001
no04,533967_01661_13315_1,800,08:00,4709.2,4776.710499999999,67.51049999999941
no04,533967_01661_13315_1,815,08:15,3492.529,3502.3625,9.833500000000186
no04,533967_01661_13315_1,830,08:30,3592.9545,3600.3725,7.41800000000012
no04,533967_01661_13315_1,845,08:45,4412.926,4411.92,-1.0060000000003129
no04,533967_01661_13315_1,900,09:00,2516.8515,2499.596,-17.25550000000021
no04,533967_01661_13315_1,915,09:15,2616.9325,2614.922,-2.0104999999998654
no04,533967_01661_13315_1,930,09:30,3162.187,3187.512,25.325000000000273
no04,533967_01661_13315_1,945,09:45,1589.4855,1587.048,-2.4375
no04,533967_01661_13315_1,1000,10:00,1909.381,1906.699,-2.6820000000000164
no04,533967_01661_13315_1,1015,10:15,2142.95,2148.6395,5.6895000000004075
no04,533967_01661_13315_1,1030,10:30,1850.393,1841.43,-8.962999999999965
no04,533967_01661_13315_1,1045,10:45,2560.656,2568.085,7.429000000000087
no04,533967_01661_13315_1,1100,11:00,2479.0035,2505.814,26.810500000000047
no04,533967_01661_13315_1,1115,11:15,1507.3529999999998,1500.606,-6.746999999999844
no04,533967_01661_13315_1,1130,11:30,899.848,899.3335,-0.5144999999999982
no04,533967_01661_13315_1,1145,11:45,1098.684,1088.4325,-10.251500000000078
no04,533967_01661_13315_1,1200,12:00,2038.295,2032.668,-5.62700000000018
no04,533967_01661_13315_1,1215,12:15,1902.7535,1893.146,-9.607500000000073
no04,533967_01661_13315_1,1230,12:30,2225.083,2222.502,-2.581000000000131
no04,533967_01661_13315_1,1245,12:45,1370.569,1369.7565,-0.8125
no04,533967_01661_13315_1,1300,13:00,1338.4865,1354.913,16.426500000000033
no04,533967_01661_13315_1,1315,13:15,791.8455,790.5445,-1.3010000000000446
no04,533967_01661_13315_1,1330,13:30,1420.085,1415.439,-4.645999999999958
no04,533967_01661_13315_1,1345,13:45,774.1405,772.1274999999999,-2.0130000000000337
no04,533967_01661_13315_1,1400,14:00,1557.425,1566.383,8.958000000000084
no04,533967_01661_13315_1,1415,14:15,1543.4535,1520.8395,-22.614000000000033
no04,533967_01661_13315_1,1430,14:30,1463.8494999999998,1498.1935,34.34400000000028
no04,533967_01661_13315_1,1445,14:45,1876.86,1875.4235,-1.4364999999997963
no04,533967_01661_13315_1,1500,15:00,1374.848,1386.0765,11.22849999999994
no04,533967_01661_13315_1,1515,15:15,1560.581,1542.8135,-17.767499999999927
no04,533967_01661_13315_1,1530,15:30,1185.5295,1202.2824999999998,16.7529999999997
no04,533967_01661_13315_1,1545,15:45,874.5989999999999,891.9530000000001,17.354000000000156
no04,533967_01661_13315_1,1600,16:00,1858.1385,1866.023,7.884499999999889
no04,533967_01661_13315_1,1615,16:15,1479.2705,1490.1985,10.927999999999884
no04,533967_01661_13315_1,1630,16:30,880.134,880.747,0.6129999999999427
no04,533967_01661_13315_1,1645,16:45,652.851,645.408,-7.442999999999984
no04,533967_01661_13315_1,1700,17:00,1955.8955,1963.319,7.423499999999876
no04,533967_01661_13315_1,1715,17:15,1641.1195,1651.4085,10.288999999999987
no04,533967_01661_13315_1,1730,17:30,1770.8404999999998,1742.339,-28.50149999999985
no04,533967_01661_13315_1,1745,17:45,1450.2895,1436.4445,-13.845000000000027
no04,533967_01661_13315_1,1800,18:00,2548.6835,2538.671,-10.012500000000273
no04,533967_01661_13315_1,1815,18:15,1359.0485,1335.9435,-23.105000000000018
no04,533967_01661_13315_1,1830,18:30,1079.6715,1060.048,-19.623499999999922
no04,533967_01661_13315_1,1845,18:45,1135.636,1114.2305,-21.405500000000075
no04,533967_10598_11494_0,630,06:30,121.05,121.05,0.0
no04,533967_10598_11494_0,645,06:45,99.45,99.45,0.0
no04,533967_10598_11494_0,700,07:00,119.4,119.4,0.0
no04,533967_10598_11494_0,715,07:15,86.7,86.7,0.0
no04,533967_10598_11494_0,730,07:30,99.198,99.3015,0.10350000000001103
no04,533967_10598_11494_0,745,07:45,81.3,81.3,0.0
no04,533967_10598_11494_0,800,08:00,119.85,119.7,-0.14999999999999147
no04,533967_10598_11494_0,815,08:15,162.085,162.494,0.4089999999999918
no04,533967_10598_11494_0,830,08:30,147.0,146.7,-0.30000000000001137
no04,533967_10598_11494_0,845,08:45,90.468,91.324,0.8559999999999945
no04,533967_10598_11494_0,900,09:00,97.101,96.9975,-0.10349999999999682
no04,533967_10598_11494_0,915,09:15,66.45,65.85,-0.6000000000000085
no04,533967_10598_11494_0,930,09:30,104.4,104.55,0.14999999999999147
no04,533967_10598_11494_0,945,09:45,84.6,84.15,-0.44999999999998863
no04,533967_10598_11494_0,1000,10:00,115.97849999999998,115.9795,0.0010000000000189857
no04,533967_10598_11494_0,1015,10:15,79.5,79.95,0.45000000000000284
no04,533967_10598_11494_0,1030,10:30,101.1,100.8,-0.29999999999999716
no04,533967_10598_11494_0,1045,10:45,54.6,54.9,0.29999999999999716
no04,533967_10598_11494_0,1100,11:00,62.85,62.85,0.0
no04,533967_10598_11494_0,1115,11:15,68.7,68.4,-0.29999999999999716
no04,533967_10598_11494_0,1130,11:30,98.1,98.85,0.75
no04,533967_10598_11494_0,1145,11:45,59.595000000000006,58.8425,-0.7525000000000048
no04,533967_10598_11494_0,1200,12:00,59.55,60.3,0.75
no04,533967_10598_11494_0,1215,12:15,56.7,55.8,-0.9000000000000057
no04,533967_10598_11494_0,1230,12:30,54.563,54.5985,0.03549999999999898
no04,533967_10598_11494_0,1245,12:45,42.6,42.15,-0.45000000000000284
no04,533967_10598_11494_0,1300,13:00,56.25,56.7,0.45000000000000284
no04,533967_10598_11494_0,1315,13:15,34.05,33.75,-0.29999999999999716
no04,533967_10598_11494_0,1330,13:30,41.7,41.55,-0.15000000000000568
no04,533967_10598_11494_0,1345,13:45,41.85,41.7,-0.14999999999999858
no04,533967_10598_11494_0,1400,14:00,53.85,54.15,0.29999999999999716
no04,533967_10598_11494_0,1415,14:15,59.9,59.9,0.0
no04,533967_10598_11494_0,1430,14:30,83.55,83.4,-0.14999999999999147
no04,533967_10598_11494_0,1445,14:45,40.102,40.402,0.30000000000000426
no04,533967_10598_11494_0,1500,15:00,59.4,59.25,-0.14999999999999858
no04,533967_10598_11494_0,1515,15:15,39.3,38.899,-0.40099999999999625
no04,533967_10598_11494_0,1530,15:30,42.202,42.9,0.6980000000000004
no04,533967_10598_11494_0,1545,15:45,47.85,47.4,-0.45000000000000284
no04,533967_10598_11494_0,1600,16:00,95.55,95.1,-0.45000000000000284
no04,533967_10598_11494_0,1615,16:15,57.6,57.9,0.29999999999999716
no04,533967_10598_11494_0,1630,16:30,104.85,105.45,0.6000000000000085
no04,533967_10598_11494_0,1645,16:45,68.7,68.25,-0.45000000000000284
no04,533967_10598_11494_0,1700,17:00,109.95,110.1,0.14999999999999147
no04,533967_10598_11494_0,1715,17:15,83.4,83.55,0.14999999999999147
no04,533967_10598_11494_0,1730,17:30,59.25,59.1,-0.14999999999999858
no04,533967_10598_11494_0,1745,17:45,63.0,62.85,-0.14999999999999858
no04,533967_10598_11494_0,1800,18:00,82.05,82.35,0.29999999999999716
no04,533967_10598_11494_0,1815,18:15,43.8,43.65,-0.14999999999999858
no04,533967_10598_11494_0,1830,18:30,53.4,53.4,0.0
no04,533967_10598_11494_0,1845,18:45,60.6,60.15,-0.45000000000000284
no04,533967_10598_11494_1,630,06:30,56.865,56.767500000000005,-0.09749999999999659
no04,533967_10598_11494_1,645,06:45,48.5445,48.331,-0.21349999999999625
no04,533967_10598_11494_1,700,07:00,114.853,114.0945,-0.758499999999998
no04,533967_10598_11494_1,715,07:15,85.9545,87.64399999999999,1.6894999999999953
no04,533967_10598_11494_1,730,07:30,126.09,125.35,-0.7400000000000091
no04,533967_10598_11494_1,745,07:45,175.94,176.3625,0.42250000000001364
no04,533967_10598_11494_1,800,08:00,147.212,145.92649999999998,-1.2855000000000132
no04,533967_10598_11494_1,815,08:15,138.756,139.5,0.7439999999999998
no04,533967_10598_11494_1,830,08:30,31.139,31.2945,0.15549999999999997
no04,533967_10598_11494_1,845,08:45,0.0,0.0,0.0
no04,533967_10598_11494_1,900,09:00,13.0485,12.999,-0.0495000000000001
no04,533967_10598_11494_1,915,09:15,25.647,27.144,1.4969999999999999
no04,533967_10598_11494_1,930,09:30,125.834,126.4375,0.6034999999999968
no04,533967_10598_11494_1,945,09:45,45.70399999999999,44.8065,-0.8974999999999937
no04,533967_10598_11494_1,1000,10:00,101.3955,100.465,-0.930499999999995
no04,533967_10598_11494_1,1015,10:15,32.54,32.9995,0.45949999999999847
no04,533967_10598_11494_1,1030,10:30,9.228461538461538,9.074615384615385,-0.1538461538461533
no04,533967_10598_11494_1,1045,10:45,26.443,26.695,0.2519999999999989
no04,533967_10598_11494_1,1100,11:00,11.1985,11.701,0.5025000000000013
no04,533967_10598_11494_1,1115,11:15,184.192,186.189,1.9969999999999857
no04,533967_10598_11494_1,1130,11:30,44.7105,43.3955,-1.3150000000000048
no04,533967_10598_11494_1,1145,11:45,18.945,18.698,-0.2469999999999999
no04,533967_10598_11494_1,1200,12:00,30.6355,31.892000000000003,1.2565000000000026
no04,533967_10598_11494_1,1215,12:15,8.262105263157894,6.632105263157895,-1.629999999999999
no04,533967_10598_11494_1,1230,12:30,75.07050000000001,75.672,0.6014999999999873
no04,533967_10598_11494_1,1245,12:45,43.2455,43.2605,0.015000000000000568
no04,533967_10598_11494_1,1300,13:00,34.849000000000004,35.784499999999994,0.9354999999999905
no04,533967_10598_11494_1,1315,13:15,12.2,10.6005,-1.599499999999999
no04,533967_10598_11494_1,1330,13:30,159.4465,162.169,2.722500000000025
no04,533967_10598_11494_1,1345,13:45,77.65299999999999,73.6085,-4.044499999999985
no04,533967_10598_11494_1,1400,14:00,62.5595,60.967,-1.5925000000000011
no04,533967_10598_11494_1,1415,14:15,7.5625,7.2105263157894735,-0.35197368421052655
no04,533967_10598_11494_1,1430,14:30,0.0,0.0,0.0
no04,533967_10598_11494_1,1445,14:45,24.139,23.695,-0.44399999999999906
no04,533967_10598_11494_1,1500,15:00,50.103,51.919500000000006,1.8165000000000049
no04,533967_10598_11494_1,1515,15:15,25.546,24.443,-1.102999999999998
no04,533967_10598_11494_1,1530,15:30,13.2,11.5505,-1.6494999999999997
no04,533967_10598_11494_1,1545,15:45,49.269,51.362,2.0930000000000035
no04,533967_10598_11494_1,1600,16:00,69.11699999999999,65.3905,-3.7264999999999873
no04,533967_10598_11494_1,1615,16:15,28.09,30.995,2.905000000000001
no04,533967_10598_11494_1,1630,16:30,47.6035,46.456,-1.1474999999999937
no04,533967_10598_11494_1,1645,16:45,23.6485,23.4435,-0.2049999999999983
no04,533967_10598_11494_1,1700,17:00,48.596,48.052,-0.5439999999999969
no04,533967_10598_11494_1,1715,17:15,80.765,81.5475,0.7824999999999989
no04,533967_10598_11494_1,1730,17:30,150.0965,151.432,1.3354999999999961
no04,533967_10598_11494_1,1745,17:45,79.7055,78.7435,-0.9620000000000033
no04,533967_10598_11494_1,1800,18:00,53.93149999999999,51.8485,-2.0829999999999913
no04,533967_10598_11494_1,1815,18:15,52.3985,52.904,0.505500000000005
no04,533967_10598_11494_1,1830,18:30,92.417,93.381,0.9639999999999986
no04,533967_10598_11494_1,1845,18:45,117.1825,116.651,-0.5315000000000083
no04,533967_10598_13108_0,630,06:30,55.2135,55.232000000000006,0.01850000000000307
no04,533967_10598_13108_0,645,06:45,47.2505,46.839,-0.41150000000000375
no04,533967_10598_13108_0,700,07:00,113.392,112.6925,-0.6995000000000005
no04,533967_10598_13108_0,715,07:15,83.3375,84.03150000000001,0.6940000000000026
no04,533967_10598_13108_0,730,07:30,125.2565,124.6665,-0.5900000000000034
no04,533967_10598_13108_0,745,07:45,169.262,169.995,0.7330000000000041
no04,533967_10598_13108_0,800,08:00,149.834,147.1275,-2.7065000000000055
no04,533967_10598_13108_0,815,08:15,141.4075,140.9335,-0.47399999999998954
no04,533967_10598_13108_0,830,08:30,32.1985,32.1525,-0.045999999999999375
no04,533967_10598_13108_0,845,08:45,0.0,0.0,0.0
no04,533967_10598_13108_0,900,09:00,12.5995,12.349,-0.2505000000000006
no04,533967_10598_13108_0,915,09:15,25.5925,26.4375,0.8449999999999989
no04,533967_10598_13108_0,930,09:30,123.785,124.0865,0.3015000000000043
no04,533967_10598_13108_0,945,09:45,46.066,45.510000000000005,-0.5559999999999974
no04,533967_10598_13108_0,1000,10:00,96.126,97.0195,0.8934999999999889
no04,533967_10598_13108_0,1015,10:15,32.2025,31.74,-0.46250000000000213
no04,533967_10598_13108_0,1030,10:30,8.843846153846155,8.997692307692308,0.1538461538461533
no04,533967_10598_13108_0,1045,10:45,26.291000000000004,26.693,0.40199999999999747
no04,533967_10598_13108_0,1100,11:00,10.55,10.9995,0.4494999999999987
no04,533967_10598_13108_0,1115,11:15,181.735,181.8555,0.12049999999999272
no04,533967_10598_13108_0,1130,11:30,45.2045,44.142,-1.0625
no04,533967_10598_13108_0,1145,11:45,18.751,18.602,-0.1490000000000009
no04,533967_10598_13108_0,1200,12:00,28.8395,29.7895,0.9499999999999993
no04,533967_10598_13108_0,1215,12:15,7.473684210526316,6.577894736842105,-0.8957894736842107
no04,533967_10598_13108_0,1230,12:30,75.9405,75.432,-0.508499999999998
no04,533967_10598_13108_0,1245,12:45,42.1995,43.082,0.8825000000000003
no04,533967_10598_13108_0,1300,13:00,34.44,35.403499999999994,0.9634999999999962
no04,533967_10598_13108_0,1315,13:15,12.5035,10.5,-2.0035000000000007
no04,533967_10598_13108_0,1330,13:30,155.5575,160.09449999999998,4.536999999999978
no04,533967_10598_13108_0,1345,13:45,75.6365,72.05199999999999,-3.5845000000000056
no04,533967_10598_13108_0,1400,14:00,59.708000000000006,58.2015,-1.5065000000000026
no04,533967_10598_13108_0,1415,14:15,7.62375,8.0,0.37624999999999975
no04,533967_10598_13108_0,1430,14:30,0.0,0.0,0.0
no04,533967_10598_13108_0,1445,14:45,23.7455,23.891,0.1454999999999984
no04,533967_10598_13108_0,1500,15:00,50.695,52.2,1.5050000000000026
no04,533967_10598_13108_0,1515,15:15,25.646,24.746,-0.9000000000000021
no04,533967_10598_13108_0,1530,15:30,13.001,11.2995,-1.7014999999999993
no04,533967_10598_13108_0,1545,15:45,48.75,51.0585,2.308500000000002
no04,533967_10598_13108_0,1600,16:00,68.94149999999999,65.2585,-3.6829999999999927
no04,533967_10598_13108_0,1615,16:15,28.4965,31.239,2.7424999999999997
no04,533967_10598_13108_0,1630,16:30,46.5145,45.851,-0.6634999999999991
no04,533967_10598_13108_0,1645,16:45,23.8945,23.045,-0.849499999999999
no04,533967_10598_13108_0,1700,17:00,49.4015,47.944,-1.457499999999996
no04,533967_10598_13108_0,1715,17:15,80.137,81.336,1.198999999999998
no04,533967_10598_13108_0,1730,17:30,146.66199999999998,149.0275,2.3655000000000257
no04,533967_10598_13108_0,1745,17:45,78.80499999999999,77.94550000000001,-0.8594999999999828
no04,533967_10598_13108_0,1800,18:00,53.3985,51.843,-1.555499999999995
no04,533967_10598_13108_0,1815,18:15,52.938,52.6485,-0.28950000000000387
no04,533967_10598_13108_0,1830,18:30,87.9795,88.447,0.46750000000000114
no04,533967_10598_13108_0,1845,18:45,116.9615,115.8375,-1.1239999999999952
no04,533967_10598_13108_1,630,06:30,121.35,121.35,0.0
no04,533967_10598_13108_1,645,06:45,99.3,99.3,0.0
no04,533967_10598_13108_1,700,07:00,120.0,120.0,0.0
no04,533967_10598_13108_1,715,07:15,86.25,86.25,0.0
no04,533967_10598_13108_1,730,07:30,99.3,99.3,0.0
no04,533967_10598_13108_1,745,07:45,81.0,81.0,0.0
no04,533967_10598_13108_1,800,08:00,119.85,119.7,-0.14999999999999147
no04,533967_10598_13108_1,815,08:15,161.4,161.55,0.15000000000000568
no04,533967_10598_13108_1,830,08:30,147.0,146.85,-0.15000000000000568
no04,533967_10598_13108_1,845,08:45,90.6,91.05,0.45000000000000284
no04,533967_10598_13108_1,900,09:00,96.6,96.6,0.0
no04,533967_10598_13108_1,915,09:15,66.6,66.0,-0.5999999999999943
no04,533967_10598_13108_1,930,09:30,104.4,104.7,0.29999999999999716
no04,533967_10598_13108_1,945,09:45,84.3,83.85,-0.45000000000000284
no04,533967_10598_13108_1,1000,10:00,115.65,115.95,0.29999999999999716
no04,533967_10598_13108_1,1015,10:15,79.5,79.8,0.29999999999999716
no04,533967_10598_13108_1,1030,10:30,100.95,100.8,-0.15000000000000568
no04,533967_10598_13108_1,1045,10:45,54.75,55.05,0.29999999999999716
no04,533967_10598_13108_1,1100,11:00,63.15,62.85,-0.29999999999999716
no04,533967_10598_13108_1,1115,11:15,68.55,68.55,0.0
no04,533967_10598_13108_1,1130,11:30,98.25,98.7,0.45000000000000284
no04,533967_10598_13108_1,1145,11:45,58.65,58.2,-0.44999999999999574
no04,533967_10598_13108_1,1200,12:00,59.85,60.45,0.6000000000000014
no04,533967_10598_13108_1,1215,12:15,56.55,55.8,-0.75
no04,533967_10598_13108_1,1230,12:30,54.15,54.45,0.30000000000000426
no04,533967_10598_13108_1,1245,12:45,42.45,42.0,-0.45000000000000284
no04,533967_10598_13108_1,1300,13:00,56.7,57.15,0.44999999999999574
no04,533967_10598_13108_1,1315,13:15,33.75,33.45,-0.29999999999999716
no04,533967_10598_13108_1,1330,13:30,41.7,41.4,-0.30000000000000426
no04,533967_10598_13108_1,1345,13:45,41.85,41.85,0.0
no04,533967_10598_13108_1,1400,14:00,53.7,54.0,0.29999999999999716
no04,533967_10598_13108_1,1415,14:15,59.7,59.85,0.14999999999999858
no04,533967_10598_13108_1,1430,14:30,83.7,83.7,0.0
no04,533967_10598_13108_1,1445,14:45,39.9,40.05,0.14999999999999858
no04,533967_10598_13108_1,1500,15:00,59.4,59.25,-0.14999999999999858
no04,533967_10598_13108_1,1515,15:15,39.45,39.15,-0.30000000000000426
no04,533967_10598_13108_1,1530,15:30,42.15,42.75,0.6000000000000014
no04,533967_10598_13108_1,1545,15:45,47.85,47.4,-0.45000000000000284
no04,533967_10598_13108_1,1600,16:00,95.7,95.25,-0.45000000000000284
no04,533967_10598_13108_1,1615,16:15,57.3,57.6,0.30000000000000426
no04,533967_10598_13108_1,1630,16:30,104.85,105.45,0.6000000000000085
no04,533967_10598_13108_1,1645,16:45,68.85,68.55,-0.29999999999999716
no04,533967_10598_13108_1,1700,17:00,110.1,110.1,0.0
no04,533967_10598_13108_1,1715,17:15,83.7,83.7,0.0
no04,533967_10598_13108_1,1730,17:30,58.8,58.8,0.0
no04,533967_10598_13108_1,1745,17:45,63.0,62.85,-0.14999999999999858
no04,533967_10598_13108_1,1800,18:00,82.35,82.8,0.45000000000000284
no04,533967_10598_13108_1,1815,18:15,43.35,43.05,-0.30000000000000426
no04,533967_10598_13108_1,1830,18:30,53.4,53.4,0.0
no04,533967_10598_13108_1,1845,18:45,60.6,60.15,-0.45000000000000284
no04,533967_11501_11503_0,630,06:30,24.647058823529413,25.249375,0.6023161764705875
no04,533967_11501_11503_0,645,06:45,166.4445,166.24849999999998,-0.19600000000002638
no04,533967_11501_11503_0,700,07:00,303.7335,304.642,0.9085000000000036
no04,533967_11501_11503_0,715,07:15,386.5995,387.0615,0.46200000000004593
no04,533967_11501_11503_0,730,07:30,154.505,147.901,-6.603999999999985
no04,533967_11501_11503_0,745,07:45,150.0085,206.01,56.00149999999999
no04,533967_11501_11503_0,800,08:00,287.514,284.095,-3.4189999999999827
no04,533967_11501_11503_0,815,08:15,644.4445,669.1375,24.693000000000097
no04,533967_11501_11503_0,830,08:30,1025.873,1021.1835,-4.689500000000066
no04,533967_11501_11503_0,845,08:45,1143.056,1152.323,9.267000000000053
no04,533967_11501_11503_0,900,09:00,472.3565,474.5940000000001,2.237500000000125
no04,533967_11501_11503_0,915,09:15,1188.4845,1178.3674999999998,-10.11700000000019
no04,533967_11501_11503_0,930,09:30,902.7565,894.534,-8.222499999999968
no04,533967_11501_11503_0,945,09:45,528.082,516.7145,-11.36749999999995
no04,533967_11501_11503_0,1000,10:00,388.6475,402.0035,13.355999999999995
no04,533967_11501_11503_0,1015,10:15,628.1865,637.909,9.722499999999968
no04,533967_11501_11503_0,1030,10:30,1012.0675,983.079,-28.988500000000045
no04,533967_11501_11503_0,1045,10:45,871.2864999999999,860.9710000000001,-10.315499999999815
no04,533967_11501_11503_0,1100,11:00,844.9370000000001,875.2745000000001,30.337499999999977
no04,533967_11501_11503_0,1115,11:15,735.8635,718.4069999999999,-17.45650000000012
no04,533967_11501_11503_0,1130,11:30,1430.621,1438.52,7.898999999999887
no04,533967_11501_11503_0,1145,11:45,823.5255000000001,826.2075000000001,2.6820000000000164
no04,533967_11501_11503_0,1200,12:00,1211.25,1213.05,1.7999999999999545
no04,533967_11501_11503_0,1215,12:15,996.305,1033.1654999999998,36.86049999999989
no04,533967_11501_11503_0,1230,12:30,1173.2655,1146.183,-27.082499999999982
no04,533967_11501_11503_0,1245,12:45,707.797,737.4739999999999,29.676999999999907
no04,533967_11501_11503_0,1300,13:00,1039.391,994.2435,-45.147500000000036
no04,533967_11501_11503_0,1315,13:15,1080.2914999999998,1081.254,0.962500000000091
no04,533967_11501_11503_0,1330,13:30,714.649,728.249,13.600000000000023
no04,533967_11501_11503_0,1345,13:45,1349.955,1376.474,26.519000000000005
no04,533967_11501_11503_0,1400,14:00,1151.7045,1125.725,-25.979500000000144
no04,533967_11501_11503_0,1415,14:15,1283.2165,1300.6844999999998,17.467999999999847
no04,533967_11501_11503_0,1430,14:30,882.134,861.5585000000001,-20.57549999999992
no04,533967_11501_11503_0,1445,14:45,1452.874,1459.7424999999998,6.868499999999813
no04,533967_11501_11503_0,1500,15:00,1132.459,1161.719,29.25999999999999
no04,533967_11501_11503_0,1515,15:15,1079.1005,1052.0555,-27.045000000000073
no04,533967_11501_11503_0,1530,15:30,998.8295,1022.162,23.332499999999982
no04,533967_11501_11503_0,1545,15:45,849.5,852.909,3.408999999999992
no04,533967_11501_11503_0,1600,16:00,1082.87,1081.031,-1.8389999999999418
no04,533967_11501_11503_0,1615,16:15,1614.7959999999998,1604.9135,-9.882499999999709
no04,533967_11501_11503_0,1630,16:30,1262.151,1282.8855,20.734500000000025
no04,533967_11501_11503_0,1645,16:45,1597.1405,1601.7055,4.565000000000055
no04,533967_11501_11503_0,1700,17:00,1364.4879999999998,1339.102,-25.38599999999974
no04,533967_11501_11503_0,1715,17:15,527.72,529.737,2.016999999999939
no04,533967_11501_11503_0,1730,17:30,936.0095,935.5625,-0.44700000000000273
no04,533967_11501_11503_0,1745,17:45,1240.548,1235.349,-5.199000000000069
no04,533967_11501_11503_0,1800,18:00,989.876,993.6825,3.806500000000028
no04,533967_11501_11503_0,1815,18:15,1646.1425,1667.1595000000002,21.01700000000028
no04,533967_11501_11503_0,1830,18:30,1517.191,1469.236,-47.95499999999993
no04,533967_11501_11503_0,1845,18:45,1036.784,1053.2465,16.462499999999864
no04,533967_11501_11503_1,630,06:30,846.734,842.155,-4.579000000000065
no04,533967_11501_11503_1,645,06:45,560.2085,564.3644999999999,4.155999999999949
no04,533967_11501_11503_1,700,07:00,976.607,977.12,0.5130000000000337
no04,533967_11501_11503_1,715,07:15,1181.667,1182.132,0.4650000000001455
no04,533967_11501_11503_1,730,07:30,1217.5585,1217.6355,0.07699999999999818
no04,533967_11501_11503_1,745,07:45,1390.458,1390.8465,0.38850000000002183
no04,533967_11501_11503_1,800,08:00,2034.2155,2067.1435,32.92800000000011
no04,533967_11501_11503_1,815,08:15,1344.6385,1373.784,29.145500000000084
no04,533967_11501_11503_1,830,08:30,1828.0635,1863.181,35.117500000000064
no04,533967_11501_11503_1,845,08:45,1227.737,1254.3845,26.64749999999981
no04,533967_11501_11503_1,900,09:00,1285.8235,1285.3595,-0.4639999999999418
no04,533967_11501_11503_1,915,09:15,801.8349999999999,802.7015,0.8665000000000873
no04,533967_11501_11503_1,930,09:30,1120.3055,1120.631,0.32550000000014734
no04,533967_11501_11503_1,945,09:45,1374.6685,1374.6685,0.0
no04,533967_11501_11503_1,1000,10:00,1057.7285,1060.1575,2.4290000000000873
no04,533967_11501_11503_1,1015,10:15,1077.8004999999998,1077.7645,-0.035999999999830834
no04,533967_11501_11503_1,1030,10:30,737.7685,748.652,10.883500000000026
no04,533967_11501_11503_1,1045,10:45,877.9860000000001,876.609,-1.3770000000000664
no04,533967_11501_11503_1,1100,11:00,839.6155000000001,845.4649999999999,5.849499999999807
no04,533967_11501_11503_1,1115,11:15,998.842,999.4645,0.6225000000000591
no04,533967_11501_11503_1,1130,11:30,606.612,591.264,-15.347999999999956
no04,533967_11501_11503_1,1145,11:45,748.8245,752.2445,3.4200000000000728
no04,533967_11501_11503_1,1200,12:00,966.428,946.0065,-20.421500000000037
no04,533967_11501_11503_1,1215,12:15,981.3765,978.8045,-2.5720000000000027
no04,533967_11501_11503_1,1230,12:30,861.693,866.664,4.971000000000004
no04,533967_11501_11503_1,1245,12:45,631.0,629.8675000000001,-1.1324999999999363
no04,533967_11501_11503_1,1300,13:00,560.8225,558.371,-2.45150000000001
no04,533967_11501_11503_1,1315,13:15,479.865,479.02,-0.8450000000000273
no04,533967_11501_11503_1,1330,13:30,1097.6505000000002,1098.3335000000002,0.6829999999999927
no04,533967_11501_11503_1,1345,13:45,300.36350000000004,300.31100000000004,-0.052500000000009095
no04,533967_11501_11503_1,1400,14:00,640.038,640.08,0.04200000000003001
no04,533967_11501_11503_1,1415,14:15,710.332,710.6995,0.36749999999995
no04,533967_11501_11503_1,1430,14:30,962.8455,964.6975,1.8519999999999754
no04,533967_11501_11503_1,1445,14:45,824.7610000000001,825.0200000000001,0.25900000000001455
no04,533967_11501_11503_1,1500,15:00,633.8235,633.2295,-0.5939999999999372
no04,533967_11501_11503_1,1515,15:15,512.034,512.2045,0.17050000000006094
no04,533967_11501_11503_1,1530,15:30,748.0845,744.7284999999999,-3.3560000000001082
no04,533967_11501_11503_1,1545,15:45,664.9984999999999,672.5485,7.550000000000068
no04,533967_11501_11503_1,1600,16:00,1112.6375,1106.297,-6.34050000000002
no04,533967_11501_11503_1,1615,16:15,954.762,972.508,17.746000000000095
no04,533967_11501_11503_1,1630,16:30,1464.196,1465.4125,1.2164999999999964
no04,533967_11501_11503_1,1645,16:45,1025.8515,1025.49,-0.36149999999997817
no04,533967_11501_11503_1,1700,17:00,1561.888,1561.6405,-0.24749999999994543
no04,533967_11501_11503_1,1715,17:15,1006.752,1007.089,0.3370000000001028
no04,533967_11501_11503_1,1730,17:30,856.0840000000001,866.0925,10.008499999999913
no04,533967_11501_11503_1,1745,17:45,642.568,644.143,1.5750000000000455
no04,533967_11501_11503_1,1800,18:00,1113.969,1118.053,4.08400000000006
no04,533967_11501_11503_1,1815,18:15,894.6235,894.8395,0.21600000000000819
no04,533967_11501_11503_1,1830,18:30,788.806,789.1715,0.36549999999999727
no04,533967_11501_11503_1,1845,18:45,701.9545,686.507,-15.447500000000105
no04,533967_11501_11504_0,630,06:30,1123.594,1117.842,-5.751999999999953
no04,533967_11501_11504_0,645,06:45,780.0915,786.702,6.610500000000002
no04,533967_11501_11504_0,700,07:00,1334.174,1333.705,-0.46900000000005093
no04,533967_11501_11504_0,715,07:15,1738.125,1736.1195,-2.0054999999999836
no04,533967_11501_11504_0,730,07:30,1715.503,1713.637,-1.8659999999999854
no04,533967_11501_11504_0,745,07:45,2105.1585,2108.2135,3.0549999999998363
no04,533967_11501_11504_0,800,08:00,6018.241,6329.599,311.3580000000002
no04,533967_11501_11504_0,815,08:15,3704.956,4770.793,1065.8369999999995
no04,533967_11501_11504_0,830,08:30,4847.435,4996.603,149.16799999999967
no04,533967_11501_11504_0,845,08:45,4621.6900000000005,4788.0695,166.3794999999991
no04,533967_11501_11504_0,900,09:00,1870.2055,1880.1945,9.989000000000033
no04,533967_11501_11504_0,915,09:15,1185.6735,1184.0285,-1.6450000000002092
no04,533967_11501_11504_0,930,09:30,1588.559,1588.4125,-0.14650000000006003
no04,533967_11501_11504_0,945,09:45,2140.9915,2124.5345,-16.45699999999988
no04,533967_11501_11504_0,1000,10:00,1521.4205,1521.4445,0.024000000000114596
no04,533967_11501_11504_0,1015,10:15,1476.3275,1473.446,-2.8815000000001874
no04,533967_11501_11504_0,1030,10:30,1011.5635,1034.107,22.543499999999995
no04,533967_11501_11504_0,1045,10:45,1244.5565,1241.5975,-2.9589999999998327
no04,533967_11501_11504_0,1100,11:00,1140.5785,1146.6005,6.0219999999999345
no04,533967_11501_11504_0,1115,11:15,1429.8305,1427.775,-2.055499999999938
no04,533967_11501_11504_0,1130,11:30,836.6360000000001,812.0005,-24.635500000000093
no04,533967_11501_11504_0,1145,11:45,1008.0555,1013.2125,5.156999999999925
no04,533967_11501_11504_0,1200,12:00,1312.819,1278.58,-34.23900000000003
no04,533967_11501_11504_0,1215,12:15,1347.28,1346.3025,-0.9774999999999636
no04,533967_11501_11504_0,1230,12:30,1194.8719999999998,1197.315,2.443000000000211
no04,533967_11501_11504_0,1245,12:45,868.202,865.8264999999999,-2.375500000000102
no04,533967_11501_11504_0,1300,13:00,750.05,745.6690000000001,-4.380999999999858
no04,533967_11501_11504_0,1315,13:15,661.2475,661.3050000000001,0.057500000000118234
no04,533967_11501_11504_0,1330,13:30,1527.3605,1528.2095,0.8489999999999327
no04,533967_11501_11504_0,1345,13:45,452.7385,453.15150000000006,0.41300000000006776
no04,533967_11501_11504_0,1400,14:00,865.3325000000001,865.4680000000001,0.13549999999997908
no04,533967_11501_11504_0,1415,14:15,963.9245,963.473,-0.45150000000001
no04,533967_11501_11504_0,1430,14:30,1306.5800000000002,1308.7885,2.208499999999958
no04,533967_11501_11504_0,1445,14:45,1124.9805,1124.3574999999998,-0.6230000000000473
no04,533967_11501_11504_0,1500,15:00,874.412,872.0435,-2.36850000000004
no04,533967_11501_11504_0,1515,15:15,705.8285,705.8779999999999,0.04949999999996635
no04,533967_11501_11504_0,1530,15:30,998.008,993.7775,-4.230500000000006
no04,533967_11501_11504_0,1545,15:45,897.1125,905.5465,8.434000000000083
no04,533967_11501_11504_0,1600,16:00,1553.1195,1551.161,-1.9584999999999582
no04,533967_11501_11504_0,1615,16:15,1344.3195,1366.6345,22.314999999999827
no04,533967_11501_11504_0,1630,16:30,2372.7105,2383.7470000000003,11.03650000000016
no04,533967_11501_11504_0,1645,16:45,1474.3629999999998,1485.373,11.010000000000218
no04,533967_11501_11504_0,1700,17:00,2668.1795,2609.6365,-58.54300000000012
no04,533967_11501_11504_0,1715,17:15,1599.4845,1615.8045,16.319999999999936
no04,533967_11501_11504_0,1730,17:30,1173.7975,1189.36,15.5625
no04,533967_11501_11504_0,1745,17:45,877.9694999999999,883.1094999999999,5.139999999999986
no04,533967_11501_11504_0,1800,18:00,1538.842,1536.5235,-2.3185000000000855
no04,533967_11501_11504_0,1815,18:15,1253.5835,1252.4985,-1.0850000000000364
no04,533967_11501_11504_0,1830,18:30,1084.083,1082.411,-1.6720000000000255
no04,533967_11501_11504_0,1845,18:45,952.079,930.206,-21.872999999999934
no04,533967_11501_11504_1,630,06:30,33.47058823529412,34.125625,0.6550367647058764
no04,533967_11501_11504_1,645,06:45,221.1555,219.4515,-1.7039999999999793
no04,533967_11501_11504_1,700,07:00,456.1645,457.1955,1.031000000000006
no04,533967_11501_11504_1,715,07:15,449.5045,449.4505,-0.05400000000003047
no04,533967_11501_11504_1,730,07:30,203.7975,194.0495,-9.748000000000019
no04,533967_11501_11504_1,745,07:45,192.744,265.099,72.35499999999999
no04,533967_11501_11504_1,800,08:00,387.6455,386.91,-0.7355000000000018
no04,533967_11501_11504_1,815,08:15,827.3485000000001,852.493,25.144499999999994
no04,533967_11501_11504_1,830,08:30,1410.953,1411.2735,0.3205000000000382
no04,533967_11501_11504_1,845,08:45,1408.038,1410.604,2.566000000000031
no04,533967_11501_11504_1,900,09:00,616.3435000000001,619.806,3.4624999999999773
no04,533967_11501_11504_1,915,09:15,1540.153,1525.3055,-14.847500000000082
no04,533967_11501_11504_1,930,09:30,1196.142,1190.246,-5.895999999999958
no04,533967_11501_11504_1,945,09:45,652.504,636.1545,-16.349500000000035
no04,533967_11501_11504_1,1000,10:00,523.5155,537.8935,14.378000000000043
no04,533967_11501_11504_1,1015,10:15,785.1825,797.1175,11.934999999999945
no04,533967_11501_11504_1,1030,10:30,1351.2469999999998,1323.4209999999998,-27.826000000000022
no04,533967_11501_11504_1,1045,10:45,1072.9765,1050.511,-22.46550000000002
no04,533967_11501_11504_1,1100,11:00,1128.078,1168.0545,39.97649999999999
no04,533967_11501_11504_1,1115,11:15,908.644,882.482,-26.162000000000035
no04,533967_11501_11504_1,1130,11:30,1924.3525,1936.882,12.529500000000098
no04,533967_11501_11504_1,1145,11:45,985.6325,981.696,-3.9365000000000236
no04,533967_11501_11504_1,1200,12:00,1648.8485,1656.2669999999998,7.418499999999767
no04,533967_11501_11504_1,1215,12:15,1197.4335,1240.5175,43.08399999999983
no04,533967_11501_11504_1,1230,12:30,1567.983,1541.179,-26.80399999999986
no04,533967_11501_11504_1,1245,12:45,856.141,886.186,30.045000000000073
no04,533967_11501_11504_1,1300,13:00,1398.2455,1338.0595,-60.18599999999992
no04,533967_11501_11504_1,1315,13:15,1332.6785,1334.5365,1.8579999999999472
no04,533967_11501_11504_1,1330,13:30,956.9185,974.4415,17.523000000000025
no04,533967_11501_11504_1,1345,13:45,1708.029,1741.348,33.31899999999996
no04,533967_11501_11504_1,1400,14:00,1550.004,1514.0585,-35.94549999999981
no04,533967_11501_11504_1,1415,14:15,1606.719,1630.411,23.692000000000007
no04,533967_11501_11504_1,1430,14:30,1181.4834999999998,1160.0234999999998,-21.460000000000036
no04,533967_11501_11504_1,1445,14:45,1841.2375,1840.732,-0.5054999999999836
no04,533967_11501_11504_1,1500,15:00,1532.776,1563.291,30.514999999999873
no04,533967_11501_11504_1,1515,15:15,1326.8125,1300.0015,-26.810999999999922
no04,533967_11501_11504_1,1530,15:30,1337.0025,1366.581,29.57849999999985
no04,533967_11501_11504_1,1545,15:45,1049.6825,1052.408,2.725500000000011
no04,533967_11501_11504_1,1600,16:00,1462.183,1470.342,8.159000000000106
no04,533967_11501_11504_1,1615,16:15,2022.81,1997.6335,-25.176500000000033
no04,533967_11501_11504_1,1630,16:30,1718.418,1781.6025000000002,63.1845000000003
no04,533967_11501_11504_1,1645,16:45,1945.4955,1941.908,-3.587500000000091
no04,533967_11501_11504_1,1700,17:00,1841.119,1804.493,-36.625999999999976
no04,533967_11501_11504_1,1715,17:15,604.234,609.2915,5.0575000000000045
no04,533967_11501_11504_1,1730,17:30,1277.8115,1279.1709999999998,1.359499999999798
no04,533967_11501_11504_1,1745,17:45,1521.6545,1516.3745,-5.2800000000002
no04,533967_11501_11504_1,1800,18:00,1326.541,1338.215,11.673999999999978
no04,533967_11501_11504_1,1815,18:15,2083.5005,2100.3055,16.804999999999836
no04,533967_11501_11504_1,1830,18:30,2055.3205000000003,2005.443,-49.87750000000028
no04,533967_11501_11504_1,1845,18:45,1248.444,1255.708,7.264000000000124
no04,533967_11505_85937_0,630,06:30,0.0,0.0,0.0
no04,533967_11505_85937_0,645,06:45,0.0,0.0,0.0
no04,533967_11505_85937_0,700,07:00,0.0,0.0,0.0
no04,533967_11505_85937_0,715,07:15,0.0,0.0,0.0
no04,533967_11505_85937_0,730,07:30,0.0,0.0,0.0
no04,533967_11505_85937_0,745,07:45,0.0,0.0,0.0
no04,533967_11505_85937_0,800,08:00,0.0,0.0,0.0
no04,533967_11505_85937_0,815,08:15,0.0,0.0,0.0
no04,533967_11505_85937_0,830,08:30,0.0,0.0,0.0
no04,533967_11505_85937_0,845,08:45,0.0,0.0,0.0
no04,533967_11505_85937_0,900,09:00,0.0,0.0,0.0
no04,533967_11505_85937_0,915,09:15,0.0,0.0,0.0
no04,533967_11505_85937_0,930,09:30,0.0,0.0,0.0
no04,533967_11505_85937_0,945,09:45,0.0,0.0,0.0
no04,533967_11505_85937_0,1000,10:00,0.0,0.0,0.0
no04,533967_11505_85937_0,1015,10:15,0.0,0.0,0.0
no04,533967_11505_85937_0,1030,10:30,0.0,0.0,0.0
no04,533967_11505_85937_0,1045,10:45,0.0,0.0,0.0
no04,533967_11505_85937_0,1100,11:00,0.0,0.0,0.0
no04,533967_11505_85937_0,1115,11:15,0.0,0.0,0.0
no04,533967_11505_85937_0,1130,11:30,0.0,0.0,0.0
no04,533967_11505_85937_0,1145,11:45,0.0,0.0,0.0
no04,533967_11505_85937_0,1200,12:00,0.0,0.0,0.0
no04,533967_11505_85937_0,1215,12:15,0.0,0.0,0.0
no04,533967_11505_85937_0,1230,12:30,0.0,0.0,0.0
no04,533967_11505_85937_0,1245,12:45,0.0,0.0,0.0
no04,533967_11505_85937_0,1300,13:00,0.0,0.0,0.0
no04,533967_11505_85937_0,1315,13:15,0.0,0.0,0.0
no04,533967_11505_85937_0,1330,13:30,0.0,0.0,0.0
no04,533967_11505_85937_0,1345,13:45,0.0,0.0,0.0
no04,533967_11505_85937_0,1400,14:00,0.0,0.0,0.0
no04,533967_11505_85937_0,1415,14:15,0.0,0.0,0.0
no04,533967_11505_85937_0,1430,14:30,0.0,0.0,0.0
no04,533967_11505_85937_0,1445,14:45,0.0,0.0,0.0
no04,533967_11505_85937_0,1500,15:00,0.0,0.0,0.0
no04,533967_11505_85937_0,1515,15:15,0.0,0.0,0.0
no04,533967_11505_85937_0,1530,15:30,0.0,0.0,0.0
no04,533967_11505_85937_0,1545,15:45,0.0,0.0,0.0
no04,533967_11505_85937_0,1600,16:00,0.0,0.0,0.0
no04,533967_11505_85937_0,1615,16:15,0.0,0.0,0.0
no04,533967_11505_85937_0,1630,16:30,0.0,0.0,0.0
no04,533967_11505_85937_0,1645,16:45,0.0,0.0,0.0
no04,533967_11505_85937_0,1700,17:00,0.0,0.0,0.0
no04,533967_11505_85937_0,1715,17:15,0.0,0.0,0.0
no04,533967_11505_85937_0,1730,17:30,0.0,0.0,0.0
no04,533967_11505_85937_0,1745,17:45,0.0,0.0,0.0
no04,533967_11505_85937_0,1800,18:00,0.0,0.0,0.0
no04,533967_11505_85937_0,1815,18:15,0.0,0.0,0.0
no04,533967_11505_85937_0,1830,18:30,0.0,0.0,0.0
no04,533967_11505_85937_0,1845,18:45,0.0,0.0,0.0
no04,533967_11505_85937_1,630,06:30,0.0,0.0,0.0
no04,533967_11505_85937_1,645,06:45,0.0,0.0,0.0
no04,533967_11505_85937_1,700,07:00,0.0,0.0,0.0
no04,533967_11505_85937_1,715,07:15,0.0,0.0,0.0
no04,533967_11505_85937_1,730,07:30,0.0,0.0,0.0
no04,533967_11505_85937_1,745,07:45,0.0,0.0,0.0
no04,533967_11505_85937_1,800,08:00,0.0,0.0,0.0
no04,533967_11505_85937_1,815,08:15,0.0,0.0,0.0
no04,533967_11505_85937_1,830,08:30,0.0,0.0,0.0
no04,533967_11505_85937_1,845,08:45,0.0,0.0,0.0
no04,533967_11505_85937_1,900,09:00,0.0,0.0,0.0
no04,533967_11505_85937_1,915,09:15,0.0,0.0,0.0
no04,533967_11505_85937_1,930,09:30,0.0,0.0,0.0
no04,533967_11505_85937_1,945,09:45,0.0,0.0,0.0
no04,533967_11505_85937_1,1000,10:00,0.0,0.0,0.0
no04,533967_11505_85937_1,1015,10:15,0.0,0.0,0.0
no04,533967_11505_85937_1,1030,10:30,0.0,0.0,0.0
no04,533967_11505_85937_1,1045,10:45,0.0,0.0,0.0
no04,533967_11505_85937_1,1100,11:00,0.0,0.0,0.0
no04,533967_11505_85937_1,1115,11:15,0.0,0.0,0.0
no04,533967_11505_85937_1,1130,11:30,0.0,0.0,0.0
no04,533967_11505_85937_1,1145,11:45,0.0,0.0,0.0
no04,533967_11505_85937_1,1200,12:00,0.0,0.0,0.0
no04,533967_11505_85937_1,1215,12:15,0.0,0.0,0.0
no04,533967_11505_85937_1,1230,12:30,0.0,0.0,0.0
no04,533967_11505_85937_1,1245,12:45,0.0,0.0,0.0
no04,533967_11505_85937_1,1300,13:00,0.0,0.0,0.0
no04,533967_11505_85937_1,1315,13:15,0.0,0.0,0.0
no04,533967_11505_85937_1,1330,13:30,0.0,0.0,0.0
no04,533967_11505_85937_1,1345,13:45,0.0,0.0,0.0
no04,533967_11505_85937_1,1400,14:00,0.0,0.0,0.0
no04,533967_11505_85937_1,1415,14:15,0.0,0.0,0.0
no04,533967_11505_85937_1,1430,14:30,0.0,0.0,0.0
no04,533967_11505_85937_1,1445,14:45,0.0,0.0,0.0
no04,533967_11505_85937_1,1500,15:00,0.0,0.0,0.0
no04,533967_11505_85937_1,1515,15:15,0.0,0.0,0.0
no04,533967_11505_85937_1,1530,15:30,0.0,0.0,0.0
no04,533967_11505_85937_1,1545,15:45,0.0,0.0,0.0
no04,533967_11505_85937_1,1600,16:00,0.0,0.0,0.0
no04,533967_11505_85937_1,1615,16:15,0.0,0.0,0.0
no04,533967_11505_85937_1,1630,16:30,0.0,0.0,0.0
no04,533967_11505_85937_1,1645,16:45,0.0,0.0,0.0
no04,533967_11505_85937_1,1700,17:00,0.0,0.0,0.0
no04,533967_11505_85937_1,1715,17:15,0.0,0.0,0.0
no04,533967_11505_85937_1,1730,17:30,0.0,0.0,0.0
no04,533967_11505_85937_1,1745,17:45,0.0,0.0,0.0
no04,533967_11505_85937_1,1800,18:00,0.0,0.0,0.0
no04,533967_11505_85937_1,1815,18:15,0.0,0.0,0.0
no04,533967_11505_85937_1,1830,18:30,0.0,0.0,0.0
no04,533967_11505_85937_1,1845,18:45,0.0,0.0,0.0
no04,533967_11513_88894_0,630,06:30,0.0,0.0,0.0
no04,533967_11513_88894_0,645,06:45,0.0,0.0,0.0
no04,533967_11513_88894_0,700,07:00,0.0,0.0,0.0
no04,533967_11513_88894_0,715,07:15,0.0,0.0,0.0
no04,533967_11513_88894_0,730,07:30,0.0,0.0,0.0
no04,533967_11513_88894_0,745,07:45,0.0,0.0,0.0
no04,533967_11513_88894_0,800,08:00,0.0,0.0,0.0
no04,533967_11513_88894_0,815,08:15,0.0,0.0,0.0
no04,533967_11513_88894_0,830,08:30,0.0,0.0,0.0
no04,533967_11513_88894_0,845,08:45,0.0,0.0,0.0
no04,533967_11513_88894_0,900,09:00,0.0,0.0,0.0
no04,533967_11513_88894_0,915,09:15,0.0,0.0,0.0
no04,533967_11513_88894_0,930,09:30,0.0,0.0,0.0
no04,533967_11513_88894_0,945,09:45,0.0,0.0,0.0
no04,533967_11513_88894_0,1000,10:00,0.0,0.0,0.0
no04,533967_11513_88894_0,1015,10:15,0.0,0.0,0.0
no04,533967_11513_88894_0,1030,10:30,0.0,0.0,0.0
no04,533967_11513_88894_0,1045,10:45,0.0,0.0,0.0
no04,533967_11513_88894_0,1100,11:00,0.0,0.0,0.0
no04,533967_11513_88894_0,1115,11:15,0.0,0.0,0.0
no04,533967_11513_88894_0,1130,11:30,0.0,0.0,0.0
no04,533967_11513_88894_0,1145,11:45,0.0,0.0,0.0
no04,533967_11513_88894_0,1200,12:00,0.0,0.0,0.0
no04,533967_11513_88894_0,1215,12:15,0.0,0.0,0.0
no04,533967_11513_88894_0,1230,12:30,0.0,0.0,0.0
no04,533967_11513_88894_0,1245,12:45,0.0,0.0,0.0
no04,533967_11513_88894_0,1300,13:00,0.0,0.0,0.0
no04,533967_11513_88894_0,1315,13:15,0.0,0.0,0.0
no04,533967_11513_88894_0,1330,13:30,0.0,0.0,0.0
no04,533967_11513_88894_0,1345,13:45,0.0,0.0,0.0
no04,533967_11513_88894_0,1400,14:00,0.0,0.0,0.0
no04,533967_11513_88894_0,1415,14:15,0.0,0.0,0.0
no04,533967_11513_88894_0,1430,14:30,0.0,0.0,0.0
no04,533967_11513_88894_0,1445,14:45,0.0,0.0,0.0
no04,533967_11513_88894_0,1500,15:00,0.0,0.0,0.0
no04,533967_11513_88894_0,1515,15:15,0.0,0.0,0.0
no04,533967_11513_88894_0,1530,15:30,0.0,0.0,0.0
no04,533967_11513_88894_0,1545,15:45,0.0,0.0,0.0
no04,533967_11513_88894_0,1600,16:00,0.0,0.0,0.0
no04,533967_11513_88894_0,1615,16:15,0.0,0.0,0.0
no04,533967_11513_88894_0,1630,16:30,0.0,0.0,0.0
no04,533967_11513_88894_0,1645,16:45,0.0,0.0,0.0
no04,533967_11513_88894_0,1700,17:00,0.0,0.0,0.0
no04,533967_11513_88894_0,1715,17:15,0.0,0.0,0.0
no04,533967_11513_88894_0,1730,17:30,0.0,0.0,0.0
no04,533967_11513_88894_0,1745,17:45,0.0,0.0,0.0
no04,533967_11513_88894_0,1800,18:00,0.0,0.0,0.0
no04,533967_11513_88894_0,1815,18:15,0.0,0.0,0.0
no04,533967_11513_88894_0,1830,18:30,0.0,0.0,0.0
no04,533967_11513_88894_0,1845,18:45,0.0,0.0,0.0
no04,533967_11513_88894_1,630,06:30,0.0,0.0,0.0
no04,533967_11513_88894_1,645,06:45,0.0,0.0,0.0
no04,533967_11513_88894_1,700,07:00,0.0,0.0,0.0
no04,533967_11513_88894_1,715,07:15,0.0,0.0,0.0
no04,533967_11513_88894_1,730,07:30,0.0,0.0,0.0
no04,533967_11513_88894_1,745,07:45,0.0,0.0,0.0
no04,533967_11513_88894_1,800,08:00,0.0,0.0,0.0
no04,533967_11513_88894_1,815,08:15,0.0,0.0,0.0
no04,533967_11513_88894_1,830,08:30,0.0,0.0,0.0
no04,533967_11513_88894_1,845,08:45,0.0,0.0,0.0
no04,533967_11513_88894_1,900,09:00,0.0,0.0,0.0
no04,533967_11513_88894_1,915,09:15,0.0,0.0,0.0
no04,533967_11513_88894_1,930,09:30,0.0,0.0,0.0
no04,533967_11513_88894_1,945,09:45,0.0,0.0,0.0
no04,533967_11513_88894_1,1000,10:00,0.0,0.0,0.0
no04,533967_11513_88894_1,1015,10:15,0.0,0.0,0.0
no04,533967_11513_88894_1,1030,10:30,0.0,0.0,0.0
no04,533967_11513_88894_1,1045,10:45,0.0,0.0,0.0
no04,533967_11513_88894_1,1100,11:00,0.0,0.0,0.0
no04,533967_11513_88894_1,1115,11:15,0.0,0.0,0.0
no04,533967_11513_88894_1,1130,11:30,0.0,0.0,0.0
no04,533967_11513_88894_1,1145,11:45,0.0,0.0,0.0
no04,533967_11513_88894_1,1200,12:00,0.0,0.0,0.0
no04,533967_11513_88894_1,1215,12:15,0.0,0.0,0.0
no04,533967_11513_88894_1,1230,12:30,0.0,0.0,0.0
no04,533967_11513_88894_1,1245,12:45,0.0,0.0,0.0
no04,533967_11513_88894_1,1300,13:00,0.0,0.0,0.0
no04,533967_11513_88894_1,1315,13:15,0.0,0.0,0.0
no04,533967_11513_88894_1,1330,13:30,0.0,0.0,0.0
no04,533967_11513_88894_1,1345,13:45,0.0,0.0,0.0
no04,533967_11513_88894_1,1400,14:00,0.0,0.0,0.0
no04,533967_11513_88894_1,1415,14:15,0.0,0.0,0.0
no04,533967_11513_88894_1,1430,14:30,0.0,0.0,0.0
no04,533967_11513_88894_1,1445,14:45,0.0,0.0,0.0
no04,533967_11513_88894_1,1500,15:00,0.0,0.0,0.0
no04,533967_11513_88894_1,1515,15:15,0.0,0.0,0.0
no04,533967_11513_88894_1,1530,15:30,0.0,0.0,0.0
no04,533967_11513_88894_1,1545,15:45,0.0,0.0,0.0
no04,533967_11513_88894_1,1600,16:00,0.0,0.0,0.0
no04,533967_11513_88894_1,1615,16:15,0.0,0.0,0.0
no04,533967_11513_88894_1,1630,16:30,0.0,0.0,0.0
no04,533967_11513_88894_1,1645,16:45,0.0,0.0,0.0
no04,533967_11513_88894_1,1700,17:00,0.0,0.0,0.0
no04,533967_11513_88894_1,1715,17:15,0.0,0.0,0.0
no04,533967_11513_88894_1,1730,17:30,0.0,0.0,0.0
no04,533967_11513_88894_1,1745,17:45,0.0,0.0,0.0
no04,533967_11513_88894_1,1800,18:00,0.0,0.0,0.0
no04,533967_11513_88894_1,1815,18:15,0.0,0.0,0.0
no04,533967_11513_88894_1,1830,18:30,0.0,0.0,0.0
no04,533967_11513_88894_1,1845,18:45,0.0,0.0,0.0
no04,533967_11518_13596_0,630,06:30,0.0,0.0,0.0
no04,533967_11518_13596_0,645,06:45,0.0,0.0,0.0
no04,533967_11518_13596_0,700,07:00,0.0,0.0,0.0
no04,533967_11518_13596_0,715,07:15,0.0,0.0,0.0
no04,533967_11518_13596_0,730,07:30,0.0,0.0,0.0
no04,533967_11518_13596_0,745,07:45,0.0,0.0,0.0
no04,533967_11518_13596_0,800,08:00,0.0,0.0,0.0
no04,533967_11518_13596_0,815,08:15,0.0,0.0,0.0
no04,533967_11518_13596_0,830,08:30,0.0,0.0,0.0
no04,533967_11518_13596_0,845,08:45,0.0,0.0,0.0
no04,533967_11518_13596_0,900,09:00,0.0,0.0,0.0
no04,533967_11518_13596_0,915,09:15,0.0,0.0,0.0
no04,533967_11518_13596_0,930,09:30,0.0,0.0,0.0
no04,533967_11518_13596_0,945,09:45,0.0,0.0,0.0
no04,533967_11518_13596_0,1000,10:00,0.0,0.0,0.0
no04,533967_11518_13596_0,1015,10:15,0.0,0.0,0.0
no04,533967_11518_13596_0,1030,10:30,0.0,0.0,0.0
no04,533967_11518_13596_0,1045,10:45,0.0,0.0,0.0
no04,533967_11518_13596_0,1100,11:00,0.0,0.0,0.0
no04,533967_11518_13596_0,1115,11:15,0.0,0.0,0.0
no04,533967_11518_13596_0,1130,11:30,0.0,0.0,0.0
no04,533967_11518_13596_0,1145,11:45,0.0,0.0,0.0
no04,533967_11518_13596_0,1200,12:00,0.0,0.0,0.0
no04,533967_11518_13596_0,1215,12:15,0.0,0.0,0.0
no04,533967_11518_13596_0,1230,12:30,0.0,0.0,0.0
no04,533967_11518_13596_0,1245,12:45,0.0,0.0,0.0
no04,533967_11518_13596_0,1300,13:00,0.0,0.0,0.0
no04,533967_11518_13596_0,1315,13:15,0.0,0.0,0.0
no04,533967_11518_13596_0,1330,13:30,0.0,0.0,0.0
no04,533967_11518_13596_0,1345,13:45,0.0,0.0,0.0
no04,533967_11518_13596_0,1400,14:00,0.0,0.0,0.0
no04,533967_11518_13596_0,1415,14:15,0.0,0.0,0.0
no04,533967_11518_13596_0,1430,14:30,0.0,0.0,0.0
no04,533967_11518_13596_0,1445,14:45,0.0,0.0,0.0
no04,533967_11518_13596_0,1500,15:00,0.0,0.0,0.0
no04,533967_11518_13596_0,1515,15:15,0.0,0.0,0.0
no04,533967_11518_13596_0,1530,15:30,0.0,0.0,0.0
no04,533967_11518_13596_0,1545,15:45,0.0,0.0,0.0
no04,533967_11518_13596_0,1600,16:00,0.0,0.0,0.0
no04,533967_11518_13596_0,1615,16:15,0.0,0.0,0.0
no04,533967_11518_13596_0,1630,16:30,0.0,0.0,0.0
no04,533967_11518_13596_0,1645,16:45,0.0,0.0,0.0
no04,533967_11518_13596_0,1700,17:00,0.0,0.0,0.0
no04,533967_11518_13596_0,1715,17:15,0.0,0.0,0.0
no04,533967_11518_13596_0,1730,17:30,0.0,0.0,0.0
no04,533967_11518_13596_0,1745,17:45,0.0,0.0,0.0
no04,533967_11518_13596_0,1800,18:00,0.0,0.0,0.0
no04,533967_11518_13596_0,1815,18:15,0.0,0.0,0.0
no04,533967_11518_13596_0,1830,18:30,0.0,0.0,0.0
no04,533967_11518_13596_0,1845,18:45,0.0,0.0,0.0
no04,533967_11518_13596_1,630,06:30,0.0,0.0,0.0
no04,533967_11518_13596_1,645,06:45,0.0,0.0,0.0
no04,533967_11518_13596_1,700,07:00,0.0,0.0,0.0
no04,533967_11518_13596_1,715,07:15,0.0,0.0,0.0
no04,533967_11518_13596_1,730,07:30,0.0,0.0,0.0
no04,533967_11518_13596_1,745,07:45,0.0,0.0,0.0
no04,533967_11518_13596_1,800,08:00,0.0,0.0,0.0
no04,533967_11518_13596_1,815,08:15,0.0,0.0,0.0
no04,533967_11518_13596_1,830,08:30,0.0,0.0,0.0
no04,533967_11518_13596_1,845,08:45,0.0,0.0,0.0
no04,533967_11518_13596_1,900,09:00,0.0,0.0,0.0
no04,533967_11518_13596_1,915,09:15,0.0,0.0,0.0
no04,533967_11518_13596_1,930,09:30,0.0,0.0,0.0
no04,533967_11518_13596_1,945,09:45,0.0,0.0,0.0
no04,533967_11518_13596_1,1000,10:00,0.0,0.0,0.0
no04,533967_11518_13596_1,1015,10:15,0.0,0.0,0.0
no04,533967_11518_13596_1,1030,10:30,0.0,0.0,0.0
no04,533967_11518_13596_1,1045,10:45,0.0,0.0,0.0
no04,533967_11518_13596_1,1100,11:00,0.0,0.0,0.0
no04,533967_11518_13596_1,1115,11:15,0.0,0.0,0.0
no04,533967_11518_13596_1,1130,11:30,0.0,0.0,0.0
no04,533967_11518_13596_1,1145,11:45,0.0,0.0,0.0
no04,533967_11518_13596_1,1200,12:00,0.0,0.0,0.0
no04,533967_11518_13596_1,1215,12:15,0.0,0.0,0.0
no04,533967_11518_13596_1,1230,12:30,0.0,0.0,0.0
no04,533967_11518_13596_1,1245,12:45,0.0,0.0,0.0
no04,533967_11518_13596_1,1300,13:00,0.0,0.0,0.0
no04,533967_11518_13596_1,1315,13:15,0.0,0.0,0.0
no04,533967_11518_13596_1,1330,13:30,0.0,0.0,0.0
no04,533967_11518_13596_1,1345,13:45,0.0,0.0,0.0
no04,533967_11518_13596_1,1400,14:00,0.0,0.0,0.0
no04,533967_11518_13596_1,1415,14:15,0.0,0.0,0.0
no04,533967_11518_13596_1,1430,14:30,0.0,0.0,0.0
no04,533967_11518_13596_1,1445,14:45,0.0,0.0,0.0
no04,533967_11518_13596_1,1500,15:00,0.0,0.0,0.0
no04,533967_11518_13596_1,1515,15:15,0.0,0.0,0.0
no04,533967_11518_13596_1,1530,15:30,0.0,0.0,0.0
no04,533967_11518_13596_1,1545,15:45,0.0,0.0,0.0
no04,533967_11518_13596_1,1600,16:00,0.0,0.0,0.0
no04,533967_11518_13596_1,1615,16:15,0.0,0.0,0.0
no04,533967_11518_13596_1,1630,16:30,0.0,0.0,0.0
no04,533967_11518_13596_1,1645,16:45,0.0,0.0,0.0
no04,533967_11518_13596_1,1700,17:00,0.0,0.0,0.0
no04,533967_11518_13596_1,1715,17:15,0.0,0.0,0.0
no04,533967_11518_13596_1,1730,17:30,0.0,0.0,0.0
no04,533967_11518_13596_1,1745,17:45,0.0,0.0,0.0
no04,533967_11518_13596_1,1800,18:00,0.0,0.0,0.0
no04,533967_11518_13596_1,1815,18:15,0.0,0.0,0.0
no04,533967_11518_13596_1,1830,18:30,0.0,0.0,0.0
no04,533967_11518_13596_1,1845,18:45,0.0,0.0,0.0
no04,533967_12969_87770_0,630,06:30,0.0,0.0,0.0
no04,533967_12969_87770_0,645,06:45,0.0,0.0,0.0
no04,533967_12969_87770_0,700,07:00,0.0,0.0,0.0
no04,533967_12969_87770_0,715,07:15,0.0,0.0,0.0
no04,533967_12969_87770_0,730,07:30,0.0,0.0,0.0
no04,533967_12969_87770_0,745,07:45,0.0,0.0,0.0
no04,533967_12969_87770_0,800,08:00,0.0,0.0,0.0
no04,533967_12969_87770_0,815,08:15,0.0,0.0,0.0
no04,533967_12969_87770_0,830,08:30,0.0,0.0,0.0
no04,533967_12969_87770_0,845,08:45,0.0,0.0,0.0
no04,533967_12969_87770_0,900,09:00,0.0,0.0,0.0
no04,533967_12969_87770_0,915,09:15,0.0,0.0,0.0
no04,533967_12969_87770_0,930,09:30,0.0,0.0,0.0
no04,533967_12969_87770_0,945,09:45,0.0,0.0,0.0
no04,533967_12969_87770_0,1000,10:00,0.0,0.0,0.0
no04,533967_12969_87770_0,1015,10:15,0.0,0.0,0.0
no04,533967_12969_87770_0,1030,10:30,0.0,0.0,0.0
no04,533967_12969_87770_0,1045,10:45,0.0,0.0,0.0
no04,533967_12969_87770_0,1100,11:00,0.0,0.0,0.0
no04,533967_12969_87770_0,1115,11:15,0.0,0.0,0.0
no04,533967_12969_87770_0,1130,11:30,0.0,0.0,0.0
no04,533967_12969_87770_0,1145,11:45,0.0,0.0,0.0
no04,533967_12969_87770_0,1200,12:00,0.0,0.0,0.0
no04,533967_12969_87770_0,1215,12:15,0.0,0.0,0.0
no04,533967_12969_87770_0,1230,12:30,0.0,0.0,0.0
no04,533967_12969_87770_0,1245,12:45,0.0,0.0,0.0
no04,533967_12969_87770_0,1300,13:00,0.0,0.0,0.0
no04,533967_12969_87770_0,1315,13:15,0.0,0.0,0.0
no04,533967_12969_87770_0,1330,13:30,0.0,0.0,0.0
no04,533967_12969_87770_0,1345,13:45,0.0,0.0,0.0
no04,533967_12969_87770_0,1400,14:00,0.0,0.0,0.0
no04,533967_12969_87770_0,1415,14:15,0.0,0.0,0.0
no04,533967_12969_87770_0,1430,14:30,0.0,0.0,0.0
no04,533967_12969_87770_0,1445,14:45,0.0,0.0,0.0
no04,533967_12969_87770_0,1500,15:00,0.0,0.0,0.0
no04,533967_12969_87770_0,1515,15:15,0.0,0.0,0.0
no04,533967_12969_87770_0,1530,15:30,0.0,0.0,0.0
no04,533967_12969_87770_0,1545,15:45,0.0,0.0,0.0
no04,533967_12969_87770_0,1600,16:00,0.0,0.0,0.0
no04,533967_12969_87770_0,1615,16:15,0.0,0.0,0.0
no04,533967_12969_87770_0,1630,16:30,0.0,0.0,0.0
no04,533967_12969_87770_0,1645,16:45,0.0,0.0,0.0
no04,533967_12969_87770_0,1700,17:00,0.0,0.0,0.0
no04,533967_12969_87770_0,1715,17:15,0.0,0.0,0.0
no04,533967_12969_87770_0,1730,17:30,0.0,0.0,0.0
no04,533967_12969_87770_0,1745,17:45,0.0,0.0,0.0
no04,533967_12969_87770_0,1800,18:00,0.0,0.0,0.0
no04,533967_12969_87770_0,1815,18:15,0.0,0.0,0.0
no04,533967_12969_87770_0,1830,18:30,0.0,0.0,0.0
no04,533967_12969_87770_0,1845,18:45,0.0,0.0,0.0
no04,533967_12969_87770_1,630,06:30,0.0,0.0,0.0
no04,533967_12969_87770_1,645,06:45,0.0,0.0,0.0
no04,533967_12969_87770_1,700,07:00,0.0,0.0,0.0
no04,533967_12969_87770_1,715,07:15,0.0,0.0,0.0
no04,533967_12969_87770_1,730,07:30,0.0,0.0,0.0
no04,533967_12969_87770_1,745,07:45,0.0,0.0,0.0
no04,533967_12969_87770_1,800,08:00,0.0,0.0,0.0
no04,533967_12969_87770_1,815,08:15,0.0,0.0,0.0
no04,533967_12969_87770_1,830,08:30,0.0,0.0,0.0
no04,533967_12969_87770_1,845,08:45,0.0,0.0,0.0
no04,533967_12969_87770_1,900,09:00,0.0,0.0,0.0
no04,533967_12969_87770_1,915,09:15,0.0,0.0,0.0
no04,533967_12969_87770_1,930,09:30,0.0,0.0,0.0
no04,533967_12969_87770_1,945,09:45,0.0,0.0,0.0
no04,533967_12969_87770_1,1000,10:00,0.0,0.0,0.0
no04,533967_12969_87770_1,1015,10:15,0.0,0.0,0.0
no04,533967_12969_87770_1,1030,10:30,0.0,0.0,0.0
no04,533967_12969_87770_1,1045,10:45,0.0,0.0,0.0
no04,533967_12969_87770_1,1100,11:00,0.0,0.0,0.0
no04,533967_12969_87770_1,1115,11:15,0.0,0.0,0.0
no04,533967_12969_87770_1,1130,11:30,0.0,0.0,0.0
no04,533967_12969_87770_1,1145,11:45,0.0,0.0,0.0
no04,533967_12969_87770_1,1200,12:00,0.0,0.0,0.0
no04,533967_12969_87770_1,1215,12:15,0.0,0.0,0.0
no04,533967_12969_87770_1,1230,12:30,0.0,0.0,0.0
no04,533967_12969_87770_1,1245,12:45,0.0,0.0,0.0
no04,533967_12969_87770_1,1300,13:00,0.0,0.0,0.0
no04,533967_12969_87770_1,1315,13:15,0.0,0.0,0.0
no04,533967_12969_87770_1,1330,13:30,0.0,0.0,0.0
no04,533967_12969_87770_1,1345,13:45,0.0,0.0,0.0
no04,533967_12969_87770_1,1400,14:00,0.0,0.0,0.0
no04,533967_12969_87770_1,1415,14:15,0.0,0.0,0.0
no04,533967_12969_87770_1,1430,14:30,0.0,0.0,0.0
no04,533967_12969_87770_1,1445,14:45,0.0,0.0,0.0
no04,533967_12969_87770_1,1500,15:00,0.0,0.0,0.0
no04,533967_12969_87770_1,1515,15:15,0.0,0.0,0.0
no04,533967_12969_87770_1,1530,15:30,0.0,0.0,0.0
no04,533967_12969_87770_1,1545,15:45,0.0,0.0,0.0
no04,533967_12969_87770_1,1600,16:00,0.0,0.0,0.0
no04,533967_12969_87770_1,1615,16:15,0.0,0.0,0.0
no04,533967_12969_87770_1,1630,16:30,0.0,0.0,0.0
no04,533967_12969_87770_1,1645,16:45,0.0,0.0,0.0
no04,533967_12969_87770_1,1700,17:00,0.0,0.0,0.0
no04,533967_12969_87770_1,1715,17:15,0.0,0.0,0.0
no04,533967_12969_87770_1,1730,17:30,0.0,0.0,0.0
no04,533967_12969_87770_1,1745,17:45,0.0,0.0,0.0
no04,533967_12969_87770_1,1800,18:00,0.0,0.0,0.0
no04,533967_12969_87770_1,1815,18:15,0.0,0.0,0.0
no04,533967_12969_87770_1,1830,18:30,0.0,0.0,0.0
no04,533967_12969_87770_1,1845,18:45,0.0,0.0,0.0
no04,533967_13107_13108_0,630,06:30,449.9725,449.9725,0.0
no04,533967_13107_13108_0,645,06:45,364.04,364.04,0.0
no04,533967_13107_13108_0,700,07:00,442.6215,442.6215,0.0
no04,533967_13107_13108_0,715,07:15,318.4335,318.4915,0.057999999999992724
no04,533967_13107_13108_0,730,07:30,365.3935,365.29,-0.10349999999999682
no04,533967_13107_13108_0,745,07:45,298.9615,299.08,0.11849999999998317
no04,533967_13107_13108_0,800,08:00,442.38,441.763,-0.6170000000000186
no04,533967_13107_13108_0,815,08:15,598.1605,598.853,0.6924999999999955
no04,533967_13107_13108_0,830,08:30,541.726,541.2875,-0.43849999999997635
no04,533967_13107_13108_0,845,08:45,334.821,335.5705,0.749499999999955
no04,533967_13107_13108_0,900,09:00,355.162,355.302,0.1400000000000432
no04,533967_13107_13108_0,915,09:15,243.99050000000005,242.3405,-1.6500000000000625
no04,533967_13107_13108_0,930,09:30,384.757,385.9505,1.1934999999999718
no04,533967_13107_13108_0,945,09:45,309.3805,308.833,-0.5474999999999568
no04,533967_13107_13108_0,1000,10:00,428.3305,428.283,-0.0474999999999568
no04,533967_13107_13108_0,1015,10:15,291.973,293.133,1.1599999999999682
no04,533967_13107_13108_0,1030,10:30,371.8645,371.214,-0.6505000000000223
no04,533967_13107_13108_0,1045,10:45,201.474,202.6165,1.1425000000000125
no04,533967_13107_13108_0,1100,11:00,231.4225,230.1125,-1.3100000000000023
no04,533967_13107_13108_0,1115,11:15,253.2815,252.258,-1.0234999999999843
no04,533967_13107_13108_0,1130,11:30,362.1345,363.953,1.8184999999999718
no04,533967_13107_13108_0,1145,11:45,213.9445,213.892,-0.052500000000009095
no04,533967_13107_13108_0,1200,12:00,221.452,221.7525,0.30049999999999955
no04,533967_13107_13108_0,1215,12:15,207.1035,205.496,-1.6074999999999875
no04,533967_13107_13108_0,1230,12:30,200.9475,201.419,0.47150000000002024
no04,533967_13107_13108_0,1245,12:45,153.5515,153.19750000000002,-0.353999999999985
no04,533967_13107_13108_0,1300,13:00,209.9115,210.8215,0.9099999999999966
no04,533967_13107_13108_0,1315,13:15,122.3475,121.8965,-0.4509999999999934
no04,533967_13107_13108_0,1330,13:30,153.243,152.094,-1.149000000000001
no04,533967_13107_13108_0,1345,13:45,154.098,154.153,0.0549999999999784
no04,533967_13107_13108_0,1400,14:00,196.8175,198.0125,1.1949999999999932
no04,533967_13107_13108_0,1415,14:15,220.66,221.162,0.5020000000000095
no04,533967_13107_13108_0,1430,14:30,308.844,308.3095,-0.53449999999998
no04,533967_13107_13108_0,1445,14:45,145.99949999999998,146.7055,0.7060000000000173
no04,533967_13107_13108_0,1500,15:00,219.1565,219.1085,-0.04800000000000182
no04,533967_13107_13108_0,1515,15:15,144.3505,142.653,-1.6975000000000193
no04,533967_13107_13108_0,1530,15:30,153.597,156.398,2.8009999999999877
no04,533967_13107_13108_0,1545,15:45,175.8415,173.9995,-1.8419999999999845
no04,533967_13107_13108_0,1600,16:00,353.56100000000004,352.2225,-1.3385000000000105
no04,533967_13107_13108_0,1615,16:15,209.75100000000003,210.6025,0.8514999999999588
no04,533967_13107_13108_0,1630,16:30,386.889,389.453,2.5639999999999645
no04,533967_13107_13108_0,1645,16:45,253.25,252.088,-1.1620000000000061
no04,533967_13107_13108_0,1700,17:00,407.3085,407.057,-0.25149999999996453
no04,533967_13107_13108_0,1715,17:15,307.0505,307.1155,0.06499999999999773
no04,533967_13107_13108_0,1730,17:30,215.702,215.861,0.15899999999999181
no04,533967_13107_13108_0,1745,17:45,231.975,230.9535,-1.0215000000000032
no04,533967_13107_13108_0,1800,18:00,304.524,305.6315,1.107500000000016
no04,533967_13107_13108_0,1815,18:15,158.25,157.7045,-0.5455000000000041
no04,533967_13107_13108_0,1830,18:30,197.707,197.7455,0.03849999999999909
no04,533967_13107_13108_0,1845,18:45,222.855,221.15500000000003,-1.6999999999999602
no04,533967_13107_13108_1,630,06:30,191.4,191.4,0.0
no04,533967_13107_13108_1,645,06:45,167.2,167.2,0.0
no04,533967_13107_13108_1,700,07:00,392.15,389.95,-2.1999999999999886
no04,533967_13107_13108_1,715,07:15,290.4,293.15,2.75
no04,533967_13107_13108_1,730,07:30,457.144,457.6,0.4560000000000173
no04,533967_13107_13108_1,745,07:45,575.362,578.6,3.2380000000000564
no04,533967_13107_13108_1,800,08:00,568.15,558.8,-9.350000000000023
no04,533967_13107_13108_1,815,08:15,488.4,493.9,5.5
no04,533967_13107_13108_1,830,08:30,126.0,125.4,-0.5999999999999943
no04,533967_13107_13108_1,845,08:45,0.0,0.0,0.0
no04,533967_13107_13108_1,900,09:00,42.9,42.9,0.0
no04,533967_13107_13108_1,915,09:15,90.75,95.199,4.448999999999998
no04,533967_13107_13108_1,930,09:30,430.217,431.75,1.5330000000000155
no04,533967_13107_13108_1,945,09:45,174.35,167.7995,-6.5504999999999995
no04,533967_13107_13108_1,1000,10:00,332.8385,337.985,5.146500000000003
no04,533967_13107_13108_1,1015,10:15,118.8,114.4,-4.3999999999999915
no04,533967_13107_13108_1,1030,10:30,31.307692307692307,31.307692307692307,0.0
no04,533967_13107_13108_1,1045,10:45,87.45,88.55,1.0999999999999943
no04,533967_13107_13108_1,1100,11:00,45.1,47.3,2.1999999999999957
no04,533967_13107_13108_1,1115,11:15,632.558,628.77,-3.788000000000011
no04,533967_13107_13108_1,1130,11:30,169.95,170.548,0.5980000000000132
no04,533967_13107_13108_1,1145,11:45,67.1,67.1,0.0
no04,533967_13107_13108_1,1200,12:00,100.65,104.5,3.8499999999999943
no04,533967_13107_13108_1,1215,12:15,25.473684210526315,21.45,-4.023684210526316
no04,533967_13107_13108_1,1230,12:30,270.05,269.5,-0.5500000000000114
no04,533967_13107_13108_1,1245,12:45,146.3,147.95,1.6499999999999773
no04,533967_13107_13108_1,1300,13:00,128.15,132.55,4.400000000000006
no04,533967_13107_13108_1,1315,13:15,44.55,37.95,-6.599999999999994
no04,533967_13107_13108_1,1330,13:30,560.006,572.6479999999999,12.641999999999939
no04,533967_13107_13108_1,1345,13:45,276.1,263.45,-12.650000000000034
no04,533967_13107_13108_1,1400,14:00,207.35,201.901,-5.448999999999984
no04,533967_13107_13108_1,1415,14:15,26.27777777777778,30.68421052631579,4.406432748538013
no04,533967_13107_13108_1,1430,14:30,0.0,0.0,0.0
no04,533967_13107_13108_1,1445,14:45,84.7,85.299,0.5990000000000038
no04,533967_13107_13108_1,1500,15:00,178.798,185.35,6.5519999999999925
no04,533967_13107_13108_1,1515,15:15,91.898,87.45,-4.447999999999993
no04,533967_13107_13108_1,1530,15:30,47.3,40.7,-6.599999999999994
no04,533967_13107_13108_1,1545,15:45,174.9,181.5,6.599999999999994
no04,533967_13107_13108_1,1600,16:00,242.0,231.0,-11.0
no04,533967_13107_13108_1,1615,16:15,104.5,112.75,8.25
no04,533967_13107_13108_1,1630,16:30,157.85,155.7025,-2.147500000000008
no04,533967_13107_13108_1,1645,16:45,90.8,89.1495,-1.6504999999999939
no04,533967_13107_13108_1,1700,17:00,174.35,170.5,-3.8499999999999943
no04,533967_13107_13108_1,1715,17:15,280.5,287.1,6.600000000000023
no04,533967_13107_13108_1,1730,17:30,528.596,534.6,6.004000000000019
no04,533967_13107_13108_1,1745,17:45,281.6,279.95,-1.650000000000034
no04,533967_13107_13108_1,1800,18:00,198.55,189.2,-9.350000000000023
no04,533967_13107_13108_1,1815,18:15,182.05,182.1025,0.05249999999998067
no04,533967_13107_13108_1,1830,18:30,311.3,314.6,3.3000000000000114
no04,533967_13107_13108_1,1845,18:45,420.75,416.9,-3.8500000000000227
no04,533967_13308_88665_0,630,06:30,0.0,0.0,0.0
no04,533967_13308_88665_0,645,06:45,0.0,0.0,0.0
no04,533967_13308_88665_0,700,07:00,0.0,0.0,0.0
no04,533967_13308_88665_0,715,07:15,0.0,0.0,0.0
no04,533967_13308_88665_0,730,07:30,0.0,0.0,0.0
no04,533967_13308_88665_0,745,07:45,0.0,0.0,0.0
no04,533967_13308_88665_0,800,08:00,0.0,0.0,0.0
no04,533967_13308_88665_0,815,08:15,0.0,0.0,0.0
no04,533967_13308_88665_0,830,08:30,0.0,0.0,0.0
no04,533967_13308_88665_0,845,08:45,0.0,0.0,0.0
no04,533967_13308_88665_0,900,09:00,0.0,0.0,0.0
no04,533967_13308_88665_0,915,09:15,0.0,0.0,0.0
no04,533967_13308_88665_0,930,09:30,0.0,0.0,0.0
no04,533967_13308_88665_0,945,09:45,0.0,0.0,0.0
no04,533967_13308_88665_0,1000,10:00,0.0,0.0,0.0
no04,533967_13308_88665_0,1015,10:15,0.0,0.0,0.0
no04,533967_13308_88665_0,1030,10:30,0.0,0.0,0.0
no04,533967_13308_88665_0,1045,10:45,0.0,0.0,0.0
no04,533967_13308_88665_0,1100,11:00,0.0,0.0,0.0
no04,533967_13308_88665_0,1115,11:15,0.0,0.0,0.0
no04,533967_13308_88665_0,1130,11:30,0.0,0.0,0.0
no04,533967_13308_88665_0,1145,11:45,0.0,0.0,0.0
no04,533967_13308_88665_0,1200,12:00,0.0,0.0,0.0
no04,533967_13308_88665_0,1215,12:15,0.0,0.0,0.0
no04,533967_13308_88665_0,1230,12:30,0.0,0.0,0.0
no04,533967_13308_88665_0,1245,12:45,0.0,0.0,0.0
no04,533967_13308_88665_0,1300,13:00,0.0,0.0,0.0
no04,533967_13308_88665_0,1315,13:15,0.0,0.0,0.0
no04,533967_13308_88665_0,1330,13:30,0.0,0.0,0.0
no04,533967_13308_88665_0,1345,13:45,0.0,0.0,0.0
no04,533967_13308_88665_0,1400,14:00,0.0,0.0,0.0
no04,533967_13308_88665_0,1415,14:15,0.0,0.0,0.0
no04,533967_13308_88665_0,1430,14:30,0.0,0.0,0.0
no04,533967_13308_88665_0,1445,14:45,0.0,0.0,0.0
no04,533967_13308_88665_0,1500,15:00,0.0,0.0,0.0
no04,533967_13308_88665_0,1515,15:15,0.0,0.0,0.0
no04,533967_13308_88665_0,1530,15:30,0.0,0.0,0.0
no04,533967_13308_88665_0,1545,15:45,0.0,0.0,0.0
no04,533967_13308_88665_0,1600,16:00,0.0,0.0,0.0
no04,533967_13308_88665_0,1615,16:15,0.0,0.0,0.0
no04,533967_13308_88665_0,1630,16:30,0.0,0.0,0.0
no04,533967_13308_88665_0,1645,16:45,0.0,0.0,0.0
no04,533967_13308_88665_0,1700,17:00,0.0,0.0,0.0
no04,533967_13308_88665_0,1715,17:15,0.0,0.0,0.0
no04,533967_13308_88665_0,1730,17:30,0.0,0.0,0.0
no04,533967_13308_88665_0,1745,17:45,0.0,0.0,0.0
no04,533967_13308_88665_0,1800,18:00,0.0,0.0,0.0
no04,533967_13308_88665_0,1815,18:15,0.0,0.0,0.0
no04,533967_13308_88665_0,1830,18:30,0.0,0.0,0.0
no04,533967_13308_88665_0,1845,18:45,0.0,0.0,0.0
no04,533967_13308_88665_1,630,06:30,0.0,0.0,0.0
no04,533967_13308_88665_1,645,06:45,0.0,0.0,0.0
no04,533967_13308_88665_1,700,07:00,0.0,0.0,0.0
no04,533967_13308_88665_1,715,07:15,0.0,0.0,0.0
no04,533967_13308_88665_1,730,07:30,0.0,0.0,0.0
no04,533967_13308_88665_1,745,07:45,0.0,0.0,0.0
no04,533967_13308_88665_1,800,08:00,0.0,0.0,0.0
no04,533967_13308_88665_1,815,08:15,0.0,0.0,0.0
no04,533967_13308_88665_1,830,08:30,0.0,0.0,0.0
no04,533967_13308_88665_1,845,08:45,0.0,0.0,0.0
no04,533967_13308_88665_1,900,09:00,0.0,0.0,0.0
no04,533967_13308_88665_1,915,09:15,0.0,0.0,0.0
no04,533967_13308_88665_1,930,09:30,0.0,0.0,0.0
no04,533967_13308_88665_1,945,09:45,0.0,0.0,0.0
no04,533967_13308_88665_1,1000,10:00,0.0,0.0,0.0
no04,533967_13308_88665_1,1015,10:15,0.0,0.0,0.0
no04,533967_13308_88665_1,1030,10:30,0.0,0.0,0.0
no04,533967_13308_88665_1,1045,10:45,0.0,0.0,0.0
no04,533967_13308_88665_1,1100,11:00,0.0,0.0,0.0
no04,533967_13308_88665_1,1115,11:15,0.0,0.0,0.0
no04,533967_13308_88665_1,1130,11:30,0.0,0.0,0.0
no04,533967_13308_88665_1,1145,11:45,0.0,0.0,0.0
no04,533967_13308_88665_1,1200,12:00,0.0,0.0,0.0
no04,533967_13308_88665_1,1215,12:15,0.0,0.0,0.0
no04,533967_13308_88665_1,1230,12:30,0.0,0.0,0.0
no04,533967_13308_88665_1,1245,12:45,0.0,0.0,0.0
no04,533967_13308_88665_1,1300,13:00,0.0,0.0,0.0
no04,533967_13308_88665_1,1315,13:15,0.0,0.0,0.0
no04,533967_13308_88665_1,1330,13:30,0.0,0.0,0.0
no04,533967_13308_88665_1,1345,13:45,0.0,0.0,0.0
no04,533967_13308_88665_1,1400,14:00,0.0,0.0,0.0
no04,533967_13308_88665_1,1415,14:15,0.0,0.0,0.0
no04,533967_13308_88665_1,1430,14:30,0.0,0.0,0.0
no04,533967_13308_88665_1,1445,14:45,0.0,0.0,0.0
no04,533967_13308_88665_1,1500,15:00,0.0,0.0,0.0
no04,533967_13308_88665_1,1515,15:15,0.0,0.0,0.0
no04,533967_13308_88665_1,1530,15:30,0.0,0.0,0.0
no04,533967_13308_88665_1,1545,15:45,0.0,0.0,0.0
no04,533967_13308_88665_1,1600,16:00,0.0,0.0,0.0
no04,533967_13308_88665_1,1615,16:15,0.0,0.0,0.0
no04,533967_13308_88665_1,1630,16:30,0.0,0.0,0.0
no04,533967_13308_88665_1,1645,16:45,0.0,0.0,0.0
no04,533967_13308_88665_1,1700,17:00,0.0,0.0,0.0
no04,533967_13308_88665_1,1715,17:15,0.0,0.0,0.0
no04,533967_13308_88665_1,1730,17:30,0.0,0.0,0.0
no04,533967_13308_88665_1,1745,17:45,0.0,0.0,0.0
no04,533967_13308_88665_1,1800,18:00,0.0,0.0,0.0
no04,533967_13308_88665_1,1815,18:15,0.0,0.0,0.0
no04,533967_13308_88665_1,1830,18:30,0.0,0.0,0.0
no04,533967_13308_88665_1,1845,18:45,0.0,0.0,0.0
no04,533967_13715_72472_0,630,06:30,0.0,0.0,0.0
no04,533967_13715_72472_0,645,06:45,0.0,0.0,0.0
no04,533967_13715_72472_0,700,07:00,0.0,0.0,0.0
no04,533967_13715_72472_0,715,07:15,0.0,0.0,0.0
no04,533967_13715_72472_0,730,07:30,0.0,0.0,0.0
no04,533967_13715_72472_0,745,07:45,0.0,0.0,0.0
no04,533967_13715_72472_0,800,08:00,0.0,0.0,0.0
no04,533967_13715_72472_0,815,08:15,0.0,0.0,0.0
no04,533967_13715_72472_0,830,08:30,0.0,0.0,0.0
no04,533967_13715_72472_0,845,08:45,0.0,0.0,0.0
no04,533967_13715_72472_0,900,09:00,0.0,0.0,0.0
no04,533967_13715_72472_0,915,09:15,0.0,0.0,0.0
no04,533967_13715_72472_0,930,09:30,0.0,0.0,0.0
no04,533967_13715_72472_0,945,09:45,0.0,0.0,0.0
no04,533967_13715_72472_0,1000,10:00,0.0,0.0,0.0
no04,533967_13715_72472_0,1015,10:15,0.0,0.0,0.0
no04,533967_13715_72472_0,1030,10:30,0.0,0.0,0.0
no04,533967_13715_72472_0,1045,10:45,0.0,0.0,0.0
no04,533967_13715_72472_0,1100,11:00,0.0,0.0,0.0
no04,533967_13715_72472_0,1115,11:15,0.0,0.0,0.0
no04,533967_13715_72472_0,1130,11:30,0.0,0.0,0.0
no04,533967_13715_72472_0,1145,11:45,0.0,0.0,0.0
no04,533967_13715_72472_0,1200,12:00,0.0,0.0,0.0
no04,533967_13715_72472_0,1215,12:15,0.0,0.0,0.0
no04,533967_13715_72472_0,1230,12:30,0.0,0.0,0.0
no04,533967_13715_72472_0,1245,12:45,0.0,0.0,0.0
no04,533967_13715_72472_0,1300,13:00,0.0,0.0,0.0
no04,533967_13715_72472_0,1315,13:15,0.0,0.0,0.0
no04,533967_13715_72472_0,1330,13:30,0.0,0.0,0.0
no04,533967_13715_72472_0,1345,13:45,0.0,0.0,0.0
no04,533967_13715_72472_0,1400,14:00,0.0,0.0,0.0
no04,533967_13715_72472_0,1415,14:15,0.0,0.0,0.0
no04,533967_13715_72472_0,1430,14:30,0.0,0.0,0.0
no04,533967_13715_72472_0,1445,14:45,0.0,0.0,0.0
no04,533967_13715_72472_0,1500,15:00,0.0,0.0,0.0
no04,533967_13715_72472_0,1515,15:15,0.0,0.0,0.0
no04,533967_13715_72472_0,1530,15:30,0.0,0.0,0.0
no04,533967_13715_72472_0,1545,15:45,0.0,0.0,0.0
no04,533967_13715_72472_0,1600,16:00,0.0,0.0,0.0
no04,533967_13715_72472_0,1615,16:15,0.0,0.0,0.0
no04,533967_13715_72472_0,1630,16:30,0.0,0.0,0.0
no04,533967_13715_72472_0,1645,16:45,0.0,0.0,0.0
no04,533967_13715_72472_0,1700,17:00,0.0,0.0,0.0
no04,533967_13715_72472_0,1715,17:15,0.0,0.0,0.0
no04,533967_13715_72472_0,1730,17:30,0.0,0.0,0.0
no04,533967_13715_72472_0,1745,17:45,0.0,0.0,0.0
no04,533967_13715_72472_0,1800,18:00,0.0,0.0,0.0
no04,533967_13715_72472_0,1815,18:15,0.0,0.0,0.0
no04,533967_13715_72472_0,1830,18:30,0.0,0.0,0.0
no04,533967_13715_72472_0,1845,18:45,0.0,0.0,0.0
no04,533967_13715_72472_1,630,06:30,0.0,0.0,0.0
no04,533967_13715_72472_1,645,06:45,0.0,0.0,0.0
no04,533967_13715_72472_1,700,07:00,0.0,0.0,0.0
no04,533967_13715_72472_1,715,07:15,0.0,0.0,0.0
no04,533967_13715_72472_1,730,07:30,0.0,0.0,0.0
no04,533967_13715_72472_1,745,07:45,0.0,0.0,0.0
no04,533967_13715_72472_1,800,08:00,0.0,0.0,0.0
no04,533967_13715_72472_1,815,08:15,0.0,0.0,0.0
no04,533967_13715_72472_1,830,08:30,0.0,0.0,0.0
no04,533967_13715_72472_1,845,08:45,0.0,0.0,0.0
no04,533967_13715_72472_1,900,09:00,0.0,0.0,0.0
no04,533967_13715_72472_1,915,09:15,0.0,0.0,0.0
no04,533967_13715_72472_1,930,09:30,0.0,0.0,0.0
no04,533967_13715_72472_1,945,09:45,0.0,0.0,0.0
no04,533967_13715_72472_1,1000,10:00,0.0,0.0,0.0
no04,533967_13715_72472_1,1015,10:15,0.0,0.0,0.0
no04,533967_13715_72472_1,1030,10:30,0.0,0.0,0.0
no04,533967_13715_72472_1,1045,10:45,0.0,0.0,0.0
no04,533967_13715_72472_1,1100,11:00,0.0,0.0,0.0
no04,533967_13715_72472_1,1115,11:15,0.0,0.0,0.0
no04,533967_13715_72472_1,1130,11:30,0.0,0.0,0.0
no04,533967_13715_72472_1,1145,11:45,0.0,0.0,0.0
no04,533967_13715_72472_1,1200,12:00,0.0,0.0,0.0
no04,533967_13715_72472_1,1215,12:15,0.0,0.0,0.0
no04,533967_13715_72472_1,1230,12:30,0.0,0.0,0.0
no04,533967_13715_72472_1,1245,12:45,0.0,0.0,0.0
no04,533967_13715_72472_1,1300,13:00,0.0,0.0,0.0
no04,533967_13715_72472_1,1315,13:15,0.0,0.0,0.0
no04,533967_13715_72472_1,1330,13:30,0.0,0.0,0.0
no04,533967_13715_72472_1,1345,13:45,0.0,0.0,0.0
no04,533967_13715_72472_1,1400,14:00,0.0,0.0,0.0
no04,533967_13715_72472_1,1415,14:15,0.0,0.0,0.0
no04,533967_13715_72472_1,1430,14:30,0.0,0.0,0.0
no04,533967_13715_72472_1,1445,14:45,0.0,0.0,0.0
no04,533967_13715_72472_1,1500,15:00,0.0,0.0,0.0
no04,533967_13715_72472_1,1515,15:15,0.0,0.0,0.0
no04,533967_13715_72472_1,1530,15:30,0.0,0.0,0.0
no04,533967_13715_72472_1,1545,15:45,0.0,0.0,0.0
no04,533967_13715_72472_1,1600,16:00,0.0,0.0,0.0
no04,533967_13715_72472_1,1615,16:15,0.0,0.0,0.0
no04,533967_13715_72472_1,1630,16:30,0.0,0.0,0.0
no04,533967_13715_72472_1,1645,16:45,0.0,0.0,0.0
no04,533967_13715_72472_1,1700,17:00,0.0,0.0,0.0
no04,533967_13715_72472_1,1715,17:15,0.0,0.0,0.0
no04,533967_13715_72472_1,1730,17:30,0.0,0.0,0.0
no04,533967_13715_72472_1,1745,17:45,0.0,0.0,0.0
no04,533967_13715_72472_1,1800,18:00,0.0,0.0,0.0
no04,533967_13715_72472_1,1815,18:15,0.0,0.0,0.0
no04,533967_13715_72472_1,1830,18:30,0.0,0.0,0.0
no04,533967_13715_72472_1,1845,18:45,0.0,0.0,0.0
no04,533967_13844_14155_1,630,06:30,511.25,517.5550000000001,6.305000000000064
no04,533967_13844_14155_1,645,06:45,1598.0385,1595.339,-2.699500000000171
no04,533967_13844_14155_1,700,07:00,1720.1825,1725.297,5.114500000000135
no04,533967_13844_14155_1,715,07:15,2070.4145,2062.6665000000003,-7.7479999999995925
no04,533967_13844_14155_1,730,07:30,1888.9035,1880.259,-8.64449999999988
no04,533967_13844_14155_1,745,07:45,1435.677,1441.802,6.125
no04,533967_13844_14155_1,800,08:00,1622.621,1628.814,6.192999999999984
no04,533967_13844_14155_1,815,08:15,2698.7115000000003,2691.786,-6.925500000000284
no04,533967_13844_14155_1,830,08:30,2422.8995,2416.301,-6.598500000000058
no04,533967_13844_14155_1,845,08:45,2351.6685,2363.984,12.315499999999702
no04,533967_13844_14155_1,900,09:00,1892.661,1882.8485,-9.8125
no04,533967_13844_14155_1,915,09:15,1855.353,1862.8385000000003,7.485500000000229
no04,533967_13844_14155_1,930,09:30,1897.6935,1899.019,1.32549999999992
no04,533967_13844_14155_1,945,09:45,2588.302,2595.9525000000003,7.650500000000193
no04,533967_13844_14155_1,1000,10:00,2704.8605,2696.46,-8.400499999999738
no04,533967_13844_14155_1,1015,10:15,3230.2755,3210.1415,-20.134000000000015
no04,533967_13844_14155_1,1030,10:30,2947.027,2964.3425,17.315500000000156
no04,533967_13844_14155_1,1045,10:45,2618.1885,2642.8145,24.62599999999975
no04,533967_13844_14155_1,1100,11:00,3383.8615000000004,3348.1005,-35.76100000000042
no04,533967_13844_14155_1,1115,11:15,1739.2395,1760.4995,21.25999999999999
no04,533967_13844_14155_1,1130,11:30,3096.046,3082.2255,-13.82049999999981
no04,533967_13844_14155_1,1145,11:45,2989.4155,3037.936,48.520500000000084
no04,533967_13844_14155_1,1200,12:00,2380.5745,2340.612,-39.96250000000009
no04,533967_13844_14155_1,1215,12:15,2769.349,2751.536,-17.813000000000102
no04,533967_13844_14155_1,1230,12:30,1925.1575,1952.6565,27.499000000000024
no04,533967_13844_14155_1,1245,12:45,2920.7035,2873.371,-47.33249999999998
no04,533967_13844_14155_1,1300,13:00,2953.9295,3020.7185,66.78899999999976
no04,533967_13844_14155_1,1315,13:15,2935.586,2904.8105,-30.775499999999738
no04,533967_13844_14155_1,1330,13:30,2689.318,2685.498,-3.8200000000001637
no04,533967_13844_14155_1,1345,13:45,1895.271,1885.035,-10.235999999999876
no04,533967_13844_14155_1,1400,14:00,2001.461,2023.788,22.326999999999998
no04,533967_13844_14155_1,1415,14:15,3273.0175,3230.653,-42.364500000000135
no04,533967_13844_14155_1,1430,14:30,2712.9895,2734.139,21.14949999999999
no04,533967_13844_14155_1,1445,14:45,2821.8115000000003,2839.435,17.623499999999694
no04,533967_13844_14155_1,1500,15:00,1968.7885,1985.347,16.558499999999867
no04,533967_13844_14155_1,1515,15:15,2000.0445,1948.75,-51.29449999999997
no04,533967_13844_14155_1,1530,15:30,3322.968,3325.195,2.2270000000003165
no04,533967_13844_14155_1,1545,15:45,2660.3665,2690.1075,29.740999999999985
no04,533967_13844_14155_1,1600,16:00,3046.802,3029.2265,-17.57549999999992
no04,533967_13844_14155_1,1615,16:15,2344.032,2403.797,59.76499999999987
no04,533967_13844_14155_1,1630,16:30,2148.963,2132.588,-16.375
no04,533967_13844_14155_1,1645,16:45,2826.4875,2789.0315,-37.45600000000013
no04,533967_13844_14155_1,1700,17:00,2960.5465,2900.797,-59.7494999999999
no04,533967_13844_14155_1,1715,17:15,3726.8415,3792.95,66.10849999999982
no04,533967_13844_14155_1,1730,17:30,2027.8735,1995.9875,-31.885999999999967
no04,533967_13844_14155_1,1745,17:45,2397.8375,2407.741,9.903499999999894
no04,533967_13844_14155_1,1800,18:00,2175.27,2193.8425,18.57250000000022
no04,533967_13844_14155_1,1815,18:15,2295.359,2244.155,-51.20399999999972
no04,533967_13844_14155_1,1830,18:30,2172.6775,2186.589,13.91150000000016
no04,533967_13844_14155_1,1845,18:45,1582.558,1635.1095,52.55150000000003
no04,533967_13891_14021_0,630,06:30,692.467,687.3285,-5.138500000000022
no04,533967_13891_14021_0,645,06:45,982.6605,998.636,15.975500000000011
no04,533967_13891_14021_0,700,07:00,585.9655,581.5485,-4.41700000000003
no04,533967_13891_14021_0,715,07:15,425.7445,443.7575,18.012999999999977
no04,533967_13891_14021_0,730,07:30,769.4875,783.3345,13.847000000000094
no04,533967_13891_14021_0,745,07:45,673.804,687.7455,13.941500000000019
no04,533967_13891_14021_0,800,08:00,1539.0549999999998,1878.3405,339.2855000000002
no04,533967_13891_14021_0,815,08:15,1433.825,1742.5369999999998,308.71199999999976
no04,533967_13891_14021_0,830,08:30,1021.732,1040.8870000000002,19.1550000000002
no04,533967_13891_14021_0,845,08:45,2169.123,2290.7145,121.5915
no04,533967_13891_14021_0,900,09:00,728.7774999999999,720.4649999999999,-8.3125
no04,533967_13891_14021_0,915,09:15,563.958,577.4715,13.513500000000022
no04,533967_13891_14021_0,930,09:30,749.9305,742.1764999999999,-7.754000000000133
no04,533967_13891_14021_0,945,09:45,721.4014999999999,777.4755,56.07400000000007
no04,533967_13891_14021_0,1000,10:00,973.944,952.9975,-20.946500000000015
no04,533967_13891_14021_0,1015,10:15,1191.53,1173.4975,-18.032500000000027
no04,533967_13891_14021_0,1030,10:30,963.86,985.432,21.572000000000003
no04,533967_13891_14021_0,1045,10:45,780.5985,732.1434999999999,-48.45500000000004
no04,533967_13891_14021_0,1100,11:00,899.775,843.1255000000001,-56.649499999999875
no04,533967_13891_14021_0,1115,11:15,519.858,633.708,113.85000000000002
no04,533967_13891_14021_0,1130,11:30,781.2995,754.8365,-26.462999999999965
no04,533967_13891_14021_0,1145,11:45,582.9655,624.0445,41.07899999999995
no04,533967_13891_14021_0,1200,12:00,539.5925,627.711,88.11850000000004
no04,533967_13891_14021_0,1215,12:15,606.618,663.3824999999999,56.764499999999884
no04,533967_13891_14021_0,1230,12:30,693.2855000000001,723.455,30.16949999999997
no04,533967_13891_14021_0,1245,12:45,793.9285,785.5310000000001,-8.397499999999923
no04,533967_13891_14021_0,1300,13:00,1051.9,1104.15,52.25
no04,533967_13891_14021_0,1315,13:15,654.6904999999999,635.4575,-19.232999999999947
no04,533967_13891_14021_0,1330,13:30,513.6850000000001,535.088,21.402999999999906
no04,533967_13891_14021_0,1345,13:45,396.1025,442.7765,46.67399999999998
no04,533967_13891_14021_0,1400,14:00,559.4445,573.473,14.028500000000008
no04,533967_13891_14021_0,1415,14:15,714.564,776.5474999999999,61.983499999999935
no04,533967_13891_14021_0,1430,14:30,1085.1075,1043.3945,-41.712999999999965
no04,533967_13891_14021_0,1445,14:45,691.634,681.0005,-10.633500000000026
no04,533967_13891_14021_0,1500,15:00,628.4449999999999,697.142,68.69700000000012
no04,533967_13891_14021_0,1515,15:15,591.5775,664.3345,72.75700000000006
no04,533967_13891_14021_0,1530,15:30,847.844,841.952,-5.892000000000053
no04,533967_13891_14021_0,1545,15:45,728.649,709.5995,-19.049499999999966
no04,533967_13891_14021_0,1600,16:00,987.053,1108.924,121.87099999999998
no04,533967_13891_14021_0,1615,16:15,651.205,613.1600000000001,-38.04499999999996
no04,533967_13891_14021_0,1630,16:30,1525.4155,1381.9715,-143.44399999999996
no04,533967_13891_14021_0,1645,16:45,1137.193,1044.0195,-93.17349999999988
no04,533967_13891_14021_0,1700,17:00,1452.785,1529.699,76.91399999999999
no04,533967_13891_14021_0,1715,17:15,1245.9175,1240.4395,-5.4780000000000655
no04,533967_13891_14021_0,1730,17:30,900.944,916.3145,15.370499999999993
no04,533967_13891_14021_0,1745,17:45,1187.768,1211.861,24.093000000000075
no04,533967_13891_14021_0,1800,18:00,1120.9195,1137.163,16.24350000000004
no04,533967_13891_14021_0,1815,18:15,615.451,584.0955,-31.355500000000006
no04,533967_13891_14021_0,1830,18:30,559.2850000000001,634.6335,75.34849999999994
no04,533967_13891_14021_0,1845,18:45,574.6455,571.1485,-3.4969999999999573
no04,533967_13891_14021_1,630,06:30,344.6425,341.324,-3.318499999999972
no04,533967_13891_14021_1,645,06:45,225.3975,225.209,-0.18850000000000477
no04,533967_13891_14021_1,700,07:00,338.744,342.602,3.8579999999999472
no04,533967_13891_14021_1,715,07:15,558.3975,544.1735,-14.224000000000046
no04,533967_13891_14021_1,730,07:30,986.5755,989.6995,3.12399999999991
no04,533967_13891_14021_1,745,07:45,868.9685,852.2115,-16.756999999999948
no04,533967_13891_14021_1,800,08:00,872.8430000000001,893.6205,20.777499999999918
no04,533967_13891_14021_1,815,08:15,729.7835,734.236,4.452499999999986
no04,533967_13891_14021_1,830,08:30,948.8425,937.7555,-11.086999999999989
no04,533967_13891_14021_1,845,08:45,752.963,742.8175,-10.14549999999997
no04,533967_13891_14021_1,900,09:00,801.5065,795.2885,-6.217999999999961
no04,533967_13891_14021_1,915,09:15,579.7360000000001,555.8035,-23.93250000000012
no04,533967_13891_14021_1,930,09:30,596.5505,671.1510000000001,74.60050000000001
no04,533967_13891_14021_1,945,09:45,531.126,535.6135,4.487500000000068
no04,533967_13891_14021_1,1000,10:00,642.0105000000001,626.4060000000001,-15.60450000000003
no04,533967_13891_14021_1,1015,10:15,732.4165,744.5475,12.130999999999972
no04,533967_13891_14021_1,1030,10:30,642.21,614.9,-27.31000000000006
no04,533967_13891_14021_1,1045,10:45,735.8430000000001,756.193,20.34999999999991
no04,533967_13891_14021_1,1100,11:00,714.158,705.211,-8.947000000000003
no04,533967_13891_14021_1,1115,11:15,1435.0985,1438.8455,3.7469999999998436
no04,533967_13891_14021_1,1130,11:30,621.044,651.6769999999999,30.632999999999925
no04,533967_13891_14021_1,1145,11:45,922.648,916.857,-5.791000000000054
no04,533967_13891_14021_1,1200,12:00,1038.4924999999998,1016.4895,-22.002999999999815
no04,533967_13891_14021_1,1215,12:15,1236.7815,1263.0135,26.23199999999997
no04,533967_13891_14021_1,1230,12:30,1329.008,1298.4105,-30.597500000000082
no04,533967_13891_14021_1,1245,12:45,1008.837,1016.636,7.798999999999978
no04,533967_13891_14021_1,1300,13:00,1071.0645,1065.46,-5.604499999999916
no04,533967_13891_14021_1,1315,13:15,718.9085,715.235,-3.67349999999999
no04,533967_13891_14021_1,1330,13:30,1083.4705,1101.5255,18.055000000000064
no04,533967_13891_14021_1,1345,13:45,760.1015,755.8125,-4.288999999999987
no04,533967_13891_14021_1,1400,14:00,1145.1215,1145.1875,0.06600000000003092
no04,533967_13891_14021_1,1415,14:15,670.9265,706.7935,35.86699999999996
no04,533967_13891_14021_1,1430,14:30,809.054,804.304,-4.75
no04,533967_13891_14021_1,1445,14:45,742.6665,739.4655,-3.201000000000022
no04,533967_13891_14021_1,1500,15:00,928.079,913.0605,-15.018499999999904
no04,533967_13891_14021_1,1515,15:15,627.3100000000001,647.798,20.487999999999943
no04,533967_13891_14021_1,1530,15:30,799.3154999999999,791.509,-7.8064999999999145
no04,533967_13891_14021_1,1545,15:45,600.918,597.4085,-3.5095000000000027
no04,533967_13891_14021_1,1600,16:00,821.6875,1112.823,291.1355000000001
no04,533967_13891_14021_1,1615,16:15,859.742,892.6705,32.928499999999985
no04,533967_13891_14021_1,1630,16:30,1095.177,1051.526,-43.65099999999984
no04,533967_13891_14021_1,1645,16:45,1054.1525,1065.2975,11.144999999999982
no04,533967_13891_14021_1,1700,17:00,935.1525,929.017,-6.135499999999979
no04,533967_13891_14021_1,1715,17:15,1006.9335,988.361,-18.57249999999999
no04,533967_13891_14021_1,1730,17:30,1045.5955,1044.7195,-0.8759999999999764
no04,533967_13891_14021_1,1745,17:45,1196.104,1227.6725,31.568499999999858
no04,533967_13891_14021_1,1800,18:00,1204.101,1186.2045,-17.89650000000006
no04,533967_13891_14021_1,1815,18:15,1046.159,1058.5965,12.4375
no04,533967_13891_14021_1,1830,18:30,1321.676,1441.018,119.3420000000001
no04,533967_13891_14021_1,1845,18:45,656.4309999999999,637.6875,-18.743499999999926
no04,533967_13891_72276_0,630,06:30,0.0,0.0,0.0
no04,533967_13891_72276_0,645,06:45,0.0,0.0,0.0
no04,533967_13891_72276_0,700,07:00,0.0,0.0,0.0
no04,533967_13891_72276_0,715,07:15,0.0,0.0,0.0
no04,533967_13891_72276_0,730,07:30,0.0,0.0,0.0
no04,533967_13891_72276_0,745,07:45,0.0,0.0,0.0
no04,533967_13891_72276_0,800,08:00,0.0,0.0,0.0
no04,533967_13891_72276_0,815,08:15,0.0,0.0,0.0
no04,533967_13891_72276_0,830,08:30,0.0,0.0,0.0
no04,533967_13891_72276_0,845,08:45,0.0,0.0,0.0
no04,533967_13891_72276_0,900,09:00,0.0,0.0,0.0
no04,533967_13891_72276_0,915,09:15,0.0,0.0,0.0
no04,533967_13891_72276_0,930,09:30,0.0,0.0,0.0
no04,533967_13891_72276_0,945,09:45,0.0,0.0,0.0
no04,533967_13891_72276_0,1000,10:00,0.0,0.0,0.0
no04,533967_13891_72276_0,1015,10:15,0.0,0.0,0.0
no04,533967_13891_72276_0,1030,10:30,0.0,0.0,0.0
no04,533967_13891_72276_0,1045,10:45,0.0,0.0,0.0
no04,533967_13891_72276_0,1100,11:00,0.0,0.0,0.0
no04,533967_13891_72276_0,1115,11:15,0.0,0.0,0.0
no04,533967_13891_72276_0,1130,11:30,0.0,0.0,0.0
no04,533967_13891_72276_0,1145,11:45,0.0,0.0,0.0
no04,533967_13891_72276_0,1200,12:00,0.0,0.0,0.0
no04,533967_13891_72276_0,1215,12:15,0.0,0.0,0.0
no04,533967_13891_72276_0,1230,12:30,0.0,0.0,0.0
no04,533967_13891_72276_0,1245,12:45,0.0,0.0,0.0
no04,533967_13891_72276_0,1300,13:00,0.0,0.0,0.0
no04,533967_13891_72276_0,1315,13:15,0.0,0.0,0.0
no04,533967_13891_72276_0,1330,13:30,0.0,0.0,0.0
no04,533967_13891_72276_0,1345,13:45,0.0,0.0,0.0
no04,533967_13891_72276_0,1400,14:00,0.0,0.0,0.0
no04,533967_13891_72276_0,1415,14:15,0.0,0.0,0.0
no04,533967_13891_72276_0,1430,14:30,0.0,0.0,0.0
no04,533967_13891_72276_0,1445,14:45,0.0,0.0,0.0
no04,533967_13891_72276_0,1500,15:00,0.0,0.0,0.0
no04,533967_13891_72276_0,1515,15:15,0.0,0.0,0.0
no04,533967_13891_72276_0,1530,15:30,0.0,0.0,0.0
no04,533967_13891_72276_0,1545,15:45,0.0,0.0,0.0
no04,533967_13891_72276_0,1600,16:00,0.0,0.0,0.0
no04,533967_13891_72276_0,1615,16:15,0.0,0.0,0.0
no04,533967_13891_72276_0,1630,16:30,0.0,0.0,0.0
no04,533967_13891_72276_0,1645,16:45,0.0,0.0,0.0
no04,533967_13891_72276_0,1700,17:00,0.0,0.0,0.0
no04,533967_13891_72276_0,1715,17:15,0.0,0.0,0.0
no04,533967_13891_72276_0,1730,17:30,0.0,0.0,0.0
no04,533967_13891_72276_0,1745,17:45,0.0,0.0,0.0
no04,533967_13891_72276_0,1800,18:00,0.0,0.0,0.0
no04,533967_13891_72276_0,1815,18:15,0.0,0.0,0.0
no04,533967_13891_72276_0,1830,18:30,0.0,0.0,0.0
no04,533967_13891_72276_0,1845,18:45,0.0,0.0,0.0
no04,533967_13891_72276_1,630,06:30,0.0,0.0,0.0
no04,533967_13891_72276_1,645,06:45,0.0,0.0,0.0
no04,533967_13891_72276_1,700,07:00,0.0,0.0,0.0
no04,533967_13891_72276_1,715,07:15,0.0,0.0,0.0
no04,533967_13891_72276_1,730,07:30,0.0,0.0,0.0
no04,533967_13891_72276_1,745,07:45,0.0,0.0,0.0
no04,533967_13891_72276_1,800,08:00,0.0,0.0,0.0
no04,533967_13891_72276_1,815,08:15,0.0,0.0,0.0
no04,533967_13891_72276_1,830,08:30,0.0,0.0,0.0
no04,533967_13891_72276_1,845,08:45,0.0,0.0,0.0
no04,533967_13891_72276_1,900,09:00,0.0,0.0,0.0
no04,533967_13891_72276_1,915,09:15,0.0,0.0,0.0
no04,533967_13891_72276_1,930,09:30,0.0,0.0,0.0
no04,533967_13891_72276_1,945,09:45,0.0,0.0,0.0
no04,533967_13891_72276_1,1000,10:00,0.0,0.0,0.0
no04,533967_13891_72276_1,1015,10:15,0.0,0.0,0.0
no04,533967_13891_72276_1,1030,10:30,0.0,0.0,0.0
no04,533967_13891_72276_1,1045,10:45,0.0,0.0,0.0
no04,533967_13891_72276_1,1100,11:00,0.0,0.0,0.0
no04,533967_13891_72276_1,1115,11:15,0.0,0.0,0.0
no04,533967_13891_72276_1,1130,11:30,0.0,0.0,0.0
no04,533967_13891_72276_1,1145,11:45,0.0,0.0,0.0
no04,533967_13891_72276_1,1200,12:00,0.0,0.0,0.0
no04,533967_13891_72276_1,1215,12:15,0.0,0.0,0.0
no04,533967_13891_72276_1,1230,12:30,0.0,0.0,0.0
no04,533967_13891_72276_1,1245,12:45,0.0,0.0,0.0
no04,533967_13891_72276_1,1300,13:00,0.0,0.0,0.0
no04,533967_13891_72276_1,1315,13:15,0.0,0.0,0.0
no04,533967_13891_72276_1,1330,13:30,0.0,0.0,0.0
no04,533967_13891_72276_1,1345,13:45,0.0,0.0,0.0
no04,533967_13891_72276_1,1400,14:00,0.0,0.0,0.0
no04,533967_13891_72276_1,1415,14:15,0.0,0.0,0.0
no04,533967_13891_72276_1,1430,14:30,0.0,0.0,0.0
no04,533967_13891_72276_1,1445,14:45,0.0,0.0,0.0
no04,533967_13891_72276_1,1500,15:00,0.0,0.0,0.0
no04,533967_13891_72276_1,1515,15:15,0.0,0.0,0.0
no04,533967_13891_72276_1,1530,15:30,0.0,0.0,0.0
no04,533967_13891_72276_1,1545,15:45,0.0,0.0,0.0
no04,533967_13891_72276_1,1600,16:00,0.0,0.0,0.0
no04,533967_13891_72276_1,1615,16:15,0.0,0.0,0.0
no04,533967_13891_72276_1,1630,16:30,0.0,0.0,0.0
no04,533967_13891_72276_1,1645,16:45,0.0,0.0,0.0
no04,533967_13891_72276_1,1700,17:00,0.0,0.0,0.0
no04,533967_13891_72276_1,1715,17:15,0.0,0.0,0.0
no04,533967_13891_72276_1,1730,17:30,0.0,0.0,0.0
no04,533967_13891_72276_1,1745,17:45,0.0,0.0,0.0
no04,533967_13891_72276_1,1800,18:00,0.0,0.0,0.0
no04,533967_13891_72276_1,1815,18:15,0.0,0.0,0.0
no04,533967_13891_72276_1,1830,18:30,0.0,0.0,0.0
no04,533967_13891_72276_1,1845,18:45,0.0,0.0,0.0
no04,533967_14017_14018_0,630,06:30,627.4285,627.4285,0.0
no04,533967_14017_14018_0,645,06:45,558.568,558.568,0.0
no04,533967_14017_14018_0,700,07:00,604.5395000000001,604.5395000000001,0.0
no04,533967_14017_14018_0,715,07:15,1018.4875,1021.1635,2.6760000000000446
no04,533967_14017_14018_0,730,07:30,1224.708,1225.848,1.1399999999998727
no04,533967_14017_14018_0,745,07:45,1317.516,1316.5355,-0.98050000000012
no04,533967_14017_14018_0,800,08:00,1044.323,1044.2125,-0.11050000000000182
no04,533967_14017_14018_0,815,08:15,1881.189,1985.737,104.548
no04,533967_14017_14018_0,830,08:30,4710.856,5167.995,457.1390000000001
no04,533967_14017_14018_0,845,08:45,3554.952,4265.9815,711.0294999999996
no04,533967_14017_14018_0,900,09:00,972.3825,973.2355,0.8529999999999518
no04,533967_14017_14018_0,915,09:15,1005.6705,1007.4105,1.740000000000009
no04,533967_14017_14018_0,930,09:30,952.678,950.7965,-1.88149999999996
no04,533967_14017_14018_0,945,09:45,945.196,943.577,-1.6190000000000282
no04,533967_14017_14018_0,1000,10:00,793.862,794.859,0.9970000000000709
no04,533967_14017_14018_0,1015,10:15,915.8525,918.0105,2.1580000000000155
no04,533967_14017_14018_0,1030,10:30,745.0225,743.6075,-1.4150000000000773
no04,533967_14017_14018_0,1045,10:45,717.9175,718.8605,0.9429999999999836
no04,533967_14017_14018_0,1100,11:00,796.682,796.008,-0.6739999999999782
no04,533967_14017_14018_0,1115,11:15,684.2985,683.4069999999999,-0.8915000000000646
no04,533967_14017_14018_0,1130,11:30,589.2205,587.245,-1.975500000000011
no04,533967_14017_14018_0,1145,11:45,580.575,580.5930000000001,0.018000000000029104
no04,533967_14017_14018_0,1200,12:00,776.1125,775.704,-0.40850000000000364
no04,533967_14017_14018_0,1215,12:15,1085.677,1086.804,1.12700000000018
no04,533967_14017_14018_0,1230,12:30,867.5514999999999,868.2239999999999,0.6725000000000136
no04,533967_14017_14018_0,1245,12:45,475.6585,475.555,-0.10349999999999682
no04,533967_14017_14018_0,1300,13:00,715.2335,712.8439999999999,-2.389500000000112
no04,533967_14017_14018_0,1315,13:15,670.641,672.5305000000001,1.8895000000001119
no04,533967_14017_14018_0,1330,13:30,533.0235,533.6865,0.6630000000000109
no04,533967_14017_14018_0,1345,13:45,511.774,506.649,-5.125
no04,533967_14017_14018_0,1400,14:00,545.307,548.9945,3.6875
no04,533967_14017_14018_0,1415,14:15,719.7205,720.1635,0.44299999999998363
no04,533967_14017_14018_0,1430,14:30,630.3795,631.5195,1.1399999999999864
no04,533967_14017_14018_0,1445,14:45,619.633,615.8295,-3.8034999999999854
no04,533967_14017_14018_0,1500,15:00,652.4979999999999,655.948,3.4500000000000455
no04,533967_14017_14018_0,1515,15:15,571.7315,569.8895,-1.8419999999999845
no04,533967_14017_14018_0,1530,15:30,967.341,996.634,29.293000000000006
no04,533967_14017_14018_0,1545,15:45,801.1875,858.001,56.813499999999976
no04,533967_14017_14018_0,1600,16:00,1058.892,1057.8995,-0.9925000000000637
no04,533967_14017_14018_0,1615,16:15,780.254,776.962,-3.29200000000003
no04,533967_14017_14018_0,1630,16:30,1053.574,1052.7424999999998,-0.8315000000002328
no04,533967_14017_14018_0,1645,16:45,918.097,915.3515,-2.7454999999999927
no04,533967_14017_14018_0,1700,17:00,909.399,907.824,-1.5750000000000455
no04,533967_14017_14018_0,1715,17:15,990.313,1005.7655,15.452499999999986
no04,533967_14017_14018_0,1730,17:30,1196.978,1196.8455,-0.1325000000001637
no04,533967_14017_14018_0,1745,17:45,1022.138,1010.884,-11.254000000000019
no04,533967_14017_14018_0,1800,18:00,1187.459,1194.083,6.624000000000024
no04,533967_14017_14018_0,1815,18:15,896.811,892.9604999999999,-3.8505000000001246
no04,533967_14017_14018_0,1830,18:30,757.507,754.9705,-2.5364999999999327
no04,533967_14017_14018_0,1845,18:45,729.6055,733.9105,4.30499999999995
no04,533967_14017_14018_1,630,06:30,1203.356,1201.0345,-2.3215000000000146
no04,533967_14017_14018_1,645,06:45,1404.0065,1409.1105,5.104000000000042
no04,533967_14017_14018_1,700,07:00,1328.958,1331.567,2.6089999999999236
no04,533967_14017_14018_1,715,07:15,1492.112,1465.6925,-26.41949999999997
no04,533967_14017_14018_1,730,07:30,1409.094,1440.016,30.922000000000025
no04,533967_14017_14018_1,745,07:45,958.3205,953.3335,-4.98700000000008
no04,533967_14017_14018_1,800,08:00,1543.432,1533.095,-10.336999999999989
no04,533967_14017_14018_1,815,08:15,1445.3565,1462.711,17.354499999999916
no04,533967_14017_14018_1,830,08:30,1427.326,1440.2075,12.88149999999996
no04,533967_14017_14018_1,845,08:45,959.014,949.5505,-9.463499999999954
no04,533967_14017_14018_1,900,09:00,833.0975000000001,831.7059999999999,-1.3915000000001783
no04,533967_14017_14018_1,915,09:15,714.361,717.9359999999999,3.574999999999932
no04,533967_14017_14018_1,930,09:30,751.36,750.2135000000001,-1.1464999999999463
no04,533967_14017_14018_1,945,09:45,746.3190000000001,744.2375,-2.081500000000119
no04,533967_14017_14018_1,1000,10:00,636.8265,641.9875,5.1609999999999445
no04,533967_14017_14018_1,1015,10:15,682.0865,685.787,3.7005000000000337
no04,533967_14017_14018_1,1030,10:30,740.1155,739.6505,-0.46500000000003183
no04,533967_14017_14018_1,1045,10:45,755.821,751.4055000000001,-4.415499999999952
no04,533967_14017_14018_1,1100,11:00,580.97,578.1255,-2.844500000000039
no04,533967_14017_14018_1,1115,11:15,677.8165,680.1225000000001,2.30600000000004
no04,533967_14017_14018_1,1130,11:30,451.5215,458.0665,6.545000000000016
no04,533967_14017_14018_1,1145,11:45,712.3689999999999,714.201,1.8320000000001073
no04,533967_14017_14018_1,1200,12:00,895.4885,871.6225000000001,-23.865999999999985
no04,533967_14017_14018_1,1215,12:15,855.3145000000001,877.4100000000001,22.095500000000015
no04,533967_14017_14018_1,1230,12:30,860.8275,857.3815000000001,-3.4459999999999127
no04,533967_14017_14018_1,1245,12:45,912.3615,918.682,6.320500000000038
no04,533967_14017_14018_1,1300,13:00,669.613,664.1495,-5.463500000000067
no04,533967_14017_14018_1,1315,13:15,935.413,930.586,-4.826999999999998
no04,533967_14017_14018_1,1330,13:30,590.4235,599.7180000000001,9.294500000000085
no04,533967_14017_14018_1,1345,13:45,502.4925,502.1255,-0.36700000000001864
no04,533967_14017_14018_1,1400,14:00,506.7975,506.1025,-0.6949999999999932
no04,533967_14017_14018_1,1415,14:15,536.7484999999999,535.3975,-1.3509999999998854
no04,533967_14017_14018_1,1430,14:30,598.238,595.1949999999999,-3.04300000000012
no04,533967_14017_14018_1,1445,14:45,387.4285,393.8655,6.437000000000012
no04,533967_14017_14018_1,1500,15:00,403.504,394.4965,-9.007499999999993
no04,533967_14017_14018_1,1515,15:15,699.074,706.3905,7.316500000000019
no04,533967_14017_14018_1,1530,15:30,469.119,466.88,-2.2390000000000327
no04,533967_14017_14018_1,1545,15:45,642.3275,644.7065,2.379000000000019
no04,533967_14017_14018_1,1600,16:00,681.466,679.482,-1.9840000000000373
no04,533967_14017_14018_1,1615,16:15,627.731,627.387,-0.34400000000005093
no04,533967_14017_14018_1,1630,16:30,534.6854999999999,537.659,2.973500000000058
no04,533967_14017_14018_1,1645,16:45,724.057,734.277,10.220000000000027
no04,533967_14017_14018_1,1700,17:00,1076.745,1062.465,-14.279999999999973
no04,533967_14017_14018_1,1715,17:15,1101.236,1114.3245,13.08849999999984
no04,533967_14017_14018_1,1730,17:30,753.2695,750.126,-3.1435000000000173
no04,533967_14017_14018_1,1745,17:45,927.265,898.4424999999999,-28.822500000000105
no04,533967_14017_14018_1,1800,18:00,611.273,637.3575,26.084499999999935
no04,533967_14017_14018_1,1815,18:15,958.7695,980.956,22.186500000000024
no04,533967_14017_14018_1,1830,18:30,967.0945,955.226,-11.86850000000004
no04,533967_14017_14018_1,1845,18:45,748.542,736.0319999999999,-12.510000000000105
no04,533967_14021_88656_0,630,06:30,0.0,0.0,0.0
no04,533967_14021_88656_0,645,06:45,0.0,0.0,0.0
no04,533967_14021_88656_0,700,07:00,0.0,0.0,0.0
no04,533967_14021_88656_0,715,07:15,0.0,0.0,0.0
no04,533967_14021_88656_0,730,07:30,0.0,0.0,0.0
no04,533967_14021_88656_0,745,07:45,0.0,0.0,0.0
no04,533967_14021_88656_0,800,08:00,0.0,0.0,0.0
no04,533967_14021_88656_0,815,08:15,0.0,0.0,0.0
no04,533967_14021_88656_0,830,08:30,0.0,0.0,0.0
no04,533967_14021_88656_0,845,08:45,0.0,0.0,0.0
no04,533967_14021_88656_0,900,09:00,0.0,0.0,0.0
no04,533967_14021_88656_0,915,09:15,0.0,0.0,0.0
no04,533967_14021_88656_0,930,09:30,0.0,0.0,0.0
no04,533967_14021_88656_0,945,09:45,0.0,0.0,0.0
no04,533967_14021_88656_0,1000,10:00,0.0,0.0,0.0
no04,533967_14021_88656_0,1015,10:15,0.0,0.0,0.0
no04,533967_14021_88656_0,1030,10:30,0.0,0.0,0.0
no04,533967_14021_88656_0,1045,10:45,0.0,0.0,0.0
no04,533967_14021_88656_0,1100,11:00,0.0,0.0,0.0
no04,533967_14021_88656_0,1115,11:15,0.0,0.0,0.0
no04,533967_14021_88656_0,1130,11:30,0.0,0.0,0.0
no04,533967_14021_88656_0,1145,11:45,0.0,0.0,0.0
no04,533967_14021_88656_0,1200,12:00,0.0,0.0,0.0
no04,533967_14021_88656_0,1215,12:15,0.0,0.0,0.0
no04,533967_14021_88656_0,1230,12:30,0.0,0.0,0.0
no04,533967_14021_88656_0,1245,12:45,0.0,0.0,0.0
no04,533967_14021_88656_0,1300,13:00,0.0,0.0,0.0
no04,533967_14021_88656_0,1315,13:15,0.0,0.0,0.0
no04,533967_14021_88656_0,1330,13:30,0.0,0.0,0.0
no04,533967_14021_88656_0,1345,13:45,0.0,0.0,0.0
no04,533967_14021_88656_0,1400,14:00,0.0,0.0,0.0
no04,533967_14021_88656_0,1415,14:15,0.0,0.0,0.0
no04,533967_14021_88656_0,1430,14:30,0.0,0.0,0.0
no04,533967_14021_88656_0,1445,14:45,0.0,0.0,0.0
no04,533967_14021_88656_0,1500,15:00,0.0,0.0,0.0
no04,533967_14021_88656_0,1515,15:15,0.0,0.0,0.0
no04,533967_14021_88656_0,1530,15:30,0.0,0.0,0.0
no04,533967_14021_88656_0,1545,15:45,0.0,0.0,0.0
no04,533967_14021_88656_0,1600,16:00,0.0,0.0,0.0
no04,533967_14021_88656_0,1615,16:15,0.0,0.0,0.0
no04,533967_14021_88656_0,1630,16:30,0.0,0.0,0.0
no04,533967_14021_88656_0,1645,16:45,0.0,0.0,0.0
no04,533967_14021_88656_0,1700,17:00,0.0,0.0,0.0
no04,533967_14021_88656_0,1715,17:15,0.0,0.0,0.0
no04,533967_14021_88656_0,1730,17:30,0.0,0.0,0.0
no04,533967_14021_88656_0,1745,17:45,0.0,0.0,0.0
no04,533967_14021_88656_0,1800,18:00,0.0,0.0,0.0
no04,533967_14021_88656_0,1815,18:15,0.0,0.0,0.0
no04,533967_14021_88656_0,1830,18:30,0.0,0.0,0.0
no04,533967_14021_88656_0,1845,18:45,0.0,0.0,0.0
no04,533967_14021_88656_1,630,06:30,0.0,0.0,0.0
no04,533967_14021_88656_1,645,06:45,0.0,0.0,0.0
no04,533967_14021_88656_1,700,07:00,0.0,0.0,0.0
no04,533967_14021_88656_1,715,07:15,0.0,0.0,0.0
no04,533967_14021_88656_1,730,07:30,0.0,0.0,0.0
no04,533967_14021_88656_1,745,07:45,0.0,0.0,0.0
no04,533967_14021_88656_1,800,08:00,0.0,0.0,0.0
no04,533967_14021_88656_1,815,08:15,0.0,0.0,0.0
no04,533967_14021_88656_1,830,08:30,0.0,0.0,0.0
no04,533967_14021_88656_1,845,08:45,0.0,0.0,0.0
no04,533967_14021_88656_1,900,09:00,0.0,0.0,0.0
no04,533967_14021_88656_1,915,09:15,0.0,0.0,0.0
no04,533967_14021_88656_1,930,09:30,0.0,0.0,0.0
no04,533967_14021_88656_1,945,09:45,0.0,0.0,0.0
no04,533967_14021_88656_1,1000,10:00,0.0,0.0,0.0
no04,533967_14021_88656_1,1015,10:15,0.0,0.0,0.0
no04,533967_14021_88656_1,1030,10:30,0.0,0.0,0.0
no04,533967_14021_88656_1,1045,10:45,0.0,0.0,0.0
no04,533967_14021_88656_1,1100,11:00,0.0,0.0,0.0
no04,533967_14021_88656_1,1115,11:15,0.0,0.0,0.0
no04,533967_14021_88656_1,1130,11:30,0.0,0.0,0.0
no04,533967_14021_88656_1,1145,11:45,0.0,0.0,0.0
no04,533967_14021_88656_1,1200,12:00,0.0,0.0,0.0
no04,533967_14021_88656_1,1215,12:15,0.0,0.0,0.0
no04,533967_14021_88656_1,1230,12:30,0.0,0.0,0.0
no04,533967_14021_88656_1,1245,12:45,0.0,0.0,0.0
no04,533967_14021_88656_1,1300,13:00,0.0,0.0,0.0
no04,533967_14021_88656_1,1315,13:15,0.0,0.0,0.0
no04,533967_14021_88656_1,1330,13:30,0.0,0.0,0.0
no04,533967_14021_88656_1,1345,13:45,0.0,0.0,0.0
no04,533967_14021_88656_1,1400,14:00,0.0,0.0,0.0
no04,533967_14021_88656_1,1415,14:15,0.0,0.0,0.0
no04,533967_14021_88656_1,1430,14:30,0.0,0.0,0.0
no04,533967_14021_88656_1,1445,14:45,0.0,0.0,0.0
no04,533967_14021_88656_1,1500,15:00,0.0,0.0,0.0
no04,533967_14021_88656_1,1515,15:15,0.0,0.0,0.0
no04,533967_14021_88656_1,1530,15:30,0.0,0.0,0.0
no04,533967_14021_88656_1,1545,15:45,0.0,0.0,0.0
no04,533967_14021_88656_1,1600,16:00,0.0,0.0,0.0
no04,533967_14021_88656_1,1615,16:15,0.0,0.0,0.0
no04,533967_14021_88656_1,1630,16:30,0.0,0.0,0.0
no04,533967_14021_88656_1,1645,16:45,0.0,0.0,0.0
no04,533967_14021_88656_1,1700,17:00,0.0,0.0,0.0
no04,533967_14021_88656_1,1715,17:15,0.0,0.0,0.0
no04,533967_14021_88656_1,1730,17:30,0.0,0.0,0.0
no04,533967_14021_88656_1,1745,17:45,0.0,0.0,0.0
no04,533967_14021_88656_1,1800,18:00,0.0,0.0,0.0
no04,533967_14021_88656_1,1815,18:15,0.0,0.0,0.0
no04,533967_14021_88656_1,1830,18:30,0.0,0.0,0.0
no04,533967_14021_88656_1,1845,18:45,0.0,0.0,0.0
no04,533967_14156_88894_0,630,06:30,0.0,0.0,0.0
no04,533967_14156_88894_0,645,06:45,0.0,0.0,0.0
no04,533967_14156_88894_0,700,07:00,0.0,0.0,0.0
no04,533967_14156_88894_0,715,07:15,0.0,0.0,0.0
no04,533967_14156_88894_0,730,07:30,0.0,0.0,0.0
no04,533967_14156_88894_0,745,07:45,0.0,0.0,0.0
no04,533967_14156_88894_0,800,08:00,0.0,0.0,0.0
no04,533967_14156_88894_0,815,08:15,0.0,0.0,0.0
no04,533967_14156_88894_0,830,08:30,0.0,0.0,0.0
no04,533967_14156_88894_0,845,08:45,0.0,0.0,0.0
no04,533967_14156_88894_0,900,09:00,0.0,0.0,0.0
no04,533967_14156_88894_0,915,09:15,0.0,0.0,0.0
no04,533967_14156_88894_0,930,09:30,0.0,0.0,0.0
no04,533967_14156_88894_0,945,09:45,0.0,0.0,0.0
no04,533967_14156_88894_0,1000,10:00,0.0,0.0,0.0
no04,533967_14156_88894_0,1015,10:15,0.0,0.0,0.0
no04,533967_14156_88894_0,1030,10:30,0.0,0.0,0.0
no04,533967_14156_88894_0,1045,10:45,0.0,0.0,0.0
no04,533967_14156_88894_0,1100,11:00,0.0,0.0,0.0
no04,533967_14156_88894_0,1115,11:15,0.0,0.0,0.0
no04,533967_14156_88894_0,1130,11:30,0.0,0.0,0.0
no04,533967_14156_88894_0,1145,11:45,0.0,0.0,0.0
no04,533967_14156_88894_0,1200,12:00,0.0,0.0,0.0
no04,533967_14156_88894_0,1215,12:15,0.0,0.0,0.0
no04,533967_14156_88894_0,1230,12:30,0.0,0.0,0.0
no04,533967_14156_88894_0,1245,12:45,0.0,0.0,0.0
no04,533967_14156_88894_0,1300,13:00,0.0,0.0,0.0
no04,533967_14156_88894_0,1315,13:15,0.0,0.0,0.0
no04,533967_14156_88894_0,1330,13:30,0.0,0.0,0.0
no04,533967_14156_88894_0,1345,13:45,0.0,0.0,0.0
no04,533967_14156_88894_0,1400,14:00,0.0,0.0,0.0
no04,533967_14156_88894_0,1415,14:15,0.0,0.0,0.0
no04,533967_14156_88894_0,1430,14:30,0.0,0.0,0.0
no04,533967_14156_88894_0,1445,14:45,0.0,0.0,0.0
no04,533967_14156_88894_0,1500,15:00,0.0,0.0,0.0
no04,533967_14156_88894_0,1515,15:15,0.0,0.0,0.0
no04,533967_14156_88894_0,1530,15:30,0.0,0.0,0.0
no04,533967_14156_88894_0,1545,15:45,0.0,0.0,0.0
no04,533967_14156_88894_0,1600,16:00,0.0,0.0,0.0
no04,533967_14156_88894_0,1615,16:15,0.0,0.0,0.0
no04,533967_14156_88894_0,1630,16:30,0.0,0.0,0.0
no04,533967_14156_88894_0,1645,16:45,0.0,0.0,0.0
no04,533967_14156_88894_0,1700,17:00,0.0,0.0,0.0
no04,533967_14156_88894_0,1715,17:15,0.0,0.0,0.0
no04,533967_14156_88894_0,1730,17:30,0.0,0.0,0.0
no04,533967_14156_88894_0,1745,17:45,0.0,0.0,0.0
no04,533967_14156_88894_0,1800,18:00,0.0,0.0,0.0
no04,533967_14156_88894_0,1815,18:15,0.0,0.0,0.0
no04,533967_14156_88894_0,1830,18:30,0.0,0.0,0.0
no04,533967_14156_88894_0,1845,18:45,0.0,0.0,0.0
no04,533967_14156_88894_1,630,06:30,0.0,0.0,0.0
no04,533967_14156_88894_1,645,06:45,0.0,0.0,0.0
no04,533967_14156_88894_1,700,07:00,0.0,0.0,0.0
no04,533967_14156_88894_1,715,07:15,0.0,0.0,0.0
no04,533967_14156_88894_1,730,07:30,0.0,0.0,0.0
no04,533967_14156_88894_1,745,07:45,0.0,0.0,0.0
no04,533967_14156_88894_1,800,08:00,0.0,0.0,0.0
no04,533967_14156_88894_1,815,08:15,0.0,0.0,0.0
no04,533967_14156_88894_1,830,08:30,0.0,0.0,0.0
no04,533967_14156_88894_1,845,08:45,0.0,0.0,0.0
no04,533967_14156_88894_1,900,09:00,0.0,0.0,0.0
no04,533967_14156_88894_1,915,09:15,0.0,0.0,0.0
no04,533967_14156_88894_1,930,09:30,0.0,0.0,0.0
no04,533967_14156_88894_1,945,09:45,0.0,0.0,0.0
no04,533967_14156_88894_1,1000,10:00,0.0,0.0,0.0
no04,533967_14156_88894_1,1015,10:15,0.0,0.0,0.0
no04,533967_14156_88894_1,1030,10:30,0.0,0.0,0.0
no04,533967_14156_88894_1,1045,10:45,0.0,0.0,0.0
no04,533967_14156_88894_1,1100,11:00,0.0,0.0,0.0
no04,533967_14156_88894_1,1115,11:15,0.0,0.0,0.0
no04,533967_14156_88894_1,1130,11:30,0.0,0.0,0.0
no04,533967_14156_88894_1,1145,11:45,0.0,0.0,0.0
no04,533967_14156_88894_1,1200,12:00,0.0,0.0,0.0
no04,533967_14156_88894_1,1215,12:15,0.0,0.0,0.0
no04,533967_14156_88894_1,1230,12:30,0.0,0.0,0.0
no04,533967_14156_88894_1,1245,12:45,0.0,0.0,0.0
no04,533967_14156_88894_1,1300,13:00,0.0,0.0,0.0
no04,533967_14156_88894_1,1315,13:15,0.0,0.0,0.0
no04,533967_14156_88894_1,1330,13:30,0.0,0.0,0.0
no04,533967_14156_88894_1,1345,13:45,0.0,0.0,0.0
no04,533967_14156_88894_1,1400,14:00,0.0,0.0,0.0
no04,533967_14156_88894_1,1415,14:15,0.0,0.0,0.0
no04,533967_14156_88894_1,1430,14:30,0.0,0.0,0.0
no04,533967_14156_88894_1,1445,14:45,0.0,0.0,0.0
no04,533967_14156_88894_1,1500,15:00,0.0,0.0,0.0
no04,533967_14156_88894_1,1515,15:15,0.0,0.0,0.0
no04,533967_14156_88894_1,1530,15:30,0.0,0.0,0.0
no04,533967_14156_88894_1,1545,15:45,0.0,0.0,0.0
no04,533967_14156_88894_1,1600,16:00,0.0,0.0,0.0
no04,533967_14156_88894_1,1615,16:15,0.0,0.0,0.0
no04,533967_14156_88894_1,1630,16:30,0.0,0.0,0.0
no04,533967_14156_88894_1,1645,16:45,0.0,0.0,0.0
no04,533967_14156_88894_1,1700,17:00,0.0,0.0,0.0
no04,533967_14156_88894_1,1715,17:15,0.0,0.0,0.0
no04,533967_14156_88894_1,1730,17:30,0.0,0.0,0.0
no04,533967_14156_88894_1,1745,17:45,0.0,0.0,0.0
no04,533967_14156_88894_1,1800,18:00,0.0,0.0,0.0
no04,533967_14156_88894_1,1815,18:15,0.0,0.0,0.0
no04,533967_14156_88894_1,1830,18:30,0.0,0.0,0.0
no04,533967_14156_88894_1,1845,18:45,0.0,0.0,0.0
no04,533967_72276_88656_0,630,06:30,0.0,0.0,0.0
no04,533967_72276_88656_0,645,06:45,0.0,0.0,0.0
no04,533967_72276_88656_0,700,07:00,0.0,0.0,0.0
no04,533967_72276_88656_0,715,07:15,0.0,0.0,0.0
no04,533967_72276_88656_0,730,07:30,0.0,0.0,0.0
no04,533967_72276_88656_0,745,07:45,0.0,0.0,0.0
no04,533967_72276_88656_0,800,08:00,0.0,0.0,0.0
no04,533967_72276_88656_0,815,08:15,0.0,0.0,0.0
no04,533967_72276_88656_0,830,08:30,0.0,0.0,0.0
no04,533967_72276_88656_0,845,08:45,0.0,0.0,0.0
no04,533967_72276_88656_0,900,09:00,0.0,0.0,0.0
no04,533967_72276_88656_0,915,09:15,0.0,0.0,0.0
no04,533967_72276_88656_0,930,09:30,0.0,0.0,0.0
no04,533967_72276_88656_0,945,09:45,0.0,0.0,0.0
no04,533967_72276_88656_0,1000,10:00,0.0,0.0,0.0
no04,533967_72276_88656_0,1015,10:15,0.0,0.0,0.0
no04,533967_72276_88656_0,1030,10:30,0.0,0.0,0.0
no04,533967_72276_88656_0,1045,10:45,0.0,0.0,0.0
no04,533967_72276_88656_0,1100,11:00,0.0,0.0,0.0
no04,533967_72276_88656_0,1115,11:15,0.0,0.0,0.0
no04,533967_72276_88656_0,1130,11:30,0.0,0.0,0.0
no04,533967_72276_88656_0,1145,11:45,0.0,0.0,0.0
no04,533967_72276_88656_0,1200,12:00,0.0,0.0,0.0
no04,533967_72276_88656_0,1215,12:15,0.0,0.0,0.0
no04,533967_72276_88656_0,1230,12:30,0.0,0.0,0.0
no04,533967_72276_88656_0,1245,12:45,0.0,0.0,0.0
no04,533967_72276_88656_0,1300,13:00,0.0,0.0,0.0
no04,533967_72276_88656_0,1315,13:15,0.0,0.0,0.0
no04,533967_72276_88656_0,1330,13:30,0.0,0.0,0.0
no04,533967_72276_88656_0,1345,13:45,0.0,0.0,0.0
no04,533967_72276_88656_0,1400,14:00,0.0,0.0,0.0
no04,533967_72276_88656_0,1415,14:15,0.0,0.0,0.0
no04,533967_72276_88656_0,1430,14:30,0.0,0.0,0.0
no04,533967_72276_88656_0,1445,14:45,0.0,0.0,0.0
no04,533967_72276_88656_0,1500,15:00,0.0,0.0,0.0
no04,533967_72276_88656_0,1515,15:15,0.0,0.0,0.0
no04,533967_72276_88656_0,1530,15:30,0.0,0.0,0.0
no04,533967_72276_88656_0,1545,15:45,0.0,0.0,0.0
no04,533967_72276_88656_0,1600,16:00,0.0,0.0,0.0
no04,533967_72276_88656_0,1615,16:15,0.0,0.0,0.0
no04,533967_72276_88656_0,1630,16:30,0.0,0.0,0.0
no04,533967_72276_88656_0,1645,16:45,0.0,0.0,0.0
no04,533967_72276_88656_0,1700,17:00,0.0,0.0,0.0
no04,533967_72276_88656_0,1715,17:15,0.0,0.0,0.0
no04,533967_72276_88656_0,1730,17:30,0.0,0.0,0.0
no04,533967_72276_88656_0,1745,17:45,0.0,0.0,0.0
no04,533967_72276_88656_0,1800,18:00,0.0,0.0,0.0
no04,533967_72276_88656_0,1815,18:15,0.0,0.0,0.0
no04,533967_72276_88656_0,1830,18:30,0.0,0.0,0.0
no04,533967_72276_88656_0,1845,18:45,0.0,0.0,0.0
no04,533967_72276_88656_1,630,06:30,0.0,0.0,0.0
no04,533967_72276_88656_1,645,06:45,0.0,0.0,0.0
no04,533967_72276_88656_1,700,07:00,0.0,0.0,0.0
no04,533967_72276_88656_1,715,07:15,0.0,0.0,0.0
no04,533967_72276_88656_1,730,07:30,0.0,0.0,0.0
no04,533967_72276_88656_1,745,07:45,0.0,0.0,0.0
no04,533967_72276_88656_1,800,08:00,0.0,0.0,0.0
no04,533967_72276_88656_1,815,08:15,0.0,0.0,0.0
no04,533967_72276_88656_1,830,08:30,0.0,0.0,0.0
no04,533967_72276_88656_1,845,08:45,0.0,0.0,0.0
no04,533967_72276_88656_1,900,09:00,0.0,0.0,0.0
no04,533967_72276_88656_1,915,09:15,0.0,0.0,0.0
no04,533967_72276_88656_1,930,09:30,0.0,0.0,0.0
no04,533967_72276_88656_1,945,09:45,0.0,0.0,0.0
no04,533967_72276_88656_1,1000,10:00,0.0,0.0,0.0
no04,533967_72276_88656_1,1015,10:15,0.0,0.0,0.0
no04,533967_72276_88656_1,1030,10:30,0.0,0.0,0.0
no04,533967_72276_88656_1,1045,10:45,0.0,0.0,0.0
no04,533967_72276_88656_1,1100,11:00,0.0,0.0,0.0
no04,533967_72276_88656_1,1115,11:15,0.0,0.0,0.0
no04,533967_72276_88656_1,1130,11:30,0.0,0.0,0.0
no04,533967_72276_88656_1,1145,11:45,0.0,0.0,0.0
no04,533967_72276_88656_1,1200,12:00,0.0,0.0,0.0
no04,533967_72276_88656_1,1215,12:15,0.0,0.0,0.0
no04,533967_72276_88656_1,1230,12:30,0.0,0.0,0.0
no04,533967_72276_88656_1,1245,12:45,0.0,0.0,0.0
no04,533967_72276_88656_1,1300,13:00,0.0,0.0,0.0
no04,533967_72276_88656_1,1315,13:15,0.0,0.0,0.0
no04,533967_72276_88656_1,1330,13:30,0.0,0.0,0.0
no04,533967_72276_88656_1,1345,13:45,0.0,0.0,0.0
no04,533967_72276_88656_1,1400,14:00,0.0,0.0,0.0
no04,533967_72276_88656_1,1415,14:15,0.0,0.0,0.0
no04,533967_72276_88656_1,1430,14:30,0.0,0.0,0.0
no04,533967_72276_88656_1,1445,14:45,0.0,0.0,0.0
no04,533967_72276_88656_1,1500,15:00,0.0,0.0,0.0
no04,533967_72276_88656_1,1515,15:15,0.0,0.0,0.0
no04,533967_72276_88656_1,1530,15:30,0.0,0.0,0.0
no04,533967_72276_88656_1,1545,15:45,0.0,0.0,0.0
no04,533967_72276_88656_1,1600,16:00,0.0,0.0,0.0
no04,533967_72276_88656_1,1615,16:15,0.0,0.0,0.0
no04,533967_72276_88656_1,1630,16:30,0.0,0.0,0.0
no04,533967_72276_88656_1,1645,16:45,0.0,0.0,0.0
no04,533967_72276_88656_1,1700,17:00,0.0,0.0,0.0
no04,533967_72276_88656_1,1715,17:15,0.0,0.0,0.0
no04,533967_72276_88656_1,1730,17:30,0.0,0.0,0.0
no04,533967_72276_88656_1,1745,17:45,0.0,0.0,0.0
no04,533967_72276_88656_1,1800,18:00,0.0,0.0,0.0
no04,533967_72276_88656_1,1815,18:15,0.0,0.0,0.0
no04,533967_72276_88656_1,1830,18:30,0.0,0.0,0.0
no04,533967_72276_88656_1,1845,18:45,0.0,0.0,0.0
no04,533967_74224_88894_0,630,06:30,0.0,0.0,0.0
no04,533967_74224_88894_0,645,06:45,0.0,0.0,0.0
no04,533967_74224_88894_0,700,07:00,0.0,0.0,0.0
no04,533967_74224_88894_0,715,07:15,0.0,0.0,0.0
no04,533967_74224_88894_0,730,07:30,0.0,0.0,0.0
no04,533967_74224_88894_0,745,07:45,0.0,0.0,0.0
no04,533967_74224_88894_0,800,08:00,0.0,0.0,0.0
no04,533967_74224_88894_0,815,08:15,0.0,0.0,0.0
no04,533967_74224_88894_0,830,08:30,0.0,0.0,0.0
no04,533967_74224_88894_0,845,08:45,0.0,0.0,0.0
no04,533967_74224_88894_0,900,09:00,0.0,0.0,0.0
no04,533967_74224_88894_0,915,09:15,0.0,0.0,0.0
no04,533967_74224_88894_0,930,09:30,0.0,0.0,0.0
no04,533967_74224_88894_0,945,09:45,0.0,0.0,0.0
no04,533967_74224_88894_0,1000,10:00,0.0,0.0,0.0
no04,533967_74224_88894_0,1015,10:15,0.0,0.0,0.0
no04,533967_74224_88894_0,1030,10:30,0.0,0.0,0.0
no04,533967_74224_88894_0,1045,10:45,0.0,0.0,0.0
no04,533967_74224_88894_0,1100,11:00,0.0,0.0,0.0
no04,533967_74224_88894_0,1115,11:15,0.0,0.0,0.0
no04,533967_74224_88894_0,1130,11:30,0.0,0.0,0.0
no04,533967_74224_88894_0,1145,11:45,0.0,0.0,0.0
no04,533967_74224_88894_0,1200,12:00,0.0,0.0,0.0
no04,533967_74224_88894_0,1215,12:15,0.0,0.0,0.0
no04,533967_74224_88894_0,1230,12:30,0.0,0.0,0.0
no04,533967_74224_88894_0,1245,12:45,0.0,0.0,0.0
no04,533967_74224_88894_0,1300,13:00,0.0,0.0,0.0
no04,533967_74224_88894_0,1315,13:15,0.0,0.0,0.0
no04,533967_74224_88894_0,1330,13:30,0.0,0.0,0.0
no04,533967_74224_88894_0,1345,13:45,0.0,0.0,0.0
no04,533967_74224_88894_0,1400,14:00,0.0,0.0,0.0
no04,533967_74224_88894_0,1415,14:15,0.0,0.0,0.0
no04,533967_74224_88894_0,1430,14:30,0.0,0.0,0.0
no04,533967_74224_88894_0,1445,14:45,0.0,0.0,0.0
no04,533967_74224_88894_0,1500,15:00,0.0,0.0,0.0
no04,533967_74224_88894_0,1515,15:15,0.0,0.0,0.0
no04,533967_74224_88894_0,1530,15:30,0.0,0.0,0.0
no04,533967_74224_88894_0,1545,15:45,0.0,0.0,0.0
no04,533967_74224_88894_0,1600,16:00,0.0,0.0,0.0
no04,533967_74224_88894_0,1615,16:15,0.0,0.0,0.0
no04,533967_74224_88894_0,1630,16:30,0.0,0.0,0.0
no04,533967_74224_88894_0,1645,16:45,0.0,0.0,0.0
no04,533967_74224_88894_0,1700,17:00,0.0,0.0,0.0
no04,533967_74224_88894_0,1715,17:15,0.0,0.0,0.0
no04,533967_74224_88894_0,1730,17:30,0.0,0.0,0.0
no04,533967_74224_88894_0,1745,17:45,0.0,0.0,0.0
no04,533967_74224_88894_0,1800,18:00,0.0,0.0,0.0
no04,533967_74224_88894_0,1815,18:15,0.0,0.0,0.0
no04,533967_74224_88894_0,1830,18:30,0.0,0.0,0.0
no04,533967_74224_88894_0,1845,18:45,0.0,0.0,0.0
no04,533967_74224_88894_1,630,06:30,0.0,0.0,0.0
no04,533967_74224_88894_1,645,06:45,0.0,0.0,0.0
no04,533967_74224_88894_1,700,07:00,0.0,0.0,0.0
no04,533967_74224_88894_1,715,07:15,0.0,0.0,0.0
no04,533967_74224_88894_1,730,07:30,0.0,0.0,0.0
no04,533967_74224_88894_1,745,07:45,0.0,0.0,0.0
no04,533967_74224_88894_1,800,08:00,0.0,0.0,0.0
no04,533967_74224_88894_1,815,08:15,0.0,0.0,0.0
no04,533967_74224_88894_1,830,08:30,0.0,0.0,0.0
no04,533967_74224_88894_1,845,08:45,0.0,0.0,0.0
no04,533967_74224_88894_1,900,09:00,0.0,0.0,0.0
no04,533967_74224_88894_1,915,09:15,0.0,0.0,0.0
no04,533967_74224_88894_1,930,09:30,0.0,0.0,0.0
no04,533967_74224_88894_1,945,09:45,0.0,0.0,0.0
no04,533967_74224_88894_1,1000,10:00,0.0,0.0,0.0
no04,533967_74224_88894_1,1015,10:15,0.0,0.0,0.0
no04,533967_74224_88894_1,1030,10:30,0.0,0.0,0.0
no04,533967_74224_88894_1,1045,10:45,0.0,0.0,0.0
no04,533967_74224_88894_1,1100,11:00,0.0,0.0,0.0
no04,533967_74224_88894_1,1115,11:15,0.0,0.0,0.0
no04,533967_74224_88894_1,1130,11:30,0.0,0.0,0.0
no04,533967_74224_88894_1,1145,11:45,0.0,0.0,0.0
no04,533967_74224_88894_1,1200,12:00,0.0,0.0,0.0
no04,533967_74224_88894_1,1215,12:15,0.0,0.0,0.0
no04,533967_74224_88894_1,1230,12:30,0.0,0.0,0.0
no04,533967_74224_88894_1,1245,12:45,0.0,0.0,0.0
no04,533967_74224_88894_1,1300,13:00,0.0,0.0,0.0
no04,533967_74224_88894_1,1315,13:15,0.0,0.0,0.0
no04,533967_74224_88894_1,1330,13:30,0.0,0.0,0.0
no04,533967_74224_88894_1,1345,13:45,0.0,0.0,0.0
no04,533967_74224_88894_1,1400,14:00,0.0,0.0,0.0
no04,533967_74224_88894_1,1415,14:15,0.0,0.0,0.0
no04,533967_74224_88894_1,1430,14:30,0.0,0.0,0.0
no04,533967_74224_88894_1,1445,14:45,0.0,0.0,0.0
no04,533967_74224_88894_1,1500,15:00,0.0,0.0,0.0
no04,533967_74224_88894_1,1515,15:15,0.0,0.0,0.0
no04,533967_74224_88894_1,1530,15:30,0.0,0.0,0.0
no04,533967_74224_88894_1,1545,15:45,0.0,0.0,0.0
no04,533967_74224_88894_1,1600,16:00,0.0,0.0,0.0
no04,533967_74224_88894_1,1615,16:15,0.0,0.0,0.0
no04,533967_74224_88894_1,1630,16:30,0.0,0.0,0.0
no04,533967_74224_88894_1,1645,16:45,0.0,0.0,0.0
no04,533967_74224_88894_1,1700,17:00,0.0,0.0,0.0
no04,533967_74224_88894_1,1715,17:15,0.0,0.0,0.0
no04,533967_74224_88894_1,1730,17:30,0.0,0.0,0.0
no04,533967_74224_88894_1,1745,17:45,0.0,0.0,0.0
no04,533967_74224_88894_1,1800,18:00,0.0,0.0,0.0
no04,533967_74224_88894_1,1815,18:15,0.0,0.0,0.0
no04,533967_74224_88894_1,1830,18:30,0.0,0.0,0.0
no04,533967_74224_88894_1,1845,18:45,0.0,0.0,0.0
no04,533967_87767_87768_0,630,06:30,0.0,0.0,0.0
no04,533967_87767_87768_0,645,06:45,0.0,0.0,0.0
no04,533967_87767_87768_0,700,07:00,0.0,0.0,0.0
no04,533967_87767_87768_0,715,07:15,0.0,0.0,0.0
no04,533967_87767_87768_0,730,07:30,0.0,0.0,0.0
no04,533967_87767_87768_0,745,07:45,0.0,0.0,0.0
no04,533967_87767_87768_0,800,08:00,0.0,0.0,0.0
no04,533967_87767_87768_0,815,08:15,0.0,0.0,0.0
no04,533967_87767_87768_0,830,08:30,0.0,0.0,0.0
no04,533967_87767_87768_0,845,08:45,0.0,0.0,0.0
no04,533967_87767_87768_0,900,09:00,0.0,0.0,0.0
no04,533967_87767_87768_0,915,09:15,0.0,0.0,0.0
no04,533967_87767_87768_0,930,09:30,0.0,0.0,0.0
no04,533967_87767_87768_0,945,09:45,0.0,0.0,0.0
no04,533967_87767_87768_0,1000,10:00,0.0,0.0,0.0
no04,533967_87767_87768_0,1015,10:15,0.0,0.0,0.0
no04,533967_87767_87768_0,1030,10:30,0.0,0.0,0.0
no04,533967_87767_87768_0,1045,10:45,0.0,0.0,0.0
no04,533967_87767_87768_0,1100,11:00,0.0,0.0,0.0
no04,533967_87767_87768_0,1115,11:15,0.0,0.0,0.0
no04,533967_87767_87768_0,1130,11:30,0.0,0.0,0.0
no04,533967_87767_87768_0,1145,11:45,0.0,0.0,0.0
no04,533967_87767_87768_0,1200,12:00,0.0,0.0,0.0
no04,533967_87767_87768_0,1215,12:15,0.0,0.0,0.0
no04,533967_87767_87768_0,1230,12:30,0.0,0.0,0.0
no04,533967_87767_87768_0,1245,12:45,0.0,0.0,0.0
no04,533967_87767_87768_0,1300,13:00,0.0,0.0,0.0
no04,533967_87767_87768_0,1315,13:15,0.0,0.0,0.0
no04,533967_87767_87768_0,1330,13:30,0.0,0.0,0.0
no04,533967_87767_87768_0,1345,13:45,0.0,0.0,0.0
no04,533967_87767_87768_0,1400,14:00,0.0,0.0,0.0
no04,533967_87767_87768_0,1415,14:15,0.0,0.0,0.0
no04,533967_87767_87768_0,1430,14:30,0.0,0.0,0.0
no04,533967_87767_87768_0,1445,14:45,0.0,0.0,0.0
no04,533967_87767_87768_0,1500,15:00,0.0,0.0,0.0
no04,533967_87767_87768_0,1515,15:15,0.0,0.0,0.0
no04,533967_87767_87768_0,1530,15:30,0.0,0.0,0.0
no04,533967_87767_87768_0,1545,15:45,0.0,0.0,0.0
no04,533967_87767_87768_0,1600,16:00,0.0,0.0,0.0
no04,533967_87767_87768_0,1615,16:15,0.0,0.0,0.0
no04,533967_87767_87768_0,1630,16:30,0.0,0.0,0.0
no04,533967_87767_87768_0,1645,16:45,0.0,0.0,0.0
no04,533967_87767_87768_0,1700,17:00,0.0,0.0,0.0
no04,533967_87767_87768_0,1715,17:15,0.0,0.0,0.0
no04,533967_87767_87768_0,1730,17:30,0.0,0.0,0.0
no04,533967_87767_87768_0,1745,17:45,0.0,0.0,0.0
no04,533967_87767_87768_0,1800,18:00,0.0,0.0,0.0
no04,533967_87767_87768_0,1815,18:15,0.0,0.0,0.0
no04,533967_87767_87768_0,1830,18:30,0.0,0.0,0.0
no04,533967_87767_87768_0,1845,18:45,0.0,0.0,0.0
no04,533967_87767_87768_1,630,06:30,0.0,0.0,0.0
no04,533967_87767_87768_1,645,06:45,0.0,0.0,0.0
no04,533967_87767_87768_1,700,07:00,0.0,0.0,0.0
no04,533967_87767_87768_1,715,07:15,0.0,0.0,0.0
no04,533967_87767_87768_1,730,07:30,0.0,0.0,0.0
no04,533967_87767_87768_1,745,07:45,0.0,0.0,0.0
no04,533967_87767_87768_1,800,08:00,0.0,0.0,0.0
no04,533967_87767_87768_1,815,08:15,0.0,0.0,0.0
no04,533967_87767_87768_1,830,08:30,0.0,0.0,0.0
no04,533967_87767_87768_1,845,08:45,0.0,0.0,0.0
no04,533967_87767_87768_1,900,09:00,0.0,0.0,0.0
no04,533967_87767_87768_1,915,09:15,0.0,0.0,0.0
no04,533967_87767_87768_1,930,09:30,0.0,0.0,0.0
no04,533967_87767_87768_1,945,09:45,0.0,0.0,0.0
no04,533967_87767_87768_1,1000,10:00,0.0,0.0,0.0
no04,533967_87767_87768_1,1015,10:15,0.0,0.0,0.0
no04,533967_87767_87768_1,1030,10:30,0.0,0.0,0.0
no04,533967_87767_87768_1,1045,10:45,0.0,0.0,0.0
no04,533967_87767_87768_1,1100,11:00,0.0,0.0,0.0
no04,533967_87767_87768_1,1115,11:15,0.0,0.0,0.0
no04,533967_87767_87768_1,1130,11:30,0.0,0.0,0.0
no04,533967_87767_87768_1,1145,11:45,0.0,0.0,0.0
no04,533967_87767_87768_1,1200,12:00,0.0,0.0,0.0
no04,533967_87767_87768_1,1215,12:15,0.0,0.0,0.0
no04,533967_87767_87768_1,1230,12:30,0.0,0.0,0.0
no04,533967_87767_87768_1,1245,12:45,0.0,0.0,0.0
no04,533967_87767_87768_1,1300,13:00,0.0,0.0,0.0
no04,533967_87767_87768_1,1315,13:15,0.0,0.0,0.0
no04,533967_87767_87768_1,1330,13:30,0.0,0.0,0.0
no04,533967_87767_87768_1,1345,13:45,0.0,0.0,0.0
no04,533967_87767_87768_1,1400,14:00,0.0,0.0,0.0
no04,533967_87767_87768_1,1415,14:15,0.0,0.0,0.0
no04,533967_87767_87768_1,1430,14:30,0.0,0.0,0.0
no04,533967_87767_87768_1,1445,14:45,0.0,0.0,0.0
no04,533967_87767_87768_1,1500,15:00,0.0,0.0,0.0
no04,533967_87767_87768_1,1515,15:15,0.0,0.0,0.0
no04,533967_87767_87768_1,1530,15:30,0.0,0.0,0.0
no04,533967_87767_87768_1,1545,15:45,0.0,0.0,0.0
no04,533967_87767_87768_1,1600,16:00,0.0,0.0,0.0
no04,533967_87767_87768_1,1615,16:15,0.0,0.0,0.0
no04,533967_87767_87768_1,1630,16:30,0.0,0.0,0.0
no04,533967_87767_87768_1,1645,16:45,0.0,0.0,0.0
no04,533967_87767_87768_1,1700,17:00,0.0,0.0,0.0
no04,533967_87767_87768_1,1715,17:15,0.0,0.0,0.0
no04,533967_87767_87768_1,1730,17:30,0.0,0.0,0.0
no04,533967_87767_87768_1,1745,17:45,0.0,0.0,0.0
no04,533967_87767_87768_1,1800,18:00,0.0,0.0,0.0
no04,533967_87767_87768_1,1815,18:15,0.0,0.0,0.0
no04,533967_87767_87768_1,1830,18:30,0.0,0.0,0.0
no04,533967_87767_87768_1,1845,18:45,0.0,0.0,0.0
no04,533967_87767_88200_0,630,06:30,0.0,0.0,0.0
no04,533967_87767_88200_0,645,06:45,0.0,0.0,0.0
no04,533967_87767_88200_0,700,07:00,0.0,0.0,0.0
no04,533967_87767_88200_0,715,07:15,0.0,0.0,0.0
no04,533967_87767_88200_0,730,07:30,0.0,0.0,0.0
no04,533967_87767_88200_0,745,07:45,0.0,0.0,0.0
no04,533967_87767_88200_0,800,08:00,0.0,0.0,0.0
no04,533967_87767_88200_0,815,08:15,0.0,0.0,0.0
no04,533967_87767_88200_0,830,08:30,0.0,0.0,0.0
no04,533967_87767_88200_0,845,08:45,0.0,0.0,0.0
no04,533967_87767_88200_0,900,09:00,0.0,0.0,0.0
no04,533967_87767_88200_0,915,09:15,0.0,0.0,0.0
no04,533967_87767_88200_0,930,09:30,0.0,0.0,0.0
no04,533967_87767_88200_0,945,09:45,0.0,0.0,0.0
no04,533967_87767_88200_0,1000,10:00,0.0,0.0,0.0
no04,533967_87767_88200_0,1015,10:15,0.0,0.0,0.0
no04,533967_87767_88200_0,1030,10:30,0.0,0.0,0.0
no04,533967_87767_88200_0,1045,10:45,0.0,0.0,0.0
no04,533967_87767_88200_0,1100,11:00,0.0,0.0,0.0
no04,533967_87767_88200_0,1115,11:15,0.0,0.0,0.0
no04,533967_87767_88200_0,1130,11:30,0.0,0.0,0.0
no04,533967_87767_88200_0,1145,11:45,0.0,0.0,0.0
no04,533967_87767_88200_0,1200,12:00,0.0,0.0,0.0
no04,533967_87767_88200_0,1215,12:15,0.0,0.0,0.0
no04,533967_87767_88200_0,1230,12:30,0.0,0.0,0.0
no04,533967_87767_88200_0,1245,12:45,0.0,0.0,0.0
no04,533967_87767_88200_0,1300,13:00,0.0,0.0,0.0
no04,533967_87767_88200_0,1315,13:15,0.0,0.0,0.0
no04,533967_87767_88200_0,1330,13:30,0.0,0.0,0.0
no04,533967_87767_88200_0,1345,13:45,0.0,0.0,0.0
no04,533967_87767_88200_0,1400,14:00,0.0,0.0,0.0
no04,533967_87767_88200_0,1415,14:15,0.0,0.0,0.0
no04,533967_87767_88200_0,1430,14:30,0.0,0.0,0.0
no04,533967_87767_88200_0,1445,14:45,0.0,0.0,0.0
no04,533967_87767_88200_0,1500,15:00,0.0,0.0,0.0
no04,533967_87767_88200_0,1515,15:15,0.0,0.0,0.0
no04,533967_87767_88200_0,1530,15:30,0.0,0.0,0.0
no04,533967_87767_88200_0,1545,15:45,0.0,0.0,0.0
no04,533967_87767_88200_0,1600,16:00,0.0,0.0,0.0
no04,533967_87767_88200_0,1615,16:15,0.0,0.0,0.0
no04,533967_87767_88200_0,1630,16:30,0.0,0.0,0.0
no04,533967_87767_88200_0,1645,16:45,0.0,0.0,0.0
no04,533967_87767_88200_0,1700,17:00,0.0,0.0,0.0
no04,533967_87767_88200_0,1715,17:15,0.0,0.0,0.0
no04,533967_87767_88200_0,1730,17:30,0.0,0.0,0.0
no04,533967_87767_88200_0,1745,17:45,0.0,0.0,0.0
no04,533967_87767_88200_0,1800,18:00,0.0,0.0,0.0
no04,533967_87767_88200_0,1815,18:15,0.0,0.0,0.0
no04,533967_87767_88200_0,1830,18:30,0.0,0.0,0.0
no04,533967_87767_88200_0,1845,18:45,0.0,0.0,0.0
no04,533967_87767_88200_1,630,06:30,0.0,0.0,0.0
no04,533967_87767_88200_1,645,06:45,0.0,0.0,0.0
no04,533967_87767_88200_1,700,07:00,0.0,0.0,0.0
no04,533967_87767_88200_1,715,07:15,0.0,0.0,0.0
no04,533967_87767_88200_1,730,07:30,0.0,0.0,0.0
no04,533967_87767_88200_1,745,07:45,0.0,0.0,0.0
no04,533967_87767_88200_1,800,08:00,0.0,0.0,0.0
no04,533967_87767_88200_1,815,08:15,0.0,0.0,0.0
no04,533967_87767_88200_1,830,08:30,0.0,0.0,0.0
no04,533967_87767_88200_1,845,08:45,0.0,0.0,0.0
no04,533967_87767_88200_1,900,09:00,0.0,0.0,0.0
no04,533967_87767_88200_1,915,09:15,0.0,0.0,0.0
no04,533967_87767_88200_1,930,09:30,0.0,0.0,0.0
no04,533967_87767_88200_1,945,09:45,0.0,0.0,0.0
no04,533967_87767_88200_1,1000,10:00,0.0,0.0,0.0
no04,533967_87767_88200_1,1015,10:15,0.0,0.0,0.0
no04,533967_87767_88200_1,1030,10:30,0.0,0.0,0.0
no04,533967_87767_88200_1,1045,10:45,0.0,0.0,0.0
no04,533967_87767_88200_1,1100,11:00,0.0,0.0,0.0
no04,533967_87767_88200_1,1115,11:15,0.0,0.0,0.0
no04,533967_87767_88200_1,1130,11:30,0.0,0.0,0.0
no04,533967_87767_88200_1,1145,11:45,0.0,0.0,0.0
no04,533967_87767_88200_1,1200,12:00,0.0,0.0,0.0
no04,533967_87767_88200_1,1215,12:15,0.0,0.0,0.0
no04,533967_87767_88200_1,1230,12:30,0.0,0.0,0.0
no04,533967_87767_88200_1,1245,12:45,0.0,0.0,0.0
no04,533967_87767_88200_1,1300,13:00,0.0,0.0,0.0
no04,533967_87767_88200_1,1315,13:15,0.0,0.0,0.0
no04,533967_87767_88200_1,1330,13:30,0.0,0.0,0.0
no04,533967_87767_88200_1,1345,13:45,0.0,0.0,0.0
no04,533967_87767_88200_1,1400,14:00,0.0,0.0,0.0
no04,533967_87767_88200_1,1415,14:15,0.0,0.0,0.0
no04,533967_87767_88200_1,1430,14:30,0.0,0.0,0.0
no04,533967_87767_88200_1,1445,14:45,0.0,0.0,0.0
no04,533967_87767_88200_1,1500,15:00,0.0,0.0,0.0
no04,533967_87767_88200_1,1515,15:15,0.0,0.0,0.0
no04,533967_87767_88200_1,1530,15:30,0.0,0.0,0.0
no04,533967_87767_88200_1,1545,15:45,0.0,0.0,0.0
no04,533967_87767_88200_1,1600,16:00,0.0,0.0,0.0
no04,533967_87767_88200_1,1615,16:15,0.0,0.0,0.0
no04,533967_87767_88200_1,1630,16:30,0.0,0.0,0.0
no04,533967_87767_88200_1,1645,16:45,0.0,0.0,0.0
no04,533967_87767_88200_1,1700,17:00,0.0,0.0,0.0
no04,533967_87767_88200_1,1715,17:15,0.0,0.0,0.0
no04,533967_87767_88200_1,1730,17:30,0.0,0.0,0.0
no04,533967_87767_88200_1,1745,17:45,0.0,0.0,0.0
no04,533967_87767_88200_1,1800,18:00,0.0,0.0,0.0
no04,533967_87767_88200_1,1815,18:15,0.0,0.0,0.0
no04,533967_87767_88200_1,1830,18:30,0.0,0.0,0.0
no04,533967_87767_88200_1,1845,18:45,0.0,0.0,0.0
no04,533967_87768_88199_0,630,06:30,0.0,0.0,0.0
no04,533967_87768_88199_0,645,06:45,0.0,0.0,0.0
no04,533967_87768_88199_0,700,07:00,0.0,0.0,0.0
no04,533967_87768_88199_0,715,07:15,0.0,0.0,0.0
no04,533967_87768_88199_0,730,07:30,0.0,0.0,0.0
no04,533967_87768_88199_0,745,07:45,0.0,0.0,0.0
no04,533967_87768_88199_0,800,08:00,0.0,0.0,0.0
no04,533967_87768_88199_0,815,08:15,0.0,0.0,0.0
no04,533967_87768_88199_0,830,08:30,0.0,0.0,0.0
no04,533967_87768_88199_0,845,08:45,0.0,0.0,0.0
no04,533967_87768_88199_0,900,09:00,0.0,0.0,0.0
no04,533967_87768_88199_0,915,09:15,0.0,0.0,0.0
no04,533967_87768_88199_0,930,09:30,0.0,0.0,0.0
no04,533967_87768_88199_0,945,09:45,0.0,0.0,0.0
no04,533967_87768_88199_0,1000,10:00,0.0,0.0,0.0
no04,533967_87768_88199_0,1015,10:15,0.0,0.0,0.0
no04,533967_87768_88199_0,1030,10:30,0.0,0.0,0.0
no04,533967_87768_88199_0,1045,10:45,0.0,0.0,0.0
no04,533967_87768_88199_0,1100,11:00,0.0,0.0,0.0
no04,533967_87768_88199_0,1115,11:15,0.0,0.0,0.0
no04,533967_87768_88199_0,1130,11:30,0.0,0.0,0.0
no04,533967_87768_88199_0,1145,11:45,0.0,0.0,0.0
no04,533967_87768_88199_0,1200,12:00,0.0,0.0,0.0
no04,533967_87768_88199_0,1215,12:15,0.0,0.0,0.0
no04,533967_87768_88199_0,1230,12:30,0.0,0.0,0.0
no04,533967_87768_88199_0,1245,12:45,0.0,0.0,0.0
no04,533967_87768_88199_0,1300,13:00,0.0,0.0,0.0
no04,533967_87768_88199_0,1315,13:15,0.0,0.0,0.0
no04,533967_87768_88199_0,1330,13:30,0.0,0.0,0.0
no04,533967_87768_88199_0,1345,13:45,0.0,0.0,0.0
no04,533967_87768_88199_0,1400,14:00,0.0,0.0,0.0
no04,533967_87768_88199_0,1415,14:15,0.0,0.0,0.0
no04,533967_87768_88199_0,1430,14:30,0.0,0.0,0.0
no04,533967_87768_88199_0,1445,14:45,0.0,0.0,0.0
no04,533967_87768_88199_0,1500,15:00,0.0,0.0,0.0
no04,533967_87768_88199_0,1515,15:15,0.0,0.0,0.0
no04,533967_87768_88199_0,1530,15:30,0.0,0.0,0.0
no04,533967_87768_88199_0,1545,15:45,0.0,0.0,0.0
no04,533967_87768_88199_0,1600,16:00,0.0,0.0,0.0
no04,533967_87768_88199_0,1615,16:15,0.0,0.0,0.0
no04,533967_87768_88199_0,1630,16:30,0.0,0.0,0.0
no04,533967_87768_88199_0,1645,16:45,0.0,0.0,0.0
no04,533967_87768_88199_0,1700,17:00,0.0,0.0,0.0
no04,533967_87768_88199_0,1715,17:15,0.0,0.0,0.0
no04,533967_87768_88199_0,1730,17:30,0.0,0.0,0.0
no04,533967_87768_88199_0,1745,17:45,0.0,0.0,0.0
no04,533967_87768_88199_0,1800,18:00,0.0,0.0,0.0
no04,533967_87768_88199_0,1815,18:15,0.0,0.0,0.0
no04,533967_87768_88199_0,1830,18:30,0.0,0.0,0.0
no04,533967_87768_88199_0,1845,18:45,0.0,0.0,0.0
no04,533967_87768_88199_1,630,06:30,0.0,0.0,0.0
no04,533967_87768_88199_1,645,06:45,0.0,0.0,0.0
no04,533967_87768_88199_1,700,07:00,0.0,0.0,0.0
no04,533967_87768_88199_1,715,07:15,0.0,0.0,0.0
no04,533967_87768_88199_1,730,07:30,0.0,0.0,0.0
no04,533967_87768_88199_1,745,07:45,0.0,0.0,0.0
no04,533967_87768_88199_1,800,08:00,0.0,0.0,0.0
no04,533967_87768_88199_1,815,08:15,0.0,0.0,0.0
no04,533967_87768_88199_1,830,08:30,0.0,0.0,0.0
no04,533967_87768_88199_1,845,08:45,0.0,0.0,0.0
no04,533967_87768_88199_1,900,09:00,0.0,0.0,0.0
no04,533967_87768_88199_1,915,09:15,0.0,0.0,0.0
no04,533967_87768_88199_1,930,09:30,0.0,0.0,0.0
no04,533967_87768_88199_1,945,09:45,0.0,0.0,0.0
no04,533967_87768_88199_1,1000,10:00,0.0,0.0,0.0
no04,533967_87768_88199_1,1015,10:15,0.0,0.0,0.0
no04,533967_87768_88199_1,1030,10:30,0.0,0.0,0.0
no04,533967_87768_88199_1,1045,10:45,0.0,0.0,0.0
no04,533967_87768_88199_1,1100,11:00,0.0,0.0,0.0
no04,533967_87768_88199_1,1115,11:15,0.0,0.0,0.0
no04,533967_87768_88199_1,1130,11:30,0.0,0.0,0.0
no04,533967_87768_88199_1,1145,11:45,0.0,0.0,0.0
no04,533967_87768_88199_1,1200,12:00,0.0,0.0,0.0
no04,533967_87768_88199_1,1215,12:15,0.0,0.0,0.0
no04,533967_87768_88199_1,1230,12:30,0.0,0.0,0.0
no04,533967_87768_88199_1,1245,12:45,0.0,0.0,0.0
no04,533967_87768_88199_1,1300,13:00,0.0,0.0,0.0
no04,533967_87768_88199_1,1315,13:15,0.0,0.0,0.0
no04,533967_87768_88199_1,1330,13:30,0.0,0.0,0.0
no04,533967_87768_88199_1,1345,13:45,0.0,0.0,0.0
no04,533967_87768_88199_1,1400,14:00,0.0,0.0,0.0
no04,533967_87768_88199_1,1415,14:15,0.0,0.0,0.0
no04,533967_87768_88199_1,1430,14:30,0.0,0.0,0.0
no04,533967_87768_88199_1,1445,14:45,0.0,0.0,0.0
no04,533967_87768_88199_1,1500,15:00,0.0,0.0,0.0
no04,533967_87768_88199_1,1515,15:15,0.0,0.0,0.0
no04,533967_87768_88199_1,1530,15:30,0.0,0.0,0.0
no04,533967_87768_88199_1,1545,15:45,0.0,0.0,0.0
no04,533967_87768_88199_1,1600,16:00,0.0,0.0,0.0
no04,533967_87768_88199_1,1615,16:15,0.0,0.0,0.0
no04,533967_87768_88199_1,1630,16:30,0.0,0.0,0.0
no04,533967_87768_88199_1,1645,16:45,0.0,0.0,0.0
no04,533967_87768_88199_1,1700,17:00,0.0,0.0,0.0
no04,533967_87768_88199_1,1715,17:15,0.0,0.0,0.0
no04,533967_87768_88199_1,1730,17:30,0.0,0.0,0.0
no04,533967_87768_88199_1,1745,17:45,0.0,0.0,0.0
no04,533967_87768_88199_1,1800,18:00,0.0,0.0,0.0
no04,533967_87768_88199_1,1815,18:15,0.0,0.0,0.0
no04,533967_87768_88199_1,1830,18:30,0.0,0.0,0.0
no04,533967_87768_88199_1,1845,18:45,0.0,0.0,0.0
no04,533967_87769_87770_0,630,06:30,0.0,0.0,0.0
no04,533967_87769_87770_0,645,06:45,0.0,0.0,0.0
no04,533967_87769_87770_0,700,07:00,0.0,0.0,0.0
no04,533967_87769_87770_0,715,07:15,0.0,0.0,0.0
no04,533967_87769_87770_0,730,07:30,0.0,0.0,0.0
no04,533967_87769_87770_0,745,07:45,0.0,0.0,0.0
no04,533967_87769_87770_0,800,08:00,0.0,0.0,0.0
no04,533967_87769_87770_0,815,08:15,0.0,0.0,0.0
no04,533967_87769_87770_0,830,08:30,0.0,0.0,0.0
no04,533967_87769_87770_0,845,08:45,0.0,0.0,0.0
no04,533967_87769_87770_0,900,09:00,0.0,0.0,0.0
no04,533967_87769_87770_0,915,09:15,0.0,0.0,0.0
no04,533967_87769_87770_0,930,09:30,0.0,0.0,0.0
no04,533967_87769_87770_0,945,09:45,0.0,0.0,0.0
no04,533967_87769_87770_0,1000,10:00,0.0,0.0,0.0
no04,533967_87769_87770_0,1015,10:15,0.0,0.0,0.0
no04,533967_87769_87770_0,1030,10:30,0.0,0.0,0.0
no04,533967_87769_87770_0,1045,10:45,0.0,0.0,0.0
no04,533967_87769_87770_0,1100,11:00,0.0,0.0,0.0
no04,533967_87769_87770_0,1115,11:15,0.0,0.0,0.0
no04,533967_87769_87770_0,1130,11:30,0.0,0.0,0.0
no04,533967_87769_87770_0,1145,11:45,0.0,0.0,0.0
no04,533967_87769_87770_0,1200,12:00,0.0,0.0,0.0
no04,533967_87769_87770_0,1215,12:15,0.0,0.0,0.0
no04,533967_87769_87770_0,1230,12:30,0.0,0.0,0.0
no04,533967_87769_87770_0,1245,12:45,0.0,0.0,0.0
no04,533967_87769_87770_0,1300,13:00,0.0,0.0,0.0
no04,533967_87769_87770_0,1315,13:15,0.0,0.0,0.0
no04,533967_87769_87770_0,1330,13:30,0.0,0.0,0.0
no04,533967_87769_87770_0,1345,13:45,0.0,0.0,0.0
no04,533967_87769_87770_0,1400,14:00,0.0,0.0,0.0
no04,533967_87769_87770_0,1415,14:15,0.0,0.0,0.0
no04,533967_87769_87770_0,1430,14:30,0.0,0.0,0.0
no04,533967_87769_87770_0,1445,14:45,0.0,0.0,0.0
no04,533967_87769_87770_0,1500,15:00,0.0,0.0,0.0
no04,533967_87769_87770_0,1515,15:15,0.0,0.0,0.0
no04,533967_87769_87770_0,1530,15:30,0.0,0.0,0.0
no04,533967_87769_87770_0,1545,15:45,0.0,0.0,0.0
no04,533967_87769_87770_0,1600,16:00,0.0,0.0,0.0
no04,533967_87769_87770_0,1615,16:15,0.0,0.0,0.0
no04,533967_87769_87770_0,1630,16:30,0.0,0.0,0.0
no04,533967_87769_87770_0,1645,16:45,0.0,0.0,0.0
no04,533967_87769_87770_0,1700,17:00,0.0,0.0,0.0
no04,533967_87769_87770_0,1715,17:15,0.0,0.0,0.0
no04,533967_87769_87770_0,1730,17:30,0.0,0.0,0.0
no04,533967_87769_87770_0,1745,17:45,0.0,0.0,0.0
no04,533967_87769_87770_0,1800,18:00,0.0,0.0,0.0
no04,533967_87769_87770_0,1815,18:15,0.0,0.0,0.0
no04,533967_87769_87770_0,1830,18:30,0.0,0.0,0.0
no04,533967_87769_87770_0,1845,18:45,0.0,0.0,0.0
no04,533967_87769_87770_1,630,06:30,0.0,0.0,0.0
no04,533967_87769_87770_1,645,06:45,0.0,0.0,0.0
no04,533967_87769_87770_1,700,07:00,0.0,0.0,0.0
no04,533967_87769_87770_1,715,07:15,0.0,0.0,0.0
no04,533967_87769_87770_1,730,07:30,0.0,0.0,0.0
no04,533967_87769_87770_1,745,07:45,0.0,0.0,0.0
no04,533967_87769_87770_1,800,08:00,0.0,0.0,0.0
no04,533967_87769_87770_1,815,08:15,0.0,0.0,0.0
no04,533967_87769_87770_1,830,08:30,0.0,0.0,0.0
no04,533967_87769_87770_1,845,08:45,0.0,0.0,0.0
no04,533967_87769_87770_1,900,09:00,0.0,0.0,0.0
no04,533967_87769_87770_1,915,09:15,0.0,0.0,0.0
no04,533967_87769_87770_1,930,09:30,0.0,0.0,0.0
no04,533967_87769_87770_1,945,09:45,0.0,0.0,0.0
no04,533967_87769_87770_1,1000,10:00,0.0,0.0,0.0
no04,533967_87769_87770_1,1015,10:15,0.0,0.0,0.0
no04,533967_87769_87770_1,1030,10:30,0.0,0.0,0.0
no04,533967_87769_87770_1,1045,10:45,0.0,0.0,0.0
no04,533967_87769_87770_1,1100,11:00,0.0,0.0,0.0
no04,533967_87769_87770_1,1115,11:15,0.0,0.0,0.0
no04,533967_87769_87770_1,1130,11:30,0.0,0.0,0.0
no04,533967_87769_87770_1,1145,11:45,0.0,0.0,0.0
no04,533967_87769_87770_1,1200,12:00,0.0,0.0,0.0
no04,533967_87769_87770_1,1215,12:15,0.0,0.0,0.0
no04,533967_87769_87770_1,1230,12:30,0.0,0.0,0.0
no04,533967_87769_87770_1,1245,12:45,0.0,0.0,0.0
no04,533967_87769_87770_1,1300,13:00,0.0,0.0,0.0
no04,533967_87769_87770_1,1315,13:15,0.0,0.0,0.0
no04,533967_87769_87770_1,1330,13:30,0.0,0.0,0.0
no04,533967_87769_87770_1,1345,13:45,0.0,0.0,0.0
no04,533967_87769_87770_1,1400,14:00,0.0,0.0,0.0
no04,533967_87769_87770_1,1415,14:15,0.0,0.0,0.0
no04,533967_87769_87770_1,1430,14:30,0.0,0.0,0.0
no04,533967_87769_87770_1,1445,14:45,0.0,0.0,0.0
no04,533967_87769_87770_1,1500,15:00,0.0,0.0,0.0
no04,533967_87769_87770_1,1515,15:15,0.0,0.0,0.0
no04,533967_87769_87770_1,1530,15:30,0.0,0.0,0.0
no04,533967_87769_87770_1,1545,15:45,0.0,0.0,0.0
no04,533967_87769_87770_1,1600,16:00,0.0,0.0,0.0
no04,533967_87769_87770_1,1615,16:15,0.0,0.0,0.0
no04,533967_87769_87770_1,1630,16:30,0.0,0.0,0.0
no04,533967_87769_87770_1,1645,16:45,0.0,0.0,0.0
no04,533967_87769_87770_1,1700,17:00,0.0,0.0,0.0
no04,533967_87769_87770_1,1715,17:15,0.0,0.0,0.0
no04,533967_87769_87770_1,1730,17:30,0.0,0.0,0.0
no04,533967_87769_87770_1,1745,17:45,0.0,0.0,0.0
no04,533967_87769_87770_1,1800,18:00,0.0,0.0,0.0
no04,533967_87769_87770_1,1815,18:15,0.0,0.0,0.0
no04,533967_87769_87770_1,1830,18:30,0.0,0.0,0.0
no04,533967_87769_87770_1,1845,18:45,0.0,0.0,0.0
no04,533967_88199_88200_0,630,06:30,0.0,0.0,0.0
no04,533967_88199_88200_0,645,06:45,0.0,0.0,0.0
no04,533967_88199_88200_0,700,07:00,0.0,0.0,0.0
no04,533967_88199_88200_0,715,07:15,0.0,0.0,0.0
no04,533967_88199_88200_0,730,07:30,0.0,0.0,0.0
no04,533967_88199_88200_0,745,07:45,0.0,0.0,0.0
no04,533967_88199_88200_0,800,08:00,0.0,0.0,0.0
no04,533967_88199_88200_0,815,08:15,0.0,0.0,0.0
no04,533967_88199_88200_0,830,08:30,0.0,0.0,0.0
no04,533967_88199_88200_0,845,08:45,0.0,0.0,0.0
no04,533967_88199_88200_0,900,09:00,0.0,0.0,0.0
no04,533967_88199_88200_0,915,09:15,0.0,0.0,0.0
no04,533967_88199_88200_0,930,09:30,0.0,0.0,0.0
no04,533967_88199_88200_0,945,09:45,0.0,0.0,0.0
no04,533967_88199_88200_0,1000,10:00,0.0,0.0,0.0
no04,533967_88199_88200_0,1015,10:15,0.0,0.0,0.0
no04,533967_88199_88200_0,1030,10:30,0.0,0.0,0.0
no04,533967_88199_88200_0,1045,10:45,0.0,0.0,0.0
no04,533967_88199_88200_0,1100,11:00,0.0,0.0,0.0
no04,533967_88199_88200_0,1115,11:15,0.0,0.0,0.0
no04,533967_88199_88200_0,1130,11:30,0.0,0.0,0.0
no04,533967_88199_88200_0,1145,11:45,0.0,0.0,0.0
no04,533967_88199_88200_0,1200,12:00,0.0,0.0,0.0
no04,533967_88199_88200_0,1215,12:15,0.0,0.0,0.0
no04,533967_88199_88200_0,1230,12:30,0.0,0.0,0.0
no04,533967_88199_88200_0,1245,12:45,0.0,0.0,0.0
no04,533967_88199_88200_0,1300,13:00,0.0,0.0,0.0
no04,533967_88199_88200_0,1315,13:15,0.0,0.0,0.0
no04,533967_88199_88200_0,1330,13:30,0.0,0.0,0.0
no04,533967_88199_88200_0,1345,13:45,0.0,0.0,0.0
no04,533967_88199_88200_0,1400,14:00,0.0,0.0,0.0
no04,533967_88199_88200_0,1415,14:15,0.0,0.0,0.0
no04,533967_88199_88200_0,1430,14:30,0.0,0.0,0.0
no04,533967_88199_88200_0,1445,14:45,0.0,0.0,0.0
no04,533967_88199_88200_0,1500,15:00,0.0,0.0,0.0
no04,533967_88199_88200_0,1515,15:15,0.0,0.0,0.0
no04,533967_88199_88200_0,1530,15:30,0.0,0.0,0.0
no04,533967_88199_88200_0,1545,15:45,0.0,0.0,0.0
no04,533967_88199_88200_0,1600,16:00,0.0,0.0,0.0
no04,533967_88199_88200_0,1615,16:15,0.0,0.0,0.0
no04,533967_88199_88200_0,1630,16:30,0.0,0.0,0.0
no04,533967_88199_88200_0,1645,16:45,0.0,0.0,0.0
no04,533967_88199_88200_0,1700,17:00,0.0,0.0,0.0
no04,533967_88199_88200_0,1715,17:15,0.0,0.0,0.0
no04,533967_88199_88200_0,1730,17:30,0.0,0.0,0.0
no04,533967_88199_88200_0,1745,17:45,0.0,0.0,0.0
no04,533967_88199_88200_0,1800,18:00,0.0,0.0,0.0
no04,533967_88199_88200_0,1815,18:15,0.0,0.0,0.0
no04,533967_88199_88200_0,1830,18:30,0.0,0.0,0.0
no04,533967_88199_88200_0,1845,18:45,0.0,0.0,0.0
no04,533967_88199_88200_1,630,06:30,0.0,0.0,0.0
no04,533967_88199_88200_1,645,06:45,0.0,0.0,0.0
no04,533967_88199_88200_1,700,07:00,0.0,0.0,0.0
no04,533967_88199_88200_1,715,07:15,0.0,0.0,0.0
no04,533967_88199_88200_1,730,07:30,0.0,0.0,0.0
no04,533967_88199_88200_1,745,07:45,0.0,0.0,0.0
no04,533967_88199_88200_1,800,08:00,0.0,0.0,0.0
no04,533967_88199_88200_1,815,08:15,0.0,0.0,0.0
no04,533967_88199_88200_1,830,08:30,0.0,0.0,0.0
no04,533967_88199_88200_1,845,08:45,0.0,0.0,0.0
no04,533967_88199_88200_1,900,09:00,0.0,0.0,0.0
no04,533967_88199_88200_1,915,09:15,0.0,0.0,0.0
no04,533967_88199_88200_1,930,09:30,0.0,0.0,0.0
no04,533967_88199_88200_1,945,09:45,0.0,0.0,0.0
no04,533967_88199_88200_1,1000,10:00,0.0,0.0,0.0
no04,533967_88199_88200_1,1015,10:15,0.0,0.0,0.0
no04,533967_88199_88200_1,1030,10:30,0.0,0.0,0.0
no04,533967_88199_88200_1,1045,10:45,0.0,0.0,0.0
no04,533967_88199_88200_1,1100,11:00,0.0,0.0,0.0
no04,533967_88199_88200_1,1115,11:15,0.0,0.0,0.0
no04,533967_88199_88200_1,1130,11:30,0.0,0.0,0.0
no04,533967_88199_88200_1,1145,11:45,0.0,0.0,0.0
no04,533967_88199_88200_1,1200,12:00,0.0,0.0,0.0
no04,533967_88199_88200_1,1215,12:15,0.0,0.0,0.0
no04,533967_88199_88200_1,1230,12:30,0.0,0.0,0.0
no04,533967_88199_88200_1,1245,12:45,0.0,0.0,0.0
no04,533967_88199_88200_1,1300,13:00,0.0,0.0,0.0
no04,533967_88199_88200_1,1315,13:15,0.0,0.0,0.0
no04,533967_88199_88200_1,1330,13:30,0.0,0.0,0.0
no04,533967_88199_88200_1,1345,13:45,0.0,0.0,0.0
no04,533967_88199_88200_1,1400,14:00,0.0,0.0,0.0
no04,533967_88199_88200_1,1415,14:15,0.0,0.0,0.0
no04,533967_88199_88200_1,1430,14:30,0.0,0.0,0.0
no04,533967_88199_88200_1,1445,14:45,0.0,0.0,0.0
no04,533967_88199_88200_1,1500,15:00,0.0,0.0,0.0
no04,533967_88199_88200_1,1515,15:15,0.0,0.0,0.0
no04,533967_88199_88200_1,1530,15:30,0.0,0.0,0.0
no04,533967_88199_88200_1,1545,15:45,0.0,0.0,0.0
no04,533967_88199_88200_1,1600,16:00,0.0,0.0,0.0
no04,533967_88199_88200_1,1615,16:15,0.0,0.0,0.0
no04,533967_88199_88200_1,1630,16:30,0.0,0.0,0.0
no04,533967_88199_88200_1,1645,16:45,0.0,0.0,0.0
no04,533967_88199_88200_1,1700,17:00,0.0,0.0,0.0
no04,533967_88199_88200_1,1715,17:15,0.0,0.0,0.0
no04,533967_88199_88200_1,1730,17:30,0.0,0.0,0.0
no04,533967_88199_88200_1,1745,17:45,0.0,0.0,0.0
no04,533967_88199_88200_1,1800,18:00,0.0,0.0,0.0
no04,533967_88199_88200_1,1815,18:15,0.0,0.0,0.0
no04,533967_88199_88200_1,1830,18:30,0.0,0.0,0.0
no04,533967_88199_88200_1,1845,18:45,0.0,0.0,0.0
no04,533967_88199_88201_0,630,06:30,0.0,0.0,0.0
no04,533967_88199_88201_0,645,06:45,0.0,0.0,0.0
no04,533967_88199_88201_0,700,07:00,0.0,0.0,0.0
no04,533967_88199_88201_0,715,07:15,0.0,0.0,0.0
no04,533967_88199_88201_0,730,07:30,0.0,0.0,0.0
no04,533967_88199_88201_0,745,07:45,0.0,0.0,0.0
no04,533967_88199_88201_0,800,08:00,0.0,0.0,0.0
no04,533967_88199_88201_0,815,08:15,0.0,0.0,0.0
no04,533967_88199_88201_0,830,08:30,0.0,0.0,0.0
no04,533967_88199_88201_0,845,08:45,0.0,0.0,0.0
no04,533967_88199_88201_0,900,09:00,0.0,0.0,0.0
no04,533967_88199_88201_0,915,09:15,0.0,0.0,0.0
no04,533967_88199_88201_0,930,09:30,0.0,0.0,0.0
no04,533967_88199_88201_0,945,09:45,0.0,0.0,0.0
no04,533967_88199_88201_0,1000,10:00,0.0,0.0,0.0
no04,533967_88199_88201_0,1015,10:15,0.0,0.0,0.0
no04,533967_88199_88201_0,1030,10:30,0.0,0.0,0.0
no04,533967_88199_88201_0,1045,10:45,0.0,0.0,0.0
no04,533967_88199_88201_0,1100,11:00,0.0,0.0,0.0
no04,533967_88199_88201_0,1115,11:15,0.0,0.0,0.0
no04,533967_88199_88201_0,1130,11:30,0.0,0.0,0.0
no04,533967_88199_88201_0,1145,11:45,0.0,0.0,0.0
no04,533967_88199_88201_0,1200,12:00,0.0,0.0,0.0
no04,533967_88199_88201_0,1215,12:15,0.0,0.0,0.0
no04,533967_88199_88201_0,1230,12:30,0.0,0.0,0.0
no04,533967_88199_88201_0,1245,12:45,0.0,0.0,0.0
no04,533967_88199_88201_0,1300,13:00,0.0,0.0,0.0
no04,533967_88199_88201_0,1315,13:15,0.0,0.0,0.0
no04,533967_88199_88201_0,1330,13:30,0.0,0.0,0.0
no04,533967_88199_88201_0,1345,13:45,0.0,0.0,0.0
no04,533967_88199_88201_0,1400,14:00,0.0,0.0,0.0
no04,533967_88199_88201_0,1415,14:15,0.0,0.0,0.0
no04,533967_88199_88201_0,1430,14:30,0.0,0.0,0.0
no04,533967_88199_88201_0,1445,14:45,0.0,0.0,0.0
no04,533967_88199_88201_0,1500,15:00,0.0,0.0,0.0
no04,533967_88199_88201_0,1515,15:15,0.0,0.0,0.0
no04,533967_88199_88201_0,1530,15:30,0.0,0.0,0.0
no04,533967_88199_88201_0,1545,15:45,0.0,0.0,0.0
no04,533967_88199_88201_0,1600,16:00,0.0,0.0,0.0
no04,533967_88199_88201_0,1615,16:15,0.0,0.0,0.0
no04,533967_88199_88201_0,1630,16:30,0.0,0.0,0.0
no04,533967_88199_88201_0,1645,16:45,0.0,0.0,0.0
no04,533967_88199_88201_0,1700,17:00,0.0,0.0,0.0
no04,533967_88199_88201_0,1715,17:15,0.0,0.0,0.0
no04,533967_88199_88201_0,1730,17:30,0.0,0.0,0.0
no04,533967_88199_88201_0,1745,17:45,0.0,0.0,0.0
no04,533967_88199_88201_0,1800,18:00,0.0,0.0,0.0
no04,533967_88199_88201_0,1815,18:15,0.0,0.0,0.0
no04,533967_88199_88201_0,1830,18:30,0.0,0.0,0.0
no04,533967_88199_88201_0,1845,18:45,0.0,0.0,0.0
no04,533967_88199_88201_1,630,06:30,0.0,0.0,0.0
no04,533967_88199_88201_1,645,06:45,0.0,0.0,0.0
no04,533967_88199_88201_1,700,07:00,0.0,0.0,0.0
no04,533967_88199_88201_1,715,07:15,0.0,0.0,0.0
no04,533967_88199_88201_1,730,07:30,0.0,0.0,0.0
no04,533967_88199_88201_1,745,07:45,0.0,0.0,0.0
no04,533967_88199_88201_1,800,08:00,0.0,0.0,0.0
no04,533967_88199_88201_1,815,08:15,0.0,0.0,0.0
no04,533967_88199_88201_1,830,08:30,0.0,0.0,0.0
no04,533967_88199_88201_1,845,08:45,0.0,0.0,0.0
no04,533967_88199_88201_1,900,09:00,0.0,0.0,0.0
no04,533967_88199_88201_1,915,09:15,0.0,0.0,0.0
no04,533967_88199_88201_1,930,09:30,0.0,0.0,0.0
no04,533967_88199_88201_1,945,09:45,0.0,0.0,0.0
no04,533967_88199_88201_1,1000,10:00,0.0,0.0,0.0
no04,533967_88199_88201_1,1015,10:15,0.0,0.0,0.0
no04,533967_88199_88201_1,1030,10:30,0.0,0.0,0.0
no04,533967_88199_88201_1,1045,10:45,0.0,0.0,0.0
no04,533967_88199_88201_1,1100,11:00,0.0,0.0,0.0
no04,533967_88199_88201_1,1115,11:15,0.0,0.0,0.0
no04,533967_88199_88201_1,1130,11:30,0.0,0.0,0.0
no04,533967_88199_88201_1,1145,11:45,0.0,0.0,0.0
no04,533967_88199_88201_1,1200,12:00,0.0,0.0,0.0
no04,533967_88199_88201_1,1215,12:15,0.0,0.0,0.0
no04,533967_88199_88201_1,1230,12:30,0.0,0.0,0.0
no04,533967_88199_88201_1,1245,12:45,0.0,0.0,0.0
no04,533967_88199_88201_1,1300,13:00,0.0,0.0,0.0
no04,533967_88199_88201_1,1315,13:15,0.0,0.0,0.0
no04,533967_88199_88201_1,1330,13:30,0.0,0.0,0.0
no04,533967_88199_88201_1,1345,13:45,0.0,0.0,0.0
no04,533967_88199_88201_1,1400,14:00,0.0,0.0,0.0
no04,533967_88199_88201_1,1415,14:15,0.0,0.0,0.0
no04,533967_88199_88201_1,1430,14:30,0.0,0.0,0.0
no04,533967_88199_88201_1,1445,14:45,0.0,0.0,0.0
no04,533967_88199_88201_1,1500,15:00,0.0,0.0,0.0
no04,533967_88199_88201_1,1515,15:15,0.0,0.0,0.0
no04,533967_88199_88201_1,1530,15:30,0.0,0.0,0.0
no04,533967_88199_88201_1,1545,15:45,0.0,0.0,0.0
no04,533967_88199_88201_1,1600,16:00,0.0,0.0,0.0
no04,533967_88199_88201_1,1615,16:15,0.0,0.0,0.0
no04,533967_88199_88201_1,1630,16:30,0.0,0.0,0.0
no04,533967_88199_88201_1,1645,16:45,0.0,0.0,0.0
no04,533967_88199_88201_1,1700,17:00,0.0,0.0,0.0
no04,533967_88199_88201_1,1715,17:15,0.0,0.0,0.0
no04,533967_88199_88201_1,1730,17:30,0.0,0.0,0.0
no04,533967_88199_88201_1,1745,17:45,0.0,0.0,0.0
no04,533967_88199_88201_1,1800,18:00,0.0,0.0,0.0
no04,533967_88199_88201_1,1815,18:15,0.0,0.0,0.0
no04,533967_88199_88201_1,1830,18:30,0.0,0.0,0.0
no04,533967_88199_88201_1,1845,18:45,0.0,0.0,0.0
no04,533967_88200_88202_0,630,06:30,0.0,0.0,0.0
no04,533967_88200_88202_0,645,06:45,0.0,0.0,0.0
no04,533967_88200_88202_0,700,07:00,0.0,0.0,0.0
no04,533967_88200_88202_0,715,07:15,0.0,0.0,0.0
no04,533967_88200_88202_0,730,07:30,0.0,0.0,0.0
no04,533967_88200_88202_0,745,07:45,0.0,0.0,0.0
no04,533967_88200_88202_0,800,08:00,0.0,0.0,0.0
no04,533967_88200_88202_0,815,08:15,0.0,0.0,0.0
no04,533967_88200_88202_0,830,08:30,0.0,0.0,0.0
no04,533967_88200_88202_0,845,08:45,0.0,0.0,0.0
no04,533967_88200_88202_0,900,09:00,0.0,0.0,0.0
no04,533967_88200_88202_0,915,09:15,0.0,0.0,0.0
no04,533967_88200_88202_0,930,09:30,0.0,0.0,0.0
no04,533967_88200_88202_0,945,09:45,0.0,0.0,0.0
no04,533967_88200_88202_0,1000,10:00,0.0,0.0,0.0
no04,533967_88200_88202_0,1015,10:15,0.0,0.0,0.0
no04,533967_88200_88202_0,1030,10:30,0.0,0.0,0.0
no04,533967_88200_88202_0,1045,10:45,0.0,0.0,0.0
no04,533967_88200_88202_0,1100,11:00,0.0,0.0,0.0
no04,533967_88200_88202_0,1115,11:15,0.0,0.0,0.0
no04,533967_88200_88202_0,1130,11:30,0.0,0.0,0.0
no04,533967_88200_88202_0,1145,11:45,0.0,0.0,0.0
no04,533967_88200_88202_0,1200,12:00,0.0,0.0,0.0
no04,533967_88200_88202_0,1215,12:15,0.0,0.0,0.0
no04,533967_88200_88202_0,1230,12:30,0.0,0.0,0.0
no04,533967_88200_88202_0,1245,12:45,0.0,0.0,0.0
no04,533967_88200_88202_0,1300,13:00,0.0,0.0,0.0
no04,533967_88200_88202_0,1315,13:15,0.0,0.0,0.0
no04,533967_88200_88202_0,1330,13:30,0.0,0.0,0.0
no04,533967_88200_88202_0,1345,13:45,0.0,0.0,0.0
no04,533967_88200_88202_0,1400,14:00,0.0,0.0,0.0
no04,533967_88200_88202_0,1415,14:15,0.0,0.0,0.0
no04,533967_88200_88202_0,1430,14:30,0.0,0.0,0.0
no04,533967_88200_88202_0,1445,14:45,0.0,0.0,0.0
no04,533967_88200_88202_0,1500,15:00,0.0,0.0,0.0
no04,533967_88200_88202_0,1515,15:15,0.0,0.0,0.0
no04,533967_88200_88202_0,1530,15:30,0.0,0.0,0.0
no04,533967_88200_88202_0,1545,15:45,0.0,0.0,0.0
no04,533967_88200_88202_0,1600,16:00,0.0,0.0,0.0
no04,533967_88200_88202_0,1615,16:15,0.0,0.0,0.0
no04,533967_88200_88202_0,1630,16:30,0.0,0.0,0.0
no04,533967_88200_88202_0,1645,16:45,0.0,0.0,0.0
no04,533967_88200_88202_0,1700,17:00,0.0,0.0,0.0
no04,533967_88200_88202_0,1715,17:15,0.0,0.0,0.0
no04,533967_88200_88202_0,1730,17:30,0.0,0.0,0.0
no04,533967_88200_88202_0,1745,17:45,0.0,0.0,0.0
no04,533967_88200_88202_0,1800,18:00,0.0,0.0,0.0
no04,533967_88200_88202_0,1815,18:15,0.0,0.0,0.0
no04,533967_88200_88202_0,1830,18:30,0.0,0.0,0.0
no04,533967_88200_88202_0,1845,18:45,0.0,0.0,0.0
no04,533967_88200_88202_1,630,06:30,0.0,0.0,0.0
no04,533967_88200_88202_1,645,06:45,0.0,0.0,0.0
no04,533967_88200_88202_1,700,07:00,0.0,0.0,0.0
no04,533967_88200_88202_1,715,07:15,0.0,0.0,0.0
no04,533967_88200_88202_1,730,07:30,0.0,0.0,0.0
no04,533967_88200_88202_1,745,07:45,0.0,0.0,0.0
no04,533967_88200_88202_1,800,08:00,0.0,0.0,0.0
no04,533967_88200_88202_1,815,08:15,0.0,0.0,0.0
no04,533967_88200_88202_1,830,08:30,0.0,0.0,0.0
no04,533967_88200_88202_1,845,08:45,0.0,0.0,0.0
no04,533967_88200_88202_1,900,09:00,0.0,0.0,0.0
no04,533967_88200_88202_1,915,09:15,0.0,0.0,0.0
no04,533967_88200_88202_1,930,09:30,0.0,0.0,0.0
no04,533967_88200_88202_1,945,09:45,0.0,0.0,0.0
no04,533967_88200_88202_1,1000,10:00,0.0,0.0,0.0
no04,533967_88200_88202_1,1015,10:15,0.0,0.0,0.0
no04,533967_88200_88202_1,1030,10:30,0.0,0.0,0.0
no04,533967_88200_88202_1,1045,10:45,0.0,0.0,0.0
no04,533967_88200_88202_1,1100,11:00,0.0,0.0,0.0
no04,533967_88200_88202_1,1115,11:15,0.0,0.0,0.0
no04,533967_88200_88202_1,1130,11:30,0.0,0.0,0.0
no04,533967_88200_88202_1,1145,11:45,0.0,0.0,0.0
no04,533967_88200_88202_1,1200,12:00,0.0,0.0,0.0
no04,533967_88200_88202_1,1215,12:15,0.0,0.0,0.0
no04,533967_88200_88202_1,1230,12:30,0.0,0.0,0.0
no04,533967_88200_88202_1,1245,12:45,0.0,0.0,0.0
no04,533967_88200_88202_1,1300,13:00,0.0,0.0,0.0
no04,533967_88200_88202_1,1315,13:15,0.0,0.0,0.0
no04,533967_88200_88202_1,1330,13:30,0.0,0.0,0.0
no04,533967_88200_88202_1,1345,13:45,0.0,0.0,0.0
no04,533967_88200_88202_1,1400,14:00,0.0,0.0,0.0
no04,533967_88200_88202_1,1415,14:15,0.0,0.0,0.0
no04,533967_88200_88202_1,1430,14:30,0.0,0.0,0.0
no04,533967_88200_88202_1,1445,14:45,0.0,0.0,0.0
no04,533967_88200_88202_1,1500,15:00,0.0,0.0,0.0
no04,533967_88200_88202_1,1515,15:15,0.0,0.0,0.0
no04,533967_88200_88202_1,1530,15:30,0.0,0.0,0.0
no04,533967_88200_88202_1,1545,15:45,0.0,0.0,0.0
no04,533967_88200_88202_1,1600,16:00,0.0,0.0,0.0
no04,533967_88200_88202_1,1615,16:15,0.0,0.0,0.0
no04,533967_88200_88202_1,1630,16:30,0.0,0.0,0.0
no04,533967_88200_88202_1,1645,16:45,0.0,0.0,0.0
no04,533967_88200_88202_1,1700,17:00,0.0,0.0,0.0
no04,533967_88200_88202_1,1715,17:15,0.0,0.0,0.0
no04,533967_88200_88202_1,1730,17:30,0.0,0.0,0.0
no04,533967_88200_88202_1,1745,17:45,0.0,0.0,0.0
no04,533967_88200_88202_1,1800,18:00,0.0,0.0,0.0
no04,533967_88200_88202_1,1815,18:15,0.0,0.0,0.0
no04,533967_88200_88202_1,1830,18:30,0.0,0.0,0.0
no04,533967_88200_88202_1,1845,18:45,0.0,0.0,0.0
no04,533967_88201_88203_0,630,06:30,0.0,0.0,0.0
no04,533967_88201_88203_0,645,06:45,0.0,0.0,0.0
no04,533967_88201_88203_0,700,07:00,0.0,0.0,0.0
no04,533967_88201_88203_0,715,07:15,0.0,0.0,0.0
no04,533967_88201_88203_0,730,07:30,0.0,0.0,0.0
no04,533967_88201_88203_0,745,07:45,0.0,0.0,0.0
no04,533967_88201_88203_0,800,08:00,0.0,0.0,0.0
no04,533967_88201_88203_0,815,08:15,0.0,0.0,0.0
no04,533967_88201_88203_0,830,08:30,0.0,0.0,0.0
no04,533967_88201_88203_0,845,08:45,0.0,0.0,0.0
no04,533967_88201_88203_0,900,09:00,0.0,0.0,0.0
no04,533967_88201_88203_0,915,09:15,0.0,0.0,0.0
no04,533967_88201_88203_0,930,09:30,0.0,0.0,0.0
no04,533967_88201_88203_0,945,09:45,0.0,0.0,0.0
no04,533967_88201_88203_0,1000,10:00,0.0,0.0,0.0
no04,533967_88201_88203_0,1015,10:15,0.0,0.0,0.0
no04,533967_88201_88203_0,1030,10:30,0.0,0.0,0.0
no04,533967_88201_88203_0,1045,10:45,0.0,0.0,0.0
no04,533967_88201_88203_0,1100,11:00,0.0,0.0,0.0
no04,533967_88201_88203_0,1115,11:15,0.0,0.0,0.0
no04,533967_88201_88203_0,1130,11:30,0.0,0.0,0.0
no04,533967_88201_88203_0,1145,11:45,0.0,0.0,0.0
no04,533967_88201_88203_0,1200,12:00,0.0,0.0,0.0
no04,533967_88201_88203_0,1215,12:15,0.0,0.0,0.0
no04,533967_88201_88203_0,1230,12:30,0.0,0.0,0.0
no04,533967_88201_88203_0,1245,12:45,0.0,0.0,0.0
no04,533967_88201_88203_0,1300,13:00,0.0,0.0,0.0
no04,533967_88201_88203_0,1315,13:15,0.0,0.0,0.0
no04,533967_88201_88203_0,1330,13:30,0.0,0.0,0.0
no04,533967_88201_88203_0,1345,13:45,0.0,0.0,0.0
no04,533967_88201_88203_0,1400,14:00,0.0,0.0,0.0
no04,533967_88201_88203_0,1415,14:15,0.0,0.0,0.0
no04,533967_88201_88203_0,1430,14:30,0.0,0.0,0.0
no04,533967_88201_88203_0,1445,14:45,0.0,0.0,0.0
no04,533967_88201_88203_0,1500,15:00,0.0,0.0,0.0
no04,533967_88201_88203_0,1515,15:15,0.0,0.0,0.0
no04,533967_88201_88203_0,1530,15:30,0.0,0.0,0.0
no04,533967_88201_88203_0,1545,15:45,0.0,0.0,0.0
no04,533967_88201_88203_0,1600,16:00,0.0,0.0,0.0
no04,533967_88201_88203_0,1615,16:15,0.0,0.0,0.0
no04,533967_88201_88203_0,1630,16:30,0.0,0.0,0.0
no04,533967_88201_88203_0,1645,16:45,0.0,0.0,0.0
no04,533967_88201_88203_0,1700,17:00,0.0,0.0,0.0
no04,533967_88201_88203_0,1715,17:15,0.0,0.0,0.0
no04,533967_88201_88203_0,1730,17:30,0.0,0.0,0.0
no04,533967_88201_88203_0,1745,17:45,0.0,0.0,0.0
no04,533967_88201_88203_0,1800,18:00,0.0,0.0,0.0
no04,533967_88201_88203_0,1815,18:15,0.0,0.0,0.0
no04,533967_88201_88203_0,1830,18:30,0.0,0.0,0.0
no04,533967_88201_88203_0,1845,18:45,0.0,0.0,0.0
no04,533967_88201_88203_1,630,06:30,0.0,0.0,0.0
no04,533967_88201_88203_1,645,06:45,0.0,0.0,0.0
no04,533967_88201_88203_1,700,07:00,0.0,0.0,0.0
no04,533967_88201_88203_1,715,07:15,0.0,0.0,0.0
no04,533967_88201_88203_1,730,07:30,0.0,0.0,0.0
no04,533967_88201_88203_1,745,07:45,0.0,0.0,0.0
no04,533967_88201_88203_1,800,08:00,0.0,0.0,0.0
no04,533967_88201_88203_1,815,08:15,0.0,0.0,0.0
no04,533967_88201_88203_1,830,08:30,0.0,0.0,0.0
no04,533967_88201_88203_1,845,08:45,0.0,0.0,0.0
no04,533967_88201_88203_1,900,09:00,0.0,0.0,0.0
no04,533967_88201_88203_1,915,09:15,0.0,0.0,0.0
no04,533967_88201_88203_1,930,09:30,0.0,0.0,0.0
no04,533967_88201_88203_1,945,09:45,0.0,0.0,0.0
no04,533967_88201_88203_1,1000,10:00,0.0,0.0,0.0
no04,533967_88201_88203_1,1015,10:15,0.0,0.0,0.0
no04,533967_88201_88203_1,1030,10:30,0.0,0.0,0.0
no04,533967_88201_88203_1,1045,10:45,0.0,0.0,0.0
no04,533967_88201_88203_1,1100,11:00,0.0,0.0,0.0
no04,533967_88201_88203_1,1115,11:15,0.0,0.0,0.0
no04,533967_88201_88203_1,1130,11:30,0.0,0.0,0.0
no04,533967_88201_88203_1,1145,11:45,0.0,0.0,0.0
no04,533967_88201_88203_1,1200,12:00,0.0,0.0,0.0
no04,533967_88201_88203_1,1215,12:15,0.0,0.0,0.0
no04,533967_88201_88203_1,1230,12:30,0.0,0.0,0.0
no04,533967_88201_88203_1,1245,12:45,0.0,0.0,0.0
no04,533967_88201_88203_1,1300,13:00,0.0,0.0,0.0
no04,533967_88201_88203_1,1315,13:15,0.0,0.0,0.0
no04,533967_88201_88203_1,1330,13:30,0.0,0.0,0.0
no04,533967_88201_88203_1,1345,13:45,0.0,0.0,0.0
no04,533967_88201_88203_1,1400,14:00,0.0,0.0,0.0
no04,533967_88201_88203_1,1415,14:15,0.0,0.0,0.0
no04,533967_88201_88203_1,1430,14:30,0.0,0.0,0.0
no04,533967_88201_88203_1,1445,14:45,0.0,0.0,0.0
no04,533967_88201_88203_1,1500,15:00,0.0,0.0,0.0
no04,533967_88201_88203_1,1515,15:15,0.0,0.0,0.0
no04,533967_88201_88203_1,1530,15:30,0.0,0.0,0.0
no04,533967_88201_88203_1,1545,15:45,0.0,0.0,0.0
no04,533967_88201_88203_1,1600,16:00,0.0,0.0,0.0
no04,533967_88201_88203_1,1615,16:15,0.0,0.0,0.0
no04,533967_88201_88203_1,1630,16:30,0.0,0.0,0.0
no04,533967_88201_88203_1,1645,16:45,0.0,0.0,0.0
no04,533967_88201_88203_1,1700,17:00,0.0,0.0,0.0
no04,533967_88201_88203_1,1715,17:15,0.0,0.0,0.0
no04,533967_88201_88203_1,1730,17:30,0.0,0.0,0.0
no04,533967_88201_88203_1,1745,17:45,0.0,0.0,0.0
no04,533967_88201_88203_1,1800,18:00,0.0,0.0,0.0
no04,533967_88201_88203_1,1815,18:15,0.0,0.0,0.0
no04,533967_88201_88203_1,1830,18:30,0.0,0.0,0.0
no04,533967_88201_88203_1,1845,18:45,0.0,0.0,0.0
no04,533967_88201_88204_0,630,06:30,0.0,0.0,0.0
no04,533967_88201_88204_0,645,06:45,0.0,0.0,0.0
no04,533967_88201_88204_0,700,07:00,0.0,0.0,0.0
no04,533967_88201_88204_0,715,07:15,0.0,0.0,0.0
no04,533967_88201_88204_0,730,07:30,0.0,0.0,0.0
no04,533967_88201_88204_0,745,07:45,0.0,0.0,0.0
no04,533967_88201_88204_0,800,08:00,0.0,0.0,0.0
no04,533967_88201_88204_0,815,08:15,0.0,0.0,0.0
no04,533967_88201_88204_0,830,08:30,0.0,0.0,0.0
no04,533967_88201_88204_0,845,08:45,0.0,0.0,0.0
no04,533967_88201_88204_0,900,09:00,0.0,0.0,0.0
no04,533967_88201_88204_0,915,09:15,0.0,0.0,0.0
no04,533967_88201_88204_0,930,09:30,0.0,0.0,0.0
no04,533967_88201_88204_0,945,09:45,0.0,0.0,0.0
no04,533967_88201_88204_0,1000,10:00,0.0,0.0,0.0
no04,533967_88201_88204_0,1015,10:15,0.0,0.0,0.0
no04,533967_88201_88204_0,1030,10:30,0.0,0.0,0.0
no04,533967_88201_88204_0,1045,10:45,0.0,0.0,0.0
no04,533967_88201_88204_0,1100,11:00,0.0,0.0,0.0
no04,533967_88201_88204_0,1115,11:15,0.0,0.0,0.0
no04,533967_88201_88204_0,1130,11:30,0.0,0.0,0.0
no04,533967_88201_88204_0,1145,11:45,0.0,0.0,0.0
no04,533967_88201_88204_0,1200,12:00,0.0,0.0,0.0
no04,533967_88201_88204_0,1215,12:15,0.0,0.0,0.0
no04,533967_88201_88204_0,1230,12:30,0.0,0.0,0.0
no04,533967_88201_88204_0,1245,12:45,0.0,0.0,0.0
no04,533967_88201_88204_0,1300,13:00,0.0,0.0,0.0
no04,533967_88201_88204_0,1315,13:15,0.0,0.0,0.0
no04,533967_88201_88204_0,1330,13:30,0.0,0.0,0.0
no04,533967_88201_88204_0,1345,13:45,0.0,0.0,0.0
no04,533967_88201_88204_0,1400,14:00,0.0,0.0,0.0
no04,533967_88201_88204_0,1415,14:15,0.0,0.0,0.0
no04,533967_88201_88204_0,1430,14:30,0.0,0.0,0.0
no04,533967_88201_88204_0,1445,14:45,0.0,0.0,0.0
no04,533967_88201_88204_0,1500,15:00,0.0,0.0,0.0
no04,533967_88201_88204_0,1515,15:15,0.0,0.0,0.0
no04,533967_88201_88204_0,1530,15:30,0.0,0.0,0.0
no04,533967_88201_88204_0,1545,15:45,0.0,0.0,0.0
no04,533967_88201_88204_0,1600,16:00,0.0,0.0,0.0
no04,533967_88201_88204_0,1615,16:15,0.0,0.0,0.0
no04,533967_88201_88204_0,1630,16:30,0.0,0.0,0.0
no04,533967_88201_88204_0,1645,16:45,0.0,0.0,0.0
no04,533967_88201_88204_0,1700,17:00,0.0,0.0,0.0
no04,533967_88201_88204_0,1715,17:15,0.0,0.0,0.0
no04,533967_88201_88204_0,1730,17:30,0.0,0.0,0.0
no04,533967_88201_88204_0,1745,17:45,0.0,0.0,0.0
no04,533967_88201_88204_0,1800,18:00,0.0,0.0,0.0
no04,533967_88201_88204_0,1815,18:15,0.0,0.0,0.0
no04,533967_88201_88204_0,1830,18:30,0.0,0.0,0.0
no04,533967_88201_88204_0,1845,18:45,0.0,0.0,0.0
no04,533967_88201_88204_1,630,06:30,0.0,0.0,0.0
no04,533967_88201_88204_1,645,06:45,0.0,0.0,0.0
no04,533967_88201_88204_1,700,07:00,0.0,0.0,0.0
no04,533967_88201_88204_1,715,07:15,0.0,0.0,0.0
no04,533967_88201_88204_1,730,07:30,0.0,0.0,0.0
no04,533967_88201_88204_1,745,07:45,0.0,0.0,0.0
no04,533967_88201_88204_1,800,08:00,0.0,0.0,0.0
no04,533967_88201_88204_1,815,08:15,0.0,0.0,0.0
no04,533967_88201_88204_1,830,08:30,0.0,0.0,0.0
no04,533967_88201_88204_1,845,08:45,0.0,0.0,0.0
no04,533967_88201_88204_1,900,09:00,0.0,0.0,0.0
no04,533967_88201_88204_1,915,09:15,0.0,0.0,0.0
no04,533967_88201_88204_1,930,09:30,0.0,0.0,0.0
no04,533967_88201_88204_1,945,09:45,0.0,0.0,0.0
no04,533967_88201_88204_1,1000,10:00,0.0,0.0,0.0
no04,533967_88201_88204_1,1015,10:15,0.0,0.0,0.0
no04,533967_88201_88204_1,1030,10:30,0.0,0.0,0.0
no04,533967_88201_88204_1,1045,10:45,0.0,0.0,0.0
no04,533967_88201_88204_1,1100,11:00,0.0,0.0,0.0
no04,533967_88201_88204_1,1115,11:15,0.0,0.0,0.0
no04,533967_88201_88204_1,1130,11:30,0.0,0.0,0.0
no04,533967_88201_88204_1,1145,11:45,0.0,0.0,0.0
no04,533967_88201_88204_1,1200,12:00,0.0,0.0,0.0
no04,533967_88201_88204_1,1215,12:15,0.0,0.0,0.0
no04,533967_88201_88204_1,1230,12:30,0.0,0.0,0.0
no04,533967_88201_88204_1,1245,12:45,0.0,0.0,0.0
no04,533967_88201_88204_1,1300,13:00,0.0,0.0,0.0
no04,533967_88201_88204_1,1315,13:15,0.0,0.0,0.0
no04,533967_88201_88204_1,1330,13:30,0.0,0.0,0.0
no04,533967_88201_88204_1,1345,13:45,0.0,0.0,0.0
no04,533967_88201_88204_1,1400,14:00,0.0,0.0,0.0
no04,533967_88201_88204_1,1415,14:15,0.0,0.0,0.0
no04,533967_88201_88204_1,1430,14:30,0.0,0.0,0.0
no04,533967_88201_88204_1,1445,14:45,0.0,0.0,0.0
no04,533967_88201_88204_1,1500,15:00,0.0,0.0,0.0
no04,533967_88201_88204_1,1515,15:15,0.0,0.0,0.0
no04,533967_88201_88204_1,1530,15:30,0.0,0.0,0.0
no04,533967_88201_88204_1,1545,15:45,0.0,0.0,0.0
no04,533967_88201_88204_1,1600,16:00,0.0,0.0,0.0
no04,533967_88201_88204_1,1615,16:15,0.0,0.0,0.0
no04,533967_88201_88204_1,1630,16:30,0.0,0.0,0.0
no04,533967_88201_88204_1,1645,16:45,0.0,0.0,0.0
no04,533967_88201_88204_1,1700,17:00,0.0,0.0,0.0
no04,533967_88201_88204_1,1715,17:15,0.0,0.0,0.0
no04,533967_88201_88204_1,1730,17:30,0.0,0.0,0.0
no04,533967_88201_88204_1,1745,17:45,0.0,0.0,0.0
no04,533967_88201_88204_1,1800,18:00,0.0,0.0,0.0
no04,533967_88201_88204_1,1815,18:15,0.0,0.0,0.0
no04,533967_88201_88204_1,1830,18:30,0.0,0.0,0.0
no04,533967_88201_88204_1,1845,18:45,0.0,0.0,0.0
no04,533967_88202_88204_0,630,06:30,0.0,0.0,0.0
no04,533967_88202_88204_0,645,06:45,0.0,0.0,0.0
no04,533967_88202_88204_0,700,07:00,0.0,0.0,0.0
no04,533967_88202_88204_0,715,07:15,0.0,0.0,0.0
no04,533967_88202_88204_0,730,07:30,0.0,0.0,0.0
no04,533967_88202_88204_0,745,07:45,0.0,0.0,0.0
no04,533967_88202_88204_0,800,08:00,0.0,0.0,0.0
no04,533967_88202_88204_0,815,08:15,0.0,0.0,0.0
no04,533967_88202_88204_0,830,08:30,0.0,0.0,0.0
no04,533967_88202_88204_0,845,08:45,0.0,0.0,0.0
no04,533967_88202_88204_0,900,09:00,0.0,0.0,0.0
no04,533967_88202_88204_0,915,09:15,0.0,0.0,0.0
no04,533967_88202_88204_0,930,09:30,0.0,0.0,0.0
no04,533967_88202_88204_0,945,09:45,0.0,0.0,0.0
no04,533967_88202_88204_0,1000,10:00,0.0,0.0,0.0
no04,533967_88202_88204_0,1015,10:15,0.0,0.0,0.0
no04,533967_88202_88204_0,1030,10:30,0.0,0.0,0.0
no04,533967_88202_88204_0,1045,10:45,0.0,0.0,0.0
no04,533967_88202_88204_0,1100,11:00,0.0,0.0,0.0
no04,533967_88202_88204_0,1115,11:15,0.0,0.0,0.0
no04,533967_88202_88204_0,1130,11:30,0.0,0.0,0.0
no04,533967_88202_88204_0,1145,11:45,0.0,0.0,0.0
no04,533967_88202_88204_0,1200,12:00,0.0,0.0,0.0
no04,533967_88202_88204_0,1215,12:15,0.0,0.0,0.0
no04,533967_88202_88204_0,1230,12:30,0.0,0.0,0.0
no04,533967_88202_88204_0,1245,12:45,0.0,0.0,0.0
no04,533967_88202_88204_0,1300,13:00,0.0,0.0,0.0
no04,533967_88202_88204_0,1315,13:15,0.0,0.0,0.0
no04,533967_88202_88204_0,1330,13:30,0.0,0.0,0.0
no04,533967_88202_88204_0,1345,13:45,0.0,0.0,0.0
no04,533967_88202_88204_0,1400,14:00,0.0,0.0,0.0
no04,533967_88202_88204_0,1415,14:15,0.0,0.0,0.0
no04,533967_88202_88204_0,1430,14:30,0.0,0.0,0.0
no04,533967_88202_88204_0,1445,14:45,0.0,0.0,0.0
no04,533967_88202_88204_0,1500,15:00,0.0,0.0,0.0
no04,533967_88202_88204_0,1515,15:15,0.0,0.0,0.0
no04,533967_88202_88204_0,1530,15:30,0.0,0.0,0.0
no04,533967_88202_88204_0,1545,15:45,0.0,0.0,0.0
no04,533967_88202_88204_0,1600,16:00,0.0,0.0,0.0
no04,533967_88202_88204_0,1615,16:15,0.0,0.0,0.0
no04,533967_88202_88204_0,1630,16:30,0.0,0.0,0.0
no04,533967_88202_88204_0,1645,16:45,0.0,0.0,0.0
no04,533967_88202_88204_0,1700,17:00,0.0,0.0,0.0
no04,533967_88202_88204_0,1715,17:15,0.0,0.0,0.0
no04,533967_88202_88204_0,1730,17:30,0.0,0.0,0.0
no04,533967_88202_88204_0,1745,17:45,0.0,0.0,0.0
no04,533967_88202_88204_0,1800,18:00,0.0,0.0,0.0
no04,533967_88202_88204_0,1815,18:15,0.0,0.0,0.0
no04,533967_88202_88204_0,1830,18:30,0.0,0.0,0.0
no04,533967_88202_88204_0,1845,18:45,0.0,0.0,0.0
no04,533967_88202_88204_1,630,06:30,0.0,0.0,0.0
no04,533967_88202_88204_1,645,06:45,0.0,0.0,0.0
no04,533967_88202_88204_1,700,07:00,0.0,0.0,0.0
no04,533967_88202_88204_1,715,07:15,0.0,0.0,0.0
no04,533967_88202_88204_1,730,07:30,0.0,0.0,0.0
no04,533967_88202_88204_1,745,07:45,0.0,0.0,0.0
no04,533967_88202_88204_1,800,08:00,0.0,0.0,0.0
no04,533967_88202_88204_1,815,08:15,0.0,0.0,0.0
no04,533967_88202_88204_1,830,08:30,0.0,0.0,0.0
no04,533967_88202_88204_1,845,08:45,0.0,0.0,0.0
no04,533967_88202_88204_1,900,09:00,0.0,0.0,0.0
no04,533967_88202_88204_1,915,09:15,0.0,0.0,0.0
no04,533967_88202_88204_1,930,09:30,0.0,0.0,0.0
no04,533967_88202_88204_1,945,09:45,0.0,0.0,0.0
no04,533967_88202_88204_1,1000,10:00,0.0,0.0,0.0
no04,533967_88202_88204_1,1015,10:15,0.0,0.0,0.0
no04,533967_88202_88204_1,1030,10:30,0.0,0.0,0.0
no04,533967_88202_88204_1,1045,10:45,0.0,0.0,0.0
no04,533967_88202_88204_1,1100,11:00,0.0,0.0,0.0
no04,533967_88202_88204_1,1115,11:15,0.0,0.0,0.0
no04,533967_88202_88204_1,1130,11:30,0.0,0.0,0.0
no04,533967_88202_88204_1,1145,11:45,0.0,0.0,0.0
no04,533967_88202_88204_1,1200,12:00,0.0,0.0,0.0
no04,533967_88202_88204_1,1215,12:15,0.0,0.0,0.0
no04,533967_88202_88204_1,1230,12:30,0.0,0.0,0.0
no04,533967_88202_88204_1,1245,12:45,0.0,0.0,0.0
no04,533967_88202_88204_1,1300,13:00,0.0,0.0,0.0
no04,533967_88202_88204_1,1315,13:15,0.0,0.0,0.0
no04,533967_88202_88204_1,1330,13:30,0.0,0.0,0.0
no04,533967_88202_88204_1,1345,13:45,0.0,0.0,0.0
no04,533967_88202_88204_1,1400,14:00,0.0,0.0,0.0
no04,533967_88202_88204_1,1415,14:15,0.0,0.0,0.0
no04,533967_88202_88204_1,1430,14:30,0.0,0.0,0.0
no04,533967_88202_88204_1,1445,14:45,0.0,0.0,0.0
no04,533967_88202_88204_1,1500,15:00,0.0,0.0,0.0
no04,533967_88202_88204_1,1515,15:15,0.0,0.0,0.0
no04,533967_88202_88204_1,1530,15:30,0.0,0.0,0.0
no04,533967_88202_88204_1,1545,15:45,0.0,0.0,0.0
no04,533967_88202_88204_1,1600,16:00,0.0,0.0,0.0
no04,533967_88202_88204_1,1615,16:15,0.0,0.0,0.0
no04,533967_88202_88204_1,1630,16:30,0.0,0.0,0.0
no04,533967_88202_88204_1,1645,16:45,0.0,0.0,0.0
no04,533967_88202_88204_1,1700,17:00,0.0,0.0,0.0
no04,533967_88202_88204_1,1715,17:15,0.0,0.0,0.0
no04,533967_88202_88204_1,1730,17:30,0.0,0.0,0.0
no04,533967_88202_88204_1,1745,17:45,0.0,0.0,0.0
no04,533967_88202_88204_1,1800,18:00,0.0,0.0,0.0
no04,533967_88202_88204_1,1815,18:15,0.0,0.0,0.0
no04,533967_88202_88204_1,1830,18:30,0.0,0.0,0.0
no04,533967_88202_88204_1,1845,18:45,0.0,0.0,0.0
no04,533967_88202_88302_0,630,06:30,0.0,0.0,0.0
no04,533967_88202_88302_0,645,06:45,0.0,0.0,0.0
no04,533967_88202_88302_0,700,07:00,0.0,0.0,0.0
no04,533967_88202_88302_0,715,07:15,0.0,0.0,0.0
no04,533967_88202_88302_0,730,07:30,0.0,0.0,0.0
no04,533967_88202_88302_0,745,07:45,0.0,0.0,0.0
no04,533967_88202_88302_0,800,08:00,0.0,0.0,0.0
no04,533967_88202_88302_0,815,08:15,0.0,0.0,0.0
no04,533967_88202_88302_0,830,08:30,0.0,0.0,0.0
no04,533967_88202_88302_0,845,08:45,0.0,0.0,0.0
no04,533967_88202_88302_0,900,09:00,0.0,0.0,0.0
no04,533967_88202_88302_0,915,09:15,0.0,0.0,0.0
no04,533967_88202_88302_0,930,09:30,0.0,0.0,0.0
no04,533967_88202_88302_0,945,09:45,0.0,0.0,0.0
no04,533967_88202_88302_0,1000,10:00,0.0,0.0,0.0
no04,533967_88202_88302_0,1015,10:15,0.0,0.0,0.0
no04,533967_88202_88302_0,1030,10:30,0.0,0.0,0.0
no04,533967_88202_88302_0,1045,10:45,0.0,0.0,0.0
no04,533967_88202_88302_0,1100,11:00,0.0,0.0,0.0
no04,533967_88202_88302_0,1115,11:15,0.0,0.0,0.0
no04,533967_88202_88302_0,1130,11:30,0.0,0.0,0.0
no04,533967_88202_88302_0,1145,11:45,0.0,0.0,0.0
no04,533967_88202_88302_0,1200,12:00,0.0,0.0,0.0
no04,533967_88202_88302_0,1215,12:15,0.0,0.0,0.0
no04,533967_88202_88302_0,1230,12:30,0.0,0.0,0.0
no04,533967_88202_88302_0,1245,12:45,0.0,0.0,0.0
no04,533967_88202_88302_0,1300,13:00,0.0,0.0,0.0
no04,533967_88202_88302_0,1315,13:15,0.0,0.0,0.0
no04,533967_88202_88302_0,1330,13:30,0.0,0.0,0.0
no04,533967_88202_88302_0,1345,13:45,0.0,0.0,0.0
no04,533967_88202_88302_0,1400,14:00,0.0,0.0,0.0
no04,533967_88202_88302_0,1415,14:15,0.0,0.0,0.0
no04,533967_88202_88302_0,1430,14:30,0.0,0.0,0.0
no04,533967_88202_88302_0,1445,14:45,0.0,0.0,0.0
no04,533967_88202_88302_0,1500,15:00,0.0,0.0,0.0
no04,533967_88202_88302_0,1515,15:15,0.0,0.0,0.0
no04,533967_88202_88302_0,1530,15:30,0.0,0.0,0.0
no04,533967_88202_88302_0,1545,15:45,0.0,0.0,0.0
no04,533967_88202_88302_0,1600,16:00,0.0,0.0,0.0
no04,533967_88202_88302_0,1615,16:15,0.0,0.0,0.0
no04,533967_88202_88302_0,1630,16:30,0.0,0.0,0.0
no04,533967_88202_88302_0,1645,16:45,0.0,0.0,0.0
no04,533967_88202_88302_0,1700,17:00,0.0,0.0,0.0
no04,533967_88202_88302_0,1715,17:15,0.0,0.0,0.0
no04,533967_88202_88302_0,1730,17:30,0.0,0.0,0.0
no04,533967_88202_88302_0,1745,17:45,0.0,0.0,0.0
no04,533967_88202_88302_0,1800,18:00,0.0,0.0,0.0
no04,533967_88202_88302_0,1815,18:15,0.0,0.0,0.0
no04,533967_88202_88302_0,1830,18:30,0.0,0.0,0.0
no04,533967_88202_88302_0,1845,18:45,0.0,0.0,0.0
no04,533967_88202_88302_1,630,06:30,0.0,0.0,0.0
no04,533967_88202_88302_1,645,06:45,0.0,0.0,0.0
no04,533967_88202_88302_1,700,07:00,0.0,0.0,0.0
no04,533967_88202_88302_1,715,07:15,0.0,0.0,0.0
no04,533967_88202_88302_1,730,07:30,0.0,0.0,0.0
no04,533967_88202_88302_1,745,07:45,0.0,0.0,0.0
no04,533967_88202_88302_1,800,08:00,0.0,0.0,0.0
no04,533967_88202_88302_1,815,08:15,0.0,0.0,0.0
no04,533967_88202_88302_1,830,08:30,0.0,0.0,0.0
no04,533967_88202_88302_1,845,08:45,0.0,0.0,0.0
no04,533967_88202_88302_1,900,09:00,0.0,0.0,0.0
no04,533967_88202_88302_1,915,09:15,0.0,0.0,0.0
no04,533967_88202_88302_1,930,09:30,0.0,0.0,0.0
no04,533967_88202_88302_1,945,09:45,0.0,0.0,0.0
no04,533967_88202_88302_1,1000,10:00,0.0,0.0,0.0
no04,533967_88202_88302_1,1015,10:15,0.0,0.0,0.0
no04,533967_88202_88302_1,1030,10:30,0.0,0.0,0.0
no04,533967_88202_88302_1,1045,10:45,0.0,0.0,0.0
no04,533967_88202_88302_1,1100,11:00,0.0,0.0,0.0
no04,533967_88202_88302_1,1115,11:15,0.0,0.0,0.0
no04,533967_88202_88302_1,1130,11:30,0.0,0.0,0.0
no04,533967_88202_88302_1,1145,11:45,0.0,0.0,0.0
no04,533967_88202_88302_1,1200,12:00,0.0,0.0,0.0
no04,533967_88202_88302_1,1215,12:15,0.0,0.0,0.0
no04,533967_88202_88302_1,1230,12:30,0.0,0.0,0.0
no04,533967_88202_88302_1,1245,12:45,0.0,0.0,0.0
no04,533967_88202_88302_1,1300,13:00,0.0,0.0,0.0
no04,533967_88202_88302_1,1315,13:15,0.0,0.0,0.0
no04,533967_88202_88302_1,1330,13:30,0.0,0.0,0.0
no04,533967_88202_88302_1,1345,13:45,0.0,0.0,0.0
no04,533967_88202_88302_1,1400,14:00,0.0,0.0,0.0
no04,533967_88202_88302_1,1415,14:15,0.0,0.0,0.0
no04,533967_88202_88302_1,1430,14:30,0.0,0.0,0.0
no04,533967_88202_88302_1,1445,14:45,0.0,0.0,0.0
no04,533967_88202_88302_1,1500,15:00,0.0,0.0,0.0
no04,533967_88202_88302_1,1515,15:15,0.0,0.0,0.0
no04,533967_88202_88302_1,1530,15:30,0.0,0.0,0.0
no04,533967_88202_88302_1,1545,15:45,0.0,0.0,0.0
no04,533967_88202_88302_1,1600,16:00,0.0,0.0,0.0
no04,533967_88202_88302_1,1615,16:15,0.0,0.0,0.0
no04,533967_88202_88302_1,1630,16:30,0.0,0.0,0.0
no04,533967_88202_88302_1,1645,16:45,0.0,0.0,0.0
no04,533967_88202_88302_1,1700,17:00,0.0,0.0,0.0
no04,533967_88202_88302_1,1715,17:15,0.0,0.0,0.0
no04,533967_88202_88302_1,1730,17:30,0.0,0.0,0.0
no04,533967_88202_88302_1,1745,17:45,0.0,0.0,0.0
no04,533967_88202_88302_1,1800,18:00,0.0,0.0,0.0
no04,533967_88202_88302_1,1815,18:15,0.0,0.0,0.0
no04,533967_88202_88302_1,1830,18:30,0.0,0.0,0.0
no04,533967_88202_88302_1,1845,18:45,0.0,0.0,0.0
no04,533967_88203_88204_0,630,06:30,0.0,0.0,0.0
no04,533967_88203_88204_0,645,06:45,0.0,0.0,0.0
no04,533967_88203_88204_0,700,07:00,0.0,0.0,0.0
no04,533967_88203_88204_0,715,07:15,0.0,0.0,0.0
no04,533967_88203_88204_0,730,07:30,0.0,0.0,0.0
no04,533967_88203_88204_0,745,07:45,0.0,0.0,0.0
no04,533967_88203_88204_0,800,08:00,0.0,0.0,0.0
no04,533967_88203_88204_0,815,08:15,0.0,0.0,0.0
no04,533967_88203_88204_0,830,08:30,0.0,0.0,0.0
no04,533967_88203_88204_0,845,08:45,0.0,0.0,0.0
no04,533967_88203_88204_0,900,09:00,0.0,0.0,0.0
no04,533967_88203_88204_0,915,09:15,0.0,0.0,0.0
no04,533967_88203_88204_0,930,09:30,0.0,0.0,0.0
no04,533967_88203_88204_0,945,09:45,0.0,0.0,0.0
no04,533967_88203_88204_0,1000,10:00,0.0,0.0,0.0
no04,533967_88203_88204_0,1015,10:15,0.0,0.0,0.0
no04,533967_88203_88204_0,1030,10:30,0.0,0.0,0.0
no04,533967_88203_88204_0,1045,10:45,0.0,0.0,0.0
no04,533967_88203_88204_0,1100,11:00,0.0,0.0,0.0
no04,533967_88203_88204_0,1115,11:15,0.0,0.0,0.0
no04,533967_88203_88204_0,1130,11:30,0.0,0.0,0.0
no04,533967_88203_88204_0,1145,11:45,0.0,0.0,0.0
no04,533967_88203_88204_0,1200,12:00,0.0,0.0,0.0
no04,533967_88203_88204_0,1215,12:15,0.0,0.0,0.0
no04,533967_88203_88204_0,1230,12:30,0.0,0.0,0.0
no04,533967_88203_88204_0,1245,12:45,0.0,0.0,0.0
no04,533967_88203_88204_0,1300,13:00,0.0,0.0,0.0
no04,533967_88203_88204_0,1315,13:15,0.0,0.0,0.0
no04,533967_88203_88204_0,1330,13:30,0.0,0.0,0.0
no04,533967_88203_88204_0,1345,13:45,0.0,0.0,0.0
no04,533967_88203_88204_0,1400,14:00,0.0,0.0,0.0
no04,533967_88203_88204_0,1415,14:15,0.0,0.0,0.0
no04,533967_88203_88204_0,1430,14:30,0.0,0.0,0.0
no04,533967_88203_88204_0,1445,14:45,0.0,0.0,0.0
no04,533967_88203_88204_0,1500,15:00,0.0,0.0,0.0
no04,533967_88203_88204_0,1515,15:15,0.0,0.0,0.0
no04,533967_88203_88204_0,1530,15:30,0.0,0.0,0.0
no04,533967_88203_88204_0,1545,15:45,0.0,0.0,0.0
no04,533967_88203_88204_0,1600,16:00,0.0,0.0,0.0
no04,533967_88203_88204_0,1615,16:15,0.0,0.0,0.0
no04,533967_88203_88204_0,1630,16:30,0.0,0.0,0.0
no04,533967_88203_88204_0,1645,16:45,0.0,0.0,0.0
no04,533967_88203_88204_0,1700,17:00,0.0,0.0,0.0
no04,533967_88203_88204_0,1715,17:15,0.0,0.0,0.0
no04,533967_88203_88204_0,1730,17:30,0.0,0.0,0.0
no04,533967_88203_88204_0,1745,17:45,0.0,0.0,0.0
no04,533967_88203_88204_0,1800,18:00,0.0,0.0,0.0
no04,533967_88203_88204_0,1815,18:15,0.0,0.0,0.0
no04,533967_88203_88204_0,1830,18:30,0.0,0.0,0.0
no04,533967_88203_88204_0,1845,18:45,0.0,0.0,0.0
no04,533967_88203_88204_1,630,06:30,0.0,0.0,0.0
no04,533967_88203_88204_1,645,06:45,0.0,0.0,0.0
no04,533967_88203_88204_1,700,07:00,0.0,0.0,0.0
no04,533967_88203_88204_1,715,07:15,0.0,0.0,0.0
no04,533967_88203_88204_1,730,07:30,0.0,0.0,0.0
no04,533967_88203_88204_1,745,07:45,0.0,0.0,0.0
no04,533967_88203_88204_1,800,08:00,0.0,0.0,0.0
no04,533967_88203_88204_1,815,08:15,0.0,0.0,0.0
no04,533967_88203_88204_1,830,08:30,0.0,0.0,0.0
no04,533967_88203_88204_1,845,08:45,0.0,0.0,0.0
no04,533967_88203_88204_1,900,09:00,0.0,0.0,0.0
no04,533967_88203_88204_1,915,09:15,0.0,0.0,0.0
no04,533967_88203_88204_1,930,09:30,0.0,0.0,0.0
no04,533967_88203_88204_1,945,09:45,0.0,0.0,0.0
no04,533967_88203_88204_1,1000,10:00,0.0,0.0,0.0
no04,533967_88203_88204_1,1015,10:15,0.0,0.0,0.0
no04,533967_88203_88204_1,1030,10:30,0.0,0.0,0.0
no04,533967_88203_88204_1,1045,10:45,0.0,0.0,0.0
no04,533967_88203_88204_1,1100,11:00,0.0,0.0,0.0
no04,533967_88203_88204_1,1115,11:15,0.0,0.0,0.0
no04,533967_88203_88204_1,1130,11:30,0.0,0.0,0.0
no04,533967_88203_88204_1,1145,11:45,0.0,0.0,0.0
no04,533967_88203_88204_1,1200,12:00,0.0,0.0,0.0
no04,533967_88203_88204_1,1215,12:15,0.0,0.0,0.0
no04,533967_88203_88204_1,1230,12:30,0.0,0.0,0.0
no04,533967_88203_88204_1,1245,12:45,0.0,0.0,0.0
no04,533967_88203_88204_1,1300,13:00,0.0,0.0,0.0
no04,533967_88203_88204_1,1315,13:15,0.0,0.0,0.0
no04,533967_88203_88204_1,1330,13:30,0.0,0.0,0.0
no04,533967_88203_88204_1,1345,13:45,0.0,0.0,0.0
no04,533967_88203_88204_1,1400,14:00,0.0,0.0,0.0
no04,533967_88203_88204_1,1415,14:15,0.0,0.0,0.0
no04,533967_88203_88204_1,1430,14:30,0.0,0.0,0.0
no04,533967_88203_88204_1,1445,14:45,0.0,0.0,0.0
no04,533967_88203_88204_1,1500,15:00,0.0,0.0,0.0
no04,533967_88203_88204_1,1515,15:15,0.0,0.0,0.0
no04,533967_88203_88204_1,1530,15:30,0.0,0.0,0.0
no04,533967_88203_88204_1,1545,15:45,0.0,0.0,0.0
no04,533967_88203_88204_1,1600,16:00,0.0,0.0,0.0
no04,533967_88203_88204_1,1615,16:15,0.0,0.0,0.0
no04,533967_88203_88204_1,1630,16:30,0.0,0.0,0.0
no04,533967_88203_88204_1,1645,16:45,0.0,0.0,0.0
no04,533967_88203_88204_1,1700,17:00,0.0,0.0,0.0
no04,533967_88203_88204_1,1715,17:15,0.0,0.0,0.0
no04,533967_88203_88204_1,1730,17:30,0.0,0.0,0.0
no04,533967_88203_88204_1,1745,17:45,0.0,0.0,0.0
no04,533967_88203_88204_1,1800,18:00,0.0,0.0,0.0
no04,533967_88203_88204_1,1815,18:15,0.0,0.0,0.0
no04,533967_88203_88204_1,1830,18:30,0.0,0.0,0.0
no04,533967_88203_88204_1,1845,18:45,0.0,0.0,0.0
no04,533967_88203_88302_0,630,06:30,0.0,0.0,0.0
no04,533967_88203_88302_0,645,06:45,0.0,0.0,0.0
no04,533967_88203_88302_0,700,07:00,0.0,0.0,0.0
no04,533967_88203_88302_0,715,07:15,0.0,0.0,0.0
no04,533967_88203_88302_0,730,07:30,0.0,0.0,0.0
no04,533967_88203_88302_0,745,07:45,0.0,0.0,0.0
no04,533967_88203_88302_0,800,08:00,0.0,0.0,0.0
no04,533967_88203_88302_0,815,08:15,0.0,0.0,0.0
no04,533967_88203_88302_0,830,08:30,0.0,0.0,0.0
no04,533967_88203_88302_0,845,08:45,0.0,0.0,0.0
no04,533967_88203_88302_0,900,09:00,0.0,0.0,0.0
no04,533967_88203_88302_0,915,09:15,0.0,0.0,0.0
no04,533967_88203_88302_0,930,09:30,0.0,0.0,0.0
no04,533967_88203_88302_0,945,09:45,0.0,0.0,0.0
no04,533967_88203_88302_0,1000,10:00,0.0,0.0,0.0
no04,533967_88203_88302_0,1015,10:15,0.0,0.0,0.0
no04,533967_88203_88302_0,1030,10:30,0.0,0.0,0.0
no04,533967_88203_88302_0,1045,10:45,0.0,0.0,0.0
no04,533967_88203_88302_0,1100,11:00,0.0,0.0,0.0
no04,533967_88203_88302_0,1115,11:15,0.0,0.0,0.0
no04,533967_88203_88302_0,1130,11:30,0.0,0.0,0.0
no04,533967_88203_88302_0,1145,11:45,0.0,0.0,0.0
no04,533967_88203_88302_0,1200,12:00,0.0,0.0,0.0
no04,533967_88203_88302_0,1215,12:15,0.0,0.0,0.0
no04,533967_88203_88302_0,1230,12:30,0.0,0.0,0.0
no04,533967_88203_88302_0,1245,12:45,0.0,0.0,0.0
no04,533967_88203_88302_0,1300,13:00,0.0,0.0,0.0
no04,533967_88203_88302_0,1315,13:15,0.0,0.0,0.0
no04,533967_88203_88302_0,1330,13:30,0.0,0.0,0.0
no04,533967_88203_88302_0,1345,13:45,0.0,0.0,0.0
no04,533967_88203_88302_0,1400,14:00,0.0,0.0,0.0
no04,533967_88203_88302_0,1415,14:15,0.0,0.0,0.0
no04,533967_88203_88302_0,1430,14:30,0.0,0.0,0.0
no04,533967_88203_88302_0,1445,14:45,0.0,0.0,0.0
no04,533967_88203_88302_0,1500,15:00,0.0,0.0,0.0
no04,533967_88203_88302_0,1515,15:15,0.0,0.0,0.0
no04,533967_88203_88302_0,1530,15:30,0.0,0.0,0.0
no04,533967_88203_88302_0,1545,15:45,0.0,0.0,0.0
no04,533967_88203_88302_0,1600,16:00,0.0,0.0,0.0
no04,533967_88203_88302_0,1615,16:15,0.0,0.0,0.0
no04,533967_88203_88302_0,1630,16:30,0.0,0.0,0.0
no04,533967_88203_88302_0,1645,16:45,0.0,0.0,0.0
no04,533967_88203_88302_0,1700,17:00,0.0,0.0,0.0
no04,533967_88203_88302_0,1715,17:15,0.0,0.0,0.0
no04,533967_88203_88302_0,1730,17:30,0.0,0.0,0.0
no04,533967_88203_88302_0,1745,17:45,0.0,0.0,0.0
no04,533967_88203_88302_0,1800,18:00,0.0,0.0,0.0
no04,533967_88203_88302_0,1815,18:15,0.0,0.0,0.0
no04,533967_88203_88302_0,1830,18:30,0.0,0.0,0.0
no04,533967_88203_88302_0,1845,18:45,0.0,0.0,0.0
no04,533967_88203_88302_1,630,06:30,0.0,0.0,0.0
no04,533967_88203_88302_1,645,06:45,0.0,0.0,0.0
no04,533967_88203_88302_1,700,07:00,0.0,0.0,0.0
no04,533967_88203_88302_1,715,07:15,0.0,0.0,0.0
no04,533967_88203_88302_1,730,07:30,0.0,0.0,0.0
no04,533967_88203_88302_1,745,07:45,0.0,0.0,0.0
no04,533967_88203_88302_1,800,08:00,0.0,0.0,0.0
no04,533967_88203_88302_1,815,08:15,0.0,0.0,0.0
no04,533967_88203_88302_1,830,08:30,0.0,0.0,0.0
no04,533967_88203_88302_1,845,08:45,0.0,0.0,0.0
no04,533967_88203_88302_1,900,09:00,0.0,0.0,0.0
no04,533967_88203_88302_1,915,09:15,0.0,0.0,0.0
no04,533967_88203_88302_1,930,09:30,0.0,0.0,0.0
no04,533967_88203_88302_1,945,09:45,0.0,0.0,0.0
no04,533967_88203_88302_1,1000,10:00,0.0,0.0,0.0
no04,533967_88203_88302_1,1015,10:15,0.0,0.0,0.0
no04,533967_88203_88302_1,1030,10:30,0.0,0.0,0.0
no04,533967_88203_88302_1,1045,10:45,0.0,0.0,0.0
no04,533967_88203_88302_1,1100,11:00,0.0,0.0,0.0
no04,533967_88203_88302_1,1115,11:15,0.0,0.0,0.0
no04,533967_88203_88302_1,1130,11:30,0.0,0.0,0.0
no04,533967_88203_88302_1,1145,11:45,0.0,0.0,0.0
no04,533967_88203_88302_1,1200,12:00,0.0,0.0,0.0
no04,533967_88203_88302_1,1215,12:15,0.0,0.0,0.0
no04,533967_88203_88302_1,1230,12:30,0.0,0.0,0.0
no04,533967_88203_88302_1,1245,12:45,0.0,0.0,0.0
no04,533967_88203_88302_1,1300,13:00,0.0,0.0,0.0
no04,533967_88203_88302_1,1315,13:15,0.0,0.0,0.0
no04,533967_88203_88302_1,1330,13:30,0.0,0.0,0.0
no04,533967_88203_88302_1,1345,13:45,0.0,0.0,0.0
no04,533967_88203_88302_1,1400,14:00,0.0,0.0,0.0
no04,533967_88203_88302_1,1415,14:15,0.0,0.0,0.0
no04,533967_88203_88302_1,1430,14:30,0.0,0.0,0.0
no04,533967_88203_88302_1,1445,14:45,0.0,0.0,0.0
no04,533967_88203_88302_1,1500,15:00,0.0,0.0,0.0
no04,533967_88203_88302_1,1515,15:15,0.0,0.0,0.0
no04,533967_88203_88302_1,1530,15:30,0.0,0.0,0.0
no04,533967_88203_88302_1,1545,15:45,0.0,0.0,0.0
no04,533967_88203_88302_1,1600,16:00,0.0,0.0,0.0
no04,533967_88203_88302_1,1615,16:15,0.0,0.0,0.0
no04,533967_88203_88302_1,1630,16:30,0.0,0.0,0.0
no04,533967_88203_88302_1,1645,16:45,0.0,0.0,0.0
no04,533967_88203_88302_1,1700,17:00,0.0,0.0,0.0
no04,533967_88203_88302_1,1715,17:15,0.0,0.0,0.0
no04,533967_88203_88302_1,1730,17:30,0.0,0.0,0.0
no04,533967_88203_88302_1,1745,17:45,0.0,0.0,0.0
no04,533967_88203_88302_1,1800,18:00,0.0,0.0,0.0
no04,533967_88203_88302_1,1815,18:15,0.0,0.0,0.0
no04,533967_88203_88302_1,1830,18:30,0.0,0.0,0.0
no04,533967_88203_88302_1,1845,18:45,0.0,0.0,0.0
no04,I_11_0129024139429,630,06:30,1413.013,1417.0790000000002,4.066000000000258
no04,I_11_0129024139429,645,06:45,1229.881,1229.8205,-0.060500000000047294
no04,I_11_0129024139429,700,07:00,1356.025,1355.7395,-0.2855000000001837
no04,I_11_0129024139429,715,07:15,1659.2435,1666.694,7.45049999999992
no04,I_11_0129024139429,730,07:30,1808.1925,1811.0365,2.8439999999998236
no04,I_11_0129024139429,745,07:45,1936.2355,1923.825,-12.410499999999956
no04,I_11_0129024139429,800,08:00,1269.6775,1288.3485,18.67100000000005
no04,I_11_0129024139429,815,08:15,2275.0165,2292.2615,17.24499999999989
no04,I_11_0129024139429,830,08:30,1998.836,1944.4075,-54.428499999999985
no04,I_11_0129024139429,845,08:45,1118.692,1147.1485,28.456500000000005
no04,I_11_0129024139429,900,09:00,1378.6075,1397.399,18.791499999999814
no04,I_11_0129024139429,915,09:15,1406.2505,1413.6625,7.411999999999807
no04,I_11_0129024139429,930,09:30,1150.648,1116.8555,-33.79250000000002
no04,I_11_0129024139429,945,09:45,1183.186,1203.186,20.0
no04,I_11_0129024139429,1000,10:00,1653.746,1662.654,8.907999999999902
no04,I_11_0129024139429,1015,10:15,1508.6665,1516.704,8.037499999999909
no04,I_11_0129024139429,1030,10:30,1237.6155,1210.809,-26.806500000000142
no04,I_11_0129024139429,1045,10:45,1620.198,1609.6084999999998,-10.589500000000271
no04,I_11_0129024139429,1100,11:00,1491.5305,1482.1525,-9.378000000000156
no04,I_11_0129024139429,1115,11:15,1591.451,1624.0645,32.61349999999993
no04,I_11_0129024139429,1130,11:30,1376.8785,1395.19,18.311500000000024
no04,I_11_0129024139429,1145,11:45,2004.625,1982.046,-22.57899999999995
no04,I_11_0129024139429,1200,12:00,1559.5415,1574.125,14.583499999999958
no04,I_11_0129024139429,1215,12:15,1324.5195,1297.6835,-26.836000000000013
no04,I_11_0129024139429,1230,12:30,1759.581,1783.8185,24.237500000000182
no04,I_11_0129024139429,1245,12:45,1273.1460000000002,1276.2295,3.083499999999731
no04,I_11_0129024139429,1300,13:00,1564.39,1577.759,13.368999999999915
no04,I_11_0129024139429,1315,13:15,1737.7845000000002,1745.208,7.423499999999876
no04,I_11_0129024139429,1330,13:30,1427.963,1387.471,-40.49199999999996
no04,I_11_0129024139429,1345,13:45,1613.86,1616.173,2.313000000000102
no04,I_11_0129024139429,1400,14:00,1046.5125,1059.0835,12.570999999999913
no04,I_11_0129024139429,1415,14:15,1635.8735,1649.0724999999998,13.198999999999842
no04,I_11_0129024139429,1430,14:30,1044.011,1025.66,-18.350999999999885
no04,I_11_0129024139429,1445,14:45,1164.352,1190.9969999999998,26.644999999999754
no04,I_11_0129024139429,1500,15:00,2071.797,2038.2885,-33.50849999999991
no04,I_11_0129024139429,1515,15:15,1120.4375,1168.1605,47.722999999999956
no04,I_11_0129024139429,1530,15:30,1404.6975,1386.2530000000002,-18.444499999999834
no04,I_11_0129024139429,1545,15:45,1324.6625,1337.379,12.716499999999996
no04,I_11_0129024139429,1600,16:00,1909.0455,1887.5855,-21.460000000000036
no04,I_11_0129024139429,1615,16:15,1494.6465,1483.691,-10.955500000000029
no04,I_11_0129024139429,1630,16:30,1838.3765,1845.2325,6.8559999999999945
no04,I_11_0129024139429,1645,16:45,1554.0495,1573.72,19.670499999999947
no04,I_11_0129024139429,1700,17:00,1810.8845,1818.747,7.862500000000182
no04,I_11_0129024139429,1715,17:15,1061.5255,1042.077,-19.448499999999967
no04,I_11_0129024139429,1730,17:30,1840.0605,1829.854,-10.206500000000005
no04,I_11_0129024139429,1745,17:45,1927.602,1943.8105,16.208499999999958
no04,I_11_0129024139429,1800,18:00,1813.5265,1787.138,-26.388500000000022
no04,I_11_0129024139429,1815,18:15,1139.195,1134.108,-5.086999999999989
no04,I_11_0129024139429,1830,18:30,1054.508,1067.3780000000002,12.870000000000118
no04,I_11_0129024139429,1845,18:45,962.581,982.313,19.73199999999997
no04,I_11_0129024139444,630,06:30,350.6095,351.15,0.5404999999999518
no04,I_11_0129024139444,645,06:45,453.847,457.2195,3.3725000000000023
no04,I_11_0129024139444,700,07:00,1008.6945,1009.802,1.1075000000000728
no04,I_11_0129024139444,715,07:15,1214.2825,1206.239,-8.043499999999995
no04,I_11_0129024139444,730,07:30,1118.717,1123.0285,4.311499999999796
no04,I_11_0129024139444,745,07:45,1886.221,1762.1835,-124.03749999999991
no04,I_11_0129024139444,800,08:00,2356.1600000000003,2303.8915,-52.26850000000013
no04,I_11_0129024139444,815,08:15,1267.2915,1328.7225,61.43100000000004
no04,I_11_0129024139444,830,08:30,1210.0275,1228.9735,18.94600000000014
no04,I_11_0129024139444,845,08:45,1425.5985,1411.096,-14.502500000000055
no04,I_11_0129024139444,900,09:00,1951.4145,1932.313,-19.101499999999987
no04,I_11_0129024139444,915,09:15,1032.4005,1047.358,14.957499999999982
no04,I_11_0129024139444,930,09:30,1419.2305,1439.505,20.274500000000216
no04,I_11_0129024139444,945,09:45,1722.5355,1713.6375,-8.89799999999991
no04,I_11_0129024139444,1000,10:00,1076.9505,1104.0885,27.138000000000147
no04,I_11_0129024139444,1015,10:15,1114.233,1124.011,9.77800000000002
no04,I_11_0129024139444,1030,10:30,885.128,903.938,18.809999999999945
no04,I_11_0129024139444,1045,10:45,1087.494,1059.2775,-28.216499999999996
no04,I_11_0129024139444,1100,11:00,1190.8200000000002,1192.365,1.5449999999998454
no04,I_11_0129024139444,1115,11:15,1938.9795,1948.9795,10.0
no04,I_11_0129024139444,1130,11:30,1102.8035,1077.6965,-25.10699999999997
no04,I_11_0129024139444,1145,11:45,1232.284,1230.462,-1.8220000000001164
no04,I_11_0129024139444,1200,12:00,1403.6795,1396.798,-6.88149999999996
no04,I_11_0129024139444,1215,12:15,1902.572,1891.5365,-11.035499999999956
no04,I_11_0129024139444,1230,12:30,1919.403,1948.971,29.567999999999984
no04,I_11_0129024139444,1245,12:45,1334.4805,1305.948,-28.5324999999998
no04,I_11_0129024139444,1300,13:00,1512.1385,1539.348,27.209499999999935
no04,I_11_0129024139444,1315,13:15,1284.649,1265.7645,-18.88449999999989
no04,I_11_0129024139444,1330,13:30,1334.144,1346.6174999999998,12.47349999999983
no04,I_11_0129024139444,1345,13:45,1052.707,1042.6205,-10.086500000000115
no04,I_11_0129024139444,1400,14:00,1309.8094999999998,1336.013,26.203500000000076
no04,I_11_0129024139444,1415,14:15,1957.7425,1964.4625,6.720000000000027
no04,I_11_0129024139444,1430,14:30,1649.302,1614.8325,-34.469499999999925
no04,I_11_0129024139444,1445,14:45,1356.0415,1352.6355,-3.405999999999949
no04,I_11_0129024139444,1500,15:00,1674.7325,1690.9755,16.242999999999938
no04,I_11_0129024139444,1515,15:15,1557.816,1510.087,-47.72900000000004
no04,I_11_0129024139444,1530,15:30,1908.403,1916.8,8.396999999999935
no04,I_11_0129024139444,1545,15:45,1766.7154999999998,1744.4605,-22.25499999999988
no04,I_11_0129024139444,1600,16:00,1358.922,1352.008,-6.913999999999987
no04,I_11_0129024139444,1615,16:15,911.9685,928.004,16.03550000000007
no04,I_11_0129024139444,1630,16:30,609.4934999999999,625.7625,16.26900000000012
no04,I_11_0129024139444,1645,16:45,944.9495,949.575,4.625500000000102
no04,I_11_0129024139444,1700,17:00,1185.1365,1184.0805,-1.05600000000004
no04,I_11_0129024139444,1715,17:15,1763.2720000000002,1759.9045,-3.3675000000000637
no04,I_11_0129024139444,1730,17:30,1757.518,1776.2475,18.729499999999916
no04,I_11_0129024139444,1745,17:45,1924.7395,1798.428,-126.3114999999998
no04,I_11_0129024139444,1800,18:00,1993.5975,1991.6235,-1.97400000000016
no04,I_11_0129024139444,1815,18:15,2036.9100000000003,2129.23,92.31999999999971
no04,I_11_0129024139444,1830,18:30,1272.856,1329.7435,56.887500000000045
no04,I_11_0129024139444,1845,18:45,1646.293,1596.0275,-50.265499999999975
no04,I_11_0129024146232,630,06:30,2641.2445,2638.867,-2.3774999999996
no04,I_11_0129024146232,645,06:45,2421.117,2427.708,6.5909999999998945
no04,I_11_0129024146232,700,07:00,2643.135,2640.8865,-2.248500000000149
no04,I_11_0129024146232,715,07:15,3186.1735,3198.0170000000003,11.843500000000404
no04,I_11_0129024146232,730,07:30,3524.149,3523.7755,-0.3734999999996944
no04,I_11_0129024146232,745,07:45,3845.3485,3817.7735,-27.575000000000273
no04,I_11_0129024146232,800,08:00,2426.0245,2458.665,32.640499999999975
no04,I_11_0129024146232,815,08:15,4403.728499999999,4436.759,33.03050000000076
no04,I_11_0129024146232,830,08:30,3789.3155,3687.0235,-102.29200000000037
no04,I_11_0129024146232,845,08:45,2256.2775,2296.8805,40.603000000000065
no04,I_11_0129024146232,900,09:00,2701.643,2743.8705,42.227499999999964
no04,I_11_0129024146232,915,09:15,2710.922,2729.337,18.414999999999964
no04,I_11_0129024146232,930,09:30,2253.787,2165.9755,-87.8114999999998
no04,I_11_0129024146232,945,09:45,2202.724,2294.068,91.34400000000005
no04,I_11_0129024146232,1000,10:00,3283.5415000000003,3259.921,-23.620500000000447
no04,I_11_0129024146232,1015,10:15,2967.048,2958.5420000000004,-8.505999999999403
no04,I_11_0129024146232,1030,10:30,2528.0150000000003,2507.2205,-20.794500000000426
no04,I_11_0129024146232,1045,10:45,3002.95,2972.358,-30.591999999999643
no04,I_11_0129024146232,1100,11:00,2990.7655,2971.088,-19.67749999999978
no04,I_11_0129024146232,1115,11:15,3143.259,3194.625,51.365999999999985
no04,I_11_0129024146232,1130,11:30,2669.233,2701.6525,32.41949999999997
no04,I_11_0129024146232,1145,11:45,3740.665,3727.3905,-13.274499999999989
no04,I_11_0129024146232,1200,12:00,3078.509,3039.0125,-39.4965000000002
no04,I_11_0129024146232,1215,12:15,2687.297,2670.8925,-16.4045000000001
no04,I_11_0129024146232,1230,12:30,3343.1040000000003,3404.7410000000004,61.63700000000017
no04,I_11_0129024146232,1245,12:45,2515.5080000000003,2504.304,-11.204000000000178
no04,I_11_0129024146232,1300,13:00,3025.2405,3032.5865000000003,7.346000000000458
no04,I_11_0129024146232,1315,13:15,3404.9205,3424.1870000000004,19.26650000000018
no04,I_11_0129024146232,1330,13:30,2793.183,2728.0895,-65.09349999999995
no04,I_11_0129024146232,1345,13:45,3114.675,3120.8405,6.165499999999611
no04,I_11_0129024146232,1400,14:00,2042.9925,2072.168,29.175500000000056
no04,I_11_0129024146232,1415,14:15,3207.9695,3239.029,31.059499999999844
no04,I_11_0129024146232,1430,14:30,1975.4535,1930.2505,-45.202999999999975
no04,I_11_0129024146232,1445,14:45,2310.4845,2354.0925,43.608000000000175
no04,I_11_0129024146232,1500,15:00,3921.2265,3822.401,-98.82550000000037
no04,I_11_0129024146232,1515,15:15,2238.5705,2354.709,116.13850000000002
no04,I_11_0129024146232,1530,15:30,2549.27,2537.614,-11.655999999999949
no04,I_11_0129024146232,1545,15:45,2614.9895,2621.4435000000003,6.454000000000178
no04,I_11_0129024146232,1600,16:00,3561.1449999999995,3513.245,-47.899999999999636
no04,I_11_0129024146232,1615,16:15,3014.6535,2984.207,-30.446500000000015
no04,I_11_0129024146232,1630,16:30,3528.88,3549.3455000000004,20.465500000000247
no04,I_11_0129024146232,1645,16:45,3026.7555,3067.511,40.755499999999756
no04,I_11_0129024146232,1700,17:00,3586.5195,3578.6175000000003,-7.901999999999589
no04,I_11_0129024146232,1715,17:15,2099.926,2058.1315,-41.79449999999997
no04,I_11_0129024146232,1730,17:30,3501.2125,3454.5370000000003,-46.67549999999983
no04,I_11_0129024146232,1745,17:45,3807.8965,3860.2455,52.34900000000016
no04,I_11_0129024146232,1800,18:00,3405.2035,3339.0675,-66.13599999999997
no04,I_11_0129024146232,1815,18:15,2259.4175,2256.501,-2.9164999999998145
no04,I_11_0129024146232,1830,18:30,2057.694,2085.9165000000003,28.22250000000031
no04,I_11_0129024146232,1845,18:45,1861.8795,1937.5495,75.67000000000007
no04,I_11_0129024146246,630,06:30,170.98250000000002,180.0985,9.115999999999985
no04,I_11_0129024146246,645,06:45,220.343,225.867,5.524000000000001
no04,I_11_0129024146246,700,07:00,486.879,494.0645,7.1854999999999905
no04,I_11_0129024146246,715,07:15,594.101,604.6899999999999,10.588999999999942
no04,I_11_0129024146246,730,07:30,549.4739999999999,563.072,13.59800000000007
no04,I_11_0129024146246,745,07:45,1005.9225,924.336,-81.5865
no04,I_11_0129024146246,800,08:00,1118.1385,1150.977,32.83850000000007
no04,I_11_0129024146246,815,08:15,652.3905,691.947,39.55650000000003
no04,I_11_0129024146246,830,08:30,705.501,717.779,12.27800000000002
no04,I_11_0129024146246,845,08:45,702.012,727.7975,25.78550000000007
no04,I_11_0129024146246,900,09:00,1003.5245,1018.646,15.121499999999969
no04,I_11_0129024146246,915,09:15,520.605,544.6295,24.02449999999999
no04,I_11_0129024146246,930,09:30,751.8149999999999,776.522,24.707000000000107
no04,I_11_0129024146246,945,09:45,852.0709999999999,877.421,25.350000000000136
no04,I_11_0129024146246,1000,10:00,600.3585,624.6995,24.340999999999894
no04,I_11_0129024146246,1015,10:15,558.7610000000001,585.766,27.00499999999988
no04,I_11_0129024146246,1030,10:30,472.5885,485.256,12.667499999999961
no04,I_11_0129024146246,1045,10:45,522.3425,522.813,0.47050000000001546
no04,I_11_0129024146246,1100,11:00,644.857,650.083,5.225999999999999
no04,I_11_0129024146246,1115,11:15,975.365,1008.1145,32.74950000000001
no04,I_11_0129024146246,1130,11:30,522.7755,522.851,0.07550000000003365
no04,I_11_0129024146246,1145,11:45,662.2015,671.284,9.082499999999982
no04,I_11_0129024146246,1200,12:00,657.3115,661.1859999999999,3.874499999999898
no04,I_11_0129024146246,1215,12:15,967.1365,978.244,11.107500000000073
no04,I_11_0129024146246,1230,12:30,982.7835,1006.8835,24.100000000000023
no04,I_11_0129024146246,1245,12:45,688.274,677.4680000000001,-10.805999999999926
no04,I_11_0129024146246,1300,13:00,761.922,785.315,23.39300000000003
no04,I_11_0129024146246,1315,13:15,633.8675000000001,636.6405,2.772999999999911
no04,I_11_0129024146246,1330,13:30,711.4665,718.725,7.258500000000026
no04,I_11_0129024146246,1345,13:45,523.27,540.298,17.02800000000002
no04,I_11_0129024146246,1400,14:00,662.022,693.324,31.301999999999907
no04,I_11_0129024146246,1415,14:15,1001.583,1001.3185,-0.2644999999999982
no04,I_11_0129024146246,1430,14:30,866.4925000000001,884.1405000000001,17.648000000000025
no04,I_11_0129024146246,1445,14:45,647.3555,666.9945,19.63900000000001
no04,I_11_0129024146246,1500,15:00,851.1524999999999,858.481,7.328500000000076
no04,I_11_0129024146246,1515,15:15,837.4290000000001,834.4665000000001,-2.9624999999999773
no04,I_11_0129024146246,1530,15:30,953.3745,950.8585,-2.5159999999999627
no04,I_11_0129024146246,1545,15:45,910.3805,934.882,24.501499999999965
no04,I_11_0129024146246,1600,16:00,632.4685,629.2864999999999,-3.1820000000000164
no04,I_11_0129024146246,1615,16:15,443.2015,452.582,9.380499999999984
no04,I_11_0129024146246,1630,16:30,305.091,328.81,23.718999999999994
no04,I_11_0129024146246,1645,16:45,508.1535,507.3355,-0.8179999999999836
no04,I_11_0129024146246,1700,17:00,671.759,681.0425,9.283500000000004
no04,I_11_0129024146246,1715,17:15,882.7985000000001,901.9105,19.111999999999853
no04,I_11_0129024146246,1730,17:30,928.59,950.2275,21.637499999999932
no04,I_11_0129024146246,1745,17:45,937.7065,906.753,-30.953499999999963
no04,I_11_0129024146246,1800,18:00,1107.4085,1134.8470000000002,27.438500000000204
no04,I_11_0129024146246,1815,18:15,1018.9295,1071.0030000000002,52.073500000000195
no04,I_11_0129024146246,1830,18:30,652.562,708.7864999999999,56.22449999999992
no04,I_11_0129024146246,1845,18:45,840.2630000000001,824.3774999999999,-15.885500000000206
no04,I_11_0804143920985,630,06:30,50.72222222222222,51.47315789473684,0.7509356725146219
no04,I_11_0804143920985,645,06:45,395.6975,378.001,-17.696500000000015
no04,I_11_0804143920985,700,07:00,284.0965,267.549,-16.547500000000014
no04,I_11_0804143920985,715,07:15,506.651,534.385,27.73399999999998
no04,I_11_0804143920985,730,07:30,437.645,426.2325,-11.412499999999966
no04,I_11_0804143920985,745,07:45,529.2825,498.4385,-30.84400000000005
no04,I_11_0804143920985,800,08:00,440.99300000000005,427.639,-13.354000000000042
no04,I_11_0804143920985,815,08:15,428.7015,414.5475,-14.153999999999996
no04,I_11_0804143920985,830,08:30,493.891,462.0195,-31.871500000000026
no04,I_11_0804143920985,845,08:45,259.7095,271.451,11.74150000000003
no04,I_11_0804143920985,900,09:00,453.38950000000006,473.5355,20.145999999999958
no04,I_11_0804143920985,915,09:15,291.903,265.7975,-26.105500000000006
no04,I_11_0804143920985,930,09:30,435.902,382.1435,-53.75849999999997
no04,I_11_0804143920985,945,09:45,469.0565,431.9045,-37.152000000000044
no04,I_11_0804143920985,1000,10:00,682.2968421052632,654.0325,-28.264342105263154
no04,I_11_0804143920985,1015,10:15,625.9105,396.528947368421,-229.38155263157898
no04,I_11_0804143920985,1030,10:30,276.605,243.7568421052632,-32.84815789473683
no04,I_11_0804143920985,1045,10:45,664.801,562.038,-102.76300000000003
no04,I_11_0804143920985,1100,11:00,615.0135,648.2375,33.22399999999993
no04,I_11_0804143920985,1115,11:15,623.3394999999999,621.487,-1.8524999999999636
no04,I_11_0804143920985,1130,11:30,707.539,712.3495,4.810500000000047
no04,I_11_0804143920985,1145,11:45,465.0225,485.93950000000007,20.917000000000087
no04,I_11_0804143920985,1200,12:00,704.899,639.0585,-65.84050000000002
no04,I_11_0804143920985,1215,12:15,649.3795,632.5930000000001,-16.786499999999933
no04,I_11_0804143920985,1230,12:30,471.811,423.541,-48.26999999999998
no04,I_11_0804143920985,1245,12:45,581.132,582.6335,1.5015000000000782
no04,I_11_0804143920985,1300,13:00,748.662,717.307,-31.355000000000018
no04,I_11_0804143920985,1315,13:15,549.554,543.937,-5.616999999999962
no04,I_11_0804143920985,1330,13:30,464.858,455.3715,-9.486499999999978
no04,I_11_0804143920985,1345,13:45,541.6125,506.0095,-35.60299999999995
no04,I_11_0804143920985,1400,14:00,489.7595,503.6335,13.874000000000024
no04,I_11_0804143920985,1415,14:15,422.51450000000006,419.9015,-2.6130000000000564
no04,I_11_0804143920985,1430,14:30,312.5085,318.702,6.193499999999972
no04,I_11_0804143920985,1445,14:45,533.354,524.4780000000001,-8.875999999999976
no04,I_11_0804143920985,1500,15:00,569.6055,643.828,74.22249999999997
no04,I_11_0804143920985,1515,15:15,469.226,465.801,-3.4250000000000114
no04,I_11_0804143920985,1530,15:30,467.052,508.1470000000001,41.095000000000084
no04,I_11_0804143920985,1545,15:45,457.837,420.2935000000001,-37.54349999999988
no04,I_11_0804143920985,1600,16:00,643.673,651.8375,8.164499999999975
no04,I_11_0804143920985,1615,16:15,707.3055,649.6255,-57.680000000000064
no04,I_11_0804143920985,1630,16:30,516.8925,491.0025,-25.890000000000043
no04,I_11_0804143920985,1645,16:45,581.664,637.1055,55.44150000000002
no04,I_11_0804143920985,1700,17:00,538.766,468.162,-70.60399999999998
no04,I_11_0804143920985,1715,17:15,636.8995,581.233,-55.66650000000004
no04,I_11_0804143920985,1730,17:30,333.8145,354.6935,20.878999999999962
no04,I_11_0804143920985,1745,17:45,289.6025,294.102,4.499499999999955
no04,I_11_0804143920985,1800,18:00,842.217,822.433,-19.783999999999992
no04,I_11_0804143920985,1815,18:15,175.3535,151.4005,-23.953000000000003
no04,I_11_0804143920985,1830,18:30,602.574,572.261,-30.312999999999988
no04,I_11_0804143920985,1845,18:45,250.092,255.1005,5.008499999999998
no04,I_11_0804143921001,630,06:30,0.0,0.0,0.0
no04,I_11_0804143921001,645,06:45,0.0,0.0,0.0
no04,I_11_0804143921001,700,07:00,0.0,0.0,0.0
no04,I_11_0804143921001,715,07:15,0.0,0.0,0.0
no04,I_11_0804143921001,730,07:30,0.0,0.0,0.0
no04,I_11_0804143921001,745,07:45,0.0,0.0,0.0
no04,I_11_0804143921001,800,08:00,0.0,0.0,0.0
no04,I_11_0804143921001,815,08:15,0.0,0.0,0.0
no04,I_11_0804143921001,830,08:30,0.0,0.0,0.0
no04,I_11_0804143921001,845,08:45,0.0,0.0,0.0
no04,I_11_0804143921001,900,09:00,0.0,0.0,0.0
no04,I_11_0804143921001,915,09:15,0.0,0.0,0.0
no04,I_11_0804143921001,930,09:30,0.0,0.0,0.0
no04,I_11_0804143921001,945,09:45,0.0,0.0,0.0
no04,I_11_0804143921001,1000,10:00,0.0,0.0,0.0
no04,I_11_0804143921001,1015,10:15,0.0,0.0,0.0
no04,I_11_0804143921001,1030,10:30,0.0,0.0,0.0
no04,I_11_0804143921001,1045,10:45,0.0,0.0,0.0
no04,I_11_0804143921001,1100,11:00,0.0,0.0,0.0
no04,I_11_0804143921001,1115,11:15,0.0,0.0,0.0
no04,I_11_0804143921001,1130,11:30,0.0,0.0,0.0
no04,I_11_0804143921001,1145,11:45,0.0,0.0,0.0
no04,I_11_0804143921001,1200,12:00,0.0,0.0,0.0
no04,I_11_0804143921001,1215,12:15,0.0,0.0,0.0
no04,I_11_0804143921001,1230,12:30,0.0,0.0,0.0
no04,I_11_0804143921001,1245,12:45,0.0,0.0,0.0
no04,I_11_0804143921001,1300,13:00,0.0,0.0,0.0
no04,I_11_0804143921001,1315,13:15,0.0,0.0,0.0
no04,I_11_0804143921001,1330,13:30,0.0,0.0,0.0
no04,I_11_0804143921001,1345,13:45,0.0,0.0,0.0
no04,I_11_0804143921001,1400,14:00,0.0,0.0,0.0
no04,I_11_0804143921001,1415,14:15,0.0,0.0,0.0
no04,I_11_0804143921001,1430,14:30,0.0,0.0,0.0
no04,I_11_0804143921001,1445,14:45,0.0,0.0,0.0
no04,I_11_0804143921001,1500,15:00,0.0,0.0,0.0
no04,I_11_0804143921001,1515,15:15,0.0,0.0,0.0
no04,I_11_0804143921001,1530,15:30,0.0,0.0,0.0
no04,I_11_0804143921001,1545,15:45,0.0,0.0,0.0
no04,I_11_0804143921001,1600,16:00,0.0,0.0,0.0
no04,I_11_0804143921001,1615,16:15,0.0,0.0,0.0
no04,I_11_0804143921001,1630,16:30,0.0,0.0,0.0
no04,I_11_0804143921001,1645,16:45,0.0,0.0,0.0
no04,I_11_0804143921001,1700,17:00,0.0,0.0,0.0
no04,I_11_0804143921001,1715,17:15,0.0,0.0,0.0
no04,I_11_0804143921001,1730,17:30,0.0,0.0,0.0
no04,I_11_0804143921001,1745,17:45,0.0,0.0,0.0
no04,I_11_0804143921001,1800,18:00,0.0,0.0,0.0
no04,I_11_0804143921001,1815,18:15,0.0,0.0,0.0
no04,I_11_0804143921001,1830,18:30,0.0,0.0,0.0
no04,I_11_0804143921001,1845,18:45,0.0,0.0,0.0
no04,I_11_533967_-00001533967_00539,630,06:30,484.83900000000006,484.958,0.11899999999997135
no04,I_11_533967_-00001533967_00539,645,06:45,429.858,439.754,9.896000000000015
no04,I_11_533967_-00001533967_00539,700,07:00,471.495,476.4465,4.95150000000001
no04,I_11_533967_-00001533967_00539,715,07:15,379.701,390.452,10.750999999999976
no04,I_11_533967_-00001533967_00539,730,07:30,949.2085,986.309,37.10050000000001
no04,I_11_533967_-00001533967_00539,745,07:45,477.5475,502.151,24.603499999999997
no04,I_11_533967_-00001533967_00539,800,08:00,1009.322,1030.798,21.476
no04,I_11_533967_-00001533967_00539,815,08:15,1108.0395,1138.11,30.07049999999981
no04,I_11_533967_-00001533967_00539,830,08:30,905.6175,950.7535,45.13600000000008
no04,I_11_533967_-00001533967_00539,845,08:45,569.7975,584.6475,14.850000000000023
no04,I_11_533967_-00001533967_00539,900,09:00,1276.8915000000002,1304.673,27.781499999999824
no04,I_11_533967_-00001533967_00539,915,09:15,1865.177,2028.084,162.90700000000015
no04,I_11_533967_-00001533967_00539,930,09:30,1762.786,1868.269,105.48299999999995
no04,I_11_533967_-00001533967_00539,945,09:45,2263.7155,2331.603,67.88750000000027
no04,I_11_533967_-00001533967_00539,1000,10:00,2084.0255,2198.6310000000003,114.60550000000012
no04,I_11_533967_-00001533967_00539,1015,10:15,1984.7385,2096.6835,111.94500000000016
no04,I_11_533967_-00001533967_00539,1030,10:30,2527.5075,2686.1595,158.65200000000004
no04,I_11_533967_-00001533967_00539,1045,10:45,2989.2385,3176.317,187.07850000000008
no04,I_11_533967_-00001533967_00539,1100,11:00,4680.354,4751.7925000000005,71.4385000000002
no04,I_11_533967_-00001533967_00539,1115,11:15,3184.8645,3389.8505,204.98599999999988
no04,I_11_533967_-00001533967_00539,1130,11:30,2658.404,2813.8015,155.39750000000004
no04,I_11_533967_-00001533967_00539,1145,11:45,2088.5275,2149.776,61.248499999999694
no04,I_11_533967_-00001533967_00539,1200,12:00,3031.5345,3183.055,151.52049999999963
no04,I_11_533967_-00001533967_00539,1215,12:15,3535.5550000000003,3629.480000000001,93.92500000000064
no04,I_11_533967_-00001533967_00539,1230,12:30,3307.2115,3456.0615,148.8499999999999
no04,I_11_533967_-00001533967_00539,1245,12:45,1719.446,1793.2095000000002,73.76350000000025
no04,I_11_533967_-00001533967_00539,1300,13:00,2157.8145,2209.862,52.04750000000013
no04,I_11_533967_-00001533967_00539,1315,13:15,3080.443,3206.112,125.66899999999987
no04,I_11_533967_-00001533967_00539,1330,13:30,2789.3145,2891.681,102.36650000000009
no04,I_11_533967_-00001533967_00539,1345,13:45,2154.1335,2210.0205,55.88700000000017
no04,I_11_533967_-00001533967_00539,1400,14:00,2654.097,2891.7475,237.65049999999974
no04,I_11_533967_-00001533967_00539,1415,14:15,2211.755,2257.672,45.916999999999916
no04,I_11_533967_-00001533967_00539,1430,14:30,2498.9530000000004,2676.851,177.89799999999968
no04,I_11_533967_-00001533967_00539,1445,14:45,2420.762,2586.046,165.28399999999965
no04,I_11_533967_-00001533967_00539,1500,15:00,3783.4005,3897.6055,114.20499999999993
no04,I_11_533967_-00001533967_00539,1515,15:15,2854.4205,3095.795,241.3744999999999
no04,I_11_533967_-00001533967_00539,1530,15:30,3751.727,3918.2655,166.5385000000001
no04,I_11_533967_-00001533967_00539,1545,15:45,2965.5455,3343.0845,377.53899999999976
no04,I_11_533967_-00001533967_00539,1600,16:00,4517.997,4507.4575,-10.539499999999862
no04,I_11_533967_-00001533967_00539,1615,16:15,5111.6,5369.929,258.3289999999997
no04,I_11_533967_-00001533967_00539,1630,16:30,2568.721,3155.3065,586.5855000000001
no04,I_11_533967_-00001533967_00539,1645,16:45,1543.1370000000002,1554.9565,11.819499999999834
no04,I_11_533967_-00001533967_00539,1700,17:00,1582.831,1729.5285,146.6975
no04,I_11_533967_-00001533967_00539,1715,17:15,1756.0085,1815.8495,59.84100000000012
no04,I_11_533967_-00001533967_00539,1730,17:30,2377.254,2486.4080000000004,109.15400000000045
no04,I_11_533967_-00001533967_00539,1745,17:45,2569.4790000000003,3311.3165,741.8374999999996
no04,I_11_533967_-00001533967_00539,1800,18:00,1644.6645,2083.092,438.4275
no04,I_11_533967_-00001533967_00539,1815,18:15,1419.5425,2057.642,638.0994999999998
no04,I_11_533967_-00001533967_00539,1830,18:30,810.1885,896.6045,86.41600000000005
no04,I_11_533967_-00001533967_00539,1845,18:45,1115.7765,1156.091,40.31449999999995
no04,I_11_533967_-00001_533967_-00005,630,06:30,0.0,0.0,0.0
no04,I_11_533967_-00001_533967_-00005,645,06:45,0.0,0.0,0.0
no04,I_11_533967_-00001_533967_-00005,700,07:00,0.0,0.0,0.0
no04,I_11_533967_-00001_533967_-00005,715,07:15,0.0,0.0,0.0
no04,I_11_533967_-00001_533967_-00005,730,07:30,0.0,0.0,0.0
no04,I_11_533967_-00001_533967_-00005,745,07:45,0.0,0.0,0.0
no04,I_11_533967_-00001_533967_-00005,800,08:00,0.0,0.0,0.0
no04,I_11_533967_-00001_533967_-00005,815,08:15,0.0,0.0,0.0
no04,I_11_533967_-00001_533967_-00005,830,08:30,0.0,0.0,0.0
no04,I_11_533967_-00001_533967_-00005,845,08:45,0.0,0.0,0.0
no04,I_11_533967_-00001_533967_-00005,900,09:00,0.0,0.0,0.0
no04,I_11_533967_-00001_533967_-00005,915,09:15,0.0,0.0,0.0
no04,I_11_533967_-00001_533967_-00005,930,09:30,0.0,0.0,0.0
no04,I_11_533967_-00001_533967_-00005,945,09:45,0.0,0.0,0.0
no04,I_11_533967_-00001_533967_-00005,1000,10:00,0.0,0.0,0.0
no04,I_11_533967_-00001_533967_-00005,1015,10:15,0.0,0.0,0.0
no04,I_11_533967_-00001_533967_-00005,1030,10:30,0.0,0.0,0.0
no04,I_11_533967_-00001_533967_-00005,1045,10:45,0.0,0.0,0.0
no04,I_11_533967_-00001_533967_-00005,1100,11:00,0.0,0.0,0.0
no04,I_11_533967_-00001_533967_-00005,1115,11:15,0.0,0.0,0.0
no04,I_11_533967_-00001_533967_-00005,1130,11:30,0.0,0.0,0.0
no04,I_11_533967_-00001_533967_-00005,1145,11:45,0.0,0.0,0.0
no04,I_11_533967_-00001_533967_-00005,1200,12:00,0.0,0.0,0.0
no04,I_11_533967_-00001_533967_-00005,1215,12:15,0.0,0.0,0.0
no04,I_11_533967_-00001_533967_-00005,1230,12:30,0.0,0.0,0.0
no04,I_11_533967_-00001_533967_-00005,1245,12:45,0.0,0.0,0.0
no04,I_11_533967_-00001_533967_-00005,1300,13:00,0.0,0.0,0.0
no04,I_11_533967_-00001_533967_-00005,1315,13:15,0.0,0.0,0.0
no04,I_11_533967_-00001_533967_-00005,1330,13:30,0.0,0.0,0.0
no04,I_11_533967_-00001_533967_-00005,1345,13:45,0.0,0.0,0.0
no04,I_11_533967_-00001_533967_-00005,1400,14:00,0.0,0.0,0.0
no04,I_11_533967_-00001_533967_-00005,1415,14:15,0.0,0.0,0.0
no04,I_11_533967_-00001_533967_-00005,1430,14:30,0.0,0.0,0.0
no04,I_11_533967_-00001_533967_-00005,1445,14:45,0.0,0.0,0.0
no04,I_11_533967_-00001_533967_-00005,1500,15:00,0.0,0.0,0.0
no04,I_11_533967_-00001_533967_-00005,1515,15:15,0.0,0.0,0.0
no04,I_11_533967_-00001_533967_-00005,1530,15:30,0.0,0.0,0.0
no04,I_11_533967_-00001_533967_-00005,1545,15:45,0.0,0.0,0.0
no04,I_11_533967_-00001_533967_-00005,1600,16:00,0.0,0.0,0.0
no04,I_11_533967_-00001_533967_-00005,1615,16:15,0.0,0.0,0.0
no04,I_11_533967_-00001_533967_-00005,1630,16:30,0.0,0.0,0.0
no04,I_11_533967_-00001_533967_-00005,1645,16:45,0.0,0.0,0.0
no04,I_11_533967_-00001_533967_-00005,1700,17:00,0.0,0.0,0.0
no04,I_11_533967_-00001_533967_-00005,1715,17:15,0.0,0.0,0.0
no04,I_11_533967_-00001_533967_-00005,1730,17:30,0.0,0.0,0.0
no04,I_11_533967_-00001_533967_-00005,1745,17:45,0.0,0.0,0.0
no04,I_11_533967_-00001_533967_-00005,1800,18:00,0.0,0.0,0.0
no04,I_11_533967_-00001_533967_-00005,1815,18:15,0.0,0.0,0.0
no04,I_11_533967_-00001_533967_-00005,1830,18:30,0.0,0.0,0.0
no04,I_11_533967_-00001_533967_-00005,1845,18:45,0.0,0.0,0.0
no04,I_11_533967_-00005_533967_-00006,630,06:30,0.0,0.0,0.0
no04,I_11_533967_-00005_533967_-00006,645,06:45,0.0,0.0,0.0
no04,I_11_533967_-00005_533967_-00006,700,07:00,0.0,0.0,0.0
no04,I_11_533967_-00005_533967_-00006,715,07:15,0.0,0.0,0.0
no04,I_11_533967_-00005_533967_-00006,730,07:30,0.0,0.0,0.0
no04,I_11_533967_-00005_533967_-00006,745,07:45,0.0,0.0,0.0
no04,I_11_533967_-00005_533967_-00006,800,08:00,0.0,0.0,0.0
no04,I_11_533967_-00005_533967_-00006,815,08:15,0.0,0.0,0.0
no04,I_11_533967_-00005_533967_-00006,830,08:30,0.0,0.0,0.0
no04,I_11_533967_-00005_533967_-00006,845,08:45,0.0,0.0,0.0
no04,I_11_533967_-00005_533967_-00006,900,09:00,0.0,0.0,0.0
no04,I_11_533967_-00005_533967_-00006,915,09:15,0.0,0.0,0.0
no04,I_11_533967_-00005_533967_-00006,930,09:30,0.0,0.0,0.0
no04,I_11_533967_-00005_533967_-00006,945,09:45,0.0,0.0,0.0
no04,I_11_533967_-00005_533967_-00006,1000,10:00,0.0,0.0,0.0
no04,I_11_533967_-00005_533967_-00006,1015,10:15,0.0,0.0,0.0
no04,I_11_533967_-00005_533967_-00006,1030,10:30,0.0,0.0,0.0
no04,I_11_533967_-00005_533967_-00006,1045,10:45,0.0,0.0,0.0
no04,I_11_533967_-00005_533967_-00006,1100,11:00,0.0,0.0,0.0
no04,I_11_533967_-00005_533967_-00006,1115,11:15,0.0,0.0,0.0
no04,I_11_533967_-00005_533967_-00006,1130,11:30,0.0,0.0,0.0
no04,I_11_533967_-00005_533967_-00006,1145,11:45,0.0,0.0,0.0
no04,I_11_533967_-00005_533967_-00006,1200,12:00,0.0,0.0,0.0
no04,I_11_533967_-00005_533967_-00006,1215,12:15,0.0,0.0,0.0
no04,I_11_533967_-00005_533967_-00006,1230,12:30,0.0,0.0,0.0
no04,I_11_533967_-00005_533967_-00006,1245,12:45,0.0,0.0,0.0
no04,I_11_533967_-00005_533967_-00006,1300,13:00,0.0,0.0,0.0
no04,I_11_533967_-00005_533967_-00006,1315,13:15,0.0,0.0,0.0
no04,I_11_533967_-00005_533967_-00006,1330,13:30,0.0,0.0,0.0
no04,I_11_533967_-00005_533967_-00006,1345,13:45,0.0,0.0,0.0
no04,I_11_533967_-00005_533967_-00006,1400,14:00,0.0,0.0,0.0
no04,I_11_533967_-00005_533967_-00006,1415,14:15,0.0,0.0,0.0
no04,I_11_533967_-00005_533967_-00006,1430,14:30,0.0,0.0,0.0
no04,I_11_533967_-00005_533967_-00006,1445,14:45,0.0,0.0,0.0
no04,I_11_533967_-00005_533967_-00006,1500,15:00,0.0,0.0,0.0
no04,I_11_533967_-00005_533967_-00006,1515,15:15,0.0,0.0,0.0
no04,I_11_533967_-00005_533967_-00006,1530,15:30,0.0,0.0,0.0
no04,I_11_533967_-00005_533967_-00006,1545,15:45,0.0,0.0,0.0
no04,I_11_533967_-00005_533967_-00006,1600,16:00,0.0,0.0,0.0
no04,I_11_533967_-00005_533967_-00006,1615,16:15,0.0,0.0,0.0
no04,I_11_533967_-00005_533967_-00006,1630,16:30,0.0,0.0,0.0
no04,I_11_533967_-00005_533967_-00006,1645,16:45,0.0,0.0,0.0
no04,I_11_533967_-00005_533967_-00006,1700,17:00,0.0,0.0,0.0
no04,I_11_533967_-00005_533967_-00006,1715,17:15,0.0,0.0,0.0
no04,I_11_533967_-00005_533967_-00006,1730,17:30,0.0,0.0,0.0
no04,I_11_533967_-00005_533967_-00006,1745,17:45,0.0,0.0,0.0
no04,I_11_533967_-00005_533967_-00006,1800,18:00,0.0,0.0,0.0
no04,I_11_533967_-00005_533967_-00006,1815,18:15,0.0,0.0,0.0
no04,I_11_533967_-00005_533967_-00006,1830,18:30,0.0,0.0,0.0
no04,I_11_533967_-00005_533967_-00006,1845,18:45,0.0,0.0,0.0
no04,I_11_533967_-00006_533967_-00001,630,06:30,8.89421052631579,7.5495,-1.3447105263157901
no04,I_11_533967_-00006_533967_-00001,645,06:45,5.525789473684211,5.95,0.4242105263157896
no04,I_11_533967_-00006_533967_-00001,700,07:00,8.849,9.4995,0.6504999999999992
no04,I_11_533967_-00006_533967_-00001,715,07:15,0.0,0.0,0.0
no04,I_11_533967_-00006_533967_-00001,730,07:30,17.8495,16.999000000000002,-0.8504999999999967
no04,I_11_533967_-00006_533967_-00001,745,07:45,6.789999999999999,5.789473684210527,-1.0005263157894717
no04,I_11_533967_-00006_533967_-00001,800,08:00,16.4515,15.447,-1.0045000000000002
no04,I_11_533967_-00006_533967_-00001,815,08:15,20.7005,23.249,2.548499999999997
no04,I_11_533967_-00006_533967_-00001,830,08:30,15.949000000000002,19.5965,3.6474999999999973
no04,I_11_533967_-00006_533967_-00001,845,08:45,7.35,8.0,0.6500000000000004
no04,I_11_533967_-00006_533967_-00001,900,09:00,34.0495,33.407,-0.6425000000000054
no04,I_11_533967_-00006_533967_-00001,915,09:15,60.1545,60.4005,0.24600000000000222
no04,I_11_533967_-00006_533967_-00001,930,09:30,59.14300000000001,62.199,3.0559999999999903
no04,I_11_533967_-00006_533967_-00001,945,09:45,74.9485,87.3585,12.41000000000001
no04,I_11_533967_-00006_533967_-00001,1000,10:00,60.71,67.711,7.000999999999998
no04,I_11_533967_-00006_533967_-00001,1015,10:15,78.10650000000001,80.2615,2.154999999999987
no04,I_11_533967_-00006_533967_-00001,1030,10:30,92.833,102.318,9.485
no04,I_11_533967_-00006_533967_-00001,1045,10:45,142.8935,150.0085,7.115000000000009
no04,I_11_533967_-00006_533967_-00001,1100,11:00,659.182,617.0905,-42.091499999999996
no04,I_11_533967_-00006_533967_-00001,1115,11:15,202.303,206.947,4.6440000000000055
no04,I_11_533967_-00006_533967_-00001,1130,11:30,120.3995,137.592,17.19250000000001
no04,I_11_533967_-00006_533967_-00001,1145,11:45,77.90950000000001,72.7445,-5.165000000000006
no04,I_11_533967_-00006_533967_-00001,1200,12:00,186.788,194.159,7.370999999999981
no04,I_11_533967_-00006_533967_-00001,1215,12:15,186.9005,178.6515,-8.248999999999995
no04,I_11_533967_-00006_533967_-00001,1230,12:30,178.508,191.546,13.037999999999982
no04,I_11_533967_-00006_533967_-00001,1245,12:45,44.3045,41.1395,-3.164999999999999
no04,I_11_533967_-00006_533967_-00001,1300,13:00,78.4425,79.291,0.8485000000000014
no04,I_11_533967_-00006_533967_-00001,1315,13:15,175.2045,191.904,16.6995
no04,I_11_533967_-00006_533967_-00001,1330,13:30,132.136,125.8955,-6.240499999999997
no04,I_11_533967_-00006_533967_-00001,1345,13:45,78.213,87.361,9.14800000000001
no04,I_11_533967_-00006_533967_-00001,1400,14:00,84.256,115.4375,31.1815
no04,I_11_533967_-00006_533967_-00001,1415,14:15,72.2225,88.562,16.3395
no04,I_11_533967_-00006_533967_-00001,1430,14:30,88.322,102.387,14.064999999999998
no04,I_11_533967_-00006_533967_-00001,1445,14:45,73.05850000000001,88.51,15.451499999999996
no04,I_11_533967_-00006_533967_-00001,1500,15:00,323.5515,332.1025,8.551000000000045
no04,I_11_533967_-00006_533967_-00001,1515,15:15,148.0475,160.39,12.342499999999973
no04,I_11_533967_-00006_533967_-00001,1530,15:30,291.025,389.18,98.15500000000003
no04,I_11_533967_-00006_533967_-00001,1545,15:45,122.8145,195.657,72.84250000000002
no04,I_11_533967_-00006_533967_-00001,1600,16:00,456.6385,507.5135,50.875
no04,I_11_533967_-00006_533967_-00001,1615,16:15,610.638,736.0975000000001,125.45950000000005
no04,I_11_533967_-00006_533967_-00001,1630,16:30,107.202,225.362,118.16
no04,I_11_533967_-00006_533967_-00001,1645,16:45,49.7405,48.458,-1.2824999999999989
no04,I_11_533967_-00006_533967_-00001,1700,17:00,39.193,42.059,2.8659999999999997
no04,I_11_533967_-00006_533967_-00001,1715,17:15,51.0415,64.75,13.7085
no04,I_11_533967_-00006_533967_-00001,1730,17:30,69.739,79.25399999999999,9.514999999999986
no04,I_11_533967_-00006_533967_-00001,1745,17:45,75.999,134.645,58.646000000000015
no04,I_11_533967_-00006_533967_-00001,1800,18:00,27.734500000000004,46.504000000000005,18.7695
no04,I_11_533967_-00006_533967_-00001,1815,18:15,30.249,42.104,11.855
no04,I_11_533967_-00006_533967_-00001,1830,18:30,14.701,20.247,5.545999999999999
no04,I_11_533967_-00006_533967_-00001,1845,18:45,27.499,29.8005,2.3015000000000008
no04,I_11_533967_-00008_533967_-00009,630,06:30,0.0,0.0,0.0
no04,I_11_533967_-00008_533967_-00009,645,06:45,0.0,0.0,0.0
no04,I_11_533967_-00008_533967_-00009,700,07:00,0.0,0.0,0.0
no04,I_11_533967_-00008_533967_-00009,715,07:15,0.0,0.0,0.0
no04,I_11_533967_-00008_533967_-00009,730,07:30,0.0,0.0,0.0
no04,I_11_533967_-00008_533967_-00009,745,07:45,0.0,0.0,0.0
no04,I_11_533967_-00008_533967_-00009,800,08:00,17.5,18.73333333333333,1.2333333333333307
no04,I_11_533967_-00008_533967_-00009,815,08:15,24.420526315789477,27.29470588235294,2.8741795665634626
no04,I_11_533967_-00008_533967_-00009,830,08:30,28.28428571428572,27.285,-0.999285714285719
no04,I_11_533967_-00008_533967_-00009,845,08:45,25.0,25.721666666666668,0.7216666666666676
no04,I_11_533967_-00008_533967_-00009,900,09:00,24.16611111111111,26.686875,2.52076388888889
no04,I_11_533967_-00008_533967_-00009,915,09:15,24.11111111111111,25.58823529411765,1.4771241830065378
no04,I_11_533967_-00008_533967_-00009,930,09:30,25.266666666666666,23.294117647058822,-1.9725490196078432
no04,I_11_533967_-00008_533967_-00009,945,09:45,23.466666666666665,22.125,-1.341666666666665
no04,I_11_533967_-00008_533967_-00009,1000,10:00,23.625,22.75,-0.875
no04,I_11_533967_-00008_533967_-00009,1015,10:15,17.5,18.5,1.0
no04,I_11_533967_-00008_533967_-00009,1030,10:30,23.63157894736842,24.11111111111111,0.4795321637426895
no04,I_11_533967_-00008_533967_-00009,1045,10:45,17.818181818181817,19.272727272727277,1.4545454545454604
no04,I_11_533967_-00008_533967_-00009,1100,11:00,0.0,0.0,0.0
no04,I_11_533967_-00008_533967_-00009,1115,11:15,0.0,14.166666666666666,14.166666666666666
no04,I_11_533967_-00008_533967_-00009,1130,11:30,14.0,19.444444444444443,5.444444444444443
no04,I_11_533967_-00008_533967_-00009,1145,11:45,14.125,14.0,-0.125
no04,I_11_533967_-00008_533967_-00009,1200,12:00,0.0,0.0,0.0
no04,I_11_533967_-00008_533967_-00009,1215,12:15,0.0,0.0,0.0
no04,I_11_533967_-00008_533967_-00009,1230,12:30,14.0,14.125,0.125
no04,I_11_533967_-00008_533967_-00009,1245,12:45,14.0,14.25,0.25
no04,I_11_533967_-00008_533967_-00009,1300,13:00,0.0,0.0,0.0
no04,I_11_533967_-00008_533967_-00009,1315,13:15,0.0,0.0,0.0
no04,I_11_533967_-00008_533967_-00009,1330,13:30,14.0,14.0,0.0
no04,I_11_533967_-00008_533967_-00009,1345,13:45,14.2,14.083333333333334,-0.11666666666666536
no04,I_11_533967_-00008_533967_-00009,1400,14:00,0.0,0.0,0.0
no04,I_11_533967_-00008_533967_-00009,1415,14:15,0.0,0.0,0.0
no04,I_11_533967_-00008_533967_-00009,1430,14:30,14.0,14.0,0.0
no04,I_11_533967_-00008_533967_-00009,1445,14:45,14.142857142857142,14.0,-0.14285714285714235
no04,I_11_533967_-00008_533967_-00009,1500,15:00,0.0,0.0,0.0
no04,I_11_533967_-00008_533967_-00009,1515,15:15,0.0,0.0,0.0
no04,I_11_533967_-00008_533967_-00009,1530,15:30,14.0,14.125,0.125
no04,I_11_533967_-00008_533967_-00009,1545,15:45,14.0,14.0,0.0
no04,I_11_533967_-00008_533967_-00009,1600,16:00,0.0,0.0,0.0
no04,I_11_533967_-00008_533967_-00009,1615,16:15,0.0,0.0,0.0
no04,I_11_533967_-00008_533967_-00009,1630,16:30,14.0,14.0,0.0
no04,I_11_533967_-00008_533967_-00009,1645,16:45,14.0,14.0,0.0
no04,I_11_533967_-00008_533967_-00009,1700,17:00,24.944444444444443,21.0625,-3.881944444444443
no04,I_11_533967_-00008_533967_-00009,1715,17:15,19.666666666666668,27.249375,7.582708333333333
no04,I_11_533967_-00008_533967_-00009,1730,17:30,26.099,22.293529411764705,-3.805470588235295
no04,I_11_533967_-00008_533967_-00009,1745,17:45,18.666666666666668,20.38888888888889,1.7222222222222214
no04,I_11_533967_-00008_533967_-00009,1800,18:00,20.66733333333333,29.705882352941178,9.03854901960785
no04,I_11_533967_-00008_533967_-00009,1815,18:15,28.0,23.8995,-4.1005
no04,I_11_533967_-00008_533967_-00009,1830,18:30,16.071428571428573,15.272727272727272,-0.7987012987013014
no04,I_11_533967_-00008_533967_-00009,1845,18:45,19.5,21.0625,1.5625
no04,I_11_533967_-00009_533967_-00008,630,06:30,0.0,0.0,0.0
no04,I_11_533967_-00009_533967_-00008,645,06:45,0.0,0.0,0.0
no04,I_11_533967_-00009_533967_-00008,700,07:00,0.0,0.0,0.0
no04,I_11_533967_-00009_533967_-00008,715,07:15,0.0,0.0,0.0
no04,I_11_533967_-00009_533967_-00008,730,07:30,0.0,0.0,0.0
no04,I_11_533967_-00009_533967_-00008,745,07:45,0.0,0.0,0.0
no04,I_11_533967_-00009_533967_-00008,800,08:00,13.526315789473683,13.894736842105264,0.36842105263158054
no04,I_11_533967_-00009_533967_-00008,815,08:15,16.36842105263158,16.263157894736842,-0.10526315789473628
no04,I_11_533967_-00009_533967_-00008,830,08:30,28.3495,28.6995,0.3500000000000014
no04,I_11_533967_-00009_533967_-00008,845,08:45,14.35,14.95,0.5999999999999996
no04,I_11_533967_-00009_533967_-00008,900,09:00,27.55,28.55,1.0
no04,I_11_533967_-00009_533967_-00008,915,09:15,13.9,13.75,-0.15000000000000036
no04,I_11_533967_-00009_533967_-00008,930,09:30,27.65,26.5,-1.1499999999999986
no04,I_11_533967_-00009_533967_-00008,945,09:45,16.0,15.0,-1.0
no04,I_11_533967_-00009_533967_-00008,1000,10:00,27.95,27.85,-0.09999999999999787
no04,I_11_533967_-00009_533967_-00008,1015,10:15,16.05,16.0,-0.05000000000000071
no04,I_11_533967_-00009_533967_-00008,1030,10:30,13.947368421052632,13.263157894736842,-0.6842105263157894
no04,I_11_533967_-00009_533967_-00008,1045,10:45,15.0,14.473684210526317,-0.5263157894736832
no04,I_11_533967_-00009_533967_-00008,1100,11:00,24.0,15.0,-9.0
no04,I_11_533967_-00009_533967_-00008,1115,11:15,0.0,0.0,0.0
no04,I_11_533967_-00009_533967_-00008,1130,11:30,0.0,0.0,0.0
no04,I_11_533967_-00009_533967_-00008,1145,11:45,15.55,30.55,15.0
no04,I_11_533967_-00009_533967_-00008,1200,12:00,0.0,0.0,0.0
no04,I_11_533967_-00009_533967_-00008,1215,12:15,0.0,0.0,0.0
no04,I_11_533967_-00009_533967_-00008,1230,12:30,0.0,0.0,0.0
no04,I_11_533967_-00009_533967_-00008,1245,12:45,14.3,13.5,-0.8000000000000007
no04,I_11_533967_-00009_533967_-00008,1300,13:00,0.0,0.0,0.0
no04,I_11_533967_-00009_533967_-00008,1315,13:15,0.0,0.0,0.0
no04,I_11_533967_-00009_533967_-00008,1330,13:30,0.0,0.0,0.0
no04,I_11_533967_-00009_533967_-00008,1345,13:45,14.473684210526317,14.25,-0.22368421052631682
no04,I_11_533967_-00009_533967_-00008,1400,14:00,18.0,0.0,-18.0
no04,I_11_533967_-00009_533967_-00008,1415,14:15,0.0,0.0,0.0
no04,I_11_533967_-00009_533967_-00008,1430,14:30,0.0,0.0,0.0
no04,I_11_533967_-00009_533967_-00008,1445,14:45,14.7,14.65,-0.049999999999998934
no04,I_11_533967_-00009_533967_-00008,1500,15:00,0.0,0.0,0.0
no04,I_11_533967_-00009_533967_-00008,1515,15:15,0.0,0.0,0.0
no04,I_11_533967_-00009_533967_-00008,1530,15:30,0.0,0.0,0.0
no04,I_11_533967_-00009_533967_-00008,1545,15:45,14.4,13.5,-0.9000000000000004
no04,I_11_533967_-00009_533967_-00008,1600,16:00,0.0,0.0,0.0
no04,I_11_533967_-00009_533967_-00008,1615,16:15,0.0,0.0,0.0
no04,I_11_533967_-00009_533967_-00008,1630,16:30,0.0,0.0,0.0
no04,I_11_533967_-00009_533967_-00008,1645,16:45,13.789473684210526,14.8,1.010526315789475
no04,I_11_533967_-00009_533967_-00008,1700,17:00,31.1995,27.15,-4.049500000000002
no04,I_11_533967_-00009_533967_-00008,1715,17:15,14.35,14.1,-0.25
no04,I_11_533967_-00009_533967_-00008,1730,17:30,27.75,29.9,2.1499999999999986
no04,I_11_533967_-00009_533967_-00008,1745,17:45,13.75,14.85,1.0999999999999996
no04,I_11_533967_-00009_533967_-00008,1800,18:00,27.2,28.6,1.4000000000000021
no04,I_11_533967_-00009_533967_-00008,1815,18:15,14.25,13.947368421052632,-0.30263157894736814
no04,I_11_533967_-00009_533967_-00008,1830,18:30,13.65,14.5,0.8499999999999996
no04,I_11_533967_-00009_533967_-00008,1845,18:45,13.25,13.526315789473683,0.2763157894736832
no04,I_11_533967_00539_533967_-00001,630,06:30,541.6785,538.078,-3.600500000000011
no04,I_11_533967_00539_533967_-00001,645,06:45,650.3625,641.3685,-8.993999999999915
no04,I_11_533967_00539_533967_-00001,700,07:00,305.2445,306.0195,0.7749999999999773
no04,I_11_533967_00539_533967_-00001,715,07:15,598.9995,593.6569999999999,-5.342500000000086
no04,I_11_533967_00539_533967_-00001,730,07:30,1071.0955,960.1635,-110.9319999999999
no04,I_11_533967_00539_533967_-00001,745,07:45,1894.5685,1912.549,17.980499999999893
no04,I_11_533967_00539_533967_-00001,800,08:00,1193.1955,1308.6165,115.42100000000005
no04,I_11_533967_00539_533967_-00001,815,08:15,1449.701,1444.4155,-5.285499999999956
no04,I_11_533967_00539_533967_-00001,830,08:30,1413.3245,1399.24,-14.084499999999935
no04,I_11_533967_00539_533967_-00001,845,08:45,1166.568,1191.1355,24.56750000000011
no04,I_11_533967_00539_533967_-00001,900,09:00,854.8915000000001,816.1575,-38.73400000000004
no04,I_11_533967_00539_533967_-00001,915,09:15,1678.9555,1712.497,33.54150000000004
no04,I_11_533967_00539_533967_-00001,930,09:30,1351.124,1358.745,7.620999999999867
no04,I_11_533967_00539_533967_-00001,945,09:45,890.1195,888.8444999999999,-1.275000000000091
no04,I_11_533967_00539_533967_-00001,1000,10:00,962.765,964.831,2.066000000000031
no04,I_11_533967_00539_533967_-00001,1015,10:15,1154.019,1148.257,-5.761999999999944
no04,I_11_533967_00539_533967_-00001,1030,10:30,637.7095,630.4984999999999,-7.211000000000126
no04,I_11_533967_00539_533967_-00001,1045,10:45,572.3195,577.6605,5.341000000000008
no04,I_11_533967_00539_533967_-00001,1100,11:00,229.839,226.6045,-3.234499999999997
no04,I_11_533967_00539_533967_-00001,1115,11:15,169.547,167.873,-1.6740000000000066
no04,I_11_533967_00539_533967_-00001,1130,11:30,320.756,332.1735,11.417500000000018
no04,I_11_533967_00539_533967_-00001,1145,11:45,648.5604999999999,635.233,-13.327499999999986
no04,I_11_533967_00539_533967_-00001,1200,12:00,258.9355,255.3255,-3.609999999999985
no04,I_11_533967_00539_533967_-00001,1215,12:15,344.66549999999995,360.125,15.459500000000048
no04,I_11_533967_00539_533967_-00001,1230,12:30,423.449,416.7925,-6.656499999999994
no04,I_11_533967_00539_533967_-00001,1245,12:45,532.8425,519.5135,-13.32899999999995
no04,I_11_533967_00539_533967_-00001,1300,13:00,586.269,600.75,14.480999999999995
no04,I_11_533967_00539_533967_-00001,1315,13:15,771.5319999999999,769.727,-1.80499999999995
no04,I_11_533967_00539_533967_-00001,1330,13:30,624.8489999999999,624.442,-0.4069999999999254
no04,I_11_533967_00539_533967_-00001,1345,13:45,413.4835,410.6255,-2.858000000000004
no04,I_11_533967_00539_533967_-00001,1400,14:00,326.3825,336.125,9.742500000000007
no04,I_11_533967_00539_533967_-00001,1415,14:15,390.2615,379.186,-11.075500000000034
no04,I_11_533967_00539_533967_-00001,1430,14:30,66.7485,68.709,1.9604999999999961
no04,I_11_533967_00539_533967_-00001,1445,14:45,516.3195,520.0435,3.7240000000000464
no04,I_11_533967_00539_533967_-00001,1500,15:00,303.273,309.102,5.828999999999951
no04,I_11_533967_00539_533967_-00001,1515,15:15,402.689,388.1135,-14.575500000000034
no04,I_11_533967_00539_533967_-00001,1530,15:30,305.788,309.92,4.132000000000005
no04,I_11_533967_00539_533967_-00001,1545,15:45,163.0975,162.0945,-1.002999999999986
no04,I_11_533967_00539_533967_-00001,1600,16:00,40.252,41.302,1.0499999999999972
no04,I_11_533967_00539_533967_-00001,1615,16:15,184.857,180.374,-4.483000000000004
no04,I_11_533967_00539_533967_-00001,1630,16:30,79.15650000000001,81.9945,2.837999999999994
no04,I_11_533967_00539_533967_-00001,1645,16:45,146.759,152.24,5.481000000000023
no04,I_11_533967_00539_533967_-00001,1700,17:00,82.64,71.799,-10.840999999999994
no04,I_11_533967_00539_533967_-00001,1715,17:15,200.207,203.91,3.703000000000003
no04,I_11_533967_00539_533967_-00001,1730,17:30,47.699,52.5975,4.8984999999999985
no04,I_11_533967_00539_533967_-00001,1745,17:45,141.0445,129.18900000000002,-11.855499999999978
no04,I_11_533967_00539_533967_-00001,1800,18:00,61.1005,62.7025,1.6020000000000039
no04,I_11_533967_00539_533967_-00001,1815,18:15,153.202,165.541,12.338999999999999
no04,I_11_533967_00539_533967_-00001,1830,18:30,65.39750000000001,56.94500000000001,-8.4525
no04,I_11_533967_00539_533967_-00001,1845,18:45,11.083333333333334,11.0,-0.08333333333333393
no04,I_11_533967_00937533967_01269,630,06:30,324.6485,330.7755,6.1270000000000095
no04,I_11_533967_00937533967_01269,645,06:45,416.7255,422.821,6.0955000000000155
no04,I_11_533967_00937533967_01269,700,07:00,127.105,130.13150000000002,3.026500000000013
no04,I_11_533967_00937533967_01269,715,07:15,487.3375,481.7675,-5.569999999999993
no04,I_11_533967_00937533967_01269,730,07:30,532.6565,541.8865,9.229999999999905
no04,I_11_533967_00937533967_01269,745,07:45,670.7025,680.4645,9.762000000000057
no04,I_11_533967_00937533967_01269,800,08:00,748.3345,744.5305000000001,-3.8039999999999736
no04,I_11_533967_00937533967_01269,815,08:15,331.3785,336.5605,5.182000000000016
no04,I_11_533967_00937533967_01269,830,08:30,916.8015,919.5465,2.7450000000000045
no04,I_11_533967_00937533967_01269,845,08:45,537.623,525.179,-12.444000000000074
no04,I_11_533967_00937533967_01269,900,09:00,391.7720000000001,402.3895,10.617499999999893
no04,I_11_533967_00937533967_01269,915,09:15,851.51,858.8725000000001,7.362500000000068
no04,I_11_533967_00937533967_01269,930,09:30,398.3265,398.6825,0.35599999999999454
no04,I_11_533967_00937533967_01269,945,09:45,221.1495,224.791,3.6415000000000077
no04,I_11_533967_00937533967_01269,1000,10:00,786.4525,787.154,0.70150000000001
no04,I_11_533967_00937533967_01269,1015,10:15,329.0605,329.518,0.4574999999999818
no04,I_11_533967_00937533967_01269,1030,10:30,623.278,622.5625,-0.71550000000002
no04,I_11_533967_00937533967_01269,1045,10:45,358.5765,370.579,12.002499999999998
no04,I_11_533967_00937533967_01269,1100,11:00,494.994,486.0595,-8.934500000000014
no04,I_11_533967_00937533967_01269,1115,11:15,515.625,552.2855,36.660499999999956
no04,I_11_533967_00937533967_01269,1130,11:30,466.211,460.98,-5.2309999999999945
no04,I_11_533967_00937533967_01269,1145,11:45,595.8885,588.6595,-7.229000000000042
no04,I_11_533967_00937533967_01269,1200,12:00,540.159,536.9005,-3.2585000000000264
no04,I_11_533967_00937533967_01269,1215,12:15,533.1045,533.9395000000001,0.8350000000000364
no04,I_11_533967_00937533967_01269,1230,12:30,734.5654999999999,739.9055000000001,5.3400000000001455
no04,I_11_533967_00937533967_01269,1245,12:45,637.1585,642.9175,5.7590000000000146
no04,I_11_533967_00937533967_01269,1300,13:00,616.799,632.4815000000001,15.682500000000118
no04,I_11_533967_00937533967_01269,1315,13:15,417.0755,420.349,3.2735000000000127
no04,I_11_533967_00937533967_01269,1330,13:30,550.906,551.6895,0.7835000000000036
no04,I_11_533967_00937533967_01269,1345,13:45,291.144,288.9315,-2.2124999999999773
no04,I_11_533967_00937533967_01269,1400,14:00,509.276,504.7495,-4.526499999999999
no04,I_11_533967_00937533967_01269,1415,14:15,313.3385,330.04100000000005,16.702500000000043
no04,I_11_533967_00937533967_01269,1430,14:30,781.0665,774.0155,-7.051000000000045
no04,I_11_533967_00937533967_01269,1445,14:45,485.078,487.029,1.9510000000000218
no04,I_11_533967_00937533967_01269,1500,15:00,422.9155,437.43950000000007,14.524000000000058
no04,I_11_533967_00937533967_01269,1515,15:15,599.3755,605.1205,5.7450000000000045
no04,I_11_533967_00937533967_01269,1530,15:30,379.7965,379.6875,-0.10899999999998045
no04,I_11_533967_00937533967_01269,1545,15:45,500.091,496.29,-3.8009999999999877
no04,I_11_533967_00937533967_01269,1600,16:00,516.0295,506.119,-9.910499999999956
no04,I_11_533967_00937533967_01269,1615,16:15,861.9960000000001,879.336,17.339999999999918
no04,I_11_533967_00937533967_01269,1630,16:30,934.961,949.798,14.836999999999989
no04,I_11_533967_00937533967_01269,1645,16:45,295.3205,286.604,-8.716499999999996
no04,I_11_533967_00937533967_01269,1700,17:00,427.5175,444.568,17.0505
no04,I_11_533967_00937533967_01269,1715,17:15,182.1545,170.7025,-11.452000000000027
no04,I_11_533967_00937533967_01269,1730,17:30,394.5355,398.64,4.104499999999973
no04,I_11_533967_00937533967_01269,1745,17:45,667.578,654.868,-12.709999999999923
no04,I_11_533967_00937533967_01269,1800,18:00,779.3729999999999,789.33,9.957000000000107
no04,I_11_533967_00937533967_01269,1815,18:15,577.524,583.1555000000001,5.631500000000074
no04,I_11_533967_00937533967_01269,1830,18:30,401.601,394.545,-7.055999999999983
no04,I_11_533967_00937533967_01269,1845,18:45,515.1515,525.45,10.29849999999999
no04,I_11_533967_00937533967_01406,630,06:30,404.9135,420.3895,15.475999999999999
no04,I_11_533967_00937533967_01406,645,06:45,482.851,485.905,3.0539999999999736
no04,I_11_533967_00937533967_01406,700,07:00,494.2945,485.6615,-8.633000000000038
no04,I_11_533967_00937533967_01406,715,07:15,471.2775,485.0435000000001,13.766000000000133
no04,I_11_533967_00937533967_01406,730,07:30,813.1485,829.1619999999999,16.013499999999908
no04,I_11_533967_00937533967_01406,745,07:45,599.5260000000001,602.3235,2.7974999999999
no04,I_11_533967_00937533967_01406,800,08:00,1101.9745,1152.357,50.382499999999936
no04,I_11_533967_00937533967_01406,815,08:15,938.388,976.0905,37.702499999999986
no04,I_11_533967_00937533967_01406,830,08:30,567.7175,577.7855,10.067999999999984
no04,I_11_533967_00937533967_01406,845,08:45,801.0360000000001,748.696,-52.34000000000003
no04,I_11_533967_00937533967_01406,900,09:00,735.39,711.9224999999999,-23.467500000000086
no04,I_11_533967_00937533967_01406,915,09:15,670.0195,662.0125,-8.006999999999948
no04,I_11_533967_00937533967_01406,930,09:30,757.268,816.8215,59.553499999999985
no04,I_11_533967_00937533967_01406,945,09:45,684.1265000000001,713.6655,29.538999999999874
no04,I_11_533967_00937533967_01406,1000,10:00,550.516,562.0045,11.488500000000045
no04,I_11_533967_00937533967_01406,1015,10:15,783.4770000000001,806.4935,23.01649999999995
no04,I_11_533967_00937533967_01406,1030,10:30,656.6355,622.2055,-34.42999999999995
no04,I_11_533967_00937533967_01406,1045,10:45,651.263,710.0865,58.82349999999997
no04,I_11_533967_00937533967_01406,1100,11:00,553.802,551.5310000000001,-2.270999999999958
no04,I_11_533967_00937533967_01406,1115,11:15,446.3625,444.805,-1.5575000000000045
no04,I_11_533967_00937533967_01406,1130,11:30,584.152,547.4604999999999,-36.69150000000013
no04,I_11_533967_00937533967_01406,1145,11:45,500.2475,534.9485000000001,34.70100000000008
no04,I_11_533967_00937533967_01406,1200,12:00,621.222,623.854,2.632000000000062
no04,I_11_533967_00937533967_01406,1215,12:15,650.3225,626.3215,-24.000999999999976
no04,I_11_533967_00937533967_01406,1230,12:30,516.5865,532.0625,15.475999999999999
no04,I_11_533967_00937533967_01406,1245,12:45,524.275,518.3035,-5.971499999999992
no04,I_11_533967_00937533967_01406,1300,13:00,405.81,417.78100000000006,11.97100000000006
no04,I_11_533967_00937533967_01406,1315,13:15,391.51,377.5175,-13.992500000000007
no04,I_11_533967_00937533967_01406,1330,13:30,433.1905,449.9,16.70949999999999
no04,I_11_533967_00937533967_01406,1345,13:45,368.2445,374.0585,5.8139999999999645
no04,I_11_533967_00937533967_01406,1400,14:00,539.466,525.3235,-14.142500000000041
no04,I_11_533967_00937533967_01406,1415,14:15,544.552,531.047,-13.504999999999995
no04,I_11_533967_00937533967_01406,1430,14:30,469.5295,473.568,4.038499999999999
no04,I_11_533967_00937533967_01406,1445,14:45,757.019,748.3785,-8.640499999999975
no04,I_11_533967_00937533967_01406,1500,15:00,460.1555,464.99300000000005,4.837500000000034
no04,I_11_533967_00937533967_01406,1515,15:15,487.7900000000001,445.056,-42.734000000000094
no04,I_11_533967_00937533967_01406,1530,15:30,483.18500000000006,453.95,-29.23500000000007
no04,I_11_533967_00937533967_01406,1545,15:45,482.1985,507.128,24.929499999999962
no04,I_11_533967_00937533967_01406,1600,16:00,685.608,681.8045,-3.8034999999999854
no04,I_11_533967_00937533967_01406,1615,16:15,506.5805,522.3444999999999,15.763999999999953
no04,I_11_533967_00937533967_01406,1630,16:30,539.9305,563.4555,23.524999999999977
no04,I_11_533967_00937533967_01406,1645,16:45,606.505,564.162,-42.34299999999996
no04,I_11_533967_00937533967_01406,1700,17:00,587.2180000000001,580.181,-7.037000000000035
no04,I_11_533967_00937533967_01406,1715,17:15,778.612,831.6575,53.04550000000006
no04,I_11_533967_00937533967_01406,1730,17:30,279.40500000000003,283.5485,4.14349999999996
no04,I_11_533967_00937533967_01406,1745,17:45,416.353,425.165,8.812000000000012
no04,I_11_533967_00937533967_01406,1800,18:00,922.1575,889.059,-33.09850000000006
no04,I_11_533967_00937533967_01406,1815,18:15,885.6380000000001,934.9375,49.29949999999985
no04,I_11_533967_00937533967_01406,1830,18:30,372.1205,379.4135,7.293000000000006
no04,I_11_533967_00937533967_01406,1845,18:45,397.346,407.998,10.651999999999987
no04,I_11_533967_00937533967_01657,630,06:30,2627.1085,2628.1775,1.06899999999996
no04,I_11_533967_00937533967_01657,645,06:45,3008.7795,3014.78,6.000500000000102
no04,I_11_533967_00937533967_01657,700,07:00,3418.9695,3393.1534999999994,-25.816000000000713
no04,I_11_533967_00937533967_01657,715,07:15,2853.878,2882.2685,28.390499999999975
no04,I_11_533967_00937533967_01657,730,07:30,1827.2095,1921.2395,94.02999999999997
no04,I_11_533967_00937533967_01657,745,07:45,3168.412,3152.6535,-15.758499999999913
no04,I_11_533967_00937533967_01657,800,08:00,2782.075,2814.377,32.302000000000135
no04,I_11_533967_00937533967_01657,815,08:15,4339.6685,4301.8175,-37.85099999999966
no04,I_11_533967_00937533967_01657,830,08:30,4820.74,4811.5535,-9.186499999999796
no04,I_11_533967_00937533967_01657,845,08:45,3680.9055,3769.2315,88.32600000000002
no04,I_11_533967_00937533967_01657,900,09:00,4472.7615,4343.3655,-129.39599999999973
no04,I_11_533967_00937533967_01657,915,09:15,3451.2050000000004,3464.3175,13.112499999999727
no04,I_11_533967_00937533967_01657,930,09:30,3154.1525,3062.7645,-91.38799999999992
no04,I_11_533967_00937533967_01657,945,09:45,3328.5915,3377.761,49.16949999999997
no04,I_11_533967_00937533967_01657,1000,10:00,3057.1005,3070.371,13.270500000000084
no04,I_11_533967_00937533967_01657,1015,10:15,2949.668,3018.966,69.29799999999977
no04,I_11_533967_00937533967_01657,1030,10:30,2849.6435,2828.3545,-21.289000000000215
no04,I_11_533967_00937533967_01657,1045,10:45,3737.2225,3708.3125,-28.909999999999854
no04,I_11_533967_00937533967_01657,1100,11:00,3489.0005,3346.717,-142.2835
no04,I_11_533967_00937533967_01657,1115,11:15,3947.2365,3990.3815,43.14499999999998
no04,I_11_533967_00937533967_01657,1130,11:30,3137.536,3281.3095000000003,143.77350000000024
no04,I_11_533967_00937533967_01657,1145,11:45,3565.5105000000003,3593.3370000000004,27.826500000000124
no04,I_11_533967_00937533967_01657,1200,12:00,2940.3225,2844.325,-95.9975000000004
no04,I_11_533967_00937533967_01657,1215,12:15,3574.3835,3638.136,63.752500000000055
no04,I_11_533967_00937533967_01657,1230,12:30,3084.642,3172.8195,88.17750000000024
no04,I_11_533967_00937533967_01657,1245,12:45,3450.887,3458.436,7.548999999999978
no04,I_11_533967_00937533967_01657,1300,13:00,2336.5185,2246.9005,-89.61799999999994
no04,I_11_533967_00937533967_01657,1315,13:15,3676.078500000001,3735.4305,59.35199999999895
no04,I_11_533967_00937533967_01657,1330,13:30,2989.4245,2942.398,-47.02649999999994
no04,I_11_533967_00937533967_01657,1345,13:45,4042.9125,4045.573,2.6604999999999563
no04,I_11_533967_00937533967_01657,1400,14:00,3895.6585,3872.9775,-22.68100000000004
no04,I_11_533967_00937533967_01657,1415,14:15,4555.375,4531.843,-23.532000000000153
no04,I_11_533967_00937533967_01657,1430,14:30,3060.285,3112.6755000000003,52.39050000000043
no04,I_11_533967_00937533967_01657,1445,14:45,3823.9515,3788.136,-35.815500000000156
no04,I_11_533967_00937533967_01657,1500,15:00,4204.467500000001,4336.694,132.22649999999976
no04,I_11_533967_00937533967_01657,1515,15:15,4423.362999999999,4456.1945,32.83150000000023
no04,I_11_533967_00937533967_01657,1530,15:30,3546.0115,3479.2265,-66.78499999999985
no04,I_11_533967_00937533967_01657,1545,15:45,2704.179,2728.92,24.740999999999985
no04,I_11_533967_00937533967_01657,1600,16:00,4207.379,4220.742,13.363000000000284
no04,I_11_533967_00937533967_01657,1615,16:15,2855.3720000000003,2829.1605,-26.211500000000342
no04,I_11_533967_00937533967_01657,1630,16:30,3610.9195,3580.814,-30.10550000000012
no04,I_11_533967_00937533967_01657,1645,16:45,4717.0650000000005,4596.374,-120.69100000000071
no04,I_11_533967_00937533967_01657,1700,17:00,5397.312,5583.106,185.79399999999987
no04,I_11_533967_00937533967_01657,1715,17:15,5056.8255,5309.663500000001,252.83800000000065
no04,I_11_533967_00937533967_01657,1730,17:30,5252.606,5356.502,103.89600000000064
no04,I_11_533967_00937533967_01657,1745,17:45,5399.34,5495.137000000001,95.79700000000048
no04,I_11_533967_00937533967_01657,1800,18:00,4067.11,4039.109,-28.001000000000204
no04,I_11_533967_00937533967_01657,1815,18:15,4866.5245,5051.5175,184.99299999999948
no04,I_11_533967_00937533967_01657,1830,18:30,3760.7555,3725.5135,-35.24200000000019
no04,I_11_533967_00937533967_01657,1845,18:45,4005.06,4292.5365,287.4765000000002
no04,I_11_533967_00939533967_01485,630,06:30,691.5020000000001,673.283,-18.21900000000005
no04,I_11_533967_00939533967_01485,645,06:45,1924.6225,1917.3025,-7.319999999999936
no04,I_11_533967_00939533967_01485,700,07:00,2782.7065,2774.0330000000004,-8.673499999999422
no04,I_11_533967_00939533967_01485,715,07:15,3349.7875,3207.7895,-141.99800000000005
no04,I_11_533967_00939533967_01485,730,07:30,3612.891,3579.6985,-33.19250000000011
no04,I_11_533967_00939533967_01485,745,07:45,3576.971500000001,3490.803,-86.16850000000113
no04,I_11_533967_00939533967_01485,800,08:00,4150.9220000000005,4018.7875,-132.13450000000057
no04,I_11_533967_00939533967_01485,815,08:15,4109.9685,4016.767,-93.20150000000012
no04,I_11_533967_00939533967_01485,830,08:30,5043.813,4885.1195,-158.6935000000003
no04,I_11_533967_00939533967_01485,845,08:45,3648.217,3512.982,-135.23500000000013
no04,I_11_533967_00939533967_01485,900,09:00,4241.426,4356.7005,115.27449999999953
no04,I_11_533967_00939533967_01485,915,09:15,2345.0885000000003,2223.7185,-121.37000000000035
no04,I_11_533967_00939533967_01485,930,09:30,2703.5435,2671.612,-31.931500000000142
no04,I_11_533967_00939533967_01485,945,09:45,3078.4355,3010.9175,-67.51800000000003
no04,I_11_533967_00939533967_01485,1000,10:00,3908.169,3619.2725,-288.89649999999983
no04,I_11_533967_00939533967_01485,1015,10:15,3815.273,3434.8915,-380.38149999999996
no04,I_11_533967_00939533967_01485,1030,10:30,4898.575500000001,5521.4755,622.8999999999987
no04,I_11_533967_00939533967_01485,1045,10:45,4705.4885,4434.7285,-270.7600000000002
no04,I_11_533967_00939533967_01485,1100,11:00,5382.495000000001,5352.5165,-29.978500000001077
no04,I_11_533967_00939533967_01485,1115,11:15,6239.9355000000005,6087.1655,-152.77000000000044
no04,I_11_533967_00939533967_01485,1130,11:30,5688.2325,5870.7985,182.5659999999998
no04,I_11_533967_00939533967_01485,1145,11:45,6459.124,6413.7085,-45.415500000000065
no04,I_11_533967_00939533967_01485,1200,12:00,6407.494000000001,6151.223,-256.27100000000064
no04,I_11_533967_00939533967_01485,1215,12:15,7838.755500000001,7814.5625,-24.19300000000112
no04,I_11_533967_00939533967_01485,1230,12:30,4731.005,4573.211,-157.79399999999987
no04,I_11_533967_00939533967_01485,1245,12:45,7017.115,7030.5175,13.402500000000146
no04,I_11_533967_00939533967_01485,1300,13:00,6514.2695,6574.878999999999,60.60949999999866
no04,I_11_533967_00939533967_01485,1315,13:15,6369.941000000001,6113.3835,-256.5575000000008
no04,I_11_533967_00939533967_01485,1330,13:30,6687.6075,6404.1895,-283.41799999999967
no04,I_11_533967_00939533967_01485,1345,13:45,6055.947999999999,6005.9995,-49.94849999999951
no04,I_11_533967_00939533967_01485,1400,14:00,4830.79,4856.283,25.493000000000393
no04,I_11_533967_00939533967_01485,1415,14:15,8575.792,8447.547,-128.24499999999898
no04,I_11_533967_00939533967_01485,1430,14:30,4480.146500000001,4446.2915,-33.85500000000047
no04,I_11_533967_00939533967_01485,1445,14:45,5557.3375,5457.478,-99.85949999999957
no04,I_11_533967_00939533967_01485,1500,15:00,7694.762,7499.678,-195.08399999999983
no04,I_11_533967_00939533967_01485,1515,15:15,6284.329,6158.011,-126.3179999999993
no04,I_11_533967_00939533967_01485,1530,15:30,6232.579,6165.4685,-67.11049999999977
no04,I_11_533967_00939533967_01485,1545,15:45,4544.2775,4566.0975,21.81999999999971
no04,I_11_533967_00939533967_01485,1600,16:00,6344.2505,7313.144999999999,968.8944999999985
no04,I_11_533967_00939533967_01485,1615,16:15,11866.7595,11342.933,-523.8264999999992
no04,I_11_533967_00939533967_01485,1630,16:30,7270.279,6756.3485,-513.9305000000004
no04,I_11_533967_00939533967_01485,1645,16:45,7725.875999999999,7290.2015,-435.67449999999917
no04,I_11_533967_00939533967_01485,1700,17:00,4996.482,5742.0665,745.5844999999999
no04,I_11_533967_00939533967_01485,1715,17:15,6603.142999999999,6309.0895,-294.0534999999991
no04,I_11_533967_00939533967_01485,1730,17:30,6385.961,6606.711,220.75
no04,I_11_533967_00939533967_01485,1745,17:45,5847.092500000001,5836.8595000000005,-10.233000000000175
no04,I_11_533967_00939533967_01485,1800,18:00,5021.072,4981.194,-39.8779999999997
no04,I_11_533967_00939533967_01485,1815,18:15,6152.417,6082.2775,-70.13950000000023
no04,I_11_533967_00939533967_01485,1830,18:30,4803.611,4972.543,168.9319999999998
no04,I_11_533967_00939533967_01485,1845,18:45,5831.14,5920.343,89.20299999999952
no04,I_11_533967_00977533967_00978,630,06:30,1944.154,1943.5685,-0.5854999999999109
no04,I_11_533967_00977533967_00978,645,06:45,2337.809,2332.556,-5.253000000000156
no04,I_11_533967_00977533967_00978,700,07:00,2123.3095000000003,2129.6455,6.335999999999785
no04,I_11_533967_00977533967_00978,715,07:15,3109.572,3114.8125,5.240499999999884
no04,I_11_533967_00977533967_00978,730,07:30,3298.822,3376.5080000000003,77.68600000000015
no04,I_11_533967_00977533967_00978,745,07:45,3264.2560000000003,3170.05,-94.20600000000013
no04,I_11_533967_00977533967_00978,800,08:00,4004.2865,4015.578,11.291499999999814
no04,I_11_533967_00977533967_00978,815,08:15,4093.593,4140.4215,46.82850000000053
no04,I_11_533967_00977533967_00978,830,08:30,1970.732,1981.0315,10.29950000000008
no04,I_11_533967_00977533967_00978,845,08:45,2482.901,2492.6675,9.766500000000178
no04,I_11_533967_00977533967_00978,900,09:00,3042.026,3040.0375,-1.9884999999999309
no04,I_11_533967_00977533967_00978,915,09:15,1237.9685,1189.3845,-48.58400000000006
no04,I_11_533967_00977533967_00978,930,09:30,1334.7925,1329.5045,-5.288000000000011
no04,I_11_533967_00977533967_00978,945,09:45,1534.999,1534.8235,-0.1755000000000564
no04,I_11_533967_00977533967_00978,1000,10:00,937.3525,945.8205,8.468000000000075
no04,I_11_533967_00977533967_00978,1015,10:15,535.9035,525.4525,-10.451000000000022
no04,I_11_533967_00977533967_00978,1030,10:30,592.635,607.4625,14.827499999999986
no04,I_11_533967_00977533967_00978,1045,10:45,1106.4645,1127.7,21.235500000000002
no04,I_11_533967_00977533967_00978,1100,11:00,921.6325,905.37,-16.262500000000045
no04,I_11_533967_00977533967_00978,1115,11:15,390.24,389.805,-0.4350000000000023
no04,I_11_533967_00977533967_00978,1130,11:30,415.3875,425.40600000000006,10.018500000000074
no04,I_11_533967_00977533967_00978,1145,11:45,319.8475,334.254,14.406499999999994
no04,I_11_533967_00977533967_00978,1200,12:00,1410.3855,1387.327,-23.058500000000095
no04,I_11_533967_00977533967_00978,1215,12:15,1550.0855,1557.347,7.261500000000069
no04,I_11_533967_00977533967_00978,1230,12:30,568.7819999999999,571.098,2.316000000000031
no04,I_11_533967_00977533967_00978,1245,12:45,1092.8685,1124.4425,31.57400000000007
no04,I_11_533967_00977533967_00978,1300,13:00,1596.103,1553.346,-42.75700000000006
no04,I_11_533967_00977533967_00978,1315,13:15,1261.1,1258.508,-2.591999999999871
no04,I_11_533967_00977533967_00978,1330,13:30,1132.825,1089.2295,-43.59550000000013
no04,I_11_533967_00977533967_00978,1345,13:45,1011.5245,1099.703,88.17849999999999
no04,I_11_533967_00977533967_00978,1400,14:00,1019.085,1001.7175,-17.367500000000064
no04,I_11_533967_00977533967_00978,1415,14:15,879.9635000000001,835.0045,-44.95900000000006
no04,I_11_533967_00977533967_00978,1430,14:30,1684.059,1713.631,29.572000000000116
no04,I_11_533967_00977533967_00978,1445,14:45,1581.4945,1567.922,-13.572499999999991
no04,I_11_533967_00977533967_00978,1500,15:00,716.906,736.197,19.291000000000054
no04,I_11_533967_00977533967_00978,1515,15:15,335.7895,300.65,-35.1395
no04,I_11_533967_00977533967_00978,1530,15:30,626.9984999999999,626.498,-0.5004999999998745
no04,I_11_533967_00977533967_00978,1545,15:45,1340.59,1389.6545,49.06450000000018
no04,I_11_533967_00977533967_00978,1600,16:00,688.902,638.5364999999999,-50.36550000000011
no04,I_11_533967_00977533967_00978,1615,16:15,513.9984999999999,542.2435,28.24500000000012
no04,I_11_533967_00977533967_00978,1630,16:30,1303.4375,1293.8815,-9.55600000000004
no04,I_11_533967_00977533967_00978,1645,16:45,1793.8095,1791.8445,-1.9650000000001455
no04,I_11_533967_00977533967_00978,1700,17:00,1534.452,1589.357,54.90499999999997
no04,I_11_533967_00977533967_00978,1715,17:15,876.9540000000001,849.8165000000001,-27.137499999999932
no04,I_11_533967_00977533967_00978,1730,17:30,1923.8135,1916.938,-6.8754999999998745
no04,I_11_533967_00977533967_00978,1745,17:45,1978.375,1944.9065,-33.46849999999995
no04,I_11_533967_00977533967_00978,1800,18:00,1624.7465,1685.1455,60.399000000000115
no04,I_11_533967_00977533967_00978,1815,18:15,1593.1305,1560.295,-32.83549999999991
no04,I_11_533967_00977533967_00978,1830,18:30,1102.817,1137.51,34.692999999999984
no04,I_11_533967_00977533967_00978,1845,18:45,2191.935,2174.978,-16.95699999999988
no04,I_11_533967_00977533967_01421,630,06:30,507.6145,502.58,-5.034500000000037
no04,I_11_533967_00977533967_01421,645,06:45,984.0505,997.1165,13.065999999999917
no04,I_11_533967_00977533967_01421,700,07:00,906.6645,938.95,32.28550000000007
no04,I_11_533967_00977533967_01421,715,07:15,1899.265,1840.998,-58.26700000000005
no04,I_11_533967_00977533967_01421,730,07:30,2286.1045,2239.6775,-46.427000000000135
no04,I_11_533967_00977533967_01421,745,07:45,1393.1695,1401.6145,8.444999999999936
no04,I_11_533967_00977533967_01421,800,08:00,1637.826,1606.1105,-31.71550000000002
no04,I_11_533967_00977533967_01421,815,08:15,1864.76,1874.3945,9.634500000000116
no04,I_11_533967_00977533967_01421,830,08:30,2547.833,2535.6225,-12.210500000000138
no04,I_11_533967_00977533967_01421,845,08:45,2930.045,2397.4115,-532.6334999999999
no04,I_11_533967_00977533967_01421,900,09:00,1964.6625,1966.8065,2.1440000000000055
no04,I_11_533967_00977533967_01421,915,09:15,1248.9185,1166.898,-82.02050000000008
no04,I_11_533967_00977533967_01421,930,09:30,1538.435,1515.992,-22.442999999999984
no04,I_11_533967_00977533967_01421,945,09:45,4464.737999999999,4113.4545,-351.28349999999955
no04,I_11_533967_00977533967_01421,1000,10:00,13555.8615,13623.164,67.30249999999978
no04,I_11_533967_00977533967_01421,1015,10:15,12852.248,13608.1475,755.8994999999995
no04,I_11_533967_00977533967_01421,1030,10:30,2177.2785,2048.6690000000003,-128.60949999999957
no04,I_11_533967_00977533967_01421,1045,10:45,2720.194,2606.844,-113.34999999999991
no04,I_11_533967_00977533967_01421,1100,11:00,3372.846,3274.3355,-98.51049999999987
no04,I_11_533967_00977533967_01421,1115,11:15,3302.1894999999995,2592.3525,-709.8369999999995
no04,I_11_533967_00977533967_01421,1130,11:30,2033.7655,2074.177,40.41150000000016
no04,I_11_533967_00977533967_01421,1145,11:45,2451.819,2245.873,-205.9459999999999
no04,I_11_533967_00977533967_01421,1200,12:00,2426.2205000000004,2233.911,-192.3095000000003
no04,I_11_533967_00977533967_01421,1215,12:15,2015.924,1942.7775,-73.14650000000006
no04,I_11_533967_00977533967_01421,1230,12:30,1804.6455,1674.873,-129.77250000000004
no04,I_11_533967_00977533967_01421,1245,12:45,2284.903,2254.5335,-30.36949999999979
no04,I_11_533967_00977533967_01421,1300,13:00,2189.278,2111.5575,-77.7204999999999
no04,I_11_533967_00977533967_01421,1315,13:15,2210.6345,2174.584,-36.050500000000284
no04,I_11_533967_00977533967_01421,1330,13:30,2260.273,2126.4035,-133.86950000000024
no04,I_11_533967_00977533967_01421,1345,13:45,2069.2435,1971.355,-97.88850000000002
no04,I_11_533967_00977533967_01421,1400,14:00,1999.585,1829.7745,-169.81050000000005
no04,I_11_533967_00977533967_01421,1415,14:15,2876.7380000000003,2597.035,-279.70300000000043
no04,I_11_533967_00977533967_01421,1430,14:30,1613.48,1565.033,-48.447000000000116
no04,I_11_533967_00977533967_01421,1445,14:45,1478.6365,1432.2165,-46.42000000000007
no04,I_11_533967_00977533967_01421,1500,15:00,2679.7455,2261.7650000000003,-417.98049999999967
no04,I_11_533967_00977533967_01421,1515,15:15,2375.202,2109.333,-265.86900000000014
no04,I_11_533967_00977533967_01421,1530,15:30,2056.501,1948.5315,-107.96950000000015
no04,I_11_533967_00977533967_01421,1545,15:45,1599.984,1578.474,-21.50999999999999
no04,I_11_533967_00977533967_01421,1600,16:00,2112.017,2207.8805,95.86350000000039
no04,I_11_533967_00977533967_01421,1615,16:15,2741.198,2434.209,-306.98900000000003
no04,I_11_533967_00977533967_01421,1630,16:30,1810.4035,1731.763,-78.64049999999997
no04,I_11_533967_00977533967_01421,1645,16:45,2188.9165000000003,2098.2290000000003,-90.6875
no04,I_11_533967_00977533967_01421,1700,17:00,2154.764,2006.228,-148.53600000000006
no04,I_11_533967_00977533967_01421,1715,17:15,2360.0175,2094.289,-265.7284999999997
no04,I_11_533967_00977533967_01421,1730,17:30,2369.1005,2215.918,-153.1824999999999
no04,I_11_533967_00977533967_01421,1745,17:45,2384.5510000000004,2235.135,-149.41600000000017
no04,I_11_533967_00977533967_01421,1800,18:00,2837.944,2777.843,-60.10100000000011
no04,I_11_533967_00977533967_01421,1815,18:15,1888.2415,1856.8695,-31.37200000000007
no04,I_11_533967_00977533967_01421,1830,18:30,3357.5325,3521.6040000000003,164.07150000000047
no04,I_11_533967_00977533967_01421,1845,18:45,2825.206,3939.452,1114.246
no04,I_11_533967_00977533967_01425,630,06:30,181.4415,183.8535,2.412000000000006
no04,I_11_533967_00977533967_01425,645,06:45,344.371,338.98900000000003,-5.381999999999948
no04,I_11_533967_00977533967_01425,700,07:00,328.49850000000004,336.789,8.290499999999952
no04,I_11_533967_00977533967_01425,715,07:15,260.5815,260.039,-0.5425000000000182
no04,I_11_533967_00977533967_01425,730,07:30,544.893,552.537,7.6440000000000055
no04,I_11_533967_00977533967_01425,745,07:45,815.383,801.7985,-13.584500000000048
no04,I_11_533967_00977533967_01425,800,08:00,478.1405,470.7755,-7.364999999999952
no04,I_11_533967_00977533967_01425,815,08:15,514.051,578.6635,64.61249999999995
no04,I_11_533967_00977533967_01425,830,08:30,632.7425000000001,646.884,14.14149999999995
no04,I_11_533967_00977533967_01425,845,08:45,670.471,674.6375,4.166500000000042
no04,I_11_533967_00977533967_01425,900,09:00,638.3595,646.2365,7.876999999999953
no04,I_11_533967_00977533967_01425,915,09:15,572.4970000000001,562.802,-9.69500000000005
no04,I_11_533967_00977533967_01425,930,09:30,598.009,606.2555,8.246499999999969
no04,I_11_533967_00977533967_01425,945,09:45,548.6510000000001,527.309,-21.3420000000001
no04,I_11_533967_00977533967_01425,1000,10:00,374.1655,379.4645,5.298999999999978
no04,I_11_533967_00977533967_01425,1015,10:15,559.108,548.464,-10.643999999999892
no04,I_11_533967_00977533967_01425,1030,10:30,633.5065,610.0899999999999,-23.416500000000042
no04,I_11_533967_00977533967_01425,1045,10:45,519.741,555.9185,36.17750000000001
no04,I_11_533967_00977533967_01425,1100,11:00,549.8520000000001,553.3935,3.541499999999928
no04,I_11_533967_00977533967_01425,1115,11:15,803.1865,767.328,-35.85850000000005
no04,I_11_533967_00977533967_01425,1130,11:30,462.8515,459.9325,-2.9189999999999827
no04,I_11_533967_00977533967_01425,1145,11:45,776.3345,782.8265,6.491999999999962
no04,I_11_533967_00977533967_01425,1200,12:00,443.3485,432.8935,-10.454999999999984
no04,I_11_533967_00977533967_01425,1215,12:15,487.365,513.0535,25.688499999999976
no04,I_11_533967_00977533967_01425,1230,12:30,585.9575,577.583,-8.374500000000012
no04,I_11_533967_00977533967_01425,1245,12:45,413.513,423.821,10.30800000000005
no04,I_11_533967_00977533967_01425,1300,13:00,541.0625,538.7985,-2.26400000000001
no04,I_11_533967_00977533967_01425,1315,13:15,502.559,518.704,16.144999999999925
no04,I_11_533967_00977533967_01425,1330,13:30,385.7925,357.242,-28.5505
no04,I_11_533967_00977533967_01425,1345,13:45,426.76900000000006,419.8285,-6.940500000000043
no04,I_11_533967_00977533967_01425,1400,14:00,595.2760000000001,602.1585,6.882499999999936
no04,I_11_533967_00977533967_01425,1415,14:15,461.563,458.8815,-2.6814999999999714
no04,I_11_533967_00977533967_01425,1430,14:30,639.289,674.261,34.97199999999998
no04,I_11_533967_00977533967_01425,1445,14:45,554.603,527.8824999999999,-26.720500000000015
no04,I_11_533967_00977533967_01425,1500,15:00,663.895,669.6185,5.723500000000058
no04,I_11_533967_00977533967_01425,1515,15:15,681.163,663.572,-17.591000000000008
no04,I_11_533967_00977533967_01425,1530,15:30,742.5615,766.7115,24.149999999999977
no04,I_11_533967_00977533967_01425,1545,15:45,611.897,636.9445,25.0474999999999
no04,I_11_533967_00977533967_01425,1600,16:00,738.7905,735.0395,-3.7509999999999764
no04,I_11_533967_00977533967_01425,1615,16:15,1078.8955,1086.6815,7.785999999999831
no04,I_11_533967_00977533967_01425,1630,16:30,672.9350000000001,684.7305,11.795499999999947
no04,I_11_533967_00977533967_01425,1645,16:45,644.4005,649.67,5.269499999999994
no04,I_11_533967_00977533967_01425,1700,17:00,1070.373,1007.8685,-62.50450000000001
no04,I_11_533967_00977533967_01425,1715,17:15,1092.757,1075.2795,-17.477499999999964
no04,I_11_533967_00977533967_01425,1730,17:30,855.042,801.4775000000001,-53.56449999999995
no04,I_11_533967_00977533967_01425,1745,17:45,742.2115,738.525,-3.6865000000000236
no04,I_11_533967_00977533967_01425,1800,18:00,822.094,807.3140000000001,-14.779999999999973
no04,I_11_533967_00977533967_01425,1815,18:15,669.4694999999999,654.9615,-14.507999999999925
no04,I_11_533967_00977533967_01425,1830,18:30,447.7435,443.7685,-3.974999999999966
no04,I_11_533967_00977533967_01425,1845,18:45,321.1265,298.846,-22.280500000000018
no04,I_11_533967_00977533967_01555,630,06:30,346.856,352.9295,6.073500000000024
no04,I_11_533967_00977533967_01555,645,06:45,332.1915,330.8415,-1.3500000000000227
no04,I_11_533967_00977533967_01555,700,07:00,475.449,480.0365,4.587499999999977
no04,I_11_533967_00977533967_01555,715,07:15,535.6614999999999,550.509,14.847500000000082
no04,I_11_533967_00977533967_01555,730,07:30,593.12,590.5185,-2.6014999999999873
no04,I_11_533967_00977533967_01555,745,07:45,673.0565,679.5235,6.4669999999999845
no04,I_11_533967_00977533967_01555,800,08:00,902.694,883.3584999999999,-19.335500000000025
no04,I_11_533967_00977533967_01555,815,08:15,727.241,737.7445,10.503500000000031
no04,I_11_533967_00977533967_01555,830,08:30,665.521,682.408,16.887000000000057
no04,I_11_533967_00977533967_01555,845,08:45,701.4415,720.9359999999999,19.494499999999903
no04,I_11_533967_00977533967_01555,900,09:00,559.3595,571.7189999999999,12.359499999999912
no04,I_11_533967_00977533967_01555,915,09:15,678.0745,688.7610000000001,10.686500000000137
no04,I_11_533967_00977533967_01555,930,09:30,735.2615,689.232,-46.029499999999985
no04,I_11_533967_00977533967_01555,945,09:45,324.8025,323.742,-1.0604999999999905
no04,I_11_533967_00977533967_01555,1000,10:00,409.296,418.5545,9.258500000000026
no04,I_11_533967_00977533967_01555,1015,10:15,416.446,442.424,25.977999999999952
no04,I_11_533967_00977533967_01555,1030,10:30,531.991,542.104,10.113000000000056
no04,I_11_533967_00977533967_01555,1045,10:45,348.43050000000005,340.1355,-8.295000000000073
no04,I_11_533967_00977533967_01555,1100,11:00,303.0555,308.04200000000003,4.986500000000035
no04,I_11_533967_00977533967_01555,1115,11:15,284.3,298.1995,13.899499999999989
no04,I_11_533967_00977533967_01555,1130,11:30,568.6555000000001,553.8085,-14.847000000000094
no04,I_11_533967_00977533967_01555,1145,11:45,337.608,329.62,-7.9879999999999995
no04,I_11_533967_00977533967_01555,1200,12:00,429.9765,445.7190000000001,15.74250000000012
no04,I_11_533967_00977533967_01555,1215,12:15,472.216,458.9925,-13.223500000000001
no04,I_11_533967_00977533967_01555,1230,12:30,318.709,356.9635,38.25450000000001
no04,I_11_533967_00977533967_01555,1245,12:45,606.63,611.4860000000001,4.856000000000108
no04,I_11_533967_00977533967_01555,1300,13:00,584.234,583.9604999999999,-0.2735000000001264
no04,I_11_533967_00977533967_01555,1315,13:15,520.5665,514.8915,-5.675000000000068
no04,I_11_533967_00977533967_01555,1330,13:30,275.9975,267.8595,-8.137999999999977
no04,I_11_533967_00977533967_01555,1345,13:45,383.373,376.657,-6.716000000000008
no04,I_11_533967_00977533967_01555,1400,14:00,359.9965,363.907,3.9104999999999563
no04,I_11_533967_00977533967_01555,1415,14:15,276.543,279.498,2.954999999999984
no04,I_11_533967_00977533967_01555,1430,14:30,588.0730000000001,587.521,-0.5520000000001346
no04,I_11_533967_00977533967_01555,1445,14:45,750.9795,751.6885,0.7089999999999463
no04,I_11_533967_00977533967_01555,1500,15:00,487.9955,482.1325,-5.8629999999999995
no04,I_11_533967_00977533967_01555,1515,15:15,326.653,336.404,9.750999999999976
no04,I_11_533967_00977533967_01555,1530,15:30,398.7385,399.995,1.2565000000000168
no04,I_11_533967_00977533967_01555,1545,15:45,437.741,450.6545,12.913499999999999
no04,I_11_533967_00977533967_01555,1600,16:00,934.4015,661.726,-272.67550000000006
no04,I_11_533967_00977533967_01555,1615,16:15,336.802,320.4485,-16.353499999999997
no04,I_11_533967_00977533967_01555,1630,16:30,306.95,339.098,32.148000000000025
no04,I_11_533967_00977533967_01555,1645,16:45,526.9159999999999,539.3104999999999,12.394499999999994
no04,I_11_533967_00977533967_01555,1700,17:00,585.491,580.214,-5.27699999999993
no04,I_11_533967_00977533967_01555,1715,17:15,499.164,510.8485,11.684500000000014
no04,I_11_533967_00977533967_01555,1730,17:30,471.1105,467.479,-3.631500000000017
no04,I_11_533967_00977533967_01555,1745,17:45,227.848,231.839,3.9909999999999854
no04,I_11_533967_00977533967_01555,1800,18:00,304.446,331.6855,27.239499999999964
no04,I_11_533967_00977533967_01555,1815,18:15,514.6614999999999,502.4945,-12.166999999999916
no04,I_11_533967_00977533967_01555,1830,18:30,313.29900000000004,214.1535,-99.14550000000003
no04,I_11_533967_00977533967_01555,1845,18:45,288.4995,305.1965,16.697000000000003
no04,I_11_533967_00978533967_00977,630,06:30,1094.1219999999998,1096.0685,1.946500000000242
no04,I_11_533967_00978533967_00977,645,06:45,1247.4055,1240.096,-7.309500000000071
no04,I_11_533967_00978533967_00977,700,07:00,1427.3565,1420.5605,-6.796000000000049
no04,I_11_533967_00978533967_00977,715,07:15,1752.0759999999998,1763.543,11.467000000000098
no04,I_11_533967_00978533967_00977,730,07:30,3011.4970000000003,3101.29,89.79299999999967
no04,I_11_533967_00978533967_00977,745,07:45,3074.892,3150.3920000000003,75.50000000000045
no04,I_11_533967_00978533967_00977,800,08:00,2798.7760000000003,2742.819,-55.957000000000335
no04,I_11_533967_00978533967_00977,815,08:15,2405.4,2398.7115,-6.688500000000204
no04,I_11_533967_00978533967_00977,830,08:30,2681.85,2582.3625,-99.48749999999973
no04,I_11_533967_00978533967_00977,845,08:45,2787.004,2984.746,197.7420000000002
no04,I_11_533967_00978533967_00977,900,09:00,2642.2355,2781.1645,138.9290000000001
no04,I_11_533967_00978533967_00977,915,09:15,2506.9895,2437.8145,-69.17500000000018
no04,I_11_533967_00978533967_00977,930,09:30,1743.033,1809.389,66.356
no04,I_11_533967_00978533967_00977,945,09:45,3394.5080000000003,3399.865,5.356999999999516
no04,I_11_533967_00978533967_00977,1000,10:00,6798.2405,6209.628,-588.6125000000002
no04,I_11_533967_00978533967_00977,1015,10:15,5391.697999999999,4332.926,-1058.771999999999
no04,I_11_533967_00978533967_00977,1030,10:30,2302.4755,2253.44,-49.035499999999956
no04,I_11_533967_00978533967_00977,1045,10:45,3500.802,3493.119,-7.682999999999993
no04,I_11_533967_00978533967_00977,1100,11:00,4002.0835,4018.4085,16.324999999999818
no04,I_11_533967_00978533967_00977,1115,11:15,4182.9655,4244.0585,61.09299999999985
no04,I_11_533967_00978533967_00977,1130,11:30,2965.1625,3139.419,174.25649999999996
no04,I_11_533967_00978533967_00977,1145,11:45,3184.5255,3140.868,-43.657500000000255
no04,I_11_533967_00978533967_00977,1200,12:00,3420.6235,3448.1615,27.53800000000001
no04,I_11_533967_00978533967_00977,1215,12:15,3428.5185,3362.785,-65.73350000000028
no04,I_11_533967_00978533967_00977,1230,12:30,2551.431,2549.4965,-1.9344999999998436
no04,I_11_533967_00978533967_00977,1245,12:45,4596.237999999999,4705.442,109.20400000000063
no04,I_11_533967_00978533967_00977,1300,13:00,2909.162,2913.882,4.720000000000255
no04,I_11_533967_00978533967_00977,1315,13:15,3522.826,3516.2575,-6.568499999999858
no04,I_11_533967_00978533967_00977,1330,13:30,4792.7225,4619.3225,-173.39999999999964
no04,I_11_533967_00978533967_00977,1345,13:45,2179.2015,2175.7755,-3.425999999999931
no04,I_11_533967_00978533967_00977,1400,14:00,2801.357,2809.2025000000003,7.8455000000003565
no04,I_11_533967_00978533967_00977,1415,14:15,4419.8285000000005,4381.984,-37.84450000000015
no04,I_11_533967_00978533967_00977,1430,14:30,2288.6285,2385.3025,96.67399999999998
no04,I_11_533967_00978533967_00977,1445,14:45,3138.5075,3075.045,-63.46250000000009
no04,I_11_533967_00978533967_00977,1500,15:00,3480.2325,3429.2175,-51.01499999999987
no04,I_11_533967_00978533967_00977,1515,15:15,2960.2380000000003,3120.323,160.08499999999958
no04,I_11_533967_00978533967_00977,1530,15:30,4255.486,4021.2985,-234.1875
no04,I_11_533967_00978533967_00977,1545,15:45,3144.5175,3377.0870000000004,232.56950000000052
no04,I_11_533967_00978533967_00977,1600,16:00,3978.0645,3770.9355,-207.1289999999999
no04,I_11_533967_00978533967_00977,1615,16:15,3720.903,3693.552,-27.350999999999658
no04,I_11_533967_00978533967_00977,1630,16:30,2588.2995,2659.7580000000003,71.45850000000019
no04,I_11_533967_00978533967_00977,1645,16:45,3857.383,3905.2205,47.83750000000009
no04,I_11_533967_00978533967_00977,1700,17:00,2932.929,2883.723,-49.20600000000013
no04,I_11_533967_00978533967_00977,1715,17:15,3348.9055,3333.988,-14.917500000000018
no04,I_11_533967_00978533967_00977,1730,17:30,4509.1845,4472.67,-36.514500000000226
no04,I_11_533967_00978533967_00977,1745,17:45,3915.9795,3991.581,75.60150000000021
no04,I_11_533967_00978533967_00977,1800,18:00,4297.368,4278.2365,-19.131500000000415
no04,I_11_533967_00978533967_00977,1815,18:15,3417.625,3538.96,121.33500000000004
no04,I_11_533967_00978533967_00977,1830,18:30,5735.986,5568.735,-167.2510000000002
no04,I_11_533967_00978533967_00977,1845,18:45,3882.1135,3928.823,46.709499999999935
no04,I_11_533967_01268533967_00937,630,06:30,2188.0495,2202.507,14.457499999999982
no04,I_11_533967_01268533967_00937,645,06:45,1941.6185,1959.729,18.110500000000002
no04,I_11_533967_01268533967_00937,700,07:00,2350.5025,2371.347,20.844500000000153
no04,I_11_533967_01268533967_00937,715,07:15,2576.5375,2584.688,8.150500000000193
no04,I_11_533967_01268533967_00937,730,07:30,1906.3615,1922.897,16.535499999999956
no04,I_11_533967_01268533967_00937,745,07:45,2568.2535,2585.648,17.394500000000335
no04,I_11_533967_01268533967_00937,800,08:00,1961.0535,1976.45,15.39650000000006
no04,I_11_533967_01268533967_00937,815,08:15,1846.5145,1861.818,15.303499999999985
no04,I_11_533967_01268533967_00937,830,08:30,2730.266,2767.6665000000003,37.40050000000019
no04,I_11_533967_01268533967_00937,845,08:45,2218.165,2232.8705,14.705500000000029
no04,I_11_533967_01268533967_00937,900,09:00,2241.1645,2248.963,7.798500000000331
no04,I_11_533967_01268533967_00937,915,09:15,2146.3175,2173.2595,26.942000000000007
no04,I_11_533967_01268533967_00937,930,09:30,2325.5935,2335.1045,9.510999999999967
no04,I_11_533967_01268533967_00937,945,09:45,2024.016,2033.1665,9.150499999999965
no04,I_11_533967_01268533967_00937,1000,10:00,2492.4545,2497.486,5.031500000000051
no04,I_11_533967_01268533967_00937,1015,10:15,1800.2205,1806.8035,6.583000000000084
no04,I_11_533967_01268533967_00937,1030,10:30,1398.2734999999998,1411.2755,13.00200000000018
no04,I_11_533967_01268533967_00937,1045,10:45,1498.368,1535.965,37.59699999999998
no04,I_11_533967_01268533967_00937,1100,11:00,1779.3685,1780.3759999999995,1.0074999999994816
no04,I_11_533967_01268533967_00937,1115,11:15,2046.889,2037.653,-9.235999999999876
no04,I_11_533967_01268533967_00937,1130,11:30,1449.662,1436.5725,-13.089500000000044
no04,I_11_533967_01268533967_00937,1145,11:45,1399.6885,1413.575,13.88650000000007
no04,I_11_533967_01268533967_00937,1200,12:00,1786.3175,1791.9465,5.628999999999905
no04,I_11_533967_01268533967_00937,1215,12:15,1986.4995,1989.861,3.3615000000002055
no04,I_11_533967_01268533967_00937,1230,12:30,1430.947,1434.6445,3.6975000000002183
no04,I_11_533967_01268533967_00937,1245,12:45,2019.442,2014.783,-4.6590000000001055
no04,I_11_533967_01268533967_00937,1300,13:00,1036.831,1048.02,11.189000000000078
no04,I_11_533967_01268533967_00937,1315,13:15,1744.277,1739.1275,-5.149499999999989
no04,I_11_533967_01268533967_00937,1330,13:30,1566.658,1574.5625,7.904500000000098
no04,I_11_533967_01268533967_00937,1345,13:45,1219.412,1230.3535,10.941499999999905
no04,I_11_533967_01268533967_00937,1400,14:00,2129.829,2113.8450000000003,-15.983999999999924
no04,I_11_533967_01268533967_00937,1415,14:15,1361.1305,1389.778,28.647500000000036
no04,I_11_533967_01268533967_00937,1430,14:30,1883.825,1911.843,28.01800000000003
no04,I_11_533967_01268533967_00937,1445,14:45,1908.3645,1884.654,-23.71049999999991
no04,I_11_533967_01268533967_00937,1500,15:00,1402.181,1402.936,0.7549999999998818
no04,I_11_533967_01268533967_00937,1515,15:15,1148.2379999999998,1165.916,17.67800000000011
no04,I_11_533967_01268533967_00937,1530,15:30,1612.263,1620.795,8.532000000000153
no04,I_11_533967_01268533967_00937,1545,15:45,1460.7605,1455.315,-5.445500000000038
no04,I_11_533967_01268533967_00937,1600,16:00,1689.822,1691.5404999999998,1.718499999999949
no04,I_11_533967_01268533967_00937,1615,16:15,2049.9455000000003,2089.798,39.85249999999951
no04,I_11_533967_01268533967_00937,1630,16:30,1603.612,1612.6355,9.023500000000013
no04,I_11_533967_01268533967_00937,1645,16:45,2181.6655,2164.7385000000004,-16.92699999999968
no04,I_11_533967_01268533967_00937,1700,17:00,1397.489,1406.6185,9.129500000000007
no04,I_11_533967_01268533967_00937,1715,17:15,2216.724,2197.7445,-18.97950000000037
no04,I_11_533967_01268533967_00937,1730,17:30,1286.798,1292.977,6.179000000000087
no04,I_11_533967_01268533967_00937,1745,17:45,1906.574,1916.2985,9.724500000000035
no04,I_11_533967_01268533967_00937,1800,18:00,2960.1825,2901.791,-58.39149999999972
no04,I_11_533967_01268533967_00937,1815,18:15,1721.871,1756.0655,34.194499999999834
no04,I_11_533967_01268533967_00937,1830,18:30,1430.6844999999998,1452.4955,21.81100000000015
no04,I_11_533967_01268533967_00937,1845,18:45,1559.0055,1526.81,-32.19550000000004
no04,I_11_533967_01405533967_00937,630,06:30,1630.129,1635.2895,5.160500000000184
no04,I_11_533967_01405533967_00937,645,06:45,1826.281,1805.339,-20.942000000000007
no04,I_11_533967_01405533967_00937,700,07:00,2297.3705,2268.4515,-28.91899999999987
no04,I_11_533967_01405533967_00937,715,07:15,1783.5595,1707.0925,-76.4670000000001
no04,I_11_533967_01405533967_00937,730,07:30,2874.5385,2996.663,122.1244999999999
no04,I_11_533967_01405533967_00937,745,07:45,3241.3045,3219.5075,-21.797000000000025
no04,I_11_533967_01405533967_00937,800,08:00,3596.8585,3659.845,62.98649999999998
no04,I_11_533967_01405533967_00937,815,08:15,3818.429,3740.2045,-78.22450000000026
no04,I_11_533967_01405533967_00937,830,08:30,6865.111999999999,6791.5165,-73.59549999999945
no04,I_11_533967_01405533967_00937,845,08:45,3317.4015,3353.394,35.992499999999836
no04,I_11_533967_01405533967_00937,900,09:00,4297.338,4212.644,-84.6939999999995
no04,I_11_533967_01405533967_00937,915,09:15,3767.0235,3782.192,15.168500000000222
no04,I_11_533967_01405533967_00937,930,09:30,3511.743,3423.089,-88.654
no04,I_11_533967_01405533967_00937,945,09:45,1972.2145,1969.0855,-3.129000000000133
no04,I_11_533967_01405533967_00937,1000,10:00,3846.059,3828.61,-17.44900000000007
no04,I_11_533967_01405533967_00937,1015,10:15,3548.043,3577.1760000000004,29.133000000000266
no04,I_11_533967_01405533967_00937,1030,10:30,5183.8725,5228.545,44.67249999999967
no04,I_11_533967_01405533967_00937,1045,10:45,3902.7605,4081.7585,178.99800000000005
no04,I_11_533967_01405533967_00937,1100,11:00,4459.951,4279.3325,-180.61849999999959
no04,I_11_533967_01405533967_00937,1115,11:15,4272.3975,4456.481,184.08349999999973
no04,I_11_533967_01405533967_00937,1130,11:30,5151.33,5154.878,3.5479999999997744
no04,I_11_533967_01405533967_00937,1145,11:45,4447.906,4459.371,11.465000000000146
no04,I_11_533967_01405533967_00937,1200,12:00,4124.378,4003.6625,-120.71549999999979
no04,I_11_533967_01405533967_00937,1215,12:15,4720.179,4590.7865,-129.39249999999993
no04,I_11_533967_01405533967_00937,1230,12:30,5028.642,5082.8585,54.21650000000045
no04,I_11_533967_01405533967_00937,1245,12:45,4007.7465,3924.6495,-83.09700000000021
no04,I_11_533967_01405533967_00937,1300,13:00,4643.411999999999,4725.567,82.15500000000065
no04,I_11_533967_01405533967_00937,1315,13:15,3926.38,3910.51,-15.86999999999989
no04,I_11_533967_01405533967_00937,1330,13:30,4568.276,4630.052,61.77599999999984
no04,I_11_533967_01405533967_00937,1345,13:45,3501.1825,3599.2410000000004,98.05850000000055
no04,I_11_533967_01405533967_00937,1400,14:00,4594.917,4550.455,-44.462000000000444
no04,I_11_533967_01405533967_00937,1415,14:15,4361.448,4466.294,104.84599999999955
no04,I_11_533967_01405533967_00937,1430,14:30,4065.2315,3923.5485,-141.683
no04,I_11_533967_01405533967_00937,1445,14:45,3857.396,3860.7295,3.333499999999731
no04,I_11_533967_01405533967_00937,1500,15:00,4814.9285,4867.3845,52.45600000000013
no04,I_11_533967_01405533967_00937,1515,15:15,4740.572999999999,4865.9195,125.34650000000056
no04,I_11_533967_01405533967_00937,1530,15:30,5344.2875,5046.378500000001,-297.90899999999965
no04,I_11_533967_01405533967_00937,1545,15:45,2882.1445,2862.637,-19.50749999999971
no04,I_11_533967_01405533967_00937,1600,16:00,6383.1715,6405.5155,22.34400000000005
no04,I_11_533967_01405533967_00937,1615,16:15,13063.2965,13511.813,448.5164999999997
no04,I_11_533967_01405533967_00937,1630,16:30,20151.2985,20421.847,270.5485000000008
no04,I_11_533967_01405533967_00937,1645,16:45,14392.039,14094.497,-297.5420000000013
no04,I_11_533967_01405533967_00937,1700,17:00,11340.170999999998,12218.5975,878.4265000000014
no04,I_11_533967_01405533967_00937,1715,17:15,4211.535,4339.0925,127.55749999999989
no04,I_11_533967_01405533967_00937,1730,17:30,4833.2275,5039.029,205.8015000000005
no04,I_11_533967_01405533967_00937,1745,17:45,4494.861,4436.415,-58.44599999999991
no04,I_11_533967_01405533967_00937,1800,18:00,7104.3910000000005,7779.144999999999,674.7539999999981
no04,I_11_533967_01405533967_00937,1815,18:15,3932.315,4034.185,101.86999999999989
no04,I_11_533967_01405533967_00937,1830,18:30,2619.0345,2555.407,-63.627500000000055
no04,I_11_533967_01405533967_00937,1845,18:45,2473.125,2777.861,304.7359999999999
no04,I_11_533967_01412533967_01657,630,06:30,1750.118,1750.0305,-0.08749999999986358
no04,I_11_533967_01412533967_01657,645,06:45,3265.4075000000003,3316.1155,50.70799999999963
no04,I_11_533967_01412533967_01657,700,07:00,2091.6385,2053.5825,-38.05600000000004
no04,I_11_533967_01412533967_01657,715,07:15,1870.272,1805.4315,-64.84050000000002
no04,I_11_533967_01412533967_01657,730,07:30,1487.265,1502.027,14.761999999999944
no04,I_11_533967_01412533967_01657,745,07:45,1202.12,1213.078,10.958000000000084
no04,I_11_533967_01412533967_01657,800,08:00,1630.6585,1619.1619999999998,-11.496500000000196
no04,I_11_533967_01412533967_01657,815,08:15,1201.614,1175.6015,-26.012500000000045
no04,I_11_533967_01412533967_01657,830,08:30,1450.7305,1486.3775,35.64700000000016
no04,I_11_533967_01412533967_01657,845,08:45,727.1075,743.6885,16.581000000000017
no04,I_11_533967_01412533967_01657,900,09:00,1108.5125,1109.068,0.5554999999999382
no04,I_11_533967_01412533967_01657,915,09:15,1188.8049999999998,1160.9335,-27.87149999999974
no04,I_11_533967_01412533967_01657,930,09:30,1272.086,1302.2655,30.179499999999962
no04,I_11_533967_01412533967_01657,945,09:45,778.927,780.729,1.802000000000021
no04,I_11_533967_01412533967_01657,1000,10:00,757.4984999999999,767.743,10.24450000000013
no04,I_11_533967_01412533967_01657,1015,10:15,615.2495,615.654,0.40449999999998454
no04,I_11_533967_01412533967_01657,1030,10:30,401.949,393.3485,-8.600500000000011
no04,I_11_533967_01412533967_01657,1045,10:45,707.298,718.796,11.498000000000047
no04,I_11_533967_01412533967_01657,1100,11:00,813.308,810.632,-2.6760000000000446
no04,I_11_533967_01412533967_01657,1115,11:15,1064.914,1061.9755,-2.9384999999999764
no04,I_11_533967_01412533967_01657,1130,11:30,1364.235,1349.014,-15.221000000000004
no04,I_11_533967_01412533967_01657,1145,11:45,432.601,446.494,13.893000000000029
no04,I_11_533967_01412533967_01657,1200,12:00,654.4645,641.0550000000001,-13.40949999999998
no04,I_11_533967_01412533967_01657,1215,12:15,644.7935,647.2615,2.467999999999961
no04,I_11_533967_01412533967_01657,1230,12:30,593.1985,566.558,-26.640499999999975
no04,I_11_533967_01412533967_01657,1245,12:45,607.513,626.113,18.600000000000023
no04,I_11_533967_01412533967_01657,1300,13:00,506.80550000000005,517.3035,10.497999999999934
no04,I_11_533967_01412533967_01657,1315,13:15,780.5855,762.9565,-17.62900000000002
no04,I_11_533967_01412533967_01657,1330,13:30,916.0255,902.1565,-13.868999999999915
no04,I_11_533967_01412533967_01657,1345,13:45,184.95,170.6,-14.349999999999994
no04,I_11_533967_01412533967_01657,1400,14:00,823.903,798.3444999999999,-25.558500000000095
no04,I_11_533967_01412533967_01657,1415,14:15,456.195,437.9985,-18.196500000000015
no04,I_11_533967_01412533967_01657,1430,14:30,1003.4745,1010.897,7.422500000000014
no04,I_11_533967_01412533967_01657,1445,14:45,577.7814999999999,601.1895000000001,23.40800000000013
no04,I_11_533967_01412533967_01657,1500,15:00,528.1955,528.261,0.06549999999992906
no04,I_11_533967_01412533967_01657,1515,15:15,1032.257,1043.8375,11.580500000000029
no04,I_11_533967_01412533967_01657,1530,15:30,855.5015,848.1465000000001,-7.3549999999999045
no04,I_11_533967_01412533967_01657,1545,15:45,909.8675,944.6375,34.770000000000095
no04,I_11_533967_01412533967_01657,1600,16:00,853.5,837.801,-15.698999999999955
no04,I_11_533967_01412533967_01657,1615,16:15,773.1815,775.64,2.458499999999958
no04,I_11_533967_01412533967_01657,1630,16:30,1466.6935,1460.127,-6.566500000000133
no04,I_11_533967_01412533967_01657,1645,16:45,1289.809,1289.1465,-0.662499999999909
no04,I_11_533967_01412533967_01657,1700,17:00,1489.7125,1489.8735,0.16099999999983083
no04,I_11_533967_01412533967_01657,1715,17:15,805.7445,818.051,12.306500000000028
no04,I_11_533967_01412533967_01657,1730,17:30,995.105,1006.307,11.201999999999998
no04,I_11_533967_01412533967_01657,1745,17:45,1803.2075,1838.2015,34.993999999999915
no04,I_11_533967_01412533967_01657,1800,18:00,1098.292,1064.7275,-33.56449999999995
no04,I_11_533967_01412533967_01657,1815,18:15,853.4549999999999,888.191,34.736000000000104
no04,I_11_533967_01412533967_01657,1830,18:30,1406.1775,1401.756,-4.421499999999924
no04,I_11_533967_01412533967_01657,1845,18:45,1252.9565,1319.2485,66.29199999999992
no04,I_11_533967_01418533967_00977,630,06:30,1370.603,1364.377,-6.226000000000113
no04,I_11_533967_01418533967_00977,645,06:45,1811.309,1868.6395,57.33050000000003
no04,I_11_533967_01418533967_00977,700,07:00,1965.7095,2038.2105,72.50099999999998
no04,I_11_533967_01418533967_00977,715,07:15,1923.831,1854.2335,-69.59749999999985
no04,I_11_533967_01418533967_00977,730,07:30,2207.8405,2164.3685,-43.47199999999975
no04,I_11_533967_01418533967_00977,745,07:45,2460.079,2494.6215,34.54250000000002
no04,I_11_533967_01418533967_00977,800,08:00,2961.058,2930.089,-30.96900000000005
no04,I_11_533967_01418533967_00977,815,08:15,2660.9585,2693.573,32.61449999999968
no04,I_11_533967_01418533967_00977,830,08:30,2048.846,2090.875,42.028999999999996
no04,I_11_533967_01418533967_00977,845,08:45,2164.317,2182.7835,18.466499999999996
no04,I_11_533967_01418533967_00977,900,09:00,1767.3155,1792.8785,25.563000000000102
no04,I_11_533967_01418533967_00977,915,09:15,1386.2435,1396.202,9.958499999999958
no04,I_11_533967_01418533967_00977,930,09:30,1923.33,1867.6315,-55.69849999999997
no04,I_11_533967_01418533967_00977,945,09:45,1210.2695,1147.0885,-63.18100000000004
no04,I_11_533967_01418533967_00977,1000,10:00,2790.957,2920.0875,129.1305000000002
no04,I_11_533967_01418533967_00977,1015,10:15,7566.644999999999,6093.762000000001,-1472.882999999998
no04,I_11_533967_01418533967_00977,1030,10:30,923.8465,1163.032,239.18549999999993
no04,I_11_533967_01418533967_00977,1045,10:45,1110.2045,1082.0675,-28.136999999999944
no04,I_11_533967_01418533967_00977,1100,11:00,1603.448,1621.491,18.042999999999893
no04,I_11_533967_01418533967_00977,1115,11:15,1930.6775,1892.604,-38.07349999999997
no04,I_11_533967_01418533967_00977,1130,11:30,1516.644,1616.2165,99.57249999999999
no04,I_11_533967_01418533967_00977,1145,11:45,1670.554,1498.9405000000002,-171.61349999999993
no04,I_11_533967_01418533967_00977,1200,12:00,1373.942,1487.366,113.42399999999998
no04,I_11_533967_01418533967_00977,1215,12:15,1192.4945,1288.7625,96.26800000000003
no04,I_11_533967_01418533967_00977,1230,12:30,974.3955,1082.5315,108.13600000000008
no04,I_11_533967_01418533967_00977,1245,12:45,1257.056,1202.47,-54.58600000000001
no04,I_11_533967_01418533967_00977,1300,13:00,1841.2545,1887.2145,45.960000000000036
no04,I_11_533967_01418533967_00977,1315,13:15,1216.315,1183.6765,-32.63850000000002
no04,I_11_533967_01418533967_00977,1330,13:30,1143.9375,1086.211,-57.72649999999999
no04,I_11_533967_01418533967_00977,1345,13:45,1804.4565,1846.34,41.88349999999991
no04,I_11_533967_01418533967_00977,1400,14:00,1810.131,1868.8955,58.7645
no04,I_11_533967_01418533967_00977,1415,14:15,1911.8765,1950.5525,38.67599999999993
no04,I_11_533967_01418533967_00977,1430,14:30,1697.479,1618.5725,-78.90650000000005
no04,I_11_533967_01418533967_00977,1445,14:45,1361.9665,1337.7495,-24.2170000000001
no04,I_11_533967_01418533967_00977,1500,15:00,1504.161,1262.077,-242.08400000000006
no04,I_11_533967_01418533967_00977,1515,15:15,857.7909999999999,958.8265,101.03550000000007
no04,I_11_533967_01418533967_00977,1530,15:30,1244.441,1216.918,-27.52300000000014
no04,I_11_533967_01418533967_00977,1545,15:45,1949.0705000000005,2006.5545,57.48399999999947
no04,I_11_533967_01418533967_00977,1600,16:00,2237.275,2266.0245,28.749499999999898
no04,I_11_533967_01418533967_00977,1615,16:15,2191.223,2193.207,1.9839999999999236
no04,I_11_533967_01418533967_00977,1630,16:30,2047.889,2122.0925,74.2035000000003
no04,I_11_533967_01418533967_00977,1645,16:45,2081.5525,2011.2885,-70.26399999999967
no04,I_11_533967_01418533967_00977,1700,17:00,2308.52,2426.8655,118.3454999999999
no04,I_11_533967_01418533967_00977,1715,17:15,2345.5545,2300.4485,-45.10600000000022
no04,I_11_533967_01418533967_00977,1730,17:30,3550.1625,3511.9075,-38.25500000000011
no04,I_11_533967_01418533967_00977,1745,17:45,2323.8315,2306.2725,-17.55899999999974
no04,I_11_533967_01418533967_00977,1800,18:00,2688.1075,2849.0,160.89249999999993
no04,I_11_533967_01418533967_00977,1815,18:15,3003.4215,2917.6605,-85.76099999999997
no04,I_11_533967_01418533967_00977,1830,18:30,2353.593,2409.657,56.064000000000306
no04,I_11_533967_01418533967_00977,1845,18:45,1915.3325,1778.3740000000005,-136.9584999999995
no04,I_11_533967_01485533967_00940,630,06:30,2596.9700000000003,2598.1825,1.2124999999996362
no04,I_11_533967_01485533967_00940,645,06:45,3530.5855,3502.5425000000005,-28.042999999999665
no04,I_11_533967_01485533967_00940,700,07:00,3539.971,3531.971,-8.0
no04,I_11_533967_01485533967_00940,715,07:15,4119.7565,4167.581,47.824499999999716
no04,I_11_533967_01485533967_00940,730,07:30,5505.8275,5075.092,-430.7355000000007
no04,I_11_533967_01485533967_00940,745,07:45,4400.349,4255.3285,-145.02050000000054
no04,I_11_533967_01485533967_00940,800,08:00,5212.376,4825.259,-387.1170000000002
no04,I_11_533967_01485533967_00940,815,08:15,5099.228,4727.2745,-371.9534999999996
no04,I_11_533967_01485533967_00940,830,08:30,3529.264,3347.0295,-182.23450000000003
no04,I_11_533967_01485533967_00940,845,08:45,5380.780000000001,5217.334,-163.44600000000082
no04,I_11_533967_01485533967_00940,900,09:00,5107.571,4738.3825,-369.1885000000002
no04,I_11_533967_01485533967_00940,915,09:15,2296.2015,2304.8365000000003,8.635000000000218
no04,I_11_533967_01485533967_00940,930,09:30,3045.793,2955.377,-90.41600000000017
no04,I_11_533967_01485533967_00940,945,09:45,3599.4730000000004,3412.1235,-187.34950000000026
no04,I_11_533967_01485533967_00940,1000,10:00,2796.824,2683.1475,-113.67650000000003
no04,I_11_533967_01485533967_00940,1015,10:15,3930.9,3801.299,-129.6010000000001
no04,I_11_533967_01485533967_00940,1030,10:30,3241.4665,3230.4285,-11.038000000000011
no04,I_11_533967_01485533967_00940,1045,10:45,2547.596,2507.1795,-40.416499999999814
no04,I_11_533967_01485533967_00940,1100,11:00,2691.7235,2460.4555,-231.26800000000003
no04,I_11_533967_01485533967_00940,1115,11:15,1836.7485,2189.3205000000003,352.57200000000034
no04,I_11_533967_01485533967_00940,1130,11:30,2247.3195,1967.778,-279.54150000000004
no04,I_11_533967_01485533967_00940,1145,11:45,1489.097,1529.9485,40.85149999999999
no04,I_11_533967_01485533967_00940,1200,12:00,2850.597,3050.452,199.85500000000002
no04,I_11_533967_01485533967_00940,1215,12:15,2459.5155,2563.4805,103.96500000000015
no04,I_11_533967_01485533967_00940,1230,12:30,2749.106,2780.5555,31.449499999999716
no04,I_11_533967_01485533967_00940,1245,12:45,2945.9315,2988.9115,42.98000000000002
no04,I_11_533967_01485533967_00940,1300,13:00,3336.088,3262.282,-73.80600000000004
no04,I_11_533967_01485533967_00940,1315,13:15,2132.5305,2111.525,-21.005499999999756
no04,I_11_533967_01485533967_00940,1330,13:30,2670.4215,2606.453,-63.96849999999995
no04,I_11_533967_01485533967_00940,1345,13:45,2151.232,2281.3385000000003,130.10650000000032
no04,I_11_533967_01485533967_00940,1400,14:00,2345.7565,2449.34,103.58350000000019
no04,I_11_533967_01485533967_00940,1415,14:15,2141.02,2149.7125,8.69250000000011
no04,I_11_533967_01485533967_00940,1430,14:30,3708.493,3758.28,49.78700000000026
no04,I_11_533967_01485533967_00940,1445,14:45,3196.901,3078.7975,-118.10349999999971
no04,I_11_533967_01485533967_00940,1500,15:00,2560.2345,2554.722,-5.512499999999818
no04,I_11_533967_01485533967_00940,1515,15:15,1991.7105,2167.6275,175.91700000000014
no04,I_11_533967_01485533967_00940,1530,15:30,2118.5055,2096.0795,-22.426000000000386
no04,I_11_533967_01485533967_00940,1545,15:45,2214.1185,2220.0475,5.929000000000087
no04,I_11_533967_01485533967_00940,1600,16:00,2724.7825000000003,2890.3540000000003,165.57150000000001
no04,I_11_533967_01485533967_00940,1615,16:15,2225.1995,2221.1465,-4.053000000000338
no04,I_11_533967_01485533967_00940,1630,16:30,3168.3445,3072.77,-95.57450000000017
no04,I_11_533967_01485533967_00940,1645,16:45,3356.368,3384.0979999999995,27.729999999999563
no04,I_11_533967_01485533967_00940,1700,17:00,4441.1975,4511.1945,69.99699999999939
no04,I_11_533967_01485533967_00940,1715,17:15,3504.6195,3456.709,-47.910499999999956
no04,I_11_533967_01485533967_00940,1730,17:30,3530.9410000000003,3493.096,-37.845000000000255
no04,I_11_533967_01485533967_00940,1745,17:45,2954.2580000000003,2831.005,-123.25300000000016
no04,I_11_533967_01485533967_00940,1800,18:00,3708.945,3663.4045,-45.540500000000065
no04,I_11_533967_01485533967_00940,1815,18:15,2656.87,2550.8625,-106.00749999999971
no04,I_11_533967_01485533967_00940,1830,18:30,2111.2135,2025.674,-85.53949999999986
no04,I_11_533967_01485533967_00940,1845,18:45,2955.4970000000003,2869.0150000000003,-86.48199999999997
no04,I_11_533967_01485533967_01405,630,06:30,1203.6315,1183.824,-19.80749999999989
no04,I_11_533967_01485533967_01405,645,06:45,1059.061,1106.156,47.09500000000003
no04,I_11_533967_01485533967_01405,700,07:00,927.5025,906.278,-21.224500000000035
no04,I_11_533967_01485533967_01405,715,07:15,748.4390000000001,717.519,-30.920000000000073
no04,I_11_533967_01485533967_01405,730,07:30,890.9475,901.8655,10.918000000000006
no04,I_11_533967_01485533967_01405,745,07:45,1285.908,1307.5785,21.670500000000175
no04,I_11_533967_01485533967_01405,800,08:00,1276.1335,1309.89,33.75650000000019
no04,I_11_533967_01485533967_01405,815,08:15,2421.227,2454.6405,33.41350000000011
no04,I_11_533967_01485533967_01405,830,08:30,2348.2845,2273.1955000000003,-75.08899999999994
no04,I_11_533967_01485533967_01405,845,08:45,1428.323,1457.1445,28.821500000000015
no04,I_11_533967_01485533967_01405,900,09:00,1507.331,1469.3105,-38.020499999999856
no04,I_11_533967_01485533967_01405,915,09:15,1833.2465,1824.701,-8.545499999999947
no04,I_11_533967_01485533967_01405,930,09:30,1466.016,1471.505,5.489000000000033
no04,I_11_533967_01485533967_01405,945,09:45,975.7325,1000.674,24.94150000000002
no04,I_11_533967_01485533967_01405,1000,10:00,1558.098,1537.0075000000002,-21.090499999999793
no04,I_11_533967_01485533967_01405,1015,10:15,1391.1195,1392.12,1.0004999999998745
no04,I_11_533967_01485533967_01405,1030,10:30,1940.0135,2008.9945,68.981
no04,I_11_533967_01485533967_01405,1045,10:45,1774.2675,1908.199,133.93150000000014
no04,I_11_533967_01485533967_01405,1100,11:00,2111.1575000000003,1985.2615,-125.89600000000019
no04,I_11_533967_01485533967_01405,1115,11:15,2496.1665000000003,2538.2595,42.09299999999985
no04,I_11_533967_01485533967_01405,1130,11:30,2637.6375,2636.4035,-1.2339999999999236
no04,I_11_533967_01485533967_01405,1145,11:45,2763.438,2780.7495,17.311499999999796
no04,I_11_533967_01485533967_01405,1200,12:00,1764.8384999999998,1676.7885,-88.04999999999973
no04,I_11_533967_01485533967_01405,1215,12:15,2208.0135,2183.5905,-24.42300000000023
no04,I_11_533967_01485533967_01405,1230,12:30,2536.2255,2531.8435,-4.382000000000062
no04,I_11_533967_01485533967_01405,1245,12:45,1976.494,1968.1105,-8.383499999999913
no04,I_11_533967_01485533967_01405,1300,13:00,2420.8535,2467.039,46.18550000000005
no04,I_11_533967_01485533967_01405,1315,13:15,2188.84,2121.671,-67.16900000000032
no04,I_11_533967_01485533967_01405,1330,13:30,2053.565,2127.8955,74.33050000000003
no04,I_11_533967_01485533967_01405,1345,13:45,1980.5645,2052.2285,71.66400000000021
no04,I_11_533967_01485533967_01405,1400,14:00,2227.2205,2146.5435,-80.67699999999968
no04,I_11_533967_01485533967_01405,1415,14:15,2747.0235,2832.2105,85.18700000000035
no04,I_11_533967_01485533967_01405,1430,14:30,1868.814,1784.7495,-84.06450000000018
no04,I_11_533967_01485533967_01405,1445,14:45,2211.0155,2175.326,-35.68949999999995
no04,I_11_533967_01485533967_01405,1500,15:00,2665.5505000000003,2778.134,112.58349999999973
no04,I_11_533967_01485533967_01405,1515,15:15,3236.2575,3311.405,75.14750000000004
no04,I_11_533967_01485533967_01405,1530,15:30,2011.3035,1947.8015,-63.50199999999995
no04,I_11_533967_01485533967_01405,1545,15:45,1468.684,1471.1460000000002,2.4620000000002165
no04,I_11_533967_01485533967_01405,1600,16:00,3257.195,3267.4105,10.215499999999793
no04,I_11_533967_01485533967_01405,1615,16:15,8054.575999999999,8252.103,197.52700000000004
no04,I_11_533967_01485533967_01405,1630,16:30,14579.223499999998,14717.175,137.95150000000103
no04,I_11_533967_01485533967_01405,1645,16:45,16506.9715,16068.3745,-438.59699999999975
no04,I_11_533967_01485533967_01405,1700,17:00,16303.695000000002,16438.158499999998,134.4634999999962
no04,I_11_533967_01485533967_01405,1715,17:15,2340.8935,2392.9565,52.06299999999965
no04,I_11_533967_01485533967_01405,1730,17:30,2823.308,2970.4305,147.12249999999995
no04,I_11_533967_01485533967_01405,1745,17:45,2827.231,2841.7645,14.533500000000004
no04,I_11_533967_01485533967_01405,1800,18:00,3141.7655,3460.9915,319.2260000000001
no04,I_11_533967_01485533967_01405,1815,18:15,2881.7835,2995.032,113.24850000000015
no04,I_11_533967_01485533967_01405,1830,18:30,1935.739,1811.881,-123.85799999999995
no04,I_11_533967_01485533967_01405,1845,18:45,2331.734,2572.2145,240.48050000000012
no04,I_11_533967_01485533967_14021,630,06:30,171.197,169.6525,-1.5444999999999993
no04,I_11_533967_01485533967_14021,645,06:45,112.1995,113.8485,1.649000000000001
no04,I_11_533967_01485533967_14021,700,07:00,163.5575,164.055,0.4975000000000023
no04,I_11_533967_01485533967_14021,715,07:15,277.6125,270.2065,-7.406000000000006
no04,I_11_533967_01485533967_14021,730,07:30,467.91399999999993,475.299,7.385000000000048
no04,I_11_533967_01485533967_14021,745,07:45,408.6605,406.4955,-2.1650000000000205
no04,I_11_533967_01485533967_14021,800,08:00,429.738,443.0865,13.348500000000001
no04,I_11_533967_01485533967_14021,815,08:15,347.58000000000004,349.024,1.44399999999996
no04,I_11_533967_01485533967_14021,830,08:30,488.5849999999999,488.642,0.057000000000073214
no04,I_11_533967_01485533967_14021,845,08:45,369.171,370.0695,0.8985000000000127
no04,I_11_533967_01485533967_14021,900,09:00,383.4445,383.5245,0.07999999999998408
no04,I_11_533967_01485533967_14021,915,09:15,288.106,278.503,-9.603000000000009
no04,I_11_533967_01485533967_14021,930,09:30,297.308,333.4965,36.18850000000003
no04,I_11_533967_01485533967_14021,945,09:45,290.0595,277.751,-12.308500000000038
no04,I_11_533967_01485533967_14021,1000,10:00,329.1265,323.24300000000005,-5.8834999999999695
no04,I_11_533967_01485533967_14021,1015,10:15,375.8655,373.437,-2.4284999999999854
no04,I_11_533967_01485533967_14021,1030,10:30,348.17,334.317,-13.853000000000009
no04,I_11_533967_01485533967_14021,1045,10:45,364.5105,372.8025,8.29200000000003
no04,I_11_533967_01485533967_14021,1100,11:00,377.4935,371.335,-6.158500000000004
no04,I_11_533967_01485533967_14021,1115,11:15,744.704,746.2239999999999,1.5199999999999818
no04,I_11_533967_01485533967_14021,1130,11:30,323.5365,335.307,11.770500000000027
no04,I_11_533967_01485533967_14021,1145,11:45,473.7025,470.073,-3.6295000000000073
no04,I_11_533967_01485533967_14021,1200,12:00,535.2645,524.5695,-10.69500000000005
no04,I_11_533967_01485533967_14021,1215,12:15,605.684,619.3965000000001,13.712500000000091
no04,I_11_533967_01485533967_14021,1230,12:30,679.124,661.536,-17.58800000000008
no04,I_11_533967_01485533967_14021,1245,12:45,528.58,529.182,0.6019999999999754
no04,I_11_533967_01485533967_14021,1300,13:00,529.745,521.6175000000001,-8.12749999999994
no04,I_11_533967_01485533967_14021,1315,13:15,376.221,376.492,0.271000000000015
no04,I_11_533967_01485533967_14021,1330,13:30,515.8365,517.8095000000001,1.97300000000007
no04,I_11_533967_01485533967_14021,1345,13:45,381.969,380.052,-1.9169999999999732
no04,I_11_533967_01485533967_14021,1400,14:00,554.4435000000001,556.0685,1.6249999999998863
no04,I_11_533967_01485533967_14021,1415,14:15,342.569,354.146,11.576999999999998
no04,I_11_533967_01485533967_14021,1430,14:30,402.647,399.9025,-2.7445000000000164
no04,I_11_533967_01485533967_14021,1445,14:45,373.544,373.5715,0.027500000000031832
no04,I_11_533967_01485533967_14021,1500,15:00,500.6895,476.467,-24.222500000000025
no04,I_11_533967_01485533967_14021,1515,15:15,408.7315,357.099,-51.63249999999999
no04,I_11_533967_01485533967_14021,1530,15:30,414.0985,410.2805,-3.8179999999999836
no04,I_11_533967_01485533967_14021,1545,15:45,336.011,332.2415,-3.7695000000000505
no04,I_11_533967_01485533967_14021,1600,16:00,421.1809999999999,583.3154999999999,162.1345
no04,I_11_533967_01485533967_14021,1615,16:15,461.017,476.369,15.352000000000032
no04,I_11_533967_01485533967_14021,1630,16:30,587.6189999999999,563.462,-24.156999999999925
no04,I_11_533967_01485533967_14021,1645,16:45,580.1985,577.2925,-2.905999999999949
no04,I_11_533967_01485533967_14021,1700,17:00,444.6265,446.439,1.8125
no04,I_11_533967_01485533967_14021,1715,17:15,500.6465,492.7375,-7.908999999999992
no04,I_11_533967_01485533967_14021,1730,17:30,518.0475,520.0955,2.048000000000002
no04,I_11_533967_01485533967_14021,1745,17:45,677.961,685.707,7.745999999999981
no04,I_11_533967_01485533967_14021,1800,18:00,596.0775,593.138,-2.9394999999999527
no04,I_11_533967_01485533967_14021,1815,18:15,502.706,499.689,-3.016999999999996
no04,I_11_533967_01485533967_14021,1830,18:30,723.0995,800.936,77.8365
no04,I_11_533967_01485533967_14021,1845,18:45,348.15,345.901,-2.248999999999967
no04,I_11_533967_01485533967_14155,630,06:30,800.5835,816.988,16.4045000000001
no04,I_11_533967_01485533967_14155,645,06:45,2377.6505,2376.5435,-1.106999999999971
no04,I_11_533967_01485533967_14155,700,07:00,2593.384,2600.585,7.201000000000022
no04,I_11_533967_01485533967_14155,715,07:15,3073.124,3080.462,7.338000000000193
no04,I_11_533967_01485533967_14155,730,07:30,2828.447,2816.519,-11.928000000000338
no04,I_11_533967_01485533967_14155,745,07:45,2083.279,2106.3720000000003,23.093000000000302
no04,I_11_533967_01485533967_14155,800,08:00,2541.663,2546.733,5.070000000000164
no04,I_11_533967_01485533967_14155,815,08:15,4047.7155,4035.1415,-12.573999999999614
no04,I_11_533967_01485533967_14155,830,08:30,3660.7045,3662.0685,1.3640000000000327
no04,I_11_533967_01485533967_14155,845,08:45,3456.4795,3474.7915000000003,18.312000000000353
no04,I_11_533967_01485533967_14155,900,09:00,2948.0035,2942.7415,-5.261999999999716
no04,I_11_533967_01485533967_14155,915,09:15,2649.1845000000003,2662.415,13.230499999999665
no04,I_11_533967_01485533967_14155,930,09:30,2948.3875,2964.097,15.70950000000039
no04,I_11_533967_01485533967_14155,945,09:45,3816.0035,3846.194,30.190500000000156
no04,I_11_533967_01485533967_14155,1000,10:00,4148.3045,4112.005,-36.29950000000008
no04,I_11_533967_01485533967_14155,1015,10:15,4797.032499999999,4784.413500000001,-12.618999999998778
no04,I_11_533967_01485533967_14155,1030,10:30,4468.834,4478.4605,9.626500000000306
no04,I_11_533967_01485533967_14155,1045,10:45,4067.2145,4062.719,-4.495499999999993
no04,I_11_533967_01485533967_14155,1100,11:00,4842.4685,4813.961499999999,-28.507000000000517
no04,I_11_533967_01485533967_14155,1115,11:15,2641.3995,2675.596,34.196500000000015
no04,I_11_533967_01485533967_14155,1130,11:30,4738.1885,4742.025,3.8364999999994325
no04,I_11_533967_01485533967_14155,1145,11:45,4485.265,4546.316000000001,61.051000000000386
no04,I_11_533967_01485533967_14155,1200,12:00,3395.1755,3350.899,-44.27649999999994
no04,I_11_533967_01485533967_14155,1215,12:15,4397.6205,4404.2775,6.657000000000153
no04,I_11_533967_01485533967_14155,1230,12:30,2709.061,2716.8275000000003,7.766500000000178
no04,I_11_533967_01485533967_14155,1245,12:45,4461.9535000000005,4372.168,-89.78550000000087
no04,I_11_533967_01485533967_14155,1300,13:00,4444.57,4598.178,153.60800000000017
no04,I_11_533967_01485533967_14155,1315,13:15,4537.523999999999,4476.1615,-61.36249999999927
no04,I_11_533967_01485533967_14155,1330,13:30,3935.562,3958.8575,23.295500000000175
no04,I_11_533967_01485533967_14155,1345,13:45,2940.4135,2934.316,-6.097500000000309
no04,I_11_533967_01485533967_14155,1400,14:00,2845.4775,2886.4835,41.00599999999986
no04,I_11_533967_01485533967_14155,1415,14:15,5328.6165,5276.936,-51.68050000000039
no04,I_11_533967_01485533967_14155,1430,14:30,3738.697,3774.6195,35.92249999999967
no04,I_11_533967_01485533967_14155,1445,14:45,4274.789,4314.167,39.37800000000061
no04,I_11_533967_01485533967_14155,1500,15:00,2836.525,2852.5505000000003,16.025500000000193
no04,I_11_533967_01485533967_14155,1515,15:15,3092.9185,3014.525,-78.39350000000013
no04,I_11_533967_01485533967_14155,1530,15:30,4882.2375,4890.8085,8.570999999999913
no04,I_11_533967_01485533967_14155,1545,15:45,4075.207,4140.8985,65.69150000000036
no04,I_11_533967_01485533967_14155,1600,16:00,4480.126,4423.5835,-56.54250000000047
no04,I_11_533967_01485533967_14155,1615,16:15,3514.0840000000003,3621.76,107.67599999999993
no04,I_11_533967_01485533967_14155,1630,16:30,3259.741,3236.607,-23.134000000000015
no04,I_11_533967_01485533967_14155,1645,16:45,4248.5185,4195.4945,-53.02400000000034
no04,I_11_533967_01485533967_14155,1700,17:00,4474.529,4382.038500000001,-92.49049999999988
no04,I_11_533967_01485533967_14155,1715,17:15,5645.904,5776.919,131.01499999999942
no04,I_11_533967_01485533967_14155,1730,17:30,3056.509,3024.143,-32.365999999999985
no04,I_11_533967_01485533967_14155,1745,17:45,3682.811,3751.284000000001,68.47300000000087
no04,I_11_533967_01485533967_14155,1800,18:00,3122.945,3110.772,-12.17300000000023
no04,I_11_533967_01485533967_14155,1815,18:15,3490.036,3423.3,-66.73599999999988
no04,I_11_533967_01485533967_14155,1830,18:30,3174.846,3220.702,45.85600000000022
no04,I_11_533967_01485533967_14155,1845,18:45,2408.404,2486.11,77.70600000000013
no04,I_11_533967_01555533967_00977,630,06:30,576.47,587.8175,11.347499999999968
no04,I_11_533967_01555533967_00977,645,06:45,1097.299,1056.379,-40.92000000000007
no04,I_11_533967_01555533967_00977,700,07:00,1145.5885,1160.0805,14.491999999999962
no04,I_11_533967_01555533967_00977,715,07:15,2571.478,2484.7925,-86.68550000000005
no04,I_11_533967_01555533967_00977,730,07:30,3175.212,3322.8335,147.6215000000002
no04,I_11_533967_01555533967_00977,745,07:45,1941.9575,1797.6845,-144.2729999999999
no04,I_11_533967_01555533967_00977,800,08:00,2897.753,2853.826,-43.927000000000135
no04,I_11_533967_01555533967_00977,815,08:15,2603.9855,2781.923,177.9375
no04,I_11_533967_01555533967_00977,830,08:30,3453.431,3397.3685,-56.0625
no04,I_11_533967_01555533967_00977,845,08:45,3320.7015,3186.254,-134.44750000000022
no04,I_11_533967_01555533967_00977,900,09:00,2435.761,2401.096,-34.664999999999964
no04,I_11_533967_01555533967_00977,915,09:15,2021.75,1891.1505,-130.59950000000003
no04,I_11_533967_01555533967_00977,930,09:30,1852.6385,1882.136,29.497499999999945
no04,I_11_533967_01555533967_00977,945,09:45,3377.922,3349.6875,-28.234500000000025
no04,I_11_533967_01555533967_00977,1000,10:00,3310.454,3274.841,-35.613000000000284
no04,I_11_533967_01555533967_00977,1015,10:15,2690.878,2678.3665,-12.51150000000007
no04,I_11_533967_01555533967_00977,1030,10:30,2067.077,1959.63,-107.44700000000012
no04,I_11_533967_01555533967_00977,1045,10:45,2680.3685,2864.5665,184.19799999999987
no04,I_11_533967_01555533967_00977,1100,11:00,3252.1305,3361.2465,109.11599999999999
no04,I_11_533967_01555533967_00977,1115,11:15,2520.6395,2188.591,-332.04850000000033
no04,I_11_533967_01555533967_00977,1130,11:30,1244.5235,1290.6485,46.125
no04,I_11_533967_01555533967_00977,1145,11:45,2984.4805,3143.108,158.62750000000005
no04,I_11_533967_01555533967_00977,1200,12:00,2042.6085,1864.547,-178.06150000000002
no04,I_11_533967_01555533967_00977,1215,12:15,2166.7365,1941.152,-225.58449999999993
no04,I_11_533967_01555533967_00977,1230,12:30,2611.9385,2538.2740000000003,-73.66449999999986
no04,I_11_533967_01555533967_00977,1245,12:45,1016.961,1004.229,-12.731999999999971
no04,I_11_533967_01555533967_00977,1300,13:00,2131.179,2099.414,-31.764999999999873
no04,I_11_533967_01555533967_00977,1315,13:15,1921.5875,1939.2795,17.692000000000007
no04,I_11_533967_01555533967_00977,1330,13:30,964.53,954.289,-10.240999999999985
no04,I_11_533967_01555533967_00977,1345,13:45,2407.0805,2205.266,-201.81449999999995
no04,I_11_533967_01555533967_00977,1400,14:00,2535.1705,2572.8855,37.71499999999969
no04,I_11_533967_01555533967_00977,1415,14:15,2354.3035,2186.6310000000003,-167.67249999999967
no04,I_11_533967_01555533967_00977,1430,14:30,2051.106,2096.478,45.371999999999844
no04,I_11_533967_01555533967_00977,1445,14:45,1788.757,1752.4875,-36.26950000000011
no04,I_11_533967_01555533967_00977,1500,15:00,2633.826,2446.9235,-186.90250000000015
no04,I_11_533967_01555533967_00977,1515,15:15,2188.3735,2001.036,-187.3375000000001
no04,I_11_533967_01555533967_00977,1530,15:30,1921.9835,2025.5415,103.55799999999999
no04,I_11_533967_01555533967_00977,1545,15:45,1705.3075,1742.6735,37.36600000000021
no04,I_11_533967_01555533967_00977,1600,16:00,2688.2615,2348.8035,-339.4580000000001
no04,I_11_533967_01555533967_00977,1615,16:15,3105.1655,3092.63,-12.535499999999956
no04,I_11_533967_01555533967_00977,1630,16:30,2827.7265,3076.582,248.85549999999967
no04,I_11_533967_01555533967_00977,1645,16:45,1982.4105,1954.7015,-27.70900000000006
no04,I_11_533967_01555533967_00977,1700,17:00,3081.4035,2855.778,-225.6255000000001
no04,I_11_533967_01555533967_00977,1715,17:15,3479.9675,3345.538,-134.4295000000002
no04,I_11_533967_01555533967_00977,1730,17:30,2047.3425,1993.286,-54.056499999999915
no04,I_11_533967_01555533967_00977,1745,17:45,2580.0515,2602.564,22.512499999999818
no04,I_11_533967_01555533967_00977,1800,18:00,2782.658,2593.067,-189.5909999999999
no04,I_11_533967_01555533967_00977,1815,18:15,2536.7435,2486.234,-50.509500000000116
no04,I_11_533967_01555533967_00977,1830,18:30,1983.3655,1955.71,-27.655500000000075
no04,I_11_533967_01555533967_00977,1845,18:45,1645.543,1669.136,23.593000000000075
no04,I_11_533967_01644533967_01485,630,06:30,541.4675,534.1965,-7.270999999999958
no04,I_11_533967_01644533967_01485,645,06:45,568.3805,549.875,-18.505499999999984
no04,I_11_533967_01644533967_01485,700,07:00,809.479,800.2895000000001,-9.189499999999953
no04,I_11_533967_01644533967_01485,715,07:15,1203.304,1204.615,1.3109999999999218
no04,I_11_533967_01644533967_01485,730,07:30,2935.9725,3041.964,105.99150000000009
no04,I_11_533967_01644533967_01485,745,07:45,1267.3200000000002,1199.308,-68.01200000000017
no04,I_11_533967_01644533967_01485,800,08:00,1557.5195,1558.6515000000002,1.1320000000000618
no04,I_11_533967_01644533967_01485,815,08:15,2229.312,2227.692,-1.6199999999998909
no04,I_11_533967_01644533967_01485,830,08:30,987.4205,1060.816,73.39550000000008
no04,I_11_533967_01644533967_01485,845,08:45,1694.822,1678.3035,-16.518499999999904
no04,I_11_533967_01644533967_01485,900,09:00,1522.1285,1215.5445,-306.58400000000006
no04,I_11_533967_01644533967_01485,915,09:15,887.908,921.0445,33.136499999999955
no04,I_11_533967_01644533967_01485,930,09:30,1516.2685,1625.8465,109.5780000000002
no04,I_11_533967_01644533967_01485,945,09:45,1525.782,1696.426,170.644
no04,I_11_533967_01644533967_01485,1000,10:00,1521.7685,1477.8435,-43.924999999999955
no04,I_11_533967_01644533967_01485,1015,10:15,1278.8674999999998,1240.0405,-38.82699999999977
no04,I_11_533967_01644533967_01485,1030,10:30,2194.4055,1609.607,-584.7984999999999
no04,I_11_533967_01644533967_01485,1045,10:45,1340.182,1419.7655,79.58349999999996
no04,I_11_533967_01644533967_01485,1100,11:00,1265.686,1313.47,47.784000000000106
no04,I_11_533967_01644533967_01485,1115,11:15,808.3875,722.4285,-85.95900000000006
no04,I_11_533967_01644533967_01485,1130,11:30,1330.743,1249.244,-81.49900000000002
no04,I_11_533967_01644533967_01485,1145,11:45,618.51,651.5265,33.016500000000065
no04,I_11_533967_01644533967_01485,1200,12:00,1282.597,1328.484,45.886999999999944
no04,I_11_533967_01644533967_01485,1215,12:15,1702.9965,1717.1365,14.1400000000001
no04,I_11_533967_01644533967_01485,1230,12:30,1057.5815,1033.3725,-24.20900000000006
no04,I_11_533967_01644533967_01485,1245,12:45,784.978,755.4395000000001,-29.538499999999885
no04,I_11_533967_01644533967_01485,1300,13:00,972.821,986.5115,13.690499999999929
no04,I_11_533967_01644533967_01485,1315,13:15,758.6279999999999,797.9395,39.311500000000024
no04,I_11_533967_01644533967_01485,1330,13:30,991.6195,1079.776,88.15650000000005
no04,I_11_533967_01644533967_01485,1345,13:45,538.9855,561.0525,22.067000000000007
no04,I_11_533967_01644533967_01485,1400,14:00,1343.154,1236.3075,-106.8465000000001
no04,I_11_533967_01644533967_01485,1415,14:15,1429.4625,1418.4045,-11.057999999999993
no04,I_11_533967_01644533967_01485,1430,14:30,1399.142,1435.104,35.96199999999999
no04,I_11_533967_01644533967_01485,1445,14:45,1811.3645,1824.223,12.85850000000005
no04,I_11_533967_01644533967_01485,1500,15:00,1598.2435,1618.898,20.65449999999987
no04,I_11_533967_01644533967_01485,1515,15:15,1123.3335,1045.296,-78.03749999999991
no04,I_11_533967_01644533967_01485,1530,15:30,1706.6529999999998,1620.483,-86.16999999999985
no04,I_11_533967_01644533967_01485,1545,15:45,922.5085,983.5815,61.07299999999998
no04,I_11_533967_01644533967_01485,1600,16:00,2607.6265,2480.583,-127.04349999999977
no04,I_11_533967_01644533967_01485,1615,16:15,1555.794,1624.7530000000002,68.95900000000006
no04,I_11_533967_01644533967_01485,1630,16:30,2354.688,2450.636,95.94799999999987
no04,I_11_533967_01644533967_01485,1645,16:45,2418.755,2336.1355,-82.61950000000024
no04,I_11_533967_01644533967_01485,1700,17:00,2534.255,2625.6675,91.41249999999991
no04,I_11_533967_01644533967_01485,1715,17:15,3612.042,3762.574,150.53200000000015
no04,I_11_533967_01644533967_01485,1730,17:30,1596.949,1712.2495,115.30049999999983
no04,I_11_533967_01644533967_01485,1745,17:45,1555.709,1617.918,62.20899999999983
no04,I_11_533967_01644533967_01485,1800,18:00,3199.728,3123.918,-75.80999999999995
no04,I_11_533967_01644533967_01485,1815,18:15,3294.9935,3360.538,65.54449999999997
no04,I_11_533967_01644533967_01485,1830,18:30,1956.7125,1963.556,6.843499999999949
no04,I_11_533967_01644533967_01485,1845,18:45,1782.986,1932.9,149.914
no04,I_11_533967_01657533967_01413,630,06:30,449.7115,453.234,3.5224999999999795
no04,I_11_533967_01657533967_01413,645,06:45,663.7215,664.1295,0.40800000000001546
no04,I_11_533967_01657533967_01413,700,07:00,1241.181,1246.9585,5.777499999999918
no04,I_11_533967_01657533967_01413,715,07:15,323.8295,328.5955,4.7660000000000196
no04,I_11_533967_01657533967_01413,730,07:30,248.0435,251.413,3.3695000000000164
no04,I_11_533967_01657533967_01413,745,07:45,144.0565,148.291,4.234499999999997
no04,I_11_533967_01657533967_01413,800,08:00,281.711,281.539,-0.17200000000002547
no04,I_11_533967_01657533967_01413,815,08:15,340.57800000000003,346.787,6.208999999999946
no04,I_11_533967_01657533967_01413,830,08:30,55.4535,65.8485,10.395000000000003
no04,I_11_533967_01657533967_01413,845,08:45,138.7815,142.40550000000002,3.6240000000000236
no04,I_11_533967_01657533967_01413,900,09:00,75.8025,81.44800000000001,5.645500000000013
no04,I_11_533967_01657533967_01413,915,09:15,93.4495,93.9455,0.4959999999999951
no04,I_11_533967_01657533967_01413,930,09:30,184.815,192.0005,7.1854999999999905
no04,I_11_533967_01657533967_01413,945,09:45,83.0955,83.798,0.7025000000000006
no04,I_11_533967_01657533967_01413,1000,10:00,30.348000000000003,29.2985,-1.0495000000000019
no04,I_11_533967_01657533967_01413,1015,10:15,212.5985,216.392,3.7934999999999945
no04,I_11_533967_01657533967_01413,1030,10:30,65.297,70.9525,5.6555000000000035
no04,I_11_533967_01657533967_01413,1045,10:45,117.846,128.3035,10.45750000000001
no04,I_11_533967_01657533967_01413,1100,11:00,231.1445,233.741,2.5965000000000202
no04,I_11_533967_01657533967_01413,1115,11:15,604.2695,587.5024999999999,-16.767000000000053
no04,I_11_533967_01657533967_01413,1130,11:30,416.28100000000006,441.23,24.948999999999955
no04,I_11_533967_01657533967_01413,1145,11:45,75.104,84.45349999999999,9.349499999999992
no04,I_11_533967_01657533967_01413,1200,12:00,57.6005,57.851,0.2505000000000024
no04,I_11_533967_01657533967_01413,1215,12:15,96.2155,107.655,11.439499999999995
no04,I_11_533967_01657533967_01413,1230,12:30,78.854,71.65,-7.2039999999999935
no04,I_11_533967_01657533967_01413,1245,12:45,68.899,67.306,-1.5930000000000035
no04,I_11_533967_01657533967_01413,1300,13:00,30.55,29.701,-0.8490000000000002
no04,I_11_533967_01657533967_01413,1315,13:15,119.99,122.084,2.0940000000000083
no04,I_11_533967_01657533967_01413,1330,13:30,87.7435,88.1535,0.4099999999999966
no04,I_11_533967_01657533967_01413,1345,13:45,35.1995,37.8505,2.6509999999999962
no04,I_11_533967_01657533967_01413,1400,14:00,226.911,231.0475,4.136500000000012
no04,I_11_533967_01657533967_01413,1415,14:15,152.4905,163.25150000000002,10.761000000000024
no04,I_11_533967_01657533967_01413,1430,14:30,198.655,198.8135,0.15850000000000364
no04,I_11_533967_01657533967_01413,1445,14:45,171.7575,179.4075,7.650000000000006
no04,I_11_533967_01657533967_01413,1500,15:00,56.3495,60.5535,4.204000000000001
no04,I_11_533967_01657533967_01413,1515,15:15,283.579,301.3365,17.757499999999993
no04,I_11_533967_01657533967_01413,1530,15:30,154.272,159.202,4.930000000000007
no04,I_11_533967_01657533967_01413,1545,15:45,70.6045,67.2025,-3.402000000000001
no04,I_11_533967_01657533967_01413,1600,16:00,69.1485,69.349,0.20050000000000523
no04,I_11_533967_01657533967_01413,1615,16:15,253.774,267.8995,14.125499999999988
no04,I_11_533967_01657533967_01413,1630,16:30,400.814,390.158,-10.656000000000006
no04,I_11_533967_01657533967_01413,1645,16:45,966.776,970.45,3.674000000000092
no04,I_11_533967_01657533967_01413,1700,17:00,730.0165,753.2255,23.20900000000006
no04,I_11_533967_01657533967_01413,1715,17:15,317.154,314.4325,-2.721499999999992
no04,I_11_533967_01657533967_01413,1730,17:30,681.5355,675.104,-6.4314999999999145
no04,I_11_533967_01657533967_01413,1745,17:45,499.4585,507.573,8.114499999999964
no04,I_11_533967_01657533967_01413,1800,18:00,290.1665,296.2615,6.095000000000027
no04,I_11_533967_01657533967_01413,1815,18:15,316.714,324.8985,8.184500000000014
no04,I_11_533967_01657533967_01413,1830,18:30,522.7785,511.3355,-11.442999999999984
no04,I_11_533967_01657533967_01413,1845,18:45,574.4575,582.323,7.865499999999997
no04,I_11_533967_01657533967_01658,630,06:30,982.242,979.624,-2.617999999999938
no04,I_11_533967_01657533967_01658,645,06:45,1320.4695,1329.486,9.016500000000178
no04,I_11_533967_01657533967_01658,700,07:00,967.182,971.9775,4.795499999999947
no04,I_11_533967_01657533967_01658,715,07:15,892.884,894.475,1.5910000000000082
no04,I_11_533967_01657533967_01658,730,07:30,728.287,749.984,21.697000000000003
no04,I_11_533967_01657533967_01658,745,07:45,1355.4375,1317.005,-38.43249999999989
no04,I_11_533967_01657533967_01658,800,08:00,960.7895,1019.2725,58.48300000000006
no04,I_11_533967_01657533967_01658,815,08:15,1110.332,1085.3765,-24.95550000000003
no04,I_11_533967_01657533967_01658,830,08:30,1443.706,1313.1155,-130.5904999999998
no04,I_11_533967_01657533967_01658,845,08:45,1062.2530000000002,1007.498,-54.75500000000011
no04,I_11_533967_01657533967_01658,900,09:00,930.3305,912.8995,-17.43100000000004
no04,I_11_533967_01657533967_01658,915,09:15,1003.94,982.1265,-21.81350000000009
no04,I_11_533967_01657533967_01658,930,09:30,948.355,901.4175,-46.9375
no04,I_11_533967_01657533967_01658,945,09:45,754.774,772.842,18.067999999999984
no04,I_11_533967_01657533967_01658,1000,10:00,817.0364999999999,825.2205,8.184000000000083
no04,I_11_533967_01657533967_01658,1015,10:15,817.0955,809.113,-7.982499999999959
no04,I_11_533967_01657533967_01658,1030,10:30,631.3915,634.1850000000001,2.7935000000001082
no04,I_11_533967_01657533967_01658,1045,10:45,802.1685,791.0840000000001,-11.084499999999935
no04,I_11_533967_01657533967_01658,1100,11:00,878.2389999999999,860.555,-17.68399999999997
no04,I_11_533967_01657533967_01658,1115,11:15,823.3815000000001,842.4985,19.116999999999962
no04,I_11_533967_01657533967_01658,1130,11:30,857.9495000000001,860.8955,2.9459999999999127
no04,I_11_533967_01657533967_01658,1145,11:45,755.3795,753.4765,-1.90300000000002
no04,I_11_533967_01657533967_01658,1200,12:00,755.42,732.476,-22.94399999999996
no04,I_11_533967_01657533967_01658,1215,12:15,870.7235000000001,868.3095,-2.414000000000101
no04,I_11_533967_01657533967_01658,1230,12:30,724.4875,738.0425,13.555000000000064
no04,I_11_533967_01657533967_01658,1245,12:45,872.835,867.1629999999999,-5.672000000000139
no04,I_11_533967_01657533967_01658,1300,13:00,592.9345000000001,573.5899999999999,-19.344500000000153
no04,I_11_533967_01657533967_01658,1315,13:15,948.83,953.9755,5.14549999999997
no04,I_11_533967_01657533967_01658,1330,13:30,803.6220000000001,799.284,-4.338000000000079
no04,I_11_533967_01657533967_01658,1345,13:45,816.749,822.0674999999999,5.318499999999858
no04,I_11_533967_01657533967_01658,1400,14:00,914.369,923.413,9.043999999999983
no04,I_11_533967_01657533967_01658,1415,14:15,892.0154999999999,887.8115,-4.203999999999837
no04,I_11_533967_01657533967_01658,1430,14:30,741.9045,742.4975000000001,0.5930000000000746
no04,I_11_533967_01657533967_01658,1445,14:45,899.6405000000001,881.713,-17.927500000000123
no04,I_11_533967_01657533967_01658,1500,15:00,827.1285,842.7549999999999,15.62649999999985
no04,I_11_533967_01657533967_01658,1515,15:15,1054.1735,1060.953,6.779499999999871
no04,I_11_533967_01657533967_01658,1530,15:30,943.9775,926.078,-17.89949999999999
no04,I_11_533967_01657533967_01658,1545,15:45,863.5075,859.7445,-3.7630000000000337
no04,I_11_533967_01657533967_01658,1600,16:00,975.7475,987.992,12.244500000000016
no04,I_11_533967_01657533967_01658,1615,16:15,968.507,957.207,-11.299999999999955
no04,I_11_533967_01657533967_01658,1630,16:30,772.116,772.9095,0.7934999999999945
no04,I_11_533967_01657533967_01658,1645,16:45,1118.922,1108.2885,-10.633499999999913
no04,I_11_533967_01657533967_01658,1700,17:00,1010.566,1013.253,2.687000000000012
no04,I_11_533967_01657533967_01658,1715,17:15,1053.1915,1107.975,54.783500000000004
no04,I_11_533967_01657533967_01658,1730,17:30,969.17,981.532,12.36200000000008
no04,I_11_533967_01657533967_01658,1745,17:45,1166.241,1168.0075000000002,1.7665000000001783
no04,I_11_533967_01657533967_01658,1800,18:00,783.9165,777.205,-6.711500000000001
no04,I_11_533967_01657533967_01658,1815,18:15,980.0015,1003.239,23.237500000000068
no04,I_11_533967_01657533967_01658,1830,18:30,955.645,949.7215,-5.92349999999999
no04,I_11_533967_01657533967_01658,1845,18:45,667.7645,694.1859999999999,26.421499999999924
no04,I_11_533967_01657533967_13308,630,06:30,449.076,454.0835,5.007499999999993
no04,I_11_533967_01657533967_13308,645,06:45,644.303,647.088,2.784999999999968
no04,I_11_533967_01657533967_13308,700,07:00,385.1905,374.2085,-10.981999999999971
no04,I_11_533967_01657533967_13308,715,07:15,795.8534999999999,798.4855,2.632000000000062
no04,I_11_533967_01657533967_13308,730,07:30,827.624,847.5595,19.935499999999934
no04,I_11_533967_01657533967_13308,745,07:45,977.515,1004.566,27.051000000000045
no04,I_11_533967_01657533967_13308,800,08:00,1137.3045,1151.5994999999998,14.294999999999845
no04,I_11_533967_01657533967_13308,815,08:15,873.4460000000001,893.3584999999999,19.912499999999795
no04,I_11_533967_01657533967_13308,830,08:30,959.1925,962.0105,2.8179999999999836
no04,I_11_533967_01657533967_13308,845,08:45,963.1455,955.659,-7.486499999999978
no04,I_11_533967_01657533967_13308,900,09:00,810.1220000000001,812.173,2.050999999999931
no04,I_11_533967_01657533967_13308,915,09:15,896.6270000000001,899.5805,2.9534999999999627
no04,I_11_533967_01657533967_13308,930,09:30,554.6975,605.121,50.42349999999999
no04,I_11_533967_01657533967_13308,945,09:45,579.542,611.5665,32.02449999999999
no04,I_11_533967_01657533967_13308,1000,10:00,747.4485,760.2985,12.850000000000023
no04,I_11_533967_01657533967_13308,1015,10:15,562.1015,561.2025000000001,-0.8989999999998872
no04,I_11_533967_01657533967_13308,1030,10:30,644.1295,601.9715,-42.158000000000015
no04,I_11_533967_01657533967_13308,1045,10:45,480.4934999999999,536.8105,56.31700000000012
no04,I_11_533967_01657533967_13308,1100,11:00,562.616,544.2825,-18.333499999999958
no04,I_11_533967_01657533967_13308,1115,11:15,456.7535,467.235,10.48150000000004
no04,I_11_533967_01657533967_13308,1130,11:30,565.5314999999999,551.264,-14.267499999999927
no04,I_11_533967_01657533967_13308,1145,11:45,604.4415,638.914,34.47249999999997
no04,I_11_533967_01657533967_13308,1200,12:00,469.369,475.89,6.520999999999958
no04,I_11_533967_01657533967_13308,1215,12:15,542.0935000000001,545.7365,3.6429999999999154
no04,I_11_533967_01657533967_13308,1230,12:30,672.662,681.422,8.759999999999991
no04,I_11_533967_01657533967_13308,1245,12:45,680.5835,691.9399999999999,11.356499999999983
no04,I_11_533967_01657533967_13308,1300,13:00,474.6635,484.81000000000006,10.14650000000006
no04,I_11_533967_01657533967_13308,1315,13:15,458.4535,475.3085,16.85499999999996
no04,I_11_533967_01657533967_13308,1330,13:30,404.6435,417.8815,13.238
no04,I_11_533967_01657533967_13308,1345,13:45,427.8075,422.044,-5.763500000000022
no04,I_11_533967_01657533967_13308,1400,14:00,471.4875,467.1715,-4.316000000000031
no04,I_11_533967_01657533967_13308,1415,14:15,504.963,505.68950000000007,0.7265000000000441
no04,I_11_533967_01657533967_13308,1430,14:30,648.2755,665.7785,17.503000000000043
no04,I_11_533967_01657533967_13308,1445,14:45,609.591,620.363,10.772000000000048
no04,I_11_533967_01657533967_13308,1500,15:00,498.1775,515.964,17.786500000000046
no04,I_11_533967_01657533967_13308,1515,15:15,543.2075,525.494,-17.713499999999954
no04,I_11_533967_01657533967_13308,1530,15:30,467.55,458.96400000000006,-8.585999999999956
no04,I_11_533967_01657533967_13308,1545,15:45,689.528,696.838,7.309999999999945
no04,I_11_533967_01657533967_13308,1600,16:00,487.076,476.682,-10.394000000000005
no04,I_11_533967_01657533967_13308,1615,16:15,597.2645,617.8575,20.59299999999996
no04,I_11_533967_01657533967_13308,1630,16:30,745.6765,772.8520000000001,27.175500000000056
no04,I_11_533967_01657533967_13308,1645,16:45,644.6485,622.6735,-21.975000000000023
no04,I_11_533967_01657533967_13308,1700,17:00,807.644,829.6445,22.000499999999988
no04,I_11_533967_01657533967_13308,1715,17:15,606.4585,646.0745,39.615999999999985
no04,I_11_533967_01657533967_13308,1730,17:30,524.876,528.0350000000001,3.1590000000001055
no04,I_11_533967_01657533967_13308,1745,17:45,806.758,821.7940000000001,15.036000000000058
no04,I_11_533967_01657533967_13308,1800,18:00,764.172,751.4955,-12.676500000000033
no04,I_11_533967_01657533967_13308,1815,18:15,972.4345,993.1145,20.680000000000064
no04,I_11_533967_01657533967_13308,1830,18:30,513.4945,520.9965,7.501999999999953
no04,I_11_533967_01657533967_13308,1845,18:45,661.683,681.2805,19.597499999999968
no04,I_11_533967_01659533967_01657,630,06:30,1390.7835,1384.7904999999998,-5.9930000000001655
no04,I_11_533967_01659533967_01657,645,06:45,1641.0189999999998,1623.8005,-17.21849999999972
no04,I_11_533967_01659533967_01657,700,07:00,2300.9825,2304.5015,3.518999999999778
no04,I_11_533967_01659533967_01657,715,07:15,1216.7145,1219.589,2.874499999999898
no04,I_11_533967_01659533967_01657,730,07:30,1695.125,1747.14,52.0150000000001
no04,I_11_533967_01659533967_01657,745,07:45,2326.003,2309.115,-16.888000000000375
no04,I_11_533967_01659533967_01657,800,08:00,2168.896,2257.232,88.33599999999979
no04,I_11_533967_01659533967_01657,815,08:15,1849.9715,1831.984,-17.987500000000182
no04,I_11_533967_01659533967_01657,830,08:30,1350.1715,1348.206,-1.96550000000002
no04,I_11_533967_01659533967_01657,845,08:45,1785.663,1802.55,16.886999999999944
no04,I_11_533967_01659533967_01657,900,09:00,1040.2175,1063.098,22.880499999999984
no04,I_11_533967_01659533967_01657,915,09:15,1962.4905,1983.834,21.34349999999995
no04,I_11_533967_01659533967_01657,930,09:30,946.878,1006.022,59.144000000000005
no04,I_11_533967_01659533967_01657,945,09:45,790.3770000000001,772.1955,-18.181500000000028
no04,I_11_533967_01659533967_01657,1000,10:00,1331.092,1359.8305,28.73849999999993
no04,I_11_533967_01659533967_01657,1015,10:15,1366.8215,1376.8505,10.028999999999996
no04,I_11_533967_01659533967_01657,1030,10:30,917.2695,878.6139999999999,-38.655500000000075
no04,I_11_533967_01659533967_01657,1045,10:45,855.5485000000001,969.982,114.43349999999987
no04,I_11_533967_01659533967_01657,1100,11:00,1227.9405000000002,1174.8365,-53.10400000000027
no04,I_11_533967_01659533967_01657,1115,11:15,1438.709,1430.411,-8.298000000000002
no04,I_11_533967_01659533967_01657,1130,11:30,1254.3935,1222.822,-31.571500000000015
no04,I_11_533967_01659533967_01657,1145,11:45,1022.5925,1054.841,32.24849999999992
no04,I_11_533967_01659533967_01657,1200,12:00,653.1415,626.943,-26.198499999999967
no04,I_11_533967_01659533967_01657,1215,12:15,919.3585,886.491,-32.867500000000064
no04,I_11_533967_01659533967_01657,1230,12:30,1255.7285,1286.766,31.037500000000136
no04,I_11_533967_01659533967_01657,1245,12:45,1144.805,1182.568,37.76299999999992
no04,I_11_533967_01659533967_01657,1300,13:00,733.4045,707.9359999999999,-25.468500000000063
no04,I_11_533967_01659533967_01657,1315,13:15,799.6659999999999,851.5465,51.8805000000001
no04,I_11_533967_01659533967_01657,1330,13:30,631.5600000000001,628.9955,-2.5645000000000664
no04,I_11_533967_01659533967_01657,1345,13:45,757.0519999999999,695.7915,-61.260499999999865
no04,I_11_533967_01659533967_01657,1400,14:00,869.7969999999999,874.3700000000001,4.5730000000002065
no04,I_11_533967_01659533967_01657,1415,14:15,885.001,942.555,57.553999999999974
no04,I_11_533967_01659533967_01657,1430,14:30,1137.7895,1198.342,60.55250000000001
no04,I_11_533967_01659533967_01657,1445,14:45,1264.5085,1269.398,4.889499999999998
no04,I_11_533967_01659533967_01657,1500,15:00,696.996,753.586,56.59000000000003
no04,I_11_533967_01659533967_01657,1515,15:15,1288.9875,1227.7995,-61.187999999999874
no04,I_11_533967_01659533967_01657,1530,15:30,890.3460000000001,841.381,-48.965000000000146
no04,I_11_533967_01659533967_01657,1545,15:45,1037.1754999999998,1088.0685,50.89300000000026
no04,I_11_533967_01659533967_01657,1600,16:00,658.4694999999999,638.984,-19.485499999999888
no04,I_11_533967_01659533967_01657,1615,16:15,1457.6125,1425.3465,-32.26599999999985
no04,I_11_533967_01659533967_01657,1630,16:30,1216.1645,1244.8465,28.682000000000016
no04,I_11_533967_01659533967_01657,1645,16:45,2723.8315,2630.43,-93.40149999999994
no04,I_11_533967_01659533967_01657,1700,17:00,1940.1865000000005,1973.298,33.11149999999952
no04,I_11_533967_01659533967_01657,1715,17:15,1287.8004999999998,1367.0425,79.24200000000019
no04,I_11_533967_01659533967_01657,1730,17:30,1413.8375,1387.03,-26.80750000000012
no04,I_11_533967_01659533967_01657,1745,17:45,1637.2914999999998,1655.689,18.397500000000264
no04,I_11_533967_01659533967_01657,1800,18:00,1273.952,1245.871,-28.080999999999904
no04,I_11_533967_01659533967_01657,1815,18:15,2131.975,2122.9315,-9.043499999999767
no04,I_11_533967_01659533967_01657,1830,18:30,1520.4095,1485.9775,-34.432000000000016
no04,I_11_533967_01659533967_01657,1845,18:45,1397.4045,1348.8625,-48.542000000000144
no04,I_11_533967_13308533967_00937,630,06:30,657.6505,659.9675,2.3170000000000073
no04,I_11_533967_13308533967_00937,645,06:45,956.662,966.206,9.543999999999983
no04,I_11_533967_13308533967_00937,700,07:00,779.7725,734.1715,-45.601
no04,I_11_533967_13308533967_00937,715,07:15,1530.1535,1456.1975,-73.9559999999999
no04,I_11_533967_13308533967_00937,730,07:30,911.057,929.9905,18.93349999999998
no04,I_11_533967_13308533967_00937,745,07:45,832.4100000000001,834.8340000000001,2.423999999999978
no04,I_11_533967_13308533967_00937,800,08:00,1782.4045,1792.2275000000002,9.823000000000093
no04,I_11_533967_13308533967_00937,815,08:15,1307.638,1332.83,25.192000000000007
no04,I_11_533967_13308533967_00937,830,08:30,1107.1525,1095.902,-11.250499999999874
no04,I_11_533967_13308533967_00937,845,08:45,1084.0235,1048.3755,-35.64799999999991
no04,I_11_533967_13308533967_00937,900,09:00,1019.079,970.5225,-48.556499999999915
no04,I_11_533967_13308533967_00937,915,09:15,875.682,880.9975000000001,5.315500000000043
no04,I_11_533967_13308533967_00937,930,09:30,856.801,917.909,61.10799999999995
no04,I_11_533967_13308533967_00937,945,09:45,1045.51,1059.608,14.097999999999956
no04,I_11_533967_13308533967_00937,1000,10:00,942.2465,966.5895,24.343000000000075
no04,I_11_533967_13308533967_00937,1015,10:15,637.2765,651.318,14.041499999999928
no04,I_11_533967_13308533967_00937,1030,10:30,817.6655,746.818,-70.84749999999997
no04,I_11_533967_13308533967_00937,1045,10:45,653.859,757.0184999999999,103.15949999999987
no04,I_11_533967_13308533967_00937,1100,11:00,742.9245,696.2325,-46.69200000000001
no04,I_11_533967_13308533967_00937,1115,11:15,617.6545,601.1015,-16.552999999999997
no04,I_11_533967_13308533967_00937,1130,11:30,818.9895,799.528,-19.4615
no04,I_11_533967_13308533967_00937,1145,11:45,994.568,1045.505,50.937000000000126
no04,I_11_533967_13308533967_00937,1200,12:00,622.4235,620.2965,-2.1269999999999527
no04,I_11_533967_13308533967_00937,1215,12:15,666.2239999999999,659.272,-6.9519999999998845
no04,I_11_533967_13308533967_00937,1230,12:30,674.4215,681.2014999999999,6.779999999999859
no04,I_11_533967_13308533967_00937,1245,12:45,882.0745000000001,885.067,2.99249999999995
no04,I_11_533967_13308533967_00937,1300,13:00,513.049,547.0215000000001,33.97250000000008
no04,I_11_533967_13308533967_00937,1315,13:15,641.5989999999999,662.393,20.794000000000096
no04,I_11_533967_13308533967_00937,1330,13:30,662.424,668.9285,6.504500000000007
no04,I_11_533967_13308533967_00937,1345,13:45,552.641,556.8340000000001,4.193000000000097
no04,I_11_533967_13308533967_00937,1400,14:00,691.2775,636.6705,-54.607000000000085
no04,I_11_533967_13308533967_00937,1415,14:15,720.6355000000001,694.4375,-26.198000000000093
no04,I_11_533967_13308533967_00937,1430,14:30,898.5285,881.1049999999999,-17.423500000000104
no04,I_11_533967_13308533967_00937,1445,14:45,664.0260000000001,739.193,75.16699999999992
no04,I_11_533967_13308533967_00937,1500,15:00,608.227,600.036,-8.191000000000031
no04,I_11_533967_13308533967_00937,1515,15:15,655.7165,611.5815,-44.13499999999999
no04,I_11_533967_13308533967_00937,1530,15:30,607.83,630.6310000000001,22.801000000000045
no04,I_11_533967_13308533967_00937,1545,15:45,1087.8255,1099.188,11.362500000000182
no04,I_11_533967_13308533967_00937,1600,16:00,699.501,741.668,42.16700000000003
no04,I_11_533967_13308533967_00937,1615,16:15,604.3255,606.332,2.00649999999996
no04,I_11_533967_13308533967_00937,1630,16:30,981.6655,971.2205,-10.444999999999936
no04,I_11_533967_13308533967_00937,1645,16:45,1076.1995,993.1185,-83.0809999999999
no04,I_11_533967_13308533967_00937,1700,17:00,859.485,815.7345,-43.75049999999999
no04,I_11_533967_13308533967_00937,1715,17:15,772.566,783.691,11.125
no04,I_11_533967_13308533967_00937,1730,17:30,629.4255,631.374,1.9484999999999673
no04,I_11_533967_13308533967_00937,1745,17:45,910.0915,940.4875,30.395999999999958
no04,I_11_533967_13308533967_00937,1800,18:00,930.879,895.249,-35.629999999999995
no04,I_11_533967_13308533967_00937,1815,18:15,1122.1155,1147.6015,25.485999999999876
no04,I_11_533967_13308533967_00937,1830,18:30,534.6265000000001,564.203,29.576499999999896
no04,I_11_533967_13308533967_00937,1845,18:45,852.734,869.1595,16.425499999999943
no04,I_11_533967_13718533967_00977,630,06:30,1899.7825,1877.5225,-22.25999999999999
no04,I_11_533967_13718533967_00977,645,06:45,3017.608,2975.683,-41.92500000000018
no04,I_11_533967_13718533967_00977,700,07:00,2275.806,2290.541,14.735000000000127
no04,I_11_533967_13718533967_00977,715,07:15,4024.6755,4103.247,78.57150000000047
no04,I_11_533967_13718533967_00977,730,07:30,13896.567,13311.6905,-584.8764999999985
no04,I_11_533967_13718533967_00977,745,07:45,5771.8045,5259.9725,-511.83200000000033
no04,I_11_533967_13718533967_00977,800,08:00,9521.7885,9759.19,237.40149999999994
no04,I_11_533967_13718533967_00977,815,08:15,16370.441,17918.713,1548.271999999999
no04,I_11_533967_13718533967_00977,830,08:30,4945.392,5123.606,178.21399999999994
no04,I_11_533967_13718533967_00977,845,08:45,4311.643,4096.0375,-215.60549999999967
no04,I_11_533967_13718533967_00977,900,09:00,6886.901,6251.821,-635.0799999999999
no04,I_11_533967_13718533967_00977,915,09:15,2730.938,2508.785,-222.15300000000025
no04,I_11_533967_13718533967_00977,930,09:30,2679.197,2689.418,10.221000000000004
no04,I_11_533967_13718533967_00977,945,09:45,3028.1935000000003,2982.1220000000003,-46.071500000000015
no04,I_11_533967_13718533967_00977,1000,10:00,1880.5815,1789.1419999999998,-91.43950000000018
no04,I_11_533967_13718533967_00977,1015,10:15,2356.92,2217.8705,-139.04950000000008
no04,I_11_533967_13718533967_00977,1030,10:30,2692.6315,2706.3945,13.76299999999992
no04,I_11_533967_13718533967_00977,1045,10:45,2704.85,2774.5865,69.73649999999998
no04,I_11_533967_13718533967_00977,1100,11:00,2957.741,2838.442,-119.29899999999998
no04,I_11_533967_13718533967_00977,1115,11:15,1848.144,1912.3015,64.15750000000003
no04,I_11_533967_13718533967_00977,1130,11:30,2243.7175,2201.12,-42.59750000000031
no04,I_11_533967_13718533967_00977,1145,11:45,1340.9295,1364.7925,23.863000000000056
no04,I_11_533967_13718533967_00977,1200,12:00,3163.782,3111.951,-51.83100000000013
no04,I_11_533967_13718533967_00977,1215,12:15,2297.7125,2424.4545,126.74199999999973
no04,I_11_533967_13718533967_00977,1230,12:30,2132.898,2252.51,119.61200000000008
no04,I_11_533967_13718533967_00977,1245,12:45,3234.034,3245.165,11.130999999999858
no04,I_11_533967_13718533967_00977,1300,13:00,2281.2705,2213.7375,-67.5329999999999
no04,I_11_533967_13718533967_00977,1315,13:15,2279.6905,2163.3195,-116.3710000000001
no04,I_11_533967_13718533967_00977,1330,13:30,2938.0145,2823.298,-114.71650000000045
no04,I_11_533967_13718533967_00977,1345,13:45,1626.6635,1708.6294999999998,81.96599999999967
no04,I_11_533967_13718533967_00977,1400,14:00,1749.9364999999998,1634.9525,-114.9839999999997
no04,I_11_533967_13718533967_00977,1415,14:15,1725.6895,1577.682,-148.00749999999994
no04,I_11_533967_13718533967_00977,1430,14:30,4400.8675,4462.719999999999,61.852499999999054
no04,I_11_533967_13718533967_00977,1445,14:45,3266.3115,3157.775,-108.5364999999997
no04,I_11_533967_13718533967_00977,1500,15:00,1854.409,1886.909,32.5
no04,I_11_533967_13718533967_00977,1515,15:15,2339.2755,2284.637,-54.63850000000002
no04,I_11_533967_13718533967_00977,1530,15:30,2732.0285,2848.5365,116.50800000000027
no04,I_11_533967_13718533967_00977,1545,15:45,2879.541,2949.1365,69.5954999999999
no04,I_11_533967_13718533967_00977,1600,16:00,2361.15,2147.57,-213.57999999999993
no04,I_11_533967_13718533967_00977,1615,16:15,1726.325,1863.8935,137.56849999999986
no04,I_11_533967_13718533967_00977,1630,16:30,2289.4425,2300.2830000000004,10.840500000000247
no04,I_11_533967_13718533967_00977,1645,16:45,3584.5835,3710.482,125.89849999999979
no04,I_11_533967_13718533967_00977,1700,17:00,5026.675,4911.971,-114.70400000000063
no04,I_11_533967_13718533967_00977,1715,17:15,3586.017,3358.2255,-227.79149999999981
no04,I_11_533967_13718533967_00977,1730,17:30,3305.6604999999995,3034.737,-270.9234999999994
no04,I_11_533967_13718533967_00977,1745,17:45,3534.29,3513.7635,-20.526499999999942
no04,I_11_533967_13718533967_00977,1800,18:00,2623.3495,2635.801,12.451500000000124
no04,I_11_533967_13718533967_00977,1815,18:15,3082.662,2910.483,-172.17899999999963
no04,I_11_533967_13718533967_00977,1830,18:30,1889.431,1898.9265,9.495499999999993
no04,I_11_533967_13718533967_00977,1845,18:45,2736.639,2702.068,-34.57099999999991
no04,I_11_533967_13845533967_01485,630,06:30,5779.0845,5782.576999999999,3.4924999999993815
no04,I_11_533967_13845533967_01485,645,06:45,6006.4335,6012.134,5.70049999999992
no04,I_11_533967_13845533967_01485,700,07:00,6892.213000000001,6873.364500000001,-18.848500000000058
no04,I_11_533967_13845533967_01485,715,07:15,10023.389,10041.8305,18.441500000000815
no04,I_11_533967_13845533967_01485,730,07:30,9245.395,9260.6685,15.27349999999933
no04,I_11_533967_13845533967_01485,745,07:45,7655.481,7600.1705,-55.31049999999959
no04,I_11_533967_13845533967_01485,800,08:00,10955.742,10993.84,38.097999999999956
no04,I_11_533967_13845533967_01485,815,08:15,10397.9755,10374.185,-23.790500000000975
no04,I_11_533967_13845533967_01485,830,08:30,11005.0165,11108.4605,103.4439999999995
no04,I_11_533967_13845533967_01485,845,08:45,9326.328,9339.125,12.79700000000048
no04,I_11_533967_13845533967_01485,900,09:00,11557.6205,11421.4775,-136.14300000000003
no04,I_11_533967_13845533967_01485,915,09:15,8764.3985,8728.169,-36.22949999999946
no04,I_11_533967_13845533967_01485,930,09:30,8758.7105,8853.539999999999,94.82949999999983
no04,I_11_533967_13845533967_01485,945,09:45,8617.3475,8615.2915,-2.0560000000004948
no04,I_11_533967_13845533967_01485,1000,10:00,10003.487,9985.2905,-18.196500000000015
no04,I_11_533967_13845533967_01485,1015,10:15,11862.606,11797.214,-65.39199999999983
no04,I_11_533967_13845533967_01485,1030,10:30,10430.78,10686.1585,255.3784999999989
no04,I_11_533967_13845533967_01485,1045,10:45,9190.005,9187.2755,-2.7294999999994616
no04,I_11_533967_13845533967_01485,1100,11:00,9086.375,8890.45,-195.92499999999927
no04,I_11_533967_13845533967_01485,1115,11:15,8291.5055,8528.244499999999,236.73899999999958
no04,I_11_533967_13845533967_01485,1130,11:30,7515.0875,7596.181500000001,81.09400000000096
no04,I_11_533967_13845533967_01485,1145,11:45,8196.8815,8188.616499999999,-8.265000000000327
no04,I_11_533967_13845533967_01485,1200,12:00,8966.803,8816.403999999999,-150.39900000000125
no04,I_11_533967_13845533967_01485,1215,12:15,10721.3025,10690.8905,-30.412000000000262
no04,I_11_533967_13845533967_01485,1230,12:30,8606.1455,8637.932499999999,31.786999999998443
no04,I_11_533967_13845533967_01485,1245,12:45,10423.865,10482.7265,58.86150000000089
no04,I_11_533967_13845533967_01485,1300,13:00,10206.4485,9874.023,-332.4255000000012
no04,I_11_533967_13845533967_01485,1315,13:15,9394.777,9682.4015,287.6244999999999
no04,I_11_533967_13845533967_01485,1330,13:30,8040.468000000001,7987.172,-53.296000000001186
no04,I_11_533967_13845533967_01485,1345,13:45,7439.5,7657.143000000001,217.64300000000094
no04,I_11_533967_13845533967_01485,1400,14:00,8402.0975,8183.3215,-218.77599999999984
no04,I_11_533967_13845533967_01485,1415,14:15,7745.9155,7901.791,155.8755000000001
no04,I_11_533967_13845533967_01485,1430,14:30,9252.1475,9147.9045,-104.24299999999857
no04,I_11_533967_13845533967_01485,1445,14:45,10931.5875,10578.7755,-352.8119999999999
no04,I_11_533967_13845533967_01485,1500,15:00,9058.4875,9275.519,217.03150000000096
no04,I_11_533967_13845533967_01485,1515,15:15,8913.525,9023.165,109.64000000000124
no04,I_11_533967_13845533967_01485,1530,15:30,7078.825,6784.7015,-294.1234999999997
no04,I_11_533967_13845533967_01485,1545,15:45,8083.505499999999,8123.732000000001,40.22650000000158
no04,I_11_533967_13845533967_01485,1600,16:00,10725.2105,10798.601,73.39050000000134
no04,I_11_533967_13845533967_01485,1615,16:15,9722.15,9618.951,-103.19900000000052
no04,I_11_533967_13845533967_01485,1630,16:30,11372.628,11116.082,-256.5460000000003
no04,I_11_533967_13845533967_01485,1645,16:45,11597.9815,11513.8225,-84.15899999999965
no04,I_11_533967_13845533967_01485,1700,17:00,10742.114,10833.4095,91.29550000000017
no04,I_11_533967_13845533967_01485,1715,17:15,9488.53,9355.528,-133.0020000000004
no04,I_11_533967_13845533967_01485,1730,17:30,9690.555,9845.7045,155.14949999999953
no04,I_11_533967_13845533967_01485,1745,17:45,12122.6175,11994.7555,-127.86200000000099
no04,I_11_533967_13845533967_01485,1800,18:00,10034.572,10183.964,149.39199999999983
no04,I_11_533967_13845533967_01485,1815,18:15,8491.0435,8326.5755,-164.46799999999894
no04,I_11_533967_13845533967_01485,1830,18:30,9562.0525,9511.262,-50.790499999999156
no04,I_11_533967_13845533967_01485,1845,18:45,6650.094,6773.966,123.8720000000003
no04,I_11_533967_14021533967_01485,630,06:30,1228.684,1215.0845,-13.599500000000035
no04,I_11_533967_14021533967_01485,645,06:45,2621.8830000000003,2738.958,117.07499999999982
no04,I_11_533967_14021533967_01485,700,07:00,1535.7545,1498.611,-37.143499999999904
no04,I_11_533967_14021533967_01485,715,07:15,1473.404,1603.91,130.50600000000009
no04,I_11_533967_14021533967_01485,730,07:30,2221.043,2208.7095,-12.333500000000186
no04,I_11_533967_14021533967_01485,745,07:45,2174.596,2258.7645,84.16850000000022
no04,I_11_533967_14021533967_01485,800,08:00,6605.231,6929.569,324.33800000000065
no04,I_11_533967_14021533967_01485,815,08:15,4464.371,5249.521,785.1499999999996
no04,I_11_533967_14021533967_01485,830,08:30,3223.406,3069.3285,-154.07749999999987
no04,I_11_533967_14021533967_01485,845,08:45,4988.7745,5541.732,552.9574999999995
no04,I_11_533967_14021533967_01485,900,09:00,1862.0675,1763.441,-98.62650000000008
no04,I_11_533967_14021533967_01485,915,09:15,1483.1125,1477.493,-5.619500000000016
no04,I_11_533967_14021533967_01485,930,09:30,1157.728,1144.0985,-13.629500000000007
no04,I_11_533967_14021533967_01485,945,09:45,2351.1175,2449.4265,98.3090000000002
no04,I_11_533967_14021533967_01485,1000,10:00,3331.635,3274.194,-57.44100000000026
no04,I_11_533967_14021533967_01485,1015,10:15,3043.6575000000003,3031.5095,-12.148000000000138
no04,I_11_533967_14021533967_01485,1030,10:30,2874.428,2929.4825,55.05450000000019
no04,I_11_533967_14021533967_01485,1045,10:45,1977.4765,1905.899,-71.5775000000001
no04,I_11_533967_14021533967_01485,1100,11:00,3469.92,3116.9245,-352.9955
no04,I_11_533967_14021533967_01485,1115,11:15,1978.428,2481.552,503.124
no04,I_11_533967_14021533967_01485,1130,11:30,1925.4965,1757.3035,-168.19299999999998
no04,I_11_533967_14021533967_01485,1145,11:45,1286.7085,1343.869,57.160499999999956
no04,I_11_533967_14021533967_01485,1200,12:00,1350.8185,1869.149,518.3304999999998
no04,I_11_533967_14021533967_01485,1215,12:15,1615.787,1893.466,277.67899999999986
no04,I_11_533967_14021533967_01485,1230,12:30,1976.298,2115.692,139.394
no04,I_11_533967_14021533967_01485,1245,12:45,1909.8075,1864.8295000000005,-44.97799999999938
no04,I_11_533967_14021533967_01485,1300,13:00,3230.415,3464.285,233.8699999999999
no04,I_11_533967_14021533967_01485,1315,13:15,2052.591,1895.6605,-156.93049999999994
no04,I_11_533967_14021533967_01485,1330,13:30,1720.4720000000002,1746.3169999999998,25.844999999999573
no04,I_11_533967_14021533967_01485,1345,13:45,1074.115,1259.926,185.81099999999992
no04,I_11_533967_14021533967_01485,1400,14:00,1775.4755,1982.481,207.00549999999998
no04,I_11_533967_14021533967_01485,1415,14:15,1567.6795,1651.1885000000002,83.50900000000024
no04,I_11_533967_14021533967_01485,1430,14:30,3053.3190000000004,3079.4465,26.1274999999996
no04,I_11_533967_14021533967_01485,1445,14:45,1869.0285,1856.3755,-12.652999999999793
no04,I_11_533967_14021533967_01485,1500,15:00,1714.7835,1982.1645,267.3810000000001
no04,I_11_533967_14021533967_01485,1515,15:15,1615.1370000000002,1931.4525,316.31549999999993
no04,I_11_533967_14021533967_01485,1530,15:30,1908.1915,1918.6775,10.486000000000104
no04,I_11_533967_14021533967_01485,1545,15:45,1531.942,1692.777,160.83500000000004
no04,I_11_533967_14021533967_01485,1600,16:00,2377.7025,2832.5205,454.8180000000002
no04,I_11_533967_14021533967_01485,1615,16:15,1818.4505,1815.9305,-2.519999999999982
no04,I_11_533967_14021533967_01485,1630,16:30,4726.14,4432.337,-293.8029999999999
no04,I_11_533967_14021533967_01485,1645,16:45,3585.94,3587.4325,1.4924999999998363
no04,I_11_533967_14021533967_01485,1700,17:00,5246.5085,5401.173,154.66449999999986
no04,I_11_533967_14021533967_01485,1715,17:15,2774.8725,2807.374,32.50149999999985
no04,I_11_533967_14021533967_01485,1730,17:30,2268.7605,2411.4705,142.71000000000004
no04,I_11_533967_14021533967_01485,1745,17:45,2414.924,2605.1075,190.1835000000001
no04,I_11_533967_14021533967_01485,1800,18:00,2419.3965,2520.0465,100.65000000000009
no04,I_11_533967_14021533967_01485,1815,18:15,1121.138,1108.924,-12.213999999999942
no04,I_11_533967_14021533967_01485,1830,18:30,856.4399999999999,1229.3725,372.9325
no04,I_11_533967_14021533967_01485,1845,18:45,1404.0765,1423.05,18.973500000000058
