scenario,link_id,slot_code,HHMM,flow_base,flow_scen,flow_diff
no07,533967_00280_11490_0,630,06:30,139.6,139.6315789473684,0.031578947368416266
no07,533967_00280_11490_0,645,06:45,117.05,116.94736842105264,-0.10263157894735286
no07,533967_00280_11490_0,700,07:00,125.45,125.57894736842104,0.12894736842103782
no07,533967_00280_11490_0,715,07:15,135.4,135.26315789473685,-0.1368421052631561
no07,533967_00280_11490_0,730,07:30,120.7,120.89473684210526,0.19473684210525732
no07,533967_00280_11490_0,745,07:45,154.4,154.42105263157896,0.02105263157895365
no07,533967_00280_11490_0,800,08:00,120.7,120.63157894736842,-0.06842105263157805
no07,533967_00280_11490_0,815,08:15,142.6,142.6315789473684,0.031578947368416266
no07,533967_00280_11490_0,830,08:30,133.2,133.05263157894737,-0.14736842105261871
no07,533967_00280_11490_0,845,08:45,159.05,159.21052631578948,0.1605263157894683
no07,533967_00280_11490_0,900,09:00,101.65,101.47368421052632,-0.17631578947369064
no07,533967_00280_11490_0,915,09:15,131.7,131.73684210526315,0.036842105263161784
no07,533967_00280_11490_0,930,09:30,153.9,153.78947368421052,-0.11052631578948535
no07,533967_00280_11490_0,945,09:45,111.5,111.57894736842104,0.07894736842104066
no07,533967_00280_11490_0,1000,10:00,93.7,93.6842105263158,-0.015789473684208133
no07,533967_00280_11490_0,1015,10:15,91.15,91.26315789473684,0.11315789473682969
no07,533967_00280_11490_0,1030,10:30,90.95,90.89473684210526,-0.055263157894742676
no07,533967_00280_11490_0,1045,10:45,97.2,97.21052631578948,0.010526315789476826
no07,533967_00280_11490_0,1100,11:00,105.9,105.89473684210526,-0.005263157894745518
no07,533967_00280_11490_0,1115,11:15,105.6,105.63157894736842,0.03157894736843048
no07,533967_00280_11490_0,1130,11:30,111.05,110.94736842105264,-0.10263157894735286
no07,533967_00280_11490_0,1145,11:45,101.15,101.21052631578948,0.06052631578947398
no07,533967_00280_11490_0,1200,12:00,91.25,91.21052631578948,-0.03947368421052033
no07,533967_00280_11490_0,1215,12:15,99.2,99.21052631578948,0.010526315789476826
no07,533967_00280_11490_0,1230,12:30,110.45,110.73684210526316,0.2868421052631618
no07,533967_00280_11490_0,1245,12:45,107.55,107.26315789473684,-0.2868421052631618
no07,533967_00280_11490_0,1300,13:00,117.85,117.89473684210526,0.04473684210526585
no07,533967_00280_11490_0,1315,13:15,108.25,108.3157894736842,0.06578947368420529
no07,533967_00280_11490_0,1330,13:30,119.3,119.26315789473684,-0.036842105263161784
no07,533967_00280_11490_0,1345,13:45,108.1,108.21052631578948,0.11052631578948535
no07,533967_00280_11490_0,1400,14:00,128.75,128.52631578947367,-0.22368421052632925
no07,533967_00280_11490_0,1415,14:15,150.5,150.68421052631578,0.1842105263157805
no07,533967_00280_11490_0,1430,14:30,96.75,96.73684210526316,-0.013157894736835374
no07,533967_00280_11490_0,1445,14:45,114.85,114.84210526315788,-0.007894736842118277
no07,533967_00280_11490_0,1500,15:00,84.35,84.26315789473684,-0.08684210526315894
no07,533967_00280_11490_0,1515,15:15,115.2,115.15789473684212,-0.04210526315787888
no07,533967_00280_11490_0,1530,15:30,112.2,112.26315789473684,0.06315789473683253
no07,533967_00280_11490_0,1545,15:45,98.7,98.63157894736842,-0.06842105263157805
no07,533967_00280_11490_0,1600,16:00,101.35,101.26315789473684,-0.08684210526315894
no07,533967_00280_11490_0,1615,16:15,106.2,106.26315789473684,0.06315789473683253
no07,533967_00280_11490_0,1630,16:30,71.3,71.3157894736842,0.015789473684208133
no07,533967_00280_11490_0,1645,16:45,111.85,111.94736842105264,0.09736842105264998
no07,533967_00280_11490_0,1700,17:00,87.85,87.84210526315789,-0.007894736842104066
no07,533967_00280_11490_0,1715,17:15,117.45,117.47368421052632,0.0236842105263122
no07,533967_00280_11490_0,1730,17:30,103.8,103.94736842105264,0.14736842105264714
no07,533967_00280_11490_0,1745,17:45,112.6,112.36842105263158,-0.2315789473684191
no07,533967_00280_11490_0,1800,18:00,73.4,73.36842105263158,-0.03157894736843048
no07,533967_00280_11490_0,1815,18:15,93.4,93.42105263157896,0.02105263157895365
no07,533967_00280_11490_0,1830,18:30,64.75,64.78947368421052,0.03947368421052033
no07,533967_00280_11490_0,1845,18:45,84.0,84.0,0.0
no07,533967_00280_11490_1,630,06:30,72.55,72.73684210526316,0.18684210526316747
no07,533967_00280_11490_1,645,06:45,65.3,64.89473684210526,-0.405263157894737
no07,533967_00280_11490_1,700,07:00,79.25,79.0,-0.25
no07,533967_00280_11490_1,715,07:15,114.15,114.6842105263158,0.534210526315789
no07,533967_00280_11490_1,730,07:30,120.0,119.3157894736842,-0.6842105263157947
no07,533967_00280_11490_1,745,07:45,143.8,141.31578947368422,-2.484210526315792
no07,533967_00280_11490_1,800,08:00,132.75,134.52631578947367,1.7763157894736707
no07,533967_00280_11490_1,815,08:15,127.85,129.0,1.1500000000000057
no07,533967_00280_11490_1,830,08:30,133.9,132.1578947368421,-1.742105263157896
no07,533967_00280_11490_1,845,08:45,116.9,118.05263157894736,1.15263157894735
no07,533967_00280_11490_1,900,09:00,130.8,130.68421052631578,-0.11578947368423087
no07,533967_00280_11490_1,915,09:15,115.75,115.84210526315788,0.09210526315787604
no07,533967_00280_11490_1,930,09:30,125.15,124.89473684210526,-0.2552631578947455
no07,533967_00280_11490_1,945,09:45,114.2,114.84210526315788,0.6421052631578732
no07,533967_00280_11490_1,1000,10:00,114.4,112.89473684210526,-1.5052631578947455
no07,533967_00280_11490_1,1015,10:15,105.5,105.89473684210526,0.39473684210526017
no07,533967_00280_11490_1,1030,10:30,109.45,110.42105263157896,0.9710526315789565
no07,533967_00280_11490_1,1045,10:45,111.45,112.47368421052632,1.0236842105263122
no07,533967_00280_11490_1,1100,11:00,112.55,111.73684210526316,-0.8131578947368325
no07,533967_00280_11490_1,1115,11:15,104.4,102.57894736842104,-1.821052631578965
no07,533967_00280_11490_1,1130,11:30,122.5,123.47368421052632,0.973684210526315
no07,533967_00280_11490_1,1145,11:45,108.0,109.47368421052632,1.473684210526315
no07,533967_00280_11490_1,1200,12:00,132.0,131.10526315789474,-0.8947368421052602
no07,533967_00280_11490_1,1215,12:15,142.7,142.05263157894737,-0.6473684210526187
no07,533967_00280_11490_1,1230,12:30,112.55,112.10526315789474,-0.4447368421052573
no07,533967_00280_11490_1,1245,12:45,107.05,108.0,0.9500000000000028
no07,533967_00280_11490_1,1300,13:00,122.35,122.6842105263158,0.3342105263158004
no07,533967_00280_11490_1,1315,13:15,106.15,106.05263157894736,-0.09736842105264998
no07,533967_00280_11490_1,1330,13:30,107.4,107.36842105263158,-0.03157894736843048
no07,533967_00280_11490_1,1345,13:45,72.25,72.10526315789474,-0.14473684210526017
no07,533967_00280_11490_1,1400,14:00,95.0,95.36842105263158,0.3684210526315752
no07,533967_00280_11490_1,1415,14:15,119.15,118.94736842105264,-0.2026315789473614
no07,533967_00280_11490_1,1430,14:30,118.3,117.89473684210526,-0.405263157894737
no07,533967_00280_11490_1,1445,14:45,104.05,103.26315789473684,-0.7868421052631618
no07,533967_00280_11490_1,1500,15:00,102.2,101.94736842105264,-0.25263157894735855
no07,533967_00280_11490_1,1515,15:15,101.25,100.47368421052632,-0.776315789473685
no07,533967_00280_11490_1,1530,15:30,103.05,103.3157894736842,0.26578947368420813
no07,533967_00280_11490_1,1545,15:45,110.25,111.47368421052632,1.223684210526315
no07,533967_00280_11490_1,1600,16:00,140.75,139.0,-1.75
no07,533967_00280_11490_1,1615,16:15,130.6,133.05263157894737,2.4526315789473756
no07,533967_00280_11490_1,1630,16:30,136.45,134.10526315789474,-2.344736842105249
no07,533967_00280_11490_1,1645,16:45,143.05,145.8421052631579,2.792105263157879
no07,533967_00280_11490_1,1700,17:00,144.2,142.73684210526315,-1.4631578947368382
no07,533967_00280_11490_1,1715,17:15,139.1,137.57894736842104,-1.5210526315789537
no07,533967_00280_11490_1,1730,17:30,113.4,112.52631578947368,-0.8736842105263207
no07,533967_00280_11490_1,1745,17:45,91.7,88.63157894736842,-3.068421052631578
no07,533967_00280_11490_1,1800,18:00,122.8,122.0,-0.7999999999999972
no07,533967_00280_11490_1,1815,18:15,129.25,128.21052631578948,-1.0394736842105203
no07,533967_00280_11490_1,1830,18:30,109.0,115.78947368421052,6.78947368421052
no07,533967_00280_11490_1,1845,18:45,96.0,96.94736842105264,0.9473684210526443
no07,533967_00280_13214_0,630,06:30,69.5,69.63157894736842,0.1315789473684248
no07,533967_00280_13214_0,645,06:45,67.8,67.47368421052632,-0.3263157894736821
no07,533967_00280_13214_0,700,07:00,76.8,77.15789473684211,0.3578947368421126
no07,533967_00280_13214_0,715,07:15,116.2,116.05263157894736,-0.14736842105264714
no07,533967_00280_13214_0,730,07:30,117.3,116.78947368421052,-0.5105263157894768
no07,533967_00280_13214_0,745,07:45,145.6,143.0,-2.5999999999999943
no07,533967_00280_13214_0,800,08:00,131.5,133.05263157894737,1.55263157894737
no07,533967_00280_13214_0,815,08:15,127.8,129.1578947368421,1.3578947368421126
no07,533967_00280_13214_0,830,08:30,133.95,132.21052631578948,-1.739473684210509
no07,533967_00280_13214_0,845,08:45,120.0,121.10526315789474,1.1052631578947398
no07,533967_00280_13214_0,900,09:00,128.1,127.84210526315788,-0.2578947368421183
no07,533967_00280_13214_0,915,09:15,117.85,118.57894736842104,0.7289473684210463
no07,533967_00280_13214_0,930,09:30,122.85,122.57894736842104,-0.27105263157895365
no07,533967_00280_13214_0,945,09:45,115.55,115.63157894736842,0.08157894736842763
no07,533967_00280_13214_0,1000,10:00,114.1,112.52631578947368,-1.5736842105263094
no07,533967_00280_13214_0,1015,10:15,107.2,107.84210526315788,0.6421052631578732
no07,533967_00280_13214_0,1030,10:30,107.25,107.94736842105264,0.6973684210526443
no07,533967_00280_13214_0,1045,10:45,113.15,114.10526315789474,0.9552631578947341
no07,533967_00280_13214_0,1100,11:00,111.2,110.78947368421052,-0.4105263157894825
no07,533967_00280_13214_0,1115,11:15,105.75,103.6842105263158,-2.0657894736842053
no07,533967_00280_13214_0,1130,11:30,119.7,121.15789473684212,1.4578947368421211
no07,533967_00280_13214_0,1145,11:45,110.35,111.6842105263158,1.3342105263158004
no07,533967_00280_13214_0,1200,12:00,129.9,129.26315789473685,-0.6368421052631561
no07,533967_00280_13214_0,1215,12:15,144.2,143.1578947368421,-1.0421052631578789
no07,533967_00280_13214_0,1230,12:30,112.25,112.21052631578948,-0.03947368421052033
no07,533967_00280_13214_0,1245,12:45,108.6,109.26315789473684,0.6631578947368411
no07,533967_00280_13214_0,1300,13:00,119.65,120.05263157894736,0.40263157894735
no07,533967_00280_13214_0,1315,13:15,107.0,106.6842105263158,-0.3157894736842053
no07,533967_00280_13214_0,1330,13:30,107.4,107.26315789473684,-0.1368421052631703
no07,533967_00280_13214_0,1345,13:45,74.2,73.94736842105263,-0.25263157894737276
no07,533967_00280_13214_0,1400,14:00,93.35,94.52631578947368,1.1763157894736906
no07,533967_00280_13214_0,1415,14:15,120.9,120.10526315789474,-0.7947368421052659
no07,533967_00280_13214_0,1430,14:30,116.65,116.36842105263158,-0.2815789473684305
no07,533967_00280_13214_0,1445,14:45,105.5,104.73684210526316,-0.7631578947368354
no07,533967_00280_13214_0,1500,15:00,99.8,99.52631578947368,-0.2736842105263122
no07,533967_00280_13214_0,1515,15:15,104.0,102.94736842105264,-1.0526315789473557
no07,533967_00280_13214_0,1530,15:30,99.6,99.73684210526316,0.1368421052631703
no07,533967_00280_13214_0,1545,15:45,113.8,115.26315789473684,1.4631578947368382
no07,533967_00280_13214_0,1600,16:00,137.15,136.31578947368422,-0.8342105263157862
no07,533967_00280_13214_0,1615,16:15,133.2,135.10526315789474,1.9052631578947512
no07,533967_00280_13214_0,1630,16:30,133.55,131.21052631578948,-2.3394736842105317
no07,533967_00280_13214_0,1645,16:45,146.1,148.21052631578948,2.1105263157894854
no07,533967_00280_13214_0,1700,17:00,141.95,140.26315789473685,-1.686842105263139
no07,533967_00280_13214_0,1715,17:15,141.3,140.26315789473685,-1.0368421052631618
no07,533967_00280_13214_0,1730,17:30,112.2,111.21052631578948,-0.9894736842105232
no07,533967_00280_13214_0,1745,17:45,93.3,90.36842105263158,-2.931578947368422
no07,533967_00280_13214_0,1800,18:00,120.1,120.10526315789474,0.005263157894745518
no07,533967_00280_13214_0,1815,18:15,130.4,128.89473684210526,-1.5052631578947455
no07,533967_00280_13214_0,1830,18:30,109.35,115.63157894736842,6.2815789473684305
no07,533967_00280_13214_0,1845,18:45,97.7,98.84210526315788,1.1421052631578732
no07,533967_00280_13214_1,630,06:30,140.95,140.94736842105263,-0.0026315789473585482
no07,533967_00280_13214_1,645,06:45,116.85,116.84210526315788,-0.007894736842118277
no07,533967_00280_13214_1,700,07:00,125.45,125.47368421052632,0.0236842105263122
no07,533967_00280_13214_1,715,07:15,135.4,135.3684210526316,-0.031578947368416266
no07,533967_00280_13214_1,730,07:30,120.8,120.84210526315788,0.04210526315787888
no07,533967_00280_13214_1,745,07:45,154.4,154.47368421052633,0.07368421052632357
no07,533967_00280_13214_1,800,08:00,120.8,120.78947368421052,-0.010526315789476826
no07,533967_00280_13214_1,815,08:15,142.35,142.3684210526316,0.018421052631595103
no07,533967_00280_13214_1,830,08:30,133.0,132.89473684210526,-0.10526315789473983
no07,533967_00280_13214_1,845,08:45,159.9,160.0,0.09999999999999432
no07,533967_00280_13214_1,900,09:00,100.6,100.42105263157896,-0.17894736842103498
no07,533967_00280_13214_1,915,09:15,131.95,132.0,0.05000000000001137
no07,533967_00280_13214_1,930,09:30,154.4,154.3684210526316,-0.031578947368416266
no07,533967_00280_13214_1,945,09:45,110.85,110.89473684210526,0.04473684210526585
no07,533967_00280_13214_1,1000,10:00,93.35,93.3157894736842,-0.034210526315789025
no07,533967_00280_13214_1,1015,10:15,91.55,91.63157894736842,0.08157894736842763
no07,533967_00280_13214_1,1030,10:30,90.75,90.6842105263158,-0.06578947368420529
no07,533967_00280_13214_1,1045,10:45,97.35,97.42105263157896,0.07105263157896502
no07,533967_00280_13214_1,1100,11:00,106.05,106.05263157894736,0.0026315789473585482
no07,533967_00280_13214_1,1115,11:15,105.65,105.6842105263158,0.034210526315789025
no07,533967_00280_13214_1,1130,11:30,111.0,110.84210526315788,-0.15789473684212396
no07,533967_00280_13214_1,1145,11:45,101.3,101.42105263157896,0.12105263157896218
no07,533967_00280_13214_1,1200,12:00,90.9,90.78947368421052,-0.11052631578948535
no07,533967_00280_13214_1,1215,12:15,99.15,99.21052631578948,0.06052631578947398
no07,533967_00280_13214_1,1230,12:30,110.7,110.84210526315788,0.1421052631578732
no07,533967_00280_13214_1,1245,12:45,107.95,107.78947368421052,-0.1605263157894825
no07,533967_00280_13214_1,1300,13:00,117.7,117.63157894736842,-0.06842105263157805
no07,533967_00280_13214_1,1315,13:15,107.65,107.84210526315788,0.19210526315787035
no07,533967_00280_13214_1,1330,13:30,119.85,119.73684210526316,-0.11315789473682969
no07,533967_00280_13214_1,1345,13:45,108.0,108.10526315789474,0.10526315789473983
no07,533967_00280_13214_1,1400,14:00,128.9,128.78947368421052,-0.11052631578948535
no07,533967_00280_13214_1,1415,14:15,150.65,150.78947368421052,0.13947368421051465
no07,533967_00280_13214_1,1430,14:30,96.3,96.3157894736842,0.015789473684208133
no07,533967_00280_13214_1,1445,14:45,115.2,115.15789473684212,-0.04210526315787888
no07,533967_00280_13214_1,1500,15:00,83.85,83.78947368421052,-0.06052631578947398
no07,533967_00280_13214_1,1515,15:15,115.8,115.6842105263158,-0.11578947368420245
no07,533967_00280_13214_1,1530,15:30,111.75,111.89473684210526,0.14473684210526017
no07,533967_00280_13214_1,1545,15:45,98.75,98.63157894736842,-0.11842105263157521
no07,533967_00280_13214_1,1600,16:00,101.1,101.05263157894736,-0.04736842105263861
no07,533967_00280_13214_1,1615,16:15,106.65,106.6842105263158,0.034210526315789025
no07,533967_00280_13214_1,1630,16:30,70.7,70.73684210526316,0.036842105263161784
no07,533967_00280_13214_1,1645,16:45,112.15,112.26315789473684,0.11315789473682969
no07,533967_00280_13214_1,1700,17:00,87.7,87.6842105263158,-0.015789473684208133
no07,533967_00280_13214_1,1715,17:15,118.2,118.15789473684212,-0.04210526315787888
no07,533967_00280_13214_1,1730,17:30,103.7,103.84210526315788,0.1421052631578732
no07,533967_00280_13214_1,1745,17:45,112.5,112.3157894736842,-0.1842105263157947
no07,533967_00280_13214_1,1800,18:00,72.65,72.63157894736842,-0.018421052631580892
no07,533967_00280_13214_1,1815,18:15,93.75,93.78947368421052,0.03947368421052033
no07,533967_00280_13214_1,1830,18:30,64.35,64.36842105263158,0.018421052631580892
no07,533967_00280_13214_1,1845,18:45,84.35,84.3157894736842,-0.034210526315789025
no07,533967_00285_11494_0,630,06:30,17.8,17.68421052631579,-0.11578947368420955
no07,533967_00285_11494_0,645,06:45,15.2,15.263157894736842,0.06315789473684319
no07,533967_00285_11494_0,700,07:00,36.7,36.63157894736842,-0.06842105263158516
no07,533967_00285_11494_0,715,07:15,27.35,27.526315789473685,0.17631578947368354
no07,533967_00285_11494_0,730,07:30,40.15,40.21052631578947,0.06052631578947398
no07,533967_00285_11494_0,745,07:45,57.05,56.21052631578947,-0.8394736842105246
no07,533967_00285_11494_0,800,08:00,46.95,47.42105263157895,0.4710526315789494
no07,533967_00285_11494_0,815,08:15,44.8,45.36842105263158,0.5684210526315852
no07,533967_00285_11494_0,830,08:30,10.0,9.68421052631579,-0.3157894736842106
no07,533967_00285_11494_0,845,08:45,0.0,0.0,0.0
no07,533967_00285_11494_0,900,09:00,4.05,4.157894736842105,0.10789473684210549
no07,533967_00285_11494_0,915,09:15,8.1,8.052631578947368,-0.047368421052631504
no07,533967_00285_11494_0,930,09:30,40.55,40.26315789473684,-0.2868421052631547
no07,533967_00285_11494_0,945,09:45,14.4,14.526315789473683,0.12631578947368283
no07,533967_00285_11494_0,1000,10:00,31.05,31.157894736842103,0.10789473684210193
no07,533967_00285_11494_0,1015,10:15,10.0,10.052631578947368,0.05263157894736814
no07,533967_00285_11494_0,1030,10:30,1.85,1.7894736842105263,-0.06052631578947376
no07,533967_00285_11494_0,1045,10:45,8.55,8.421052631578947,-0.1289473684210538
no07,533967_00285_11494_0,1100,11:00,3.5,3.631578947368421,0.1315789473684208
no07,533967_00285_11494_0,1115,11:15,58.75,58.8421052631579,0.09210526315789735
no07,533967_00285_11494_0,1130,11:30,14.2,14.105263157894736,-0.09473684210526301
no07,533967_00285_11494_0,1145,11:45,6.15,6.157894736842105,0.007894736842104955
no07,533967_00285_11494_0,1200,12:00,9.25,9.263157894736842,0.01315789473684248
no07,533967_00285_11494_0,1215,12:15,2.4,2.3157894736842106,-0.08421052631578929
no07,533967_00285_11494_0,1230,12:30,24.2,23.94736842105263,-0.2526315789473692
no07,533967_00285_11494_0,1245,12:45,13.85,14.105263157894736,0.25526315789473664
no07,533967_00285_11494_0,1300,13:00,11.1,11.157894736842104,0.05789473684210478
no07,533967_00285_11494_0,1315,13:15,4.05,4.052631578947368,0.002631578947368318
no07,533967_00285_11494_0,1330,13:30,51.1,50.94736842105263,-0.15263157894737134
no07,533967_00285_11494_0,1345,13:45,24.9,25.05263157894737,0.15263157894737134
no07,533967_00285_11494_0,1400,14:00,19.15,19.105263157894736,-0.0447368421052623
no07,533967_00285_11494_0,1415,14:15,1.85,1.894736842105263,0.044736842105262964
no07,533967_00285_11494_0,1430,14:30,0.0,0.0,0.0
no07,533967_00285_11494_0,1445,14:45,7.7,7.7894736842105265,0.08947368421052637
no07,533967_00285_11494_0,1500,15:00,16.3,16.31578947368421,0.015789473684208133
no07,533967_00285_11494_0,1515,15:15,8.3,8.0,-0.3000000000000007
no07,533967_00285_11494_0,1530,15:30,4.3,4.421052631578948,0.12105263157894797
no07,533967_00285_11494_0,1545,15:45,15.9,15.842105263157896,-0.05789473684210478
no07,533967_00285_11494_0,1600,16:00,22.35,22.473684210526315,0.12368421052631362
no07,533967_00285_11494_0,1615,16:15,9.15,9.157894736842104,0.007894736842104066
no07,533967_00285_11494_0,1630,16:30,15.35,14.736842105263158,-0.6131578947368421
no07,533967_00285_11494_0,1645,16:45,7.25,8.0,0.75
no07,533967_00285_11494_0,1700,17:00,15.85,15.63157894736842,-0.21842105263158018
no07,533967_00285_11494_0,1715,17:15,26.0,25.84210526315789,-0.15789473684210975
no07,533967_00285_11494_0,1730,17:30,48.05,48.05263157894737,0.002631578947372759
no07,533967_00285_11494_0,1745,17:45,25.7,25.894736842105264,0.19473684210526443
no07,533967_00285_11494_0,1800,18:00,17.45,17.42105263157895,-0.028947368421050612
no07,533967_00285_11494_0,1815,18:15,17.1,15.31578947368421,-1.7842105263157908
no07,533967_00285_11494_0,1830,18:30,28.35,30.157894736842103,1.8078947368421012
no07,533967_00285_11494_0,1845,18:45,37.7,37.05263157894737,-0.6473684210526329
no07,533967_00285_11494_1,630,06:30,40.2,40.21052631578947,0.01052631578946972
no07,533967_00285_11494_1,645,06:45,32.95,33.0,0.04999999999999716
no07,533967_00285_11494_1,700,07:00,39.7,39.73684210526316,0.03684210526315468
no07,533967_00285_11494_1,715,07:15,29.1,28.94736842105263,-0.15263157894737134
no07,533967_00285_11494_1,730,07:30,33.05,33.05263157894737,0.002631578947372759
no07,533967_00285_11494_1,745,07:45,27.15,27.157894736842103,0.007894736842104066
no07,533967_00285_11494_1,800,08:00,39.85,39.8421052631579,-0.007894736842104066
no07,533967_00285_11494_1,815,08:15,53.9,53.89473684210526,-0.005263157894738413
no07,533967_00285_11494_1,830,08:30,48.9,48.94736842105263,0.047368421052631504
no07,533967_00285_11494_1,845,08:45,30.2,30.157894736842103,-0.042105263157896644
no07,533967_00285_11494_1,900,09:00,32.3,32.31578947368421,0.01578947368421524
no07,533967_00285_11494_1,915,09:15,22.15,22.157894736842103,0.007894736842104066
no07,533967_00285_11494_1,930,09:30,34.85,34.8421052631579,-0.007894736842104066
no07,533967_00285_11494_1,945,09:45,28.25,28.26315789473684,0.013157894736838927
no07,533967_00285_11494_1,1000,10:00,38.45,38.47368421052632,0.023684210526319305
no07,533967_00285_11494_1,1015,10:15,26.45,26.42105263157895,-0.028947368421050612
no07,533967_00285_11494_1,1030,10:30,33.7,33.73684210526316,0.03684210526315468
no07,533967_00285_11494_1,1045,10:45,18.3,18.26315789473684,-0.036842105263161784
no07,533967_00285_11494_1,1100,11:00,20.85,20.894736842105264,0.0447368421052623
no07,533967_00285_11494_1,1115,11:15,22.95,22.94736842105263,-0.0026315789473692064
no07,533967_00285_11494_1,1130,11:30,32.6,32.526315789473685,-0.07368421052631646
no07,533967_00285_11494_1,1145,11:45,19.8,19.84210526315789,0.04210526315788954
no07,533967_00285_11494_1,1200,12:00,19.9,19.894736842105264,-0.00526315789473486
no07,533967_00285_11494_1,1215,12:15,18.95,18.94736842105263,-0.0026315789473692064
no07,533967_00285_11494_1,1230,12:30,18.1,18.105263157894736,0.00526315789473486
no07,533967_00285_11494_1,1245,12:45,14.0,14.0,0.0
no07,533967_00285_11494_1,1300,13:00,18.85,18.84210526315789,-0.007894736842111172
no07,533967_00285_11494_1,1315,13:15,11.4,11.421052631578949,0.021052631578948322
no07,533967_00285_11494_1,1330,13:30,13.9,13.894736842105264,-0.005263157894736636
no07,533967_00285_11494_1,1345,13:45,13.75,13.736842105263158,-0.01315789473684248
no07,533967_00285_11494_1,1400,14:00,18.1,18.105263157894736,0.00526315789473486
no07,533967_00285_11494_1,1415,14:15,19.85,19.894736842105264,0.0447368421052623
no07,533967_00285_11494_1,1430,14:30,27.95,27.894736842105264,-0.05526315789473557
no07,533967_00285_11494_1,1445,14:45,13.35,13.36842105263158,0.018421052631580892
no07,533967_00285_11494_1,1500,15:00,19.8,19.789473684210527,-0.010526315789473273
no07,533967_00285_11494_1,1515,15:15,13.0,13.0,0.0
no07,533967_00285_11494_1,1530,15:30,14.1,14.157894736842104,0.05789473684210478
no07,533967_00285_11494_1,1545,15:45,15.95,15.894736842105264,-0.05526315789473557
no07,533967_00285_11494_1,1600,16:00,31.7,31.68421052631579,-0.015789473684208133
no07,533967_00285_11494_1,1615,16:15,19.35,19.36842105263158,0.01842105263157734
no07,533967_00285_11494_1,1630,16:30,34.85,34.8421052631579,-0.007894736842104066
no07,533967_00285_11494_1,1645,16:45,23.1,23.105263157894736,0.00526315789473486
no07,533967_00285_11494_1,1700,17:00,36.45,36.526315789473685,0.07631578947368212
no07,533967_00285_11494_1,1715,17:15,27.65,27.57894736842105,-0.07105263157894726
no07,533967_00285_11494_1,1730,17:30,20.05,20.105263157894736,0.05526315789473557
no07,533967_00285_11494_1,1745,17:45,20.9,20.894736842105264,-0.00526315789473486
no07,533967_00285_11494_1,1800,18:00,27.35,27.26315789473684,-0.0868421052631625
no07,533967_00285_11494_1,1815,18:15,14.75,14.789473684210526,0.03947368421052566
no07,533967_00285_11494_1,1830,18:30,17.7,17.68421052631579,-0.015789473684208133
no07,533967_00285_11494_1,1845,18:45,20.1,20.105263157894736,0.00526315789473486
no07,533967_00285_11497_0,630,06:30,39.8,39.8421052631579,0.0421052631579002
no07,533967_00285_11497_0,645,06:45,32.95,32.94736842105263,-0.002631578947372759
no07,533967_00285_11497_0,700,07:00,39.65,39.68421052631579,0.034210526315789025
no07,533967_00285_11497_0,715,07:15,29.4,29.31578947368421,-0.08421052631578974
no07,533967_00285_11497_0,730,07:30,32.85,32.78947368421053,-0.06052631578947398
no07,533967_00285_11497_0,745,07:45,27.25,27.26315789473684,0.013157894736838927
no07,533967_00285_11497_0,800,08:00,39.65,39.63157894736842,-0.018421052631580892
no07,533967_00285_11497_0,815,08:15,53.8,53.78947368421053,-0.01052631578946972
no07,533967_00285_11497_0,830,08:30,48.75,49.05263157894737,0.3026315789473699
no07,533967_00285_11497_0,845,08:45,30.55,30.31578947368421,-0.23421052631579187
no07,533967_00285_11497_0,900,09:00,32.5,32.473684210526315,-0.02631578947368496
no07,533967_00285_11497_0,915,09:15,21.9,21.894736842105264,-0.00526315789473486
no07,533967_00285_11497_0,930,09:30,34.65,34.63157894736842,-0.018421052631580892
no07,533967_00285_11497_0,945,09:45,28.55,28.57894736842105,0.028947368421050612
no07,533967_00285_11497_0,1000,10:00,38.05,38.05263157894737,0.002631578947372759
no07,533967_00285_11497_0,1015,10:15,26.7,26.68421052631579,-0.015789473684208133
no07,533967_00285_11497_0,1030,10:30,33.75,33.8421052631579,0.09210526315789735
no07,533967_00285_11497_0,1045,10:45,18.45,18.36842105263158,-0.08157894736842053
no07,533967_00285_11497_0,1100,11:00,20.75,20.789473684210527,0.03947368421052744
no07,533967_00285_11497_0,1115,11:15,22.9,22.894736842105264,-0.00526315789473486
no07,533967_00285_11497_0,1130,11:30,32.55,32.526315789473685,-0.0236842105263122
no07,533967_00285_11497_0,1145,11:45,20.0,20.0,0.0
no07,533967_00285_11497_0,1200,12:00,19.9,19.894736842105264,-0.00526315789473486
no07,533967_00285_11497_0,1215,12:15,19.0,19.0,0.0
no07,533967_00285_11497_0,1230,12:30,18.2,18.26315789473684,0.06315789473683964
no07,533967_00285_11497_0,1245,12:45,14.0,14.0,0.0
no07,533967_00285_11497_0,1300,13:00,18.85,18.789473684210527,-0.06052631578947398
no07,533967_00285_11497_0,1315,13:15,11.25,11.263157894736842,0.01315789473684248
no07,533967_00285_11497_0,1330,13:30,14.1,14.105263157894736,0.005263157894736636
no07,533967_00285_11497_0,1345,13:45,13.7,13.736842105263158,0.03684210526315823
no07,533967_00285_11497_0,1400,14:00,17.85,17.842105263157894,-0.00789473684210762
no07,533967_00285_11497_0,1415,14:15,20.0,20.05263157894737,0.05263157894736992
no07,533967_00285_11497_0,1430,14:30,27.8,27.68421052631579,-0.11578947368420955
no07,533967_00285_11497_0,1445,14:45,13.5,13.526315789473683,0.026315789473683182
no07,533967_00285_11497_0,1500,15:00,19.85,19.84210526315789,-0.007894736842111172
no07,533967_00285_11497_0,1515,15:15,12.9,12.894736842105264,-0.005263157894736636
no07,533967_00285_11497_0,1530,15:30,14.3,14.36842105263158,0.06842105263157983
no07,533967_00285_11497_0,1545,15:45,15.8,15.736842105263158,-0.06315789473684319
no07,533967_00285_11497_0,1600,16:00,31.55,31.526315789473685,-0.023684210526315752
no07,533967_00285_11497_0,1615,16:15,19.35,19.36842105263158,0.01842105263157734
no07,533967_00285_11497_0,1630,16:30,34.75,34.73684210526316,-0.01315789473684248
no07,533967_00285_11497_0,1645,16:45,23.25,23.31578947368421,0.06578947368420884
no07,533967_00285_11497_0,1700,17:00,36.45,36.47368421052632,0.023684210526319305
no07,533967_00285_11497_0,1715,17:15,27.6,27.57894736842105,-0.0210526315789501
no07,533967_00285_11497_0,1730,17:30,20.15,20.157894736842103,0.007894736842104066
no07,533967_00285_11497_0,1745,17:45,20.95,20.94736842105263,-0.0026315789473692064
no07,533967_00285_11497_0,1800,18:00,27.4,27.31578947368421,-0.08421052631578974
no07,533967_00285_11497_0,1815,18:15,14.75,14.789473684210526,0.03947368421052566
no07,533967_00285_11497_0,1830,18:30,17.6,17.57894736842105,-0.0210526315789501
no07,533967_00285_11497_0,1845,18:45,20.1,20.157894736842103,0.057894736842101224
no07,533967_00285_11497_1,630,06:30,17.85,17.736842105263158,-0.1131578947368439
no07,533967_00285_11497_1,645,06:45,15.25,15.31578947368421,0.06578947368421062
no07,533967_00285_11497_1,700,07:00,36.7,36.68421052631579,-0.01578947368421524
no07,533967_00285_11497_1,715,07:15,27.6,27.63157894736842,0.03157894736841982
no07,533967_00285_11497_1,730,07:30,40.05,40.1578947368421,0.10789473684210549
no07,533967_00285_11497_1,745,07:45,57.2,56.526315789473685,-0.6736842105263179
no07,533967_00285_11497_1,800,08:00,46.7,47.05263157894737,0.3526315789473671
no07,533967_00285_11497_1,815,08:15,44.8,45.31578947368421,0.5157894736842152
no07,533967_00285_11497_1,830,08:30,9.85,9.578947368421051,-0.2710526315789483
no07,533967_00285_11497_1,845,08:45,0.0,0.0,0.0
no07,533967_00285_11497_1,900,09:00,4.05,4.157894736842105,0.10789473684210549
no07,533967_00285_11497_1,915,09:15,8.1,8.052631578947368,-0.047368421052631504
no07,533967_00285_11497_1,930,09:30,40.75,40.42105263157895,-0.32894736842104777
no07,533967_00285_11497_1,945,09:45,14.2,14.36842105263158,0.16842105263158125
no07,533967_00285_11497_1,1000,10:00,31.3,31.42105263157895,0.12105263157894797
no07,533967_00285_11497_1,1015,10:15,9.75,9.789473684210526,0.03947368421052566
no07,533967_00285_11497_1,1030,10:30,1.85,1.7894736842105263,-0.06052631578947376
no07,533967_00285_11497_1,1045,10:45,8.55,8.421052631578947,-0.1289473684210538
no07,533967_00285_11497_1,1100,11:00,3.5,3.631578947368421,0.1315789473684208
no07,533967_00285_11497_1,1115,11:15,59.45,59.26315789473684,-0.18684210526316036
no07,533967_00285_11497_1,1130,11:30,13.5,13.68421052631579,0.18421052631578938
no07,533967_00285_11497_1,1145,11:45,6.15,6.157894736842105,0.007894736842104955
no07,533967_00285_11497_1,1200,12:00,9.3,9.31578947368421,0.01578947368420991
no07,533967_00285_11497_1,1215,12:15,2.35,2.263157894736842,-0.08684210526315805
no07,533967_00285_11497_1,1230,12:30,24.2,23.94736842105263,-0.2526315789473692
no07,533967_00285_11497_1,1245,12:45,13.85,14.105263157894736,0.25526315789473664
no07,533967_00285_11497_1,1300,13:00,11.1,11.157894736842104,0.05789473684210478
no07,533967_00285_11497_1,1315,13:15,4.05,4.052631578947368,0.002631578947368318
no07,533967_00285_11497_1,1330,13:30,51.1,50.94736842105263,-0.15263157894737134
no07,533967_00285_11497_1,1345,13:45,24.9,25.05263157894737,0.15263157894737134
no07,533967_00285_11497_1,1400,14:00,19.3,19.26315789473684,-0.036842105263161784
no07,533967_00285_11497_1,1415,14:15,1.7,1.736842105263158,0.03684210526315801
no07,533967_00285_11497_1,1430,14:30,0.0,0.0,0.0
no07,533967_00285_11497_1,1445,14:45,7.7,7.7894736842105265,0.08947368421052637
no07,533967_00285_11497_1,1500,15:00,16.3,16.31578947368421,0.015789473684208133
no07,533967_00285_11497_1,1515,15:15,8.3,8.0,-0.3000000000000007
no07,533967_00285_11497_1,1530,15:30,4.3,4.421052631578948,0.12105263157894797
no07,533967_00285_11497_1,1545,15:45,15.9,15.842105263157896,-0.05789473684210478
no07,533967_00285_11497_1,1600,16:00,22.55,22.526315789473685,-0.023684210526315752
no07,533967_00285_11497_1,1615,16:15,8.95,9.105263157894736,0.155263157894737
no07,533967_00285_11497_1,1630,16:30,15.5,14.842105263157896,-0.6578947368421044
no07,533967_00285_11497_1,1645,16:45,7.1,7.894736842105263,0.7947368421052632
no07,533967_00285_11497_1,1700,17:00,15.9,15.68421052631579,-0.21578947368421098
no07,533967_00285_11497_1,1715,17:15,25.95,25.789473684210527,-0.16052631578947185
no07,533967_00285_11497_1,1730,17:30,48.1,48.05263157894737,-0.047368421052631504
no07,533967_00285_11497_1,1745,17:45,25.65,25.894736842105264,0.24473684210526514
no07,533967_00285_11497_1,1800,18:00,17.45,17.42105263157895,-0.028947368421050612
no07,533967_00285_11497_1,1815,18:15,17.1,15.36842105263158,-1.7315789473684209
no07,533967_00285_11497_1,1830,18:30,28.5,30.26315789473684,1.763157894736839
no07,533967_00285_11497_1,1845,18:45,37.55,36.89473684210526,-0.655263157894737
no07,533967_00319_00539_0,630,06:30,60.55,60.47368421052632,-0.07631578947367501
no07,533967_00319_00539_0,645,06:45,75.4,75.52631578947368,0.12631578947367927
no07,533967_00319_00539_0,700,07:00,58.2,58.21052631578947,0.01052631578946972
no07,533967_00319_00539_0,715,07:15,89.15,89.36842105263158,0.21842105263156952
no07,533967_00319_00539_0,730,07:30,84.45,85.10526315789474,0.655263157894737
no07,533967_00319_00539_0,745,07:45,80.15,77.3157894736842,-2.8342105263158004
no07,533967_00319_00539_0,800,08:00,147.05,147.10526315789474,0.055263157894728465
no07,533967_00319_00539_0,815,08:15,90.25,93.26315789473684,3.0131578947368354
no07,533967_00319_00539_0,830,08:30,106.65,106.57894736842104,-0.07105263157896502
no07,533967_00319_00539_0,845,08:45,142.3,141.10526315789474,-1.1947368421052715
no07,533967_00319_00539_0,900,09:00,93.5,93.6842105263158,0.1842105263157947
no07,533967_00319_00539_0,915,09:15,92.95,93.10526315789474,0.155263157894737
no07,533967_00319_00539_0,930,09:30,128.8,128.42105263157896,-0.37894736842105203
no07,533967_00319_00539_0,945,09:45,105.85,106.05263157894736,0.2026315789473614
no07,533967_00319_00539_0,1000,10:00,103.3,103.15789473684212,-0.1421052631578732
no07,533967_00319_00539_0,1015,10:15,85.9,85.78947368421052,-0.11052631578948535
no07,533967_00319_00539_0,1030,10:30,90.0,90.15789473684212,0.15789473684212396
no07,533967_00319_00539_0,1045,10:45,101.45,101.36842105263158,-0.08157894736842763
no07,533967_00319_00539_0,1100,11:00,88.3,88.47368421052632,0.17368421052631788
no07,533967_00319_00539_0,1115,11:15,66.55,66.47368421052632,-0.07631578947368212
no07,533967_00319_00539_0,1130,11:30,80.3,80.36842105263158,0.06842105263157805
no07,533967_00319_00539_0,1145,11:45,107.95,107.78947368421052,-0.1605263157894825
no07,533967_00319_00539_0,1200,12:00,68.6,68.84210526315789,0.24210526315789593
no07,533967_00319_00539_0,1215,12:15,75.4,75.05263157894737,-0.34736842105263577
no07,533967_00319_00539_0,1230,12:30,85.05,85.36842105263158,0.31842105263157805
no07,533967_00319_00539_0,1245,12:45,82.9,82.73684210526316,-0.16315789473684106
no07,533967_00319_00539_0,1300,13:00,106.5,106.36842105263158,-0.1315789473684248
no07,533967_00319_00539_0,1315,13:15,77.15,77.21052631578948,0.06052631578947398
no07,533967_00319_00539_0,1330,13:30,70.95,71.15789473684211,0.2078947368421069
no07,533967_00319_00539_0,1345,13:45,79.75,79.73684210526316,-0.013157894736835374
no07,533967_00319_00539_0,1400,14:00,76.7,76.52631578947368,-0.17368421052631788
no07,533967_00319_00539_0,1415,14:15,88.65,88.89473684210526,0.24473684210525448
no07,533967_00319_00539_0,1430,14:30,90.7,90.42105263157896,-0.2789473684210435
no07,533967_00319_00539_0,1445,14:45,84.85,85.21052631578948,0.36052631578948535
no07,533967_00319_00539_0,1500,15:00,85.5,84.78947368421052,-0.7105263157894797
no07,533967_00319_00539_0,1515,15:15,120.45,121.10526315789474,0.655263157894737
no07,533967_00319_00539_0,1530,15:30,89.0,88.73684210526316,-0.2631578947368354
no07,533967_00319_00539_0,1545,15:45,80.5,80.52631578947368,0.02631578947368496
no07,533967_00319_00539_0,1600,16:00,66.05,66.3157894736842,0.26578947368420813
no07,533967_00319_00539_0,1615,16:15,103.35,103.05263157894736,-0.2973684210526386
no07,533967_00319_00539_0,1630,16:30,61.45,61.63157894736842,0.18157894736841484
no07,533967_00319_00539_0,1645,16:45,95.15,95.15789473684212,0.007894736842118277
no07,533967_00319_00539_0,1700,17:00,84.55,84.21052631578948,-0.3394736842105175
no07,533967_00319_00539_0,1715,17:15,107.9,108.10526315789474,0.20526315789473415
no07,533967_00319_00539_0,1730,17:30,91.05,88.57894736842105,-2.4710526315789423
no07,533967_00319_00539_0,1745,17:45,105.5,96.84210526315788,-8.657894736842124
no07,533967_00319_00539_0,1800,18:00,100.7,101.84210526315788,1.1421052631578732
no07,533967_00319_00539_0,1815,18:15,115.45,116.10526315789474,0.655263157894737
no07,533967_00319_00539_0,1830,18:30,110.6,120.05263157894736,9.452631578947361
no07,533967_00319_00539_0,1845,18:45,90.55,90.42105263157896,-0.12894736842103782
no07,533967_00319_00539_1,630,06:30,96.8,94.05263157894736,-2.7473684210526415
no07,533967_00319_00539_1,645,06:45,138.2,133.89473684210526,-4.3052631578947285
no07,533967_00319_00539_1,700,07:00,139.0,134.6315789473684,-4.368421052631589
no07,533967_00319_00539_1,715,07:15,111.7,110.78947368421052,-0.9105263157894825
no07,533967_00319_00539_1,730,07:30,92.45,100.78947368421052,8.339473684210517
no07,533967_00319_00539_1,745,07:45,30.9,34.21052631578947,3.310526315789474
no07,533967_00319_00539_1,800,08:00,92.0,92.15789473684212,0.15789473684212396
no07,533967_00319_00539_1,815,08:15,81.35,80.84210526315789,-0.5078947368421041
no07,533967_00319_00539_1,830,08:30,79.15,78.05263157894737,-1.0973684210526358
no07,533967_00319_00539_1,845,08:45,74.15,74.15789473684211,0.007894736842104066
no07,533967_00319_00539_1,900,09:00,69.9,71.26315789473684,1.3631578947368297
no07,533967_00319_00539_1,915,09:15,46.85,46.73684210526316,-0.1131578947368439
no07,533967_00319_00539_1,930,09:30,68.75,68.47368421052632,-0.27631578947368496
no07,533967_00319_00539_1,945,09:45,76.3,77.05263157894737,0.7526315789473728
no07,533967_00319_00539_1,1000,10:00,68.65,68.73684210526316,0.08684210526315894
no07,533967_00319_00539_1,1015,10:15,53.1,53.0,-0.10000000000000142
no07,533967_00319_00539_1,1030,10:30,79.1,79.26315789473684,0.16315789473684106
no07,533967_00319_00539_1,1045,10:45,95.55,95.84210526315788,0.2921052631578789
no07,533967_00319_00539_1,1100,11:00,85.3,85.0,-0.29999999999999716
no07,533967_00319_00539_1,1115,11:15,89.05,89.05263157894737,0.002631578947372759
no07,533967_00319_00539_1,1130,11:30,84.05,83.84210526315789,-0.2078947368421069
no07,533967_00319_00539_1,1145,11:45,95.35,96.05263157894736,0.7026315789473614
no07,533967_00319_00539_1,1200,12:00,76.25,75.21052631578948,-1.0394736842105203
no07,533967_00319_00539_1,1215,12:15,57.35,58.31578947368421,0.965789473684211
no07,533967_00319_00539_1,1230,12:30,76.6,75.84210526315789,-0.7578947368421041
no07,533967_00319_00539_1,1245,12:45,89.65,90.21052631578948,0.560526315789474
no07,533967_00319_00539_1,1300,13:00,81.2,81.10526315789474,-0.09473684210526301
no07,533967_00319_00539_1,1315,13:15,56.85,56.78947368421053,-0.06052631578947398
no07,533967_00319_00539_1,1330,13:30,92.9,92.78947368421052,-0.11052631578948535
no07,533967_00319_00539_1,1345,13:45,89.9,89.42105263157895,-0.47894736842106056
no07,533967_00319_00539_1,1400,14:00,81.6,82.57894736842105,0.9789473684210606
no07,533967_00319_00539_1,1415,14:15,86.1,85.3157894736842,-0.784210526315789
no07,533967_00319_00539_1,1430,14:30,81.3,81.42105263157895,0.12105263157894797
no07,533967_00319_00539_1,1445,14:45,60.85,60.578947368421055,-0.27105263157894655
no07,533967_00319_00539_1,1500,15:00,78.1,78.89473684210526,0.7947368421052659
no07,533967_00319_00539_1,1515,15:15,86.65,86.21052631578948,-0.439473684210526
no07,533967_00319_00539_1,1530,15:30,61.25,61.0,-0.25
no07,533967_00319_00539_1,1545,15:45,70.4,70.89473684210526,0.4947368421052545
no07,533967_00319_00539_1,1600,16:00,61.0,60.36842105263158,-0.6315789473684177
no07,533967_00319_00539_1,1615,16:15,85.45,85.52631578947368,0.07631578947368212
no07,533967_00319_00539_1,1630,16:30,63.4,63.8421052631579,0.4421052631578988
no07,533967_00319_00539_1,1645,16:45,81.15,81.57894736842105,0.4289473684210492
no07,533967_00319_00539_1,1700,17:00,67.2,66.84210526315789,-0.3578947368421126
no07,533967_00319_00539_1,1715,17:15,85.7,84.6842105263158,-1.0157894736842081
no07,533967_00319_00539_1,1730,17:30,71.25,71.84210526315789,0.5921052631578902
no07,533967_00319_00539_1,1745,17:45,89.25,88.05263157894737,-1.19736842105263
no07,533967_00319_00539_1,1800,18:00,38.9,40.526315789473685,1.6263157894736864
no07,533967_00319_00539_1,1815,18:15,37.7,37.1578947368421,-0.5421052631579002
no07,533967_00319_00539_1,1830,18:30,36.1,36.94736842105263,0.8473684210526287
no07,533967_00319_00539_1,1845,18:45,40.25,39.68421052631579,-0.5657894736842124
no07,533967_00319_01435_0,630,06:30,0.0,0.0,0.0
no07,533967_00319_01435_0,645,06:45,0.0,0.0,0.0
no07,533967_00319_01435_0,700,07:00,0.0,0.0,0.0
no07,533967_00319_01435_0,715,07:15,0.0,0.0,0.0
no07,533967_00319_01435_0,730,07:30,0.0,0.0,0.0
no07,533967_00319_01435_0,745,07:45,0.0,0.0,0.0
no07,533967_00319_01435_0,800,08:00,0.0,0.0,0.0
no07,533967_00319_01435_0,815,08:15,0.0,0.0,0.0
no07,533967_00319_01435_0,830,08:30,0.0,0.0,0.0
no07,533967_00319_01435_0,845,08:45,0.0,0.0,0.0
no07,533967_00319_01435_0,900,09:00,0.0,0.0,0.0
no07,533967_00319_01435_0,915,09:15,0.0,0.0,0.0
no07,533967_00319_01435_0,930,09:30,0.0,0.0,0.0
no07,533967_00319_01435_0,945,09:45,0.0,0.0,0.0
no07,533967_00319_01435_0,1000,10:00,0.0,0.0,0.0
no07,533967_00319_01435_0,1015,10:15,0.0,0.0,0.0
no07,533967_00319_01435_0,1030,10:30,0.0,0.0,0.0
no07,533967_00319_01435_0,1045,10:45,0.0,0.0,0.0
no07,533967_00319_01435_0,1100,11:00,0.0,0.0,0.0
no07,533967_00319_01435_0,1115,11:15,0.0,0.0,0.0
no07,533967_00319_01435_0,1130,11:30,0.0,0.0,0.0
no07,533967_00319_01435_0,1145,11:45,0.0,0.0,0.0
no07,533967_00319_01435_0,1200,12:00,0.0,0.0,0.0
no07,533967_00319_01435_0,1215,12:15,0.0,0.0,0.0
no07,533967_00319_01435_0,1230,12:30,0.0,0.0,0.0
no07,533967_00319_01435_0,1245,12:45,0.0,0.0,0.0
no07,533967_00319_01435_0,1300,13:00,0.0,0.0,0.0
no07,533967_00319_01435_0,1315,13:15,0.0,0.0,0.0
no07,533967_00319_01435_0,1330,13:30,0.0,0.0,0.0
no07,533967_00319_01435_0,1345,13:45,0.0,0.0,0.0
no07,533967_00319_01435_0,1400,14:00,0.0,0.0,0.0
no07,533967_00319_01435_0,1415,14:15,0.0,0.0,0.0
no07,533967_00319_01435_0,1430,14:30,0.0,0.0,0.0
no07,533967_00319_01435_0,1445,14:45,0.0,0.0,0.0
no07,533967_00319_01435_0,1500,15:00,0.0,0.0,0.0
no07,533967_00319_01435_0,1515,15:15,0.0,0.0,0.0
no07,533967_00319_01435_0,1530,15:30,0.0,0.0,0.0
no07,533967_00319_01435_0,1545,15:45,0.0,0.0,0.0
no07,533967_00319_01435_0,1600,16:00,0.0,0.0,0.0
no07,533967_00319_01435_0,1615,16:15,0.0,0.0,0.0
no07,533967_00319_01435_0,1630,16:30,0.0,0.0,0.0
no07,533967_00319_01435_0,1645,16:45,0.0,0.0,0.0
no07,533967_00319_01435_0,1700,17:00,0.0,0.0,0.0
no07,533967_00319_01435_0,1715,17:15,0.0,0.0,0.0
no07,533967_00319_01435_0,1730,17:30,0.0,0.0,0.0
no07,533967_00319_01435_0,1745,17:45,0.0,0.0,0.0
no07,533967_00319_01435_0,1800,18:00,0.0,0.0,0.0
no07,533967_00319_01435_0,1815,18:15,0.0,0.0,0.0
no07,533967_00319_01435_0,1830,18:30,0.0,0.0,0.0
no07,533967_00319_01435_0,1845,18:45,0.0,0.0,0.0
no07,533967_00319_01435_1,630,06:30,0.0,0.0,0.0
no07,533967_00319_01435_1,645,06:45,0.0,0.0,0.0
no07,533967_00319_01435_1,700,07:00,0.0,0.0,0.0
no07,533967_00319_01435_1,715,07:15,0.0,0.0,0.0
no07,533967_00319_01435_1,730,07:30,0.0,0.0,0.0
no07,533967_00319_01435_1,745,07:45,0.0,0.0,0.0
no07,533967_00319_01435_1,800,08:00,0.0,0.0,0.0
no07,533967_00319_01435_1,815,08:15,0.0,0.0,0.0
no07,533967_00319_01435_1,830,08:30,0.0,0.0,0.0
no07,533967_00319_01435_1,845,08:45,0.0,0.0,0.0
no07,533967_00319_01435_1,900,09:00,0.0,0.0,0.0
no07,533967_00319_01435_1,915,09:15,0.0,0.0,0.0
no07,533967_00319_01435_1,930,09:30,0.0,0.0,0.0
no07,533967_00319_01435_1,945,09:45,0.0,0.0,0.0
no07,533967_00319_01435_1,1000,10:00,0.0,0.0,0.0
no07,533967_00319_01435_1,1015,10:15,0.0,0.0,0.0
no07,533967_00319_01435_1,1030,10:30,0.0,0.0,0.0
no07,533967_00319_01435_1,1045,10:45,0.0,0.0,0.0
no07,533967_00319_01435_1,1100,11:00,0.0,0.0,0.0
no07,533967_00319_01435_1,1115,11:15,0.0,0.0,0.0
no07,533967_00319_01435_1,1130,11:30,0.0,0.0,0.0
no07,533967_00319_01435_1,1145,11:45,0.0,0.0,0.0
no07,533967_00319_01435_1,1200,12:00,0.0,0.0,0.0
no07,533967_00319_01435_1,1215,12:15,0.0,0.0,0.0
no07,533967_00319_01435_1,1230,12:30,0.0,0.0,0.0
no07,533967_00319_01435_1,1245,12:45,0.0,0.0,0.0
no07,533967_00319_01435_1,1300,13:00,0.0,0.0,0.0
no07,533967_00319_01435_1,1315,13:15,0.0,0.0,0.0
no07,533967_00319_01435_1,1330,13:30,0.0,0.0,0.0
no07,533967_00319_01435_1,1345,13:45,0.0,0.0,0.0
no07,533967_00319_01435_1,1400,14:00,0.0,0.0,0.0
no07,533967_00319_01435_1,1415,14:15,0.0,0.0,0.0
no07,533967_00319_01435_1,1430,14:30,0.0,0.0,0.0
no07,533967_00319_01435_1,1445,14:45,0.0,0.0,0.0
no07,533967_00319_01435_1,1500,15:00,0.0,0.0,0.0
no07,533967_00319_01435_1,1515,15:15,0.0,0.0,0.0
no07,533967_00319_01435_1,1530,15:30,0.0,0.0,0.0
no07,533967_00319_01435_1,1545,15:45,0.0,0.0,0.0
no07,533967_00319_01435_1,1600,16:00,0.0,0.0,0.0
no07,533967_00319_01435_1,1615,16:15,0.0,0.0,0.0
no07,533967_00319_01435_1,1630,16:30,0.0,0.0,0.0
no07,533967_00319_01435_1,1645,16:45,0.0,0.0,0.0
no07,533967_00319_01435_1,1700,17:00,0.0,0.0,0.0
no07,533967_00319_01435_1,1715,17:15,0.0,0.0,0.0
no07,533967_00319_01435_1,1730,17:30,0.0,0.0,0.0
no07,533967_00319_01435_1,1745,17:45,0.0,0.0,0.0
no07,533967_00319_01435_1,1800,18:00,0.0,0.0,0.0
no07,533967_00319_01435_1,1815,18:15,0.0,0.0,0.0
no07,533967_00319_01435_1,1830,18:30,0.0,0.0,0.0
no07,533967_00319_01435_1,1845,18:45,0.0,0.0,0.0
no07,533967_00319_11518_0,630,06:30,96.8,94.05263157894736,-2.7473684210526415
no07,533967_00319_11518_0,645,06:45,138.2,133.89473684210526,-4.3052631578947285
no07,533967_00319_11518_0,700,07:00,139.0,134.6315789473684,-4.368421052631589
no07,533967_00319_11518_0,715,07:15,111.7,110.78947368421052,-0.9105263157894825
no07,533967_00319_11518_0,730,07:30,92.45,100.78947368421052,8.339473684210517
no07,533967_00319_11518_0,745,07:45,30.9,34.21052631578947,3.310526315789474
no07,533967_00319_11518_0,800,08:00,92.0,92.15789473684212,0.15789473684212396
no07,533967_00319_11518_0,815,08:15,81.35,80.84210526315789,-0.5078947368421041
no07,533967_00319_11518_0,830,08:30,79.15,78.05263157894737,-1.0973684210526358
no07,533967_00319_11518_0,845,08:45,74.15,74.15789473684211,0.007894736842104066
no07,533967_00319_11518_0,900,09:00,69.9,71.26315789473684,1.3631578947368297
no07,533967_00319_11518_0,915,09:15,46.85,46.73684210526316,-0.1131578947368439
no07,533967_00319_11518_0,930,09:30,68.75,68.47368421052632,-0.27631578947368496
no07,533967_00319_11518_0,945,09:45,76.3,77.05263157894737,0.7526315789473728
no07,533967_00319_11518_0,1000,10:00,68.65,68.73684210526316,0.08684210526315894
no07,533967_00319_11518_0,1015,10:15,53.1,53.0,-0.10000000000000142
no07,533967_00319_11518_0,1030,10:30,79.1,79.26315789473684,0.16315789473684106
no07,533967_00319_11518_0,1045,10:45,95.55,95.84210526315788,0.2921052631578789
no07,533967_00319_11518_0,1100,11:00,85.3,85.0,-0.29999999999999716
no07,533967_00319_11518_0,1115,11:15,89.05,89.05263157894737,0.002631578947372759
no07,533967_00319_11518_0,1130,11:30,84.05,83.84210526315789,-0.2078947368421069
no07,533967_00319_11518_0,1145,11:45,95.35,96.05263157894736,0.7026315789473614
no07,533967_00319_11518_0,1200,12:00,76.25,75.21052631578948,-1.0394736842105203
no07,533967_00319_11518_0,1215,12:15,57.35,58.31578947368421,0.965789473684211
no07,533967_00319_11518_0,1230,12:30,76.6,75.84210526315789,-0.7578947368421041
no07,533967_00319_11518_0,1245,12:45,89.65,90.21052631578948,0.560526315789474
no07,533967_00319_11518_0,1300,13:00,81.2,81.10526315789474,-0.09473684210526301
no07,533967_00319_11518_0,1315,13:15,56.85,56.78947368421053,-0.06052631578947398
no07,533967_00319_11518_0,1330,13:30,92.9,92.78947368421052,-0.11052631578948535
no07,533967_00319_11518_0,1345,13:45,89.9,89.42105263157895,-0.47894736842106056
no07,533967_00319_11518_0,1400,14:00,81.6,82.57894736842105,0.9789473684210606
no07,533967_00319_11518_0,1415,14:15,86.1,85.3157894736842,-0.784210526315789
no07,533967_00319_11518_0,1430,14:30,81.3,81.42105263157895,0.12105263157894797
no07,533967_00319_11518_0,1445,14:45,60.85,60.578947368421055,-0.27105263157894655
no07,533967_00319_11518_0,1500,15:00,78.05,78.84210526315789,0.7921052631578931
no07,533967_00319_11518_0,1515,15:15,86.7,86.26315789473684,-0.43684210526316747
no07,533967_00319_11518_0,1530,15:30,61.2,61.0,-0.20000000000000284
no07,533967_00319_11518_0,1545,15:45,70.45,70.89473684210526,0.4447368421052573
no07,533967_00319_11518_0,1600,16:00,60.35,59.89473684210526,-0.45526315789474125
no07,533967_00319_11518_0,1615,16:15,85.1,85.0,-0.09999999999999432
no07,533967_00319_11518_0,1630,16:30,63.7,64.15789473684211,0.4578947368421069
no07,533967_00319_11518_0,1645,16:45,80.85,81.26315789473684,0.41315789473684106
no07,533967_00319_11518_0,1700,17:00,67.2,66.84210526315789,-0.3578947368421126
no07,533967_00319_11518_0,1715,17:15,85.8,84.73684210526316,-1.0631578947368325
no07,533967_00319_11518_0,1730,17:30,72.1,72.73684210526316,0.6368421052631703
no07,533967_00319_11518_0,1745,17:45,88.5,87.36842105263158,-1.1315789473684248
no07,533967_00319_11518_0,1800,18:00,39.6,41.1578947368421,1.5578947368421012
no07,533967_00319_11518_0,1815,18:15,36.5,36.0,-0.5
no07,533967_00319_11518_0,1830,18:30,37.1,37.8421052631579,0.7421052631578959
no07,533967_00319_11518_0,1845,18:45,40.5,39.89473684210526,-0.6052631578947398
no07,533967_00319_11518_1,630,06:30,61.8,61.78947368421053,-0.01052631578946972
no07,533967_00319_11518_1,645,06:45,75.25,75.36842105263158,0.11842105263157521
no07,533967_00319_11518_1,700,07:00,58.2,57.94736842105263,-0.25263157894737276
no07,533967_00319_11518_1,715,07:15,89.85,90.26315789473684,0.41315789473684106
no07,533967_00319_11518_1,730,07:30,84.9,84.47368421052632,-0.42631578947369064
no07,533967_00319_11518_1,745,07:45,92.2,90.78947368421052,-1.4105263157894825
no07,533967_00319_11518_1,800,08:00,134.75,136.10526315789474,1.3552631578947398
no07,533967_00319_11518_1,815,08:15,99.65,101.10526315789474,1.4552631578947341
no07,533967_00319_11518_1,830,08:30,104.5,104.3157894736842,-0.1842105263157947
no07,533967_00319_11518_1,845,08:45,138.1,136.6315789473684,-1.4684210526315837
no07,533967_00319_11518_1,900,09:00,90.15,90.52631578947368,0.3763157894736793
no07,533967_00319_11518_1,915,09:15,103.45,103.42105263157896,-0.028947368421043507
no07,533967_00319_11518_1,930,09:30,121.1,120.73684210526316,-0.3631578947368297
no07,533967_00319_11518_1,945,09:45,103.05,103.52631578947368,0.4763157894736878
no07,533967_00319_11518_1,1000,10:00,104.4,104.10526315789474,-0.29473684210526585
no07,533967_00319_11518_1,1015,10:15,86.5,86.47368421052632,-0.02631578947368496
no07,533967_00319_11518_1,1030,10:30,88.9,89.15789473684211,0.25789473684210407
no07,533967_00319_11518_1,1045,10:45,101.7,101.63157894736842,-0.06842105263157805
no07,533967_00319_11518_1,1100,11:00,87.55,87.6842105263158,0.13421052631579755
no07,533967_00319_11518_1,1115,11:15,66.15,66.05263157894737,-0.09736842105263577
no07,533967_00319_11518_1,1130,11:30,80.45,80.42105263157895,-0.028947368421057718
no07,533967_00319_11518_1,1145,11:45,108.4,108.36842105263158,-0.03157894736843048
no07,533967_00319_11518_1,1200,12:00,67.35,67.57894736842105,0.22894736842106056
no07,533967_00319_11518_1,1215,12:15,75.45,75.21052631578948,-0.23947368421052317
no07,533967_00319_11518_1,1230,12:30,84.85,85.10526315789474,0.2552631578947455
no07,533967_00319_11518_1,1245,12:45,83.3,83.15789473684211,-0.1421052631578874
no07,533967_00319_11518_1,1300,13:00,108.15,108.10526315789474,-0.04473684210526585
no07,533967_00319_11518_1,1315,13:15,75.65,75.63157894736842,-0.018421052631580892
no07,533967_00319_11518_1,1330,13:30,71.15,71.3157894736842,0.1657894736841996
no07,533967_00319_11518_1,1345,13:45,80.0,80.05263157894737,0.05263157894736992
no07,533967_00319_11518_1,1400,14:00,75.65,75.42105263157895,-0.22894736842106056
no07,533967_00319_11518_1,1415,14:15,88.9,89.05263157894737,0.15263157894736423
no07,533967_00319_11518_1,1430,14:30,91.1,90.94736842105264,-0.15263157894735002
no07,533967_00319_11518_1,1445,14:45,85.2,85.42105263157895,0.22105263157894228
no07,533967_00319_11518_1,1500,15:00,85.2,84.94736842105263,-0.25263157894737276
no07,533967_00319_11518_1,1515,15:15,119.95,120.15789473684212,0.20789473684212112
no07,533967_00319_11518_1,1530,15:30,89.1,88.89473684210526,-0.20526315789473415
no07,533967_00319_11518_1,1545,15:45,80.0,80.05263157894737,0.05263157894736992
no07,533967_00319_11518_1,1600,16:00,66.8,67.05263157894737,0.25263157894737276
no07,533967_00319_11518_1,1615,16:15,104.1,103.84210526315788,-0.2578947368421183
no07,533967_00319_11518_1,1630,16:30,60.75,60.78947368421053,0.03947368421052744
no07,533967_00319_11518_1,1645,16:45,95.6,95.6842105263158,0.0842105263158004
no07,533967_00319_11518_1,1700,17:00,84.8,84.63157894736842,-0.16842105263157237
no07,533967_00319_11518_1,1715,17:15,107.35,107.42105263157896,0.07105263157896502
no07,533967_00319_11518_1,1730,17:30,93.1,92.52631578947368,-0.5736842105263094
no07,533967_00319_11518_1,1745,17:45,107.85,102.78947368421052,-5.060526315789474
no07,533967_00319_11518_1,1800,18:00,97.5,100.42105263157896,2.9210526315789593
no07,533967_00319_11518_1,1815,18:15,115.35,115.21052631578948,-0.13947368421051465
no07,533967_00319_11518_1,1830,18:30,110.15,113.15789473684212,3.0078947368421183
no07,533967_00319_11518_1,1845,18:45,90.55,90.42105263157896,-0.12894736842103782
no07,533967_00319_87770_0,630,06:30,0.0,0.0,0.0
no07,533967_00319_87770_0,645,06:45,0.0,0.0,0.0
no07,533967_00319_87770_0,700,07:00,0.0,0.0,0.0
no07,533967_00319_87770_0,715,07:15,0.0,0.0,0.0
no07,533967_00319_87770_0,730,07:30,0.0,0.0,0.0
no07,533967_00319_87770_0,745,07:45,0.0,0.0,0.0
no07,533967_00319_87770_0,800,08:00,0.0,0.0,0.0
no07,533967_00319_87770_0,815,08:15,0.0,0.0,0.0
no07,533967_00319_87770_0,830,08:30,0.0,0.0,0.0
no07,533967_00319_87770_0,845,08:45,0.0,0.0,0.0
no07,533967_00319_87770_0,900,09:00,0.0,0.0,0.0
no07,533967_00319_87770_0,915,09:15,0.0,0.0,0.0
no07,533967_00319_87770_0,930,09:30,0.0,0.0,0.0
no07,533967_00319_87770_0,945,09:45,0.0,0.0,0.0
no07,533967_00319_87770_0,1000,10:00,0.0,0.0,0.0
no07,533967_00319_87770_0,1015,10:15,0.0,0.0,0.0
no07,533967_00319_87770_0,1030,10:30,0.0,0.0,0.0
no07,533967_00319_87770_0,1045,10:45,0.0,0.0,0.0
no07,533967_00319_87770_0,1100,11:00,0.0,0.0,0.0
no07,533967_00319_87770_0,1115,11:15,0.0,0.0,0.0
no07,533967_00319_87770_0,1130,11:30,0.0,0.0,0.0
no07,533967_00319_87770_0,1145,11:45,0.0,0.0,0.0
no07,533967_00319_87770_0,1200,12:00,0.0,0.0,0.0
no07,533967_00319_87770_0,1215,12:15,0.0,0.0,0.0
no07,533967_00319_87770_0,1230,12:30,0.0,0.0,0.0
no07,533967_00319_87770_0,1245,12:45,0.0,0.0,0.0
no07,533967_00319_87770_0,1300,13:00,0.0,0.0,0.0
no07,533967_00319_87770_0,1315,13:15,0.0,0.0,0.0
no07,533967_00319_87770_0,1330,13:30,0.0,0.0,0.0
no07,533967_00319_87770_0,1345,13:45,0.0,0.0,0.0
no07,533967_00319_87770_0,1400,14:00,0.0,0.0,0.0
no07,533967_00319_87770_0,1415,14:15,0.0,0.0,0.0
no07,533967_00319_87770_0,1430,14:30,0.0,0.0,0.0
no07,533967_00319_87770_0,1445,14:45,0.0,0.0,0.0
no07,533967_00319_87770_0,1500,15:00,0.0,0.0,0.0
no07,533967_00319_87770_0,1515,15:15,0.0,0.0,0.0
no07,533967_00319_87770_0,1530,15:30,0.0,0.0,0.0
no07,533967_00319_87770_0,1545,15:45,0.0,0.0,0.0
no07,533967_00319_87770_0,1600,16:00,0.0,0.0,0.0
no07,533967_00319_87770_0,1615,16:15,0.0,0.0,0.0
no07,533967_00319_87770_0,1630,16:30,0.0,0.0,0.0
no07,533967_00319_87770_0,1645,16:45,0.0,0.0,0.0
no07,533967_00319_87770_0,1700,17:00,0.0,0.0,0.0
no07,533967_00319_87770_0,1715,17:15,0.0,0.0,0.0
no07,533967_00319_87770_0,1730,17:30,0.0,0.0,0.0
no07,533967_00319_87770_0,1745,17:45,0.0,0.0,0.0
no07,533967_00319_87770_0,1800,18:00,0.0,0.0,0.0
no07,533967_00319_87770_0,1815,18:15,0.0,0.0,0.0
no07,533967_00319_87770_0,1830,18:30,0.0,0.0,0.0
no07,533967_00319_87770_0,1845,18:45,0.0,0.0,0.0
no07,533967_00319_87770_1,630,06:30,0.0,0.0,0.0
no07,533967_00319_87770_1,645,06:45,0.0,0.0,0.0
no07,533967_00319_87770_1,700,07:00,0.0,0.0,0.0
no07,533967_00319_87770_1,715,07:15,0.0,0.0,0.0
no07,533967_00319_87770_1,730,07:30,0.0,0.0,0.0
no07,533967_00319_87770_1,745,07:45,0.0,0.0,0.0
no07,533967_00319_87770_1,800,08:00,0.0,0.0,0.0
no07,533967_00319_87770_1,815,08:15,0.0,0.0,0.0
no07,533967_00319_87770_1,830,08:30,0.0,0.0,0.0
no07,533967_00319_87770_1,845,08:45,0.0,0.0,0.0
no07,533967_00319_87770_1,900,09:00,0.0,0.0,0.0
no07,533967_00319_87770_1,915,09:15,0.0,0.0,0.0
no07,533967_00319_87770_1,930,09:30,0.0,0.0,0.0
no07,533967_00319_87770_1,945,09:45,0.0,0.0,0.0
no07,533967_00319_87770_1,1000,10:00,0.0,0.0,0.0
no07,533967_00319_87770_1,1015,10:15,0.0,0.0,0.0
no07,533967_00319_87770_1,1030,10:30,0.0,0.0,0.0
no07,533967_00319_87770_1,1045,10:45,0.0,0.0,0.0
no07,533967_00319_87770_1,1100,11:00,0.0,0.0,0.0
no07,533967_00319_87770_1,1115,11:15,0.0,0.0,0.0
no07,533967_00319_87770_1,1130,11:30,0.0,0.0,0.0
no07,533967_00319_87770_1,1145,11:45,0.0,0.0,0.0
no07,533967_00319_87770_1,1200,12:00,0.0,0.0,0.0
no07,533967_00319_87770_1,1215,12:15,0.0,0.0,0.0
no07,533967_00319_87770_1,1230,12:30,0.0,0.0,0.0
no07,533967_00319_87770_1,1245,12:45,0.0,0.0,0.0
no07,533967_00319_87770_1,1300,13:00,0.0,0.0,0.0
no07,533967_00319_87770_1,1315,13:15,0.0,0.0,0.0
no07,533967_00319_87770_1,1330,13:30,0.0,0.0,0.0
no07,533967_00319_87770_1,1345,13:45,0.0,0.0,0.0
no07,533967_00319_87770_1,1400,14:00,0.0,0.0,0.0
no07,533967_00319_87770_1,1415,14:15,0.0,0.0,0.0
no07,533967_00319_87770_1,1430,14:30,0.0,0.0,0.0
no07,533967_00319_87770_1,1445,14:45,0.0,0.0,0.0
no07,533967_00319_87770_1,1500,15:00,0.0,0.0,0.0
no07,533967_00319_87770_1,1515,15:15,0.0,0.0,0.0
no07,533967_00319_87770_1,1530,15:30,0.0,0.0,0.0
no07,533967_00319_87770_1,1545,15:45,0.0,0.0,0.0
no07,533967_00319_87770_1,1600,16:00,0.0,0.0,0.0
no07,533967_00319_87770_1,1615,16:15,0.0,0.0,0.0
no07,533967_00319_87770_1,1630,16:30,0.0,0.0,0.0
no07,533967_00319_87770_1,1645,16:45,0.0,0.0,0.0
no07,533967_00319_87770_1,1700,17:00,0.0,0.0,0.0
no07,533967_00319_87770_1,1715,17:15,0.0,0.0,0.0
no07,533967_00319_87770_1,1730,17:30,0.0,0.0,0.0
no07,533967_00319_87770_1,1745,17:45,0.0,0.0,0.0
no07,533967_00319_87770_1,1800,18:00,0.0,0.0,0.0
no07,533967_00319_87770_1,1815,18:15,0.0,0.0,0.0
no07,533967_00319_87770_1,1830,18:30,0.0,0.0,0.0
no07,533967_00319_87770_1,1845,18:45,0.0,0.0,0.0
no07,533967_00532_00534_0,630,06:30,124.6,125.05263157894736,0.4526315789473614
no07,533967_00532_00534_0,645,06:45,91.65,91.94736842105264,0.2973684210526386
no07,533967_00532_00534_0,700,07:00,117.3,117.36842105263158,0.06842105263157805
no07,533967_00532_00534_0,715,07:15,121.9,121.52631578947368,-0.3736842105263207
no07,533967_00532_00534_0,730,07:30,121.2,121.15789473684212,-0.04210526315787888
no07,533967_00532_00534_0,745,07:45,118.15,117.52631578947368,-0.6236842105263207
no07,533967_00532_00534_0,800,08:00,122.8,125.36842105263158,2.568421052631578
no07,533967_00532_00534_0,815,08:15,119.6,119.84210526315788,0.24210526315788172
no07,533967_00532_00534_0,830,08:30,153.05,152.94736842105263,-0.10263157894738129
no07,533967_00532_00534_0,845,08:45,155.2,153.89473684210526,-1.3052631578947285
no07,533967_00532_00534_0,900,09:00,134.2,133.3684210526316,-0.8315789473683992
no07,533967_00532_00534_0,915,09:15,130.45,130.6315789473684,0.18157894736842195
no07,533967_00532_00534_0,930,09:30,144.2,144.10526315789474,-0.0947368421052488
no07,533967_00532_00534_0,945,09:45,102.8,101.42105263157896,-1.3789473684210378
no07,533967_00532_00534_0,1000,10:00,88.0,88.94736842105263,0.9473684210526301
no07,533967_00532_00534_0,1015,10:15,98.05,97.6842105263158,-0.36578947368420245
no07,533967_00532_00534_0,1030,10:30,112.1,112.89473684210526,0.7947368421052659
no07,533967_00532_00534_0,1045,10:45,82.75,83.10526315789474,0.35526315789473983
no07,533967_00532_00534_0,1100,11:00,106.2,107.47368421052632,1.2736842105263122
no07,533967_00532_00534_0,1115,11:15,111.0,110.73684210526316,-0.2631578947368354
no07,533967_00532_00534_0,1130,11:30,124.95,125.6842105263158,0.7342105263157919
no07,533967_00532_00534_0,1145,11:45,105.15,104.89473684210526,-0.2552631578947455
no07,533967_00532_00534_0,1200,12:00,103.7,103.57894736842104,-0.12105263157896218
no07,533967_00532_00534_0,1215,12:15,117.25,116.94736842105264,-0.3026315789473557
no07,533967_00532_00534_0,1230,12:30,127.2,127.26315789473684,0.06315789473683253
no07,533967_00532_00534_0,1245,12:45,107.65,107.05263157894736,-0.59736842105265
no07,533967_00532_00534_0,1300,13:00,114.4,114.05263157894736,-0.34736842105265
no07,533967_00532_00534_0,1315,13:15,109.0,109.78947368421052,0.7894736842105203
no07,533967_00532_00534_0,1330,13:30,123.75,123.47368421052632,-0.27631578947368496
no07,533967_00532_00534_0,1345,13:45,117.1,117.10526315789474,0.005263157894745518
no07,533967_00532_00534_0,1400,14:00,142.85,142.21052631578948,-0.6394736842105146
no07,533967_00532_00534_0,1415,14:15,138.3,138.73684210526315,0.43684210526313905
no07,533967_00532_00534_0,1430,14:30,113.85,113.6842105263158,-0.1657894736841996
no07,533967_00532_00534_0,1445,14:45,126.15,125.78947368421052,-0.36052631578948535
no07,533967_00532_00534_0,1500,15:00,111.4,115.10526315789474,3.705263157894734
no07,533967_00532_00534_0,1515,15:15,114.8,112.63157894736842,-2.1684210526315724
no07,533967_00532_00534_0,1530,15:30,130.2,130.73684210526315,0.5368421052631618
no07,533967_00532_00534_0,1545,15:45,100.25,100.42105263157896,0.17105263157895934
no07,533967_00532_00534_0,1600,16:00,105.45,105.05263157894736,-0.39736842105264714
no07,533967_00532_00534_0,1615,16:15,121.95,122.05263157894736,0.10263157894735286
no07,533967_00532_00534_0,1630,16:30,100.45,100.42105263157896,-0.028947368421043507
no07,533967_00532_00534_0,1645,16:45,125.1,124.6842105263158,-0.4157894736841996
no07,533967_00532_00534_0,1700,17:00,123.75,124.26315789473684,0.5131578947368354
no07,533967_00532_00534_0,1715,17:15,106.0,105.89473684210526,-0.10526315789473983
no07,533967_00532_00534_0,1730,17:30,97.35,96.94736842105264,-0.40263157894735
no07,533967_00532_00534_0,1745,17:45,123.95,123.47368421052632,-0.4763157894736878
no07,533967_00532_00534_0,1800,18:00,112.5,110.94736842105264,-1.5526315789473557
no07,533967_00532_00534_0,1815,18:15,127.45,126.73684210526316,-0.7131578947368382
no07,533967_00532_00534_0,1830,18:30,114.75,115.36842105263158,0.6184210526315752
no07,533967_00532_00534_0,1845,18:45,89.35,89.6842105263158,0.3342105263158004
no07,533967_00532_00534_1,630,06:30,71.15,70.94736842105263,-0.2026315789473756
no07,533967_00532_00534_1,645,06:45,65.3,65.73684210526316,0.43684210526316747
no07,533967_00532_00534_1,700,07:00,83.7,85.15789473684211,1.457894736842107
no07,533967_00532_00534_1,715,07:15,95.3,95.3157894736842,0.015789473684208133
no07,533967_00532_00534_1,730,07:30,118.8,121.52631578947368,2.726315789473688
no07,533967_00532_00534_1,745,07:45,124.95,123.73684210526316,-1.2131578947368382
no07,533967_00532_00534_1,800,08:00,140.4,142.52631578947367,2.126315789473665
no07,533967_00532_00534_1,815,08:15,117.55,118.94736842105264,1.3973684210526471
no07,533967_00532_00534_1,830,08:30,120.8,125.52631578947368,4.726315789473688
no07,533967_00532_00534_1,845,08:45,119.8,128.10526315789474,8.305263157894743
no07,533967_00532_00534_1,900,09:00,115.65,115.26315789473684,-0.3868421052631703
no07,533967_00532_00534_1,915,09:15,106.55,108.78947368421052,2.239473684210523
no07,533967_00532_00534_1,930,09:30,129.3,129.89473684210526,0.5947368421052488
no07,533967_00532_00534_1,945,09:45,102.55,114.94736842105264,12.397368421052647
no07,533967_00532_00534_1,1000,10:00,115.25,117.21052631578948,1.9605263157894797
no07,533967_00532_00534_1,1015,10:15,126.3,128.3684210526316,2.0684210526315923
no07,533967_00532_00534_1,1030,10:30,110.45,113.05263157894736,2.602631578947353
no07,533967_00532_00534_1,1045,10:45,91.25,103.42105263157896,12.17105263157896
no07,533967_00532_00534_1,1100,11:00,100.65,111.73684210526316,11.086842105263159
no07,533967_00532_00534_1,1115,11:15,113.05,121.94736842105264,8.897368421052647
no07,533967_00532_00534_1,1130,11:30,115.4,117.63157894736842,2.231578947368419
no07,533967_00532_00534_1,1145,11:45,81.15,88.21052631578948,7.060526315789474
no07,533967_00532_00534_1,1200,12:00,101.6,112.84210526315788,11.242105263157882
no07,533967_00532_00534_1,1215,12:15,120.15,121.89473684210526,1.7447368421052545
no07,533967_00532_00534_1,1230,12:30,87.5,89.89473684210526,2.39473684210526
no07,533967_00532_00534_1,1245,12:45,102.55,103.57894736842104,1.0289473684210435
no07,533967_00532_00534_1,1300,13:00,107.9,112.0,4.099999999999994
no07,533967_00532_00534_1,1315,13:15,94.2,95.47368421052632,1.2736842105263122
no07,533967_00532_00534_1,1330,13:30,119.2,122.36842105263158,3.1684210526315724
no07,533967_00532_00534_1,1345,13:45,71.5,74.63157894736842,3.131578947368425
no07,533967_00532_00534_1,1400,14:00,80.45,83.89473684210526,3.4447368421052573
no07,533967_00532_00534_1,1415,14:15,95.55,104.89473684210526,9.344736842105263
no07,533967_00532_00534_1,1430,14:30,115.1,116.36842105263158,1.268421052631581
no07,533967_00532_00534_1,1445,14:45,111.8,114.36842105263158,2.568421052631578
no07,533967_00532_00534_1,1500,15:00,102.65,117.21052631578948,14.560526315789474
no07,533967_00532_00534_1,1515,15:15,98.0,102.0,4.0
no07,533967_00532_00534_1,1530,15:30,116.7,118.94736842105264,2.2473684210526415
no07,533967_00532_00534_1,1545,15:45,115.2,116.10526315789474,0.905263157894737
no07,533967_00532_00534_1,1600,16:00,152.8,154.0,1.1999999999999886
no07,533967_00532_00534_1,1615,16:15,116.95,115.78947368421052,-1.1605263157894825
no07,533967_00532_00534_1,1630,16:30,168.05,167.31578947368422,-0.7342105263157919
no07,533967_00532_00534_1,1645,16:45,141.05,146.3684210526316,5.318421052631578
no07,533967_00532_00534_1,1700,17:00,166.4,169.26315789473685,2.863157894736844
no07,533967_00532_00534_1,1715,17:15,138.75,139.94736842105263,1.19736842105263
no07,533967_00532_00534_1,1730,17:30,126.55,127.52631578947368,0.9763157894736878
no07,533967_00532_00534_1,1745,17:45,107.3,105.42105263157896,-1.8789473684210378
no07,533967_00532_00534_1,1800,18:00,147.65,148.31578947368422,0.6657894736842138
no07,533967_00532_00534_1,1815,18:15,143.65,136.6315789473684,-7.018421052631595
no07,533967_00532_00534_1,1830,18:30,124.45,144.73684210526315,20.286842105263148
no07,533967_00532_00534_1,1845,18:45,109.15,110.26315789473684,1.1131578947368297
no07,533967_00532_01530_0,630,06:30,41.55,40.89473684210526,-0.655263157894737
no07,533967_00532_01530_0,645,06:45,58.2,58.8421052631579,0.6421052631578945
no07,533967_00532_01530_0,700,07:00,32.6,33.89473684210526,1.2947368421052587
no07,533967_00532_01530_0,715,07:15,24.5,25.26315789473684,0.7631578947368389
no07,533967_00532_01530_0,730,07:30,45.85,50.526315789473685,4.6763157894736835
no07,533967_00532_01530_0,745,07:45,38.7,40.21052631578947,1.5105263157894697
no07,533967_00532_01530_0,800,08:00,51.45,49.78947368421053,-1.6605263157894754
no07,533967_00532_01530_0,815,08:15,59.05,59.63157894736842,0.5815789473684205
no07,533967_00532_01530_0,830,08:30,59.8,64.15789473684211,4.357894736842113
no07,533967_00532_01530_0,845,08:45,69.45,77.47368421052632,8.023684210526312
no07,533967_00532_01530_0,900,09:00,41.75,42.78947368421053,1.0394736842105274
no07,533967_00532_01530_0,915,09:15,32.35,34.31578947368421,1.965789473684211
no07,533967_00532_01530_0,930,09:30,44.75,46.8421052631579,2.0921052631578974
no07,533967_00532_01530_0,945,09:45,39.85,52.26315789473684,12.413157894736841
no07,533967_00532_01530_0,1000,10:00,58.9,61.36842105263158,2.4684210526315837
no07,533967_00532_01530_0,1015,10:15,64.1,65.63157894736842,1.5315789473684305
no07,533967_00532_01530_0,1030,10:30,55.55,57.1578947368421,1.6078947368421055
no07,533967_00532_01530_0,1045,10:45,43.9,54.47368421052632,10.573684210526324
no07,533967_00532_01530_0,1100,11:00,52.85,64.3157894736842,11.465789473684204
no07,533967_00532_01530_0,1115,11:15,28.95,40.21052631578947,11.260526315789473
no07,533967_00532_01530_0,1130,11:30,46.3,48.94736842105263,2.647368421052633
no07,533967_00532_01530_0,1145,11:45,33.95,39.42105263157895,5.471052631578949
no07,533967_00532_01530_0,1200,12:00,30.25,42.21052631578947,11.960526315789473
no07,533967_00532_01530_0,1215,12:15,35.6,40.94736842105263,5.347368421052629
no07,533967_00532_01530_0,1230,12:30,40.75,42.63157894736842,1.8815789473684177
no07,533967_00532_01530_0,1245,12:45,45.55,46.10526315789474,0.5552631578947427
no07,533967_00532_01530_0,1300,13:00,61.85,64.3157894736842,2.465789473684204
no07,533967_00532_01530_0,1315,13:15,36.9,37.73684210526316,0.8368421052631589
no07,533967_00532_01530_0,1330,13:30,30.9,34.21052631578947,3.310526315789474
no07,533967_00532_01530_0,1345,13:45,22.3,25.42105263157895,3.121052631578948
no07,533967_00532_01530_0,1400,14:00,33.05,38.63157894736842,5.5815789473684205
no07,533967_00532_01530_0,1415,14:15,41.2,51.0,9.799999999999997
no07,533967_00532_01530_0,1430,14:30,66.2,67.89473684210526,1.6947368421052573
no07,533967_00532_01530_0,1445,14:45,37.25,40.47368421052632,3.223684210526322
no07,533967_00532_01530_0,1500,15:00,36.85,50.8421052631579,13.992105263157896
no07,533967_00532_01530_0,1515,15:15,32.9,41.47368421052632,8.573684210526324
no07,533967_00532_01530_0,1530,15:30,50.4,51.1578947368421,0.7578947368421041
no07,533967_00532_01530_0,1545,15:45,42.4,42.21052631578947,-0.18947368421052602
no07,533967_00532_01530_0,1600,16:00,58.5,63.0,4.5
no07,533967_00532_01530_0,1615,16:15,37.05,37.1578947368421,0.10789473684210549
no07,533967_00532_01530_0,1630,16:30,78.45,77.84210526315789,-0.6078947368421126
no07,533967_00532_01530_0,1645,16:45,59.6,62.42105263157895,2.821052631578951
no07,533967_00532_01530_0,1700,17:00,62.25,66.89473684210526,4.64473684210526
no07,533967_00532_01530_0,1715,17:15,69.5,73.26315789473684,3.7631578947368354
no07,533967_00532_01530_0,1730,17:30,53.65,55.68421052631579,2.034210526315789
no07,533967_00532_01530_0,1745,17:45,68.1,70.47368421052632,2.3736842105263207
no07,533967_00532_01530_0,1800,18:00,67.2,68.78947368421052,1.5894736842105175
no07,533967_00532_01530_0,1815,18:15,33.35,29.05263157894737,-4.2973684210526315
no07,533967_00532_01530_0,1830,18:30,34.45,44.94736842105263,10.497368421052627
no07,533967_00532_01530_0,1845,18:45,32.35,33.578947368421055,1.2289473684210535
no07,533967_00532_01530_1,630,06:30,17.05,17.05263157894737,0.0026315789473692064
no07,533967_00532_01530_1,645,06:45,15.7,15.842105263157896,0.1421052631578963
no07,533967_00532_01530_1,700,07:00,17.3,17.0,-0.3000000000000007
no07,533967_00532_01530_1,715,07:15,34.25,34.578947368421055,0.3289473684210549
no07,533967_00532_01530_1,730,07:30,48.85,49.73684210526316,0.8868421052631561
no07,533967_00532_01530_1,745,07:45,56.25,56.89473684210526,0.6447368421052602
no07,533967_00532_01530_1,800,08:00,46.35,46.73684210526316,0.3868421052631561
no07,533967_00532_01530_1,815,08:15,45.15,45.526315789473685,0.3763157894736864
no07,533967_00532_01530_1,830,08:30,48.05,46.94736842105263,-1.102631578947367
no07,533967_00532_01530_1,845,08:45,49.3,49.63157894736842,0.33157894736842053
no07,533967_00532_01530_1,900,09:00,41.6,40.89473684210526,-0.7052631578947413
no07,533967_00532_01530_1,915,09:15,37.0,36.63157894736842,-0.3684210526315823
no07,533967_00532_01530_1,930,09:30,30.7,31.42105263157895,0.7210526315789494
no07,533967_00532_01530_1,945,09:45,34.0,34.10526315789474,0.10526315789473983
no07,533967_00532_01530_1,1000,10:00,34.35,34.526315789473685,0.17631578947368354
no07,533967_00532_01530_1,1015,10:15,44.75,43.42105263157895,-1.3289473684210478
no07,533967_00532_01530_1,1030,10:30,32.2,33.578947368421055,1.378947368421052
no07,533967_00532_01530_1,1045,10:45,46.2,45.42105263157895,-0.7789473684210506
no07,533967_00532_01530_1,1100,11:00,39.0,40.0,1.0
no07,533967_00532_01530_1,1115,11:15,78.0,78.52631578947368,0.526315789473685
no07,533967_00532_01530_1,1130,11:30,39.55,40.578947368421055,1.0289473684210577
no07,533967_00532_01530_1,1145,11:45,52.3,52.578947368421055,0.2789473684210577
no07,533967_00532_01530_1,1200,12:00,56.55,56.73684210526316,0.18684210526316036
no07,533967_00532_01530_1,1215,12:15,71.0,73.73684210526316,2.7368421052631646
no07,533967_00532_01530_1,1230,12:30,75.25,73.84210526315789,-1.4078947368421098
no07,533967_00532_01530_1,1245,12:45,61.3,61.05263157894737,-0.24736842105262724
no07,533967_00532_01530_1,1300,13:00,57.2,56.63157894736842,-0.5684210526315852
no07,533967_00532_01530_1,1315,13:15,46.4,46.26315789473684,-0.1368421052631561
no07,533967_00532_01530_1,1330,13:30,56.25,56.26315789473684,0.01315789473684248
no07,533967_00532_01530_1,1345,13:45,49.2,48.63157894736842,-0.5684210526315852
no07,533967_00532_01530_1,1400,14:00,56.7,58.47368421052632,1.7736842105263193
no07,533967_00532_01530_1,1415,14:15,49.3,50.1578947368421,0.8578947368421055
no07,533967_00532_01530_1,1430,14:30,42.1,41.8421052631579,-0.25789473684210407
no07,533967_00532_01530_1,1445,14:45,47.85,50.21052631578947,2.360526315789471
no07,533967_00532_01530_1,1500,15:00,47.8,49.68421052631579,1.8842105263157904
no07,533967_00532_01530_1,1515,15:15,40.1,39.73684210526316,-0.3631578947368439
no07,533967_00532_01530_1,1530,15:30,38.85,38.63157894736842,-0.21842105263158373
no07,533967_00532_01530_1,1545,15:45,41.3,41.10526315789474,-0.19473684210525732
no07,533967_00532_01530_1,1600,16:00,39.4,41.68421052631579,2.284210526315789
no07,533967_00532_01530_1,1615,16:15,56.8,59.42105263157895,2.621052631578955
no07,533967_00532_01530_1,1630,16:30,56.2,54.63157894736842,-1.5684210526315852
no07,533967_00532_01530_1,1645,16:45,65.3,64.94736842105263,-0.3526315789473671
no07,533967_00532_01530_1,1700,17:00,50.2,50.8421052631579,0.6421052631578945
no07,533967_00532_01530_1,1715,17:15,62.9,63.10526315789474,0.20526315789474125
no07,533967_00532_01530_1,1730,17:30,53.15,53.31578947368421,0.16578947368421382
no07,533967_00532_01530_1,1745,17:45,76.95,77.26315789473684,0.31315789473683253
no07,533967_00532_01530_1,1800,18:00,64.9,64.36842105263158,-0.5315789473684305
no07,533967_00532_01530_1,1815,18:15,65.5,63.94736842105263,-1.55263157894737
no07,533967_00532_01530_1,1830,18:30,63.0,63.526315789473685,0.526315789473685
no07,533967_00532_01530_1,1845,18:45,49.9,49.73684210526316,-0.16315789473684106
no07,533967_00532_11490_0,630,06:30,73.95,74.05263157894737,0.10263157894736707
no07,533967_00532_11490_0,645,06:45,64.0,63.68421052631579,-0.3157894736842124
no07,533967_00532_11490_0,700,07:00,80.05,79.63157894736842,-0.41842105263157237
no07,533967_00532_11490_0,715,07:15,113.4,114.10526315789474,0.7052631578947341
no07,533967_00532_11490_0,730,07:30,121.5,120.57894736842104,-0.9210526315789593
no07,533967_00532_11490_0,745,07:45,142.4,140.21052631578948,-2.189473684210526
no07,533967_00532_11490_0,800,08:00,134.85,136.52631578947367,1.6763157894736764
no07,533967_00532_11490_0,815,08:15,125.5,126.6842105263158,1.1842105263157947
no07,533967_00532_11490_0,830,08:30,135.6,133.73684210526315,-1.863157894736844
no07,533967_00532_11490_0,845,08:45,115.45,116.47368421052632,1.0236842105263122
no07,533967_00532_11490_0,900,09:00,132.65,132.0,-0.6500000000000057
no07,533967_00532_11490_0,915,09:15,113.65,114.52631578947368,0.8763157894736793
no07,533967_00532_11490_0,930,09:30,127.05,126.52631578947368,-0.5236842105263122
no07,533967_00532_11490_0,945,09:45,114.55,115.21052631578948,0.6605263157894825
no07,533967_00532_11490_0,1000,10:00,112.75,111.84210526315788,-0.907894736842124
no07,533967_00532_11490_0,1015,10:15,104.9,104.94736842105264,0.04736842105263861
no07,533967_00532_11490_0,1030,10:30,110.45,111.52631578947368,1.0763157894736821
no07,533967_00532_11490_0,1045,10:45,110.5,111.47368421052632,0.973684210526315
no07,533967_00532_11490_0,1100,11:00,113.2,112.42105263157896,-0.7789473684210435
no07,533967_00532_11490_0,1115,11:15,104.2,102.05263157894736,-2.147368421052647
no07,533967_00532_11490_0,1130,11:30,123.8,125.0,1.2000000000000028
no07,533967_00532_11490_0,1145,11:45,106.4,107.78947368421052,1.3894736842105146
no07,533967_00532_11490_0,1200,12:00,132.3,131.8421052631579,-0.4578947368421211
no07,533967_00532_11490_0,1215,12:15,142.45,141.52631578947367,-0.9236842105263179
no07,533967_00532_11490_0,1230,12:30,112.65,112.36842105263158,-0.2815789473684305
no07,533967_00532_11490_0,1245,12:45,106.8,107.42105263157896,0.6210526315789622
no07,533967_00532_11490_0,1300,13:00,124.5,124.84210526315788,0.34210526315787604
no07,533967_00532_11490_0,1315,13:15,104.25,104.47368421052632,0.22368421052631504
no07,533967_00532_11490_0,1330,13:30,108.55,108.52631578947368,-0.0236842105263122
no07,533967_00532_11490_0,1345,13:45,70.75,70.36842105263158,-0.3815789473684248
no07,533967_00532_11490_0,1400,14:00,95.7,95.84210526315788,0.1421052631578732
no07,533967_00532_11490_0,1415,14:15,118.45,118.47368421052632,0.0236842105263122
no07,533967_00532_11490_0,1430,14:30,119.05,118.73684210526316,-0.31315789473683253
no07,533967_00532_11490_0,1445,14:45,103.3,102.47368421052632,-0.8263157894736821
no07,533967_00532_11490_0,1500,15:00,103.15,102.94736842105264,-0.2026315789473614
no07,533967_00532_11490_0,1515,15:15,100.3,99.42105263157896,-0.8789473684210378
no07,533967_00532_11490_0,1530,15:30,105.45,105.21052631578948,-0.23947368421052317
no07,533967_00532_11490_0,1545,15:45,107.85,109.57894736842104,1.7289473684210463
no07,533967_00532_11490_0,1600,16:00,142.7,141.47368421052633,-1.2263157894736594
no07,533967_00532_11490_0,1615,16:15,128.65,130.57894736842104,1.928947368421035
no07,533967_00532_11490_0,1630,16:30,138.3,136.21052631578948,-2.0894736842105317
no07,533967_00532_11490_0,1645,16:45,142.9,145.68421052631578,2.784210526315775
no07,533967_00532_11490_0,1700,17:00,144.4,142.26315789473685,-2.136842105263156
no07,533967_00532_11490_0,1715,17:15,137.25,136.26315789473685,-0.9868421052631504
no07,533967_00532_11490_0,1730,17:30,114.85,113.73684210526316,-1.1131578947368297
no07,533967_00532_11490_0,1745,17:45,91.1,87.78947368421052,-3.310526315789474
no07,533967_00532_11490_0,1800,18:00,123.9,123.78947368421052,-0.11052631578948535
no07,533967_00532_11490_0,1815,18:15,128.75,126.84210526315788,-1.907894736842124
no07,533967_00532_11490_0,1830,18:30,108.45,116.05263157894736,7.602631578947353
no07,533967_00532_11490_0,1845,18:45,95.05,95.73684210526316,0.6868421052631675
no07,533967_00532_11490_1,630,06:30,136.35,136.42105263157896,0.07105263157896502
no07,533967_00532_11490_1,645,06:45,111.85,111.84210526315788,-0.007894736842118277
no07,533967_00532_11490_1,700,07:00,130.65,130.94736842105263,0.2973684210526244
no07,533967_00532_11490_1,715,07:15,127.45,126.78947368421052,-0.6605263157894825
no07,533967_00532_11490_1,730,07:30,128.8,129.1578947368421,0.3578947368420984
no07,533967_00532_11490_1,745,07:45,145.2,145.21052631578948,0.010526315789491036
no07,533967_00532_11490_1,800,08:00,130.55,130.47368421052633,-0.07631578947368212
no07,533967_00532_11490_1,815,08:15,133.55,133.94736842105263,0.3973684210526187
no07,533967_00532_11490_1,830,08:30,142.45,141.94736842105263,-0.5026315789473585
no07,533967_00532_11490_1,845,08:45,146.0,144.31578947368422,-1.6842105263157805
no07,533967_00532_11490_1,900,09:00,114.4,116.0,1.5999999999999943
no07,533967_00532_11490_1,915,09:15,124.15,124.47368421052632,0.32368421052630936
no07,533967_00532_11490_1,930,09:30,160.9,160.57894736842104,-0.321052631578965
no07,533967_00532_11490_1,945,09:45,105.95,106.10526315789474,0.155263157894737
no07,533967_00532_11490_1,1000,10:00,100.35,100.42105263157896,0.07105263157896502
no07,533967_00532_11490_1,1015,10:15,85.8,85.63157894736842,-0.16842105263157237
no07,533967_00532_11490_1,1030,10:30,96.35,96.52631578947368,0.17631578947369064
no07,533967_00532_11490_1,1045,10:45,94.9,94.84210526315788,-0.057894736842129646
no07,533967_00532_11490_1,1100,11:00,108.15,108.21052631578948,0.06052631578947398
no07,533967_00532_11490_1,1115,11:15,100.4,100.21052631578948,-0.18947368421052602
no07,533967_00532_11490_1,1130,11:30,116.05,116.21052631578948,0.1605263157894825
no07,533967_00532_11490_1,1145,11:45,96.3,96.10526315789474,-0.19473684210525732
no07,533967_00532_11490_1,1200,12:00,96.3,96.42105263157896,0.12105263157896218
no07,533967_00532_11490_1,1215,12:15,98.75,98.6842105263158,-0.06578947368420529
no07,533967_00532_11490_1,1230,12:30,110.35,110.73684210526316,0.3868421052631703
no07,533967_00532_11490_1,1245,12:45,103.5,103.21052631578948,-0.28947368421052033
no07,533967_00532_11490_1,1300,13:00,122.1,122.10526315789474,0.005263157894745518
no07,533967_00532_11490_1,1315,13:15,103.9,104.0,0.09999999999999432
no07,533967_00532_11490_1,1330,13:30,122.9,122.84210526315788,-0.057894736842129646
no07,533967_00532_11490_1,1345,13:45,103.05,103.3157894736842,0.26578947368420813
no07,533967_00532_11490_1,1400,14:00,133.6,133.21052631578948,-0.38947368421051465
no07,533967_00532_11490_1,1415,14:15,145.05,145.10526315789474,0.055263157894728465
no07,533967_00532_11490_1,1430,14:30,103.75,103.89473684210526,0.14473684210526017
no07,533967_00532_11490_1,1445,14:45,108.4,108.26315789473684,-0.1368421052631703
no07,533967_00532_11490_1,1500,15:00,89.95,89.84210526315789,-0.10789473684211259
no07,533967_00532_11490_1,1515,15:15,110.4,110.52631578947368,0.12631578947367927
no07,533967_00532_11490_1,1530,15:30,116.95,117.05263157894736,0.10263157894735286
no07,533967_00532_11490_1,1545,15:45,96.95,96.78947368421052,-0.1605263157894825
no07,533967_00532_11490_1,1600,16:00,103.6,103.57894736842104,-0.02105263157895365
no07,533967_00532_11490_1,1615,16:15,103.5,103.63157894736842,0.1315789473684248
no07,533967_00532_11490_1,1630,16:30,74.4,74.3157894736842,-0.0842105263158004
no07,533967_00532_11490_1,1645,16:45,106.6,106.52631578947368,-0.07368421052630936
no07,533967_00532_11490_1,1700,17:00,92.2,92.36842105263158,0.16842105263157237
no07,533967_00532_11490_1,1715,17:15,113.7,113.78947368421052,0.08947368421051749
no07,533967_00532_11490_1,1730,17:30,107.4,107.42105263157896,0.02105263157895365
no07,533967_00532_11490_1,1745,17:45,110.15,109.89473684210526,-0.2552631578947455
no07,533967_00532_11490_1,1800,18:00,76.05,76.21052631578948,0.1605263157894825
no07,533967_00532_11490_1,1815,18:15,91.4,91.42105263157896,0.02105263157895365
no07,533967_00532_11490_1,1830,18:30,67.8,67.63157894736842,-0.16842105263157237
no07,533967_00532_11490_1,1845,18:45,82.7,82.73684210526316,0.036842105263161784
no07,533967_00532_11497_0,630,06:30,17.85,17.736842105263158,-0.1131578947368439
no07,533967_00532_11497_0,645,06:45,15.3,15.36842105263158,0.06842105263157983
no07,533967_00532_11497_0,700,07:00,36.85,36.78947368421053,-0.06052631578947398
no07,533967_00532_11497_0,715,07:15,27.4,27.526315789473685,0.12631578947368638
no07,533967_00532_11497_0,730,07:30,40.3,40.21052631578947,-0.0894736842105246
no07,533967_00532_11497_0,745,07:45,57.25,57.05263157894737,-0.19736842105263008
no07,533967_00532_11497_0,800,08:00,46.4,46.42105263157895,0.02105263157895365
no07,533967_00532_11497_0,815,08:15,45.0,45.526315789473685,0.526315789473685
no07,533967_00532_11497_0,830,08:30,9.65,9.36842105263158,-0.2815789473684198
no07,533967_00532_11497_0,845,08:45,0.0,0.0,0.0
no07,533967_00532_11497_0,900,09:00,4.05,4.157894736842105,0.10789473684210549
no07,533967_00532_11497_0,915,09:15,8.1,8.052631578947368,-0.047368421052631504
no07,533967_00532_11497_0,930,09:30,41.3,40.94736842105263,-0.3526315789473671
no07,533967_00532_11497_0,945,09:45,13.65,13.842105263157896,0.19210526315789522
no07,533967_00532_11497_0,1000,10:00,31.75,31.894736842105264,0.14473684210526372
no07,533967_00532_11497_0,1015,10:15,9.3,9.31578947368421,0.01578947368420991
no07,533967_00532_11497_0,1030,10:30,1.85,1.7894736842105263,-0.06052631578947376
no07,533967_00532_11497_0,1045,10:45,8.55,8.421052631578947,-0.1289473684210538
no07,533967_00532_11497_0,1100,11:00,3.5,3.631578947368421,0.1315789473684208
no07,533967_00532_11497_0,1115,11:15,60.6,60.36842105263158,-0.2315789473684191
no07,533967_00532_11497_0,1130,11:30,12.35,12.578947368421051,0.22894736842105168
no07,533967_00532_11497_0,1145,11:45,6.2,6.2105263157894735,0.010526315789473273
no07,533967_00532_11497_0,1200,12:00,9.4,9.421052631578949,0.021052631578948322
no07,533967_00532_11497_0,1215,12:15,2.2,2.1052631578947367,-0.09473684210526345
no07,533967_00532_11497_0,1230,12:30,24.2,23.94736842105263,-0.2526315789473692
no07,533967_00532_11497_0,1245,12:45,13.85,14.157894736842104,0.3078947368421048
no07,533967_00532_11497_0,1300,13:00,11.1,11.105263157894736,0.005263157894736636
no07,533967_00532_11497_0,1315,13:15,4.05,4.052631578947368,0.002631578947368318
no07,533967_00532_11497_0,1330,13:30,51.1,50.94736842105263,-0.15263157894737134
no07,533967_00532_11497_0,1345,13:45,24.9,25.05263157894737,0.15263157894737134
no07,533967_00532_11497_0,1400,14:00,19.7,19.68421052631579,-0.015789473684208133
no07,533967_00532_11497_0,1415,14:15,1.3,1.3157894736842106,0.015789473684210575
no07,533967_00532_11497_0,1430,14:30,0.0,0.0,0.0
no07,533967_00532_11497_0,1445,14:45,7.7,7.7894736842105265,0.08947368421052637
no07,533967_00532_11497_0,1500,15:00,16.3,16.36842105263158,0.06842105263157805
no07,533967_00532_11497_0,1515,15:15,8.3,7.947368421052632,-0.35263157894736885
no07,533967_00532_11497_0,1530,15:30,4.3,4.421052631578948,0.12105263157894797
no07,533967_00532_11497_0,1545,15:45,15.9,15.842105263157896,-0.05789473684210478
no07,533967_00532_11497_0,1600,16:00,22.65,22.68421052631579,0.03421052631579258
no07,533967_00532_11497_0,1615,16:15,8.85,8.947368421052632,0.09736842105263221
no07,533967_00532_11497_0,1630,16:30,15.55,15.157894736842104,-0.3921052631578963
no07,533967_00532_11497_0,1645,16:45,7.1,7.578947368421052,0.47894736842105257
no07,533967_00532_11497_0,1700,17:00,15.95,15.736842105263158,-0.21315789473684177
no07,533967_00532_11497_0,1715,17:15,25.85,25.73684210526316,-0.11315789473684035
no07,533967_00532_11497_0,1730,17:30,48.3,48.36842105263158,0.06842105263158516
no07,533967_00532_11497_0,1745,17:45,25.45,25.57894736842105,0.12894736842105203
no07,533967_00532_11497_0,1800,18:00,17.45,17.42105263157895,-0.028947368421050612
no07,533967_00532_11497_0,1815,18:15,17.1,15.421052631578949,-1.6789473684210527
no07,533967_00532_11497_0,1830,18:30,28.7,30.42105263157895,1.7210526315789494
no07,533967_00532_11497_0,1845,18:45,37.35,36.68421052631579,-0.6657894736842138
no07,533967_00532_11497_1,630,06:30,37.1,37.0,-0.10000000000000142
no07,533967_00532_11497_1,645,06:45,35.25,35.36842105263158,0.11842105263158231
no07,533967_00532_11497_1,700,07:00,36.7,36.78947368421053,0.0894736842105246
no07,533967_00532_11497_1,715,07:15,32.55,32.421052631578945,-0.12894736842105203
no07,533967_00532_11497_1,730,07:30,29.65,29.68421052631579,0.03421052631579258
no07,533967_00532_11497_1,745,07:45,30.5,30.42105263157895,-0.07894736842105132
no07,533967_00532_11497_1,800,08:00,37.0,37.10526315789474,0.10526315789473983
no07,533967_00532_11497_1,815,08:15,55.5,55.47368421052632,-0.026315789473677853
no07,533967_00532_11497_1,830,08:30,46.05,46.21052631578947,0.1605263157894754
no07,533967_00532_11497_1,845,08:45,33.9,33.73684210526316,-0.16315789473684106
no07,533967_00532_11497_1,900,09:00,29.85,29.63157894736842,-0.21842105263158018
no07,533967_00532_11497_1,915,09:15,24.35,24.526315789473685,0.17631578947368354
no07,533967_00532_11497_1,930,09:30,32.8,32.8421052631579,0.0421052631579002
no07,533967_00532_11497_1,945,09:45,30.75,30.68421052631579,-0.06578947368420884
no07,533967_00532_11497_1,1000,10:00,34.85,34.78947368421053,-0.06052631578947398
no07,533967_00532_11497_1,1015,10:15,29.85,29.894736842105264,0.0447368421052623
no07,533967_00532_11497_1,1030,10:30,31.5,31.473684210526315,-0.02631578947368496
no07,533967_00532_11497_1,1045,10:45,20.55,20.63157894736842,0.08157894736842053
no07,533967_00532_11497_1,1100,11:00,19.5,19.68421052631579,0.18421052631579116
no07,533967_00532_11497_1,1115,11:15,24.5,24.31578947368421,-0.18421052631579116
no07,533967_00532_11497_1,1130,11:30,29.15,29.26315789473684,0.11315789473684035
no07,533967_00532_11497_1,1145,11:45,23.2,23.05263157894737,-0.14736842105262937
no07,533967_00532_11497_1,1200,12:00,18.5,18.526315789473685,0.02631578947368496
no07,533967_00532_11497_1,1215,12:15,20.0,19.94736842105263,-0.05263157894736992
no07,533967_00532_11497_1,1230,12:30,17.55,17.63157894736842,0.08157894736842053
no07,533967_00532_11497_1,1245,12:45,15.2,15.210526315789474,0.01052631578947505
no07,533967_00532_11497_1,1300,13:00,16.75,16.68421052631579,-0.06578947368420884
no07,533967_00532_11497_1,1315,13:15,13.35,13.36842105263158,0.018421052631580892
no07,533967_00532_11497_1,1330,13:30,13.05,13.157894736842104,0.10789473684210371
no07,533967_00532_11497_1,1345,13:45,14.6,14.526315789473683,-0.07368421052631646
no07,533967_00532_11497_1,1400,14:00,15.45,15.421052631578949,-0.028947368421050612
no07,533967_00532_11497_1,1415,14:15,22.35,22.42105263157895,0.07105263157894726
no07,533967_00532_11497_1,1430,14:30,25.9,25.84210526315789,-0.05789473684210833
no07,533967_00532_11497_1,1445,14:45,15.55,15.526315789473683,-0.02368421052631753
no07,533967_00532_11497_1,1500,15:00,17.8,17.736842105263158,-0.06315789473684319
no07,533967_00532_11497_1,1515,15:15,14.95,15.0,0.05000000000000071
no07,533967_00532_11497_1,1530,15:30,13.05,13.157894736842104,0.10789473684210371
no07,533967_00532_11497_1,1545,15:45,17.05,17.0,-0.05000000000000071
no07,533967_00532_11497_1,1600,16:00,28.8,28.73684210526316,-0.06315789473683964
no07,533967_00532_11497_1,1615,16:15,22.0,22.0,0.0
no07,533967_00532_11497_1,1630,16:30,32.0,32.0,0.0
no07,533967_00532_11497_1,1645,16:45,25.65,25.68421052631579,0.03421052631579258
no07,533967_00532_11497_1,1700,17:00,33.8,33.94736842105263,0.14736842105263293
no07,533967_00532_11497_1,1715,17:15,30.25,30.157894736842103,-0.09210526315789735
no07,533967_00532_11497_1,1730,17:30,19.8,19.84210526315789,0.04210526315788954
no07,533967_00532_11497_1,1745,17:45,21.65,21.57894736842105,-0.07105263157894726
no07,533967_00532_11497_1,1800,18:00,25.55,25.42105263157895,-0.12894736842105203
no07,533967_00532_11497_1,1815,18:15,16.7,16.789473684210527,0.08947368421052815
no07,533967_00532_11497_1,1830,18:30,16.35,16.31578947368421,-0.03421052631579258
no07,533967_00532_11497_1,1845,18:45,20.95,21.105263157894736,0.155263157894737
no07,533967_00533_11502_0,630,06:30,1.7,1.736842105263158,0.03684210526315801
no07,533967_00533_11502_0,645,06:45,10.75,10.68421052631579,-0.06578947368421062
no07,533967_00533_11502_0,700,07:00,18.35,18.26315789473684,-0.0868421052631625
no07,533967_00533_11502_0,715,07:15,39.6,39.94736842105263,0.34736842105262866
no07,533967_00533_11502_0,730,07:30,12.95,12.736842105263158,-0.21315789473684177
no07,533967_00533_11502_0,745,07:45,3.65,3.5789473684210527,-0.07105263157894726
no07,533967_00533_11502_0,800,08:00,14.05,10.68421052631579,-3.3657894736842113
no07,533967_00533_11502_0,815,08:15,39.4,42.526315789473685,3.1263157894736864
no07,533967_00533_11502_0,830,08:30,51.05,51.526315789473685,0.4763157894736878
no07,533967_00533_11502_0,845,08:45,77.25,76.84210526315789,-0.40789473684210975
no07,533967_00533_11502_0,900,09:00,33.25,33.473684210526315,0.22368421052631504
no07,533967_00533_11502_0,915,09:15,58.55,58.63157894736842,0.08157894736842053
no07,533967_00533_11502_0,930,09:30,52.75,52.578947368421055,-0.17105263157894512
no07,533967_00533_11502_0,945,09:45,33.05,33.10526315789474,0.055263157894742676
no07,533967_00533_11502_0,1000,10:00,24.2,24.0,-0.1999999999999993
no07,533967_00533_11502_0,1015,10:15,37.0,37.05263157894737,0.05263157894736992
no07,533967_00533_11502_0,1030,10:30,53.95,54.10526315789474,0.155263157894737
no07,533967_00533_11502_0,1045,10:45,26.4,26.42105263157895,0.0210526315789501
no07,533967_00533_11502_0,1100,11:00,47.7,47.89473684210526,0.19473684210525732
no07,533967_00533_11502_0,1115,11:15,46.45,46.05263157894737,-0.3973684210526329
no07,533967_00533_11502_0,1130,11:30,85.3,85.73684210526316,0.43684210526316747
no07,533967_00533_11502_0,1145,11:45,27.25,27.05263157894737,-0.19736842105263008
no07,533967_00533_11502_0,1200,12:00,69.95,69.63157894736842,-0.31842105263157805
no07,533967_00533_11502_0,1215,12:15,58.9,59.10526315789474,0.20526315789474125
no07,533967_00533_11502_0,1230,12:30,68.85,69.05263157894737,0.2026315789473756
no07,533967_00533_11502_0,1245,12:45,36.25,36.42105263157895,0.17105263157895223
no07,533967_00533_11502_0,1300,13:00,50.9,50.36842105263158,-0.5315789473684163
no07,533967_00533_11502_0,1315,13:15,61.05,61.1578947368421,0.10789473684210549
no07,533967_00533_11502_0,1330,13:30,41.75,41.68421052631579,-0.0657894736842124
no07,533967_00533_11502_0,1345,13:45,69.1,68.63157894736842,-0.4684210526315695
no07,533967_00533_11502_0,1400,14:00,66.55,67.05263157894737,0.5026315789473728
no07,533967_00533_11502_0,1415,14:15,80.7,80.6842105263158,-0.015789473684208133
no07,533967_00533_11502_0,1430,14:30,38.4,38.68421052631579,0.284210526315789
no07,533967_00533_11502_0,1445,14:45,85.2,83.52631578947368,-1.6736842105263179
no07,533967_00533_11502_0,1500,15:00,67.75,68.84210526315789,1.0921052631578902
no07,533967_00533_11502_0,1515,15:15,68.8,68.89473684210526,0.09473684210526301
no07,533967_00533_11502_0,1530,15:30,57.35,57.73684210526316,0.3868421052631561
no07,533967_00533_11502_0,1545,15:45,46.25,46.10526315789474,-0.14473684210526017
no07,533967_00533_11502_0,1600,16:00,45.9,45.68421052631579,-0.21578947368421098
no07,533967_00533_11502_0,1615,16:15,68.8,68.89473684210526,0.09473684210526301
no07,533967_00533_11502_0,1630,16:30,39.15,39.42105263157895,0.27105263157895365
no07,533967_00533_11502_0,1645,16:45,70.05,69.73684210526316,-0.31315789473683253
no07,533967_00533_11502_0,1700,17:00,55.0,54.94736842105263,-0.05263157894736992
no07,533967_00533_11502_0,1715,17:15,22.95,23.26315789473684,0.31315789473683964
no07,533967_00533_11502_0,1730,17:30,53.45,53.47368421052632,0.023684210526319305
no07,533967_00533_11502_0,1745,17:45,76.4,76.57894736842105,0.1789473684210492
no07,533967_00533_11502_0,1800,18:00,47.55,47.31578947368421,-0.23421052631578476
no07,533967_00533_11502_0,1815,18:15,89.35,88.52631578947368,-0.8236842105263094
no07,533967_00533_11502_0,1830,18:30,63.3,64.26315789473684,0.9631578947368382
no07,533967_00533_11502_0,1845,18:45,52.7,52.526315789473685,-0.17368421052631788
no07,533967_00533_11502_1,630,06:30,60.55,60.526315789473685,-0.0236842105263122
no07,533967_00533_11502_1,645,06:45,35.1,35.1578947368421,0.057894736842101224
no07,533967_00533_11502_1,700,07:00,60.9,60.89473684210526,-0.005263157894738413
no07,533967_00533_11502_1,715,07:15,72.05,72.0,-0.04999999999999716
no07,533967_00533_11502_1,730,07:30,75.0,75.0,0.0
no07,533967_00533_11502_1,745,07:45,52.1,52.10526315789474,0.005263157894738413
no07,533967_00533_11502_1,800,08:00,92.4,92.42105263157896,0.02105263157895365
no07,533967_00533_11502_1,815,08:15,78.0,78.10526315789474,0.10526315789473983
no07,533967_00533_11502_1,830,08:30,97.75,97.6842105263158,-0.06578947368420529
no07,533967_00533_11502_1,845,08:45,65.45,65.42105263157895,-0.028947368421057718
no07,533967_00533_11502_1,900,09:00,71.0,71.0,0.0
no07,533967_00533_11502_1,915,09:15,58.45,58.42105263157895,-0.028947368421050612
no07,533967_00533_11502_1,930,09:30,69.6,69.63157894736842,0.03157894736843048
no07,533967_00533_11502_1,945,09:45,59.05,59.0,-0.04999999999999716
no07,533967_00533_11502_1,1000,10:00,77.15,77.21052631578948,0.06052631578947398
no07,533967_00533_11502_1,1015,10:15,66.9,66.89473684210526,-0.005263157894745518
no07,533967_00533_11502_1,1030,10:30,66.2,66.15789473684211,-0.04210526315789309
no07,533967_00533_11502_1,1045,10:45,55.0,55.10526315789474,0.10526315789473983
no07,533967_00533_11502_1,1100,11:00,70.5,70.42105263157895,-0.07894736842105488
no07,533967_00533_11502_1,1115,11:15,61.2,61.21052631578947,0.01052631578946972
no07,533967_00533_11502_1,1130,11:30,60.15,60.05263157894737,-0.09736842105262866
no07,533967_00533_11502_1,1145,11:45,46.2,46.26315789473684,0.06315789473683964
no07,533967_00533_11502_1,1200,12:00,82.6,82.6842105263158,0.0842105263158004
no07,533967_00533_11502_1,1215,12:15,57.3,57.21052631578947,-0.0894736842105246
no07,533967_00533_11502_1,1230,12:30,61.95,61.89473684210526,-0.055263157894742676
no07,533967_00533_11502_1,1245,12:45,35.3,35.36842105263158,0.06842105263158516
no07,533967_00533_11502_1,1300,13:00,42.95,42.94736842105263,-0.002631578947372759
no07,533967_00533_11502_1,1315,13:15,39.0,39.0,0.0
no07,533967_00533_11502_1,1330,13:30,69.85,69.89473684210526,0.04473684210526585
no07,533967_00533_11502_1,1345,13:45,27.95,27.894736842105264,-0.05526315789473557
no07,533967_00533_11502_1,1400,14:00,38.25,38.26315789473684,0.01315789473684248
no07,533967_00533_11502_1,1415,14:15,44.45,44.42105263157895,-0.028947368421050612
no07,533967_00533_11502_1,1430,14:30,54.3,54.31578947368421,0.01578947368421524
no07,533967_00533_11502_1,1445,14:45,50.15,50.1578947368421,0.007894736842104066
no07,533967_00533_11502_1,1500,15:00,49.95,49.94736842105263,-0.002631578947372759
no07,533967_00533_11502_1,1515,15:15,31.95,31.94736842105263,-0.0026315789473692064
no07,533967_00533_11502_1,1530,15:30,46.9,46.89473684210526,-0.005263157894738413
no07,533967_00533_11502_1,1545,15:45,40.15,40.1578947368421,0.007894736842104066
no07,533967_00533_11502_1,1600,16:00,72.9,72.89473684210526,-0.005263157894745518
no07,533967_00533_11502_1,1615,16:15,65.05,65.05263157894737,0.002631578947372759
no07,533967_00533_11502_1,1630,16:30,91.05,91.05263157894736,0.0026315789473585482
no07,533967_00533_11502_1,1645,16:45,74.7,74.78947368421052,0.08947368421051749
no07,533967_00533_11502_1,1700,17:00,86.85,86.78947368421052,-0.06052631578947398
no07,533967_00533_11502_1,1715,17:15,60.3,60.31578947368421,0.01578947368421524
no07,533967_00533_11502_1,1730,17:30,63.9,63.8421052631579,-0.057894736842101224
no07,533967_00533_11502_1,1745,17:45,57.0,57.10526315789474,0.10526315789473983
no07,533967_00533_11502_1,1800,18:00,64.8,64.78947368421052,-0.010526315789476826
no07,533967_00533_11502_1,1815,18:15,61.1,61.0,-0.10000000000000142
no07,533967_00533_11502_1,1830,18:30,48.45,48.47368421052632,0.023684210526319305
no07,533967_00533_11502_1,1845,18:45,50.8,50.78947368421053,-0.01052631578946972
no07,533967_00533_11503_0,630,06:30,53.3,52.94736842105263,-0.3526315789473671
no07,533967_00533_11503_0,645,06:45,34.55,34.89473684210526,0.344736842105263
no07,533967_00533_11503_0,700,07:00,60.55,60.526315789473685,-0.0236842105263122
no07,533967_00533_11503_0,715,07:15,73.1,73.0,-0.09999999999999432
no07,533967_00533_11503_0,730,07:30,75.35,75.36842105263158,0.018421052631580892
no07,533967_00533_11503_0,745,07:45,86.3,86.26315789473684,-0.036842105263161784
no07,533967_00533_11503_0,800,08:00,117.5,117.63157894736842,0.1315789473684248
no07,533967_00533_11503_0,815,08:15,81.6,81.57894736842105,-0.02105263157893944
no07,533967_00533_11503_0,830,08:30,111.2,110.89473684210526,-0.3052631578947427
no07,533967_00533_11503_0,845,08:45,72.05,72.21052631578948,0.1605263157894825
no07,533967_00533_11503_0,900,09:00,79.15,79.10526315789474,-0.04473684210526585
no07,533967_00533_11503_0,915,09:15,49.0,49.0,0.0
no07,533967_00533_11503_0,930,09:30,69.6,69.6842105263158,0.0842105263158004
no07,533967_00533_11503_0,945,09:45,85.25,85.36842105263158,0.11842105263157521
no07,533967_00533_11503_0,1000,10:00,64.75,64.57894736842105,-0.17105263157894512
no07,533967_00533_11503_0,1015,10:15,66.95,66.84210526315789,-0.10789473684211259
no07,533967_00533_11503_0,1030,10:30,45.3,45.63157894736842,0.33157894736842053
no07,533967_00533_11503_0,1045,10:45,54.3,54.47368421052632,0.173684210526325
no07,533967_00533_11503_0,1100,11:00,52.2,52.47368421052632,0.2736842105263193
no07,533967_00533_11503_0,1115,11:15,61.2,61.1578947368421,-0.0421052631579002
no07,533967_00533_11503_0,1130,11:30,37.25,37.31578947368421,0.0657894736842124
no07,533967_00533_11503_0,1145,11:45,46.95,46.73684210526316,-0.21315789473684532
no07,533967_00533_11503_0,1200,12:00,59.8,59.73684210526316,-0.06315789473683964
no07,533967_00533_11503_0,1215,12:15,60.3,60.42105263157895,0.12105263157895507
no07,533967_00533_11503_0,1230,12:30,53.45,53.578947368421055,0.12894736842105203
no07,533967_00533_11503_0,1245,12:45,38.9,38.78947368421053,-0.11052631578947114
no07,533967_00533_11503_0,1300,13:00,34.6,35.0,0.3999999999999986
no07,533967_00533_11503_0,1315,13:15,29.65,29.526315789473685,-0.12368421052631362
no07,533967_00533_11503_0,1330,13:30,68.5,68.47368421052632,-0.02631578947368496
no07,533967_00533_11503_0,1345,13:45,17.75,17.789473684210527,0.03947368421052744
no07,533967_00533_11503_0,1400,14:00,40.15,40.1578947368421,0.007894736842104066
no07,533967_00533_11503_0,1415,14:15,44.15,44.10526315789474,-0.044736842105258745
no07,533967_00533_11503_0,1430,14:30,59.8,59.89473684210526,0.09473684210526301
no07,533967_00533_11503_0,1445,14:45,50.65,50.68421052631579,0.034210526315789025
no07,533967_00533_11503_0,1500,15:00,39.25,39.26315789473684,0.01315789473684248
no07,533967_00533_11503_0,1515,15:15,31.95,32.10526315789474,0.15526315789474054
no07,533967_00533_11503_0,1530,15:30,46.45,46.47368421052632,0.023684210526319305
no07,533967_00533_11503_0,1545,15:45,41.0,42.1578947368421,1.1578947368421026
no07,533967_00533_11503_0,1600,16:00,69.6,69.3157894736842,-0.284210526315789
no07,533967_00533_11503_0,1615,16:15,58.1,58.526315789473685,0.42631578947368354
no07,533967_00533_11503_0,1630,16:30,90.75,90.57894736842104,-0.17105263157895934
no07,533967_00533_11503_0,1645,16:45,62.85,63.0,0.14999999999999858
no07,533967_00533_11503_0,1700,17:00,97.0,96.94736842105264,-0.052631578947355706
no07,533967_00533_11503_0,1715,17:15,61.45,61.526315789473685,0.07631578947368212
no07,533967_00533_11503_0,1730,17:30,52.95,53.8421052631579,0.8921052631578945
no07,533967_00533_11503_0,1745,17:45,39.5,38.73684210526316,-0.7631578947368425
no07,533967_00533_11503_0,1800,18:00,69.8,70.63157894736842,0.8315789473684276
no07,533967_00533_11503_0,1815,18:15,54.7,54.526315789473685,-0.17368421052631788
no07,533967_00533_11503_0,1830,18:30,48.5,48.526315789473685,0.02631578947368496
no07,533967_00533_11503_0,1845,18:45,43.8,43.73684210526316,-0.06315789473683964
no07,533967_00533_11503_1,630,06:30,1.1,1.105263157894737,0.0052631578947368585
no07,533967_00533_11503_1,645,06:45,10.4,10.263157894736842,-0.13684210526315788
no07,533967_00533_11503_1,700,07:00,18.0,18.0,0.0
no07,533967_00533_11503_1,715,07:15,23.95,24.05263157894737,0.10263157894737063
no07,533967_00533_11503_1,730,07:30,9.4,9.421052631578949,0.021052631578948322
no07,533967_00533_11503_1,745,07:45,8.8,10.578947368421051,1.7789473684210506
no07,533967_00533_11503_1,800,08:00,17.0,16.0,-1.0
no07,533967_00533_11503_1,815,08:15,39.75,40.47368421052632,0.7236842105263221
no07,533967_00533_11503_1,830,08:30,60.8,61.21052631578947,0.4105263157894754
no07,533967_00533_11503_1,845,08:45,69.25,69.0,-0.25
no07,533967_00533_11503_1,900,09:00,29.9,30.105263157894736,0.2052631578947377
no07,533967_00533_11503_1,915,09:15,70.35,71.57894736842105,1.2289473684210606
no07,533967_00533_11503_1,930,09:30,54.55,54.526315789473685,-0.0236842105263122
no07,533967_00533_11503_1,945,09:45,33.2,33.1578947368421,-0.0421052631579002
no07,533967_00533_11503_1,1000,10:00,22.95,22.94736842105263,-0.0026315789473692064
no07,533967_00533_11503_1,1015,10:15,38.25,38.05263157894737,-0.19736842105263008
no07,533967_00533_11503_1,1030,10:30,59.65,59.47368421052632,-0.17631578947367643
no07,533967_00533_11503_1,1045,10:45,53.65,53.73684210526316,0.08684210526315894
no07,533967_00533_11503_1,1100,11:00,48.6,48.68421052631579,0.08421052631578618
no07,533967_00533_11503_1,1115,11:15,46.25,45.8421052631579,-0.40789473684210265
no07,533967_00533_11503_1,1130,11:30,85.0,85.42105263157895,0.4210526315789451
no07,533967_00533_11503_1,1145,11:45,51.0,50.78947368421053,-0.21052631578947256
no07,533967_00533_11503_1,1200,12:00,70.75,70.94736842105263,0.19736842105263008
no07,533967_00533_11503_1,1215,12:15,62.5,62.578947368421055,0.07894736842105488
no07,533967_00533_11503_1,1230,12:30,69.4,69.63157894736842,0.2315789473684191
no07,533967_00533_11503_1,1245,12:45,43.9,43.26315789473684,-0.6368421052631561
no07,533967_00533_11503_1,1300,13:00,60.05,59.73684210526316,-0.31315789473683964
no07,533967_00533_11503_1,1315,13:15,66.5,66.42105263157895,-0.07894736842105488
no07,533967_00533_11503_1,1330,13:30,43.05,42.89473684210526,-0.155263157894737
no07,533967_00533_11503_1,1345,13:45,81.65,82.21052631578948,0.560526315789474
no07,533967_00533_11503_1,1400,14:00,66.25,66.0,-0.25
no07,533967_00533_11503_1,1415,14:15,81.75,81.6842105263158,-0.06578947368420529
no07,533967_00533_11503_1,1430,14:30,50.5,49.68421052631579,-0.8157894736842124
no07,533967_00533_11503_1,1445,14:45,89.45,87.42105263157895,-2.0289473684210577
no07,533967_00533_11503_1,1500,15:00,67.55,69.15789473684211,1.6078947368421126
no07,533967_00533_11503_1,1515,15:15,66.95,67.36842105263158,0.41842105263157237
no07,533967_00533_11503_1,1530,15:30,57.15,57.36842105263158,0.21842105263158373
no07,533967_00533_11503_1,1545,15:45,53.9,53.05263157894737,-0.8473684210526287
no07,533967_00533_11503_1,1600,16:00,62.4,61.68421052631579,-0.715789473684211
no07,533967_00533_11503_1,1615,16:15,100.2,100.78947368421052,0.5894736842105175
no07,533967_00533_11503_1,1630,16:30,71.6,71.52631578947368,-0.07368421052630936
no07,533967_00533_11503_1,1645,16:45,99.25,99.63157894736842,0.3815789473684248
no07,533967_00533_11503_1,1700,17:00,78.2,78.26315789473684,0.06315789473683253
no07,533967_00533_11503_1,1715,17:15,36.6,37.31578947368421,0.715789473684211
no07,533967_00533_11503_1,1730,17:30,54.8,54.526315789473685,-0.2736842105263122
no07,533967_00533_11503_1,1745,17:45,76.25,76.36842105263158,0.11842105263157521
no07,533967_00533_11503_1,1800,18:00,57.2,56.68421052631579,-0.5157894736842152
no07,533967_00533_11503_1,1815,18:15,101.8,101.84210526315788,0.04210526315787888
no07,533967_00533_11503_1,1830,18:30,86.85,87.42105263157895,0.5710526315789508
no07,533967_00533_11503_1,1845,18:45,67.4,68.10526315789474,0.7052631578947341
no07,533967_00533_11505_0,630,06:30,6.65,7.0,0.34999999999999964
no07,533967_00533_11505_0,645,06:45,1.05,0.7894736842105263,-0.2605263157894737
no07,533967_00533_11505_0,700,07:00,0.05,0.0,-0.05
no07,533967_00533_11505_0,715,07:15,0.0,0.0,0.0
no07,533967_00533_11505_0,730,07:30,0.0,0.0,0.0
no07,533967_00533_11505_0,745,07:45,4.6,6.421052631578948,1.8210526315789481
no07,533967_00533_11505_0,800,08:00,10.05,10.36842105263158,0.3184210526315798
no07,533967_00533_11505_0,815,08:15,6.95,6.7368421052631575,-0.21315789473684266
no07,533967_00533_11505_0,830,08:30,17.85,17.842105263157894,-0.00789473684210762
no07,533967_00533_11505_0,845,08:45,2.35,2.473684210526316,0.12368421052631584
no07,533967_00533_11505_0,900,09:00,0.4,0.4210526315789473,0.021052631578947267
no07,533967_00533_11505_0,915,09:15,20.5,22.0,1.5
no07,533967_00533_11505_0,930,09:30,4.1,3.8947368421052633,-0.20526315789473637
no07,533967_00533_11505_0,945,09:45,0.0,0.0,0.0
no07,533967_00533_11505_0,1000,10:00,17.2,17.263157894736842,0.06315789473684319
no07,533967_00533_11505_0,1015,10:15,2.15,1.947368421052632,-0.20263157894736783
no07,533967_00533_11505_0,1030,10:30,30.8,30.42105263157895,-0.37894736842105203
no07,533967_00533_11505_0,1045,10:45,26.1,26.157894736842103,0.057894736842101224
no07,533967_00533_11505_0,1100,11:00,23.45,22.84210526315789,-0.607894736842109
no07,533967_00533_11505_0,1115,11:15,0.6,0.631578947368421,0.03157894736842104
no07,533967_00533_11505_0,1130,11:30,22.6,22.57894736842105,-0.0210526315789501
no07,533967_00533_11505_0,1145,11:45,24.85,25.0,0.14999999999999858
no07,533967_00533_11505_0,1200,12:00,29.35,30.0,0.6499999999999986
no07,533967_00533_11505_0,1215,12:15,5.35,5.0,-0.34999999999999964
no07,533967_00533_11505_0,1230,12:30,9.55,9.473684210526317,-0.07631578947368389
no07,533967_00533_11505_0,1245,12:45,7.2,6.578947368421052,-0.621052631578948
no07,533967_00533_11505_0,1300,13:00,18.9,18.73684210526316,-0.1631578947368375
no07,533967_00533_11505_0,1315,13:15,15.6,15.31578947368421,-0.284210526315789
no07,533967_00533_11505_0,1330,13:30,3.35,3.5789473684210527,0.22894736842105257
no07,533967_00533_11505_0,1345,13:45,25.4,25.68421052631579,0.2842105263157926
no07,533967_00533_11505_0,1400,14:00,3.35,3.1578947368421053,-0.19210526315789478
no07,533967_00533_11505_0,1415,14:15,1.0,0.8947368421052632,-0.10526315789473684
no07,533967_00533_11505_0,1430,14:30,13.9,12.68421052631579,-1.215789473684211
no07,533967_00533_11505_0,1445,14:45,4.45,4.0,-0.4500000000000002
no07,533967_00533_11505_0,1500,15:00,14.85,14.736842105263158,-0.11315789473684212
no07,533967_00533_11505_0,1515,15:15,1.3,1.368421052631579,0.06842105263157894
no07,533967_00533_11505_0,1530,15:30,0.45,0.5789473684210527,0.12894736842105264
no07,533967_00533_11505_0,1545,15:45,7.1,6.473684210526316,-0.6263157894736837
no07,533967_00533_11505_0,1600,16:00,21.45,21.26315789473684,-0.18684210526316036
no07,533967_00533_11505_0,1615,16:15,36.7,36.8421052631579,0.1421052631578945
no07,533967_00533_11505_0,1630,16:30,34.1,33.94736842105263,-0.15263157894737134
no07,533967_00533_11505_0,1645,16:45,42.9,43.47368421052632,0.5736842105263236
no07,533967_00533_11505_0,1700,17:00,24.95,25.105263157894736,0.155263157894737
no07,533967_00533_11505_0,1715,17:15,13.35,13.789473684210526,0.439473684210526
no07,533967_00533_11505_0,1730,17:30,14.8,14.63157894736842,-0.16842105263158125
no07,533967_00533_11505_0,1745,17:45,17.75,18.42105263157895,0.6710526315789487
no07,533967_00533_11505_0,1800,18:00,10.0,9.63157894736842,-0.36842105263158054
no07,533967_00533_11505_0,1815,18:15,19.25,19.73684210526316,0.4868421052631611
no07,533967_00533_11505_0,1830,18:30,25.8,25.526315789473685,-0.27368421052631575
no07,533967_00533_11505_0,1845,18:45,31.4,32.421052631578945,1.0210526315789465
no07,533967_00533_11505_1,630,06:30,1.6,1.631578947368421,0.03157894736842093
no07,533967_00533_11505_1,645,06:45,0.35,0.4210526315789473,0.07105263157894731
no07,533967_00533_11505_1,700,07:00,0.35,0.2631578947368421,-0.08684210526315789
no07,533967_00533_11505_1,715,07:15,17.4,17.68421052631579,0.2842105263157926
no07,533967_00533_11505_1,730,07:30,3.8,3.526315789473684,-0.27368421052631575
no07,533967_00533_11505_1,745,07:45,34.15,34.1578947368421,0.007894736842104066
no07,533967_00533_11505_1,800,08:00,33.5,31.157894736842103,-2.3421052631578974
no07,533967_00533_11505_1,815,08:15,8.7,11.0,2.3000000000000007
no07,533967_00533_11505_1,830,08:30,22.4,22.36842105263158,-0.03157894736841982
no07,533967_00533_11505_1,845,08:45,16.35,16.526315789473685,0.17631578947368354
no07,533967_00533_11505_1,900,09:00,11.6,11.526315789473683,-0.07368421052631646
no07,533967_00533_11505_1,915,09:15,0.5,0.5263157894736842,0.02631578947368418
no07,533967_00533_11505_1,930,09:30,0.0,0.0,0.0
no07,533967_00533_11505_1,945,09:45,27.15,27.26315789473684,0.11315789473684035
no07,533967_00533_11505_1,1000,10:00,5.85,5.631578947368421,-0.2184210526315784
no07,533967_00533_11505_1,1015,10:15,0.85,1.105263157894737,0.25526315789473697
no07,533967_00533_11505_1,1030,10:30,3.7,3.684210526315789,-0.01578947368421124
no07,533967_00533_11505_1,1045,10:45,0.3,0.3157894736842105,0.01578947368421052
no07,533967_00533_11505_1,1100,11:00,2.5,2.473684210526316,-0.02631578947368407
no07,533967_00533_11505_1,1115,11:15,0.5,0.5263157894736842,0.02631578947368418
no07,533967_00533_11505_1,1130,11:30,0.0,0.0,0.0
no07,533967_00533_11505_1,1145,11:45,3.65,3.631578947368421,-0.018421052631579116
no07,533967_00533_11505_1,1200,12:00,4.2,4.157894736842105,-0.04210526315789487
no07,533967_00533_11505_1,1215,12:15,4.8,4.842105263157895,0.04210526315789487
no07,533967_00533_11505_1,1230,12:30,0.35,0.3684210526315789,0.01842105263157895
no07,533967_00533_11505_1,1245,12:45,2.9,2.8947368421052637,-0.005263157894736192
no07,533967_00533_11505_1,1300,13:00,1.05,1.105263157894737,0.0552631578947369
no07,533967_00533_11505_1,1315,13:15,1.2,1.0526315789473684,-0.1473684210526316
no07,533967_00533_11505_1,1330,13:30,0.8,1.0526315789473684,0.2526315789473683
no07,533967_00533_11505_1,1345,13:45,3.0,2.3684210526315788,-0.6315789473684212
no07,533967_00533_11505_1,1400,14:00,4.3,4.789473684210527,0.4894736842105276
no07,533967_00533_11505_1,1415,14:15,0.2,0.1578947368421052,-0.04210526315789481
no07,533967_00533_11505_1,1430,14:30,7.3,7.2105263157894735,-0.08947368421052637
no07,533967_00533_11505_1,1445,14:45,1.45,1.105263157894737,-0.344736842105263
no07,533967_00533_11505_1,1500,15:00,3.7,3.3684210526315788,-0.3315789473684214
no07,533967_00533_11505_1,1515,15:15,2.85,2.789473684210526,-0.06052631578947398
no07,533967_00533_11505_1,1530,15:30,0.4,0.7894736842105263,0.3894736842105263
no07,533967_00533_11505_1,1545,15:45,0.7,1.7894736842105263,1.0894736842105264
no07,533967_00533_11505_1,1600,16:00,1.95,2.1052631578947367,0.15526315789473677
no07,533967_00533_11505_1,1615,16:15,0.05,0.0526315789473684,0.0026315789473683945
no07,533967_00533_11505_1,1630,16:30,0.0,0.0,0.0
no07,533967_00533_11505_1,1645,16:45,2.75,2.789473684210526,0.039473684210526105
no07,533967_00533_11505_1,1700,17:00,10.6,10.526315789473683,-0.07368421052631646
no07,533967_00533_11505_1,1715,17:15,0.65,0.6842105263157895,0.03421052631578947
no07,533967_00533_11505_1,1730,17:30,2.3,3.3684210526315788,1.068421052631579
no07,533967_00533_11505_1,1745,17:45,0.4,0.5263157894736842,0.12631578947368416
no07,533967_00533_11505_1,1800,18:00,5.7,5.947368421052632,0.24736842105263168
no07,533967_00533_11505_1,1815,18:15,1.55,1.263157894736842,-0.286842105263158
no07,533967_00533_11505_1,1830,18:30,0.9,1.105263157894737,0.20526315789473693
no07,533967_00533_11505_1,1845,18:45,9.0,9.052631578947368,0.05263157894736814
no07,533967_00534_00766_0,630,06:30,117.95,117.52631578947368,-0.4236842105263179
no07,533967_00534_00766_0,645,06:45,104.7,105.84210526315788,1.1421052631578732
no07,533967_00534_00766_0,700,07:00,109.05,109.3157894736842,0.26578947368420813
no07,533967_00534_00766_0,715,07:15,127.5,127.0,-0.5
no07,533967_00534_00766_0,730,07:30,107.55,107.57894736842104,0.028947368421043507
no07,533967_00534_00766_0,745,07:45,119.75,116.6842105263158,-3.0657894736842053
no07,533967_00534_00766_0,800,08:00,123.1,125.73684210526316,2.6368421052631703
no07,533967_00534_00766_0,815,08:15,127.15,127.6842105263158,0.534210526315789
no07,533967_00534_00766_0,830,08:30,112.6,109.78947368421052,-2.810526315789474
no07,533967_00534_00766_0,845,08:45,129.9,128.73684210526315,-1.1631578947368553
no07,533967_00534_00766_0,900,09:00,114.75,115.42105263157896,0.6710526315789593
no07,533967_00534_00766_0,915,09:15,72.5,70.36842105263158,-2.131578947368425
no07,533967_00534_00766_0,930,09:30,78.65,78.73684210526316,0.08684210526315894
no07,533967_00534_00766_0,945,09:45,92.8,91.84210526315788,-0.9578947368421211
no07,533967_00534_00766_0,1000,10:00,69.05,69.10526315789474,0.055263157894742676
no07,533967_00534_00766_0,1015,10:15,65.3,65.15789473684211,-0.1421052631578874
no07,533967_00534_00766_0,1030,10:30,49.2,50.05263157894737,0.8526315789473671
no07,533967_00534_00766_0,1045,10:45,39.9,40.36842105263158,0.46842105263158373
no07,533967_00534_00766_0,1100,11:00,50.15,51.47368421052632,1.3236842105263236
no07,533967_00534_00766_0,1115,11:15,73.9,74.3157894736842,0.4157894736841996
no07,533967_00534_00766_0,1130,11:30,34.4,35.0,0.6000000000000014
no07,533967_00534_00766_0,1145,11:45,67.3,66.6842105263158,-0.6157894736842024
no07,533967_00534_00766_0,1200,12:00,36.6,36.36842105263158,-0.2315789473684191
no07,533967_00534_00766_0,1215,12:15,66.65,66.3157894736842,-0.3342105263158004
no07,533967_00534_00766_0,1230,12:30,54.35,54.1578947368421,-0.19210526315789878
no07,533967_00534_00766_0,1245,12:45,75.35,75.42105263157895,0.07105263157895081
no07,533967_00534_00766_0,1300,13:00,43.75,43.8421052631579,0.09210526315789735
no07,533967_00534_00766_0,1315,13:15,53.55,54.526315789473685,0.9763157894736878
no07,533967_00534_00766_0,1330,13:30,68.55,68.52631578947368,-0.0236842105263122
no07,533967_00534_00766_0,1345,13:45,53.0,52.42105263157895,-0.5789473684210478
no07,533967_00534_00766_0,1400,14:00,64.3,64.78947368421052,0.4894736842105232
no07,533967_00534_00766_0,1415,14:15,74.6,74.26315789473684,-0.33684210526315894
no07,533967_00534_00766_0,1430,14:30,72.7,72.47368421052632,-0.2263157894736878
no07,533967_00534_00766_0,1445,14:45,72.35,71.78947368421052,-0.560526315789474
no07,533967_00534_00766_0,1500,15:00,53.05,55.47368421052632,2.423684210526325
no07,533967_00534_00766_0,1515,15:15,62.3,59.42105263157895,-2.878947368421045
no07,533967_00534_00766_0,1530,15:30,72.5,72.52631578947368,0.02631578947368496
no07,533967_00534_00766_0,1545,15:45,63.7,64.0,0.29999999999999716
no07,533967_00534_00766_0,1600,16:00,44.1,43.26315789473684,-0.8368421052631589
no07,533967_00534_00766_0,1615,16:15,35.55,36.1578947368421,0.6078947368421055
no07,533967_00534_00766_0,1630,16:30,20.9,20.84210526315789,-0.05789473684210833
no07,533967_00534_00766_0,1645,16:45,37.35,36.89473684210526,-0.45526315789474125
no07,533967_00534_00766_0,1700,17:00,52.25,50.0,-2.25
no07,533967_00534_00766_0,1715,17:15,81.7,81.26315789473684,-0.43684210526316747
no07,533967_00534_00766_0,1730,17:30,45.1,45.21052631578947,0.11052631578947114
no07,533967_00534_00766_0,1745,17:45,70.5,69.42105263157895,-1.0789473684210549
no07,533967_00534_00766_0,1800,18:00,54.65,52.73684210526316,-1.913157894736841
no07,533967_00534_00766_0,1815,18:15,47.25,47.36842105263158,0.11842105263158231
no07,533967_00534_00766_0,1830,18:30,36.1,36.26315789473684,0.16315789473684106
no07,533967_00534_00766_0,1845,18:45,35.1,34.526315789473685,-0.5736842105263165
no07,533967_00534_00766_1,630,06:30,32.05,31.94736842105263,-0.10263157894736707
no07,533967_00534_00766_1,645,06:45,42.55,43.05263157894737,0.5026315789473728
no07,533967_00534_00766_1,700,07:00,44.45,44.78947368421053,0.3394736842105246
no07,533967_00534_00766_1,715,07:15,47.65,48.73684210526316,1.086842105263159
no07,533967_00534_00766_1,730,07:30,45.45,47.68421052631579,2.2342105263157848
no07,533967_00534_00766_1,745,07:45,45.25,44.63157894736842,-0.6184210526315823
no07,533967_00534_00766_1,800,08:00,56.8,57.63157894736842,0.8315789473684205
no07,533967_00534_00766_1,815,08:15,67.3,69.10526315789474,1.8052631578947427
no07,533967_00534_00766_1,830,08:30,50.45,54.0,3.549999999999997
no07,533967_00534_00766_1,845,08:45,69.85,77.52631578947368,7.676315789473691
no07,533967_00534_00766_1,900,09:00,50.8,52.21052631578947,1.4105263157894754
no07,533967_00534_00766_1,915,09:15,62.5,63.73684210526316,1.2368421052631575
no07,533967_00534_00766_1,930,09:30,59.65,60.63157894736842,0.9815789473684191
no07,533967_00534_00766_1,945,09:45,33.15,44.89473684210526,11.744736842105262
no07,533967_00534_00766_1,1000,10:00,51.7,53.63157894736842,1.9315789473684148
no07,533967_00534_00766_1,1015,10:15,62.2,63.36842105263158,1.1684210526315795
no07,533967_00534_00766_1,1030,10:30,66.35,69.15789473684211,2.8078947368421154
no07,533967_00534_00766_1,1045,10:45,38.4,50.63157894736842,12.231578947368419
no07,533967_00534_00766_1,1100,11:00,49.8,61.05263157894737,11.252631578947373
no07,533967_00534_00766_1,1115,11:15,56.15,65.15789473684211,9.007894736842111
no07,533967_00534_00766_1,1130,11:30,79.85,81.78947368421052,1.939473684210526
no07,533967_00534_00766_1,1145,11:45,39.3,46.78947368421053,7.48947368421053
no07,533967_00534_00766_1,1200,12:00,54.2,64.89473684210526,10.694736842105257
no07,533967_00534_00766_1,1215,12:15,61.6,63.68421052631579,2.084210526315786
no07,533967_00534_00766_1,1230,12:30,41.0,43.63157894736842,2.6315789473684177
no07,533967_00534_00766_1,1245,12:45,63.65,64.21052631578948,0.5605263157894811
no07,533967_00534_00766_1,1300,13:00,73.8,78.26315789473684,4.463157894736838
no07,533967_00534_00766_1,1315,13:15,67.25,68.84210526315789,1.5921052631578902
no07,533967_00534_00766_1,1330,13:30,55.3,57.578947368421055,2.2789473684210577
no07,533967_00534_00766_1,1345,13:45,50.0,53.36842105263158,3.3684210526315823
no07,533967_00534_00766_1,1400,14:00,45.95,49.578947368421055,3.628947368421052
no07,533967_00534_00766_1,1415,14:15,54.7,64.21052631578948,9.510526315789477
no07,533967_00534_00766_1,1430,14:30,72.95,73.36842105263158,0.41842105263157237
no07,533967_00534_00766_1,1445,14:45,93.6,93.15789473684212,-0.44210526315787035
no07,533967_00534_00766_1,1500,15:00,79.2,94.21052631578948,15.010526315789477
no07,533967_00534_00766_1,1515,15:15,68.35,72.57894736842105,4.228947368421061
no07,533967_00534_00766_1,1530,15:30,85.8,87.21052631578948,1.4105263157894825
no07,533967_00534_00766_1,1545,15:45,76.55,75.63157894736842,-0.9184210526315724
no07,533967_00534_00766_1,1600,16:00,99.85,101.15789473684212,1.3078947368421296
no07,533967_00534_00766_1,1615,16:15,64.4,62.73684210526316,-1.6631578947368482
no07,533967_00534_00766_1,1630,16:30,80.35,80.94736842105263,0.5973684210526358
no07,533967_00534_00766_1,1645,16:45,81.0,85.21052631578948,4.21052631578948
no07,533967_00534_00766_1,1700,17:00,84.6,86.05263157894737,1.4526315789473756
no07,533967_00534_00766_1,1715,17:15,80.0,79.89473684210526,-0.10526315789473983
no07,533967_00534_00766_1,1730,17:30,76.1,77.42105263157895,1.3210526315789508
no07,533967_00534_00766_1,1745,17:45,84.15,81.21052631578948,-2.939473684210526
no07,533967_00534_00766_1,1800,18:00,89.95,89.73684210526316,-0.21315789473683822
no07,533967_00534_00766_1,1815,18:15,103.05,97.0,-6.049999999999997
no07,533967_00534_00766_1,1830,18:30,84.65,105.0,20.349999999999994
no07,533967_00534_00766_1,1845,18:45,70.9,72.3157894736842,1.4157894736841996
no07,533967_00534_11504_0,630,06:30,1.3,1.2105263157894737,-0.08947368421052637
no07,533967_00534_11504_0,645,06:45,10.2,10.157894736842104,-0.04210526315789487
no07,533967_00534_11504_0,700,07:00,21.2,20.31578947368421,-0.8842105263157904
no07,533967_00534_11504_0,715,07:15,20.8,21.84210526315789,1.0421052631578895
no07,533967_00534_11504_0,730,07:30,9.65,9.63157894736842,-0.018421052631580892
no07,533967_00534_11504_0,745,07:45,8.8,10.736842105263158,1.9368421052631568
no07,533967_00534_11504_0,800,08:00,19.2,17.42105263157895,-1.7789473684210506
no07,533967_00534_11504_0,815,08:15,37.3,38.578947368421055,1.2789473684210577
no07,533967_00534_11504_0,830,08:30,67.55,67.89473684210526,0.344736842105263
no07,533967_00534_11504_0,845,08:45,63.7,63.578947368421055,-0.12105263157894797
no07,533967_00534_11504_0,900,09:00,28.65,28.894736842105264,0.24473684210526514
no07,533967_00534_11504_0,915,09:15,71.8,73.21052631578948,1.4105263157894825
no07,533967_00534_11504_0,930,09:30,57.95,57.73684210526316,-0.21315789473684532
no07,533967_00534_11504_0,945,09:45,28.35,28.26315789473684,-0.0868421052631625
no07,533967_00534_11504_0,1000,10:00,25.6,25.68421052631579,0.08421052631578974
no07,533967_00534_11504_0,1015,10:15,35.6,35.31578947368421,-0.284210526315789
no07,533967_00534_11504_0,1030,10:30,66.55,66.26315789473684,-0.2868421052631618
no07,533967_00534_11504_0,1045,10:45,46.75,46.94736842105263,0.19736842105263008
no07,533967_00534_11504_0,1100,11:00,54.9,54.8421052631579,-0.057894736842101224
no07,533967_00534_11504_0,1115,11:15,40.3,40.05263157894737,-0.24736842105262724
no07,533967_00534_11504_0,1130,11:30,94.8,95.10526315789474,0.3052631578947427
no07,533967_00534_11504_0,1145,11:45,41.1,41.21052631578947,0.11052631578947114
no07,533967_00534_11504_0,1200,12:00,80.2,80.3157894736842,0.11578947368420245
no07,533967_00534_11504_0,1215,12:15,52.8,52.73684210526316,-0.06315789473683964
no07,533967_00534_11504_0,1230,12:30,76.4,76.6842105263158,0.284210526315789
no07,533967_00534_11504_0,1245,12:45,36.9,36.21052631578947,-0.689473684210526
no07,533967_00534_11504_0,1300,13:00,67.85,67.73684210526316,-0.11315789473682969
no07,533967_00534_11504_0,1315,13:15,59.8,59.42105263157895,-0.37894736842104493
no07,533967_00534_11504_0,1330,13:30,46.9,46.94736842105263,0.047368421052631504
no07,533967_00534_11504_0,1345,13:45,77.55,78.10526315789474,0.5552631578947427
no07,533967_00534_11504_0,1400,14:00,73.3,72.6842105263158,-0.6157894736842024
no07,533967_00534_11504_0,1415,14:15,73.85,74.05263157894737,0.2026315789473756
no07,533967_00534_11504_0,1430,14:30,57.05,56.26315789473684,-0.7868421052631547
no07,533967_00534_11504_0,1445,14:45,83.95,82.10526315789474,-1.844736842105263
no07,533967_00534_11504_0,1500,15:00,73.45,74.94736842105263,1.4973684210526272
no07,533967_00534_11504_0,1515,15:15,60.0,60.31578947368421,0.3157894736842124
no07,533967_00534_11504_0,1530,15:30,64.7,64.6842105263158,-0.015789473684208133
no07,533967_00534_11504_0,1545,15:45,46.75,46.0,-0.75
no07,533967_00534_11504_0,1600,16:00,70.35,70.21052631578948,-0.13947368421051465
no07,533967_00534_11504_0,1615,16:15,96.0,96.15789473684212,0.15789473684212396
no07,533967_00534_11504_0,1630,16:30,79.25,79.26315789473684,0.013157894736835374
no07,533967_00534_11504_0,1645,16:45,88.2,88.52631578947368,0.3263157894736821
no07,533967_00534_11504_0,1700,17:00,87.95,88.47368421052632,0.5236842105263122
no07,533967_00534_11504_0,1715,17:15,26.2,26.473684210526315,0.27368421052631575
no07,533967_00534_11504_0,1730,17:30,61.55,61.26315789473684,-0.2868421052631547
no07,533967_00534_11504_0,1745,17:45,69.4,69.47368421052632,0.07368421052630936
no07,533967_00534_11504_0,1800,18:00,63.0,62.89473684210526,-0.10526315789473983
no07,533967_00534_11504_0,1815,18:15,96.1,95.89473684210526,-0.20526315789473415
no07,533967_00534_11504_0,1830,18:30,97.1,97.42105263157896,0.321052631578965
no07,533967_00534_11504_0,1845,18:45,57.05,57.8421052631579,0.7921052631579002
no07,533967_00534_11504_1,630,06:30,46.3,45.94736842105263,-0.3526315789473671
no07,533967_00534_11504_1,645,06:45,39.45,39.68421052631579,0.23421052631578476
no07,533967_00534_11504_1,700,07:00,56.3,56.8421052631579,0.5421052631579002
no07,533967_00534_11504_1,715,07:15,75.05,74.52631578947368,-0.5236842105263122
no07,533967_00534_11504_1,730,07:30,70.6,70.84210526315789,0.24210526315789593
no07,533967_00534_11504_1,745,07:45,90.95,90.57894736842104,-0.3710526315789622
no07,533967_00534_11504_1,800,08:00,100.9,99.73684210526316,-1.163157894736841
no07,533967_00534_11504_1,815,08:15,97.45,98.84210526315788,1.3921052631578732
no07,533967_00534_11504_1,830,08:30,92.4,91.6842105263158,-0.715789473684211
no07,533967_00534_11504_1,845,08:45,92.25,92.89473684210526,0.6447368421052602
no07,533967_00534_11504_1,900,09:00,71.7,71.47368421052632,-0.2263157894736878
no07,533967_00534_11504_1,915,09:15,57.25,57.26315789473684,0.01315789473684248
no07,533967_00534_11504_1,930,09:30,63.3,63.47368421052632,0.173684210526325
no07,533967_00534_11504_1,945,09:45,89.0,89.0,0.0
no07,533967_00534_11504_1,1000,10:00,63.0,62.73684210526316,-0.2631578947368425
no07,533967_00534_11504_1,1015,10:15,70.4,70.42105263157895,0.02105263157893944
no07,533967_00534_11504_1,1030,10:30,43.85,44.10526315789474,0.2552631578947384
no07,533967_00534_11504_1,1045,10:45,57.05,57.47368421052632,0.423684210526325
no07,533967_00534_11504_1,1100,11:00,48.4,48.526315789473685,0.12631578947368638
no07,533967_00534_11504_1,1115,11:15,64.0,64.05263157894737,0.05263157894736992
no07,533967_00534_11504_1,1130,11:30,36.95,36.8421052631579,-0.10789473684210549
no07,533967_00534_11504_1,1145,11:45,48.05,47.94736842105263,-0.10263157894736707
no07,533967_00534_11504_1,1200,12:00,55.4,55.578947368421055,0.1789473684210563
no07,533967_00534_11504_1,1215,12:15,64.05,63.8421052631579,-0.2078947368420998
no07,533967_00534_11504_1,1230,12:30,50.7,50.78947368421053,0.0894736842105246
no07,533967_00534_11504_1,1245,12:45,42.85,42.78947368421053,-0.06052631578947398
no07,533967_00534_11504_1,1300,13:00,32.1,32.473684210526315,0.3736842105263136
no07,533967_00534_11504_1,1315,13:15,32.55,32.526315789473685,-0.0236842105263122
no07,533967_00534_11504_1,1330,13:30,61.2,61.36842105263158,0.16842105263157947
no07,533967_00534_11504_1,1345,13:45,25.8,25.63157894736842,-0.16842105263157947
no07,533967_00534_11504_1,1400,14:00,35.95,36.21052631578947,0.2605263157894697
no07,533967_00534_11504_1,1415,14:15,46.35,46.0,-0.3500000000000014
no07,533967_00534_11504_1,1430,14:30,55.3,55.26315789473684,-0.03684210526315468
no07,533967_00534_11504_1,1445,14:45,55.35,55.578947368421055,0.22894736842105345
no07,533967_00534_11504_1,1500,15:00,36.85,37.0,0.14999999999999858
no07,533967_00534_11504_1,1515,15:15,35.25,35.1578947368421,-0.09210526315789735
no07,533967_00534_11504_1,1530,15:30,42.15,42.42105263157895,0.27105263157895365
no07,533967_00534_11504_1,1545,15:45,44.55,45.578947368421055,1.0289473684210577
no07,533967_00534_11504_1,1600,16:00,62.05,61.42105263157895,-0.6289473684210449
no07,533967_00534_11504_1,1615,16:15,63.5,64.52631578947368,1.026315789473685
no07,533967_00534_11504_1,1630,16:30,83.8,83.05263157894737,-0.7473684210526272
no07,533967_00534_11504_1,1645,16:45,70.25,70.84210526315789,0.5921052631578902
no07,533967_00534_11504_1,1700,17:00,86.45,86.42105263157895,-0.028947368421057718
no07,533967_00534_11504_1,1715,17:15,72.65,72.52631578947368,-0.12368421052632073
no07,533967_00534_11504_1,1730,17:30,50.0,51.1578947368421,1.1578947368421026
no07,533967_00534_11504_1,1745,17:45,43.45,42.8421052631579,-0.6078947368421055
no07,533967_00534_11504_1,1800,18:00,63.25,63.68421052631579,0.4342105263157876
no07,533967_00534_11504_1,1815,18:15,60.35,60.1578947368421,-0.19210526315789878
no07,533967_00534_11504_1,1830,18:30,46.25,46.31578947368421,0.0657894736842124
no07,533967_00534_11504_1,1845,18:45,46.45,46.21052631578947,-0.23947368421053028
no07,533967_00535_00538_0,630,06:30,59.05,59.05263157894737,0.002631578947372759
no07,533967_00535_00538_0,645,06:45,61.05,61.36842105263158,0.31842105263158516
no07,533967_00535_00538_0,700,07:00,62.65,62.47368421052632,-0.17631578947367643
no07,533967_00535_00538_0,715,07:15,77.7,78.21052631578948,0.5105263157894768
no07,533967_00535_00538_0,730,07:30,85.3,85.05263157894737,-0.24736842105262724
no07,533967_00535_00538_0,745,07:45,93.4,92.84210526315788,-0.5578947368421296
no07,533967_00535_00538_0,800,08:00,64.1,64.36842105263158,0.2684210526315809
no07,533967_00535_00538_0,815,08:15,103.6,103.05263157894736,-0.5473684210526386
no07,533967_00535_00538_0,830,08:30,100.55,100.57894736842104,0.028947368421043507
no07,533967_00535_00538_0,845,08:45,58.15,58.47368421052632,0.32368421052632357
no07,533967_00535_00538_0,900,09:00,65.45,65.52631578947368,0.07631578947368212
no07,533967_00535_00538_0,915,09:15,68.35,68.52631578947368,0.17631578947369064
no07,533967_00535_00538_0,930,09:30,60.05,60.1578947368421,0.10789473684210549
no07,533967_00535_00538_0,945,09:45,55.4,55.31578947368421,-0.08421052631578618
no07,533967_00535_00538_0,1000,10:00,78.3,78.36842105263158,0.06842105263157805
no07,533967_00535_00538_0,1015,10:15,75.6,75.52631578947368,-0.07368421052630936
no07,533967_00535_00538_0,1030,10:30,62.35,62.36842105263158,0.018421052631580892
no07,533967_00535_00538_0,1045,10:45,74.1,73.78947368421052,-0.310526315789474
no07,533967_00535_00538_0,1100,11:00,73.55,73.21052631578948,-0.3394736842105175
no07,533967_00535_00538_0,1115,11:15,75.6,75.47368421052632,-0.12631578947367927
no07,533967_00535_00538_0,1130,11:30,66.5,66.42105263157895,-0.07894736842105488
no07,533967_00535_00538_0,1145,11:45,92.65,93.21052631578948,0.560526315789474
no07,533967_00535_00538_0,1200,12:00,77.7,76.57894736842105,-1.121052631578948
no07,533967_00535_00538_0,1215,12:15,64.25,65.21052631578948,0.9605263157894797
no07,533967_00535_00538_0,1230,12:30,80.15,79.63157894736842,-0.5184210526315809
no07,533967_00535_00538_0,1245,12:45,65.45,65.89473684210526,0.4447368421052573
no07,533967_00535_00538_0,1300,13:00,72.85,72.57894736842105,-0.27105263157893944
no07,533967_00535_00538_0,1315,13:15,82.65,82.47368421052632,-0.17631578947369064
no07,533967_00535_00538_0,1330,13:30,68.45,68.73684210526316,0.2868421052631618
no07,533967_00535_00538_0,1345,13:45,77.75,77.52631578947368,-0.22368421052631504
no07,533967_00535_00538_0,1400,14:00,54.8,55.21052631578947,0.4105263157894754
no07,533967_00535_00538_0,1415,14:15,73.15,72.84210526315789,-0.30789473684211544
no07,533967_00535_00538_0,1430,14:30,52.35,52.36842105263158,0.018421052631580892
no07,533967_00535_00538_0,1445,14:45,58.55,58.21052631578947,-0.3394736842105246
no07,533967_00535_00538_0,1500,15:00,91.75,92.10526315789474,0.35526315789473983
no07,533967_00535_00538_0,1515,15:15,59.9,59.63157894736842,-0.2684210526315809
no07,533967_00535_00538_0,1530,15:30,60.7,60.47368421052632,-0.2263157894736807
no07,533967_00535_00538_0,1545,15:45,66.0,65.3157894736842,-0.6842105263157947
no07,533967_00535_00538_0,1600,16:00,85.6,84.94736842105263,-0.6526315789473642
no07,533967_00535_00538_0,1615,16:15,74.75,74.63157894736842,-0.11842105263157521
no07,533967_00535_00538_0,1630,16:30,84.5,85.0,0.5
no07,533967_00535_00538_0,1645,16:45,76.65,76.63157894736842,-0.018421052631580892
no07,533967_00535_00538_0,1700,17:00,88.4,88.15789473684211,-0.24210526315789593
no07,533967_00535_00538_0,1715,17:15,54.75,54.8421052631579,0.09210526315789735
no07,533967_00535_00538_0,1730,17:30,84.75,83.52631578947368,-1.223684210526315
no07,533967_00535_00538_0,1745,17:45,95.9,96.05263157894736,0.15263157894735002
no07,533967_00535_00538_0,1800,18:00,88.65,88.73684210526316,0.08684210526315894
no07,533967_00535_00538_0,1815,18:15,57.85,58.0,0.14999999999999858
no07,533967_00535_00538_0,1830,18:30,51.5,51.63157894736842,0.1315789473684177
no07,533967_00535_00538_0,1845,18:45,47.2,47.05263157894737,-0.14736842105263293
no07,533967_00535_00538_1,630,06:30,13.65,13.526315789473683,-0.12368421052631717
no07,533967_00535_00538_1,645,06:45,18.95,19.105263157894736,0.155263157894737
no07,533967_00535_00538_1,700,07:00,41.0,41.0,0.0
no07,533967_00535_00538_1,715,07:15,49.25,49.05263157894737,-0.19736842105263008
no07,533967_00535_00538_1,730,07:30,44.75,44.10526315789474,-0.6447368421052602
no07,533967_00535_00538_1,745,07:45,76.05,69.47368421052632,-6.576315789473682
no07,533967_00535_00538_1,800,08:00,93.8,93.36842105263158,-0.43157894736842195
no07,533967_00535_00538_1,815,08:15,54.6,58.05263157894737,3.4526315789473685
no07,533967_00535_00538_1,830,08:30,48.9,49.8421052631579,0.9421052631578988
no07,533967_00535_00538_1,845,08:45,56.1,55.89473684210526,-0.20526315789474125
no07,533967_00535_00538_1,900,09:00,75.8,75.47368421052632,-0.3263157894736821
no07,533967_00535_00538_1,915,09:15,44.65,45.10526315789474,0.45526315789474125
no07,533967_00535_00538_1,930,09:30,54.3,53.21052631578947,-1.0894736842105246
no07,533967_00535_00538_1,945,09:45,69.05,70.10526315789474,1.0552631578947427
no07,533967_00535_00538_1,1000,10:00,44.95,44.94736842105263,-0.002631578947372759
no07,533967_00535_00538_1,1015,10:15,45.8,46.10526315789474,0.3052631578947427
no07,533967_00535_00538_1,1030,10:30,34.6,34.63157894736842,0.031578947368416266
no07,533967_00535_00538_1,1045,10:45,44.05,44.526315789473685,0.4763157894736878
no07,533967_00535_00538_1,1100,11:00,48.25,48.10526315789474,-0.14473684210526017
no07,533967_00535_00538_1,1115,11:15,77.15,77.10526315789474,-0.04473684210526585
no07,533967_00535_00538_1,1130,11:30,47.3,47.0,-0.29999999999999716
no07,533967_00535_00538_1,1145,11:45,48.95,49.8421052631579,0.8921052631578945
no07,533967_00535_00538_1,1200,12:00,56.2,54.68421052631579,-1.5157894736842152
no07,533967_00535_00538_1,1215,12:15,76.15,76.94736842105263,0.7973684210526244
no07,533967_00535_00538_1,1230,12:30,79.1,78.84210526315789,-0.25789473684210407
no07,533967_00535_00538_1,1245,12:45,53.0,54.36842105263158,1.3684210526315823
no07,533967_00535_00538_1,1300,13:00,62.05,61.526315789473685,-0.5236842105263122
no07,533967_00535_00538_1,1315,13:15,50.85,51.47368421052632,0.6236842105263207
no07,533967_00535_00538_1,1330,13:30,54.3,54.21052631578947,-0.0894736842105246
no07,533967_00535_00538_1,1345,13:45,43.45,42.10526315789474,-1.344736842105263
no07,533967_00535_00538_1,1400,14:00,52.05,52.1578947368421,0.10789473684210549
no07,533967_00535_00538_1,1415,14:15,80.05,80.52631578947368,0.4763157894736878
no07,533967_00535_00538_1,1430,14:30,66.2,67.0,0.7999999999999972
no07,533967_00535_00538_1,1445,14:45,55.2,55.31578947368421,0.11578947368420955
no07,533967_00535_00538_1,1500,15:00,66.2,65.89473684210526,-0.3052631578947427
no07,533967_00535_00538_1,1515,15:15,62.8,62.89473684210526,0.09473684210526301
no07,533967_00535_00538_1,1530,15:30,77.5,76.73684210526316,-0.7631578947368354
no07,533967_00535_00538_1,1545,15:45,72.15,73.78947368421052,1.6394736842105146
no07,533967_00535_00538_1,1600,16:00,53.75,53.73684210526316,-0.01315789473684248
no07,533967_00535_00538_1,1615,16:15,36.75,36.78947368421053,0.03947368421052744
no07,533967_00535_00538_1,1630,16:30,24.35,24.84210526315789,0.49210526315788883
no07,533967_00535_00538_1,1645,16:45,37.6,37.21052631578947,-0.38947368421052886
no07,533967_00535_00538_1,1700,17:00,49.2,47.63157894736842,-1.5684210526315852
no07,533967_00535_00538_1,1715,17:15,69.65,69.94736842105263,0.2973684210526244
no07,533967_00535_00538_1,1730,17:30,71.55,69.47368421052632,-2.076315789473682
no07,533967_00535_00538_1,1745,17:45,76.5,73.47368421052632,-3.026315789473685
no07,533967_00535_00538_1,1800,18:00,82.5,81.47368421052632,-1.026315789473685
no07,533967_00535_00538_1,1815,18:15,83.0,84.05263157894737,1.05263157894737
no07,533967_00535_00538_1,1830,18:30,52.35,57.10526315789474,4.755263157894738
no07,533967_00535_00538_1,1845,18:45,66.6,65.94736842105263,-0.6526315789473642
no07,533967_00535_00609_0,630,06:30,69.45,69.52631578947368,0.07631578947368212
no07,533967_00535_00609_0,645,06:45,74.85,74.84210526315789,-0.007894736842104066
no07,533967_00535_00609_0,700,07:00,59.35,59.36842105263158,0.018421052631580892
no07,533967_00535_00609_0,715,07:15,103.5,103.36842105263158,-0.1315789473684248
no07,533967_00535_00609_0,730,07:30,139.05,138.89473684210526,-0.1552631578947512
no07,533967_00535_00609_0,745,07:45,101.05,101.36842105263158,0.31842105263157805
no07,533967_00535_00609_0,800,08:00,148.05,145.94736842105263,-2.1026315789473813
no07,533967_00535_00609_0,815,08:15,141.5,142.68421052631578,1.1842105263157805
no07,533967_00535_00609_0,830,08:30,148.8,149.05263157894737,0.25263157894735855
no07,533967_00535_00609_0,845,08:45,149.75,150.52631578947367,0.7763157894736707
no07,533967_00535_00609_0,900,09:00,108.85,108.21052631578948,-0.6394736842105146
no07,533967_00535_00609_0,915,09:15,93.3,93.89473684210526,0.594736842105263
no07,533967_00535_00609_0,930,09:30,118.5,118.26315789473684,-0.23684210526316463
no07,533967_00535_00609_0,945,09:45,100.25,100.47368421052632,0.22368421052631504
no07,533967_00535_00609_0,1000,10:00,107.65,107.84210526315788,0.19210526315787035
no07,533967_00535_00609_0,1015,10:15,89.65,89.52631578947368,-0.12368421052632073
no07,533967_00535_00609_0,1030,10:30,76.9,77.05263157894737,0.15263157894736423
no07,533967_00535_00609_0,1045,10:45,70.15,70.21052631578948,0.06052631578947398
no07,533967_00535_00609_0,1100,11:00,77.95,77.73684210526316,-0.21315789473683822
no07,533967_00535_00609_0,1115,11:15,116.0,116.26315789473684,0.2631578947368354
no07,533967_00535_00609_0,1130,11:30,59.35,58.94736842105263,-0.40263157894737134
no07,533967_00535_00609_0,1145,11:45,70.45,70.73684210526316,0.2868421052631618
no07,533967_00535_00609_0,1200,12:00,86.85,86.63157894736842,-0.21842105263156952
no07,533967_00535_00609_0,1215,12:15,111.95,112.0,0.04999999999999716
no07,533967_00535_00609_0,1230,12:30,75.0,74.84210526315789,-0.15789473684210975
no07,533967_00535_00609_0,1245,12:45,68.0,68.42105263157895,0.4210526315789451
no07,533967_00535_00609_0,1300,13:00,79.3,79.26315789473684,-0.036842105263161784
no07,533967_00535_00609_0,1315,13:15,66.3,65.89473684210526,-0.405263157894737
no07,533967_00535_00609_0,1330,13:30,81.7,81.84210526315789,0.1421052631578874
no07,533967_00535_00609_0,1345,13:45,57.0,57.0,0.0
no07,533967_00535_00609_0,1400,14:00,75.55,75.10526315789474,-0.4447368421052573
no07,533967_00535_00609_0,1415,14:15,69.45,70.15789473684211,0.7078947368421069
no07,533967_00535_00609_0,1430,14:30,85.55,85.0,-0.5499999999999972
no07,533967_00535_00609_0,1445,14:45,67.05,67.0,-0.04999999999999716
no07,533967_00535_00609_0,1500,15:00,67.2,66.52631578947368,-0.6736842105263179
no07,533967_00535_00609_0,1515,15:15,75.3,75.63157894736842,0.33157894736842763
no07,533967_00535_00609_0,1530,15:30,77.9,77.78947368421052,-0.11052631578948535
no07,533967_00535_00609_0,1545,15:45,82.9,84.36842105263158,1.4684210526315695
no07,533967_00535_00609_0,1600,16:00,107.85,107.36842105263158,-0.4815789473684191
no07,533967_00535_00609_0,1615,16:15,85.7,86.21052631578948,0.5105263157894768
no07,533967_00535_00609_0,1630,16:30,89.35,89.57894736842105,0.22894736842106056
no07,533967_00535_00609_0,1645,16:45,93.85,93.94736842105264,0.09736842105264998
no07,533967_00535_00609_0,1700,17:00,54.35,53.94736842105263,-0.40263157894737134
no07,533967_00535_00609_0,1715,17:15,102.5,103.15789473684212,0.657894736842124
no07,533967_00535_00609_0,1730,17:30,106.3,106.10526315789474,-0.19473684210525732
no07,533967_00535_00609_0,1745,17:45,91.9,91.52631578947368,-0.3736842105263207
no07,533967_00535_00609_0,1800,18:00,110.05,110.26315789473684,0.21315789473683822
no07,533967_00535_00609_0,1815,18:15,104.4,105.47368421052632,1.0736842105263094
no07,533967_00535_00609_0,1830,18:30,80.35,80.47368421052632,0.12368421052632073
no07,533967_00535_00609_0,1845,18:45,68.6,68.73684210526316,0.1368421052631703
no07,533967_00535_00609_1,630,06:30,87.8,87.63157894736842,-0.16842105263157237
no07,533967_00535_00609_1,645,06:45,89.35,89.94736842105263,0.5973684210526358
no07,533967_00535_00609_1,700,07:00,94.0,93.6842105263158,-0.3157894736842053
no07,533967_00535_00609_1,715,07:15,102.0,100.21052631578948,-1.7894736842105203
no07,533967_00535_00609_1,730,07:30,92.0,93.47368421052632,1.473684210526315
no07,533967_00535_00609_1,745,07:45,54.3,55.89473684210526,1.594736842105263
no07,533967_00535_00609_1,800,08:00,69.35,70.89473684210526,1.5447368421052659
no07,533967_00535_00609_1,815,08:15,91.9,91.10526315789474,-0.7947368421052659
no07,533967_00535_00609_1,830,08:30,72.05,71.78947368421052,-0.2605263157894768
no07,533967_00535_00609_1,845,08:45,87.9,87.94736842105263,0.0473684210526244
no07,533967_00535_00609_1,900,09:00,76.55,76.78947368421052,0.23947368421052317
no07,533967_00535_00609_1,915,09:15,72.7,73.89473684210526,1.1947368421052573
no07,533967_00535_00609_1,930,09:30,80.35,80.3157894736842,-0.034210526315789025
no07,533967_00535_00609_1,945,09:45,49.35,49.42105263157895,0.07105263157895081
no07,533967_00535_00609_1,1000,10:00,73.8,74.10526315789474,0.3052631578947427
no07,533967_00535_00609_1,1015,10:15,78.4,77.78947368421052,-0.6105263157894854
no07,533967_00535_00609_1,1030,10:30,82.2,82.42105263157895,0.22105263157894228
no07,533967_00535_00609_1,1045,10:45,73.95,73.52631578947368,-0.4236842105263179
no07,533967_00535_00609_1,1100,11:00,93.75,93.05263157894736,-0.6973684210526443
no07,533967_00535_00609_1,1115,11:15,95.6,95.63157894736842,0.03157894736843048
no07,533967_00535_00609_1,1130,11:30,82.25,82.63157894736842,0.3815789473684248
no07,533967_00535_00609_1,1145,11:45,78.65,78.84210526315789,0.19210526315788456
no07,533967_00535_00609_1,1200,12:00,112.65,110.84210526315788,-1.8078947368421296
no07,533967_00535_00609_1,1215,12:15,90.65,92.15789473684212,1.5078947368421183
no07,533967_00535_00609_1,1230,12:30,94.25,93.94736842105264,-0.3026315789473557
no07,533967_00535_00609_1,1245,12:45,94.7,94.42105263157896,-0.2789473684210435
no07,533967_00535_00609_1,1300,13:00,92.4,92.36842105263158,-0.03157894736843048
no07,533967_00535_00609_1,1315,13:15,91.85,92.05263157894736,0.2026315789473614
no07,533967_00535_00609_1,1330,13:30,72.65,72.3157894736842,-0.3342105263158004
no07,533967_00535_00609_1,1345,13:45,68.15,69.0,0.8499999999999943
no07,533967_00535_00609_1,1400,14:00,72.75,72.21052631578948,-0.5394736842105203
no07,533967_00535_00609_1,1415,14:15,58.65,58.578947368421055,-0.0710526315789437
no07,533967_00535_00609_1,1430,14:30,50.65,49.36842105263158,-1.2815789473684163
no07,533967_00535_00609_1,1445,14:45,58.9,58.05263157894737,-0.8473684210526287
no07,533967_00535_00609_1,1500,15:00,86.5,86.42105263157895,-0.07894736842105488
no07,533967_00535_00609_1,1515,15:15,89.0,89.3157894736842,0.3157894736842053
no07,533967_00535_00609_1,1530,15:30,77.4,77.57894736842105,0.1789473684210492
no07,533967_00535_00609_1,1545,15:45,82.4,81.73684210526316,-0.6631578947368411
no07,533967_00535_00609_1,1600,16:00,86.65,86.36842105263158,-0.2815789473684305
no07,533967_00535_00609_1,1615,16:15,98.15,97.36842105263158,-0.7815789473684305
no07,533967_00535_00609_1,1630,16:30,72.9,73.73684210526316,0.8368421052631589
no07,533967_00535_00609_1,1645,16:45,98.1,97.84210526315788,-0.2578947368421183
no07,533967_00535_00609_1,1700,17:00,100.9,101.10526315789474,0.20526315789473415
no07,533967_00535_00609_1,1715,17:15,97.55,98.10526315789474,0.5552631578947427
no07,533967_00535_00609_1,1730,17:30,108.4,108.57894736842104,0.17894736842103498
no07,533967_00535_00609_1,1745,17:45,111.5,111.05263157894736,-0.4473684210526443
no07,533967_00535_00609_1,1800,18:00,85.55,86.63157894736842,1.0815789473684276
no07,533967_00535_00609_1,1815,18:15,99.15,99.3157894736842,0.1657894736841996
no07,533967_00535_00609_1,1830,18:30,104.25,104.10526315789474,-0.14473684210526017
no07,533967_00535_00609_1,1845,18:45,89.55,90.52631578947368,0.9763157894736878
no07,533967_00535_11512_0,630,06:30,25.7,25.526315789473685,-0.17368421052631433
no07,533967_00535_11512_0,645,06:45,31.2,31.42105263157895,0.2210526315789494
no07,533967_00535_11512_0,700,07:00,47.15,47.10526315789474,-0.044736842105258745
no07,533967_00535_11512_0,715,07:15,55.0,54.31578947368421,-0.6842105263157876
no07,533967_00535_11512_0,730,07:30,48.4,48.94736842105263,0.5473684210526315
no07,533967_00535_11512_0,745,07:45,85.2,80.15789473684211,-5.042105263157893
no07,533967_00535_11512_0,800,08:00,74.7,77.15789473684211,2.457894736842107
no07,533967_00535_11512_0,815,08:15,68.8,69.47368421052632,0.6736842105263179
no07,533967_00535_11512_0,830,08:30,54.0,54.42105263157895,0.42105263157895223
no07,533967_00535_11512_0,845,08:45,83.35,83.52631578947368,0.17631578947369064
no07,533967_00535_11512_0,900,09:00,86.75,87.21052631578948,0.46052631578947967
no07,533967_00535_11512_0,915,09:15,75.2,76.15789473684211,0.9578947368421069
no07,533967_00535_11512_0,930,09:30,78.7,77.36842105263158,-1.3315789473684276
no07,533967_00535_11512_0,945,09:45,79.8,80.73684210526316,0.9368421052631675
no07,533967_00535_11512_0,1000,10:00,66.9,66.73684210526316,-0.16315789473684106
no07,533967_00535_11512_0,1015,10:15,80.15,80.42105263157895,0.27105263157893944
no07,533967_00535_11512_0,1030,10:30,76.05,76.21052631578948,0.1605263157894825
no07,533967_00535_11512_0,1045,10:45,63.2,62.94736842105263,-0.25263157894737276
no07,533967_00535_11512_0,1100,11:00,102.3,102.10526315789474,-0.19473684210525732
no07,533967_00535_11512_0,1115,11:15,121.45,121.84210526315788,0.3921052631578732
no07,533967_00535_11512_0,1130,11:30,101.55,101.15789473684212,-0.3921052631578732
no07,533967_00535_11512_0,1145,11:45,72.3,72.78947368421052,0.4894736842105232
no07,533967_00535_11512_0,1200,12:00,87.7,86.52631578947368,-1.1736842105263179
no07,533967_00535_11512_0,1215,12:15,118.5,119.10526315789474,0.6052631578947398
no07,533967_00535_11512_0,1230,12:30,122.25,122.21052631578948,-0.03947368421052033
no07,533967_00535_11512_0,1245,12:45,88.9,89.42105263157895,0.5210526315789394
no07,533967_00535_11512_0,1300,13:00,101.55,101.6842105263158,0.13421052631579755
no07,533967_00535_11512_0,1315,13:15,94.75,94.78947368421052,0.03947368421052033
no07,533967_00535_11512_0,1330,13:30,75.05,74.89473684210526,-0.155263157894737
no07,533967_00535_11512_0,1345,13:45,71.5,71.42105263157895,-0.07894736842105488
no07,533967_00535_11512_0,1400,14:00,67.7,67.63157894736842,-0.06842105263157805
no07,533967_00535_11512_0,1415,14:15,89.65,89.6842105263158,0.034210526315789025
no07,533967_00535_11512_0,1430,14:30,86.05,86.21052631578948,0.1605263157894825
no07,533967_00535_11512_0,1445,14:45,87.4,86.52631578947368,-0.8736842105263207
no07,533967_00535_11512_0,1500,15:00,95.3,95.6842105263158,0.38421052631579755
no07,533967_00535_11512_0,1515,15:15,99.95,99.84210526315788,-0.1078947368421268
no07,533967_00535_11512_0,1530,15:30,112.75,112.26315789473684,-0.4868421052631646
no07,533967_00535_11512_0,1545,15:45,108.9,110.3157894736842,1.4157894736841996
no07,533967_00535_11512_0,1600,16:00,72.8,72.26315789473684,-0.5368421052631618
no07,533967_00535_11512_0,1615,16:15,69.95,69.89473684210526,-0.055263157894742676
no07,533967_00535_11512_0,1630,16:30,54.4,53.89473684210526,-0.5052631578947384
no07,533967_00535_11512_0,1645,16:45,76.55,77.05263157894737,0.5026315789473728
no07,533967_00535_11512_0,1700,17:00,83.2,82.42105263157895,-0.7789473684210577
no07,533967_00535_11512_0,1715,17:15,102.25,102.36842105263158,0.11842105263157521
no07,533967_00535_11512_0,1730,17:30,103.05,100.89473684210526,-2.155263157894737
no07,533967_00535_11512_0,1745,17:45,89.85,89.57894736842105,-0.27105263157893944
no07,533967_00535_11512_0,1800,18:00,114.25,112.42105263157896,-1.8289473684210407
no07,533967_00535_11512_0,1815,18:15,115.45,116.15789473684212,0.7078947368421211
no07,533967_00535_11512_0,1830,18:30,88.45,92.05263157894736,3.602631578947353
no07,533967_00535_11512_0,1845,18:45,104.05,104.21052631578948,0.1605263157894825
no07,533967_00535_11512_1,630,06:30,111.95,111.94736842105264,-0.0026315789473585482
no07,533967_00535_11512_1,645,06:45,113.95,113.78947368421052,-0.1605263157894825
no07,533967_00535_11512_1,700,07:00,84.95,84.94736842105263,-0.002631578947372759
no07,533967_00535_11512_1,715,07:15,124.45,125.10526315789474,0.655263157894737
no07,533967_00535_11512_1,730,07:30,151.65,150.6315789473684,-1.018421052631595
no07,533967_00535_11512_1,745,07:45,128.75,128.89473684210526,0.14473684210526017
no07,533967_00535_11512_1,800,08:00,152.65,152.05263157894737,-0.5973684210526358
no07,533967_00535_11512_1,815,08:15,171.95,171.73684210526315,-0.21315789473683822
no07,533967_00535_11512_1,830,08:30,173.9,175.10526315789474,1.2052631578947341
no07,533967_00535_11512_1,845,08:45,110.15,110.15789473684212,0.007894736842118277
no07,533967_00535_11512_1,900,09:00,94.25,94.21052631578948,-0.03947368421052033
no07,533967_00535_11512_1,915,09:15,97.35,97.57894736842104,0.22894736842104635
no07,533967_00535_11512_1,930,09:30,102.0,101.63157894736842,-0.3684210526315752
no07,533967_00535_11512_1,945,09:45,100.15,100.21052631578948,0.06052631578947398
no07,533967_00535_11512_1,1000,10:00,119.75,119.78947368421052,0.03947368421052033
no07,533967_00535_11512_1,1015,10:15,100.75,101.0,0.25
no07,533967_00535_11512_1,1030,10:30,92.75,92.57894736842104,-0.17105263157895934
no07,533967_00535_11512_1,1045,10:45,91.8,91.73684210526316,-0.06315789473683253
no07,533967_00535_11512_1,1100,11:00,96.1,96.05263157894736,-0.04736842105263861
no07,533967_00535_11512_1,1115,11:15,140.5,140.52631578947367,0.026315789473670748
no07,533967_00535_11512_1,1130,11:30,81.0,80.94736842105263,-0.05263157894736992
no07,533967_00535_11512_1,1145,11:45,117.75,117.78947368421052,0.03947368421052033
no07,533967_00535_11512_1,1200,12:00,88.25,88.15789473684211,-0.09210526315789025
no07,533967_00535_11512_1,1215,12:15,116.85,117.10526315789474,0.2552631578947455
no07,533967_00535_11512_1,1230,12:30,99.8,99.42105263157896,-0.3789473684210378
no07,533967_00535_11512_1,1245,12:45,92.15,92.57894736842104,0.428947368421035
no07,533967_00535_11512_1,1300,13:00,101.3,101.0,-0.29999999999999716
no07,533967_00535_11512_1,1315,13:15,113.3,113.05263157894736,-0.24736842105264145
no07,533967_00535_11512_1,1330,13:30,100.4,100.63157894736842,0.2315789473684191
no07,533967_00535_11512_1,1345,13:45,89.75,89.84210526315789,0.09210526315789025
no07,533967_00535_11512_1,1400,14:00,66.45,66.47368421052632,0.0236842105263122
no07,533967_00535_11512_1,1415,14:15,87.15,87.21052631578948,0.06052631578947398
no07,533967_00535_11512_1,1430,14:30,99.4,99.21052631578948,-0.18947368421052602
no07,533967_00535_11512_1,1445,14:45,76.2,76.26315789473684,0.06315789473683253
no07,533967_00535_11512_1,1500,15:00,91.15,91.26315789473684,0.11315789473682969
no07,533967_00535_11512_1,1515,15:15,80.4,80.10526315789474,-0.29473684210526585
no07,533967_00535_11512_1,1530,15:30,85.3,85.57894736842105,0.2789473684210577
no07,533967_00535_11512_1,1545,15:45,83.25,83.26315789473684,0.013157894736835374
no07,533967_00535_11512_1,1600,16:00,109.9,109.89473684210526,-0.005263157894745518
no07,533967_00535_11512_1,1615,16:15,73.85,73.94736842105263,0.09736842105263577
no07,533967_00535_11512_1,1630,16:30,100.9,100.89473684210526,-0.005263157894745518
no07,533967_00535_11512_1,1645,16:45,90.3,90.05263157894737,-0.24736842105262724
no07,533967_00535_11512_1,1700,17:00,84.85,84.89473684210526,0.04473684210526585
no07,533967_00535_11512_1,1715,17:15,95.8,95.84210526315788,0.04210526315787888
no07,533967_00535_11512_1,1730,17:30,88.9,88.89473684210526,-0.005263157894745518
no07,533967_00535_11512_1,1745,17:45,78.95,78.94736842105263,-0.002631578947372759
no07,533967_00535_11512_1,1800,18:00,92.5,92.47368421052632,-0.02631578947368496
no07,533967_00535_11512_1,1815,18:15,92.1,92.05263157894736,-0.04736842105263861
no07,533967_00535_11512_1,1830,18:30,73.15,73.3157894736842,0.1657894736841996
no07,533967_00535_11512_1,1845,18:45,60.95,60.8421052631579,-0.10789473684210549
no07,533967_00535_14018_0,630,06:30,85.85,85.57894736842105,-0.27105263157893944
no07,533967_00535_14018_0,645,06:45,95.15,95.3157894736842,0.1657894736841996
no07,533967_00535_14018_0,700,07:00,90.95,90.94736842105264,-0.0026315789473585482
no07,533967_00535_14018_0,715,07:15,104.65,103.3157894736842,-1.3342105263158004
no07,533967_00535_14018_0,730,07:30,96.05,96.89473684210526,0.844736842105263
no07,533967_00535_14018_0,745,07:45,65.4,65.21052631578948,-0.18947368421052602
no07,533967_00535_14018_0,800,08:00,108.3,107.47368421052632,-0.8263157894736821
no07,533967_00535_14018_0,815,08:15,99.4,100.3157894736842,0.9157894736841996
no07,533967_00535_14018_0,830,08:30,98.4,98.78947368421052,0.38947368421051465
no07,533967_00535_14018_0,845,08:45,65.95,65.94736842105263,-0.002631578947372759
no07,533967_00535_14018_0,900,09:00,57.4,57.42105263157895,0.02105263157895365
no07,533967_00535_14018_0,915,09:15,49.4,49.47368421052632,0.07368421052632357
no07,533967_00535_14018_0,930,09:30,51.7,51.73684210526316,0.03684210526315468
no07,533967_00535_14018_0,945,09:45,52.2,52.31578947368421,0.11578947368420955
no07,533967_00535_14018_0,1000,10:00,42.65,42.8421052631579,0.19210526315789878
no07,533967_00535_14018_0,1015,10:15,47.1,46.63157894736842,-0.46842105263158373
no07,533967_00535_14018_0,1030,10:30,51.35,51.21052631578947,-0.13947368421052886
no07,533967_00535_14018_0,1045,10:45,51.8,52.31578947368421,0.5157894736842152
no07,533967_00535_14018_0,1100,11:00,39.75,39.47368421052632,-0.27631578947367785
no07,533967_00535_14018_0,1115,11:15,46.6,46.78947368421053,0.18947368421052602
no07,533967_00535_14018_0,1130,11:30,31.5,31.26315789473684,-0.23684210526316107
no07,533967_00535_14018_0,1145,11:45,49.25,49.63157894736842,0.3815789473684177
no07,533967_00535_14018_0,1200,12:00,62.65,61.78947368421053,-0.8605263157894711
no07,533967_00535_14018_0,1215,12:15,59.35,59.94736842105263,0.5973684210526287
no07,533967_00535_14018_0,1230,12:30,58.55,58.1578947368421,-0.3921052631578945
no07,533967_00535_14018_0,1245,12:45,62.65,63.1578947368421,0.5078947368421041
no07,533967_00535_14018_0,1300,13:00,46.4,46.47368421052632,0.07368421052632357
no07,533967_00535_14018_0,1315,13:15,64.3,64.21052631578948,-0.08947368421051749
no07,533967_00535_14018_0,1330,13:30,40.9,40.8421052631579,-0.057894736842101224
no07,533967_00535_14018_0,1345,13:45,34.25,34.1578947368421,-0.09210526315789735
no07,533967_00535_14018_0,1400,14:00,35.2,35.26315789473684,0.06315789473683964
no07,533967_00535_14018_0,1415,14:15,37.7,37.526315789473685,-0.17368421052631788
no07,533967_00535_14018_0,1430,14:30,40.75,41.0,0.25
no07,533967_00535_14018_0,1445,14:45,26.2,26.105263157894736,-0.09473684210526301
no07,533967_00535_14018_0,1500,15:00,27.8,27.68421052631579,-0.11578947368420955
no07,533967_00535_14018_0,1515,15:15,48.2,48.10526315789474,-0.09473684210526301
no07,533967_00535_14018_0,1530,15:30,32.6,32.94736842105263,0.34736842105262866
no07,533967_00535_14018_0,1545,15:45,45.0,44.89473684210526,-0.10526315789473983
no07,533967_00535_14018_0,1600,16:00,47.15,47.21052631578947,0.06052631578947398
no07,533967_00535_14018_0,1615,16:15,42.85,42.47368421052632,-0.3763157894736793
no07,533967_00535_14018_0,1630,16:30,37.0,37.526315789473685,0.526315789473685
no07,533967_00535_14018_0,1645,16:45,50.1,49.78947368421053,-0.310526315789474
no07,533967_00535_14018_0,1700,17:00,74.8,75.0,0.20000000000000284
no07,533967_00535_14018_0,1715,17:15,75.95,75.42105263157895,-0.5289473684210577
no07,533967_00535_14018_0,1730,17:30,52.0,52.31578947368421,0.3157894736842124
no07,533967_00535_14018_0,1745,17:45,64.05,62.1578947368421,-1.8921052631578945
no07,533967_00535_14018_0,1800,18:00,41.25,43.1578947368421,1.9078947368421026
no07,533967_00535_14018_0,1815,18:15,66.35,65.05263157894737,-1.2973684210526244
no07,533967_00535_14018_0,1830,18:30,66.65,67.84210526315789,1.1921052631578846
no07,533967_00535_14018_0,1845,18:45,51.75,51.8421052631579,0.09210526315789735
no07,533967_00535_14018_1,630,06:30,43.65,43.63157894736842,-0.018421052631580892
no07,533967_00535_14018_1,645,06:45,39.35,39.47368421052632,0.12368421052632073
no07,533967_00535_14018_1,700,07:00,43.25,43.26315789473684,0.01315789473684248
no07,533967_00535_14018_1,715,07:15,69.85,69.42105263157895,-0.4289473684210492
no07,533967_00535_14018_1,730,07:30,83.35,83.89473684210526,0.5447368421052659
no07,533967_00535_14018_1,745,07:45,85.9,85.6842105263158,-0.21578947368421098
no07,533967_00535_14018_1,800,08:00,74.05,73.94736842105263,-0.10263157894736707
no07,533967_00535_14018_1,815,08:15,101.95,101.42105263157896,-0.5289473684210435
no07,533967_00535_14018_1,830,08:30,101.35,100.26315789473684,-1.086842105263159
no07,533967_00535_14018_1,845,08:45,95.9,97.52631578947368,1.6263157894736793
no07,533967_00535_14018_1,900,09:00,70.4,70.47368421052632,0.07368421052630936
no07,533967_00535_14018_1,915,09:15,68.95,68.89473684210526,-0.055263157894742676
no07,533967_00535_14018_1,930,09:30,67.8,67.89473684210526,0.09473684210526301
no07,533967_00535_14018_1,945,09:45,66.75,66.6842105263158,-0.06578947368420529
no07,533967_00535_14018_1,1000,10:00,57.3,57.42105263157895,0.12105263157895507
no07,533967_00535_14018_1,1015,10:15,64.4,64.42105263157895,0.02105263157893944
no07,533967_00535_14018_1,1030,10:30,52.7,52.578947368421055,-0.12105263157894797
no07,533967_00535_14018_1,1045,10:45,51.3,51.47368421052632,0.173684210526325
no07,533967_00535_14018_1,1100,11:00,56.15,55.94736842105263,-0.2026315789473685
no07,533967_00535_14018_1,1115,11:15,48.85,48.89473684210526,0.044736842105258745
no07,533967_00535_14018_1,1130,11:30,42.05,41.89473684210526,-0.155263157894737
no07,533967_00535_14018_1,1145,11:45,41.0,41.05263157894737,0.05263157894736992
no07,533967_00535_14018_1,1200,12:00,55.2,55.26315789473684,0.06315789473683964
no07,533967_00535_14018_1,1215,12:15,75.55,75.47368421052632,-0.07631578947368212
no07,533967_00535_14018_1,1230,12:30,62.0,62.1578947368421,0.15789473684210265
no07,533967_00535_14018_1,1245,12:45,35.4,35.421052631578945,0.021052631578946546
no07,533967_00535_14018_1,1300,13:00,50.15,50.10526315789474,-0.044736842105258745
no07,533967_00535_14018_1,1315,13:15,47.4,47.26315789473684,-0.1368421052631561
no07,533967_00535_14018_1,1330,13:30,38.8,38.94736842105263,0.14736842105263293
no07,533967_00535_14018_1,1345,13:45,36.45,36.42105263157895,-0.028947368421050612
no07,533967_00535_14018_1,1400,14:00,38.15,38.05263157894737,-0.09736842105262866
no07,533967_00535_14018_1,1415,14:15,50.9,50.94736842105263,0.047368421052631504
no07,533967_00535_14018_1,1430,14:30,44.65,44.68421052631579,0.034210526315789025
no07,533967_00535_14018_1,1445,14:45,44.55,44.47368421052632,-0.07631578947367501
no07,533967_00535_14018_1,1500,15:00,46.3,46.36842105263158,0.06842105263158516
no07,533967_00535_14018_1,1515,15:15,41.4,41.36842105263158,-0.031578947368416266
no07,533967_00535_14018_1,1530,15:30,49.1,48.36842105263158,-0.7315789473684191
no07,533967_00535_14018_1,1545,15:45,58.85,59.8421052631579,0.9921052631578959
no07,533967_00535_14018_1,1600,16:00,72.6,72.10526315789474,-0.4947368421052545
no07,533967_00535_14018_1,1615,16:15,56.55,56.89473684210526,0.344736842105263
no07,533967_00535_14018_1,1630,16:30,71.95,71.78947368421052,-0.1605263157894825
no07,533967_00535_14018_1,1645,16:45,66.7,66.84210526315789,0.1421052631578874
no07,533967_00535_14018_1,1700,17:00,63.05,63.31578947368421,0.26578947368421524
no07,533967_00535_14018_1,1715,17:15,69.9,69.63157894736842,-0.2684210526315809
no07,533967_00535_14018_1,1730,17:30,82.45,82.63157894736842,0.18157894736842195
no07,533967_00535_14018_1,1745,17:45,72.4,72.15789473684211,-0.24210526315789593
no07,533967_00535_14018_1,1800,18:00,79.0,79.0,0.0
no07,533967_00535_14018_1,1815,18:15,66.2,66.10526315789474,-0.09473684210526301
no07,533967_00535_14018_1,1830,18:30,53.8,53.8421052631579,0.0421052631579002
no07,533967_00535_14018_1,1845,18:45,52.6,52.78947368421053,0.18947368421052602
no07,533967_00536_11512_0,630,06:30,118.1,118.15789473684212,0.057894736842129646
no07,533967_00536_11512_0,645,06:45,111.8,111.78947368421052,-0.010526315789476826
no07,533967_00536_11512_0,700,07:00,82.9,82.78947368421052,-0.11052631578948535
no07,533967_00536_11512_0,715,07:15,127.65,128.05263157894737,0.40263157894736423
no07,533967_00536_11512_0,730,07:30,153.4,153.0,-0.4000000000000057
no07,533967_00536_11512_0,745,07:45,126.9,126.94736842105264,0.04736842105263861
no07,533967_00536_11512_0,800,08:00,155.8,155.52631578947367,-0.2736842105263406
no07,533967_00536_11512_0,815,08:15,172.75,172.47368421052633,-0.27631578947367075
no07,533967_00536_11512_0,830,08:30,171.1,171.57894736842104,0.47894736842104635
no07,533967_00536_11512_0,845,08:45,107.1,107.26315789473684,0.16315789473684106
no07,533967_00536_11512_0,900,09:00,92.9,92.78947368421052,-0.11052631578948535
no07,533967_00536_11512_0,915,09:15,98.2,98.15789473684212,-0.04210526315787888
no07,533967_00536_11512_0,930,09:30,102.15,102.21052631578948,0.06052631578947398
no07,533967_00536_11512_0,945,09:45,100.2,100.15789473684212,-0.04210526315787888
no07,533967_00536_11512_0,1000,10:00,119.5,119.52631578947368,0.02631578947368496
no07,533967_00536_11512_0,1015,10:15,100.3,100.47368421052632,0.17368421052631788
no07,533967_00536_11512_0,1030,10:30,92.65,92.47368421052632,-0.17631578947369064
no07,533967_00536_11512_0,1045,10:45,92.25,92.21052631578948,-0.03947368421052033
no07,533967_00536_11512_0,1100,11:00,95.1,95.10526315789474,0.005263157894745518
no07,533967_00536_11512_0,1115,11:15,143.45,143.42105263157896,-0.028947368421029296
no07,533967_00536_11512_0,1130,11:30,78.55,78.57894736842105,0.028947368421057718
no07,533967_00536_11512_0,1145,11:45,120.35,120.47368421052632,0.12368421052632073
no07,533967_00536_11512_0,1200,12:00,85.35,85.26315789473684,-0.08684210526315894
no07,533967_00536_11512_0,1215,12:15,118.3,118.42105263157896,0.12105263157896218
no07,533967_00536_11512_0,1230,12:30,99.8,99.63157894736842,-0.16842105263157237
no07,533967_00536_11512_0,1245,12:45,91.1,91.26315789473684,0.16315789473684106
no07,533967_00536_11512_0,1300,13:00,101.4,101.21052631578948,-0.18947368421052602
no07,533967_00536_11512_0,1315,13:15,114.3,114.36842105263158,0.06842105263157805
no07,533967_00536_11512_0,1330,13:30,100.05,100.15789473684212,0.1078947368421268
no07,533967_00536_11512_0,1345,13:45,88.2,88.05263157894737,-0.14736842105263293
no07,533967_00536_11512_0,1400,14:00,66.45,66.52631578947368,0.07631578947368212
no07,533967_00536_11512_0,1415,14:15,88.1,88.0,-0.09999999999999432
no07,533967_00536_11512_0,1430,14:30,100.35,100.42105263157896,0.07105263157896502
no07,533967_00536_11512_0,1445,14:45,74.2,74.15789473684211,-0.04210526315789309
no07,533967_00536_11512_0,1500,15:00,91.6,91.63157894736842,0.03157894736843048
no07,533967_00536_11512_0,1515,15:15,83.2,83.15789473684211,-0.04210526315789309
no07,533967_00536_11512_0,1530,15:30,82.3,82.36842105263158,0.06842105263157805
no07,533967_00536_11512_0,1545,15:45,83.7,83.73684210526316,0.036842105263161784
no07,533967_00536_11512_0,1600,16:00,109.5,109.42105263157896,-0.07894736842104066
no07,533967_00536_11512_0,1615,16:15,73.85,74.0,0.15000000000000568
no07,533967_00536_11512_0,1630,16:30,101.5,101.42105263157896,-0.07894736842104066
no07,533967_00536_11512_0,1645,16:45,90.35,90.3157894736842,-0.034210526315789025
no07,533967_00536_11512_0,1700,17:00,85.5,85.47368421052632,-0.02631578947368496
no07,533967_00536_11512_0,1715,17:15,95.05,95.15789473684212,0.1078947368421268
no07,533967_00536_11512_0,1730,17:30,88.4,88.26315789473684,-0.1368421052631703
no07,533967_00536_11512_0,1745,17:45,80.45,80.47368421052632,0.0236842105263122
no07,533967_00536_11512_0,1800,18:00,91.75,91.6842105263158,-0.06578947368420529
no07,533967_00536_11512_0,1815,18:15,91.65,91.6842105263158,0.034210526315789025
no07,533967_00536_11512_0,1830,18:30,73.6,73.6842105263158,0.0842105263158004
no07,533967_00536_11512_0,1845,18:45,60.95,60.89473684210526,-0.055263157894742676
no07,533967_00536_11512_1,630,06:30,25.2,25.105263157894736,-0.09473684210526301
no07,533967_00536_11512_1,645,06:45,31.2,31.36842105263158,0.16842105263157947
no07,533967_00536_11512_1,700,07:00,46.7,46.578947368421055,-0.12105263157894797
no07,533967_00536_11512_1,715,07:15,54.85,54.36842105263158,-0.4815789473684191
no07,533967_00536_11512_1,730,07:30,48.75,49.1578947368421,0.40789473684210265
no07,533967_00536_11512_1,745,07:45,84.95,79.94736842105263,-5.002631578947373
no07,533967_00536_11512_1,800,08:00,74.6,77.52631578947368,2.9263157894736906
no07,533967_00536_11512_1,815,08:15,68.2,68.47368421052632,0.2736842105263122
no07,533967_00536_11512_1,830,08:30,53.95,54.68421052631579,0.7342105263157848
no07,533967_00536_11512_1,845,08:45,83.35,83.26315789473684,-0.08684210526315894
no07,533967_00536_11512_1,900,09:00,86.65,86.63157894736842,-0.018421052631580892
no07,533967_00536_11512_1,915,09:15,76.4,77.57894736842105,1.1789473684210492
no07,533967_00536_11512_1,930,09:30,76.95,75.73684210526316,-1.2131578947368382
no07,533967_00536_11512_1,945,09:45,80.3,81.3157894736842,1.0157894736842081
no07,533967_00536_11512_1,1000,10:00,67.2,66.84210526315789,-0.3578947368421126
no07,533967_00536_11512_1,1015,10:15,80.25,80.63157894736842,0.3815789473684248
no07,533967_00536_11512_1,1030,10:30,76.7,76.78947368421052,0.08947368421051749
no07,533967_00536_11512_1,1045,10:45,62.95,62.94736842105263,-0.002631578947372759
no07,533967_00536_11512_1,1100,11:00,100.7,100.36842105263158,-0.33157894736842763
no07,533967_00536_11512_1,1115,11:15,121.35,121.6842105263158,0.3342105263158004
no07,533967_00536_11512_1,1130,11:30,102.9,102.63157894736842,-0.2684210526315809
no07,533967_00536_11512_1,1145,11:45,71.65,72.21052631578948,0.560526315789474
no07,533967_00536_11512_1,1200,12:00,88.5,87.21052631578948,-1.2894736842105203
no07,533967_00536_11512_1,1215,12:15,116.95,117.6842105263158,0.7342105263157919
no07,533967_00536_11512_1,1230,12:30,122.2,122.15789473684212,-0.04210526315787888
no07,533967_00536_11512_1,1245,12:45,90.8,91.05263157894736,0.25263157894735855
no07,533967_00536_11512_1,1300,13:00,99.9,100.0,0.09999999999999432
no07,533967_00536_11512_1,1315,13:15,95.8,95.84210526315788,0.04210526315787888
no07,533967_00536_11512_1,1330,13:30,75.25,75.26315789473684,0.013157894736835374
no07,533967_00536_11512_1,1345,13:45,70.7,70.84210526315789,0.1421052631578874
no07,533967_00536_11512_1,1400,14:00,69.0,68.42105263157895,-0.5789473684210549
no07,533967_00536_11512_1,1415,14:15,88.2,88.3157894736842,0.11578947368420245
no07,533967_00536_11512_1,1430,14:30,85.6,86.05263157894737,0.4526315789473756
no07,533967_00536_11512_1,1445,14:45,88.45,87.73684210526316,-0.7131578947368382
no07,533967_00536_11512_1,1500,15:00,95.95,95.84210526315788,-0.1078947368421268
no07,533967_00536_11512_1,1515,15:15,97.55,97.47368421052632,-0.07631578947368212
no07,533967_00536_11512_1,1530,15:30,113.25,113.36842105263158,0.11842105263157521
no07,533967_00536_11512_1,1545,15:45,109.3,110.26315789473684,0.9631578947368382
no07,533967_00536_11512_1,1600,16:00,74.8,74.26315789473684,-0.5368421052631618
no07,533967_00536_11512_1,1615,16:15,70.15,70.0,-0.15000000000000568
no07,533967_00536_11512_1,1630,16:30,53.95,53.26315789473684,-0.6868421052631604
no07,533967_00536_11512_1,1645,16:45,76.7,77.26315789473684,0.5631578947368325
no07,533967_00536_11512_1,1700,17:00,83.0,82.0,-1.0
no07,533967_00536_11512_1,1715,17:15,100.1,100.36842105263158,0.2684210526315809
no07,533967_00536_11512_1,1730,17:30,106.0,104.21052631578948,-1.7894736842105203
no07,533967_00536_11512_1,1745,17:45,89.95,89.57894736842105,-0.37105263157894797
no07,533967_00536_11512_1,1800,18:00,113.9,112.15789473684212,-1.7421052631578817
no07,533967_00536_11512_1,1815,18:15,115.1,115.89473684210526,0.7947368421052659
no07,533967_00536_11512_1,1830,18:30,88.75,92.15789473684212,3.407894736842124
no07,533967_00536_11512_1,1845,18:45,103.5,103.84210526315788,0.34210526315787604
no07,533967_00538_00539_0,630,06:30,122.35,118.89473684210526,-3.455263157894734
no07,533967_00538_00539_0,645,06:45,169.0,164.0,-5.0
no07,533967_00538_00539_0,700,07:00,150.6,146.3684210526316,-4.231578947368405
no07,533967_00538_00539_0,715,07:15,126.05,124.42105263157896,-1.6289473684210378
no07,533967_00538_00539_0,730,07:30,154.8,152.94736842105263,-1.8526315789473813
no07,533967_00538_00539_0,745,07:45,141.4,146.47368421052633,5.073684210526324
no07,533967_00538_00539_0,800,08:00,126.65,137.26315789473685,10.613157894736844
no07,533967_00538_00539_0,815,08:15,138.35,136.10526315789474,-2.2447368421052545
no07,533967_00538_00539_0,830,08:30,146.7,145.57894736842104,-1.121052631578948
no07,533967_00538_00539_0,845,08:45,110.6,110.84210526315788,0.24210526315788172
no07,533967_00538_00539_0,900,09:00,117.65,119.15789473684212,1.5078947368421183
no07,533967_00538_00539_0,915,09:15,119.2,119.36842105263158,0.16842105263157237
no07,533967_00538_00539_0,930,09:30,105.55,105.89473684210526,0.344736842105263
no07,533967_00538_00539_0,945,09:45,90.1,90.78947368421052,0.689473684210526
no07,533967_00538_00539_0,1000,10:00,101.6,101.84210526315788,0.24210526315788172
no07,533967_00538_00539_0,1015,10:15,88.85,88.10526315789474,-0.7447368421052545
no07,533967_00538_00539_0,1030,10:30,88.6,89.84210526315789,1.242105263157896
no07,533967_00538_00539_0,1045,10:45,93.7,93.6842105263158,-0.015789473684208133
no07,533967_00538_00539_0,1100,11:00,53.2,53.47368421052632,0.2736842105263193
no07,533967_00538_00539_0,1115,11:15,81.5,80.63157894736842,-0.8684210526315752
no07,533967_00538_00539_0,1130,11:30,81.95,82.3157894736842,0.36578947368420245
no07,533967_00538_00539_0,1145,11:45,88.15,88.47368421052632,0.32368421052630936
no07,533967_00538_00539_0,1200,12:00,92.45,91.3157894736842,-1.1342105263157976
no07,533967_00538_00539_0,1215,12:15,60.8,61.78947368421053,0.9894736842105303
no07,533967_00538_00539_0,1230,12:30,70.2,69.84210526315789,-0.3578947368421126
no07,533967_00538_00539_0,1245,12:45,99.7,99.78947368421052,0.08947368421051749
no07,533967_00538_00539_0,1300,13:00,80.9,81.10526315789474,0.20526315789473415
no07,533967_00538_00539_0,1315,13:15,81.35,81.36842105263158,0.018421052631580892
no07,533967_00538_00539_0,1330,13:30,97.5,97.57894736842104,0.07894736842104066
no07,533967_00538_00539_0,1345,13:45,75.25,74.63157894736842,-0.6184210526315752
no07,533967_00538_00539_0,1400,14:00,84.5,85.73684210526316,1.2368421052631646
no07,533967_00538_00539_0,1415,14:15,69.3,68.36842105263158,-0.931578947368422
no07,533967_00538_00539_0,1430,14:30,64.5,64.84210526315789,0.34210526315789025
no07,533967_00538_00539_0,1445,14:45,67.4,66.57894736842105,-0.8210526315789508
no07,533967_00538_00539_0,1500,15:00,85.55,86.10526315789474,0.5552631578947427
no07,533967_00538_00539_0,1515,15:15,70.95,71.15789473684211,0.2078947368421069
no07,533967_00538_00539_0,1530,15:30,65.35,64.94736842105263,-0.40263157894736423
no07,533967_00538_00539_0,1545,15:45,52.55,53.1578947368421,0.6078947368421055
no07,533967_00538_00539_0,1600,16:00,75.65,74.84210526315789,-0.8078947368421154
no07,533967_00538_00539_0,1615,16:15,83.1,83.84210526315789,0.7421052631578959
no07,533967_00538_00539_0,1630,16:30,73.3,72.89473684210526,-0.405263157894737
no07,533967_00538_00539_0,1645,16:45,78.5,78.89473684210526,0.39473684210526017
no07,533967_00538_00539_0,1700,17:00,65.35,64.42105263157895,-0.9289473684210492
no07,533967_00538_00539_0,1715,17:15,73.55,73.52631578947368,-0.0236842105263122
no07,533967_00538_00539_0,1730,17:30,72.25,72.3157894736842,0.06578947368420529
no07,533967_00538_00539_0,1745,17:45,80.65,80.42105263157895,-0.22894736842106056
no07,533967_00538_00539_0,1800,18:00,54.3,55.1578947368421,0.8578947368421055
no07,533967_00538_00539_0,1815,18:15,54.15,53.89473684210526,-0.2552631578947384
no07,533967_00538_00539_0,1830,18:30,54.75,55.36842105263158,0.6184210526315823
no07,533967_00538_00539_0,1845,18:45,46.05,45.42105263157895,-0.6289473684210449
no07,533967_00538_00539_1,630,06:30,45.4,45.31578947368421,-0.08421052631578618
no07,533967_00538_00539_1,645,06:45,60.8,60.94736842105263,0.14736842105263293
no07,533967_00538_00539_1,700,07:00,55.25,55.31578947368421,0.0657894736842124
no07,533967_00538_00539_1,715,07:15,60.7,60.526315789473685,-0.17368421052631788
no07,533967_00538_00539_1,730,07:30,81.75,80.94736842105263,-0.8026315789473699
no07,533967_00538_00539_1,745,07:45,58.85,57.8421052631579,-1.007894736842104
no07,533967_00538_00539_1,800,08:00,106.2,99.63157894736842,-6.568421052631578
no07,533967_00538_00539_1,815,08:15,62.35,67.78947368421052,5.439473684210519
no07,533967_00538_00539_1,830,08:30,66.8,68.78947368421052,1.9894736842105232
no07,533967_00538_00539_1,845,08:45,92.05,92.63157894736842,0.5815789473684276
no07,533967_00538_00539_1,900,09:00,86.5,86.36842105263158,-0.1315789473684248
no07,533967_00538_00539_1,915,09:15,78.75,78.89473684210526,0.14473684210526017
no07,533967_00538_00539_1,930,09:30,89.7,88.78947368421052,-0.9105263157894825
no07,533967_00538_00539_1,945,09:45,94.9,95.63157894736842,0.7315789473684191
no07,533967_00538_00539_1,1000,10:00,100.25,100.21052631578948,-0.03947368421052033
no07,533967_00538_00539_1,1015,10:15,78.75,79.0,0.25
no07,533967_00538_00539_1,1030,10:30,97.85,97.84210526315788,-0.007894736842118277
no07,533967_00538_00539_1,1045,10:45,103.2,103.73684210526316,0.5368421052631618
no07,533967_00538_00539_1,1100,11:00,99.3,99.52631578947368,0.2263157894736878
no07,533967_00538_00539_1,1115,11:15,102.0,101.15789473684212,-0.842105263157876
no07,533967_00538_00539_1,1130,11:30,98.6,98.26315789473684,-0.33684210526315894
no07,533967_00538_00539_1,1145,11:45,93.6,94.3157894736842,0.715789473684211
no07,533967_00538_00539_1,1200,12:00,112.3,112.47368421052632,0.17368421052631788
no07,533967_00538_00539_1,1215,12:15,102.2,101.84210526315788,-0.3578947368421268
no07,533967_00538_00539_1,1230,12:30,82.55,82.84210526315789,0.2921052631578931
no07,533967_00538_00539_1,1245,12:45,77.0,76.73684210526316,-0.2631578947368354
no07,533967_00538_00539_1,1300,13:00,102.95,103.10526315789474,0.155263157894737
no07,533967_00538_00539_1,1315,13:15,91.85,91.63157894736842,-0.21842105263156952
no07,533967_00538_00539_1,1330,13:30,76.8,77.10526315789474,0.3052631578947427
no07,533967_00538_00539_1,1345,13:45,80.55,80.36842105263158,-0.18157894736842195
no07,533967_00538_00539_1,1400,14:00,107.4,106.05263157894736,-1.34736842105265
no07,533967_00538_00539_1,1415,14:15,88.4,90.05263157894737,1.6526315789473642
no07,533967_00538_00539_1,1430,14:30,109.6,109.0,-0.5999999999999943
no07,533967_00538_00539_1,1445,14:45,87.15,87.78947368421052,0.6394736842105146
no07,533967_00538_00539_1,1500,15:00,111.55,109.26315789473684,-2.286842105263162
no07,533967_00538_00539_1,1515,15:15,136.4,138.10526315789474,1.7052631578947341
no07,533967_00538_00539_1,1530,15:30,118.1,117.26315789473684,-0.8368421052631589
no07,533967_00538_00539_1,1545,15:45,98.5,99.0,0.5
no07,533967_00538_00539_1,1600,16:00,110.75,109.57894736842104,-1.1710526315789593
no07,533967_00538_00539_1,1615,16:15,133.45,131.42105263157896,-2.0289473684210293
no07,533967_00538_00539_1,1630,16:30,102.55,106.10526315789474,3.5552631578947427
no07,533967_00538_00539_1,1645,16:45,108.9,109.21052631578948,0.310526315789474
no07,533967_00538_00539_1,1700,17:00,110.4,105.52631578947368,-4.873684210526321
no07,533967_00538_00539_1,1715,17:15,121.65,125.73684210526316,4.086842105263159
no07,533967_00538_00539_1,1730,17:30,120.15,116.6842105263158,-3.465789473684211
no07,533967_00538_00539_1,1745,17:45,131.75,122.3157894736842,-9.434210526315795
no07,533967_00538_00539_1,1800,18:00,135.6,130.0,-5.599999999999994
no07,533967_00538_00539_1,1815,18:15,154.25,152.73684210526315,-1.5131578947368496
no07,533967_00538_00539_1,1830,18:30,129.9,149.1578947368421,19.257894736842104
no07,533967_00538_00539_1,1845,18:45,127.3,128.0,0.7000000000000028
no07,533967_00538_11513_0,630,06:30,47.1,46.8421052631579,-0.25789473684210407
no07,533967_00538_11513_0,645,06:45,58.95,59.1578947368421,0.2078947368420998
no07,533967_00538_11513_0,700,07:00,51.05,51.10526315789474,0.055263157894742676
no07,533967_00538_11513_0,715,07:15,79.4,80.10526315789474,0.7052631578947341
no07,533967_00538_11513_0,730,07:30,87.4,86.6842105263158,-0.715789473684211
no07,533967_00538_11513_0,745,07:45,66.9,66.6842105263158,-0.21578947368421098
no07,533967_00538_11513_0,800,08:00,59.2,55.42105263157895,-3.7789473684210506
no07,533967_00538_11513_0,815,08:15,87.6,90.63157894736842,3.0315789473684305
no07,533967_00538_11513_0,830,08:30,86.05,86.0,-0.04999999999999716
no07,533967_00538_11513_0,845,08:45,97.05,97.52631578947368,0.4763157894736878
no07,533967_00538_11513_0,900,09:00,75.1,75.6842105263158,0.5842105263158004
no07,533967_00538_11513_0,915,09:15,95.55,95.21052631578948,-0.3394736842105175
no07,533967_00538_11513_0,930,09:30,90.75,89.84210526315789,-0.9078947368421098
no07,533967_00538_11513_0,945,09:45,86.65,88.21052631578948,1.560526315789474
no07,533967_00538_11513_0,1000,10:00,112.75,111.52631578947368,-1.223684210526315
no07,533967_00538_11513_0,1015,10:15,99.5,99.78947368421052,0.28947368421052033
no07,533967_00538_11513_0,1030,10:30,95.85,96.15789473684212,0.30789473684212965
no07,533967_00538_11513_0,1045,10:45,83.9,84.0,0.09999999999999432
no07,533967_00538_11513_0,1100,11:00,106.75,106.73684210526316,-0.013157894736835374
no07,533967_00538_11513_0,1115,11:15,95.95,95.47368421052632,-0.4763157894736878
no07,533967_00538_11513_0,1130,11:30,93.15,92.89473684210526,-0.2552631578947455
no07,533967_00538_11513_0,1145,11:45,109.5,110.15789473684212,0.657894736842124
no07,533967_00538_11513_0,1200,12:00,83.35,83.6842105263158,0.3342105263158004
no07,533967_00538_11513_0,1215,12:15,83.9,83.3157894736842,-0.5842105263158004
no07,533967_00538_11513_0,1230,12:30,74.05,74.36842105263158,0.31842105263157805
no07,533967_00538_11513_0,1245,12:45,73.7,73.36842105263158,-0.33157894736842763
no07,533967_00538_11513_0,1300,13:00,89.65,89.57894736842105,-0.07105263157895081
no07,533967_00538_11513_0,1315,13:15,99.15,99.21052631578948,0.06052631578947398
no07,533967_00538_11513_0,1330,13:30,64.55,64.6842105263158,0.13421052631579755
no07,533967_00538_11513_0,1345,13:45,101.55,101.47368421052632,-0.07631578947368212
no07,533967_00538_11513_0,1400,14:00,86.7,86.3157894736842,-0.38421052631579755
no07,533967_00538_11513_0,1415,14:15,88.1,88.78947368421052,0.689473684210526
no07,533967_00538_11513_0,1430,14:30,96.05,95.6842105263158,-0.36578947368420245
no07,533967_00538_11513_0,1445,14:45,92.45,93.15789473684212,0.7078947368421211
no07,533967_00538_11513_0,1500,15:00,113.35,111.73684210526316,-1.6131578947368297
no07,533967_00538_11513_0,1515,15:15,125.0,126.63157894736842,1.6315789473684248
no07,533967_00538_11513_0,1530,15:30,100.3,99.73684210526316,-0.5631578947368325
no07,533967_00538_11513_0,1545,15:45,115.4,114.3157894736842,-1.0842105263158004
no07,533967_00538_11513_0,1600,16:00,106.0,105.05263157894736,-0.9473684210526443
no07,533967_00538_11513_0,1615,16:15,124.9,122.47368421052632,-2.4263157894736906
no07,533967_00538_11513_0,1630,16:30,113.15,116.63157894736842,3.481578947368419
no07,533967_00538_11513_0,1645,16:45,106.55,106.6842105263158,0.13421052631579755
no07,533967_00538_11513_0,1700,17:00,128.8,124.89473684210526,-3.905263157894751
no07,533967_00538_11513_0,1715,17:15,120.7,124.0,3.299999999999997
no07,533967_00538_11513_0,1730,17:30,127.6,124.73684210526316,-2.8631578947368297
no07,533967_00538_11513_0,1745,17:45,128.6,124.05263157894736,-4.547368421052639
no07,533967_00538_11513_0,1800,18:00,139.0,131.94736842105263,-7.05263157894737
no07,533967_00538_11513_0,1815,18:15,126.4,124.6842105263158,-1.715789473684211
no07,533967_00538_11513_0,1830,18:30,108.15,122.57894736842104,14.428947368421035
no07,533967_00538_11513_0,1845,18:45,103.5,103.84210526315788,0.34210526315787604
no07,533967_00538_11513_1,630,06:30,95.05,90.63157894736842,-4.418421052631572
no07,533967_00538_11513_1,645,06:45,124.45,118.84210526315788,-5.607894736842127
no07,533967_00538_11513_1,700,07:00,122.65,120.0,-2.6500000000000057
no07,533967_00538_11513_1,715,07:15,116.8,114.73684210526316,-2.0631578947368325
no07,533967_00538_11513_1,730,07:30,120.95,118.6842105263158,-2.265789473684208
no07,533967_00538_11513_1,745,07:45,133.6,134.52631578947367,0.9263157894736764
no07,533967_00538_11513_1,800,08:00,106.8,119.3157894736842,12.515789473684208
no07,533967_00538_11513_1,815,08:15,116.45,115.42105263157896,-1.0289473684210435
no07,533967_00538_11513_1,830,08:30,117.1,115.73684210526316,-1.3631578947368297
no07,533967_00538_11513_1,845,08:45,115.75,115.47368421052632,-0.27631578947368496
no07,533967_00538_11513_1,900,09:00,124.95,125.73684210526316,0.7868421052631618
no07,533967_00538_11513_1,915,09:15,103.55,103.57894736842104,0.028947368421043507
no07,533967_00538_11513_1,930,09:30,111.95,111.0,-0.9500000000000028
no07,533967_00538_11513_1,945,09:45,88.7,90.3157894736842,1.6157894736842024
no07,533967_00538_11513_1,1000,10:00,88.9,88.57894736842105,-0.3210526315789508
no07,533967_00538_11513_1,1015,10:15,77.45,76.6842105263158,-0.7657894736842081
no07,533967_00538_11513_1,1030,10:30,58.8,60.05263157894737,1.2526315789473728
no07,533967_00538_11513_1,1045,10:45,40.85,42.31578947368421,1.465789473684211
no07,533967_00538_11513_1,1100,11:00,38.65,38.26315789473684,-0.3868421052631561
no07,533967_00538_11513_1,1115,11:15,85.45,86.15789473684211,0.7078947368421069
no07,533967_00538_11513_1,1130,11:30,46.9,46.42105263157895,-0.47894736842104635
no07,533967_00538_11513_1,1145,11:45,67.4,68.10526315789474,0.7052631578947341
no07,533967_00538_11513_1,1200,12:00,39.2,38.73684210526316,-0.4631578947368453
no07,533967_00538_11513_1,1215,12:15,53.5,53.36842105263158,-0.1315789473684177
no07,533967_00538_11513_1,1230,12:30,66.85,66.10526315789474,-0.7447368421052545
no07,533967_00538_11513_1,1245,12:45,84.5,85.73684210526316,1.2368421052631646
no07,533967_00538_11513_1,1300,13:00,52.95,53.42105263157895,0.4710526315789494
no07,533967_00538_11513_1,1315,13:15,55.7,56.1578947368421,0.4578947368420998
no07,533967_00538_11513_1,1330,13:30,79.7,77.57894736842105,-2.121052631578948
no07,533967_00538_11513_1,1345,13:45,56.05,57.526315789473685,1.4763157894736878
no07,533967_00538_11513_1,1400,14:00,66.85,66.47368421052632,-0.3763157894736793
no07,533967_00538_11513_1,1415,14:15,73.05,72.78947368421052,-0.2605263157894768
no07,533967_00538_11513_1,1430,14:30,69.05,70.26315789473684,1.2131578947368382
no07,533967_00538_11513_1,1445,14:45,69.85,68.36842105263158,-1.481578947368419
no07,533967_00538_11513_1,1500,15:00,61.85,64.57894736842105,2.7289473684210535
no07,533967_00538_11513_1,1515,15:15,62.9,62.0,-0.8999999999999986
no07,533967_00538_11513_1,1530,15:30,65.1,66.42105263157895,1.3210526315789508
no07,533967_00538_11513_1,1545,15:45,76.0,76.57894736842105,0.5789473684210549
no07,533967_00538_11513_1,1600,16:00,38.7,38.10526315789474,-0.594736842105263
no07,533967_00538_11513_1,1615,16:15,35.25,35.94736842105263,0.6973684210526301
no07,533967_00538_11513_1,1630,16:30,23.8,23.157894736842103,-0.6421052631578981
no07,533967_00538_11513_1,1645,16:45,37.55,37.68421052631579,0.13421052631579045
no07,533967_00538_11513_1,1700,17:00,50.05,48.63157894736842,-1.4184210526315795
no07,533967_00538_11513_1,1715,17:15,89.1,88.42105263157895,-0.6789473684210492
no07,533967_00538_11513_1,1730,17:30,69.7,70.42105263157895,0.7210526315789423
no07,533967_00538_11513_1,1745,17:45,61.7,60.05263157894737,-1.647368421052633
no07,533967_00538_11513_1,1800,18:00,52.15,52.63157894736842,0.4815789473684191
no07,533967_00538_11513_1,1815,18:15,51.35,52.0,0.6499999999999986
no07,533967_00538_11513_1,1830,18:30,31.45,31.84210526315789,0.39210526315789096
no07,533967_00538_11513_1,1845,18:45,45.4,43.47368421052632,-1.9263157894736764
no07,533967_00539_11517_0,630,06:30,0.0,0.0,0.0
no07,533967_00539_11517_0,645,06:45,0.0,0.0,0.0
no07,533967_00539_11517_0,700,07:00,0.0,0.0,0.0
no07,533967_00539_11517_0,715,07:15,0.0,0.0,0.0
no07,533967_00539_11517_0,730,07:30,0.0,0.0,0.0
no07,533967_00539_11517_0,745,07:45,0.0,0.0,0.0
no07,533967_00539_11517_0,800,08:00,0.0,0.0,0.0
no07,533967_00539_11517_0,815,08:15,3.6,3.684210526315789,0.08421052631578885
no07,533967_00539_11517_0,830,08:30,11.45,11.31578947368421,-0.13421052631578867
no07,533967_00539_11517_0,845,08:45,8.0,8.052631578947368,0.05263157894736814
no07,533967_00539_11517_0,900,09:00,22.1,22.157894736842103,0.057894736842101224
no07,533967_00539_11517_0,915,09:15,2.85,2.789473684210526,-0.06052631578947398
no07,533967_00539_11517_0,930,09:30,3.55,3.421052631578948,-0.12894736842105203
no07,533967_00539_11517_0,945,09:45,2.1,2.1578947368421053,0.05789473684210522
no07,533967_00539_11517_0,1000,10:00,0.35,0.4210526315789473,0.07105263157894731
no07,533967_00539_11517_0,1015,10:15,0.0,0.0,0.0
no07,533967_00539_11517_0,1030,10:30,0.0,0.0,0.0
no07,533967_00539_11517_0,1045,10:45,3.45,3.473684210526316,0.023684210526315752
no07,533967_00539_11517_0,1100,11:00,3.95,3.789473684210526,-0.16052631578947407
no07,533967_00539_11517_0,1115,11:15,0.6,0.7368421052631579,0.13684210526315788
no07,533967_00539_11517_0,1130,11:30,3.3,3.421052631578948,0.12105263157894797
no07,533967_00539_11517_0,1145,11:45,2.45,2.3157894736842106,-0.13421052631578956
no07,533967_00539_11517_0,1200,12:00,0.25,0.2631578947368421,0.01315789473684209
no07,533967_00539_11517_0,1215,12:15,1.6,1.5789473684210529,-0.021052631578947212
no07,533967_00539_11517_0,1230,12:30,13.45,13.36842105263158,-0.08157894736841875
no07,533967_00539_11517_0,1245,12:45,8.95,9.052631578947368,0.10263157894736885
no07,533967_00539_11517_0,1300,13:00,0.0,0.0,0.0
no07,533967_00539_11517_0,1315,13:15,2.3,2.263157894736842,-0.03684210526315779
no07,533967_00539_11517_0,1330,13:30,0.7,0.7368421052631579,0.0368421052631579
no07,533967_00539_11517_0,1345,13:45,0.0,0.0,0.0
no07,533967_00539_11517_0,1400,14:00,0.0,0.0,0.0
no07,533967_00539_11517_0,1415,14:15,0.0,0.0,0.0
no07,533967_00539_11517_0,1430,14:30,8.4,8.473684210526315,0.07368421052631469
no07,533967_00539_11517_0,1445,14:45,16.4,16.105263157894736,-0.2947368421052623
no07,533967_00539_11517_0,1500,15:00,5.2,5.421052631578948,0.2210526315789476
no07,533967_00539_11517_0,1515,15:15,3.6,3.631578947368421,0.03157894736842071
no07,533967_00539_11517_0,1530,15:30,11.95,11.842105263157896,-0.10789473684210371
no07,533967_00539_11517_0,1545,15:45,4.45,4.526315789473684,0.07631578947368389
no07,533967_00539_11517_0,1600,16:00,18.85,18.526315789473685,-0.32368421052631646
no07,533967_00539_11517_0,1615,16:15,9.15,9.473684210526317,0.32368421052631646
no07,533967_00539_11517_0,1630,16:30,19.1,19.157894736842103,0.057894736842101224
no07,533967_00539_11517_0,1645,16:45,9.15,9.157894736842104,0.007894736842104066
no07,533967_00539_11517_0,1700,17:00,10.55,10.421052631578949,-0.12894736842105203
no07,533967_00539_11517_0,1715,17:15,3.2,3.263157894736842,0.06315789473684186
no07,533967_00539_11517_0,1730,17:30,0.0,0.0,0.0
no07,533967_00539_11517_0,1745,17:45,6.75,5.789473684210527,-0.9605263157894726
no07,533967_00539_11517_0,1800,18:00,14.3,15.052631578947368,0.7526315789473674
no07,533967_00539_11517_0,1815,18:15,15.75,15.789473684210526,0.03947368421052566
no07,533967_00539_11517_0,1830,18:30,14.35,14.421052631578949,0.07105263157894903
no07,533967_00539_11517_0,1845,18:45,5.15,5.157894736842105,0.007894736842104955
no07,533967_00539_11517_1,630,06:30,0.0,0.0,0.0
no07,533967_00539_11517_1,645,06:45,0.0,0.0,0.0
no07,533967_00539_11517_1,700,07:00,0.0,0.0,0.0
no07,533967_00539_11517_1,715,07:15,0.0,0.0,0.0
no07,533967_00539_11517_1,730,07:30,4.45,4.421052631578948,-0.02894736842105239
no07,533967_00539_11517_1,745,07:45,2.35,2.3684210526315788,0.01842105263157867
no07,533967_00539_11517_1,800,08:00,9.55,9.473684210526317,-0.07631578947368389
no07,533967_00539_11517_1,815,08:15,7.2,7.263157894736842,0.06315789473684141
no07,533967_00539_11517_1,830,08:30,4.2,4.2105263157894735,0.010526315789473273
no07,533967_00539_11517_1,845,08:45,4.0,4.0,0.0
no07,533967_00539_11517_1,900,09:00,8.65,8.68421052631579,0.034210526315789025
no07,533967_00539_11517_1,915,09:15,12.1,12.052631578947368,-0.047368421052631504
no07,533967_00539_11517_1,930,09:30,2.35,2.3684210526315788,0.01842105263157867
no07,533967_00539_11517_1,945,09:45,8.55,8.578947368421053,0.02894736842105239
no07,533967_00539_11517_1,1000,10:00,4.3,4.2631578947368425,-0.03684210526315734
no07,533967_00539_11517_1,1015,10:15,7.5,7.526315789473684,0.02631578947368407
no07,533967_00539_11517_1,1030,10:30,7.4,7.368421052631579,-0.031578947368421595
no07,533967_00539_11517_1,1045,10:45,5.1,5.105263157894737,0.005263157894737525
no07,533967_00539_11517_1,1100,11:00,3.05,3.0526315789473686,0.0026315789473687623
no07,533967_00539_11517_1,1115,11:15,9.4,9.421052631578949,0.021052631578948322
no07,533967_00539_11517_1,1130,11:30,1.8,1.7894736842105263,-0.010526315789473717
no07,533967_00539_11517_1,1145,11:45,11.95,11.894736842105264,-0.05526315789473557
no07,533967_00539_11517_1,1200,12:00,6.65,6.684210526315789,0.034210526315789025
no07,533967_00539_11517_1,1215,12:15,5.2,5.2631578947368425,0.0631578947368423
no07,533967_00539_11517_1,1230,12:30,0.25,0.2105263157894736,-0.03947368421052641
no07,533967_00539_11517_1,1245,12:45,0.0,0.0,0.0
no07,533967_00539_11517_1,1300,13:00,6.45,6.421052631578948,-0.02894736842105239
no07,533967_00539_11517_1,1315,13:15,3.3,3.3684210526315788,0.06842105263157894
no07,533967_00539_11517_1,1330,13:30,2.15,2.1052631578947367,-0.044736842105263186
no07,533967_00539_11517_1,1345,13:45,7.75,7.736842105263157,-0.013157894736843367
no07,533967_00539_11517_1,1400,14:00,10.55,10.526315789473683,-0.02368421052631753
no07,533967_00539_11517_1,1415,14:15,6.65,6.684210526315789,0.034210526315789025
no07,533967_00539_11517_1,1430,14:30,2.95,2.9473684210526314,-0.0026315789473687623
no07,533967_00539_11517_1,1445,14:45,9.65,9.68421052631579,0.034210526315789025
no07,533967_00539_11517_1,1500,15:00,10.6,10.578947368421051,-0.021052631578948322
no07,533967_00539_11517_1,1515,15:15,11.75,11.68421052631579,-0.06578947368421062
no07,533967_00539_11517_1,1530,15:30,12.55,12.578947368421051,0.028947368421050612
no07,533967_00539_11517_1,1545,15:45,0.65,0.6842105263157895,0.03421052631578947
no07,533967_00539_11517_1,1600,16:00,7.05,7.105263157894737,0.05526315789473735
no07,533967_00539_11517_1,1615,16:15,0.95,0.8947368421052632,-0.05526315789473679
no07,533967_00539_11517_1,1630,16:30,5.65,5.631578947368421,-0.018421052631579116
no07,533967_00539_11517_1,1645,16:45,4.85,4.842105263157895,-0.007894736842104955
no07,533967_00539_11517_1,1700,17:00,17.5,17.526315789473685,0.02631578947368496
no07,533967_00539_11517_1,1715,17:15,13.0,12.947368421052632,-0.05263157894736814
no07,533967_00539_11517_1,1730,17:30,12.15,12.210526315789474,0.06052631578947398
no07,533967_00539_11517_1,1745,17:45,13.8,13.63157894736842,-0.16842105263158125
no07,533967_00539_11517_1,1800,18:00,12.2,12.0,-0.1999999999999993
no07,533967_00539_11517_1,1815,18:15,14.7,15.0,0.3000000000000007
no07,533967_00539_11517_1,1830,18:30,1.15,1.2105263157894737,0.06052631578947376
no07,533967_00539_11517_1,1845,18:45,12.75,12.736842105263158,-0.01315789473684248
no07,533967_00605_01530_0,630,06:30,0.0,0.0,0.0
no07,533967_00605_01530_0,645,06:45,0.0,0.0,0.0
no07,533967_00605_01530_0,700,07:00,0.0,0.0,0.0
no07,533967_00605_01530_0,715,07:15,0.0,0.0,0.0
no07,533967_00605_01530_0,730,07:30,0.0,0.0,0.0
no07,533967_00605_01530_0,745,07:45,0.0,0.0,0.0
no07,533967_00605_01530_0,800,08:00,0.0,0.0,0.0
no07,533967_00605_01530_0,815,08:15,0.0,0.0,0.0
no07,533967_00605_01530_0,830,08:30,0.0,0.0,0.0
no07,533967_00605_01530_0,845,08:45,0.0,0.0,0.0
no07,533967_00605_01530_0,900,09:00,0.0,0.0,0.0
no07,533967_00605_01530_0,915,09:15,0.0,0.0,0.0
no07,533967_00605_01530_0,930,09:30,0.0,0.0,0.0
no07,533967_00605_01530_0,945,09:45,0.0,0.0,0.0
no07,533967_00605_01530_0,1000,10:00,0.0,0.0,0.0
no07,533967_00605_01530_0,1015,10:15,0.0,0.0,0.0
no07,533967_00605_01530_0,1030,10:30,0.0,0.0,0.0
no07,533967_00605_01530_0,1045,10:45,0.0,0.0,0.0
no07,533967_00605_01530_0,1100,11:00,0.0,0.0,0.0
no07,533967_00605_01530_0,1115,11:15,0.0,0.0,0.0
no07,533967_00605_01530_0,1130,11:30,0.0,0.0,0.0
no07,533967_00605_01530_0,1145,11:45,0.0,0.0,0.0
no07,533967_00605_01530_0,1200,12:00,0.0,0.0,0.0
no07,533967_00605_01530_0,1215,12:15,0.0,0.0,0.0
no07,533967_00605_01530_0,1230,12:30,0.0,0.0,0.0
no07,533967_00605_01530_0,1245,12:45,0.0,0.0,0.0
no07,533967_00605_01530_0,1300,13:00,0.0,0.0,0.0
no07,533967_00605_01530_0,1315,13:15,0.0,0.0,0.0
no07,533967_00605_01530_0,1330,13:30,0.0,0.0,0.0
no07,533967_00605_01530_0,1345,13:45,0.0,0.0,0.0
no07,533967_00605_01530_0,1400,14:00,0.0,0.0,0.0
no07,533967_00605_01530_0,1415,14:15,0.0,0.0,0.0
no07,533967_00605_01530_0,1430,14:30,0.0,0.0,0.0
no07,533967_00605_01530_0,1445,14:45,0.0,0.0,0.0
no07,533967_00605_01530_0,1500,15:00,0.0,0.0,0.0
no07,533967_00605_01530_0,1515,15:15,0.0,0.0,0.0
no07,533967_00605_01530_0,1530,15:30,0.0,0.0,0.0
no07,533967_00605_01530_0,1545,15:45,0.0,0.0,0.0
no07,533967_00605_01530_0,1600,16:00,0.0,0.0,0.0
no07,533967_00605_01530_0,1615,16:15,0.0,0.0,0.0
no07,533967_00605_01530_0,1630,16:30,0.0,0.0,0.0
no07,533967_00605_01530_0,1645,16:45,0.0,0.0,0.0
no07,533967_00605_01530_0,1700,17:00,0.0,0.0,0.0
no07,533967_00605_01530_0,1715,17:15,0.0,0.0,0.0
no07,533967_00605_01530_0,1730,17:30,0.0,0.0,0.0
no07,533967_00605_01530_0,1745,17:45,0.0,0.0,0.0
no07,533967_00605_01530_0,1800,18:00,0.0,0.0,0.0
no07,533967_00605_01530_0,1815,18:15,0.0,0.0,0.0
no07,533967_00605_01530_0,1830,18:30,0.0,0.0,0.0
no07,533967_00605_01530_0,1845,18:45,0.0,0.0,0.0
no07,533967_00605_01530_1,630,06:30,0.0,0.0,0.0
no07,533967_00605_01530_1,645,06:45,0.0,0.0,0.0
no07,533967_00605_01530_1,700,07:00,0.0,0.0,0.0
no07,533967_00605_01530_1,715,07:15,0.0,0.0,0.0
no07,533967_00605_01530_1,730,07:30,0.0,0.0,0.0
no07,533967_00605_01530_1,745,07:45,0.0,0.0,0.0
no07,533967_00605_01530_1,800,08:00,0.0,0.0,0.0
no07,533967_00605_01530_1,815,08:15,0.0,0.0,0.0
no07,533967_00605_01530_1,830,08:30,0.0,0.0,0.0
no07,533967_00605_01530_1,845,08:45,0.0,0.0,0.0
no07,533967_00605_01530_1,900,09:00,0.0,0.0,0.0
no07,533967_00605_01530_1,915,09:15,0.0,0.0,0.0
no07,533967_00605_01530_1,930,09:30,0.0,0.0,0.0
no07,533967_00605_01530_1,945,09:45,0.0,0.0,0.0
no07,533967_00605_01530_1,1000,10:00,0.0,0.0,0.0
no07,533967_00605_01530_1,1015,10:15,0.0,0.0,0.0
no07,533967_00605_01530_1,1030,10:30,0.0,0.0,0.0
no07,533967_00605_01530_1,1045,10:45,0.0,0.0,0.0
no07,533967_00605_01530_1,1100,11:00,0.0,0.0,0.0
no07,533967_00605_01530_1,1115,11:15,0.0,0.0,0.0
no07,533967_00605_01530_1,1130,11:30,0.0,0.0,0.0
no07,533967_00605_01530_1,1145,11:45,0.0,0.0,0.0
no07,533967_00605_01530_1,1200,12:00,0.0,0.0,0.0
no07,533967_00605_01530_1,1215,12:15,0.0,0.0,0.0
no07,533967_00605_01530_1,1230,12:30,0.0,0.0,0.0
no07,533967_00605_01530_1,1245,12:45,0.0,0.0,0.0
no07,533967_00605_01530_1,1300,13:00,0.0,0.0,0.0
no07,533967_00605_01530_1,1315,13:15,0.0,0.0,0.0
no07,533967_00605_01530_1,1330,13:30,0.0,0.0,0.0
no07,533967_00605_01530_1,1345,13:45,0.0,0.0,0.0
no07,533967_00605_01530_1,1400,14:00,0.0,0.0,0.0
no07,533967_00605_01530_1,1415,14:15,0.0,0.0,0.0
no07,533967_00605_01530_1,1430,14:30,0.0,0.0,0.0
no07,533967_00605_01530_1,1445,14:45,0.0,0.0,0.0
no07,533967_00605_01530_1,1500,15:00,0.0,0.0,0.0
no07,533967_00605_01530_1,1515,15:15,0.0,0.0,0.0
no07,533967_00605_01530_1,1530,15:30,0.0,0.0,0.0
no07,533967_00605_01530_1,1545,15:45,0.0,0.0,0.0
no07,533967_00605_01530_1,1600,16:00,0.0,0.0,0.0
no07,533967_00605_01530_1,1615,16:15,0.0,0.0,0.0
no07,533967_00605_01530_1,1630,16:30,0.0,0.0,0.0
no07,533967_00605_01530_1,1645,16:45,0.0,0.0,0.0
no07,533967_00605_01530_1,1700,17:00,0.0,0.0,0.0
no07,533967_00605_01530_1,1715,17:15,0.0,0.0,0.0
no07,533967_00605_01530_1,1730,17:30,0.0,0.0,0.0
no07,533967_00605_01530_1,1745,17:45,0.0,0.0,0.0
no07,533967_00605_01530_1,1800,18:00,0.0,0.0,0.0
no07,533967_00605_01530_1,1815,18:15,0.0,0.0,0.0
no07,533967_00605_01530_1,1830,18:30,0.0,0.0,0.0
no07,533967_00605_01530_1,1845,18:45,0.0,0.0,0.0
no07,533967_00605_72276_0,630,06:30,0.0,0.0,0.0
no07,533967_00605_72276_0,645,06:45,0.0,0.0,0.0
no07,533967_00605_72276_0,700,07:00,0.0,0.0,0.0
no07,533967_00605_72276_0,715,07:15,0.0,0.0,0.0
no07,533967_00605_72276_0,730,07:30,0.0,0.0,0.0
no07,533967_00605_72276_0,745,07:45,0.0,0.0,0.0
no07,533967_00605_72276_0,800,08:00,0.0,0.0,0.0
no07,533967_00605_72276_0,815,08:15,0.0,0.0,0.0
no07,533967_00605_72276_0,830,08:30,0.0,0.0,0.0
no07,533967_00605_72276_0,845,08:45,0.0,0.0,0.0
no07,533967_00605_72276_0,900,09:00,0.0,0.0,0.0
no07,533967_00605_72276_0,915,09:15,0.0,0.0,0.0
no07,533967_00605_72276_0,930,09:30,0.0,0.0,0.0
no07,533967_00605_72276_0,945,09:45,0.0,0.0,0.0
no07,533967_00605_72276_0,1000,10:00,0.0,0.0,0.0
no07,533967_00605_72276_0,1015,10:15,0.0,0.0,0.0
no07,533967_00605_72276_0,1030,10:30,0.0,0.0,0.0
no07,533967_00605_72276_0,1045,10:45,0.0,0.0,0.0
no07,533967_00605_72276_0,1100,11:00,0.0,0.0,0.0
no07,533967_00605_72276_0,1115,11:15,0.0,0.0,0.0
no07,533967_00605_72276_0,1130,11:30,0.0,0.0,0.0
no07,533967_00605_72276_0,1145,11:45,0.0,0.0,0.0
no07,533967_00605_72276_0,1200,12:00,0.0,0.0,0.0
no07,533967_00605_72276_0,1215,12:15,0.0,0.0,0.0
no07,533967_00605_72276_0,1230,12:30,0.0,0.0,0.0
no07,533967_00605_72276_0,1245,12:45,0.0,0.0,0.0
no07,533967_00605_72276_0,1300,13:00,0.0,0.0,0.0
no07,533967_00605_72276_0,1315,13:15,0.0,0.0,0.0
no07,533967_00605_72276_0,1330,13:30,0.0,0.0,0.0
no07,533967_00605_72276_0,1345,13:45,0.0,0.0,0.0
no07,533967_00605_72276_0,1400,14:00,0.0,0.0,0.0
no07,533967_00605_72276_0,1415,14:15,0.0,0.0,0.0
no07,533967_00605_72276_0,1430,14:30,0.0,0.0,0.0
no07,533967_00605_72276_0,1445,14:45,0.0,0.0,0.0
no07,533967_00605_72276_0,1500,15:00,0.0,0.0,0.0
no07,533967_00605_72276_0,1515,15:15,0.0,0.0,0.0
no07,533967_00605_72276_0,1530,15:30,0.0,0.0,0.0
no07,533967_00605_72276_0,1545,15:45,0.0,0.0,0.0
no07,533967_00605_72276_0,1600,16:00,0.0,0.0,0.0
no07,533967_00605_72276_0,1615,16:15,0.0,0.0,0.0
no07,533967_00605_72276_0,1630,16:30,0.0,0.0,0.0
no07,533967_00605_72276_0,1645,16:45,0.0,0.0,0.0
no07,533967_00605_72276_0,1700,17:00,0.0,0.0,0.0
no07,533967_00605_72276_0,1715,17:15,0.0,0.0,0.0
no07,533967_00605_72276_0,1730,17:30,0.0,0.0,0.0
no07,533967_00605_72276_0,1745,17:45,0.0,0.0,0.0
no07,533967_00605_72276_0,1800,18:00,0.0,0.0,0.0
no07,533967_00605_72276_0,1815,18:15,0.0,0.0,0.0
no07,533967_00605_72276_0,1830,18:30,0.0,0.0,0.0
no07,533967_00605_72276_0,1845,18:45,0.0,0.0,0.0
no07,533967_00605_72276_1,630,06:30,0.0,0.0,0.0
no07,533967_00605_72276_1,645,06:45,0.0,0.0,0.0
no07,533967_00605_72276_1,700,07:00,0.0,0.0,0.0
no07,533967_00605_72276_1,715,07:15,0.0,0.0,0.0
no07,533967_00605_72276_1,730,07:30,0.0,0.0,0.0
no07,533967_00605_72276_1,745,07:45,0.0,0.0,0.0
no07,533967_00605_72276_1,800,08:00,0.0,0.0,0.0
no07,533967_00605_72276_1,815,08:15,0.0,0.0,0.0
no07,533967_00605_72276_1,830,08:30,0.0,0.0,0.0
no07,533967_00605_72276_1,845,08:45,0.0,0.0,0.0
no07,533967_00605_72276_1,900,09:00,0.0,0.0,0.0
no07,533967_00605_72276_1,915,09:15,0.0,0.0,0.0
no07,533967_00605_72276_1,930,09:30,0.0,0.0,0.0
no07,533967_00605_72276_1,945,09:45,0.0,0.0,0.0
no07,533967_00605_72276_1,1000,10:00,0.0,0.0,0.0
no07,533967_00605_72276_1,1015,10:15,0.0,0.0,0.0
no07,533967_00605_72276_1,1030,10:30,0.0,0.0,0.0
no07,533967_00605_72276_1,1045,10:45,0.0,0.0,0.0
no07,533967_00605_72276_1,1100,11:00,0.0,0.0,0.0
no07,533967_00605_72276_1,1115,11:15,0.0,0.0,0.0
no07,533967_00605_72276_1,1130,11:30,0.0,0.0,0.0
no07,533967_00605_72276_1,1145,11:45,0.0,0.0,0.0
no07,533967_00605_72276_1,1200,12:00,0.0,0.0,0.0
no07,533967_00605_72276_1,1215,12:15,0.0,0.0,0.0
no07,533967_00605_72276_1,1230,12:30,0.0,0.0,0.0
no07,533967_00605_72276_1,1245,12:45,0.0,0.0,0.0
no07,533967_00605_72276_1,1300,13:00,0.0,0.0,0.0
no07,533967_00605_72276_1,1315,13:15,0.0,0.0,0.0
no07,533967_00605_72276_1,1330,13:30,0.0,0.0,0.0
no07,533967_00605_72276_1,1345,13:45,0.0,0.0,0.0
no07,533967_00605_72276_1,1400,14:00,0.0,0.0,0.0
no07,533967_00605_72276_1,1415,14:15,0.0,0.0,0.0
no07,533967_00605_72276_1,1430,14:30,0.0,0.0,0.0
no07,533967_00605_72276_1,1445,14:45,0.0,0.0,0.0
no07,533967_00605_72276_1,1500,15:00,0.0,0.0,0.0
no07,533967_00605_72276_1,1515,15:15,0.0,0.0,0.0
no07,533967_00605_72276_1,1530,15:30,0.0,0.0,0.0
no07,533967_00605_72276_1,1545,15:45,0.0,0.0,0.0
no07,533967_00605_72276_1,1600,16:00,0.0,0.0,0.0
no07,533967_00605_72276_1,1615,16:15,0.0,0.0,0.0
no07,533967_00605_72276_1,1630,16:30,0.0,0.0,0.0
no07,533967_00605_72276_1,1645,16:45,0.0,0.0,0.0
no07,533967_00605_72276_1,1700,17:00,0.0,0.0,0.0
no07,533967_00605_72276_1,1715,17:15,0.0,0.0,0.0
no07,533967_00605_72276_1,1730,17:30,0.0,0.0,0.0
no07,533967_00605_72276_1,1745,17:45,0.0,0.0,0.0
no07,533967_00605_72276_1,1800,18:00,0.0,0.0,0.0
no07,533967_00605_72276_1,1815,18:15,0.0,0.0,0.0
no07,533967_00605_72276_1,1830,18:30,0.0,0.0,0.0
no07,533967_00605_72276_1,1845,18:45,0.0,0.0,0.0
no07,533967_00608_00609_0,630,06:30,90.35,90.3157894736842,-0.034210526315789025
no07,533967_00608_00609_0,645,06:45,89.25,89.26315789473684,0.013157894736835374
no07,533967_00608_00609_0,700,07:00,92.0,92.0,0.0
no07,533967_00608_00609_0,715,07:15,112.05,112.05263157894736,0.0026315789473585482
no07,533967_00608_00609_0,730,07:30,83.8,83.84210526315789,0.04210526315789309
no07,533967_00608_00609_0,745,07:45,83.95,83.94736842105263,-0.002631578947372759
no07,533967_00608_00609_0,800,08:00,89.2,89.15789473684211,-0.04210526315789309
no07,533967_00608_00609_0,815,08:15,84.7,84.73684210526316,0.036842105263161784
no07,533967_00608_00609_0,830,08:30,84.35,84.36842105263158,0.018421052631580892
no07,533967_00608_00609_0,845,08:45,92.85,92.78947368421052,-0.06052631578947398
no07,533967_00608_00609_0,900,09:00,86.0,86.05263157894737,0.05263157894736992
no07,533967_00608_00609_0,915,09:15,54.15,54.10526315789474,-0.044736842105258745
no07,533967_00608_00609_0,930,09:30,78.85,78.84210526315789,-0.007894736842104066
no07,533967_00608_00609_0,945,09:45,73.95,73.94736842105263,-0.002631578947372759
no07,533967_00608_00609_0,1000,10:00,65.05,65.10526315789474,0.055263157894742676
no07,533967_00608_00609_0,1015,10:15,74.2,74.15789473684211,-0.04210526315789309
no07,533967_00608_00609_0,1030,10:30,61.8,61.8421052631579,0.0421052631579002
no07,533967_00608_00609_0,1045,10:45,72.15,72.15789473684211,0.007894736842104066
no07,533967_00608_00609_0,1100,11:00,79.95,79.94736842105263,-0.002631578947372759
no07,533967_00608_00609_0,1115,11:15,93.0,92.94736842105264,-0.052631578947355706
no07,533967_00608_00609_0,1130,11:30,58.2,58.21052631578947,0.01052631578946972
no07,533967_00608_00609_0,1145,11:45,71.9,71.89473684210526,-0.005263157894745518
no07,533967_00608_00609_0,1200,12:00,100.75,100.63157894736842,-0.11842105263157521
no07,533967_00608_00609_0,1215,12:15,77.35,77.47368421052632,0.12368421052632073
no07,533967_00608_00609_0,1230,12:30,88.9,88.94736842105263,0.0473684210526244
no07,533967_00608_00609_0,1245,12:45,87.1,87.10526315789474,0.005263157894745518
no07,533967_00608_00609_0,1300,13:00,83.5,83.52631578947368,0.02631578947368496
no07,533967_00608_00609_0,1315,13:15,76.35,76.26315789473684,-0.08684210526315894
no07,533967_00608_00609_0,1330,13:30,65.95,65.94736842105263,-0.002631578947372759
no07,533967_00608_00609_0,1345,13:45,54.9,54.89473684210526,-0.005263157894738413
no07,533967_00608_00609_0,1400,14:00,73.95,74.05263157894737,0.10263157894736707
no07,533967_00608_00609_0,1415,14:15,55.25,55.1578947368421,-0.09210526315789735
no07,533967_00608_00609_0,1430,14:30,50.1,50.10526315789474,0.005263157894738413
no07,533967_00608_00609_0,1445,14:45,55.9,55.89473684210526,-0.005263157894738413
no07,533967_00608_00609_0,1500,15:00,77.8,77.73684210526316,-0.06315789473683253
no07,533967_00608_00609_0,1515,15:15,84.05,84.10526315789474,0.055263157894742676
no07,533967_00608_00609_0,1530,15:30,78.1,78.10526315789474,0.005263157894745518
no07,533967_00608_00609_0,1545,15:45,74.85,74.84210526315789,-0.007894736842104066
no07,533967_00608_00609_0,1600,16:00,83.05,83.05263157894737,0.002631578947372759
no07,533967_00608_00609_0,1615,16:15,93.75,93.73684210526316,-0.013157894736835374
no07,533967_00608_00609_0,1630,16:30,67.35,67.36842105263158,0.018421052631580892
no07,533967_00608_00609_0,1645,16:45,86.1,86.10526315789474,0.005263157894745518
no07,533967_00608_00609_0,1700,17:00,101.65,101.63157894736842,-0.018421052631580892
no07,533967_00608_00609_0,1715,17:15,89.3,89.3157894736842,0.015789473684208133
no07,533967_00608_00609_0,1730,17:30,95.6,95.57894736842104,-0.02105263157895365
no07,533967_00608_00609_0,1745,17:45,95.15,95.21052631578948,0.06052631578947398
no07,533967_00608_00609_0,1800,18:00,89.1,89.05263157894737,-0.0473684210526244
no07,533967_00608_00609_0,1815,18:15,91.25,91.26315789473684,0.013157894736835374
no07,533967_00608_00609_0,1830,18:30,89.75,89.73684210526316,-0.013157894736835374
no07,533967_00608_00609_0,1845,18:45,79.1,79.15789473684211,0.057894736842115435
no07,533967_00608_00609_1,630,06:30,68.5,68.42105263157895,-0.07894736842105488
no07,533967_00608_00609_1,645,06:45,74.6,74.63157894736842,0.03157894736843048
no07,533967_00608_00609_1,700,07:00,59.1,59.21052631578947,0.11052631578947114
no07,533967_00608_00609_1,715,07:15,86.15,85.84210526315789,-0.30789473684211544
no07,533967_00608_00609_1,730,07:30,137.0,136.94736842105263,-0.05263157894736992
no07,533967_00608_00609_1,745,07:45,101.05,101.52631578947368,0.4763157894736878
no07,533967_00608_00609_1,800,08:00,139.3,138.73684210526315,-0.563157894736861
no07,533967_00608_00609_1,815,08:15,136.8,135.8421052631579,-0.9578947368421211
no07,533967_00608_00609_1,830,08:30,156.2,156.6315789473684,0.43157894736842195
no07,533967_00608_00609_1,845,08:45,138.65,139.52631578947367,0.8763157894736651
no07,533967_00608_00609_1,900,09:00,107.8,107.21052631578948,-0.5894736842105175
no07,533967_00608_00609_1,915,09:15,97.4,98.0,0.5999999999999943
no07,533967_00608_00609_1,930,09:30,120.3,120.05263157894736,-0.24736842105264145
no07,533967_00608_00609_1,945,09:45,100.55,100.78947368421052,0.23947368421052317
no07,533967_00608_00609_1,1000,10:00,105.9,106.10526315789474,0.20526315789473415
no07,533967_00608_00609_1,1015,10:15,89.45,89.15789473684211,-0.2921052631578931
no07,533967_00608_00609_1,1030,10:30,82.25,82.47368421052632,0.22368421052631504
no07,533967_00608_00609_1,1045,10:45,94.05,94.21052631578948,0.1605263157894825
no07,533967_00608_00609_1,1100,11:00,81.65,81.26315789473684,-0.3868421052631703
no07,533967_00608_00609_1,1115,11:15,116.15,116.42105263157896,0.27105263157895365
no07,533967_00608_00609_1,1130,11:30,59.35,58.94736842105263,-0.40263157894737134
no07,533967_00608_00609_1,1145,11:45,83.7,83.89473684210526,0.19473684210525732
no07,533967_00608_00609_1,1200,12:00,88.6,88.57894736842105,-0.02105263157893944
no07,533967_00608_00609_1,1215,12:15,110.2,110.15789473684212,-0.04210526315787888
no07,533967_00608_00609_1,1230,12:30,75.4,75.26315789473684,-0.1368421052631703
no07,533967_00608_00609_1,1245,12:45,68.1,68.47368421052632,0.3736842105263207
no07,533967_00608_00609_1,1300,13:00,86.9,86.84210526315789,-0.057894736842115435
no07,533967_00608_00609_1,1315,13:15,66.55,66.3157894736842,-0.23421052631579187
no07,533967_00608_00609_1,1330,13:30,81.0,80.89473684210526,-0.10526315789473983
no07,533967_00608_00609_1,1345,13:45,63.25,63.63157894736842,0.3815789473684177
no07,533967_00608_00609_1,1400,14:00,76.25,75.52631578947368,-0.723684210526315
no07,533967_00608_00609_1,1415,14:15,69.25,70.0,0.75
no07,533967_00608_00609_1,1430,14:30,90.95,90.6842105263158,-0.26578947368420813
no07,533967_00608_00609_1,1445,14:45,67.8,68.0,0.20000000000000284
no07,533967_00608_00609_1,1500,15:00,63.05,62.578947368421055,-0.4710526315789423
no07,533967_00608_00609_1,1515,15:15,72.05,72.57894736842105,0.5289473684210577
no07,533967_00608_00609_1,1530,15:30,78.45,77.94736842105263,-0.5026315789473728
no07,533967_00608_00609_1,1545,15:45,81.95,82.15789473684211,0.2078947368421069
no07,533967_00608_00609_1,1600,16:00,122.6,122.15789473684212,-0.44210526315787035
no07,533967_00608_00609_1,1615,16:15,111.55,112.36842105263158,0.818421052631578
no07,533967_00608_00609_1,1630,16:30,127.1,127.05263157894736,-0.04736842105263861
no07,533967_00608_00609_1,1645,16:45,112.5,112.52631578947368,0.02631578947368496
no07,533967_00608_00609_1,1700,17:00,73.4,73.0,-0.4000000000000057
no07,533967_00608_00609_1,1715,17:15,107.7,108.36842105263158,0.6684210526315724
no07,533967_00608_00609_1,1730,17:30,106.3,105.05263157894736,-1.2473684210526415
no07,533967_00608_00609_1,1745,17:45,91.9,91.36842105263158,-0.5315789473684305
no07,533967_00608_00609_1,1800,18:00,118.45,118.47368421052632,0.0236842105263122
no07,533967_00608_00609_1,1815,18:15,105.55,106.84210526315788,1.2921052631578789
no07,533967_00608_00609_1,1830,18:30,98.25,98.0,-0.25
no07,533967_00608_00609_1,1845,18:45,81.05,81.36842105263158,0.31842105263157805
no07,533967_00609_11505_0,630,06:30,1.75,1.8421052631578947,0.09210526315789469
no07,533967_00609_11505_0,645,06:45,0.2,0.2105263157894736,0.010526315789473578
no07,533967_00609_11505_0,700,07:00,0.4,0.3157894736842105,-0.08421052631578951
no07,533967_00609_11505_0,715,07:15,18.3,18.526315789473685,0.22631578947368425
no07,533967_00609_11505_0,730,07:30,2.85,2.631578947368421,-0.2184210526315793
no07,533967_00609_11505_0,745,07:45,35.15,35.21052631578947,0.06052631578947398
no07,533967_00609_11505_0,800,08:00,35.0,32.10526315789474,-2.89473684210526
no07,533967_00609_11505_0,815,08:15,6.2,9.0,2.8
no07,533967_00609_11505_0,830,08:30,22.95,22.94736842105263,-0.0026315789473692064
no07,533967_00609_11505_0,845,08:45,16.85,17.0,0.14999999999999858
no07,533967_00609_11505_0,900,09:00,10.8,10.736842105263158,-0.06315789473684319
no07,533967_00609_11505_0,915,09:15,0.25,0.2631578947368421,0.01315789473684209
no07,533967_00609_11505_0,930,09:30,0.0,0.0,0.0
no07,533967_00609_11505_0,945,09:45,27.9,28.0,0.10000000000000142
no07,533967_00609_11505_0,1000,10:00,5.2,5.157894736842105,-0.04210526315789487
no07,533967_00609_11505_0,1015,10:15,0.75,0.8421052631578947,0.09210526315789469
no07,533967_00609_11505_0,1030,10:30,3.85,3.842105263157895,-0.007894736842104955
no07,533967_00609_11505_0,1045,10:45,0.15,0.1578947368421052,0.007894736842105204
no07,533967_00609_11505_0,1100,11:00,2.75,2.736842105263158,-0.013157894736842035
no07,533967_00609_11505_0,1115,11:15,0.25,0.2631578947368421,0.01315789473684209
no07,533967_00609_11505_0,1130,11:30,0.0,0.0,0.0
no07,533967_00609_11505_0,1145,11:45,3.85,3.842105263157895,-0.007894736842104955
no07,533967_00609_11505_0,1200,12:00,4.0,3.947368421052632,-0.05263157894736814
no07,533967_00609_11505_0,1215,12:15,4.95,5.0,0.04999999999999982
no07,533967_00609_11505_0,1230,12:30,0.2,0.2105263157894736,0.010526315789473578
no07,533967_00609_11505_0,1245,12:45,2.95,2.9473684210526314,-0.0026315789473687623
no07,533967_00609_11505_0,1300,13:00,1.0,1.0526315789473684,0.05263157894736836
no07,533967_00609_11505_0,1315,13:15,1.35,1.1578947368421053,-0.19210526315789478
no07,533967_00609_11505_0,1330,13:30,0.65,0.9473684210526316,0.2973684210526316
no07,533967_00609_11505_0,1345,13:45,3.4,3.0526315789473686,-0.3473684210526313
no07,533967_00609_11505_0,1400,14:00,4.0,4.157894736842105,0.1578947368421053
no07,533967_00609_11505_0,1415,14:15,0.1,0.1052631578947368,0.005263157894736789
no07,533967_00609_11505_0,1430,14:30,7.6,7.473684210526316,-0.12631578947368372
no07,533967_00609_11505_0,1445,14:45,1.15,0.8421052631578947,-0.3078947368421052
no07,533967_00609_11505_0,1500,15:00,4.15,3.947368421052632,-0.2026315789473685
no07,533967_00609_11505_0,1515,15:15,2.4,2.210526315789474,-0.18947368421052602
no07,533967_00609_11505_0,1530,15:30,0.4,0.7894736842105263,0.3894736842105263
no07,533967_00609_11505_0,1545,15:45,0.7,1.7894736842105263,1.0894736842105264
no07,533967_00609_11505_0,1600,16:00,2.0,2.1578947368421053,0.1578947368421053
no07,533967_00609_11505_0,1615,16:15,0.0,0.0,0.0
no07,533967_00609_11505_0,1630,16:30,0.0,0.0,0.0
no07,533967_00609_11505_0,1645,16:45,2.95,2.9473684210526314,-0.0026315789473687623
no07,533967_00609_11505_0,1700,17:00,10.7,10.68421052631579,-0.01578947368420991
no07,533967_00609_11505_0,1715,17:15,0.35,0.3684210526315789,0.01842105263157895
no07,533967_00609_11505_0,1730,17:30,2.4,3.421052631578948,1.0210526315789479
no07,533967_00609_11505_0,1745,17:45,0.3,0.4736842105263157,0.17368421052631572
no07,533967_00609_11505_0,1800,18:00,5.8,6.052631578947368,0.2526315789473683
no07,533967_00609_11505_0,1815,18:15,1.45,1.1578947368421053,-0.29210526315789465
no07,533967_00609_11505_0,1830,18:30,0.9,1.105263157894737,0.20526315789473693
no07,533967_00609_11505_0,1845,18:45,9.55,9.578947368421051,0.028947368421050612
no07,533967_00609_11505_1,630,06:30,6.4,6.842105263157895,0.44210526315789433
no07,533967_00609_11505_1,645,06:45,1.3,0.9473684210526316,-0.3526315789473684
no07,533967_00609_11505_1,700,07:00,0.05,0.0,-0.05
no07,533967_00609_11505_1,715,07:15,0.0,0.0,0.0
no07,533967_00609_11505_1,730,07:30,0.0,0.0,0.0
no07,533967_00609_11505_1,745,07:45,4.25,5.842105263157895,1.5921052631578947
no07,533967_00609_11505_1,800,08:00,10.4,10.947368421052632,0.5473684210526315
no07,533967_00609_11505_1,815,08:15,6.95,6.7368421052631575,-0.21315789473684266
no07,533967_00609_11505_1,830,08:30,17.45,17.42105263157895,-0.028947368421050612
no07,533967_00609_11505_1,845,08:45,2.75,2.8947368421052637,0.14473684210526372
no07,533967_00609_11505_1,900,09:00,0.4,0.4210526315789473,0.021052631578947267
no07,533967_00609_11505_1,915,09:15,19.55,20.789473684210527,1.2394736842105267
no07,533967_00609_11505_1,930,09:30,5.05,5.105263157894737,0.05526315789473735
no07,533967_00609_11505_1,945,09:45,0.0,0.0,0.0
no07,533967_00609_11505_1,1000,10:00,16.5,16.57894736842105,0.07894736842105132
no07,533967_00609_11505_1,1015,10:15,2.7,2.473684210526316,-0.22631578947368425
no07,533967_00609_11505_1,1030,10:30,30.05,29.68421052631579,-0.36578947368420955
no07,533967_00609_11505_1,1045,10:45,25.6,25.63157894736842,0.03157894736841982
no07,533967_00609_11505_1,1100,11:00,24.35,23.73684210526316,-0.6131578947368403
no07,533967_00609_11505_1,1115,11:15,1.1,1.1578947368421053,0.05789473684210522
no07,533967_00609_11505_1,1130,11:30,21.45,21.473684210526315,0.023684210526315752
no07,533967_00609_11505_1,1145,11:45,24.45,24.473684210526315,0.023684210526315752
no07,533967_00609_11505_1,1200,12:00,30.15,30.789473684210527,0.6394736842105289
no07,533967_00609_11505_1,1215,12:15,5.9,5.578947368421052,-0.32105263157894814
no07,533967_00609_11505_1,1230,12:30,9.55,9.578947368421051,0.028947368421050612
no07,533967_00609_11505_1,1245,12:45,7.1,6.157894736842105,-0.9421052631578943
no07,533967_00609_11505_1,1300,13:00,18.8,19.0,0.1999999999999993
no07,533967_00609_11505_1,1315,13:15,15.55,15.157894736842104,-0.3921052631578963
no07,533967_00609_11505_1,1330,13:30,3.8,3.947368421052632,0.14736842105263204
no07,533967_00609_11505_1,1345,13:45,24.4,24.894736842105264,0.49473684210526514
no07,533967_00609_11505_1,1400,14:00,4.35,4.052631578947368,-0.2973684210526315
no07,533967_00609_11505_1,1415,14:15,0.8,0.7368421052631579,-0.06315789473684219
no07,533967_00609_11505_1,1430,14:30,13.85,12.526315789473683,-1.3236842105263165
no07,533967_00609_11505_1,1445,14:45,4.65,4.2105263157894735,-0.4394736842105269
no07,533967_00609_11505_1,1500,15:00,14.45,14.526315789473683,0.07631578947368389
no07,533967_00609_11505_1,1515,15:15,1.75,1.6842105263157894,-0.06578947368421062
no07,533967_00609_11505_1,1530,15:30,0.45,0.5789473684210527,0.12894736842105264
no07,533967_00609_11505_1,1545,15:45,6.2,5.684210526315789,-0.5157894736842108
no07,533967_00609_11505_1,1600,16:00,22.05,21.789473684210527,-0.2605263157894733
no07,533967_00609_11505_1,1615,16:15,33.05,33.31578947368421,0.26578947368421524
no07,533967_00609_11505_1,1630,16:30,38.05,37.73684210526316,-0.31315789473683964
no07,533967_00609_11505_1,1645,16:45,40.9,41.26315789473684,0.3631578947368439
no07,533967_00609_11505_1,1700,17:00,26.85,27.210526315789476,0.3605263157894747
no07,533967_00609_11505_1,1715,17:15,12.7,13.157894736842104,0.45789473684210513
no07,533967_00609_11505_1,1730,17:30,15.2,14.947368421052632,-0.25263157894736743
no07,533967_00609_11505_1,1745,17:45,17.7,18.105263157894736,0.405263157894737
no07,533967_00609_11505_1,1800,18:00,10.4,10.36842105263158,-0.03157894736841982
no07,533967_00609_11505_1,1815,18:15,18.1,18.57894736842105,0.4789473684210499
no07,533967_00609_11505_1,1830,18:30,26.95,26.68421052631579,-0.26578947368420813
no07,533967_00609_11505_1,1845,18:45,30.9,31.84210526315789,0.9421052631578917
no07,533967_00693_01661_0,630,06:30,89.5,89.42105263157895,-0.07894736842105488
no07,533967_00693_01661_0,645,06:45,95.0,95.15789473684212,0.15789473684212396
no07,533967_00693_01661_0,700,07:00,89.95,89.6842105263158,-0.26578947368420813
no07,533967_00693_01661_0,715,07:15,106.8,106.94736842105264,0.14736842105264714
no07,533967_00693_01661_0,730,07:30,104.8,104.73684210526316,-0.06315789473683253
no07,533967_00693_01661_0,745,07:45,124.6,124.73684210526316,0.1368421052631703
no07,533967_00693_01661_0,800,08:00,117.75,117.47368421052632,-0.27631578947368496
no07,533967_00693_01661_0,815,08:15,116.8,116.94736842105264,0.14736842105264714
no07,533967_00693_01661_0,830,08:30,120.75,120.73684210526316,-0.013157894736835374
no07,533967_00693_01661_0,845,08:45,132.95,133.1578947368421,0.20789473684212112
no07,533967_00693_01661_0,900,09:00,80.2,80.21052631578948,0.010526315789476826
no07,533967_00693_01661_0,915,09:15,84.6,84.47368421052632,-0.12631578947367927
no07,533967_00693_01661_0,930,09:30,75.9,76.0,0.09999999999999432
no07,533967_00693_01661_0,945,09:45,98.0,97.84210526315788,-0.15789473684212396
no07,533967_00693_01661_0,1000,10:00,90.7,90.73684210526316,0.036842105263161784
no07,533967_00693_01661_0,1015,10:15,101.05,101.05263157894736,0.0026315789473585482
no07,533967_00693_01661_0,1030,10:30,82.45,82.47368421052632,0.0236842105263122
no07,533967_00693_01661_0,1045,10:45,53.15,53.31578947368421,0.16578947368421382
no07,533967_00693_01661_0,1100,11:00,85.35,85.15789473684211,-0.19210526315788456
no07,533967_00693_01661_0,1115,11:15,75.5,75.47368421052632,-0.02631578947368496
no07,533967_00693_01661_0,1130,11:30,110.6,110.6842105263158,0.0842105263158004
no07,533967_00693_01661_0,1145,11:45,80.55,80.52631578947368,-0.0236842105263122
no07,533967_00693_01661_0,1200,12:00,93.0,92.94736842105264,-0.052631578947355706
no07,533967_00693_01661_0,1215,12:15,64.95,65.0,0.04999999999999716
no07,533967_00693_01661_0,1230,12:30,84.2,84.36842105263158,0.16842105263157237
no07,533967_00693_01661_0,1245,12:45,91.5,91.3157894736842,-0.1842105263157947
no07,533967_00693_01661_0,1300,13:00,85.6,85.89473684210526,0.29473684210526585
no07,533967_00693_01661_0,1315,13:15,67.95,67.6842105263158,-0.26578947368420813
no07,533967_00693_01661_0,1330,13:30,56.7,56.63157894736842,-0.06842105263158516
no07,533967_00693_01661_0,1345,13:45,71.75,71.84210526315789,0.09210526315789025
no07,533967_00693_01661_0,1400,14:00,66.7,66.89473684210526,0.19473684210525732
no07,533967_00693_01661_0,1415,14:15,77.45,77.21052631578948,-0.23947368421052317
no07,533967_00693_01661_0,1430,14:30,92.5,92.52631578947368,0.02631578947368496
no07,533967_00693_01661_0,1445,14:45,100.55,100.6842105263158,0.13421052631579755
no07,533967_00693_01661_0,1500,15:00,58.7,58.68421052631579,-0.01578947368421524
no07,533967_00693_01661_0,1515,15:15,112.95,112.84210526315788,-0.1078947368421268
no07,533967_00693_01661_0,1530,15:30,65.6,65.78947368421052,0.18947368421052602
no07,533967_00693_01661_0,1545,15:45,106.2,105.94736842105264,-0.25263157894735855
no07,533967_00693_01661_0,1600,16:00,85.75,85.47368421052632,-0.27631578947368496
no07,533967_00693_01661_0,1615,16:15,90.75,91.15789473684212,0.40789473684212396
no07,533967_00693_01661_0,1630,16:30,74.0,73.6842105263158,-0.3157894736842053
no07,533967_00693_01661_0,1645,16:45,97.95,98.26315789473684,0.31315789473683253
no07,533967_00693_01661_0,1700,17:00,115.95,115.73684210526316,-0.21315789473683822
no07,533967_00693_01661_0,1715,17:15,102.9,102.78947368421052,-0.11052631578948535
no07,533967_00693_01661_0,1730,17:30,81.2,81.57894736842105,0.37894736842105203
no07,533967_00693_01661_0,1745,17:45,89.6,89.42105263157895,-0.1789473684210492
no07,533967_00693_01661_0,1800,18:00,86.55,86.42105263157895,-0.12894736842105203
no07,533967_00693_01661_0,1815,18:15,92.9,93.05263157894736,0.15263157894735002
no07,533967_00693_01661_0,1830,18:30,92.3,92.10526315789474,-0.19473684210525732
no07,533967_00693_01661_0,1845,18:45,95.5,95.6842105263158,0.1842105263157947
no07,533967_00695_11518_0,630,06:30,65.75,65.78947368421052,0.03947368421052033
no07,533967_00695_11518_0,645,06:45,75.95,76.0,0.04999999999999716
no07,533967_00695_11518_0,700,07:00,56.1,55.94736842105263,-0.15263157894737134
no07,533967_00695_11518_0,715,07:15,92.55,92.63157894736842,0.08157894736842763
no07,533967_00695_11518_0,730,07:30,84.0,83.94736842105263,-0.05263157894736992
no07,533967_00695_11518_0,745,07:45,110.15,110.21052631578948,0.06052631578947398
no07,533967_00695_11518_0,800,08:00,119.65,119.52631578947368,-0.12368421052632073
no07,533967_00695_11518_0,815,08:15,103.2,103.26315789473684,0.06315789473683253
no07,533967_00695_11518_0,830,08:30,104.6,105.36842105263158,0.7684210526315809
no07,533967_00695_11518_0,845,08:45,134.65,133.94736842105263,-0.7026315789473756
no07,533967_00695_11518_0,900,09:00,86.7,86.6842105263158,-0.015789473684208133
no07,533967_00695_11518_0,915,09:15,111.05,111.21052631578948,0.1605263157894825
no07,533967_00695_11518_0,930,09:30,117.9,117.78947368421052,-0.11052631578948535
no07,533967_00695_11518_0,945,09:45,99.95,99.89473684210526,-0.055263157894742676
no07,533967_00695_11518_0,1000,10:00,104.8,104.78947368421052,-0.010526315789476826
no07,533967_00695_11518_0,1015,10:15,85.55,85.47368421052632,-0.07631578947368212
no07,533967_00695_11518_0,1030,10:30,88.45,88.52631578947368,0.07631578947368212
no07,533967_00695_11518_0,1045,10:45,102.15,102.10526315789474,-0.04473684210526585
no07,533967_00695_11518_0,1100,11:00,87.1,87.15789473684211,0.057894736842115435
no07,533967_00695_11518_0,1115,11:15,65.0,64.94736842105263,-0.05263157894736992
no07,533967_00695_11518_0,1130,11:30,82.6,82.57894736842105,-0.02105263157893944
no07,533967_00695_11518_0,1145,11:45,109.65,109.6842105263158,0.034210526315789025
no07,533967_00695_11518_0,1200,12:00,65.0,65.05263157894737,0.05263157894736992
no07,533967_00695_11518_0,1215,12:15,76.85,76.73684210526316,-0.11315789473682969
no07,533967_00695_11518_0,1230,12:30,83.45,83.52631578947368,0.07631578947368212
no07,533967_00695_11518_0,1245,12:45,83.45,83.42105263157895,-0.028947368421057718
no07,533967_00695_11518_0,1300,13:00,109.25,109.3157894736842,0.06578947368420529
no07,533967_00695_11518_0,1315,13:15,75.05,74.94736842105263,-0.10263157894736707
no07,533967_00695_11518_0,1330,13:30,69.95,70.10526315789474,0.155263157894737
no07,533967_00695_11518_0,1345,13:45,81.7,81.6842105263158,-0.015789473684208133
no07,533967_00695_11518_0,1400,14:00,74.2,74.10526315789474,-0.09473684210526301
no07,533967_00695_11518_0,1415,14:15,90.1,90.10526315789474,0.005263157894745518
no07,533967_00695_11518_0,1430,14:30,91.75,91.78947368421052,0.03947368421052033
no07,533967_00695_11518_0,1445,14:45,83.85,83.84210526315789,-0.007894736842104066
no07,533967_00695_11518_0,1500,15:00,84.85,84.73684210526316,-0.11315789473682969
no07,533967_00695_11518_0,1515,15:15,123.05,123.15789473684212,0.1078947368421268
no07,533967_00695_11518_0,1530,15:30,87.5,87.42105263157895,-0.07894736842105488
no07,533967_00695_11518_0,1545,15:45,78.65,78.78947368421052,0.13947368421051465
no07,533967_00695_11518_0,1600,16:00,66.55,66.57894736842105,0.028947368421057718
no07,533967_00695_11518_0,1615,16:15,106.85,106.78947368421052,-0.06052631578947398
no07,533967_00695_11518_0,1630,16:30,57.4,57.31578947368421,-0.08421052631578618
no07,533967_00695_11518_0,1645,16:45,97.4,97.52631578947368,0.12631578947367927
no07,533967_00695_11518_0,1700,17:00,84.15,84.15789473684211,0.007894736842104066
no07,533967_00695_11518_0,1715,17:15,107.95,107.89473684210526,-0.055263157894742676
no07,533967_00695_11518_0,1730,17:30,92.15,92.15789473684212,0.007894736842118277
no07,533967_00695_11518_0,1745,17:45,110.05,110.0,-0.04999999999999716
no07,533967_00695_11518_0,1800,18:00,95.35,95.36842105263158,0.018421052631580892
no07,533967_00695_11518_0,1815,18:15,117.0,116.89473684210526,-0.10526315789473983
no07,533967_00695_11518_0,1830,18:30,109.8,109.89473684210526,0.09473684210526301
no07,533967_00695_11518_0,1845,18:45,88.9,88.84210526315789,-0.057894736842115435
no07,533967_00695_11518_1,630,06:30,89.35,87.36842105263158,-1.981578947368419
no07,533967_00695_11518_1,645,06:45,138.3,133.0,-5.300000000000011
no07,533967_00695_11518_1,700,07:00,140.45,136.73684210526315,-3.713157894736838
no07,533967_00695_11518_1,715,07:15,114.85,113.36842105263158,-1.481578947368419
no07,533967_00695_11518_1,730,07:30,92.65,100.42105263157896,7.771052631578954
no07,533967_00695_11518_1,745,07:45,33.1,37.0,3.8999999999999986
no07,533967_00695_11518_1,800,08:00,88.15,88.10526315789474,-0.04473684210526585
no07,533967_00695_11518_1,815,08:15,83.05,82.94736842105263,-0.10263157894736707
no07,533967_00695_11518_1,830,08:30,78.15,77.63157894736842,-0.5184210526315809
no07,533967_00695_11518_1,845,08:45,76.05,75.0,-1.0499999999999972
no07,533967_00695_11518_1,900,09:00,70.2,71.94736842105263,1.7473684210526272
no07,533967_00695_11518_1,915,09:15,46.6,46.47368421052632,-0.12631578947367927
no07,533967_00695_11518_1,930,09:30,67.5,66.78947368421052,-0.7105263157894797
no07,533967_00695_11518_1,945,09:45,78.05,79.36842105263158,1.318421052631578
no07,533967_00695_11518_1,1000,10:00,67.35,67.05263157894737,-0.2973684210526244
no07,533967_00695_11518_1,1015,10:15,54.9,55.10526315789474,0.20526315789474125
no07,533967_00695_11518_1,1030,10:30,76.85,76.84210526315789,-0.007894736842104066
no07,533967_00695_11518_1,1045,10:45,95.5,96.0,0.5
no07,533967_00695_11518_1,1100,11:00,86.1,85.6842105263158,-0.4157894736841996
no07,533967_00695_11518_1,1115,11:15,87.5,87.63157894736842,0.1315789473684248
no07,533967_00695_11518_1,1130,11:30,85.1,84.73684210526316,-0.3631578947368297
no07,533967_00695_11518_1,1145,11:45,93.9,94.73684210526316,0.8368421052631589
no07,533967_00695_11518_1,1200,12:00,77.15,76.10526315789474,-1.0447368421052659
no07,533967_00695_11518_1,1215,12:15,59.55,60.21052631578947,0.6605263157894754
no07,533967_00695_11518_1,1230,12:30,75.6,75.10526315789474,-0.4947368421052545
no07,533967_00695_11518_1,1245,12:45,88.95,89.73684210526316,0.7868421052631618
no07,533967_00695_11518_1,1300,13:00,80.5,80.10526315789474,-0.39473684210526017
no07,533967_00695_11518_1,1315,13:15,58.2,58.1578947368421,-0.0421052631579002
no07,533967_00695_11518_1,1330,13:30,91.85,91.47368421052632,-0.3763157894736793
no07,533967_00695_11518_1,1345,13:45,90.15,90.15789473684212,0.007894736842118277
no07,533967_00695_11518_1,1400,14:00,82.25,83.05263157894737,0.8026315789473699
no07,533967_00695_11518_1,1415,14:15,87.0,86.10526315789474,-0.8947368421052602
no07,533967_00695_11518_1,1430,14:30,81.15,81.21052631578948,0.06052631578947398
no07,533967_00695_11518_1,1445,14:45,61.25,61.26315789473684,0.01315789473684248
no07,533967_00695_11518_1,1500,15:00,75.45,76.15789473684211,0.7078947368421069
no07,533967_00695_11518_1,1515,15:15,87.95,87.47368421052632,-0.4763157894736878
no07,533967_00695_11518_1,1530,15:30,62.0,62.0,0.0
no07,533967_00695_11518_1,1545,15:45,70.65,70.94736842105263,0.2973684210526244
no07,533967_00695_11518_1,1600,16:00,59.6,59.21052631578947,-0.38947368421052886
no07,533967_00695_11518_1,1615,16:15,84.45,84.26315789473684,-0.18684210526316747
no07,533967_00695_11518_1,1630,16:30,65.25,65.6842105263158,0.4342105263157947
no07,533967_00695_11518_1,1645,16:45,80.05,80.47368421052632,0.4236842105263179
no07,533967_00695_11518_1,1700,17:00,67.5,67.15789473684211,-0.34210526315789025
no07,533967_00695_11518_1,1715,17:15,84.7,83.6842105263158,-1.0157894736842081
no07,533967_00695_11518_1,1730,17:30,73.25,73.94736842105263,0.6973684210526301
no07,533967_00695_11518_1,1745,17:45,89.7,88.42105263157895,-1.2789473684210577
no07,533967_00695_11518_1,1800,18:00,39.65,41.26315789473684,1.613157894736844
no07,533967_00695_11518_1,1815,18:15,36.75,36.21052631578947,-0.5394736842105274
no07,533967_00695_11518_1,1830,18:30,36.0,36.73684210526316,0.7368421052631575
no07,533967_00695_11518_1,1845,18:45,40.9,40.31578947368421,-0.5842105263157862
no07,533967_00766_11513_0,630,06:30,110.2,106.52631578947368,-3.673684210526318
no07,533967_00766_11513_0,645,06:45,123.35,120.52631578947368,-2.8236842105263094
no07,533967_00766_11513_0,700,07:00,119.8,118.3157894736842,-1.4842105263157919
no07,533967_00766_11513_0,715,07:15,119.25,114.0,-5.25
no07,533967_00766_11513_0,730,07:30,118.2,119.63157894736842,1.431578947368422
no07,533967_00766_11513_0,745,07:45,126.65,131.47368421052633,4.823684210526324
no07,533967_00766_11513_0,800,08:00,110.05,110.89473684210526,0.844736842105263
no07,533967_00766_11513_0,815,08:15,114.3,118.05263157894736,3.7526315789473585
no07,533967_00766_11513_0,830,08:30,117.25,115.3157894736842,-1.9342105263157947
no07,533967_00766_11513_0,845,08:45,119.6,119.3157894736842,-0.284210526315789
no07,533967_00766_11513_0,900,09:00,127.3,126.73684210526316,-0.5631578947368325
no07,533967_00766_11513_0,915,09:15,97.1,98.57894736842104,1.4789473684210463
no07,533967_00766_11513_0,930,09:30,112.4,110.42105263157896,-1.9789473684210463
no07,533967_00766_11513_0,945,09:45,94.1,95.6842105263158,1.5842105263158004
no07,533967_00766_11513_0,1000,10:00,78.8,77.89473684210526,-0.905263157894737
no07,533967_00766_11513_0,1015,10:15,80.25,81.63157894736842,1.3815789473684248
no07,533967_00766_11513_0,1030,10:30,55.75,54.36842105263158,-1.3815789473684177
no07,533967_00766_11513_0,1045,10:45,41.3,43.05263157894737,1.7526315789473728
no07,533967_00766_11513_0,1100,11:00,38.0,38.47368421052632,0.47368421052632215
no07,533967_00766_11513_0,1115,11:15,86.95,87.0,0.04999999999999716
no07,533967_00766_11513_0,1130,11:30,45.15,44.578947368421055,-0.5710526315789437
no07,533967_00766_11513_0,1145,11:45,67.4,68.10526315789474,0.7052631578947341
no07,533967_00766_11513_0,1200,12:00,39.3,38.73684210526316,-0.5631578947368396
no07,533967_00766_11513_0,1215,12:15,58.7,58.05263157894737,-0.6473684210526329
no07,533967_00766_11513_0,1230,12:30,63.1,63.10526315789474,0.005263157894738413
no07,533967_00766_11513_0,1245,12:45,87.15,88.6842105263158,1.534210526315789
no07,533967_00766_11513_0,1300,13:00,49.5,49.42105263157895,-0.07894736842104777
no07,533967_00766_11513_0,1315,13:15,56.1,56.578947368421055,0.47894736842105345
no07,533967_00766_11513_0,1330,13:30,79.25,79.05263157894737,-0.19736842105263008
no07,533967_00766_11513_0,1345,13:45,57.2,57.1578947368421,-0.0421052631579002
no07,533967_00766_11513_0,1400,14:00,65.3,64.78947368421052,-0.5105263157894768
no07,533967_00766_11513_0,1415,14:15,77.65,77.3157894736842,-0.3342105263158004
no07,533967_00766_11513_0,1430,14:30,64.75,65.89473684210526,1.1447368421052602
no07,533967_00766_11513_0,1445,14:45,73.25,73.57894736842105,0.3289473684210549
no07,533967_00766_11513_0,1500,15:00,58.7,59.47368421052632,0.7736842105263193
no07,533967_00766_11513_0,1515,15:15,63.85,63.47368421052632,-0.3763157894736793
no07,533967_00766_11513_0,1530,15:30,64.65,65.89473684210526,1.2447368421052545
no07,533967_00766_11513_0,1545,15:45,75.6,75.94736842105263,0.34736842105263577
no07,533967_00766_11513_0,1600,16:00,38.35,38.05263157894737,-0.2973684210526315
no07,533967_00766_11513_0,1615,16:15,35.1,34.94736842105263,-0.15263157894737134
no07,533967_00766_11513_0,1630,16:30,24.0,24.157894736842103,0.15789473684210265
no07,533967_00766_11513_0,1645,16:45,37.85,37.68421052631579,-0.16578947368421382
no07,533967_00766_11513_0,1700,17:00,49.9,48.89473684210526,-1.0052631578947384
no07,533967_00766_11513_0,1715,17:15,93.75,93.21052631578948,-0.5394736842105203
no07,533967_00766_11513_0,1730,17:30,65.15,66.0,0.8499999999999943
no07,533967_00766_11513_0,1745,17:45,61.8,61.78947368421053,-0.01052631578946972
no07,533967_00766_11513_0,1800,18:00,53.7,52.78947368421053,-0.9105263157894754
no07,533967_00766_11513_0,1815,18:15,49.35,49.89473684210526,0.5447368421052587
no07,533967_00766_11513_0,1830,18:30,32.1,30.73684210526316,-1.3631578947368403
no07,533967_00766_11513_0,1845,18:45,44.8,45.26315789473684,0.4631578947368453
no07,533967_00766_11513_1,630,06:30,45.25,44.94736842105263,-0.3026315789473699
no07,533967_00766_11513_1,645,06:45,60.75,59.68421052631579,-1.0657894736842124
no07,533967_00766_11513_1,700,07:00,50.3,51.47368421052632,1.173684210526325
no07,533967_00766_11513_1,715,07:15,78.75,78.05263157894737,-0.6973684210526301
no07,533967_00766_11513_1,730,07:30,86.15,85.10526315789474,-1.0447368421052659
no07,533967_00766_11513_1,745,07:45,64.7,65.47368421052632,0.7736842105263122
no07,533967_00766_11513_1,800,08:00,60.4,54.78947368421053,-5.610526315789471
no07,533967_00766_11513_1,815,08:15,88.85,91.0,2.1500000000000057
no07,533967_00766_11513_1,830,08:30,86.7,86.57894736842105,-0.12105263157894797
no07,533967_00766_11513_1,845,08:45,97.1,99.6842105263158,2.5842105263158004
no07,533967_00766_11513_1,900,09:00,76.15,77.36842105263158,1.2184210526315695
no07,533967_00766_11513_1,915,09:15,95.2,93.89473684210526,-1.3052631578947427
no07,533967_00766_11513_1,930,09:30,88.5,86.21052631578948,-2.2894736842105203
no07,533967_00766_11513_1,945,09:45,81.75,85.26315789473684,3.5131578947368354
no07,533967_00766_11513_1,1000,10:00,118.6,114.36842105263158,-4.231578947368419
no07,533967_00766_11513_1,1015,10:15,92.7,96.89473684210526,4.194736842105257
no07,533967_00766_11513_1,1030,10:30,101.6,102.3157894736842,0.715789473684211
no07,533967_00766_11513_1,1045,10:45,87.15,85.10526315789474,-2.044736842105266
no07,533967_00766_11513_1,1100,11:00,99.7,101.21052631578948,1.5105263157894768
no07,533967_00766_11513_1,1115,11:15,96.0,94.6842105263158,-1.3157894736842053
no07,533967_00766_11513_1,1130,11:30,94.05,94.0,-0.04999999999999716
no07,533967_00766_11513_1,1145,11:45,106.5,106.52631578947368,0.02631578947368496
no07,533967_00766_11513_1,1200,12:00,92.0,93.10526315789474,1.1052631578947398
no07,533967_00766_11513_1,1215,12:15,82.2,81.26315789473684,-0.9368421052631675
no07,533967_00766_11513_1,1230,12:30,75.35,75.89473684210526,0.5447368421052659
no07,533967_00766_11513_1,1245,12:45,70.8,69.94736842105263,-0.8526315789473671
no07,533967_00766_11513_1,1300,13:00,86.55,88.36842105263158,1.818421052631578
no07,533967_00766_11513_1,1315,13:15,104.75,102.36842105263158,-2.381578947368425
no07,533967_00766_11513_1,1330,13:30,60.15,62.78947368421053,2.639473684210529
no07,533967_00766_11513_1,1345,13:45,100.7,99.89473684210526,-0.8052631578947427
no07,533967_00766_11513_1,1400,14:00,85.0,85.0,0.0
no07,533967_00766_11513_1,1415,14:15,94.3,94.78947368421052,0.4894736842105232
no07,533967_00766_11513_1,1430,14:30,97.4,92.42105263157896,-4.978947368421046
no07,533967_00766_11513_1,1445,14:45,88.8,93.26315789473684,4.463157894736838
no07,533967_00766_11513_1,1500,15:00,103.95,103.89473684210526,-0.055263157894742676
no07,533967_00766_11513_1,1515,15:15,134.0,129.42105263157896,-4.578947368421041
no07,533967_00766_11513_1,1530,15:30,97.25,100.6842105263158,3.4342105263157947
no07,533967_00766_11513_1,1545,15:45,113.6,113.05263157894736,-0.5473684210526386
no07,533967_00766_11513_1,1600,16:00,104.35,104.73684210526316,0.3868421052631703
no07,533967_00766_11513_1,1615,16:15,124.05,120.15789473684212,-3.892105263157873
no07,533967_00766_11513_1,1630,16:30,125.05,125.63157894736842,0.5815789473684276
no07,533967_00766_11513_1,1645,16:45,103.8,106.21052631578948,2.4105263157894825
no07,533967_00766_11513_1,1700,17:00,118.75,116.0,-2.75
no07,533967_00766_11513_1,1715,17:15,128.35,126.63157894736842,-1.7184210526315695
no07,533967_00766_11513_1,1730,17:30,122.5,119.6842105263158,-2.8157894736842053
no07,533967_00766_11513_1,1745,17:45,128.6,128.3684210526316,-0.2315789473684049
no07,533967_00766_11513_1,1800,18:00,136.3,128.52631578947367,-7.773684210526341
no07,533967_00766_11513_1,1815,18:15,129.5,127.6842105263158,-1.8157894736842053
no07,533967_00766_11513_1,1830,18:30,113.9,126.10526315789474,12.205263157894734
no07,533967_00766_11513_1,1845,18:45,101.85,104.63157894736842,2.7815789473684305
no07,533967_00766_14156_0,630,06:30,14.5,15.052631578947368,0.5526315789473681
no07,533967_00766_14156_0,645,06:45,30.6,29.789473684210527,-0.810526315789474
no07,533967_00766_14156_0,700,07:00,31.7,30.473684210526315,-1.2263157894736842
no07,533967_00766_14156_0,715,07:15,59.3,58.78947368421053,-0.5105263157894697
no07,533967_00766_14156_0,730,07:30,81.65,75.57894736842105,-6.071052631578951
no07,533967_00766_14156_0,745,07:45,53.95,51.42105263157895,-2.5289473684210506
no07,533967_00766_14156_0,800,08:00,64.45,64.10526315789474,-0.344736842105263
no07,533967_00766_14156_0,815,08:15,70.9,72.52631578947368,1.6263157894736793
no07,533967_00766_14156_0,830,08:30,83.45,77.57894736842105,-5.871052631578948
no07,533967_00766_14156_0,845,08:45,72.25,66.6842105263158,-5.565789473684205
no07,533967_00766_14156_0,900,09:00,68.2,64.6842105263158,-3.515789473684208
no07,533967_00766_14156_0,915,09:15,41.3,43.10526315789474,1.8052631578947427
no07,533967_00766_14156_0,930,09:30,50.25,44.47368421052632,-5.776315789473678
no07,533967_00766_14156_0,945,09:45,73.8,61.73684210526316,-12.06315789473684
no07,533967_00766_14156_0,1000,10:00,69.45,65.52631578947368,-3.923684210526318
no07,533967_00766_14156_0,1015,10:15,50.95,53.63157894736842,2.681578947368415
no07,533967_00766_14156_0,1030,10:30,56.0,54.578947368421055,-1.4210526315789451
no07,533967_00766_14156_0,1045,10:45,66.15,54.578947368421055,-11.57105263157895
no07,533967_00766_14156_0,1100,11:00,78.0,68.57894736842105,-9.421052631578945
no07,533967_00766_14156_0,1115,11:15,52.45,40.0,-12.450000000000003
no07,533967_00766_14156_0,1130,11:30,38.85,35.94736842105263,-2.9026315789473713
no07,533967_00766_14156_0,1145,11:45,82.4,75.3157894736842,-7.0842105263158
no07,533967_00766_14156_0,1200,12:00,65.45,56.05263157894737,-9.397368421052633
no07,533967_00766_14156_0,1215,12:15,56.4,50.0,-6.399999999999999
no07,533967_00766_14156_0,1230,12:30,51.25,48.0,-3.25
no07,533967_00766_14156_0,1245,12:45,30.35,30.473684210526315,0.12368421052631362
no07,533967_00766_14156_0,1300,13:00,48.25,46.36842105263158,-1.8815789473684177
no07,533967_00766_14156_0,1315,13:15,52.45,50.42105263157895,-2.0289473684210506
no07,533967_00766_14156_0,1330,13:30,29.25,28.05263157894737,-1.19736842105263
no07,533967_00766_14156_0,1345,13:45,67.85,62.578947368421055,-5.271052631578939
no07,533967_00766_14156_0,1400,14:00,61.6,57.578947368421055,-4.0210526315789465
no07,533967_00766_14156_0,1415,14:15,50.35,40.31578947368421,-10.034210526315789
no07,533967_00766_14156_0,1430,14:30,59.25,56.68421052631579,-2.5657894736842124
no07,533967_00766_14156_0,1445,14:45,45.95,41.05263157894737,-4.897368421052633
no07,533967_00766_14156_0,1500,15:00,61.1,48.73684210526316,-12.363157894736844
no07,533967_00766_14156_0,1515,15:15,68.5,59.89473684210526,-8.60526315789474
no07,533967_00766_14156_0,1530,15:30,56.95,57.21052631578947,0.2605263157894697
no07,533967_00766_14156_0,1545,15:45,47.65,46.10526315789474,-1.5447368421052587
no07,533967_00766_14156_0,1600,16:00,69.5,65.42105263157895,-4.078947368421055
no07,533967_00766_14156_0,1615,16:15,81.95,80.36842105263158,-1.5815789473684276
no07,533967_00766_14156_0,1630,16:30,55.8,58.10526315789474,2.3052631578947427
no07,533967_00766_14156_0,1645,16:45,51.7,49.73684210526316,-1.9631578947368453
no07,533967_00766_14156_0,1700,17:00,68.4,61.89473684210526,-6.5052631578947455
no07,533967_00766_14156_0,1715,17:15,78.3,73.78947368421052,-4.510526315789477
no07,533967_00766_14156_0,1730,17:30,60.45,56.68421052631579,-3.7657894736842152
no07,533967_00766_14156_0,1745,17:45,64.1,64.21052631578948,0.11052631578948535
no07,533967_00766_14156_0,1800,18:00,69.95,61.73684210526316,-8.213157894736845
no07,533967_00766_14156_0,1815,18:15,51.25,53.8421052631579,2.5921052631578974
no07,533967_00766_14156_0,1830,18:30,49.0,45.73684210526316,-3.2631578947368425
no07,533967_00766_14156_0,1845,18:45,45.2,45.47368421052632,0.2736842105263193
no07,533967_00766_14156_1,630,06:30,18.9,19.105263157894736,0.2052631578947377
no07,533967_00766_14156_1,645,06:45,21.95,21.68421052631579,-0.26578947368420813
no07,533967_00766_14156_1,700,07:00,27.6,26.26315789473684,-1.3368421052631625
no07,533967_00766_14156_1,715,07:15,34.6,34.421052631578945,-0.1789473684210563
no07,533967_00766_14156_1,730,07:30,35.8,35.05263157894737,-0.7473684210526272
no07,533967_00766_14156_1,745,07:45,42.65,42.68421052631579,0.034210526315789025
no07,533967_00766_14156_1,800,08:00,53.65,52.578947368421055,-1.0710526315789437
no07,533967_00766_14156_1,815,08:15,49.4,49.47368421052632,0.07368421052632357
no07,533967_00766_14156_1,830,08:30,42.35,41.8421052631579,-0.5078947368421041
no07,533967_00766_14156_1,845,08:45,43.4,45.578947368421055,2.1789473684210563
no07,533967_00766_14156_1,900,09:00,35.6,35.10526315789474,-0.4947368421052616
no07,533967_00766_14156_1,915,09:15,42.1,43.8421052631579,1.742105263157896
no07,533967_00766_14156_1,930,09:30,46.65,44.05263157894737,-2.5973684210526287
no07,533967_00766_14156_1,945,09:45,23.75,24.73684210526316,0.9868421052631611
no07,533967_00766_14156_1,1000,10:00,21.5,20.36842105263158,-1.1315789473684212
no07,533967_00766_14156_1,1015,10:15,29.25,30.94736842105263,1.69736842105263
no07,533967_00766_14156_1,1030,10:30,31.35,30.73684210526316,-0.6131578947368403
no07,533967_00766_14156_1,1045,10:45,21.65,22.36842105263158,0.7184210526315802
no07,533967_00766_14156_1,1100,11:00,18.45,17.42105263157895,-1.0289473684210506
no07,533967_00766_14156_1,1115,11:15,16.85,16.894736842105264,0.0447368421052623
no07,533967_00766_14156_1,1130,11:30,35.05,32.36842105263158,-2.681578947368415
no07,533967_00766_14156_1,1145,11:45,21.45,23.210526315789476,1.7605263157894768
no07,533967_00766_14156_1,1200,12:00,26.7,25.0,-1.6999999999999993
no07,533967_00766_14156_1,1215,12:15,28.75,26.94736842105263,-1.80263157894737
no07,533967_00766_14156_1,1230,12:30,20.85,20.526315789473685,-0.32368421052631646
no07,533967_00766_14156_1,1245,12:45,39.05,41.31578947368421,2.2657894736842152
no07,533967_00766_14156_1,1300,13:00,35.4,36.31578947368421,0.9157894736842138
no07,533967_00766_14156_1,1315,13:15,32.7,31.789473684210527,-0.9105263157894754
no07,533967_00766_14156_1,1330,13:30,18.5,17.842105263157894,-0.6578947368421062
no07,533967_00766_14156_1,1345,13:45,23.4,24.31578947368421,0.9157894736842103
no07,533967_00766_14156_1,1400,14:00,22.75,20.84210526315789,-1.9078947368421098
no07,533967_00766_14156_1,1415,14:15,17.95,17.842105263157894,-0.10789473684210549
no07,533967_00766_14156_1,1430,14:30,33.8,34.26315789473684,0.4631578947368453
no07,533967_00766_14156_1,1445,14:45,48.45,44.68421052631579,-3.7657894736842152
no07,533967_00766_14156_1,1500,15:00,32.4,31.105263157894736,-1.2947368421052623
no07,533967_00766_14156_1,1515,15:15,18.9,20.0,1.1000000000000014
no07,533967_00766_14156_1,1530,15:30,23.65,24.0,0.3500000000000014
no07,533967_00766_14156_1,1545,15:45,28.0,27.84210526315789,-0.15789473684210975
no07,533967_00766_14156_1,1600,16:00,55.85,52.578947368421055,-3.2710526315789465
no07,533967_00766_14156_1,1615,16:15,23.85,22.26315789473684,-1.5868421052631625
no07,533967_00766_14156_1,1630,16:30,19.35,20.57894736842105,1.22894736842105
no07,533967_00766_14156_1,1645,16:45,30.05,31.05263157894737,1.0026315789473692
no07,533967_00766_14156_1,1700,17:00,36.1,34.94736842105263,-1.1526315789473713
no07,533967_00766_14156_1,1715,17:15,34.25,33.473684210526315,-0.776315789473685
no07,533967_00766_14156_1,1730,17:30,29.65,28.94736842105263,-0.7026315789473685
no07,533967_00766_14156_1,1745,17:45,14.2,14.736842105263158,0.5368421052631582
no07,533967_00766_14156_1,1800,18:00,17.65,18.157894736842103,0.5078947368421041
no07,533967_00766_14156_1,1815,18:15,33.2,33.73684210526316,0.5368421052631547
no07,533967_00766_14156_1,1830,18:30,18.8,19.105263157894736,0.30526315789473557
no07,533967_00766_14156_1,1845,18:45,17.7,18.57894736842105,0.878947368421052
no07,533967_00818_01603_0,630,06:30,0.0,0.0,0.0
no07,533967_00818_01603_0,645,06:45,0.0,0.0,0.0
no07,533967_00818_01603_0,700,07:00,0.0,0.0,0.0
no07,533967_00818_01603_0,715,07:15,0.0,0.0,0.0
no07,533967_00818_01603_0,730,07:30,0.0,0.0,0.0
no07,533967_00818_01603_0,745,07:45,0.0,0.0,0.0
no07,533967_00818_01603_0,800,08:00,0.0,0.0,0.0
no07,533967_00818_01603_0,815,08:15,0.0,0.0,0.0
no07,533967_00818_01603_0,830,08:30,0.0,0.0,0.0
no07,533967_00818_01603_0,845,08:45,0.0,0.0,0.0
no07,533967_00818_01603_0,900,09:00,0.0,0.0,0.0
no07,533967_00818_01603_0,915,09:15,0.0,0.0,0.0
no07,533967_00818_01603_0,930,09:30,0.0,0.0,0.0
no07,533967_00818_01603_0,945,09:45,0.0,0.0,0.0
no07,533967_00818_01603_0,1000,10:00,0.0,0.0,0.0
no07,533967_00818_01603_0,1015,10:15,0.0,0.0,0.0
no07,533967_00818_01603_0,1030,10:30,0.0,0.0,0.0
no07,533967_00818_01603_0,1045,10:45,0.0,0.0,0.0
no07,533967_00818_01603_0,1100,11:00,0.0,0.0,0.0
no07,533967_00818_01603_0,1115,11:15,0.0,0.0,0.0
no07,533967_00818_01603_0,1130,11:30,0.0,0.0,0.0
no07,533967_00818_01603_0,1145,11:45,0.0,0.0,0.0
no07,533967_00818_01603_0,1200,12:00,0.0,0.0,0.0
no07,533967_00818_01603_0,1215,12:15,0.0,0.0,0.0
no07,533967_00818_01603_0,1230,12:30,0.0,0.0,0.0
no07,533967_00818_01603_0,1245,12:45,0.0,0.0,0.0
no07,533967_00818_01603_0,1300,13:00,0.0,0.0,0.0
no07,533967_00818_01603_0,1315,13:15,0.0,0.0,0.0
no07,533967_00818_01603_0,1330,13:30,0.0,0.0,0.0
no07,533967_00818_01603_0,1345,13:45,0.0,0.0,0.0
no07,533967_00818_01603_0,1400,14:00,0.0,0.0,0.0
no07,533967_00818_01603_0,1415,14:15,0.0,0.0,0.0
no07,533967_00818_01603_0,1430,14:30,0.0,0.0,0.0
no07,533967_00818_01603_0,1445,14:45,0.0,0.0,0.0
no07,533967_00818_01603_0,1500,15:00,0.0,0.0,0.0
no07,533967_00818_01603_0,1515,15:15,0.0,0.0,0.0
no07,533967_00818_01603_0,1530,15:30,0.0,0.0,0.0
no07,533967_00818_01603_0,1545,15:45,0.0,0.0,0.0
no07,533967_00818_01603_0,1600,16:00,0.0,0.0,0.0
no07,533967_00818_01603_0,1615,16:15,0.0,0.0,0.0
no07,533967_00818_01603_0,1630,16:30,0.0,0.0,0.0
no07,533967_00818_01603_0,1645,16:45,0.0,0.0,0.0
no07,533967_00818_01603_0,1700,17:00,0.0,0.0,0.0
no07,533967_00818_01603_0,1715,17:15,0.0,0.0,0.0
no07,533967_00818_01603_0,1730,17:30,0.0,0.0,0.0
no07,533967_00818_01603_0,1745,17:45,0.0,0.0,0.0
no07,533967_00818_01603_0,1800,18:00,0.0,0.0,0.0
no07,533967_00818_01603_0,1815,18:15,0.0,0.0,0.0
no07,533967_00818_01603_0,1830,18:30,0.0,0.0,0.0
no07,533967_00818_01603_0,1845,18:45,0.0,0.0,0.0
no07,533967_00818_01603_1,630,06:30,0.0,0.0,0.0
no07,533967_00818_01603_1,645,06:45,0.0,0.0,0.0
no07,533967_00818_01603_1,700,07:00,0.0,0.0,0.0
no07,533967_00818_01603_1,715,07:15,0.0,0.0,0.0
no07,533967_00818_01603_1,730,07:30,0.0,0.0,0.0
no07,533967_00818_01603_1,745,07:45,0.0,0.0,0.0
no07,533967_00818_01603_1,800,08:00,0.0,0.0,0.0
no07,533967_00818_01603_1,815,08:15,0.0,0.0,0.0
no07,533967_00818_01603_1,830,08:30,0.0,0.0,0.0
no07,533967_00818_01603_1,845,08:45,0.0,0.0,0.0
no07,533967_00818_01603_1,900,09:00,0.0,0.0,0.0
no07,533967_00818_01603_1,915,09:15,0.0,0.0,0.0
no07,533967_00818_01603_1,930,09:30,0.0,0.0,0.0
no07,533967_00818_01603_1,945,09:45,0.0,0.0,0.0
no07,533967_00818_01603_1,1000,10:00,0.0,0.0,0.0
no07,533967_00818_01603_1,1015,10:15,0.0,0.0,0.0
no07,533967_00818_01603_1,1030,10:30,0.0,0.0,0.0
no07,533967_00818_01603_1,1045,10:45,0.0,0.0,0.0
no07,533967_00818_01603_1,1100,11:00,0.0,0.0,0.0
no07,533967_00818_01603_1,1115,11:15,0.0,0.0,0.0
no07,533967_00818_01603_1,1130,11:30,0.0,0.0,0.0
no07,533967_00818_01603_1,1145,11:45,0.0,0.0,0.0
no07,533967_00818_01603_1,1200,12:00,0.0,0.0,0.0
no07,533967_00818_01603_1,1215,12:15,0.0,0.0,0.0
no07,533967_00818_01603_1,1230,12:30,0.0,0.0,0.0
no07,533967_00818_01603_1,1245,12:45,0.0,0.0,0.0
no07,533967_00818_01603_1,1300,13:00,0.0,0.0,0.0
no07,533967_00818_01603_1,1315,13:15,0.0,0.0,0.0
no07,533967_00818_01603_1,1330,13:30,0.0,0.0,0.0
no07,533967_00818_01603_1,1345,13:45,0.0,0.0,0.0
no07,533967_00818_01603_1,1400,14:00,0.0,0.0,0.0
no07,533967_00818_01603_1,1415,14:15,0.0,0.0,0.0
no07,533967_00818_01603_1,1430,14:30,0.0,0.0,0.0
no07,533967_00818_01603_1,1445,14:45,0.0,0.0,0.0
no07,533967_00818_01603_1,1500,15:00,0.0,0.0,0.0
no07,533967_00818_01603_1,1515,15:15,0.0,0.0,0.0
no07,533967_00818_01603_1,1530,15:30,0.0,0.0,0.0
no07,533967_00818_01603_1,1545,15:45,0.0,0.0,0.0
no07,533967_00818_01603_1,1600,16:00,0.0,0.0,0.0
no07,533967_00818_01603_1,1615,16:15,0.0,0.0,0.0
no07,533967_00818_01603_1,1630,16:30,0.0,0.0,0.0
no07,533967_00818_01603_1,1645,16:45,0.0,0.0,0.0
no07,533967_00818_01603_1,1700,17:00,0.0,0.0,0.0
no07,533967_00818_01603_1,1715,17:15,0.0,0.0,0.0
no07,533967_00818_01603_1,1730,17:30,0.0,0.0,0.0
no07,533967_00818_01603_1,1745,17:45,0.0,0.0,0.0
no07,533967_00818_01603_1,1800,18:00,0.0,0.0,0.0
no07,533967_00818_01603_1,1815,18:15,0.0,0.0,0.0
no07,533967_00818_01603_1,1830,18:30,0.0,0.0,0.0
no07,533967_00818_01603_1,1845,18:45,0.0,0.0,0.0
no07,533967_00933_00943_0,630,06:30,87.4,87.42105263157895,0.02105263157893944
no07,533967_00933_00943_0,645,06:45,77.9,77.78947368421052,-0.11052631578948535
no07,533967_00933_00943_0,700,07:00,90.05,90.10526315789474,0.055263157894742676
no07,533967_00933_00943_0,715,07:15,89.8,89.78947368421052,-0.010526315789476826
no07,533967_00933_00943_0,730,07:30,73.5,73.57894736842105,0.07894736842105488
no07,533967_00933_00943_0,745,07:45,88.5,88.42105263157895,-0.07894736842105488
no07,533967_00933_00943_0,800,08:00,78.15,78.15789473684211,0.007894736842104066
no07,533967_00933_00943_0,815,08:15,61.4,61.47368421052632,0.07368421052632357
no07,533967_00933_00943_0,830,08:30,103.45,103.36842105263158,-0.08157894736842763
no07,533967_00933_00943_0,845,08:45,71.2,71.36842105263158,0.16842105263157237
no07,533967_00933_00943_0,900,09:00,87.7,87.63157894736842,-0.06842105263157805
no07,533967_00933_00943_0,915,09:15,72.7,72.63157894736842,-0.06842105263157805
no07,533967_00933_00943_0,930,09:30,86.95,87.0,0.04999999999999716
no07,533967_00933_00943_0,945,09:45,69.85,69.84210526315789,-0.007894736842104066
no07,533967_00933_00943_0,1000,10:00,98.1,98.10526315789474,0.005263157894745518
no07,533967_00933_00943_0,1015,10:15,59.9,59.8421052631579,-0.057894736842101224
no07,533967_00933_00943_0,1030,10:30,59.0,58.94736842105263,-0.05263157894736992
no07,533967_00933_00943_0,1045,10:45,55.2,55.36842105263158,0.16842105263157947
no07,533967_00933_00943_0,1100,11:00,71.1,71.0,-0.09999999999999432
no07,533967_00933_00943_0,1115,11:15,71.65,71.57894736842105,-0.07105263157895081
no07,533967_00933_00943_0,1130,11:30,58.5,58.526315789473685,0.02631578947368496
no07,533967_00933_00943_0,1145,11:45,50.65,50.68421052631579,0.034210526315789025
no07,533967_00933_00943_0,1200,12:00,74.35,74.3157894736842,-0.034210526315789025
no07,533967_00933_00943_0,1215,12:15,70.7,70.6842105263158,-0.015789473684208133
no07,533967_00933_00943_0,1230,12:30,58.3,58.36842105263158,0.06842105263158516
no07,533967_00933_00943_0,1245,12:45,74.65,74.63157894736842,-0.018421052631580892
no07,533967_00933_00943_0,1300,13:00,42.15,42.36842105263158,0.21842105263158373
no07,533967_00933_00943_0,1315,13:15,63.0,62.73684210526316,-0.2631578947368425
no07,533967_00933_00943_0,1330,13:30,63.25,63.31578947368421,0.0657894736842124
no07,533967_00933_00943_0,1345,13:45,45.05,45.0,-0.04999999999999716
no07,533967_00933_00943_0,1400,14:00,86.8,86.84210526315789,0.04210526315789309
no07,533967_00933_00943_0,1415,14:15,46.25,46.21052631578947,-0.03947368421052744
no07,533967_00933_00943_0,1430,14:30,75.15,75.3157894736842,0.1657894736841996
no07,533967_00933_00943_0,1445,14:45,65.85,65.6842105263158,-0.1657894736841996
no07,533967_00933_00943_0,1500,15:00,58.7,58.73684210526316,0.03684210526315468
no07,533967_00933_00943_0,1515,15:15,41.2,41.26315789473684,0.06315789473683964
no07,533967_00933_00943_0,1530,15:30,69.5,69.42105263157895,-0.07894736842105488
no07,533967_00933_00943_0,1545,15:45,50.5,50.47368421052632,-0.026315789473677853
no07,533967_00933_00943_0,1600,16:00,66.75,66.73684210526316,-0.013157894736835374
no07,533967_00933_00943_0,1615,16:15,74.55,74.63157894736842,0.08157894736842763
no07,533967_00933_00943_0,1630,16:30,67.4,67.36842105263158,-0.03157894736843048
no07,533967_00933_00943_0,1645,16:45,79.65,79.57894736842105,-0.07105263157895081
no07,533967_00933_00943_0,1700,17:00,48.95,49.0,0.04999999999999716
no07,533967_00933_00943_0,1715,17:15,78.25,78.42105263157895,0.17105263157894512
no07,533967_00933_00943_0,1730,17:30,55.4,55.31578947368421,-0.08421052631578618
no07,533967_00933_00943_0,1745,17:45,70.8,70.73684210526316,-0.06315789473683253
no07,533967_00933_00943_0,1800,18:00,90.05,90.10526315789474,0.055263157894742676
no07,533967_00933_00943_0,1815,18:15,54.1,54.0,-0.10000000000000142
no07,533967_00933_00943_0,1830,18:30,61.4,61.36842105263158,-0.031578947368416266
no07,533967_00933_00943_0,1845,18:45,55.2,55.26315789473684,0.06315789473683964
no07,533967_00933_00944_1,630,06:30,34.35,34.1578947368421,-0.19210526315789878
no07,533967_00933_00944_1,645,06:45,48.5,48.78947368421053,0.28947368421052744
no07,533967_00933_00944_1,700,07:00,15.35,15.210526315789474,-0.1394736842105253
no07,533967_00933_00944_1,715,07:15,52.3,52.36842105263158,0.06842105263158516
no07,533967_00933_00944_1,730,07:30,60.65,60.42105263157895,-0.22894736842104635
no07,533967_00933_00944_1,745,07:45,68.55,68.73684210526316,0.18684210526316747
no07,533967_00933_00944_1,800,08:00,88.9,89.05263157894737,0.15263157894736423
no07,533967_00933_00944_1,815,08:15,37.15,37.0,-0.14999999999999858
no07,533967_00933_00944_1,830,08:30,102.15,101.94736842105264,-0.2026315789473614
no07,533967_00933_00944_1,845,08:45,56.45,56.73684210526316,0.2868421052631547
no07,533967_00933_00944_1,900,09:00,44.7,44.68421052631579,-0.01578947368421524
no07,533967_00933_00944_1,915,09:15,92.5,92.78947368421052,0.28947368421052033
no07,533967_00933_00944_1,930,09:30,49.3,49.26315789473684,-0.03684210526315468
no07,533967_00933_00944_1,945,09:45,24.2,23.84210526315789,-0.35789473684210904
no07,533967_00933_00944_1,1000,10:00,87.45,87.52631578947368,0.07631578947368212
no07,533967_00933_00944_1,1015,10:15,37.0,36.94736842105263,-0.05263157894736992
no07,533967_00933_00944_1,1030,10:30,65.45,65.21052631578948,-0.23947368421052317
no07,533967_00933_00944_1,1045,10:45,40.75,40.94736842105263,0.19736842105263008
no07,533967_00933_00944_1,1100,11:00,55.5,55.31578947368421,-0.1842105263157876
no07,533967_00933_00944_1,1115,11:15,56.95,57.526315789473685,0.5763157894736821
no07,533967_00933_00944_1,1130,11:30,48.65,48.36842105263158,-0.28157894736841627
no07,533967_00933_00944_1,1145,11:45,64.9,64.26315789473684,-0.6368421052631703
no07,533967_00933_00944_1,1200,12:00,58.9,59.578947368421055,0.6789473684210563
no07,533967_00933_00944_1,1215,12:15,58.95,58.8421052631579,-0.10789473684210549
no07,533967_00933_00944_1,1230,12:30,79.95,80.42105263157895,0.4710526315789423
no07,533967_00933_00944_1,1245,12:45,71.7,71.21052631578948,-0.4894736842105232
no07,533967_00933_00944_1,1300,13:00,64.1,63.73684210526316,-0.3631578947368368
no07,533967_00933_00944_1,1315,13:15,48.45,48.68421052631579,0.23421052631578476
no07,533967_00933_00944_1,1330,13:30,59.0,59.0,0.0
no07,533967_00933_00944_1,1345,13:45,33.55,32.89473684210526,-0.655263157894737
no07,533967_00933_00944_1,1400,14:00,57.35,58.36842105263158,1.018421052631581
no07,533967_00933_00944_1,1415,14:15,34.45,34.31578947368421,-0.13421052631579045
no07,533967_00933_00944_1,1430,14:30,85.95,85.84210526315789,-0.10789473684211259
no07,533967_00933_00944_1,1445,14:45,52.15,52.0,-0.14999999999999858
no07,533967_00933_00944_1,1500,15:00,44.45,45.31578947368421,0.8657894736842096
no07,533967_00933_00944_1,1515,15:15,67.45,67.10526315789474,-0.344736842105263
no07,533967_00933_00944_1,1530,15:30,36.3,36.0,-0.29999999999999716
no07,533967_00933_00944_1,1545,15:45,50.9,50.68421052631579,-0.21578947368421098
no07,533967_00933_00944_1,1600,16:00,54.7,53.8421052631579,-0.8578947368421055
no07,533967_00933_00944_1,1615,16:15,92.15,93.36842105263158,1.2184210526315695
no07,533967_00933_00944_1,1630,16:30,91.6,92.15789473684212,0.5578947368421296
no07,533967_00933_00944_1,1645,16:45,35.15,34.421052631578945,-0.7289473684210535
no07,533967_00933_00944_1,1700,17:00,49.85,49.68421052631579,-0.16578947368421382
no07,533967_00933_00944_1,1715,17:15,20.15,20.31578947368421,0.16578947368421026
no07,533967_00933_00944_1,1730,17:30,44.25,43.8421052631579,-0.40789473684210265
no07,533967_00933_00944_1,1745,17:45,72.05,72.63157894736842,0.5815789473684276
no07,533967_00933_00944_1,1800,18:00,84.15,82.36842105263158,-1.7815789473684305
no07,533967_00933_00944_1,1815,18:15,63.7,65.21052631578948,1.5105263157894768
no07,533967_00933_00944_1,1830,18:30,44.0,44.05263157894737,0.05263157894736992
no07,533967_00933_00944_1,1845,18:45,56.35,56.42105263157895,0.07105263157895081
no07,533967_00933_14152_0,630,06:30,34.35,34.1578947368421,-0.19210526315789878
no07,533967_00933_14152_0,645,06:45,47.4,47.78947368421053,0.38947368421052886
no07,533967_00933_14152_0,700,07:00,16.45,16.210526315789473,-0.23947368421052673
no07,533967_00933_14152_0,715,07:15,51.4,51.68421052631579,0.284210526315789
no07,533967_00933_14152_0,730,07:30,60.8,60.68421052631579,-0.11578947368420955
no07,533967_00933_14152_0,745,07:45,67.85,67.84210526315789,-0.007894736842104066
no07,533967_00933_14152_0,800,08:00,87.95,87.94736842105263,-0.002631578947372759
no07,533967_00933_14152_0,815,08:15,38.85,38.73684210526316,-0.1131578947368439
no07,533967_00933_14152_0,830,08:30,98.15,98.0,-0.15000000000000568
no07,533967_00933_14152_0,845,08:45,59.95,59.8421052631579,-0.10789473684210549
no07,533967_00933_14152_0,900,09:00,45.9,46.21052631578947,0.310526315789474
no07,533967_00933_14152_0,915,09:15,89.75,89.94736842105263,0.19736842105263008
no07,533967_00933_14152_0,930,09:30,50.55,50.526315789473685,-0.0236842105263122
no07,533967_00933_14152_0,945,09:45,25.35,24.94736842105263,-0.40263157894737134
no07,533967_00933_14152_0,1000,10:00,83.2,83.52631578947368,0.3263157894736821
no07,533967_00933_14152_0,1015,10:15,41.5,41.31578947368421,-0.1842105263157876
no07,533967_00933_14152_0,1030,10:30,60.15,60.05263157894737,-0.09736842105262866
no07,533967_00933_14152_0,1045,10:45,45.75,45.89473684210526,0.14473684210526017
no07,533967_00933_14152_0,1100,11:00,52.5,52.1578947368421,-0.34210526315789735
no07,533967_00933_14152_0,1115,11:15,59.5,59.1578947368421,-0.34210526315789735
no07,533967_00933_14152_0,1130,11:30,45.75,46.10526315789474,0.35526315789473983
no07,533967_00933_14152_0,1145,11:45,66.45,66.52631578947368,0.07631578947368212
no07,533967_00933_14152_0,1200,12:00,55.15,55.42105263157895,0.27105263157895365
no07,533967_00933_14152_0,1215,12:15,64.0,63.94736842105263,-0.05263157894736992
no07,533967_00933_14152_0,1230,12:30,79.9,80.36842105263158,0.4684210526315695
no07,533967_00933_14152_0,1245,12:45,71.05,70.52631578947368,-0.5236842105263122
no07,533967_00933_14152_0,1300,13:00,61.0,60.63157894736842,-0.3684210526315823
no07,533967_00933_14152_0,1315,13:15,52.7,52.8421052631579,0.1421052631578945
no07,533967_00933_14152_0,1330,13:30,54.8,55.0,0.20000000000000284
no07,533967_00933_14152_0,1345,13:45,37.55,36.78947368421053,-0.7605263157894697
no07,533967_00933_14152_0,1400,14:00,53.4,54.526315789473685,1.1263157894736864
no07,533967_00933_14152_0,1415,14:15,38.85,38.63157894736842,-0.21842105263158373
no07,533967_00933_14152_0,1430,14:30,83.0,83.15789473684211,0.15789473684210975
no07,533967_00933_14152_0,1445,14:45,53.15,52.8421052631579,-0.3078947368421012
no07,533967_00933_14152_0,1500,15:00,43.7,44.63157894736842,0.9315789473684148
no07,533967_00933_14152_0,1515,15:15,69.75,69.15789473684211,-0.5921052631578902
no07,533967_00933_14152_0,1530,15:30,35.05,34.89473684210526,-0.155263157894737
no07,533967_00933_14152_0,1545,15:45,52.35,52.05263157894737,-0.2973684210526315
no07,533967_00933_14152_0,1600,16:00,52.95,52.26315789473684,-0.6868421052631604
no07,533967_00933_14152_0,1615,16:15,91.3,92.42105263157896,1.1210526315789622
no07,533967_00933_14152_0,1630,16:30,89.75,90.05263157894737,0.3026315789473699
no07,533967_00933_14152_0,1645,16:45,38.9,38.10526315789474,-0.7947368421052587
no07,533967_00933_14152_0,1700,17:00,50.4,50.578947368421055,0.1789473684210563
no07,533967_00933_14152_0,1715,17:15,20.7,20.789473684210527,0.08947368421052815
no07,533967_00933_14152_0,1730,17:30,42.0,41.78947368421053,-0.21052631578947256
no07,533967_00933_14152_0,1745,17:45,72.5,72.47368421052632,-0.02631578947368496
no07,533967_00933_14152_0,1800,18:00,84.85,83.47368421052632,-1.3763157894736793
no07,533967_00933_14152_0,1815,18:15,63.05,64.73684210526316,1.6868421052631675
no07,533967_00933_14152_0,1830,18:30,44.95,44.94736842105263,-0.002631578947372759
no07,533967_00933_14152_0,1845,18:45,56.2,56.1578947368421,-0.0421052631579002
no07,533967_00933_14152_1,630,06:30,87.75,87.73684210526316,-0.013157894736835374
no07,533967_00933_14152_1,645,06:45,77.85,77.78947368421052,-0.06052631578947398
no07,533967_00933_14152_1,700,07:00,90.3,90.36842105263158,0.06842105263157805
no07,533967_00933_14152_1,715,07:15,89.7,89.6842105263158,-0.015789473684208133
no07,533967_00933_14152_1,730,07:30,73.35,73.42105263157895,0.07105263157895081
no07,533967_00933_14152_1,745,07:45,88.6,88.52631578947368,-0.07368421052630936
no07,533967_00933_14152_1,800,08:00,78.5,78.47368421052632,-0.02631578947368496
no07,533967_00933_14152_1,815,08:15,61.15,61.1578947368421,0.007894736842104066
no07,533967_00933_14152_1,830,08:30,103.5,103.52631578947368,0.02631578947368496
no07,533967_00933_14152_1,845,08:45,71.2,71.26315789473684,0.06315789473683253
no07,533967_00933_14152_1,900,09:00,87.75,87.6842105263158,-0.06578947368420529
no07,533967_00933_14152_1,915,09:15,72.4,72.42105263157895,0.02105263157893944
no07,533967_00933_14152_1,930,09:30,86.9,86.84210526315789,-0.057894736842115435
no07,533967_00933_14152_1,945,09:45,70.05,70.10526315789474,0.055263157894742676
no07,533967_00933_14152_1,1000,10:00,98.35,98.36842105263158,0.018421052631580892
no07,533967_00933_14152_1,1015,10:15,59.45,59.36842105263158,-0.08157894736842053
no07,533967_00933_14152_1,1030,10:30,59.15,59.1578947368421,0.007894736842104066
no07,533967_00933_14152_1,1045,10:45,55.1,55.21052631578947,0.11052631578947114
no07,533967_00933_14152_1,1100,11:00,71.2,71.15789473684211,-0.04210526315789309
no07,533967_00933_14152_1,1115,11:15,71.6,71.52631578947368,-0.07368421052630936
no07,533967_00933_14152_1,1130,11:30,58.4,58.42105263157895,0.02105263157895365
no07,533967_00933_14152_1,1145,11:45,50.6,50.63157894736842,0.031578947368416266
no07,533967_00933_14152_1,1200,12:00,74.55,74.52631578947368,-0.0236842105263122
no07,533967_00933_14152_1,1215,12:15,70.7,70.6842105263158,-0.015789473684208133
no07,533967_00933_14152_1,1230,12:30,58.2,58.21052631578947,0.01052631578946972
no07,533967_00933_14152_1,1245,12:45,74.8,74.84210526315789,0.04210526315789309
no07,533967_00933_14152_1,1300,13:00,42.2,42.31578947368421,0.11578947368420955
no07,533967_00933_14152_1,1315,13:15,62.75,62.578947368421055,-0.17105263157894512
no07,533967_00933_14152_1,1330,13:30,63.7,63.73684210526316,0.03684210526315468
no07,533967_00933_14152_1,1345,13:45,44.6,44.578947368421055,-0.021052631578946546
no07,533967_00933_14152_1,1400,14:00,86.95,86.94736842105263,-0.002631578947372759
no07,533967_00933_14152_1,1415,14:15,46.15,46.1578947368421,0.007894736842104066
no07,533967_00933_14152_1,1430,14:30,75.35,75.42105263157895,0.07105263157895081
no07,533967_00933_14152_1,1445,14:45,65.6,65.52631578947368,-0.07368421052630936
no07,533967_00933_14152_1,1500,15:00,58.65,58.68421052631579,0.034210526315789025
no07,533967_00933_14152_1,1515,15:15,41.2,41.26315789473684,0.06315789473683964
no07,533967_00933_14152_1,1530,15:30,69.85,69.78947368421052,-0.06052631578947398
no07,533967_00933_14152_1,1545,15:45,50.2,50.1578947368421,-0.0421052631579002
no07,533967_00933_14152_1,1600,16:00,66.7,66.6842105263158,-0.015789473684208133
no07,533967_00933_14152_1,1615,16:15,74.95,75.05263157894737,0.10263157894736707
no07,533967_00933_14152_1,1630,16:30,67.1,67.0,-0.09999999999999432
no07,533967_00933_14152_1,1645,16:45,79.55,79.52631578947368,-0.0236842105263122
no07,533967_00933_14152_1,1700,17:00,48.8,48.8421052631579,0.0421052631579002
no07,533967_00933_14152_1,1715,17:15,78.65,78.78947368421052,0.13947368421051465
no07,533967_00933_14152_1,1730,17:30,55.3,55.1578947368421,-0.1421052631578945
no07,533967_00933_14152_1,1745,17:45,70.7,70.73684210526316,0.036842105263161784
no07,533967_00933_14152_1,1800,18:00,90.7,90.73684210526316,0.036842105263161784
no07,533967_00933_14152_1,1815,18:15,53.45,53.36842105263158,-0.08157894736842053
no07,533967_00933_14152_1,1830,18:30,61.55,61.526315789473685,-0.0236842105263122
no07,533967_00933_14152_1,1845,18:45,55.15,55.21052631578947,0.06052631578947398
no07,533967_00938_00939_0,630,06:30,24.5,24.473684210526315,-0.02631578947368496
no07,533967_00938_00939_0,645,06:45,40.15,40.1578947368421,0.007894736842104066
no07,533967_00938_00939_0,700,07:00,35.0,35.10526315789474,0.10526315789473983
no07,533967_00938_00939_0,715,07:15,48.7,48.526315789473685,-0.17368421052631788
no07,533967_00938_00939_0,730,07:30,72.5,72.47368421052632,-0.02631578947368496
no07,533967_00938_00939_0,745,07:45,60.5,60.63157894736842,0.1315789473684177
no07,533967_00938_00939_0,800,08:00,45.75,45.68421052631579,-0.0657894736842124
no07,533967_00938_00939_0,815,08:15,35.4,35.31578947368421,-0.08421052631578618
no07,533967_00938_00939_0,830,08:30,58.35,58.47368421052632,0.12368421052632073
no07,533967_00938_00939_0,845,08:45,42.3,42.47368421052632,0.173684210526325
no07,533967_00938_00939_0,900,09:00,36.0,35.78947368421053,-0.21052631578947256
no07,533967_00938_00939_0,915,09:15,33.3,33.26315789473684,-0.03684210526315468
no07,533967_00938_00939_0,930,09:30,34.3,34.31578947368421,0.01578947368421524
no07,533967_00938_00939_0,945,09:45,49.75,49.78947368421053,0.03947368421052744
no07,533967_00938_00939_0,1000,10:00,49.1,49.0,-0.10000000000000142
no07,533967_00938_00939_0,1015,10:15,15.7,15.789473684210526,0.08947368421052637
no07,533967_00938_00939_0,1030,10:30,53.75,53.89473684210526,0.14473684210526017
no07,533967_00938_00939_0,1045,10:45,26.55,26.57894736842105,0.028947368421050612
no07,533967_00938_00939_0,1100,11:00,37.0,36.8421052631579,-0.15789473684210265
no07,533967_00938_00939_0,1115,11:15,55.85,56.05263157894737,0.2026315789473685
no07,533967_00938_00939_0,1130,11:30,40.0,39.89473684210526,-0.10526315789473983
no07,533967_00938_00939_0,1145,11:45,55.8,55.8421052631579,0.0421052631579002
no07,533967_00938_00939_0,1200,12:00,54.1,53.89473684210526,-0.20526315789474125
no07,533967_00938_00939_0,1215,12:15,55.6,55.68421052631579,0.08421052631578618
no07,533967_00938_00939_0,1230,12:30,51.9,51.63157894736842,-0.2684210526315809
no07,533967_00938_00939_0,1245,12:45,53.5,53.8421052631579,0.34210526315789735
no07,533967_00938_00939_0,1300,13:00,42.4,42.26315789473684,-0.1368421052631561
no07,533967_00938_00939_0,1315,13:15,48.65,48.68421052631579,0.034210526315789025
no07,533967_00938_00939_0,1330,13:30,37.15,37.21052631578947,0.06052631578947398
no07,533967_00938_00939_0,1345,13:45,46.1,46.0,-0.10000000000000142
no07,533967_00938_00939_0,1400,14:00,55.35,55.42105263157895,0.07105263157895081
no07,533967_00938_00939_0,1415,14:15,47.85,47.8421052631579,-0.007894736842104066
no07,533967_00938_00939_0,1430,14:30,31.3,31.31578947368421,0.015789473684208133
no07,533967_00938_00939_0,1445,14:45,52.1,52.10526315789474,0.005263157894738413
no07,533967_00938_00939_0,1500,15:00,64.95,64.94736842105263,-0.002631578947372759
no07,533967_00938_00939_0,1515,15:15,59.45,59.578947368421055,0.12894736842105203
no07,533967_00938_00939_0,1530,15:30,42.0,41.78947368421053,-0.21052631578947256
no07,533967_00938_00939_0,1545,15:45,32.3,32.36842105263158,0.06842105263158516
no07,533967_00938_00939_0,1600,16:00,68.8,69.05263157894737,0.25263157894737276
no07,533967_00938_00939_0,1615,16:15,54.5,54.26315789473684,-0.23684210526315752
no07,533967_00938_00939_0,1630,16:30,53.35,53.21052631578947,-0.13947368421052886
no07,533967_00938_00939_0,1645,16:45,33.4,33.526315789473685,0.12631578947368638
no07,533967_00938_00939_0,1700,17:00,40.1,40.0,-0.10000000000000142
no07,533967_00938_00939_0,1715,17:15,59.2,58.94736842105263,-0.25263157894737276
no07,533967_00938_00939_0,1730,17:30,53.1,53.42105263157895,0.3210526315789508
no07,533967_00938_00939_0,1745,17:45,62.0,61.94736842105263,-0.05263157894736992
no07,533967_00938_00939_0,1800,18:00,57.65,57.68421052631579,0.034210526315789025
no07,533967_00938_00939_0,1815,18:15,44.25,44.47368421052632,0.22368421052632215
no07,533967_00938_00939_0,1830,18:30,45.65,45.47368421052632,-0.17631578947367643
no07,533967_00938_00939_0,1845,18:45,49.35,49.31578947368421,-0.034210526315789025
no07,533967_00938_00939_1,630,06:30,37.05,36.68421052631579,-0.36578947368420955
no07,533967_00938_00939_1,645,06:45,68.75,69.21052631578948,0.46052631578947967
no07,533967_00938_00939_1,700,07:00,62.25,62.36842105263158,0.11842105263158231
no07,533967_00938_00939_1,715,07:15,71.6,69.6842105263158,-1.9157894736841996
no07,533967_00938_00939_1,730,07:30,129.9,131.10526315789474,1.2052631578947341
no07,533967_00938_00939_1,745,07:45,84.2,83.42105263157895,-0.7789473684210577
no07,533967_00938_00939_1,800,08:00,64.65,65.57894736842105,0.9289473684210492
no07,533967_00938_00939_1,815,08:15,56.55,56.1578947368421,-0.3921052631578945
no07,533967_00938_00939_1,830,08:30,94.7,92.10526315789474,-2.594736842105263
no07,533967_00938_00939_1,845,08:45,96.1,98.36842105263158,2.268421052631581
no07,533967_00938_00939_1,900,09:00,73.6,73.0,-0.5999999999999943
no07,533967_00938_00939_1,915,09:15,76.1,77.63157894736842,1.5315789473684305
no07,533967_00938_00939_1,930,09:30,63.1,61.05263157894737,-2.0473684210526315
no07,533967_00938_00939_1,945,09:45,120.15,118.10526315789474,-2.044736842105266
no07,533967_00938_00939_1,1000,10:00,161.2,156.21052631578948,-4.989473684210509
no07,533967_00938_00939_1,1015,10:15,153.8,152.94736842105263,-0.8526315789473813
no07,533967_00938_00939_1,1030,10:30,86.95,94.6842105263158,7.734210526315792
no07,533967_00938_00939_1,1045,10:45,90.65,89.0,-1.6500000000000057
no07,533967_00938_00939_1,1100,11:00,94.6,97.15789473684212,2.5578947368421296
no07,533967_00938_00939_1,1115,11:15,110.45,109.6842105263158,-0.7657894736842081
no07,533967_00938_00939_1,1130,11:30,52.35,52.47368421052632,0.12368421052632073
no07,533967_00938_00939_1,1145,11:45,68.6,66.47368421052632,-2.1263157894736793
no07,533967_00938_00939_1,1200,12:00,74.15,77.78947368421052,3.6394736842105146
no07,533967_00938_00939_1,1215,12:15,48.6,48.94736842105263,0.34736842105262866
no07,533967_00938_00939_1,1230,12:30,69.5,68.94736842105263,-0.5526315789473699
no07,533967_00938_00939_1,1245,12:45,47.35,47.89473684210526,0.5447368421052587
no07,533967_00938_00939_1,1300,13:00,54.05,53.21052631578947,-0.8394736842105246
no07,533967_00938_00939_1,1315,13:15,64.0,64.3157894736842,0.3157894736842053
no07,533967_00938_00939_1,1330,13:30,25.9,25.84210526315789,-0.05789473684210833
no07,533967_00938_00939_1,1345,13:45,67.65,62.1578947368421,-5.492105263157903
no07,533967_00938_00939_1,1400,14:00,54.15,59.0,4.850000000000001
no07,533967_00938_00939_1,1415,14:15,43.85,44.89473684210526,1.0447368421052587
no07,533967_00938_00939_1,1430,14:30,38.45,38.73684210526316,0.2868421052631547
no07,533967_00938_00939_1,1445,14:45,39.7,38.31578947368421,-1.3842105263157904
no07,533967_00938_00939_1,1500,15:00,83.35,80.63157894736842,-2.7184210526315695
no07,533967_00938_00939_1,1515,15:15,98.85,101.42105263157896,2.571052631578965
no07,533967_00938_00939_1,1530,15:30,26.35,27.84210526315789,1.4921052631578888
no07,533967_00938_00939_1,1545,15:45,50.3,49.78947368421053,-0.5105263157894697
no07,533967_00938_00939_1,1600,16:00,62.55,58.89473684210526,-3.655263157894737
no07,533967_00938_00939_1,1615,16:15,87.35,90.0,2.6500000000000057
no07,533967_00938_00939_1,1630,16:30,60.15,60.0,-0.14999999999999858
no07,533967_00938_00939_1,1645,16:45,45.8,47.10526315789474,1.3052631578947427
no07,533967_00938_00939_1,1700,17:00,39.2,39.1578947368421,-0.0421052631579002
no07,533967_00938_00939_1,1715,17:15,71.1,67.89473684210526,-3.205263157894734
no07,533967_00938_00939_1,1730,17:30,56.65,59.05263157894737,2.4026315789473713
no07,533967_00938_00939_1,1745,17:45,68.3,68.63157894736842,0.33157894736842763
no07,533967_00938_00939_1,1800,18:00,110.8,111.21052631578948,0.4105263157894825
no07,533967_00938_00939_1,1815,18:15,38.5,37.73684210526316,-0.7631578947368425
no07,533967_00938_00939_1,1830,18:30,90.8,86.21052631578948,-4.5894736842105175
no07,533967_00938_00939_1,1845,18:45,69.75,75.10526315789474,5.35526315789474
no07,533967_00938_01409_1,630,06:30,24.8,24.789473684210527,-0.010526315789473273
no07,533967_00938_01409_1,645,06:45,40.95,40.8421052631579,-0.10789473684210549
no07,533967_00938_01409_1,700,07:00,34.95,35.1578947368421,0.2078947368420998
no07,533967_00938_01409_1,715,07:15,49.2,49.10526315789474,-0.09473684210526301
no07,533967_00938_01409_1,730,07:30,73.35,73.42105263157895,0.07105263157895081
no07,533967_00938_01409_1,745,07:45,61.3,61.10526315789474,-0.19473684210525732
no07,533967_00938_01409_1,800,08:00,47.65,48.0,0.3500000000000014
no07,533967_00938_01409_1,815,08:15,31.35,31.105263157894736,-0.24473684210526514
no07,533967_00938_01409_1,830,08:30,58.9,58.73684210526316,-0.16315789473684106
no07,533967_00938_01409_1,845,08:45,42.2,42.42105263157895,0.2210526315789494
no07,533967_00938_01409_1,900,09:00,35.85,35.68421052631579,-0.16578947368421382
no07,533967_00938_01409_1,915,09:15,33.2,33.21052631578947,0.01052631578946972
no07,533967_00938_01409_1,930,09:30,34.15,34.21052631578947,0.06052631578947398
no07,533967_00938_01409_1,945,09:45,50.55,50.578947368421055,0.028947368421057718
no07,533967_00938_01409_1,1000,10:00,48.25,48.36842105263158,0.11842105263158231
no07,533967_00938_01409_1,1015,10:15,15.3,15.157894736842104,-0.1421052631578963
no07,533967_00938_01409_1,1030,10:30,54.45,54.47368421052632,0.023684210526319305
no07,533967_00938_01409_1,1045,10:45,26.2,26.210526315789476,0.010526315789476826
no07,533967_00938_01409_1,1100,11:00,38.15,38.21052631578947,0.06052631578947398
no07,533967_00938_01409_1,1115,11:15,57.85,57.73684210526316,-0.1131578947368439
no07,533967_00938_01409_1,1130,11:30,38.9,39.0,0.10000000000000142
no07,533967_00938_01409_1,1145,11:45,54.05,54.10526315789474,0.055263157894742676
no07,533967_00938_01409_1,1200,12:00,53.9,53.78947368421053,-0.11052631578947114
no07,533967_00938_01409_1,1215,12:15,55.9,55.78947368421053,-0.11052631578947114
no07,533967_00938_01409_1,1230,12:30,54.2,54.36842105263158,0.16842105263157947
no07,533967_00938_01409_1,1245,12:45,51.3,51.1578947368421,-0.1421052631578945
no07,533967_00938_01409_1,1300,13:00,41.7,41.73684210526316,0.03684210526315468
no07,533967_00938_01409_1,1315,13:15,49.1,49.1578947368421,0.057894736842101224
no07,533967_00938_01409_1,1330,13:30,38.05,38.21052631578947,0.1605263157894754
no07,533967_00938_01409_1,1345,13:45,46.9,46.68421052631579,-0.21578947368421098
no07,533967_00938_01409_1,1400,14:00,56.75,56.89473684210526,0.14473684210526017
no07,533967_00938_01409_1,1415,14:15,46.45,46.31578947368421,-0.13421052631579045
no07,533967_00938_01409_1,1430,14:30,29.0,29.105263157894736,0.10526315789473628
no07,533967_00938_01409_1,1445,14:45,52.95,52.89473684210526,-0.055263157894742676
no07,533967_00938_01409_1,1500,15:00,64.7,64.78947368421052,0.08947368421051749
no07,533967_00938_01409_1,1515,15:15,62.15,61.73684210526316,-0.41315789473684106
no07,533967_00938_01409_1,1530,15:30,41.9,42.21052631578947,0.310526315789474
no07,533967_00938_01409_1,1545,15:45,51.9,51.89473684210526,-0.005263157894738413
no07,533967_00938_01409_1,1600,16:00,64.05,64.05263157894737,0.002631578947372759
no07,533967_00938_01409_1,1615,16:15,39.25,39.36842105263158,0.11842105263158231
no07,533967_00938_01409_1,1630,16:30,53.05,52.94736842105263,-0.10263157894736707
no07,533967_00938_01409_1,1645,16:45,31.85,31.894736842105264,0.0447368421052623
no07,533967_00938_01409_1,1700,17:00,40.9,40.89473684210526,-0.005263157894738413
no07,533967_00938_01409_1,1715,17:15,61.8,61.8421052631579,0.0421052631579002
no07,533967_00938_01409_1,1730,17:30,52.25,52.0,-0.25
no07,533967_00938_01409_1,1745,17:45,61.85,62.05263157894737,0.2026315789473685
no07,533967_00938_01409_1,1800,18:00,57.1,57.05263157894737,-0.047368421052631504
no07,533967_00938_01409_1,1815,18:15,43.85,43.94736842105263,0.09736842105262866
no07,533967_00938_01409_1,1830,18:30,45.2,45.10526315789474,-0.09473684210526301
no07,533967_00938_01409_1,1845,18:45,50.15,50.10526315789474,-0.044736842105258745
no07,533967_00938_01417_0,630,06:30,37.05,36.68421052631579,-0.36578947368420955
no07,533967_00938_01417_0,645,06:45,68.75,69.21052631578948,0.46052631578947967
no07,533967_00938_01417_0,700,07:00,62.25,62.36842105263158,0.11842105263158231
no07,533967_00938_01417_0,715,07:15,71.6,69.6842105263158,-1.9157894736841996
no07,533967_00938_01417_0,730,07:30,129.9,131.10526315789474,1.2052631578947341
no07,533967_00938_01417_0,745,07:45,84.15,83.21052631578948,-0.939473684210526
no07,533967_00938_01417_0,800,08:00,64.7,65.78947368421052,1.0894736842105175
no07,533967_00938_01417_0,815,08:15,56.55,56.1578947368421,-0.3921052631578945
no07,533967_00938_01417_0,830,08:30,94.7,92.10526315789474,-2.594736842105263
no07,533967_00938_01417_0,845,08:45,96.1,98.36842105263158,2.268421052631581
no07,533967_00938_01417_0,900,09:00,73.6,73.0,-0.5999999999999943
no07,533967_00938_01417_0,915,09:15,76.1,77.63157894736842,1.5315789473684305
no07,533967_00938_01417_0,930,09:30,63.1,61.05263157894737,-2.0473684210526315
no07,533967_00938_01417_0,945,09:45,120.15,118.10526315789474,-2.044736842105266
no07,533967_00938_01417_0,1000,10:00,161.2,156.21052631578948,-4.989473684210509
no07,533967_00938_01417_0,1015,10:15,152.3,151.26315789473685,-1.0368421052631618
no07,533967_00938_01417_0,1030,10:30,88.45,96.36842105263158,7.918421052631572
no07,533967_00938_01417_0,1045,10:45,90.65,89.0,-1.6500000000000057
no07,533967_00938_01417_0,1100,11:00,93.55,95.73684210526316,2.1868421052631675
no07,533967_00938_01417_0,1115,11:15,111.25,110.63157894736842,-0.6184210526315752
no07,533967_00938_01417_0,1130,11:30,52.45,52.94736842105263,0.49736842105262724
no07,533967_00938_01417_0,1145,11:45,68.75,66.47368421052632,-2.276315789473685
no07,533967_00938_01417_0,1200,12:00,74.15,77.78947368421052,3.6394736842105146
no07,533967_00938_01417_0,1215,12:15,48.6,48.94736842105263,0.34736842105262866
no07,533967_00938_01417_0,1230,12:30,68.7,68.21052631578948,-0.4894736842105232
no07,533967_00938_01417_0,1245,12:45,48.15,48.63157894736842,0.4815789473684191
no07,533967_00938_01417_0,1300,13:00,54.05,53.21052631578947,-0.8394736842105246
no07,533967_00938_01417_0,1315,13:15,64.0,64.3157894736842,0.3157894736842053
no07,533967_00938_01417_0,1330,13:30,24.95,25.0,0.05000000000000071
no07,533967_00938_01417_0,1345,13:45,66.95,62.05263157894737,-4.897368421052633
no07,533967_00938_01417_0,1400,14:00,55.8,59.94736842105263,4.147368421052633
no07,533967_00938_01417_0,1415,14:15,43.85,44.73684210526316,0.8868421052631561
no07,533967_00938_01417_0,1430,14:30,38.45,38.89473684210526,0.4447368421052573
no07,533967_00938_01417_0,1445,14:45,39.7,38.31578947368421,-1.3842105263157904
no07,533967_00938_01417_0,1500,15:00,83.35,80.63157894736842,-2.7184210526315695
no07,533967_00938_01417_0,1515,15:15,98.45,100.89473684210526,2.4447368421052573
no07,533967_00938_01417_0,1530,15:30,26.75,28.36842105263158,1.6184210526315788
no07,533967_00938_01417_0,1545,15:45,49.1,48.94736842105263,-0.15263157894737134
no07,533967_00938_01417_0,1600,16:00,62.6,58.526315789473685,-4.0736842105263165
no07,533967_00938_01417_0,1615,16:15,87.1,89.57894736842105,2.4789473684210606
no07,533967_00938_01417_0,1630,16:30,60.7,61.21052631578947,0.5105263157894697
no07,533967_00938_01417_0,1645,16:45,46.05,47.10526315789474,1.0552631578947427
no07,533967_00938_01417_0,1700,17:00,39.2,39.05263157894737,-0.14736842105263293
no07,533967_00938_01417_0,1715,17:15,70.85,67.42105263157895,-3.428947368421049
no07,533967_00938_01417_0,1730,17:30,57.5,60.05263157894737,2.55263157894737
no07,533967_00938_01417_0,1745,17:45,66.9,67.21052631578948,0.310526315789474
no07,533967_00938_01417_0,1800,18:00,110.55,110.89473684210526,0.344736842105263
no07,533967_00938_01417_0,1815,18:15,40.0,39.10526315789474,-0.8947368421052602
no07,533967_00938_01417_0,1830,18:30,89.8,85.42105263157895,-4.378947368421052
no07,533967_00938_01417_0,1845,18:45,70.1,75.52631578947368,5.426315789473691
no07,533967_00939_00940_0,630,06:30,13.25,13.31578947368421,0.06578947368421062
no07,533967_00939_00940_0,645,06:45,14.25,14.052631578947368,-0.19736842105263186
no07,533967_00939_00940_0,700,07:00,3.35,3.473684210526316,0.12368421052631584
no07,533967_00939_00940_0,715,07:15,14.45,14.526315789473683,0.07631578947368389
no07,533967_00939_00940_0,730,07:30,3.55,3.0,-0.5499999999999998
no07,533967_00939_00940_0,745,07:45,4.65,4.684210526315789,0.034210526315789025
no07,533967_00939_00940_0,800,08:00,5.2,5.157894736842105,-0.04210526315789487
no07,533967_00939_00940_0,815,08:15,3.1,3.1052631578947367,0.005263157894736636
no07,533967_00939_00940_0,830,08:30,12.25,12.157894736842104,-0.09210526315789558
no07,533967_00939_00940_0,845,08:45,2.15,2.1578947368421053,0.007894736842105399
no07,533967_00939_00940_0,900,09:00,4.9,4.894736842105263,-0.005263157894737525
no07,533967_00939_00940_0,915,09:15,5.9,5.842105263157895,-0.057894736842105665
no07,533967_00939_00940_0,930,09:30,18.4,18.157894736842103,-0.24210526315789593
no07,533967_00939_00940_0,945,09:45,26.0,26.63157894736842,0.6315789473684212
no07,533967_00939_00940_0,1000,10:00,26.35,26.63157894736842,0.2815789473684198
no07,533967_00939_00940_0,1015,10:15,2.4,2.421052631578948,0.021052631578947878
no07,533967_00939_00940_0,1030,10:30,5.9,5.7368421052631575,-0.16315789473684283
no07,533967_00939_00940_0,1045,10:45,1.9,1.947368421052632,0.04736842105263217
no07,533967_00939_00940_0,1100,11:00,19.6,18.157894736842103,-1.4421052631578988
no07,533967_00939_00940_0,1115,11:15,2.0,1.7894736842105263,-0.21052631578947367
no07,533967_00939_00940_0,1130,11:30,3.6,3.736842105263158,0.13684210526315788
no07,533967_00939_00940_0,1145,11:45,2.4,2.3684210526315788,-0.03157894736842115
no07,533967_00939_00940_0,1200,12:00,1.95,1.947368421052632,-0.002631578947367874
no07,533967_00939_00940_0,1215,12:15,3.2,3.0526315789473686,-0.1473684210526316
no07,533967_00939_00940_0,1230,12:30,1.9,1.894736842105263,-0.0052631578947368585
no07,533967_00939_00940_0,1245,12:45,3.1,3.1052631578947367,0.005263157894736636
no07,533967_00939_00940_0,1300,13:00,0.9,0.8947368421052632,-0.0052631578947368585
no07,533967_00939_00940_0,1315,13:15,1.0,1.0,0.0
no07,533967_00939_00940_0,1330,13:30,2.95,2.9473684210526314,-0.0026315789473687623
no07,533967_00939_00940_0,1345,13:45,1.05,1.105263157894737,0.0552631578947369
no07,533967_00939_00940_0,1400,14:00,1.95,1.894736842105263,-0.0552631578947369
no07,533967_00939_00940_0,1415,14:15,1.9,1.947368421052632,0.04736842105263217
no07,533967_00939_00940_0,1430,14:30,4.25,4.2105263157894735,-0.03947368421052655
no07,533967_00939_00940_0,1445,14:45,1.9,1.894736842105263,-0.0052631578947368585
no07,533967_00939_00940_0,1500,15:00,4.45,4.052631578947368,-0.39736842105263204
no07,533967_00939_00940_0,1515,15:15,2.1,2.1052631578947367,0.005263157894736636
no07,533967_00939_00940_0,1530,15:30,1.85,1.8421052631578947,-0.007894736842105399
no07,533967_00939_00940_0,1545,15:45,0.45,0.4736842105263157,0.023684210526315697
no07,533967_00939_00940_0,1600,16:00,2.6,2.1578947368421053,-0.4421052631578948
no07,533967_00939_00940_0,1615,16:15,3.35,3.3157894736842106,-0.03421052631578947
no07,533967_00939_00940_0,1630,16:30,3.6,2.8947368421052637,-0.7052631578947364
no07,533967_00939_00940_0,1645,16:45,5.15,5.105263157894737,-0.044736842105263186
no07,533967_00939_00940_0,1700,17:00,25.95,25.84210526315789,-0.10789473684210904
no07,533967_00939_00940_0,1715,17:15,5.15,5.421052631578948,0.27105263157894743
no07,533967_00939_00940_0,1730,17:30,6.45,5.631578947368421,-0.8184210526315789
no07,533967_00939_00940_0,1745,17:45,4.9,4.894736842105263,-0.005263157894737525
no07,533967_00939_00940_0,1800,18:00,10.35,10.789473684210526,0.439473684210526
no07,533967_00939_00940_0,1815,18:15,3.8,3.736842105263158,-0.06315789473684186
no07,533967_00939_00940_0,1830,18:30,7.85,7.473684210526316,-0.3763157894736837
no07,533967_00939_00940_0,1845,18:45,3.75,3.736842105263158,-0.013157894736842035
no07,533967_00939_00940_1,630,06:30,12.65,12.63157894736842,-0.018421052631580892
no07,533967_00939_00940_1,645,06:45,30.6,30.63157894736842,0.03157894736841982
no07,533967_00939_00940_1,700,07:00,23.45,23.526315789473685,0.07631578947368567
no07,533967_00939_00940_1,715,07:15,7.3,7.684210526315789,0.38421052631578956
no07,533967_00939_00940_1,730,07:30,6.9,12.263157894736842,5.363157894736842
no07,533967_00939_00940_1,745,07:45,5.15,6.052631578947368,0.9026315789473678
no07,533967_00939_00940_1,800,08:00,1.95,2.473684210526316,0.523684210526316
no07,533967_00939_00940_1,815,08:15,1.5,1.1578947368421053,-0.3421052631578947
no07,533967_00939_00940_1,830,08:30,8.25,9.105263157894736,0.8552631578947363
no07,533967_00939_00940_1,845,08:45,18.1,27.84210526315789,9.742105263157889
no07,533967_00939_00940_1,900,09:00,9.85,9.210526315789474,-0.6394736842105253
no07,533967_00939_00940_1,915,09:15,14.25,15.947368421052632,1.6973684210526319
no07,533967_00939_00940_1,930,09:30,8.45,10.473684210526317,2.0236842105263175
no07,533967_00939_00940_1,945,09:45,26.45,36.0,9.55
no07,533967_00939_00940_1,1000,10:00,33.7,37.36842105263158,3.6684210526315795
no07,533967_00939_00940_1,1015,10:15,37.05,38.94736842105263,1.897368421052633
no07,533967_00939_00940_1,1030,10:30,28.55,28.0,-0.5500000000000007
no07,533967_00939_00940_1,1045,10:45,11.4,21.473684210526315,10.073684210526315
no07,533967_00939_00940_1,1100,11:00,20.4,31.36842105263158,10.96842105263158
no07,533967_00939_00940_1,1115,11:15,8.95,23.73684210526316,14.786842105263162
no07,533967_00939_00940_1,1130,11:30,11.1,14.0,2.9000000000000004
no07,533967_00939_00940_1,1145,11:45,6.75,11.0,4.25
no07,533967_00939_00940_1,1200,12:00,5.4,17.63157894736842,12.23157894736842
no07,533967_00939_00940_1,1215,12:15,8.6,13.842105263157896,5.242105263157896
no07,533967_00939_00940_1,1230,12:30,5.6,7.263157894736842,1.663157894736842
no07,533967_00939_00940_1,1245,12:45,4.2,4.789473684210527,0.5894736842105273
no07,533967_00939_00940_1,1300,13:00,8.4,9.0,0.5999999999999996
no07,533967_00939_00940_1,1315,13:15,5.65,8.157894736842104,2.507894736842104
no07,533967_00939_00940_1,1330,13:30,2.8,4.421052631578948,1.621052631578948
no07,533967_00939_00940_1,1345,13:45,4.75,8.157894736842104,3.4078947368421044
no07,533967_00939_00940_1,1400,14:00,4.45,9.473684210526317,5.023684210526317
no07,533967_00939_00940_1,1415,14:15,4.15,12.526315789473683,8.376315789473683
no07,533967_00939_00940_1,1430,14:30,7.0,12.157894736842104,5.157894736842104
no07,533967_00939_00940_1,1445,14:45,5.95,7.2105263157894735,1.2605263157894733
no07,533967_00939_00940_1,1500,15:00,8.7,20.105263157894736,11.405263157894737
no07,533967_00939_00940_1,1515,15:15,9.7,20.473684210526315,10.773684210526316
no07,533967_00939_00940_1,1530,15:30,3.7,3.947368421052632,0.24736842105263168
no07,533967_00939_00940_1,1545,15:45,0.95,1.0,0.050000000000000044
no07,533967_00939_00940_1,1600,16:00,9.2,13.157894736842104,3.957894736842105
no07,533967_00939_00940_1,1615,16:15,17.05,17.263157894736842,0.21315789473684177
no07,533967_00939_00940_1,1630,16:30,16.8,15.36842105263158,-1.4315789473684202
no07,533967_00939_00940_1,1645,16:45,4.8,8.263157894736842,3.4631578947368427
no07,533967_00939_00940_1,1700,17:00,10.4,12.31578947368421,1.9157894736842103
no07,533967_00939_00940_1,1715,17:15,14.2,15.421052631578949,1.2210526315789494
no07,533967_00939_00940_1,1730,17:30,6.55,7.526315789473684,0.9763157894736842
no07,533967_00939_00940_1,1745,17:45,1.2,1.263157894736842,0.06315789473684208
no07,533967_00939_00940_1,1800,18:00,5.45,6.842105263157895,1.3921052631578945
no07,533967_00939_00940_1,1815,18:15,3.35,3.1052631578947367,-0.24473684210526336
no07,533967_00939_00940_1,1830,18:30,8.8,11.578947368421051,2.7789473684210506
no07,533967_00939_00940_1,1845,18:45,7.3,10.210526315789474,2.9105263157894745
no07,533967_00939_01421_1,630,06:30,28.45,27.894736842105264,-0.5552631578947356
no07,533967_00939_01421_1,645,06:45,67.8,67.89473684210526,0.09473684210526301
no07,533967_00939_01421_1,700,07:00,69.75,69.89473684210526,0.14473684210526017
no07,533967_00939_01421_1,715,07:15,111.75,107.84210526315788,-3.907894736842124
no07,533967_00939_01421_1,730,07:30,138.35,134.78947368421052,-3.560526315789474
no07,533967_00939_01421_1,745,07:45,104.35,103.63157894736842,-0.7184210526315695
no07,533967_00939_01421_1,800,08:00,107.55,108.63157894736842,1.0815789473684276
no07,533967_00939_01421_1,815,08:15,116.55,114.0,-2.549999999999997
no07,533967_00939_01421_1,830,08:30,139.65,137.26315789473685,-2.386842105263156
no07,533967_00939_01421_1,845,08:45,126.55,118.94736842105264,-7.602631578947353
no07,533967_00939_01421_1,900,09:00,118.25,117.6842105263158,-0.5657894736842053
no07,533967_00939_01421_1,915,09:15,88.6,87.42105263157895,-1.1789473684210492
no07,533967_00939_01421_1,930,09:30,96.3,91.63157894736842,-4.668421052631572
no07,533967_00939_01421_1,945,09:45,141.85,129.26315789473685,-12.586842105263145
no07,533967_00939_01421_1,1000,10:00,181.7,170.47368421052633,-11.22631578947366
no07,533967_00939_01421_1,1015,10:15,184.8,177.21052631578948,-7.589473684210532
no07,533967_00939_01421_1,1030,10:30,107.8,112.84210526315788,5.042105263157879
no07,533967_00939_01421_1,1045,10:45,157.65,143.78947368421052,-13.860526315789485
no07,533967_00939_01421_1,1100,11:00,187.3,179.47368421052633,-7.826315789473682
no07,533967_00939_01421_1,1115,11:15,166.7,148.57894736842104,-18.121052631578948
no07,533967_00939_01421_1,1130,11:30,136.75,135.3684210526316,-1.3815789473684106
no07,533967_00939_01421_1,1145,11:45,140.05,132.89473684210526,-7.155263157894751
no07,533967_00939_01421_1,1200,12:00,149.5,141.52631578947367,-7.973684210526329
no07,533967_00939_01421_1,1215,12:15,137.6,134.47368421052633,-3.126315789473665
no07,533967_00939_01421_1,1230,12:30,119.75,115.94736842105264,-3.8026315789473557
no07,533967_00939_01421_1,1245,12:45,135.55,132.21052631578948,-3.3394736842105317
no07,533967_00939_01421_1,1300,13:00,144.95,144.31578947368422,-0.6342105263157691
no07,533967_00939_01421_1,1315,13:15,141.75,140.6315789473684,-1.1184210526315894
no07,533967_00939_01421_1,1330,13:30,146.8,144.52631578947367,-2.2736842105263406
no07,533967_00939_01421_1,1345,13:45,131.1,121.63157894736842,-9.46842105263157
no07,533967_00939_01421_1,1400,14:00,122.5,124.52631578947368,2.026315789473685
no07,533967_00939_01421_1,1415,14:15,157.05,149.31578947368422,-7.734210526315792
no07,533967_00939_01421_1,1430,14:30,106.55,103.26315789473684,-3.286842105263162
no07,533967_00939_01421_1,1445,14:45,101.15,99.15789473684212,-1.9921052631578817
no07,533967_00939_01421_1,1500,15:00,141.5,125.89473684210526,-15.60526315789474
no07,533967_00939_01421_1,1515,15:15,140.7,135.21052631578948,-5.489473684210509
no07,533967_00939_01421_1,1530,15:30,128.85,132.57894736842104,3.7289473684210463
no07,533967_00939_01421_1,1545,15:45,110.3,107.94736842105264,-2.352631578947353
no07,533967_00939_01421_1,1600,16:00,130.9,125.78947368421052,-5.110526315789485
no07,533967_00939_01421_1,1615,16:15,159.45,159.42105263157896,-0.028947368421029296
no07,533967_00939_01421_1,1630,16:30,118.15,116.6842105263158,-1.465789473684211
no07,533967_00939_01421_1,1645,16:45,131.35,130.57894736842104,-0.7710526315789537
no07,533967_00939_01421_1,1700,17:00,138.0,132.89473684210526,-5.10526315789474
no07,533967_00939_01421_1,1715,17:15,134.25,126.94736842105264,-7.302631578947356
no07,533967_00939_01421_1,1730,17:30,139.95,139.52631578947367,-0.4236842105263179
no07,533967_00939_01421_1,1745,17:45,132.75,131.3684210526316,-1.3815789473684106
no07,533967_00939_01421_1,1800,18:00,171.55,173.57894736842104,2.0289473684210293
no07,533967_00939_01421_1,1815,18:15,110.65,105.47368421052632,-5.176315789473691
no07,533967_00939_01421_1,1830,18:30,151.2,146.94736842105263,-4.2526315789473585
no07,533967_00939_01421_1,1845,18:45,132.3,135.68421052631578,3.384210526315769
no07,533967_00940_13718_0,630,06:30,61.3,61.10526315789474,-0.19473684210525732
no07,533967_00940_13718_0,645,06:45,80.45,80.0,-0.45000000000000284
no07,533967_00940_13718_0,700,07:00,63.95,64.47368421052632,0.5236842105263122
no07,533967_00940_13718_0,715,07:15,106.9,106.47368421052632,-0.42631578947369064
no07,533967_00940_13718_0,730,07:30,118.7,118.63157894736842,-0.06842105263157805
no07,533967_00940_13718_0,745,07:45,97.1,98.26315789473684,1.163157894736841
no07,533967_00940_13718_0,800,08:00,126.0,123.84210526315788,-2.157894736842124
no07,533967_00940_13718_0,815,08:15,116.05,117.0,0.9500000000000028
no07,533967_00940_13718_0,830,08:30,86.0,86.89473684210526,0.8947368421052602
no07,533967_00940_13718_0,845,08:45,100.65,99.15789473684212,-1.4921052631578817
no07,533967_00940_13718_0,900,09:00,116.6,118.3157894736842,1.715789473684211
no07,533967_00940_13718_0,915,09:15,51.9,52.78947368421053,0.8894736842105289
no07,533967_00940_13718_0,930,09:30,91.25,91.26315789473684,0.013157894736835374
no07,533967_00940_13718_0,945,09:45,83.45,83.89473684210526,0.4447368421052573
no07,533967_00940_13718_0,1000,10:00,67.05,66.42105263157895,-0.628947368421052
no07,533967_00940_13718_0,1015,10:15,58.95,56.89473684210526,-2.0552631578947427
no07,533967_00940_13718_0,1030,10:30,58.7,58.8421052631579,0.1421052631578945
no07,533967_00940_13718_0,1045,10:45,60.55,60.1578947368421,-0.3921052631578945
no07,533967_00940_13718_0,1100,11:00,64.45,62.47368421052632,-1.9763157894736807
no07,533967_00940_13718_0,1115,11:15,43.3,41.8421052631579,-1.4578947368420998
no07,533967_00940_13718_0,1130,11:30,49.15,47.89473684210526,-1.2552631578947384
no07,533967_00940_13718_0,1145,11:45,32.35,32.421052631578945,0.0710526315789437
no07,533967_00940_13718_0,1200,12:00,66.9,68.36842105263158,1.4684210526315695
no07,533967_00940_13718_0,1215,12:15,59.75,62.05263157894737,2.30263157894737
no07,533967_00940_13718_0,1230,12:30,57.35,56.78947368421053,-0.560526315789474
no07,533967_00940_13718_0,1245,12:45,74.05,75.42105263157895,1.371052631578948
no07,533967_00940_13718_0,1300,13:00,81.7,82.21052631578948,0.5105263157894768
no07,533967_00940_13718_0,1315,13:15,57.7,59.47368421052632,1.7736842105263193
no07,533967_00940_13718_0,1330,13:30,68.65,68.10526315789474,-0.5447368421052659
no07,533967_00940_13718_0,1345,13:45,49.45,50.0,0.5499999999999972
no07,533967_00940_13718_0,1400,14:00,54.3,54.0,-0.29999999999999716
no07,533967_00940_13718_0,1415,14:15,52.0,51.578947368421055,-0.4210526315789451
no07,533967_00940_13718_0,1430,14:30,90.35,89.63157894736842,-0.7184210526315695
no07,533967_00940_13718_0,1445,14:45,72.3,72.84210526315789,0.5421052631578931
no07,533967_00940_13718_0,1500,15:00,66.75,64.89473684210526,-1.8552631578947398
no07,533967_00940_13718_0,1515,15:15,42.0,43.63157894736842,1.6315789473684177
no07,533967_00940_13718_0,1530,15:30,51.45,53.10526315789474,1.655263157894737
no07,533967_00940_13718_0,1545,15:45,54.3,53.89473684210526,-0.405263157894737
no07,533967_00940_13718_0,1600,16:00,62.35,62.21052631578947,-0.13947368421052886
no07,533967_00940_13718_0,1615,16:15,45.2,44.42105263157895,-0.7789473684210506
no07,533967_00940_13718_0,1630,16:30,68.7,68.36842105263158,-0.33157894736842763
no07,533967_00940_13718_0,1645,16:45,86.65,88.05263157894737,1.4026315789473642
no07,533967_00940_13718_0,1700,17:00,120.1,120.15789473684212,0.057894736842129646
no07,533967_00940_13718_0,1715,17:15,80.35,82.0,1.6500000000000057
no07,533967_00940_13718_0,1730,17:30,86.85,86.63157894736842,-0.21842105263156952
no07,533967_00940_13718_0,1745,17:45,86.1,85.57894736842105,-0.5210526315789394
no07,533967_00940_13718_0,1800,18:00,90.15,90.3157894736842,0.1657894736841996
no07,533967_00940_13718_0,1815,18:15,73.35,71.89473684210526,-1.4552631578947341
no07,533967_00940_13718_0,1830,18:30,56.95,56.47368421052632,-0.4763157894736807
no07,533967_00940_13718_0,1845,18:45,73.75,73.36842105263158,-0.3815789473684248
no07,533967_00943_01268_0,630,06:30,86.05,86.15789473684211,0.10789473684211259
no07,533967_00943_01268_0,645,06:45,78.3,78.10526315789474,-0.19473684210525732
no07,533967_00943_01268_0,700,07:00,89.95,89.94736842105263,-0.002631578947372759
no07,533967_00943_01268_0,715,07:15,90.35,90.42105263157896,0.07105263157896502
no07,533967_00943_01268_0,730,07:30,73.25,73.3157894736842,0.06578947368420529
no07,533967_00943_01268_0,745,07:45,88.55,88.42105263157895,-0.12894736842105203
no07,533967_00943_01268_0,800,08:00,77.9,77.89473684210526,-0.005263157894745518
no07,533967_00943_01268_0,815,08:15,61.55,61.68421052631579,0.13421052631579045
no07,533967_00943_01268_0,830,08:30,103.05,102.94736842105264,-0.10263157894735286
no07,533967_00943_01268_0,845,08:45,71.65,71.78947368421052,0.13947368421051465
no07,533967_00943_01268_0,900,09:00,87.75,87.6842105263158,-0.06578947368420529
no07,533967_00943_01268_0,915,09:15,72.5,72.42105263157895,-0.07894736842105488
no07,533967_00943_01268_0,930,09:30,87.3,87.36842105263158,0.06842105263157805
no07,533967_00943_01268_0,945,09:45,69.9,69.94736842105263,0.0473684210526244
no07,533967_00943_01268_0,1000,10:00,97.85,97.78947368421052,-0.06052631578947398
no07,533967_00943_01268_0,1015,10:15,60.05,60.05263157894737,0.002631578947372759
no07,533967_00943_01268_0,1030,10:30,58.7,58.63157894736842,-0.06842105263158516
no07,533967_00943_01268_0,1045,10:45,55.35,55.578947368421055,0.22894736842105345
no07,533967_00943_01268_0,1100,11:00,71.05,70.89473684210526,-0.155263157894737
no07,533967_00943_01268_0,1115,11:15,72.1,72.0,-0.09999999999999432
no07,533967_00943_01268_0,1130,11:30,57.9,57.94736842105263,0.047368421052631504
no07,533967_00943_01268_0,1145,11:45,51.2,51.21052631578947,0.01052631578946972
no07,533967_00943_01268_0,1200,12:00,74.1,74.15789473684211,0.057894736842115435
no07,533967_00943_01268_0,1215,12:15,70.75,70.63157894736842,-0.11842105263157521
no07,533967_00943_01268_0,1230,12:30,58.3,58.42105263157895,0.12105263157895507
no07,533967_00943_01268_0,1245,12:45,74.65,74.57894736842105,-0.07105263157895081
no07,533967_00943_01268_0,1300,13:00,42.35,42.578947368421055,0.22894736842105345
no07,533967_00943_01268_0,1315,13:15,62.8,62.578947368421055,-0.22105263157894228
no07,533967_00943_01268_0,1330,13:30,63.2,63.21052631578947,0.01052631578946972
no07,533967_00943_01268_0,1345,13:45,45.25,45.26315789473684,0.01315789473684248
no07,533967_00943_01268_0,1400,14:00,86.35,86.36842105263158,0.018421052631580892
no07,533967_00943_01268_0,1415,14:15,46.85,46.78947368421053,-0.06052631578947398
no07,533967_00943_01268_0,1430,14:30,74.4,74.57894736842105,0.1789473684210492
no07,533967_00943_01268_0,1445,14:45,66.3,66.10526315789474,-0.19473684210525732
no07,533967_00943_01268_0,1500,15:00,58.85,58.89473684210526,0.044736842105258745
no07,533967_00943_01268_0,1515,15:15,41.45,41.526315789473685,0.07631578947368212
no07,533967_00943_01268_0,1530,15:30,68.7,68.6842105263158,-0.015789473684208133
no07,533967_00943_01268_0,1545,15:45,50.8,50.68421052631579,-0.11578947368420955
no07,533967_00943_01268_0,1600,16:00,66.65,66.78947368421052,0.13947368421051465
no07,533967_00943_01268_0,1615,16:15,74.85,74.84210526315789,-0.007894736842104066
no07,533967_00943_01268_0,1630,16:30,66.95,67.0,0.04999999999999716
no07,533967_00943_01268_0,1645,16:45,79.7,79.52631578947368,-0.17368421052631788
no07,533967_00943_01268_0,1700,17:00,49.65,49.68421052631579,0.034210526315789025
no07,533967_00943_01268_0,1715,17:15,78.05,78.26315789473684,0.21315789473683822
no07,533967_00943_01268_0,1730,17:30,55.25,55.10526315789474,-0.14473684210526017
no07,533967_00943_01268_0,1745,17:45,70.8,70.89473684210526,0.09473684210526301
no07,533967_00943_01268_0,1800,18:00,89.85,89.73684210526316,-0.11315789473682969
no07,533967_00943_01268_0,1815,18:15,54.25,54.31578947368421,0.0657894736842124
no07,533967_00943_01268_0,1830,18:30,61.35,61.21052631578947,-0.13947368421052886
no07,533967_00943_01268_0,1845,18:45,54.95,55.10526315789474,0.155263157894737
no07,533967_00944_13715_1,630,06:30,35.9,35.78947368421053,-0.11052631578947114
no07,533967_00944_13715_1,645,06:45,47.6,47.8421052631579,0.24210526315789593
no07,533967_00944_13715_1,700,07:00,14.7,14.526315789473683,-0.1736842105263161
no07,533967_00944_13715_1,715,07:15,52.45,52.47368421052632,0.023684210526319305
no07,533967_00944_13715_1,730,07:30,60.6,60.47368421052632,-0.12631578947367927
no07,533967_00944_13715_1,745,07:45,70.3,70.05263157894737,-0.24736842105262724
no07,533967_00944_13715_1,800,08:00,87.05,87.57894736842105,0.5289473684210577
no07,533967_00944_13715_1,815,08:15,37.3,37.1578947368421,-0.1421052631578945
no07,533967_00944_13715_1,830,08:30,103.05,102.63157894736842,-0.41842105263157237
no07,533967_00944_13715_1,845,08:45,56.1,56.63157894736842,0.5315789473684163
no07,533967_00944_13715_1,900,09:00,44.0,43.94736842105263,-0.05263157894736992
no07,533967_00944_13715_1,915,09:15,93.85,94.10526315789474,0.2552631578947455
no07,533967_00944_13715_1,930,09:30,47.95,47.94736842105263,-0.002631578947372759
no07,533967_00944_13715_1,945,09:45,24.2,23.84210526315789,-0.35789473684210904
no07,533967_00944_13715_1,1000,10:00,88.55,88.57894736842105,0.028947368421057718
no07,533967_00944_13715_1,1015,10:15,36.0,35.94736842105263,-0.05263157894736992
no07,533967_00944_13715_1,1030,10:30,66.9,66.73684210526316,-0.16315789473684106
no07,533967_00944_13715_1,1045,10:45,39.2,39.47368421052632,0.2736842105263193
no07,533967_00944_13715_1,1100,11:00,55.95,55.68421052631579,-0.26578947368421524
no07,533967_00944_13715_1,1115,11:15,56.6,57.26315789473684,0.6631578947368411
no07,533967_00944_13715_1,1130,11:30,48.85,48.47368421052632,-0.3763157894736793
no07,533967_00944_13715_1,1145,11:45,64.9,64.3157894736842,-0.5842105263158004
no07,533967_00944_13715_1,1200,12:00,59.95,60.42105263157895,0.4710526315789494
no07,533967_00944_13715_1,1215,12:15,57.7,57.68421052631579,-0.01578947368421524
no07,533967_00944_13715_1,1230,12:30,80.6,81.10526315789474,0.5052631578947455
no07,533967_00944_13715_1,1245,12:45,71.05,70.6842105263158,-0.36578947368420245
no07,533967_00944_13715_1,1300,13:00,65.7,65.05263157894737,-0.6473684210526329
no07,533967_00944_13715_1,1315,13:15,46.8,47.21052631578947,0.4105263157894754
no07,533967_00944_13715_1,1330,13:30,59.8,59.78947368421053,-0.01052631578946972
no07,533967_00944_13715_1,1345,13:45,32.8,32.10526315789474,-0.6947368421052573
no07,533967_00944_13715_1,1400,14:00,57.7,58.73684210526316,1.0368421052631547
no07,533967_00944_13715_1,1415,14:15,34.35,34.31578947368421,-0.034210526315789025
no07,533967_00944_13715_1,1430,14:30,85.7,85.42105263157895,-0.2789473684210577
no07,533967_00944_13715_1,1445,14:45,52.05,52.1578947368421,0.10789473684210549
no07,533967_00944_13715_1,1500,15:00,44.6,45.21052631578947,0.6105263157894711
no07,533967_00944_13715_1,1515,15:15,67.3,67.05263157894737,-0.24736842105262724
no07,533967_00944_13715_1,1530,15:30,37.1,36.73684210526316,-0.3631578947368439
no07,533967_00944_13715_1,1545,15:45,52.35,52.05263157894737,-0.2973684210526315
no07,533967_00944_13715_1,1600,16:00,52.6,51.8421052631579,-0.7578947368421041
no07,533967_00944_13715_1,1615,16:15,92.05,93.42105263157896,1.3710526315789622
no07,533967_00944_13715_1,1630,16:30,93.8,93.52631578947368,-0.2736842105263122
no07,533967_00944_13715_1,1645,16:45,32.9,32.89473684210526,-0.005263157894738413
no07,533967_00944_13715_1,1700,17:00,49.85,49.68421052631579,-0.16578947368421382
no07,533967_00944_13715_1,1715,17:15,20.25,20.42105263157895,0.17105263157894868
no07,533967_00944_13715_1,1730,17:30,44.15,43.73684210526316,-0.41315789473684106
no07,533967_00944_13715_1,1745,17:45,72.45,72.89473684210526,0.4447368421052573
no07,533967_00944_13715_1,1800,18:00,83.85,82.15789473684211,-1.6921052631578846
no07,533967_00944_13715_1,1815,18:15,64.6,66.3157894736842,1.715789473684211
no07,533967_00944_13715_1,1830,18:30,43.1,43.0,-0.10000000000000142
no07,533967_00944_13715_1,1845,18:45,56.75,56.8421052631579,0.09210526315789735
no07,533967_00949_14017_0,630,06:30,45.25,45.26315789473684,0.01315789473684248
no07,533967_00949_14017_0,645,06:45,40.3,40.36842105263158,0.06842105263158516
no07,533967_00949_14017_0,700,07:00,42.75,42.78947368421053,0.03947368421052744
no07,533967_00949_14017_0,715,07:15,71.5,71.3157894736842,-0.1842105263157947
no07,533967_00949_14017_0,730,07:30,84.9,84.94736842105263,0.0473684210526244
no07,533967_00949_14017_0,745,07:45,85.5,85.57894736842105,0.07894736842105488
no07,533967_00949_14017_0,800,08:00,73.4,73.26315789473684,-0.1368421052631703
no07,533967_00949_14017_0,815,08:15,105.65,105.78947368421052,0.13947368421051465
no07,533967_00949_14017_0,830,08:30,113.65,113.63157894736842,-0.018421052631580892
no07,533967_00949_14017_0,845,08:45,81.95,81.89473684210526,-0.055263157894742676
no07,533967_00949_14017_0,900,09:00,67.25,67.26315789473684,0.013157894736835374
no07,533967_00949_14017_0,915,09:15,69.9,69.89473684210526,-0.005263157894745518
no07,533967_00949_14017_0,930,09:30,66.9,66.89473684210526,-0.005263157894745518
no07,533967_00949_14017_0,945,09:45,68.05,68.10526315789474,0.055263157894742676
no07,533967_00949_14017_0,1000,10:00,55.25,55.26315789473684,0.01315789473684248
no07,533967_00949_14017_0,1015,10:15,64.85,64.78947368421052,-0.06052631578947398
no07,533967_00949_14017_0,1030,10:30,53.15,53.1578947368421,0.007894736842104066
no07,533967_00949_14017_0,1045,10:45,50.95,50.94736842105263,-0.002631578947372759
no07,533967_00949_14017_0,1100,11:00,56.0,55.94736842105263,-0.05263157894736992
no07,533967_00949_14017_0,1115,11:15,48.9,48.94736842105263,0.047368421052631504
no07,533967_00949_14017_0,1130,11:30,41.45,41.42105263157895,-0.028947368421050612
no07,533967_00949_14017_0,1145,11:45,41.8,41.78947368421053,-0.01052631578946972
no07,533967_00949_14017_0,1200,12:00,55.15,55.1578947368421,0.007894736842104066
no07,533967_00949_14017_0,1215,12:15,77.35,77.36842105263158,0.018421052631580892
no07,533967_00949_14017_0,1230,12:30,60.3,60.42105263157895,0.12105263157895507
no07,533967_00949_14017_0,1245,12:45,34.2,34.05263157894737,-0.14736842105263293
no07,533967_00949_14017_0,1300,13:00,50.7,50.68421052631579,-0.01578947368421524
no07,533967_00949_14017_0,1315,13:15,47.45,47.526315789473685,0.07631578947368212
no07,533967_00949_14017_0,1330,13:30,38.1,38.05263157894737,-0.047368421052631504
no07,533967_00949_14017_0,1345,13:45,36.05,36.05263157894737,0.002631578947372759
no07,533967_00949_14017_0,1400,14:00,39.15,39.1578947368421,0.007894736842104066
no07,533967_00949_14017_0,1415,14:15,51.5,51.526315789473685,0.02631578947368496
no07,533967_00949_14017_0,1430,14:30,44.9,44.94736842105263,0.047368421052631504
no07,533967_00949_14017_0,1445,14:45,43.85,43.73684210526316,-0.1131578947368439
no07,533967_00949_14017_0,1500,15:00,46.75,46.78947368421053,0.03947368421052744
no07,533967_00949_14017_0,1515,15:15,40.65,40.68421052631579,0.034210526315789025
no07,533967_00949_14017_0,1530,15:30,54.6,54.578947368421055,-0.021052631578946546
no07,533967_00949_14017_0,1545,15:45,54.15,54.21052631578947,0.06052631578947398
no07,533967_00949_14017_0,1600,16:00,74.05,73.94736842105263,-0.10263157894736707
no07,533967_00949_14017_0,1615,16:15,54.85,54.89473684210526,0.044736842105258745
no07,533967_00949_14017_0,1630,16:30,74.6,74.6842105263158,0.0842105263158004
no07,533967_00949_14017_0,1645,16:45,65.35,65.3157894736842,-0.034210526315789025
no07,533967_00949_14017_0,1700,17:00,62.85,62.73684210526316,-0.1131578947368439
no07,533967_00949_14017_0,1715,17:15,71.5,71.57894736842105,0.07894736842105488
no07,533967_00949_14017_0,1730,17:30,82.2,82.21052631578948,0.010526315789476826
no07,533967_00949_14017_0,1745,17:45,70.25,70.21052631578948,-0.03947368421052033
no07,533967_00949_14017_0,1800,18:00,84.1,84.05263157894737,-0.0473684210526244
no07,533967_00949_14017_0,1815,18:15,63.1,63.1578947368421,0.057894736842101224
no07,533967_00949_14017_0,1830,18:30,53.8,53.8421052631579,0.0421052631579002
no07,533967_00949_14017_0,1845,18:45,52.0,51.94736842105263,-0.05263157894736992
no07,533967_00949_14017_1,630,06:30,78.9,78.78947368421052,-0.11052631578948535
no07,533967_00949_14017_1,645,06:45,97.9,98.05263157894736,0.15263157894735002
no07,533967_00949_14017_1,700,07:00,91.7,91.52631578947368,-0.17368421052631788
no07,533967_00949_14017_1,715,07:15,101.1,100.0,-1.0999999999999943
no07,533967_00949_14017_1,730,07:30,99.2,100.05263157894736,0.8526315789473529
no07,533967_00949_14017_1,745,07:45,68.05,67.63157894736842,-0.41842105263157237
no07,533967_00949_14017_1,800,08:00,104.6,103.47368421052632,-1.1263157894736793
no07,533967_00949_14017_1,815,08:15,101.25,102.84210526315788,1.592105263157876
no07,533967_00949_14017_1,830,08:30,98.85,98.63157894736842,-0.21842105263156952
no07,533967_00949_14017_1,845,08:45,65.3,65.36842105263158,0.06842105263157805
no07,533967_00949_14017_1,900,09:00,57.45,57.94736842105263,0.49736842105262724
no07,533967_00949_14017_1,915,09:15,50.75,50.47368421052632,-0.27631578947367785
no07,533967_00949_14017_1,930,09:30,51.05,51.21052631578947,0.1605263157894754
no07,533967_00949_14017_1,945,09:45,52.6,52.578947368421055,-0.021052631578946546
no07,533967_00949_14017_1,1000,10:00,42.35,42.63157894736842,0.28157894736841627
no07,533967_00949_14017_1,1015,10:15,48.0,47.63157894736842,-0.3684210526315823
no07,533967_00949_14017_1,1030,10:30,50.55,50.36842105263158,-0.18157894736841484
no07,533967_00949_14017_1,1045,10:45,52.5,53.0,0.5
no07,533967_00949_14017_1,1100,11:00,39.85,39.47368421052632,-0.3763157894736793
no07,533967_00949_14017_1,1115,11:15,46.85,46.89473684210526,0.044736842105258745
no07,533967_00949_14017_1,1130,11:30,31.75,31.894736842105264,0.14473684210526372
no07,533967_00949_14017_1,1145,11:45,49.3,49.05263157894737,-0.24736842105262724
no07,533967_00949_14017_1,1200,12:00,60.7,60.526315789473685,-0.17368421052631788
no07,533967_00949_14017_1,1215,12:15,59.55,60.05263157894737,0.5026315789473728
no07,533967_00949_14017_1,1230,12:30,59.1,58.42105263157895,-0.6789473684210492
no07,533967_00949_14017_1,1245,12:45,62.75,63.26315789473684,0.5131578947368425
no07,533967_00949_14017_1,1300,13:00,46.55,46.78947368421053,0.23947368421053028
no07,533967_00949_14017_1,1315,13:15,64.2,63.8421052631579,-0.3578947368421055
no07,533967_00949_14017_1,1330,13:30,41.75,42.05263157894737,0.3026315789473699
no07,533967_00949_14017_1,1345,13:45,34.3,34.26315789473684,-0.03684210526315468
no07,533967_00949_14017_1,1400,14:00,35.4,35.36842105263158,-0.031578947368416266
no07,533967_00949_14017_1,1415,14:15,37.1,36.89473684210526,-0.20526315789474125
no07,533967_00949_14017_1,1430,14:30,41.2,41.31578947368421,0.11578947368420955
no07,533967_00949_14017_1,1445,14:45,26.65,26.473684210526315,-0.17631578947368354
no07,533967_00949_14017_1,1500,15:00,27.3,27.473684210526315,0.17368421052631433
no07,533967_00949_14017_1,1515,15:15,48.9,48.63157894736842,-0.2684210526315809
no07,533967_00949_14017_1,1530,15:30,32.5,32.94736842105263,0.4473684210526301
no07,533967_00949_14017_1,1545,15:45,43.9,43.73684210526316,-0.16315789473684106
no07,533967_00949_14017_1,1600,16:00,47.55,47.63157894736842,0.08157894736842053
no07,533967_00949_14017_1,1615,16:15,43.1,42.578947368421055,-0.5210526315789465
no07,533967_00949_14017_1,1630,16:30,37.55,38.21052631578947,0.6605263157894754
no07,533967_00949_14017_1,1645,16:45,49.15,48.578947368421055,-0.5710526315789437
no07,533967_00949_14017_1,1700,17:00,74.25,74.42105263157895,0.17105263157894512
no07,533967_00949_14017_1,1715,17:15,75.8,75.52631578947368,-0.2736842105263122
no07,533967_00949_14017_1,1730,17:30,51.2,51.36842105263158,0.16842105263157947
no07,533967_00949_14017_1,1745,17:45,63.05,61.10526315789474,-1.9447368421052573
no07,533967_00949_14017_1,1800,18:00,45.05,47.21052631578947,2.1605263157894754
no07,533967_00949_14017_1,1815,18:15,65.65,64.73684210526316,-0.9131578947368411
no07,533967_00949_14017_1,1830,18:30,67.4,68.15789473684211,0.7578947368421041
no07,533967_00949_14017_1,1845,18:45,51.7,51.8421052631579,0.1421052631578945
no07,533967_00976_12969_0,630,06:30,29.75,29.73684210526316,-0.013157894736838927
no07,533967_00976_12969_0,645,06:45,27.8,27.84210526315789,0.04210526315788954
no07,533967_00976_12969_0,700,07:00,34.1,34.10526315789474,0.005263157894738413
no07,533967_00976_12969_0,715,07:15,42.95,42.89473684210526,-0.055263157894742676
no07,533967_00976_12969_0,730,07:30,63.85,63.8421052631579,-0.007894736842104066
no07,533967_00976_12969_0,745,07:45,64.75,64.84210526315789,0.09210526315789025
no07,533967_00976_12969_0,800,08:00,60.35,60.26315789473684,-0.08684210526315894
no07,533967_00976_12969_0,815,08:15,50.75,50.73684210526316,-0.01315789473684248
no07,533967_00976_12969_0,830,08:30,56.2,56.26315789473684,0.06315789473683964
no07,533967_00976_12969_0,845,08:45,60.95,60.89473684210526,-0.055263157894742676
no07,533967_00976_12969_0,900,09:00,61.75,61.8421052631579,0.09210526315789735
no07,533967_00976_12969_0,915,09:15,58.25,58.21052631578947,-0.03947368421052744
no07,533967_00976_12969_0,930,09:30,37.35,37.36842105263158,0.018421052631580892
no07,533967_00976_12969_0,945,09:45,81.45,81.36842105263158,-0.08157894736842763
no07,533967_00976_12969_0,1000,10:00,95.65,95.73684210526316,0.08684210526315894
no07,533967_00976_12969_0,1015,10:15,55.25,55.21052631578947,-0.03947368421052744
no07,533967_00976_12969_0,1030,10:30,53.35,53.36842105263158,0.018421052631580892
no07,533967_00976_12969_0,1045,10:45,76.5,76.47368421052632,-0.02631578947368496
no07,533967_00976_12969_0,1100,11:00,79.2,79.21052631578948,0.010526315789476826
no07,533967_00976_12969_0,1115,11:15,88.9,89.0,0.09999999999999432
no07,533967_00976_12969_0,1130,11:30,65.0,64.89473684210526,-0.10526315789473983
no07,533967_00976_12969_0,1145,11:45,70.2,70.21052631578948,0.010526315789476826
no07,533967_00976_12969_0,1200,12:00,66.0,66.0,0.0
no07,533967_00976_12969_0,1215,12:15,78.25,78.21052631578948,-0.03947368421052033
no07,533967_00976_12969_0,1230,12:30,47.05,47.05263157894737,0.002631578947372759
no07,533967_00976_12969_0,1245,12:45,91.6,91.6842105263158,0.0842105263158004
no07,533967_00976_12969_0,1300,13:00,69.9,69.84210526315789,-0.057894736842115435
no07,533967_00976_12969_0,1315,13:15,83.65,83.63157894736842,-0.018421052631580892
no07,533967_00976_12969_0,1330,13:30,91.55,91.57894736842104,0.028947368421043507
no07,533967_00976_12969_0,1345,13:45,45.35,45.31578947368421,-0.034210526315789025
no07,533967_00976_12969_0,1400,14:00,65.8,65.78947368421052,-0.010526315789476826
no07,533967_00976_12969_0,1415,14:15,92.6,92.63157894736842,0.03157894736843048
no07,533967_00976_12969_0,1430,14:30,49.4,49.47368421052632,0.07368421052632357
no07,533967_00976_12969_0,1445,14:45,68.15,68.05263157894737,-0.09736842105263577
no07,533967_00976_12969_0,1500,15:00,78.6,78.6842105263158,0.0842105263158004
no07,533967_00976_12969_0,1515,15:15,55.45,55.42105263157895,-0.028947368421050612
no07,533967_00976_12969_0,1530,15:30,77.85,77.89473684210526,0.04473684210526585
no07,533967_00976_12969_0,1545,15:45,56.85,56.78947368421053,-0.06052631578947398
no07,533967_00976_12969_0,1600,16:00,84.9,84.94736842105263,0.0473684210526244
no07,533967_00976_12969_0,1615,16:15,82.7,82.63157894736842,-0.06842105263157805
no07,533967_00976_12969_0,1630,16:30,55.65,55.63157894736842,-0.018421052631580892
no07,533967_00976_12969_0,1645,16:45,84.45,84.47368421052632,0.0236842105263122
no07,533967_00976_12969_0,1700,17:00,66.15,66.26315789473684,0.11315789473682969
no07,533967_00976_12969_0,1715,17:15,69.85,69.6842105263158,-0.1657894736841996
no07,533967_00976_12969_0,1730,17:30,89.2,89.21052631578948,0.010526315789476826
no07,533967_00976_12969_0,1745,17:45,72.25,72.36842105263158,0.11842105263157521
no07,533967_00976_12969_0,1800,18:00,86.6,86.52631578947368,-0.07368421052630936
no07,533967_00976_12969_0,1815,18:15,62.25,62.21052631578947,-0.03947368421052744
no07,533967_00976_12969_0,1830,18:30,95.8,95.89473684210526,0.09473684210526301
no07,533967_00976_12969_0,1845,18:45,73.7,73.57894736842105,-0.12105263157894797
no07,533967_00976_12969_1,630,06:30,64.75,64.94736842105263,0.19736842105263008
no07,533967_00976_12969_1,645,06:45,83.8,83.52631578947368,-0.2736842105263122
no07,533967_00976_12969_1,700,07:00,74.05,74.05263157894737,0.002631578947372759
no07,533967_00976_12969_1,715,07:15,107.6,106.26315789473684,-1.336842105263159
no07,533967_00976_12969_1,730,07:30,114.1,116.36842105263158,2.268421052631581
no07,533967_00976_12969_1,745,07:45,114.05,112.36842105263158,-1.681578947368422
no07,533967_00976_12969_1,800,08:00,136.4,137.78947368421052,1.3894736842105146
no07,533967_00976_12969_1,815,08:15,143.75,145.05263157894737,1.30263157894737
no07,533967_00976_12969_1,830,08:30,69.4,67.0,-2.4000000000000057
no07,533967_00976_12969_1,845,08:45,85.85,84.6842105263158,-1.1657894736841996
no07,533967_00976_12969_1,900,09:00,105.5,105.0,-0.5
no07,533967_00976_12969_1,915,09:15,45.25,47.26315789473684,2.0131578947368425
no07,533967_00976_12969_1,930,09:30,47.0,46.63157894736842,-0.3684210526315823
no07,533967_00976_12969_1,945,09:45,54.0,55.05263157894737,1.05263157894737
no07,533967_00976_12969_1,1000,10:00,32.9,32.26315789473684,-0.6368421052631561
no07,533967_00976_12969_1,1015,10:15,19.0,18.94736842105263,-0.05263157894736992
no07,533967_00976_12969_1,1030,10:30,20.6,20.894736842105264,0.2947368421052623
no07,533967_00976_12969_1,1045,10:45,38.05,37.94736842105263,-0.10263157894736707
no07,533967_00976_12969_1,1100,11:00,30.9,30.789473684210527,-0.11052631578947114
no07,533967_00976_12969_1,1115,11:15,15.4,15.578947368421051,0.17894736842105097
no07,533967_00976_12969_1,1130,11:30,13.25,13.105263157894736,-0.14473684210526372
no07,533967_00976_12969_1,1145,11:45,11.85,11.789473684210526,-0.06052631578947398
no07,533967_00976_12969_1,1200,12:00,47.65,47.526315789473685,-0.12368421052631362
no07,533967_00976_12969_1,1215,12:15,56.1,56.42105263157895,0.3210526315789508
no07,533967_00976_12969_1,1230,12:30,19.7,19.68421052631579,-0.015789473684208133
no07,533967_00976_12969_1,1245,12:45,38.4,38.05263157894737,-0.34736842105262866
no07,533967_00976_12969_1,1300,13:00,54.9,55.47368421052632,0.5736842105263236
no07,533967_00976_12969_1,1315,13:15,45.9,45.42105263157895,-0.47894736842104635
no07,533967_00976_12969_1,1330,13:30,40.35,40.63157894736842,0.28157894736841627
no07,533967_00976_12969_1,1345,13:45,34.2,34.05263157894737,-0.14736842105263293
no07,533967_00976_12969_1,1400,14:00,36.35,36.26315789473684,-0.08684210526315894
no07,533967_00976_12969_1,1415,14:15,31.3,31.526315789473685,0.22631578947368425
no07,533967_00976_12969_1,1430,14:30,58.25,58.36842105263158,0.11842105263158231
no07,533967_00976_12969_1,1445,14:45,55.35,54.31578947368421,-1.034210526315789
no07,533967_00976_12969_1,1500,15:00,25.65,26.526315789473685,0.8763157894736864
no07,533967_00976_12969_1,1515,15:15,12.35,12.31578947368421,-0.034210526315789025
no07,533967_00976_12969_1,1530,15:30,21.75,21.526315789473685,-0.22368421052631504
no07,533967_00976_12969_1,1545,15:45,46.95,46.73684210526316,-0.21315789473684532
no07,533967_00976_12969_1,1600,16:00,23.8,24.105263157894736,0.30526315789473557
no07,533967_00976_12969_1,1615,16:15,16.1,16.0,-0.10000000000000142
no07,533967_00976_12969_1,1630,16:30,47.75,47.78947368421053,0.03947368421052744
no07,533967_00976_12969_1,1645,16:45,57.3,57.21052631578947,-0.0894736842105246
no07,533967_00976_12969_1,1700,17:00,53.8,54.36842105263158,0.5684210526315852
no07,533967_00976_12969_1,1715,17:15,36.6,36.21052631578947,-0.38947368421052886
no07,533967_00976_12969_1,1730,17:30,65.7,65.42105263157895,-0.2789473684210577
no07,533967_00976_12969_1,1745,17:45,68.55,68.84210526315789,0.2921052631578931
no07,533967_00976_12969_1,1800,18:00,59.65,59.89473684210526,0.2447368421052616
no07,533967_00976_12969_1,1815,18:15,55.8,55.526315789473685,-0.2736842105263122
no07,533967_00976_12969_1,1830,18:30,39.1,39.26315789473684,0.16315789473684106
no07,533967_00976_12969_1,1845,18:45,73.9,72.63157894736842,-1.268421052631581
no07,533967_00978_01607_0,630,06:30,0.0,0.0,0.0
no07,533967_00978_01607_0,645,06:45,0.0,0.0,0.0
no07,533967_00978_01607_0,700,07:00,0.0,0.0,0.0
no07,533967_00978_01607_0,715,07:15,0.0,0.0,0.0
no07,533967_00978_01607_0,730,07:30,0.0,0.0,0.0
no07,533967_00978_01607_0,745,07:45,0.0,0.0,0.0
no07,533967_00978_01607_0,800,08:00,0.0,0.0,0.0
no07,533967_00978_01607_0,815,08:15,0.0,0.0,0.0
no07,533967_00978_01607_0,830,08:30,0.0,0.0,0.0
no07,533967_00978_01607_0,845,08:45,0.0,0.0,0.0
no07,533967_00978_01607_0,900,09:00,0.0,0.0,0.0
no07,533967_00978_01607_0,915,09:15,0.0,0.0,0.0
no07,533967_00978_01607_0,930,09:30,0.0,0.0,0.0
no07,533967_00978_01607_0,945,09:45,0.0,0.0,0.0
no07,533967_00978_01607_0,1000,10:00,0.0,0.0,0.0
no07,533967_00978_01607_0,1015,10:15,0.0,0.0,0.0
no07,533967_00978_01607_0,1030,10:30,0.0,0.0,0.0
no07,533967_00978_01607_0,1045,10:45,0.0,0.0,0.0
no07,533967_00978_01607_0,1100,11:00,0.0,0.0,0.0
no07,533967_00978_01607_0,1115,11:15,0.0,0.0,0.0
no07,533967_00978_01607_0,1130,11:30,0.0,0.0,0.0
no07,533967_00978_01607_0,1145,11:45,0.0,0.0,0.0
no07,533967_00978_01607_0,1200,12:00,0.0,0.0,0.0
no07,533967_00978_01607_0,1215,12:15,0.0,0.0,0.0
no07,533967_00978_01607_0,1230,12:30,0.0,0.0,0.0
no07,533967_00978_01607_0,1245,12:45,0.0,0.0,0.0
no07,533967_00978_01607_0,1300,13:00,0.0,0.0,0.0
no07,533967_00978_01607_0,1315,13:15,0.0,0.0,0.0
no07,533967_00978_01607_0,1330,13:30,0.0,0.0,0.0
no07,533967_00978_01607_0,1345,13:45,0.0,0.0,0.0
no07,533967_00978_01607_0,1400,14:00,0.0,0.0,0.0
no07,533967_00978_01607_0,1415,14:15,0.0,0.0,0.0
no07,533967_00978_01607_0,1430,14:30,0.0,0.0,0.0
no07,533967_00978_01607_0,1445,14:45,0.0,0.0,0.0
no07,533967_00978_01607_0,1500,15:00,0.0,0.0,0.0
no07,533967_00978_01607_0,1515,15:15,0.0,0.0,0.0
no07,533967_00978_01607_0,1530,15:30,0.0,0.0,0.0
no07,533967_00978_01607_0,1545,15:45,0.0,0.0,0.0
no07,533967_00978_01607_0,1600,16:00,0.0,0.0,0.0
no07,533967_00978_01607_0,1615,16:15,0.0,0.0,0.0
no07,533967_00978_01607_0,1630,16:30,0.0,0.0,0.0
no07,533967_00978_01607_0,1645,16:45,0.0,0.0,0.0
no07,533967_00978_01607_0,1700,17:00,0.0,0.0,0.0
no07,533967_00978_01607_0,1715,17:15,0.0,0.0,0.0
no07,533967_00978_01607_0,1730,17:30,0.0,0.0,0.0
no07,533967_00978_01607_0,1745,17:45,0.0,0.0,0.0
no07,533967_00978_01607_0,1800,18:00,0.0,0.0,0.0
no07,533967_00978_01607_0,1815,18:15,0.0,0.0,0.0
no07,533967_00978_01607_0,1830,18:30,0.0,0.0,0.0
no07,533967_00978_01607_0,1845,18:45,0.0,0.0,0.0
no07,533967_00978_01607_1,630,06:30,0.0,0.0,0.0
no07,533967_00978_01607_1,645,06:45,0.0,0.0,0.0
no07,533967_00978_01607_1,700,07:00,0.0,0.0,0.0
no07,533967_00978_01607_1,715,07:15,0.0,0.0,0.0
no07,533967_00978_01607_1,730,07:30,0.0,0.0,0.0
no07,533967_00978_01607_1,745,07:45,0.0,0.0,0.0
no07,533967_00978_01607_1,800,08:00,0.0,0.0,0.0
no07,533967_00978_01607_1,815,08:15,0.0,0.0,0.0
no07,533967_00978_01607_1,830,08:30,0.0,0.0,0.0
no07,533967_00978_01607_1,845,08:45,0.0,0.0,0.0
no07,533967_00978_01607_1,900,09:00,0.0,0.0,0.0
no07,533967_00978_01607_1,915,09:15,0.0,0.0,0.0
no07,533967_00978_01607_1,930,09:30,0.0,0.0,0.0
no07,533967_00978_01607_1,945,09:45,0.0,0.0,0.0
no07,533967_00978_01607_1,1000,10:00,0.0,0.0,0.0
no07,533967_00978_01607_1,1015,10:15,0.0,0.0,0.0
no07,533967_00978_01607_1,1030,10:30,0.0,0.0,0.0
no07,533967_00978_01607_1,1045,10:45,0.0,0.0,0.0
no07,533967_00978_01607_1,1100,11:00,0.0,0.0,0.0
no07,533967_00978_01607_1,1115,11:15,0.0,0.0,0.0
no07,533967_00978_01607_1,1130,11:30,0.0,0.0,0.0
no07,533967_00978_01607_1,1145,11:45,0.0,0.0,0.0
no07,533967_00978_01607_1,1200,12:00,0.0,0.0,0.0
no07,533967_00978_01607_1,1215,12:15,0.0,0.0,0.0
no07,533967_00978_01607_1,1230,12:30,0.0,0.0,0.0
no07,533967_00978_01607_1,1245,12:45,0.0,0.0,0.0
no07,533967_00978_01607_1,1300,13:00,0.0,0.0,0.0
no07,533967_00978_01607_1,1315,13:15,0.0,0.0,0.0
no07,533967_00978_01607_1,1330,13:30,0.0,0.0,0.0
no07,533967_00978_01607_1,1345,13:45,0.0,0.0,0.0
no07,533967_00978_01607_1,1400,14:00,0.0,0.0,0.0
no07,533967_00978_01607_1,1415,14:15,0.0,0.0,0.0
no07,533967_00978_01607_1,1430,14:30,0.0,0.0,0.0
no07,533967_00978_01607_1,1445,14:45,0.0,0.0,0.0
no07,533967_00978_01607_1,1500,15:00,0.0,0.0,0.0
no07,533967_00978_01607_1,1515,15:15,0.0,0.0,0.0
no07,533967_00978_01607_1,1530,15:30,0.0,0.0,0.0
no07,533967_00978_01607_1,1545,15:45,0.0,0.0,0.0
no07,533967_00978_01607_1,1600,16:00,0.0,0.0,0.0
no07,533967_00978_01607_1,1615,16:15,0.0,0.0,0.0
no07,533967_00978_01607_1,1630,16:30,0.0,0.0,0.0
no07,533967_00978_01607_1,1645,16:45,0.0,0.0,0.0
no07,533967_00978_01607_1,1700,17:00,0.0,0.0,0.0
no07,533967_00978_01607_1,1715,17:15,0.0,0.0,0.0
no07,533967_00978_01607_1,1730,17:30,0.0,0.0,0.0
no07,533967_00978_01607_1,1745,17:45,0.0,0.0,0.0
no07,533967_00978_01607_1,1800,18:00,0.0,0.0,0.0
no07,533967_00978_01607_1,1815,18:15,0.0,0.0,0.0
no07,533967_00978_01607_1,1830,18:30,0.0,0.0,0.0
no07,533967_00978_01607_1,1845,18:45,0.0,0.0,0.0
no07,533967_00978_12969_0,630,06:30,66.1,66.21052631578948,0.11052631578948535
no07,533967_00978_12969_0,645,06:45,83.2,82.78947368421052,-0.4105263157894825
no07,533967_00978_12969_0,700,07:00,75.0,75.3157894736842,0.3157894736842053
no07,533967_00978_12969_0,715,07:15,106.8,105.26315789473684,-1.5368421052631618
no07,533967_00978_12969_0,730,07:30,114.4,116.6842105263158,2.284210526315789
no07,533967_00978_12969_0,745,07:45,114.4,111.89473684210526,-2.5052631578947455
no07,533967_00978_12969_0,800,08:00,137.5,139.47368421052633,1.9736842105263293
no07,533967_00978_12969_0,815,08:15,142.15,143.73684210526315,1.5868421052631447
no07,533967_00978_12969_0,830,08:30,68.7,66.63157894736842,-2.068421052631578
no07,533967_00978_12969_0,845,08:45,85.85,84.47368421052632,-1.3763157894736793
no07,533967_00978_12969_0,900,09:00,106.3,105.63157894736842,-0.6684210526315724
no07,533967_00978_12969_0,915,09:15,44.15,46.47368421052632,2.3236842105263236
no07,533967_00978_12969_0,930,09:30,47.15,46.526315789473685,-0.6236842105263136
no07,533967_00978_12969_0,945,09:45,54.0,54.89473684210526,0.8947368421052602
no07,533967_00978_12969_0,1000,10:00,33.0,32.473684210526315,-0.526315789473685
no07,533967_00978_12969_0,1015,10:15,18.75,18.73684210526316,-0.013157894736838927
no07,533967_00978_12969_0,1030,10:30,20.75,21.05263157894737,0.3026315789473699
no07,533967_00978_12969_0,1045,10:45,37.95,37.78947368421053,-0.1605263157894754
no07,533967_00978_12969_0,1100,11:00,30.8,30.789473684210527,-0.010526315789473273
no07,533967_00978_12969_0,1115,11:15,15.45,15.578947368421051,0.12894736842105203
no07,533967_00978_12969_0,1130,11:30,13.2,13.105263157894736,-0.09473684210526301
no07,533967_00978_12969_0,1145,11:45,12.05,12.105263157894736,0.05526315789473557
no07,533967_00978_12969_0,1200,12:00,49.35,48.78947368421053,-0.560526315789474
no07,533967_00978_12969_0,1215,12:15,54.2,55.0,0.7999999999999972
no07,533967_00978_12969_0,1230,12:30,19.7,19.526315789473685,-0.17368421052631433
no07,533967_00978_12969_0,1245,12:45,38.4,38.05263157894737,-0.34736842105262866
no07,533967_00978_12969_0,1300,13:00,56.6,57.47368421052632,0.8736842105263207
no07,533967_00978_12969_0,1315,13:15,44.55,43.78947368421053,-0.7605263157894697
no07,533967_00978_12969_0,1330,13:30,40.0,40.26315789473684,0.2631578947368425
no07,533967_00978_12969_0,1345,13:45,34.2,34.05263157894737,-0.14736842105263293
no07,533967_00978_12969_0,1400,14:00,36.35,36.26315789473684,-0.08684210526315894
no07,533967_00978_12969_0,1415,14:15,31.3,31.526315789473685,0.22631578947368425
no07,533967_00978_12969_0,1430,14:30,58.4,58.42105263157895,0.02105263157895365
no07,533967_00978_12969_0,1445,14:45,55.3,54.63157894736842,-0.6684210526315795
no07,533967_00978_12969_0,1500,15:00,25.9,26.526315789473685,0.6263157894736864
no07,533967_00978_12969_0,1515,15:15,12.0,11.947368421052632,-0.05263157894736814
no07,533967_00978_12969_0,1530,15:30,21.75,21.526315789473685,-0.22368421052631504
no07,533967_00978_12969_0,1545,15:45,46.95,47.0,0.04999999999999716
no07,533967_00978_12969_0,1600,16:00,23.8,23.84210526315789,0.04210526315788954
no07,533967_00978_12969_0,1615,16:15,18.1,18.105263157894736,0.00526315789473486
no07,533967_00978_12969_0,1630,16:30,45.75,45.68421052631579,-0.0657894736842124
no07,533967_00978_12969_0,1645,16:45,57.3,57.21052631578947,-0.0894736842105246
no07,533967_00978_12969_0,1700,17:00,54.8,55.36842105263158,0.5684210526315852
no07,533967_00978_12969_0,1715,17:15,35.6,35.21052631578947,-0.38947368421052886
no07,533967_00978_12969_0,1730,17:30,65.7,65.42105263157895,-0.2789473684210577
no07,533967_00978_12969_0,1745,17:45,68.55,68.89473684210526,0.344736842105263
no07,533967_00978_12969_0,1800,18:00,59.65,59.8421052631579,0.19210526315789878
no07,533967_00978_12969_0,1815,18:15,55.8,55.578947368421055,-0.22105263157894228
no07,533967_00978_12969_0,1830,18:30,39.1,39.21052631578947,0.11052631578947114
no07,533967_00978_12969_0,1845,18:45,73.9,72.6842105263158,-1.215789473684211
no07,533967_00978_12969_1,630,06:30,29.5,29.473684210526315,-0.02631578947368496
no07,533967_00978_12969_1,645,06:45,27.8,27.894736842105264,0.09473684210526301
no07,533967_00978_12969_1,700,07:00,33.9,33.8421052631579,-0.057894736842101224
no07,533967_00978_12969_1,715,07:15,42.65,42.63157894736842,-0.018421052631580892
no07,533967_00978_12969_1,730,07:30,63.8,63.73684210526316,-0.06315789473683964
no07,533967_00978_12969_1,745,07:45,65.0,65.10526315789474,0.10526315789473983
no07,533967_00978_12969_1,800,08:00,60.25,60.21052631578947,-0.03947368421052744
no07,533967_00978_12969_1,815,08:15,50.65,50.63157894736842,-0.018421052631580892
no07,533967_00978_12969_1,830,08:30,56.2,56.26315789473684,0.06315789473683964
no07,533967_00978_12969_1,845,08:45,61.1,61.05263157894737,-0.047368421052631504
no07,533967_00978_12969_1,900,09:00,61.5,61.63157894736842,0.1315789473684177
no07,533967_00978_12969_1,915,09:15,58.35,58.26315789473684,-0.08684210526315894
no07,533967_00978_12969_1,930,09:30,37.8,37.78947368421053,-0.01052631578946972
no07,533967_00978_12969_1,945,09:45,80.9,80.78947368421052,-0.11052631578948535
no07,533967_00978_12969_1,1000,10:00,95.65,95.78947368421052,0.13947368421051465
no07,533967_00978_12969_1,1015,10:15,55.65,55.578947368421055,-0.0710526315789437
no07,533967_00978_12969_1,1030,10:30,53.6,53.63157894736842,0.031578947368416266
no07,533967_00978_12969_1,1045,10:45,75.95,75.89473684210526,-0.055263157894742676
no07,533967_00978_12969_1,1100,11:00,79.05,79.10526315789474,0.055263157894742676
no07,533967_00978_12969_1,1115,11:15,88.5,88.57894736842105,0.07894736842105488
no07,533967_00978_12969_1,1130,11:30,65.4,65.26315789473684,-0.1368421052631703
no07,533967_00978_12969_1,1145,11:45,70.4,70.47368421052632,0.07368421052630936
no07,533967_00978_12969_1,1200,12:00,65.9,65.78947368421052,-0.11052631578948535
no07,533967_00978_12969_1,1215,12:15,78.2,78.21052631578948,0.010526315789476826
no07,533967_00978_12969_1,1230,12:30,47.35,47.42105263157895,0.07105263157895081
no07,533967_00978_12969_1,1245,12:45,91.1,91.10526315789474,0.005263157894745518
no07,533967_00978_12969_1,1300,13:00,69.9,69.94736842105263,0.0473684210526244
no07,533967_00978_12969_1,1315,13:15,83.65,83.63157894736842,-0.018421052631580892
no07,533967_00978_12969_1,1330,13:30,92.0,91.94736842105264,-0.052631578947355706
no07,533967_00978_12969_1,1345,13:45,45.4,45.36842105263158,-0.031578947368416266
no07,533967_00978_12969_1,1400,14:00,65.8,65.78947368421052,-0.010526315789476826
no07,533967_00978_12969_1,1415,14:15,92.0,92.0,0.0
no07,533967_00978_12969_1,1430,14:30,49.75,49.8421052631579,0.09210526315789735
no07,533967_00978_12969_1,1445,14:45,68.05,68.0,-0.04999999999999716
no07,533967_00978_12969_1,1500,15:00,78.65,78.73684210526316,0.08684210526315894
no07,533967_00978_12969_1,1515,15:15,55.8,55.78947368421053,-0.01052631578946972
no07,533967_00978_12969_1,1530,15:30,77.65,77.63157894736842,-0.018421052631580892
no07,533967_00978_12969_1,1545,15:45,56.8,56.78947368421053,-0.01052631578946972
no07,533967_00978_12969_1,1600,16:00,84.6,84.63157894736842,0.03157894736843048
no07,533967_00978_12969_1,1615,16:15,83.15,83.05263157894737,-0.09736842105263577
no07,533967_00978_12969_1,1630,16:30,55.6,55.578947368421055,-0.021052631578946546
no07,533967_00978_12969_1,1645,16:45,84.3,84.3157894736842,0.015789473684208133
no07,533967_00978_12969_1,1700,17:00,66.65,66.78947368421052,0.13947368421051465
no07,533967_00978_12969_1,1715,17:15,69.5,69.3157894736842,-0.1842105263157947
no07,533967_00978_12969_1,1730,17:30,89.35,89.36842105263158,0.018421052631580892
no07,533967_00978_12969_1,1745,17:45,72.2,72.3157894736842,0.11578947368420245
no07,533967_00978_12969_1,1800,18:00,86.25,86.42105263157895,0.17105263157894512
no07,533967_00978_12969_1,1815,18:15,62.65,62.36842105263158,-0.28157894736841627
no07,533967_00978_12969_1,1830,18:30,95.05,95.15789473684212,0.1078947368421268
no07,533967_00978_12969_1,1845,18:45,74.2,74.10526315789474,-0.09473684210526301
no07,533967_00978_87768_0,630,06:30,0.0,0.0,0.0
no07,533967_00978_87768_0,645,06:45,0.0,0.0,0.0
no07,533967_00978_87768_0,700,07:00,0.0,0.0,0.0
no07,533967_00978_87768_0,715,07:15,0.0,0.0,0.0
no07,533967_00978_87768_0,730,07:30,0.0,0.0,0.0
no07,533967_00978_87768_0,745,07:45,0.0,0.0,0.0
no07,533967_00978_87768_0,800,08:00,0.0,0.0,0.0
no07,533967_00978_87768_0,815,08:15,0.0,0.0,0.0
no07,533967_00978_87768_0,830,08:30,0.0,0.0,0.0
no07,533967_00978_87768_0,845,08:45,0.0,0.0,0.0
no07,533967_00978_87768_0,900,09:00,0.0,0.0,0.0
no07,533967_00978_87768_0,915,09:15,0.0,0.0,0.0
no07,533967_00978_87768_0,930,09:30,0.0,0.0,0.0
no07,533967_00978_87768_0,945,09:45,0.0,0.0,0.0
no07,533967_00978_87768_0,1000,10:00,0.0,0.0,0.0
no07,533967_00978_87768_0,1015,10:15,0.0,0.0,0.0
no07,533967_00978_87768_0,1030,10:30,0.0,0.0,0.0
no07,533967_00978_87768_0,1045,10:45,0.0,0.0,0.0
no07,533967_00978_87768_0,1100,11:00,0.0,0.0,0.0
no07,533967_00978_87768_0,1115,11:15,0.0,0.0,0.0
no07,533967_00978_87768_0,1130,11:30,0.0,0.0,0.0
no07,533967_00978_87768_0,1145,11:45,0.0,0.0,0.0
no07,533967_00978_87768_0,1200,12:00,0.0,0.0,0.0
no07,533967_00978_87768_0,1215,12:15,0.0,0.0,0.0
no07,533967_00978_87768_0,1230,12:30,0.0,0.0,0.0
no07,533967_00978_87768_0,1245,12:45,0.0,0.0,0.0
no07,533967_00978_87768_0,1300,13:00,0.0,0.0,0.0
no07,533967_00978_87768_0,1315,13:15,0.0,0.0,0.0
no07,533967_00978_87768_0,1330,13:30,0.0,0.0,0.0
no07,533967_00978_87768_0,1345,13:45,0.0,0.0,0.0
no07,533967_00978_87768_0,1400,14:00,0.0,0.0,0.0
no07,533967_00978_87768_0,1415,14:15,0.0,0.0,0.0
no07,533967_00978_87768_0,1430,14:30,0.0,0.0,0.0
no07,533967_00978_87768_0,1445,14:45,0.0,0.0,0.0
no07,533967_00978_87768_0,1500,15:00,0.0,0.0,0.0
no07,533967_00978_87768_0,1515,15:15,0.0,0.0,0.0
no07,533967_00978_87768_0,1530,15:30,0.0,0.0,0.0
no07,533967_00978_87768_0,1545,15:45,0.0,0.0,0.0
no07,533967_00978_87768_0,1600,16:00,0.0,0.0,0.0
no07,533967_00978_87768_0,1615,16:15,0.0,0.0,0.0
no07,533967_00978_87768_0,1630,16:30,0.0,0.0,0.0
no07,533967_00978_87768_0,1645,16:45,0.0,0.0,0.0
no07,533967_00978_87768_0,1700,17:00,0.0,0.0,0.0
no07,533967_00978_87768_0,1715,17:15,0.0,0.0,0.0
no07,533967_00978_87768_0,1730,17:30,0.0,0.0,0.0
no07,533967_00978_87768_0,1745,17:45,0.0,0.0,0.0
no07,533967_00978_87768_0,1800,18:00,0.0,0.0,0.0
no07,533967_00978_87768_0,1815,18:15,0.0,0.0,0.0
no07,533967_00978_87768_0,1830,18:30,0.0,0.0,0.0
no07,533967_00978_87768_0,1845,18:45,0.0,0.0,0.0
no07,533967_00978_87768_1,630,06:30,0.0,0.0,0.0
no07,533967_00978_87768_1,645,06:45,0.0,0.0,0.0
no07,533967_00978_87768_1,700,07:00,0.0,0.0,0.0
no07,533967_00978_87768_1,715,07:15,0.0,0.0,0.0
no07,533967_00978_87768_1,730,07:30,0.0,0.0,0.0
no07,533967_00978_87768_1,745,07:45,0.0,0.0,0.0
no07,533967_00978_87768_1,800,08:00,0.0,0.0,0.0
no07,533967_00978_87768_1,815,08:15,0.0,0.0,0.0
no07,533967_00978_87768_1,830,08:30,0.0,0.0,0.0
no07,533967_00978_87768_1,845,08:45,0.0,0.0,0.0
no07,533967_00978_87768_1,900,09:00,0.0,0.0,0.0
no07,533967_00978_87768_1,915,09:15,0.0,0.0,0.0
no07,533967_00978_87768_1,930,09:30,0.0,0.0,0.0
no07,533967_00978_87768_1,945,09:45,0.0,0.0,0.0
no07,533967_00978_87768_1,1000,10:00,0.0,0.0,0.0
no07,533967_00978_87768_1,1015,10:15,0.0,0.0,0.0
no07,533967_00978_87768_1,1030,10:30,0.0,0.0,0.0
no07,533967_00978_87768_1,1045,10:45,0.0,0.0,0.0
no07,533967_00978_87768_1,1100,11:00,0.0,0.0,0.0
no07,533967_00978_87768_1,1115,11:15,0.0,0.0,0.0
no07,533967_00978_87768_1,1130,11:30,0.0,0.0,0.0
no07,533967_00978_87768_1,1145,11:45,0.0,0.0,0.0
no07,533967_00978_87768_1,1200,12:00,0.0,0.0,0.0
no07,533967_00978_87768_1,1215,12:15,0.0,0.0,0.0
no07,533967_00978_87768_1,1230,12:30,0.0,0.0,0.0
no07,533967_00978_87768_1,1245,12:45,0.0,0.0,0.0
no07,533967_00978_87768_1,1300,13:00,0.0,0.0,0.0
no07,533967_00978_87768_1,1315,13:15,0.0,0.0,0.0
no07,533967_00978_87768_1,1330,13:30,0.0,0.0,0.0
no07,533967_00978_87768_1,1345,13:45,0.0,0.0,0.0
no07,533967_00978_87768_1,1400,14:00,0.0,0.0,0.0
no07,533967_00978_87768_1,1415,14:15,0.0,0.0,0.0
no07,533967_00978_87768_1,1430,14:30,0.0,0.0,0.0
no07,533967_00978_87768_1,1445,14:45,0.0,0.0,0.0
no07,533967_00978_87768_1,1500,15:00,0.0,0.0,0.0
no07,533967_00978_87768_1,1515,15:15,0.0,0.0,0.0
no07,533967_00978_87768_1,1530,15:30,0.0,0.0,0.0
no07,533967_00978_87768_1,1545,15:45,0.0,0.0,0.0
no07,533967_00978_87768_1,1600,16:00,0.0,0.0,0.0
no07,533967_00978_87768_1,1615,16:15,0.0,0.0,0.0
no07,533967_00978_87768_1,1630,16:30,0.0,0.0,0.0
no07,533967_00978_87768_1,1645,16:45,0.0,0.0,0.0
no07,533967_00978_87768_1,1700,17:00,0.0,0.0,0.0
no07,533967_00978_87768_1,1715,17:15,0.0,0.0,0.0
no07,533967_00978_87768_1,1730,17:30,0.0,0.0,0.0
no07,533967_00978_87768_1,1745,17:45,0.0,0.0,0.0
no07,533967_00978_87768_1,1800,18:00,0.0,0.0,0.0
no07,533967_00978_87768_1,1815,18:15,0.0,0.0,0.0
no07,533967_00978_87768_1,1830,18:30,0.0,0.0,0.0
no07,533967_00978_87768_1,1845,18:45,0.0,0.0,0.0
no07,533967_01268_13716_0,630,06:30,0.0,0.0,0.0
no07,533967_01268_13716_0,645,06:45,0.0,0.0,0.0
no07,533967_01268_13716_0,700,07:00,0.0,0.0,0.0
no07,533967_01268_13716_0,715,07:15,0.0,0.0,0.0
no07,533967_01268_13716_0,730,07:30,0.0,0.0,0.0
no07,533967_01268_13716_0,745,07:45,0.0,0.0,0.0
no07,533967_01268_13716_0,800,08:00,0.0,0.0,0.0
no07,533967_01268_13716_0,815,08:15,0.0,0.0,0.0
no07,533967_01268_13716_0,830,08:30,0.0,0.0,0.0
no07,533967_01268_13716_0,845,08:45,0.0,0.0,0.0
no07,533967_01268_13716_0,900,09:00,0.0,0.0,0.0
no07,533967_01268_13716_0,915,09:15,0.0,0.0,0.0
no07,533967_01268_13716_0,930,09:30,0.0,0.0,0.0
no07,533967_01268_13716_0,945,09:45,0.0,0.0,0.0
no07,533967_01268_13716_0,1000,10:00,0.0,0.0,0.0
no07,533967_01268_13716_0,1015,10:15,0.0,0.0,0.0
no07,533967_01268_13716_0,1030,10:30,0.0,0.0,0.0
no07,533967_01268_13716_0,1045,10:45,0.0,0.0,0.0
no07,533967_01268_13716_0,1100,11:00,0.0,0.0,0.0
no07,533967_01268_13716_0,1115,11:15,0.0,0.0,0.0
no07,533967_01268_13716_0,1130,11:30,0.0,0.0,0.0
no07,533967_01268_13716_0,1145,11:45,0.0,0.0,0.0
no07,533967_01268_13716_0,1200,12:00,0.0,0.0,0.0
no07,533967_01268_13716_0,1215,12:15,0.0,0.0,0.0
no07,533967_01268_13716_0,1230,12:30,0.0,0.0,0.0
no07,533967_01268_13716_0,1245,12:45,0.0,0.0,0.0
no07,533967_01268_13716_0,1300,13:00,0.0,0.0,0.0
no07,533967_01268_13716_0,1315,13:15,0.0,0.0,0.0
no07,533967_01268_13716_0,1330,13:30,0.0,0.0,0.0
no07,533967_01268_13716_0,1345,13:45,0.0,0.0,0.0
no07,533967_01268_13716_0,1400,14:00,0.0,0.0,0.0
no07,533967_01268_13716_0,1415,14:15,0.0,0.0,0.0
no07,533967_01268_13716_0,1430,14:30,0.0,0.0,0.0
no07,533967_01268_13716_0,1445,14:45,0.0,0.0,0.0
no07,533967_01268_13716_0,1500,15:00,0.0,0.0,0.0
no07,533967_01268_13716_0,1515,15:15,0.0,0.0,0.0
no07,533967_01268_13716_0,1530,15:30,0.0,0.0,0.0
no07,533967_01268_13716_0,1545,15:45,0.0,0.0,0.0
no07,533967_01268_13716_0,1600,16:00,0.0,0.0,0.0
no07,533967_01268_13716_0,1615,16:15,0.0,0.0,0.0
no07,533967_01268_13716_0,1630,16:30,0.0,0.0,0.0
no07,533967_01268_13716_0,1645,16:45,0.0,0.0,0.0
no07,533967_01268_13716_0,1700,17:00,0.0,0.0,0.0
no07,533967_01268_13716_0,1715,17:15,0.0,0.0,0.0
no07,533967_01268_13716_0,1730,17:30,0.0,0.0,0.0
no07,533967_01268_13716_0,1745,17:45,0.0,0.0,0.0
no07,533967_01268_13716_0,1800,18:00,0.0,0.0,0.0
no07,533967_01268_13716_0,1815,18:15,0.0,0.0,0.0
no07,533967_01268_13716_0,1830,18:30,0.0,0.0,0.0
no07,533967_01268_13716_0,1845,18:45,0.0,0.0,0.0
no07,533967_01268_13716_1,630,06:30,0.0,0.0,0.0
no07,533967_01268_13716_1,645,06:45,0.0,0.0,0.0
no07,533967_01268_13716_1,700,07:00,0.0,0.0,0.0
no07,533967_01268_13716_1,715,07:15,0.0,0.0,0.0
no07,533967_01268_13716_1,730,07:30,0.0,0.0,0.0
no07,533967_01268_13716_1,745,07:45,0.0,0.0,0.0
no07,533967_01268_13716_1,800,08:00,0.0,0.0,0.0
no07,533967_01268_13716_1,815,08:15,0.0,0.0,0.0
no07,533967_01268_13716_1,830,08:30,0.0,0.0,0.0
no07,533967_01268_13716_1,845,08:45,0.0,0.0,0.0
no07,533967_01268_13716_1,900,09:00,0.0,0.0,0.0
no07,533967_01268_13716_1,915,09:15,0.0,0.0,0.0
no07,533967_01268_13716_1,930,09:30,0.0,0.0,0.0
no07,533967_01268_13716_1,945,09:45,0.0,0.0,0.0
no07,533967_01268_13716_1,1000,10:00,0.0,0.0,0.0
no07,533967_01268_13716_1,1015,10:15,0.0,0.0,0.0
no07,533967_01268_13716_1,1030,10:30,0.0,0.0,0.0
no07,533967_01268_13716_1,1045,10:45,0.0,0.0,0.0
no07,533967_01268_13716_1,1100,11:00,0.0,0.0,0.0
no07,533967_01268_13716_1,1115,11:15,0.0,0.0,0.0
no07,533967_01268_13716_1,1130,11:30,0.0,0.0,0.0
no07,533967_01268_13716_1,1145,11:45,0.0,0.0,0.0
no07,533967_01268_13716_1,1200,12:00,0.0,0.0,0.0
no07,533967_01268_13716_1,1215,12:15,0.0,0.0,0.0
no07,533967_01268_13716_1,1230,12:30,0.0,0.0,0.0
no07,533967_01268_13716_1,1245,12:45,0.0,0.0,0.0
no07,533967_01268_13716_1,1300,13:00,0.0,0.0,0.0
no07,533967_01268_13716_1,1315,13:15,0.0,0.0,0.0
no07,533967_01268_13716_1,1330,13:30,0.0,0.0,0.0
no07,533967_01268_13716_1,1345,13:45,0.0,0.0,0.0
no07,533967_01268_13716_1,1400,14:00,0.0,0.0,0.0
no07,533967_01268_13716_1,1415,14:15,0.0,0.0,0.0
no07,533967_01268_13716_1,1430,14:30,0.0,0.0,0.0
no07,533967_01268_13716_1,1445,14:45,0.0,0.0,0.0
no07,533967_01268_13716_1,1500,15:00,0.0,0.0,0.0
no07,533967_01268_13716_1,1515,15:15,0.0,0.0,0.0
no07,533967_01268_13716_1,1530,15:30,0.0,0.0,0.0
no07,533967_01268_13716_1,1545,15:45,0.0,0.0,0.0
no07,533967_01268_13716_1,1600,16:00,0.0,0.0,0.0
no07,533967_01268_13716_1,1615,16:15,0.0,0.0,0.0
no07,533967_01268_13716_1,1630,16:30,0.0,0.0,0.0
no07,533967_01268_13716_1,1645,16:45,0.0,0.0,0.0
no07,533967_01268_13716_1,1700,17:00,1.75,6.157894736842105,4.407894736842105
no07,533967_01268_13716_1,1715,17:15,0.0,0.0,0.0
no07,533967_01268_13716_1,1730,17:30,0.0,0.0,0.0
no07,533967_01268_13716_1,1745,17:45,0.0,0.0,0.0
no07,533967_01268_13716_1,1800,18:00,0.0,0.0,0.0
no07,533967_01268_13716_1,1815,18:15,0.0,0.0,0.0
no07,533967_01268_13716_1,1830,18:30,0.0,0.0,0.0
no07,533967_01268_13716_1,1845,18:45,0.0,0.0,0.0
no07,533967_01269_13715_0,630,06:30,36.3,36.1578947368421,-0.1421052631578945
no07,533967_01269_13715_0,645,06:45,47.65,47.78947368421053,0.13947368421052886
no07,533967_01269_13715_0,700,07:00,14.25,14.210526315789474,-0.03947368421052566
no07,533967_01269_13715_0,715,07:15,52.45,52.47368421052632,0.023684210526319305
no07,533967_01269_13715_0,730,07:30,60.6,60.47368421052632,-0.12631578947367927
no07,533967_01269_13715_0,745,07:45,71.3,71.10526315789474,-0.19473684210525732
no07,533967_01269_13715_0,800,08:00,86.05,86.52631578947368,0.4763157894736878
no07,533967_01269_13715_0,815,08:15,37.3,37.1578947368421,-0.1421052631578945
no07,533967_01269_13715_0,830,08:30,103.15,102.6842105263158,-0.465789473684211
no07,533967_01269_13715_0,845,08:45,56.15,56.8421052631579,0.6921052631578988
no07,533967_01269_13715_0,900,09:00,43.85,43.68421052631579,-0.16578947368421382
no07,533967_01269_13715_0,915,09:15,94.7,95.42105263157896,0.7210526315789565
no07,533967_01269_13715_0,930,09:30,47.1,46.63157894736842,-0.46842105263158373
no07,533967_01269_13715_0,945,09:45,24.25,23.84210526315789,-0.40789473684210975
no07,533967_01269_13715_0,1000,10:00,88.6,88.6842105263158,0.0842105263158004
no07,533967_01269_13715_0,1015,10:15,35.9,35.8421052631579,-0.057894736842101224
no07,533967_01269_13715_0,1030,10:30,67.8,67.52631578947368,-0.2736842105263122
no07,533967_01269_13715_0,1045,10:45,38.7,39.05263157894737,0.3526315789473671
no07,533967_01269_13715_0,1100,11:00,55.55,55.31578947368421,-0.23421052631578476
no07,533967_01269_13715_0,1115,11:15,56.7,57.36842105263158,0.6684210526315795
no07,533967_01269_13715_0,1130,11:30,48.75,48.36842105263158,-0.3815789473684177
no07,533967_01269_13715_0,1145,11:45,65.05,64.36842105263158,-0.681578947368422
no07,533967_01269_13715_0,1200,12:00,59.9,60.526315789473685,0.6263157894736864
no07,533967_01269_13715_0,1215,12:15,57.65,57.578947368421055,-0.0710526315789437
no07,533967_01269_13715_0,1230,12:30,81.05,81.52631578947368,0.4763157894736878
no07,533967_01269_13715_0,1245,12:45,70.85,70.36842105263158,-0.4815789473684191
no07,533967_01269_13715_0,1300,13:00,65.6,65.10526315789474,-0.4947368421052545
no07,533967_01269_13715_0,1315,13:15,46.65,47.05263157894737,0.40263157894737134
no07,533967_01269_13715_0,1330,13:30,59.8,59.78947368421053,-0.01052631578946972
no07,533967_01269_13715_0,1345,13:45,32.8,32.10526315789474,-0.6947368421052573
no07,533967_01269_13715_0,1400,14:00,57.65,58.68421052631579,1.034210526315789
no07,533967_01269_13715_0,1415,14:15,34.65,34.473684210526315,-0.17631578947368354
no07,533967_01269_13715_0,1430,14:30,85.4,85.26315789473684,-0.1368421052631703
no07,533967_01269_13715_0,1445,14:45,52.15,52.26315789473684,0.1131578947368439
no07,533967_01269_13715_0,1500,15:00,44.5,45.10526315789474,0.6052631578947398
no07,533967_01269_13715_0,1515,15:15,67.3,67.05263157894737,-0.24736842105262724
no07,533967_01269_13715_0,1530,15:30,37.1,36.73684210526316,-0.3631578947368439
no07,533967_01269_13715_0,1545,15:45,52.6,52.36842105263158,-0.2315789473684191
no07,533967_01269_13715_0,1600,16:00,52.35,51.526315789473685,-0.8236842105263165
no07,533967_01269_13715_0,1615,16:15,92.05,93.42105263157896,1.3710526315789622
no07,533967_01269_13715_0,1630,16:30,94.45,93.94736842105264,-0.5026315789473585
no07,533967_01269_13715_0,1645,16:45,32.25,32.473684210526315,0.22368421052631504
no07,533967_01269_13715_0,1700,17:00,49.85,49.68421052631579,-0.16578947368421382
no07,533967_01269_13715_0,1715,17:15,20.3,20.42105263157895,0.12105263157894797
no07,533967_01269_13715_0,1730,17:30,44.1,43.73684210526316,-0.3631578947368439
no07,533967_01269_13715_0,1745,17:45,72.45,72.89473684210526,0.4447368421052573
no07,533967_01269_13715_0,1800,18:00,83.85,82.15789473684211,-1.6921052631578846
no07,533967_01269_13715_0,1815,18:15,64.85,66.52631578947368,1.6763157894736906
no07,533967_01269_13715_0,1830,18:30,42.9,42.8421052631579,-0.057894736842101224
no07,533967_01269_13715_0,1845,18:45,56.75,56.8421052631579,0.09210526315789735
no07,533967_01405_01406_0,630,06:30,0.0,0.0,0.0
no07,533967_01405_01406_0,645,06:45,0.0,0.0,0.0
no07,533967_01405_01406_0,700,07:00,0.0,0.0,0.0
no07,533967_01405_01406_0,715,07:15,0.0,0.0,0.0
no07,533967_01405_01406_0,730,07:30,0.0,0.0,0.0
no07,533967_01405_01406_0,745,07:45,0.0,0.0,0.0
no07,533967_01405_01406_0,800,08:00,0.0,0.0,0.0
no07,533967_01405_01406_0,815,08:15,0.0,0.0,0.0
no07,533967_01405_01406_0,830,08:30,0.0,0.0,0.0
no07,533967_01405_01406_0,845,08:45,0.0,0.0,0.0
no07,533967_01405_01406_0,900,09:00,0.0,0.0,0.0
no07,533967_01405_01406_0,915,09:15,0.0,0.0526315789473684,0.0526315789473684
no07,533967_01405_01406_0,930,09:30,0.25,0.4210526315789473,0.1710526315789473
no07,533967_01405_01406_0,945,09:45,0.0,0.0,0.0
no07,533967_01405_01406_0,1000,10:00,0.0,0.0,0.0
no07,533967_01405_01406_0,1015,10:15,0.0,0.0,0.0
no07,533967_01405_01406_0,1030,10:30,0.0,0.0,0.0
no07,533967_01405_01406_0,1045,10:45,0.0,0.0,0.0
no07,533967_01405_01406_0,1100,11:00,0.0,0.0,0.0
no07,533967_01405_01406_0,1115,11:15,0.0,0.0,0.0
no07,533967_01405_01406_0,1130,11:30,0.0,0.0,0.0
no07,533967_01405_01406_0,1145,11:45,0.0,0.0,0.0
no07,533967_01405_01406_0,1200,12:00,0.0,0.0,0.0
no07,533967_01405_01406_0,1215,12:15,0.0,0.0,0.0
no07,533967_01405_01406_0,1230,12:30,0.0,0.0,0.0
no07,533967_01405_01406_0,1245,12:45,0.0,0.0,0.0
no07,533967_01405_01406_0,1300,13:00,0.0,0.0,0.0
no07,533967_01405_01406_0,1315,13:15,0.0,0.0,0.0
no07,533967_01405_01406_0,1330,13:30,0.0,0.0,0.0
no07,533967_01405_01406_0,1345,13:45,0.0,0.0,0.0
no07,533967_01405_01406_0,1400,14:00,0.0,0.0,0.0
no07,533967_01405_01406_0,1415,14:15,0.0,0.0,0.0
no07,533967_01405_01406_0,1430,14:30,0.0,0.0,0.0
no07,533967_01405_01406_0,1445,14:45,0.0,0.0,0.0
no07,533967_01405_01406_0,1500,15:00,0.0,0.0,0.0
no07,533967_01405_01406_0,1515,15:15,0.0,0.0,0.0
no07,533967_01405_01406_0,1530,15:30,0.0,0.0,0.0
no07,533967_01405_01406_0,1545,15:45,0.0,0.0,0.0
no07,533967_01405_01406_0,1600,16:00,0.1,0.0526315789473684,-0.04736842105263161
no07,533967_01405_01406_0,1615,16:15,0.35,0.0526315789473684,-0.29736842105263156
no07,533967_01405_01406_0,1630,16:30,0.0,0.0,0.0
no07,533967_01405_01406_0,1645,16:45,0.0,0.0,0.0
no07,533967_01405_01406_0,1700,17:00,1.75,6.157894736842105,4.407894736842105
no07,533967_01405_01406_0,1715,17:15,0.0,0.0,0.0
no07,533967_01405_01406_0,1730,17:30,0.0,0.0,0.0
no07,533967_01405_01406_0,1745,17:45,0.0,0.0,0.0
no07,533967_01405_01406_0,1800,18:00,0.0,0.0,0.0
no07,533967_01405_01406_0,1815,18:15,0.0,0.0,0.0
no07,533967_01405_01406_0,1830,18:30,1.85,1.5789473684210529,-0.2710526315789472
no07,533967_01405_01406_0,1845,18:45,0.0,0.0,0.0
no07,533967_01405_01406_1,630,06:30,0.0,0.0,0.0
no07,533967_01405_01406_1,645,06:45,0.0,0.0,0.0
no07,533967_01405_01406_1,700,07:00,0.0,0.0,0.0
no07,533967_01405_01406_1,715,07:15,0.0,0.0,0.0
no07,533967_01405_01406_1,730,07:30,0.0,0.0,0.0
no07,533967_01405_01406_1,745,07:45,0.0,0.0,0.0
no07,533967_01405_01406_1,800,08:00,0.0,0.0,0.0
no07,533967_01405_01406_1,815,08:15,0.0,0.0,0.0
no07,533967_01405_01406_1,830,08:30,0.0,0.0,0.0
no07,533967_01405_01406_1,845,08:45,0.0,0.0,0.0
no07,533967_01405_01406_1,900,09:00,0.0,0.0,0.0
no07,533967_01405_01406_1,915,09:15,0.0,0.0,0.0
no07,533967_01405_01406_1,930,09:30,0.0,0.0,0.0
no07,533967_01405_01406_1,945,09:45,0.0,0.0,0.0
no07,533967_01405_01406_1,1000,10:00,0.0,0.0,0.0
no07,533967_01405_01406_1,1015,10:15,0.0,0.0,0.0
no07,533967_01405_01406_1,1030,10:30,0.0,0.0,0.0
no07,533967_01405_01406_1,1045,10:45,0.0,0.0,0.0
no07,533967_01405_01406_1,1100,11:00,0.0,0.0,0.0
no07,533967_01405_01406_1,1115,11:15,0.0,0.0,0.0
no07,533967_01405_01406_1,1130,11:30,0.0,0.0,0.0
no07,533967_01405_01406_1,1145,11:45,0.0,0.0,0.0
no07,533967_01405_01406_1,1200,12:00,0.0,0.0,0.0
no07,533967_01405_01406_1,1215,12:15,0.0,0.0,0.0
no07,533967_01405_01406_1,1230,12:30,0.0,0.0,0.0
no07,533967_01405_01406_1,1245,12:45,0.0,0.0,0.0
no07,533967_01405_01406_1,1300,13:00,0.0,0.0,0.0
no07,533967_01405_01406_1,1315,13:15,0.0,0.0,0.0
no07,533967_01405_01406_1,1330,13:30,0.0,0.0,0.0
no07,533967_01405_01406_1,1345,13:45,0.0,0.0,0.0
no07,533967_01405_01406_1,1400,14:00,0.0,0.0,0.0
no07,533967_01405_01406_1,1415,14:15,0.0,0.0,0.0
no07,533967_01405_01406_1,1430,14:30,0.0,0.0,0.0
no07,533967_01405_01406_1,1445,14:45,0.0,0.0,0.0
no07,533967_01405_01406_1,1500,15:00,0.0,0.0,0.0
no07,533967_01405_01406_1,1515,15:15,0.0,0.0,0.0
no07,533967_01405_01406_1,1530,15:30,0.0,0.0,0.0
no07,533967_01405_01406_1,1545,15:45,0.0,0.0,0.0
no07,533967_01405_01406_1,1600,16:00,0.0,0.0,0.0
no07,533967_01405_01406_1,1615,16:15,0.0,0.0,0.0
no07,533967_01405_01406_1,1630,16:30,0.0,0.0,0.0
no07,533967_01405_01406_1,1645,16:45,0.0,0.0,0.0
no07,533967_01405_01406_1,1700,17:00,0.0,0.0,0.0
no07,533967_01405_01406_1,1715,17:15,0.0,0.0,0.0
no07,533967_01405_01406_1,1730,17:30,0.0,0.0,0.0
no07,533967_01405_01406_1,1745,17:45,0.0,0.0,0.0
no07,533967_01405_01406_1,1800,18:00,0.0,0.0,0.0
no07,533967_01405_01406_1,1815,18:15,0.0,0.0,0.0
no07,533967_01405_01406_1,1830,18:30,0.0,0.0,0.0
no07,533967_01405_01406_1,1845,18:45,0.0,0.0,0.0
no07,533967_01406_01408_0,630,06:30,0.0,0.0,0.0
no07,533967_01406_01408_0,645,06:45,0.0,0.0,0.0
no07,533967_01406_01408_0,700,07:00,0.0,0.0,0.0
no07,533967_01406_01408_0,715,07:15,0.0,0.0,0.0
no07,533967_01406_01408_0,730,07:30,0.0,0.0,0.0
no07,533967_01406_01408_0,745,07:45,0.0,0.0,0.0
no07,533967_01406_01408_0,800,08:00,0.0,0.0,0.0
no07,533967_01406_01408_0,815,08:15,0.0,0.0,0.0
no07,533967_01406_01408_0,830,08:30,0.0,0.0,0.0
no07,533967_01406_01408_0,845,08:45,0.0,0.0,0.0
no07,533967_01406_01408_0,900,09:00,0.0,0.0,0.0
no07,533967_01406_01408_0,915,09:15,0.0,0.0,0.0
no07,533967_01406_01408_0,930,09:30,0.0,0.0,0.0
no07,533967_01406_01408_0,945,09:45,0.0,0.0,0.0
no07,533967_01406_01408_0,1000,10:00,0.0,0.0,0.0
no07,533967_01406_01408_0,1015,10:15,0.0,0.0,0.0
no07,533967_01406_01408_0,1030,10:30,0.0,0.0,0.0
no07,533967_01406_01408_0,1045,10:45,0.0,0.0,0.0
no07,533967_01406_01408_0,1100,11:00,0.0,0.0,0.0
no07,533967_01406_01408_0,1115,11:15,0.0,0.0,0.0
no07,533967_01406_01408_0,1130,11:30,0.0,0.0,0.0
no07,533967_01406_01408_0,1145,11:45,0.0,0.0,0.0
no07,533967_01406_01408_0,1200,12:00,0.0,0.0,0.0
no07,533967_01406_01408_0,1215,12:15,0.0,0.0,0.0
no07,533967_01406_01408_0,1230,12:30,0.0,0.0,0.0
no07,533967_01406_01408_0,1245,12:45,0.0,0.0,0.0
no07,533967_01406_01408_0,1300,13:00,0.0,0.0,0.0
no07,533967_01406_01408_0,1315,13:15,0.0,0.0,0.0
no07,533967_01406_01408_0,1330,13:30,0.0,0.0,0.0
no07,533967_01406_01408_0,1345,13:45,0.0,0.0,0.0
no07,533967_01406_01408_0,1400,14:00,0.0,0.0,0.0
no07,533967_01406_01408_0,1415,14:15,0.0,0.0,0.0
no07,533967_01406_01408_0,1430,14:30,0.0,0.0,0.0
no07,533967_01406_01408_0,1445,14:45,0.0,0.0,0.0
no07,533967_01406_01408_0,1500,15:00,0.0,0.0,0.0
no07,533967_01406_01408_0,1515,15:15,0.0,0.0,0.0
no07,533967_01406_01408_0,1530,15:30,0.0,0.0,0.0
no07,533967_01406_01408_0,1545,15:45,0.0,0.0,0.0
no07,533967_01406_01408_0,1600,16:00,0.0,0.0,0.0
no07,533967_01406_01408_0,1615,16:15,0.0,0.0,0.0
no07,533967_01406_01408_0,1630,16:30,0.0,0.0,0.0
no07,533967_01406_01408_0,1645,16:45,0.0,0.0,0.0
no07,533967_01406_01408_0,1700,17:00,1.75,6.157894736842105,4.407894736842105
no07,533967_01406_01408_0,1715,17:15,0.0,0.0,0.0
no07,533967_01406_01408_0,1730,17:30,0.0,0.0,0.0
no07,533967_01406_01408_0,1745,17:45,0.0,0.0,0.0
no07,533967_01406_01408_0,1800,18:00,0.0,0.0,0.0
no07,533967_01406_01408_0,1815,18:15,0.0,0.0,0.0
no07,533967_01406_01408_0,1830,18:30,0.0,0.0,0.0
no07,533967_01406_01408_0,1845,18:45,0.0,0.0,0.0
no07,533967_01406_01408_1,630,06:30,0.0,0.0,0.0
no07,533967_01406_01408_1,645,06:45,0.0,0.0,0.0
no07,533967_01406_01408_1,700,07:00,0.0,0.0,0.0
no07,533967_01406_01408_1,715,07:15,0.0,0.0,0.0
no07,533967_01406_01408_1,730,07:30,0.0,0.0,0.0
no07,533967_01406_01408_1,745,07:45,0.0,0.0,0.0
no07,533967_01406_01408_1,800,08:00,0.0,0.0,0.0
no07,533967_01406_01408_1,815,08:15,0.0,0.0,0.0
no07,533967_01406_01408_1,830,08:30,0.0,0.0,0.0
no07,533967_01406_01408_1,845,08:45,0.0,0.0,0.0
no07,533967_01406_01408_1,900,09:00,0.0,0.0,0.0
no07,533967_01406_01408_1,915,09:15,0.0,0.0,0.0
no07,533967_01406_01408_1,930,09:30,0.0,0.0,0.0
no07,533967_01406_01408_1,945,09:45,0.0,0.0,0.0
no07,533967_01406_01408_1,1000,10:00,0.0,0.0,0.0
no07,533967_01406_01408_1,1015,10:15,0.0,0.0,0.0
no07,533967_01406_01408_1,1030,10:30,0.0,0.0,0.0
no07,533967_01406_01408_1,1045,10:45,0.0,0.0,0.0
no07,533967_01406_01408_1,1100,11:00,0.0,0.0,0.0
no07,533967_01406_01408_1,1115,11:15,0.0,0.0,0.0
no07,533967_01406_01408_1,1130,11:30,0.0,0.0,0.0
no07,533967_01406_01408_1,1145,11:45,0.0,0.0,0.0
no07,533967_01406_01408_1,1200,12:00,0.0,0.0,0.0
no07,533967_01406_01408_1,1215,12:15,0.0,0.0,0.0
no07,533967_01406_01408_1,1230,12:30,0.0,0.0,0.0
no07,533967_01406_01408_1,1245,12:45,0.0,0.0,0.0
no07,533967_01406_01408_1,1300,13:00,0.0,0.0,0.0
no07,533967_01406_01408_1,1315,13:15,0.0,0.0,0.0
no07,533967_01406_01408_1,1330,13:30,0.0,0.0,0.0
no07,533967_01406_01408_1,1345,13:45,0.0,0.0,0.0
no07,533967_01406_01408_1,1400,14:00,0.0,0.0,0.0
no07,533967_01406_01408_1,1415,14:15,0.0,0.0,0.0
no07,533967_01406_01408_1,1430,14:30,0.0,0.0,0.0
no07,533967_01406_01408_1,1445,14:45,0.0,0.0,0.0
no07,533967_01406_01408_1,1500,15:00,0.0,0.0,0.0
no07,533967_01406_01408_1,1515,15:15,0.0,0.0,0.0
no07,533967_01406_01408_1,1530,15:30,0.0,0.0,0.0
no07,533967_01406_01408_1,1545,15:45,0.0,0.0,0.0
no07,533967_01406_01408_1,1600,16:00,0.0,0.0,0.0
no07,533967_01406_01408_1,1615,16:15,0.0,0.0,0.0
no07,533967_01406_01408_1,1630,16:30,0.0,0.0,0.0
no07,533967_01406_01408_1,1645,16:45,0.0,0.0,0.0
no07,533967_01406_01408_1,1700,17:00,0.0,0.0,0.0
no07,533967_01406_01408_1,1715,17:15,0.0,0.0,0.0
no07,533967_01406_01408_1,1730,17:30,0.0,0.0,0.0
no07,533967_01406_01408_1,1745,17:45,0.0,0.0,0.0
no07,533967_01406_01408_1,1800,18:00,0.0,0.0,0.0
no07,533967_01406_01408_1,1815,18:15,0.0,0.0,0.0
no07,533967_01406_01408_1,1830,18:30,0.0,0.0,0.0
no07,533967_01406_01408_1,1845,18:45,0.0,0.0,0.0
no07,533967_01406_01644_0,630,06:30,26.85,27.0,0.14999999999999858
no07,533967_01406_01644_0,645,06:45,35.1,34.8421052631579,-0.25789473684210407
no07,533967_01406_01644_0,700,07:00,37.95,37.31578947368421,-0.6342105263157904
no07,533967_01406_01644_0,715,07:15,36.5,38.36842105263158,1.8684210526315823
no07,533967_01406_01644_0,730,07:30,66.8,67.73684210526316,0.9368421052631675
no07,533967_01406_01644_0,745,07:45,49.3,49.78947368421053,0.4894736842105303
no07,533967_01406_01644_0,800,08:00,58.05,57.94736842105263,-0.10263157894736707
no07,533967_01406_01644_0,815,08:15,68.15,67.6842105263158,-0.465789473684211
no07,533967_01406_01644_0,830,08:30,47.8,49.10526315789474,1.3052631578947427
no07,533967_01406_01644_0,845,08:45,58.95,55.68421052631579,-3.2657894736842152
no07,533967_01406_01644_0,900,09:00,59.1,58.578947368421055,-0.5210526315789465
no07,533967_01406_01644_0,915,09:15,51.5,52.10526315789474,0.6052631578947398
no07,533967_01406_01644_0,930,09:30,58.9,60.21052631578947,1.310526315789474
no07,533967_01406_01644_0,945,09:45,54.45,55.31578947368421,0.8657894736842096
no07,533967_01406_01644_0,1000,10:00,46.8,47.05263157894737,0.25263157894737276
no07,533967_01406_01644_0,1015,10:15,62.8,67.42105263157895,4.621052631578948
no07,533967_01406_01644_0,1030,10:30,55.5,61.26315789473684,5.7631578947368425
no07,533967_01406_01644_0,1045,10:45,52.15,54.21052631578947,2.060526315789474
no07,533967_01406_01644_0,1100,11:00,47.45,46.21052631578947,-1.2394736842105303
no07,533967_01406_01644_0,1115,11:15,35.4,35.68421052631579,0.284210526315789
no07,533967_01406_01644_0,1130,11:30,49.25,49.21052631578947,-0.03947368421052744
no07,533967_01406_01644_0,1145,11:45,29.6,31.42105263157895,1.8210526315789473
no07,533967_01406_01644_0,1200,12:00,52.85,53.26315789473684,0.41315789473684106
no07,533967_01406_01644_0,1215,12:15,51.7,51.63157894736842,-0.06842105263158516
no07,533967_01406_01644_0,1230,12:30,46.25,48.21052631578947,1.9605263157894726
no07,533967_01406_01644_0,1245,12:45,40.7,41.10526315789474,0.405263157894737
no07,533967_01406_01644_0,1300,13:00,37.6,36.89473684210526,-0.7052631578947413
no07,533967_01406_01644_0,1315,13:15,29.25,29.0,-0.25
no07,533967_01406_01644_0,1330,13:30,36.75,36.94736842105263,0.19736842105263008
no07,533967_01406_01644_0,1345,13:45,27.1,26.84210526315789,-0.25789473684211117
no07,533967_01406_01644_0,1400,14:00,45.25,45.578947368421055,0.3289473684210549
no07,533967_01406_01644_0,1415,14:15,42.85,41.68421052631579,-1.1657894736842138
no07,533967_01406_01644_0,1430,14:30,39.85,40.26315789473684,0.41315789473684106
no07,533967_01406_01644_0,1445,14:45,54.1,55.42105263157895,1.3210526315789508
no07,533967_01406_01644_0,1500,15:00,39.8,40.10526315789474,0.3052631578947427
no07,533967_01406_01644_0,1515,15:15,38.15,36.1578947368421,-1.992105263157896
no07,533967_01406_01644_0,1530,15:30,40.1,38.578947368421055,-1.5210526315789465
no07,533967_01406_01644_0,1545,15:45,30.05,31.42105263157895,1.371052631578948
no07,533967_01406_01644_0,1600,16:00,55.0,54.94736842105263,-0.05263157894736992
no07,533967_01406_01644_0,1615,16:15,40.8,42.78947368421053,1.9894736842105303
no07,533967_01406_01644_0,1630,16:30,39.1,40.8421052631579,1.742105263157896
no07,533967_01406_01644_0,1645,16:45,44.95,45.578947368421055,0.628947368421052
no07,533967_01406_01644_0,1700,17:00,45.1,45.73684210526316,0.6368421052631561
no07,533967_01406_01644_0,1715,17:15,62.05,64.89473684210526,2.844736842105263
no07,533967_01406_01644_0,1730,17:30,23.75,24.68421052631579,0.9342105263157912
no07,533967_01406_01644_0,1745,17:45,33.35,33.31578947368421,-0.034210526315789025
no07,533967_01406_01644_0,1800,18:00,57.1,57.526315789473685,0.42631578947368354
no07,533967_01406_01644_0,1815,18:15,63.65,62.21052631578947,-1.439473684210526
no07,533967_01406_01644_0,1830,18:30,34.4,34.0,-0.3999999999999986
no07,533967_01406_01644_0,1845,18:45,31.8,32.36842105263158,0.5684210526315816
no07,533967_01407_01408_0,630,06:30,0.0,0.0,0.0
no07,533967_01407_01408_0,645,06:45,0.0,0.0,0.0
no07,533967_01407_01408_0,700,07:00,0.0,0.0,0.0
no07,533967_01407_01408_0,715,07:15,0.0,0.0,0.0
no07,533967_01407_01408_0,730,07:30,0.0,0.0,0.0
no07,533967_01407_01408_0,745,07:45,0.0,0.0,0.0
no07,533967_01407_01408_0,800,08:00,0.0,0.0,0.0
no07,533967_01407_01408_0,815,08:15,0.0,0.0,0.0
no07,533967_01407_01408_0,830,08:30,0.0,0.0,0.0
no07,533967_01407_01408_0,845,08:45,0.0,0.0,0.0
no07,533967_01407_01408_0,900,09:00,0.0,0.0,0.0
no07,533967_01407_01408_0,915,09:15,0.0,0.0,0.0
no07,533967_01407_01408_0,930,09:30,0.0,0.0,0.0
no07,533967_01407_01408_0,945,09:45,0.0,0.0,0.0
no07,533967_01407_01408_0,1000,10:00,0.0,0.0,0.0
no07,533967_01407_01408_0,1015,10:15,0.0,0.0,0.0
no07,533967_01407_01408_0,1030,10:30,0.0,0.0,0.0
no07,533967_01407_01408_0,1045,10:45,0.0,0.0,0.0
no07,533967_01407_01408_0,1100,11:00,0.0,0.0,0.0
no07,533967_01407_01408_0,1115,11:15,0.0,0.0,0.0
no07,533967_01407_01408_0,1130,11:30,0.0,0.0,0.0
no07,533967_01407_01408_0,1145,11:45,0.0,0.0,0.0
no07,533967_01407_01408_0,1200,12:00,0.0,0.0,0.0
no07,533967_01407_01408_0,1215,12:15,0.0,0.0,0.0
no07,533967_01407_01408_0,1230,12:30,0.0,0.0,0.0
no07,533967_01407_01408_0,1245,12:45,0.0,0.0,0.0
no07,533967_01407_01408_0,1300,13:00,0.0,0.0,0.0
no07,533967_01407_01408_0,1315,13:15,0.0,0.0,0.0
no07,533967_01407_01408_0,1330,13:30,0.0,0.0,0.0
no07,533967_01407_01408_0,1345,13:45,0.0,0.0,0.0
no07,533967_01407_01408_0,1400,14:00,0.0,0.0,0.0
no07,533967_01407_01408_0,1415,14:15,0.0,0.0,0.0
no07,533967_01407_01408_0,1430,14:30,0.0,0.0,0.0
no07,533967_01407_01408_0,1445,14:45,0.0,0.0,0.0
no07,533967_01407_01408_0,1500,15:00,0.0,0.0,0.0
no07,533967_01407_01408_0,1515,15:15,0.0,0.0,0.0
no07,533967_01407_01408_0,1530,15:30,0.0,0.0,0.0
no07,533967_01407_01408_0,1545,15:45,0.0,0.0,0.0
no07,533967_01407_01408_0,1600,16:00,0.0,0.0,0.0
no07,533967_01407_01408_0,1615,16:15,0.0,0.0,0.0
no07,533967_01407_01408_0,1630,16:30,0.0,0.0,0.0
no07,533967_01407_01408_0,1645,16:45,0.0,0.0,0.0
no07,533967_01407_01408_0,1700,17:00,0.0,0.0,0.0
no07,533967_01407_01408_0,1715,17:15,0.0,0.0,0.0
no07,533967_01407_01408_0,1730,17:30,0.0,0.0,0.0
no07,533967_01407_01408_0,1745,17:45,0.0,0.0,0.0
no07,533967_01407_01408_0,1800,18:00,0.0,0.0,0.0
no07,533967_01407_01408_0,1815,18:15,0.0,0.0,0.0
no07,533967_01407_01408_0,1830,18:30,0.0,0.0,0.0
no07,533967_01407_01408_0,1845,18:45,0.0,0.0,0.0
no07,533967_01407_01408_1,630,06:30,0.0,0.0,0.0
no07,533967_01407_01408_1,645,06:45,0.0,0.0,0.0
no07,533967_01407_01408_1,700,07:00,0.0,0.0,0.0
no07,533967_01407_01408_1,715,07:15,0.0,0.0,0.0
no07,533967_01407_01408_1,730,07:30,0.0,0.0,0.0
no07,533967_01407_01408_1,745,07:45,0.0,0.0,0.0
no07,533967_01407_01408_1,800,08:00,0.0,0.0,0.0
no07,533967_01407_01408_1,815,08:15,0.0,0.0,0.0
no07,533967_01407_01408_1,830,08:30,0.0,0.0,0.0
no07,533967_01407_01408_1,845,08:45,0.0,0.0,0.0
no07,533967_01407_01408_1,900,09:00,0.0,0.0,0.0
no07,533967_01407_01408_1,915,09:15,0.0,0.0,0.0
no07,533967_01407_01408_1,930,09:30,0.0,0.0,0.0
no07,533967_01407_01408_1,945,09:45,0.0,0.0,0.0
no07,533967_01407_01408_1,1000,10:00,0.0,0.0,0.0
no07,533967_01407_01408_1,1015,10:15,0.0,0.0,0.0
no07,533967_01407_01408_1,1030,10:30,0.0,0.0,0.0
no07,533967_01407_01408_1,1045,10:45,0.0,0.0,0.0
no07,533967_01407_01408_1,1100,11:00,0.0,0.0,0.0
no07,533967_01407_01408_1,1115,11:15,0.0,0.0,0.0
no07,533967_01407_01408_1,1130,11:30,0.0,0.0,0.0
no07,533967_01407_01408_1,1145,11:45,0.0,0.0,0.0
no07,533967_01407_01408_1,1200,12:00,0.0,0.0,0.0
no07,533967_01407_01408_1,1215,12:15,0.0,0.0,0.0
no07,533967_01407_01408_1,1230,12:30,0.0,0.0,0.0
no07,533967_01407_01408_1,1245,12:45,0.0,0.0,0.0
no07,533967_01407_01408_1,1300,13:00,0.0,0.0,0.0
no07,533967_01407_01408_1,1315,13:15,0.0,0.0,0.0
no07,533967_01407_01408_1,1330,13:30,0.0,0.0,0.0
no07,533967_01407_01408_1,1345,13:45,0.0,0.0,0.0
no07,533967_01407_01408_1,1400,14:00,0.0,0.0,0.0
no07,533967_01407_01408_1,1415,14:15,0.0,0.0,0.0
no07,533967_01407_01408_1,1430,14:30,0.0,0.0,0.0
no07,533967_01407_01408_1,1445,14:45,0.0,0.0,0.0
no07,533967_01407_01408_1,1500,15:00,0.0,0.0,0.0
no07,533967_01407_01408_1,1515,15:15,0.0,0.0,0.0
no07,533967_01407_01408_1,1530,15:30,0.0,0.0,0.0
no07,533967_01407_01408_1,1545,15:45,0.0,0.0,0.0
no07,533967_01407_01408_1,1600,16:00,0.0,0.0,0.0
no07,533967_01407_01408_1,1615,16:15,0.0,0.0,0.0
no07,533967_01407_01408_1,1630,16:30,0.0,0.0,0.0
no07,533967_01407_01408_1,1645,16:45,0.0,0.0,0.0
no07,533967_01407_01408_1,1700,17:00,0.0,0.0,0.0
no07,533967_01407_01408_1,1715,17:15,0.0,0.0,0.0
no07,533967_01407_01408_1,1730,17:30,0.0,0.0,0.0
no07,533967_01407_01408_1,1745,17:45,0.0,0.0,0.0
no07,533967_01407_01408_1,1800,18:00,0.0,0.0,0.0
no07,533967_01407_01408_1,1815,18:15,0.0,0.0,0.0
no07,533967_01407_01408_1,1830,18:30,0.0,0.0,0.0
no07,533967_01407_01408_1,1845,18:45,0.0,0.0,0.0
no07,533967_01408_01644_0,630,06:30,0.0,0.0,0.0
no07,533967_01408_01644_0,645,06:45,0.0,0.0,0.0
no07,533967_01408_01644_0,700,07:00,0.0,0.0,0.0
no07,533967_01408_01644_0,715,07:15,0.0,0.0,0.0
no07,533967_01408_01644_0,730,07:30,0.0,0.0,0.0
no07,533967_01408_01644_0,745,07:45,0.0,0.0,0.0
no07,533967_01408_01644_0,800,08:00,0.0,0.0,0.0
no07,533967_01408_01644_0,815,08:15,0.0,0.0,0.0
no07,533967_01408_01644_0,830,08:30,0.0,0.0,0.0
no07,533967_01408_01644_0,845,08:45,0.0,0.0,0.0
no07,533967_01408_01644_0,900,09:00,0.0,0.0,0.0
no07,533967_01408_01644_0,915,09:15,0.0,0.0,0.0
no07,533967_01408_01644_0,930,09:30,0.0,0.0,0.0
no07,533967_01408_01644_0,945,09:45,0.0,0.0,0.0
no07,533967_01408_01644_0,1000,10:00,0.0,0.0,0.0
no07,533967_01408_01644_0,1015,10:15,0.0,0.0,0.0
no07,533967_01408_01644_0,1030,10:30,0.0,0.0,0.0
no07,533967_01408_01644_0,1045,10:45,0.0,0.0,0.0
no07,533967_01408_01644_0,1100,11:00,0.0,0.0,0.0
no07,533967_01408_01644_0,1115,11:15,0.0,0.0,0.0
no07,533967_01408_01644_0,1130,11:30,0.0,0.0,0.0
no07,533967_01408_01644_0,1145,11:45,0.0,0.0,0.0
no07,533967_01408_01644_0,1200,12:00,0.0,0.0,0.0
no07,533967_01408_01644_0,1215,12:15,0.0,0.0,0.0
no07,533967_01408_01644_0,1230,12:30,0.0,0.0,0.0
no07,533967_01408_01644_0,1245,12:45,0.0,0.0,0.0
no07,533967_01408_01644_0,1300,13:00,0.0,0.0,0.0
no07,533967_01408_01644_0,1315,13:15,0.0,0.0,0.0
no07,533967_01408_01644_0,1330,13:30,0.0,0.0,0.0
no07,533967_01408_01644_0,1345,13:45,0.0,0.0,0.0
no07,533967_01408_01644_0,1400,14:00,0.0,0.0,0.0
no07,533967_01408_01644_0,1415,14:15,0.0,0.0,0.0
no07,533967_01408_01644_0,1430,14:30,0.0,0.0,0.0
no07,533967_01408_01644_0,1445,14:45,0.0,0.0,0.0
no07,533967_01408_01644_0,1500,15:00,0.0,0.0,0.0
no07,533967_01408_01644_0,1515,15:15,0.0,0.0,0.0
no07,533967_01408_01644_0,1530,15:30,0.0,0.0,0.0
no07,533967_01408_01644_0,1545,15:45,0.0,0.0,0.0
no07,533967_01408_01644_0,1600,16:00,0.0,0.0,0.0
no07,533967_01408_01644_0,1615,16:15,0.0,0.0,0.0
no07,533967_01408_01644_0,1630,16:30,0.0,0.0,0.0
no07,533967_01408_01644_0,1645,16:45,0.0,0.0,0.0
no07,533967_01408_01644_0,1700,17:00,0.0,0.0,0.0
no07,533967_01408_01644_0,1715,17:15,0.0,0.0,0.0
no07,533967_01408_01644_0,1730,17:30,0.0,0.0,0.0
no07,533967_01408_01644_0,1745,17:45,0.0,0.0,0.0
no07,533967_01408_01644_0,1800,18:00,0.0,0.0,0.0
no07,533967_01408_01644_0,1815,18:15,0.0,0.0,0.0
no07,533967_01408_01644_0,1830,18:30,0.0,0.0,0.0
no07,533967_01408_01644_0,1845,18:45,0.0,0.0,0.0
no07,533967_01408_01644_1,630,06:30,0.0,0.0,0.0
no07,533967_01408_01644_1,645,06:45,0.0,0.0,0.0
no07,533967_01408_01644_1,700,07:00,0.0,0.0,0.0
no07,533967_01408_01644_1,715,07:15,0.0,0.0,0.0
no07,533967_01408_01644_1,730,07:30,0.0,0.0,0.0
no07,533967_01408_01644_1,745,07:45,0.0,0.0,0.0
no07,533967_01408_01644_1,800,08:00,0.0,0.0,0.0
no07,533967_01408_01644_1,815,08:15,0.0,0.0,0.0
no07,533967_01408_01644_1,830,08:30,0.0,0.0,0.0
no07,533967_01408_01644_1,845,08:45,0.0,0.0,0.0
no07,533967_01408_01644_1,900,09:00,0.0,0.0,0.0
no07,533967_01408_01644_1,915,09:15,0.0,0.0,0.0
no07,533967_01408_01644_1,930,09:30,0.0,0.0,0.0
no07,533967_01408_01644_1,945,09:45,0.0,0.0,0.0
no07,533967_01408_01644_1,1000,10:00,0.0,0.0,0.0
no07,533967_01408_01644_1,1015,10:15,0.0,0.0,0.0
no07,533967_01408_01644_1,1030,10:30,0.0,0.0,0.0
no07,533967_01408_01644_1,1045,10:45,0.0,0.0,0.0
no07,533967_01408_01644_1,1100,11:00,0.0,0.0,0.0
no07,533967_01408_01644_1,1115,11:15,0.0,0.0,0.0
no07,533967_01408_01644_1,1130,11:30,0.0,0.0,0.0
no07,533967_01408_01644_1,1145,11:45,0.0,0.0,0.0
no07,533967_01408_01644_1,1200,12:00,0.0,0.0,0.0
no07,533967_01408_01644_1,1215,12:15,0.0,0.0,0.0
no07,533967_01408_01644_1,1230,12:30,0.0,0.0,0.0
no07,533967_01408_01644_1,1245,12:45,0.0,0.0,0.0
no07,533967_01408_01644_1,1300,13:00,0.0,0.0,0.0
no07,533967_01408_01644_1,1315,13:15,0.0,0.0,0.0
no07,533967_01408_01644_1,1330,13:30,0.0,0.0,0.0
no07,533967_01408_01644_1,1345,13:45,0.0,0.0,0.0
no07,533967_01408_01644_1,1400,14:00,0.0,0.0,0.0
no07,533967_01408_01644_1,1415,14:15,0.0,0.0,0.0
no07,533967_01408_01644_1,1430,14:30,0.0,0.0,0.0
no07,533967_01408_01644_1,1445,14:45,0.0,0.0,0.0
no07,533967_01408_01644_1,1500,15:00,0.0,0.0,0.0
no07,533967_01408_01644_1,1515,15:15,0.0,0.0,0.0
no07,533967_01408_01644_1,1530,15:30,0.0,0.0,0.0
no07,533967_01408_01644_1,1545,15:45,0.0,0.0,0.0
no07,533967_01408_01644_1,1600,16:00,0.0,0.0,0.0
no07,533967_01408_01644_1,1615,16:15,0.0,0.0,0.0
no07,533967_01408_01644_1,1630,16:30,0.0,0.0,0.0
no07,533967_01408_01644_1,1645,16:45,0.0,0.0,0.0
no07,533967_01408_01644_1,1700,17:00,0.0,0.0,0.0
no07,533967_01408_01644_1,1715,17:15,0.0,0.0,0.0
no07,533967_01408_01644_1,1730,17:30,0.0,0.0,0.0
no07,533967_01408_01644_1,1745,17:45,0.0,0.0,0.0
no07,533967_01408_01644_1,1800,18:00,0.0,0.0,0.0
no07,533967_01408_01644_1,1815,18:15,0.0,0.0,0.0
no07,533967_01408_01644_1,1830,18:30,0.0,0.0,0.0
no07,533967_01408_01644_1,1845,18:45,0.0,0.0,0.0
no07,533967_01408_13716_0,630,06:30,0.0,0.0,0.0
no07,533967_01408_13716_0,645,06:45,0.0,0.0,0.0
no07,533967_01408_13716_0,700,07:00,0.0,0.0,0.0
no07,533967_01408_13716_0,715,07:15,0.0,0.0,0.0
no07,533967_01408_13716_0,730,07:30,0.0,0.0,0.0
no07,533967_01408_13716_0,745,07:45,0.0,0.0,0.0
no07,533967_01408_13716_0,800,08:00,0.0,0.0,0.0
no07,533967_01408_13716_0,815,08:15,0.0,0.0,0.0
no07,533967_01408_13716_0,830,08:30,0.0,0.0,0.0
no07,533967_01408_13716_0,845,08:45,0.0,0.0,0.0
no07,533967_01408_13716_0,900,09:00,0.0,0.0,0.0
no07,533967_01408_13716_0,915,09:15,0.0,0.0,0.0
no07,533967_01408_13716_0,930,09:30,0.0,0.0,0.0
no07,533967_01408_13716_0,945,09:45,0.0,0.0,0.0
no07,533967_01408_13716_0,1000,10:00,0.0,0.0,0.0
no07,533967_01408_13716_0,1015,10:15,0.0,0.0,0.0
no07,533967_01408_13716_0,1030,10:30,0.0,0.0,0.0
no07,533967_01408_13716_0,1045,10:45,0.0,0.0,0.0
no07,533967_01408_13716_0,1100,11:00,0.0,0.0,0.0
no07,533967_01408_13716_0,1115,11:15,0.0,0.0,0.0
no07,533967_01408_13716_0,1130,11:30,0.0,0.0,0.0
no07,533967_01408_13716_0,1145,11:45,0.0,0.0,0.0
no07,533967_01408_13716_0,1200,12:00,0.0,0.0,0.0
no07,533967_01408_13716_0,1215,12:15,0.0,0.0,0.0
no07,533967_01408_13716_0,1230,12:30,0.0,0.0,0.0
no07,533967_01408_13716_0,1245,12:45,0.0,0.0,0.0
no07,533967_01408_13716_0,1300,13:00,0.0,0.0,0.0
no07,533967_01408_13716_0,1315,13:15,0.0,0.0,0.0
no07,533967_01408_13716_0,1330,13:30,0.0,0.0,0.0
no07,533967_01408_13716_0,1345,13:45,0.0,0.0,0.0
no07,533967_01408_13716_0,1400,14:00,0.0,0.0,0.0
no07,533967_01408_13716_0,1415,14:15,0.0,0.0,0.0
no07,533967_01408_13716_0,1430,14:30,0.0,0.0,0.0
no07,533967_01408_13716_0,1445,14:45,0.0,0.0,0.0
no07,533967_01408_13716_0,1500,15:00,0.0,0.0,0.0
no07,533967_01408_13716_0,1515,15:15,0.0,0.0,0.0
no07,533967_01408_13716_0,1530,15:30,0.0,0.0,0.0
no07,533967_01408_13716_0,1545,15:45,0.0,0.0,0.0
no07,533967_01408_13716_0,1600,16:00,0.0,0.0,0.0
no07,533967_01408_13716_0,1615,16:15,0.0,0.0,0.0
no07,533967_01408_13716_0,1630,16:30,0.0,0.0,0.0
no07,533967_01408_13716_0,1645,16:45,0.0,0.0,0.0
no07,533967_01408_13716_0,1700,17:00,1.75,6.157894736842105,4.407894736842105
no07,533967_01408_13716_0,1715,17:15,0.0,0.0,0.0
no07,533967_01408_13716_0,1730,17:30,0.0,0.0,0.0
no07,533967_01408_13716_0,1745,17:45,0.0,0.0,0.0
no07,533967_01408_13716_0,1800,18:00,0.0,0.0,0.0
no07,533967_01408_13716_0,1815,18:15,0.0,0.0,0.0
no07,533967_01408_13716_0,1830,18:30,0.0,0.0,0.0
no07,533967_01408_13716_0,1845,18:45,0.0,0.0,0.0
no07,533967_01408_13716_1,630,06:30,0.0,0.0,0.0
no07,533967_01408_13716_1,645,06:45,0.0,0.0,0.0
no07,533967_01408_13716_1,700,07:00,0.0,0.0,0.0
no07,533967_01408_13716_1,715,07:15,0.0,0.0,0.0
no07,533967_01408_13716_1,730,07:30,0.0,0.0,0.0
no07,533967_01408_13716_1,745,07:45,0.0,0.0,0.0
no07,533967_01408_13716_1,800,08:00,0.0,0.0,0.0
no07,533967_01408_13716_1,815,08:15,0.0,0.0,0.0
no07,533967_01408_13716_1,830,08:30,0.0,0.0,0.0
no07,533967_01408_13716_1,845,08:45,0.0,0.0,0.0
no07,533967_01408_13716_1,900,09:00,0.0,0.0,0.0
no07,533967_01408_13716_1,915,09:15,0.0,0.0,0.0
no07,533967_01408_13716_1,930,09:30,0.0,0.0,0.0
no07,533967_01408_13716_1,945,09:45,0.0,0.0,0.0
no07,533967_01408_13716_1,1000,10:00,0.0,0.0,0.0
no07,533967_01408_13716_1,1015,10:15,0.0,0.0,0.0
no07,533967_01408_13716_1,1030,10:30,0.0,0.0,0.0
no07,533967_01408_13716_1,1045,10:45,0.0,0.0,0.0
no07,533967_01408_13716_1,1100,11:00,0.0,0.0,0.0
no07,533967_01408_13716_1,1115,11:15,0.0,0.0,0.0
no07,533967_01408_13716_1,1130,11:30,0.0,0.0,0.0
no07,533967_01408_13716_1,1145,11:45,0.0,0.0,0.0
no07,533967_01408_13716_1,1200,12:00,0.0,0.0,0.0
no07,533967_01408_13716_1,1215,12:15,0.0,0.0,0.0
no07,533967_01408_13716_1,1230,12:30,0.0,0.0,0.0
no07,533967_01408_13716_1,1245,12:45,0.0,0.0,0.0
no07,533967_01408_13716_1,1300,13:00,0.0,0.0,0.0
no07,533967_01408_13716_1,1315,13:15,0.0,0.0,0.0
no07,533967_01408_13716_1,1330,13:30,0.0,0.0,0.0
no07,533967_01408_13716_1,1345,13:45,0.0,0.0,0.0
no07,533967_01408_13716_1,1400,14:00,0.0,0.0,0.0
no07,533967_01408_13716_1,1415,14:15,0.0,0.0,0.0
no07,533967_01408_13716_1,1430,14:30,0.0,0.0,0.0
no07,533967_01408_13716_1,1445,14:45,0.0,0.0,0.0
no07,533967_01408_13716_1,1500,15:00,0.0,0.0,0.0
no07,533967_01408_13716_1,1515,15:15,0.0,0.0,0.0
no07,533967_01408_13716_1,1530,15:30,0.0,0.0,0.0
no07,533967_01408_13716_1,1545,15:45,0.0,0.0,0.0
no07,533967_01408_13716_1,1600,16:00,0.0,0.0,0.0
no07,533967_01408_13716_1,1615,16:15,0.0,0.0,0.0
no07,533967_01408_13716_1,1630,16:30,0.0,0.0,0.0
no07,533967_01408_13716_1,1645,16:45,0.0,0.0,0.0
no07,533967_01408_13716_1,1700,17:00,0.0,0.0,0.0
no07,533967_01408_13716_1,1715,17:15,0.0,0.0,0.0
no07,533967_01408_13716_1,1730,17:30,0.0,0.0,0.0
no07,533967_01408_13716_1,1745,17:45,0.0,0.0,0.0
no07,533967_01408_13716_1,1800,18:00,0.0,0.0,0.0
no07,533967_01408_13716_1,1815,18:15,0.0,0.0,0.0
no07,533967_01408_13716_1,1830,18:30,0.0,0.0,0.0
no07,533967_01408_13716_1,1845,18:45,0.0,0.0,0.0
no07,533967_01409_01410_1,630,06:30,10.0,10.105263157894736,0.10526315789473628
no07,533967_01409_01410_1,645,06:45,17.7,18.84210526315789,1.142105263157891
no07,533967_01409_01410_1,700,07:00,15.35,15.105263157894736,-0.24473684210526336
no07,533967_01409_01410_1,715,07:15,22.05,20.57894736842105,-1.4710526315789494
no07,533967_01409_01410_1,730,07:30,33.05,32.1578947368421,-0.8921052631578945
no07,533967_01409_01410_1,745,07:45,26.4,25.105263157894736,-1.2947368421052623
no07,533967_01409_01410_1,800,08:00,18.65,18.36842105263158,-0.2815789473684198
no07,533967_01409_01410_1,815,08:15,12.15,13.263157894736842,1.1131578947368421
no07,533967_01409_01410_1,830,08:30,23.5,23.94736842105263,0.4473684210526301
no07,533967_01409_01410_1,845,08:45,17.8,17.42105263157895,-0.37894736842105203
no07,533967_01409_01410_1,900,09:00,13.3,15.052631578947368,1.7526315789473674
no07,533967_01409_01410_1,915,09:15,13.6,13.947368421052632,0.3473684210526322
no07,533967_01409_01410_1,930,09:30,11.8,12.63157894736842,0.8315789473684188
no07,533967_01409_01410_1,945,09:45,22.5,20.73684210526316,-1.763157894736839
no07,533967_01409_01410_1,1000,10:00,20.25,19.63157894736842,-0.6184210526315788
no07,533967_01409_01410_1,1015,10:15,5.95,5.894736842105263,-0.05526315789473735
no07,533967_01409_01410_1,1030,10:30,21.65,22.526315789473685,0.8763157894736864
no07,533967_01409_01410_1,1045,10:45,10.85,10.789473684210526,-0.06052631578947398
no07,533967_01409_01410_1,1100,11:00,17.3,15.789473684210526,-1.510526315789475
no07,533967_01409_01410_1,1115,11:15,25.05,23.84210526315789,-1.2078947368421105
no07,533967_01409_01410_1,1130,11:30,15.8,14.263157894736842,-1.5368421052631582
no07,533967_01409_01410_1,1145,11:45,23.45,23.36842105263158,-0.08157894736842053
no07,533967_01409_01410_1,1200,12:00,24.9,23.42105263157895,-1.47894736842105
no07,533967_01409_01410_1,1215,12:15,25.0,23.473684210526315,-1.526315789473685
no07,533967_01409_01410_1,1230,12:30,21.8,24.473684210526315,2.6736842105263143
no07,533967_01409_01410_1,1245,12:45,22.3,21.84210526315789,-0.45789473684211046
no07,533967_01409_01410_1,1300,13:00,18.15,19.63157894736842,1.4815789473684227
no07,533967_01409_01410_1,1315,13:15,21.2,21.63157894736842,0.43157894736842195
no07,533967_01409_01410_1,1330,13:30,15.05,16.157894736842106,1.1078947368421055
no07,533967_01409_01410_1,1345,13:45,20.9,21.31578947368421,0.41578947368421026
no07,533967_01409_01410_1,1400,14:00,24.8,23.42105263157895,-1.378947368421052
no07,533967_01409_01410_1,1415,14:15,19.95,18.894736842105264,-1.0552631578947356
no07,533967_01409_01410_1,1430,14:30,10.4,10.736842105263158,0.33684210526315717
no07,533967_01409_01410_1,1445,14:45,24.1,21.73684210526316,-2.3631578947368403
no07,533967_01409_01410_1,1500,15:00,27.4,28.57894736842105,1.1789473684210527
no07,533967_01409_01410_1,1515,15:15,26.85,26.526315789473685,-0.32368421052631646
no07,533967_01409_01410_1,1530,15:30,17.9,17.57894736842105,-0.32105263157894726
no07,533967_01409_01410_1,1545,15:45,25.1,25.84210526315789,0.7421052631578888
no07,533967_01409_01410_1,1600,16:00,28.25,28.73684210526316,0.4868421052631611
no07,533967_01409_01410_1,1615,16:15,17.65,16.63157894736842,-1.0184210526315773
no07,533967_01409_01410_1,1630,16:30,23.85,23.157894736842103,-0.6921052631578988
no07,533967_01409_01410_1,1645,16:45,13.15,14.105263157894736,0.9552631578947359
no07,533967_01409_01410_1,1700,17:00,17.05,16.68421052631579,-0.36578947368420955
no07,533967_01409_01410_1,1715,17:15,28.2,27.105263157894736,-1.094736842105263
no07,533967_01409_01410_1,1730,17:30,20.35,20.526315789473685,0.17631578947368354
no07,533967_01409_01410_1,1745,17:45,25.6,25.210526315789476,-0.3894736842105253
no07,533967_01409_01410_1,1800,18:00,23.4,24.157894736842103,0.7578947368421041
no07,533967_01409_01410_1,1815,18:15,19.55,19.63157894736842,0.08157894736842053
no07,533967_01409_01410_1,1830,18:30,17.8,18.31578947368421,0.5157894736842081
no07,533967_01409_01410_1,1845,18:45,21.4,21.26315789473684,-0.13684210526315965
no07,533967_01409_01417_0,630,06:30,0.0,0.0,0.0
no07,533967_01409_01417_0,645,06:45,0.0,0.0,0.0
no07,533967_01409_01417_0,700,07:00,0.0,0.0,0.0
no07,533967_01409_01417_0,715,07:15,0.0,0.0,0.0
no07,533967_01409_01417_0,730,07:30,0.0,0.0,0.0
no07,533967_01409_01417_0,745,07:45,0.0,0.0,0.0
no07,533967_01409_01417_0,800,08:00,0.0,0.0,0.0
no07,533967_01409_01417_0,815,08:15,0.0,0.0,0.0
no07,533967_01409_01417_0,830,08:30,0.0,0.0,0.0
no07,533967_01409_01417_0,845,08:45,0.0,0.0,0.0
no07,533967_01409_01417_0,900,09:00,0.0,0.0,0.0
no07,533967_01409_01417_0,915,09:15,0.0,0.0,0.0
no07,533967_01409_01417_0,930,09:30,0.0,0.0,0.0
no07,533967_01409_01417_0,945,09:45,0.0,0.0,0.0
no07,533967_01409_01417_0,1000,10:00,0.0,0.0,0.0
no07,533967_01409_01417_0,1015,10:15,0.0,0.0,0.0
no07,533967_01409_01417_0,1030,10:30,0.0,0.0,0.0
no07,533967_01409_01417_0,1045,10:45,0.0,0.0,0.0
no07,533967_01409_01417_0,1100,11:00,0.0,0.0,0.0
no07,533967_01409_01417_0,1115,11:15,0.0,0.0,0.0
no07,533967_01409_01417_0,1130,11:30,0.0,0.0,0.0
no07,533967_01409_01417_0,1145,11:45,0.0,0.0,0.0
no07,533967_01409_01417_0,1200,12:00,0.0,0.0,0.0
no07,533967_01409_01417_0,1215,12:15,0.0,0.0,0.0
no07,533967_01409_01417_0,1230,12:30,0.0,0.0,0.0
no07,533967_01409_01417_0,1245,12:45,0.0,0.0,0.0
no07,533967_01409_01417_0,1300,13:00,0.0,0.0,0.0
no07,533967_01409_01417_0,1315,13:15,0.0,0.0,0.0
no07,533967_01409_01417_0,1330,13:30,0.0,0.0,0.0
no07,533967_01409_01417_0,1345,13:45,0.0,0.0,0.0
no07,533967_01409_01417_0,1400,14:00,0.0,0.0,0.0
no07,533967_01409_01417_0,1415,14:15,0.0,0.0,0.0
no07,533967_01409_01417_0,1430,14:30,0.0,0.0,0.0
no07,533967_01409_01417_0,1445,14:45,0.0,0.0,0.0
no07,533967_01409_01417_0,1500,15:00,0.0,0.0,0.0
no07,533967_01409_01417_0,1515,15:15,0.0,0.0,0.0
no07,533967_01409_01417_0,1530,15:30,0.0,0.0,0.0
no07,533967_01409_01417_0,1545,15:45,0.0,0.0,0.0
no07,533967_01409_01417_0,1600,16:00,0.0,0.0,0.0
no07,533967_01409_01417_0,1615,16:15,0.0,0.0,0.0
no07,533967_01409_01417_0,1630,16:30,0.0,0.0,0.0
no07,533967_01409_01417_0,1645,16:45,0.0,0.0,0.0
no07,533967_01409_01417_0,1700,17:00,0.0,0.0,0.0
no07,533967_01409_01417_0,1715,17:15,0.0,0.0,0.0
no07,533967_01409_01417_0,1730,17:30,0.0,0.0,0.0
no07,533967_01409_01417_0,1745,17:45,0.0,0.0,0.0
no07,533967_01409_01417_0,1800,18:00,0.0,0.0,0.0
no07,533967_01409_01417_0,1815,18:15,0.0,0.0,0.0
no07,533967_01409_01417_0,1830,18:30,0.0,0.0,0.0
no07,533967_01409_01417_0,1845,18:45,0.0,0.0,0.0
no07,533967_01410_01417_1,630,06:30,37.05,36.68421052631579,-0.36578947368420955
no07,533967_01410_01417_1,645,06:45,68.75,69.21052631578948,0.46052631578947967
no07,533967_01410_01417_1,700,07:00,62.25,62.36842105263158,0.11842105263158231
no07,533967_01410_01417_1,715,07:15,71.6,69.6842105263158,-1.9157894736841996
no07,533967_01410_01417_1,730,07:30,129.9,131.10526315789474,1.2052631578947341
no07,533967_01410_01417_1,745,07:45,84.15,83.21052631578948,-0.939473684210526
no07,533967_01410_01417_1,800,08:00,64.7,65.78947368421052,1.0894736842105175
no07,533967_01410_01417_1,815,08:15,56.55,56.1578947368421,-0.3921052631578945
no07,533967_01410_01417_1,830,08:30,94.7,92.10526315789474,-2.594736842105263
no07,533967_01410_01417_1,845,08:45,96.1,98.36842105263158,2.268421052631581
no07,533967_01410_01417_1,900,09:00,73.6,73.0,-0.5999999999999943
no07,533967_01410_01417_1,915,09:15,76.1,77.63157894736842,1.5315789473684305
no07,533967_01410_01417_1,930,09:30,63.1,61.05263157894737,-2.0473684210526315
no07,533967_01410_01417_1,945,09:45,120.15,118.10526315789474,-2.044736842105266
no07,533967_01410_01417_1,1000,10:00,161.2,156.21052631578948,-4.989473684210509
no07,533967_01410_01417_1,1015,10:15,150.15,149.42105263157896,-0.7289473684210463
no07,533967_01410_01417_1,1030,10:30,90.6,98.21052631578948,7.610526315789485
no07,533967_01410_01417_1,1045,10:45,90.65,89.0,-1.6500000000000057
no07,533967_01410_01417_1,1100,11:00,91.8,93.57894736842104,1.7789473684210435
no07,533967_01410_01417_1,1115,11:15,112.5,112.3157894736842,-0.1842105263157947
no07,533967_01410_01417_1,1130,11:30,52.35,52.78947368421053,0.439473684210526
no07,533967_01410_01417_1,1145,11:45,69.35,67.10526315789474,-2.2447368421052545
no07,533967_01410_01417_1,1200,12:00,74.15,77.78947368421052,3.6394736842105146
no07,533967_01410_01417_1,1215,12:15,48.6,48.94736842105263,0.34736842105262866
no07,533967_01410_01417_1,1230,12:30,67.05,66.3157894736842,-0.7342105263157919
no07,533967_01410_01417_1,1245,12:45,49.8,50.526315789473685,0.7263157894736878
no07,533967_01410_01417_1,1300,13:00,54.05,53.21052631578947,-0.8394736842105246
no07,533967_01410_01417_1,1315,13:15,64.0,64.3157894736842,0.3157894736842053
no07,533967_01410_01417_1,1330,13:30,24.95,25.0,0.05000000000000071
no07,533967_01410_01417_1,1345,13:45,64.45,60.578947368421055,-3.871052631578948
no07,533967_01410_01417_1,1400,14:00,58.3,61.42105263157895,3.121052631578955
no07,533967_01410_01417_1,1415,14:15,43.85,44.73684210526316,0.8868421052631561
no07,533967_01410_01417_1,1430,14:30,38.45,38.89473684210526,0.4447368421052573
no07,533967_01410_01417_1,1445,14:45,39.7,38.31578947368421,-1.3842105263157904
no07,533967_01410_01417_1,1500,15:00,83.35,80.63157894736842,-2.7184210526315695
no07,533967_01410_01417_1,1515,15:15,97.6,99.6842105263158,2.0842105263158004
no07,533967_01410_01417_1,1530,15:30,27.55,29.57894736842105,2.0289473684210506
no07,533967_01410_01417_1,1545,15:45,48.2,48.26315789473684,0.06315789473683964
no07,533967_01410_01417_1,1600,16:00,61.95,57.8421052631579,-4.1078947368421055
no07,533967_01410_01417_1,1615,16:15,86.6,88.94736842105263,2.3473684210526358
no07,533967_01410_01417_1,1630,16:30,61.5,61.94736842105263,0.4473684210526301
no07,533967_01410_01417_1,1645,16:45,46.1,47.10526315789474,1.0052631578947384
no07,533967_01410_01417_1,1700,17:00,39.5,39.73684210526316,0.23684210526315752
no07,533967_01410_01417_1,1715,17:15,69.7,66.21052631578948,-3.489473684210523
no07,533967_01410_01417_1,1730,17:30,59.35,61.47368421052632,2.1236842105263207
no07,533967_01410_01417_1,1745,17:45,64.4,64.94736842105263,0.5473684210526244
no07,533967_01410_01417_1,1800,18:00,110.85,110.89473684210526,0.04473684210526585
no07,533967_01410_01417_1,1815,18:15,41.95,41.10526315789474,-0.844736842105263
no07,533967_01410_01417_1,1830,18:30,88.35,84.05263157894737,-4.297368421052624
no07,533967_01410_01417_1,1845,18:45,70.9,76.10526315789474,5.205263157894734
no07,533967_01412_01413_0,630,06:30,0.0,0.0,0.0
no07,533967_01412_01413_0,645,06:45,0.0,0.0,0.0
no07,533967_01412_01413_0,700,07:00,0.0,0.0,0.0
no07,533967_01412_01413_0,715,07:15,0.0,0.0,0.0
no07,533967_01412_01413_0,730,07:30,0.0,0.0,0.0
no07,533967_01412_01413_0,745,07:45,0.0,0.0,0.0
no07,533967_01412_01413_0,800,08:00,0.0,0.0,0.0
no07,533967_01412_01413_0,815,08:15,0.0,0.0,0.0
no07,533967_01412_01413_0,830,08:30,0.0,0.0,0.0
no07,533967_01412_01413_0,845,08:45,0.0,0.0,0.0
no07,533967_01412_01413_0,900,09:00,0.0,0.0,0.0
no07,533967_01412_01413_0,915,09:15,0.0,0.0,0.0
no07,533967_01412_01413_0,930,09:30,0.0,0.0,0.0
no07,533967_01412_01413_0,945,09:45,0.0,0.0,0.0
no07,533967_01412_01413_0,1000,10:00,0.0,0.0,0.0
no07,533967_01412_01413_0,1015,10:15,0.0,0.0,0.0
no07,533967_01412_01413_0,1030,10:30,0.0,0.0,0.0
no07,533967_01412_01413_0,1045,10:45,0.0,0.0,0.0
no07,533967_01412_01413_0,1100,11:00,0.0,0.0,0.0
no07,533967_01412_01413_0,1115,11:15,0.0,0.0,0.0
no07,533967_01412_01413_0,1130,11:30,0.0,0.0,0.0
no07,533967_01412_01413_0,1145,11:45,0.0,0.0,0.0
no07,533967_01412_01413_0,1200,12:00,0.0,0.0,0.0
no07,533967_01412_01413_0,1215,12:15,0.0,0.0,0.0
no07,533967_01412_01413_0,1230,12:30,0.0,0.0,0.0
no07,533967_01412_01413_0,1245,12:45,0.0,0.0,0.0
no07,533967_01412_01413_0,1300,13:00,0.0,0.0,0.0
no07,533967_01412_01413_0,1315,13:15,0.0,0.0,0.0
no07,533967_01412_01413_0,1330,13:30,0.0,0.0,0.0
no07,533967_01412_01413_0,1345,13:45,0.0,0.0,0.0
no07,533967_01412_01413_0,1400,14:00,0.0,0.0,0.0
no07,533967_01412_01413_0,1415,14:15,0.0,0.0,0.0
no07,533967_01412_01413_0,1430,14:30,0.0,0.0,0.0
no07,533967_01412_01413_0,1445,14:45,0.0,0.0,0.0
no07,533967_01412_01413_0,1500,15:00,0.0,0.0,0.0
no07,533967_01412_01413_0,1515,15:15,0.0,0.0,0.0
no07,533967_01412_01413_0,1530,15:30,0.0,0.0,0.0
no07,533967_01412_01413_0,1545,15:45,0.0,0.0,0.0
no07,533967_01412_01413_0,1600,16:00,0.0,0.0,0.0
no07,533967_01412_01413_0,1615,16:15,0.0,0.0,0.0
no07,533967_01412_01413_0,1630,16:30,0.0,0.0,0.0
no07,533967_01412_01413_0,1645,16:45,0.0,0.0,0.0
no07,533967_01412_01413_0,1700,17:00,0.0,0.0,0.0
no07,533967_01412_01413_0,1715,17:15,0.0,0.0,0.0
no07,533967_01412_01413_0,1730,17:30,0.0,0.0,0.0
no07,533967_01412_01413_0,1745,17:45,0.0,0.0,0.0
no07,533967_01412_01413_0,1800,18:00,0.0,0.0,0.0
no07,533967_01412_01413_0,1815,18:15,0.0,0.0,0.0
no07,533967_01412_01413_0,1830,18:30,0.0,0.0,0.0
no07,533967_01412_01413_0,1845,18:45,0.0,0.0,0.0
no07,533967_01412_01414_1,630,06:30,24.45,25.42105263157895,0.9710526315789494
no07,533967_01412_01414_1,645,06:45,38.7,40.26315789473684,1.5631578947368396
no07,533967_01412_01414_1,700,07:00,23.1,22.473684210526315,-0.6263157894736864
no07,533967_01412_01414_1,715,07:15,22.8,20.36842105263158,-2.431578947368422
no07,533967_01412_01414_1,730,07:30,18.1,17.63157894736842,-0.4684210526315802
no07,533967_01412_01414_1,745,07:45,14.45,14.578947368421051,0.12894736842105203
no07,533967_01412_01414_1,800,08:00,17.45,16.94736842105263,-0.5026315789473692
no07,533967_01412_01414_1,815,08:15,14.95,13.789473684210526,-1.1605263157894736
no07,533967_01412_01414_1,830,08:30,14.0,13.842105263157896,-0.15789473684210442
no07,533967_01412_01414_1,845,08:45,7.4,7.736842105263157,0.3368421052631563
no07,533967_01412_01414_1,900,09:00,11.15,10.473684210526317,-0.6763157894736835
no07,533967_01412_01414_1,915,09:15,15.9,16.05263157894737,0.15263157894736956
no07,533967_01412_01414_1,930,09:30,14.6,13.421052631578949,-1.178947368421051
no07,533967_01412_01414_1,945,09:45,11.3,10.894736842105264,-0.405263157894737
no07,533967_01412_01414_1,1000,10:00,7.55,8.789473684210526,1.2394736842105258
no07,533967_01412_01414_1,1015,10:15,7.8,7.473684210526316,-0.3263157894736839
no07,533967_01412_01414_1,1030,10:30,3.2,3.210526315789474,0.010526315789473717
no07,533967_01412_01414_1,1045,10:45,9.05,9.105263157894736,0.05526315789473557
no07,533967_01412_01414_1,1100,11:00,9.0,9.105263157894736,0.10526315789473628
no07,533967_01412_01414_1,1115,11:15,11.65,11.63157894736842,-0.018421052631580892
no07,533967_01412_01414_1,1130,11:30,16.8,16.736842105263158,-0.06315789473684319
no07,533967_01412_01414_1,1145,11:45,4.35,5.0,0.6500000000000004
no07,533967_01412_01414_1,1200,12:00,6.55,6.2631578947368425,-0.28684210526315734
no07,533967_01412_01414_1,1215,12:15,6.85,6.894736842105263,0.044736842105263186
no07,533967_01412_01414_1,1230,12:30,6.15,7.736842105263157,1.5868421052631563
no07,533967_01412_01414_1,1245,12:45,6.95,6.947368421052632,-0.002631578947368318
no07,533967_01412_01414_1,1300,13:00,5.05,5.0,-0.04999999999999982
no07,533967_01412_01414_1,1315,13:15,10.6,9.947368421052632,-0.6526315789473678
no07,533967_01412_01414_1,1330,13:30,10.05,10.526315789473683,0.47631578947368247
no07,533967_01412_01414_1,1345,13:45,1.0,1.3157894736842106,0.3157894736842106
no07,533967_01412_01414_1,1400,14:00,11.3,12.0,0.6999999999999993
no07,533967_01412_01414_1,1415,14:15,4.55,4.473684210526316,-0.07631578947368389
no07,533967_01412_01414_1,1430,14:30,11.15,11.105263157894736,-0.044736842105264074
no07,533967_01412_01414_1,1445,14:45,7.1,7.947368421052632,0.8473684210526322
no07,533967_01412_01414_1,1500,15:00,5.6,4.947368421052632,-0.6526315789473678
no07,533967_01412_01414_1,1515,15:15,13.15,13.210526315789474,0.06052631578947398
no07,533967_01412_01414_1,1530,15:30,8.75,8.68421052631579,-0.06578947368421062
no07,533967_01412_01414_1,1545,15:45,10.55,12.63157894736842,2.0815789473684188
no07,533967_01412_01414_1,1600,16:00,9.15,8.421052631578947,-0.7289473684210535
no07,533967_01412_01414_1,1615,16:15,9.6,9.052631578947368,-0.5473684210526315
no07,533967_01412_01414_1,1630,16:30,13.3,13.578947368421051,0.2789473684210506
no07,533967_01412_01414_1,1645,16:45,14.85,15.263157894736842,0.41315789473684283
no07,533967_01412_01414_1,1700,17:00,14.3,16.263157894736842,1.9631578947368418
no07,533967_01412_01414_1,1715,17:15,9.2,9.0,-0.1999999999999993
no07,533967_01412_01414_1,1730,17:30,10.9,11.947368421052632,1.0473684210526315
no07,533967_01412_01414_1,1745,17:45,17.55,19.31578947368421,1.7657894736842081
no07,533967_01412_01414_1,1800,18:00,7.85,7.631578947368421,-0.2184210526315784
no07,533967_01412_01414_1,1815,18:15,9.85,9.63157894736842,-0.21842105263158018
no07,533967_01412_01414_1,1830,18:30,17.0,16.94736842105263,-0.05263157894736992
no07,533967_01412_01414_1,1845,18:45,12.8,13.68421052631579,0.8842105263157887
no07,533967_01413_01414_0,630,06:30,0.0,0.0,0.0
no07,533967_01413_01414_0,645,06:45,0.0,0.0,0.0
no07,533967_01413_01414_0,700,07:00,0.0,0.0,0.0
no07,533967_01413_01414_0,715,07:15,0.0,0.0,0.0
no07,533967_01413_01414_0,730,07:30,0.0,0.0,0.0
no07,533967_01413_01414_0,745,07:45,0.0,0.0,0.0
no07,533967_01413_01414_0,800,08:00,0.0,0.0,0.0
no07,533967_01413_01414_0,815,08:15,0.0,0.0,0.0
no07,533967_01413_01414_0,830,08:30,0.0,0.0,0.0
no07,533967_01413_01414_0,845,08:45,0.0,0.0,0.0
no07,533967_01413_01414_0,900,09:00,0.0,0.0,0.0
no07,533967_01413_01414_0,915,09:15,0.0,0.0,0.0
no07,533967_01413_01414_0,930,09:30,0.0,0.0,0.0
no07,533967_01413_01414_0,945,09:45,0.0,0.0,0.0
no07,533967_01413_01414_0,1000,10:00,0.0,0.0,0.0
no07,533967_01413_01414_0,1015,10:15,0.0,0.0,0.0
no07,533967_01413_01414_0,1030,10:30,0.0,0.0,0.0
no07,533967_01413_01414_0,1045,10:45,0.0,0.0,0.0
no07,533967_01413_01414_0,1100,11:00,0.0,0.0,0.0
no07,533967_01413_01414_0,1115,11:15,0.0,0.0,0.0
no07,533967_01413_01414_0,1130,11:30,0.0,0.0,0.0
no07,533967_01413_01414_0,1145,11:45,0.0,0.0,0.0
no07,533967_01413_01414_0,1200,12:00,0.0,0.0,0.0
no07,533967_01413_01414_0,1215,12:15,0.0,0.0,0.0
no07,533967_01413_01414_0,1230,12:30,0.0,0.0,0.0
no07,533967_01413_01414_0,1245,12:45,0.0,0.0,0.0
no07,533967_01413_01414_0,1300,13:00,0.0,0.0,0.0
no07,533967_01413_01414_0,1315,13:15,0.0,0.0,0.0
no07,533967_01413_01414_0,1330,13:30,0.0,0.0,0.0
no07,533967_01413_01414_0,1345,13:45,0.0,0.0,0.0
no07,533967_01413_01414_0,1400,14:00,0.0,0.0,0.0
no07,533967_01413_01414_0,1415,14:15,0.0,0.0,0.0
no07,533967_01413_01414_0,1430,14:30,0.0,0.0,0.0
no07,533967_01413_01414_0,1445,14:45,0.0,0.0,0.0
no07,533967_01413_01414_0,1500,15:00,0.0,0.0,0.0
no07,533967_01413_01414_0,1515,15:15,0.0,0.0,0.0
no07,533967_01413_01414_0,1530,15:30,0.0,0.0,0.0
no07,533967_01413_01414_0,1545,15:45,0.0,0.0,0.0
no07,533967_01413_01414_0,1600,16:00,0.0,0.0,0.0
no07,533967_01413_01414_0,1615,16:15,0.0,0.0,0.0
no07,533967_01413_01414_0,1630,16:30,0.0,0.0,0.0
no07,533967_01413_01414_0,1645,16:45,0.0,0.0,0.0
no07,533967_01413_01414_0,1700,17:00,0.0,0.0,0.0
no07,533967_01413_01414_0,1715,17:15,0.0,0.0,0.0
no07,533967_01413_01414_0,1730,17:30,0.0,0.0,0.0
no07,533967_01413_01414_0,1745,17:45,0.0,0.0,0.0
no07,533967_01413_01414_0,1800,18:00,0.0,0.0,0.0
no07,533967_01413_01414_0,1815,18:15,0.0,0.0,0.0
no07,533967_01413_01414_0,1830,18:30,0.0,0.0,0.0
no07,533967_01413_01414_0,1845,18:45,0.0,0.0,0.0
no07,533967_01418_01419_0,630,06:30,0.0,0.0,0.0
no07,533967_01418_01419_0,645,06:45,0.0,0.0,0.0
no07,533967_01418_01419_0,700,07:00,0.0,0.0,0.0
no07,533967_01418_01419_0,715,07:15,0.0,0.0,0.0
no07,533967_01418_01419_0,730,07:30,0.0,0.0,0.0
no07,533967_01418_01419_0,745,07:45,0.0,0.0,0.0
no07,533967_01418_01419_0,800,08:00,0.0,0.0,0.0
no07,533967_01418_01419_0,815,08:15,0.0,0.0,0.0
no07,533967_01418_01419_0,830,08:30,0.0,0.0,0.0
no07,533967_01418_01419_0,845,08:45,0.0,0.0,0.0
no07,533967_01418_01419_0,900,09:00,0.0,0.0,0.0
no07,533967_01418_01419_0,915,09:15,0.0,0.0,0.0
no07,533967_01418_01419_0,930,09:30,0.0,0.0,0.0
no07,533967_01418_01419_0,945,09:45,0.0,0.0,0.0
no07,533967_01418_01419_0,1000,10:00,0.0,0.0,0.0
no07,533967_01418_01419_0,1015,10:15,0.0,0.0,0.0
no07,533967_01418_01419_0,1030,10:30,0.0,0.0,0.0
no07,533967_01418_01419_0,1045,10:45,0.0,0.0,0.0
no07,533967_01418_01419_0,1100,11:00,0.0,0.0,0.0
no07,533967_01418_01419_0,1115,11:15,0.0,0.0,0.0
no07,533967_01418_01419_0,1130,11:30,0.0,0.0,0.0
no07,533967_01418_01419_0,1145,11:45,0.0,0.0,0.0
no07,533967_01418_01419_0,1200,12:00,0.0,0.0,0.0
no07,533967_01418_01419_0,1215,12:15,0.0,0.0,0.0
no07,533967_01418_01419_0,1230,12:30,0.0,0.0,0.0
no07,533967_01418_01419_0,1245,12:45,0.0,0.0,0.0
no07,533967_01418_01419_0,1300,13:00,0.0,0.0,0.0
no07,533967_01418_01419_0,1315,13:15,0.0,0.0,0.0
no07,533967_01418_01419_0,1330,13:30,0.0,0.0,0.0
no07,533967_01418_01419_0,1345,13:45,0.0,0.0,0.0
no07,533967_01418_01419_0,1400,14:00,0.0,0.0,0.0
no07,533967_01418_01419_0,1415,14:15,0.0,0.0,0.0
no07,533967_01418_01419_0,1430,14:30,0.0,0.0,0.0
no07,533967_01418_01419_0,1445,14:45,0.0,0.0,0.0
no07,533967_01418_01419_0,1500,15:00,0.0,0.0,0.0
no07,533967_01418_01419_0,1515,15:15,0.0,0.0,0.0
no07,533967_01418_01419_0,1530,15:30,0.0,0.0,0.0
no07,533967_01418_01419_0,1545,15:45,0.0,0.0,0.0
no07,533967_01418_01419_0,1600,16:00,0.0,0.0,0.0
no07,533967_01418_01419_0,1615,16:15,0.0,0.0,0.0
no07,533967_01418_01419_0,1630,16:30,0.0,0.0,0.0
no07,533967_01418_01419_0,1645,16:45,0.0,0.0,0.0
no07,533967_01418_01419_0,1700,17:00,0.0,0.0,0.0
no07,533967_01418_01419_0,1715,17:15,0.0,0.0,0.0
no07,533967_01418_01419_0,1730,17:30,0.0,0.0,0.0
no07,533967_01418_01419_0,1745,17:45,0.0,0.0,0.0
no07,533967_01418_01419_0,1800,18:00,0.0,0.0,0.0
no07,533967_01418_01419_0,1815,18:15,0.0,0.0,0.0
no07,533967_01418_01419_0,1830,18:30,0.0,0.0,0.0
no07,533967_01418_01419_0,1845,18:45,0.0,0.0,0.0
no07,533967_01418_01419_1,630,06:30,0.0,0.0,0.0
no07,533967_01418_01419_1,645,06:45,0.0,0.0,0.0
no07,533967_01418_01419_1,700,07:00,0.0,0.0,0.0
no07,533967_01418_01419_1,715,07:15,0.0,0.0,0.0
no07,533967_01418_01419_1,730,07:30,0.0,0.0,0.0
no07,533967_01418_01419_1,745,07:45,0.0,0.0,0.0
no07,533967_01418_01419_1,800,08:00,0.0,0.0,0.0
no07,533967_01418_01419_1,815,08:15,0.0,0.0,0.0
no07,533967_01418_01419_1,830,08:30,0.0,0.0,0.0
no07,533967_01418_01419_1,845,08:45,0.0,0.0,0.0
no07,533967_01418_01419_1,900,09:00,0.0,0.0,0.0
no07,533967_01418_01419_1,915,09:15,0.0,0.0,0.0
no07,533967_01418_01419_1,930,09:30,0.0,0.0,0.0
no07,533967_01418_01419_1,945,09:45,0.0,0.0,0.0
no07,533967_01418_01419_1,1000,10:00,0.0,0.0,0.0
no07,533967_01418_01419_1,1015,10:15,0.0,0.0,0.0
no07,533967_01418_01419_1,1030,10:30,0.0,0.0,0.0
no07,533967_01418_01419_1,1045,10:45,0.0,0.0,0.0
no07,533967_01418_01419_1,1100,11:00,0.0,0.0,0.0
no07,533967_01418_01419_1,1115,11:15,0.0,0.0,0.0
no07,533967_01418_01419_1,1130,11:30,0.0,0.0,0.0
no07,533967_01418_01419_1,1145,11:45,0.0,0.0,0.0
no07,533967_01418_01419_1,1200,12:00,0.0,0.0,0.0
no07,533967_01418_01419_1,1215,12:15,0.0,0.0,0.0
no07,533967_01418_01419_1,1230,12:30,0.0,0.0,0.0
no07,533967_01418_01419_1,1245,12:45,0.0,0.0,0.0
no07,533967_01418_01419_1,1300,13:00,0.0,0.0,0.0
no07,533967_01418_01419_1,1315,13:15,0.0,0.0,0.0
no07,533967_01418_01419_1,1330,13:30,0.0,0.0,0.0
no07,533967_01418_01419_1,1345,13:45,0.0,0.0,0.0
no07,533967_01418_01419_1,1400,14:00,0.0,0.0,0.0
no07,533967_01418_01419_1,1415,14:15,0.0,0.0,0.0
no07,533967_01418_01419_1,1430,14:30,0.0,0.0,0.0
no07,533967_01418_01419_1,1445,14:45,0.0,0.0,0.0
no07,533967_01418_01419_1,1500,15:00,0.0,0.0,0.0
no07,533967_01418_01419_1,1515,15:15,0.0,0.0,0.0
no07,533967_01418_01419_1,1530,15:30,0.0,0.0,0.0
no07,533967_01418_01419_1,1545,15:45,0.0,0.0,0.0
no07,533967_01418_01419_1,1600,16:00,0.0,0.0,0.0
no07,533967_01418_01419_1,1615,16:15,0.0,0.0,0.0
no07,533967_01418_01419_1,1630,16:30,0.0,0.0,0.0
no07,533967_01418_01419_1,1645,16:45,0.0,0.0,0.0
no07,533967_01418_01419_1,1700,17:00,0.0,0.0,0.0
no07,533967_01418_01419_1,1715,17:15,0.0,0.0,0.0
no07,533967_01418_01419_1,1730,17:30,0.0,0.0,0.0
no07,533967_01418_01419_1,1745,17:45,0.0,0.0,0.0
no07,533967_01418_01419_1,1800,18:00,0.0,0.0,0.0
no07,533967_01418_01419_1,1815,18:15,0.0,0.0,0.0
no07,533967_01418_01419_1,1830,18:30,0.0,0.0,0.0
no07,533967_01418_01419_1,1845,18:45,0.0,0.0,0.0
no07,533967_01418_01420_1,630,06:30,37.7,37.63157894736842,-0.06842105263158516
no07,533967_01418_01420_1,645,06:45,68.0,68.63157894736842,0.6315789473684248
no07,533967_01418_01420_1,700,07:00,65.9,66.15789473684211,0.25789473684210407
no07,533967_01418_01420_1,715,07:15,76.5,75.15789473684211,-1.3421052631578902
no07,533967_01418_01420_1,730,07:30,80.4,78.78947368421052,-1.6105263157894854
no07,533967_01418_01420_1,745,07:45,96.4,95.89473684210526,-0.5052631578947455
no07,533967_01418_01420_1,800,08:00,104.1,104.36842105263158,0.2684210526315809
no07,533967_01418_01420_1,815,08:15,95.15,95.15789473684212,0.007894736842118277
no07,533967_01418_01420_1,830,08:30,88.15,87.21052631578948,-0.939473684210526
no07,533967_01418_01420_1,845,08:45,70.3,73.57894736842105,3.2789473684210577
no07,533967_01418_01420_1,900,09:00,70.15,70.84210526315789,0.6921052631578846
no07,533967_01418_01420_1,915,09:15,50.4,49.36842105263158,-1.0315789473684163
no07,533967_01418_01420_1,930,09:30,69.95,68.52631578947368,-1.4236842105263179
no07,533967_01418_01420_1,945,09:45,53.05,52.21052631578947,-0.8394736842105246
no07,533967_01418_01420_1,1000,10:00,72.2,72.0,-0.20000000000000284
no07,533967_01418_01420_1,1015,10:15,56.3,51.578947368421055,-4.721052631578942
no07,533967_01418_01420_1,1030,10:30,34.95,29.105263157894736,-5.844736842105267
no07,533967_01418_01420_1,1045,10:45,65.85,64.63157894736842,-1.2184210526315695
no07,533967_01418_01420_1,1100,11:00,69.75,70.57894736842105,0.8289473684210549
no07,533967_01418_01420_1,1115,11:15,63.0,62.73684210526316,-0.2631578947368425
no07,533967_01418_01420_1,1130,11:30,72.85,72.21052631578948,-0.6394736842105146
no07,533967_01418_01420_1,1145,11:45,51.65,50.42105263157895,-1.2289473684210463
no07,533967_01418_01420_1,1200,12:00,68.7,68.15789473684211,-0.5421052631578931
no07,533967_01418_01420_1,1215,12:15,63.8,63.78947368421053,-0.01052631578946972
no07,533967_01418_01420_1,1230,12:30,46.15,44.36842105263158,-1.7815789473684163
no07,533967_01418_01420_1,1245,12:45,60.3,59.73684210526316,-0.5631578947368396
no07,533967_01418_01420_1,1300,13:00,80.3,81.73684210526316,1.4368421052631675
no07,533967_01418_01420_1,1315,13:15,59.85,59.68421052631579,-0.16578947368421382
no07,533967_01418_01420_1,1330,13:30,51.3,50.8421052631579,-0.4578947368420998
no07,533967_01418_01420_1,1345,13:45,58.6,59.0,0.3999999999999986
no07,533967_01418_01420_1,1400,14:00,51.95,51.526315789473685,-0.4236842105263179
no07,533967_01418_01420_1,1415,14:15,52.35,53.42105263157895,1.0710526315789508
no07,533967_01418_01420_1,1430,14:30,47.0,47.05263157894737,0.05263157894736992
no07,533967_01418_01420_1,1445,14:45,62.2,60.578947368421055,-1.621052631578948
no07,533967_01418_01420_1,1500,15:00,63.0,63.0,0.0
no07,533967_01418_01420_1,1515,15:15,46.65,48.36842105263158,1.7184210526315837
no07,533967_01418_01420_1,1530,15:30,52.75,54.0,1.25
no07,533967_01418_01420_1,1545,15:45,70.9,69.26315789473684,-1.6368421052631703
no07,533967_01418_01420_1,1600,16:00,68.9,69.0,0.09999999999999432
no07,533967_01418_01420_1,1615,16:15,68.05,66.3157894736842,-1.7342105263157919
no07,533967_01418_01420_1,1630,16:30,55.85,53.94736842105263,-1.9026315789473713
no07,533967_01418_01420_1,1645,16:45,61.55,61.42105263157895,-0.12894736842104493
no07,533967_01418_01420_1,1700,17:00,62.0,60.526315789473685,-1.473684210526315
no07,533967_01418_01420_1,1715,17:15,67.35,64.36842105263158,-2.981578947368419
no07,533967_01418_01420_1,1730,17:30,72.8,71.94736842105263,-0.8526315789473671
no07,533967_01418_01420_1,1745,17:45,44.1,43.578947368421055,-0.5210526315789465
no07,533967_01418_01420_1,1800,18:00,85.8,86.73684210526316,0.9368421052631675
no07,533967_01418_01420_1,1815,18:15,48.75,50.1578947368421,1.4078947368421026
no07,533967_01418_01420_1,1830,18:30,66.55,66.36842105263158,-0.18157894736842195
no07,533967_01418_01420_1,1845,18:45,38.2,37.42105263157895,-0.7789473684210506
no07,533967_01418_01421_0,630,06:30,2.15,2.3157894736842106,0.1657894736842107
no07,533967_01418_01421_0,645,06:45,18.45,17.473684210526315,-0.9763157894736842
no07,533967_01418_01421_0,700,07:00,13.1,13.052631578947368,-0.047368421052631504
no07,533967_01418_01421_0,715,07:15,23.2,23.894736842105264,0.6947368421052644
no07,533967_01418_01421_0,730,07:30,20.65,21.526315789473685,0.8763157894736864
no07,533967_01418_01421_0,745,07:45,24.7,25.0,0.3000000000000007
no07,533967_01418_01421_0,800,08:00,20.6,21.473684210526315,0.8736842105263136
no07,533967_01418_01421_0,815,08:15,20.1,20.894736842105264,0.7947368421052623
no07,533967_01418_01421_0,830,08:30,22.7,23.105263157894736,0.405263157894737
no07,533967_01418_01421_0,845,08:45,12.5,13.842105263157896,1.3421052631578956
no07,533967_01418_01421_0,900,09:00,20.95,19.94736842105263,-1.0026315789473692
no07,533967_01418_01421_0,915,09:15,13.8,13.105263157894736,-0.6947368421052644
no07,533967_01418_01421_0,930,09:30,20.05,18.473684210526315,-1.5763157894736857
no07,533967_01418_01421_0,945,09:45,19.85,19.473684210526315,-0.3763157894736864
no07,533967_01418_01421_0,1000,10:00,26.0,26.105263157894736,0.10526315789473628
no07,533967_01418_01421_0,1015,10:15,23.2,22.473684210526315,-0.7263157894736842
no07,533967_01418_01421_0,1030,10:30,13.15,13.263157894736842,0.11315789473684212
no07,533967_01418_01421_0,1045,10:45,30.85,28.210526315789476,-2.6394736842105253
no07,533967_01418_01421_0,1100,11:00,25.9,26.789473684210527,0.8894736842105289
no07,533967_01418_01421_0,1115,11:15,31.35,30.94736842105263,-0.40263157894737134
no07,533967_01418_01421_0,1130,11:30,30.0,29.57894736842105,-0.4210526315789487
no07,533967_01418_01421_0,1145,11:45,24.15,25.42105263157895,1.27105263157895
no07,533967_01418_01421_0,1200,12:00,32.1,30.473684210526315,-1.6263157894736864
no07,533967_01418_01421_0,1215,12:15,30.6,28.05263157894737,-2.5473684210526315
no07,533967_01418_01421_0,1230,12:30,21.95,20.789473684210527,-1.1605263157894719
no07,533967_01418_01421_0,1245,12:45,26.8,28.210526315789476,1.4105263157894754
no07,533967_01418_01421_0,1300,13:00,34.75,33.73684210526316,-1.0131578947368425
no07,533967_01418_01421_0,1315,13:15,25.8,25.94736842105263,0.14736842105262937
no07,533967_01418_01421_0,1330,13:30,19.2,18.789473684210527,-0.41052631578947185
no07,533967_01418_01421_0,1345,13:45,24.35,24.0,-0.3500000000000014
no07,533967_01418_01421_0,1400,14:00,23.6,23.526315789473685,-0.07368421052631646
no07,533967_01418_01421_0,1415,14:15,19.2,20.789473684210527,1.5894736842105281
no07,533967_01418_01421_0,1430,14:30,16.55,17.57894736842105,1.0289473684210506
no07,533967_01418_01421_0,1445,14:45,24.85,25.210526315789476,0.3605263157894747
no07,533967_01418_01421_0,1500,15:00,26.25,28.05263157894737,1.80263157894737
no07,533967_01418_01421_0,1515,15:15,21.3,21.0,-0.3000000000000007
no07,533967_01418_01421_0,1530,15:30,21.25,22.26315789473684,1.013157894736839
no07,533967_01418_01421_0,1545,15:45,22.15,20.789473684210527,-1.3605263157894711
no07,533967_01418_01421_0,1600,16:00,27.25,27.526315789473685,0.27631578947368496
no07,533967_01418_01421_0,1615,16:15,32.25,30.05263157894737,-2.19736842105263
no07,533967_01418_01421_0,1630,16:30,25.4,23.84210526315789,-1.5578947368421083
no07,533967_01418_01421_0,1645,16:45,25.65,27.36842105263158,1.7184210526315802
no07,533967_01418_01421_0,1700,17:00,25.65,24.105263157894736,-1.5447368421052623
no07,533967_01418_01421_0,1715,17:15,27.35,26.105263157894736,-1.2447368421052651
no07,533967_01418_01421_0,1730,17:30,18.2,16.94736842105263,-1.2526315789473692
no07,533967_01418_01421_0,1745,17:45,13.8,14.842105263157896,1.0421052631578949
no07,533967_01418_01421_0,1800,18:00,35.8,35.73684210526316,-0.06315789473683964
no07,533967_01418_01421_0,1815,18:15,11.15,11.63157894736842,0.4815789473684191
no07,533967_01418_01421_0,1830,18:30,24.9,23.894736842105264,-1.0052631578947349
no07,533967_01418_01421_0,1845,18:45,14.3,16.105263157894736,1.8052631578947356
no07,533967_01418_01421_1,630,06:30,0.0,0.0,0.0
no07,533967_01418_01421_1,645,06:45,0.0,0.0,0.0
no07,533967_01418_01421_1,700,07:00,0.0,0.0,0.0
no07,533967_01418_01421_1,715,07:15,0.0,0.0,0.0
no07,533967_01418_01421_1,730,07:30,0.0,0.0,0.0
no07,533967_01418_01421_1,745,07:45,0.0,0.0,0.0
no07,533967_01418_01421_1,800,08:00,0.0,0.0,0.0
no07,533967_01418_01421_1,815,08:15,0.0,0.0,0.0
no07,533967_01418_01421_1,830,08:30,0.0,0.0,0.0
no07,533967_01418_01421_1,845,08:45,0.0,0.0,0.0
no07,533967_01418_01421_1,900,09:00,0.0,0.0,0.0
no07,533967_01418_01421_1,915,09:15,0.0,0.0,0.0
no07,533967_01418_01421_1,930,09:30,0.0,0.0,0.0
no07,533967_01418_01421_1,945,09:45,0.0,0.0,0.0
no07,533967_01418_01421_1,1000,10:00,0.0,0.0,0.0
no07,533967_01418_01421_1,1015,10:15,0.0,0.0,0.0
no07,533967_01418_01421_1,1030,10:30,0.0,0.0,0.0
no07,533967_01418_01421_1,1045,10:45,0.0,0.0,0.0
no07,533967_01418_01421_1,1100,11:00,0.0,0.0,0.0
no07,533967_01418_01421_1,1115,11:15,0.0,0.0,0.0
no07,533967_01418_01421_1,1130,11:30,0.0,0.0,0.0
no07,533967_01418_01421_1,1145,11:45,0.0,0.0,0.0
no07,533967_01418_01421_1,1200,12:00,0.0,0.0,0.0
no07,533967_01418_01421_1,1215,12:15,0.0,0.0,0.0
no07,533967_01418_01421_1,1230,12:30,0.0,0.0,0.0
no07,533967_01418_01421_1,1245,12:45,0.0,0.0,0.0
no07,533967_01418_01421_1,1300,13:00,0.0,0.0,0.0
no07,533967_01418_01421_1,1315,13:15,0.0,0.0,0.0
no07,533967_01418_01421_1,1330,13:30,0.0,0.0,0.0
no07,533967_01418_01421_1,1345,13:45,0.0,0.0,0.0
no07,533967_01418_01421_1,1400,14:00,0.0,0.0,0.0
no07,533967_01418_01421_1,1415,14:15,0.0,0.0,0.0
no07,533967_01418_01421_1,1430,14:30,0.0,0.0,0.0
no07,533967_01418_01421_1,1445,14:45,0.0,0.0,0.0
no07,533967_01418_01421_1,1500,15:00,0.0,0.0,0.0
no07,533967_01418_01421_1,1515,15:15,0.0,0.0,0.0
no07,533967_01418_01421_1,1530,15:30,0.0,0.0,0.0
no07,533967_01418_01421_1,1545,15:45,0.0,0.0,0.0
no07,533967_01418_01421_1,1600,16:00,0.0,0.0,0.0
no07,533967_01418_01421_1,1615,16:15,0.0,0.0,0.0
no07,533967_01418_01421_1,1630,16:30,0.0,0.0,0.0
no07,533967_01418_01421_1,1645,16:45,0.0,0.0,0.0
no07,533967_01418_01421_1,1700,17:00,0.0,0.0,0.0
no07,533967_01418_01421_1,1715,17:15,0.0,0.0,0.0
no07,533967_01418_01421_1,1730,17:30,0.0,0.0,0.0
no07,533967_01418_01421_1,1745,17:45,0.0,0.0,0.0
no07,533967_01418_01421_1,1800,18:00,0.0,0.0,0.0
no07,533967_01418_01421_1,1815,18:15,0.0,0.0,0.0
no07,533967_01418_01421_1,1830,18:30,0.0,0.0,0.0
no07,533967_01418_01421_1,1845,18:45,0.0,0.0,0.0
no07,533967_01419_01420_0,630,06:30,12.95,13.263157894736842,0.3131578947368432
no07,533967_01419_01420_0,645,06:45,27.2,27.473684210526315,0.27368421052631575
no07,533967_01419_01420_0,700,07:00,26.4,26.210526315789476,-0.18947368421052246
no07,533967_01419_01420_0,715,07:15,24.5,23.473684210526315,-1.026315789473685
no07,533967_01419_01420_0,730,07:30,39.85,39.63157894736842,-0.21842105263158373
no07,533967_01419_01420_0,745,07:45,69.05,67.15789473684211,-1.8921052631578874
no07,533967_01419_01420_0,800,08:00,36.15,31.26315789473684,-4.88684210526316
no07,533967_01419_01420_0,815,08:15,43.65,48.78947368421053,5.139473684210529
no07,533967_01419_01420_0,830,08:30,51.3,53.05263157894737,1.7526315789473728
no07,533967_01419_01420_0,845,08:45,56.65,57.42105263157895,0.7710526315789537
no07,533967_01419_01420_0,900,09:00,49.7,49.36842105263158,-0.33157894736842053
no07,533967_01419_01420_0,915,09:15,48.65,49.42105263157895,0.7710526315789537
no07,533967_01419_01420_0,930,09:30,48.3,48.05263157894737,-0.24736842105262724
no07,533967_01419_01420_0,945,09:45,48.9,50.10526315789474,1.2052631578947413
no07,533967_01419_01420_0,1000,10:00,30.4,29.0,-1.3999999999999986
no07,533967_01419_01420_0,1015,10:15,50.2,47.578947368421055,-2.621052631578948
no07,533967_01419_01420_0,1030,10:30,47.5,48.0,0.5
no07,533967_01419_01420_0,1045,10:45,43.45,43.526315789473685,0.07631578947368212
no07,533967_01419_01420_0,1100,11:00,46.95,47.1578947368421,0.2078947368420998
no07,533967_01419_01420_0,1115,11:15,64.2,63.10526315789474,-1.094736842105263
no07,533967_01419_01420_0,1130,11:30,36.1,35.31578947368421,-0.784210526315789
no07,533967_01419_01420_0,1145,11:45,60.05,58.47368421052632,-1.576315789473675
no07,533967_01419_01420_0,1200,12:00,39.25,40.94736842105263,1.69736842105263
no07,533967_01419_01420_0,1215,12:15,38.9,42.26315789473684,3.363157894736844
no07,533967_01419_01420_0,1230,12:30,48.7,46.31578947368421,-2.3842105263157904
no07,533967_01419_01420_0,1245,12:45,36.25,36.578947368421055,0.3289473684210549
no07,533967_01419_01420_0,1300,13:00,41.3,41.0,-0.29999999999999716
no07,533967_01419_01420_0,1315,13:15,42.15,44.42105263157895,2.2710526315789537
no07,533967_01419_01420_0,1330,13:30,34.35,34.26315789473684,-0.08684210526315894
no07,533967_01419_01420_0,1345,13:45,36.1,34.73684210526316,-1.363157894736844
no07,533967_01419_01420_0,1400,14:00,48.35,50.73684210526316,2.386842105263156
no07,533967_01419_01420_0,1415,14:15,38.8,37.89473684210526,-0.905263157894737
no07,533967_01419_01420_0,1430,14:30,52.15,50.47368421052632,-1.6763157894736764
no07,533967_01419_01420_0,1445,14:45,41.95,41.89473684210526,-0.055263157894742676
no07,533967_01419_01420_0,1500,15:00,55.85,58.89473684210526,3.0447368421052587
no07,533967_01419_01420_0,1515,15:15,54.55,51.63157894736842,-2.9184210526315795
no07,533967_01419_01420_0,1530,15:30,64.15,64.84210526315789,0.6921052631578846
no07,533967_01419_01420_0,1545,15:45,50.35,49.578947368421055,-0.7710526315789465
no07,533967_01419_01420_0,1600,16:00,62.15,63.526315789473685,1.3763157894736864
no07,533967_01419_01420_0,1615,16:15,84.3,83.73684210526316,-0.5631578947368325
no07,533967_01419_01420_0,1630,16:30,55.8,56.42105263157895,0.6210526315789551
no07,533967_01419_01420_0,1645,16:45,52.2,53.26315789473684,1.0631578947368396
no07,533967_01419_01420_0,1700,17:00,84.95,82.6842105263158,-2.265789473684208
no07,533967_01419_01420_0,1715,17:15,94.0,93.42105263157896,-0.5789473684210407
no07,533967_01419_01420_0,1730,17:30,73.8,69.15789473684211,-4.642105263157887
no07,533967_01419_01420_0,1745,17:45,59.75,61.31578947368421,1.5657894736842124
no07,533967_01419_01420_0,1800,18:00,70.95,63.36842105263158,-7.5815789473684205
no07,533967_01419_01420_0,1815,18:15,54.6,58.47368421052632,3.8736842105263207
no07,533967_01419_01420_0,1830,18:30,37.0,35.68421052631579,-1.3157894736842124
no07,533967_01419_01420_0,1845,18:45,26.35,25.68421052631579,-0.6657894736842103
no07,533967_01419_01425_1,630,06:30,12.95,13.263157894736842,0.3131578947368432
no07,533967_01419_01425_1,645,06:45,27.2,27.473684210526315,0.27368421052631575
no07,533967_01419_01425_1,700,07:00,26.4,26.210526315789476,-0.18947368421052246
no07,533967_01419_01425_1,715,07:15,24.5,23.473684210526315,-1.026315789473685
no07,533967_01419_01425_1,730,07:30,39.85,39.63157894736842,-0.21842105263158373
no07,533967_01419_01425_1,745,07:45,69.05,67.15789473684211,-1.8921052631578874
no07,533967_01419_01425_1,800,08:00,36.3,31.26315789473684,-5.036842105263158
no07,533967_01419_01425_1,815,08:15,43.55,48.78947368421053,5.23947368421053
no07,533967_01419_01425_1,830,08:30,51.25,53.05263157894737,1.80263157894737
no07,533967_01419_01425_1,845,08:45,56.65,57.42105263157895,0.7710526315789537
no07,533967_01419_01425_1,900,09:00,50.7,50.26315789473684,-0.43684210526316036
no07,533967_01419_01425_1,915,09:15,48.7,49.526315789473685,0.8263157894736821
no07,533967_01419_01425_1,930,09:30,48.3,48.0,-0.29999999999999716
no07,533967_01419_01425_1,945,09:45,48.85,50.0,1.1499999999999986
no07,533967_01419_01425_1,1000,10:00,29.4,28.157894736842103,-1.242105263157896
no07,533967_01419_01425_1,1015,10:15,50.2,47.578947368421055,-2.621052631578948
no07,533967_01419_01425_1,1030,10:30,47.5,48.05263157894737,0.5526315789473699
no07,533967_01419_01425_1,1045,10:45,43.5,43.526315789473685,0.02631578947368496
no07,533967_01419_01425_1,1100,11:00,47.8,47.94736842105263,0.14736842105263293
no07,533967_01419_01425_1,1115,11:15,63.3,62.26315789473684,-1.0368421052631547
no07,533967_01419_01425_1,1130,11:30,38.55,38.1578947368421,-0.3921052631578945
no07,533967_01419_01425_1,1145,11:45,57.6,55.63157894736842,-1.9684210526315837
no07,533967_01419_01425_1,1200,12:00,39.25,40.94736842105263,1.69736842105263
no07,533967_01419_01425_1,1215,12:15,40.45,43.78947368421053,3.3394736842105246
no07,533967_01419_01425_1,1230,12:30,47.15,44.78947368421053,-2.360526315789471
no07,533967_01419_01425_1,1245,12:45,36.25,36.578947368421055,0.3289473684210549
no07,533967_01419_01425_1,1300,13:00,43.25,42.89473684210526,-0.35526315789473983
no07,533967_01419_01425_1,1315,13:15,42.0,44.1578947368421,2.1578947368421026
no07,533967_01419_01425_1,1330,13:30,32.55,32.63157894736842,0.08157894736842053
no07,533967_01419_01425_1,1345,13:45,36.9,35.36842105263158,-1.5315789473684163
no07,533967_01419_01425_1,1400,14:00,48.3,50.578947368421055,2.2789473684210577
no07,533967_01419_01425_1,1415,14:15,38.05,37.42105263157895,-0.6289473684210449
no07,533967_01419_01425_1,1430,14:30,53.25,51.26315789473684,-1.9868421052631575
no07,533967_01419_01425_1,1445,14:45,42.95,43.1578947368421,0.2078947368420998
no07,533967_01419_01425_1,1500,15:00,54.55,57.47368421052632,2.923684210526325
no07,533967_01419_01425_1,1515,15:15,54.15,51.0,-3.1499999999999986
no07,533967_01419_01425_1,1530,15:30,63.8,64.89473684210526,1.094736842105263
no07,533967_01419_01425_1,1545,15:45,51.3,51.26315789473684,-0.03684210526315468
no07,533967_01419_01425_1,1600,16:00,61.15,61.78947368421053,0.6394736842105289
no07,533967_01419_01425_1,1615,16:15,85.05,84.47368421052632,-0.5763157894736821
no07,533967_01419_01425_1,1630,16:30,55.05,55.68421052631579,0.6342105263157904
no07,533967_01419_01425_1,1645,16:45,53.6,54.36842105263158,0.7684210526315809
no07,533967_01419_01425_1,1700,17:00,87.7,86.10526315789474,-1.594736842105263
no07,533967_01419_01425_1,1715,17:15,89.85,88.89473684210526,-0.9552631578947341
no07,533967_01419_01425_1,1730,17:30,74.6,69.63157894736842,-4.9684210526315695
no07,533967_01419_01425_1,1745,17:45,60.5,62.63157894736842,2.1315789473684177
no07,533967_01419_01425_1,1800,18:00,69.65,61.68421052631579,-7.965789473684218
no07,533967_01419_01425_1,1815,18:15,54.35,58.36842105263158,4.018421052631581
no07,533967_01419_01425_1,1830,18:30,37.65,36.10526315789474,-1.5447368421052587
no07,533967_01419_01425_1,1845,18:45,26.95,26.526315789473685,-0.42368421052631433
no07,533967_01419_01608_0,630,06:30,0.0,0.0,0.0
no07,533967_01419_01608_0,645,06:45,0.0,0.0,0.0
no07,533967_01419_01608_0,700,07:00,0.0,0.0,0.0
no07,533967_01419_01608_0,715,07:15,0.0,0.0,0.0
no07,533967_01419_01608_0,730,07:30,0.0,0.0,0.0
no07,533967_01419_01608_0,745,07:45,0.0,0.0,0.0
no07,533967_01419_01608_0,800,08:00,0.0,0.0,0.0
no07,533967_01419_01608_0,815,08:15,0.0,0.0,0.0
no07,533967_01419_01608_0,830,08:30,0.0,0.0,0.0
no07,533967_01419_01608_0,845,08:45,0.0,0.0,0.0
no07,533967_01419_01608_0,900,09:00,0.0,0.0,0.0
no07,533967_01419_01608_0,915,09:15,0.0,0.0,0.0
no07,533967_01419_01608_0,930,09:30,0.0,0.0,0.0
no07,533967_01419_01608_0,945,09:45,0.0,0.0,0.0
no07,533967_01419_01608_0,1000,10:00,0.0,0.0,0.0
no07,533967_01419_01608_0,1015,10:15,0.0,0.0,0.0
no07,533967_01419_01608_0,1030,10:30,0.0,0.0,0.0
no07,533967_01419_01608_0,1045,10:45,0.0,0.0,0.0
no07,533967_01419_01608_0,1100,11:00,0.0,0.0,0.0
no07,533967_01419_01608_0,1115,11:15,0.0,0.0,0.0
no07,533967_01419_01608_0,1130,11:30,0.0,0.0,0.0
no07,533967_01419_01608_0,1145,11:45,0.0,0.0,0.0
no07,533967_01419_01608_0,1200,12:00,0.0,0.0,0.0
no07,533967_01419_01608_0,1215,12:15,0.0,0.0,0.0
no07,533967_01419_01608_0,1230,12:30,0.0,0.0,0.0
no07,533967_01419_01608_0,1245,12:45,0.0,0.0,0.0
no07,533967_01419_01608_0,1300,13:00,0.0,0.0,0.0
no07,533967_01419_01608_0,1315,13:15,0.0,0.0,0.0
no07,533967_01419_01608_0,1330,13:30,0.0,0.0,0.0
no07,533967_01419_01608_0,1345,13:45,0.0,0.0,0.0
no07,533967_01419_01608_0,1400,14:00,0.0,0.0,0.0
no07,533967_01419_01608_0,1415,14:15,0.0,0.0,0.0
no07,533967_01419_01608_0,1430,14:30,0.0,0.0,0.0
no07,533967_01419_01608_0,1445,14:45,0.0,0.0,0.0
no07,533967_01419_01608_0,1500,15:00,0.0,0.0,0.0
no07,533967_01419_01608_0,1515,15:15,0.0,0.0,0.0
no07,533967_01419_01608_0,1530,15:30,0.0,0.0,0.0
no07,533967_01419_01608_0,1545,15:45,0.0,0.0,0.0
no07,533967_01419_01608_0,1600,16:00,0.0,0.0,0.0
no07,533967_01419_01608_0,1615,16:15,0.0,0.0,0.0
no07,533967_01419_01608_0,1630,16:30,0.0,0.0,0.0
no07,533967_01419_01608_0,1645,16:45,0.0,0.0,0.0
no07,533967_01419_01608_0,1700,17:00,0.0,0.0,0.0
no07,533967_01419_01608_0,1715,17:15,0.0,0.0,0.0
no07,533967_01419_01608_0,1730,17:30,0.0,0.0,0.0
no07,533967_01419_01608_0,1745,17:45,0.0,0.0,0.0
no07,533967_01419_01608_0,1800,18:00,0.0,0.0,0.0
no07,533967_01419_01608_0,1815,18:15,0.0,0.0,0.0
no07,533967_01419_01608_0,1830,18:30,0.0,0.0,0.0
no07,533967_01419_01608_0,1845,18:45,0.0,0.0,0.0
no07,533967_01419_01608_1,630,06:30,0.0,0.0,0.0
no07,533967_01419_01608_1,645,06:45,0.0,0.0,0.0
no07,533967_01419_01608_1,700,07:00,0.0,0.0,0.0
no07,533967_01419_01608_1,715,07:15,0.0,0.0,0.0
no07,533967_01419_01608_1,730,07:30,0.0,0.0,0.0
no07,533967_01419_01608_1,745,07:45,0.0,0.0,0.0
no07,533967_01419_01608_1,800,08:00,0.0,0.0,0.0
no07,533967_01419_01608_1,815,08:15,0.0,0.0,0.0
no07,533967_01419_01608_1,830,08:30,0.0,0.0,0.0
no07,533967_01419_01608_1,845,08:45,0.0,0.0,0.0
no07,533967_01419_01608_1,900,09:00,0.0,0.0,0.0
no07,533967_01419_01608_1,915,09:15,0.0,0.0,0.0
no07,533967_01419_01608_1,930,09:30,0.0,0.0,0.0
no07,533967_01419_01608_1,945,09:45,0.0,0.0,0.0
no07,533967_01419_01608_1,1000,10:00,0.0,0.0,0.0
no07,533967_01419_01608_1,1015,10:15,0.0,0.0,0.0
no07,533967_01419_01608_1,1030,10:30,0.0,0.0,0.0
no07,533967_01419_01608_1,1045,10:45,0.0,0.0,0.0
no07,533967_01419_01608_1,1100,11:00,0.0,0.0,0.0
no07,533967_01419_01608_1,1115,11:15,0.0,0.0,0.0
no07,533967_01419_01608_1,1130,11:30,0.0,0.0,0.0
no07,533967_01419_01608_1,1145,11:45,0.0,0.0,0.0
no07,533967_01419_01608_1,1200,12:00,0.0,0.0,0.0
no07,533967_01419_01608_1,1215,12:15,0.0,0.0,0.0
no07,533967_01419_01608_1,1230,12:30,0.0,0.0,0.0
no07,533967_01419_01608_1,1245,12:45,0.0,0.0,0.0
no07,533967_01419_01608_1,1300,13:00,0.0,0.0,0.0
no07,533967_01419_01608_1,1315,13:15,0.0,0.0,0.0
no07,533967_01419_01608_1,1330,13:30,0.0,0.0,0.0
no07,533967_01419_01608_1,1345,13:45,0.0,0.0,0.0
no07,533967_01419_01608_1,1400,14:00,0.0,0.0,0.0
no07,533967_01419_01608_1,1415,14:15,0.0,0.0,0.0
no07,533967_01419_01608_1,1430,14:30,0.0,0.0,0.0
no07,533967_01419_01608_1,1445,14:45,0.0,0.0,0.0
no07,533967_01419_01608_1,1500,15:00,0.0,0.0,0.0
no07,533967_01419_01608_1,1515,15:15,0.0,0.0,0.0
no07,533967_01419_01608_1,1530,15:30,0.0,0.0,0.0
no07,533967_01419_01608_1,1545,15:45,0.0,0.0,0.0
no07,533967_01419_01608_1,1600,16:00,0.0,0.0,0.0
no07,533967_01419_01608_1,1615,16:15,0.0,0.0,0.0
no07,533967_01419_01608_1,1630,16:30,0.0,0.0,0.0
no07,533967_01419_01608_1,1645,16:45,0.0,0.0,0.0
no07,533967_01419_01608_1,1700,17:00,0.0,0.0,0.0
no07,533967_01419_01608_1,1715,17:15,0.0,0.0,0.0
no07,533967_01419_01608_1,1730,17:30,0.0,0.0,0.0
no07,533967_01419_01608_1,1745,17:45,0.0,0.0,0.0
no07,533967_01419_01608_1,1800,18:00,0.0,0.0,0.0
no07,533967_01419_01608_1,1815,18:15,0.0,0.0,0.0
no07,533967_01419_01608_1,1830,18:30,0.0,0.0,0.0
no07,533967_01419_01608_1,1845,18:45,0.0,0.0,0.0
no07,533967_01420_01654_0,630,06:30,11.1,11.157894736842104,0.05789473684210478
no07,533967_01420_01654_0,645,06:45,25.4,25.473684210526315,0.07368421052631646
no07,533967_01420_01654_0,700,07:00,30.05,30.31578947368421,0.26578947368420813
no07,533967_01420_01654_0,715,07:15,23.25,22.473684210526315,-0.776315789473685
no07,533967_01420_01654_0,730,07:30,40.45,39.78947368421053,-0.6605263157894754
no07,533967_01420_01654_0,745,07:45,63.65,61.89473684210526,-1.7552631578947384
no07,533967_01420_01654_0,800,08:00,42.1,37.21052631578947,-4.889473684210529
no07,533967_01420_01654_0,815,08:15,39.0,43.73684210526316,4.7368421052631575
no07,533967_01420_01654_0,830,08:30,55.25,57.10526315789474,1.8552631578947398
no07,533967_01420_01654_0,845,08:45,52.25,52.68421052631579,0.4342105263157876
no07,533967_01420_01654_0,900,09:00,54.5,55.05263157894737,0.5526315789473699
no07,533967_01420_01654_0,915,09:15,43.6,44.47368421052632,0.8736842105263207
no07,533967_01420_01654_0,930,09:30,52.65,52.1578947368421,-0.49210526315789593
no07,533967_01420_01654_0,945,09:45,45.7,46.94736842105263,1.2473684210526272
no07,533967_01420_01654_0,1000,10:00,34.65,33.21052631578947,-1.439473684210526
no07,533967_01420_01654_0,1015,10:15,45.05,42.94736842105263,-2.102631578947367
no07,533967_01420_01654_0,1030,10:30,52.4,52.42105263157895,0.02105263157895365
no07,533967_01420_01654_0,1045,10:45,40.1,40.1578947368421,0.057894736842101224
no07,533967_01420_01654_0,1100,11:00,49.55,49.8421052631579,0.2921052631579002
no07,533967_01420_01654_0,1115,11:15,56.05,54.8421052631579,-1.2078947368420998
no07,533967_01420_01654_0,1130,11:30,45.25,44.36842105263158,-0.8815789473684177
no07,533967_01420_01654_0,1145,11:45,53.0,51.578947368421055,-1.4210526315789451
no07,533967_01420_01654_0,1200,12:00,46.3,47.94736842105263,1.647368421052633
no07,533967_01420_01654_0,1215,12:15,33.45,36.73684210526316,3.2868421052631547
no07,533967_01420_01654_0,1230,12:30,54.1,51.8421052631579,-2.257894736842104
no07,533967_01420_01654_0,1245,12:45,33.75,34.94736842105263,1.19736842105263
no07,533967_01420_01654_0,1300,13:00,43.8,42.63157894736842,-1.1684210526315795
no07,533967_01420_01654_0,1315,13:15,38.3,40.10526315789474,1.8052631578947427
no07,533967_01420_01654_0,1330,13:30,38.25,38.578947368421055,0.3289473684210549
no07,533967_01420_01654_0,1345,13:45,30.8,29.526315789473685,-1.2736842105263158
no07,533967_01420_01654_0,1400,14:00,52.9,54.73684210526316,1.836842105263159
no07,533967_01420_01654_0,1415,14:15,34.85,34.8421052631579,-0.007894736842104066
no07,533967_01420_01654_0,1430,14:30,56.2,53.94736842105263,-2.2526315789473728
no07,533967_01420_01654_0,1445,14:45,38.65,39.0,0.3500000000000014
no07,533967_01420_01654_0,1500,15:00,59.2,62.42105263157895,3.2210526315789494
no07,533967_01420_01654_0,1515,15:15,47.95,45.26315789473684,-2.6868421052631604
no07,533967_01420_01654_0,1530,15:30,71.2,70.78947368421052,-0.4105263157894825
no07,533967_01420_01654_0,1545,15:45,41.8,42.526315789473685,0.7263157894736878
no07,533967_01420_01654_0,1600,16:00,70.1,69.78947368421052,-0.310526315789474
no07,533967_01420_01654_0,1615,16:15,74.35,73.63157894736842,-0.7184210526315695
no07,533967_01420_01654_0,1630,16:30,65.85,67.05263157894737,1.2026315789473756
no07,533967_01420_01654_0,1645,16:45,46.85,47.8421052631579,0.9921052631578959
no07,533967_01420_01654_0,1700,17:00,85.2,83.05263157894737,-2.147368421052633
no07,533967_01420_01654_0,1715,17:15,89.2,88.63157894736842,-0.568421052631578
no07,533967_01420_01654_0,1730,17:30,83.8,77.89473684210526,-5.905263157894737
no07,533967_01420_01654_0,1745,17:45,55.45,58.8421052631579,3.3921052631578945
no07,533967_01420_01654_0,1800,18:00,72.85,61.68421052631579,-11.165789473684207
no07,533967_01420_01654_0,1815,18:15,55.05,62.42105263157895,7.371052631578955
no07,533967_01420_01654_0,1830,18:30,39.5,37.68421052631579,-1.8157894736842124
no07,533967_01420_01654_0,1845,18:45,24.5,24.31578947368421,-0.18421052631579116
no07,533967_01420_01654_1,630,06:30,37.7,37.63157894736842,-0.06842105263158516
no07,533967_01420_01654_1,645,06:45,68.0,68.63157894736842,0.6315789473684248
no07,533967_01420_01654_1,700,07:00,65.9,66.21052631578948,0.310526315789474
no07,533967_01420_01654_1,715,07:15,76.5,75.21052631578948,-1.2894736842105203
no07,533967_01420_01654_1,730,07:30,80.4,78.73684210526316,-1.663157894736841
no07,533967_01420_01654_1,745,07:45,96.4,95.84210526315788,-0.5578947368421296
no07,533967_01420_01654_1,800,08:00,104.1,104.36842105263158,0.2684210526315809
no07,533967_01420_01654_1,815,08:15,95.15,95.15789473684212,0.007894736842118277
no07,533967_01420_01654_1,830,08:30,88.15,87.21052631578948,-0.939473684210526
no07,533967_01420_01654_1,845,08:45,70.5,73.84210526315789,3.3421052631578902
no07,533967_01420_01654_1,900,09:00,69.95,70.57894736842105,0.628947368421052
no07,533967_01420_01654_1,915,09:15,50.4,49.36842105263158,-1.0315789473684163
no07,533967_01420_01654_1,930,09:30,69.9,68.52631578947368,-1.3736842105263207
no07,533967_01420_01654_1,945,09:45,53.05,52.21052631578947,-0.8394736842105246
no07,533967_01420_01654_1,1000,10:00,72.25,72.05263157894737,-0.19736842105263008
no07,533967_01420_01654_1,1015,10:15,56.25,51.526315789473685,-4.723684210526315
no07,533967_01420_01654_1,1030,10:30,35.4,29.526315789473685,-5.873684210526314
no07,533967_01420_01654_1,1045,10:45,65.45,64.26315789473684,-1.1868421052631675
no07,533967_01420_01654_1,1100,11:00,69.7,70.52631578947368,0.8263157894736821
no07,533967_01420_01654_1,1115,11:15,63.0,62.73684210526316,-0.2631578947368425
no07,533967_01420_01654_1,1130,11:30,72.85,72.21052631578948,-0.6394736842105146
no07,533967_01420_01654_1,1145,11:45,51.65,50.42105263157895,-1.2289473684210463
no07,533967_01420_01654_1,1200,12:00,68.7,68.15789473684211,-0.5421052631578931
no07,533967_01420_01654_1,1215,12:15,63.8,63.78947368421053,-0.01052631578946972
no07,533967_01420_01654_1,1230,12:30,46.15,44.36842105263158,-1.7815789473684163
no07,533967_01420_01654_1,1245,12:45,60.3,59.73684210526316,-0.5631578947368396
no07,533967_01420_01654_1,1300,13:00,80.4,81.73684210526316,1.336842105263159
no07,533967_01420_01654_1,1315,13:15,59.75,59.68421052631579,-0.0657894736842124
no07,533967_01420_01654_1,1330,13:30,51.3,50.8421052631579,-0.4578947368420998
no07,533967_01420_01654_1,1345,13:45,58.6,59.0,0.3999999999999986
no07,533967_01420_01654_1,1400,14:00,51.95,51.526315789473685,-0.4236842105263179
no07,533967_01420_01654_1,1415,14:15,52.35,53.42105263157895,1.0710526315789508
no07,533967_01420_01654_1,1430,14:30,47.0,47.05263157894737,0.05263157894736992
no07,533967_01420_01654_1,1445,14:45,62.2,60.578947368421055,-1.621052631578948
no07,533967_01420_01654_1,1500,15:00,63.0,63.0,0.0
no07,533967_01420_01654_1,1515,15:15,46.65,48.36842105263158,1.7184210526315837
no07,533967_01420_01654_1,1530,15:30,52.75,54.0,1.25
no07,533967_01420_01654_1,1545,15:45,70.9,69.26315789473684,-1.6368421052631703
no07,533967_01420_01654_1,1600,16:00,68.9,69.0,0.09999999999999432
no07,533967_01420_01654_1,1615,16:15,68.05,66.3157894736842,-1.7342105263157919
no07,533967_01420_01654_1,1630,16:30,55.85,53.94736842105263,-1.9026315789473713
no07,533967_01420_01654_1,1645,16:45,61.55,61.42105263157895,-0.12894736842104493
no07,533967_01420_01654_1,1700,17:00,62.0,60.526315789473685,-1.473684210526315
no07,533967_01420_01654_1,1715,17:15,67.35,64.36842105263158,-2.981578947368419
no07,533967_01420_01654_1,1730,17:30,72.8,71.94736842105263,-0.8526315789473671
no07,533967_01420_01654_1,1745,17:45,44.1,43.578947368421055,-0.5210526315789465
no07,533967_01420_01654_1,1800,18:00,85.8,86.73684210526316,0.9368421052631675
no07,533967_01420_01654_1,1815,18:15,48.75,50.1578947368421,1.4078947368421026
no07,533967_01420_01654_1,1830,18:30,66.55,66.36842105263158,-0.18157894736842195
no07,533967_01420_01654_1,1845,18:45,38.2,37.42105263157895,-0.7789473684210506
no07,533967_01424_01425_0,630,06:30,0.0,0.0,0.0
no07,533967_01424_01425_0,645,06:45,0.0,0.0,0.0
no07,533967_01424_01425_0,700,07:00,0.0,0.0,0.0
no07,533967_01424_01425_0,715,07:15,0.0,0.0,0.0
no07,533967_01424_01425_0,730,07:30,0.0,0.0,0.0
no07,533967_01424_01425_0,745,07:45,0.0,0.0,0.0
no07,533967_01424_01425_0,800,08:00,0.0,0.0,0.0
no07,533967_01424_01425_0,815,08:15,0.0,0.0,0.0
no07,533967_01424_01425_0,830,08:30,0.0,0.0,0.0
no07,533967_01424_01425_0,845,08:45,0.0,0.0,0.0
no07,533967_01424_01425_0,900,09:00,0.0,0.0,0.0
no07,533967_01424_01425_0,915,09:15,0.0,0.0,0.0
no07,533967_01424_01425_0,930,09:30,0.0,0.0,0.0
no07,533967_01424_01425_0,945,09:45,0.0,0.0,0.0
no07,533967_01424_01425_0,1000,10:00,0.0,0.0,0.0
no07,533967_01424_01425_0,1015,10:15,0.0,0.0,0.0
no07,533967_01424_01425_0,1030,10:30,0.0,0.0,0.0
no07,533967_01424_01425_0,1045,10:45,0.0,0.0,0.0
no07,533967_01424_01425_0,1100,11:00,0.0,0.0,0.0
no07,533967_01424_01425_0,1115,11:15,0.0,0.0,0.0
no07,533967_01424_01425_0,1130,11:30,0.0,0.0,0.0
no07,533967_01424_01425_0,1145,11:45,0.0,0.0,0.0
no07,533967_01424_01425_0,1200,12:00,0.0,0.0,0.0
no07,533967_01424_01425_0,1215,12:15,0.0,0.0,0.0
no07,533967_01424_01425_0,1230,12:30,0.0,0.0,0.0
no07,533967_01424_01425_0,1245,12:45,0.0,0.0,0.0
no07,533967_01424_01425_0,1300,13:00,0.0,0.0,0.0
no07,533967_01424_01425_0,1315,13:15,0.0,0.0,0.0
no07,533967_01424_01425_0,1330,13:30,0.0,0.0,0.0
no07,533967_01424_01425_0,1345,13:45,0.0,0.0,0.0
no07,533967_01424_01425_0,1400,14:00,0.0,0.0,0.0
no07,533967_01424_01425_0,1415,14:15,0.0,0.0,0.0
no07,533967_01424_01425_0,1430,14:30,0.0,0.0,0.0
no07,533967_01424_01425_0,1445,14:45,0.0,0.0,0.0
no07,533967_01424_01425_0,1500,15:00,0.0,0.0,0.0
no07,533967_01424_01425_0,1515,15:15,0.0,0.0,0.0
no07,533967_01424_01425_0,1530,15:30,0.0,0.0,0.0
no07,533967_01424_01425_0,1545,15:45,0.0,0.0,0.0
no07,533967_01424_01425_0,1600,16:00,0.0,0.0,0.0
no07,533967_01424_01425_0,1615,16:15,0.0,0.0,0.0
no07,533967_01424_01425_0,1630,16:30,0.0,0.0,0.0
no07,533967_01424_01425_0,1645,16:45,0.0,0.0,0.0
no07,533967_01424_01425_0,1700,17:00,0.0,0.0,0.0
no07,533967_01424_01425_0,1715,17:15,0.0,0.0,0.0
no07,533967_01424_01425_0,1730,17:30,0.0,0.0,0.0
no07,533967_01424_01425_0,1745,17:45,0.0,0.0,0.0
no07,533967_01424_01425_0,1800,18:00,0.0,0.0,0.0
no07,533967_01424_01425_0,1815,18:15,0.0,0.0,0.0
no07,533967_01424_01425_0,1830,18:30,0.0,0.0,0.0
no07,533967_01424_01425_0,1845,18:45,0.0,0.0,0.0
no07,533967_01424_01425_1,630,06:30,0.0,0.0,0.0
no07,533967_01424_01425_1,645,06:45,0.0,0.0,0.0
no07,533967_01424_01425_1,700,07:00,0.0,0.0,0.0
no07,533967_01424_01425_1,715,07:15,0.0,0.0,0.0
no07,533967_01424_01425_1,730,07:30,0.0,0.0,0.0
no07,533967_01424_01425_1,745,07:45,0.0,0.0,0.0
no07,533967_01424_01425_1,800,08:00,0.0,0.0,0.0
no07,533967_01424_01425_1,815,08:15,0.0,0.0,0.0
no07,533967_01424_01425_1,830,08:30,0.0,0.0,0.0
no07,533967_01424_01425_1,845,08:45,0.0,0.0,0.0
no07,533967_01424_01425_1,900,09:00,0.0,0.0,0.0
no07,533967_01424_01425_1,915,09:15,0.0,0.0,0.0
no07,533967_01424_01425_1,930,09:30,0.0,0.0,0.0
no07,533967_01424_01425_1,945,09:45,0.0,0.0,0.0
no07,533967_01424_01425_1,1000,10:00,0.0,0.0,0.0
no07,533967_01424_01425_1,1015,10:15,0.0,0.0,0.0
no07,533967_01424_01425_1,1030,10:30,0.0,0.0,0.0
no07,533967_01424_01425_1,1045,10:45,0.0,0.0,0.0
no07,533967_01424_01425_1,1100,11:00,0.0,0.0,0.0
no07,533967_01424_01425_1,1115,11:15,0.0,0.0,0.0
no07,533967_01424_01425_1,1130,11:30,0.0,0.0,0.0
no07,533967_01424_01425_1,1145,11:45,0.0,0.0,0.0
no07,533967_01424_01425_1,1200,12:00,0.0,0.0,0.0
no07,533967_01424_01425_1,1215,12:15,0.0,0.0,0.0
no07,533967_01424_01425_1,1230,12:30,0.0,0.0,0.0
no07,533967_01424_01425_1,1245,12:45,0.0,0.0,0.0
no07,533967_01424_01425_1,1300,13:00,0.0,0.0,0.0
no07,533967_01424_01425_1,1315,13:15,0.0,0.0,0.0
no07,533967_01424_01425_1,1330,13:30,0.0,0.0,0.0
no07,533967_01424_01425_1,1345,13:45,0.0,0.0,0.0
no07,533967_01424_01425_1,1400,14:00,0.0,0.0,0.0
no07,533967_01424_01425_1,1415,14:15,0.0,0.0,0.0
no07,533967_01424_01425_1,1430,14:30,0.0,0.0,0.0
no07,533967_01424_01425_1,1445,14:45,0.0,0.0,0.0
no07,533967_01424_01425_1,1500,15:00,0.0,0.0,0.0
no07,533967_01424_01425_1,1515,15:15,0.0,0.0,0.0
no07,533967_01424_01425_1,1530,15:30,0.0,0.0,0.0
no07,533967_01424_01425_1,1545,15:45,0.0,0.0,0.0
no07,533967_01424_01425_1,1600,16:00,0.0,0.0,0.0
no07,533967_01424_01425_1,1615,16:15,0.0,0.0,0.0
no07,533967_01424_01425_1,1630,16:30,0.0,0.0,0.0
no07,533967_01424_01425_1,1645,16:45,0.0,0.0,0.0
no07,533967_01424_01425_1,1700,17:00,0.0,0.0,0.0
no07,533967_01424_01425_1,1715,17:15,0.0,0.0,0.0
no07,533967_01424_01425_1,1730,17:30,0.0,0.0,0.0
no07,533967_01424_01425_1,1745,17:45,0.0,0.0,0.0
no07,533967_01424_01425_1,1800,18:00,0.0,0.0,0.0
no07,533967_01424_01425_1,1815,18:15,0.0,0.0,0.0
no07,533967_01424_01425_1,1830,18:30,0.0,0.0,0.0
no07,533967_01424_01425_1,1845,18:45,0.0,0.0,0.0
no07,533967_01424_01604_0,630,06:30,0.0,0.0,0.0
no07,533967_01424_01604_0,645,06:45,0.0,0.0,0.0
no07,533967_01424_01604_0,700,07:00,0.0,0.0,0.0
no07,533967_01424_01604_0,715,07:15,0.0,0.0,0.0
no07,533967_01424_01604_0,730,07:30,0.0,0.0,0.0
no07,533967_01424_01604_0,745,07:45,0.0,0.0,0.0
no07,533967_01424_01604_0,800,08:00,0.0,0.0,0.0
no07,533967_01424_01604_0,815,08:15,0.0,0.0,0.0
no07,533967_01424_01604_0,830,08:30,0.0,0.0,0.0
no07,533967_01424_01604_0,845,08:45,0.0,0.0,0.0
no07,533967_01424_01604_0,900,09:00,0.0,0.0,0.0
no07,533967_01424_01604_0,915,09:15,0.0,0.0,0.0
no07,533967_01424_01604_0,930,09:30,0.0,0.0,0.0
no07,533967_01424_01604_0,945,09:45,0.0,0.0,0.0
no07,533967_01424_01604_0,1000,10:00,0.0,0.0,0.0
no07,533967_01424_01604_0,1015,10:15,0.0,0.0,0.0
no07,533967_01424_01604_0,1030,10:30,0.0,0.0,0.0
no07,533967_01424_01604_0,1045,10:45,0.0,0.0,0.0
no07,533967_01424_01604_0,1100,11:00,0.0,0.0,0.0
no07,533967_01424_01604_0,1115,11:15,0.0,0.0,0.0
no07,533967_01424_01604_0,1130,11:30,0.0,0.0,0.0
no07,533967_01424_01604_0,1145,11:45,0.0,0.0,0.0
no07,533967_01424_01604_0,1200,12:00,0.0,0.0,0.0
no07,533967_01424_01604_0,1215,12:15,0.0,0.0,0.0
no07,533967_01424_01604_0,1230,12:30,0.0,0.0,0.0
no07,533967_01424_01604_0,1245,12:45,0.0,0.0,0.0
no07,533967_01424_01604_0,1300,13:00,0.0,0.0,0.0
no07,533967_01424_01604_0,1315,13:15,0.0,0.0,0.0
no07,533967_01424_01604_0,1330,13:30,0.0,0.0,0.0
no07,533967_01424_01604_0,1345,13:45,0.0,0.0,0.0
no07,533967_01424_01604_0,1400,14:00,0.0,0.0,0.0
no07,533967_01424_01604_0,1415,14:15,0.0,0.0,0.0
no07,533967_01424_01604_0,1430,14:30,0.0,0.0,0.0
no07,533967_01424_01604_0,1445,14:45,0.0,0.0,0.0
no07,533967_01424_01604_0,1500,15:00,0.0,0.0,0.0
no07,533967_01424_01604_0,1515,15:15,0.0,0.0,0.0
no07,533967_01424_01604_0,1530,15:30,0.0,0.0,0.0
no07,533967_01424_01604_0,1545,15:45,0.0,0.0,0.0
no07,533967_01424_01604_0,1600,16:00,0.0,0.0,0.0
no07,533967_01424_01604_0,1615,16:15,0.0,0.0,0.0
no07,533967_01424_01604_0,1630,16:30,0.0,0.0,0.0
no07,533967_01424_01604_0,1645,16:45,0.0,0.0,0.0
no07,533967_01424_01604_0,1700,17:00,0.0,0.0,0.0
no07,533967_01424_01604_0,1715,17:15,0.0,0.0,0.0
no07,533967_01424_01604_0,1730,17:30,0.0,0.0,0.0
no07,533967_01424_01604_0,1745,17:45,0.0,0.0,0.0
no07,533967_01424_01604_0,1800,18:00,0.0,0.0,0.0
no07,533967_01424_01604_0,1815,18:15,0.0,0.0,0.0
no07,533967_01424_01604_0,1830,18:30,0.0,0.0,0.0
no07,533967_01424_01604_0,1845,18:45,0.0,0.0,0.0
no07,533967_01424_01604_1,630,06:30,0.0,0.0,0.0
no07,533967_01424_01604_1,645,06:45,0.0,0.0,0.0
no07,533967_01424_01604_1,700,07:00,0.0,0.0,0.0
no07,533967_01424_01604_1,715,07:15,0.0,0.0,0.0
no07,533967_01424_01604_1,730,07:30,0.0,0.0,0.0
no07,533967_01424_01604_1,745,07:45,0.0,0.0,0.0
no07,533967_01424_01604_1,800,08:00,0.0,0.0,0.0
no07,533967_01424_01604_1,815,08:15,0.0,0.0,0.0
no07,533967_01424_01604_1,830,08:30,0.0,0.0,0.0
no07,533967_01424_01604_1,845,08:45,0.0,0.0,0.0
no07,533967_01424_01604_1,900,09:00,0.0,0.0,0.0
no07,533967_01424_01604_1,915,09:15,0.0,0.0,0.0
no07,533967_01424_01604_1,930,09:30,0.0,0.0,0.0
no07,533967_01424_01604_1,945,09:45,0.0,0.0,0.0
no07,533967_01424_01604_1,1000,10:00,0.0,0.0,0.0
no07,533967_01424_01604_1,1015,10:15,0.0,0.0,0.0
no07,533967_01424_01604_1,1030,10:30,0.0,0.0,0.0
no07,533967_01424_01604_1,1045,10:45,0.0,0.0,0.0
no07,533967_01424_01604_1,1100,11:00,0.0,0.0,0.0
no07,533967_01424_01604_1,1115,11:15,0.0,0.0,0.0
no07,533967_01424_01604_1,1130,11:30,0.0,0.0,0.0
no07,533967_01424_01604_1,1145,11:45,0.0,0.0,0.0
no07,533967_01424_01604_1,1200,12:00,0.0,0.0,0.0
no07,533967_01424_01604_1,1215,12:15,0.0,0.0,0.0
no07,533967_01424_01604_1,1230,12:30,0.0,0.0,0.0
no07,533967_01424_01604_1,1245,12:45,0.0,0.0,0.0
no07,533967_01424_01604_1,1300,13:00,0.0,0.0,0.0
no07,533967_01424_01604_1,1315,13:15,0.0,0.0,0.0
no07,533967_01424_01604_1,1330,13:30,0.0,0.0,0.0
no07,533967_01424_01604_1,1345,13:45,0.0,0.0,0.0
no07,533967_01424_01604_1,1400,14:00,0.0,0.0,0.0
no07,533967_01424_01604_1,1415,14:15,0.0,0.0,0.0
no07,533967_01424_01604_1,1430,14:30,0.0,0.0,0.0
no07,533967_01424_01604_1,1445,14:45,0.0,0.0,0.0
no07,533967_01424_01604_1,1500,15:00,0.0,0.0,0.0
no07,533967_01424_01604_1,1515,15:15,0.0,0.0,0.0
no07,533967_01424_01604_1,1530,15:30,0.0,0.0,0.0
no07,533967_01424_01604_1,1545,15:45,0.0,0.0,0.0
no07,533967_01424_01604_1,1600,16:00,0.0,0.0,0.0
no07,533967_01424_01604_1,1615,16:15,0.0,0.0,0.0
no07,533967_01424_01604_1,1630,16:30,0.0,0.0,0.0
no07,533967_01424_01604_1,1645,16:45,0.0,0.0,0.0
no07,533967_01424_01604_1,1700,17:00,0.0,0.0,0.0
no07,533967_01424_01604_1,1715,17:15,0.0,0.0,0.0
no07,533967_01424_01604_1,1730,17:30,0.0,0.0,0.0
no07,533967_01424_01604_1,1745,17:45,0.0,0.0,0.0
no07,533967_01424_01604_1,1800,18:00,0.0,0.0,0.0
no07,533967_01424_01604_1,1815,18:15,0.0,0.0,0.0
no07,533967_01424_01604_1,1830,18:30,0.0,0.0,0.0
no07,533967_01424_01604_1,1845,18:45,0.0,0.0,0.0
no07,533967_01424_01605_0,630,06:30,0.0,0.0,0.0
no07,533967_01424_01605_0,645,06:45,0.0,0.0,0.0
no07,533967_01424_01605_0,700,07:00,0.0,0.0,0.0
no07,533967_01424_01605_0,715,07:15,0.0,0.0,0.0
no07,533967_01424_01605_0,730,07:30,0.0,0.0,0.0
no07,533967_01424_01605_0,745,07:45,0.0,0.0,0.0
no07,533967_01424_01605_0,800,08:00,0.0,0.0,0.0
no07,533967_01424_01605_0,815,08:15,0.0,0.0,0.0
no07,533967_01424_01605_0,830,08:30,0.0,0.0,0.0
no07,533967_01424_01605_0,845,08:45,0.0,0.0,0.0
no07,533967_01424_01605_0,900,09:00,0.0,0.0,0.0
no07,533967_01424_01605_0,915,09:15,0.0,0.0,0.0
no07,533967_01424_01605_0,930,09:30,0.0,0.0,0.0
no07,533967_01424_01605_0,945,09:45,0.0,0.0,0.0
no07,533967_01424_01605_0,1000,10:00,0.0,0.0,0.0
no07,533967_01424_01605_0,1015,10:15,0.0,0.0,0.0
no07,533967_01424_01605_0,1030,10:30,0.0,0.0,0.0
no07,533967_01424_01605_0,1045,10:45,0.0,0.0,0.0
no07,533967_01424_01605_0,1100,11:00,0.0,0.0,0.0
no07,533967_01424_01605_0,1115,11:15,0.0,0.0,0.0
no07,533967_01424_01605_0,1130,11:30,0.0,0.0,0.0
no07,533967_01424_01605_0,1145,11:45,0.0,0.0,0.0
no07,533967_01424_01605_0,1200,12:00,0.0,0.0,0.0
no07,533967_01424_01605_0,1215,12:15,0.0,0.0,0.0
no07,533967_01424_01605_0,1230,12:30,0.0,0.0,0.0
no07,533967_01424_01605_0,1245,12:45,0.0,0.0,0.0
no07,533967_01424_01605_0,1300,13:00,0.0,0.0,0.0
no07,533967_01424_01605_0,1315,13:15,0.0,0.0,0.0
no07,533967_01424_01605_0,1330,13:30,0.0,0.0,0.0
no07,533967_01424_01605_0,1345,13:45,0.0,0.0,0.0
no07,533967_01424_01605_0,1400,14:00,0.0,0.0,0.0
no07,533967_01424_01605_0,1415,14:15,0.0,0.0,0.0
no07,533967_01424_01605_0,1430,14:30,0.0,0.0,0.0
no07,533967_01424_01605_0,1445,14:45,0.0,0.0,0.0
no07,533967_01424_01605_0,1500,15:00,0.0,0.0,0.0
no07,533967_01424_01605_0,1515,15:15,0.0,0.0,0.0
no07,533967_01424_01605_0,1530,15:30,0.0,0.0,0.0
no07,533967_01424_01605_0,1545,15:45,0.0,0.0,0.0
no07,533967_01424_01605_0,1600,16:00,0.0,0.0,0.0
no07,533967_01424_01605_0,1615,16:15,0.0,0.0,0.0
no07,533967_01424_01605_0,1630,16:30,0.0,0.0,0.0
no07,533967_01424_01605_0,1645,16:45,0.0,0.0,0.0
no07,533967_01424_01605_0,1700,17:00,0.0,0.0,0.0
no07,533967_01424_01605_0,1715,17:15,0.0,0.0,0.0
no07,533967_01424_01605_0,1730,17:30,0.0,0.0,0.0
no07,533967_01424_01605_0,1745,17:45,0.0,0.0,0.0
no07,533967_01424_01605_0,1800,18:00,0.0,0.0,0.0
no07,533967_01424_01605_0,1815,18:15,0.0,0.0,0.0
no07,533967_01424_01605_0,1830,18:30,0.0,0.0,0.0
no07,533967_01424_01605_0,1845,18:45,0.0,0.0,0.0
no07,533967_01424_01605_1,630,06:30,0.0,0.0,0.0
no07,533967_01424_01605_1,645,06:45,0.0,0.0,0.0
no07,533967_01424_01605_1,700,07:00,0.0,0.0,0.0
no07,533967_01424_01605_1,715,07:15,0.0,0.0,0.0
no07,533967_01424_01605_1,730,07:30,0.0,0.0,0.0
no07,533967_01424_01605_1,745,07:45,0.0,0.0,0.0
no07,533967_01424_01605_1,800,08:00,0.0,0.0,0.0
no07,533967_01424_01605_1,815,08:15,0.0,0.0,0.0
no07,533967_01424_01605_1,830,08:30,0.0,0.0,0.0
no07,533967_01424_01605_1,845,08:45,0.0,0.0,0.0
no07,533967_01424_01605_1,900,09:00,0.0,0.0,0.0
no07,533967_01424_01605_1,915,09:15,0.0,0.0,0.0
no07,533967_01424_01605_1,930,09:30,0.0,0.0,0.0
no07,533967_01424_01605_1,945,09:45,0.0,0.0,0.0
no07,533967_01424_01605_1,1000,10:00,0.0,0.0,0.0
no07,533967_01424_01605_1,1015,10:15,0.0,0.0,0.0
no07,533967_01424_01605_1,1030,10:30,0.0,0.0,0.0
no07,533967_01424_01605_1,1045,10:45,0.0,0.0,0.0
no07,533967_01424_01605_1,1100,11:00,0.0,0.0,0.0
no07,533967_01424_01605_1,1115,11:15,0.0,0.0,0.0
no07,533967_01424_01605_1,1130,11:30,0.0,0.0,0.0
no07,533967_01424_01605_1,1145,11:45,0.0,0.0,0.0
no07,533967_01424_01605_1,1200,12:00,0.0,0.0,0.0
no07,533967_01424_01605_1,1215,12:15,0.0,0.0,0.0
no07,533967_01424_01605_1,1230,12:30,0.0,0.0,0.0
no07,533967_01424_01605_1,1245,12:45,0.0,0.0,0.0
no07,533967_01424_01605_1,1300,13:00,0.0,0.0,0.0
no07,533967_01424_01605_1,1315,13:15,0.0,0.0,0.0
no07,533967_01424_01605_1,1330,13:30,0.0,0.0,0.0
no07,533967_01424_01605_1,1345,13:45,0.0,0.0,0.0
no07,533967_01424_01605_1,1400,14:00,0.0,0.0,0.0
no07,533967_01424_01605_1,1415,14:15,0.0,0.0,0.0
no07,533967_01424_01605_1,1430,14:30,0.0,0.0,0.0
no07,533967_01424_01605_1,1445,14:45,0.0,0.0,0.0
no07,533967_01424_01605_1,1500,15:00,0.0,0.0,0.0
no07,533967_01424_01605_1,1515,15:15,0.0,0.0,0.0
no07,533967_01424_01605_1,1530,15:30,0.0,0.0,0.0
no07,533967_01424_01605_1,1545,15:45,0.0,0.0,0.0
no07,533967_01424_01605_1,1600,16:00,0.0,0.0,0.0
no07,533967_01424_01605_1,1615,16:15,0.0,0.0,0.0
no07,533967_01424_01605_1,1630,16:30,0.0,0.0,0.0
no07,533967_01424_01605_1,1645,16:45,0.0,0.0,0.0
no07,533967_01424_01605_1,1700,17:00,0.0,0.0,0.0
no07,533967_01424_01605_1,1715,17:15,0.0,0.0,0.0
no07,533967_01424_01605_1,1730,17:30,0.0,0.0,0.0
no07,533967_01424_01605_1,1745,17:45,0.0,0.0,0.0
no07,533967_01424_01605_1,1800,18:00,0.0,0.0,0.0
no07,533967_01424_01605_1,1815,18:15,0.0,0.0,0.0
no07,533967_01424_01605_1,1830,18:30,0.0,0.0,0.0
no07,533967_01424_01605_1,1845,18:45,0.0,0.0,0.0
no07,533967_01530_13891_0,630,06:30,41.35,40.78947368421053,-0.560526315789474
no07,533967_01530_13891_0,645,06:45,58.05,58.578947368421055,0.5289473684210577
no07,533967_01530_13891_0,700,07:00,32.8,34.10526315789474,1.3052631578947427
no07,533967_01530_13891_0,715,07:15,24.65,25.42105263157895,0.7710526315789501
no07,533967_01530_13891_0,730,07:30,45.65,50.21052631578947,4.560526315789474
no07,533967_01530_13891_0,745,07:45,38.9,40.526315789473685,1.6263157894736864
no07,533967_01530_13891_0,800,08:00,51.15,49.31578947368421,-1.8342105263157862
no07,533967_01530_13891_0,815,08:15,58.55,59.31578947368421,0.7657894736842152
no07,533967_01530_13891_0,830,08:30,59.8,64.0,4.200000000000003
no07,533967_01530_13891_0,845,08:45,69.95,78.10526315789474,8.155263157894737
no07,533967_01530_13891_0,900,09:00,41.75,42.78947368421053,1.0394736842105274
no07,533967_01530_13891_0,915,09:15,32.45,34.421052631578945,1.9710526315789423
no07,533967_01530_13891_0,930,09:30,44.7,46.526315789473685,1.8263157894736821
no07,533967_01530_13891_0,945,09:45,40.1,52.78947368421053,12.689473684210526
no07,533967_01530_13891_0,1000,10:00,58.4,60.8421052631579,2.4421052631578988
no07,533967_01530_13891_0,1015,10:15,64.25,65.78947368421052,1.5394736842105203
no07,533967_01530_13891_0,1030,10:30,55.9,57.10526315789474,1.2052631578947413
no07,533967_01530_13891_0,1045,10:45,43.85,54.8421052631579,10.992105263157896
no07,533967_01530_13891_0,1100,11:00,52.4,63.68421052631579,11.284210526315789
no07,533967_01530_13891_0,1115,11:15,29.45,40.89473684210526,11.44473684210526
no07,533967_01530_13891_0,1130,11:30,46.1,48.8421052631579,2.742105263157896
no07,533967_01530_13891_0,1145,11:45,33.95,39.31578947368421,5.3657894736842096
no07,533967_01530_13891_0,1200,12:00,30.35,42.1578947368421,11.807894736842101
no07,533967_01530_13891_0,1215,12:15,35.2,40.78947368421053,5.589473684210525
no07,533967_01530_13891_0,1230,12:30,41.0,42.78947368421053,1.7894736842105274
no07,533967_01530_13891_0,1245,12:45,45.8,46.36842105263158,0.5684210526315852
no07,533967_01530_13891_0,1300,13:00,61.2,63.63157894736842,2.431578947368415
no07,533967_01530_13891_0,1315,13:15,37.55,38.42105263157895,0.8710526315789551
no07,533967_01530_13891_0,1330,13:30,30.85,33.94736842105263,3.0973684210526287
no07,533967_01530_13891_0,1345,13:45,22.35,25.68421052631579,3.3342105263157897
no07,533967_01530_13891_0,1400,14:00,32.6,38.1578947368421,5.557894736842101
no07,533967_01530_13891_0,1415,14:15,41.65,51.47368421052632,9.823684210526324
no07,533967_01530_13891_0,1430,14:30,65.75,67.52631578947368,1.776315789473685
no07,533967_01530_13891_0,1445,14:45,37.6,40.73684210526316,3.136842105263156
no07,533967_01530_13891_0,1500,15:00,36.6,50.73684210526316,14.136842105263156
no07,533967_01530_13891_0,1515,15:15,33.1,41.526315789473685,8.426315789473684
no07,533967_01530_13891_0,1530,15:30,50.05,50.89473684210526,0.844736842105263
no07,533967_01530_13891_0,1545,15:45,42.75,42.47368421052632,-0.27631578947367785
no07,533967_01530_13891_0,1600,16:00,58.0,62.78947368421053,4.789473684210527
no07,533967_01530_13891_0,1615,16:15,37.7,37.526315789473685,-0.17368421052631788
no07,533967_01530_13891_0,1630,16:30,77.3,76.47368421052632,-0.8263157894736821
no07,533967_01530_13891_0,1645,16:45,60.55,63.578947368421055,3.0289473684210577
no07,533967_01530_13891_0,1700,17:00,61.9,66.26315789473684,4.363157894736837
no07,533967_01530_13891_0,1715,17:15,69.95,74.0,4.049999999999997
no07,533967_01530_13891_0,1730,17:30,53.25,55.526315789473685,2.276315789473685
no07,533967_01530_13891_0,1745,17:45,68.5,70.63157894736842,2.131578947368425
no07,533967_01530_13891_0,1800,18:00,66.75,68.36842105263158,1.6184210526315752
no07,533967_01530_13891_0,1815,18:15,33.9,29.57894736842105,-4.321052631578947
no07,533967_01530_13891_0,1830,18:30,34.3,44.73684210526316,10.43684210526316
no07,533967_01530_13891_0,1845,18:45,32.25,33.36842105263158,1.1184210526315823
no07,533967_01530_13891_1,630,06:30,19.8,19.894736842105264,0.09473684210526301
no07,533967_01530_13891_1,645,06:45,13.05,13.105263157894736,0.05526315789473557
no07,533967_01530_13891_1,700,07:00,19.4,19.31578947368421,-0.08421052631578974
no07,533967_01530_13891_1,715,07:15,32.05,32.1578947368421,0.10789473684210549
no07,533967_01530_13891_1,730,07:30,55.55,57.31578947368421,1.7657894736842152
no07,533967_01530_13891_1,745,07:45,49.55,49.36842105263158,-0.18157894736841484
no07,533967_01530_13891_1,800,08:00,49.05,49.63157894736842,0.5815789473684205
no07,533967_01530_13891_1,815,08:15,42.5,42.63157894736842,0.1315789473684177
no07,533967_01530_13891_1,830,08:30,54.0,53.47368421052632,-0.5263157894736779
no07,533967_01530_13891_1,845,08:45,43.3,43.05263157894737,-0.24736842105262724
no07,533967_01530_13891_1,900,09:00,45.6,44.78947368421053,-0.810526315789474
no07,533967_01530_13891_1,915,09:15,33.25,32.89473684210526,-0.35526315789473983
no07,533967_01530_13891_1,930,09:30,33.95,34.68421052631579,0.7342105263157848
no07,533967_01530_13891_1,945,09:45,30.9,31.0,0.10000000000000142
no07,533967_01530_13891_1,1000,10:00,36.95,37.42105263157895,0.4710526315789494
no07,533967_01530_13891_1,1015,10:15,41.95,40.63157894736842,-1.3184210526315852
no07,533967_01530_13891_1,1030,10:30,36.7,37.78947368421053,1.0894736842105246
no07,533967_01530_13891_1,1045,10:45,41.9,41.10526315789474,-0.7947368421052587
no07,533967_01530_13891_1,1100,11:00,41.5,42.31578947368421,0.8157894736842124
no07,533967_01530_13891_1,1115,11:15,81.35,82.47368421052632,1.1236842105263207
no07,533967_01530_13891_1,1130,11:30,36.7,37.47368421052632,0.7736842105263193
no07,533967_01530_13891_1,1145,11:45,52.75,52.47368421052632,-0.27631578947367785
no07,533967_01530_13891_1,1200,12:00,59.5,60.31578947368421,0.8157894736842124
no07,533967_01530_13891_1,1215,12:15,69.7,72.15789473684211,2.457894736842107
no07,533967_01530_13891_1,1230,12:30,77.35,76.73684210526316,-0.6131578947368297
no07,533967_01530_13891_1,1245,12:45,57.9,56.36842105263158,-1.5315789473684163
no07,533967_01530_13891_1,1300,13:00,61.55,61.42105263157895,-0.12894736842104493
no07,533967_01530_13891_1,1315,13:15,40.2,40.10526315789474,-0.09473684210526301
no07,533967_01530_13891_1,1330,13:30,63.1,63.10526315789474,0.005263157894738413
no07,533967_01530_13891_1,1345,13:45,43.35,43.31578947368421,-0.034210526315789025
no07,533967_01530_13891_1,1400,14:00,65.4,67.21052631578948,1.810526315789474
no07,533967_01530_13891_1,1415,14:15,37.95,38.26315789473684,0.31315789473683964
no07,533967_01530_13891_1,1430,14:30,46.65,46.63157894736842,-0.018421052631580892
no07,533967_01530_13891_1,1445,14:45,43.3,45.78947368421053,2.4894736842105303
no07,533967_01530_13891_1,1500,15:00,52.9,54.526315789473685,1.6263157894736864
no07,533967_01530_13891_1,1515,15:15,36.35,35.94736842105263,-0.40263157894737134
no07,533967_01530_13891_1,1530,15:30,45.6,45.68421052631579,0.08421052631578618
no07,533967_01530_13891_1,1545,15:45,34.35,34.0,-0.3500000000000014
no07,533967_01530_13891_1,1600,16:00,46.8,50.05263157894737,3.2526315789473728
no07,533967_01530_13891_1,1615,16:15,49.0,50.42105263157895,1.4210526315789522
no07,533967_01530_13891_1,1630,16:30,64.05,63.26315789473684,-0.7868421052631547
no07,533967_01530_13891_1,1645,16:45,57.35,56.526315789473685,-0.8236842105263165
no07,533967_01530_13891_1,1700,17:00,55.55,56.36842105263158,0.8184210526315852
no07,533967_01530_13891_1,1715,17:15,56.35,56.31578947368421,-0.034210526315789025
no07,533967_01530_13891_1,1730,17:30,62.0,61.78947368421053,-0.21052631578947256
no07,533967_01530_13891_1,1745,17:45,68.1,68.57894736842105,0.47894736842106056
no07,533967_01530_13891_1,1800,18:00,69.9,69.3157894736842,-0.5842105263158004
no07,533967_01530_13891_1,1815,18:15,60.55,59.26315789473684,-1.2868421052631547
no07,533967_01530_13891_1,1830,18:30,75.1,75.94736842105263,0.8473684210526358
no07,533967_01530_13891_1,1845,18:45,37.6,37.0,-0.6000000000000014
no07,533967_01555_01556_0,630,06:30,0.0,0.0,0.0
no07,533967_01555_01556_0,645,06:45,0.0,0.0,0.0
no07,533967_01555_01556_0,700,07:00,0.0,0.0,0.0
no07,533967_01555_01556_0,715,07:15,0.0,0.0,0.0
no07,533967_01555_01556_0,730,07:30,0.0,0.0,0.0
no07,533967_01555_01556_0,745,07:45,0.0,0.0,0.0
no07,533967_01555_01556_0,800,08:00,0.0,0.0,0.0
no07,533967_01555_01556_0,815,08:15,0.0,0.0,0.0
no07,533967_01555_01556_0,830,08:30,0.0,0.0,0.0
no07,533967_01555_01556_0,845,08:45,0.0,0.0,0.0
no07,533967_01555_01556_0,900,09:00,0.0,0.0,0.0
no07,533967_01555_01556_0,915,09:15,0.0,0.0,0.0
no07,533967_01555_01556_0,930,09:30,0.0,0.0,0.0
no07,533967_01555_01556_0,945,09:45,0.0,0.0,0.0
no07,533967_01555_01556_0,1000,10:00,0.0,0.0,0.0
no07,533967_01555_01556_0,1015,10:15,0.0,0.0,0.0
no07,533967_01555_01556_0,1030,10:30,0.0,0.0,0.0
no07,533967_01555_01556_0,1045,10:45,0.0,0.0,0.0
no07,533967_01555_01556_0,1100,11:00,0.0,0.0,0.0
no07,533967_01555_01556_0,1115,11:15,0.0,0.0,0.0
no07,533967_01555_01556_0,1130,11:30,0.0,0.0,0.0
no07,533967_01555_01556_0,1145,11:45,0.0,0.0,0.0
no07,533967_01555_01556_0,1200,12:00,0.0,0.0,0.0
no07,533967_01555_01556_0,1215,12:15,0.0,0.0,0.0
no07,533967_01555_01556_0,1230,12:30,0.0,0.0,0.0
no07,533967_01555_01556_0,1245,12:45,0.0,0.0,0.0
no07,533967_01555_01556_0,1300,13:00,0.0,0.0,0.0
no07,533967_01555_01556_0,1315,13:15,0.0,0.0,0.0
no07,533967_01555_01556_0,1330,13:30,0.0,0.0,0.0
no07,533967_01555_01556_0,1345,13:45,0.0,0.0,0.0
no07,533967_01555_01556_0,1400,14:00,0.0,0.0,0.0
no07,533967_01555_01556_0,1415,14:15,0.0,0.0,0.0
no07,533967_01555_01556_0,1430,14:30,0.0,0.0,0.0
no07,533967_01555_01556_0,1445,14:45,0.0,0.0,0.0
no07,533967_01555_01556_0,1500,15:00,0.0,0.0,0.0
no07,533967_01555_01556_0,1515,15:15,0.0,0.0,0.0
no07,533967_01555_01556_0,1530,15:30,0.0,0.0,0.0
no07,533967_01555_01556_0,1545,15:45,0.0,0.0,0.0
no07,533967_01555_01556_0,1600,16:00,0.0,0.0,0.0
no07,533967_01555_01556_0,1615,16:15,0.0,0.0,0.0
no07,533967_01555_01556_0,1630,16:30,0.0,0.0,0.0
no07,533967_01555_01556_0,1645,16:45,0.0,0.0,0.0
no07,533967_01555_01556_0,1700,17:00,0.0,0.0,0.0
no07,533967_01555_01556_0,1715,17:15,0.0,0.0,0.0
no07,533967_01555_01556_0,1730,17:30,0.0,0.0,0.0
no07,533967_01555_01556_0,1745,17:45,0.0,0.0,0.0
no07,533967_01555_01556_0,1800,18:00,0.0,0.0,0.0
no07,533967_01555_01556_0,1815,18:15,0.0,0.0,0.0
no07,533967_01555_01556_0,1830,18:30,0.0,0.0,0.0
no07,533967_01555_01556_0,1845,18:45,0.0,0.0,0.0
no07,533967_01555_01556_1,630,06:30,0.0,0.0,0.0
no07,533967_01555_01556_1,645,06:45,0.0,0.0,0.0
no07,533967_01555_01556_1,700,07:00,0.0,0.0,0.0
no07,533967_01555_01556_1,715,07:15,0.0,0.0,0.0
no07,533967_01555_01556_1,730,07:30,0.0,0.0,0.0
no07,533967_01555_01556_1,745,07:45,0.0,0.0,0.0
no07,533967_01555_01556_1,800,08:00,0.0,0.0,0.0
no07,533967_01555_01556_1,815,08:15,0.0,0.0,0.0
no07,533967_01555_01556_1,830,08:30,0.0,0.0,0.0
no07,533967_01555_01556_1,845,08:45,0.0,0.0,0.0
no07,533967_01555_01556_1,900,09:00,0.0,0.0,0.0
no07,533967_01555_01556_1,915,09:15,0.0,0.0,0.0
no07,533967_01555_01556_1,930,09:30,0.0,0.0,0.0
no07,533967_01555_01556_1,945,09:45,0.0,0.0,0.0
no07,533967_01555_01556_1,1000,10:00,0.0,0.0,0.0
no07,533967_01555_01556_1,1015,10:15,0.0,0.0,0.0
no07,533967_01555_01556_1,1030,10:30,0.0,0.0,0.0
no07,533967_01555_01556_1,1045,10:45,0.0,0.0,0.0
no07,533967_01555_01556_1,1100,11:00,0.0,0.0,0.0
no07,533967_01555_01556_1,1115,11:15,0.0,0.0,0.0
no07,533967_01555_01556_1,1130,11:30,0.0,0.0,0.0
no07,533967_01555_01556_1,1145,11:45,0.0,0.0,0.0
no07,533967_01555_01556_1,1200,12:00,0.0,0.0,0.0
no07,533967_01555_01556_1,1215,12:15,0.0,0.0,0.0
no07,533967_01555_01556_1,1230,12:30,0.0,0.0,0.0
no07,533967_01555_01556_1,1245,12:45,0.0,0.0,0.0
no07,533967_01555_01556_1,1300,13:00,0.0,0.0,0.0
no07,533967_01555_01556_1,1315,13:15,0.0,0.0,0.0
no07,533967_01555_01556_1,1330,13:30,0.0,0.0,0.0
no07,533967_01555_01556_1,1345,13:45,0.0,0.0,0.0
no07,533967_01555_01556_1,1400,14:00,0.0,0.0,0.0
no07,533967_01555_01556_1,1415,14:15,0.0,0.0,0.0
no07,533967_01555_01556_1,1430,14:30,0.0,0.0,0.0
no07,533967_01555_01556_1,1445,14:45,0.0,0.0,0.0
no07,533967_01555_01556_1,1500,15:00,0.0,0.0,0.0
no07,533967_01555_01556_1,1515,15:15,0.0,0.0,0.0
no07,533967_01555_01556_1,1530,15:30,0.0,0.0,0.0
no07,533967_01555_01556_1,1545,15:45,0.0,0.0,0.0
no07,533967_01555_01556_1,1600,16:00,0.0,0.0,0.0
no07,533967_01555_01556_1,1615,16:15,0.0,0.0,0.0
no07,533967_01555_01556_1,1630,16:30,0.0,0.0,0.0
no07,533967_01555_01556_1,1645,16:45,0.0,0.0,0.0
no07,533967_01555_01556_1,1700,17:00,0.0,0.0,0.0
no07,533967_01555_01556_1,1715,17:15,0.0,0.0,0.0
no07,533967_01555_01556_1,1730,17:30,0.0,0.0,0.0
no07,533967_01555_01556_1,1745,17:45,0.0,0.0,0.0
no07,533967_01555_01556_1,1800,18:00,0.0,0.0,0.0
no07,533967_01555_01556_1,1815,18:15,0.0,0.0,0.0
no07,533967_01555_01556_1,1830,18:30,0.0,0.0,0.0
no07,533967_01555_01556_1,1845,18:45,0.0,0.0,0.0
no07,533967_01555_13718_0,630,06:30,0.0,0.0,0.0
no07,533967_01555_13718_0,645,06:45,0.0,0.0,0.0
no07,533967_01555_13718_0,700,07:00,0.0,0.0,0.0
no07,533967_01555_13718_0,715,07:15,0.0,0.0,0.0
no07,533967_01555_13718_0,730,07:30,0.0,0.0,0.0
no07,533967_01555_13718_0,745,07:45,0.0,0.0,0.0
no07,533967_01555_13718_0,800,08:00,0.0,0.0,0.0
no07,533967_01555_13718_0,815,08:15,0.0,0.0,0.0
no07,533967_01555_13718_0,830,08:30,0.0,0.0,0.0
no07,533967_01555_13718_0,845,08:45,0.0,0.0,0.0
no07,533967_01555_13718_0,900,09:00,0.0,0.0,0.0
no07,533967_01555_13718_0,915,09:15,0.0,0.0,0.0
no07,533967_01555_13718_0,930,09:30,0.0,0.0,0.0
no07,533967_01555_13718_0,945,09:45,0.0,0.0,0.0
no07,533967_01555_13718_0,1000,10:00,0.0,0.0,0.0
no07,533967_01555_13718_0,1015,10:15,0.0,0.0,0.0
no07,533967_01555_13718_0,1030,10:30,0.0,0.0,0.0
no07,533967_01555_13718_0,1045,10:45,0.0,0.0,0.0
no07,533967_01555_13718_0,1100,11:00,0.0,0.0,0.0
no07,533967_01555_13718_0,1115,11:15,0.0,0.0,0.0
no07,533967_01555_13718_0,1130,11:30,0.0,0.0,0.0
no07,533967_01555_13718_0,1145,11:45,0.0,0.0,0.0
no07,533967_01555_13718_0,1200,12:00,0.0,0.0,0.0
no07,533967_01555_13718_0,1215,12:15,0.0,0.0,0.0
no07,533967_01555_13718_0,1230,12:30,0.0,0.0,0.0
no07,533967_01555_13718_0,1245,12:45,0.0,0.0,0.0
no07,533967_01555_13718_0,1300,13:00,0.0,0.0,0.0
no07,533967_01555_13718_0,1315,13:15,0.0,0.0,0.0
no07,533967_01555_13718_0,1330,13:30,0.0,0.0,0.0
no07,533967_01555_13718_0,1345,13:45,0.0,0.0,0.0
no07,533967_01555_13718_0,1400,14:00,0.0,0.0,0.0
no07,533967_01555_13718_0,1415,14:15,0.0,0.0,0.0
no07,533967_01555_13718_0,1430,14:30,0.0,0.0,0.0
no07,533967_01555_13718_0,1445,14:45,0.0,0.0,0.0
no07,533967_01555_13718_0,1500,15:00,0.0,0.0,0.0
no07,533967_01555_13718_0,1515,15:15,0.0,0.0,0.0
no07,533967_01555_13718_0,1530,15:30,0.0,0.0,0.0
no07,533967_01555_13718_0,1545,15:45,0.0,0.0,0.0
no07,533967_01555_13718_0,1600,16:00,0.0,0.0,0.0
no07,533967_01555_13718_0,1615,16:15,0.0,0.0,0.0
no07,533967_01555_13718_0,1630,16:30,0.0,0.0,0.0
no07,533967_01555_13718_0,1645,16:45,0.0,0.0,0.0
no07,533967_01555_13718_0,1700,17:00,0.0,0.0,0.0
no07,533967_01555_13718_0,1715,17:15,0.0,0.0,0.0
no07,533967_01555_13718_0,1730,17:30,0.0,0.0,0.0
no07,533967_01555_13718_0,1745,17:45,0.0,0.0,0.0
no07,533967_01555_13718_0,1800,18:00,0.0,0.0,0.0
no07,533967_01555_13718_0,1815,18:15,0.0,0.0,0.0
no07,533967_01555_13718_0,1830,18:30,0.0,0.0,0.0
no07,533967_01555_13718_0,1845,18:45,0.0,0.0,0.0
no07,533967_01555_13718_1,630,06:30,0.0,0.0,0.0
no07,533967_01555_13718_1,645,06:45,0.0,0.0,0.0
no07,533967_01555_13718_1,700,07:00,0.0,0.0,0.0
no07,533967_01555_13718_1,715,07:15,0.0,0.0,0.0
no07,533967_01555_13718_1,730,07:30,0.0,0.0,0.0
no07,533967_01555_13718_1,745,07:45,0.0,0.0,0.0
no07,533967_01555_13718_1,800,08:00,0.0,0.0,0.0
no07,533967_01555_13718_1,815,08:15,0.0,0.0,0.0
no07,533967_01555_13718_1,830,08:30,0.0,0.0,0.0
no07,533967_01555_13718_1,845,08:45,0.0,0.0,0.0
no07,533967_01555_13718_1,900,09:00,0.0,0.0,0.0
no07,533967_01555_13718_1,915,09:15,0.0,0.0,0.0
no07,533967_01555_13718_1,930,09:30,0.0,0.0,0.0
no07,533967_01555_13718_1,945,09:45,0.0,0.0,0.0
no07,533967_01555_13718_1,1000,10:00,0.0,0.0,0.0
no07,533967_01555_13718_1,1015,10:15,0.0,0.0,0.0
no07,533967_01555_13718_1,1030,10:30,0.0,0.0,0.0
no07,533967_01555_13718_1,1045,10:45,0.0,0.0,0.0
no07,533967_01555_13718_1,1100,11:00,0.0,0.0,0.0
no07,533967_01555_13718_1,1115,11:15,0.0,0.0,0.0
no07,533967_01555_13718_1,1130,11:30,0.0,0.0,0.0
no07,533967_01555_13718_1,1145,11:45,0.0,0.0,0.0
no07,533967_01555_13718_1,1200,12:00,0.0,0.0,0.0
no07,533967_01555_13718_1,1215,12:15,0.0,0.0,0.0
no07,533967_01555_13718_1,1230,12:30,0.0,0.0,0.0
no07,533967_01555_13718_1,1245,12:45,0.0,0.0,0.0
no07,533967_01555_13718_1,1300,13:00,0.0,0.0,0.0
no07,533967_01555_13718_1,1315,13:15,0.0,0.0,0.0
no07,533967_01555_13718_1,1330,13:30,0.0,0.0,0.0
no07,533967_01555_13718_1,1345,13:45,0.0,0.0,0.0
no07,533967_01555_13718_1,1400,14:00,0.0,0.0,0.0
no07,533967_01555_13718_1,1415,14:15,0.0,0.0,0.0
no07,533967_01555_13718_1,1430,14:30,0.0,0.0,0.0
no07,533967_01555_13718_1,1445,14:45,0.0,0.0,0.0
no07,533967_01555_13718_1,1500,15:00,0.0,0.0,0.0
no07,533967_01555_13718_1,1515,15:15,0.0,0.0,0.0
no07,533967_01555_13718_1,1530,15:30,0.0,0.0,0.0
no07,533967_01555_13718_1,1545,15:45,0.0,0.0,0.0
no07,533967_01555_13718_1,1600,16:00,0.0,0.0,0.0
no07,533967_01555_13718_1,1615,16:15,0.0,0.0,0.0
no07,533967_01555_13718_1,1630,16:30,0.0,0.0,0.0
no07,533967_01555_13718_1,1645,16:45,0.0,0.0,0.0
no07,533967_01555_13718_1,1700,17:00,0.0,0.0,0.0
no07,533967_01555_13718_1,1715,17:15,0.0,0.0,0.0
no07,533967_01555_13718_1,1730,17:30,0.0,0.0,0.0
no07,533967_01555_13718_1,1745,17:45,0.0,0.0,0.0
no07,533967_01555_13718_1,1800,18:00,0.0,0.0,0.0
no07,533967_01555_13718_1,1815,18:15,0.0,0.0,0.0
no07,533967_01555_13718_1,1830,18:30,0.0,0.0,0.0
no07,533967_01555_13718_1,1845,18:45,0.0,0.0,0.0
no07,533967_01555_14156_0,630,06:30,21.9,21.57894736842105,-0.32105263157894726
no07,533967_01555_14156_0,645,06:45,20.4,20.68421052631579,0.2842105263157926
no07,533967_01555_14156_0,700,07:00,30.2,29.68421052631579,-0.5157894736842081
no07,533967_01555_14156_0,715,07:15,32.8,33.21052631578947,0.4105263157894754
no07,533967_01555_14156_0,730,07:30,37.4,36.05263157894737,-1.3473684210526287
no07,533967_01555_14156_0,745,07:45,42.6,42.526315789473685,-0.07368421052631646
no07,533967_01555_14156_0,800,08:00,54.85,52.578947368421055,-2.2710526315789465
no07,533967_01555_14156_0,815,08:15,47.25,48.8421052631579,1.5921052631578974
no07,533967_01555_14156_0,830,08:30,43.2,42.578947368421055,-0.621052631578948
no07,533967_01555_14156_0,845,08:45,44.3,46.42105263157895,2.121052631578955
no07,533967_01555_14156_0,900,09:00,35.15,34.21052631578947,-0.939473684210526
no07,533967_01555_14156_0,915,09:15,42.5,43.1578947368421,0.6578947368421026
no07,533967_01555_14156_0,930,09:30,45.65,45.26315789473684,-0.3868421052631561
no07,533967_01555_14156_0,945,09:45,20.45,20.105263157894736,-0.344736842105263
no07,533967_01555_14156_0,1000,10:00,25.1,25.05263157894737,-0.047368421052631504
no07,533967_01555_14156_0,1015,10:15,25.8,26.473684210526315,0.6736842105263143
no07,533967_01555_14156_0,1030,10:30,32.7,32.526315789473685,-0.17368421052631788
no07,533967_01555_14156_0,1045,10:45,21.85,21.84210526315789,-0.007894736842111172
no07,533967_01555_14156_0,1100,11:00,18.35,17.63157894736842,-0.7184210526315802
no07,533967_01555_14156_0,1115,11:15,17.65,17.0,-0.6499999999999986
no07,533967_01555_14156_0,1130,11:30,33.7,32.578947368421055,-1.121052631578948
no07,533967_01555_14156_0,1145,11:45,22.3,22.36842105263158,0.06842105263157805
no07,533967_01555_14156_0,1200,12:00,26.95,26.105263157894736,-0.844736842105263
no07,533967_01555_14156_0,1215,12:15,29.6,27.894736842105264,-1.7052631578947377
no07,533967_01555_14156_0,1230,12:30,18.8,18.789473684210527,-0.010526315789473273
no07,533967_01555_14156_0,1245,12:45,37.85,39.68421052631579,1.8342105263157862
no07,533967_01555_14156_0,1300,13:00,37.05,37.578947368421055,0.5289473684210577
no07,533967_01555_14156_0,1315,13:15,32.95,32.68421052631579,-0.26578947368421524
no07,533967_01555_14156_0,1330,13:30,17.1,17.05263157894737,-0.047368421052631504
no07,533967_01555_14156_0,1345,13:45,24.05,24.105263157894736,0.05526315789473557
no07,533967_01555_14156_0,1400,14:00,22.95,20.94736842105263,-2.002631578947369
no07,533967_01555_14156_0,1415,14:15,17.2,16.842105263157894,-0.3578947368421055
no07,533967_01555_14156_0,1430,14:30,37.05,37.578947368421055,0.5289473684210577
no07,533967_01555_14156_0,1445,14:45,46.9,43.73684210526316,-3.163157894736841
no07,533967_01555_14156_0,1500,15:00,30.25,28.42105263157895,-1.8289473684210513
no07,533967_01555_14156_0,1515,15:15,18.75,19.94736842105263,1.19736842105263
no07,533967_01555_14156_0,1530,15:30,24.75,25.0,0.25
no07,533967_01555_14156_0,1545,15:45,27.6,27.73684210526316,0.13684210526315965
no07,533967_01555_14156_0,1600,16:00,57.7,54.10526315789474,-3.594736842105263
no07,533967_01555_14156_0,1615,16:15,22.65,21.05263157894737,-1.5973684210526287
no07,533967_01555_14156_0,1630,16:30,18.2,20.105263157894736,1.905263157894737
no07,533967_01555_14156_0,1645,16:45,32.4,32.36842105263158,-0.031578947368416266
no07,533967_01555_14156_0,1700,17:00,37.55,36.42105263157895,-1.128947368421045
no07,533967_01555_14156_0,1715,17:15,31.75,31.789473684210527,0.03947368421052744
no07,533967_01555_14156_0,1730,17:30,28.6,28.73684210526316,0.13684210526315965
no07,533967_01555_14156_0,1745,17:45,13.85,13.473684210526317,-0.3763157894736828
no07,533967_01555_14156_0,1800,18:00,18.35,19.05263157894737,0.7026315789473685
no07,533967_01555_14156_0,1815,18:15,32.45,34.05263157894737,1.602631578947367
no07,533967_01555_14156_0,1830,18:30,19.2,18.105263157894736,-1.094736842105263
no07,533967_01555_14156_0,1845,18:45,17.8,18.84210526315789,1.0421052631578895
no07,533967_01555_14156_1,630,06:30,14.5,15.0,0.5
no07,533967_01555_14156_1,645,06:45,29.8,29.210526315789476,-0.5894736842105246
no07,533967_01555_14156_1,700,07:00,31.1,29.526315789473685,-1.5736842105263165
no07,533967_01555_14156_1,715,07:15,60.4,59.78947368421053,-0.6105263157894711
no07,533967_01555_14156_1,730,07:30,79.85,74.52631578947368,-5.323684210526309
no07,533967_01555_14156_1,745,07:45,55.75,51.47368421052632,-4.276315789473678
no07,533967_01555_14156_1,800,08:00,64.75,62.526315789473685,-2.223684210526315
no07,533967_01555_14156_1,815,08:15,70.5,75.10526315789474,4.60526315789474
no07,533967_01555_14156_1,830,08:30,83.55,77.78947368421052,-5.760526315789477
no07,533967_01555_14156_1,845,08:45,72.55,67.05263157894737,-5.497368421052627
no07,533967_01555_14156_1,900,09:00,66.65,63.73684210526316,-2.913157894736848
no07,533967_01555_14156_1,915,09:15,42.85,44.05263157894737,1.2026315789473685
no07,533967_01555_14156_1,930,09:30,48.4,43.26315789473684,-5.136842105263156
no07,533967_01555_14156_1,945,09:45,75.55,62.26315789473684,-13.286842105263155
no07,533967_01555_14156_1,1000,10:00,67.4,64.84210526315789,-2.5578947368421154
no07,533967_01555_14156_1,1015,10:15,53.05,53.73684210526316,0.6868421052631604
no07,533967_01555_14156_1,1030,10:30,56.05,55.578947368421055,-0.4710526315789423
no07,533967_01555_14156_1,1045,10:45,66.15,54.8421052631579,-11.307894736842108
no07,533967_01555_14156_1,1100,11:00,78.0,68.57894736842105,-9.421052631578945
no07,533967_01555_14156_1,1115,11:15,52.45,39.26315789473684,-13.18684210526316
no07,533967_01555_14156_1,1130,11:30,38.85,36.578947368421055,-2.2710526315789465
no07,533967_01555_14156_1,1145,11:45,82.4,75.05263157894737,-7.347368421052636
no07,533967_01555_14156_1,1200,12:00,65.45,56.42105263157895,-9.02894736842105
no07,533967_01555_14156_1,1215,12:15,54.5,48.36842105263158,-6.131578947368418
no07,533967_01555_14156_1,1230,12:30,51.4,48.47368421052632,-2.9263157894736764
no07,533967_01555_14156_1,1245,12:45,31.25,30.894736842105264,-0.3552631578947363
no07,533967_01555_14156_1,1300,13:00,49.1,46.42105263157895,-2.678947368421049
no07,533967_01555_14156_1,1315,13:15,52.45,51.10526315789474,-1.344736842105263
no07,533967_01555_14156_1,1330,13:30,29.25,28.05263157894737,-1.19736842105263
no07,533967_01555_14156_1,1345,13:45,67.25,61.36842105263158,-5.881578947368418
no07,533967_01555_14156_1,1400,14:00,62.2,56.8421052631579,-5.3578947368421055
no07,533967_01555_14156_1,1415,14:15,48.15,40.47368421052632,-7.676315789473676
no07,533967_01555_14156_1,1430,14:30,61.45,58.42105263157895,-3.0289473684210506
no07,533967_01555_14156_1,1445,14:45,44.3,40.578947368421055,-3.7210526315789423
no07,533967_01555_14156_1,1500,15:00,62.7,48.73684210526316,-13.963157894736845
no07,533967_01555_14156_1,1515,15:15,67.6,59.42105263157895,-8.178947368421042
no07,533967_01555_14156_1,1530,15:30,57.4,57.73684210526316,0.33684210526315894
no07,533967_01555_14156_1,1545,15:45,47.7,46.26315789473684,-1.4368421052631604
no07,533967_01555_14156_1,1600,16:00,69.6,65.0,-4.599999999999994
no07,533967_01555_14156_1,1615,16:15,82.3,80.57894736842105,-1.7210526315789423
no07,533967_01555_14156_1,1630,16:30,55.8,58.63157894736842,2.8315789473684205
no07,533967_01555_14156_1,1645,16:45,51.7,49.63157894736842,-2.068421052631585
no07,533967_01555_14156_1,1700,17:00,68.4,61.8421052631579,-6.557894736842108
no07,533967_01555_14156_1,1715,17:15,75.95,72.26315789473684,-3.6868421052631675
no07,533967_01555_14156_1,1730,17:30,62.35,57.526315789473685,-4.8236842105263165
no07,533967_01555_14156_1,1745,17:45,64.15,64.78947368421052,0.6394736842105146
no07,533967_01555_14156_1,1800,18:00,69.65,60.578947368421055,-9.07105263157895
no07,533967_01555_14156_1,1815,18:15,51.7,54.47368421052632,2.7736842105263193
no07,533967_01555_14156_1,1830,18:30,49.25,45.526315789473685,-3.723684210526315
no07,533967_01555_14156_1,1845,18:45,43.3,45.1578947368421,1.8578947368421055
no07,533967_01556_01656_0,630,06:30,0.0,0.0,0.0
no07,533967_01556_01656_0,645,06:45,0.0,0.0,0.0
no07,533967_01556_01656_0,700,07:00,0.0,0.0,0.0
no07,533967_01556_01656_0,715,07:15,0.0,0.0,0.0
no07,533967_01556_01656_0,730,07:30,0.0,0.0,0.0
no07,533967_01556_01656_0,745,07:45,0.0,0.0,0.0
no07,533967_01556_01656_0,800,08:00,0.0,0.0,0.0
no07,533967_01556_01656_0,815,08:15,0.0,0.0,0.0
no07,533967_01556_01656_0,830,08:30,0.0,0.0,0.0
no07,533967_01556_01656_0,845,08:45,0.0,0.0,0.0
no07,533967_01556_01656_0,900,09:00,0.0,0.0,0.0
no07,533967_01556_01656_0,915,09:15,0.0,0.0,0.0
no07,533967_01556_01656_0,930,09:30,0.0,0.0,0.0
no07,533967_01556_01656_0,945,09:45,0.0,0.0,0.0
no07,533967_01556_01656_0,1000,10:00,0.0,0.0,0.0
no07,533967_01556_01656_0,1015,10:15,0.0,0.0,0.0
no07,533967_01556_01656_0,1030,10:30,0.0,0.0,0.0
no07,533967_01556_01656_0,1045,10:45,0.0,0.0,0.0
no07,533967_01556_01656_0,1100,11:00,0.0,0.0,0.0
no07,533967_01556_01656_0,1115,11:15,0.0,0.0,0.0
no07,533967_01556_01656_0,1130,11:30,0.0,0.0,0.0
no07,533967_01556_01656_0,1145,11:45,0.0,0.0,0.0
no07,533967_01556_01656_0,1200,12:00,0.0,0.0,0.0
no07,533967_01556_01656_0,1215,12:15,0.0,0.0,0.0
no07,533967_01556_01656_0,1230,12:30,0.0,0.0,0.0
no07,533967_01556_01656_0,1245,12:45,0.0,0.0,0.0
no07,533967_01556_01656_0,1300,13:00,0.0,0.0,0.0
no07,533967_01556_01656_0,1315,13:15,0.0,0.0,0.0
no07,533967_01556_01656_0,1330,13:30,0.0,0.0,0.0
no07,533967_01556_01656_0,1345,13:45,0.0,0.0,0.0
no07,533967_01556_01656_0,1400,14:00,0.0,0.0,0.0
no07,533967_01556_01656_0,1415,14:15,0.0,0.0,0.0
no07,533967_01556_01656_0,1430,14:30,0.0,0.0,0.0
no07,533967_01556_01656_0,1445,14:45,0.0,0.0,0.0
no07,533967_01556_01656_0,1500,15:00,0.0,0.0,0.0
no07,533967_01556_01656_0,1515,15:15,0.0,0.0,0.0
no07,533967_01556_01656_0,1530,15:30,0.0,0.0,0.0
no07,533967_01556_01656_0,1545,15:45,0.0,0.0,0.0
no07,533967_01556_01656_0,1600,16:00,0.0,0.0,0.0
no07,533967_01556_01656_0,1615,16:15,0.0,0.0,0.0
no07,533967_01556_01656_0,1630,16:30,0.0,0.0,0.0
no07,533967_01556_01656_0,1645,16:45,0.0,0.0,0.0
no07,533967_01556_01656_0,1700,17:00,0.0,0.0,0.0
no07,533967_01556_01656_0,1715,17:15,0.0,0.0,0.0
no07,533967_01556_01656_0,1730,17:30,0.0,0.0,0.0
no07,533967_01556_01656_0,1745,17:45,0.0,0.0,0.0
no07,533967_01556_01656_0,1800,18:00,0.0,0.0,0.0
no07,533967_01556_01656_0,1815,18:15,0.0,0.0,0.0
no07,533967_01556_01656_0,1830,18:30,0.0,0.0,0.0
no07,533967_01556_01656_0,1845,18:45,0.0,0.0,0.0
no07,533967_01556_01656_1,630,06:30,0.0,0.0,0.0
no07,533967_01556_01656_1,645,06:45,0.0,0.0,0.0
no07,533967_01556_01656_1,700,07:00,0.0,0.0,0.0
no07,533967_01556_01656_1,715,07:15,0.0,0.0,0.0
no07,533967_01556_01656_1,730,07:30,0.0,0.0,0.0
no07,533967_01556_01656_1,745,07:45,0.0,0.0,0.0
no07,533967_01556_01656_1,800,08:00,0.0,0.0,0.0
no07,533967_01556_01656_1,815,08:15,0.0,0.0,0.0
no07,533967_01556_01656_1,830,08:30,0.0,0.0,0.0
no07,533967_01556_01656_1,845,08:45,0.0,0.0,0.0
no07,533967_01556_01656_1,900,09:00,0.0,0.0,0.0
no07,533967_01556_01656_1,915,09:15,0.0,0.0,0.0
no07,533967_01556_01656_1,930,09:30,0.0,0.0,0.0
no07,533967_01556_01656_1,945,09:45,0.0,0.0,0.0
no07,533967_01556_01656_1,1000,10:00,0.0,0.0,0.0
no07,533967_01556_01656_1,1015,10:15,0.0,0.0,0.0
no07,533967_01556_01656_1,1030,10:30,0.0,0.0,0.0
no07,533967_01556_01656_1,1045,10:45,0.0,0.0,0.0
no07,533967_01556_01656_1,1100,11:00,0.0,0.0,0.0
no07,533967_01556_01656_1,1115,11:15,0.0,0.0,0.0
no07,533967_01556_01656_1,1130,11:30,0.0,0.0,0.0
no07,533967_01556_01656_1,1145,11:45,0.0,0.0,0.0
no07,533967_01556_01656_1,1200,12:00,0.0,0.0,0.0
no07,533967_01556_01656_1,1215,12:15,0.0,0.0,0.0
no07,533967_01556_01656_1,1230,12:30,0.0,0.0,0.0
no07,533967_01556_01656_1,1245,12:45,0.0,0.0,0.0
no07,533967_01556_01656_1,1300,13:00,0.0,0.0,0.0
no07,533967_01556_01656_1,1315,13:15,0.0,0.0,0.0
no07,533967_01556_01656_1,1330,13:30,0.0,0.0,0.0
no07,533967_01556_01656_1,1345,13:45,0.0,0.0,0.0
no07,533967_01556_01656_1,1400,14:00,0.0,0.0,0.0
no07,533967_01556_01656_1,1415,14:15,0.0,0.0,0.0
no07,533967_01556_01656_1,1430,14:30,0.0,0.0,0.0
no07,533967_01556_01656_1,1445,14:45,0.0,0.0,0.0
no07,533967_01556_01656_1,1500,15:00,0.0,0.0,0.0
no07,533967_01556_01656_1,1515,15:15,0.0,0.0,0.0
no07,533967_01556_01656_1,1530,15:30,0.0,0.0,0.0
no07,533967_01556_01656_1,1545,15:45,0.0,0.0,0.0
no07,533967_01556_01656_1,1600,16:00,0.0,0.0,0.0
no07,533967_01556_01656_1,1615,16:15,0.0,0.0,0.0
no07,533967_01556_01656_1,1630,16:30,0.0,0.0,0.0
no07,533967_01556_01656_1,1645,16:45,0.0,0.0,0.0
no07,533967_01556_01656_1,1700,17:00,0.0,0.0,0.0
no07,533967_01556_01656_1,1715,17:15,0.0,0.0,0.0
no07,533967_01556_01656_1,1730,17:30,0.0,0.0,0.0
no07,533967_01556_01656_1,1745,17:45,0.0,0.0,0.0
no07,533967_01556_01656_1,1800,18:00,0.0,0.0,0.0
no07,533967_01556_01656_1,1815,18:15,0.0,0.0,0.0
no07,533967_01556_01656_1,1830,18:30,0.0,0.0,0.0
no07,533967_01556_01656_1,1845,18:45,0.0,0.0,0.0
no07,533967_01556_88302_0,630,06:30,0.0,0.0,0.0
no07,533967_01556_88302_0,645,06:45,0.0,0.0,0.0
no07,533967_01556_88302_0,700,07:00,0.0,0.0,0.0
no07,533967_01556_88302_0,715,07:15,0.0,0.0,0.0
no07,533967_01556_88302_0,730,07:30,0.0,0.0,0.0
no07,533967_01556_88302_0,745,07:45,0.0,0.0,0.0
no07,533967_01556_88302_0,800,08:00,0.0,0.0,0.0
no07,533967_01556_88302_0,815,08:15,0.0,0.0,0.0
no07,533967_01556_88302_0,830,08:30,0.0,0.0,0.0
no07,533967_01556_88302_0,845,08:45,0.0,0.0,0.0
no07,533967_01556_88302_0,900,09:00,0.0,0.0,0.0
no07,533967_01556_88302_0,915,09:15,0.0,0.0,0.0
no07,533967_01556_88302_0,930,09:30,0.0,0.0,0.0
no07,533967_01556_88302_0,945,09:45,0.0,0.0,0.0
no07,533967_01556_88302_0,1000,10:00,0.0,0.0,0.0
no07,533967_01556_88302_0,1015,10:15,0.0,0.0,0.0
no07,533967_01556_88302_0,1030,10:30,0.0,0.0,0.0
no07,533967_01556_88302_0,1045,10:45,0.0,0.0,0.0
no07,533967_01556_88302_0,1100,11:00,0.0,0.0,0.0
no07,533967_01556_88302_0,1115,11:15,0.0,0.0,0.0
no07,533967_01556_88302_0,1130,11:30,0.0,0.0,0.0
no07,533967_01556_88302_0,1145,11:45,0.0,0.0,0.0
no07,533967_01556_88302_0,1200,12:00,0.0,0.0,0.0
no07,533967_01556_88302_0,1215,12:15,0.0,0.0,0.0
no07,533967_01556_88302_0,1230,12:30,0.0,0.0,0.0
no07,533967_01556_88302_0,1245,12:45,0.0,0.0,0.0
no07,533967_01556_88302_0,1300,13:00,0.0,0.0,0.0
no07,533967_01556_88302_0,1315,13:15,0.0,0.0,0.0
no07,533967_01556_88302_0,1330,13:30,0.0,0.0,0.0
no07,533967_01556_88302_0,1345,13:45,0.0,0.0,0.0
no07,533967_01556_88302_0,1400,14:00,0.0,0.0,0.0
no07,533967_01556_88302_0,1415,14:15,0.0,0.0,0.0
no07,533967_01556_88302_0,1430,14:30,0.0,0.0,0.0
no07,533967_01556_88302_0,1445,14:45,0.0,0.0,0.0
no07,533967_01556_88302_0,1500,15:00,0.0,0.0,0.0
no07,533967_01556_88302_0,1515,15:15,0.0,0.0,0.0
no07,533967_01556_88302_0,1530,15:30,0.0,0.0,0.0
no07,533967_01556_88302_0,1545,15:45,0.0,0.0,0.0
no07,533967_01556_88302_0,1600,16:00,0.0,0.0,0.0
no07,533967_01556_88302_0,1615,16:15,0.0,0.0,0.0
no07,533967_01556_88302_0,1630,16:30,0.0,0.0,0.0
no07,533967_01556_88302_0,1645,16:45,0.0,0.0,0.0
no07,533967_01556_88302_0,1700,17:00,0.0,0.0,0.0
no07,533967_01556_88302_0,1715,17:15,0.0,0.0,0.0
no07,533967_01556_88302_0,1730,17:30,0.0,0.0,0.0
no07,533967_01556_88302_0,1745,17:45,0.0,0.0,0.0
no07,533967_01556_88302_0,1800,18:00,0.0,0.0,0.0
no07,533967_01556_88302_0,1815,18:15,0.0,0.0,0.0
no07,533967_01556_88302_0,1830,18:30,0.0,0.0,0.0
no07,533967_01556_88302_0,1845,18:45,0.0,0.0,0.0
no07,533967_01556_88302_1,630,06:30,0.0,0.0,0.0
no07,533967_01556_88302_1,645,06:45,0.0,0.0,0.0
no07,533967_01556_88302_1,700,07:00,0.0,0.0,0.0
no07,533967_01556_88302_1,715,07:15,0.0,0.0,0.0
no07,533967_01556_88302_1,730,07:30,0.0,0.0,0.0
no07,533967_01556_88302_1,745,07:45,0.0,0.0,0.0
no07,533967_01556_88302_1,800,08:00,0.0,0.0,0.0
no07,533967_01556_88302_1,815,08:15,0.0,0.0,0.0
no07,533967_01556_88302_1,830,08:30,0.0,0.0,0.0
no07,533967_01556_88302_1,845,08:45,0.0,0.0,0.0
no07,533967_01556_88302_1,900,09:00,0.0,0.0,0.0
no07,533967_01556_88302_1,915,09:15,0.0,0.0,0.0
no07,533967_01556_88302_1,930,09:30,0.0,0.0,0.0
no07,533967_01556_88302_1,945,09:45,0.0,0.0,0.0
no07,533967_01556_88302_1,1000,10:00,0.0,0.0,0.0
no07,533967_01556_88302_1,1015,10:15,0.0,0.0,0.0
no07,533967_01556_88302_1,1030,10:30,0.0,0.0,0.0
no07,533967_01556_88302_1,1045,10:45,0.0,0.0,0.0
no07,533967_01556_88302_1,1100,11:00,0.0,0.0,0.0
no07,533967_01556_88302_1,1115,11:15,0.0,0.0,0.0
no07,533967_01556_88302_1,1130,11:30,0.0,0.0,0.0
no07,533967_01556_88302_1,1145,11:45,0.0,0.0,0.0
no07,533967_01556_88302_1,1200,12:00,0.0,0.0,0.0
no07,533967_01556_88302_1,1215,12:15,0.0,0.0,0.0
no07,533967_01556_88302_1,1230,12:30,0.0,0.0,0.0
no07,533967_01556_88302_1,1245,12:45,0.0,0.0,0.0
no07,533967_01556_88302_1,1300,13:00,0.0,0.0,0.0
no07,533967_01556_88302_1,1315,13:15,0.0,0.0,0.0
no07,533967_01556_88302_1,1330,13:30,0.0,0.0,0.0
no07,533967_01556_88302_1,1345,13:45,0.0,0.0,0.0
no07,533967_01556_88302_1,1400,14:00,0.0,0.0,0.0
no07,533967_01556_88302_1,1415,14:15,0.0,0.0,0.0
no07,533967_01556_88302_1,1430,14:30,0.0,0.0,0.0
no07,533967_01556_88302_1,1445,14:45,0.0,0.0,0.0
no07,533967_01556_88302_1,1500,15:00,0.0,0.0,0.0
no07,533967_01556_88302_1,1515,15:15,0.0,0.0,0.0
no07,533967_01556_88302_1,1530,15:30,0.0,0.0,0.0
no07,533967_01556_88302_1,1545,15:45,0.0,0.0,0.0
no07,533967_01556_88302_1,1600,16:00,0.0,0.0,0.0
no07,533967_01556_88302_1,1615,16:15,0.0,0.0,0.0
no07,533967_01556_88302_1,1630,16:30,0.0,0.0,0.0
no07,533967_01556_88302_1,1645,16:45,0.0,0.0,0.0
no07,533967_01556_88302_1,1700,17:00,0.0,0.0,0.0
no07,533967_01556_88302_1,1715,17:15,0.0,0.0,0.0
no07,533967_01556_88302_1,1730,17:30,0.0,0.0,0.0
no07,533967_01556_88302_1,1745,17:45,0.0,0.0,0.0
no07,533967_01556_88302_1,1800,18:00,0.0,0.0,0.0
no07,533967_01556_88302_1,1815,18:15,0.0,0.0,0.0
no07,533967_01556_88302_1,1830,18:30,0.0,0.0,0.0
no07,533967_01556_88302_1,1845,18:45,0.0,0.0,0.0
no07,533967_01602_01603_0,630,06:30,0.0,0.0,0.0
no07,533967_01602_01603_0,645,06:45,0.0,0.0,0.0
no07,533967_01602_01603_0,700,07:00,0.0,0.0,0.0
no07,533967_01602_01603_0,715,07:15,0.0,0.0,0.0
no07,533967_01602_01603_0,730,07:30,0.0,0.0,0.0
no07,533967_01602_01603_0,745,07:45,0.0,0.0,0.0
no07,533967_01602_01603_0,800,08:00,0.0,0.0,0.0
no07,533967_01602_01603_0,815,08:15,0.0,0.0,0.0
no07,533967_01602_01603_0,830,08:30,0.0,0.0,0.0
no07,533967_01602_01603_0,845,08:45,0.0,0.0,0.0
no07,533967_01602_01603_0,900,09:00,0.0,0.0,0.0
no07,533967_01602_01603_0,915,09:15,0.0,0.0,0.0
no07,533967_01602_01603_0,930,09:30,0.0,0.0,0.0
no07,533967_01602_01603_0,945,09:45,0.0,0.0,0.0
no07,533967_01602_01603_0,1000,10:00,0.0,0.0,0.0
no07,533967_01602_01603_0,1015,10:15,0.0,0.0,0.0
no07,533967_01602_01603_0,1030,10:30,0.0,0.0,0.0
no07,533967_01602_01603_0,1045,10:45,0.0,0.0,0.0
no07,533967_01602_01603_0,1100,11:00,0.0,0.0,0.0
no07,533967_01602_01603_0,1115,11:15,0.0,0.0,0.0
no07,533967_01602_01603_0,1130,11:30,0.0,0.0,0.0
no07,533967_01602_01603_0,1145,11:45,0.0,0.0,0.0
no07,533967_01602_01603_0,1200,12:00,0.0,0.0,0.0
no07,533967_01602_01603_0,1215,12:15,0.0,0.0,0.0
no07,533967_01602_01603_0,1230,12:30,0.0,0.0,0.0
no07,533967_01602_01603_0,1245,12:45,0.0,0.0,0.0
no07,533967_01602_01603_0,1300,13:00,0.0,0.0,0.0
no07,533967_01602_01603_0,1315,13:15,0.0,0.0,0.0
no07,533967_01602_01603_0,1330,13:30,0.0,0.0,0.0
no07,533967_01602_01603_0,1345,13:45,0.0,0.0,0.0
no07,533967_01602_01603_0,1400,14:00,0.0,0.0,0.0
no07,533967_01602_01603_0,1415,14:15,0.0,0.0,0.0
no07,533967_01602_01603_0,1430,14:30,0.0,0.0,0.0
no07,533967_01602_01603_0,1445,14:45,0.0,0.0,0.0
no07,533967_01602_01603_0,1500,15:00,0.0,0.0,0.0
no07,533967_01602_01603_0,1515,15:15,0.0,0.0,0.0
no07,533967_01602_01603_0,1530,15:30,0.0,0.0,0.0
no07,533967_01602_01603_0,1545,15:45,0.0,0.0,0.0
no07,533967_01602_01603_0,1600,16:00,0.0,0.0,0.0
no07,533967_01602_01603_0,1615,16:15,0.0,0.0,0.0
no07,533967_01602_01603_0,1630,16:30,0.0,0.0,0.0
no07,533967_01602_01603_0,1645,16:45,0.0,0.0,0.0
no07,533967_01602_01603_0,1700,17:00,0.0,0.0,0.0
no07,533967_01602_01603_0,1715,17:15,0.0,0.0,0.0
no07,533967_01602_01603_0,1730,17:30,0.0,0.0,0.0
no07,533967_01602_01603_0,1745,17:45,0.0,0.0,0.0
no07,533967_01602_01603_0,1800,18:00,0.0,0.0,0.0
no07,533967_01602_01603_0,1815,18:15,0.0,0.0,0.0
no07,533967_01602_01603_0,1830,18:30,0.0,0.0,0.0
no07,533967_01602_01603_0,1845,18:45,0.0,0.0,0.0
no07,533967_01602_01603_1,630,06:30,0.0,0.0,0.0
no07,533967_01602_01603_1,645,06:45,0.0,0.0,0.0
no07,533967_01602_01603_1,700,07:00,0.0,0.0,0.0
no07,533967_01602_01603_1,715,07:15,0.0,0.0,0.0
no07,533967_01602_01603_1,730,07:30,0.0,0.0,0.0
no07,533967_01602_01603_1,745,07:45,0.0,0.0,0.0
no07,533967_01602_01603_1,800,08:00,0.0,0.0,0.0
no07,533967_01602_01603_1,815,08:15,0.0,0.0,0.0
no07,533967_01602_01603_1,830,08:30,0.0,0.0,0.0
no07,533967_01602_01603_1,845,08:45,0.0,0.0,0.0
no07,533967_01602_01603_1,900,09:00,0.0,0.0,0.0
no07,533967_01602_01603_1,915,09:15,0.0,0.0,0.0
no07,533967_01602_01603_1,930,09:30,0.0,0.0,0.0
no07,533967_01602_01603_1,945,09:45,0.0,0.0,0.0
no07,533967_01602_01603_1,1000,10:00,0.0,0.0,0.0
no07,533967_01602_01603_1,1015,10:15,0.0,0.0,0.0
no07,533967_01602_01603_1,1030,10:30,0.0,0.0,0.0
no07,533967_01602_01603_1,1045,10:45,0.0,0.0,0.0
no07,533967_01602_01603_1,1100,11:00,0.0,0.0,0.0
no07,533967_01602_01603_1,1115,11:15,0.0,0.0,0.0
no07,533967_01602_01603_1,1130,11:30,0.0,0.0,0.0
no07,533967_01602_01603_1,1145,11:45,0.0,0.0,0.0
no07,533967_01602_01603_1,1200,12:00,0.0,0.0,0.0
no07,533967_01602_01603_1,1215,12:15,0.0,0.0,0.0
no07,533967_01602_01603_1,1230,12:30,0.0,0.0,0.0
no07,533967_01602_01603_1,1245,12:45,0.0,0.0,0.0
no07,533967_01602_01603_1,1300,13:00,0.0,0.0,0.0
no07,533967_01602_01603_1,1315,13:15,0.0,0.0,0.0
no07,533967_01602_01603_1,1330,13:30,0.0,0.0,0.0
no07,533967_01602_01603_1,1345,13:45,0.0,0.0,0.0
no07,533967_01602_01603_1,1400,14:00,0.0,0.0,0.0
no07,533967_01602_01603_1,1415,14:15,0.0,0.0,0.0
no07,533967_01602_01603_1,1430,14:30,0.0,0.0,0.0
no07,533967_01602_01603_1,1445,14:45,0.0,0.0,0.0
no07,533967_01602_01603_1,1500,15:00,0.0,0.0,0.0
no07,533967_01602_01603_1,1515,15:15,0.0,0.0,0.0
no07,533967_01602_01603_1,1530,15:30,0.0,0.0,0.0
no07,533967_01602_01603_1,1545,15:45,0.0,0.0,0.0
no07,533967_01602_01603_1,1600,16:00,0.0,0.0,0.0
no07,533967_01602_01603_1,1615,16:15,0.0,0.0,0.0
no07,533967_01602_01603_1,1630,16:30,0.0,0.0,0.0
no07,533967_01602_01603_1,1645,16:45,0.0,0.0,0.0
no07,533967_01602_01603_1,1700,17:00,0.0,0.0,0.0
no07,533967_01602_01603_1,1715,17:15,0.0,0.0,0.0
no07,533967_01602_01603_1,1730,17:30,0.0,0.0,0.0
no07,533967_01602_01603_1,1745,17:45,0.0,0.0,0.0
no07,533967_01602_01603_1,1800,18:00,0.0,0.0,0.0
no07,533967_01602_01603_1,1815,18:15,0.0,0.0,0.0
no07,533967_01602_01603_1,1830,18:30,0.0,0.0,0.0
no07,533967_01602_01603_1,1845,18:45,0.0,0.0,0.0
no07,533967_01602_01608_0,630,06:30,0.0,0.0,0.0
no07,533967_01602_01608_0,645,06:45,0.0,0.0,0.0
no07,533967_01602_01608_0,700,07:00,0.0,0.0,0.0
no07,533967_01602_01608_0,715,07:15,0.0,0.0,0.0
no07,533967_01602_01608_0,730,07:30,0.0,0.0,0.0
no07,533967_01602_01608_0,745,07:45,0.0,0.0,0.0
no07,533967_01602_01608_0,800,08:00,0.0,0.0,0.0
no07,533967_01602_01608_0,815,08:15,0.0,0.0,0.0
no07,533967_01602_01608_0,830,08:30,0.0,0.0,0.0
no07,533967_01602_01608_0,845,08:45,0.0,0.0,0.0
no07,533967_01602_01608_0,900,09:00,0.0,0.0,0.0
no07,533967_01602_01608_0,915,09:15,0.0,0.0,0.0
no07,533967_01602_01608_0,930,09:30,0.0,0.0,0.0
no07,533967_01602_01608_0,945,09:45,0.0,0.0,0.0
no07,533967_01602_01608_0,1000,10:00,0.0,0.0,0.0
no07,533967_01602_01608_0,1015,10:15,0.0,0.0,0.0
no07,533967_01602_01608_0,1030,10:30,0.0,0.0,0.0
no07,533967_01602_01608_0,1045,10:45,0.0,0.0,0.0
no07,533967_01602_01608_0,1100,11:00,0.0,0.0,0.0
no07,533967_01602_01608_0,1115,11:15,0.0,0.0,0.0
no07,533967_01602_01608_0,1130,11:30,0.0,0.0,0.0
no07,533967_01602_01608_0,1145,11:45,0.0,0.0,0.0
no07,533967_01602_01608_0,1200,12:00,0.0,0.0,0.0
no07,533967_01602_01608_0,1215,12:15,0.0,0.0,0.0
no07,533967_01602_01608_0,1230,12:30,0.0,0.0,0.0
no07,533967_01602_01608_0,1245,12:45,0.0,0.0,0.0
no07,533967_01602_01608_0,1300,13:00,0.0,0.0,0.0
no07,533967_01602_01608_0,1315,13:15,0.0,0.0,0.0
no07,533967_01602_01608_0,1330,13:30,0.0,0.0,0.0
no07,533967_01602_01608_0,1345,13:45,0.0,0.0,0.0
no07,533967_01602_01608_0,1400,14:00,0.0,0.0,0.0
no07,533967_01602_01608_0,1415,14:15,0.0,0.0,0.0
no07,533967_01602_01608_0,1430,14:30,0.0,0.0,0.0
no07,533967_01602_01608_0,1445,14:45,0.0,0.0,0.0
no07,533967_01602_01608_0,1500,15:00,0.0,0.0,0.0
no07,533967_01602_01608_0,1515,15:15,0.0,0.0,0.0
no07,533967_01602_01608_0,1530,15:30,0.0,0.0,0.0
no07,533967_01602_01608_0,1545,15:45,0.0,0.0,0.0
no07,533967_01602_01608_0,1600,16:00,0.0,0.0,0.0
no07,533967_01602_01608_0,1615,16:15,0.0,0.0,0.0
no07,533967_01602_01608_0,1630,16:30,0.0,0.0,0.0
no07,533967_01602_01608_0,1645,16:45,0.0,0.0,0.0
no07,533967_01602_01608_0,1700,17:00,0.0,0.0,0.0
no07,533967_01602_01608_0,1715,17:15,0.0,0.0,0.0
no07,533967_01602_01608_0,1730,17:30,0.0,0.0,0.0
no07,533967_01602_01608_0,1745,17:45,0.0,0.0,0.0
no07,533967_01602_01608_0,1800,18:00,0.0,0.0,0.0
no07,533967_01602_01608_0,1815,18:15,0.0,0.0,0.0
no07,533967_01602_01608_0,1830,18:30,0.0,0.0,0.0
no07,533967_01602_01608_0,1845,18:45,0.0,0.0,0.0
no07,533967_01602_01608_1,630,06:30,0.0,0.0,0.0
no07,533967_01602_01608_1,645,06:45,0.0,0.0,0.0
no07,533967_01602_01608_1,700,07:00,0.0,0.0,0.0
no07,533967_01602_01608_1,715,07:15,0.0,0.0,0.0
no07,533967_01602_01608_1,730,07:30,0.0,0.0,0.0
no07,533967_01602_01608_1,745,07:45,0.0,0.0,0.0
no07,533967_01602_01608_1,800,08:00,0.0,0.0,0.0
no07,533967_01602_01608_1,815,08:15,0.0,0.0,0.0
no07,533967_01602_01608_1,830,08:30,0.0,0.0,0.0
no07,533967_01602_01608_1,845,08:45,0.0,0.0,0.0
no07,533967_01602_01608_1,900,09:00,0.0,0.0,0.0
no07,533967_01602_01608_1,915,09:15,0.0,0.0,0.0
no07,533967_01602_01608_1,930,09:30,0.0,0.0,0.0
no07,533967_01602_01608_1,945,09:45,0.0,0.0,0.0
no07,533967_01602_01608_1,1000,10:00,0.0,0.0,0.0
no07,533967_01602_01608_1,1015,10:15,0.0,0.0,0.0
no07,533967_01602_01608_1,1030,10:30,0.0,0.0,0.0
no07,533967_01602_01608_1,1045,10:45,0.0,0.0,0.0
no07,533967_01602_01608_1,1100,11:00,0.0,0.0,0.0
no07,533967_01602_01608_1,1115,11:15,0.0,0.0,0.0
no07,533967_01602_01608_1,1130,11:30,0.0,0.0,0.0
no07,533967_01602_01608_1,1145,11:45,0.0,0.0,0.0
no07,533967_01602_01608_1,1200,12:00,0.0,0.0,0.0
no07,533967_01602_01608_1,1215,12:15,0.0,0.0,0.0
no07,533967_01602_01608_1,1230,12:30,0.0,0.0,0.0
no07,533967_01602_01608_1,1245,12:45,0.0,0.0,0.0
no07,533967_01602_01608_1,1300,13:00,0.0,0.0,0.0
no07,533967_01602_01608_1,1315,13:15,0.0,0.0,0.0
no07,533967_01602_01608_1,1330,13:30,0.0,0.0,0.0
no07,533967_01602_01608_1,1345,13:45,0.0,0.0,0.0
no07,533967_01602_01608_1,1400,14:00,0.0,0.0,0.0
no07,533967_01602_01608_1,1415,14:15,0.0,0.0,0.0
no07,533967_01602_01608_1,1430,14:30,0.0,0.0,0.0
no07,533967_01602_01608_1,1445,14:45,0.0,0.0,0.0
no07,533967_01602_01608_1,1500,15:00,0.0,0.0,0.0
no07,533967_01602_01608_1,1515,15:15,0.0,0.0,0.0
no07,533967_01602_01608_1,1530,15:30,0.0,0.0,0.0
no07,533967_01602_01608_1,1545,15:45,0.0,0.0,0.0
no07,533967_01602_01608_1,1600,16:00,0.0,0.0,0.0
no07,533967_01602_01608_1,1615,16:15,0.0,0.0,0.0
no07,533967_01602_01608_1,1630,16:30,0.0,0.0,0.0
no07,533967_01602_01608_1,1645,16:45,0.0,0.0,0.0
no07,533967_01602_01608_1,1700,17:00,0.0,0.0,0.0
no07,533967_01602_01608_1,1715,17:15,0.0,0.0,0.0
no07,533967_01602_01608_1,1730,17:30,0.0,0.0,0.0
no07,533967_01602_01608_1,1745,17:45,0.0,0.0,0.0
no07,533967_01602_01608_1,1800,18:00,0.0,0.0,0.0
no07,533967_01602_01608_1,1815,18:15,0.0,0.0,0.0
no07,533967_01602_01608_1,1830,18:30,0.0,0.0,0.0
no07,533967_01602_01608_1,1845,18:45,0.0,0.0,0.0
no07,533967_01603_01606_0,630,06:30,0.0,0.0,0.0
no07,533967_01603_01606_0,645,06:45,0.0,0.0,0.0
no07,533967_01603_01606_0,700,07:00,0.0,0.0,0.0
no07,533967_01603_01606_0,715,07:15,0.0,0.0,0.0
no07,533967_01603_01606_0,730,07:30,0.0,0.0,0.0
no07,533967_01603_01606_0,745,07:45,0.0,0.0,0.0
no07,533967_01603_01606_0,800,08:00,0.0,0.0,0.0
no07,533967_01603_01606_0,815,08:15,0.0,0.0,0.0
no07,533967_01603_01606_0,830,08:30,0.0,0.0,0.0
no07,533967_01603_01606_0,845,08:45,0.0,0.0,0.0
no07,533967_01603_01606_0,900,09:00,0.0,0.0,0.0
no07,533967_01603_01606_0,915,09:15,0.0,0.0,0.0
no07,533967_01603_01606_0,930,09:30,0.0,0.0,0.0
no07,533967_01603_01606_0,945,09:45,0.0,0.0,0.0
no07,533967_01603_01606_0,1000,10:00,0.0,0.0,0.0
no07,533967_01603_01606_0,1015,10:15,0.0,0.0,0.0
no07,533967_01603_01606_0,1030,10:30,0.0,0.0,0.0
no07,533967_01603_01606_0,1045,10:45,0.0,0.0,0.0
no07,533967_01603_01606_0,1100,11:00,0.0,0.0,0.0
no07,533967_01603_01606_0,1115,11:15,0.0,0.0,0.0
no07,533967_01603_01606_0,1130,11:30,0.0,0.0,0.0
no07,533967_01603_01606_0,1145,11:45,0.0,0.0,0.0
no07,533967_01603_01606_0,1200,12:00,0.0,0.0,0.0
no07,533967_01603_01606_0,1215,12:15,0.0,0.0,0.0
no07,533967_01603_01606_0,1230,12:30,0.0,0.0,0.0
no07,533967_01603_01606_0,1245,12:45,0.0,0.0,0.0
no07,533967_01603_01606_0,1300,13:00,0.0,0.0,0.0
no07,533967_01603_01606_0,1315,13:15,0.0,0.0,0.0
no07,533967_01603_01606_0,1330,13:30,0.0,0.0,0.0
no07,533967_01603_01606_0,1345,13:45,0.0,0.0,0.0
no07,533967_01603_01606_0,1400,14:00,0.0,0.0,0.0
no07,533967_01603_01606_0,1415,14:15,0.0,0.0,0.0
no07,533967_01603_01606_0,1430,14:30,0.0,0.0,0.0
no07,533967_01603_01606_0,1445,14:45,0.0,0.0,0.0
no07,533967_01603_01606_0,1500,15:00,0.0,0.0,0.0
no07,533967_01603_01606_0,1515,15:15,0.0,0.0,0.0
no07,533967_01603_01606_0,1530,15:30,0.0,0.0,0.0
no07,533967_01603_01606_0,1545,15:45,0.0,0.0,0.0
no07,533967_01603_01606_0,1600,16:00,0.0,0.0,0.0
no07,533967_01603_01606_0,1615,16:15,0.0,0.0,0.0
no07,533967_01603_01606_0,1630,16:30,0.0,0.0,0.0
no07,533967_01603_01606_0,1645,16:45,0.0,0.0,0.0
no07,533967_01603_01606_0,1700,17:00,0.0,0.0,0.0
no07,533967_01603_01606_0,1715,17:15,0.0,0.0,0.0
no07,533967_01603_01606_0,1730,17:30,0.0,0.0,0.0
no07,533967_01603_01606_0,1745,17:45,0.0,0.0,0.0
no07,533967_01603_01606_0,1800,18:00,0.0,0.0,0.0
no07,533967_01603_01606_0,1815,18:15,0.0,0.0,0.0
no07,533967_01603_01606_0,1830,18:30,0.0,0.0,0.0
no07,533967_01603_01606_0,1845,18:45,0.0,0.0,0.0
no07,533967_01603_01606_1,630,06:30,0.0,0.0,0.0
no07,533967_01603_01606_1,645,06:45,0.0,0.0,0.0
no07,533967_01603_01606_1,700,07:00,0.0,0.0,0.0
no07,533967_01603_01606_1,715,07:15,0.0,0.0,0.0
no07,533967_01603_01606_1,730,07:30,0.0,0.0,0.0
no07,533967_01603_01606_1,745,07:45,0.0,0.0,0.0
no07,533967_01603_01606_1,800,08:00,0.0,0.0,0.0
no07,533967_01603_01606_1,815,08:15,0.0,0.0,0.0
no07,533967_01603_01606_1,830,08:30,0.0,0.0,0.0
no07,533967_01603_01606_1,845,08:45,0.0,0.0,0.0
no07,533967_01603_01606_1,900,09:00,0.0,0.0,0.0
no07,533967_01603_01606_1,915,09:15,0.0,0.0,0.0
no07,533967_01603_01606_1,930,09:30,0.0,0.0,0.0
no07,533967_01603_01606_1,945,09:45,0.0,0.0,0.0
no07,533967_01603_01606_1,1000,10:00,0.0,0.0,0.0
no07,533967_01603_01606_1,1015,10:15,0.0,0.0,0.0
no07,533967_01603_01606_1,1030,10:30,0.0,0.0,0.0
no07,533967_01603_01606_1,1045,10:45,0.0,0.0,0.0
no07,533967_01603_01606_1,1100,11:00,0.0,0.0,0.0
no07,533967_01603_01606_1,1115,11:15,0.0,0.0,0.0
no07,533967_01603_01606_1,1130,11:30,0.0,0.0,0.0
no07,533967_01603_01606_1,1145,11:45,0.0,0.0,0.0
no07,533967_01603_01606_1,1200,12:00,0.0,0.0,0.0
no07,533967_01603_01606_1,1215,12:15,0.0,0.0,0.0
no07,533967_01603_01606_1,1230,12:30,0.0,0.0,0.0
no07,533967_01603_01606_1,1245,12:45,0.0,0.0,0.0
no07,533967_01603_01606_1,1300,13:00,0.0,0.0,0.0
no07,533967_01603_01606_1,1315,13:15,0.0,0.0,0.0
no07,533967_01603_01606_1,1330,13:30,0.0,0.0,0.0
no07,533967_01603_01606_1,1345,13:45,0.0,0.0,0.0
no07,533967_01603_01606_1,1400,14:00,0.0,0.0,0.0
no07,533967_01603_01606_1,1415,14:15,0.0,0.0,0.0
no07,533967_01603_01606_1,1430,14:30,0.0,0.0,0.0
no07,533967_01603_01606_1,1445,14:45,0.0,0.0,0.0
no07,533967_01603_01606_1,1500,15:00,0.0,0.0,0.0
no07,533967_01603_01606_1,1515,15:15,0.0,0.0,0.0
no07,533967_01603_01606_1,1530,15:30,0.0,0.0,0.0
no07,533967_01603_01606_1,1545,15:45,0.0,0.0,0.0
no07,533967_01603_01606_1,1600,16:00,0.0,0.0,0.0
no07,533967_01603_01606_1,1615,16:15,0.0,0.0,0.0
no07,533967_01603_01606_1,1630,16:30,0.0,0.0,0.0
no07,533967_01603_01606_1,1645,16:45,0.0,0.0,0.0
no07,533967_01603_01606_1,1700,17:00,0.0,0.0,0.0
no07,533967_01603_01606_1,1715,17:15,0.0,0.0,0.0
no07,533967_01603_01606_1,1730,17:30,0.0,0.0,0.0
no07,533967_01603_01606_1,1745,17:45,0.0,0.0,0.0
no07,533967_01603_01606_1,1800,18:00,0.0,0.0,0.0
no07,533967_01603_01606_1,1815,18:15,0.0,0.0,0.0
no07,533967_01603_01606_1,1830,18:30,0.0,0.0,0.0
no07,533967_01603_01606_1,1845,18:45,0.0,0.0,0.0
no07,533967_01603_01608_0,630,06:30,0.0,0.0,0.0
no07,533967_01603_01608_0,645,06:45,0.0,0.0,0.0
no07,533967_01603_01608_0,700,07:00,0.0,0.0,0.0
no07,533967_01603_01608_0,715,07:15,0.0,0.0,0.0
no07,533967_01603_01608_0,730,07:30,0.0,0.0,0.0
no07,533967_01603_01608_0,745,07:45,0.0,0.0,0.0
no07,533967_01603_01608_0,800,08:00,0.0,0.0,0.0
no07,533967_01603_01608_0,815,08:15,0.0,0.0,0.0
no07,533967_01603_01608_0,830,08:30,0.0,0.0,0.0
no07,533967_01603_01608_0,845,08:45,0.0,0.0,0.0
no07,533967_01603_01608_0,900,09:00,0.0,0.0,0.0
no07,533967_01603_01608_0,915,09:15,0.0,0.0,0.0
no07,533967_01603_01608_0,930,09:30,0.0,0.0,0.0
no07,533967_01603_01608_0,945,09:45,0.0,0.0,0.0
no07,533967_01603_01608_0,1000,10:00,0.0,0.0,0.0
no07,533967_01603_01608_0,1015,10:15,0.0,0.0,0.0
no07,533967_01603_01608_0,1030,10:30,0.0,0.0,0.0
no07,533967_01603_01608_0,1045,10:45,0.0,0.0,0.0
no07,533967_01603_01608_0,1100,11:00,0.0,0.0,0.0
no07,533967_01603_01608_0,1115,11:15,0.0,0.0,0.0
no07,533967_01603_01608_0,1130,11:30,0.0,0.0,0.0
no07,533967_01603_01608_0,1145,11:45,0.0,0.0,0.0
no07,533967_01603_01608_0,1200,12:00,0.0,0.0,0.0
no07,533967_01603_01608_0,1215,12:15,0.0,0.0,0.0
no07,533967_01603_01608_0,1230,12:30,0.0,0.0,0.0
no07,533967_01603_01608_0,1245,12:45,0.0,0.0,0.0
no07,533967_01603_01608_0,1300,13:00,0.0,0.0,0.0
no07,533967_01603_01608_0,1315,13:15,0.0,0.0,0.0
no07,533967_01603_01608_0,1330,13:30,0.0,0.0,0.0
no07,533967_01603_01608_0,1345,13:45,0.0,0.0,0.0
no07,533967_01603_01608_0,1400,14:00,0.0,0.0,0.0
no07,533967_01603_01608_0,1415,14:15,0.0,0.0,0.0
no07,533967_01603_01608_0,1430,14:30,0.0,0.0,0.0
no07,533967_01603_01608_0,1445,14:45,0.0,0.0,0.0
no07,533967_01603_01608_0,1500,15:00,0.0,0.0,0.0
no07,533967_01603_01608_0,1515,15:15,0.0,0.0,0.0
no07,533967_01603_01608_0,1530,15:30,0.0,0.0,0.0
no07,533967_01603_01608_0,1545,15:45,0.0,0.0,0.0
no07,533967_01603_01608_0,1600,16:00,0.0,0.0,0.0
no07,533967_01603_01608_0,1615,16:15,0.0,0.0,0.0
no07,533967_01603_01608_0,1630,16:30,0.0,0.0,0.0
no07,533967_01603_01608_0,1645,16:45,0.0,0.0,0.0
no07,533967_01603_01608_0,1700,17:00,0.0,0.0,0.0
no07,533967_01603_01608_0,1715,17:15,0.0,0.0,0.0
no07,533967_01603_01608_0,1730,17:30,0.0,0.0,0.0
no07,533967_01603_01608_0,1745,17:45,0.0,0.0,0.0
no07,533967_01603_01608_0,1800,18:00,0.0,0.0,0.0
no07,533967_01603_01608_0,1815,18:15,0.0,0.0,0.0
no07,533967_01603_01608_0,1830,18:30,0.0,0.0,0.0
no07,533967_01603_01608_0,1845,18:45,0.0,0.0,0.0
no07,533967_01603_01608_1,630,06:30,0.0,0.0,0.0
no07,533967_01603_01608_1,645,06:45,0.0,0.0,0.0
no07,533967_01603_01608_1,700,07:00,0.0,0.0,0.0
no07,533967_01603_01608_1,715,07:15,0.0,0.0,0.0
no07,533967_01603_01608_1,730,07:30,0.0,0.0,0.0
no07,533967_01603_01608_1,745,07:45,0.0,0.0,0.0
no07,533967_01603_01608_1,800,08:00,0.0,0.0,0.0
no07,533967_01603_01608_1,815,08:15,0.0,0.0,0.0
no07,533967_01603_01608_1,830,08:30,0.0,0.0,0.0
no07,533967_01603_01608_1,845,08:45,0.0,0.0,0.0
no07,533967_01603_01608_1,900,09:00,0.0,0.0,0.0
no07,533967_01603_01608_1,915,09:15,0.0,0.0,0.0
no07,533967_01603_01608_1,930,09:30,0.0,0.0,0.0
no07,533967_01603_01608_1,945,09:45,0.0,0.0,0.0
no07,533967_01603_01608_1,1000,10:00,0.0,0.0,0.0
no07,533967_01603_01608_1,1015,10:15,0.0,0.0,0.0
no07,533967_01603_01608_1,1030,10:30,0.0,0.0,0.0
no07,533967_01603_01608_1,1045,10:45,0.0,0.0,0.0
no07,533967_01603_01608_1,1100,11:00,0.0,0.0,0.0
no07,533967_01603_01608_1,1115,11:15,0.0,0.0,0.0
no07,533967_01603_01608_1,1130,11:30,0.0,0.0,0.0
no07,533967_01603_01608_1,1145,11:45,0.0,0.0,0.0
no07,533967_01603_01608_1,1200,12:00,0.0,0.0,0.0
no07,533967_01603_01608_1,1215,12:15,0.0,0.0,0.0
no07,533967_01603_01608_1,1230,12:30,0.0,0.0,0.0
no07,533967_01603_01608_1,1245,12:45,0.0,0.0,0.0
no07,533967_01603_01608_1,1300,13:00,0.0,0.0,0.0
no07,533967_01603_01608_1,1315,13:15,0.0,0.0,0.0
no07,533967_01603_01608_1,1330,13:30,0.0,0.0,0.0
no07,533967_01603_01608_1,1345,13:45,0.0,0.0,0.0
no07,533967_01603_01608_1,1400,14:00,0.0,0.0,0.0
no07,533967_01603_01608_1,1415,14:15,0.0,0.0,0.0
no07,533967_01603_01608_1,1430,14:30,0.0,0.0,0.0
no07,533967_01603_01608_1,1445,14:45,0.0,0.0,0.0
no07,533967_01603_01608_1,1500,15:00,0.0,0.0,0.0
no07,533967_01603_01608_1,1515,15:15,0.0,0.0,0.0
no07,533967_01603_01608_1,1530,15:30,0.0,0.0,0.0
no07,533967_01603_01608_1,1545,15:45,0.0,0.0,0.0
no07,533967_01603_01608_1,1600,16:00,0.0,0.0,0.0
no07,533967_01603_01608_1,1615,16:15,0.0,0.0,0.0
no07,533967_01603_01608_1,1630,16:30,0.0,0.0,0.0
no07,533967_01603_01608_1,1645,16:45,0.0,0.0,0.0
no07,533967_01603_01608_1,1700,17:00,0.0,0.0,0.0
no07,533967_01603_01608_1,1715,17:15,0.0,0.0,0.0
no07,533967_01603_01608_1,1730,17:30,0.0,0.0,0.0
no07,533967_01603_01608_1,1745,17:45,0.0,0.0,0.0
no07,533967_01603_01608_1,1800,18:00,0.0,0.0,0.0
no07,533967_01603_01608_1,1815,18:15,0.0,0.0,0.0
no07,533967_01603_01608_1,1830,18:30,0.0,0.0,0.0
no07,533967_01603_01608_1,1845,18:45,0.0,0.0,0.0
no07,533967_01604_01605_0,630,06:30,0.0,0.0,0.0
no07,533967_01604_01605_0,645,06:45,0.0,0.0,0.0
no07,533967_01604_01605_0,700,07:00,0.0,0.0,0.0
no07,533967_01604_01605_0,715,07:15,0.0,0.0,0.0
no07,533967_01604_01605_0,730,07:30,0.0,0.0,0.0
no07,533967_01604_01605_0,745,07:45,0.0,0.0,0.0
no07,533967_01604_01605_0,800,08:00,0.0,0.0,0.0
no07,533967_01604_01605_0,815,08:15,0.0,0.0,0.0
no07,533967_01604_01605_0,830,08:30,0.0,0.0,0.0
no07,533967_01604_01605_0,845,08:45,0.0,0.0,0.0
no07,533967_01604_01605_0,900,09:00,0.0,0.0,0.0
no07,533967_01604_01605_0,915,09:15,0.0,0.0,0.0
no07,533967_01604_01605_0,930,09:30,0.0,0.0,0.0
no07,533967_01604_01605_0,945,09:45,0.0,0.0,0.0
no07,533967_01604_01605_0,1000,10:00,0.0,0.0,0.0
no07,533967_01604_01605_0,1015,10:15,0.0,0.0,0.0
no07,533967_01604_01605_0,1030,10:30,0.0,0.0,0.0
no07,533967_01604_01605_0,1045,10:45,0.0,0.0,0.0
no07,533967_01604_01605_0,1100,11:00,0.0,0.0,0.0
no07,533967_01604_01605_0,1115,11:15,0.0,0.0,0.0
no07,533967_01604_01605_0,1130,11:30,0.0,0.0,0.0
no07,533967_01604_01605_0,1145,11:45,0.0,0.0,0.0
no07,533967_01604_01605_0,1200,12:00,0.0,0.0,0.0
no07,533967_01604_01605_0,1215,12:15,0.0,0.0,0.0
no07,533967_01604_01605_0,1230,12:30,0.0,0.0,0.0
no07,533967_01604_01605_0,1245,12:45,0.0,0.0,0.0
no07,533967_01604_01605_0,1300,13:00,0.0,0.0,0.0
no07,533967_01604_01605_0,1315,13:15,0.0,0.0,0.0
no07,533967_01604_01605_0,1330,13:30,0.0,0.0,0.0
no07,533967_01604_01605_0,1345,13:45,0.0,0.0,0.0
no07,533967_01604_01605_0,1400,14:00,0.0,0.0,0.0
no07,533967_01604_01605_0,1415,14:15,0.0,0.0,0.0
no07,533967_01604_01605_0,1430,14:30,0.0,0.0,0.0
no07,533967_01604_01605_0,1445,14:45,0.0,0.0,0.0
no07,533967_01604_01605_0,1500,15:00,0.0,0.0,0.0
no07,533967_01604_01605_0,1515,15:15,0.0,0.0,0.0
no07,533967_01604_01605_0,1530,15:30,0.0,0.0,0.0
no07,533967_01604_01605_0,1545,15:45,0.0,0.0,0.0
no07,533967_01604_01605_0,1600,16:00,0.0,0.0,0.0
no07,533967_01604_01605_0,1615,16:15,0.0,0.0,0.0
no07,533967_01604_01605_0,1630,16:30,0.0,0.0,0.0
no07,533967_01604_01605_0,1645,16:45,0.0,0.0,0.0
no07,533967_01604_01605_0,1700,17:00,0.0,0.0,0.0
no07,533967_01604_01605_0,1715,17:15,0.0,0.0,0.0
no07,533967_01604_01605_0,1730,17:30,0.0,0.0,0.0
no07,533967_01604_01605_0,1745,17:45,0.0,0.0,0.0
no07,533967_01604_01605_0,1800,18:00,0.0,0.0,0.0
no07,533967_01604_01605_0,1815,18:15,0.0,0.0,0.0
no07,533967_01604_01605_0,1830,18:30,0.0,0.0,0.0
no07,533967_01604_01605_0,1845,18:45,0.0,0.0,0.0
no07,533967_01604_01605_1,630,06:30,0.0,0.0,0.0
no07,533967_01604_01605_1,645,06:45,0.0,0.0,0.0
no07,533967_01604_01605_1,700,07:00,0.0,0.0,0.0
no07,533967_01604_01605_1,715,07:15,0.0,0.0,0.0
no07,533967_01604_01605_1,730,07:30,0.0,0.0,0.0
no07,533967_01604_01605_1,745,07:45,0.0,0.0,0.0
no07,533967_01604_01605_1,800,08:00,0.0,0.0,0.0
no07,533967_01604_01605_1,815,08:15,0.0,0.0,0.0
no07,533967_01604_01605_1,830,08:30,0.0,0.0,0.0
no07,533967_01604_01605_1,845,08:45,0.0,0.0,0.0
no07,533967_01604_01605_1,900,09:00,0.0,0.0,0.0
no07,533967_01604_01605_1,915,09:15,0.0,0.0,0.0
no07,533967_01604_01605_1,930,09:30,0.0,0.0,0.0
no07,533967_01604_01605_1,945,09:45,0.0,0.0,0.0
no07,533967_01604_01605_1,1000,10:00,0.0,0.0,0.0
no07,533967_01604_01605_1,1015,10:15,0.0,0.0,0.0
no07,533967_01604_01605_1,1030,10:30,0.0,0.0,0.0
no07,533967_01604_01605_1,1045,10:45,0.0,0.0,0.0
no07,533967_01604_01605_1,1100,11:00,0.0,0.0,0.0
no07,533967_01604_01605_1,1115,11:15,0.0,0.0,0.0
no07,533967_01604_01605_1,1130,11:30,0.0,0.0,0.0
no07,533967_01604_01605_1,1145,11:45,0.0,0.0,0.0
no07,533967_01604_01605_1,1200,12:00,0.0,0.0,0.0
no07,533967_01604_01605_1,1215,12:15,0.0,0.0,0.0
no07,533967_01604_01605_1,1230,12:30,0.0,0.0,0.0
no07,533967_01604_01605_1,1245,12:45,0.0,0.0,0.0
no07,533967_01604_01605_1,1300,13:00,0.0,0.0,0.0
no07,533967_01604_01605_1,1315,13:15,0.0,0.0,0.0
no07,533967_01604_01605_1,1330,13:30,0.0,0.0,0.0
no07,533967_01604_01605_1,1345,13:45,0.0,0.0,0.0
no07,533967_01604_01605_1,1400,14:00,0.0,0.0,0.0
no07,533967_01604_01605_1,1415,14:15,0.0,0.0,0.0
no07,533967_01604_01605_1,1430,14:30,0.0,0.0,0.0
no07,533967_01604_01605_1,1445,14:45,0.0,0.0,0.0
no07,533967_01604_01605_1,1500,15:00,0.0,0.0,0.0
no07,533967_01604_01605_1,1515,15:15,0.0,0.0,0.0
no07,533967_01604_01605_1,1530,15:30,0.0,0.0,0.0
no07,533967_01604_01605_1,1545,15:45,0.0,0.0,0.0
no07,533967_01604_01605_1,1600,16:00,0.0,0.0,0.0
no07,533967_01604_01605_1,1615,16:15,0.0,0.0,0.0
no07,533967_01604_01605_1,1630,16:30,0.0,0.0,0.0
no07,533967_01604_01605_1,1645,16:45,0.0,0.0,0.0
no07,533967_01604_01605_1,1700,17:00,0.0,0.0,0.0
no07,533967_01604_01605_1,1715,17:15,0.0,0.0,0.0
no07,533967_01604_01605_1,1730,17:30,0.0,0.0,0.0
no07,533967_01604_01605_1,1745,17:45,0.0,0.0,0.0
no07,533967_01604_01605_1,1800,18:00,0.0,0.0,0.0
no07,533967_01604_01605_1,1815,18:15,0.0,0.0,0.0
no07,533967_01604_01605_1,1830,18:30,0.0,0.0,0.0
no07,533967_01604_01605_1,1845,18:45,0.0,0.0,0.0
no07,533967_01604_01606_0,630,06:30,0.0,0.0,0.0
no07,533967_01604_01606_0,645,06:45,0.0,0.0,0.0
no07,533967_01604_01606_0,700,07:00,0.0,0.0,0.0
no07,533967_01604_01606_0,715,07:15,0.0,0.0,0.0
no07,533967_01604_01606_0,730,07:30,0.0,0.0,0.0
no07,533967_01604_01606_0,745,07:45,0.0,0.0,0.0
no07,533967_01604_01606_0,800,08:00,0.0,0.0,0.0
no07,533967_01604_01606_0,815,08:15,0.0,0.0,0.0
no07,533967_01604_01606_0,830,08:30,0.0,0.0,0.0
no07,533967_01604_01606_0,845,08:45,0.0,0.0,0.0
no07,533967_01604_01606_0,900,09:00,0.0,0.0,0.0
no07,533967_01604_01606_0,915,09:15,0.0,0.0,0.0
no07,533967_01604_01606_0,930,09:30,0.0,0.0,0.0
no07,533967_01604_01606_0,945,09:45,0.0,0.0,0.0
no07,533967_01604_01606_0,1000,10:00,0.0,0.0,0.0
no07,533967_01604_01606_0,1015,10:15,0.0,0.0,0.0
no07,533967_01604_01606_0,1030,10:30,0.0,0.0,0.0
no07,533967_01604_01606_0,1045,10:45,0.0,0.0,0.0
no07,533967_01604_01606_0,1100,11:00,0.0,0.0,0.0
no07,533967_01604_01606_0,1115,11:15,0.0,0.0,0.0
no07,533967_01604_01606_0,1130,11:30,0.0,0.0,0.0
no07,533967_01604_01606_0,1145,11:45,0.0,0.0,0.0
no07,533967_01604_01606_0,1200,12:00,0.0,0.0,0.0
no07,533967_01604_01606_0,1215,12:15,0.0,0.0,0.0
no07,533967_01604_01606_0,1230,12:30,0.0,0.0,0.0
no07,533967_01604_01606_0,1245,12:45,0.0,0.0,0.0
no07,533967_01604_01606_0,1300,13:00,0.0,0.0,0.0
no07,533967_01604_01606_0,1315,13:15,0.0,0.0,0.0
no07,533967_01604_01606_0,1330,13:30,0.0,0.0,0.0
no07,533967_01604_01606_0,1345,13:45,0.0,0.0,0.0
no07,533967_01604_01606_0,1400,14:00,0.0,0.0,0.0
no07,533967_01604_01606_0,1415,14:15,0.0,0.0,0.0
no07,533967_01604_01606_0,1430,14:30,0.0,0.0,0.0
no07,533967_01604_01606_0,1445,14:45,0.0,0.0,0.0
no07,533967_01604_01606_0,1500,15:00,0.0,0.0,0.0
no07,533967_01604_01606_0,1515,15:15,0.0,0.0,0.0
no07,533967_01604_01606_0,1530,15:30,0.0,0.0,0.0
no07,533967_01604_01606_0,1545,15:45,0.0,0.0,0.0
no07,533967_01604_01606_0,1600,16:00,0.0,0.0,0.0
no07,533967_01604_01606_0,1615,16:15,0.0,0.0,0.0
no07,533967_01604_01606_0,1630,16:30,0.0,0.0,0.0
no07,533967_01604_01606_0,1645,16:45,0.0,0.0,0.0
no07,533967_01604_01606_0,1700,17:00,0.0,0.0,0.0
no07,533967_01604_01606_0,1715,17:15,0.0,0.0,0.0
no07,533967_01604_01606_0,1730,17:30,0.0,0.0,0.0
no07,533967_01604_01606_0,1745,17:45,0.0,0.0,0.0
no07,533967_01604_01606_0,1800,18:00,0.0,0.0,0.0
no07,533967_01604_01606_0,1815,18:15,0.0,0.0,0.0
no07,533967_01604_01606_0,1830,18:30,0.0,0.0,0.0
no07,533967_01604_01606_0,1845,18:45,0.0,0.0,0.0
no07,533967_01604_01606_1,630,06:30,0.0,0.0,0.0
no07,533967_01604_01606_1,645,06:45,0.0,0.0,0.0
no07,533967_01604_01606_1,700,07:00,0.0,0.0,0.0
no07,533967_01604_01606_1,715,07:15,0.0,0.0,0.0
no07,533967_01604_01606_1,730,07:30,0.0,0.0,0.0
no07,533967_01604_01606_1,745,07:45,0.0,0.0,0.0
no07,533967_01604_01606_1,800,08:00,0.0,0.0,0.0
no07,533967_01604_01606_1,815,08:15,0.0,0.0,0.0
no07,533967_01604_01606_1,830,08:30,0.0,0.0,0.0
no07,533967_01604_01606_1,845,08:45,0.0,0.0,0.0
no07,533967_01604_01606_1,900,09:00,0.0,0.0,0.0
no07,533967_01604_01606_1,915,09:15,0.0,0.0,0.0
no07,533967_01604_01606_1,930,09:30,0.0,0.0,0.0
no07,533967_01604_01606_1,945,09:45,0.0,0.0,0.0
no07,533967_01604_01606_1,1000,10:00,0.0,0.0,0.0
no07,533967_01604_01606_1,1015,10:15,0.0,0.0,0.0
no07,533967_01604_01606_1,1030,10:30,0.0,0.0,0.0
no07,533967_01604_01606_1,1045,10:45,0.0,0.0,0.0
no07,533967_01604_01606_1,1100,11:00,0.0,0.0,0.0
no07,533967_01604_01606_1,1115,11:15,0.0,0.0,0.0
no07,533967_01604_01606_1,1130,11:30,0.0,0.0,0.0
no07,533967_01604_01606_1,1145,11:45,0.0,0.0,0.0
no07,533967_01604_01606_1,1200,12:00,0.0,0.0,0.0
no07,533967_01604_01606_1,1215,12:15,0.0,0.0,0.0
no07,533967_01604_01606_1,1230,12:30,0.0,0.0,0.0
no07,533967_01604_01606_1,1245,12:45,0.0,0.0,0.0
no07,533967_01604_01606_1,1300,13:00,0.0,0.0,0.0
no07,533967_01604_01606_1,1315,13:15,0.0,0.0,0.0
no07,533967_01604_01606_1,1330,13:30,0.0,0.0,0.0
no07,533967_01604_01606_1,1345,13:45,0.0,0.0,0.0
no07,533967_01604_01606_1,1400,14:00,0.0,0.0,0.0
no07,533967_01604_01606_1,1415,14:15,0.0,0.0,0.0
no07,533967_01604_01606_1,1430,14:30,0.0,0.0,0.0
no07,533967_01604_01606_1,1445,14:45,0.0,0.0,0.0
no07,533967_01604_01606_1,1500,15:00,0.0,0.0,0.0
no07,533967_01604_01606_1,1515,15:15,0.0,0.0,0.0
no07,533967_01604_01606_1,1530,15:30,0.0,0.0,0.0
no07,533967_01604_01606_1,1545,15:45,0.0,0.0,0.0
no07,533967_01604_01606_1,1600,16:00,0.0,0.0,0.0
no07,533967_01604_01606_1,1615,16:15,0.0,0.0,0.0
no07,533967_01604_01606_1,1630,16:30,0.0,0.0,0.0
no07,533967_01604_01606_1,1645,16:45,0.0,0.0,0.0
no07,533967_01604_01606_1,1700,17:00,0.0,0.0,0.0
no07,533967_01604_01606_1,1715,17:15,0.0,0.0,0.0
no07,533967_01604_01606_1,1730,17:30,0.0,0.0,0.0
no07,533967_01604_01606_1,1745,17:45,0.0,0.0,0.0
no07,533967_01604_01606_1,1800,18:00,0.0,0.0,0.0
no07,533967_01604_01606_1,1815,18:15,0.0,0.0,0.0
no07,533967_01604_01606_1,1830,18:30,0.0,0.0,0.0
no07,533967_01604_01606_1,1845,18:45,0.0,0.0,0.0
no07,533967_01605_01607_0,630,06:30,0.0,0.0,0.0
no07,533967_01605_01607_0,645,06:45,0.0,0.0,0.0
no07,533967_01605_01607_0,700,07:00,0.0,0.0,0.0
no07,533967_01605_01607_0,715,07:15,0.0,0.0,0.0
no07,533967_01605_01607_0,730,07:30,0.0,0.0,0.0
no07,533967_01605_01607_0,745,07:45,0.0,0.0,0.0
no07,533967_01605_01607_0,800,08:00,0.0,0.0,0.0
no07,533967_01605_01607_0,815,08:15,0.0,0.0,0.0
no07,533967_01605_01607_0,830,08:30,0.0,0.0,0.0
no07,533967_01605_01607_0,845,08:45,0.0,0.0,0.0
no07,533967_01605_01607_0,900,09:00,0.0,0.0,0.0
no07,533967_01605_01607_0,915,09:15,0.0,0.0,0.0
no07,533967_01605_01607_0,930,09:30,0.0,0.0,0.0
no07,533967_01605_01607_0,945,09:45,0.0,0.0,0.0
no07,533967_01605_01607_0,1000,10:00,0.0,0.0,0.0
no07,533967_01605_01607_0,1015,10:15,0.0,0.0,0.0
no07,533967_01605_01607_0,1030,10:30,0.0,0.0,0.0
no07,533967_01605_01607_0,1045,10:45,0.0,0.0,0.0
no07,533967_01605_01607_0,1100,11:00,0.0,0.0,0.0
no07,533967_01605_01607_0,1115,11:15,0.0,0.0,0.0
no07,533967_01605_01607_0,1130,11:30,0.0,0.0,0.0
no07,533967_01605_01607_0,1145,11:45,0.0,0.0,0.0
no07,533967_01605_01607_0,1200,12:00,0.0,0.0,0.0
no07,533967_01605_01607_0,1215,12:15,0.0,0.0,0.0
no07,533967_01605_01607_0,1230,12:30,0.0,0.0,0.0
no07,533967_01605_01607_0,1245,12:45,0.0,0.0,0.0
no07,533967_01605_01607_0,1300,13:00,0.0,0.0,0.0
no07,533967_01605_01607_0,1315,13:15,0.0,0.0,0.0
no07,533967_01605_01607_0,1330,13:30,0.0,0.0,0.0
no07,533967_01605_01607_0,1345,13:45,0.0,0.0,0.0
no07,533967_01605_01607_0,1400,14:00,0.0,0.0,0.0
no07,533967_01605_01607_0,1415,14:15,0.0,0.0,0.0
no07,533967_01605_01607_0,1430,14:30,0.0,0.0,0.0
no07,533967_01605_01607_0,1445,14:45,0.0,0.0,0.0
no07,533967_01605_01607_0,1500,15:00,0.0,0.0,0.0
no07,533967_01605_01607_0,1515,15:15,0.0,0.0,0.0
no07,533967_01605_01607_0,1530,15:30,0.0,0.0,0.0
no07,533967_01605_01607_0,1545,15:45,0.0,0.0,0.0
no07,533967_01605_01607_0,1600,16:00,0.0,0.0,0.0
no07,533967_01605_01607_0,1615,16:15,0.0,0.0,0.0
no07,533967_01605_01607_0,1630,16:30,0.0,0.0,0.0
no07,533967_01605_01607_0,1645,16:45,0.0,0.0,0.0
no07,533967_01605_01607_0,1700,17:00,0.0,0.0,0.0
no07,533967_01605_01607_0,1715,17:15,0.0,0.0,0.0
no07,533967_01605_01607_0,1730,17:30,0.0,0.0,0.0
no07,533967_01605_01607_0,1745,17:45,0.0,0.0,0.0
no07,533967_01605_01607_0,1800,18:00,0.0,0.0,0.0
no07,533967_01605_01607_0,1815,18:15,0.0,0.0,0.0
no07,533967_01605_01607_0,1830,18:30,0.0,0.0,0.0
no07,533967_01605_01607_0,1845,18:45,0.0,0.0,0.0
no07,533967_01605_01607_1,630,06:30,0.0,0.0,0.0
no07,533967_01605_01607_1,645,06:45,0.0,0.0,0.0
no07,533967_01605_01607_1,700,07:00,0.0,0.0,0.0
no07,533967_01605_01607_1,715,07:15,0.0,0.0,0.0
no07,533967_01605_01607_1,730,07:30,0.0,0.0,0.0
no07,533967_01605_01607_1,745,07:45,0.0,0.0,0.0
no07,533967_01605_01607_1,800,08:00,0.0,0.0,0.0
no07,533967_01605_01607_1,815,08:15,0.0,0.0,0.0
no07,533967_01605_01607_1,830,08:30,0.0,0.0,0.0
no07,533967_01605_01607_1,845,08:45,0.0,0.0,0.0
no07,533967_01605_01607_1,900,09:00,0.0,0.0,0.0
no07,533967_01605_01607_1,915,09:15,0.0,0.0,0.0
no07,533967_01605_01607_1,930,09:30,0.0,0.0,0.0
no07,533967_01605_01607_1,945,09:45,0.0,0.0,0.0
no07,533967_01605_01607_1,1000,10:00,0.0,0.0,0.0
no07,533967_01605_01607_1,1015,10:15,0.0,0.0,0.0
no07,533967_01605_01607_1,1030,10:30,0.0,0.0,0.0
no07,533967_01605_01607_1,1045,10:45,0.0,0.0,0.0
no07,533967_01605_01607_1,1100,11:00,0.0,0.0,0.0
no07,533967_01605_01607_1,1115,11:15,0.0,0.0,0.0
no07,533967_01605_01607_1,1130,11:30,0.0,0.0,0.0
no07,533967_01605_01607_1,1145,11:45,0.0,0.0,0.0
no07,533967_01605_01607_1,1200,12:00,0.0,0.0,0.0
no07,533967_01605_01607_1,1215,12:15,0.0,0.0,0.0
no07,533967_01605_01607_1,1230,12:30,0.0,0.0,0.0
no07,533967_01605_01607_1,1245,12:45,0.0,0.0,0.0
no07,533967_01605_01607_1,1300,13:00,0.0,0.0,0.0
no07,533967_01605_01607_1,1315,13:15,0.0,0.0,0.0
no07,533967_01605_01607_1,1330,13:30,0.0,0.0,0.0
no07,533967_01605_01607_1,1345,13:45,0.0,0.0,0.0
no07,533967_01605_01607_1,1400,14:00,0.0,0.0,0.0
no07,533967_01605_01607_1,1415,14:15,0.0,0.0,0.0
no07,533967_01605_01607_1,1430,14:30,0.0,0.0,0.0
no07,533967_01605_01607_1,1445,14:45,0.0,0.0,0.0
no07,533967_01605_01607_1,1500,15:00,0.0,0.0,0.0
no07,533967_01605_01607_1,1515,15:15,0.0,0.0,0.0
no07,533967_01605_01607_1,1530,15:30,0.0,0.0,0.0
no07,533967_01605_01607_1,1545,15:45,0.0,0.0,0.0
no07,533967_01605_01607_1,1600,16:00,0.0,0.0,0.0
no07,533967_01605_01607_1,1615,16:15,0.0,0.0,0.0
no07,533967_01605_01607_1,1630,16:30,0.0,0.0,0.0
no07,533967_01605_01607_1,1645,16:45,0.0,0.0,0.0
no07,533967_01605_01607_1,1700,17:00,0.0,0.0,0.0
no07,533967_01605_01607_1,1715,17:15,0.0,0.0,0.0
no07,533967_01605_01607_1,1730,17:30,0.0,0.0,0.0
no07,533967_01605_01607_1,1745,17:45,0.0,0.0,0.0
no07,533967_01605_01607_1,1800,18:00,0.0,0.0,0.0
no07,533967_01605_01607_1,1815,18:15,0.0,0.0,0.0
no07,533967_01605_01607_1,1830,18:30,0.0,0.0,0.0
no07,533967_01605_01607_1,1845,18:45,0.0,0.0,0.0
no07,533967_01606_01607_0,630,06:30,0.0,0.0,0.0
no07,533967_01606_01607_0,645,06:45,0.0,0.0,0.0
no07,533967_01606_01607_0,700,07:00,0.0,0.0,0.0
no07,533967_01606_01607_0,715,07:15,0.0,0.0,0.0
no07,533967_01606_01607_0,730,07:30,0.0,0.0,0.0
no07,533967_01606_01607_0,745,07:45,0.0,0.0,0.0
no07,533967_01606_01607_0,800,08:00,0.0,0.0,0.0
no07,533967_01606_01607_0,815,08:15,0.0,0.0,0.0
no07,533967_01606_01607_0,830,08:30,0.0,0.0,0.0
no07,533967_01606_01607_0,845,08:45,0.0,0.0,0.0
no07,533967_01606_01607_0,900,09:00,0.0,0.0,0.0
no07,533967_01606_01607_0,915,09:15,0.0,0.0,0.0
no07,533967_01606_01607_0,930,09:30,0.0,0.0,0.0
no07,533967_01606_01607_0,945,09:45,0.0,0.0,0.0
no07,533967_01606_01607_0,1000,10:00,0.0,0.0,0.0
no07,533967_01606_01607_0,1015,10:15,0.0,0.0,0.0
no07,533967_01606_01607_0,1030,10:30,0.0,0.0,0.0
no07,533967_01606_01607_0,1045,10:45,0.0,0.0,0.0
no07,533967_01606_01607_0,1100,11:00,0.0,0.0,0.0
no07,533967_01606_01607_0,1115,11:15,0.0,0.0,0.0
no07,533967_01606_01607_0,1130,11:30,0.0,0.0,0.0
no07,533967_01606_01607_0,1145,11:45,0.0,0.0,0.0
no07,533967_01606_01607_0,1200,12:00,0.0,0.0,0.0
no07,533967_01606_01607_0,1215,12:15,0.0,0.0,0.0
no07,533967_01606_01607_0,1230,12:30,0.0,0.0,0.0
no07,533967_01606_01607_0,1245,12:45,0.0,0.0,0.0
no07,533967_01606_01607_0,1300,13:00,0.0,0.0,0.0
no07,533967_01606_01607_0,1315,13:15,0.0,0.0,0.0
no07,533967_01606_01607_0,1330,13:30,0.0,0.0,0.0
no07,533967_01606_01607_0,1345,13:45,0.0,0.0,0.0
no07,533967_01606_01607_0,1400,14:00,0.0,0.0,0.0
no07,533967_01606_01607_0,1415,14:15,0.0,0.0,0.0
no07,533967_01606_01607_0,1430,14:30,0.0,0.0,0.0
no07,533967_01606_01607_0,1445,14:45,0.0,0.0,0.0
no07,533967_01606_01607_0,1500,15:00,0.0,0.0,0.0
no07,533967_01606_01607_0,1515,15:15,0.0,0.0,0.0
no07,533967_01606_01607_0,1530,15:30,0.0,0.0,0.0
no07,533967_01606_01607_0,1545,15:45,0.0,0.0,0.0
no07,533967_01606_01607_0,1600,16:00,0.0,0.0,0.0
no07,533967_01606_01607_0,1615,16:15,0.0,0.0,0.0
no07,533967_01606_01607_0,1630,16:30,0.0,0.0,0.0
no07,533967_01606_01607_0,1645,16:45,0.0,0.0,0.0
no07,533967_01606_01607_0,1700,17:00,0.0,0.0,0.0
no07,533967_01606_01607_0,1715,17:15,0.0,0.0,0.0
no07,533967_01606_01607_0,1730,17:30,0.0,0.0,0.0
no07,533967_01606_01607_0,1745,17:45,0.0,0.0,0.0
no07,533967_01606_01607_0,1800,18:00,0.0,0.0,0.0
no07,533967_01606_01607_0,1815,18:15,0.0,0.0,0.0
no07,533967_01606_01607_0,1830,18:30,0.0,0.0,0.0
no07,533967_01606_01607_0,1845,18:45,0.0,0.0,0.0
no07,533967_01606_01607_1,630,06:30,0.0,0.0,0.0
no07,533967_01606_01607_1,645,06:45,0.0,0.0,0.0
no07,533967_01606_01607_1,700,07:00,0.0,0.0,0.0
no07,533967_01606_01607_1,715,07:15,0.0,0.0,0.0
no07,533967_01606_01607_1,730,07:30,0.0,0.0,0.0
no07,533967_01606_01607_1,745,07:45,0.0,0.0,0.0
no07,533967_01606_01607_1,800,08:00,0.0,0.0,0.0
no07,533967_01606_01607_1,815,08:15,0.0,0.0,0.0
no07,533967_01606_01607_1,830,08:30,0.0,0.0,0.0
no07,533967_01606_01607_1,845,08:45,0.0,0.0,0.0
no07,533967_01606_01607_1,900,09:00,0.0,0.0,0.0
no07,533967_01606_01607_1,915,09:15,0.0,0.0,0.0
no07,533967_01606_01607_1,930,09:30,0.0,0.0,0.0
no07,533967_01606_01607_1,945,09:45,0.0,0.0,0.0
no07,533967_01606_01607_1,1000,10:00,0.0,0.0,0.0
no07,533967_01606_01607_1,1015,10:15,0.0,0.0,0.0
no07,533967_01606_01607_1,1030,10:30,0.0,0.0,0.0
no07,533967_01606_01607_1,1045,10:45,0.0,0.0,0.0
no07,533967_01606_01607_1,1100,11:00,0.0,0.0,0.0
no07,533967_01606_01607_1,1115,11:15,0.0,0.0,0.0
no07,533967_01606_01607_1,1130,11:30,0.0,0.0,0.0
no07,533967_01606_01607_1,1145,11:45,0.0,0.0,0.0
no07,533967_01606_01607_1,1200,12:00,0.0,0.0,0.0
no07,533967_01606_01607_1,1215,12:15,0.0,0.0,0.0
no07,533967_01606_01607_1,1230,12:30,0.0,0.0,0.0
no07,533967_01606_01607_1,1245,12:45,0.0,0.0,0.0
no07,533967_01606_01607_1,1300,13:00,0.0,0.0,0.0
no07,533967_01606_01607_1,1315,13:15,0.0,0.0,0.0
no07,533967_01606_01607_1,1330,13:30,0.0,0.0,0.0
no07,533967_01606_01607_1,1345,13:45,0.0,0.0,0.0
no07,533967_01606_01607_1,1400,14:00,0.0,0.0,0.0
no07,533967_01606_01607_1,1415,14:15,0.0,0.0,0.0
no07,533967_01606_01607_1,1430,14:30,0.0,0.0,0.0
no07,533967_01606_01607_1,1445,14:45,0.0,0.0,0.0
no07,533967_01606_01607_1,1500,15:00,0.0,0.0,0.0
no07,533967_01606_01607_1,1515,15:15,0.0,0.0,0.0
no07,533967_01606_01607_1,1530,15:30,0.0,0.0,0.0
no07,533967_01606_01607_1,1545,15:45,0.0,0.0,0.0
no07,533967_01606_01607_1,1600,16:00,0.0,0.0,0.0
no07,533967_01606_01607_1,1615,16:15,0.0,0.0,0.0
no07,533967_01606_01607_1,1630,16:30,0.0,0.0,0.0
no07,533967_01606_01607_1,1645,16:45,0.0,0.0,0.0
no07,533967_01606_01607_1,1700,17:00,0.0,0.0,0.0
no07,533967_01606_01607_1,1715,17:15,0.0,0.0,0.0
no07,533967_01606_01607_1,1730,17:30,0.0,0.0,0.0
no07,533967_01606_01607_1,1745,17:45,0.0,0.0,0.0
no07,533967_01606_01607_1,1800,18:00,0.0,0.0,0.0
no07,533967_01606_01607_1,1815,18:15,0.0,0.0,0.0
no07,533967_01606_01607_1,1830,18:30,0.0,0.0,0.0
no07,533967_01606_01607_1,1845,18:45,0.0,0.0,0.0
no07,533967_01606_01609_0,630,06:30,0.0,0.0,0.0
no07,533967_01606_01609_0,645,06:45,0.0,0.0,0.0
no07,533967_01606_01609_0,700,07:00,0.0,0.0,0.0
no07,533967_01606_01609_0,715,07:15,0.0,0.0,0.0
no07,533967_01606_01609_0,730,07:30,0.0,0.0,0.0
no07,533967_01606_01609_0,745,07:45,0.0,0.0,0.0
no07,533967_01606_01609_0,800,08:00,0.0,0.0,0.0
no07,533967_01606_01609_0,815,08:15,0.0,0.0,0.0
no07,533967_01606_01609_0,830,08:30,0.0,0.0,0.0
no07,533967_01606_01609_0,845,08:45,0.0,0.0,0.0
no07,533967_01606_01609_0,900,09:00,0.0,0.0,0.0
no07,533967_01606_01609_0,915,09:15,0.0,0.0,0.0
no07,533967_01606_01609_0,930,09:30,0.0,0.0,0.0
no07,533967_01606_01609_0,945,09:45,0.0,0.0,0.0
no07,533967_01606_01609_0,1000,10:00,0.0,0.0,0.0
no07,533967_01606_01609_0,1015,10:15,0.0,0.0,0.0
no07,533967_01606_01609_0,1030,10:30,0.0,0.0,0.0
no07,533967_01606_01609_0,1045,10:45,0.0,0.0,0.0
no07,533967_01606_01609_0,1100,11:00,0.0,0.0,0.0
no07,533967_01606_01609_0,1115,11:15,0.0,0.0,0.0
no07,533967_01606_01609_0,1130,11:30,0.0,0.0,0.0
no07,533967_01606_01609_0,1145,11:45,0.0,0.0,0.0
no07,533967_01606_01609_0,1200,12:00,0.0,0.0,0.0
no07,533967_01606_01609_0,1215,12:15,0.0,0.0,0.0
no07,533967_01606_01609_0,1230,12:30,0.0,0.0,0.0
no07,533967_01606_01609_0,1245,12:45,0.0,0.0,0.0
no07,533967_01606_01609_0,1300,13:00,0.0,0.0,0.0
no07,533967_01606_01609_0,1315,13:15,0.0,0.0,0.0
no07,533967_01606_01609_0,1330,13:30,0.0,0.0,0.0
no07,533967_01606_01609_0,1345,13:45,0.0,0.0,0.0
no07,533967_01606_01609_0,1400,14:00,0.0,0.0,0.0
no07,533967_01606_01609_0,1415,14:15,0.0,0.0,0.0
no07,533967_01606_01609_0,1430,14:30,0.0,0.0,0.0
no07,533967_01606_01609_0,1445,14:45,0.0,0.0,0.0
no07,533967_01606_01609_0,1500,15:00,0.0,0.0,0.0
no07,533967_01606_01609_0,1515,15:15,0.0,0.0,0.0
no07,533967_01606_01609_0,1530,15:30,0.0,0.0,0.0
no07,533967_01606_01609_0,1545,15:45,0.0,0.0,0.0
no07,533967_01606_01609_0,1600,16:00,0.0,0.0,0.0
no07,533967_01606_01609_0,1615,16:15,0.0,0.0,0.0
no07,533967_01606_01609_0,1630,16:30,0.0,0.0,0.0
no07,533967_01606_01609_0,1645,16:45,0.0,0.0,0.0
no07,533967_01606_01609_0,1700,17:00,0.0,0.0,0.0
no07,533967_01606_01609_0,1715,17:15,0.0,0.0,0.0
no07,533967_01606_01609_0,1730,17:30,0.0,0.0,0.0
no07,533967_01606_01609_0,1745,17:45,0.0,0.0,0.0
no07,533967_01606_01609_0,1800,18:00,0.0,0.0,0.0
no07,533967_01606_01609_0,1815,18:15,0.0,0.0,0.0
no07,533967_01606_01609_0,1830,18:30,0.0,0.0,0.0
no07,533967_01606_01609_0,1845,18:45,0.0,0.0,0.0
no07,533967_01606_01609_1,630,06:30,0.0,0.0,0.0
no07,533967_01606_01609_1,645,06:45,0.0,0.0,0.0
no07,533967_01606_01609_1,700,07:00,0.0,0.0,0.0
no07,533967_01606_01609_1,715,07:15,0.0,0.0,0.0
no07,533967_01606_01609_1,730,07:30,0.0,0.0,0.0
no07,533967_01606_01609_1,745,07:45,0.0,0.0,0.0
no07,533967_01606_01609_1,800,08:00,0.0,0.0,0.0
no07,533967_01606_01609_1,815,08:15,0.0,0.0,0.0
no07,533967_01606_01609_1,830,08:30,0.0,0.0,0.0
no07,533967_01606_01609_1,845,08:45,0.0,0.0,0.0
no07,533967_01606_01609_1,900,09:00,0.0,0.0,0.0
no07,533967_01606_01609_1,915,09:15,0.0,0.0,0.0
no07,533967_01606_01609_1,930,09:30,0.0,0.0,0.0
no07,533967_01606_01609_1,945,09:45,0.0,0.0,0.0
no07,533967_01606_01609_1,1000,10:00,0.0,0.0,0.0
no07,533967_01606_01609_1,1015,10:15,0.0,0.0,0.0
no07,533967_01606_01609_1,1030,10:30,0.0,0.0,0.0
no07,533967_01606_01609_1,1045,10:45,0.0,0.0,0.0
no07,533967_01606_01609_1,1100,11:00,0.0,0.0,0.0
no07,533967_01606_01609_1,1115,11:15,0.0,0.0,0.0
no07,533967_01606_01609_1,1130,11:30,0.0,0.0,0.0
no07,533967_01606_01609_1,1145,11:45,0.0,0.0,0.0
no07,533967_01606_01609_1,1200,12:00,0.0,0.0,0.0
no07,533967_01606_01609_1,1215,12:15,0.0,0.0,0.0
no07,533967_01606_01609_1,1230,12:30,0.0,0.0,0.0
no07,533967_01606_01609_1,1245,12:45,0.0,0.0,0.0
no07,533967_01606_01609_1,1300,13:00,0.0,0.0,0.0
no07,533967_01606_01609_1,1315,13:15,0.0,0.0,0.0
no07,533967_01606_01609_1,1330,13:30,0.0,0.0,0.0
no07,533967_01606_01609_1,1345,13:45,0.0,0.0,0.0
no07,533967_01606_01609_1,1400,14:00,0.0,0.0,0.0
no07,533967_01606_01609_1,1415,14:15,0.0,0.0,0.0
no07,533967_01606_01609_1,1430,14:30,0.0,0.0,0.0
no07,533967_01606_01609_1,1445,14:45,0.0,0.0,0.0
no07,533967_01606_01609_1,1500,15:00,0.0,0.0,0.0
no07,533967_01606_01609_1,1515,15:15,0.0,0.0,0.0
no07,533967_01606_01609_1,1530,15:30,0.0,0.0,0.0
no07,533967_01606_01609_1,1545,15:45,0.0,0.0,0.0
no07,533967_01606_01609_1,1600,16:00,0.0,0.0,0.0
no07,533967_01606_01609_1,1615,16:15,0.0,0.0,0.0
no07,533967_01606_01609_1,1630,16:30,0.0,0.0,0.0
no07,533967_01606_01609_1,1645,16:45,0.0,0.0,0.0
no07,533967_01606_01609_1,1700,17:00,0.0,0.0,0.0
no07,533967_01606_01609_1,1715,17:15,0.0,0.0,0.0
no07,533967_01606_01609_1,1730,17:30,0.0,0.0,0.0
no07,533967_01606_01609_1,1745,17:45,0.0,0.0,0.0
no07,533967_01606_01609_1,1800,18:00,0.0,0.0,0.0
no07,533967_01606_01609_1,1815,18:15,0.0,0.0,0.0
no07,533967_01606_01609_1,1830,18:30,0.0,0.0,0.0
no07,533967_01606_01609_1,1845,18:45,0.0,0.0,0.0
no07,533967_01654_01655_0,630,06:30,108.5,107.89473684210526,-0.6052631578947398
no07,533967_01654_01655_0,645,06:45,112.05,113.6842105263158,1.6342105263157976
no07,533967_01654_01655_0,700,07:00,69.9,69.05263157894737,-0.8473684210526358
no07,533967_01654_01655_0,715,07:15,93.2,92.84210526315788,-0.3578947368421268
no07,533967_01654_01655_0,730,07:30,79.6,79.52631578947368,-0.07368421052630936
no07,533967_01654_01655_0,745,07:45,84.2,84.89473684210526,0.6947368421052573
no07,533967_01654_01655_0,800,08:00,79.5,75.52631578947368,-3.973684210526315
no07,533967_01654_01655_0,815,08:15,125.4,128.47368421052633,3.0736842105263236
no07,533967_01654_01655_0,830,08:30,149.05,147.68421052631578,-1.3657894736842309
no07,533967_01654_01655_0,845,08:45,156.2,156.73684210526315,0.5368421052631618
no07,533967_01654_01655_0,900,09:00,128.4,129.78947368421052,1.3894736842105146
no07,533967_01654_01655_0,915,09:15,114.9,114.0,-0.9000000000000057
no07,533967_01654_01655_0,930,09:30,133.7,133.68421052631578,-0.015789473684208133
no07,533967_01654_01655_0,945,09:45,133.15,135.21052631578948,2.060526315789474
no07,533967_01654_01655_0,1000,10:00,99.55,98.10526315789474,-1.4447368421052573
no07,533967_01654_01655_0,1015,10:15,107.5,107.36842105263158,-0.1315789473684248
no07,533967_01654_01655_0,1030,10:30,126.1,127.36842105263158,1.268421052631581
no07,533967_01654_01655_0,1045,10:45,108.2,107.3157894736842,-0.8842105263157976
no07,533967_01654_01655_0,1100,11:00,102.0,102.0,0.0
no07,533967_01654_01655_0,1115,11:15,107.95,106.94736842105264,-1.0026315789473585
no07,533967_01654_01655_0,1130,11:30,87.1,86.63157894736842,-0.4684210526315695
no07,533967_01654_01655_0,1145,11:45,129.1,130.05263157894737,0.9526315789473756
no07,533967_01654_01655_0,1200,12:00,139.5,139.78947368421052,0.28947368421052033
no07,533967_01654_01655_0,1215,12:15,108.9,109.26315789473684,0.3631578947368297
no07,533967_01654_01655_0,1230,12:30,113.55,114.0,0.45000000000000284
no07,533967_01654_01655_0,1245,12:45,106.1,105.89473684210526,-0.20526315789473415
no07,533967_01654_01655_0,1300,13:00,64.65,64.05263157894737,-0.5973684210526358
no07,533967_01654_01655_0,1315,13:15,108.45,107.47368421052632,-0.9763157894736878
no07,533967_01654_01655_0,1330,13:30,100.45,101.73684210526316,1.2868421052631618
no07,533967_01654_01655_0,1345,13:45,89.6,88.15789473684211,-1.4421052631578846
no07,533967_01654_01655_0,1400,14:00,148.95,148.89473684210526,-0.055263157894728465
no07,533967_01654_01655_0,1415,14:15,133.3,135.05263157894737,1.7526315789473585
no07,533967_01654_01655_0,1430,14:30,98.05,97.63157894736842,-0.41842105263157237
no07,533967_01654_01655_0,1445,14:45,132.9,132.57894736842104,-0.321052631578965
no07,533967_01654_01655_0,1500,15:00,125.35,125.6842105263158,0.3342105263158004
no07,533967_01654_01655_0,1515,15:15,137.7,136.6315789473684,-1.068421052631578
no07,533967_01654_01655_0,1530,15:30,127.8,127.73684210526316,-0.06315789473683253
no07,533967_01654_01655_0,1545,15:45,94.4,94.57894736842104,0.17894736842103498
no07,533967_01654_01655_0,1600,16:00,151.4,152.31578947368422,0.9157894736842138
no07,533967_01654_01655_0,1615,16:15,122.45,121.26315789473684,-1.1868421052631675
no07,533967_01654_01655_0,1630,16:30,111.6,112.6842105263158,1.0842105263158004
no07,533967_01654_01655_0,1645,16:45,115.6,116.3157894736842,0.715789473684211
no07,533967_01654_01655_0,1700,17:00,155.45,153.42105263157896,-2.0289473684210293
no07,533967_01654_01655_0,1715,17:15,121.85,122.21052631578948,0.36052631578948535
no07,533967_01654_01655_0,1730,17:30,114.2,111.63157894736842,-2.568421052631578
no07,533967_01654_01655_0,1745,17:45,138.75,142.0,3.25
no07,533967_01654_01655_0,1800,18:00,96.4,94.15789473684212,-2.2421052631578817
no07,533967_01654_01655_0,1815,18:15,101.25,103.63157894736842,2.381578947368425
no07,533967_01654_01655_0,1830,18:30,100.35,100.47368421052632,0.12368421052632073
no07,533967_01654_01655_0,1845,18:45,89.3,88.94736842105263,-0.3526315789473671
no07,533967_01654_01658_1,630,06:30,116.8,116.21052631578948,-0.5894736842105175
no07,533967_01654_01658_1,645,06:45,154.1,154.21052631578948,0.11052631578948535
no07,533967_01654_01658_1,700,07:00,114.25,114.84210526315788,0.592105263157876
no07,533967_01654_01658_1,715,07:15,114.15,114.05263157894736,-0.09736842105264998
no07,533967_01654_01658_1,730,07:30,88.4,87.94736842105263,-0.4526315789473756
no07,533967_01654_01658_1,745,07:45,135.65,137.3684210526316,1.7184210526315837
no07,533967_01654_01658_1,800,08:00,110.0,108.21052631578948,-1.7894736842105203
no07,533967_01654_01658_1,815,08:15,131.3,130.78947368421052,-0.510526315789491
no07,533967_01654_01658_1,830,08:30,147.3,145.8421052631579,-1.4578947368421211
no07,533967_01654_01658_1,845,08:45,125.35,129.1578947368421,3.8078947368421154
no07,533967_01654_01658_1,900,09:00,115.85,117.36842105263158,1.518421052631581
no07,533967_01654_01658_1,915,09:15,120.55,119.6842105263158,-0.8657894736842024
no07,533967_01654_01658_1,930,09:30,105.95,104.21052631578948,-1.7394736842105232
no07,533967_01654_01658_1,945,09:45,98.25,99.15789473684212,0.907894736842124
no07,533967_01654_01658_1,1000,10:00,101.95,102.05263157894736,0.10263157894735286
no07,533967_01654_01658_1,1015,10:15,101.35,103.6842105263158,2.3342105263158004
no07,533967_01654_01658_1,1030,10:30,80.25,79.84210526315789,-0.40789473684210975
no07,533967_01654_01658_1,1045,10:45,99.3,98.36842105263158,-0.931578947368422
no07,533967_01654_01658_1,1100,11:00,107.05,106.3157894736842,-0.7342105263157919
no07,533967_01654_01658_1,1115,11:15,101.05,102.6842105263158,1.6342105263157976
no07,533967_01654_01658_1,1130,11:30,98.9,100.21052631578948,1.310526315789474
no07,533967_01654_01658_1,1145,11:45,98.95,98.84210526315788,-0.1078947368421268
no07,533967_01654_01658_1,1200,12:00,92.75,91.73684210526316,-1.0131578947368354
no07,533967_01654_01658_1,1215,12:15,110.2,106.63157894736842,-3.568421052631578
no07,533967_01654_01658_1,1230,12:30,87.35,88.6842105263158,1.3342105263158004
no07,533967_01654_01658_1,1245,12:45,111.9,111.42105263157896,-0.47894736842104635
no07,533967_01654_01658_1,1300,13:00,73.35,73.21052631578948,-0.13947368421051465
no07,533967_01654_01658_1,1315,13:15,118.8,115.36842105263158,-3.431578947368422
no07,533967_01654_01658_1,1330,13:30,97.0,98.21052631578948,1.2105263157894797
no07,533967_01654_01658_1,1345,13:45,105.45,105.0,-0.45000000000000284
no07,533967_01654_01658_1,1400,14:00,110.8,111.10526315789474,0.3052631578947427
no07,533967_01654_01658_1,1415,14:15,112.85,113.0,0.15000000000000568
no07,533967_01654_01658_1,1430,14:30,91.9,94.10526315789474,2.205263157894734
no07,533967_01654_01658_1,1445,14:45,112.3,111.73684210526316,-0.5631578947368325
no07,533967_01654_01658_1,1500,15:00,104.5,105.42105263157896,0.9210526315789593
no07,533967_01654_01658_1,1515,15:15,128.65,129.1578947368421,0.5078947368421041
no07,533967_01654_01658_1,1530,15:30,114.75,113.3157894736842,-1.4342105263157947
no07,533967_01654_01658_1,1545,15:45,106.6,105.63157894736842,-0.9684210526315695
no07,533967_01654_01658_1,1600,16:00,119.2,121.36842105263158,2.1684210526315724
no07,533967_01654_01658_1,1615,16:15,121.55,121.78947368421052,0.23947368421052317
no07,533967_01654_01658_1,1630,16:30,96.65,97.0,0.3499999999999943
no07,533967_01654_01658_1,1645,16:45,138.55,136.47368421052633,-2.076315789473682
no07,533967_01654_01658_1,1700,17:00,117.3,115.52631578947368,-1.7736842105263122
no07,533967_01654_01658_1,1715,17:15,132.7,133.05263157894737,0.3526315789473813
no07,533967_01654_01658_1,1730,17:30,116.4,116.10526315789474,-0.29473684210526585
no07,533967_01654_01658_1,1745,17:45,146.2,149.6315789473684,3.431578947368422
no07,533967_01654_01658_1,1800,18:00,98.65,96.36842105263158,-2.2815789473684305
no07,533967_01654_01658_1,1815,18:15,122.95,125.52631578947368,2.576315789473682
no07,533967_01654_01658_1,1830,18:30,109.7,108.78947368421052,-0.9105263157894825
no07,533967_01654_01658_1,1845,18:45,88.85,89.52631578947368,0.6763157894736906
no07,533967_01654_01661_0,630,06:30,33.5,33.473684210526315,-0.02631578947368496
no07,533967_01654_01661_0,645,06:45,57.9,57.8421052631579,-0.057894736842101224
no07,533967_01654_01661_0,700,07:00,47.8,47.8421052631579,0.0421052631579002
no07,533967_01654_01661_0,715,07:15,52.75,52.21052631578947,-0.5394736842105274
no07,533967_01654_01661_0,730,07:30,39.2,39.73684210526316,0.5368421052631547
no07,533967_01654_01661_0,745,07:45,120.95,119.21052631578948,-1.7394736842105232
no07,533967_01654_01661_0,800,08:00,48.25,45.63157894736842,-2.6184210526315823
no07,533967_01654_01661_0,815,08:15,33.15,34.1578947368421,1.007894736842104
no07,533967_01654_01661_0,830,08:30,65.35,65.52631578947368,0.17631578947369064
no07,533967_01654_01661_0,845,08:45,70.1,72.78947368421052,2.689473684210526
no07,533967_01654_01661_0,900,09:00,49.5,50.26315789473684,0.7631578947368425
no07,533967_01654_01661_0,915,09:15,48.55,49.68421052631579,1.1342105263157904
no07,533967_01654_01661_0,930,09:30,34.95,34.8421052631579,-0.10789473684210549
no07,533967_01654_01661_0,945,09:45,39.2,39.05263157894737,-0.14736842105263293
no07,533967_01654_01661_0,1000,10:00,36.15,35.89473684210526,-0.2552631578947384
no07,533967_01654_01661_0,1015,10:15,49.85,50.26315789473684,0.41315789473684106
no07,533967_01654_01661_0,1030,10:30,39.35,38.578947368421055,-0.7710526315789465
no07,533967_01654_01661_0,1045,10:45,19.75,20.36842105263158,0.6184210526315788
no07,533967_01654_01661_0,1100,11:00,53.6,53.21052631578947,-0.38947368421052886
no07,533967_01654_01661_0,1115,11:15,64.7,66.0,1.2999999999999972
no07,533967_01654_01661_0,1130,11:30,58.75,58.578947368421055,-0.17105263157894512
no07,533967_01654_01661_0,1145,11:45,37.25,36.1578947368421,-1.0921052631578974
no07,533967_01654_01661_0,1200,12:00,31.45,31.84210526315789,0.39210526315789096
no07,533967_01654_01661_0,1215,12:15,27.1,27.31578947368421,0.21578947368420742
no07,533967_01654_01661_0,1230,12:30,27.35,27.157894736842103,-0.19210526315789878
no07,533967_01654_01661_0,1245,12:45,38.8,39.0,0.20000000000000284
no07,533967_01654_01661_0,1300,13:00,48.8,48.36842105263158,-0.43157894736841484
no07,533967_01654_01661_0,1315,13:15,33.15,32.578947368421055,-0.5710526315789437
no07,533967_01654_01661_0,1330,13:30,45.9,46.42105263157895,0.5210526315789537
no07,533967_01654_01661_0,1345,13:45,38.65,38.10526315789474,-0.5447368421052587
no07,533967_01654_01661_0,1400,14:00,29.05,30.05263157894737,1.0026315789473692
no07,533967_01654_01661_0,1415,14:15,20.55,20.105263157894736,-0.44473684210526443
no07,533967_01654_01661_0,1430,14:30,46.3,45.8421052631579,-0.4578947368420998
no07,533967_01654_01661_0,1445,14:45,32.3,32.421052631578945,0.12105263157894797
no07,533967_01654_01661_0,1500,15:00,43.25,47.05263157894737,3.80263157894737
no07,533967_01654_01661_0,1515,15:15,69.45,67.94736842105263,-1.5026315789473728
no07,533967_01654_01661_0,1530,15:30,57.1,56.73684210526316,-0.3631578947368439
no07,533967_01654_01661_0,1545,15:45,38.65,38.31578947368421,-0.3342105263157862
no07,533967_01654_01661_0,1600,16:00,59.95,60.31578947368421,0.36578947368420955
no07,533967_01654_01661_0,1615,16:15,73.95,74.26315789473684,0.31315789473683253
no07,533967_01654_01661_0,1630,16:30,48.7,49.1578947368421,0.4578947368420998
no07,533967_01654_01661_0,1645,16:45,46.2,45.63157894736842,-0.5684210526315852
no07,533967_01654_01661_0,1700,17:00,74.0,72.21052631578948,-1.7894736842105203
no07,533967_01654_01661_0,1715,17:15,108.7,108.3157894736842,-0.38421052631579755
no07,533967_01654_01661_0,1730,17:30,56.65,54.63157894736842,-2.018421052631581
no07,533967_01654_01661_0,1745,17:45,56.25,58.89473684210526,2.64473684210526
no07,533967_01654_01661_0,1800,18:00,70.75,61.0,-9.75
no07,533967_01654_01661_0,1815,18:15,58.2,66.52631578947368,8.326315789473682
no07,533967_01654_01661_0,1830,18:30,44.1,41.526315789473685,-2.5736842105263165
no07,533967_01654_01661_0,1845,18:45,17.45,18.105263157894736,0.655263157894737
no07,533967_01654_01661_1,630,06:30,59.5,59.78947368421053,0.28947368421052744
no07,533967_01654_01661_1,645,06:45,60.8,60.94736842105263,0.14736842105263293
no07,533967_01654_01661_1,700,07:00,33.6,33.73684210526316,0.1368421052631561
no07,533967_01654_01661_1,715,07:15,91.55,90.10526315789474,-1.4447368421052573
no07,533967_01654_01661_1,730,07:30,67.05,65.84210526315789,-1.207894736842107
no07,533967_01654_01661_1,745,07:45,102.95,103.3157894736842,0.36578947368420245
no07,533967_01654_01661_1,800,08:00,84.8,84.15789473684211,-0.6421052631578874
no07,533967_01654_01661_1,815,08:15,82.85,82.73684210526316,-0.11315789473682969
no07,533967_01654_01661_1,830,08:30,97.7,95.63157894736842,-2.068421052631578
no07,533967_01654_01661_1,845,08:45,118.75,121.89473684210526,3.14473684210526
no07,533967_01654_01661_1,900,09:00,74.25,74.26315789473684,0.013157894736835374
no07,533967_01654_01661_1,915,09:15,48.55,47.63157894736842,-0.9184210526315795
no07,533967_01654_01661_1,930,09:30,82.85,83.21052631578948,0.36052631578948535
no07,533967_01654_01661_1,945,09:45,81.6,80.10526315789474,-1.4947368421052545
no07,533967_01654_01661_1,1000,10:00,65.5,65.42105263157895,-0.07894736842105488
no07,533967_01654_01661_1,1015,10:15,70.25,64.6842105263158,-5.565789473684205
no07,533967_01654_01661_1,1030,10:30,67.95,63.94736842105263,-4.002631578947373
no07,533967_01654_01661_1,1045,10:45,58.1,56.63157894736842,-1.4684210526315837
no07,533967_01654_01661_1,1100,11:00,65.35,66.84210526315789,1.492105263157896
no07,533967_01654_01661_1,1115,11:15,79.5,79.36842105263158,-0.1315789473684248
no07,533967_01654_01661_1,1130,11:30,71.3,70.21052631578948,-1.0894736842105175
no07,533967_01654_01661_1,1145,11:45,68.45,67.84210526315789,-0.6078947368421126
no07,533967_01654_01661_1,1200,12:00,97.85,97.36842105263158,-0.4815789473684191
no07,533967_01654_01661_1,1215,12:15,62.25,63.26315789473684,1.0131578947368425
no07,533967_01654_01661_1,1230,12:30,41.85,40.31578947368421,-1.534210526315789
no07,533967_01654_01661_1,1245,12:45,62.9,62.36842105263158,-0.5315789473684163
no07,533967_01654_01661_1,1300,13:00,72.75,74.3157894736842,1.5657894736842053
no07,533967_01654_01661_1,1315,13:15,48.05,48.94736842105263,0.8973684210526329
no07,533967_01654_01661_1,1330,13:30,56.0,54.89473684210526,-1.1052631578947398
no07,533967_01654_01661_1,1345,13:45,54.8,55.94736842105263,1.147368421052633
no07,533967_01654_01661_1,1400,14:00,63.9,62.36842105263158,-1.5315789473684163
no07,533967_01654_01661_1,1415,14:15,61.1,61.89473684210526,0.7947368421052587
no07,533967_01654_01661_1,1430,14:30,40.3,40.26315789473684,-0.03684210526315468
no07,533967_01654_01661_1,1445,14:45,80.95,79.15789473684211,-1.792105263157893
no07,533967_01654_01661_1,1500,15:00,63.35,63.26315789473684,-0.08684210526315894
no07,533967_01654_01661_1,1515,15:15,80.3,82.3157894736842,2.015789473684208
no07,533967_01654_01661_1,1530,15:30,48.8,50.36842105263158,1.5684210526315852
no07,533967_01654_01661_1,1545,15:45,59.8,59.47368421052632,-0.326315789473675
no07,533967_01654_01661_1,1600,16:00,87.0,85.84210526315789,-1.1578947368421098
no07,533967_01654_01661_1,1615,16:15,71.15,68.89473684210526,-2.2552631578947455
no07,533967_01654_01661_1,1630,16:30,50.75,48.78947368421053,-1.9605263157894726
no07,533967_01654_01661_1,1645,16:45,44.6,46.05263157894737,1.4526315789473685
no07,533967_01654_01661_1,1700,17:00,81.4,79.89473684210526,-1.5052631578947455
no07,533967_01654_01661_1,1715,17:15,82.9,80.10526315789474,-2.794736842105266
no07,533967_01654_01661_1,1730,17:30,39.3,39.73684210526316,0.43684210526316036
no07,533967_01654_01661_1,1745,17:45,39.25,39.526315789473685,0.27631578947368496
no07,533967_01654_01661_1,1800,18:00,79.3,80.52631578947368,1.2263157894736878
no07,533967_01654_01661_1,1815,18:15,28.95,30.31578947368421,1.3657894736842096
no07,533967_01654_01661_1,1830,18:30,58.95,59.26315789473684,0.31315789473683964
no07,533967_01654_01661_1,1845,18:45,32.25,31.526315789473685,-0.723684210526315
no07,533967_01656_87767_0,630,06:30,0.0,0.0,0.0
no07,533967_01656_87767_0,645,06:45,0.0,0.0,0.0
no07,533967_01656_87767_0,700,07:00,0.0,0.0,0.0
no07,533967_01656_87767_0,715,07:15,0.0,0.0,0.0
no07,533967_01656_87767_0,730,07:30,0.0,0.0,0.0
no07,533967_01656_87767_0,745,07:45,0.0,0.0,0.0
no07,533967_01656_87767_0,800,08:00,0.0,0.0,0.0
no07,533967_01656_87767_0,815,08:15,0.0,0.0,0.0
no07,533967_01656_87767_0,830,08:30,0.0,0.0,0.0
no07,533967_01656_87767_0,845,08:45,0.0,0.0,0.0
no07,533967_01656_87767_0,900,09:00,0.0,0.0,0.0
no07,533967_01656_87767_0,915,09:15,0.0,0.0,0.0
no07,533967_01656_87767_0,930,09:30,0.0,0.0,0.0
no07,533967_01656_87767_0,945,09:45,0.0,0.0,0.0
no07,533967_01656_87767_0,1000,10:00,0.0,0.0,0.0
no07,533967_01656_87767_0,1015,10:15,0.0,0.0,0.0
no07,533967_01656_87767_0,1030,10:30,0.0,0.0,0.0
no07,533967_01656_87767_0,1045,10:45,0.0,0.0,0.0
no07,533967_01656_87767_0,1100,11:00,0.0,0.0,0.0
no07,533967_01656_87767_0,1115,11:15,0.0,0.0,0.0
no07,533967_01656_87767_0,1130,11:30,0.0,0.0,0.0
no07,533967_01656_87767_0,1145,11:45,0.0,0.0,0.0
no07,533967_01656_87767_0,1200,12:00,0.0,0.0,0.0
no07,533967_01656_87767_0,1215,12:15,0.0,0.0,0.0
no07,533967_01656_87767_0,1230,12:30,0.0,0.0,0.0
no07,533967_01656_87767_0,1245,12:45,0.0,0.0,0.0
no07,533967_01656_87767_0,1300,13:00,0.0,0.0,0.0
no07,533967_01656_87767_0,1315,13:15,0.0,0.0,0.0
no07,533967_01656_87767_0,1330,13:30,0.0,0.0,0.0
no07,533967_01656_87767_0,1345,13:45,0.0,0.0,0.0
no07,533967_01656_87767_0,1400,14:00,0.0,0.0,0.0
no07,533967_01656_87767_0,1415,14:15,0.0,0.0,0.0
no07,533967_01656_87767_0,1430,14:30,0.0,0.0,0.0
no07,533967_01656_87767_0,1445,14:45,0.0,0.0,0.0
no07,533967_01656_87767_0,1500,15:00,0.0,0.0,0.0
no07,533967_01656_87767_0,1515,15:15,0.0,0.0,0.0
no07,533967_01656_87767_0,1530,15:30,0.0,0.0,0.0
no07,533967_01656_87767_0,1545,15:45,0.0,0.0,0.0
no07,533967_01656_87767_0,1600,16:00,0.0,0.0,0.0
no07,533967_01656_87767_0,1615,16:15,0.0,0.0,0.0
no07,533967_01656_87767_0,1630,16:30,0.0,0.0,0.0
no07,533967_01656_87767_0,1645,16:45,0.0,0.0,0.0
no07,533967_01656_87767_0,1700,17:00,0.0,0.0,0.0
no07,533967_01656_87767_0,1715,17:15,0.0,0.0,0.0
no07,533967_01656_87767_0,1730,17:30,0.0,0.0,0.0
no07,533967_01656_87767_0,1745,17:45,0.0,0.0,0.0
no07,533967_01656_87767_0,1800,18:00,0.0,0.0,0.0
no07,533967_01656_87767_0,1815,18:15,0.0,0.0,0.0
no07,533967_01656_87767_0,1830,18:30,0.0,0.0,0.0
no07,533967_01656_87767_0,1845,18:45,0.0,0.0,0.0
no07,533967_01656_87767_1,630,06:30,0.0,0.0,0.0
no07,533967_01656_87767_1,645,06:45,0.0,0.0,0.0
no07,533967_01656_87767_1,700,07:00,0.0,0.0,0.0
no07,533967_01656_87767_1,715,07:15,0.0,0.0,0.0
no07,533967_01656_87767_1,730,07:30,0.0,0.0,0.0
no07,533967_01656_87767_1,745,07:45,0.0,0.0,0.0
no07,533967_01656_87767_1,800,08:00,0.0,0.0,0.0
no07,533967_01656_87767_1,815,08:15,0.0,0.0,0.0
no07,533967_01656_87767_1,830,08:30,0.0,0.0,0.0
no07,533967_01656_87767_1,845,08:45,0.0,0.0,0.0
no07,533967_01656_87767_1,900,09:00,0.0,0.0,0.0
no07,533967_01656_87767_1,915,09:15,0.0,0.0,0.0
no07,533967_01656_87767_1,930,09:30,0.0,0.0,0.0
no07,533967_01656_87767_1,945,09:45,0.0,0.0,0.0
no07,533967_01656_87767_1,1000,10:00,0.0,0.0,0.0
no07,533967_01656_87767_1,1015,10:15,0.0,0.0,0.0
no07,533967_01656_87767_1,1030,10:30,0.0,0.0,0.0
no07,533967_01656_87767_1,1045,10:45,0.0,0.0,0.0
no07,533967_01656_87767_1,1100,11:00,0.0,0.0,0.0
no07,533967_01656_87767_1,1115,11:15,0.0,0.0,0.0
no07,533967_01656_87767_1,1130,11:30,0.0,0.0,0.0
no07,533967_01656_87767_1,1145,11:45,0.0,0.0,0.0
no07,533967_01656_87767_1,1200,12:00,0.0,0.0,0.0
no07,533967_01656_87767_1,1215,12:15,0.0,0.0,0.0
no07,533967_01656_87767_1,1230,12:30,0.0,0.0,0.0
no07,533967_01656_87767_1,1245,12:45,0.0,0.0,0.0
no07,533967_01656_87767_1,1300,13:00,0.0,0.0,0.0
no07,533967_01656_87767_1,1315,13:15,0.0,0.0,0.0
no07,533967_01656_87767_1,1330,13:30,0.0,0.0,0.0
no07,533967_01656_87767_1,1345,13:45,0.0,0.0,0.0
no07,533967_01656_87767_1,1400,14:00,0.0,0.0,0.0
no07,533967_01656_87767_1,1415,14:15,0.0,0.0,0.0
no07,533967_01656_87767_1,1430,14:30,0.0,0.0,0.0
no07,533967_01656_87767_1,1445,14:45,0.0,0.0,0.0
no07,533967_01656_87767_1,1500,15:00,0.0,0.0,0.0
no07,533967_01656_87767_1,1515,15:15,0.0,0.0,0.0
no07,533967_01656_87767_1,1530,15:30,0.0,0.0,0.0
no07,533967_01656_87767_1,1545,15:45,0.0,0.0,0.0
no07,533967_01656_87767_1,1600,16:00,0.0,0.0,0.0
no07,533967_01656_87767_1,1615,16:15,0.0,0.0,0.0
no07,533967_01656_87767_1,1630,16:30,0.0,0.0,0.0
no07,533967_01656_87767_1,1645,16:45,0.0,0.0,0.0
no07,533967_01656_87767_1,1700,17:00,0.0,0.0,0.0
no07,533967_01656_87767_1,1715,17:15,0.0,0.0,0.0
no07,533967_01656_87767_1,1730,17:30,0.0,0.0,0.0
no07,533967_01656_87767_1,1745,17:45,0.0,0.0,0.0
no07,533967_01656_87767_1,1800,18:00,0.0,0.0,0.0
no07,533967_01656_87767_1,1815,18:15,0.0,0.0,0.0
no07,533967_01656_87767_1,1830,18:30,0.0,0.0,0.0
no07,533967_01656_87767_1,1845,18:45,0.0,0.0,0.0
no07,533967_01658_01659_0,630,06:30,0.0,0.0,0.0
no07,533967_01658_01659_0,645,06:45,0.0,0.0,0.0
no07,533967_01658_01659_0,700,07:00,0.0,0.0,0.0
no07,533967_01658_01659_0,715,07:15,0.0,0.0,0.0
no07,533967_01658_01659_0,730,07:30,0.0,0.0,0.0
no07,533967_01658_01659_0,745,07:45,0.0,0.0,0.0
no07,533967_01658_01659_0,800,08:00,0.0,0.0,0.0
no07,533967_01658_01659_0,815,08:15,0.0,0.0,0.0
no07,533967_01658_01659_0,830,08:30,0.0,0.0,0.0
no07,533967_01658_01659_0,845,08:45,0.0,0.0,0.0
no07,533967_01658_01659_0,900,09:00,0.0,0.0,0.0
no07,533967_01658_01659_0,915,09:15,0.0,0.0,0.0
no07,533967_01658_01659_0,930,09:30,0.0,0.0,0.0
no07,533967_01658_01659_0,945,09:45,0.0,0.0,0.0
no07,533967_01658_01659_0,1000,10:00,0.0,0.0,0.0
no07,533967_01658_01659_0,1015,10:15,0.0,0.0,0.0
no07,533967_01658_01659_0,1030,10:30,0.0,0.0,0.0
no07,533967_01658_01659_0,1045,10:45,0.0,0.0,0.0
no07,533967_01658_01659_0,1100,11:00,0.0,0.0,0.0
no07,533967_01658_01659_0,1115,11:15,0.0,0.0,0.0
no07,533967_01658_01659_0,1130,11:30,0.0,0.0,0.0
no07,533967_01658_01659_0,1145,11:45,0.0,0.0,0.0
no07,533967_01658_01659_0,1200,12:00,0.0,0.0,0.0
no07,533967_01658_01659_0,1215,12:15,0.0,0.0,0.0
no07,533967_01658_01659_0,1230,12:30,0.0,0.0,0.0
no07,533967_01658_01659_0,1245,12:45,0.0,0.0,0.0
no07,533967_01658_01659_0,1300,13:00,0.0,0.0,0.0
no07,533967_01658_01659_0,1315,13:15,0.0,0.0,0.0
no07,533967_01658_01659_0,1330,13:30,0.0,0.0,0.0
no07,533967_01658_01659_0,1345,13:45,0.0,0.0,0.0
no07,533967_01658_01659_0,1400,14:00,0.0,0.0,0.0
no07,533967_01658_01659_0,1415,14:15,0.0,0.0,0.0
no07,533967_01658_01659_0,1430,14:30,0.0,0.0,0.0
no07,533967_01658_01659_0,1445,14:45,0.0,0.0,0.0
no07,533967_01658_01659_0,1500,15:00,0.0,0.0,0.0
no07,533967_01658_01659_0,1515,15:15,0.0,0.0,0.0
no07,533967_01658_01659_0,1530,15:30,0.0,0.0,0.0
no07,533967_01658_01659_0,1545,15:45,0.0,0.0,0.0
no07,533967_01658_01659_0,1600,16:00,0.0,0.0,0.0
no07,533967_01658_01659_0,1615,16:15,0.0,0.0,0.0
no07,533967_01658_01659_0,1630,16:30,0.0,0.0,0.0
no07,533967_01658_01659_0,1645,16:45,0.0,0.0,0.0
no07,533967_01658_01659_0,1700,17:00,0.0,0.0,0.0
no07,533967_01658_01659_0,1715,17:15,0.0,0.0,0.0
no07,533967_01658_01659_0,1730,17:30,0.0,0.0,0.0
no07,533967_01658_01659_0,1745,17:45,0.0,0.0,0.0
no07,533967_01658_01659_0,1800,18:00,0.0,0.0,0.0
no07,533967_01658_01659_0,1815,18:15,0.0,0.0,0.0
no07,533967_01658_01659_0,1830,18:30,0.0,0.0,0.0
no07,533967_01658_01659_0,1845,18:45,0.0,0.0,0.0
no07,533967_01658_01659_1,630,06:30,0.0,0.0,0.0
no07,533967_01658_01659_1,645,06:45,0.0,0.0,0.0
no07,533967_01658_01659_1,700,07:00,0.0,0.0,0.0
no07,533967_01658_01659_1,715,07:15,0.0,0.0,0.0
no07,533967_01658_01659_1,730,07:30,0.0,0.0,0.0
no07,533967_01658_01659_1,745,07:45,0.0,0.0,0.0
no07,533967_01658_01659_1,800,08:00,0.0,0.0,0.0
no07,533967_01658_01659_1,815,08:15,0.0,0.0,0.0
no07,533967_01658_01659_1,830,08:30,0.0,0.0,0.0
no07,533967_01658_01659_1,845,08:45,0.0,0.0,0.0
no07,533967_01658_01659_1,900,09:00,0.0,0.0,0.0
no07,533967_01658_01659_1,915,09:15,0.0,0.0,0.0
no07,533967_01658_01659_1,930,09:30,0.0,0.0,0.0
no07,533967_01658_01659_1,945,09:45,0.0,0.0,0.0
no07,533967_01658_01659_1,1000,10:00,0.0,0.0,0.0
no07,533967_01658_01659_1,1015,10:15,0.0,0.0,0.0
no07,533967_01658_01659_1,1030,10:30,0.0,0.0,0.0
no07,533967_01658_01659_1,1045,10:45,0.0,0.0,0.0
no07,533967_01658_01659_1,1100,11:00,0.0,0.0,0.0
no07,533967_01658_01659_1,1115,11:15,0.0,0.0,0.0
no07,533967_01658_01659_1,1130,11:30,0.0,0.0,0.0
no07,533967_01658_01659_1,1145,11:45,0.0,0.0,0.0
no07,533967_01658_01659_1,1200,12:00,0.0,0.0,0.0
no07,533967_01658_01659_1,1215,12:15,0.0,0.0,0.0
no07,533967_01658_01659_1,1230,12:30,0.0,0.0,0.0
no07,533967_01658_01659_1,1245,12:45,0.0,0.0,0.0
no07,533967_01658_01659_1,1300,13:00,0.0,0.0,0.0
no07,533967_01658_01659_1,1315,13:15,0.0,0.0,0.0
no07,533967_01658_01659_1,1330,13:30,0.0,0.0,0.0
no07,533967_01658_01659_1,1345,13:45,0.0,0.0,0.0
no07,533967_01658_01659_1,1400,14:00,0.0,0.0,0.0
no07,533967_01658_01659_1,1415,14:15,0.0,0.0,0.0
no07,533967_01658_01659_1,1430,14:30,0.0,0.0,0.0
no07,533967_01658_01659_1,1445,14:45,0.0,0.0,0.0
no07,533967_01658_01659_1,1500,15:00,0.0,0.0,0.0
no07,533967_01658_01659_1,1515,15:15,0.0,0.0,0.0
no07,533967_01658_01659_1,1530,15:30,0.0,0.0,0.0
no07,533967_01658_01659_1,1545,15:45,0.0,0.0,0.0
no07,533967_01658_01659_1,1600,16:00,0.0,0.0,0.0
no07,533967_01658_01659_1,1615,16:15,0.0,0.0,0.0
no07,533967_01658_01659_1,1630,16:30,0.0,0.0,0.0
no07,533967_01658_01659_1,1645,16:45,0.0,0.0,0.0
no07,533967_01658_01659_1,1700,17:00,0.0,0.0,0.0
no07,533967_01658_01659_1,1715,17:15,0.0,0.0,0.0
no07,533967_01658_01659_1,1730,17:30,0.0,0.0,0.0
no07,533967_01658_01659_1,1745,17:45,0.0,0.0,0.0
no07,533967_01658_01659_1,1800,18:00,0.0,0.0,0.0
no07,533967_01658_01659_1,1815,18:15,0.0,0.0,0.0
no07,533967_01658_01659_1,1830,18:30,0.0,0.0,0.0
no07,533967_01658_01659_1,1845,18:45,0.0,0.0,0.0
no07,533967_01659_01661_1,630,06:30,75.1,74.78947368421052,-0.310526315789474
no07,533967_01659_01661_1,645,06:45,84.95,84.73684210526316,-0.21315789473683822
no07,533967_01659_01661_1,700,07:00,106.2,105.78947368421052,-0.4105263157894825
no07,533967_01659_01661_1,715,07:15,60.0,61.21052631578947,1.2105263157894726
no07,533967_01659_01661_1,730,07:30,90.55,92.21052631578948,1.6605263157894825
no07,533967_01659_01661_1,745,07:45,97.95,97.05263157894736,-0.8973684210526471
no07,533967_01659_01661_1,800,08:00,113.95,113.10526315789474,-0.844736842105263
no07,533967_01659_01661_1,815,08:15,92.3,92.78947368421052,0.4894736842105232
no07,533967_01659_01661_1,830,08:30,78.15,80.05263157894737,1.9026315789473642
no07,533967_01659_01661_1,845,08:45,92.3,91.10526315789474,-1.1947368421052573
no07,533967_01659_01661_1,900,09:00,54.2,55.0,0.7999999999999972
no07,533967_01659_01661_1,915,09:15,87.75,88.57894736842105,0.8289473684210549
no07,533967_01659_01661_1,930,09:30,50.05,50.10526315789474,0.055263157894742676
no07,533967_01659_01661_1,945,09:45,42.8,44.21052631578947,1.4105263157894754
no07,533967_01659_01661_1,1000,10:00,63.0,63.1578947368421,0.15789473684210265
no07,533967_01659_01661_1,1015,10:15,71.85,77.15789473684211,5.307894736842115
no07,533967_01659_01661_1,1030,10:30,52.35,56.47368421052632,4.123684210526321
no07,533967_01659_01661_1,1045,10:45,42.8,44.21052631578947,1.4105263157894754
no07,533967_01659_01661_1,1100,11:00,67.65,66.05263157894737,-1.5973684210526358
no07,533967_01659_01661_1,1115,11:15,57.4,59.0,1.6000000000000014
no07,533967_01659_01661_1,1130,11:30,62.05,63.05263157894737,1.0026315789473728
no07,533967_01659_01661_1,1145,11:45,48.15,48.21052631578947,0.06052631578947398
no07,533967_01659_01661_1,1200,12:00,38.65,38.36842105263158,-0.28157894736841627
no07,533967_01659_01661_1,1215,12:15,43.95,43.63157894736842,-0.31842105263158516
no07,533967_01659_01661_1,1230,12:30,69.35,70.36842105263158,1.018421052631581
no07,533967_01659_01661_1,1245,12:45,54.35,55.05263157894737,0.7026315789473685
no07,533967_01659_01661_1,1300,13:00,42.45,40.526315789473685,-1.9236842105263179
no07,533967_01659_01661_1,1315,13:15,43.15,42.31578947368421,-0.8342105263157862
no07,533967_01659_01661_1,1330,13:30,35.95,36.47368421052632,0.5236842105263193
no07,533967_01659_01661_1,1345,13:45,39.35,38.05263157894737,-1.2973684210526315
no07,533967_01659_01661_1,1400,14:00,44.3,47.0,2.700000000000003
no07,533967_01659_01661_1,1415,14:15,47.3,46.0,-1.2999999999999972
no07,533967_01659_01661_1,1430,14:30,61.85,61.89473684210526,0.044736842105258745
no07,533967_01659_01661_1,1445,14:45,57.3,59.10526315789474,1.8052631578947427
no07,533967_01659_01661_1,1500,15:00,38.8,41.578947368421055,2.7789473684210577
no07,533967_01659_01661_1,1515,15:15,64.3,61.63157894736842,-2.6684210526315795
no07,533967_01659_01661_1,1530,15:30,44.5,42.78947368421053,-1.7105263157894726
no07,533967_01659_01661_1,1545,15:45,64.6,64.63157894736842,0.03157894736843048
no07,533967_01659_01661_1,1600,16:00,36.5,37.42105263157895,0.9210526315789522
no07,533967_01659_01661_1,1615,16:15,68.05,71.47368421052632,3.423684210526318
no07,533967_01659_01661_1,1630,16:30,56.8,58.47368421052632,1.673684210526325
no07,533967_01659_01661_1,1645,16:45,94.15,92.10526315789474,-2.044736842105266
no07,533967_01659_01661_1,1700,17:00,95.55,95.73684210526316,0.18684210526316747
no07,533967_01659_01661_1,1715,17:15,57.35,59.89473684210526,2.5447368421052587
no07,533967_01659_01661_1,1730,17:30,77.25,76.10526315789474,-1.1447368421052602
no07,533967_01659_01661_1,1745,17:45,79.35,79.47368421052632,0.12368421052632073
no07,533967_01659_01661_1,1800,18:00,68.15,64.3157894736842,-3.8342105263158004
no07,533967_01659_01661_1,1815,18:15,100.35,100.42105263157896,0.07105263157896502
no07,533967_01659_01661_1,1830,18:30,75.35,72.42105263157895,-2.928947368421049
no07,533967_01659_01661_1,1845,18:45,62.75,64.47368421052632,1.723684210526315
no07,533967_01661_13315_0,630,06:30,37.35,37.26315789473684,-0.08684210526315894
no07,533967_01661_13315_0,645,06:45,50.55,50.73684210526316,0.18684210526316036
no07,533967_01661_13315_0,700,07:00,42.35,42.21052631578947,-0.13947368421052886
no07,533967_01661_13315_0,715,07:15,58.5,58.73684210526316,0.23684210526315752
no07,533967_01661_13315_0,730,07:30,35.25,34.78947368421053,-0.46052631578947256
no07,533967_01661_13315_0,745,07:45,96.3,96.05263157894736,-0.24736842105264145
no07,533967_01661_13315_0,800,08:00,36.6,34.78947368421053,-1.810526315789474
no07,533967_01661_13315_0,815,08:15,32.6,33.89473684210526,1.2947368421052587
no07,533967_01661_13315_0,830,08:30,68.1,67.84210526315789,-0.25789473684210407
no07,533967_01661_13315_0,845,08:45,56.3,57.21052631578947,0.9105263157894754
no07,533967_01661_13315_0,900,09:00,44.5,44.47368421052632,-0.026315789473677853
no07,533967_01661_13315_0,915,09:15,47.45,48.31578947368421,0.8657894736842096
no07,533967_01661_13315_0,930,09:30,32.8,32.578947368421055,-0.22105263157894228
no07,533967_01661_13315_0,945,09:45,44.95,44.68421052631579,-0.26578947368421524
no07,533967_01661_13315_0,1000,10:00,36.8,36.578947368421055,-0.22105263157894228
no07,533967_01661_13315_0,1015,10:15,48.8,49.36842105263158,0.5684210526315852
no07,533967_01661_13315_0,1030,10:30,38.45,37.47368421052632,-0.9763157894736807
no07,533967_01661_13315_0,1045,10:45,21.4,22.210526315789476,0.8105263157894775
no07,533967_01661_13315_0,1100,11:00,51.3,50.94736842105263,-0.3526315789473671
no07,533967_01661_13315_0,1115,11:15,36.6,36.578947368421055,-0.021052631578946546
no07,533967_01661_13315_0,1130,11:30,53.95,53.78947368421053,-0.1605263157894754
no07,533967_01661_13315_0,1145,11:45,25.65,25.31578947368421,-0.33421052631578974
no07,533967_01661_13315_0,1200,12:00,27.75,28.63157894736842,0.8815789473684212
no07,533967_01661_13315_0,1215,12:15,20.1,19.84210526315789,-0.25789473684211117
no07,533967_01661_13315_0,1230,12:30,45.8,46.05263157894737,0.25263157894737276
no07,533967_01661_13315_0,1245,12:45,39.65,39.47368421052632,-0.17631578947367643
no07,533967_01661_13315_0,1300,13:00,46.7,47.26315789473684,0.5631578947368396
no07,533967_01661_13315_0,1315,13:15,27.25,26.42105263157895,-0.8289473684210513
no07,533967_01661_13315_0,1330,13:30,38.7,39.31578947368421,0.6157894736842096
no07,533967_01661_13315_0,1345,13:45,32.75,32.578947368421055,-0.17105263157894512
no07,533967_01661_13315_0,1400,14:00,20.15,20.157894736842103,0.007894736842104066
no07,533967_01661_13315_0,1415,14:15,18.05,17.894736842105264,-0.155263157894737
no07,533967_01661_13315_0,1430,14:30,64.55,64.73684210526316,0.18684210526316747
no07,533967_01661_13315_0,1445,14:45,33.2,32.89473684210526,-0.3052631578947427
no07,533967_01661_13315_0,1500,15:00,28.45,28.94736842105263,0.4973684210526308
no07,533967_01661_13315_0,1515,15:15,67.95,67.63157894736842,-0.31842105263157805
no07,533967_01661_13315_0,1530,15:30,55.1,54.63157894736842,-0.46842105263158373
no07,533967_01661_13315_0,1545,15:45,39.15,38.89473684210526,-0.2552631578947384
no07,533967_01661_13315_0,1600,16:00,57.6,58.31578947368421,0.715789473684211
no07,533967_01661_13315_0,1615,16:15,58.8,58.26315789473684,-0.5368421052631547
no07,533967_01661_13315_0,1630,16:30,33.05,33.473684210526315,0.4236842105263179
no07,533967_01661_13315_0,1645,16:45,18.7,18.94736842105263,0.2473684210526308
no07,533967_01661_13315_0,1700,17:00,51.3,50.68421052631579,-0.6157894736842096
no07,533967_01661_13315_0,1715,17:15,102.25,101.94736842105264,-0.3026315789473557
no07,533967_01661_13315_0,1730,17:30,56.9,55.94736842105263,-0.9526315789473685
no07,533967_01661_13315_0,1745,17:45,55.6,57.26315789473684,1.663157894736841
no07,533967_01661_13315_0,1800,18:00,56.3,49.05263157894737,-7.247368421052627
no07,533967_01661_13315_0,1815,18:15,50.55,58.21052631578947,7.660526315789475
no07,533967_01661_13315_0,1830,18:30,24.8,24.526315789473685,-0.27368421052631575
no07,533967_01661_13315_0,1845,18:45,41.45,41.26315789473684,-0.18684210526316036
no07,533967_01661_13315_1,630,06:30,50.4,50.42105263157895,0.02105263157895365
no07,533967_01661_13315_1,645,06:45,43.45,43.47368421052632,0.023684210526319305
no07,533967_01661_13315_1,700,07:00,44.1,44.0,-0.10000000000000142
no07,533967_01661_13315_1,715,07:15,51.6,51.68421052631579,0.08421052631578618
no07,533967_01661_13315_1,730,07:30,49.25,49.1578947368421,-0.09210526315789735
no07,533967_01661_13315_1,745,07:45,54.85,55.26315789473684,0.41315789473684106
no07,533967_01661_13315_1,800,08:00,66.7,66.05263157894737,-0.6473684210526329
no07,533967_01661_13315_1,815,08:15,56.9,57.31578947368421,0.4157894736842138
no07,533967_01661_13315_1,830,08:30,58.0,57.78947368421053,-0.21052631578947256
no07,533967_01661_13315_1,845,08:45,64.7,64.73684210526316,0.036842105263161784
no07,533967_01661_13315_1,900,09:00,43.05,43.10526315789474,0.055263157894742676
no07,533967_01661_13315_1,915,09:15,49.1,49.05263157894737,-0.047368421052631504
no07,533967_01661_13315_1,930,09:30,55.05,55.05263157894737,0.002631578947372759
no07,533967_01661_13315_1,945,09:45,32.0,32.10526315789474,0.10526315789473983
no07,533967_01661_13315_1,1000,10:00,38.0,38.0,0.0
no07,533967_01661_13315_1,1015,10:15,41.4,41.31578947368421,-0.08421052631578618
no07,533967_01661_13315_1,1030,10:30,36.95,37.05263157894737,0.10263157894736707
no07,533967_01661_13315_1,1045,10:45,47.85,47.578947368421055,-0.27105263157894655
no07,533967_01661_13315_1,1100,11:00,47.8,47.94736842105263,0.14736842105263293
no07,533967_01661_13315_1,1115,11:15,31.3,31.42105263157895,0.12105263157894797
no07,533967_01661_13315_1,1130,11:30,18.35,18.26315789473684,-0.0868421052631625
no07,533967_01661_13315_1,1145,11:45,23.3,23.36842105263158,0.06842105263157805
no07,533967_01661_13315_1,1200,12:00,40.0,39.94736842105263,-0.05263157894736992
no07,533967_01661_13315_1,1215,12:15,35.0,35.05263157894737,0.05263157894736992
no07,533967_01661_13315_1,1230,12:30,44.85,44.73684210526316,-0.1131578947368439
no07,533967_01661_13315_1,1245,12:45,27.5,27.57894736842105,0.07894736842105132
no07,533967_01661_13315_1,1300,13:00,27.25,27.210526315789476,-0.039473684210523885
no07,533967_01661_13315_1,1315,13:15,16.8,16.894736842105264,0.09473684210526301
no07,533967_01661_13315_1,1330,13:30,28.15,28.05263157894737,-0.09736842105262866
no07,533967_01661_13315_1,1345,13:45,16.6,16.68421052631579,0.08421052631578974
no07,533967_01661_13315_1,1400,14:00,31.9,31.894736842105264,-0.00526315789473486
no07,533967_01661_13315_1,1415,14:15,29.4,29.31578947368421,-0.08421052631578974
no07,533967_01661_13315_1,1430,14:30,29.85,29.894736842105264,0.0447368421052623
no07,533967_01661_13315_1,1445,14:45,36.7,36.63157894736842,-0.06842105263158516
no07,533967_01661_13315_1,1500,15:00,28.25,28.26315789473684,0.013157894736838927
no07,533967_01661_13315_1,1515,15:15,31.35,31.31578947368421,-0.03421052631579258
no07,533967_01661_13315_1,1530,15:30,24.8,24.84210526315789,0.04210526315788954
no07,533967_01661_13315_1,1545,15:45,18.85,18.84210526315789,-0.007894736842111172
no07,533967_01661_13315_1,1600,16:00,36.85,36.8421052631579,-0.007894736842104066
no07,533967_01661_13315_1,1615,16:15,31.7,31.789473684210527,0.08947368421052815
no07,533967_01661_13315_1,1630,16:30,17.95,17.894736842105264,-0.05526315789473557
no07,533967_01661_13315_1,1645,16:45,13.3,13.31578947368421,0.01578947368420991
no07,533967_01661_13315_1,1700,17:00,38.8,38.78947368421053,-0.01052631578946972
no07,533967_01661_13315_1,1715,17:15,31.95,32.0,0.05000000000000071
no07,533967_01661_13315_1,1730,17:30,34.55,34.526315789473685,-0.0236842105263122
no07,533967_01661_13315_1,1745,17:45,29.0,28.94736842105263,-0.05263157894736992
no07,533967_01661_13315_1,1800,18:00,46.65,46.78947368421053,0.13947368421052886
no07,533967_01661_13315_1,1815,18:15,27.2,27.210526315789476,0.010526315789476826
no07,533967_01661_13315_1,1830,18:30,22.35,22.210526315789476,-0.1394736842105253
no07,533967_01661_13315_1,1845,18:45,24.1,24.105263157894736,0.00526315789473486
no07,533967_10598_11494_0,630,06:30,40.35,40.36842105263158,0.018421052631580892
no07,533967_10598_11494_0,645,06:45,33.15,33.10526315789474,-0.044736842105258745
no07,533967_10598_11494_0,700,07:00,39.8,39.89473684210526,0.09473684210526301
no07,533967_10598_11494_0,715,07:15,28.9,28.789473684210527,-0.11052631578947114
no07,533967_10598_11494_0,730,07:30,33.0,33.0,0.0
no07,533967_10598_11494_0,745,07:45,27.1,27.105263157894736,0.00526315789473486
no07,533967_10598_11494_0,800,08:00,39.95,39.94736842105263,-0.002631578947372759
no07,533967_10598_11494_0,815,08:15,53.85,53.8421052631579,-0.007894736842104066
no07,533967_10598_11494_0,830,08:30,49.0,49.05263157894737,0.05263157894736992
no07,533967_10598_11494_0,845,08:45,30.05,30.0,-0.05000000000000071
no07,533967_10598_11494_0,900,09:00,32.3,32.31578947368421,0.01578947368421524
no07,533967_10598_11494_0,915,09:15,22.15,22.157894736842103,0.007894736842104066
no07,533967_10598_11494_0,930,09:30,34.8,34.78947368421053,-0.01052631578946972
no07,533967_10598_11494_0,945,09:45,28.2,28.210526315789476,0.010526315789476826
no07,533967_10598_11494_0,1000,10:00,38.5,38.526315789473685,0.02631578947368496
no07,533967_10598_11494_0,1015,10:15,26.5,26.473684210526315,-0.02631578947368496
no07,533967_10598_11494_0,1030,10:30,33.7,33.68421052631579,-0.01578947368421524
no07,533967_10598_11494_0,1045,10:45,18.2,18.210526315789476,0.010526315789476826
no07,533967_10598_11494_0,1100,11:00,20.95,20.94736842105263,-0.0026315789473692064
no07,533967_10598_11494_0,1115,11:15,22.9,22.94736842105263,0.047368421052631504
no07,533967_10598_11494_0,1130,11:30,32.7,32.63157894736842,-0.06842105263158516
no07,533967_10598_11494_0,1145,11:45,19.75,19.789473684210527,0.03947368421052744
no07,533967_10598_11494_0,1200,12:00,19.85,19.84210526315789,-0.007894736842111172
no07,533967_10598_11494_0,1215,12:15,18.9,18.894736842105264,-0.00526315789473486
no07,533967_10598_11494_0,1230,12:30,18.05,18.05263157894737,0.0026315789473692064
no07,533967_10598_11494_0,1245,12:45,14.2,14.210526315789474,0.01052631578947505
no07,533967_10598_11494_0,1300,13:00,18.75,18.73684210526316,-0.013157894736838927
no07,533967_10598_11494_0,1315,13:15,11.35,11.36842105263158,0.018421052631580892
no07,533967_10598_11494_0,1330,13:30,13.9,13.894736842105264,-0.005263157894736636
no07,533967_10598_11494_0,1345,13:45,13.95,13.947368421052632,-0.00263157894736743
no07,533967_10598_11494_0,1400,14:00,17.95,17.94736842105263,-0.0026315789473692064
no07,533967_10598_11494_0,1415,14:15,19.9,19.894736842105264,-0.00526315789473486
no07,533967_10598_11494_0,1430,14:30,27.85,27.84210526315789,-0.007894736842111172
no07,533967_10598_11494_0,1445,14:45,13.35,13.36842105263158,0.018421052631580892
no07,533967_10598_11494_0,1500,15:00,19.8,19.789473684210527,-0.010526315789473273
no07,533967_10598_11494_0,1515,15:15,13.1,13.105263157894736,0.005263157894736636
no07,533967_10598_11494_0,1530,15:30,14.05,14.105263157894736,0.05526315789473557
no07,533967_10598_11494_0,1545,15:45,15.95,15.894736842105264,-0.05526315789473557
no07,533967_10598_11494_0,1600,16:00,31.85,31.84210526315789,-0.007894736842111172
no07,533967_10598_11494_0,1615,16:15,19.2,19.210526315789476,0.010526315789476826
no07,533967_10598_11494_0,1630,16:30,34.95,34.94736842105263,-0.002631578947372759
no07,533967_10598_11494_0,1645,16:45,22.9,22.894736842105264,-0.00526315789473486
no07,533967_10598_11494_0,1700,17:00,36.65,36.68421052631579,0.034210526315789025
no07,533967_10598_11494_0,1715,17:15,27.8,27.789473684210527,-0.010526315789473273
no07,533967_10598_11494_0,1730,17:30,19.75,19.789473684210527,0.03947368421052744
no07,533967_10598_11494_0,1745,17:45,21.0,21.0,0.0
no07,533967_10598_11494_0,1800,18:00,27.35,27.26315789473684,-0.0868421052631625
no07,533967_10598_11494_0,1815,18:15,14.6,14.63157894736842,0.03157894736841982
no07,533967_10598_11494_0,1830,18:30,17.8,17.789473684210527,-0.010526315789473273
no07,533967_10598_11494_0,1845,18:45,20.2,20.210526315789476,0.010526315789476826
no07,533967_10598_11494_1,630,06:30,17.75,17.57894736842105,-0.17105263157894868
no07,533967_10598_11494_1,645,06:45,15.2,15.31578947368421,0.11578947368421133
no07,533967_10598_11494_1,700,07:00,36.5,36.36842105263158,-0.1315789473684177
no07,533967_10598_11494_1,715,07:15,27.3,27.57894736842105,0.2789473684210506
no07,533967_10598_11494_1,730,07:30,40.3,40.26315789473684,-0.03684210526315468
no07,533967_10598_11494_1,745,07:45,56.9,56.05263157894737,-0.8473684210526287
no07,533967_10598_11494_1,800,08:00,47.1,47.73684210526316,0.6368421052631561
no07,533967_10598_11494_1,815,08:15,44.95,45.36842105263158,0.41842105263157947
no07,533967_10598_11494_1,830,08:30,10.0,9.736842105263158,-0.2631578947368425
no07,533967_10598_11494_1,845,08:45,0.0,0.0,0.0
no07,533967_10598_11494_1,900,09:00,4.05,4.157894736842105,0.10789473684210549
no07,533967_10598_11494_1,915,09:15,8.1,8.052631578947368,-0.047368421052631504
no07,533967_10598_11494_1,930,09:30,40.3,40.10526315789474,-0.19473684210525732
no07,533967_10598_11494_1,945,09:45,14.65,14.68421052631579,0.034210526315789025
no07,533967_10598_11494_1,1000,10:00,30.85,30.94736842105263,0.09736842105262866
no07,533967_10598_11494_1,1015,10:15,10.2,10.263157894736842,0.06315789473684319
no07,533967_10598_11494_1,1030,10:30,1.85,1.7894736842105263,-0.06052631578947376
no07,533967_10598_11494_1,1045,10:45,8.55,8.421052631578947,-0.1289473684210538
no07,533967_10598_11494_1,1100,11:00,3.5,3.631578947368421,0.1315789473684208
no07,533967_10598_11494_1,1115,11:15,58.6,58.42105263157895,-0.1789473684210492
no07,533967_10598_11494_1,1130,11:30,14.35,14.526315789473683,0.17631578947368354
no07,533967_10598_11494_1,1145,11:45,6.15,6.157894736842105,0.007894736842104955
no07,533967_10598_11494_1,1200,12:00,9.2,9.210526315789474,0.01052631578947505
no07,533967_10598_11494_1,1215,12:15,2.4,2.3684210526315788,-0.03157894736842115
no07,533967_10598_11494_1,1230,12:30,24.25,23.94736842105263,-0.3026315789473699
no07,533967_10598_11494_1,1245,12:45,13.8,14.105263157894736,0.30526315789473557
no07,533967_10598_11494_1,1300,13:00,11.15,11.157894736842104,0.007894736842104066
no07,533967_10598_11494_1,1315,13:15,4.05,4.052631578947368,0.002631578947368318
no07,533967_10598_11494_1,1330,13:30,51.1,50.89473684210526,-0.20526315789474125
no07,533967_10598_11494_1,1345,13:45,24.9,25.105263157894736,0.2052631578947377
no07,533967_10598_11494_1,1400,14:00,19.15,19.105263157894736,-0.0447368421052623
no07,533967_10598_11494_1,1415,14:15,1.85,1.894736842105263,0.044736842105262964
no07,533967_10598_11494_1,1430,14:30,0.0,0.0,0.0
no07,533967_10598_11494_1,1445,14:45,7.7,7.7894736842105265,0.08947368421052637
no07,533967_10598_11494_1,1500,15:00,16.3,16.31578947368421,0.015789473684208133
no07,533967_10598_11494_1,1515,15:15,8.3,8.0,-0.3000000000000007
no07,533967_10598_11494_1,1530,15:30,4.3,4.421052631578948,0.12105263157894797
no07,533967_10598_11494_1,1545,15:45,15.9,15.842105263157896,-0.05789473684210478
no07,533967_10598_11494_1,1600,16:00,22.3,22.42105263157895,0.12105263157894797
no07,533967_10598_11494_1,1615,16:15,9.2,9.210526315789474,0.01052631578947505
no07,533967_10598_11494_1,1630,16:30,15.15,14.526315789473683,-0.6236842105263172
no07,533967_10598_11494_1,1645,16:45,7.45,8.210526315789474,0.7605263157894742
no07,533967_10598_11494_1,1700,17:00,15.85,15.63157894736842,-0.21842105263158018
no07,533967_10598_11494_1,1715,17:15,26.0,25.84210526315789,-0.15789473684210975
no07,533967_10598_11494_1,1730,17:30,47.9,47.94736842105263,0.047368421052631504
no07,533967_10598_11494_1,1745,17:45,25.85,26.0,0.14999999999999858
no07,533967_10598_11494_1,1800,18:00,17.45,17.42105263157895,-0.028947368421050612
no07,533967_10598_11494_1,1815,18:15,17.05,15.210526315789474,-1.8394736842105264
no07,533967_10598_11494_1,1830,18:30,28.25,30.105263157894736,1.8552631578947363
no07,533967_10598_11494_1,1845,18:45,37.85,37.21052631578947,-0.6394736842105289
no07,533967_10598_13108_0,630,06:30,17.65,17.526315789473685,-0.12368421052631362
no07,533967_10598_13108_0,645,06:45,15.3,15.36842105263158,0.06842105263157983
no07,533967_10598_13108_0,700,07:00,36.3,36.26315789473684,-0.03684210526315468
no07,533967_10598_13108_0,715,07:15,27.2,27.210526315789476,0.010526315789476826
no07,533967_10598_13108_0,730,07:30,40.4,40.578947368421055,0.1789473684210563
no07,533967_10598_13108_0,745,07:45,55.6,54.78947368421053,-0.810526315789474
no07,533967_10598_13108_0,800,08:00,48.35,48.94736842105263,0.5973684210526287
no07,533967_10598_13108_0,815,08:15,45.0,45.36842105263158,0.3684210526315823
no07,533967_10598_13108_0,830,08:30,10.2,9.947368421052632,-0.25263157894736743
no07,533967_10598_13108_0,845,08:45,0.0,0.0,0.0
no07,533967_10598_13108_0,900,09:00,4.05,4.157894736842105,0.10789473684210549
no07,533967_10598_13108_0,915,09:15,8.1,8.052631578947368,-0.047368421052631504
no07,533967_10598_13108_0,930,09:30,40.15,39.89473684210526,-0.2552631578947384
no07,533967_10598_13108_0,945,09:45,14.8,14.894736842105264,0.09473684210526301
no07,533967_10598_13108_0,1000,10:00,30.75,30.84210526315789,0.09210526315789025
no07,533967_10598_13108_0,1015,10:15,10.3,10.36842105263158,0.06842105263157983
no07,533967_10598_13108_0,1030,10:30,1.85,1.7894736842105263,-0.06052631578947376
no07,533967_10598_13108_0,1045,10:45,8.55,8.421052631578947,-0.1289473684210538
no07,533967_10598_13108_0,1100,11:00,3.5,3.631578947368421,0.1315789473684208
no07,533967_10598_13108_0,1115,11:15,58.4,58.26315789473684,-0.1368421052631561
no07,533967_10598_13108_0,1130,11:30,14.55,14.68421052631579,0.13421052631578867
no07,533967_10598_13108_0,1145,11:45,6.15,6.157894736842105,0.007894736842104955
no07,533967_10598_13108_0,1200,12:00,9.2,9.210526315789474,0.01052631578947505
no07,533967_10598_13108_0,1215,12:15,2.3,2.3157894736842106,0.015789473684210797
no07,533967_10598_13108_0,1230,12:30,24.35,24.0,-0.3500000000000014
no07,533967_10598_13108_0,1245,12:45,13.7,14.105263157894736,0.405263157894737
no07,533967_10598_13108_0,1300,13:00,11.25,11.157894736842104,-0.09210526315789558
no07,533967_10598_13108_0,1315,13:15,4.05,4.052631578947368,0.002631578947368318
no07,533967_10598_13108_0,1330,13:30,51.1,50.89473684210526,-0.20526315789474125
no07,533967_10598_13108_0,1345,13:45,24.9,25.105263157894736,0.2052631578947377
no07,533967_10598_13108_0,1400,14:00,19.15,19.105263157894736,-0.0447368421052623
no07,533967_10598_13108_0,1415,14:15,1.85,1.894736842105263,0.044736842105262964
no07,533967_10598_13108_0,1430,14:30,0.0,0.0,0.0
no07,533967_10598_13108_0,1445,14:45,7.7,7.7894736842105265,0.08947368421052637
no07,533967_10598_13108_0,1500,15:00,16.3,16.31578947368421,0.015789473684208133
no07,533967_10598_13108_0,1515,15:15,8.3,8.0,-0.3000000000000007
no07,533967_10598_13108_0,1530,15:30,4.3,4.421052631578948,0.12105263157894797
no07,533967_10598_13108_0,1545,15:45,15.9,15.842105263157896,-0.05789473684210478
no07,533967_10598_13108_0,1600,16:00,22.25,22.36842105263158,0.11842105263157876
no07,533967_10598_13108_0,1615,16:15,9.25,9.263157894736842,0.01315789473684248
no07,533967_10598_13108_0,1630,16:30,14.95,14.36842105263158,-0.5815789473684188
no07,533967_10598_13108_0,1645,16:45,7.65,8.368421052631579,0.7184210526315784
no07,533967_10598_13108_0,1700,17:00,15.85,15.63157894736842,-0.21842105263158018
no07,533967_10598_13108_0,1715,17:15,26.0,25.84210526315789,-0.15789473684210975
no07,533967_10598_13108_0,1730,17:30,47.9,47.89473684210526,-0.005263157894738413
no07,533967_10598_13108_0,1745,17:45,25.75,25.94736842105263,0.19736842105263008
no07,533967_10598_13108_0,1800,18:00,17.55,17.526315789473685,-0.023684210526315752
no07,533967_10598_13108_0,1815,18:15,16.9,15.105263157894736,-1.7947368421052623
no07,533967_10598_13108_0,1830,18:30,28.2,30.0,1.8000000000000007
no07,533967_10598_13108_0,1845,18:45,38.05,37.42105263157895,-0.6289473684210449
no07,533967_10598_13108_1,630,06:30,40.45,40.47368421052632,0.023684210526319305
no07,533967_10598_13108_1,645,06:45,33.1,33.05263157894737,-0.047368421052631504
no07,533967_10598_13108_1,700,07:00,40.0,40.10526315789474,0.10526315789473983
no07,533967_10598_13108_1,715,07:15,28.75,28.63157894736842,-0.11842105263157876
no07,533967_10598_13108_1,730,07:30,33.1,33.10526315789474,0.005263157894738413
no07,533967_10598_13108_1,745,07:45,27.0,27.0,0.0
no07,533967_10598_13108_1,800,08:00,39.95,39.94736842105263,-0.002631578947372759
no07,533967_10598_13108_1,815,08:15,53.8,53.78947368421053,-0.01052631578946972
no07,533967_10598_13108_1,830,08:30,49.0,49.05263157894737,0.05263157894736992
no07,533967_10598_13108_1,845,08:45,30.2,30.157894736842103,-0.042105263157896644
no07,533967_10598_13108_1,900,09:00,32.2,32.21052631578947,0.01052631578946972
no07,533967_10598_13108_1,915,09:15,22.2,22.210526315789476,0.010526315789476826
no07,533967_10598_13108_1,930,09:30,34.8,34.78947368421053,-0.01052631578946972
no07,533967_10598_13108_1,945,09:45,28.1,28.105263157894736,0.00526315789473486
no07,533967_10598_13108_1,1000,10:00,38.55,38.578947368421055,0.028947368421057718
no07,533967_10598_13108_1,1015,10:15,26.5,26.473684210526315,-0.02631578947368496
no07,533967_10598_13108_1,1030,10:30,33.65,33.63157894736842,-0.018421052631580892
no07,533967_10598_13108_1,1045,10:45,18.25,18.26315789473684,0.013157894736838927
no07,533967_10598_13108_1,1100,11:00,21.05,21.05263157894737,0.0026315789473692064
no07,533967_10598_13108_1,1115,11:15,22.85,22.894736842105264,0.0447368421052623
no07,533967_10598_13108_1,1130,11:30,32.75,32.68421052631579,-0.0657894736842124
no07,533967_10598_13108_1,1145,11:45,19.55,19.57894736842105,0.028947368421050612
no07,533967_10598_13108_1,1200,12:00,19.95,19.94736842105263,-0.0026315789473692064
no07,533967_10598_13108_1,1215,12:15,18.85,18.84210526315789,-0.007894736842111172
no07,533967_10598_13108_1,1230,12:30,18.05,18.05263157894737,0.0026315789473692064
no07,533967_10598_13108_1,1245,12:45,14.15,14.157894736842104,0.007894736842104066
no07,533967_10598_13108_1,1300,13:00,18.9,18.894736842105264,-0.00526315789473486
no07,533967_10598_13108_1,1315,13:15,11.25,11.263157894736842,0.01315789473684248
no07,533967_10598_13108_1,1330,13:30,13.9,13.894736842105264,-0.005263157894736636
no07,533967_10598_13108_1,1345,13:45,13.95,13.947368421052632,-0.00263157894736743
no07,533967_10598_13108_1,1400,14:00,17.9,17.894736842105264,-0.00526315789473486
no07,533967_10598_13108_1,1415,14:15,19.9,19.894736842105264,-0.00526315789473486
no07,533967_10598_13108_1,1430,14:30,27.9,27.894736842105264,-0.00526315789473486
no07,533967_10598_13108_1,1445,14:45,13.3,13.31578947368421,0.01578947368420991
no07,533967_10598_13108_1,1500,15:00,19.8,19.789473684210527,-0.010526315789473273
no07,533967_10598_13108_1,1515,15:15,13.15,13.157894736842104,0.007894736842104066
no07,533967_10598_13108_1,1530,15:30,14.05,14.105263157894736,0.05526315789473557
no07,533967_10598_13108_1,1545,15:45,15.95,15.894736842105264,-0.05526315789473557
no07,533967_10598_13108_1,1600,16:00,31.9,31.894736842105264,-0.00526315789473486
no07,533967_10598_13108_1,1615,16:15,19.1,19.105263157894736,0.00526315789473486
no07,533967_10598_13108_1,1630,16:30,34.95,34.94736842105263,-0.002631578947372759
no07,533967_10598_13108_1,1645,16:45,22.95,22.94736842105263,-0.0026315789473692064
no07,533967_10598_13108_1,1700,17:00,36.7,36.73684210526316,0.03684210526315468
no07,533967_10598_13108_1,1715,17:15,27.9,27.894736842105264,-0.00526315789473486
no07,533967_10598_13108_1,1730,17:30,19.6,19.63157894736842,0.03157894736841982
no07,533967_10598_13108_1,1745,17:45,21.0,21.0,0.0
no07,533967_10598_13108_1,1800,18:00,27.45,27.36842105263158,-0.08157894736842053
no07,533967_10598_13108_1,1815,18:15,14.45,14.473684210526317,0.02368421052631753
no07,533967_10598_13108_1,1830,18:30,17.8,17.789473684210527,-0.010526315789473273
no07,533967_10598_13108_1,1845,18:45,20.2,20.210526315789476,0.010526315789476826
no07,533967_11501_11503_0,630,06:30,1.3,1.2105263157894737,-0.08947368421052637
no07,533967_11501_11503_0,645,06:45,10.2,10.157894736842104,-0.04210526315789487
no07,533967_11501_11503_0,700,07:00,18.5,18.26315789473684,-0.23684210526316107
no07,533967_11501_11503_0,715,07:15,23.5,23.894736842105264,0.3947368421052637
no07,533967_11501_11503_0,730,07:30,9.4,9.36842105263158,-0.03157894736841982
no07,533967_11501_11503_0,745,07:45,9.05,11.0,1.9499999999999993
no07,533967_11501_11503_0,800,08:00,17.4,16.210526315789473,-1.189473684210526
no07,533967_11501_11503_0,815,08:15,39.1,39.78947368421053,0.689473684210526
no07,533967_11501_11503_0,830,08:30,62.0,62.36842105263158,0.3684210526315823
no07,533967_11501_11503_0,845,08:45,69.25,69.10526315789474,-0.14473684210526017
no07,533967_11501_11503_0,900,09:00,28.65,28.84210526315789,0.19210526315789167
no07,533967_11501_11503_0,915,09:15,71.8,73.26315789473684,1.4631578947368382
no07,533967_11501_11503_0,930,09:30,54.5,54.31578947368421,-0.1842105263157876
no07,533967_11501_11503_0,945,09:45,31.8,31.68421052631579,-0.11578947368420955
no07,533967_11501_11503_0,1000,10:00,23.35,23.36842105263158,0.01842105263157734
no07,533967_11501_11503_0,1015,10:15,37.85,37.63157894736842,-0.21842105263158373
no07,533967_11501_11503_0,1030,10:30,60.8,60.63157894736842,-0.16842105263157947
no07,533967_11501_11503_0,1045,10:45,52.5,52.578947368421055,0.07894736842105488
no07,533967_11501_11503_0,1100,11:00,50.85,50.94736842105263,0.09736842105262866
no07,533967_11501_11503_0,1115,11:15,44.35,43.94736842105263,-0.40263157894737134
no07,533967_11501_11503_0,1130,11:30,86.2,86.52631578947368,0.3263157894736821
no07,533967_11501_11503_0,1145,11:45,49.7,49.78947368421053,0.0894736842105246
no07,533967_11501_11503_0,1200,12:00,72.9,72.94736842105263,0.0473684210526244
no07,533967_11501_11503_0,1215,12:15,60.1,60.10526315789474,0.005263157894738413
no07,533967_11501_11503_0,1230,12:30,70.65,70.94736842105263,0.2973684210526244
no07,533967_11501_11503_0,1245,12:45,42.65,41.94736842105263,-0.7026315789473685
no07,533967_11501_11503_0,1300,13:00,62.6,62.31578947368421,-0.284210526315789
no07,533967_11501_11503_0,1315,13:15,65.05,64.84210526315789,-0.2078947368421069
no07,533967_11501_11503_0,1330,13:30,43.0,42.8421052631579,-0.15789473684210265
no07,533967_11501_11503_0,1345,13:45,81.45,82.21052631578948,0.7605263157894768
no07,533967_11501_11503_0,1400,14:00,69.6,69.05263157894737,-0.5473684210526244
no07,533967_11501_11503_0,1415,14:15,77.55,77.6842105263158,0.13421052631579755
no07,533967_11501_11503_0,1430,14:30,53.1,52.526315789473685,-0.5736842105263165
no07,533967_11501_11503_0,1445,14:45,87.9,85.84210526315789,-2.0578947368421154
no07,533967_11501_11503_0,1500,15:00,68.3,69.57894736842105,1.2789473684210577
no07,533967_11501_11503_0,1515,15:15,65.15,65.6842105263158,0.534210526315789
no07,533967_11501_11503_0,1530,15:30,60.2,60.1578947368421,-0.0421052631579002
no07,533967_11501_11503_0,1545,15:45,51.25,50.526315789473685,-0.723684210526315
no07,533967_11501_11503_0,1600,16:00,65.25,64.94736842105263,-0.3026315789473699
no07,533967_11501_11503_0,1615,16:15,97.45,97.84210526315788,0.3921052631578732
no07,533967_11501_11503_0,1630,16:30,74.7,74.63157894736842,-0.06842105263157805
no07,533967_11501_11503_0,1645,16:45,96.4,96.73684210526316,0.33684210526315894
no07,533967_11501_11503_0,1700,17:00,82.3,82.47368421052632,0.17368421052631788
no07,533967_11501_11503_0,1715,17:15,31.85,32.473684210526315,0.6236842105263136
no07,533967_11501_11503_0,1730,17:30,56.2,55.89473684210526,-0.3052631578947427
no07,533967_11501_11503_0,1745,17:45,74.75,74.84210526315789,0.09210526315789025
no07,533967_11501_11503_0,1800,18:00,59.6,58.89473684210526,-0.7052631578947413
no07,533967_11501_11503_0,1815,18:15,99.5,99.89473684210526,0.39473684210526017
no07,533967_11501_11503_0,1830,18:30,91.7,91.89473684210526,0.19473684210525732
no07,533967_11501_11503_0,1845,18:45,62.45,63.36842105263158,0.9184210526315795
no07,533967_11501_11503_1,630,06:30,52.35,52.0,-0.3500000000000014
no07,533967_11501_11503_1,645,06:45,34.75,35.05263157894737,0.3026315789473699
no07,533967_11501_11503_1,700,07:00,60.35,60.42105263157895,0.07105263157895081
no07,533967_11501_11503_1,715,07:15,72.9,72.78947368421052,-0.11052631578948535
no07,533967_11501_11503_1,730,07:30,75.15,75.10526315789474,-0.04473684210526585
no07,533967_11501_11503_1,745,07:45,86.0,85.94736842105263,-0.05263157894736992
no07,533967_11501_11503_1,800,08:00,117.25,117.47368421052632,0.22368421052631504
no07,533967_11501_11503_1,815,08:15,81.9,81.73684210526316,-0.16315789473684106
no07,533967_11501_11503_1,830,08:30,110.35,110.10526315789474,-0.24473684210525448
no07,533967_11501_11503_1,845,08:45,73.0,73.3157894736842,0.3157894736842053
no07,533967_11501_11503_1,900,09:00,79.35,79.21052631578948,-0.13947368421051465
no07,533967_11501_11503_1,915,09:15,49.6,49.578947368421055,-0.021052631578946546
no07,533967_11501_11503_1,930,09:30,69.15,69.21052631578948,0.06052631578947398
no07,533967_11501_11503_1,945,09:45,84.9,85.0,0.09999999999999432
no07,533967_11501_11503_1,1000,10:00,65.35,65.15789473684211,-0.19210526315788456
no07,533967_11501_11503_1,1015,10:15,66.6,66.57894736842105,-0.02105263157893944
no07,533967_11501_11503_1,1030,10:30,45.65,46.05263157894737,0.40263157894737134
no07,533967_11501_11503_1,1045,10:45,54.3,54.42105263157895,0.12105263157895507
no07,533967_11501_11503_1,1100,11:00,51.9,52.10526315789474,0.20526315789474125
no07,533967_11501_11503_1,1115,11:15,61.65,61.578947368421055,-0.0710526315789437
no07,533967_11501_11503_1,1130,11:30,37.55,37.68421052631579,0.13421052631579045
no07,533967_11501_11503_1,1145,11:45,46.4,46.1578947368421,-0.24210526315789593
no07,533967_11501_11503_1,1200,12:00,59.65,59.73684210526316,0.08684210526315894
no07,533967_11501_11503_1,1215,12:15,60.6,60.578947368421055,-0.021052631578946546
no07,533967_11501_11503_1,1230,12:30,53.3,53.42105263157895,0.12105263157895507
no07,533967_11501_11503_1,1245,12:45,39.15,39.0,-0.14999999999999858
no07,533967_11501_11503_1,1300,13:00,34.8,35.21052631578947,0.4105263157894754
no07,533967_11501_11503_1,1315,13:15,29.8,29.73684210526316,-0.06315789473683964
no07,533967_11501_11503_1,1330,13:30,67.7,67.57894736842105,-0.12105263157894797
no07,533967_11501_11503_1,1345,13:45,18.65,18.73684210526316,0.0868421052631625
no07,533967_11501_11503_1,1400,14:00,39.7,39.73684210526316,0.03684210526315468
no07,533967_11501_11503_1,1415,14:15,44.05,44.0,-0.04999999999999716
no07,533967_11501_11503_1,1430,14:30,59.6,59.63157894736842,0.031578947368416266
no07,533967_11501_11503_1,1445,14:45,51.0,51.10526315789474,0.10526315789473983
no07,533967_11501_11503_1,1500,15:00,39.3,39.31578947368421,0.01578947368421524
no07,533967_11501_11503_1,1515,15:15,31.8,31.894736842105264,0.09473684210526301
no07,533967_11501_11503_1,1530,15:30,46.3,46.47368421052632,0.173684210526325
no07,533967_11501_11503_1,1545,15:45,41.2,42.1578947368421,0.9578947368420998
no07,533967_11501_11503_1,1600,16:00,68.7,68.47368421052632,-0.2263157894736878
no07,533967_11501_11503_1,1615,16:15,58.95,59.36842105263158,0.41842105263157947
no07,533967_11501_11503_1,1630,16:30,90.15,89.94736842105263,-0.2026315789473756
no07,533967_11501_11503_1,1645,16:45,63.25,63.578947368421055,0.3289473684210549
no07,533967_11501_11503_1,1700,17:00,96.25,96.15789473684212,-0.09210526315787604
no07,533967_11501_11503_1,1715,17:15,62.25,62.21052631578947,-0.03947368421052744
no07,533967_11501_11503_1,1730,17:30,52.9,53.94736842105263,1.0473684210526315
no07,533967_11501_11503_1,1745,17:45,39.75,39.05263157894737,-0.6973684210526301
no07,533967_11501_11503_1,1800,18:00,68.8,69.57894736842105,0.7789473684210577
no07,533967_11501_11503_1,1815,18:15,55.35,55.05263157894737,-0.2973684210526315
no07,533967_11501_11503_1,1830,18:30,48.85,48.89473684210526,0.044736842105258745
no07,533967_11501_11503_1,1845,18:45,43.45,43.31578947368421,-0.13421052631579045
no07,533967_11501_11504_0,630,06:30,50.75,50.26315789473684,-0.4868421052631575
no07,533967_11501_11504_0,645,06:45,35.4,35.78947368421053,0.38947368421052886
no07,533967_11501_11504_0,700,07:00,59.8,60.10526315789474,0.3052631578947427
no07,533967_11501_11504_0,715,07:15,72.6,72.3157894736842,-0.284210526315789
no07,533967_11501_11504_0,730,07:30,75.25,75.26315789473684,0.013157894736835374
no07,533967_11501_11504_0,745,07:45,85.7,85.52631578947368,-0.17368421052631788
no07,533967_11501_11504_0,800,08:00,108.6,107.3157894736842,-1.284210526315789
no07,533967_11501_11504_0,815,08:15,90.7,92.10526315789474,1.405263157894737
no07,533967_11501_11504_0,830,08:30,98.55,98.3157894736842,-0.23421052631579187
no07,533967_11501_11504_0,845,08:45,85.5,85.73684210526316,0.23684210526316463
no07,533967_11501_11504_0,900,09:00,77.85,77.84210526315789,-0.007894736842104066
no07,533967_11501_11504_0,915,09:15,51.25,51.1578947368421,-0.09210526315789735
no07,533967_11501_11504_0,930,09:30,67.9,68.05263157894737,0.15263157894736423
no07,533967_11501_11504_0,945,09:45,84.9,84.84210526315789,-0.057894736842115435
no07,533967_11501_11504_0,1000,10:00,66.25,66.15789473684211,-0.09210526315789025
no07,533967_11501_11504_0,1015,10:15,66.5,66.36842105263158,-0.1315789473684248
no07,533967_11501_11504_0,1030,10:30,45.8,46.21052631578947,0.4105263157894754
no07,533967_11501_11504_0,1045,10:45,54.6,54.8421052631579,0.24210526315789593
no07,533967_11501_11504_0,1100,11:00,51.8,51.94736842105263,0.14736842105263293
no07,533967_11501_11504_0,1115,11:15,61.4,61.31578947368421,-0.08421052631578618
no07,533967_11501_11504_0,1130,11:30,38.15,38.21052631578947,0.06052631578947398
no07,533967_11501_11504_0,1145,11:45,46.1,45.94736842105263,-0.15263157894737134
no07,533967_11501_11504_0,1200,12:00,59.45,59.36842105263158,-0.08157894736842053
no07,533967_11501_11504_0,1215,12:15,60.1,60.1578947368421,0.057894736842101224
no07,533967_11501_11504_0,1230,12:30,53.85,54.0,0.14999999999999858
no07,533967_11501_11504_0,1245,12:45,39.8,39.68421052631579,-0.11578947368420955
no07,533967_11501_11504_0,1300,13:00,34.3,34.78947368421053,0.4894736842105303
no07,533967_11501_11504_0,1315,13:15,30.2,30.105263157894736,-0.09473684210526301
no07,533967_11501_11504_0,1330,13:30,66.25,66.26315789473684,0.013157894736835374
no07,533967_11501_11504_0,1345,13:45,20.25,20.210526315789476,-0.039473684210523885
no07,533967_11501_11504_0,1400,14:00,39.45,39.578947368421055,0.12894736842105203
no07,533967_11501_11504_0,1415,14:15,43.6,43.42105263157895,-0.1789473684210492
no07,533967_11501_11504_0,1430,14:30,59.4,59.47368421052632,0.07368421052632357
no07,533967_11501_11504_0,1445,14:45,51.2,51.26315789473684,0.06315789473683964
no07,533967_11501_11504_0,1500,15:00,39.55,39.68421052631579,0.13421052631579045
no07,533967_11501_11504_0,1515,15:15,32.25,32.21052631578947,-0.03947368421052744
no07,533967_11501_11504_0,1530,15:30,45.7,45.8421052631579,0.1421052631578945
no07,533967_11501_11504_0,1545,15:45,41.05,42.10526315789474,1.0552631578947427
no07,533967_11501_11504_0,1600,16:00,67.7,67.3157894736842,-0.38421052631579755
no07,533967_11501_11504_0,1615,16:15,60.1,60.578947368421055,0.47894736842105345
no07,533967_11501_11504_0,1630,16:30,88.45,88.05263157894737,-0.3973684210526329
no07,533967_11501_11504_0,1645,16:45,64.5,65.0,0.5
no07,533967_11501_11504_0,1700,17:00,93.25,93.10526315789474,-0.14473684210526017
no07,533967_11501_11504_0,1715,17:15,65.1,65.21052631578948,0.11052631578948535
no07,533967_11501_11504_0,1730,17:30,53.35,54.31578947368421,0.965789473684211
no07,533967_11501_11504_0,1745,17:45,40.15,39.73684210526316,-0.41315789473684106
no07,533967_11501_11504_0,1800,18:00,67.3,67.84210526315789,0.5421052631578931
no07,533967_11501_11504_0,1815,18:15,56.55,56.26315789473684,-0.2868421052631547
no07,533967_11501_11504_0,1830,18:30,48.85,48.94736842105263,0.09736842105262866
no07,533967_11501_11504_0,1845,18:45,43.65,43.42105263157895,-0.22894736842104635
no07,533967_11501_11504_1,630,06:30,1.3,1.2105263157894737,-0.08947368421052637
no07,533967_11501_11504_1,645,06:45,10.2,10.157894736842104,-0.04210526315789487
no07,533967_11501_11504_1,700,07:00,21.15,19.73684210526316,-1.4131578947368375
no07,533967_11501_11504_1,715,07:15,20.85,22.42105263157895,1.5710526315789473
no07,533967_11501_11504_1,730,07:30,9.45,9.36842105263158,-0.08157894736841875
no07,533967_11501_11504_1,745,07:45,9.0,11.0,2.0
no07,533967_11501_11504_1,800,08:00,18.05,16.789473684210527,-1.2605263157894733
no07,533967_11501_11504_1,815,08:15,38.45,39.21052631578947,0.7605263157894697
no07,533967_11501_11504_1,830,08:30,65.75,65.63157894736842,-0.11842105263157521
no07,533967_11501_11504_1,845,08:45,65.5,65.84210526315789,0.34210526315789025
no07,533967_11501_11504_1,900,09:00,28.65,28.84210526315789,0.19210526315789167
no07,533967_11501_11504_1,915,09:15,71.8,73.26315789473684,1.4631578947368382
no07,533967_11501_11504_1,930,09:30,55.8,55.47368421052632,-0.326315789473675
no07,533967_11501_11504_1,945,09:45,30.5,30.526315789473685,0.02631578947368496
no07,533967_11501_11504_1,1000,10:00,24.5,24.57894736842105,0.07894736842105132
no07,533967_11501_11504_1,1015,10:15,36.7,36.42105263157895,-0.2789473684210506
no07,533967_11501_11504_1,1030,10:30,63.15,62.89473684210526,-0.2552631578947384
no07,533967_11501_11504_1,1045,10:45,50.15,50.31578947368421,0.16578947368421382
no07,533967_11501_11504_1,1100,11:00,52.75,53.0,0.25
no07,533967_11501_11504_1,1115,11:15,42.45,41.89473684210526,-0.5552631578947427
no07,533967_11501_11504_1,1130,11:30,89.9,90.15789473684212,0.2578947368421183
no07,533967_11501_11504_1,1145,11:45,46.0,46.1578947368421,0.15789473684210265
no07,533967_11501_11504_1,1200,12:00,77.1,77.21052631578948,0.11052631578948535
no07,533967_11501_11504_1,1215,12:15,55.9,55.8421052631579,-0.057894736842101224
no07,533967_11501_11504_1,1230,12:30,73.3,73.47368421052632,0.17368421052631788
no07,533967_11501_11504_1,1245,12:45,40.0,39.42105263157895,-0.5789473684210478
no07,533967_11501_11504_1,1300,13:00,65.35,65.10526315789474,-0.24473684210525448
no07,533967_11501_11504_1,1315,13:15,62.3,62.05263157894737,-0.24736842105262724
no07,533967_11501_11504_1,1330,13:30,44.75,44.73684210526316,-0.01315789473684248
no07,533967_11501_11504_1,1345,13:45,79.7,80.3157894736842,0.6157894736842024
no07,533967_11501_11504_1,1400,14:00,72.25,71.73684210526316,-0.5131578947368354
no07,533967_11501_11504_1,1415,14:15,74.9,75.0,0.09999999999999432
no07,533967_11501_11504_1,1430,14:30,55.25,54.42105263157895,-0.8289473684210478
no07,533967_11501_11504_1,1445,14:45,85.75,83.94736842105263,-1.80263157894737
no07,533967_11501_11504_1,1500,15:00,71.55,73.15789473684211,1.6078947368421126
no07,533967_11501_11504_1,1515,15:15,61.9,62.10526315789474,0.20526315789474125
no07,533967_11501_11504_1,1530,15:30,62.45,62.526315789473685,0.07631578947368212
no07,533967_11501_11504_1,1545,15:45,49.0,48.1578947368421,-0.8421052631578974
no07,533967_11501_11504_1,1600,16:00,68.3,67.89473684210526,-0.405263157894737
no07,533967_11501_11504_1,1615,16:15,94.4,94.89473684210526,0.4947368421052545
no07,533967_11501_11504_1,1630,16:30,80.3,80.21052631578948,-0.08947368421051749
no07,533967_11501_11504_1,1645,16:45,90.8,91.15789473684212,0.3578947368421268
no07,533967_11501_11504_1,1700,17:00,85.95,86.10526315789474,0.155263157894737
no07,533967_11501_11504_1,1715,17:15,28.2,28.84210526315789,0.642105263157891
no07,533967_11501_11504_1,1730,17:30,59.85,59.42105263157895,-0.4289473684210492
no07,533967_11501_11504_1,1745,17:45,71.1,71.3157894736842,0.21578947368421098
no07,533967_11501_11504_1,1800,18:00,62.0,61.94736842105263,-0.05263157894736992
no07,533967_11501_11504_1,1815,18:15,97.1,96.84210526315788,-0.2578947368421183
no07,533967_11501_11504_1,1830,18:30,95.8,96.05263157894736,0.25263157894735855
no07,533967_11501_11504_1,1845,18:45,58.35,59.21052631578947,0.8605263157894711
no07,533967_11505_85937_0,630,06:30,0.0,0.0,0.0
no07,533967_11505_85937_0,645,06:45,0.0,0.0,0.0
no07,533967_11505_85937_0,700,07:00,0.0,0.0,0.0
no07,533967_11505_85937_0,715,07:15,0.0,0.0,0.0
no07,533967_11505_85937_0,730,07:30,0.0,0.0,0.0
no07,533967_11505_85937_0,745,07:45,0.0,0.0,0.0
no07,533967_11505_85937_0,800,08:00,0.0,0.0,0.0
no07,533967_11505_85937_0,815,08:15,0.0,0.0,0.0
no07,533967_11505_85937_0,830,08:30,0.0,0.0,0.0
no07,533967_11505_85937_0,845,08:45,0.0,0.0,0.0
no07,533967_11505_85937_0,900,09:00,0.0,0.0,0.0
no07,533967_11505_85937_0,915,09:15,0.0,0.0,0.0
no07,533967_11505_85937_0,930,09:30,0.0,0.0,0.0
no07,533967_11505_85937_0,945,09:45,0.0,0.0,0.0
no07,533967_11505_85937_0,1000,10:00,0.0,0.0,0.0
no07,533967_11505_85937_0,1015,10:15,0.0,0.0,0.0
no07,533967_11505_85937_0,1030,10:30,0.0,0.0,0.0
no07,533967_11505_85937_0,1045,10:45,0.0,0.0,0.0
no07,533967_11505_85937_0,1100,11:00,0.0,0.0,0.0
no07,533967_11505_85937_0,1115,11:15,0.0,0.0,0.0
no07,533967_11505_85937_0,1130,11:30,0.0,0.0,0.0
no07,533967_11505_85937_0,1145,11:45,0.0,0.0,0.0
no07,533967_11505_85937_0,1200,12:00,0.0,0.0,0.0
no07,533967_11505_85937_0,1215,12:15,0.0,0.0,0.0
no07,533967_11505_85937_0,1230,12:30,0.0,0.0,0.0
no07,533967_11505_85937_0,1245,12:45,0.0,0.0,0.0
no07,533967_11505_85937_0,1300,13:00,0.0,0.0,0.0
no07,533967_11505_85937_0,1315,13:15,0.0,0.0,0.0
no07,533967_11505_85937_0,1330,13:30,0.0,0.0,0.0
no07,533967_11505_85937_0,1345,13:45,0.0,0.0,0.0
no07,533967_11505_85937_0,1400,14:00,0.0,0.0,0.0
no07,533967_11505_85937_0,1415,14:15,0.0,0.0,0.0
no07,533967_11505_85937_0,1430,14:30,0.0,0.0,0.0
no07,533967_11505_85937_0,1445,14:45,0.0,0.0,0.0
no07,533967_11505_85937_0,1500,15:00,0.0,0.0,0.0
no07,533967_11505_85937_0,1515,15:15,0.0,0.0,0.0
no07,533967_11505_85937_0,1530,15:30,0.0,0.0,0.0
no07,533967_11505_85937_0,1545,15:45,0.0,0.0,0.0
no07,533967_11505_85937_0,1600,16:00,0.0,0.0,0.0
no07,533967_11505_85937_0,1615,16:15,0.0,0.0,0.0
no07,533967_11505_85937_0,1630,16:30,0.0,0.0,0.0
no07,533967_11505_85937_0,1645,16:45,0.0,0.0,0.0
no07,533967_11505_85937_0,1700,17:00,0.0,0.0,0.0
no07,533967_11505_85937_0,1715,17:15,0.0,0.0,0.0
no07,533967_11505_85937_0,1730,17:30,0.0,0.0,0.0
no07,533967_11505_85937_0,1745,17:45,0.0,0.0,0.0
no07,533967_11505_85937_0,1800,18:00,0.0,0.0,0.0
no07,533967_11505_85937_0,1815,18:15,0.0,0.0,0.0
no07,533967_11505_85937_0,1830,18:30,0.0,0.0,0.0
no07,533967_11505_85937_0,1845,18:45,0.0,0.0,0.0
no07,533967_11505_85937_1,630,06:30,0.0,0.0,0.0
no07,533967_11505_85937_1,645,06:45,0.0,0.0,0.0
no07,533967_11505_85937_1,700,07:00,0.0,0.0,0.0
no07,533967_11505_85937_1,715,07:15,0.0,0.0,0.0
no07,533967_11505_85937_1,730,07:30,0.0,0.0,0.0
no07,533967_11505_85937_1,745,07:45,0.0,0.0,0.0
no07,533967_11505_85937_1,800,08:00,0.0,0.0,0.0
no07,533967_11505_85937_1,815,08:15,0.0,0.0,0.0
no07,533967_11505_85937_1,830,08:30,0.0,0.0,0.0
no07,533967_11505_85937_1,845,08:45,0.0,0.0,0.0
no07,533967_11505_85937_1,900,09:00,0.0,0.0,0.0
no07,533967_11505_85937_1,915,09:15,0.0,0.0,0.0
no07,533967_11505_85937_1,930,09:30,0.0,0.0,0.0
no07,533967_11505_85937_1,945,09:45,0.0,0.0,0.0
no07,533967_11505_85937_1,1000,10:00,0.0,0.0,0.0
no07,533967_11505_85937_1,1015,10:15,0.0,0.0,0.0
no07,533967_11505_85937_1,1030,10:30,0.0,0.0,0.0
no07,533967_11505_85937_1,1045,10:45,0.0,0.0,0.0
no07,533967_11505_85937_1,1100,11:00,0.0,0.0,0.0
no07,533967_11505_85937_1,1115,11:15,0.0,0.0,0.0
no07,533967_11505_85937_1,1130,11:30,0.0,0.0,0.0
no07,533967_11505_85937_1,1145,11:45,0.0,0.0,0.0
no07,533967_11505_85937_1,1200,12:00,0.0,0.0,0.0
no07,533967_11505_85937_1,1215,12:15,0.0,0.0,0.0
no07,533967_11505_85937_1,1230,12:30,0.0,0.0,0.0
no07,533967_11505_85937_1,1245,12:45,0.0,0.0,0.0
no07,533967_11505_85937_1,1300,13:00,0.0,0.0,0.0
no07,533967_11505_85937_1,1315,13:15,0.0,0.0,0.0
no07,533967_11505_85937_1,1330,13:30,0.0,0.0,0.0
no07,533967_11505_85937_1,1345,13:45,0.0,0.0,0.0
no07,533967_11505_85937_1,1400,14:00,0.0,0.0,0.0
no07,533967_11505_85937_1,1415,14:15,0.0,0.0,0.0
no07,533967_11505_85937_1,1430,14:30,0.0,0.0,0.0
no07,533967_11505_85937_1,1445,14:45,0.0,0.0,0.0
no07,533967_11505_85937_1,1500,15:00,0.0,0.0,0.0
no07,533967_11505_85937_1,1515,15:15,0.0,0.0,0.0
no07,533967_11505_85937_1,1530,15:30,0.0,0.0,0.0
no07,533967_11505_85937_1,1545,15:45,0.0,0.0,0.0
no07,533967_11505_85937_1,1600,16:00,0.0,0.0,0.0
no07,533967_11505_85937_1,1615,16:15,0.0,0.0,0.0
no07,533967_11505_85937_1,1630,16:30,0.0,0.0,0.0
no07,533967_11505_85937_1,1645,16:45,0.0,0.0,0.0
no07,533967_11505_85937_1,1700,17:00,0.0,0.0,0.0
no07,533967_11505_85937_1,1715,17:15,0.0,0.0,0.0
no07,533967_11505_85937_1,1730,17:30,0.0,0.0,0.0
no07,533967_11505_85937_1,1745,17:45,0.0,0.0,0.0
no07,533967_11505_85937_1,1800,18:00,0.0,0.0,0.0
no07,533967_11505_85937_1,1815,18:15,0.0,0.0,0.0
no07,533967_11505_85937_1,1830,18:30,0.0,0.0,0.0
no07,533967_11505_85937_1,1845,18:45,0.0,0.0,0.0
no07,533967_11513_88894_0,630,06:30,0.0,0.0,0.0
no07,533967_11513_88894_0,645,06:45,0.0,0.0,0.0
no07,533967_11513_88894_0,700,07:00,0.0,0.0,0.0
no07,533967_11513_88894_0,715,07:15,0.0,0.0,0.0
no07,533967_11513_88894_0,730,07:30,0.0,0.0,0.0
no07,533967_11513_88894_0,745,07:45,0.0,0.0,0.0
no07,533967_11513_88894_0,800,08:00,0.0,0.0,0.0
no07,533967_11513_88894_0,815,08:15,0.0,0.0,0.0
no07,533967_11513_88894_0,830,08:30,0.0,0.0,0.0
no07,533967_11513_88894_0,845,08:45,0.0,0.0,0.0
no07,533967_11513_88894_0,900,09:00,0.0,0.0,0.0
no07,533967_11513_88894_0,915,09:15,0.0,0.0,0.0
no07,533967_11513_88894_0,930,09:30,0.0,0.0,0.0
no07,533967_11513_88894_0,945,09:45,0.0,0.0,0.0
no07,533967_11513_88894_0,1000,10:00,0.0,0.0,0.0
no07,533967_11513_88894_0,1015,10:15,0.0,0.0,0.0
no07,533967_11513_88894_0,1030,10:30,0.0,0.0,0.0
no07,533967_11513_88894_0,1045,10:45,0.0,0.0,0.0
no07,533967_11513_88894_0,1100,11:00,0.0,0.0,0.0
no07,533967_11513_88894_0,1115,11:15,0.0,0.0,0.0
no07,533967_11513_88894_0,1130,11:30,0.0,0.0,0.0
no07,533967_11513_88894_0,1145,11:45,0.0,0.0,0.0
no07,533967_11513_88894_0,1200,12:00,0.0,0.0,0.0
no07,533967_11513_88894_0,1215,12:15,0.0,0.0,0.0
no07,533967_11513_88894_0,1230,12:30,0.0,0.0,0.0
no07,533967_11513_88894_0,1245,12:45,0.0,0.0,0.0
no07,533967_11513_88894_0,1300,13:00,0.0,0.0,0.0
no07,533967_11513_88894_0,1315,13:15,0.0,0.0,0.0
no07,533967_11513_88894_0,1330,13:30,0.0,0.0,0.0
no07,533967_11513_88894_0,1345,13:45,0.0,0.0,0.0
no07,533967_11513_88894_0,1400,14:00,0.0,0.0,0.0
no07,533967_11513_88894_0,1415,14:15,0.0,0.0,0.0
no07,533967_11513_88894_0,1430,14:30,0.0,0.0,0.0
no07,533967_11513_88894_0,1445,14:45,0.0,0.0,0.0
no07,533967_11513_88894_0,1500,15:00,0.0,0.0,0.0
no07,533967_11513_88894_0,1515,15:15,0.0,0.0,0.0
no07,533967_11513_88894_0,1530,15:30,0.0,0.0,0.0
no07,533967_11513_88894_0,1545,15:45,0.0,0.0,0.0
no07,533967_11513_88894_0,1600,16:00,0.0,0.0,0.0
no07,533967_11513_88894_0,1615,16:15,0.0,0.0,0.0
no07,533967_11513_88894_0,1630,16:30,0.0,0.0,0.0
no07,533967_11513_88894_0,1645,16:45,0.0,0.0,0.0
no07,533967_11513_88894_0,1700,17:00,0.0,0.0,0.0
no07,533967_11513_88894_0,1715,17:15,0.0,0.0,0.0
no07,533967_11513_88894_0,1730,17:30,0.0,0.0,0.0
no07,533967_11513_88894_0,1745,17:45,0.0,0.0,0.0
no07,533967_11513_88894_0,1800,18:00,0.0,0.0,0.0
no07,533967_11513_88894_0,1815,18:15,0.0,0.0,0.0
no07,533967_11513_88894_0,1830,18:30,0.0,0.0,0.0
no07,533967_11513_88894_0,1845,18:45,0.0,0.0,0.0
no07,533967_11513_88894_1,630,06:30,0.0,0.0,0.0
no07,533967_11513_88894_1,645,06:45,0.0,0.0,0.0
no07,533967_11513_88894_1,700,07:00,0.0,0.0,0.0
no07,533967_11513_88894_1,715,07:15,0.0,0.0,0.0
no07,533967_11513_88894_1,730,07:30,0.0,0.0,0.0
no07,533967_11513_88894_1,745,07:45,0.0,0.0,0.0
no07,533967_11513_88894_1,800,08:00,0.0,0.0,0.0
no07,533967_11513_88894_1,815,08:15,0.0,0.0,0.0
no07,533967_11513_88894_1,830,08:30,0.0,0.0,0.0
no07,533967_11513_88894_1,845,08:45,0.0,0.0,0.0
no07,533967_11513_88894_1,900,09:00,0.0,0.0,0.0
no07,533967_11513_88894_1,915,09:15,0.0,0.0,0.0
no07,533967_11513_88894_1,930,09:30,0.0,0.0,0.0
no07,533967_11513_88894_1,945,09:45,0.0,0.0,0.0
no07,533967_11513_88894_1,1000,10:00,0.0,0.0,0.0
no07,533967_11513_88894_1,1015,10:15,0.0,0.0,0.0
no07,533967_11513_88894_1,1030,10:30,0.0,0.0,0.0
no07,533967_11513_88894_1,1045,10:45,0.0,0.0,0.0
no07,533967_11513_88894_1,1100,11:00,0.0,0.0,0.0
no07,533967_11513_88894_1,1115,11:15,0.0,0.0,0.0
no07,533967_11513_88894_1,1130,11:30,0.0,0.0,0.0
no07,533967_11513_88894_1,1145,11:45,0.0,0.0,0.0
no07,533967_11513_88894_1,1200,12:00,0.0,0.0,0.0
no07,533967_11513_88894_1,1215,12:15,0.0,0.0,0.0
no07,533967_11513_88894_1,1230,12:30,0.0,0.0,0.0
no07,533967_11513_88894_1,1245,12:45,0.0,0.0,0.0
no07,533967_11513_88894_1,1300,13:00,0.0,0.0,0.0
no07,533967_11513_88894_1,1315,13:15,0.0,0.0,0.0
no07,533967_11513_88894_1,1330,13:30,0.0,0.0,0.0
no07,533967_11513_88894_1,1345,13:45,0.0,0.0,0.0
no07,533967_11513_88894_1,1400,14:00,0.0,0.0,0.0
no07,533967_11513_88894_1,1415,14:15,0.0,0.0,0.0
no07,533967_11513_88894_1,1430,14:30,0.0,0.0,0.0
no07,533967_11513_88894_1,1445,14:45,0.0,0.0,0.0
no07,533967_11513_88894_1,1500,15:00,0.0,0.0,0.0
no07,533967_11513_88894_1,1515,15:15,0.0,0.0,0.0
no07,533967_11513_88894_1,1530,15:30,0.0,0.0,0.0
no07,533967_11513_88894_1,1545,15:45,0.0,0.0,0.0
no07,533967_11513_88894_1,1600,16:00,0.0,0.0,0.0
no07,533967_11513_88894_1,1615,16:15,0.0,0.0,0.0
no07,533967_11513_88894_1,1630,16:30,0.0,0.0,0.0
no07,533967_11513_88894_1,1645,16:45,0.0,0.0,0.0
no07,533967_11513_88894_1,1700,17:00,0.0,0.0,0.0
no07,533967_11513_88894_1,1715,17:15,0.0,0.0,0.0
no07,533967_11513_88894_1,1730,17:30,0.0,0.0,0.0
no07,533967_11513_88894_1,1745,17:45,0.0,0.0,0.0
no07,533967_11513_88894_1,1800,18:00,0.0,0.0,0.0
no07,533967_11513_88894_1,1815,18:15,0.0,0.0,0.0
no07,533967_11513_88894_1,1830,18:30,0.0,0.0,0.0
no07,533967_11513_88894_1,1845,18:45,0.0,0.0,0.0
no07,533967_11518_13596_0,630,06:30,0.0,0.0,0.0
no07,533967_11518_13596_0,645,06:45,0.0,0.0,0.0
no07,533967_11518_13596_0,700,07:00,0.0,0.0,0.0
no07,533967_11518_13596_0,715,07:15,0.0,0.0,0.0
no07,533967_11518_13596_0,730,07:30,0.0,0.0,0.0
no07,533967_11518_13596_0,745,07:45,0.0,0.0,0.0
no07,533967_11518_13596_0,800,08:00,0.0,0.0,0.0
no07,533967_11518_13596_0,815,08:15,0.0,0.0,0.0
no07,533967_11518_13596_0,830,08:30,0.0,0.0,0.0
no07,533967_11518_13596_0,845,08:45,0.0,0.0,0.0
no07,533967_11518_13596_0,900,09:00,0.0,0.0,0.0
no07,533967_11518_13596_0,915,09:15,0.0,0.0,0.0
no07,533967_11518_13596_0,930,09:30,0.0,0.0,0.0
no07,533967_11518_13596_0,945,09:45,0.0,0.0,0.0
no07,533967_11518_13596_0,1000,10:00,0.0,0.0,0.0
no07,533967_11518_13596_0,1015,10:15,0.0,0.0,0.0
no07,533967_11518_13596_0,1030,10:30,0.0,0.0,0.0
no07,533967_11518_13596_0,1045,10:45,0.0,0.0,0.0
no07,533967_11518_13596_0,1100,11:00,0.0,0.0,0.0
no07,533967_11518_13596_0,1115,11:15,0.0,0.0,0.0
no07,533967_11518_13596_0,1130,11:30,0.0,0.0,0.0
no07,533967_11518_13596_0,1145,11:45,0.0,0.0,0.0
no07,533967_11518_13596_0,1200,12:00,0.0,0.0,0.0
no07,533967_11518_13596_0,1215,12:15,0.0,0.0,0.0
no07,533967_11518_13596_0,1230,12:30,0.0,0.0,0.0
no07,533967_11518_13596_0,1245,12:45,0.0,0.0,0.0
no07,533967_11518_13596_0,1300,13:00,0.0,0.0,0.0
no07,533967_11518_13596_0,1315,13:15,0.0,0.0,0.0
no07,533967_11518_13596_0,1330,13:30,0.0,0.0,0.0
no07,533967_11518_13596_0,1345,13:45,0.0,0.0,0.0
no07,533967_11518_13596_0,1400,14:00,0.0,0.0,0.0
no07,533967_11518_13596_0,1415,14:15,0.0,0.0,0.0
no07,533967_11518_13596_0,1430,14:30,0.0,0.0,0.0
no07,533967_11518_13596_0,1445,14:45,0.0,0.0,0.0
no07,533967_11518_13596_0,1500,15:00,0.0,0.0,0.0
no07,533967_11518_13596_0,1515,15:15,0.0,0.0,0.0
no07,533967_11518_13596_0,1530,15:30,0.0,0.0,0.0
no07,533967_11518_13596_0,1545,15:45,0.0,0.0,0.0
no07,533967_11518_13596_0,1600,16:00,0.0,0.0,0.0
no07,533967_11518_13596_0,1615,16:15,0.0,0.0,0.0
no07,533967_11518_13596_0,1630,16:30,0.0,0.0,0.0
no07,533967_11518_13596_0,1645,16:45,0.0,0.0,0.0
no07,533967_11518_13596_0,1700,17:00,0.0,0.0,0.0
no07,533967_11518_13596_0,1715,17:15,0.0,0.0,0.0
no07,533967_11518_13596_0,1730,17:30,0.0,0.0,0.0
no07,533967_11518_13596_0,1745,17:45,0.0,0.0,0.0
no07,533967_11518_13596_0,1800,18:00,0.0,0.0,0.0
no07,533967_11518_13596_0,1815,18:15,0.0,0.0,0.0
no07,533967_11518_13596_0,1830,18:30,0.0,0.0,0.0
no07,533967_11518_13596_0,1845,18:45,0.0,0.0,0.0
no07,533967_11518_13596_1,630,06:30,0.0,0.0,0.0
no07,533967_11518_13596_1,645,06:45,0.0,0.0,0.0
no07,533967_11518_13596_1,700,07:00,0.0,0.0,0.0
no07,533967_11518_13596_1,715,07:15,0.0,0.0,0.0
no07,533967_11518_13596_1,730,07:30,0.0,0.0,0.0
no07,533967_11518_13596_1,745,07:45,0.0,0.0,0.0
no07,533967_11518_13596_1,800,08:00,0.0,0.0,0.0
no07,533967_11518_13596_1,815,08:15,0.0,0.0,0.0
no07,533967_11518_13596_1,830,08:30,0.0,0.0,0.0
no07,533967_11518_13596_1,845,08:45,0.0,0.0,0.0
no07,533967_11518_13596_1,900,09:00,0.0,0.0,0.0
no07,533967_11518_13596_1,915,09:15,0.0,0.0,0.0
no07,533967_11518_13596_1,930,09:30,0.0,0.0,0.0
no07,533967_11518_13596_1,945,09:45,0.0,0.0,0.0
no07,533967_11518_13596_1,1000,10:00,0.0,0.0,0.0
no07,533967_11518_13596_1,1015,10:15,0.0,0.0,0.0
no07,533967_11518_13596_1,1030,10:30,0.0,0.0,0.0
no07,533967_11518_13596_1,1045,10:45,0.0,0.0,0.0
no07,533967_11518_13596_1,1100,11:00,0.0,0.0,0.0
no07,533967_11518_13596_1,1115,11:15,0.0,0.0,0.0
no07,533967_11518_13596_1,1130,11:30,0.0,0.0,0.0
no07,533967_11518_13596_1,1145,11:45,0.0,0.0,0.0
no07,533967_11518_13596_1,1200,12:00,0.0,0.0,0.0
no07,533967_11518_13596_1,1215,12:15,0.0,0.0,0.0
no07,533967_11518_13596_1,1230,12:30,0.0,0.0,0.0
no07,533967_11518_13596_1,1245,12:45,0.0,0.0,0.0
no07,533967_11518_13596_1,1300,13:00,0.0,0.0,0.0
no07,533967_11518_13596_1,1315,13:15,0.0,0.0,0.0
no07,533967_11518_13596_1,1330,13:30,0.0,0.0,0.0
no07,533967_11518_13596_1,1345,13:45,0.0,0.0,0.0
no07,533967_11518_13596_1,1400,14:00,0.0,0.0,0.0
no07,533967_11518_13596_1,1415,14:15,0.0,0.0,0.0
no07,533967_11518_13596_1,1430,14:30,0.0,0.0,0.0
no07,533967_11518_13596_1,1445,14:45,0.0,0.0,0.0
no07,533967_11518_13596_1,1500,15:00,0.0,0.0,0.0
no07,533967_11518_13596_1,1515,15:15,0.0,0.0,0.0
no07,533967_11518_13596_1,1530,15:30,0.0,0.0,0.0
no07,533967_11518_13596_1,1545,15:45,0.0,0.0,0.0
no07,533967_11518_13596_1,1600,16:00,0.0,0.0,0.0
no07,533967_11518_13596_1,1615,16:15,0.0,0.0,0.0
no07,533967_11518_13596_1,1630,16:30,0.0,0.0,0.0
no07,533967_11518_13596_1,1645,16:45,0.0,0.0,0.0
no07,533967_11518_13596_1,1700,17:00,0.0,0.0,0.0
no07,533967_11518_13596_1,1715,17:15,0.0,0.0,0.0
no07,533967_11518_13596_1,1730,17:30,0.0,0.0,0.0
no07,533967_11518_13596_1,1745,17:45,0.0,0.0,0.0
no07,533967_11518_13596_1,1800,18:00,0.0,0.0,0.0
no07,533967_11518_13596_1,1815,18:15,0.0,0.0,0.0
no07,533967_11518_13596_1,1830,18:30,0.0,0.0,0.0
no07,533967_11518_13596_1,1845,18:45,0.0,0.0,0.0
no07,533967_12969_87770_0,630,06:30,0.0,0.0,0.0
no07,533967_12969_87770_0,645,06:45,0.0,0.0,0.0
no07,533967_12969_87770_0,700,07:00,0.0,0.0,0.0
no07,533967_12969_87770_0,715,07:15,0.0,0.0,0.0
no07,533967_12969_87770_0,730,07:30,0.0,0.0,0.0
no07,533967_12969_87770_0,745,07:45,0.0,0.0,0.0
no07,533967_12969_87770_0,800,08:00,0.0,0.0,0.0
no07,533967_12969_87770_0,815,08:15,0.0,0.0,0.0
no07,533967_12969_87770_0,830,08:30,0.0,0.0,0.0
no07,533967_12969_87770_0,845,08:45,0.0,0.0,0.0
no07,533967_12969_87770_0,900,09:00,0.0,0.0,0.0
no07,533967_12969_87770_0,915,09:15,0.0,0.0,0.0
no07,533967_12969_87770_0,930,09:30,0.0,0.0,0.0
no07,533967_12969_87770_0,945,09:45,0.0,0.0,0.0
no07,533967_12969_87770_0,1000,10:00,0.0,0.0,0.0
no07,533967_12969_87770_0,1015,10:15,0.0,0.0,0.0
no07,533967_12969_87770_0,1030,10:30,0.0,0.0,0.0
no07,533967_12969_87770_0,1045,10:45,0.0,0.0,0.0
no07,533967_12969_87770_0,1100,11:00,0.0,0.0,0.0
no07,533967_12969_87770_0,1115,11:15,0.0,0.0,0.0
no07,533967_12969_87770_0,1130,11:30,0.0,0.0,0.0
no07,533967_12969_87770_0,1145,11:45,0.0,0.0,0.0
no07,533967_12969_87770_0,1200,12:00,0.0,0.0,0.0
no07,533967_12969_87770_0,1215,12:15,0.0,0.0,0.0
no07,533967_12969_87770_0,1230,12:30,0.0,0.0,0.0
no07,533967_12969_87770_0,1245,12:45,0.0,0.0,0.0
no07,533967_12969_87770_0,1300,13:00,0.0,0.0,0.0
no07,533967_12969_87770_0,1315,13:15,0.0,0.0,0.0
no07,533967_12969_87770_0,1330,13:30,0.0,0.0,0.0
no07,533967_12969_87770_0,1345,13:45,0.0,0.0,0.0
no07,533967_12969_87770_0,1400,14:00,0.0,0.0,0.0
no07,533967_12969_87770_0,1415,14:15,0.0,0.0,0.0
no07,533967_12969_87770_0,1430,14:30,0.0,0.0,0.0
no07,533967_12969_87770_0,1445,14:45,0.0,0.0,0.0
no07,533967_12969_87770_0,1500,15:00,0.0,0.0,0.0
no07,533967_12969_87770_0,1515,15:15,0.0,0.0,0.0
no07,533967_12969_87770_0,1530,15:30,0.0,0.0,0.0
no07,533967_12969_87770_0,1545,15:45,0.0,0.0,0.0
no07,533967_12969_87770_0,1600,16:00,0.0,0.0,0.0
no07,533967_12969_87770_0,1615,16:15,0.0,0.0,0.0
no07,533967_12969_87770_0,1630,16:30,0.0,0.0,0.0
no07,533967_12969_87770_0,1645,16:45,0.0,0.0,0.0
no07,533967_12969_87770_0,1700,17:00,0.0,0.0,0.0
no07,533967_12969_87770_0,1715,17:15,0.0,0.0,0.0
no07,533967_12969_87770_0,1730,17:30,0.0,0.0,0.0
no07,533967_12969_87770_0,1745,17:45,0.0,0.0,0.0
no07,533967_12969_87770_0,1800,18:00,0.0,0.0,0.0
no07,533967_12969_87770_0,1815,18:15,0.0,0.0,0.0
no07,533967_12969_87770_0,1830,18:30,0.0,0.0,0.0
no07,533967_12969_87770_0,1845,18:45,0.0,0.0,0.0
no07,533967_12969_87770_1,630,06:30,0.0,0.0,0.0
no07,533967_12969_87770_1,645,06:45,0.0,0.0,0.0
no07,533967_12969_87770_1,700,07:00,0.0,0.0,0.0
no07,533967_12969_87770_1,715,07:15,0.0,0.0,0.0
no07,533967_12969_87770_1,730,07:30,0.0,0.0,0.0
no07,533967_12969_87770_1,745,07:45,0.0,0.0,0.0
no07,533967_12969_87770_1,800,08:00,0.0,0.0,0.0
no07,533967_12969_87770_1,815,08:15,0.0,0.0,0.0
no07,533967_12969_87770_1,830,08:30,0.0,0.0,0.0
no07,533967_12969_87770_1,845,08:45,0.0,0.0,0.0
no07,533967_12969_87770_1,900,09:00,0.0,0.0,0.0
no07,533967_12969_87770_1,915,09:15,0.0,0.0,0.0
no07,533967_12969_87770_1,930,09:30,0.0,0.0,0.0
no07,533967_12969_87770_1,945,09:45,0.0,0.0,0.0
no07,533967_12969_87770_1,1000,10:00,0.0,0.0,0.0
no07,533967_12969_87770_1,1015,10:15,0.0,0.0,0.0
no07,533967_12969_87770_1,1030,10:30,0.0,0.0,0.0
no07,533967_12969_87770_1,1045,10:45,0.0,0.0,0.0
no07,533967_12969_87770_1,1100,11:00,0.0,0.0,0.0
no07,533967_12969_87770_1,1115,11:15,0.0,0.0,0.0
no07,533967_12969_87770_1,1130,11:30,0.0,0.0,0.0
no07,533967_12969_87770_1,1145,11:45,0.0,0.0,0.0
no07,533967_12969_87770_1,1200,12:00,0.0,0.0,0.0
no07,533967_12969_87770_1,1215,12:15,0.0,0.0,0.0
no07,533967_12969_87770_1,1230,12:30,0.0,0.0,0.0
no07,533967_12969_87770_1,1245,12:45,0.0,0.0,0.0
no07,533967_12969_87770_1,1300,13:00,0.0,0.0,0.0
no07,533967_12969_87770_1,1315,13:15,0.0,0.0,0.0
no07,533967_12969_87770_1,1330,13:30,0.0,0.0,0.0
no07,533967_12969_87770_1,1345,13:45,0.0,0.0,0.0
no07,533967_12969_87770_1,1400,14:00,0.0,0.0,0.0
no07,533967_12969_87770_1,1415,14:15,0.0,0.0,0.0
no07,533967_12969_87770_1,1430,14:30,0.0,0.0,0.0
no07,533967_12969_87770_1,1445,14:45,0.0,0.0,0.0
no07,533967_12969_87770_1,1500,15:00,0.0,0.0,0.0
no07,533967_12969_87770_1,1515,15:15,0.0,0.0,0.0
no07,533967_12969_87770_1,1530,15:30,0.0,0.0,0.0
no07,533967_12969_87770_1,1545,15:45,0.0,0.0,0.0
no07,533967_12969_87770_1,1600,16:00,0.0,0.0,0.0
no07,533967_12969_87770_1,1615,16:15,0.0,0.0,0.0
no07,533967_12969_87770_1,1630,16:30,0.0,0.0,0.0
no07,533967_12969_87770_1,1645,16:45,0.0,0.0,0.0
no07,533967_12969_87770_1,1700,17:00,0.0,0.0,0.0
no07,533967_12969_87770_1,1715,17:15,0.0,0.0,0.0
no07,533967_12969_87770_1,1730,17:30,0.0,0.0,0.0
no07,533967_12969_87770_1,1745,17:45,0.0,0.0,0.0
no07,533967_12969_87770_1,1800,18:00,0.0,0.0,0.0
no07,533967_12969_87770_1,1815,18:15,0.0,0.0,0.0
no07,533967_12969_87770_1,1830,18:30,0.0,0.0,0.0
no07,533967_12969_87770_1,1845,18:45,0.0,0.0,0.0
no07,533967_13107_13108_0,630,06:30,40.6,40.578947368421055,-0.021052631578946546
no07,533967_13107_13108_0,645,06:45,32.95,32.94736842105263,-0.002631578947372759
no07,533967_13107_13108_0,700,07:00,40.05,40.10526315789474,0.055263157894742676
no07,533967_13107_13108_0,715,07:15,28.8,28.73684210526316,-0.06315789473683964
no07,533967_13107_13108_0,730,07:30,33.05,33.05263157894737,0.002631578947372759
no07,533967_13107_13108_0,745,07:45,27.05,27.05263157894737,0.0026315789473692064
no07,533967_13107_13108_0,800,08:00,40.0,40.0,0.0
no07,533967_13107_13108_0,815,08:15,53.9,53.89473684210526,-0.005263157894738413
no07,533967_13107_13108_0,830,08:30,48.85,48.89473684210526,0.044736842105258745
no07,533967_13107_13108_0,845,08:45,30.3,30.26315789473684,-0.036842105263161784
no07,533967_13107_13108_0,900,09:00,32.15,32.1578947368421,0.007894736842104066
no07,533967_13107_13108_0,915,09:15,22.1,22.105263157894736,0.00526315789473486
no07,533967_13107_13108_0,930,09:30,34.85,34.8421052631579,-0.007894736842104066
no07,533967_13107_13108_0,945,09:45,28.0,28.0,0.0
no07,533967_13107_13108_0,1000,10:00,38.7,38.73684210526316,0.03684210526315468
no07,533967_13107_13108_0,1015,10:15,26.45,26.42105263157895,-0.028947368421050612
no07,533967_13107_13108_0,1030,10:30,33.65,33.63157894736842,-0.018421052631580892
no07,533967_13107_13108_0,1045,10:45,18.25,18.26315789473684,0.013157894736838927
no07,533967_13107_13108_0,1100,11:00,21.0,21.0,0.0
no07,533967_13107_13108_0,1115,11:15,22.95,23.0,0.05000000000000071
no07,533967_13107_13108_0,1130,11:30,32.75,32.68421052631579,-0.0657894736842124
no07,533967_13107_13108_0,1145,11:45,19.4,19.42105263157895,0.0210526315789501
no07,533967_13107_13108_0,1200,12:00,20.05,20.05263157894737,0.0026315789473692064
no07,533967_13107_13108_0,1215,12:15,18.8,18.789473684210527,-0.010526315789473273
no07,533967_13107_13108_0,1230,12:30,18.2,18.210526315789476,0.010526315789476826
no07,533967_13107_13108_0,1245,12:45,13.95,13.947368421052632,-0.00263157894736743
no07,533967_13107_13108_0,1300,13:00,19.05,19.05263157894737,0.0026315789473692064
no07,533967_13107_13108_0,1315,13:15,11.1,11.105263157894736,0.005263157894736636
no07,533967_13107_13108_0,1330,13:30,13.9,13.894736842105264,-0.005263157894736636
no07,533967_13107_13108_0,1345,13:45,14.0,14.0,0.0
no07,533967_13107_13108_0,1400,14:00,17.85,17.842105263157894,-0.00789473684210762
no07,533967_13107_13108_0,1415,14:15,20.0,20.0,0.0
no07,533967_13107_13108_0,1430,14:30,27.95,27.94736842105263,-0.0026315789473692064
no07,533967_13107_13108_0,1445,14:45,13.25,13.263157894736842,0.01315789473684248
no07,533967_13107_13108_0,1500,15:00,19.85,19.84210526315789,-0.007894736842111172
no07,533967_13107_13108_0,1515,15:15,13.1,13.105263157894736,0.005263157894736636
no07,533967_13107_13108_0,1530,15:30,13.95,14.0,0.05000000000000071
no07,533967_13107_13108_0,1545,15:45,15.95,15.894736842105264,-0.05526315789473557
no07,533967_13107_13108_0,1600,16:00,32.0,32.0,0.0
no07,533967_13107_13108_0,1615,16:15,19.0,19.0,0.0
no07,533967_13107_13108_0,1630,16:30,35.0,35.0,0.0
no07,533967_13107_13108_0,1645,16:45,22.95,22.94736842105263,-0.0026315789473692064
no07,533967_13107_13108_0,1700,17:00,36.8,36.8421052631579,0.0421052631579002
no07,533967_13107_13108_0,1715,17:15,27.8,27.789473684210527,-0.010526315789473273
no07,533967_13107_13108_0,1730,17:30,19.55,19.57894736842105,0.028947368421050612
no07,533967_13107_13108_0,1745,17:45,21.0,21.0,0.0
no07,533967_13107_13108_0,1800,18:00,27.55,27.473684210526315,-0.07631578947368567
no07,533967_13107_13108_0,1815,18:15,14.35,14.36842105263158,0.018421052631580892
no07,533967_13107_13108_0,1830,18:30,17.95,17.94736842105263,-0.0026315789473692064
no07,533967_13107_13108_0,1845,18:45,20.2,20.210526315789476,0.010526315789476826
no07,533967_13107_13108_1,630,06:30,17.4,17.263157894736842,-0.1368421052631561
no07,533967_13107_13108_1,645,06:45,15.2,15.263157894736842,0.06315789473684319
no07,533967_13107_13108_1,700,07:00,35.65,35.578947368421055,-0.0710526315789437
no07,533967_13107_13108_1,715,07:15,26.4,26.473684210526315,0.07368421052631646
no07,533967_13107_13108_1,730,07:30,41.55,41.68421052631579,0.13421052631579045
no07,533967_13107_13108_1,745,07:45,52.3,51.73684210526316,-0.5631578947368396
no07,533967_13107_13108_1,800,08:00,51.65,51.73684210526316,0.08684210526315894
no07,533967_13107_13108_1,815,08:15,44.4,45.0,0.6000000000000014
no07,533967_13107_13108_1,830,08:30,11.45,11.263157894736842,-0.1868421052631568
no07,533967_13107_13108_1,845,08:45,0.0,0.0,0.0
no07,533967_13107_13108_1,900,09:00,3.9,4.0,0.10000000000000009
no07,533967_13107_13108_1,915,09:15,8.25,8.210526315789474,-0.03947368421052566
no07,533967_13107_13108_1,930,09:30,39.1,39.05263157894737,-0.047368421052631504
no07,533967_13107_13108_1,945,09:45,15.85,15.736842105263158,-0.11315789473684212
no07,533967_13107_13108_1,1000,10:00,30.25,30.31578947368421,0.06578947368420884
no07,533967_13107_13108_1,1015,10:15,10.8,10.894736842105264,0.09473684210526301
no07,533967_13107_13108_1,1030,10:30,1.85,1.7894736842105263,-0.06052631578947376
no07,533967_13107_13108_1,1045,10:45,7.95,7.526315789473684,-0.4236842105263161
no07,533967_13107_13108_1,1100,11:00,4.1,4.526315789473684,0.4263157894736844
no07,533967_13107_13108_1,1115,11:15,57.5,57.1578947368421,-0.34210526315789735
no07,533967_13107_13108_1,1130,11:30,15.45,15.789473684210526,0.33947368421052637
no07,533967_13107_13108_1,1145,11:45,6.1,6.157894736842105,0.057894736842105665
no07,533967_13107_13108_1,1200,12:00,9.15,9.105263157894736,-0.044736842105264074
no07,533967_13107_13108_1,1215,12:15,2.2,2.1578947368421053,-0.04210526315789487
no07,533967_13107_13108_1,1230,12:30,24.55,24.26315789473684,-0.2868421052631618
no07,533967_13107_13108_1,1245,12:45,13.3,13.789473684210526,0.48947368421052495
no07,533967_13107_13108_1,1300,13:00,11.65,11.473684210526317,-0.17631578947368354
no07,533967_13107_13108_1,1315,13:15,4.05,4.052631578947368,0.002631578947368318
no07,533967_13107_13108_1,1330,13:30,50.9,50.63157894736842,-0.2684210526315809
no07,533967_13107_13108_1,1345,13:45,25.1,25.36842105263158,0.26842105263157734
no07,533967_13107_13108_1,1400,14:00,18.85,18.789473684210527,-0.06052631578947398
no07,533967_13107_13108_1,1415,14:15,2.15,2.210526315789474,0.06052631578947398
no07,533967_13107_13108_1,1430,14:30,0.0,0.0,0.0
no07,533967_13107_13108_1,1445,14:45,7.7,7.7894736842105265,0.08947368421052637
no07,533967_13107_13108_1,1500,15:00,16.25,16.31578947368421,0.06578947368420884
no07,533967_13107_13108_1,1515,15:15,8.35,8.0,-0.34999999999999964
no07,533967_13107_13108_1,1530,15:30,4.3,4.421052631578948,0.12105263157894797
no07,533967_13107_13108_1,1545,15:45,15.9,15.842105263157896,-0.05789473684210478
no07,533967_13107_13108_1,1600,16:00,22.0,21.94736842105263,-0.05263157894736992
no07,533967_13107_13108_1,1615,16:15,9.5,9.68421052631579,0.18421052631578938
no07,533967_13107_13108_1,1630,16:30,14.35,13.63157894736842,-0.7184210526315802
no07,533967_13107_13108_1,1645,16:45,8.25,9.105263157894736,0.8552631578947363
no07,533967_13107_13108_1,1700,17:00,15.85,15.63157894736842,-0.21842105263158018
no07,533967_13107_13108_1,1715,17:15,25.5,25.42105263157895,-0.07894736842105132
no07,533967_13107_13108_1,1730,17:30,48.05,48.05263157894737,0.002631578947372759
no07,533967_13107_13108_1,1745,17:45,25.6,25.84210526315789,0.24210526315788883
no07,533967_13107_13108_1,1800,18:00,18.05,17.894736842105264,-0.155263157894737
no07,533967_13107_13108_1,1815,18:15,16.55,14.789473684210526,-1.760526315789475
no07,533967_13107_13108_1,1830,18:30,28.3,30.05263157894737,1.7526315789473692
no07,533967_13107_13108_1,1845,18:45,38.25,37.578947368421055,-0.6710526315789451
no07,533967_13308_88665_0,630,06:30,0.0,0.0,0.0
no07,533967_13308_88665_0,645,06:45,0.0,0.0,0.0
no07,533967_13308_88665_0,700,07:00,0.0,0.0,0.0
no07,533967_13308_88665_0,715,07:15,0.0,0.0,0.0
no07,533967_13308_88665_0,730,07:30,0.0,0.0,0.0
no07,533967_13308_88665_0,745,07:45,0.0,0.0,0.0
no07,533967_13308_88665_0,800,08:00,0.0,0.0,0.0
no07,533967_13308_88665_0,815,08:15,0.0,0.0,0.0
no07,533967_13308_88665_0,830,08:30,0.0,0.0,0.0
no07,533967_13308_88665_0,845,08:45,0.0,0.0,0.0
no07,533967_13308_88665_0,900,09:00,0.0,0.0,0.0
no07,533967_13308_88665_0,915,09:15,0.0,0.0,0.0
no07,533967_13308_88665_0,930,09:30,0.0,0.0,0.0
no07,533967_13308_88665_0,945,09:45,0.0,0.0,0.0
no07,533967_13308_88665_0,1000,10:00,0.0,0.0,0.0
no07,533967_13308_88665_0,1015,10:15,0.0,0.0,0.0
no07,533967_13308_88665_0,1030,10:30,0.0,0.0,0.0
no07,533967_13308_88665_0,1045,10:45,0.0,0.0,0.0
no07,533967_13308_88665_0,1100,11:00,0.0,0.0,0.0
no07,533967_13308_88665_0,1115,11:15,0.0,0.0,0.0
no07,533967_13308_88665_0,1130,11:30,0.0,0.0,0.0
no07,533967_13308_88665_0,1145,11:45,0.0,0.0,0.0
no07,533967_13308_88665_0,1200,12:00,0.0,0.0,0.0
no07,533967_13308_88665_0,1215,12:15,0.0,0.0,0.0
no07,533967_13308_88665_0,1230,12:30,0.0,0.0,0.0
no07,533967_13308_88665_0,1245,12:45,0.0,0.0,0.0
no07,533967_13308_88665_0,1300,13:00,0.0,0.0,0.0
no07,533967_13308_88665_0,1315,13:15,0.0,0.0,0.0
no07,533967_13308_88665_0,1330,13:30,0.0,0.0,0.0
no07,533967_13308_88665_0,1345,13:45,0.0,0.0,0.0
no07,533967_13308_88665_0,1400,14:00,0.0,0.0,0.0
no07,533967_13308_88665_0,1415,14:15,0.0,0.0,0.0
no07,533967_13308_88665_0,1430,14:30,0.0,0.0,0.0
no07,533967_13308_88665_0,1445,14:45,0.0,0.0,0.0
no07,533967_13308_88665_0,1500,15:00,0.0,0.0,0.0
no07,533967_13308_88665_0,1515,15:15,0.0,0.0,0.0
no07,533967_13308_88665_0,1530,15:30,0.0,0.0,0.0
no07,533967_13308_88665_0,1545,15:45,0.0,0.0,0.0
no07,533967_13308_88665_0,1600,16:00,0.0,0.0,0.0
no07,533967_13308_88665_0,1615,16:15,0.0,0.0,0.0
no07,533967_13308_88665_0,1630,16:30,0.0,0.0,0.0
no07,533967_13308_88665_0,1645,16:45,0.0,0.0,0.0
no07,533967_13308_88665_0,1700,17:00,0.0,0.0,0.0
no07,533967_13308_88665_0,1715,17:15,0.0,0.0,0.0
no07,533967_13308_88665_0,1730,17:30,0.0,0.0,0.0
no07,533967_13308_88665_0,1745,17:45,0.0,0.0,0.0
no07,533967_13308_88665_0,1800,18:00,0.0,0.0,0.0
no07,533967_13308_88665_0,1815,18:15,0.0,0.0,0.0
no07,533967_13308_88665_0,1830,18:30,0.0,0.0,0.0
no07,533967_13308_88665_0,1845,18:45,0.0,0.0,0.0
no07,533967_13308_88665_1,630,06:30,0.0,0.0,0.0
no07,533967_13308_88665_1,645,06:45,0.0,0.0,0.0
no07,533967_13308_88665_1,700,07:00,0.0,0.0,0.0
no07,533967_13308_88665_1,715,07:15,0.0,0.0,0.0
no07,533967_13308_88665_1,730,07:30,0.0,0.0,0.0
no07,533967_13308_88665_1,745,07:45,0.0,0.0,0.0
no07,533967_13308_88665_1,800,08:00,0.0,0.0,0.0
no07,533967_13308_88665_1,815,08:15,0.0,0.0,0.0
no07,533967_13308_88665_1,830,08:30,0.0,0.0,0.0
no07,533967_13308_88665_1,845,08:45,0.0,0.0,0.0
no07,533967_13308_88665_1,900,09:00,0.0,0.0,0.0
no07,533967_13308_88665_1,915,09:15,0.0,0.0,0.0
no07,533967_13308_88665_1,930,09:30,0.0,0.0,0.0
no07,533967_13308_88665_1,945,09:45,0.0,0.0,0.0
no07,533967_13308_88665_1,1000,10:00,0.0,0.0,0.0
no07,533967_13308_88665_1,1015,10:15,0.0,0.0,0.0
no07,533967_13308_88665_1,1030,10:30,0.0,0.0,0.0
no07,533967_13308_88665_1,1045,10:45,0.0,0.0,0.0
no07,533967_13308_88665_1,1100,11:00,0.0,0.0,0.0
no07,533967_13308_88665_1,1115,11:15,0.0,0.0,0.0
no07,533967_13308_88665_1,1130,11:30,0.0,0.0,0.0
no07,533967_13308_88665_1,1145,11:45,0.0,0.0,0.0
no07,533967_13308_88665_1,1200,12:00,0.0,0.0,0.0
no07,533967_13308_88665_1,1215,12:15,0.0,0.0,0.0
no07,533967_13308_88665_1,1230,12:30,0.0,0.0,0.0
no07,533967_13308_88665_1,1245,12:45,0.0,0.0,0.0
no07,533967_13308_88665_1,1300,13:00,0.0,0.0,0.0
no07,533967_13308_88665_1,1315,13:15,0.0,0.0,0.0
no07,533967_13308_88665_1,1330,13:30,0.0,0.0,0.0
no07,533967_13308_88665_1,1345,13:45,0.0,0.0,0.0
no07,533967_13308_88665_1,1400,14:00,0.0,0.0,0.0
no07,533967_13308_88665_1,1415,14:15,0.0,0.0,0.0
no07,533967_13308_88665_1,1430,14:30,0.0,0.0,0.0
no07,533967_13308_88665_1,1445,14:45,0.0,0.0,0.0
no07,533967_13308_88665_1,1500,15:00,0.0,0.0,0.0
no07,533967_13308_88665_1,1515,15:15,0.0,0.0,0.0
no07,533967_13308_88665_1,1530,15:30,0.0,0.0,0.0
no07,533967_13308_88665_1,1545,15:45,0.0,0.0,0.0
no07,533967_13308_88665_1,1600,16:00,0.0,0.0,0.0
no07,533967_13308_88665_1,1615,16:15,0.0,0.0,0.0
no07,533967_13308_88665_1,1630,16:30,0.0,0.0,0.0
no07,533967_13308_88665_1,1645,16:45,0.0,0.0,0.0
no07,533967_13308_88665_1,1700,17:00,0.0,0.0,0.0
no07,533967_13308_88665_1,1715,17:15,0.0,0.0,0.0
no07,533967_13308_88665_1,1730,17:30,0.0,0.0,0.0
no07,533967_13308_88665_1,1745,17:45,0.0,0.0,0.0
no07,533967_13308_88665_1,1800,18:00,0.0,0.0,0.0
no07,533967_13308_88665_1,1815,18:15,0.0,0.0,0.0
no07,533967_13308_88665_1,1830,18:30,0.0,0.0,0.0
no07,533967_13308_88665_1,1845,18:45,0.0,0.0,0.0
no07,533967_13715_72472_0,630,06:30,0.0,0.0,0.0
no07,533967_13715_72472_0,645,06:45,0.0,0.0,0.0
no07,533967_13715_72472_0,700,07:00,0.0,0.0,0.0
no07,533967_13715_72472_0,715,07:15,0.0,0.0,0.0
no07,533967_13715_72472_0,730,07:30,0.0,0.0,0.0
no07,533967_13715_72472_0,745,07:45,0.0,0.0,0.0
no07,533967_13715_72472_0,800,08:00,0.0,0.0,0.0
no07,533967_13715_72472_0,815,08:15,0.0,0.0,0.0
no07,533967_13715_72472_0,830,08:30,0.0,0.0,0.0
no07,533967_13715_72472_0,845,08:45,0.0,0.0,0.0
no07,533967_13715_72472_0,900,09:00,0.0,0.0,0.0
no07,533967_13715_72472_0,915,09:15,0.0,0.0,0.0
no07,533967_13715_72472_0,930,09:30,0.0,0.0,0.0
no07,533967_13715_72472_0,945,09:45,0.0,0.0,0.0
no07,533967_13715_72472_0,1000,10:00,0.0,0.0,0.0
no07,533967_13715_72472_0,1015,10:15,0.0,0.0,0.0
no07,533967_13715_72472_0,1030,10:30,0.0,0.0,0.0
no07,533967_13715_72472_0,1045,10:45,0.0,0.0,0.0
no07,533967_13715_72472_0,1100,11:00,0.0,0.0,0.0
no07,533967_13715_72472_0,1115,11:15,0.0,0.0,0.0
no07,533967_13715_72472_0,1130,11:30,0.0,0.0,0.0
no07,533967_13715_72472_0,1145,11:45,0.0,0.0,0.0
no07,533967_13715_72472_0,1200,12:00,0.0,0.0,0.0
no07,533967_13715_72472_0,1215,12:15,0.0,0.0,0.0
no07,533967_13715_72472_0,1230,12:30,0.0,0.0,0.0
no07,533967_13715_72472_0,1245,12:45,0.0,0.0,0.0
no07,533967_13715_72472_0,1300,13:00,0.0,0.0,0.0
no07,533967_13715_72472_0,1315,13:15,0.0,0.0,0.0
no07,533967_13715_72472_0,1330,13:30,0.0,0.0,0.0
no07,533967_13715_72472_0,1345,13:45,0.0,0.0,0.0
no07,533967_13715_72472_0,1400,14:00,0.0,0.0,0.0
no07,533967_13715_72472_0,1415,14:15,0.0,0.0,0.0
no07,533967_13715_72472_0,1430,14:30,0.0,0.0,0.0
no07,533967_13715_72472_0,1445,14:45,0.0,0.0,0.0
no07,533967_13715_72472_0,1500,15:00,0.0,0.0,0.0
no07,533967_13715_72472_0,1515,15:15,0.0,0.0,0.0
no07,533967_13715_72472_0,1530,15:30,0.0,0.0,0.0
no07,533967_13715_72472_0,1545,15:45,0.0,0.0,0.0
no07,533967_13715_72472_0,1600,16:00,0.0,0.0,0.0
no07,533967_13715_72472_0,1615,16:15,0.0,0.0,0.0
no07,533967_13715_72472_0,1630,16:30,0.0,0.0,0.0
no07,533967_13715_72472_0,1645,16:45,0.0,0.0,0.0
no07,533967_13715_72472_0,1700,17:00,0.0,0.0,0.0
no07,533967_13715_72472_0,1715,17:15,0.0,0.0,0.0
no07,533967_13715_72472_0,1730,17:30,0.0,0.0,0.0
no07,533967_13715_72472_0,1745,17:45,0.0,0.0,0.0
no07,533967_13715_72472_0,1800,18:00,0.0,0.0,0.0
no07,533967_13715_72472_0,1815,18:15,0.0,0.0,0.0
no07,533967_13715_72472_0,1830,18:30,0.0,0.0,0.0
no07,533967_13715_72472_0,1845,18:45,0.0,0.0,0.0
no07,533967_13715_72472_1,630,06:30,0.0,0.0,0.0
no07,533967_13715_72472_1,645,06:45,0.0,0.0,0.0
no07,533967_13715_72472_1,700,07:00,0.0,0.0,0.0
no07,533967_13715_72472_1,715,07:15,0.0,0.0,0.0
no07,533967_13715_72472_1,730,07:30,0.0,0.0,0.0
no07,533967_13715_72472_1,745,07:45,0.0,0.0,0.0
no07,533967_13715_72472_1,800,08:00,0.0,0.0,0.0
no07,533967_13715_72472_1,815,08:15,0.0,0.0,0.0
no07,533967_13715_72472_1,830,08:30,0.0,0.0,0.0
no07,533967_13715_72472_1,845,08:45,0.0,0.0,0.0
no07,533967_13715_72472_1,900,09:00,0.0,0.0,0.0
no07,533967_13715_72472_1,915,09:15,0.0,0.0,0.0
no07,533967_13715_72472_1,930,09:30,0.0,0.0,0.0
no07,533967_13715_72472_1,945,09:45,0.0,0.0,0.0
no07,533967_13715_72472_1,1000,10:00,0.0,0.0,0.0
no07,533967_13715_72472_1,1015,10:15,0.0,0.0,0.0
no07,533967_13715_72472_1,1030,10:30,0.0,0.0,0.0
no07,533967_13715_72472_1,1045,10:45,0.0,0.0,0.0
no07,533967_13715_72472_1,1100,11:00,0.0,0.0,0.0
no07,533967_13715_72472_1,1115,11:15,0.0,0.0,0.0
no07,533967_13715_72472_1,1130,11:30,0.0,0.0,0.0
no07,533967_13715_72472_1,1145,11:45,0.0,0.0,0.0
no07,533967_13715_72472_1,1200,12:00,0.0,0.0,0.0
no07,533967_13715_72472_1,1215,12:15,0.0,0.0,0.0
no07,533967_13715_72472_1,1230,12:30,0.0,0.0,0.0
no07,533967_13715_72472_1,1245,12:45,0.0,0.0,0.0
no07,533967_13715_72472_1,1300,13:00,0.0,0.0,0.0
no07,533967_13715_72472_1,1315,13:15,0.0,0.0,0.0
no07,533967_13715_72472_1,1330,13:30,0.0,0.0,0.0
no07,533967_13715_72472_1,1345,13:45,0.0,0.0,0.0
no07,533967_13715_72472_1,1400,14:00,0.0,0.0,0.0
no07,533967_13715_72472_1,1415,14:15,0.0,0.0,0.0
no07,533967_13715_72472_1,1430,14:30,0.0,0.0,0.0
no07,533967_13715_72472_1,1445,14:45,0.0,0.0,0.0
no07,533967_13715_72472_1,1500,15:00,0.0,0.0,0.0
no07,533967_13715_72472_1,1515,15:15,0.0,0.0,0.0
no07,533967_13715_72472_1,1530,15:30,0.0,0.0,0.0
no07,533967_13715_72472_1,1545,15:45,0.0,0.0,0.0
no07,533967_13715_72472_1,1600,16:00,0.0,0.0,0.0
no07,533967_13715_72472_1,1615,16:15,0.0,0.0,0.0
no07,533967_13715_72472_1,1630,16:30,0.0,0.0,0.0
no07,533967_13715_72472_1,1645,16:45,0.0,0.0,0.0
no07,533967_13715_72472_1,1700,17:00,0.0,0.0,0.0
no07,533967_13715_72472_1,1715,17:15,0.0,0.0,0.0
no07,533967_13715_72472_1,1730,17:30,0.0,0.0,0.0
no07,533967_13715_72472_1,1745,17:45,0.0,0.0,0.0
no07,533967_13715_72472_1,1800,18:00,0.0,0.0,0.0
no07,533967_13715_72472_1,1815,18:15,0.0,0.0,0.0
no07,533967_13715_72472_1,1830,18:30,0.0,0.0,0.0
no07,533967_13715_72472_1,1845,18:45,0.0,0.0,0.0
no07,533967_13844_14155_1,630,06:30,20.45,20.57894736842105,0.12894736842105203
no07,533967_13844_14155_1,645,06:45,63.9,64.0,0.10000000000000142
no07,533967_13844_14155_1,700,07:00,68.8,68.3157894736842,-0.48421052631579187
no07,533967_13844_14155_1,715,07:15,82.8,82.57894736842105,-0.22105263157894228
no07,533967_13844_14155_1,730,07:30,75.55,75.6842105263158,0.13421052631579755
no07,533967_13844_14155_1,745,07:45,57.4,57.73684210526316,0.33684210526315894
no07,533967_13844_14155_1,800,08:00,64.9,64.6842105263158,-0.21578947368421098
no07,533967_13844_14155_1,815,08:15,107.9,106.10526315789474,-1.7947368421052659
no07,533967_13844_14155_1,830,08:30,96.9,98.42105263157896,1.5210526315789537
no07,533967_13844_14155_1,845,08:45,94.05,93.6842105263158,-0.36578947368420245
no07,533967_13844_14155_1,900,09:00,75.7,76.6842105263158,0.9842105263157919
no07,533967_13844_14155_1,915,09:15,74.2,74.3157894736842,0.11578947368420245
no07,533967_13844_14155_1,930,09:30,75.9,75.78947368421052,-0.11052631578948535
no07,533967_13844_14155_1,945,09:45,103.5,101.94736842105264,-1.5526315789473557
no07,533967_13844_14155_1,1000,10:00,108.15,108.05263157894736,-0.09736842105264998
no07,533967_13844_14155_1,1015,10:15,129.15,128.0,-1.1500000000000057
no07,533967_13844_14155_1,1030,10:30,117.85,118.26315789473684,0.41315789473684106
no07,533967_13844_14155_1,1045,10:45,104.7,107.47368421052632,2.773684210526312
no07,533967_13844_14155_1,1100,11:00,135.3,134.10526315789474,-1.1947368421052715
no07,533967_13844_14155_1,1115,11:15,69.55,69.73684210526316,0.18684210526316747
no07,533967_13844_14155_1,1130,11:30,123.8,123.63157894736842,-0.16842105263157237
no07,533967_13844_14155_1,1145,11:45,119.55,120.89473684210526,1.344736842105263
no07,533967_13844_14155_1,1200,12:00,95.2,93.47368421052632,-1.7263157894736878
no07,533967_13844_14155_1,1215,12:15,110.75,111.3157894736842,0.5657894736842053
no07,533967_13844_14155_1,1230,12:30,77.0,77.42105263157895,0.4210526315789451
no07,533967_13844_14155_1,1245,12:45,116.8,115.73684210526316,-1.0631578947368325
no07,533967_13844_14155_1,1300,13:00,118.15,119.26315789473684,1.1131578947368297
no07,533967_13844_14155_1,1315,13:15,117.4,118.05263157894736,0.65263157894735
no07,533967_13844_14155_1,1330,13:30,107.55,105.6842105263158,-1.8657894736842024
no07,533967_13844_14155_1,1345,13:45,75.8,77.0,1.2000000000000028
no07,533967_13844_14155_1,1400,14:00,80.05,80.47368421052632,0.4236842105263179
no07,533967_13844_14155_1,1415,14:15,130.9,129.89473684210526,-1.0052631578947455
no07,533967_13844_14155_1,1430,14:30,108.5,108.0,-0.5
no07,533967_13844_14155_1,1445,14:45,112.85,114.21052631578948,1.3605263157894854
no07,533967_13844_14155_1,1500,15:00,78.75,78.05263157894737,-0.6973684210526301
no07,533967_13844_14155_1,1515,15:15,80.0,78.94736842105263,-1.05263157894737
no07,533967_13844_14155_1,1530,15:30,132.9,134.42105263157896,1.5210526315789537
no07,533967_13844_14155_1,1545,15:45,106.4,106.21052631578948,-0.18947368421052602
no07,533967_13844_14155_1,1600,16:00,121.85,121.52631578947368,-0.32368421052630936
no07,533967_13844_14155_1,1615,16:15,93.75,96.26315789473684,2.5131578947368354
no07,533967_13844_14155_1,1630,16:30,85.95,84.78947368421052,-1.1605263157894825
no07,533967_13844_14155_1,1645,16:45,113.05,112.42105263157896,-0.6289473684210378
no07,533967_13844_14155_1,1700,17:00,118.4,116.52631578947368,-1.8736842105263207
no07,533967_13844_14155_1,1715,17:15,149.05,150.94736842105263,1.8973684210526187
no07,533967_13844_14155_1,1730,17:30,81.1,79.10526315789474,-1.9947368421052545
no07,533967_13844_14155_1,1745,17:45,95.9,94.89473684210526,-1.0052631578947455
no07,533967_13844_14155_1,1800,18:00,87.0,90.47368421052632,3.473684210526315
no07,533967_13844_14155_1,1815,18:15,91.8,80.36842105263158,-11.431578947368422
no07,533967_13844_14155_1,1830,18:30,86.9,98.3157894736842,11.4157894736842
no07,533967_13844_14155_1,1845,18:45,63.3,63.10526315789474,-0.19473684210525732
no07,533967_13891_14021_0,630,06:30,40.6,40.1578947368421,-0.4421052631578988
no07,533967_13891_14021_0,645,06:45,57.0,57.36842105263158,0.3684210526315823
no07,533967_13891_14021_0,700,07:00,34.3,35.63157894736842,1.3315789473684205
no07,533967_13891_14021_0,715,07:15,24.95,25.73684210526316,0.7868421052631618
no07,533967_13891_14021_0,730,07:30,44.9,49.10526315789474,4.205263157894741
no07,533967_13891_14021_0,745,07:45,39.45,41.42105263157895,1.9710526315789494
no07,533967_13891_14021_0,800,08:00,49.15,47.21052631578947,-1.939473684210526
no07,533967_13891_14021_0,815,08:15,59.4,60.21052631578947,0.810526315789474
no07,533967_13891_14021_0,830,08:30,58.8,62.42105263157895,3.621052631578955
no07,533967_13891_14021_0,845,08:45,70.75,78.52631578947368,7.776315789473685
no07,533967_13891_14021_0,900,09:00,42.6,44.05263157894737,1.4526315789473685
no07,533967_13891_14021_0,915,09:15,33.0,35.578947368421055,2.578947368421055
no07,533967_13891_14021_0,930,09:30,43.85,45.94736842105263,2.0973684210526287
no07,533967_13891_14021_0,945,09:45,41.1,53.526315789473685,12.426315789473684
no07,533967_13891_14021_0,1000,10:00,55.4,57.89473684210526,2.4947368421052616
no07,533967_13891_14021_0,1015,10:15,66.3,67.73684210526316,1.4368421052631675
no07,533967_13891_14021_0,1030,10:30,55.6,56.36842105263158,0.7684210526315809
no07,533967_13891_14021_0,1045,10:45,45.0,56.31578947368421,11.315789473684212
no07,533967_13891_14021_0,1100,11:00,51.6,60.1578947368421,8.557894736842101
no07,533967_13891_14021_0,1115,11:15,30.35,44.68421052631579,14.334210526315786
no07,533967_13891_14021_0,1130,11:30,45.55,48.36842105263158,2.818421052631585
no07,533967_13891_14021_0,1145,11:45,34.1,39.36842105263158,5.268421052631581
no07,533967_13891_14021_0,1200,12:00,30.3,41.63157894736842,11.331578947368417
no07,533967_13891_14021_0,1215,12:15,35.5,41.63157894736842,6.131578947368418
no07,533967_13891_14021_0,1230,12:30,40.45,42.1578947368421,1.7078947368420998
no07,533967_13891_14021_0,1245,12:45,46.25,46.89473684210526,0.6447368421052602
no07,533967_13891_14021_0,1300,13:00,60.8,62.73684210526316,1.9368421052631604
no07,533967_13891_14021_0,1315,13:15,38.2,39.526315789473685,1.3263157894736821
no07,533967_13891_14021_0,1330,13:30,30.1,33.10526315789474,3.0052631578947384
no07,533967_13891_14021_0,1345,13:45,23.1,26.526315789473685,3.4263157894736835
no07,533967_13891_14021_0,1400,14:00,32.0,37.0,5.0
no07,533967_13891_14021_0,1415,14:15,41.85,52.10526315789474,10.255263157894738
no07,533967_13891_14021_0,1430,14:30,63.05,65.89473684210526,2.844736842105263
no07,533967_13891_14021_0,1445,14:45,40.4,42.68421052631579,2.284210526315789
no07,533967_13891_14021_0,1500,15:00,36.25,48.8421052631579,12.592105263157897
no07,533967_13891_14021_0,1515,15:15,33.65,43.526315789473685,9.876315789473686
no07,533967_13891_14021_0,1530,15:30,49.65,50.63157894736842,0.9815789473684191
no07,533967_13891_14021_0,1545,15:45,42.75,42.36842105263158,-0.3815789473684177
no07,533967_13891_14021_0,1600,16:00,57.6,62.10526315789474,4.505263157894738
no07,533967_13891_14021_0,1615,16:15,38.1,38.1578947368421,0.057894736842101224
no07,533967_13891_14021_0,1630,16:30,76.45,75.73684210526316,-0.7131578947368382
no07,533967_13891_14021_0,1645,16:45,60.7,63.1578947368421,2.4578947368421
no07,533967_13891_14021_0,1700,17:00,60.65,65.42105263157895,4.7710526315789465
no07,533967_13891_14021_0,1715,17:15,72.3,76.42105263157895,4.121052631578948
no07,533967_13891_14021_0,1730,17:30,52.35,54.47368421052632,2.1236842105263207
no07,533967_13891_14021_0,1745,17:45,69.25,71.57894736842105,2.328947368421055
no07,533967_13891_14021_0,1800,18:00,65.6,66.94736842105263,1.3473684210526358
no07,533967_13891_14021_0,1815,18:15,35.3,31.210526315789476,-4.089473684210521
no07,533967_13891_14021_0,1830,18:30,32.7,42.1578947368421,9.4578947368421
no07,533967_13891_14021_0,1845,18:45,33.7,35.78947368421053,2.0894736842105246
no07,533967_13891_14021_1,630,06:30,19.9,19.94736842105263,0.047368421052631504
no07,533967_13891_14021_1,645,06:45,12.95,13.052631578947368,0.10263157894736885
no07,533967_13891_14021_1,700,07:00,19.4,19.31578947368421,-0.08421052631578974
no07,533967_13891_14021_1,715,07:15,32.05,32.1578947368421,0.10789473684210549
no07,533967_13891_14021_1,730,07:30,55.8,57.31578947368421,1.5157894736842152
no07,533967_13891_14021_1,745,07:45,49.3,49.36842105263158,0.06842105263158516
no07,533967_13891_14021_1,800,08:00,49.95,50.578947368421055,0.628947368421052
no07,533967_13891_14021_1,815,08:15,41.6,41.68421052631579,0.08421052631578618
no07,533967_13891_14021_1,830,08:30,54.0,53.47368421052632,-0.5263157894736779
no07,533967_13891_14021_1,845,08:45,43.3,43.10526315789474,-0.19473684210525732
no07,533967_13891_14021_1,900,09:00,45.75,44.89473684210526,-0.8552631578947398
no07,533967_13891_14021_1,915,09:15,33.1,32.73684210526316,-0.3631578947368439
no07,533967_13891_14021_1,930,09:30,34.3,35.26315789473684,0.9631578947368453
no07,533967_13891_14021_1,945,09:45,30.55,30.42105263157895,-0.12894736842105203
no07,533967_13891_14021_1,1000,10:00,36.95,37.42105263157895,0.4710526315789494
no07,533967_13891_14021_1,1015,10:15,42.0,40.68421052631579,-1.3157894736842124
no07,533967_13891_14021_1,1030,10:30,36.65,37.73684210526316,1.086842105263159
no07,533967_13891_14021_1,1045,10:45,42.35,41.8421052631579,-0.5078947368421041
no07,533967_13891_14021_1,1100,11:00,41.1,41.63157894736842,0.5315789473684163
no07,533967_13891_14021_1,1115,11:15,82.45,83.42105263157895,0.9710526315789423
no07,533967_13891_14021_1,1130,11:30,35.55,36.47368421052632,0.923684210526325
no07,533967_13891_14021_1,1145,11:45,52.85,52.578947368421055,-0.27105263157894655
no07,533967_13891_14021_1,1200,12:00,59.7,60.42105263157895,0.7210526315789494
no07,533967_13891_14021_1,1215,12:15,70.8,73.36842105263158,2.568421052631578
no07,533967_13891_14021_1,1230,12:30,76.4,75.78947368421052,-0.6105263157894854
no07,533967_13891_14021_1,1245,12:45,57.8,56.21052631578947,-1.5894736842105246
no07,533967_13891_14021_1,1300,13:00,61.2,61.10526315789474,-0.09473684210526301
no07,533967_13891_14021_1,1315,13:15,41.25,41.05263157894737,-0.19736842105263008
no07,533967_13891_14021_1,1330,13:30,62.05,62.1578947368421,0.10789473684210549
no07,533967_13891_14021_1,1345,13:45,43.55,43.526315789473685,-0.0236842105263122
no07,533967_13891_14021_1,1400,14:00,65.6,67.47368421052632,1.8736842105263207
no07,533967_13891_14021_1,1415,14:15,38.4,38.42105263157895,0.02105263157895365
no07,533967_13891_14021_1,1430,14:30,46.5,46.68421052631579,0.1842105263157876
no07,533967_13891_14021_1,1445,14:45,42.7,45.21052631578947,2.5105263157894697
no07,533967_13891_14021_1,1500,15:00,53.45,54.89473684210526,1.4447368421052573
no07,533967_13891_14021_1,1515,15:15,36.0,36.21052631578947,0.21052631578947256
no07,533967_13891_14021_1,1530,15:30,45.9,45.31578947368421,-0.5842105263157862
no07,533967_13891_14021_1,1545,15:45,34.5,34.36842105263158,-0.1315789473684177
no07,533967_13891_14021_1,1600,16:00,47.15,50.36842105263158,3.2184210526315837
no07,533967_13891_14021_1,1615,16:15,49.25,51.05263157894737,1.80263157894737
no07,533967_13891_14021_1,1630,16:30,62.7,61.578947368421055,-1.121052631578948
no07,533967_13891_14021_1,1645,16:45,60.3,59.36842105263158,-0.9315789473684148
no07,533967_13891_14021_1,1700,17:00,53.6,54.526315789473685,0.9263157894736835
no07,533967_13891_14021_1,1715,17:15,57.8,57.73684210526316,-0.06315789473683964
no07,533967_13891_14021_1,1730,17:30,59.9,59.73684210526316,-0.16315789473684106
no07,533967_13891_14021_1,1745,17:45,68.6,69.05263157894737,0.4526315789473756
no07,533967_13891_14021_1,1800,18:00,69.2,68.52631578947368,-0.6736842105263179
no07,533967_13891_14021_1,1815,18:15,60.4,59.21052631578947,-1.189473684210526
no07,533967_13891_14021_1,1830,18:30,75.9,76.47368421052632,0.5736842105263094
no07,533967_13891_14021_1,1845,18:45,37.45,37.05263157894737,-0.3973684210526329
no07,533967_13891_72276_0,630,06:30,0.0,0.0,0.0
no07,533967_13891_72276_0,645,06:45,0.0,0.0,0.0
no07,533967_13891_72276_0,700,07:00,0.0,0.0,0.0
no07,533967_13891_72276_0,715,07:15,0.0,0.0,0.0
no07,533967_13891_72276_0,730,07:30,0.0,0.0,0.0
no07,533967_13891_72276_0,745,07:45,0.0,0.0,0.0
no07,533967_13891_72276_0,800,08:00,0.0,0.0,0.0
no07,533967_13891_72276_0,815,08:15,0.0,0.0,0.0
no07,533967_13891_72276_0,830,08:30,0.0,0.0,0.0
no07,533967_13891_72276_0,845,08:45,0.0,0.0,0.0
no07,533967_13891_72276_0,900,09:00,0.0,0.0,0.0
no07,533967_13891_72276_0,915,09:15,0.0,0.0,0.0
no07,533967_13891_72276_0,930,09:30,0.0,0.0,0.0
no07,533967_13891_72276_0,945,09:45,0.0,0.0,0.0
no07,533967_13891_72276_0,1000,10:00,0.0,0.0,0.0
no07,533967_13891_72276_0,1015,10:15,0.0,0.0,0.0
no07,533967_13891_72276_0,1030,10:30,0.0,0.0,0.0
no07,533967_13891_72276_0,1045,10:45,0.0,0.0,0.0
no07,533967_13891_72276_0,1100,11:00,0.0,0.0,0.0
no07,533967_13891_72276_0,1115,11:15,0.0,0.0,0.0
no07,533967_13891_72276_0,1130,11:30,0.0,0.0,0.0
no07,533967_13891_72276_0,1145,11:45,0.0,0.0,0.0
no07,533967_13891_72276_0,1200,12:00,0.0,0.0,0.0
no07,533967_13891_72276_0,1215,12:15,0.0,0.0,0.0
no07,533967_13891_72276_0,1230,12:30,0.0,0.0,0.0
no07,533967_13891_72276_0,1245,12:45,0.0,0.0,0.0
no07,533967_13891_72276_0,1300,13:00,0.0,0.0,0.0
no07,533967_13891_72276_0,1315,13:15,0.0,0.0,0.0
no07,533967_13891_72276_0,1330,13:30,0.0,0.0,0.0
no07,533967_13891_72276_0,1345,13:45,0.0,0.0,0.0
no07,533967_13891_72276_0,1400,14:00,0.0,0.0,0.0
no07,533967_13891_72276_0,1415,14:15,0.0,0.0,0.0
no07,533967_13891_72276_0,1430,14:30,0.0,0.0,0.0
no07,533967_13891_72276_0,1445,14:45,0.0,0.0,0.0
no07,533967_13891_72276_0,1500,15:00,0.0,0.0,0.0
no07,533967_13891_72276_0,1515,15:15,0.0,0.0,0.0
no07,533967_13891_72276_0,1530,15:30,0.0,0.0,0.0
no07,533967_13891_72276_0,1545,15:45,0.0,0.0,0.0
no07,533967_13891_72276_0,1600,16:00,0.0,0.0,0.0
no07,533967_13891_72276_0,1615,16:15,0.0,0.0,0.0
no07,533967_13891_72276_0,1630,16:30,0.0,0.0,0.0
no07,533967_13891_72276_0,1645,16:45,0.0,0.0,0.0
no07,533967_13891_72276_0,1700,17:00,0.0,0.0,0.0
no07,533967_13891_72276_0,1715,17:15,0.0,0.0,0.0
no07,533967_13891_72276_0,1730,17:30,0.0,0.0,0.0
no07,533967_13891_72276_0,1745,17:45,0.0,0.0,0.0
no07,533967_13891_72276_0,1800,18:00,0.0,0.0,0.0
no07,533967_13891_72276_0,1815,18:15,0.0,0.0,0.0
no07,533967_13891_72276_0,1830,18:30,0.0,0.0,0.0
no07,533967_13891_72276_0,1845,18:45,0.0,0.0,0.0
no07,533967_13891_72276_1,630,06:30,0.0,0.0,0.0
no07,533967_13891_72276_1,645,06:45,0.0,0.0,0.0
no07,533967_13891_72276_1,700,07:00,0.0,0.0,0.0
no07,533967_13891_72276_1,715,07:15,0.0,0.0,0.0
no07,533967_13891_72276_1,730,07:30,0.0,0.0,0.0
no07,533967_13891_72276_1,745,07:45,0.0,0.0,0.0
no07,533967_13891_72276_1,800,08:00,0.0,0.0,0.0
no07,533967_13891_72276_1,815,08:15,0.0,0.0,0.0
no07,533967_13891_72276_1,830,08:30,0.0,0.0,0.0
no07,533967_13891_72276_1,845,08:45,0.0,0.0,0.0
no07,533967_13891_72276_1,900,09:00,0.0,0.0,0.0
no07,533967_13891_72276_1,915,09:15,0.0,0.0,0.0
no07,533967_13891_72276_1,930,09:30,0.0,0.0,0.0
no07,533967_13891_72276_1,945,09:45,0.0,0.0,0.0
no07,533967_13891_72276_1,1000,10:00,0.0,0.0,0.0
no07,533967_13891_72276_1,1015,10:15,0.0,0.0,0.0
no07,533967_13891_72276_1,1030,10:30,0.0,0.0,0.0
no07,533967_13891_72276_1,1045,10:45,0.0,0.0,0.0
no07,533967_13891_72276_1,1100,11:00,0.0,0.0,0.0
no07,533967_13891_72276_1,1115,11:15,0.0,0.0,0.0
no07,533967_13891_72276_1,1130,11:30,0.0,0.0,0.0
no07,533967_13891_72276_1,1145,11:45,0.0,0.0,0.0
no07,533967_13891_72276_1,1200,12:00,0.0,0.0,0.0
no07,533967_13891_72276_1,1215,12:15,0.0,0.0,0.0
no07,533967_13891_72276_1,1230,12:30,0.0,0.0,0.0
no07,533967_13891_72276_1,1245,12:45,0.0,0.0,0.0
no07,533967_13891_72276_1,1300,13:00,0.0,0.0,0.0
no07,533967_13891_72276_1,1315,13:15,0.0,0.0,0.0
no07,533967_13891_72276_1,1330,13:30,0.0,0.0,0.0
no07,533967_13891_72276_1,1345,13:45,0.0,0.0,0.0
no07,533967_13891_72276_1,1400,14:00,0.0,0.0,0.0
no07,533967_13891_72276_1,1415,14:15,0.0,0.0,0.0
no07,533967_13891_72276_1,1430,14:30,0.0,0.0,0.0
no07,533967_13891_72276_1,1445,14:45,0.0,0.0,0.0
no07,533967_13891_72276_1,1500,15:00,0.0,0.0,0.0
no07,533967_13891_72276_1,1515,15:15,0.0,0.0,0.0
no07,533967_13891_72276_1,1530,15:30,0.0,0.0,0.0
no07,533967_13891_72276_1,1545,15:45,0.0,0.0,0.0
no07,533967_13891_72276_1,1600,16:00,0.0,0.0,0.0
no07,533967_13891_72276_1,1615,16:15,0.0,0.0,0.0
no07,533967_13891_72276_1,1630,16:30,0.0,0.0,0.0
no07,533967_13891_72276_1,1645,16:45,0.0,0.0,0.0
no07,533967_13891_72276_1,1700,17:00,0.0,0.0,0.0
no07,533967_13891_72276_1,1715,17:15,0.0,0.0,0.0
no07,533967_13891_72276_1,1730,17:30,0.0,0.0,0.0
no07,533967_13891_72276_1,1745,17:45,0.0,0.0,0.0
no07,533967_13891_72276_1,1800,18:00,0.0,0.0,0.0
no07,533967_13891_72276_1,1815,18:15,0.0,0.0,0.0
no07,533967_13891_72276_1,1830,18:30,0.0,0.0,0.0
no07,533967_13891_72276_1,1845,18:45,0.0,0.0,0.0
no07,533967_14017_14018_0,630,06:30,44.7,44.73684210526316,0.03684210526315468
no07,533967_14017_14018_0,645,06:45,39.85,39.89473684210526,0.044736842105258745
no07,533967_14017_14018_0,700,07:00,43.1,43.10526315789474,0.005263157894738413
no07,533967_14017_14018_0,715,07:15,71.0,70.84210526315789,-0.15789473684210975
no07,533967_14017_14018_0,730,07:30,84.15,84.42105263157895,0.27105263157893944
no07,533967_14017_14018_0,745,07:45,85.95,85.84210526315789,-0.10789473684211259
no07,533967_14017_14018_0,800,08:00,73.65,73.47368421052632,-0.17631578947369064
no07,533967_14017_14018_0,815,08:15,105.0,105.15789473684212,0.15789473684212396
no07,533967_14017_14018_0,830,08:30,108.95,107.42105263157896,-1.5289473684210435
no07,533967_14017_14018_0,845,08:45,86.9,88.36842105263158,1.4684210526315695
no07,533967_14017_14018_0,900,09:00,67.95,68.0,0.04999999999999716
no07,533967_14017_14018_0,915,09:15,69.8,69.6842105263158,-0.11578947368420245
no07,533967_14017_14018_0,930,09:30,67.45,67.52631578947368,0.07631578947368212
no07,533967_14017_14018_0,945,09:45,66.75,66.73684210526316,-0.013157894736835374
no07,533967_14017_14018_0,1000,10:00,56.25,56.31578947368421,0.0657894736842124
no07,533967_14017_14018_0,1015,10:15,64.75,64.6842105263158,-0.06578947368420529
no07,533967_14017_14018_0,1030,10:30,53.0,53.05263157894737,0.05263157894736992
no07,533967_14017_14018_0,1045,10:45,51.0,51.0,0.0
no07,533967_14017_14018_0,1100,11:00,56.45,56.31578947368421,-0.13421052631579045
no07,533967_14017_14018_0,1115,11:15,48.4,48.42105263157895,0.02105263157895365
no07,533967_14017_14018_0,1130,11:30,41.95,41.94736842105263,-0.002631578947372759
no07,533967_14017_14018_0,1145,11:45,41.35,41.31578947368421,-0.034210526315789025
no07,533967_14017_14018_0,1200,12:00,55.2,55.26315789473684,0.06315789473683964
no07,533967_14017_14018_0,1215,12:15,76.7,76.63157894736842,-0.06842105263157805
no07,533967_14017_14018_0,1230,12:30,61.45,61.63157894736842,0.18157894736841484
no07,533967_14017_14018_0,1245,12:45,33.95,33.78947368421053,-0.1605263157894754
no07,533967_14017_14018_0,1300,13:00,50.65,50.68421052631579,0.034210526315789025
no07,533967_14017_14018_0,1315,13:15,47.65,47.68421052631579,0.034210526315789025
no07,533967_14017_14018_0,1330,13:30,38.0,38.0,0.0
no07,533967_14017_14018_0,1345,13:45,36.45,36.42105263157895,-0.028947368421050612
no07,533967_14017_14018_0,1400,14:00,38.85,38.8421052631579,-0.007894736842104066
no07,533967_14017_14018_0,1415,14:15,51.2,51.21052631578947,0.01052631578946972
no07,533967_14017_14018_0,1430,14:30,44.9,44.94736842105263,0.047368421052631504
no07,533967_14017_14018_0,1445,14:45,44.15,44.05263157894737,-0.09736842105262866
no07,533967_14017_14018_0,1500,15:00,46.4,46.47368421052632,0.07368421052632357
no07,533967_14017_14018_0,1515,15:15,40.8,40.8421052631579,0.0421052631579002
no07,533967_14017_14018_0,1530,15:30,54.1,54.05263157894737,-0.047368421052631504
no07,533967_14017_14018_0,1545,15:45,54.35,54.42105263157895,0.07105263157895081
no07,533967_14017_14018_0,1600,16:00,74.0,73.84210526315789,-0.15789473684210975
no07,533967_14017_14018_0,1615,16:15,55.35,55.42105263157895,0.07105263157895081
no07,533967_14017_14018_0,1630,16:30,74.25,74.3157894736842,0.06578947368420529
no07,533967_14017_14018_0,1645,16:45,64.7,64.73684210526316,0.036842105263161784
no07,533967_14017_14018_0,1700,17:00,63.95,63.89473684210526,-0.055263157894742676
no07,533967_14017_14018_0,1715,17:15,70.35,70.36842105263158,0.018421052631580892
no07,533967_14017_14018_0,1730,17:30,82.5,82.52631578947368,0.02631578947368496
no07,533967_14017_14018_0,1745,17:45,70.9,70.84210526315789,-0.057894736842115435
no07,533967_14017_14018_0,1800,18:00,83.55,83.42105263157895,-0.12894736842105203
no07,533967_14017_14018_0,1815,18:15,63.35,63.42105263157895,0.07105263157895081
no07,533967_14017_14018_0,1830,18:30,54.05,54.1578947368421,0.10789473684210549
no07,533967_14017_14018_0,1845,18:45,52.0,52.05263157894737,0.05263157894736992
no07,533967_14017_14018_1,630,06:30,82.8,82.57894736842105,-0.22105263157894228
no07,533967_14017_14018_1,645,06:45,96.7,96.94736842105264,0.24736842105264145
no07,533967_14017_14018_1,700,07:00,91.75,91.6842105263158,-0.06578947368420529
no07,533967_14017_14018_1,715,07:15,102.85,101.26315789473684,-1.586842105263159
no07,533967_14017_14018_1,730,07:30,97.35,98.52631578947368,1.1763157894736906
no07,533967_14017_14018_1,745,07:45,66.4,66.10526315789474,-0.29473684210526585
no07,533967_14017_14018_1,800,08:00,106.85,106.0,-0.8499999999999943
no07,533967_14017_14018_1,815,08:15,100.05,101.0,0.9500000000000028
no07,533967_14017_14018_1,830,08:30,98.6,99.0,0.4000000000000057
no07,533967_14017_14018_1,845,08:45,66.15,66.05263157894737,-0.09736842105263577
no07,533967_14017_14018_1,900,09:00,57.4,57.47368421052632,0.07368421052632357
no07,533967_14017_14018_1,915,09:15,49.2,49.21052631578947,0.01052631578946972
no07,533967_14017_14018_1,930,09:30,51.85,51.94736842105263,0.09736842105262866
no07,533967_14017_14018_1,945,09:45,51.2,51.26315789473684,0.06315789473683964
no07,533967_14017_14018_1,1000,10:00,43.95,44.21052631578947,0.2605263157894697
no07,533967_14017_14018_1,1015,10:15,47.0,46.63157894736842,-0.3684210526315823
no07,533967_14017_14018_1,1030,10:30,50.95,50.73684210526316,-0.21315789473684532
no07,533967_14017_14018_1,1045,10:45,52.2,52.63157894736842,0.43157894736841484
no07,533967_14017_14018_1,1100,11:00,40.05,39.78947368421053,-0.2605263157894697
no07,533967_14017_14018_1,1115,11:15,46.7,46.78947368421053,0.0894736842105246
no07,533967_14017_14018_1,1130,11:30,31.1,31.157894736842103,0.057894736842101224
no07,533967_14017_14018_1,1145,11:45,49.15,49.26315789473684,0.1131578947368439
no07,533967_14017_14018_1,1200,12:00,61.9,61.26315789473684,-0.6368421052631561
no07,533967_14017_14018_1,1215,12:15,59.05,59.526315789473685,0.4763157894736878
no07,533967_14017_14018_1,1230,12:30,59.35,59.10526315789474,-0.2447368421052616
no07,533967_14017_14018_1,1245,12:45,62.9,63.1578947368421,0.25789473684210407
no07,533967_14017_14018_1,1300,13:00,46.15,46.26315789473684,0.1131578947368439
no07,533967_14017_14018_1,1315,13:15,64.4,64.3157894736842,-0.0842105263158004
no07,533967_14017_14018_1,1330,13:30,40.65,40.78947368421053,0.13947368421052886
no07,533967_14017_14018_1,1345,13:45,34.6,34.473684210526315,-0.12631578947368638
no07,533967_14017_14018_1,1400,14:00,35.1,35.10526315789474,0.005263157894738413
no07,533967_14017_14018_1,1415,14:15,37.05,36.89473684210526,-0.155263157894737
no07,533967_14017_14018_1,1430,14:30,41.3,41.42105263157895,0.12105263157895507
no07,533967_14017_14018_1,1445,14:45,26.75,26.73684210526316,-0.013157894736838927
no07,533967_14017_14018_1,1500,15:00,27.85,27.73684210526316,-0.11315789473684035
no07,533967_14017_14018_1,1515,15:15,48.4,48.26315789473684,-0.1368421052631561
no07,533967_14017_14018_1,1530,15:30,32.55,32.94736842105263,0.3973684210526329
no07,533967_14017_14018_1,1545,15:45,44.5,44.31578947368421,-0.1842105263157876
no07,533967_14017_14018_1,1600,16:00,47.15,47.1578947368421,0.007894736842104066
no07,533967_14017_14018_1,1615,16:15,43.3,43.05263157894737,-0.24736842105262724
no07,533967_14017_14018_1,1630,16:30,36.95,37.42105263157895,0.4710526315789494
no07,533967_14017_14018_1,1645,16:45,49.9,49.68421052631579,-0.21578947368421098
no07,533967_14017_14018_1,1700,17:00,74.3,74.42105263157895,0.12105263157894797
no07,533967_14017_14018_1,1715,17:15,75.95,75.52631578947368,-0.4236842105263179
no07,533967_14017_14018_1,1730,17:30,52.0,52.36842105263158,0.3684210526315823
no07,533967_14017_14018_1,1745,17:45,63.95,61.526315789473685,-2.423684210526318
no07,533967_14017_14018_1,1800,18:00,42.2,44.47368421052632,2.2736842105263193
no07,533967_14017_14018_1,1815,18:15,66.1,65.05263157894737,-1.0473684210526244
no07,533967_14017_14018_1,1830,18:30,66.9,67.84210526315789,0.9421052631578846
no07,533967_14017_14018_1,1845,18:45,51.75,51.8421052631579,0.09210526315789735
no07,533967_14021_88656_0,630,06:30,0.0,0.0,0.0
no07,533967_14021_88656_0,645,06:45,0.0,0.0,0.0
no07,533967_14021_88656_0,700,07:00,0.0,0.0,0.0
no07,533967_14021_88656_0,715,07:15,0.0,0.0,0.0
no07,533967_14021_88656_0,730,07:30,0.0,0.0,0.0
no07,533967_14021_88656_0,745,07:45,0.0,0.0,0.0
no07,533967_14021_88656_0,800,08:00,0.0,0.0,0.0
no07,533967_14021_88656_0,815,08:15,0.0,0.0,0.0
no07,533967_14021_88656_0,830,08:30,0.0,0.0,0.0
no07,533967_14021_88656_0,845,08:45,0.0,0.0,0.0
no07,533967_14021_88656_0,900,09:00,0.0,0.0,0.0
no07,533967_14021_88656_0,915,09:15,0.0,0.0,0.0
no07,533967_14021_88656_0,930,09:30,0.0,0.0,0.0
no07,533967_14021_88656_0,945,09:45,0.0,0.0,0.0
no07,533967_14021_88656_0,1000,10:00,0.0,0.0,0.0
no07,533967_14021_88656_0,1015,10:15,0.0,0.0,0.0
no07,533967_14021_88656_0,1030,10:30,0.0,0.0,0.0
no07,533967_14021_88656_0,1045,10:45,0.0,0.0,0.0
no07,533967_14021_88656_0,1100,11:00,0.0,0.0,0.0
no07,533967_14021_88656_0,1115,11:15,0.0,0.0,0.0
no07,533967_14021_88656_0,1130,11:30,0.0,0.0,0.0
no07,533967_14021_88656_0,1145,11:45,0.0,0.0,0.0
no07,533967_14021_88656_0,1200,12:00,0.0,0.0,0.0
no07,533967_14021_88656_0,1215,12:15,0.0,0.0,0.0
no07,533967_14021_88656_0,1230,12:30,0.0,0.0,0.0
no07,533967_14021_88656_0,1245,12:45,0.0,0.0,0.0
no07,533967_14021_88656_0,1300,13:00,0.0,0.0,0.0
no07,533967_14021_88656_0,1315,13:15,0.0,0.0,0.0
no07,533967_14021_88656_0,1330,13:30,0.0,0.0,0.0
no07,533967_14021_88656_0,1345,13:45,0.0,0.0,0.0
no07,533967_14021_88656_0,1400,14:00,0.0,0.0,0.0
no07,533967_14021_88656_0,1415,14:15,0.0,0.0,0.0
no07,533967_14021_88656_0,1430,14:30,0.0,0.0,0.0
no07,533967_14021_88656_0,1445,14:45,0.0,0.0,0.0
no07,533967_14021_88656_0,1500,15:00,0.0,0.0,0.0
no07,533967_14021_88656_0,1515,15:15,0.0,0.0,0.0
no07,533967_14021_88656_0,1530,15:30,0.0,0.0,0.0
no07,533967_14021_88656_0,1545,15:45,0.0,0.0,0.0
no07,533967_14021_88656_0,1600,16:00,0.0,0.0,0.0
no07,533967_14021_88656_0,1615,16:15,0.0,0.0,0.0
no07,533967_14021_88656_0,1630,16:30,0.0,0.0,0.0
no07,533967_14021_88656_0,1645,16:45,0.0,0.0,0.0
no07,533967_14021_88656_0,1700,17:00,0.0,0.0,0.0
no07,533967_14021_88656_0,1715,17:15,0.0,0.0,0.0
no07,533967_14021_88656_0,1730,17:30,0.0,0.0,0.0
no07,533967_14021_88656_0,1745,17:45,0.0,0.0,0.0
no07,533967_14021_88656_0,1800,18:00,0.0,0.0,0.0
no07,533967_14021_88656_0,1815,18:15,0.0,0.0,0.0
no07,533967_14021_88656_0,1830,18:30,0.0,0.0,0.0
no07,533967_14021_88656_0,1845,18:45,0.0,0.0,0.0
no07,533967_14021_88656_1,630,06:30,0.0,0.0,0.0
no07,533967_14021_88656_1,645,06:45,0.0,0.0,0.0
no07,533967_14021_88656_1,700,07:00,0.0,0.0,0.0
no07,533967_14021_88656_1,715,07:15,0.0,0.0,0.0
no07,533967_14021_88656_1,730,07:30,0.0,0.0,0.0
no07,533967_14021_88656_1,745,07:45,0.0,0.0,0.0
no07,533967_14021_88656_1,800,08:00,0.0,0.0,0.0
no07,533967_14021_88656_1,815,08:15,0.0,0.0,0.0
no07,533967_14021_88656_1,830,08:30,0.0,0.0,0.0
no07,533967_14021_88656_1,845,08:45,0.0,0.0,0.0
no07,533967_14021_88656_1,900,09:00,0.0,0.0,0.0
no07,533967_14021_88656_1,915,09:15,0.0,0.0,0.0
no07,533967_14021_88656_1,930,09:30,0.0,0.0,0.0
no07,533967_14021_88656_1,945,09:45,0.0,0.0,0.0
no07,533967_14021_88656_1,1000,10:00,0.0,0.0,0.0
no07,533967_14021_88656_1,1015,10:15,0.0,0.0,0.0
no07,533967_14021_88656_1,1030,10:30,0.0,0.0,0.0
no07,533967_14021_88656_1,1045,10:45,0.0,0.0,0.0
no07,533967_14021_88656_1,1100,11:00,0.0,0.0,0.0
no07,533967_14021_88656_1,1115,11:15,0.0,0.0,0.0
no07,533967_14021_88656_1,1130,11:30,0.0,0.0,0.0
no07,533967_14021_88656_1,1145,11:45,0.0,0.0,0.0
no07,533967_14021_88656_1,1200,12:00,0.0,0.0,0.0
no07,533967_14021_88656_1,1215,12:15,0.0,0.0,0.0
no07,533967_14021_88656_1,1230,12:30,0.0,0.0,0.0
no07,533967_14021_88656_1,1245,12:45,0.0,0.0,0.0
no07,533967_14021_88656_1,1300,13:00,0.0,0.0,0.0
no07,533967_14021_88656_1,1315,13:15,0.0,0.0,0.0
no07,533967_14021_88656_1,1330,13:30,0.0,0.0,0.0
no07,533967_14021_88656_1,1345,13:45,0.0,0.0,0.0
no07,533967_14021_88656_1,1400,14:00,0.0,0.0,0.0
no07,533967_14021_88656_1,1415,14:15,0.0,0.0,0.0
no07,533967_14021_88656_1,1430,14:30,0.0,0.0,0.0
no07,533967_14021_88656_1,1445,14:45,0.0,0.0,0.0
no07,533967_14021_88656_1,1500,15:00,0.0,0.0,0.0
no07,533967_14021_88656_1,1515,15:15,0.0,0.0,0.0
no07,533967_14021_88656_1,1530,15:30,0.0,0.0,0.0
no07,533967_14021_88656_1,1545,15:45,0.0,0.0,0.0
no07,533967_14021_88656_1,1600,16:00,0.0,0.0,0.0
no07,533967_14021_88656_1,1615,16:15,0.0,0.0,0.0
no07,533967_14021_88656_1,1630,16:30,0.0,0.0,0.0
no07,533967_14021_88656_1,1645,16:45,0.0,0.0,0.0
no07,533967_14021_88656_1,1700,17:00,0.0,0.0,0.0
no07,533967_14021_88656_1,1715,17:15,0.0,0.0,0.0
no07,533967_14021_88656_1,1730,17:30,0.0,0.0,0.0
no07,533967_14021_88656_1,1745,17:45,0.0,0.0,0.0
no07,533967_14021_88656_1,1800,18:00,0.0,0.0,0.0
no07,533967_14021_88656_1,1815,18:15,0.0,0.0,0.0
no07,533967_14021_88656_1,1830,18:30,0.0,0.0,0.0
no07,533967_14021_88656_1,1845,18:45,0.0,0.0,0.0
no07,533967_14156_88894_0,630,06:30,0.0,0.0,0.0
no07,533967_14156_88894_0,645,06:45,0.0,0.0,0.0
no07,533967_14156_88894_0,700,07:00,0.0,0.0,0.0
no07,533967_14156_88894_0,715,07:15,0.0,0.0,0.0
no07,533967_14156_88894_0,730,07:30,0.0,0.0,0.0
no07,533967_14156_88894_0,745,07:45,0.0,0.0,0.0
no07,533967_14156_88894_0,800,08:00,0.0,0.0,0.0
no07,533967_14156_88894_0,815,08:15,0.0,0.0,0.0
no07,533967_14156_88894_0,830,08:30,0.0,0.0,0.0
no07,533967_14156_88894_0,845,08:45,0.0,0.0,0.0
no07,533967_14156_88894_0,900,09:00,0.0,0.0,0.0
no07,533967_14156_88894_0,915,09:15,0.0,0.0,0.0
no07,533967_14156_88894_0,930,09:30,0.0,0.0,0.0
no07,533967_14156_88894_0,945,09:45,0.0,0.0,0.0
no07,533967_14156_88894_0,1000,10:00,0.0,0.0,0.0
no07,533967_14156_88894_0,1015,10:15,0.0,0.0,0.0
no07,533967_14156_88894_0,1030,10:30,0.0,0.0,0.0
no07,533967_14156_88894_0,1045,10:45,0.0,0.0,0.0
no07,533967_14156_88894_0,1100,11:00,0.0,0.0,0.0
no07,533967_14156_88894_0,1115,11:15,0.0,0.0,0.0
no07,533967_14156_88894_0,1130,11:30,0.0,0.0,0.0
no07,533967_14156_88894_0,1145,11:45,0.0,0.0,0.0
no07,533967_14156_88894_0,1200,12:00,0.0,0.0,0.0
no07,533967_14156_88894_0,1215,12:15,0.0,0.0,0.0
no07,533967_14156_88894_0,1230,12:30,0.0,0.0,0.0
no07,533967_14156_88894_0,1245,12:45,0.0,0.0,0.0
no07,533967_14156_88894_0,1300,13:00,0.0,0.0,0.0
no07,533967_14156_88894_0,1315,13:15,0.0,0.0,0.0
no07,533967_14156_88894_0,1330,13:30,0.0,0.0,0.0
no07,533967_14156_88894_0,1345,13:45,0.0,0.0,0.0
no07,533967_14156_88894_0,1400,14:00,0.0,0.0,0.0
no07,533967_14156_88894_0,1415,14:15,0.0,0.0,0.0
no07,533967_14156_88894_0,1430,14:30,0.0,0.0,0.0
no07,533967_14156_88894_0,1445,14:45,0.0,0.0,0.0
no07,533967_14156_88894_0,1500,15:00,0.0,0.0,0.0
no07,533967_14156_88894_0,1515,15:15,0.0,0.0,0.0
no07,533967_14156_88894_0,1530,15:30,0.0,0.0,0.0
no07,533967_14156_88894_0,1545,15:45,0.0,0.0,0.0
no07,533967_14156_88894_0,1600,16:00,0.0,0.0,0.0
no07,533967_14156_88894_0,1615,16:15,0.0,0.0,0.0
no07,533967_14156_88894_0,1630,16:30,0.0,0.0,0.0
no07,533967_14156_88894_0,1645,16:45,0.0,0.0,0.0
no07,533967_14156_88894_0,1700,17:00,0.0,0.0,0.0
no07,533967_14156_88894_0,1715,17:15,0.0,0.0,0.0
no07,533967_14156_88894_0,1730,17:30,0.0,0.0,0.0
no07,533967_14156_88894_0,1745,17:45,0.0,0.0,0.0
no07,533967_14156_88894_0,1800,18:00,0.0,0.0,0.0
no07,533967_14156_88894_0,1815,18:15,0.0,0.0,0.0
no07,533967_14156_88894_0,1830,18:30,0.0,0.0,0.0
no07,533967_14156_88894_0,1845,18:45,0.0,0.0,0.0
no07,533967_14156_88894_1,630,06:30,0.0,0.0,0.0
no07,533967_14156_88894_1,645,06:45,0.0,0.0,0.0
no07,533967_14156_88894_1,700,07:00,0.0,0.0,0.0
no07,533967_14156_88894_1,715,07:15,0.0,0.0,0.0
no07,533967_14156_88894_1,730,07:30,0.0,0.0,0.0
no07,533967_14156_88894_1,745,07:45,0.0,0.0,0.0
no07,533967_14156_88894_1,800,08:00,0.0,0.0,0.0
no07,533967_14156_88894_1,815,08:15,0.0,0.0,0.0
no07,533967_14156_88894_1,830,08:30,0.0,0.0,0.0
no07,533967_14156_88894_1,845,08:45,0.0,0.0,0.0
no07,533967_14156_88894_1,900,09:00,0.0,0.0,0.0
no07,533967_14156_88894_1,915,09:15,0.0,0.0,0.0
no07,533967_14156_88894_1,930,09:30,0.0,0.0,0.0
no07,533967_14156_88894_1,945,09:45,0.0,0.0,0.0
no07,533967_14156_88894_1,1000,10:00,0.0,0.0,0.0
no07,533967_14156_88894_1,1015,10:15,0.0,0.0,0.0
no07,533967_14156_88894_1,1030,10:30,0.0,0.0,0.0
no07,533967_14156_88894_1,1045,10:45,0.0,0.0,0.0
no07,533967_14156_88894_1,1100,11:00,0.0,0.0,0.0
no07,533967_14156_88894_1,1115,11:15,0.0,0.0,0.0
no07,533967_14156_88894_1,1130,11:30,0.0,0.0,0.0
no07,533967_14156_88894_1,1145,11:45,0.0,0.0,0.0
no07,533967_14156_88894_1,1200,12:00,0.0,0.0,0.0
no07,533967_14156_88894_1,1215,12:15,0.0,0.0,0.0
no07,533967_14156_88894_1,1230,12:30,0.0,0.0,0.0
no07,533967_14156_88894_1,1245,12:45,0.0,0.0,0.0
no07,533967_14156_88894_1,1300,13:00,0.0,0.0,0.0
no07,533967_14156_88894_1,1315,13:15,0.0,0.0,0.0
no07,533967_14156_88894_1,1330,13:30,0.0,0.0,0.0
no07,533967_14156_88894_1,1345,13:45,0.0,0.0,0.0
no07,533967_14156_88894_1,1400,14:00,0.0,0.0,0.0
no07,533967_14156_88894_1,1415,14:15,0.0,0.0,0.0
no07,533967_14156_88894_1,1430,14:30,0.0,0.0,0.0
no07,533967_14156_88894_1,1445,14:45,0.0,0.0,0.0
no07,533967_14156_88894_1,1500,15:00,0.0,0.0,0.0
no07,533967_14156_88894_1,1515,15:15,0.0,0.0,0.0
no07,533967_14156_88894_1,1530,15:30,0.0,0.0,0.0
no07,533967_14156_88894_1,1545,15:45,0.0,0.0,0.0
no07,533967_14156_88894_1,1600,16:00,0.0,0.0,0.0
no07,533967_14156_88894_1,1615,16:15,0.0,0.0,0.0
no07,533967_14156_88894_1,1630,16:30,0.0,0.0,0.0
no07,533967_14156_88894_1,1645,16:45,0.0,0.0,0.0
no07,533967_14156_88894_1,1700,17:00,0.0,0.0,0.0
no07,533967_14156_88894_1,1715,17:15,0.0,0.0,0.0
no07,533967_14156_88894_1,1730,17:30,0.0,0.0,0.0
no07,533967_14156_88894_1,1745,17:45,0.0,0.0,0.0
no07,533967_14156_88894_1,1800,18:00,0.0,0.0,0.0
no07,533967_14156_88894_1,1815,18:15,0.0,0.0,0.0
no07,533967_14156_88894_1,1830,18:30,0.0,0.0,0.0
no07,533967_14156_88894_1,1845,18:45,0.0,0.0,0.0
no07,533967_72276_88656_0,630,06:30,0.0,0.0,0.0
no07,533967_72276_88656_0,645,06:45,0.0,0.0,0.0
no07,533967_72276_88656_0,700,07:00,0.0,0.0,0.0
no07,533967_72276_88656_0,715,07:15,0.0,0.0,0.0
no07,533967_72276_88656_0,730,07:30,0.0,0.0,0.0
no07,533967_72276_88656_0,745,07:45,0.0,0.0,0.0
no07,533967_72276_88656_0,800,08:00,0.0,0.0,0.0
no07,533967_72276_88656_0,815,08:15,0.0,0.0,0.0
no07,533967_72276_88656_0,830,08:30,0.0,0.0,0.0
no07,533967_72276_88656_0,845,08:45,0.0,0.0,0.0
no07,533967_72276_88656_0,900,09:00,0.0,0.0,0.0
no07,533967_72276_88656_0,915,09:15,0.0,0.0,0.0
no07,533967_72276_88656_0,930,09:30,0.0,0.0,0.0
no07,533967_72276_88656_0,945,09:45,0.0,0.0,0.0
no07,533967_72276_88656_0,1000,10:00,0.0,0.0,0.0
no07,533967_72276_88656_0,1015,10:15,0.0,0.0,0.0
no07,533967_72276_88656_0,1030,10:30,0.0,0.0,0.0
no07,533967_72276_88656_0,1045,10:45,0.0,0.0,0.0
no07,533967_72276_88656_0,1100,11:00,0.0,0.0,0.0
no07,533967_72276_88656_0,1115,11:15,0.0,0.0,0.0
no07,533967_72276_88656_0,1130,11:30,0.0,0.0,0.0
no07,533967_72276_88656_0,1145,11:45,0.0,0.0,0.0
no07,533967_72276_88656_0,1200,12:00,0.0,0.0,0.0
no07,533967_72276_88656_0,1215,12:15,0.0,0.0,0.0
no07,533967_72276_88656_0,1230,12:30,0.0,0.0,0.0
no07,533967_72276_88656_0,1245,12:45,0.0,0.0,0.0
no07,533967_72276_88656_0,1300,13:00,0.0,0.0,0.0
no07,533967_72276_88656_0,1315,13:15,0.0,0.0,0.0
no07,533967_72276_88656_0,1330,13:30,0.0,0.0,0.0
no07,533967_72276_88656_0,1345,13:45,0.0,0.0,0.0
no07,533967_72276_88656_0,1400,14:00,0.0,0.0,0.0
no07,533967_72276_88656_0,1415,14:15,0.0,0.0,0.0
no07,533967_72276_88656_0,1430,14:30,0.0,0.0,0.0
no07,533967_72276_88656_0,1445,14:45,0.0,0.0,0.0
no07,533967_72276_88656_0,1500,15:00,0.0,0.0,0.0
no07,533967_72276_88656_0,1515,15:15,0.0,0.0,0.0
no07,533967_72276_88656_0,1530,15:30,0.0,0.0,0.0
no07,533967_72276_88656_0,1545,15:45,0.0,0.0,0.0
no07,533967_72276_88656_0,1600,16:00,0.0,0.0,0.0
no07,533967_72276_88656_0,1615,16:15,0.0,0.0,0.0
no07,533967_72276_88656_0,1630,16:30,0.0,0.0,0.0
no07,533967_72276_88656_0,1645,16:45,0.0,0.0,0.0
no07,533967_72276_88656_0,1700,17:00,0.0,0.0,0.0
no07,533967_72276_88656_0,1715,17:15,0.0,0.0,0.0
no07,533967_72276_88656_0,1730,17:30,0.0,0.0,0.0
no07,533967_72276_88656_0,1745,17:45,0.0,0.0,0.0
no07,533967_72276_88656_0,1800,18:00,0.0,0.0,0.0
no07,533967_72276_88656_0,1815,18:15,0.0,0.0,0.0
no07,533967_72276_88656_0,1830,18:30,0.0,0.0,0.0
no07,533967_72276_88656_0,1845,18:45,0.0,0.0,0.0
no07,533967_72276_88656_1,630,06:30,0.0,0.0,0.0
no07,533967_72276_88656_1,645,06:45,0.0,0.0,0.0
no07,533967_72276_88656_1,700,07:00,0.0,0.0,0.0
no07,533967_72276_88656_1,715,07:15,0.0,0.0,0.0
no07,533967_72276_88656_1,730,07:30,0.0,0.0,0.0
no07,533967_72276_88656_1,745,07:45,0.0,0.0,0.0
no07,533967_72276_88656_1,800,08:00,0.0,0.0,0.0
no07,533967_72276_88656_1,815,08:15,0.0,0.0,0.0
no07,533967_72276_88656_1,830,08:30,0.0,0.0,0.0
no07,533967_72276_88656_1,845,08:45,0.0,0.0,0.0
no07,533967_72276_88656_1,900,09:00,0.0,0.0,0.0
no07,533967_72276_88656_1,915,09:15,0.0,0.0,0.0
no07,533967_72276_88656_1,930,09:30,0.0,0.0,0.0
no07,533967_72276_88656_1,945,09:45,0.0,0.0,0.0
no07,533967_72276_88656_1,1000,10:00,0.0,0.0,0.0
no07,533967_72276_88656_1,1015,10:15,0.0,0.0,0.0
no07,533967_72276_88656_1,1030,10:30,0.0,0.0,0.0
no07,533967_72276_88656_1,1045,10:45,0.0,0.0,0.0
no07,533967_72276_88656_1,1100,11:00,0.0,0.0,0.0
no07,533967_72276_88656_1,1115,11:15,0.0,0.0,0.0
no07,533967_72276_88656_1,1130,11:30,0.0,0.0,0.0
no07,533967_72276_88656_1,1145,11:45,0.0,0.0,0.0
no07,533967_72276_88656_1,1200,12:00,0.0,0.0,0.0
no07,533967_72276_88656_1,1215,12:15,0.0,0.0,0.0
no07,533967_72276_88656_1,1230,12:30,0.0,0.0,0.0
no07,533967_72276_88656_1,1245,12:45,0.0,0.0,0.0
no07,533967_72276_88656_1,1300,13:00,0.0,0.0,0.0
no07,533967_72276_88656_1,1315,13:15,0.0,0.0,0.0
no07,533967_72276_88656_1,1330,13:30,0.0,0.0,0.0
no07,533967_72276_88656_1,1345,13:45,0.0,0.0,0.0
no07,533967_72276_88656_1,1400,14:00,0.0,0.0,0.0
no07,533967_72276_88656_1,1415,14:15,0.0,0.0,0.0
no07,533967_72276_88656_1,1430,14:30,0.0,0.0,0.0
no07,533967_72276_88656_1,1445,14:45,0.0,0.0,0.0
no07,533967_72276_88656_1,1500,15:00,0.0,0.0,0.0
no07,533967_72276_88656_1,1515,15:15,0.0,0.0,0.0
no07,533967_72276_88656_1,1530,15:30,0.0,0.0,0.0
no07,533967_72276_88656_1,1545,15:45,0.0,0.0,0.0
no07,533967_72276_88656_1,1600,16:00,0.0,0.0,0.0
no07,533967_72276_88656_1,1615,16:15,0.0,0.0,0.0
no07,533967_72276_88656_1,1630,16:30,0.0,0.0,0.0
no07,533967_72276_88656_1,1645,16:45,0.0,0.0,0.0
no07,533967_72276_88656_1,1700,17:00,0.0,0.0,0.0
no07,533967_72276_88656_1,1715,17:15,0.0,0.0,0.0
no07,533967_72276_88656_1,1730,17:30,0.0,0.0,0.0
no07,533967_72276_88656_1,1745,17:45,0.0,0.0,0.0
no07,533967_72276_88656_1,1800,18:00,0.0,0.0,0.0
no07,533967_72276_88656_1,1815,18:15,0.0,0.0,0.0
no07,533967_72276_88656_1,1830,18:30,0.0,0.0,0.0
no07,533967_72276_88656_1,1845,18:45,0.0,0.0,0.0
no07,533967_74224_88894_0,630,06:30,0.0,0.0,0.0
no07,533967_74224_88894_0,645,06:45,0.0,0.0,0.0
no07,533967_74224_88894_0,700,07:00,0.0,0.0,0.0
no07,533967_74224_88894_0,715,07:15,0.0,0.0,0.0
no07,533967_74224_88894_0,730,07:30,0.0,0.0,0.0
no07,533967_74224_88894_0,745,07:45,0.0,0.0,0.0
no07,533967_74224_88894_0,800,08:00,0.0,0.0,0.0
no07,533967_74224_88894_0,815,08:15,0.0,0.0,0.0
no07,533967_74224_88894_0,830,08:30,0.0,0.0,0.0
no07,533967_74224_88894_0,845,08:45,0.0,0.0,0.0
no07,533967_74224_88894_0,900,09:00,0.0,0.0,0.0
no07,533967_74224_88894_0,915,09:15,0.0,0.0,0.0
no07,533967_74224_88894_0,930,09:30,0.0,0.0,0.0
no07,533967_74224_88894_0,945,09:45,0.0,0.0,0.0
no07,533967_74224_88894_0,1000,10:00,0.0,0.0,0.0
no07,533967_74224_88894_0,1015,10:15,0.0,0.0,0.0
no07,533967_74224_88894_0,1030,10:30,0.0,0.0,0.0
no07,533967_74224_88894_0,1045,10:45,0.0,0.0,0.0
no07,533967_74224_88894_0,1100,11:00,0.0,0.0,0.0
no07,533967_74224_88894_0,1115,11:15,0.0,0.0,0.0
no07,533967_74224_88894_0,1130,11:30,0.0,0.0,0.0
no07,533967_74224_88894_0,1145,11:45,0.0,0.0,0.0
no07,533967_74224_88894_0,1200,12:00,0.0,0.0,0.0
no07,533967_74224_88894_0,1215,12:15,0.0,0.0,0.0
no07,533967_74224_88894_0,1230,12:30,0.0,0.0,0.0
no07,533967_74224_88894_0,1245,12:45,0.0,0.0,0.0
no07,533967_74224_88894_0,1300,13:00,0.0,0.0,0.0
no07,533967_74224_88894_0,1315,13:15,0.0,0.0,0.0
no07,533967_74224_88894_0,1330,13:30,0.0,0.0,0.0
no07,533967_74224_88894_0,1345,13:45,0.0,0.0,0.0
no07,533967_74224_88894_0,1400,14:00,0.0,0.0,0.0
no07,533967_74224_88894_0,1415,14:15,0.0,0.0,0.0
no07,533967_74224_88894_0,1430,14:30,0.0,0.0,0.0
no07,533967_74224_88894_0,1445,14:45,0.0,0.0,0.0
no07,533967_74224_88894_0,1500,15:00,0.0,0.0,0.0
no07,533967_74224_88894_0,1515,15:15,0.0,0.0,0.0
no07,533967_74224_88894_0,1530,15:30,0.0,0.0,0.0
no07,533967_74224_88894_0,1545,15:45,0.0,0.0,0.0
no07,533967_74224_88894_0,1600,16:00,0.0,0.0,0.0
no07,533967_74224_88894_0,1615,16:15,0.0,0.0,0.0
no07,533967_74224_88894_0,1630,16:30,0.0,0.0,0.0
no07,533967_74224_88894_0,1645,16:45,0.0,0.0,0.0
no07,533967_74224_88894_0,1700,17:00,0.0,0.0,0.0
no07,533967_74224_88894_0,1715,17:15,0.0,0.0,0.0
no07,533967_74224_88894_0,1730,17:30,0.0,0.0,0.0
no07,533967_74224_88894_0,1745,17:45,0.0,0.0,0.0
no07,533967_74224_88894_0,1800,18:00,0.0,0.0,0.0
no07,533967_74224_88894_0,1815,18:15,0.0,0.0,0.0
no07,533967_74224_88894_0,1830,18:30,0.0,0.0,0.0
no07,533967_74224_88894_0,1845,18:45,0.0,0.0,0.0
no07,533967_74224_88894_1,630,06:30,0.0,0.0,0.0
no07,533967_74224_88894_1,645,06:45,0.0,0.0,0.0
no07,533967_74224_88894_1,700,07:00,0.0,0.0,0.0
no07,533967_74224_88894_1,715,07:15,0.0,0.0,0.0
no07,533967_74224_88894_1,730,07:30,0.0,0.0,0.0
no07,533967_74224_88894_1,745,07:45,0.0,0.0,0.0
no07,533967_74224_88894_1,800,08:00,0.0,0.0,0.0
no07,533967_74224_88894_1,815,08:15,0.0,0.0,0.0
no07,533967_74224_88894_1,830,08:30,0.0,0.0,0.0
no07,533967_74224_88894_1,845,08:45,0.0,0.0,0.0
no07,533967_74224_88894_1,900,09:00,0.0,0.0,0.0
no07,533967_74224_88894_1,915,09:15,0.0,0.0,0.0
no07,533967_74224_88894_1,930,09:30,0.0,0.0,0.0
no07,533967_74224_88894_1,945,09:45,0.0,0.0,0.0
no07,533967_74224_88894_1,1000,10:00,0.0,0.0,0.0
no07,533967_74224_88894_1,1015,10:15,0.0,0.0,0.0
no07,533967_74224_88894_1,1030,10:30,0.0,0.0,0.0
no07,533967_74224_88894_1,1045,10:45,0.0,0.0,0.0
no07,533967_74224_88894_1,1100,11:00,0.0,0.0,0.0
no07,533967_74224_88894_1,1115,11:15,0.0,0.0,0.0
no07,533967_74224_88894_1,1130,11:30,0.0,0.0,0.0
no07,533967_74224_88894_1,1145,11:45,0.0,0.0,0.0
no07,533967_74224_88894_1,1200,12:00,0.0,0.0,0.0
no07,533967_74224_88894_1,1215,12:15,0.0,0.0,0.0
no07,533967_74224_88894_1,1230,12:30,0.0,0.0,0.0
no07,533967_74224_88894_1,1245,12:45,0.0,0.0,0.0
no07,533967_74224_88894_1,1300,13:00,0.0,0.0,0.0
no07,533967_74224_88894_1,1315,13:15,0.0,0.0,0.0
no07,533967_74224_88894_1,1330,13:30,0.0,0.0,0.0
no07,533967_74224_88894_1,1345,13:45,0.0,0.0,0.0
no07,533967_74224_88894_1,1400,14:00,0.0,0.0,0.0
no07,533967_74224_88894_1,1415,14:15,0.0,0.0,0.0
no07,533967_74224_88894_1,1430,14:30,0.0,0.0,0.0
no07,533967_74224_88894_1,1445,14:45,0.0,0.0,0.0
no07,533967_74224_88894_1,1500,15:00,0.0,0.0,0.0
no07,533967_74224_88894_1,1515,15:15,0.0,0.0,0.0
no07,533967_74224_88894_1,1530,15:30,0.0,0.0,0.0
no07,533967_74224_88894_1,1545,15:45,0.0,0.0,0.0
no07,533967_74224_88894_1,1600,16:00,0.0,0.0,0.0
no07,533967_74224_88894_1,1615,16:15,0.0,0.0,0.0
no07,533967_74224_88894_1,1630,16:30,0.0,0.0,0.0
no07,533967_74224_88894_1,1645,16:45,0.0,0.0,0.0
no07,533967_74224_88894_1,1700,17:00,0.0,0.0,0.0
no07,533967_74224_88894_1,1715,17:15,0.0,0.0,0.0
no07,533967_74224_88894_1,1730,17:30,0.0,0.0,0.0
no07,533967_74224_88894_1,1745,17:45,0.0,0.0,0.0
no07,533967_74224_88894_1,1800,18:00,0.0,0.0,0.0
no07,533967_74224_88894_1,1815,18:15,0.0,0.0,0.0
no07,533967_74224_88894_1,1830,18:30,0.0,0.0,0.0
no07,533967_74224_88894_1,1845,18:45,0.0,0.0,0.0
no07,533967_87767_87768_0,630,06:30,0.0,0.0,0.0
no07,533967_87767_87768_0,645,06:45,0.0,0.0,0.0
no07,533967_87767_87768_0,700,07:00,0.0,0.0,0.0
no07,533967_87767_87768_0,715,07:15,0.0,0.0,0.0
no07,533967_87767_87768_0,730,07:30,0.0,0.0,0.0
no07,533967_87767_87768_0,745,07:45,0.0,0.0,0.0
no07,533967_87767_87768_0,800,08:00,0.0,0.0,0.0
no07,533967_87767_87768_0,815,08:15,0.0,0.0,0.0
no07,533967_87767_87768_0,830,08:30,0.0,0.0,0.0
no07,533967_87767_87768_0,845,08:45,0.0,0.0,0.0
no07,533967_87767_87768_0,900,09:00,0.0,0.0,0.0
no07,533967_87767_87768_0,915,09:15,0.0,0.0,0.0
no07,533967_87767_87768_0,930,09:30,0.0,0.0,0.0
no07,533967_87767_87768_0,945,09:45,0.0,0.0,0.0
no07,533967_87767_87768_0,1000,10:00,0.0,0.0,0.0
no07,533967_87767_87768_0,1015,10:15,0.0,0.0,0.0
no07,533967_87767_87768_0,1030,10:30,0.0,0.0,0.0
no07,533967_87767_87768_0,1045,10:45,0.0,0.0,0.0
no07,533967_87767_87768_0,1100,11:00,0.0,0.0,0.0
no07,533967_87767_87768_0,1115,11:15,0.0,0.0,0.0
no07,533967_87767_87768_0,1130,11:30,0.0,0.0,0.0
no07,533967_87767_87768_0,1145,11:45,0.0,0.0,0.0
no07,533967_87767_87768_0,1200,12:00,0.0,0.0,0.0
no07,533967_87767_87768_0,1215,12:15,0.0,0.0,0.0
no07,533967_87767_87768_0,1230,12:30,0.0,0.0,0.0
no07,533967_87767_87768_0,1245,12:45,0.0,0.0,0.0
no07,533967_87767_87768_0,1300,13:00,0.0,0.0,0.0
no07,533967_87767_87768_0,1315,13:15,0.0,0.0,0.0
no07,533967_87767_87768_0,1330,13:30,0.0,0.0,0.0
no07,533967_87767_87768_0,1345,13:45,0.0,0.0,0.0
no07,533967_87767_87768_0,1400,14:00,0.0,0.0,0.0
no07,533967_87767_87768_0,1415,14:15,0.0,0.0,0.0
no07,533967_87767_87768_0,1430,14:30,0.0,0.0,0.0
no07,533967_87767_87768_0,1445,14:45,0.0,0.0,0.0
no07,533967_87767_87768_0,1500,15:00,0.0,0.0,0.0
no07,533967_87767_87768_0,1515,15:15,0.0,0.0,0.0
no07,533967_87767_87768_0,1530,15:30,0.0,0.0,0.0
no07,533967_87767_87768_0,1545,15:45,0.0,0.0,0.0
no07,533967_87767_87768_0,1600,16:00,0.0,0.0,0.0
no07,533967_87767_87768_0,1615,16:15,0.0,0.0,0.0
no07,533967_87767_87768_0,1630,16:30,0.0,0.0,0.0
no07,533967_87767_87768_0,1645,16:45,0.0,0.0,0.0
no07,533967_87767_87768_0,1700,17:00,0.0,0.0,0.0
no07,533967_87767_87768_0,1715,17:15,0.0,0.0,0.0
no07,533967_87767_87768_0,1730,17:30,0.0,0.0,0.0
no07,533967_87767_87768_0,1745,17:45,0.0,0.0,0.0
no07,533967_87767_87768_0,1800,18:00,0.0,0.0,0.0
no07,533967_87767_87768_0,1815,18:15,0.0,0.0,0.0
no07,533967_87767_87768_0,1830,18:30,0.0,0.0,0.0
no07,533967_87767_87768_0,1845,18:45,0.0,0.0,0.0
no07,533967_87767_87768_1,630,06:30,0.0,0.0,0.0
no07,533967_87767_87768_1,645,06:45,0.0,0.0,0.0
no07,533967_87767_87768_1,700,07:00,0.0,0.0,0.0
no07,533967_87767_87768_1,715,07:15,0.0,0.0,0.0
no07,533967_87767_87768_1,730,07:30,0.0,0.0,0.0
no07,533967_87767_87768_1,745,07:45,0.0,0.0,0.0
no07,533967_87767_87768_1,800,08:00,0.0,0.0,0.0
no07,533967_87767_87768_1,815,08:15,0.0,0.0,0.0
no07,533967_87767_87768_1,830,08:30,0.0,0.0,0.0
no07,533967_87767_87768_1,845,08:45,0.0,0.0,0.0
no07,533967_87767_87768_1,900,09:00,0.0,0.0,0.0
no07,533967_87767_87768_1,915,09:15,0.0,0.0,0.0
no07,533967_87767_87768_1,930,09:30,0.0,0.0,0.0
no07,533967_87767_87768_1,945,09:45,0.0,0.0,0.0
no07,533967_87767_87768_1,1000,10:00,0.0,0.0,0.0
no07,533967_87767_87768_1,1015,10:15,0.0,0.0,0.0
no07,533967_87767_87768_1,1030,10:30,0.0,0.0,0.0
no07,533967_87767_87768_1,1045,10:45,0.0,0.0,0.0
no07,533967_87767_87768_1,1100,11:00,0.0,0.0,0.0
no07,533967_87767_87768_1,1115,11:15,0.0,0.0,0.0
no07,533967_87767_87768_1,1130,11:30,0.0,0.0,0.0
no07,533967_87767_87768_1,1145,11:45,0.0,0.0,0.0
no07,533967_87767_87768_1,1200,12:00,0.0,0.0,0.0
no07,533967_87767_87768_1,1215,12:15,0.0,0.0,0.0
no07,533967_87767_87768_1,1230,12:30,0.0,0.0,0.0
no07,533967_87767_87768_1,1245,12:45,0.0,0.0,0.0
no07,533967_87767_87768_1,1300,13:00,0.0,0.0,0.0
no07,533967_87767_87768_1,1315,13:15,0.0,0.0,0.0
no07,533967_87767_87768_1,1330,13:30,0.0,0.0,0.0
no07,533967_87767_87768_1,1345,13:45,0.0,0.0,0.0
no07,533967_87767_87768_1,1400,14:00,0.0,0.0,0.0
no07,533967_87767_87768_1,1415,14:15,0.0,0.0,0.0
no07,533967_87767_87768_1,1430,14:30,0.0,0.0,0.0
no07,533967_87767_87768_1,1445,14:45,0.0,0.0,0.0
no07,533967_87767_87768_1,1500,15:00,0.0,0.0,0.0
no07,533967_87767_87768_1,1515,15:15,0.0,0.0,0.0
no07,533967_87767_87768_1,1530,15:30,0.0,0.0,0.0
no07,533967_87767_87768_1,1545,15:45,0.0,0.0,0.0
no07,533967_87767_87768_1,1600,16:00,0.0,0.0,0.0
no07,533967_87767_87768_1,1615,16:15,0.0,0.0,0.0
no07,533967_87767_87768_1,1630,16:30,0.0,0.0,0.0
no07,533967_87767_87768_1,1645,16:45,0.0,0.0,0.0
no07,533967_87767_87768_1,1700,17:00,0.0,0.0,0.0
no07,533967_87767_87768_1,1715,17:15,0.0,0.0,0.0
no07,533967_87767_87768_1,1730,17:30,0.0,0.0,0.0
no07,533967_87767_87768_1,1745,17:45,0.0,0.0,0.0
no07,533967_87767_87768_1,1800,18:00,0.0,0.0,0.0
no07,533967_87767_87768_1,1815,18:15,0.0,0.0,0.0
no07,533967_87767_87768_1,1830,18:30,0.0,0.0,0.0
no07,533967_87767_87768_1,1845,18:45,0.0,0.0,0.0
no07,533967_87767_88200_0,630,06:30,0.0,0.0,0.0
no07,533967_87767_88200_0,645,06:45,0.0,0.0,0.0
no07,533967_87767_88200_0,700,07:00,0.0,0.0,0.0
no07,533967_87767_88200_0,715,07:15,0.0,0.0,0.0
no07,533967_87767_88200_0,730,07:30,0.0,0.0,0.0
no07,533967_87767_88200_0,745,07:45,0.0,0.0,0.0
no07,533967_87767_88200_0,800,08:00,0.0,0.0,0.0
no07,533967_87767_88200_0,815,08:15,0.0,0.0,0.0
no07,533967_87767_88200_0,830,08:30,0.0,0.0,0.0
no07,533967_87767_88200_0,845,08:45,0.0,0.0,0.0
no07,533967_87767_88200_0,900,09:00,0.0,0.0,0.0
no07,533967_87767_88200_0,915,09:15,0.0,0.0,0.0
no07,533967_87767_88200_0,930,09:30,0.0,0.0,0.0
no07,533967_87767_88200_0,945,09:45,0.0,0.0,0.0
no07,533967_87767_88200_0,1000,10:00,0.0,0.0,0.0
no07,533967_87767_88200_0,1015,10:15,0.0,0.0,0.0
no07,533967_87767_88200_0,1030,10:30,0.0,0.0,0.0
no07,533967_87767_88200_0,1045,10:45,0.0,0.0,0.0
no07,533967_87767_88200_0,1100,11:00,0.0,0.0,0.0
no07,533967_87767_88200_0,1115,11:15,0.0,0.0,0.0
no07,533967_87767_88200_0,1130,11:30,0.0,0.0,0.0
no07,533967_87767_88200_0,1145,11:45,0.0,0.0,0.0
no07,533967_87767_88200_0,1200,12:00,0.0,0.0,0.0
no07,533967_87767_88200_0,1215,12:15,0.0,0.0,0.0
no07,533967_87767_88200_0,1230,12:30,0.0,0.0,0.0
no07,533967_87767_88200_0,1245,12:45,0.0,0.0,0.0
no07,533967_87767_88200_0,1300,13:00,0.0,0.0,0.0
no07,533967_87767_88200_0,1315,13:15,0.0,0.0,0.0
no07,533967_87767_88200_0,1330,13:30,0.0,0.0,0.0
no07,533967_87767_88200_0,1345,13:45,0.0,0.0,0.0
no07,533967_87767_88200_0,1400,14:00,0.0,0.0,0.0
no07,533967_87767_88200_0,1415,14:15,0.0,0.0,0.0
no07,533967_87767_88200_0,1430,14:30,0.0,0.0,0.0
no07,533967_87767_88200_0,1445,14:45,0.0,0.0,0.0
no07,533967_87767_88200_0,1500,15:00,0.0,0.0,0.0
no07,533967_87767_88200_0,1515,15:15,0.0,0.0,0.0
no07,533967_87767_88200_0,1530,15:30,0.0,0.0,0.0
no07,533967_87767_88200_0,1545,15:45,0.0,0.0,0.0
no07,533967_87767_88200_0,1600,16:00,0.0,0.0,0.0
no07,533967_87767_88200_0,1615,16:15,0.0,0.0,0.0
no07,533967_87767_88200_0,1630,16:30,0.0,0.0,0.0
no07,533967_87767_88200_0,1645,16:45,0.0,0.0,0.0
no07,533967_87767_88200_0,1700,17:00,0.0,0.0,0.0
no07,533967_87767_88200_0,1715,17:15,0.0,0.0,0.0
no07,533967_87767_88200_0,1730,17:30,0.0,0.0,0.0
no07,533967_87767_88200_0,1745,17:45,0.0,0.0,0.0
no07,533967_87767_88200_0,1800,18:00,0.0,0.0,0.0
no07,533967_87767_88200_0,1815,18:15,0.0,0.0,0.0
no07,533967_87767_88200_0,1830,18:30,0.0,0.0,0.0
no07,533967_87767_88200_0,1845,18:45,0.0,0.0,0.0
no07,533967_87767_88200_1,630,06:30,0.0,0.0,0.0
no07,533967_87767_88200_1,645,06:45,0.0,0.0,0.0
no07,533967_87767_88200_1,700,07:00,0.0,0.0,0.0
no07,533967_87767_88200_1,715,07:15,0.0,0.0,0.0
no07,533967_87767_88200_1,730,07:30,0.0,0.0,0.0
no07,533967_87767_88200_1,745,07:45,0.0,0.0,0.0
no07,533967_87767_88200_1,800,08:00,0.0,0.0,0.0
no07,533967_87767_88200_1,815,08:15,0.0,0.0,0.0
no07,533967_87767_88200_1,830,08:30,0.0,0.0,0.0
no07,533967_87767_88200_1,845,08:45,0.0,0.0,0.0
no07,533967_87767_88200_1,900,09:00,0.0,0.0,0.0
no07,533967_87767_88200_1,915,09:15,0.0,0.0,0.0
no07,533967_87767_88200_1,930,09:30,0.0,0.0,0.0
no07,533967_87767_88200_1,945,09:45,0.0,0.0,0.0
no07,533967_87767_88200_1,1000,10:00,0.0,0.0,0.0
no07,533967_87767_88200_1,1015,10:15,0.0,0.0,0.0
no07,533967_87767_88200_1,1030,10:30,0.0,0.0,0.0
no07,533967_87767_88200_1,1045,10:45,0.0,0.0,0.0
no07,533967_87767_88200_1,1100,11:00,0.0,0.0,0.0
no07,533967_87767_88200_1,1115,11:15,0.0,0.0,0.0
no07,533967_87767_88200_1,1130,11:30,0.0,0.0,0.0
no07,533967_87767_88200_1,1145,11:45,0.0,0.0,0.0
no07,533967_87767_88200_1,1200,12:00,0.0,0.0,0.0
no07,533967_87767_88200_1,1215,12:15,0.0,0.0,0.0
no07,533967_87767_88200_1,1230,12:30,0.0,0.0,0.0
no07,533967_87767_88200_1,1245,12:45,0.0,0.0,0.0
no07,533967_87767_88200_1,1300,13:00,0.0,0.0,0.0
no07,533967_87767_88200_1,1315,13:15,0.0,0.0,0.0
no07,533967_87767_88200_1,1330,13:30,0.0,0.0,0.0
no07,533967_87767_88200_1,1345,13:45,0.0,0.0,0.0
no07,533967_87767_88200_1,1400,14:00,0.0,0.0,0.0
no07,533967_87767_88200_1,1415,14:15,0.0,0.0,0.0
no07,533967_87767_88200_1,1430,14:30,0.0,0.0,0.0
no07,533967_87767_88200_1,1445,14:45,0.0,0.0,0.0
no07,533967_87767_88200_1,1500,15:00,0.0,0.0,0.0
no07,533967_87767_88200_1,1515,15:15,0.0,0.0,0.0
no07,533967_87767_88200_1,1530,15:30,0.0,0.0,0.0
no07,533967_87767_88200_1,1545,15:45,0.0,0.0,0.0
no07,533967_87767_88200_1,1600,16:00,0.0,0.0,0.0
no07,533967_87767_88200_1,1615,16:15,0.0,0.0,0.0
no07,533967_87767_88200_1,1630,16:30,0.0,0.0,0.0
no07,533967_87767_88200_1,1645,16:45,0.0,0.0,0.0
no07,533967_87767_88200_1,1700,17:00,0.0,0.0,0.0
no07,533967_87767_88200_1,1715,17:15,0.0,0.0,0.0
no07,533967_87767_88200_1,1730,17:30,0.0,0.0,0.0
no07,533967_87767_88200_1,1745,17:45,0.0,0.0,0.0
no07,533967_87767_88200_1,1800,18:00,0.0,0.0,0.0
no07,533967_87767_88200_1,1815,18:15,0.0,0.0,0.0
no07,533967_87767_88200_1,1830,18:30,0.0,0.0,0.0
no07,533967_87767_88200_1,1845,18:45,0.0,0.0,0.0
no07,533967_87768_88199_0,630,06:30,0.0,0.0,0.0
no07,533967_87768_88199_0,645,06:45,0.0,0.0,0.0
no07,533967_87768_88199_0,700,07:00,0.0,0.0,0.0
no07,533967_87768_88199_0,715,07:15,0.0,0.0,0.0
no07,533967_87768_88199_0,730,07:30,0.0,0.0,0.0
no07,533967_87768_88199_0,745,07:45,0.0,0.0,0.0
no07,533967_87768_88199_0,800,08:00,0.0,0.0,0.0
no07,533967_87768_88199_0,815,08:15,0.0,0.0,0.0
no07,533967_87768_88199_0,830,08:30,0.0,0.0,0.0
no07,533967_87768_88199_0,845,08:45,0.0,0.0,0.0
no07,533967_87768_88199_0,900,09:00,0.0,0.0,0.0
no07,533967_87768_88199_0,915,09:15,0.0,0.0,0.0
no07,533967_87768_88199_0,930,09:30,0.0,0.0,0.0
no07,533967_87768_88199_0,945,09:45,0.0,0.0,0.0
no07,533967_87768_88199_0,1000,10:00,0.0,0.0,0.0
no07,533967_87768_88199_0,1015,10:15,0.0,0.0,0.0
no07,533967_87768_88199_0,1030,10:30,0.0,0.0,0.0
no07,533967_87768_88199_0,1045,10:45,0.0,0.0,0.0
no07,533967_87768_88199_0,1100,11:00,0.0,0.0,0.0
no07,533967_87768_88199_0,1115,11:15,0.0,0.0,0.0
no07,533967_87768_88199_0,1130,11:30,0.0,0.0,0.0
no07,533967_87768_88199_0,1145,11:45,0.0,0.0,0.0
no07,533967_87768_88199_0,1200,12:00,0.0,0.0,0.0
no07,533967_87768_88199_0,1215,12:15,0.0,0.0,0.0
no07,533967_87768_88199_0,1230,12:30,0.0,0.0,0.0
no07,533967_87768_88199_0,1245,12:45,0.0,0.0,0.0
no07,533967_87768_88199_0,1300,13:00,0.0,0.0,0.0
no07,533967_87768_88199_0,1315,13:15,0.0,0.0,0.0
no07,533967_87768_88199_0,1330,13:30,0.0,0.0,0.0
no07,533967_87768_88199_0,1345,13:45,0.0,0.0,0.0
no07,533967_87768_88199_0,1400,14:00,0.0,0.0,0.0
no07,533967_87768_88199_0,1415,14:15,0.0,0.0,0.0
no07,533967_87768_88199_0,1430,14:30,0.0,0.0,0.0
no07,533967_87768_88199_0,1445,14:45,0.0,0.0,0.0
no07,533967_87768_88199_0,1500,15:00,0.0,0.0,0.0
no07,533967_87768_88199_0,1515,15:15,0.0,0.0,0.0
no07,533967_87768_88199_0,1530,15:30,0.0,0.0,0.0
no07,533967_87768_88199_0,1545,15:45,0.0,0.0,0.0
no07,533967_87768_88199_0,1600,16:00,0.0,0.0,0.0
no07,533967_87768_88199_0,1615,16:15,0.0,0.0,0.0
no07,533967_87768_88199_0,1630,16:30,0.0,0.0,0.0
no07,533967_87768_88199_0,1645,16:45,0.0,0.0,0.0
no07,533967_87768_88199_0,1700,17:00,0.0,0.0,0.0
no07,533967_87768_88199_0,1715,17:15,0.0,0.0,0.0
no07,533967_87768_88199_0,1730,17:30,0.0,0.0,0.0
no07,533967_87768_88199_0,1745,17:45,0.0,0.0,0.0
no07,533967_87768_88199_0,1800,18:00,0.0,0.0,0.0
no07,533967_87768_88199_0,1815,18:15,0.0,0.0,0.0
no07,533967_87768_88199_0,1830,18:30,0.0,0.0,0.0
no07,533967_87768_88199_0,1845,18:45,0.0,0.0,0.0
no07,533967_87768_88199_1,630,06:30,0.0,0.0,0.0
no07,533967_87768_88199_1,645,06:45,0.0,0.0,0.0
no07,533967_87768_88199_1,700,07:00,0.0,0.0,0.0
no07,533967_87768_88199_1,715,07:15,0.0,0.0,0.0
no07,533967_87768_88199_1,730,07:30,0.0,0.0,0.0
no07,533967_87768_88199_1,745,07:45,0.0,0.0,0.0
no07,533967_87768_88199_1,800,08:00,0.0,0.0,0.0
no07,533967_87768_88199_1,815,08:15,0.0,0.0,0.0
no07,533967_87768_88199_1,830,08:30,0.0,0.0,0.0
no07,533967_87768_88199_1,845,08:45,0.0,0.0,0.0
no07,533967_87768_88199_1,900,09:00,0.0,0.0,0.0
no07,533967_87768_88199_1,915,09:15,0.0,0.0,0.0
no07,533967_87768_88199_1,930,09:30,0.0,0.0,0.0
no07,533967_87768_88199_1,945,09:45,0.0,0.0,0.0
no07,533967_87768_88199_1,1000,10:00,0.0,0.0,0.0
no07,533967_87768_88199_1,1015,10:15,0.0,0.0,0.0
no07,533967_87768_88199_1,1030,10:30,0.0,0.0,0.0
no07,533967_87768_88199_1,1045,10:45,0.0,0.0,0.0
no07,533967_87768_88199_1,1100,11:00,0.0,0.0,0.0
no07,533967_87768_88199_1,1115,11:15,0.0,0.0,0.0
no07,533967_87768_88199_1,1130,11:30,0.0,0.0,0.0
no07,533967_87768_88199_1,1145,11:45,0.0,0.0,0.0
no07,533967_87768_88199_1,1200,12:00,0.0,0.0,0.0
no07,533967_87768_88199_1,1215,12:15,0.0,0.0,0.0
no07,533967_87768_88199_1,1230,12:30,0.0,0.0,0.0
no07,533967_87768_88199_1,1245,12:45,0.0,0.0,0.0
no07,533967_87768_88199_1,1300,13:00,0.0,0.0,0.0
no07,533967_87768_88199_1,1315,13:15,0.0,0.0,0.0
no07,533967_87768_88199_1,1330,13:30,0.0,0.0,0.0
no07,533967_87768_88199_1,1345,13:45,0.0,0.0,0.0
no07,533967_87768_88199_1,1400,14:00,0.0,0.0,0.0
no07,533967_87768_88199_1,1415,14:15,0.0,0.0,0.0
no07,533967_87768_88199_1,1430,14:30,0.0,0.0,0.0
no07,533967_87768_88199_1,1445,14:45,0.0,0.0,0.0
no07,533967_87768_88199_1,1500,15:00,0.0,0.0,0.0
no07,533967_87768_88199_1,1515,15:15,0.0,0.0,0.0
no07,533967_87768_88199_1,1530,15:30,0.0,0.0,0.0
no07,533967_87768_88199_1,1545,15:45,0.0,0.0,0.0
no07,533967_87768_88199_1,1600,16:00,0.0,0.0,0.0
no07,533967_87768_88199_1,1615,16:15,0.0,0.0,0.0
no07,533967_87768_88199_1,1630,16:30,0.0,0.0,0.0
no07,533967_87768_88199_1,1645,16:45,0.0,0.0,0.0
no07,533967_87768_88199_1,1700,17:00,0.0,0.0,0.0
no07,533967_87768_88199_1,1715,17:15,0.0,0.0,0.0
no07,533967_87768_88199_1,1730,17:30,0.0,0.0,0.0
no07,533967_87768_88199_1,1745,17:45,0.0,0.0,0.0
no07,533967_87768_88199_1,1800,18:00,0.0,0.0,0.0
no07,533967_87768_88199_1,1815,18:15,0.0,0.0,0.0
no07,533967_87768_88199_1,1830,18:30,0.0,0.0,0.0
no07,533967_87768_88199_1,1845,18:45,0.0,0.0,0.0
no07,533967_87769_87770_0,630,06:30,0.0,0.0,0.0
no07,533967_87769_87770_0,645,06:45,0.0,0.0,0.0
no07,533967_87769_87770_0,700,07:00,0.0,0.0,0.0
no07,533967_87769_87770_0,715,07:15,0.0,0.0,0.0
no07,533967_87769_87770_0,730,07:30,0.0,0.0,0.0
no07,533967_87769_87770_0,745,07:45,0.0,0.0,0.0
no07,533967_87769_87770_0,800,08:00,0.0,0.0,0.0
no07,533967_87769_87770_0,815,08:15,0.0,0.0,0.0
no07,533967_87769_87770_0,830,08:30,0.0,0.0,0.0
no07,533967_87769_87770_0,845,08:45,0.0,0.0,0.0
no07,533967_87769_87770_0,900,09:00,0.0,0.0,0.0
no07,533967_87769_87770_0,915,09:15,0.0,0.0,0.0
no07,533967_87769_87770_0,930,09:30,0.0,0.0,0.0
no07,533967_87769_87770_0,945,09:45,0.0,0.0,0.0
no07,533967_87769_87770_0,1000,10:00,0.0,0.0,0.0
no07,533967_87769_87770_0,1015,10:15,0.0,0.0,0.0
no07,533967_87769_87770_0,1030,10:30,0.0,0.0,0.0
no07,533967_87769_87770_0,1045,10:45,0.0,0.0,0.0
no07,533967_87769_87770_0,1100,11:00,0.0,0.0,0.0
no07,533967_87769_87770_0,1115,11:15,0.0,0.0,0.0
no07,533967_87769_87770_0,1130,11:30,0.0,0.0,0.0
no07,533967_87769_87770_0,1145,11:45,0.0,0.0,0.0
no07,533967_87769_87770_0,1200,12:00,0.0,0.0,0.0
no07,533967_87769_87770_0,1215,12:15,0.0,0.0,0.0
no07,533967_87769_87770_0,1230,12:30,0.0,0.0,0.0
no07,533967_87769_87770_0,1245,12:45,0.0,0.0,0.0
no07,533967_87769_87770_0,1300,13:00,0.0,0.0,0.0
no07,533967_87769_87770_0,1315,13:15,0.0,0.0,0.0
no07,533967_87769_87770_0,1330,13:30,0.0,0.0,0.0
no07,533967_87769_87770_0,1345,13:45,0.0,0.0,0.0
no07,533967_87769_87770_0,1400,14:00,0.0,0.0,0.0
no07,533967_87769_87770_0,1415,14:15,0.0,0.0,0.0
no07,533967_87769_87770_0,1430,14:30,0.0,0.0,0.0
no07,533967_87769_87770_0,1445,14:45,0.0,0.0,0.0
no07,533967_87769_87770_0,1500,15:00,0.0,0.0,0.0
no07,533967_87769_87770_0,1515,15:15,0.0,0.0,0.0
no07,533967_87769_87770_0,1530,15:30,0.0,0.0,0.0
no07,533967_87769_87770_0,1545,15:45,0.0,0.0,0.0
no07,533967_87769_87770_0,1600,16:00,0.0,0.0,0.0
no07,533967_87769_87770_0,1615,16:15,0.0,0.0,0.0
no07,533967_87769_87770_0,1630,16:30,0.0,0.0,0.0
no07,533967_87769_87770_0,1645,16:45,0.0,0.0,0.0
no07,533967_87769_87770_0,1700,17:00,0.0,0.0,0.0
no07,533967_87769_87770_0,1715,17:15,0.0,0.0,0.0
no07,533967_87769_87770_0,1730,17:30,0.0,0.0,0.0
no07,533967_87769_87770_0,1745,17:45,0.0,0.0,0.0
no07,533967_87769_87770_0,1800,18:00,0.0,0.0,0.0
no07,533967_87769_87770_0,1815,18:15,0.0,0.0,0.0
no07,533967_87769_87770_0,1830,18:30,0.0,0.0,0.0
no07,533967_87769_87770_0,1845,18:45,0.0,0.0,0.0
no07,533967_87769_87770_1,630,06:30,0.0,0.0,0.0
no07,533967_87769_87770_1,645,06:45,0.0,0.0,0.0
no07,533967_87769_87770_1,700,07:00,0.0,0.0,0.0
no07,533967_87769_87770_1,715,07:15,0.0,0.0,0.0
no07,533967_87769_87770_1,730,07:30,0.0,0.0,0.0
no07,533967_87769_87770_1,745,07:45,0.0,0.0,0.0
no07,533967_87769_87770_1,800,08:00,0.0,0.0,0.0
no07,533967_87769_87770_1,815,08:15,0.0,0.0,0.0
no07,533967_87769_87770_1,830,08:30,0.0,0.0,0.0
no07,533967_87769_87770_1,845,08:45,0.0,0.0,0.0
no07,533967_87769_87770_1,900,09:00,0.0,0.0,0.0
no07,533967_87769_87770_1,915,09:15,0.0,0.0,0.0
no07,533967_87769_87770_1,930,09:30,0.0,0.0,0.0
no07,533967_87769_87770_1,945,09:45,0.0,0.0,0.0
no07,533967_87769_87770_1,1000,10:00,0.0,0.0,0.0
no07,533967_87769_87770_1,1015,10:15,0.0,0.0,0.0
no07,533967_87769_87770_1,1030,10:30,0.0,0.0,0.0
no07,533967_87769_87770_1,1045,10:45,0.0,0.0,0.0
no07,533967_87769_87770_1,1100,11:00,0.0,0.0,0.0
no07,533967_87769_87770_1,1115,11:15,0.0,0.0,0.0
no07,533967_87769_87770_1,1130,11:30,0.0,0.0,0.0
no07,533967_87769_87770_1,1145,11:45,0.0,0.0,0.0
no07,533967_87769_87770_1,1200,12:00,0.0,0.0,0.0
no07,533967_87769_87770_1,1215,12:15,0.0,0.0,0.0
no07,533967_87769_87770_1,1230,12:30,0.0,0.0,0.0
no07,533967_87769_87770_1,1245,12:45,0.0,0.0,0.0
no07,533967_87769_87770_1,1300,13:00,0.0,0.0,0.0
no07,533967_87769_87770_1,1315,13:15,0.0,0.0,0.0
no07,533967_87769_87770_1,1330,13:30,0.0,0.0,0.0
no07,533967_87769_87770_1,1345,13:45,0.0,0.0,0.0
no07,533967_87769_87770_1,1400,14:00,0.0,0.0,0.0
no07,533967_87769_87770_1,1415,14:15,0.0,0.0,0.0
no07,533967_87769_87770_1,1430,14:30,0.0,0.0,0.0
no07,533967_87769_87770_1,1445,14:45,0.0,0.0,0.0
no07,533967_87769_87770_1,1500,15:00,0.0,0.0,0.0
no07,533967_87769_87770_1,1515,15:15,0.0,0.0,0.0
no07,533967_87769_87770_1,1530,15:30,0.0,0.0,0.0
no07,533967_87769_87770_1,1545,15:45,0.0,0.0,0.0
no07,533967_87769_87770_1,1600,16:00,0.0,0.0,0.0
no07,533967_87769_87770_1,1615,16:15,0.0,0.0,0.0
no07,533967_87769_87770_1,1630,16:30,0.0,0.0,0.0
no07,533967_87769_87770_1,1645,16:45,0.0,0.0,0.0
no07,533967_87769_87770_1,1700,17:00,0.0,0.0,0.0
no07,533967_87769_87770_1,1715,17:15,0.0,0.0,0.0
no07,533967_87769_87770_1,1730,17:30,0.0,0.0,0.0
no07,533967_87769_87770_1,1745,17:45,0.0,0.0,0.0
no07,533967_87769_87770_1,1800,18:00,0.0,0.0,0.0
no07,533967_87769_87770_1,1815,18:15,0.0,0.0,0.0
no07,533967_87769_87770_1,1830,18:30,0.0,0.0,0.0
no07,533967_87769_87770_1,1845,18:45,0.0,0.0,0.0
no07,533967_88199_88200_0,630,06:30,0.0,0.0,0.0
no07,533967_88199_88200_0,645,06:45,0.0,0.0,0.0
no07,533967_88199_88200_0,700,07:00,0.0,0.0,0.0
no07,533967_88199_88200_0,715,07:15,0.0,0.0,0.0
no07,533967_88199_88200_0,730,07:30,0.0,0.0,0.0
no07,533967_88199_88200_0,745,07:45,0.0,0.0,0.0
no07,533967_88199_88200_0,800,08:00,0.0,0.0,0.0
no07,533967_88199_88200_0,815,08:15,0.0,0.0,0.0
no07,533967_88199_88200_0,830,08:30,0.0,0.0,0.0
no07,533967_88199_88200_0,845,08:45,0.0,0.0,0.0
no07,533967_88199_88200_0,900,09:00,0.0,0.0,0.0
no07,533967_88199_88200_0,915,09:15,0.0,0.0,0.0
no07,533967_88199_88200_0,930,09:30,0.0,0.0,0.0
no07,533967_88199_88200_0,945,09:45,0.0,0.0,0.0
no07,533967_88199_88200_0,1000,10:00,0.0,0.0,0.0
no07,533967_88199_88200_0,1015,10:15,0.0,0.0,0.0
no07,533967_88199_88200_0,1030,10:30,0.0,0.0,0.0
no07,533967_88199_88200_0,1045,10:45,0.0,0.0,0.0
no07,533967_88199_88200_0,1100,11:00,0.0,0.0,0.0
no07,533967_88199_88200_0,1115,11:15,0.0,0.0,0.0
no07,533967_88199_88200_0,1130,11:30,0.0,0.0,0.0
no07,533967_88199_88200_0,1145,11:45,0.0,0.0,0.0
no07,533967_88199_88200_0,1200,12:00,0.0,0.0,0.0
no07,533967_88199_88200_0,1215,12:15,0.0,0.0,0.0
no07,533967_88199_88200_0,1230,12:30,0.0,0.0,0.0
no07,533967_88199_88200_0,1245,12:45,0.0,0.0,0.0
no07,533967_88199_88200_0,1300,13:00,0.0,0.0,0.0
no07,533967_88199_88200_0,1315,13:15,0.0,0.0,0.0
no07,533967_88199_88200_0,1330,13:30,0.0,0.0,0.0
no07,533967_88199_88200_0,1345,13:45,0.0,0.0,0.0
no07,533967_88199_88200_0,1400,14:00,0.0,0.0,0.0
no07,533967_88199_88200_0,1415,14:15,0.0,0.0,0.0
no07,533967_88199_88200_0,1430,14:30,0.0,0.0,0.0
no07,533967_88199_88200_0,1445,14:45,0.0,0.0,0.0
no07,533967_88199_88200_0,1500,15:00,0.0,0.0,0.0
no07,533967_88199_88200_0,1515,15:15,0.0,0.0,0.0
no07,533967_88199_88200_0,1530,15:30,0.0,0.0,0.0
no07,533967_88199_88200_0,1545,15:45,0.0,0.0,0.0
no07,533967_88199_88200_0,1600,16:00,0.0,0.0,0.0
no07,533967_88199_88200_0,1615,16:15,0.0,0.0,0.0
no07,533967_88199_88200_0,1630,16:30,0.0,0.0,0.0
no07,533967_88199_88200_0,1645,16:45,0.0,0.0,0.0
no07,533967_88199_88200_0,1700,17:00,0.0,0.0,0.0
no07,533967_88199_88200_0,1715,17:15,0.0,0.0,0.0
no07,533967_88199_88200_0,1730,17:30,0.0,0.0,0.0
no07,533967_88199_88200_0,1745,17:45,0.0,0.0,0.0
no07,533967_88199_88200_0,1800,18:00,0.0,0.0,0.0
no07,533967_88199_88200_0,1815,18:15,0.0,0.0,0.0
no07,533967_88199_88200_0,1830,18:30,0.0,0.0,0.0
no07,533967_88199_88200_0,1845,18:45,0.0,0.0,0.0
no07,533967_88199_88200_1,630,06:30,0.0,0.0,0.0
no07,533967_88199_88200_1,645,06:45,0.0,0.0,0.0
no07,533967_88199_88200_1,700,07:00,0.0,0.0,0.0
no07,533967_88199_88200_1,715,07:15,0.0,0.0,0.0
no07,533967_88199_88200_1,730,07:30,0.0,0.0,0.0
no07,533967_88199_88200_1,745,07:45,0.0,0.0,0.0
no07,533967_88199_88200_1,800,08:00,0.0,0.0,0.0
no07,533967_88199_88200_1,815,08:15,0.0,0.0,0.0
no07,533967_88199_88200_1,830,08:30,0.0,0.0,0.0
no07,533967_88199_88200_1,845,08:45,0.0,0.0,0.0
no07,533967_88199_88200_1,900,09:00,0.0,0.0,0.0
no07,533967_88199_88200_1,915,09:15,0.0,0.0,0.0
no07,533967_88199_88200_1,930,09:30,0.0,0.0,0.0
no07,533967_88199_88200_1,945,09:45,0.0,0.0,0.0
no07,533967_88199_88200_1,1000,10:00,0.0,0.0,0.0
no07,533967_88199_88200_1,1015,10:15,0.0,0.0,0.0
no07,533967_88199_88200_1,1030,10:30,0.0,0.0,0.0
no07,533967_88199_88200_1,1045,10:45,0.0,0.0,0.0
no07,533967_88199_88200_1,1100,11:00,0.0,0.0,0.0
no07,533967_88199_88200_1,1115,11:15,0.0,0.0,0.0
no07,533967_88199_88200_1,1130,11:30,0.0,0.0,0.0
no07,533967_88199_88200_1,1145,11:45,0.0,0.0,0.0
no07,533967_88199_88200_1,1200,12:00,0.0,0.0,0.0
no07,533967_88199_88200_1,1215,12:15,0.0,0.0,0.0
no07,533967_88199_88200_1,1230,12:30,0.0,0.0,0.0
no07,533967_88199_88200_1,1245,12:45,0.0,0.0,0.0
no07,533967_88199_88200_1,1300,13:00,0.0,0.0,0.0
no07,533967_88199_88200_1,1315,13:15,0.0,0.0,0.0
no07,533967_88199_88200_1,1330,13:30,0.0,0.0,0.0
no07,533967_88199_88200_1,1345,13:45,0.0,0.0,0.0
no07,533967_88199_88200_1,1400,14:00,0.0,0.0,0.0
no07,533967_88199_88200_1,1415,14:15,0.0,0.0,0.0
no07,533967_88199_88200_1,1430,14:30,0.0,0.0,0.0
no07,533967_88199_88200_1,1445,14:45,0.0,0.0,0.0
no07,533967_88199_88200_1,1500,15:00,0.0,0.0,0.0
no07,533967_88199_88200_1,1515,15:15,0.0,0.0,0.0
no07,533967_88199_88200_1,1530,15:30,0.0,0.0,0.0
no07,533967_88199_88200_1,1545,15:45,0.0,0.0,0.0
no07,533967_88199_88200_1,1600,16:00,0.0,0.0,0.0
no07,533967_88199_88200_1,1615,16:15,0.0,0.0,0.0
no07,533967_88199_88200_1,1630,16:30,0.0,0.0,0.0
no07,533967_88199_88200_1,1645,16:45,0.0,0.0,0.0
no07,533967_88199_88200_1,1700,17:00,0.0,0.0,0.0
no07,533967_88199_88200_1,1715,17:15,0.0,0.0,0.0
no07,533967_88199_88200_1,1730,17:30,0.0,0.0,0.0
no07,533967_88199_88200_1,1745,17:45,0.0,0.0,0.0
no07,533967_88199_88200_1,1800,18:00,0.0,0.0,0.0
no07,533967_88199_88200_1,1815,18:15,0.0,0.0,0.0
no07,533967_88199_88200_1,1830,18:30,0.0,0.0,0.0
no07,533967_88199_88200_1,1845,18:45,0.0,0.0,0.0
no07,533967_88199_88201_0,630,06:30,0.0,0.0,0.0
no07,533967_88199_88201_0,645,06:45,0.0,0.0,0.0
no07,533967_88199_88201_0,700,07:00,0.0,0.0,0.0
no07,533967_88199_88201_0,715,07:15,0.0,0.0,0.0
no07,533967_88199_88201_0,730,07:30,0.0,0.0,0.0
no07,533967_88199_88201_0,745,07:45,0.0,0.0,0.0
no07,533967_88199_88201_0,800,08:00,0.0,0.0,0.0
no07,533967_88199_88201_0,815,08:15,0.0,0.0,0.0
no07,533967_88199_88201_0,830,08:30,0.0,0.0,0.0
no07,533967_88199_88201_0,845,08:45,0.0,0.0,0.0
no07,533967_88199_88201_0,900,09:00,0.0,0.0,0.0
no07,533967_88199_88201_0,915,09:15,0.0,0.0,0.0
no07,533967_88199_88201_0,930,09:30,0.0,0.0,0.0
no07,533967_88199_88201_0,945,09:45,0.0,0.0,0.0
no07,533967_88199_88201_0,1000,10:00,0.0,0.0,0.0
no07,533967_88199_88201_0,1015,10:15,0.0,0.0,0.0
no07,533967_88199_88201_0,1030,10:30,0.0,0.0,0.0
no07,533967_88199_88201_0,1045,10:45,0.0,0.0,0.0
no07,533967_88199_88201_0,1100,11:00,0.0,0.0,0.0
no07,533967_88199_88201_0,1115,11:15,0.0,0.0,0.0
no07,533967_88199_88201_0,1130,11:30,0.0,0.0,0.0
no07,533967_88199_88201_0,1145,11:45,0.0,0.0,0.0
no07,533967_88199_88201_0,1200,12:00,0.0,0.0,0.0
no07,533967_88199_88201_0,1215,12:15,0.0,0.0,0.0
no07,533967_88199_88201_0,1230,12:30,0.0,0.0,0.0
no07,533967_88199_88201_0,1245,12:45,0.0,0.0,0.0
no07,533967_88199_88201_0,1300,13:00,0.0,0.0,0.0
no07,533967_88199_88201_0,1315,13:15,0.0,0.0,0.0
no07,533967_88199_88201_0,1330,13:30,0.0,0.0,0.0
no07,533967_88199_88201_0,1345,13:45,0.0,0.0,0.0
no07,533967_88199_88201_0,1400,14:00,0.0,0.0,0.0
no07,533967_88199_88201_0,1415,14:15,0.0,0.0,0.0
no07,533967_88199_88201_0,1430,14:30,0.0,0.0,0.0
no07,533967_88199_88201_0,1445,14:45,0.0,0.0,0.0
no07,533967_88199_88201_0,1500,15:00,0.0,0.0,0.0
no07,533967_88199_88201_0,1515,15:15,0.0,0.0,0.0
no07,533967_88199_88201_0,1530,15:30,0.0,0.0,0.0
no07,533967_88199_88201_0,1545,15:45,0.0,0.0,0.0
no07,533967_88199_88201_0,1600,16:00,0.0,0.0,0.0
no07,533967_88199_88201_0,1615,16:15,0.0,0.0,0.0
no07,533967_88199_88201_0,1630,16:30,0.0,0.0,0.0
no07,533967_88199_88201_0,1645,16:45,0.0,0.0,0.0
no07,533967_88199_88201_0,1700,17:00,0.0,0.0,0.0
no07,533967_88199_88201_0,1715,17:15,0.0,0.0,0.0
no07,533967_88199_88201_0,1730,17:30,0.0,0.0,0.0
no07,533967_88199_88201_0,1745,17:45,0.0,0.0,0.0
no07,533967_88199_88201_0,1800,18:00,0.0,0.0,0.0
no07,533967_88199_88201_0,1815,18:15,0.0,0.0,0.0
no07,533967_88199_88201_0,1830,18:30,0.0,0.0,0.0
no07,533967_88199_88201_0,1845,18:45,0.0,0.0,0.0
no07,533967_88199_88201_1,630,06:30,0.0,0.0,0.0
no07,533967_88199_88201_1,645,06:45,0.0,0.0,0.0
no07,533967_88199_88201_1,700,07:00,0.0,0.0,0.0
no07,533967_88199_88201_1,715,07:15,0.0,0.0,0.0
no07,533967_88199_88201_1,730,07:30,0.0,0.0,0.0
no07,533967_88199_88201_1,745,07:45,0.0,0.0,0.0
no07,533967_88199_88201_1,800,08:00,0.0,0.0,0.0
no07,533967_88199_88201_1,815,08:15,0.0,0.0,0.0
no07,533967_88199_88201_1,830,08:30,0.0,0.0,0.0
no07,533967_88199_88201_1,845,08:45,0.0,0.0,0.0
no07,533967_88199_88201_1,900,09:00,0.0,0.0,0.0
no07,533967_88199_88201_1,915,09:15,0.0,0.0,0.0
no07,533967_88199_88201_1,930,09:30,0.0,0.0,0.0
no07,533967_88199_88201_1,945,09:45,0.0,0.0,0.0
no07,533967_88199_88201_1,1000,10:00,0.0,0.0,0.0
no07,533967_88199_88201_1,1015,10:15,0.0,0.0,0.0
no07,533967_88199_88201_1,1030,10:30,0.0,0.0,0.0
no07,533967_88199_88201_1,1045,10:45,0.0,0.0,0.0
no07,533967_88199_88201_1,1100,11:00,0.0,0.0,0.0
no07,533967_88199_88201_1,1115,11:15,0.0,0.0,0.0
no07,533967_88199_88201_1,1130,11:30,0.0,0.0,0.0
no07,533967_88199_88201_1,1145,11:45,0.0,0.0,0.0
no07,533967_88199_88201_1,1200,12:00,0.0,0.0,0.0
no07,533967_88199_88201_1,1215,12:15,0.0,0.0,0.0
no07,533967_88199_88201_1,1230,12:30,0.0,0.0,0.0
no07,533967_88199_88201_1,1245,12:45,0.0,0.0,0.0
no07,533967_88199_88201_1,1300,13:00,0.0,0.0,0.0
no07,533967_88199_88201_1,1315,13:15,0.0,0.0,0.0
no07,533967_88199_88201_1,1330,13:30,0.0,0.0,0.0
no07,533967_88199_88201_1,1345,13:45,0.0,0.0,0.0
no07,533967_88199_88201_1,1400,14:00,0.0,0.0,0.0
no07,533967_88199_88201_1,1415,14:15,0.0,0.0,0.0
no07,533967_88199_88201_1,1430,14:30,0.0,0.0,0.0
no07,533967_88199_88201_1,1445,14:45,0.0,0.0,0.0
no07,533967_88199_88201_1,1500,15:00,0.0,0.0,0.0
no07,533967_88199_88201_1,1515,15:15,0.0,0.0,0.0
no07,533967_88199_88201_1,1530,15:30,0.0,0.0,0.0
no07,533967_88199_88201_1,1545,15:45,0.0,0.0,0.0
no07,533967_88199_88201_1,1600,16:00,0.0,0.0,0.0
no07,533967_88199_88201_1,1615,16:15,0.0,0.0,0.0
no07,533967_88199_88201_1,1630,16:30,0.0,0.0,0.0
no07,533967_88199_88201_1,1645,16:45,0.0,0.0,0.0
no07,533967_88199_88201_1,1700,17:00,0.0,0.0,0.0
no07,533967_88199_88201_1,1715,17:15,0.0,0.0,0.0
no07,533967_88199_88201_1,1730,17:30,0.0,0.0,0.0
no07,533967_88199_88201_1,1745,17:45,0.0,0.0,0.0
no07,533967_88199_88201_1,1800,18:00,0.0,0.0,0.0
no07,533967_88199_88201_1,1815,18:15,0.0,0.0,0.0
no07,533967_88199_88201_1,1830,18:30,0.0,0.0,0.0
no07,533967_88199_88201_1,1845,18:45,0.0,0.0,0.0
no07,533967_88200_88202_0,630,06:30,0.0,0.0,0.0
no07,533967_88200_88202_0,645,06:45,0.0,0.0,0.0
no07,533967_88200_88202_0,700,07:00,0.0,0.0,0.0
no07,533967_88200_88202_0,715,07:15,0.0,0.0,0.0
no07,533967_88200_88202_0,730,07:30,0.0,0.0,0.0
no07,533967_88200_88202_0,745,07:45,0.0,0.0,0.0
no07,533967_88200_88202_0,800,08:00,0.0,0.0,0.0
no07,533967_88200_88202_0,815,08:15,0.0,0.0,0.0
no07,533967_88200_88202_0,830,08:30,0.0,0.0,0.0
no07,533967_88200_88202_0,845,08:45,0.0,0.0,0.0
no07,533967_88200_88202_0,900,09:00,0.0,0.0,0.0
no07,533967_88200_88202_0,915,09:15,0.0,0.0,0.0
no07,533967_88200_88202_0,930,09:30,0.0,0.0,0.0
no07,533967_88200_88202_0,945,09:45,0.0,0.0,0.0
no07,533967_88200_88202_0,1000,10:00,0.0,0.0,0.0
no07,533967_88200_88202_0,1015,10:15,0.0,0.0,0.0
no07,533967_88200_88202_0,1030,10:30,0.0,0.0,0.0
no07,533967_88200_88202_0,1045,10:45,0.0,0.0,0.0
no07,533967_88200_88202_0,1100,11:00,0.0,0.0,0.0
no07,533967_88200_88202_0,1115,11:15,0.0,0.0,0.0
no07,533967_88200_88202_0,1130,11:30,0.0,0.0,0.0
no07,533967_88200_88202_0,1145,11:45,0.0,0.0,0.0
no07,533967_88200_88202_0,1200,12:00,0.0,0.0,0.0
no07,533967_88200_88202_0,1215,12:15,0.0,0.0,0.0
no07,533967_88200_88202_0,1230,12:30,0.0,0.0,0.0
no07,533967_88200_88202_0,1245,12:45,0.0,0.0,0.0
no07,533967_88200_88202_0,1300,13:00,0.0,0.0,0.0
no07,533967_88200_88202_0,1315,13:15,0.0,0.0,0.0
no07,533967_88200_88202_0,1330,13:30,0.0,0.0,0.0
no07,533967_88200_88202_0,1345,13:45,0.0,0.0,0.0
no07,533967_88200_88202_0,1400,14:00,0.0,0.0,0.0
no07,533967_88200_88202_0,1415,14:15,0.0,0.0,0.0
no07,533967_88200_88202_0,1430,14:30,0.0,0.0,0.0
no07,533967_88200_88202_0,1445,14:45,0.0,0.0,0.0
no07,533967_88200_88202_0,1500,15:00,0.0,0.0,0.0
no07,533967_88200_88202_0,1515,15:15,0.0,0.0,0.0
no07,533967_88200_88202_0,1530,15:30,0.0,0.0,0.0
no07,533967_88200_88202_0,1545,15:45,0.0,0.0,0.0
no07,533967_88200_88202_0,1600,16:00,0.0,0.0,0.0
no07,533967_88200_88202_0,1615,16:15,0.0,0.0,0.0
no07,533967_88200_88202_0,1630,16:30,0.0,0.0,0.0
no07,533967_88200_88202_0,1645,16:45,0.0,0.0,0.0
no07,533967_88200_88202_0,1700,17:00,0.0,0.0,0.0
no07,533967_88200_88202_0,1715,17:15,0.0,0.0,0.0
no07,533967_88200_88202_0,1730,17:30,0.0,0.0,0.0
no07,533967_88200_88202_0,1745,17:45,0.0,0.0,0.0
no07,533967_88200_88202_0,1800,18:00,0.0,0.0,0.0
no07,533967_88200_88202_0,1815,18:15,0.0,0.0,0.0
no07,533967_88200_88202_0,1830,18:30,0.0,0.0,0.0
no07,533967_88200_88202_0,1845,18:45,0.0,0.0,0.0
no07,533967_88200_88202_1,630,06:30,0.0,0.0,0.0
no07,533967_88200_88202_1,645,06:45,0.0,0.0,0.0
no07,533967_88200_88202_1,700,07:00,0.0,0.0,0.0
no07,533967_88200_88202_1,715,07:15,0.0,0.0,0.0
no07,533967_88200_88202_1,730,07:30,0.0,0.0,0.0
no07,533967_88200_88202_1,745,07:45,0.0,0.0,0.0
no07,533967_88200_88202_1,800,08:00,0.0,0.0,0.0
no07,533967_88200_88202_1,815,08:15,0.0,0.0,0.0
no07,533967_88200_88202_1,830,08:30,0.0,0.0,0.0
no07,533967_88200_88202_1,845,08:45,0.0,0.0,0.0
no07,533967_88200_88202_1,900,09:00,0.0,0.0,0.0
no07,533967_88200_88202_1,915,09:15,0.0,0.0,0.0
no07,533967_88200_88202_1,930,09:30,0.0,0.0,0.0
no07,533967_88200_88202_1,945,09:45,0.0,0.0,0.0
no07,533967_88200_88202_1,1000,10:00,0.0,0.0,0.0
no07,533967_88200_88202_1,1015,10:15,0.0,0.0,0.0
no07,533967_88200_88202_1,1030,10:30,0.0,0.0,0.0
no07,533967_88200_88202_1,1045,10:45,0.0,0.0,0.0
no07,533967_88200_88202_1,1100,11:00,0.0,0.0,0.0
no07,533967_88200_88202_1,1115,11:15,0.0,0.0,0.0
no07,533967_88200_88202_1,1130,11:30,0.0,0.0,0.0
no07,533967_88200_88202_1,1145,11:45,0.0,0.0,0.0
no07,533967_88200_88202_1,1200,12:00,0.0,0.0,0.0
no07,533967_88200_88202_1,1215,12:15,0.0,0.0,0.0
no07,533967_88200_88202_1,1230,12:30,0.0,0.0,0.0
no07,533967_88200_88202_1,1245,12:45,0.0,0.0,0.0
no07,533967_88200_88202_1,1300,13:00,0.0,0.0,0.0
no07,533967_88200_88202_1,1315,13:15,0.0,0.0,0.0
no07,533967_88200_88202_1,1330,13:30,0.0,0.0,0.0
no07,533967_88200_88202_1,1345,13:45,0.0,0.0,0.0
no07,533967_88200_88202_1,1400,14:00,0.0,0.0,0.0
no07,533967_88200_88202_1,1415,14:15,0.0,0.0,0.0
no07,533967_88200_88202_1,1430,14:30,0.0,0.0,0.0
no07,533967_88200_88202_1,1445,14:45,0.0,0.0,0.0
no07,533967_88200_88202_1,1500,15:00,0.0,0.0,0.0
no07,533967_88200_88202_1,1515,15:15,0.0,0.0,0.0
no07,533967_88200_88202_1,1530,15:30,0.0,0.0,0.0
no07,533967_88200_88202_1,1545,15:45,0.0,0.0,0.0
no07,533967_88200_88202_1,1600,16:00,0.0,0.0,0.0
no07,533967_88200_88202_1,1615,16:15,0.0,0.0,0.0
no07,533967_88200_88202_1,1630,16:30,0.0,0.0,0.0
no07,533967_88200_88202_1,1645,16:45,0.0,0.0,0.0
no07,533967_88200_88202_1,1700,17:00,0.0,0.0,0.0
no07,533967_88200_88202_1,1715,17:15,0.0,0.0,0.0
no07,533967_88200_88202_1,1730,17:30,0.0,0.0,0.0
no07,533967_88200_88202_1,1745,17:45,0.0,0.0,0.0
no07,533967_88200_88202_1,1800,18:00,0.0,0.0,0.0
no07,533967_88200_88202_1,1815,18:15,0.0,0.0,0.0
no07,533967_88200_88202_1,1830,18:30,0.0,0.0,0.0
no07,533967_88200_88202_1,1845,18:45,0.0,0.0,0.0
no07,533967_88201_88203_0,630,06:30,0.0,0.0,0.0
no07,533967_88201_88203_0,645,06:45,0.0,0.0,0.0
no07,533967_88201_88203_0,700,07:00,0.0,0.0,0.0
no07,533967_88201_88203_0,715,07:15,0.0,0.0,0.0
no07,533967_88201_88203_0,730,07:30,0.0,0.0,0.0
no07,533967_88201_88203_0,745,07:45,0.0,0.0,0.0
no07,533967_88201_88203_0,800,08:00,0.0,0.0,0.0
no07,533967_88201_88203_0,815,08:15,0.0,0.0,0.0
no07,533967_88201_88203_0,830,08:30,0.0,0.0,0.0
no07,533967_88201_88203_0,845,08:45,0.0,0.0,0.0
no07,533967_88201_88203_0,900,09:00,0.0,0.0,0.0
no07,533967_88201_88203_0,915,09:15,0.0,0.0,0.0
no07,533967_88201_88203_0,930,09:30,0.0,0.0,0.0
no07,533967_88201_88203_0,945,09:45,0.0,0.0,0.0
no07,533967_88201_88203_0,1000,10:00,0.0,0.0,0.0
no07,533967_88201_88203_0,1015,10:15,0.0,0.0,0.0
no07,533967_88201_88203_0,1030,10:30,0.0,0.0,0.0
no07,533967_88201_88203_0,1045,10:45,0.0,0.0,0.0
no07,533967_88201_88203_0,1100,11:00,0.0,0.0,0.0
no07,533967_88201_88203_0,1115,11:15,0.0,0.0,0.0
no07,533967_88201_88203_0,1130,11:30,0.0,0.0,0.0
no07,533967_88201_88203_0,1145,11:45,0.0,0.0,0.0
no07,533967_88201_88203_0,1200,12:00,0.0,0.0,0.0
no07,533967_88201_88203_0,1215,12:15,0.0,0.0,0.0
no07,533967_88201_88203_0,1230,12:30,0.0,0.0,0.0
no07,533967_88201_88203_0,1245,12:45,0.0,0.0,0.0
no07,533967_88201_88203_0,1300,13:00,0.0,0.0,0.0
no07,533967_88201_88203_0,1315,13:15,0.0,0.0,0.0
no07,533967_88201_88203_0,1330,13:30,0.0,0.0,0.0
no07,533967_88201_88203_0,1345,13:45,0.0,0.0,0.0
no07,533967_88201_88203_0,1400,14:00,0.0,0.0,0.0
no07,533967_88201_88203_0,1415,14:15,0.0,0.0,0.0
no07,533967_88201_88203_0,1430,14:30,0.0,0.0,0.0
no07,533967_88201_88203_0,1445,14:45,0.0,0.0,0.0
no07,533967_88201_88203_0,1500,15:00,0.0,0.0,0.0
no07,533967_88201_88203_0,1515,15:15,0.0,0.0,0.0
no07,533967_88201_88203_0,1530,15:30,0.0,0.0,0.0
no07,533967_88201_88203_0,1545,15:45,0.0,0.0,0.0
no07,533967_88201_88203_0,1600,16:00,0.0,0.0,0.0
no07,533967_88201_88203_0,1615,16:15,0.0,0.0,0.0
no07,533967_88201_88203_0,1630,16:30,0.0,0.0,0.0
no07,533967_88201_88203_0,1645,16:45,0.0,0.0,0.0
no07,533967_88201_88203_0,1700,17:00,0.0,0.0,0.0
no07,533967_88201_88203_0,1715,17:15,0.0,0.0,0.0
no07,533967_88201_88203_0,1730,17:30,0.0,0.0,0.0
no07,533967_88201_88203_0,1745,17:45,0.0,0.0,0.0
no07,533967_88201_88203_0,1800,18:00,0.0,0.0,0.0
no07,533967_88201_88203_0,1815,18:15,0.0,0.0,0.0
no07,533967_88201_88203_0,1830,18:30,0.0,0.0,0.0
no07,533967_88201_88203_0,1845,18:45,0.0,0.0,0.0
no07,533967_88201_88203_1,630,06:30,0.0,0.0,0.0
no07,533967_88201_88203_1,645,06:45,0.0,0.0,0.0
no07,533967_88201_88203_1,700,07:00,0.0,0.0,0.0
no07,533967_88201_88203_1,715,07:15,0.0,0.0,0.0
no07,533967_88201_88203_1,730,07:30,0.0,0.0,0.0
no07,533967_88201_88203_1,745,07:45,0.0,0.0,0.0
no07,533967_88201_88203_1,800,08:00,0.0,0.0,0.0
no07,533967_88201_88203_1,815,08:15,0.0,0.0,0.0
no07,533967_88201_88203_1,830,08:30,0.0,0.0,0.0
no07,533967_88201_88203_1,845,08:45,0.0,0.0,0.0
no07,533967_88201_88203_1,900,09:00,0.0,0.0,0.0
no07,533967_88201_88203_1,915,09:15,0.0,0.0,0.0
no07,533967_88201_88203_1,930,09:30,0.0,0.0,0.0
no07,533967_88201_88203_1,945,09:45,0.0,0.0,0.0
no07,533967_88201_88203_1,1000,10:00,0.0,0.0,0.0
no07,533967_88201_88203_1,1015,10:15,0.0,0.0,0.0
no07,533967_88201_88203_1,1030,10:30,0.0,0.0,0.0
no07,533967_88201_88203_1,1045,10:45,0.0,0.0,0.0
no07,533967_88201_88203_1,1100,11:00,0.0,0.0,0.0
no07,533967_88201_88203_1,1115,11:15,0.0,0.0,0.0
no07,533967_88201_88203_1,1130,11:30,0.0,0.0,0.0
no07,533967_88201_88203_1,1145,11:45,0.0,0.0,0.0
no07,533967_88201_88203_1,1200,12:00,0.0,0.0,0.0
no07,533967_88201_88203_1,1215,12:15,0.0,0.0,0.0
no07,533967_88201_88203_1,1230,12:30,0.0,0.0,0.0
no07,533967_88201_88203_1,1245,12:45,0.0,0.0,0.0
no07,533967_88201_88203_1,1300,13:00,0.0,0.0,0.0
no07,533967_88201_88203_1,1315,13:15,0.0,0.0,0.0
no07,533967_88201_88203_1,1330,13:30,0.0,0.0,0.0
no07,533967_88201_88203_1,1345,13:45,0.0,0.0,0.0
no07,533967_88201_88203_1,1400,14:00,0.0,0.0,0.0
no07,533967_88201_88203_1,1415,14:15,0.0,0.0,0.0
no07,533967_88201_88203_1,1430,14:30,0.0,0.0,0.0
no07,533967_88201_88203_1,1445,14:45,0.0,0.0,0.0
no07,533967_88201_88203_1,1500,15:00,0.0,0.0,0.0
no07,533967_88201_88203_1,1515,15:15,0.0,0.0,0.0
no07,533967_88201_88203_1,1530,15:30,0.0,0.0,0.0
no07,533967_88201_88203_1,1545,15:45,0.0,0.0,0.0
no07,533967_88201_88203_1,1600,16:00,0.0,0.0,0.0
no07,533967_88201_88203_1,1615,16:15,0.0,0.0,0.0
no07,533967_88201_88203_1,1630,16:30,0.0,0.0,0.0
no07,533967_88201_88203_1,1645,16:45,0.0,0.0,0.0
no07,533967_88201_88203_1,1700,17:00,0.0,0.0,0.0
no07,533967_88201_88203_1,1715,17:15,0.0,0.0,0.0
no07,533967_88201_88203_1,1730,17:30,0.0,0.0,0.0
no07,533967_88201_88203_1,1745,17:45,0.0,0.0,0.0
no07,533967_88201_88203_1,1800,18:00,0.0,0.0,0.0
no07,533967_88201_88203_1,1815,18:15,0.0,0.0,0.0
no07,533967_88201_88203_1,1830,18:30,0.0,0.0,0.0
no07,533967_88201_88203_1,1845,18:45,0.0,0.0,0.0
no07,533967_88201_88204_0,630,06:30,0.0,0.0,0.0
no07,533967_88201_88204_0,645,06:45,0.0,0.0,0.0
no07,533967_88201_88204_0,700,07:00,0.0,0.0,0.0
no07,533967_88201_88204_0,715,07:15,0.0,0.0,0.0
no07,533967_88201_88204_0,730,07:30,0.0,0.0,0.0
no07,533967_88201_88204_0,745,07:45,0.0,0.0,0.0
no07,533967_88201_88204_0,800,08:00,0.0,0.0,0.0
no07,533967_88201_88204_0,815,08:15,0.0,0.0,0.0
no07,533967_88201_88204_0,830,08:30,0.0,0.0,0.0
no07,533967_88201_88204_0,845,08:45,0.0,0.0,0.0
no07,533967_88201_88204_0,900,09:00,0.0,0.0,0.0
no07,533967_88201_88204_0,915,09:15,0.0,0.0,0.0
no07,533967_88201_88204_0,930,09:30,0.0,0.0,0.0
no07,533967_88201_88204_0,945,09:45,0.0,0.0,0.0
no07,533967_88201_88204_0,1000,10:00,0.0,0.0,0.0
no07,533967_88201_88204_0,1015,10:15,0.0,0.0,0.0
no07,533967_88201_88204_0,1030,10:30,0.0,0.0,0.0
no07,533967_88201_88204_0,1045,10:45,0.0,0.0,0.0
no07,533967_88201_88204_0,1100,11:00,0.0,0.0,0.0
no07,533967_88201_88204_0,1115,11:15,0.0,0.0,0.0
no07,533967_88201_88204_0,1130,11:30,0.0,0.0,0.0
no07,533967_88201_88204_0,1145,11:45,0.0,0.0,0.0
no07,533967_88201_88204_0,1200,12:00,0.0,0.0,0.0
no07,533967_88201_88204_0,1215,12:15,0.0,0.0,0.0
no07,533967_88201_88204_0,1230,12:30,0.0,0.0,0.0
no07,533967_88201_88204_0,1245,12:45,0.0,0.0,0.0
no07,533967_88201_88204_0,1300,13:00,0.0,0.0,0.0
no07,533967_88201_88204_0,1315,13:15,0.0,0.0,0.0
no07,533967_88201_88204_0,1330,13:30,0.0,0.0,0.0
no07,533967_88201_88204_0,1345,13:45,0.0,0.0,0.0
no07,533967_88201_88204_0,1400,14:00,0.0,0.0,0.0
no07,533967_88201_88204_0,1415,14:15,0.0,0.0,0.0
no07,533967_88201_88204_0,1430,14:30,0.0,0.0,0.0
no07,533967_88201_88204_0,1445,14:45,0.0,0.0,0.0
no07,533967_88201_88204_0,1500,15:00,0.0,0.0,0.0
no07,533967_88201_88204_0,1515,15:15,0.0,0.0,0.0
no07,533967_88201_88204_0,1530,15:30,0.0,0.0,0.0
no07,533967_88201_88204_0,1545,15:45,0.0,0.0,0.0
no07,533967_88201_88204_0,1600,16:00,0.0,0.0,0.0
no07,533967_88201_88204_0,1615,16:15,0.0,0.0,0.0
no07,533967_88201_88204_0,1630,16:30,0.0,0.0,0.0
no07,533967_88201_88204_0,1645,16:45,0.0,0.0,0.0
no07,533967_88201_88204_0,1700,17:00,0.0,0.0,0.0
no07,533967_88201_88204_0,1715,17:15,0.0,0.0,0.0
no07,533967_88201_88204_0,1730,17:30,0.0,0.0,0.0
no07,533967_88201_88204_0,1745,17:45,0.0,0.0,0.0
no07,533967_88201_88204_0,1800,18:00,0.0,0.0,0.0
no07,533967_88201_88204_0,1815,18:15,0.0,0.0,0.0
no07,533967_88201_88204_0,1830,18:30,0.0,0.0,0.0
no07,533967_88201_88204_0,1845,18:45,0.0,0.0,0.0
no07,533967_88201_88204_1,630,06:30,0.0,0.0,0.0
no07,533967_88201_88204_1,645,06:45,0.0,0.0,0.0
no07,533967_88201_88204_1,700,07:00,0.0,0.0,0.0
no07,533967_88201_88204_1,715,07:15,0.0,0.0,0.0
no07,533967_88201_88204_1,730,07:30,0.0,0.0,0.0
no07,533967_88201_88204_1,745,07:45,0.0,0.0,0.0
no07,533967_88201_88204_1,800,08:00,0.0,0.0,0.0
no07,533967_88201_88204_1,815,08:15,0.0,0.0,0.0
no07,533967_88201_88204_1,830,08:30,0.0,0.0,0.0
no07,533967_88201_88204_1,845,08:45,0.0,0.0,0.0
no07,533967_88201_88204_1,900,09:00,0.0,0.0,0.0
no07,533967_88201_88204_1,915,09:15,0.0,0.0,0.0
no07,533967_88201_88204_1,930,09:30,0.0,0.0,0.0
no07,533967_88201_88204_1,945,09:45,0.0,0.0,0.0
no07,533967_88201_88204_1,1000,10:00,0.0,0.0,0.0
no07,533967_88201_88204_1,1015,10:15,0.0,0.0,0.0
no07,533967_88201_88204_1,1030,10:30,0.0,0.0,0.0
no07,533967_88201_88204_1,1045,10:45,0.0,0.0,0.0
no07,533967_88201_88204_1,1100,11:00,0.0,0.0,0.0
no07,533967_88201_88204_1,1115,11:15,0.0,0.0,0.0
no07,533967_88201_88204_1,1130,11:30,0.0,0.0,0.0
no07,533967_88201_88204_1,1145,11:45,0.0,0.0,0.0
no07,533967_88201_88204_1,1200,12:00,0.0,0.0,0.0
no07,533967_88201_88204_1,1215,12:15,0.0,0.0,0.0
no07,533967_88201_88204_1,1230,12:30,0.0,0.0,0.0
no07,533967_88201_88204_1,1245,12:45,0.0,0.0,0.0
no07,533967_88201_88204_1,1300,13:00,0.0,0.0,0.0
no07,533967_88201_88204_1,1315,13:15,0.0,0.0,0.0
no07,533967_88201_88204_1,1330,13:30,0.0,0.0,0.0
no07,533967_88201_88204_1,1345,13:45,0.0,0.0,0.0
no07,533967_88201_88204_1,1400,14:00,0.0,0.0,0.0
no07,533967_88201_88204_1,1415,14:15,0.0,0.0,0.0
no07,533967_88201_88204_1,1430,14:30,0.0,0.0,0.0
no07,533967_88201_88204_1,1445,14:45,0.0,0.0,0.0
no07,533967_88201_88204_1,1500,15:00,0.0,0.0,0.0
no07,533967_88201_88204_1,1515,15:15,0.0,0.0,0.0
no07,533967_88201_88204_1,1530,15:30,0.0,0.0,0.0
no07,533967_88201_88204_1,1545,15:45,0.0,0.0,0.0
no07,533967_88201_88204_1,1600,16:00,0.0,0.0,0.0
no07,533967_88201_88204_1,1615,16:15,0.0,0.0,0.0
no07,533967_88201_88204_1,1630,16:30,0.0,0.0,0.0
no07,533967_88201_88204_1,1645,16:45,0.0,0.0,0.0
no07,533967_88201_88204_1,1700,17:00,0.0,0.0,0.0
no07,533967_88201_88204_1,1715,17:15,0.0,0.0,0.0
no07,533967_88201_88204_1,1730,17:30,0.0,0.0,0.0
no07,533967_88201_88204_1,1745,17:45,0.0,0.0,0.0
no07,533967_88201_88204_1,1800,18:00,0.0,0.0,0.0
no07,533967_88201_88204_1,1815,18:15,0.0,0.0,0.0
no07,533967_88201_88204_1,1830,18:30,0.0,0.0,0.0
no07,533967_88201_88204_1,1845,18:45,0.0,0.0,0.0
no07,533967_88202_88204_0,630,06:30,0.0,0.0,0.0
no07,533967_88202_88204_0,645,06:45,0.0,0.0,0.0
no07,533967_88202_88204_0,700,07:00,0.0,0.0,0.0
no07,533967_88202_88204_0,715,07:15,0.0,0.0,0.0
no07,533967_88202_88204_0,730,07:30,0.0,0.0,0.0
no07,533967_88202_88204_0,745,07:45,0.0,0.0,0.0
no07,533967_88202_88204_0,800,08:00,0.0,0.0,0.0
no07,533967_88202_88204_0,815,08:15,0.0,0.0,0.0
no07,533967_88202_88204_0,830,08:30,0.0,0.0,0.0
no07,533967_88202_88204_0,845,08:45,0.0,0.0,0.0
no07,533967_88202_88204_0,900,09:00,0.0,0.0,0.0
no07,533967_88202_88204_0,915,09:15,0.0,0.0,0.0
no07,533967_88202_88204_0,930,09:30,0.0,0.0,0.0
no07,533967_88202_88204_0,945,09:45,0.0,0.0,0.0
no07,533967_88202_88204_0,1000,10:00,0.0,0.0,0.0
no07,533967_88202_88204_0,1015,10:15,0.0,0.0,0.0
no07,533967_88202_88204_0,1030,10:30,0.0,0.0,0.0
no07,533967_88202_88204_0,1045,10:45,0.0,0.0,0.0
no07,533967_88202_88204_0,1100,11:00,0.0,0.0,0.0
no07,533967_88202_88204_0,1115,11:15,0.0,0.0,0.0
no07,533967_88202_88204_0,1130,11:30,0.0,0.0,0.0
no07,533967_88202_88204_0,1145,11:45,0.0,0.0,0.0
no07,533967_88202_88204_0,1200,12:00,0.0,0.0,0.0
no07,533967_88202_88204_0,1215,12:15,0.0,0.0,0.0
no07,533967_88202_88204_0,1230,12:30,0.0,0.0,0.0
no07,533967_88202_88204_0,1245,12:45,0.0,0.0,0.0
no07,533967_88202_88204_0,1300,13:00,0.0,0.0,0.0
no07,533967_88202_88204_0,1315,13:15,0.0,0.0,0.0
no07,533967_88202_88204_0,1330,13:30,0.0,0.0,0.0
no07,533967_88202_88204_0,1345,13:45,0.0,0.0,0.0
no07,533967_88202_88204_0,1400,14:00,0.0,0.0,0.0
no07,533967_88202_88204_0,1415,14:15,0.0,0.0,0.0
no07,533967_88202_88204_0,1430,14:30,0.0,0.0,0.0
no07,533967_88202_88204_0,1445,14:45,0.0,0.0,0.0
no07,533967_88202_88204_0,1500,15:00,0.0,0.0,0.0
no07,533967_88202_88204_0,1515,15:15,0.0,0.0,0.0
no07,533967_88202_88204_0,1530,15:30,0.0,0.0,0.0
no07,533967_88202_88204_0,1545,15:45,0.0,0.0,0.0
no07,533967_88202_88204_0,1600,16:00,0.0,0.0,0.0
no07,533967_88202_88204_0,1615,16:15,0.0,0.0,0.0
no07,533967_88202_88204_0,1630,16:30,0.0,0.0,0.0
no07,533967_88202_88204_0,1645,16:45,0.0,0.0,0.0
no07,533967_88202_88204_0,1700,17:00,0.0,0.0,0.0
no07,533967_88202_88204_0,1715,17:15,0.0,0.0,0.0
no07,533967_88202_88204_0,1730,17:30,0.0,0.0,0.0
no07,533967_88202_88204_0,1745,17:45,0.0,0.0,0.0
no07,533967_88202_88204_0,1800,18:00,0.0,0.0,0.0
no07,533967_88202_88204_0,1815,18:15,0.0,0.0,0.0
no07,533967_88202_88204_0,1830,18:30,0.0,0.0,0.0
no07,533967_88202_88204_0,1845,18:45,0.0,0.0,0.0
no07,533967_88202_88204_1,630,06:30,0.0,0.0,0.0
no07,533967_88202_88204_1,645,06:45,0.0,0.0,0.0
no07,533967_88202_88204_1,700,07:00,0.0,0.0,0.0
no07,533967_88202_88204_1,715,07:15,0.0,0.0,0.0
no07,533967_88202_88204_1,730,07:30,0.0,0.0,0.0
no07,533967_88202_88204_1,745,07:45,0.0,0.0,0.0
no07,533967_88202_88204_1,800,08:00,0.0,0.0,0.0
no07,533967_88202_88204_1,815,08:15,0.0,0.0,0.0
no07,533967_88202_88204_1,830,08:30,0.0,0.0,0.0
no07,533967_88202_88204_1,845,08:45,0.0,0.0,0.0
no07,533967_88202_88204_1,900,09:00,0.0,0.0,0.0
no07,533967_88202_88204_1,915,09:15,0.0,0.0,0.0
no07,533967_88202_88204_1,930,09:30,0.0,0.0,0.0
no07,533967_88202_88204_1,945,09:45,0.0,0.0,0.0
no07,533967_88202_88204_1,1000,10:00,0.0,0.0,0.0
no07,533967_88202_88204_1,1015,10:15,0.0,0.0,0.0
no07,533967_88202_88204_1,1030,10:30,0.0,0.0,0.0
no07,533967_88202_88204_1,1045,10:45,0.0,0.0,0.0
no07,533967_88202_88204_1,1100,11:00,0.0,0.0,0.0
no07,533967_88202_88204_1,1115,11:15,0.0,0.0,0.0
no07,533967_88202_88204_1,1130,11:30,0.0,0.0,0.0
no07,533967_88202_88204_1,1145,11:45,0.0,0.0,0.0
no07,533967_88202_88204_1,1200,12:00,0.0,0.0,0.0
no07,533967_88202_88204_1,1215,12:15,0.0,0.0,0.0
no07,533967_88202_88204_1,1230,12:30,0.0,0.0,0.0
no07,533967_88202_88204_1,1245,12:45,0.0,0.0,0.0
no07,533967_88202_88204_1,1300,13:00,0.0,0.0,0.0
no07,533967_88202_88204_1,1315,13:15,0.0,0.0,0.0
no07,533967_88202_88204_1,1330,13:30,0.0,0.0,0.0
no07,533967_88202_88204_1,1345,13:45,0.0,0.0,0.0
no07,533967_88202_88204_1,1400,14:00,0.0,0.0,0.0
no07,533967_88202_88204_1,1415,14:15,0.0,0.0,0.0
no07,533967_88202_88204_1,1430,14:30,0.0,0.0,0.0
no07,533967_88202_88204_1,1445,14:45,0.0,0.0,0.0
no07,533967_88202_88204_1,1500,15:00,0.0,0.0,0.0
no07,533967_88202_88204_1,1515,15:15,0.0,0.0,0.0
no07,533967_88202_88204_1,1530,15:30,0.0,0.0,0.0
no07,533967_88202_88204_1,1545,15:45,0.0,0.0,0.0
no07,533967_88202_88204_1,1600,16:00,0.0,0.0,0.0
no07,533967_88202_88204_1,1615,16:15,0.0,0.0,0.0
no07,533967_88202_88204_1,1630,16:30,0.0,0.0,0.0
no07,533967_88202_88204_1,1645,16:45,0.0,0.0,0.0
no07,533967_88202_88204_1,1700,17:00,0.0,0.0,0.0
no07,533967_88202_88204_1,1715,17:15,0.0,0.0,0.0
no07,533967_88202_88204_1,1730,17:30,0.0,0.0,0.0
no07,533967_88202_88204_1,1745,17:45,0.0,0.0,0.0
no07,533967_88202_88204_1,1800,18:00,0.0,0.0,0.0
no07,533967_88202_88204_1,1815,18:15,0.0,0.0,0.0
no07,533967_88202_88204_1,1830,18:30,0.0,0.0,0.0
no07,533967_88202_88204_1,1845,18:45,0.0,0.0,0.0
no07,533967_88202_88302_0,630,06:30,0.0,0.0,0.0
no07,533967_88202_88302_0,645,06:45,0.0,0.0,0.0
no07,533967_88202_88302_0,700,07:00,0.0,0.0,0.0
no07,533967_88202_88302_0,715,07:15,0.0,0.0,0.0
no07,533967_88202_88302_0,730,07:30,0.0,0.0,0.0
no07,533967_88202_88302_0,745,07:45,0.0,0.0,0.0
no07,533967_88202_88302_0,800,08:00,0.0,0.0,0.0
no07,533967_88202_88302_0,815,08:15,0.0,0.0,0.0
no07,533967_88202_88302_0,830,08:30,0.0,0.0,0.0
no07,533967_88202_88302_0,845,08:45,0.0,0.0,0.0
no07,533967_88202_88302_0,900,09:00,0.0,0.0,0.0
no07,533967_88202_88302_0,915,09:15,0.0,0.0,0.0
no07,533967_88202_88302_0,930,09:30,0.0,0.0,0.0
no07,533967_88202_88302_0,945,09:45,0.0,0.0,0.0
no07,533967_88202_88302_0,1000,10:00,0.0,0.0,0.0
no07,533967_88202_88302_0,1015,10:15,0.0,0.0,0.0
no07,533967_88202_88302_0,1030,10:30,0.0,0.0,0.0
no07,533967_88202_88302_0,1045,10:45,0.0,0.0,0.0
no07,533967_88202_88302_0,1100,11:00,0.0,0.0,0.0
no07,533967_88202_88302_0,1115,11:15,0.0,0.0,0.0
no07,533967_88202_88302_0,1130,11:30,0.0,0.0,0.0
no07,533967_88202_88302_0,1145,11:45,0.0,0.0,0.0
no07,533967_88202_88302_0,1200,12:00,0.0,0.0,0.0
no07,533967_88202_88302_0,1215,12:15,0.0,0.0,0.0
no07,533967_88202_88302_0,1230,12:30,0.0,0.0,0.0
no07,533967_88202_88302_0,1245,12:45,0.0,0.0,0.0
no07,533967_88202_88302_0,1300,13:00,0.0,0.0,0.0
no07,533967_88202_88302_0,1315,13:15,0.0,0.0,0.0
no07,533967_88202_88302_0,1330,13:30,0.0,0.0,0.0
no07,533967_88202_88302_0,1345,13:45,0.0,0.0,0.0
no07,533967_88202_88302_0,1400,14:00,0.0,0.0,0.0
no07,533967_88202_88302_0,1415,14:15,0.0,0.0,0.0
no07,533967_88202_88302_0,1430,14:30,0.0,0.0,0.0
no07,533967_88202_88302_0,1445,14:45,0.0,0.0,0.0
no07,533967_88202_88302_0,1500,15:00,0.0,0.0,0.0
no07,533967_88202_88302_0,1515,15:15,0.0,0.0,0.0
no07,533967_88202_88302_0,1530,15:30,0.0,0.0,0.0
no07,533967_88202_88302_0,1545,15:45,0.0,0.0,0.0
no07,533967_88202_88302_0,1600,16:00,0.0,0.0,0.0
no07,533967_88202_88302_0,1615,16:15,0.0,0.0,0.0
no07,533967_88202_88302_0,1630,16:30,0.0,0.0,0.0
no07,533967_88202_88302_0,1645,16:45,0.0,0.0,0.0
no07,533967_88202_88302_0,1700,17:00,0.0,0.0,0.0
no07,533967_88202_88302_0,1715,17:15,0.0,0.0,0.0
no07,533967_88202_88302_0,1730,17:30,0.0,0.0,0.0
no07,533967_88202_88302_0,1745,17:45,0.0,0.0,0.0
no07,533967_88202_88302_0,1800,18:00,0.0,0.0,0.0
no07,533967_88202_88302_0,1815,18:15,0.0,0.0,0.0
no07,533967_88202_88302_0,1830,18:30,0.0,0.0,0.0
no07,533967_88202_88302_0,1845,18:45,0.0,0.0,0.0
no07,533967_88202_88302_1,630,06:30,0.0,0.0,0.0
no07,533967_88202_88302_1,645,06:45,0.0,0.0,0.0
no07,533967_88202_88302_1,700,07:00,0.0,0.0,0.0
no07,533967_88202_88302_1,715,07:15,0.0,0.0,0.0
no07,533967_88202_88302_1,730,07:30,0.0,0.0,0.0
no07,533967_88202_88302_1,745,07:45,0.0,0.0,0.0
no07,533967_88202_88302_1,800,08:00,0.0,0.0,0.0
no07,533967_88202_88302_1,815,08:15,0.0,0.0,0.0
no07,533967_88202_88302_1,830,08:30,0.0,0.0,0.0
no07,533967_88202_88302_1,845,08:45,0.0,0.0,0.0
no07,533967_88202_88302_1,900,09:00,0.0,0.0,0.0
no07,533967_88202_88302_1,915,09:15,0.0,0.0,0.0
no07,533967_88202_88302_1,930,09:30,0.0,0.0,0.0
no07,533967_88202_88302_1,945,09:45,0.0,0.0,0.0
no07,533967_88202_88302_1,1000,10:00,0.0,0.0,0.0
no07,533967_88202_88302_1,1015,10:15,0.0,0.0,0.0
no07,533967_88202_88302_1,1030,10:30,0.0,0.0,0.0
no07,533967_88202_88302_1,1045,10:45,0.0,0.0,0.0
no07,533967_88202_88302_1,1100,11:00,0.0,0.0,0.0
no07,533967_88202_88302_1,1115,11:15,0.0,0.0,0.0
no07,533967_88202_88302_1,1130,11:30,0.0,0.0,0.0
no07,533967_88202_88302_1,1145,11:45,0.0,0.0,0.0
no07,533967_88202_88302_1,1200,12:00,0.0,0.0,0.0
no07,533967_88202_88302_1,1215,12:15,0.0,0.0,0.0
no07,533967_88202_88302_1,1230,12:30,0.0,0.0,0.0
no07,533967_88202_88302_1,1245,12:45,0.0,0.0,0.0
no07,533967_88202_88302_1,1300,13:00,0.0,0.0,0.0
no07,533967_88202_88302_1,1315,13:15,0.0,0.0,0.0
no07,533967_88202_88302_1,1330,13:30,0.0,0.0,0.0
no07,533967_88202_88302_1,1345,13:45,0.0,0.0,0.0
no07,533967_88202_88302_1,1400,14:00,0.0,0.0,0.0
no07,533967_88202_88302_1,1415,14:15,0.0,0.0,0.0
no07,533967_88202_88302_1,1430,14:30,0.0,0.0,0.0
no07,533967_88202_88302_1,1445,14:45,0.0,0.0,0.0
no07,533967_88202_88302_1,1500,15:00,0.0,0.0,0.0
no07,533967_88202_88302_1,1515,15:15,0.0,0.0,0.0
no07,533967_88202_88302_1,1530,15:30,0.0,0.0,0.0
no07,533967_88202_88302_1,1545,15:45,0.0,0.0,0.0
no07,533967_88202_88302_1,1600,16:00,0.0,0.0,0.0
no07,533967_88202_88302_1,1615,16:15,0.0,0.0,0.0
no07,533967_88202_88302_1,1630,16:30,0.0,0.0,0.0
no07,533967_88202_88302_1,1645,16:45,0.0,0.0,0.0
no07,533967_88202_88302_1,1700,17:00,0.0,0.0,0.0
no07,533967_88202_88302_1,1715,17:15,0.0,0.0,0.0
no07,533967_88202_88302_1,1730,17:30,0.0,0.0,0.0
no07,533967_88202_88302_1,1745,17:45,0.0,0.0,0.0
no07,533967_88202_88302_1,1800,18:00,0.0,0.0,0.0
no07,533967_88202_88302_1,1815,18:15,0.0,0.0,0.0
no07,533967_88202_88302_1,1830,18:30,0.0,0.0,0.0
no07,533967_88202_88302_1,1845,18:45,0.0,0.0,0.0
no07,533967_88203_88204_0,630,06:30,0.0,0.0,0.0
no07,533967_88203_88204_0,645,06:45,0.0,0.0,0.0
no07,533967_88203_88204_0,700,07:00,0.0,0.0,0.0
no07,533967_88203_88204_0,715,07:15,0.0,0.0,0.0
no07,533967_88203_88204_0,730,07:30,0.0,0.0,0.0
no07,533967_88203_88204_0,745,07:45,0.0,0.0,0.0
no07,533967_88203_88204_0,800,08:00,0.0,0.0,0.0
no07,533967_88203_88204_0,815,08:15,0.0,0.0,0.0
no07,533967_88203_88204_0,830,08:30,0.0,0.0,0.0
no07,533967_88203_88204_0,845,08:45,0.0,0.0,0.0
no07,533967_88203_88204_0,900,09:00,0.0,0.0,0.0
no07,533967_88203_88204_0,915,09:15,0.0,0.0,0.0
no07,533967_88203_88204_0,930,09:30,0.0,0.0,0.0
no07,533967_88203_88204_0,945,09:45,0.0,0.0,0.0
no07,533967_88203_88204_0,1000,10:00,0.0,0.0,0.0
no07,533967_88203_88204_0,1015,10:15,0.0,0.0,0.0
no07,533967_88203_88204_0,1030,10:30,0.0,0.0,0.0
no07,533967_88203_88204_0,1045,10:45,0.0,0.0,0.0
no07,533967_88203_88204_0,1100,11:00,0.0,0.0,0.0
no07,533967_88203_88204_0,1115,11:15,0.0,0.0,0.0
no07,533967_88203_88204_0,1130,11:30,0.0,0.0,0.0
no07,533967_88203_88204_0,1145,11:45,0.0,0.0,0.0
no07,533967_88203_88204_0,1200,12:00,0.0,0.0,0.0
no07,533967_88203_88204_0,1215,12:15,0.0,0.0,0.0
no07,533967_88203_88204_0,1230,12:30,0.0,0.0,0.0
no07,533967_88203_88204_0,1245,12:45,0.0,0.0,0.0
no07,533967_88203_88204_0,1300,13:00,0.0,0.0,0.0
no07,533967_88203_88204_0,1315,13:15,0.0,0.0,0.0
no07,533967_88203_88204_0,1330,13:30,0.0,0.0,0.0
no07,533967_88203_88204_0,1345,13:45,0.0,0.0,0.0
no07,533967_88203_88204_0,1400,14:00,0.0,0.0,0.0
no07,533967_88203_88204_0,1415,14:15,0.0,0.0,0.0
no07,533967_88203_88204_0,1430,14:30,0.0,0.0,0.0
no07,533967_88203_88204_0,1445,14:45,0.0,0.0,0.0
no07,533967_88203_88204_0,1500,15:00,0.0,0.0,0.0
no07,533967_88203_88204_0,1515,15:15,0.0,0.0,0.0
no07,533967_88203_88204_0,1530,15:30,0.0,0.0,0.0
no07,533967_88203_88204_0,1545,15:45,0.0,0.0,0.0
no07,533967_88203_88204_0,1600,16:00,0.0,0.0,0.0
no07,533967_88203_88204_0,1615,16:15,0.0,0.0,0.0
no07,533967_88203_88204_0,1630,16:30,0.0,0.0,0.0
no07,533967_88203_88204_0,1645,16:45,0.0,0.0,0.0
no07,533967_88203_88204_0,1700,17:00,0.0,0.0,0.0
no07,533967_88203_88204_0,1715,17:15,0.0,0.0,0.0
no07,533967_88203_88204_0,1730,17:30,0.0,0.0,0.0
no07,533967_88203_88204_0,1745,17:45,0.0,0.0,0.0
no07,533967_88203_88204_0,1800,18:00,0.0,0.0,0.0
no07,533967_88203_88204_0,1815,18:15,0.0,0.0,0.0
no07,533967_88203_88204_0,1830,18:30,0.0,0.0,0.0
no07,533967_88203_88204_0,1845,18:45,0.0,0.0,0.0
no07,533967_88203_88204_1,630,06:30,0.0,0.0,0.0
no07,533967_88203_88204_1,645,06:45,0.0,0.0,0.0
no07,533967_88203_88204_1,700,07:00,0.0,0.0,0.0
no07,533967_88203_88204_1,715,07:15,0.0,0.0,0.0
no07,533967_88203_88204_1,730,07:30,0.0,0.0,0.0
no07,533967_88203_88204_1,745,07:45,0.0,0.0,0.0
no07,533967_88203_88204_1,800,08:00,0.0,0.0,0.0
no07,533967_88203_88204_1,815,08:15,0.0,0.0,0.0
no07,533967_88203_88204_1,830,08:30,0.0,0.0,0.0
no07,533967_88203_88204_1,845,08:45,0.0,0.0,0.0
no07,533967_88203_88204_1,900,09:00,0.0,0.0,0.0
no07,533967_88203_88204_1,915,09:15,0.0,0.0,0.0
no07,533967_88203_88204_1,930,09:30,0.0,0.0,0.0
no07,533967_88203_88204_1,945,09:45,0.0,0.0,0.0
no07,533967_88203_88204_1,1000,10:00,0.0,0.0,0.0
no07,533967_88203_88204_1,1015,10:15,0.0,0.0,0.0
no07,533967_88203_88204_1,1030,10:30,0.0,0.0,0.0
no07,533967_88203_88204_1,1045,10:45,0.0,0.0,0.0
no07,533967_88203_88204_1,1100,11:00,0.0,0.0,0.0
no07,533967_88203_88204_1,1115,11:15,0.0,0.0,0.0
no07,533967_88203_88204_1,1130,11:30,0.0,0.0,0.0
no07,533967_88203_88204_1,1145,11:45,0.0,0.0,0.0
no07,533967_88203_88204_1,1200,12:00,0.0,0.0,0.0
no07,533967_88203_88204_1,1215,12:15,0.0,0.0,0.0
no07,533967_88203_88204_1,1230,12:30,0.0,0.0,0.0
no07,533967_88203_88204_1,1245,12:45,0.0,0.0,0.0
no07,533967_88203_88204_1,1300,13:00,0.0,0.0,0.0
no07,533967_88203_88204_1,1315,13:15,0.0,0.0,0.0
no07,533967_88203_88204_1,1330,13:30,0.0,0.0,0.0
no07,533967_88203_88204_1,1345,13:45,0.0,0.0,0.0
no07,533967_88203_88204_1,1400,14:00,0.0,0.0,0.0
no07,533967_88203_88204_1,1415,14:15,0.0,0.0,0.0
no07,533967_88203_88204_1,1430,14:30,0.0,0.0,0.0
no07,533967_88203_88204_1,1445,14:45,0.0,0.0,0.0
no07,533967_88203_88204_1,1500,15:00,0.0,0.0,0.0
no07,533967_88203_88204_1,1515,15:15,0.0,0.0,0.0
no07,533967_88203_88204_1,1530,15:30,0.0,0.0,0.0
no07,533967_88203_88204_1,1545,15:45,0.0,0.0,0.0
no07,533967_88203_88204_1,1600,16:00,0.0,0.0,0.0
no07,533967_88203_88204_1,1615,16:15,0.0,0.0,0.0
no07,533967_88203_88204_1,1630,16:30,0.0,0.0,0.0
no07,533967_88203_88204_1,1645,16:45,0.0,0.0,0.0
no07,533967_88203_88204_1,1700,17:00,0.0,0.0,0.0
no07,533967_88203_88204_1,1715,17:15,0.0,0.0,0.0
no07,533967_88203_88204_1,1730,17:30,0.0,0.0,0.0
no07,533967_88203_88204_1,1745,17:45,0.0,0.0,0.0
no07,533967_88203_88204_1,1800,18:00,0.0,0.0,0.0
no07,533967_88203_88204_1,1815,18:15,0.0,0.0,0.0
no07,533967_88203_88204_1,1830,18:30,0.0,0.0,0.0
no07,533967_88203_88204_1,1845,18:45,0.0,0.0,0.0
no07,533967_88203_88302_0,630,06:30,0.0,0.0,0.0
no07,533967_88203_88302_0,645,06:45,0.0,0.0,0.0
no07,533967_88203_88302_0,700,07:00,0.0,0.0,0.0
no07,533967_88203_88302_0,715,07:15,0.0,0.0,0.0
no07,533967_88203_88302_0,730,07:30,0.0,0.0,0.0
no07,533967_88203_88302_0,745,07:45,0.0,0.0,0.0
no07,533967_88203_88302_0,800,08:00,0.0,0.0,0.0
no07,533967_88203_88302_0,815,08:15,0.0,0.0,0.0
no07,533967_88203_88302_0,830,08:30,0.0,0.0,0.0
no07,533967_88203_88302_0,845,08:45,0.0,0.0,0.0
no07,533967_88203_88302_0,900,09:00,0.0,0.0,0.0
no07,533967_88203_88302_0,915,09:15,0.0,0.0,0.0
no07,533967_88203_88302_0,930,09:30,0.0,0.0,0.0
no07,533967_88203_88302_0,945,09:45,0.0,0.0,0.0
no07,533967_88203_88302_0,1000,10:00,0.0,0.0,0.0
no07,533967_88203_88302_0,1015,10:15,0.0,0.0,0.0
no07,533967_88203_88302_0,1030,10:30,0.0,0.0,0.0
no07,533967_88203_88302_0,1045,10:45,0.0,0.0,0.0
no07,533967_88203_88302_0,1100,11:00,0.0,0.0,0.0
no07,533967_88203_88302_0,1115,11:15,0.0,0.0,0.0
no07,533967_88203_88302_0,1130,11:30,0.0,0.0,0.0
no07,533967_88203_88302_0,1145,11:45,0.0,0.0,0.0
no07,533967_88203_88302_0,1200,12:00,0.0,0.0,0.0
no07,533967_88203_88302_0,1215,12:15,0.0,0.0,0.0
no07,533967_88203_88302_0,1230,12:30,0.0,0.0,0.0
no07,533967_88203_88302_0,1245,12:45,0.0,0.0,0.0
no07,533967_88203_88302_0,1300,13:00,0.0,0.0,0.0
no07,533967_88203_88302_0,1315,13:15,0.0,0.0,0.0
no07,533967_88203_88302_0,1330,13:30,0.0,0.0,0.0
no07,533967_88203_88302_0,1345,13:45,0.0,0.0,0.0
no07,533967_88203_88302_0,1400,14:00,0.0,0.0,0.0
no07,533967_88203_88302_0,1415,14:15,0.0,0.0,0.0
no07,533967_88203_88302_0,1430,14:30,0.0,0.0,0.0
no07,533967_88203_88302_0,1445,14:45,0.0,0.0,0.0
no07,533967_88203_88302_0,1500,15:00,0.0,0.0,0.0
no07,533967_88203_88302_0,1515,15:15,0.0,0.0,0.0
no07,533967_88203_88302_0,1530,15:30,0.0,0.0,0.0
no07,533967_88203_88302_0,1545,15:45,0.0,0.0,0.0
no07,533967_88203_88302_0,1600,16:00,0.0,0.0,0.0
no07,533967_88203_88302_0,1615,16:15,0.0,0.0,0.0
no07,533967_88203_88302_0,1630,16:30,0.0,0.0,0.0
no07,533967_88203_88302_0,1645,16:45,0.0,0.0,0.0
no07,533967_88203_88302_0,1700,17:00,0.0,0.0,0.0
no07,533967_88203_88302_0,1715,17:15,0.0,0.0,0.0
no07,533967_88203_88302_0,1730,17:30,0.0,0.0,0.0
no07,533967_88203_88302_0,1745,17:45,0.0,0.0,0.0
no07,533967_88203_88302_0,1800,18:00,0.0,0.0,0.0
no07,533967_88203_88302_0,1815,18:15,0.0,0.0,0.0
no07,533967_88203_88302_0,1830,18:30,0.0,0.0,0.0
no07,533967_88203_88302_0,1845,18:45,0.0,0.0,0.0
no07,533967_88203_88302_1,630,06:30,0.0,0.0,0.0
no07,533967_88203_88302_1,645,06:45,0.0,0.0,0.0
no07,533967_88203_88302_1,700,07:00,0.0,0.0,0.0
no07,533967_88203_88302_1,715,07:15,0.0,0.0,0.0
no07,533967_88203_88302_1,730,07:30,0.0,0.0,0.0
no07,533967_88203_88302_1,745,07:45,0.0,0.0,0.0
no07,533967_88203_88302_1,800,08:00,0.0,0.0,0.0
no07,533967_88203_88302_1,815,08:15,0.0,0.0,0.0
no07,533967_88203_88302_1,830,08:30,0.0,0.0,0.0
no07,533967_88203_88302_1,845,08:45,0.0,0.0,0.0
no07,533967_88203_88302_1,900,09:00,0.0,0.0,0.0
no07,533967_88203_88302_1,915,09:15,0.0,0.0,0.0
no07,533967_88203_88302_1,930,09:30,0.0,0.0,0.0
no07,533967_88203_88302_1,945,09:45,0.0,0.0,0.0
no07,533967_88203_88302_1,1000,10:00,0.0,0.0,0.0
no07,533967_88203_88302_1,1015,10:15,0.0,0.0,0.0
no07,533967_88203_88302_1,1030,10:30,0.0,0.0,0.0
no07,533967_88203_88302_1,1045,10:45,0.0,0.0,0.0
no07,533967_88203_88302_1,1100,11:00,0.0,0.0,0.0
no07,533967_88203_88302_1,1115,11:15,0.0,0.0,0.0
no07,533967_88203_88302_1,1130,11:30,0.0,0.0,0.0
no07,533967_88203_88302_1,1145,11:45,0.0,0.0,0.0
no07,533967_88203_88302_1,1200,12:00,0.0,0.0,0.0
no07,533967_88203_88302_1,1215,12:15,0.0,0.0,0.0
no07,533967_88203_88302_1,1230,12:30,0.0,0.0,0.0
no07,533967_88203_88302_1,1245,12:45,0.0,0.0,0.0
no07,533967_88203_88302_1,1300,13:00,0.0,0.0,0.0
no07,533967_88203_88302_1,1315,13:15,0.0,0.0,0.0
no07,533967_88203_88302_1,1330,13:30,0.0,0.0,0.0
no07,533967_88203_88302_1,1345,13:45,0.0,0.0,0.0
no07,533967_88203_88302_1,1400,14:00,0.0,0.0,0.0
no07,533967_88203_88302_1,1415,14:15,0.0,0.0,0.0
no07,533967_88203_88302_1,1430,14:30,0.0,0.0,0.0
no07,533967_88203_88302_1,1445,14:45,0.0,0.0,0.0
no07,533967_88203_88302_1,1500,15:00,0.0,0.0,0.0
no07,533967_88203_88302_1,1515,15:15,0.0,0.0,0.0
no07,533967_88203_88302_1,1530,15:30,0.0,0.0,0.0
no07,533967_88203_88302_1,1545,15:45,0.0,0.0,0.0
no07,533967_88203_88302_1,1600,16:00,0.0,0.0,0.0
no07,533967_88203_88302_1,1615,16:15,0.0,0.0,0.0
no07,533967_88203_88302_1,1630,16:30,0.0,0.0,0.0
no07,533967_88203_88302_1,1645,16:45,0.0,0.0,0.0
no07,533967_88203_88302_1,1700,17:00,0.0,0.0,0.0
no07,533967_88203_88302_1,1715,17:15,0.0,0.0,0.0
no07,533967_88203_88302_1,1730,17:30,0.0,0.0,0.0
no07,533967_88203_88302_1,1745,17:45,0.0,0.0,0.0
no07,533967_88203_88302_1,1800,18:00,0.0,0.0,0.0
no07,533967_88203_88302_1,1815,18:15,0.0,0.0,0.0
no07,533967_88203_88302_1,1830,18:30,0.0,0.0,0.0
no07,533967_88203_88302_1,1845,18:45,0.0,0.0,0.0
no07,I_11_0129024139429,630,06:30,67.35,67.3157894736842,-0.034210526315789025
no07,I_11_0129024139429,645,06:45,58.65,58.94736842105263,0.2973684210526315
no07,I_11_0129024139429,700,07:00,64.65,64.52631578947368,-0.12368421052632073
no07,I_11_0129024139429,715,07:15,79.1,79.42105263157895,0.3210526315789508
no07,I_11_0129024139429,730,07:30,86.1,85.63157894736842,-0.4684210526315695
no07,I_11_0129024139429,745,07:45,92.45,92.26315789473684,-0.18684210526316747
no07,I_11_0129024139429,800,08:00,60.5,60.73684210526316,0.23684210526315752
no07,I_11_0129024139429,815,08:15,108.75,108.26315789473684,-0.4868421052631646
no07,I_11_0129024139429,830,08:30,95.25,95.36842105263158,0.11842105263157521
no07,I_11_0129024139429,845,08:45,53.15,53.68421052631579,0.534210526315789
no07,I_11_0129024139429,900,09:00,65.35,65.26315789473684,-0.08684210526315894
no07,I_11_0129024139429,915,09:15,66.9,67.15789473684211,0.25789473684210407
no07,I_11_0129024139429,930,09:30,54.65,54.526315789473685,-0.12368421052631362
no07,I_11_0129024139429,945,09:45,55.85,55.73684210526316,-0.1131578947368439
no07,I_11_0129024139429,1000,10:00,78.55,78.73684210526316,0.18684210526316747
no07,I_11_0129024139429,1015,10:15,71.65,71.6842105263158,0.034210526315789025
no07,I_11_0129024139429,1030,10:30,59.1,59.05263157894737,-0.047368421052631504
no07,I_11_0129024139429,1045,10:45,76.9,76.6842105263158,-0.21578947368421098
no07,I_11_0129024139429,1100,11:00,70.9,70.15789473684211,-0.7421052631578959
no07,I_11_0129024139429,1115,11:15,75.75,75.94736842105263,0.19736842105263008
no07,I_11_0129024139429,1130,11:30,65.65,65.57894736842105,-0.07105263157895081
no07,I_11_0129024139429,1145,11:45,94.55,94.78947368421052,0.23947368421052317
no07,I_11_0129024139429,1200,12:00,73.65,72.84210526315789,-0.8078947368421154
no07,I_11_0129024139429,1215,12:15,63.0,63.63157894736842,0.6315789473684177
no07,I_11_0129024139429,1230,12:30,83.8,83.78947368421052,-0.010526315789476826
no07,I_11_0129024139429,1245,12:45,60.45,60.63157894736842,0.18157894736841484
no07,I_11_0129024139429,1300,13:00,74.1,73.6842105263158,-0.4157894736841996
no07,I_11_0129024139429,1315,13:15,82.05,81.94736842105263,-0.10263157894736707
no07,I_11_0129024139429,1330,13:30,67.7,68.10526315789474,0.405263157894737
no07,I_11_0129024139429,1345,13:45,76.5,76.3157894736842,-0.1842105263157947
no07,I_11_0129024139429,1400,14:00,49.6,49.578947368421055,-0.021052631578946546
no07,I_11_0129024139429,1415,14:15,77.9,77.89473684210526,-0.005263157894745518
no07,I_11_0129024139429,1430,14:30,49.0,48.89473684210526,-0.10526315789473983
no07,I_11_0129024139429,1445,14:45,55.0,54.94736842105263,-0.05263157894736992
no07,I_11_0129024139429,1500,15:00,98.6,98.84210526315788,0.24210526315788172
no07,I_11_0129024139429,1515,15:15,52.5,52.21052631578947,-0.28947368421052744
no07,I_11_0129024139429,1530,15:30,63.7,63.42105263157895,-0.2789473684210506
no07,I_11_0129024139429,1545,15:45,62.15,61.1578947368421,-0.9921052631578959
no07,I_11_0129024139429,1600,16:00,90.05,89.57894736842105,-0.4710526315789423
no07,I_11_0129024139429,1615,16:15,71.25,71.63157894736842,0.3815789473684248
no07,I_11_0129024139429,1630,16:30,86.75,87.15789473684211,0.40789473684210975
no07,I_11_0129024139429,1645,16:45,73.7,73.10526315789474,-0.594736842105263
no07,I_11_0129024139429,1700,17:00,85.95,85.84210526315789,-0.10789473684211259
no07,I_11_0129024139429,1715,17:15,50.45,50.78947368421053,0.3394736842105246
no07,I_11_0129024139429,1730,17:30,87.25,86.47368421052632,-0.776315789473685
no07,I_11_0129024139429,1745,17:45,91.55,91.21052631578948,-0.3394736842105175
no07,I_11_0129024139429,1800,18:00,86.15,86.36842105263158,0.21842105263156952
no07,I_11_0129024139429,1815,18:15,53.95,53.94736842105263,-0.002631578947372759
no07,I_11_0129024139429,1830,18:30,49.65,49.78947368421053,0.13947368421052886
no07,I_11_0129024139429,1845,18:45,45.8,45.94736842105263,0.14736842105263293
no07,I_11_0129024139444,630,06:30,14.25,14.105263157894736,-0.14473684210526372
no07,I_11_0129024139444,645,06:45,18.45,18.68421052631579,0.23421052631579187
no07,I_11_0129024139444,700,07:00,41.05,41.0,-0.04999999999999716
no07,I_11_0129024139444,715,07:15,49.45,49.26315789473684,-0.18684210526316036
no07,I_11_0129024139444,730,07:30,45.55,44.78947368421053,-0.7605263157894697
no07,I_11_0129024139444,745,07:45,76.9,70.52631578947368,-6.373684210526321
no07,I_11_0129024139444,800,08:00,95.45,95.63157894736842,0.18157894736842195
no07,I_11_0129024139444,815,08:15,51.65,54.26315789473684,2.613157894736844
no07,I_11_0129024139444,830,08:30,49.35,50.73684210526316,1.386842105263156
no07,I_11_0129024139444,845,08:45,58.0,58.1578947368421,0.15789473684210265
no07,I_11_0129024139444,900,09:00,79.5,78.6842105263158,-0.8157894736842053
no07,I_11_0129024139444,915,09:15,41.7,41.78947368421053,0.0894736842105246
no07,I_11_0129024139444,930,09:30,57.75,57.05263157894737,-0.6973684210526301
no07,I_11_0129024139444,945,09:45,70.05,70.73684210526316,0.6868421052631675
no07,I_11_0129024139444,1000,10:00,43.8,44.05263157894737,0.25263157894737276
no07,I_11_0129024139444,1015,10:15,45.45,45.26315789473684,-0.18684210526316036
no07,I_11_0129024139444,1030,10:30,36.05,36.73684210526316,0.6868421052631604
no07,I_11_0129024139444,1045,10:45,44.25,44.47368421052632,0.22368421052632215
no07,I_11_0129024139444,1100,11:00,48.4,48.36842105263158,-0.031578947368416266
no07,I_11_0129024139444,1115,11:15,78.95,79.10526315789474,0.155263157894737
no07,I_11_0129024139444,1130,11:30,44.95,44.42105263157895,-0.5289473684210506
no07,I_11_0129024139444,1145,11:45,50.2,50.73684210526316,0.5368421052631547
no07,I_11_0129024139444,1200,12:00,57.05,56.1578947368421,-0.8921052631578945
no07,I_11_0129024139444,1215,12:15,77.5,78.05263157894737,0.5526315789473699
no07,I_11_0129024139444,1230,12:30,78.15,77.94736842105263,-0.2026315789473756
no07,I_11_0129024139444,1245,12:45,54.3,55.10526315789474,0.8052631578947427
no07,I_11_0129024139444,1300,13:00,61.55,61.526315789473685,-0.0236842105263122
no07,I_11_0129024139444,1315,13:15,52.35,52.47368421052632,0.12368421052632073
no07,I_11_0129024139444,1330,13:30,54.4,54.36842105263158,-0.031578947368416266
no07,I_11_0129024139444,1345,13:45,42.75,42.05263157894737,-0.6973684210526301
no07,I_11_0129024139444,1400,14:00,53.25,53.0,-0.25
no07,I_11_0129024139444,1415,14:15,79.7,80.21052631578948,0.5105263157894768
no07,I_11_0129024139444,1430,14:30,67.15,68.26315789473684,1.1131578947368297
no07,I_11_0129024139444,1445,14:45,55.15,55.0,-0.14999999999999858
no07,I_11_0129024139444,1500,15:00,68.2,68.21052631578948,0.010526315789476826
no07,I_11_0129024139444,1515,15:15,63.5,63.05263157894737,-0.4473684210526301
no07,I_11_0129024139444,1530,15:30,77.65,77.42105263157895,-0.22894736842106056
no07,I_11_0129024139444,1545,15:45,71.95,73.36842105263158,1.4184210526315724
no07,I_11_0129024139444,1600,16:00,55.4,54.78947368421053,-0.6105263157894711
no07,I_11_0129024139444,1615,16:15,37.15,37.47368421052632,0.32368421052632357
no07,I_11_0129024139444,1630,16:30,24.75,25.42105263157895,0.6710526315789487
no07,I_11_0129024139444,1645,16:45,38.45,37.89473684210526,-0.5552631578947427
no07,I_11_0129024139444,1700,17:00,48.35,47.0,-1.3500000000000014
no07,I_11_0129024139444,1715,17:15,71.75,71.42105263157895,-0.3289473684210549
no07,I_11_0129024139444,1730,17:30,71.65,70.47368421052632,-1.1763157894736906
no07,I_11_0129024139444,1745,17:45,78.45,74.21052631578948,-4.239473684210523
no07,I_11_0129024139444,1800,18:00,81.3,81.3157894736842,0.015789473684208133
no07,I_11_0129024139444,1815,18:15,83.0,83.94736842105263,0.9473684210526301
no07,I_11_0129024139444,1830,18:30,51.8,56.68421052631579,4.8842105263157904
no07,I_11_0129024139444,1845,18:45,66.95,66.42105263157895,-0.5289473684210577
no07,I_11_0129024146232,630,06:30,64.8,64.6842105263158,-0.11578947368420245
no07,I_11_0129024146232,645,06:45,59.4,59.8421052631579,0.4421052631578988
no07,I_11_0129024146232,700,07:00,64.9,64.78947368421052,-0.11052631578948535
no07,I_11_0129024146232,715,07:15,78.25,78.57894736842105,0.3289473684210549
no07,I_11_0129024146232,730,07:30,86.5,85.94736842105263,-0.5526315789473699
no07,I_11_0129024146232,745,07:45,94.45,94.26315789473684,-0.18684210526316747
no07,I_11_0129024146232,800,08:00,59.55,59.63157894736842,0.08157894736842053
no07,I_11_0129024146232,815,08:15,108.15,107.73684210526316,-0.41315789473684106
no07,I_11_0129024146232,830,08:30,92.95,93.26315789473684,0.31315789473683253
no07,I_11_0129024146232,845,08:45,55.4,55.578947368421055,0.1789473684210563
no07,I_11_0129024146232,900,09:00,66.35,66.42105263157895,0.07105263157895081
no07,I_11_0129024146232,915,09:15,66.6,66.84210526315789,0.24210526315789593
no07,I_11_0129024146232,930,09:30,55.3,55.31578947368421,0.01578947368421524
no07,I_11_0129024146232,945,09:45,53.95,53.78947368421053,-0.1605263157894754
no07,I_11_0129024146232,1000,10:00,80.5,80.73684210526316,0.23684210526316463
no07,I_11_0129024146232,1015,10:15,72.75,72.73684210526316,-0.013157894736835374
no07,I_11_0129024146232,1030,10:30,62.05,61.78947368421053,-0.2605263157894697
no07,I_11_0129024146232,1045,10:45,73.65,73.52631578947368,-0.12368421052632073
no07,I_11_0129024146232,1100,11:00,73.35,72.94736842105263,-0.40263157894736423
no07,I_11_0129024146232,1115,11:15,77.2,77.15789473684211,-0.04210526315789309
no07,I_11_0129024146232,1130,11:30,65.55,65.47368421052632,-0.07631578947368212
no07,I_11_0129024146232,1145,11:45,91.65,92.10526315789474,0.45526315789473415
no07,I_11_0129024146232,1200,12:00,75.5,74.47368421052632,-1.026315789473685
no07,I_11_0129024146232,1215,12:15,66.0,66.73684210526316,0.7368421052631646
no07,I_11_0129024146232,1230,12:30,82.05,81.52631578947368,-0.5236842105263122
no07,I_11_0129024146232,1245,12:45,61.7,62.26315789473684,0.5631578947368396
no07,I_11_0129024146232,1300,13:00,74.2,73.89473684210526,-0.3052631578947427
no07,I_11_0129024146232,1315,13:15,83.5,83.26315789473684,-0.23684210526316463
no07,I_11_0129024146232,1330,13:30,68.55,69.0,0.45000000000000284
no07,I_11_0129024146232,1345,13:45,76.45,76.36842105263158,-0.08157894736842763
no07,I_11_0129024146232,1400,14:00,50.15,50.1578947368421,0.007894736842104066
no07,I_11_0129024146232,1415,14:15,78.75,78.63157894736842,-0.11842105263157521
no07,I_11_0129024146232,1430,14:30,48.45,48.36842105263158,-0.08157894736842053
no07,I_11_0129024146232,1445,14:45,56.75,56.578947368421055,-0.17105263157894512
no07,I_11_0129024146232,1500,15:00,96.2,96.42105263157896,0.2210526315789565
no07,I_11_0129024146232,1515,15:15,54.95,54.89473684210526,-0.055263157894742676
no07,I_11_0129024146232,1530,15:30,62.55,62.36842105263158,-0.18157894736841484
no07,I_11_0129024146232,1545,15:45,64.2,63.21052631578947,-0.9894736842105303
no07,I_11_0129024146232,1600,16:00,87.45,87.0,-0.45000000000000284
no07,I_11_0129024146232,1615,16:15,74.05,74.05263157894737,0.002631578947372759
no07,I_11_0129024146232,1630,16:30,86.65,87.15789473684211,0.5078947368421041
no07,I_11_0129024146232,1645,16:45,74.3,74.10526315789474,-0.19473684210525732
no07,I_11_0129024146232,1700,17:00,87.85,87.36842105263158,-0.4815789473684191
no07,I_11_0129024146232,1715,17:15,51.55,51.78947368421053,0.23947368421053028
no07,I_11_0129024146232,1730,17:30,85.9,84.84210526315789,-1.0578947368421154
no07,I_11_0129024146232,1745,17:45,93.45,93.52631578947368,0.07631578947368212
no07,I_11_0129024146232,1800,18:00,83.6,83.78947368421052,0.18947368421052602
no07,I_11_0129024146232,1815,18:15,55.5,55.526315789473685,0.02631578947368496
no07,I_11_0129024146232,1830,18:30,50.5,50.526315789473685,0.02631578947368496
no07,I_11_0129024146232,1845,18:45,45.75,45.78947368421053,0.03947368421052744
no07,I_11_0129024146246,630,06:30,14.25,14.105263157894736,-0.14473684210526372
no07,I_11_0129024146246,645,06:45,18.45,18.68421052631579,0.23421052631579187
no07,I_11_0129024146246,700,07:00,41.1,41.10526315789474,0.005263157894738413
no07,I_11_0129024146246,715,07:15,49.45,49.1578947368421,-0.2921052631579002
no07,I_11_0129024146246,730,07:30,45.7,44.89473684210526,-0.8052631578947427
no07,I_11_0129024146246,745,07:45,81.6,73.3157894736842,-8.284210526315789
no07,I_11_0129024146246,800,08:00,92.0,93.84210526315788,1.842105263157876
no07,I_11_0129024146246,815,08:15,52.95,55.89473684210526,2.9447368421052573
no07,I_11_0129024146246,830,08:30,55.1,55.63157894736842,0.5315789473684163
no07,I_11_0129024146246,845,08:45,56.05,57.10526315789474,1.0552631578947427
no07,I_11_0129024146246,900,09:00,81.9,81.05263157894737,-0.8473684210526358
no07,I_11_0129024146246,915,09:15,41.85,41.89473684210526,0.044736842105258745
no07,I_11_0129024146246,930,09:30,60.65,60.42105263157895,-0.22894736842104635
no07,I_11_0129024146246,945,09:45,69.75,69.63157894736842,-0.11842105263157521
no07,I_11_0129024146246,1000,10:00,48.4,48.68421052631579,0.284210526315789
no07,I_11_0129024146246,1015,10:15,44.55,44.89473684210526,0.344736842105263
no07,I_11_0129024146246,1030,10:30,38.0,37.31578947368421,-0.6842105263157876
no07,I_11_0129024146246,1045,10:45,43.0,44.47368421052632,1.4736842105263221
no07,I_11_0129024146246,1100,11:00,52.3,51.31578947368421,-0.9842105263157848
no07,I_11_0129024146246,1115,11:15,78.8,79.3157894736842,0.5157894736842081
no07,I_11_0129024146246,1130,11:30,41.95,41.68421052631579,-0.26578947368421524
no07,I_11_0129024146246,1145,11:45,53.5,54.05263157894737,0.5526315789473699
no07,I_11_0129024146246,1200,12:00,54.05,53.578947368421055,-0.4710526315789423
no07,I_11_0129024146246,1215,12:15,78.9,79.15789473684211,0.25789473684210407
no07,I_11_0129024146246,1230,12:30,79.85,79.52631578947368,-0.32368421052630936
no07,I_11_0129024146246,1245,12:45,54.5,55.73684210526316,1.2368421052631575
no07,I_11_0129024146246,1300,13:00,61.75,61.578947368421055,-0.17105263157894512
no07,I_11_0129024146246,1315,13:15,50.4,50.68421052631579,0.284210526315789
no07,I_11_0129024146246,1330,13:30,57.0,56.526315789473685,-0.47368421052631504
no07,I_11_0129024146246,1345,13:45,41.9,41.73684210526316,-0.16315789473684106
no07,I_11_0129024146246,1400,14:00,54.0,53.10526315789474,-0.8947368421052602
no07,I_11_0129024146246,1415,14:15,79.8,81.05263157894737,1.2526315789473728
no07,I_11_0129024146246,1430,14:30,69.8,70.36842105263158,0.568421052631578
no07,I_11_0129024146246,1445,14:45,52.4,52.26315789473684,-0.1368421052631561
no07,I_11_0129024146246,1500,15:00,69.1,69.3157894736842,0.21578947368421098
no07,I_11_0129024146246,1515,15:15,67.3,66.36842105263158,-0.931578947368422
no07,I_11_0129024146246,1530,15:30,76.65,77.26315789473684,0.6131578947368297
no07,I_11_0129024146246,1545,15:45,72.7,74.0,1.2999999999999972
no07,I_11_0129024146246,1600,16:00,51.05,50.26315789473684,-0.7868421052631547
no07,I_11_0129024146246,1615,16:15,36.95,37.36842105263158,0.41842105263157947
no07,I_11_0129024146246,1630,16:30,25.5,25.789473684210527,0.28947368421052744
no07,I_11_0129024146246,1645,16:45,40.35,40.1578947368421,-0.19210526315789878
no07,I_11_0129024146246,1700,17:00,52.3,50.26315789473684,-2.0368421052631547
no07,I_11_0129024146246,1715,17:15,70.85,71.63157894736842,0.7815789473684305
no07,I_11_0129024146246,1730,17:30,74.8,73.0,-1.7999999999999972
no07,I_11_0129024146246,1745,17:45,76.45,71.84210526315789,-4.607894736842113
no07,I_11_0129024146246,1800,18:00,88.85,88.63157894736842,-0.21842105263156952
no07,I_11_0129024146246,1815,18:15,81.15,82.3157894736842,1.1657894736841996
no07,I_11_0129024146246,1830,18:30,52.6,57.63157894736842,5.031578947368416
no07,I_11_0129024146246,1845,18:45,68.55,67.52631578947368,-1.0236842105263122
no07,I_11_0804143920985,630,06:30,2.15,2.3157894736842106,0.1657894736842107
no07,I_11_0804143920985,645,06:45,18.45,17.473684210526315,-0.9763157894736842
no07,I_11_0804143920985,700,07:00,13.2,13.105263157894736,-0.09473684210526301
no07,I_11_0804143920985,715,07:15,23.45,24.157894736842103,0.7078947368421034
no07,I_11_0804143920985,730,07:30,20.4,21.36842105263158,0.9684210526315802
no07,I_11_0804143920985,745,07:45,24.65,24.84210526315789,0.19210526315789167
no07,I_11_0804143920985,800,08:00,20.55,21.473684210526315,0.9236842105263143
no07,I_11_0804143920985,815,08:15,20.1,20.894736842105264,0.7947368421052623
no07,I_11_0804143920985,830,08:30,23.0,23.157894736842103,0.15789473684210265
no07,I_11_0804143920985,845,08:45,12.2,13.789473684210526,1.5894736842105264
no07,I_11_0804143920985,900,09:00,21.05,20.05263157894737,-0.9973684210526308
no07,I_11_0804143920985,915,09:15,13.7,13.0,-0.6999999999999993
no07,I_11_0804143920985,930,09:30,20.25,18.526315789473685,-1.723684210526315
no07,I_11_0804143920985,945,09:45,21.75,22.105263157894736,0.3552631578947363
no07,I_11_0804143920985,1000,10:00,29.05,28.63157894736842,-0.41842105263157947
no07,I_11_0804143920985,1015,10:15,18.4,18.63157894736842,0.23157894736842266
no07,I_11_0804143920985,1030,10:30,12.85,11.894736842105264,-0.9552631578947359
no07,I_11_0804143920985,1045,10:45,31.0,28.26315789473684,-2.736842105263161
no07,I_11_0804143920985,1100,11:00,28.45,29.84210526315789,1.392105263157891
no07,I_11_0804143920985,1115,11:15,28.65,27.894736842105264,-0.7552631578947349
no07,I_11_0804143920985,1130,11:30,32.7,32.1578947368421,-0.5421052631579002
no07,I_11_0804143920985,1145,11:45,21.45,22.789473684210527,1.3394736842105281
no07,I_11_0804143920985,1200,12:00,32.55,30.789473684210527,-1.7605263157894697
no07,I_11_0804143920985,1215,12:15,30.2,27.73684210526316,-2.463157894736838
no07,I_11_0804143920985,1230,12:30,21.85,20.789473684210527,-1.060526315789474
no07,I_11_0804143920985,1245,12:45,26.9,28.26315789473684,1.3631578947368403
no07,I_11_0804143920985,1300,13:00,34.75,33.68421052631579,-1.0657894736842124
no07,I_11_0804143920985,1315,13:15,25.7,25.94736842105263,0.2473684210526308
no07,I_11_0804143920985,1330,13:30,21.55,21.473684210526315,-0.07631578947368567
no07,I_11_0804143920985,1345,13:45,24.9,24.157894736842103,-0.7421052631578959
no07,I_11_0804143920985,1400,14:00,22.5,22.94736842105263,0.4473684210526301
no07,I_11_0804143920985,1415,14:15,19.45,20.157894736842103,0.7078947368421034
no07,I_11_0804143920985,1430,14:30,14.5,15.947368421052632,1.4473684210526319
no07,I_11_0804143920985,1445,14:45,24.85,25.210526315789476,0.3605263157894747
no07,I_11_0804143920985,1500,15:00,26.45,28.68421052631579,2.234210526315792
no07,I_11_0804143920985,1515,15:15,21.8,21.526315789473685,-0.27368421052631575
no07,I_11_0804143920985,1530,15:30,21.65,21.63157894736842,-0.01842105263157734
no07,I_11_0804143920985,1545,15:45,21.2,20.473684210526315,-0.7263157894736842
no07,I_11_0804143920985,1600,16:00,29.6,29.63157894736842,0.03157894736841982
no07,I_11_0804143920985,1615,16:15,32.5,30.0,-2.5
no07,I_11_0804143920985,1630,16:30,23.75,23.0,-0.75
no07,I_11_0804143920985,1645,16:45,26.75,27.789473684210527,1.0394736842105274
no07,I_11_0804143920985,1700,17:00,24.75,23.31578947368421,-1.4342105263157912
no07,I_11_0804143920985,1715,17:15,29.35,28.31578947368421,-1.0342105263157926
no07,I_11_0804143920985,1730,17:30,15.4,14.473684210526317,-0.9263157894736835
no07,I_11_0804143920985,1745,17:45,13.4,14.842105263157896,1.4421052631578952
no07,I_11_0804143920985,1800,18:00,38.75,38.526315789473685,-0.22368421052631504
no07,I_11_0804143920985,1815,18:15,8.1,8.052631578947368,-0.047368421052631504
no07,I_11_0804143920985,1830,18:30,27.75,26.789473684210527,-0.9605263157894726
no07,I_11_0804143920985,1845,18:45,11.55,13.263157894736842,1.7131578947368418
no07,I_11_0804143921001,630,06:30,0.0,0.0,0.0
no07,I_11_0804143921001,645,06:45,0.0,0.0,0.0
no07,I_11_0804143921001,700,07:00,0.0,0.0,0.0
no07,I_11_0804143921001,715,07:15,0.0,0.0,0.0
no07,I_11_0804143921001,730,07:30,0.0,0.0,0.0
no07,I_11_0804143921001,745,07:45,0.0,0.0,0.0
no07,I_11_0804143921001,800,08:00,0.0,0.0,0.0
no07,I_11_0804143921001,815,08:15,0.0,0.0,0.0
no07,I_11_0804143921001,830,08:30,0.0,0.0,0.0
no07,I_11_0804143921001,845,08:45,0.0,0.0,0.0
no07,I_11_0804143921001,900,09:00,0.0,0.0,0.0
no07,I_11_0804143921001,915,09:15,0.0,0.0,0.0
no07,I_11_0804143921001,930,09:30,0.0,0.0,0.0
no07,I_11_0804143921001,945,09:45,0.0,0.0,0.0
no07,I_11_0804143921001,1000,10:00,0.0,0.0,0.0
no07,I_11_0804143921001,1015,10:15,0.0,0.0,0.0
no07,I_11_0804143921001,1030,10:30,0.0,0.0,0.0
no07,I_11_0804143921001,1045,10:45,0.0,0.0,0.0
no07,I_11_0804143921001,1100,11:00,0.0,0.0,0.0
no07,I_11_0804143921001,1115,11:15,0.0,0.0,0.0
no07,I_11_0804143921001,1130,11:30,0.0,0.0,0.0
no07,I_11_0804143921001,1145,11:45,0.0,0.0,0.0
no07,I_11_0804143921001,1200,12:00,0.0,0.0,0.0
no07,I_11_0804143921001,1215,12:15,0.0,0.0,0.0
no07,I_11_0804143921001,1230,12:30,0.0,0.0,0.0
no07,I_11_0804143921001,1245,12:45,0.0,0.0,0.0
no07,I_11_0804143921001,1300,13:00,0.0,0.0,0.0
no07,I_11_0804143921001,1315,13:15,0.0,0.0,0.0
no07,I_11_0804143921001,1330,13:30,0.0,0.0,0.0
no07,I_11_0804143921001,1345,13:45,0.0,0.0,0.0
no07,I_11_0804143921001,1400,14:00,0.0,0.0,0.0
no07,I_11_0804143921001,1415,14:15,0.0,0.0,0.0
no07,I_11_0804143921001,1430,14:30,0.0,0.0,0.0
no07,I_11_0804143921001,1445,14:45,0.0,0.0,0.0
no07,I_11_0804143921001,1500,15:00,0.0,0.0,0.0
no07,I_11_0804143921001,1515,15:15,0.0,0.0,0.0
no07,I_11_0804143921001,1530,15:30,0.0,0.0,0.0
no07,I_11_0804143921001,1545,15:45,0.0,0.0,0.0
no07,I_11_0804143921001,1600,16:00,0.0,0.0,0.0
no07,I_11_0804143921001,1615,16:15,0.0,0.0,0.0
no07,I_11_0804143921001,1630,16:30,0.0,0.0,0.0
no07,I_11_0804143921001,1645,16:45,0.0,0.0,0.0
no07,I_11_0804143921001,1700,17:00,0.0,0.0,0.0
no07,I_11_0804143921001,1715,17:15,0.0,0.0,0.0
no07,I_11_0804143921001,1730,17:30,0.0,0.0,0.0
no07,I_11_0804143921001,1745,17:45,0.0,0.0,0.0
no07,I_11_0804143921001,1800,18:00,0.0,0.0,0.0
no07,I_11_0804143921001,1815,18:15,0.0,0.0,0.0
no07,I_11_0804143921001,1830,18:30,0.0,0.0,0.0
no07,I_11_0804143921001,1845,18:45,0.0,0.0,0.0
no07,I_11_533967_-00001533967_00539,630,06:30,10.8,10.789473684210526,-0.01052631578947505
no07,I_11_533967_-00001533967_00539,645,06:45,11.15,11.157894736842104,0.007894736842104066
no07,I_11_533967_-00001533967_00539,700,07:00,11.75,11.789473684210526,0.03947368421052566
no07,I_11_533967_-00001533967_00539,715,07:15,9.2,9.157894736842104,-0.04210526315789487
no07,I_11_533967_-00001533967_00539,730,07:30,20.75,20.68421052631579,-0.06578947368420884
no07,I_11_533967_-00001533967_00539,745,07:45,10.25,10.31578947368421,0.06578947368421062
no07,I_11_533967_-00001533967_00539,800,08:00,20.6,20.42105263157895,-0.17894736842105274
no07,I_11_533967_-00001533967_00539,815,08:15,22.8,22.73684210526316,-0.06315789473683964
no07,I_11_533967_-00001533967_00539,830,08:30,19.35,19.526315789473685,0.17631578947368354
no07,I_11_533967_-00001533967_00539,845,08:45,13.1,13.210526315789474,0.1105263157894747
no07,I_11_533967_-00001533967_00539,900,09:00,28.6,28.473684210526315,-0.12631578947368638
no07,I_11_533967_-00001533967_00539,915,09:15,38.35,38.21052631578947,-0.13947368421052886
no07,I_11_533967_-00001533967_00539,930,09:30,36.05,36.26315789473684,0.21315789473684532
no07,I_11_533967_-00001533967_00539,945,09:45,44.15,43.8421052631579,-0.3078947368421012
no07,I_11_533967_-00001533967_00539,1000,10:00,43.1,43.21052631578947,0.11052631578947114
no07,I_11_533967_-00001533967_00539,1015,10:15,40.95,40.94736842105263,-0.002631578947372759
no07,I_11_533967_-00001533967_00539,1030,10:30,47.95,48.0,0.04999999999999716
no07,I_11_533967_-00001533967_00539,1045,10:45,52.6,52.78947368421053,0.18947368421052602
no07,I_11_533967_-00001533967_00539,1100,11:00,64.55,63.94736842105263,-0.6026315789473671
no07,I_11_533967_-00001533967_00539,1115,11:15,46.95,47.578947368421055,0.628947368421052
no07,I_11_533967_-00001533967_00539,1130,11:30,49.3,48.63157894736842,-0.6684210526315795
no07,I_11_533967_-00001533967_00539,1145,11:45,41.95,42.47368421052632,0.5236842105263193
no07,I_11_533967_-00001533967_00539,1200,12:00,43.35,43.73684210526316,0.3868421052631561
no07,I_11_533967_-00001533967_00539,1215,12:15,50.2,49.8421052631579,-0.3578947368421055
no07,I_11_533967_-00001533967_00539,1230,12:30,55.35,55.1578947368421,-0.19210526315789878
no07,I_11_533967_-00001533967_00539,1245,12:45,36.85,36.89473684210526,0.044736842105258745
no07,I_11_533967_-00001533967_00539,1300,13:00,45.5,45.73684210526316,0.23684210526315752
no07,I_11_533967_-00001533967_00539,1315,13:15,51.5,51.526315789473685,0.02631578947368496
no07,I_11_533967_-00001533967_00539,1330,13:30,52.55,52.31578947368421,-0.23421052631578476
no07,I_11_533967_-00001533967_00539,1345,13:45,44.55,44.73684210526316,0.18684210526316036
no07,I_11_533967_-00001533967_00539,1400,14:00,48.15,48.05263157894737,-0.09736842105262866
no07,I_11_533967_-00001533967_00539,1415,14:15,45.25,45.1578947368421,-0.09210526315789735
no07,I_11_533967_-00001533967_00539,1430,14:30,47.3,47.21052631578947,-0.0894736842105246
no07,I_11_533967_-00001533967_00539,1445,14:45,43.5,43.8421052631579,0.34210526315789735
no07,I_11_533967_-00001533967_00539,1500,15:00,53.3,52.47368421052632,-0.826315789473675
no07,I_11_533967_-00001533967_00539,1515,15:15,49.35,50.05263157894737,0.7026315789473685
no07,I_11_533967_-00001533967_00539,1530,15:30,51.6,50.526315789473685,-1.0736842105263165
no07,I_11_533967_-00001533967_00539,1545,15:45,49.95,50.89473684210526,0.9447368421052573
no07,I_11_533967_-00001533967_00539,1600,16:00,51.6,50.31578947368421,-1.284210526315789
no07,I_11_533967_-00001533967_00539,1615,16:15,58.45,56.73684210526316,-1.7131578947368453
no07,I_11_533967_-00001533967_00539,1630,16:30,44.25,47.26315789473684,3.0131578947368425
no07,I_11_533967_-00001533967_00539,1645,16:45,35.65,36.0,0.3500000000000014
no07,I_11_533967_-00001533967_00539,1700,17:00,30.65,30.36842105263158,-0.2815789473684198
no07,I_11_533967_-00001533967_00539,1715,17:15,34.7,34.68421052631579,-0.01578947368421524
no07,I_11_533967_-00001533967_00539,1730,17:30,33.6,32.8421052631579,-0.7578947368421041
no07,I_11_533967_-00001533967_00539,1745,17:45,37.65,36.578947368421055,-1.0710526315789437
no07,I_11_533967_-00001533967_00539,1800,18:00,24.45,24.68421052631579,0.23421052631579187
no07,I_11_533967_-00001533967_00539,1815,18:15,26.4,27.26315789473684,0.8631578947368403
no07,I_11_533967_-00001533967_00539,1830,18:30,17.6,18.42105263157895,0.8210526315789473
no07,I_11_533967_-00001533967_00539,1845,18:45,23.2,23.105263157894736,-0.09473684210526301
no07,I_11_533967_-00001_533967_-00005,630,06:30,0.0,0.0,0.0
no07,I_11_533967_-00001_533967_-00005,645,06:45,0.0,0.0,0.0
no07,I_11_533967_-00001_533967_-00005,700,07:00,0.0,0.0,0.0
no07,I_11_533967_-00001_533967_-00005,715,07:15,0.0,0.0,0.0
no07,I_11_533967_-00001_533967_-00005,730,07:30,0.0,0.0,0.0
no07,I_11_533967_-00001_533967_-00005,745,07:45,0.0,0.0,0.0
no07,I_11_533967_-00001_533967_-00005,800,08:00,0.0,0.0,0.0
no07,I_11_533967_-00001_533967_-00005,815,08:15,0.0,0.0,0.0
no07,I_11_533967_-00001_533967_-00005,830,08:30,0.0,0.0,0.0
no07,I_11_533967_-00001_533967_-00005,845,08:45,0.0,0.0,0.0
no07,I_11_533967_-00001_533967_-00005,900,09:00,0.0,0.0,0.0
no07,I_11_533967_-00001_533967_-00005,915,09:15,0.0,0.0,0.0
no07,I_11_533967_-00001_533967_-00005,930,09:30,0.0,0.0,0.0
no07,I_11_533967_-00001_533967_-00005,945,09:45,0.0,0.0,0.0
no07,I_11_533967_-00001_533967_-00005,1000,10:00,0.0,0.0,0.0
no07,I_11_533967_-00001_533967_-00005,1015,10:15,0.0,0.0,0.0
no07,I_11_533967_-00001_533967_-00005,1030,10:30,0.0,0.0,0.0
no07,I_11_533967_-00001_533967_-00005,1045,10:45,0.0,0.0,0.0
no07,I_11_533967_-00001_533967_-00005,1100,11:00,0.0,0.0,0.0
no07,I_11_533967_-00001_533967_-00005,1115,11:15,0.0,0.0,0.0
no07,I_11_533967_-00001_533967_-00005,1130,11:30,0.0,0.0,0.0
no07,I_11_533967_-00001_533967_-00005,1145,11:45,0.0,0.0,0.0
no07,I_11_533967_-00001_533967_-00005,1200,12:00,0.0,0.0,0.0
no07,I_11_533967_-00001_533967_-00005,1215,12:15,0.0,0.0,0.0
no07,I_11_533967_-00001_533967_-00005,1230,12:30,0.0,0.0,0.0
no07,I_11_533967_-00001_533967_-00005,1245,12:45,0.0,0.0,0.0
no07,I_11_533967_-00001_533967_-00005,1300,13:00,0.0,0.0,0.0
no07,I_11_533967_-00001_533967_-00005,1315,13:15,0.0,0.0,0.0
no07,I_11_533967_-00001_533967_-00005,1330,13:30,0.0,0.0,0.0
no07,I_11_533967_-00001_533967_-00005,1345,13:45,0.0,0.0,0.0
no07,I_11_533967_-00001_533967_-00005,1400,14:00,0.0,0.0,0.0
no07,I_11_533967_-00001_533967_-00005,1415,14:15,0.0,0.0,0.0
no07,I_11_533967_-00001_533967_-00005,1430,14:30,0.0,0.0,0.0
no07,I_11_533967_-00001_533967_-00005,1445,14:45,0.0,0.0,0.0
no07,I_11_533967_-00001_533967_-00005,1500,15:00,0.0,0.0,0.0
no07,I_11_533967_-00001_533967_-00005,1515,15:15,0.0,0.0,0.0
no07,I_11_533967_-00001_533967_-00005,1530,15:30,0.0,0.0,0.0
no07,I_11_533967_-00001_533967_-00005,1545,15:45,0.0,0.0,0.0
no07,I_11_533967_-00001_533967_-00005,1600,16:00,0.0,0.0,0.0
no07,I_11_533967_-00001_533967_-00005,1615,16:15,0.0,0.0,0.0
no07,I_11_533967_-00001_533967_-00005,1630,16:30,0.0,0.0,0.0
no07,I_11_533967_-00001_533967_-00005,1645,16:45,0.0,0.0,0.0
no07,I_11_533967_-00001_533967_-00005,1700,17:00,0.0,0.0,0.0
no07,I_11_533967_-00001_533967_-00005,1715,17:15,0.0,0.0,0.0
no07,I_11_533967_-00001_533967_-00005,1730,17:30,0.0,0.0,0.0
no07,I_11_533967_-00001_533967_-00005,1745,17:45,0.0,0.0,0.0
no07,I_11_533967_-00001_533967_-00005,1800,18:00,0.0,0.0,0.0
no07,I_11_533967_-00001_533967_-00005,1815,18:15,0.0,0.0,0.0
no07,I_11_533967_-00001_533967_-00005,1830,18:30,0.0,0.0,0.0
no07,I_11_533967_-00001_533967_-00005,1845,18:45,0.0,0.0,0.0
no07,I_11_533967_-00005_533967_-00006,630,06:30,0.0,0.0,0.0
no07,I_11_533967_-00005_533967_-00006,645,06:45,0.0,0.0,0.0
no07,I_11_533967_-00005_533967_-00006,700,07:00,0.0,0.0,0.0
no07,I_11_533967_-00005_533967_-00006,715,07:15,0.0,0.0,0.0
no07,I_11_533967_-00005_533967_-00006,730,07:30,0.0,0.0,0.0
no07,I_11_533967_-00005_533967_-00006,745,07:45,0.0,0.0,0.0
no07,I_11_533967_-00005_533967_-00006,800,08:00,0.0,0.0,0.0
no07,I_11_533967_-00005_533967_-00006,815,08:15,0.0,0.0,0.0
no07,I_11_533967_-00005_533967_-00006,830,08:30,0.0,0.0,0.0
no07,I_11_533967_-00005_533967_-00006,845,08:45,0.0,0.0,0.0
no07,I_11_533967_-00005_533967_-00006,900,09:00,0.0,0.0,0.0
no07,I_11_533967_-00005_533967_-00006,915,09:15,0.0,0.0,0.0
no07,I_11_533967_-00005_533967_-00006,930,09:30,0.0,0.0,0.0
no07,I_11_533967_-00005_533967_-00006,945,09:45,0.0,0.0,0.0
no07,I_11_533967_-00005_533967_-00006,1000,10:00,0.0,0.0,0.0
no07,I_11_533967_-00005_533967_-00006,1015,10:15,0.0,0.0,0.0
no07,I_11_533967_-00005_533967_-00006,1030,10:30,0.0,0.0,0.0
no07,I_11_533967_-00005_533967_-00006,1045,10:45,0.0,0.0,0.0
no07,I_11_533967_-00005_533967_-00006,1100,11:00,0.0,0.0,0.0
no07,I_11_533967_-00005_533967_-00006,1115,11:15,0.0,0.0,0.0
no07,I_11_533967_-00005_533967_-00006,1130,11:30,0.0,0.0,0.0
no07,I_11_533967_-00005_533967_-00006,1145,11:45,0.0,0.0,0.0
no07,I_11_533967_-00005_533967_-00006,1200,12:00,0.0,0.0,0.0
no07,I_11_533967_-00005_533967_-00006,1215,12:15,0.0,0.0,0.0
no07,I_11_533967_-00005_533967_-00006,1230,12:30,0.0,0.0,0.0
no07,I_11_533967_-00005_533967_-00006,1245,12:45,0.0,0.0,0.0
no07,I_11_533967_-00005_533967_-00006,1300,13:00,0.0,0.0,0.0
no07,I_11_533967_-00005_533967_-00006,1315,13:15,0.0,0.0,0.0
no07,I_11_533967_-00005_533967_-00006,1330,13:30,0.0,0.0,0.0
no07,I_11_533967_-00005_533967_-00006,1345,13:45,0.0,0.0,0.0
no07,I_11_533967_-00005_533967_-00006,1400,14:00,0.0,0.0,0.0
no07,I_11_533967_-00005_533967_-00006,1415,14:15,0.0,0.0,0.0
no07,I_11_533967_-00005_533967_-00006,1430,14:30,0.0,0.0,0.0
no07,I_11_533967_-00005_533967_-00006,1445,14:45,0.0,0.0,0.0
no07,I_11_533967_-00005_533967_-00006,1500,15:00,0.0,0.0,0.0
no07,I_11_533967_-00005_533967_-00006,1515,15:15,0.0,0.0,0.0
no07,I_11_533967_-00005_533967_-00006,1530,15:30,0.0,0.0,0.0
no07,I_11_533967_-00005_533967_-00006,1545,15:45,0.0,0.0,0.0
no07,I_11_533967_-00005_533967_-00006,1600,16:00,0.0,0.0,0.0
no07,I_11_533967_-00005_533967_-00006,1615,16:15,0.0,0.0,0.0
no07,I_11_533967_-00005_533967_-00006,1630,16:30,0.0,0.0,0.0
no07,I_11_533967_-00005_533967_-00006,1645,16:45,0.0,0.0,0.0
no07,I_11_533967_-00005_533967_-00006,1700,17:00,0.0,0.0,0.0
no07,I_11_533967_-00005_533967_-00006,1715,17:15,0.0,0.0,0.0
no07,I_11_533967_-00005_533967_-00006,1730,17:30,0.0,0.0,0.0
no07,I_11_533967_-00005_533967_-00006,1745,17:45,0.0,0.0,0.0
no07,I_11_533967_-00005_533967_-00006,1800,18:00,0.0,0.0,0.0
no07,I_11_533967_-00005_533967_-00006,1815,18:15,0.0,0.0,0.0
no07,I_11_533967_-00005_533967_-00006,1830,18:30,0.0,0.0,0.0
no07,I_11_533967_-00005_533967_-00006,1845,18:45,0.0,0.0,0.0
no07,I_11_533967_-00006_533967_-00001,630,06:30,2.8,2.8421052631578947,0.04210526315789487
no07,I_11_533967_-00006_533967_-00001,645,06:45,1.7,1.5263157894736843,-0.17368421052631566
no07,I_11_533967_-00006_533967_-00001,700,07:00,2.9,3.3157894736842106,0.4157894736842107
no07,I_11_533967_-00006_533967_-00001,715,07:15,0.0,0.0,0.0
no07,I_11_533967_-00006_533967_-00001,730,07:30,5.75,5.7368421052631575,-0.01315789473684248
no07,I_11_533967_-00006_533967_-00001,745,07:45,2.1,1.947368421052632,-0.152631578947368
no07,I_11_533967_-00006_533967_-00001,800,08:00,5.0,4.842105263157895,-0.1578947368421053
no07,I_11_533967_-00006_533967_-00001,815,08:15,6.45,7.105263157894737,0.655263157894737
no07,I_11_533967_-00006_533967_-00001,830,08:30,5.2,5.2631578947368425,0.0631578947368423
no07,I_11_533967_-00006_533967_-00001,845,08:45,2.45,2.210526315789474,-0.23947368421052628
no07,I_11_533967_-00006_533967_-00001,900,09:00,9.15,8.526315789473685,-0.6236842105263154
no07,I_11_533967_-00006_533967_-00001,915,09:15,16.4,16.31578947368421,-0.08421052631578974
no07,I_11_533967_-00006_533967_-00001,930,09:30,13.0,13.052631578947368,0.05263157894736814
no07,I_11_533967_-00006_533967_-00001,945,09:45,16.0,15.421052631578949,-0.5789473684210513
no07,I_11_533967_-00006_533967_-00001,1000,10:00,16.6,15.36842105263158,-1.2315789473684209
no07,I_11_533967_-00006_533967_-00001,1015,10:15,17.8,15.052631578947368,-2.7473684210526326
no07,I_11_533967_-00006_533967_-00001,1030,10:30,20.2,19.94736842105263,-0.2526315789473692
no07,I_11_533967_-00006_533967_-00001,1045,10:45,20.2,21.73684210526316,1.5368421052631618
no07,I_11_533967_-00006_533967_-00001,1100,11:00,31.1,30.68421052631579,-0.41578947368421026
no07,I_11_533967_-00006_533967_-00001,1115,11:15,16.0,17.105263157894736,1.1052631578947363
no07,I_11_533967_-00006_533967_-00001,1130,11:30,18.1,20.0,1.8999999999999986
no07,I_11_533967_-00006_533967_-00001,1145,11:45,18.6,18.526315789473685,-0.07368421052631646
no07,I_11_533967_-00006_533967_-00001,1200,12:00,18.15,16.842105263157894,-1.3078947368421048
no07,I_11_533967_-00006_533967_-00001,1215,12:15,18.15,17.68421052631579,-0.4657894736842074
no07,I_11_533967_-00006_533967_-00001,1230,12:30,23.1,22.73684210526316,-0.36315789473684035
no07,I_11_533967_-00006_533967_-00001,1245,12:45,12.75,12.105263157894736,-0.6447368421052637
no07,I_11_533967_-00006_533967_-00001,1300,13:00,18.25,17.42105263157895,-0.8289473684210513
no07,I_11_533967_-00006_533967_-00001,1315,13:15,20.6,22.157894736842103,1.5578947368421012
no07,I_11_533967_-00006_533967_-00001,1330,13:30,21.15,21.94736842105263,0.7973684210526315
no07,I_11_533967_-00006_533967_-00001,1345,13:45,19.75,20.73684210526316,0.9868421052631611
no07,I_11_533967_-00006_533967_-00001,1400,14:00,17.85,17.736842105263158,-0.1131578947368439
no07,I_11_533967_-00006_533967_-00001,1415,14:15,19.25,18.26315789473684,-0.9868421052631611
no07,I_11_533967_-00006_533967_-00001,1430,14:30,17.05,16.05263157894737,-0.9973684210526308
no07,I_11_533967_-00006_533967_-00001,1445,14:45,17.65,17.473684210526315,-0.17631578947368354
no07,I_11_533967_-00006_533967_-00001,1500,15:00,22.85,21.31578947368421,-1.5342105263157926
no07,I_11_533967_-00006_533967_-00001,1515,15:15,20.6,20.894736842105264,0.2947368421052623
no07,I_11_533967_-00006_533967_-00001,1530,15:30,23.3,21.05263157894737,-2.247368421052631
no07,I_11_533967_-00006_533967_-00001,1545,15:45,19.55,20.31578947368421,0.7657894736842081
no07,I_11_533967_-00006_533967_-00001,1600,16:00,21.8,21.36842105263158,-0.43157894736842195
no07,I_11_533967_-00006_533967_-00001,1615,16:15,22.85,23.894736842105264,1.0447368421052623
no07,I_11_533967_-00006_533967_-00001,1630,16:30,15.5,15.842105263157896,0.3421052631578956
no07,I_11_533967_-00006_533967_-00001,1645,16:45,15.25,14.894736842105264,-0.3552631578947363
no07,I_11_533967_-00006_533967_-00001,1700,17:00,9.85,10.31578947368421,0.465789473684211
no07,I_11_533967_-00006_533967_-00001,1715,17:15,14.4,14.526315789473683,0.12631578947368283
no07,I_11_533967_-00006_533967_-00001,1730,17:30,12.35,12.421052631578949,0.07105263157894903
no07,I_11_533967_-00006_533967_-00001,1745,17:45,13.45,14.105263157894736,0.655263157894737
no07,I_11_533967_-00006_533967_-00001,1800,18:00,7.45,7.842105263157895,0.3921052631578945
no07,I_11_533967_-00006_533967_-00001,1815,18:15,8.4,8.105263157894736,-0.2947368421052641
no07,I_11_533967_-00006_533967_-00001,1830,18:30,4.7,4.473684210526316,-0.22631578947368425
no07,I_11_533967_-00006_533967_-00001,1845,18:45,8.45,7.421052631578948,-1.0289473684210515
no07,I_11_533967_-00008_533967_-00009,630,06:30,0.0,0.0,0.0
no07,I_11_533967_-00008_533967_-00009,645,06:45,0.0,0.0,0.0
no07,I_11_533967_-00008_533967_-00009,700,07:00,0.0,0.0,0.0
no07,I_11_533967_-00008_533967_-00009,715,07:15,0.0,0.0,0.0
no07,I_11_533967_-00008_533967_-00009,730,07:30,0.0,0.0,0.0
no07,I_11_533967_-00008_533967_-00009,745,07:45,0.0,0.0,0.0
no07,I_11_533967_-00008_533967_-00009,800,08:00,1.0,0.7894736842105263,-0.21052631578947367
no07,I_11_533967_-00008_533967_-00009,815,08:15,1.65,1.736842105263158,0.08684210526315805
no07,I_11_533967_-00008_533967_-00009,830,08:30,1.4,1.368421052631579,-0.03157894736842093
no07,I_11_533967_-00008_533967_-00009,845,08:45,1.6,1.6842105263157894,0.08421052631578929
no07,I_11_533967_-00008_533967_-00009,900,09:00,1.55,1.4210526315789471,-0.12894736842105292
no07,I_11_533967_-00008_533967_-00009,915,09:15,1.55,1.631578947368421,0.08157894736842097
no07,I_11_533967_-00008_533967_-00009,930,09:30,1.35,1.4210526315789471,0.07105263157894703
no07,I_11_533967_-00008_533967_-00009,945,09:45,1.25,1.2105263157894737,-0.03947368421052633
no07,I_11_533967_-00008_533967_-00009,1000,10:00,1.35,1.368421052631579,0.018421052631578894
no07,I_11_533967_-00008_533967_-00009,1015,10:15,1.0,0.8421052631578947,-0.1578947368421053
no07,I_11_533967_-00008_533967_-00009,1030,10:30,1.6,1.4736842105263157,-0.12631578947368438
no07,I_11_533967_-00008_533967_-00009,1045,10:45,0.7,1.0526315789473684,0.3526315789473684
no07,I_11_533967_-00008_533967_-00009,1100,11:00,0.0,0.0,0.0
no07,I_11_533967_-00008_533967_-00009,1115,11:15,0.0,0.0,0.0
no07,I_11_533967_-00008_533967_-00009,1130,11:30,0.6,0.3157894736842105,-0.28421052631578947
no07,I_11_533967_-00008_533967_-00009,1145,11:45,0.4,0.6842105263157895,0.28421052631578947
no07,I_11_533967_-00008_533967_-00009,1200,12:00,0.0,0.0,0.0
no07,I_11_533967_-00008_533967_-00009,1215,12:15,0.0,0.0,0.0
no07,I_11_533967_-00008_533967_-00009,1230,12:30,0.55,0.3684210526315789,-0.18157894736842112
no07,I_11_533967_-00008_533967_-00009,1245,12:45,0.45,0.631578947368421,0.181578947368421
no07,I_11_533967_-00008_533967_-00009,1300,13:00,0.0,0.0,0.0
no07,I_11_533967_-00008_533967_-00009,1315,13:15,0.0,0.0,0.0
no07,I_11_533967_-00008_533967_-00009,1330,13:30,0.75,0.7368421052631579,-0.013157894736842146
no07,I_11_533967_-00008_533967_-00009,1345,13:45,0.25,0.2631578947368421,0.01315789473684209
no07,I_11_533967_-00008_533967_-00009,1400,14:00,0.0,0.0,0.0
no07,I_11_533967_-00008_533967_-00009,1415,14:15,0.0,0.0,0.0
no07,I_11_533967_-00008_533967_-00009,1430,14:30,0.65,0.631578947368421,-0.018421052631579005
no07,I_11_533967_-00008_533967_-00009,1445,14:45,0.35,0.3684210526315789,0.01842105263157895
no07,I_11_533967_-00008_533967_-00009,1500,15:00,0.0,0.0,0.0
no07,I_11_533967_-00008_533967_-00009,1515,15:15,0.0,0.0,0.0
no07,I_11_533967_-00008_533967_-00009,1530,15:30,0.6,0.5789473684210527,-0.021052631578947323
no07,I_11_533967_-00008_533967_-00009,1545,15:45,0.4,0.4210526315789473,0.021052631578947267
no07,I_11_533967_-00008_533967_-00009,1600,16:00,0.0,0.0,0.0
no07,I_11_533967_-00008_533967_-00009,1615,16:15,0.0,0.0,0.0
no07,I_11_533967_-00008_533967_-00009,1630,16:30,0.75,0.5789473684210527,-0.17105263157894735
no07,I_11_533967_-00008_533967_-00009,1645,16:45,0.25,0.4210526315789473,0.1710526315789473
no07,I_11_533967_-00008_533967_-00009,1700,17:00,1.6,1.3157894736842106,-0.28421052631578947
no07,I_11_533967_-00008_533967_-00009,1715,17:15,1.05,1.1578947368421053,0.10789473684210527
no07,I_11_533967_-00008_533967_-00009,1730,17:30,1.85,1.8421052631578947,-0.007894736842105399
no07,I_11_533967_-00008_533967_-00009,1745,17:45,1.2,1.105263157894737,-0.09473684210526301
no07,I_11_533967_-00008_533967_-00009,1800,18:00,1.1,1.368421052631579,0.2684210526315789
no07,I_11_533967_-00008_533967_-00009,1815,18:15,1.9,1.736842105263158,-0.16315789473684195
no07,I_11_533967_-00008_533967_-00009,1830,18:30,0.8,0.8947368421052632,0.09473684210526312
no07,I_11_533967_-00008_533967_-00009,1845,18:45,1.25,1.3157894736842106,0.06578947368421062
no07,I_11_533967_-00009_533967_-00008,630,06:30,0.0,0.0,0.0
no07,I_11_533967_-00009_533967_-00008,645,06:45,0.0,0.0,0.0
no07,I_11_533967_-00009_533967_-00008,700,07:00,0.0,0.0,0.0
no07,I_11_533967_-00009_533967_-00008,715,07:15,0.0,0.0,0.0
no07,I_11_533967_-00009_533967_-00008,730,07:30,0.0,0.0,0.0
no07,I_11_533967_-00009_533967_-00008,745,07:45,0.0,0.0,0.0
no07,I_11_533967_-00009_533967_-00008,800,08:00,0.95,0.9473684210526316,-0.002631578947368318
no07,I_11_533967_-00009_533967_-00008,815,08:15,1.0,1.0,0.0
no07,I_11_533967_-00009_533967_-00008,830,08:30,2.0,2.0,0.0
no07,I_11_533967_-00009_533967_-00008,845,08:45,1.05,1.0526315789473684,0.002631578947368318
no07,I_11_533967_-00009_533967_-00008,900,09:00,2.0,2.0,0.0
no07,I_11_533967_-00009_533967_-00008,915,09:15,1.0,1.0,0.0
no07,I_11_533967_-00009_533967_-00008,930,09:30,1.95,1.947368421052632,-0.002631578947367874
no07,I_11_533967_-00009_533967_-00008,945,09:45,0.05,0.0526315789473684,0.0026315789473683945
no07,I_11_533967_-00009_533967_-00008,1000,10:00,1.9,1.894736842105263,-0.0052631578947368585
no07,I_11_533967_-00009_533967_-00008,1015,10:15,1.1,1.105263157894737,0.0052631578947368585
no07,I_11_533967_-00009_533967_-00008,1030,10:30,0.95,0.9473684210526316,-0.002631578947368318
no07,I_11_533967_-00009_533967_-00008,1045,10:45,1.0,1.0,0.0
no07,I_11_533967_-00009_533967_-00008,1100,11:00,0.05,0.0526315789473684,0.0026315789473683945
no07,I_11_533967_-00009_533967_-00008,1115,11:15,0.0,0.0,0.0
no07,I_11_533967_-00009_533967_-00008,1130,11:30,0.0,0.0,0.0
no07,I_11_533967_-00009_533967_-00008,1145,11:45,1.0,1.0,0.0
no07,I_11_533967_-00009_533967_-00008,1200,12:00,0.0,0.0,0.0
no07,I_11_533967_-00009_533967_-00008,1215,12:15,0.0,0.0,0.0
no07,I_11_533967_-00009_533967_-00008,1230,12:30,0.0,0.0,0.0
no07,I_11_533967_-00009_533967_-00008,1245,12:45,1.0,1.0,0.0
no07,I_11_533967_-00009_533967_-00008,1300,13:00,0.0,0.0,0.0
no07,I_11_533967_-00009_533967_-00008,1315,13:15,0.0,0.0,0.0
no07,I_11_533967_-00009_533967_-00008,1330,13:30,0.0,0.0,0.0
no07,I_11_533967_-00009_533967_-00008,1345,13:45,0.95,0.9473684210526316,-0.002631578947368318
no07,I_11_533967_-00009_533967_-00008,1400,14:00,0.05,0.0526315789473684,0.0026315789473683945
no07,I_11_533967_-00009_533967_-00008,1415,14:15,0.0,0.0,0.0
no07,I_11_533967_-00009_533967_-00008,1430,14:30,0.0,0.0,0.0
no07,I_11_533967_-00009_533967_-00008,1445,14:45,1.0,1.0,0.0
no07,I_11_533967_-00009_533967_-00008,1500,15:00,0.0,0.0,0.0
no07,I_11_533967_-00009_533967_-00008,1515,15:15,0.0,0.0,0.0
no07,I_11_533967_-00009_533967_-00008,1530,15:30,0.0,0.0,0.0
no07,I_11_533967_-00009_533967_-00008,1545,15:45,1.0,1.0,0.0
no07,I_11_533967_-00009_533967_-00008,1600,16:00,0.0,0.0,0.0
no07,I_11_533967_-00009_533967_-00008,1615,16:15,0.0,0.0,0.0
no07,I_11_533967_-00009_533967_-00008,1630,16:30,0.0,0.0,0.0
no07,I_11_533967_-00009_533967_-00008,1645,16:45,0.95,0.9473684210526316,-0.002631578947368318
no07,I_11_533967_-00009_533967_-00008,1700,17:00,2.0,2.0,0.0
no07,I_11_533967_-00009_533967_-00008,1715,17:15,1.05,1.0526315789473684,0.002631578947368318
no07,I_11_533967_-00009_533967_-00008,1730,17:30,2.0,2.0,0.0
no07,I_11_533967_-00009_533967_-00008,1745,17:45,1.0,1.0,0.0
no07,I_11_533967_-00009_533967_-00008,1800,18:00,1.95,1.947368421052632,-0.002631578947367874
no07,I_11_533967_-00009_533967_-00008,1815,18:15,1.05,1.0526315789473684,0.002631578947368318
no07,I_11_533967_-00009_533967_-00008,1830,18:30,1.0,1.0,0.0
no07,I_11_533967_-00009_533967_-00008,1845,18:45,1.0,1.0,0.0
no07,I_11_533967_00539_533967_-00001,630,06:30,47.0,46.31578947368421,-0.6842105263157876
no07,I_11_533967_00539_533967_-00001,645,06:45,56.55,55.8421052631579,-0.7078947368420998
no07,I_11_533967_00539_533967_-00001,700,07:00,27.0,27.105263157894736,0.10526315789473628
no07,I_11_533967_00539_533967_-00001,715,07:15,51.7,51.21052631578947,-0.4894736842105303
no07,I_11_533967_00539_533967_-00001,730,07:30,87.45,77.57894736842105,-9.871052631578948
no07,I_11_533967_00539_533967_-00001,745,07:45,147.95,148.68421052631578,0.7342105263157919
no07,I_11_533967_00539_533967_-00001,800,08:00,97.95,108.0,10.049999999999997
no07,I_11_533967_00539_533967_-00001,815,08:15,116.55,116.47368421052632,-0.07631578947368212
no07,I_11_533967_00539_533967_-00001,830,08:30,113.55,113.15789473684212,-0.3921052631578732
no07,I_11_533967_00539_533967_-00001,845,08:45,97.55,97.42105263157896,-0.12894736842103782
no07,I_11_533967_00539_533967_-00001,900,09:00,71.55,71.78947368421052,0.23947368421052317
no07,I_11_533967_00539_533967_-00001,915,09:15,134.15,134.26315789473685,0.1131578947368439
no07,I_11_533967_00539_533967_-00001,930,09:30,110.35,110.63157894736842,0.2815789473684305
no07,I_11_533967_00539_533967_-00001,945,09:45,75.9,76.42105263157895,0.5210526315789394
no07,I_11_533967_00539_533967_-00001,1000,10:00,80.8,80.73684210526316,-0.06315789473683253
no07,I_11_533967_00539_533967_-00001,1015,10:15,94.55,93.78947368421052,-0.7605263157894768
no07,I_11_533967_00539_533967_-00001,1030,10:30,54.2,55.36842105263158,1.1684210526315795
no07,I_11_533967_00539_533967_-00001,1045,10:45,49.8,49.578947368421055,-0.22105263157894228
no07,I_11_533967_00539_533967_-00001,1100,11:00,20.15,20.26315789473684,0.11315789473684035
no07,I_11_533967_00539_533967_-00001,1115,11:15,14.85,14.526315789473683,-0.32368421052631646
no07,I_11_533967_00539_533967_-00001,1130,11:30,28.15,28.42105263157895,0.2710526315789501
no07,I_11_533967_00539_533967_-00001,1145,11:45,57.1,56.94736842105263,-0.15263157894737134
no07,I_11_533967_00539_533967_-00001,1200,12:00,22.7,22.789473684210527,0.08947368421052815
no07,I_11_533967_00539_533967_-00001,1215,12:15,30.2,30.210526315789476,0.010526315789476826
no07,I_11_533967_00539_533967_-00001,1230,12:30,36.8,36.78947368421053,-0.01052631578946972
no07,I_11_533967_00539_533967_-00001,1245,12:45,45.95,45.68421052631579,-0.26578947368421524
no07,I_11_533967_00539_533967_-00001,1300,13:00,51.05,51.1578947368421,0.10789473684210549
no07,I_11_533967_00539_533967_-00001,1315,13:15,66.45,66.73684210526316,0.2868421052631618
no07,I_11_533967_00539_533967_-00001,1330,13:30,54.15,54.26315789473684,0.1131578947368439
no07,I_11_533967_00539_533967_-00001,1345,13:45,36.6,36.31578947368421,-0.284210526315789
no07,I_11_533967_00539_533967_-00001,1400,14:00,28.8,29.105263157894736,0.30526315789473557
no07,I_11_533967_00539_533967_-00001,1415,14:15,34.5,34.21052631578947,-0.28947368421052744
no07,I_11_533967_00539_533967_-00001,1430,14:30,5.85,6.052631578947368,0.2026315789473685
no07,I_11_533967_00539_533967_-00001,1445,14:45,44.8,44.8421052631579,0.0421052631579002
no07,I_11_533967_00539_533967_-00001,1500,15:00,25.55,25.157894736842103,-0.39210526315789807
no07,I_11_533967_00539_533967_-00001,1515,15:15,34.8,35.31578947368421,0.5157894736842152
no07,I_11_533967_00539_533967_-00001,1530,15:30,26.95,26.526315789473685,-0.42368421052631433
no07,I_11_533967_00539_533967_-00001,1545,15:45,14.4,14.736842105263158,0.33684210526315717
no07,I_11_533967_00539_533967_-00001,1600,16:00,3.6,3.3684210526315788,-0.23157894736842133
no07,I_11_533967_00539_533967_-00001,1615,16:15,16.3,16.42105263157895,0.12105263157894797
no07,I_11_533967_00539_533967_-00001,1630,16:30,6.85,6.526315789473684,-0.3236842105263156
no07,I_11_533967_00539_533967_-00001,1645,16:45,13.1,13.36842105263158,0.2684210526315809
no07,I_11_533967_00539_533967_-00001,1700,17:00,7.35,6.894736842105263,-0.4552631578947368
no07,I_11_533967_00539_533967_-00001,1715,17:15,17.85,18.473684210526315,0.6236842105263136
no07,I_11_533967_00539_533967_-00001,1730,17:30,4.3,4.0,-0.2999999999999998
no07,I_11_533967_00539_533967_-00001,1745,17:45,12.55,11.736842105263158,-0.8131578947368432
no07,I_11_533967_00539_533967_-00001,1800,18:00,5.4,6.473684210526316,1.0736842105263156
no07,I_11_533967_00539_533967_-00001,1815,18:15,13.55,13.31578947368421,-0.2342105263157901
no07,I_11_533967_00539_533967_-00001,1830,18:30,5.8,6.0,0.20000000000000018
no07,I_11_533967_00539_533967_-00001,1845,18:45,0.6,0.4210526315789473,-0.1789473684210527
no07,I_11_533967_00937533967_01269,630,06:30,36.6,36.42105263157895,-0.1789473684210492
no07,I_11_533967_00937533967_01269,645,06:45,47.55,47.89473684210526,0.344736842105263
no07,I_11_533967_00937533967_01269,700,07:00,14.05,13.842105263157896,-0.20789473684210513
no07,I_11_533967_00937533967_01269,715,07:15,52.8,52.8421052631579,0.0421052631579002
no07,I_11_533967_00937533967_01269,730,07:30,60.25,60.10526315789474,-0.14473684210526017
no07,I_11_533967_00937533967_01269,745,07:45,72.75,72.36842105263158,-0.3815789473684248
no07,I_11_533967_00937533967_01269,800,08:00,84.6,85.26315789473684,0.6631578947368411
no07,I_11_533967_00937533967_01269,815,08:15,38.45,38.36842105263158,-0.08157894736842053
no07,I_11_533967_00937533967_01269,830,08:30,102.0,101.47368421052632,-0.526315789473685
no07,I_11_533967_00937533967_01269,845,08:45,56.75,57.26315789473684,0.5131578947368425
no07,I_11_533967_00937533967_01269,900,09:00,43.25,43.26315789473684,0.01315789473684248
no07,I_11_533967_00937533967_01269,915,09:15,96.65,97.21052631578948,0.560526315789474
no07,I_11_533967_00937533967_01269,930,09:30,45.15,44.8421052631579,-0.3078947368421012
no07,I_11_533967_00937533967_01269,945,09:45,24.25,23.84210526315789,-0.40789473684210975
no07,I_11_533967_00937533967_01269,1000,10:00,88.6,88.6842105263158,0.0842105263158004
no07,I_11_533967_00937533967_01269,1015,10:15,36.15,36.0,-0.14999999999999858
no07,I_11_533967_00937533967_01269,1030,10:30,67.85,67.73684210526316,-0.11315789473682969
no07,I_11_533967_00937533967_01269,1045,10:45,39.15,39.36842105263158,0.21842105263158373
no07,I_11_533967_00937533967_01269,1100,11:00,54.8,54.63157894736842,-0.16842105263157947
no07,I_11_533967_00937533967_01269,1115,11:15,56.95,57.63157894736842,0.6815789473684148
no07,I_11_533967_00937533967_01269,1130,11:30,48.5,48.10526315789474,-0.39473684210526017
no07,I_11_533967_00937533967_01269,1145,11:45,65.1,64.47368421052632,-0.6263157894736793
no07,I_11_533967_00937533967_01269,1200,12:00,59.95,60.578947368421055,0.628947368421052
no07,I_11_533967_00937533967_01269,1215,12:15,57.6,57.42105263157895,-0.1789473684210492
no07,I_11_533967_00937533967_01269,1230,12:30,81.55,81.94736842105263,0.3973684210526329
no07,I_11_533967_00937533967_01269,1245,12:45,70.45,70.15789473684211,-0.2921052631578931
no07,I_11_533967_00937533967_01269,1300,13:00,65.7,65.21052631578948,-0.4894736842105232
no07,I_11_533967_00937533967_01269,1315,13:15,46.5,46.73684210526316,0.23684210526315752
no07,I_11_533967_00937533967_01269,1330,13:30,59.7,59.78947368421053,0.0894736842105246
no07,I_11_533967_00937533967_01269,1345,13:45,32.95,32.31578947368421,-0.6342105263157904
no07,I_11_533967_00937533967_01269,1400,14:00,57.5,58.47368421052632,0.9736842105263221
no07,I_11_533967_00937533967_01269,1415,14:15,34.85,34.73684210526316,-0.1131578947368439
no07,I_11_533967_00937533967_01269,1430,14:30,85.35,85.0,-0.3499999999999943
no07,I_11_533967_00937533967_01269,1445,14:45,52.05,52.26315789473684,0.21315789473684532
no07,I_11_533967_00937533967_01269,1500,15:00,44.45,45.10526315789474,0.655263157894737
no07,I_11_533967_00937533967_01269,1515,15:15,67.3,67.05263157894737,-0.24736842105262724
no07,I_11_533967_00937533967_01269,1530,15:30,37.2,36.78947368421053,-0.4105263157894754
no07,I_11_533967_00937533967_01269,1545,15:45,52.9,52.78947368421053,-0.11052631578947114
no07,I_11_533967_00937533967_01269,1600,16:00,51.95,51.05263157894737,-0.8973684210526329
no07,I_11_533967_00937533967_01269,1615,16:15,92.05,93.42105263157896,1.3710526315789622
no07,I_11_533967_00937533967_01269,1630,16:30,94.8,94.15789473684212,-0.6421052631578732
no07,I_11_533967_00937533967_01269,1645,16:45,31.9,32.26315789473684,0.3631578947368439
no07,I_11_533967_00937533967_01269,1700,17:00,49.85,49.68421052631579,-0.16578947368421382
no07,I_11_533967_00937533967_01269,1715,17:15,20.3,20.42105263157895,0.12105263157894797
no07,I_11_533967_00937533967_01269,1730,17:30,44.1,43.73684210526316,-0.3631578947368439
no07,I_11_533967_00937533967_01269,1745,17:45,72.6,73.05263157894737,0.4526315789473756
no07,I_11_533967_00937533967_01269,1800,18:00,83.7,82.0,-1.7000000000000028
no07,I_11_533967_00937533967_01269,1815,18:15,65.05,66.73684210526316,1.6868421052631675
no07,I_11_533967_00937533967_01269,1830,18:30,42.7,42.63157894736842,-0.06842105263158516
no07,I_11_533967_00937533967_01269,1845,18:45,57.05,57.10526315789474,0.055263157894742676
no07,I_11_533967_00937533967_01406,630,06:30,27.8,28.05263157894737,0.2526315789473692
no07,I_11_533967_00937533967_01406,645,06:45,34.75,34.578947368421055,-0.17105263157894512
no07,I_11_533967_00937533967_01406,700,07:00,37.35,36.526315789473685,-0.8236842105263165
no07,I_11_533967_00937533967_01406,715,07:15,37.75,39.63157894736842,1.8815789473684177
no07,I_11_533967_00937533967_01406,730,07:30,65.55,66.47368421052632,0.9236842105263179
no07,I_11_533967_00937533967_01406,745,07:45,49.3,49.78947368421053,0.4894736842105303
no07,I_11_533967_00937533967_01406,800,08:00,58.05,57.94736842105263,-0.10263157894736707
no07,I_11_533967_00937533967_01406,815,08:15,69.6,69.36842105263158,-0.2315789473684191
no07,I_11_533967_00937533967_01406,830,08:30,46.35,47.42105263157895,1.0710526315789508
no07,I_11_533967_00937533967_01406,845,08:45,60.85,57.94736842105263,-2.9026315789473713
no07,I_11_533967_00937533967_01406,900,09:00,57.2,56.31578947368421,-0.8842105263157904
no07,I_11_533967_00937533967_01406,915,09:15,53.95,54.68421052631579,0.7342105263157848
no07,I_11_533967_00937533967_01406,930,09:30,56.2,57.1578947368421,0.9578947368420998
no07,I_11_533967_00937533967_01406,945,09:45,56.6,57.47368421052632,0.8736842105263207
no07,I_11_533967_00937533967_01406,1000,10:00,44.65,44.89473684210526,0.2447368421052616
no07,I_11_533967_00937533967_01406,1015,10:15,64.6,69.84210526315789,5.242105263157896
no07,I_11_533967_00937533967_01406,1030,10:30,53.7,58.8421052631579,5.1421052631578945
no07,I_11_533967_00937533967_01406,1045,10:45,53.25,55.26315789473684,2.0131578947368425
no07,I_11_533967_00937533967_01406,1100,11:00,46.35,45.1578947368421,-1.1921052631578988
no07,I_11_533967_00937533967_01406,1115,11:15,36.3,36.47368421052632,0.173684210526325
no07,I_11_533967_00937533967_01406,1130,11:30,48.35,48.42105263157895,0.07105263157895081
no07,I_11_533967_00937533967_01406,1145,11:45,31.25,33.31578947368421,2.0657894736842124
no07,I_11_533967_00937533967_01406,1200,12:00,51.2,51.36842105263158,0.16842105263157947
no07,I_11_533967_00937533967_01406,1215,12:15,53.3,53.36842105263158,0.06842105263158516
no07,I_11_533967_00937533967_01406,1230,12:30,44.65,46.47368421052632,1.8236842105263236
no07,I_11_533967_00937533967_01406,1245,12:45,42.8,43.36842105263158,0.5684210526315852
no07,I_11_533967_00937533967_01406,1300,13:00,35.5,34.63157894736842,-0.8684210526315823
no07,I_11_533967_00937533967_01406,1315,13:15,30.7,30.157894736842103,-0.5421052631578966
no07,I_11_533967_00937533967_01406,1330,13:30,35.3,35.78947368421053,0.4894736842105303
no07,I_11_533967_00937533967_01406,1345,13:45,29.2,28.94736842105263,-0.2526315789473692
no07,I_11_533967_00937533967_01406,1400,14:00,43.15,43.47368421052632,0.32368421052632357
no07,I_11_533967_00937533967_01406,1415,14:15,44.6,44.0,-0.6000000000000014
no07,I_11_533967_00937533967_01406,1430,14:30,38.1,37.94736842105263,-0.15263157894737134
no07,I_11_533967_00937533967_01406,1445,14:45,56.45,57.31578947368421,0.8657894736842096
no07,I_11_533967_00937533967_01406,1500,15:00,37.45,38.21052631578947,0.7605263157894697
no07,I_11_533967_00937533967_01406,1515,15:15,39.65,37.47368421052632,-2.1763157894736764
no07,I_11_533967_00937533967_01406,1530,15:30,38.6,37.26315789473684,-1.336842105263159
no07,I_11_533967_00937533967_01406,1545,15:45,31.4,32.578947368421055,1.1789473684210563
no07,I_11_533967_00937533967_01406,1600,16:00,53.55,53.73684210526316,0.18684210526316036
no07,I_11_533967_00937533967_01406,1615,16:15,41.9,44.0,2.1000000000000014
no07,I_11_533967_00937533967_01406,1630,16:30,37.65,39.578947368421055,1.9289473684210563
no07,I_11_533967_00937533967_01406,1645,16:45,45.2,45.63157894736842,0.43157894736841484
no07,I_11_533967_00937533967_01406,1700,17:00,44.85,45.68421052631579,0.8342105263157862
no07,I_11_533967_00937533967_01406,1715,17:15,63.45,66.6842105263158,3.234210526315792
no07,I_11_533967_00937533967_01406,1730,17:30,22.35,22.894736842105264,0.5447368421052623
no07,I_11_533967_00937533967_01406,1745,17:45,34.15,34.05263157894737,-0.09736842105262866
no07,I_11_533967_00937533967_01406,1800,18:00,56.3,56.78947368421053,0.4894736842105303
no07,I_11_533967_00937533967_01406,1815,18:15,65.0,63.578947368421055,-1.4210526315789451
no07,I_11_533967_00937533967_01406,1830,18:30,31.2,31.05263157894737,-0.14736842105262937
no07,I_11_533967_00937533967_01406,1845,18:45,31.95,32.473684210526315,0.5236842105263158
no07,I_11_533967_00937533967_01657,630,06:30,87.25,86.63157894736842,-0.6184210526315752
no07,I_11_533967_00937533967_01657,645,06:45,98.95,99.0,0.04999999999999716
no07,I_11_533967_00937533967_01657,700,07:00,102.5,102.21052631578948,-0.28947368421052033
no07,I_11_533967_00937533967_01657,715,07:15,104.85,105.26315789473684,0.41315789473684106
no07,I_11_533967_00937533967_01657,730,07:30,60.25,59.31578947368421,-0.9342105263157876
no07,I_11_533967_00937533967_01657,745,07:45,114.35,115.05263157894736,0.7026315789473614
no07,I_11_533967_00937533967_01657,800,08:00,94.6,93.94736842105264,-0.65263157894735
no07,I_11_533967_00937533967_01657,815,08:15,113.1,111.6842105263158,-1.4157894736841996
no07,I_11_533967_00937533967_01657,830,08:30,136.8,135.31578947368422,-1.4842105263157919
no07,I_11_533967_00937533967_01657,845,08:45,114.05,115.57894736842104,1.5289473684210435
no07,I_11_533967_00937533967_01657,900,09:00,119.75,121.21052631578948,1.4605263157894797
no07,I_11_533967_00937533967_01657,915,09:15,94.55,93.94736842105264,-0.6026315789473529
no07,I_11_533967_00937533967_01657,930,09:30,94.35,94.42105263157896,0.07105263157896502
no07,I_11_533967_00937533967_01657,945,09:45,93.0,93.47368421052632,0.47368421052631504
no07,I_11_533967_00937533967_01657,1000,10:00,97.9,98.10526315789474,0.20526315789473415
no07,I_11_533967_00937533967_01657,1015,10:15,83.35,85.89473684210526,2.544736842105266
no07,I_11_533967_00937533967_01657,1030,10:30,84.2,83.52631578947368,-0.6736842105263179
no07,I_11_533967_00937533967_01657,1045,10:45,92.4,92.47368421052632,0.07368421052630936
no07,I_11_533967_00937533967_01657,1100,11:00,97.55,97.10526315789474,-0.4447368421052573
no07,I_11_533967_00937533967_01657,1115,11:15,106.95,108.6842105263158,1.7342105263157919
no07,I_11_533967_00937533967_01657,1130,11:30,90.85,92.52631578947368,1.6763157894736906
no07,I_11_533967_00937533967_01657,1145,11:45,100.85,100.78947368421052,-0.06052631578947398
no07,I_11_533967_00937533967_01657,1200,12:00,87.3,86.63157894736842,-0.6684210526315724
no07,I_11_533967_00937533967_01657,1215,12:15,108.1,104.6842105263158,-3.4157894736841996
no07,I_11_533967_00937533967_01657,1230,12:30,80.2,81.84210526315789,1.6421052631578874
no07,I_11_533967_00937533967_01657,1245,12:45,108.1,107.57894736842104,-0.5210526315789537
no07,I_11_533967_00937533967_01657,1300,13:00,68.2,68.15789473684211,-0.04210526315789309
no07,I_11_533967_00937533967_01657,1315,13:15,108.4,105.6842105263158,-2.715789473684211
no07,I_11_533967_00937533967_01657,1330,13:30,85.25,86.10526315789474,0.8552631578947398
no07,I_11_533967_00937533967_01657,1345,13:45,103.8,103.89473684210526,0.09473684210526301
no07,I_11_533967_00937533967_01657,1400,14:00,110.15,109.73684210526316,-0.41315789473684106
no07,I_11_533967_00937533967_01657,1415,14:15,112.45,112.52631578947368,0.07631578947368212
no07,I_11_533967_00937533967_01657,1430,14:30,87.45,89.26315789473684,1.8131578947368325
no07,I_11_533967_00937533967_01657,1445,14:45,109.35,108.84210526315788,-0.5078947368421183
no07,I_11_533967_00937533967_01657,1500,15:00,107.75,108.47368421052632,0.723684210526315
no07,I_11_533967_00937533967_01657,1515,15:15,109.7,110.21052631578948,0.5105263157894768
no07,I_11_533967_00937533967_01657,1530,15:30,109.45,108.73684210526316,-0.7131578947368382
no07,I_11_533967_00937533967_01657,1545,15:45,89.75,89.15789473684211,-0.5921052631578902
no07,I_11_533967_00937533967_01657,1600,16:00,113.65,115.15789473684212,1.5078947368421183
no07,I_11_533967_00937533967_01657,1615,16:15,109.8,109.05263157894736,-0.7473684210526415
no07,I_11_533967_00937533967_01657,1630,16:30,113.0,113.10526315789474,0.10526315789473983
no07,I_11_533967_00937533967_01657,1645,16:45,141.45,141.05263157894737,-0.3973684210526187
no07,I_11_533967_00937533967_01657,1700,17:00,126.95,127.84210526315788,0.8921052631578732
no07,I_11_533967_00937533967_01657,1715,17:15,132.15,132.52631578947367,0.37631578947366506
no07,I_11_533967_00937533967_01657,1730,17:30,124.4,125.26315789473684,0.8631578947368297
no07,I_11_533967_00937533967_01657,1745,17:45,138.3,141.89473684210526,3.594736842105249
no07,I_11_533967_00937533967_01657,1800,18:00,111.5,107.94736842105264,-3.5526315789473557
no07,I_11_533967_00937533967_01657,1815,18:15,117.3,121.21052631578948,3.9105263157894825
no07,I_11_533967_00937533967_01657,1830,18:30,96.3,93.89473684210526,-2.405263157894737
no07,I_11_533967_00937533967_01657,1845,18:45,97.5,101.47368421052632,3.973684210526315
no07,I_11_533967_00939533967_01485,630,06:30,15.15,14.894736842105264,-0.25526315789473664
no07,I_11_533967_00939533967_01485,645,06:45,52.65,52.47368421052632,-0.17631578947367643
no07,I_11_533967_00939533967_01485,700,07:00,62.6,62.42105263157895,-0.1789473684210492
no07,I_11_533967_00939533967_01485,715,07:15,77.45,76.36842105263158,-1.0815789473684276
no07,I_11_533967_00939533967_01485,730,07:30,86.7,87.47368421052632,0.7736842105263122
no07,I_11_533967_00939533967_01485,745,07:45,77.25,78.05263157894737,0.8026315789473699
no07,I_11_533967_00939533967_01485,800,08:00,88.7,89.47368421052632,0.7736842105263122
no07,I_11_533967_00939533967_01485,815,08:15,90.6,87.63157894736842,-2.9684210526315695
no07,I_11_533967_00939533967_01485,830,08:30,104.35,105.73684210526316,1.3868421052631703
no07,I_11_533967_00939533967_01485,845,08:45,84.55,84.15789473684211,-0.3921052631578874
no07,I_11_533967_00939533967_01485,900,09:00,85.65,85.73684210526316,0.08684210526315894
no07,I_11_533967_00939533967_01485,915,09:15,56.75,55.526315789473685,-1.223684210526315
no07,I_11_533967_00939533967_01485,930,09:30,56.2,55.68421052631579,-0.5157894736842152
no07,I_11_533967_00939533967_01485,945,09:45,70.75,69.36842105263158,-1.3815789473684248
no07,I_11_533967_00939533967_01485,1000,10:00,78.8,77.05263157894737,-1.7473684210526272
no07,I_11_533967_00939533967_01485,1015,10:15,79.25,73.42105263157895,-5.828947368421055
no07,I_11_533967_00939533967_01485,1030,10:30,95.0,90.36842105263158,-4.631578947368425
no07,I_11_533967_00939533967_01485,1045,10:45,110.2,109.42105263157896,-0.7789473684210435
no07,I_11_533967_00939533967_01485,1100,11:00,115.3,115.6842105263158,0.38421052631579755
no07,I_11_533967_00939533967_01485,1115,11:15,133.95,133.26315789473685,-0.686842105263139
no07,I_11_533967_00939533967_01485,1130,11:30,117.8,119.84210526315788,2.042105263157879
no07,I_11_533967_00939533967_01485,1145,11:45,144.0,142.68421052631578,-1.3157894736842195
no07,I_11_533967_00939533967_01485,1200,12:00,122.3,122.42105263157896,0.12105263157896218
no07,I_11_533967_00939533967_01485,1215,12:15,161.2,163.47368421052633,2.2736842105263406
no07,I_11_533967_00939533967_01485,1230,12:30,99.5,97.52631578947368,-1.973684210526315
no07,I_11_533967_00939533967_01485,1245,12:45,149.95,146.68421052631578,-3.265789473684208
no07,I_11_533967_00939533967_01485,1300,13:00,130.75,132.94736842105263,2.19736842105263
no07,I_11_533967_00939533967_01485,1315,13:15,139.7,139.94736842105263,0.24736842105264145
no07,I_11_533967_00939533967_01485,1330,13:30,145.35,143.52631578947367,-1.8236842105263236
no07,I_11_533967_00939533967_01485,1345,13:45,127.1,127.0,-0.09999999999999432
no07,I_11_533967_00939533967_01485,1400,14:00,113.15,116.57894736842104,3.428947368421035
no07,I_11_533967_00939533967_01485,1415,14:15,172.95,172.8421052631579,-0.10789473684209838
no07,I_11_533967_00939533967_01485,1430,14:30,101.25,101.94736842105264,0.6973684210526443
no07,I_11_533967_00939533967_01485,1445,14:45,121.8,122.73684210526316,0.9368421052631675
no07,I_11_533967_00939533967_01485,1500,15:00,119.15,117.26315789473684,-1.8868421052631703
no07,I_11_533967_00939533967_01485,1515,15:15,119.45,121.78947368421052,2.3394736842105175
no07,I_11_533967_00939533967_01485,1530,15:30,134.5,136.8421052631579,2.3421052631578902
no07,I_11_533967_00939533967_01485,1545,15:45,98.3,96.89473684210526,-1.405263157894737
no07,I_11_533967_00939533967_01485,1600,16:00,127.1,130.31578947368422,3.215789473684225
no07,I_11_533967_00939533967_01485,1615,16:15,156.65,155.78947368421052,-0.8605263157894854
no07,I_11_533967_00939533967_01485,1630,16:30,119.4,116.6842105263158,-2.715789473684211
no07,I_11_533967_00939533967_01485,1645,16:45,127.9,128.0,0.09999999999999432
no07,I_11_533967_00939533967_01485,1700,17:00,114.55,111.73684210526316,-2.8131578947368325
no07,I_11_533967_00939533967_01485,1715,17:15,141.7,138.42105263157896,-3.2789473684210293
no07,I_11_533967_00939533967_01485,1730,17:30,130.1,129.10526315789474,-0.9947368421052545
no07,I_11_533967_00939533967_01485,1745,17:45,127.6,125.84210526315788,-1.7578947368421183
no07,I_11_533967_00939533967_01485,1800,18:00,104.05,108.10526315789474,4.055263157894743
no07,I_11_533967_00939533967_01485,1815,18:15,127.15,120.6842105263158,-6.465789473684211
no07,I_11_533967_00939533967_01485,1830,18:30,100.0,105.10526315789474,5.10526315789474
no07,I_11_533967_00939533967_01485,1845,18:45,120.0,121.05263157894736,1.0526315789473557
no07,I_11_533967_00977533967_00978,630,06:30,68.35,68.47368421052632,0.12368421052632073
no07,I_11_533967_00977533967_00978,645,06:45,82.1,81.73684210526316,-0.3631578947368297
no07,I_11_533967_00977533967_00978,700,07:00,74.45,74.57894736842105,0.12894736842105203
no07,I_11_533967_00977533967_00978,715,07:15,108.2,106.36842105263158,-1.8315789473684276
no07,I_11_533967_00977533967_00978,730,07:30,114.0,116.57894736842104,2.5789473684210407
no07,I_11_533967_00977533967_00978,745,07:45,112.85,110.6842105263158,-2.1657894736841996
no07,I_11_533967_00977533967_00978,800,08:00,138.55,140.52631578947367,1.9763157894736594
no07,I_11_533967_00977533967_00978,815,08:15,141.7,143.10526315789474,1.4052631578947512
no07,I_11_533967_00977533967_00978,830,08:30,68.9,66.73684210526316,-2.163157894736841
no07,I_11_533967_00977533967_00978,845,08:45,85.45,84.10526315789474,-1.344736842105263
no07,I_11_533967_00977533967_00978,900,09:00,106.75,106.0,-0.75
no07,I_11_533967_00977533967_00978,915,09:15,43.25,45.68421052631579,2.4342105263157876
no07,I_11_533967_00977533967_00978,930,09:30,47.15,46.526315789473685,-0.6236842105263136
no07,I_11_533967_00977533967_00978,945,09:45,54.0,54.89473684210526,0.8947368421052602
no07,I_11_533967_00977533967_00978,1000,10:00,33.0,32.473684210526315,-0.526315789473685
no07,I_11_533967_00977533967_00978,1015,10:15,18.75,18.84210526315789,0.09210526315789025
no07,I_11_533967_00977533967_00978,1030,10:30,20.75,20.94736842105263,0.19736842105263008
no07,I_11_533967_00977533967_00978,1045,10:45,37.95,37.8421052631579,-0.10789473684210549
no07,I_11_533967_00977533967_00978,1100,11:00,32.45,32.578947368421055,0.12894736842105203
no07,I_11_533967_00977533967_00978,1115,11:15,13.8,13.736842105263158,-0.06315789473684319
no07,I_11_533967_00977533967_00978,1130,11:30,14.4,14.31578947368421,-0.08421052631578974
no07,I_11_533967_00977533967_00978,1145,11:45,11.25,11.473684210526317,0.22368421052631682
no07,I_11_533967_00977533967_00978,1200,12:00,49.0,48.578947368421055,-0.4210526315789451
no07,I_11_533967_00977533967_00978,1215,12:15,54.5,55.0,0.5
no07,I_11_533967_00977533967_00978,1230,12:30,19.35,19.157894736842103,-0.19210526315789878
no07,I_11_533967_00977533967_00978,1245,12:45,38.5,38.1578947368421,-0.34210526315789735
no07,I_11_533967_00977533967_00978,1300,13:00,56.5,57.36842105263158,0.8684210526315823
no07,I_11_533967_00977533967_00978,1315,13:15,44.55,43.78947368421053,-0.7605263157894697
no07,I_11_533967_00977533967_00978,1330,13:30,40.0,40.26315789473684,0.2631578947368425
no07,I_11_533967_00977533967_00978,1345,13:45,35.45,35.21052631578947,-0.23947368421053028
no07,I_11_533967_00977533967_00978,1400,14:00,35.5,35.421052631578945,-0.07894736842105488
no07,I_11_533967_00977533967_00978,1415,14:15,30.9,31.210526315789476,0.31052631578947754
no07,I_11_533967_00977533967_00978,1430,14:30,59.15,58.94736842105263,-0.2026315789473685
no07,I_11_533967_00977533967_00978,1445,14:45,55.25,54.68421052631579,-0.5657894736842124
no07,I_11_533967_00977533967_00978,1500,15:00,25.35,26.05263157894737,0.7026315789473685
no07,I_11_533967_00977533967_00978,1515,15:15,11.85,11.842105263157896,-0.007894736842104066
no07,I_11_533967_00977533967_00978,1530,15:30,22.1,21.94736842105263,-0.15263157894737134
no07,I_11_533967_00977533967_00978,1545,15:45,46.6,46.578947368421055,-0.021052631578946546
no07,I_11_533967_00977533967_00978,1600,16:00,24.35,24.42105263157895,0.07105263157894726
no07,I_11_533967_00977533967_00978,1615,16:15,17.95,18.105263157894736,0.155263157894737
no07,I_11_533967_00977533967_00978,1630,16:30,45.35,45.10526315789474,-0.2447368421052616
no07,I_11_533967_00977533967_00978,1645,16:45,63.1,62.78947368421053,-0.310526315789474
no07,I_11_533967_00977533967_00978,1700,17:00,53.85,54.63157894736842,0.7815789473684163
no07,I_11_533967_00977533967_00978,1715,17:15,30.75,30.36842105263158,-0.38157894736842124
no07,I_11_533967_00977533967_00978,1730,17:30,67.45,67.47368421052632,0.0236842105263122
no07,I_11_533967_00977533967_00978,1745,17:45,69.95,70.05263157894737,0.10263157894736707
no07,I_11_533967_00977533967_00978,1800,18:00,57.15,57.42105263157895,0.27105263157895365
no07,I_11_533967_00977533967_00978,1815,18:15,56.05,55.68421052631579,-0.36578947368420955
no07,I_11_533967_00977533967_00978,1830,18:30,38.9,38.78947368421053,-0.11052631578947114
no07,I_11_533967_00977533967_00978,1845,18:45,77.2,76.15789473684211,-1.042105263157893
no07,I_11_533967_00977533967_01421,630,06:30,29.0,28.42105263157895,-0.5789473684210513
no07,I_11_533967_00977533967_01421,645,06:45,54.4,55.42105263157895,1.0210526315789537
no07,I_11_533967_00977533967_01421,700,07:00,50.9,50.78947368421053,-0.11052631578947114
no07,I_11_533967_00977533967_01421,715,07:15,98.35,93.84210526315788,-4.507894736842118
no07,I_11_533967_00977533967_01421,730,07:30,115.65,110.89473684210526,-4.7552631578947455
no07,I_11_533967_00977533967_01421,745,07:45,74.2,73.63157894736842,-0.568421052631578
no07,I_11_533967_00977533967_01421,800,08:00,87.0,86.94736842105263,-0.05263157894736992
no07,I_11_533967_00977533967_01421,815,08:15,100.1,95.94736842105264,-4.15263157894735
no07,I_11_533967_00977533967_01421,830,08:30,127.4,123.52631578947368,-3.8736842105263207
no07,I_11_533967_00977533967_01421,845,08:45,98.35,91.0,-7.349999999999994
no07,I_11_533967_00977533967_01421,900,09:00,103.55,102.94736842105264,-0.6026315789473529
no07,I_11_533967_00977533967_01421,915,09:15,67.25,68.42105263157895,1.1710526315789451
no07,I_11_533967_00977533967_01421,930,09:30,80.2,76.10526315789474,-4.094736842105263
no07,I_11_533967_00977533967_01421,945,09:45,133.95,123.78947368421052,-10.160526315789468
no07,I_11_533967_00977533967_01421,1000,10:00,162.05,149.57894736842104,-12.47105263157897
no07,I_11_533967_00977533967_01421,1015,10:15,144.5,140.57894736842104,-3.9210526315789593
no07,I_11_533967_00977533967_01421,1030,10:30,94.3,94.47368421052632,0.17368421052631788
no07,I_11_533967_00977533967_01421,1045,10:45,134.85,124.52631578947368,-10.32368421052631
no07,I_11_533967_00977533967_01421,1100,11:00,156.4,148.05263157894737,-8.347368421052636
no07,I_11_533967_00977533967_01421,1115,11:15,131.2,116.3157894736842,-14.884210526315783
no07,I_11_533967_00977533967_01421,1130,11:30,104.85,102.84210526315788,-2.0078947368421183
no07,I_11_533967_00977533967_01421,1145,11:45,124.7,115.21052631578948,-9.489473684210523
no07,I_11_533967_00977533967_01421,1200,12:00,118.6,112.15789473684212,-6.44210526315787
no07,I_11_533967_00977533967_01421,1215,12:15,104.95,103.15789473684212,-1.7921052631578789
no07,I_11_533967_00977533967_01421,1230,12:30,91.65,90.3157894736842,-1.3342105263158004
no07,I_11_533967_00977533967_01421,1245,12:45,113.75,108.84210526315788,-4.907894736842124
no07,I_11_533967_00977533967_01421,1300,13:00,111.6,111.6842105263158,0.0842105263158004
no07,I_11_533967_00977533967_01421,1315,13:15,115.7,113.15789473684212,-2.542105263157879
no07,I_11_533967_00977533967_01421,1330,13:30,116.4,116.21052631578948,-0.18947368421052602
no07,I_11_533967_00977533967_01421,1345,13:45,107.4,100.05263157894736,-7.34736842105265
no07,I_11_533967_00977533967_01421,1400,14:00,99.4,99.63157894736842,0.2315789473684191
no07,I_11_533967_00977533967_01421,1415,14:15,144.55,134.0,-10.550000000000011
no07,I_11_533967_00977533967_01421,1430,14:30,86.9,82.73684210526316,-4.163157894736841
no07,I_11_533967_00977533967_01421,1445,14:45,78.2,77.15789473684211,-1.042105263157893
no07,I_11_533967_00977533967_01421,1500,15:00,125.4,108.63157894736842,-16.76842105263158
no07,I_11_533967_00977533967_01421,1515,15:15,108.75,103.47368421052632,-5.276315789473685
no07,I_11_533967_00977533967_01421,1530,15:30,107.75,109.36842105263158,1.6184210526315752
no07,I_11_533967_00977533967_01421,1545,15:45,82.5,82.26315789473684,-0.23684210526316463
no07,I_11_533967_00977533967_01421,1600,16:00,107.85,104.3157894736842,-3.534210526315789
no07,I_11_533967_00977533967_01421,1615,16:15,125.1,125.0,-0.09999999999999432
no07,I_11_533967_00977533967_01421,1630,16:30,91.4,91.36842105263158,-0.03157894736843048
no07,I_11_533967_00977533967_01421,1645,16:45,107.75,105.42105263157896,-2.3289473684210407
no07,I_11_533967_00977533967_01421,1700,17:00,110.85,107.42105263157896,-3.428947368421035
no07,I_11_533967_00977533967_01421,1715,17:15,109.9,105.10526315789474,-4.794736842105266
no07,I_11_533967_00977533967_01421,1730,17:30,121.9,121.6842105263158,-0.21578947368421098
no07,I_11_533967_00977533967_01421,1745,17:45,119.35,116.84210526315788,-2.5078947368421183
no07,I_11_533967_00977533967_01421,1800,18:00,134.6,136.31578947368422,1.7157894736842252
no07,I_11_533967_00977533967_01421,1815,18:15,96.15,90.63157894736842,-5.518421052631581
no07,I_11_533967_00977533967_01421,1830,18:30,134.9,134.42105263157896,-0.47894736842104635
no07,I_11_533967_00977533967_01421,1845,18:45,110.85,110.0,-0.8499999999999943
no07,I_11_533967_00977533967_01425,630,06:30,14.75,15.105263157894736,0.3552631578947363
no07,I_11_533967_00977533967_01425,645,06:45,27.95,28.26315789473684,0.31315789473683964
no07,I_11_533967_00977533967_01425,700,07:00,27.45,27.31578947368421,-0.13421052631579045
no07,I_11_533967_00977533967_01425,715,07:15,21.7,20.31578947368421,-1.3842105263157904
no07,I_11_533967_00977533967_01425,730,07:30,45.05,43.94736842105263,-1.102631578947367
no07,I_11_533967_00977533967_01425,745,07:45,64.35,63.578947368421055,-0.7710526315789394
no07,I_11_533967_00977533967_01425,800,08:00,39.2,34.78947368421053,-4.410526315789475
no07,I_11_533967_00977533967_01425,815,08:15,43.1,47.26315789473684,4.163157894736841
no07,I_11_533967_00977533967_01425,830,08:30,52.45,54.05263157894737,1.602631578947367
no07,I_11_533967_00977533967_01425,845,08:45,53.3,55.0,1.7000000000000028
no07,I_11_533967_00977533967_01425,900,09:00,52.65,52.42105263157895,-0.22894736842104635
no07,I_11_533967_00977533967_01425,915,09:15,48.1,48.73684210526316,0.6368421052631561
no07,I_11_533967_00977533967_01425,930,09:30,50.25,49.63157894736842,-0.6184210526315823
no07,I_11_533967_00977533967_01425,945,09:45,45.85,46.578947368421055,0.7289473684210535
no07,I_11_533967_00977533967_01425,1000,10:00,31.55,30.0,-1.5500000000000007
no07,I_11_533967_00977533967_01425,1015,10:15,46.85,45.05263157894737,-1.7973684210526315
no07,I_11_533967_00977533967_01425,1030,10:30,51.8,51.94736842105263,0.14736842105263293
no07,I_11_533967_00977533967_01425,1045,10:45,41.4,41.78947368421053,0.38947368421052886
no07,I_11_533967_00977533967_01425,1100,11:00,45.5,45.63157894736842,0.1315789473684177
no07,I_11_533967_00977533967_01425,1115,11:15,63.75,62.578947368421055,-1.1710526315789451
no07,I_11_533967_00977533967_01425,1130,11:30,37.6,37.31578947368421,-0.284210526315789
no07,I_11_533967_00977533967_01425,1145,11:45,62.75,60.89473684210526,-1.8552631578947398
no07,I_11_533967_00977533967_01425,1200,12:00,36.95,38.73684210526316,1.7868421052631547
no07,I_11_533967_00977533967_01425,1215,12:15,39.3,42.21052631578947,2.9105263157894754
no07,I_11_533967_00977533967_01425,1230,12:30,47.95,45.63157894736842,-2.318421052631585
no07,I_11_533967_00977533967_01425,1245,12:45,33.65,34.1578947368421,0.5078947368421041
no07,I_11_533967_00977533967_01425,1300,13:00,45.3,45.42105263157895,0.12105263157895507
no07,I_11_533967_00977533967_01425,1315,13:15,41.95,43.63157894736842,1.6815789473684148
no07,I_11_533967_00977533967_01425,1330,13:30,31.8,32.05263157894737,0.2526315789473692
no07,I_11_533967_00977533967_01425,1345,13:45,35.8,34.0,-1.7999999999999972
no07,I_11_533967_00977533967_01425,1400,14:00,48.3,50.578947368421055,2.2789473684210577
no07,I_11_533967_00977533967_01425,1415,14:15,38.8,38.578947368421055,-0.22105263157894228
no07,I_11_533967_00977533967_01425,1430,14:30,53.2,51.05263157894737,-2.147368421052633
no07,I_11_533967_00977533967_01425,1445,14:45,44.55,44.36842105263158,-0.18157894736841484
no07,I_11_533967_00977533967_01425,1500,15:00,52.55,55.578947368421055,3.0289473684210577
no07,I_11_533967_00977533967_01425,1515,15:15,55.65,52.526315789473685,-3.1236842105263136
no07,I_11_533967_00977533967_01425,1530,15:30,62.2,63.578947368421055,1.378947368421052
no07,I_11_533967_00977533967_01425,1545,15:45,50.95,50.94736842105263,-0.002631578947372759
no07,I_11_533967_00977533967_01425,1600,16:00,61.15,61.73684210526316,0.5868421052631589
no07,I_11_533967_00977533967_01425,1615,16:15,85.35,84.73684210526316,-0.6131578947368297
no07,I_11_533967_00977533967_01425,1630,16:30,54.8,55.42105263157895,0.6210526315789551
no07,I_11_533967_00977533967_01425,1645,16:45,53.65,54.36842105263158,0.7184210526315837
no07,I_11_533967_00977533967_01425,1700,17:00,89.45,87.47368421052632,-1.9763157894736878
no07,I_11_533967_00977533967_01425,1715,17:15,91.15,90.42105263157896,-0.7289473684210463
no07,I_11_533967_00977533967_01425,1730,17:30,71.7,66.84210526315789,-4.857894736842113
no07,I_11_533967_00977533967_01425,1745,17:45,61.55,63.47368421052632,1.923684210526325
no07,I_11_533967_00977533967_01425,1800,18:00,68.7,61.0,-7.700000000000003
no07,I_11_533967_00977533967_01425,1815,18:15,55.8,59.526315789473685,3.726315789473688
no07,I_11_533967_00977533967_01425,1830,18:30,36.3,35.10526315789474,-1.1947368421052573
no07,I_11_533967_00977533967_01425,1845,18:45,26.6,26.105263157894736,-0.49473684210526514
no07,I_11_533967_00977533967_01555,630,06:30,21.9,21.94736842105263,0.047368421052631504
no07,I_11_533967_00977533967_01555,645,06:45,20.95,20.84210526315789,-0.10789473684210904
no07,I_11_533967_00977533967_01555,700,07:00,29.9,29.789473684210527,-0.11052631578947114
no07,I_11_533967_00977533967_01555,715,07:15,33.15,33.1578947368421,0.007894736842104066
no07,I_11_533967_00977533967_01555,730,07:30,37.25,35.89473684210526,-1.3552631578947398
no07,I_11_533967_00977533967_01555,745,07:45,42.45,42.31578947368421,-0.13421052631579045
no07,I_11_533967_00977533967_01555,800,08:00,57.15,56.05263157894737,-1.0973684210526287
no07,I_11_533967_00977533967_01555,815,08:15,45.95,46.42105263157895,0.4710526315789494
no07,I_11_533967_00977533967_01555,830,08:30,42.05,41.578947368421055,-0.4710526315789423
no07,I_11_533967_00977533967_01555,845,08:45,44.25,46.31578947368421,2.0657894736842124
no07,I_11_533967_00977533967_01555,900,09:00,35.1,34.78947368421053,-0.310526315789474
no07,I_11_533967_00977533967_01555,915,09:15,42.65,42.578947368421055,-0.0710526315789437
no07,I_11_533967_00977533967_01555,930,09:30,45.55,45.26315789473684,-0.2868421052631547
no07,I_11_533967_00977533967_01555,945,09:45,20.35,19.94736842105263,-0.40263157894737134
no07,I_11_533967_00977533967_01555,1000,10:00,25.1,25.157894736842103,0.057894736842101224
no07,I_11_533967_00977533967_01555,1015,10:15,25.85,26.36842105263158,0.5184210526315773
no07,I_11_533967_00977533967_01555,1030,10:30,32.65,32.526315789473685,-0.12368421052631362
no07,I_11_533967_00977533967_01555,1045,10:45,21.85,21.84210526315789,-0.007894736842111172
no07,I_11_533967_00977533967_01555,1100,11:00,18.7,17.894736842105264,-0.8052631578947356
no07,I_11_533967_00977533967_01555,1115,11:15,17.3,16.842105263157894,-0.4578947368421069
no07,I_11_533967_00977533967_01555,1130,11:30,35.0,33.89473684210526,-1.1052631578947398
no07,I_11_533967_00977533967_01555,1145,11:45,21.0,20.94736842105263,-0.05263157894736992
no07,I_11_533967_00977533967_01555,1200,12:00,26.95,26.26315789473684,-0.6868421052631604
no07,I_11_533967_00977533967_01555,1215,12:15,29.6,27.73684210526316,-1.8631578947368403
no07,I_11_533967_00977533967_01555,1230,12:30,19.65,19.789473684210527,0.13947368421052886
no07,I_11_533967_00977533967_01555,1245,12:45,37.0,38.68421052631579,1.6842105263157876
no07,I_11_533967_00977533967_01555,1300,13:00,37.05,37.578947368421055,0.5289473684210577
no07,I_11_533967_00977533967_01555,1315,13:15,32.95,32.73684210526316,-0.21315789473684532
no07,I_11_533967_00977533967_01555,1330,13:30,17.3,17.05263157894737,-0.2473684210526308
no07,I_11_533967_00977533967_01555,1345,13:45,24.25,24.473684210526315,0.22368421052631504
no07,I_11_533967_00977533967_01555,1400,14:00,22.65,20.63157894736842,-2.0184210526315773
no07,I_11_533967_00977533967_01555,1415,14:15,17.35,16.842105263157894,-0.5078947368421076
no07,I_11_533967_00977533967_01555,1430,14:30,36.8,37.47368421052632,0.673684210526325
no07,I_11_533967_00977533967_01555,1445,14:45,46.9,43.89473684210526,-3.0052631578947384
no07,I_11_533967_00977533967_01555,1500,15:00,30.25,28.26315789473684,-1.986842105263161
no07,I_11_533967_00977533967_01555,1515,15:15,19.65,20.789473684210527,1.1394736842105289
no07,I_11_533967_00977533967_01555,1530,15:30,24.1,24.210526315789476,0.1105263157894747
no07,I_11_533967_00977533967_01555,1545,15:45,27.35,27.68421052631579,0.33421052631578974
no07,I_11_533967_00977533967_01555,1600,16:00,59.25,55.1578947368421,-4.092105263157897
no07,I_11_533967_00977533967_01555,1615,16:15,21.2,20.526315789473685,-0.6736842105263143
no07,I_11_533967_00977533967_01555,1630,16:30,18.95,20.05263157894737,1.1026315789473706
no07,I_11_533967_00977533967_01555,1645,16:45,32.4,32.8421052631579,0.4421052631578988
no07,I_11_533967_00977533967_01555,1700,17:00,36.9,35.63157894736842,-1.268421052631581
no07,I_11_533967_00977533967_01555,1715,17:15,31.55,31.63157894736842,0.08157894736842053
no07,I_11_533967_00977533967_01555,1730,17:30,28.85,28.73684210526316,-0.11315789473684035
no07,I_11_533967_00977533967_01555,1745,17:45,14.05,13.526315789473683,-0.5236842105263175
no07,I_11_533967_00977533967_01555,1800,18:00,18.4,19.157894736842103,0.7578947368421041
no07,I_11_533967_00977533967_01555,1815,18:15,32.1,33.89473684210526,1.7947368421052587
no07,I_11_533967_00977533967_01555,1830,18:30,19.1,18.105263157894736,-0.9947368421052651
no07,I_11_533967_00977533967_01555,1845,18:45,18.0,18.894736842105264,0.8947368421052637
no07,I_11_533967_00978533967_00977,630,06:30,26.75,26.73684210526316,-0.013157894736838927
no07,I_11_533967_00978533967_00977,645,06:45,28.0,28.05263157894737,0.05263157894736992
no07,I_11_533967_00978533967_00977,700,07:00,34.45,34.526315789473685,0.07631578947368212
no07,I_11_533967_00978533967_00977,715,07:15,41.55,41.47368421052632,-0.07631578947367501
no07,I_11_533967_00978533967_00977,730,07:30,62.8,62.73684210526316,-0.06315789473683964
no07,I_11_533967_00978533967_00977,745,07:45,66.65,66.63157894736842,-0.018421052631580892
no07,I_11_533967_00978533967_00977,800,08:00,58.1,58.10526315789474,0.005263157894738413
no07,I_11_533967_00978533967_00977,815,08:15,51.25,51.26315789473684,0.01315789473684248
no07,I_11_533967_00978533967_00977,830,08:30,56.6,56.63157894736842,0.031578947368416266
no07,I_11_533967_00978533967_00977,845,08:45,61.7,61.78947368421053,0.0894736842105246
no07,I_11_533967_00978533967_00977,900,09:00,59.85,59.578947368421055,-0.27105263157894655
no07,I_11_533967_00978533967_00977,915,09:15,58.7,58.89473684210526,0.19473684210525732
no07,I_11_533967_00978533967_00977,930,09:30,39.35,39.26315789473684,-0.08684210526315894
no07,I_11_533967_00978533967_00977,945,09:45,77.2,77.57894736842105,0.37894736842105203
no07,I_11_533967_00978533967_00977,1000,10:00,88.8,87.15789473684211,-1.6421052631578874
no07,I_11_533967_00978533967_00977,1015,10:15,66.8,67.6842105263158,0.8842105263157976
no07,I_11_533967_00978533967_00977,1030,10:30,51.65,52.21052631578947,0.560526315789474
no07,I_11_533967_00978533967_00977,1045,10:45,75.15,74.94736842105263,-0.2026315789473756
no07,I_11_533967_00978533967_00977,1100,11:00,81.5,81.6842105263158,0.1842105263157947
no07,I_11_533967_00978533967_00977,1115,11:15,87.0,86.94736842105263,-0.05263157894736992
no07,I_11_533967_00978533967_00977,1130,11:30,67.4,67.47368421052632,0.07368421052630936
no07,I_11_533967_00978533967_00977,1145,11:45,67.2,67.0,-0.20000000000000284
no07,I_11_533967_00978533967_00977,1200,12:00,66.05,66.10526315789474,0.055263157894742676
no07,I_11_533967_00978533967_00977,1215,12:15,76.9,77.0,0.09999999999999432
no07,I_11_533967_00978533967_00977,1230,12:30,51.5,51.42105263157895,-0.07894736842104777
no07,I_11_533967_00978533967_00977,1245,12:45,87.3,87.3157894736842,0.015789473684208133
no07,I_11_533967_00978533967_00977,1300,13:00,70.7,70.84210526315789,0.1421052631578874
no07,I_11_533967_00978533967_00977,1315,13:15,82.25,82.05263157894737,-0.19736842105263008
no07,I_11_533967_00978533967_00977,1330,13:30,94.75,94.57894736842104,-0.17105263157895934
no07,I_11_533967_00978533967_00977,1345,13:45,48.1,48.31578947368421,0.21578947368421098
no07,I_11_533967_00978533967_00977,1400,14:00,65.05,64.73684210526316,-0.31315789473683253
no07,I_11_533967_00978533967_00977,1415,14:15,90.9,91.10526315789474,0.20526315789473415
no07,I_11_533967_00978533967_00977,1430,14:30,48.65,48.89473684210526,0.2447368421052616
no07,I_11_533967_00978533967_00977,1445,14:45,66.6,66.47368421052632,-0.12631578947367927
no07,I_11_533967_00978533967_00977,1500,15:00,78.55,78.78947368421052,0.23947368421052317
no07,I_11_533967_00978533967_00977,1515,15:15,58.6,58.47368421052632,-0.12631578947367927
no07,I_11_533967_00978533967_00977,1530,15:30,77.85,77.78947368421052,-0.06052631578947398
no07,I_11_533967_00978533967_00977,1545,15:45,57.05,56.94736842105263,-0.10263157894736707
no07,I_11_533967_00978533967_00977,1600,16:00,85.2,85.21052631578948,0.010526315789476826
no07,I_11_533967_00978533967_00977,1615,16:15,82.85,82.78947368421052,-0.06052631578947398
no07,I_11_533967_00978533967_00977,1630,16:30,55.6,55.526315789473685,-0.07368421052631646
no07,I_11_533967_00978533967_00977,1645,16:45,84.1,84.15789473684211,0.057894736842115435
no07,I_11_533967_00978533967_00977,1700,17:00,66.7,67.05263157894737,0.3526315789473671
no07,I_11_533967_00978533967_00977,1715,17:15,69.1,68.36842105263158,-0.7315789473684191
no07,I_11_533967_00978533967_00977,1730,17:30,87.55,88.0,0.45000000000000284
no07,I_11_533967_00978533967_00977,1745,17:45,75.0,74.94736842105263,-0.05263157894736992
no07,I_11_533967_00978533967_00977,1800,18:00,85.5,85.78947368421052,0.28947368421052033
no07,I_11_533967_00978533967_00977,1815,18:15,60.1,60.10526315789474,0.005263157894738413
no07,I_11_533967_00978533967_00977,1830,18:30,96.25,96.73684210526316,0.4868421052631646
no07,I_11_533967_00978533967_00977,1845,18:45,74.95,74.3157894736842,-0.6342105263157976
no07,I_11_533967_01268533967_00937,630,06:30,84.45,84.42105263157895,-0.028947368421057718
no07,I_11_533967_01268533967_00937,645,06:45,79.45,79.42105263157895,-0.028947368421057718
no07,I_11_533967_01268533967_00937,700,07:00,85.05,85.15789473684211,0.10789473684211259
no07,I_11_533967_01268533967_00937,715,07:15,94.8,94.6842105263158,-0.11578947368420245
no07,I_11_533967_01268533967_00937,730,07:30,69.85,70.05263157894737,0.2026315789473756
no07,I_11_533967_01268533967_00937,745,07:45,92.1,91.84210526315788,-0.2578947368421183
no07,I_11_533967_01268533967_00937,800,08:00,73.9,73.94736842105263,0.0473684210526244
no07,I_11_533967_01268533967_00937,815,08:15,65.7,65.84210526315789,0.1421052631578874
no07,I_11_533967_01268533967_00937,830,08:30,96.7,96.47368421052632,-0.2263157894736878
no07,I_11_533967_01268533967_00937,845,08:45,77.75,77.94736842105263,0.19736842105263008
no07,I_11_533967_01268533967_00937,900,09:00,83.05,83.0,-0.04999999999999716
no07,I_11_533967_01268533967_00937,915,09:15,77.1,77.05263157894737,-0.0473684210526244
no07,I_11_533967_01268533967_00937,930,09:30,82.7,82.94736842105263,0.24736842105262724
no07,I_11_533967_01268533967_00937,945,09:45,75.0,74.84210526315789,-0.15789473684210975
no07,I_11_533967_01268533967_00937,1000,10:00,93.4,93.3157894736842,-0.0842105263158004
no07,I_11_533967_01268533967_00937,1015,10:15,64.6,64.6842105263158,0.0842105263158004
no07,I_11_533967_01268533967_00937,1030,10:30,55.9,55.94736842105263,0.047368421052631504
no07,I_11_533967_01268533967_00937,1045,10:45,58.15,58.21052631578947,0.06052631578947398
no07,I_11_533967_01268533967_00937,1100,11:00,67.1,67.0,-0.09999999999999432
no07,I_11_533967_01268533967_00937,1115,11:15,75.45,75.26315789473684,-0.18684210526316747
no07,I_11_533967_01268533967_00937,1130,11:30,55.35,55.31578947368421,-0.034210526315789025
no07,I_11_533967_01268533967_00937,1145,11:45,54.25,54.42105263157895,0.17105263157895223
no07,I_11_533967_01268533967_00937,1200,12:00,70.45,70.47368421052632,0.0236842105263122
no07,I_11_533967_01268533967_00937,1215,12:15,74.35,74.21052631578948,-0.13947368421051465
no07,I_11_533967_01268533967_00937,1230,12:30,55.3,55.63157894736842,0.33157894736842053
no07,I_11_533967_01268533967_00937,1245,12:45,77.7,77.42105263157895,-0.2789473684210577
no07,I_11_533967_01268533967_00937,1300,13:00,39.9,40.1578947368421,0.25789473684210407
no07,I_11_533967_01268533967_00937,1315,13:15,64.95,64.6842105263158,-0.26578947368420813
no07,I_11_533967_01268533967_00937,1330,13:30,60.15,60.05263157894737,-0.09736842105262866
no07,I_11_533967_01268533967_00937,1345,13:45,48.55,48.68421052631579,0.13421052631579045
no07,I_11_533967_01268533967_00937,1400,14:00,80.9,81.05263157894737,0.15263157894736423
no07,I_11_533967_01268533967_00937,1415,14:15,52.25,52.05263157894737,-0.19736842105263008
no07,I_11_533967_01268533967_00937,1430,14:30,71.2,71.63157894736842,0.43157894736842195
no07,I_11_533967_01268533967_00937,1445,14:45,69.7,69.26315789473684,-0.43684210526316747
no07,I_11_533967_01268533967_00937,1500,15:00,55.4,55.47368421052632,0.07368421052632357
no07,I_11_533967_01268533967_00937,1515,15:15,44.85,44.89473684210526,0.044736842105258745
no07,I_11_533967_01268533967_00937,1530,15:30,63.95,63.94736842105263,-0.002631578947372759
no07,I_11_533967_01268533967_00937,1545,15:45,55.55,55.42105263157895,-0.12894736842104493
no07,I_11_533967_01268533967_00937,1600,16:00,62.95,63.10526315789474,0.155263157894737
no07,I_11_533967_01268533967_00937,1615,16:15,78.3,78.3157894736842,0.015789473684208133
no07,I_11_533967_01268533967_00937,1630,16:30,62.9,62.78947368421053,-0.11052631578947114
no07,I_11_533967_01268533967_00937,1645,16:45,83.6,83.57894736842105,-0.02105263157893944
no07,I_11_533967_01268533967_00937,1700,17:00,48.7,53.0,4.299999999999997
no07,I_11_533967_01268533967_00937,1715,17:15,81.1,81.42105263157895,0.3210526315789508
no07,I_11_533967_01268533967_00937,1730,17:30,51.05,50.68421052631579,-0.36578947368420955
no07,I_11_533967_01268533967_00937,1745,17:45,74.9,75.26315789473684,0.3631578947368297
no07,I_11_533967_01268533967_00937,1800,18:00,82.95,83.0,0.04999999999999716
no07,I_11_533967_01268533967_00937,1815,18:15,61.0,60.89473684210526,-0.10526315789473983
no07,I_11_533967_01268533967_00937,1830,18:30,57.4,57.36842105263158,-0.031578947368416266
no07,I_11_533967_01268533967_00937,1845,18:45,59.15,59.1578947368421,0.007894736842104066
no07,I_11_533967_01405533967_00937,630,06:30,28.8,28.42105263157895,-0.37894736842105203
no07,I_11_533967_01405533967_00937,645,06:45,36.95,37.1578947368421,0.2078947368420998
no07,I_11_533967_01405533967_00937,700,07:00,36.45,36.31578947368421,-0.13421052631579045
no07,I_11_533967_01405533967_00937,715,07:15,27.1,27.68421052631579,0.5842105263157897
no07,I_11_533967_01405533967_00937,730,07:30,37.9,37.21052631578947,-0.689473684210526
no07,I_11_533967_01405533967_00937,745,07:45,48.85,50.63157894736842,1.7815789473684163
no07,I_11_533967_01405533967_00937,800,08:00,55.85,56.89473684210526,1.0447368421052587
no07,I_11_533967_01405533967_00937,815,08:15,66.45,64.63157894736842,-1.818421052631578
no07,I_11_533967_01405533967_00937,830,08:30,105.0,103.84210526315788,-1.157894736842124
no07,I_11_533967_01405533967_00937,845,08:45,53.8,53.21052631578947,-0.5894736842105246
no07,I_11_533967_01405533967_00937,900,09:00,71.25,71.63157894736842,0.3815789473684248
no07,I_11_533967_01405533967_00937,915,09:15,70.15,70.0,-0.15000000000000568
no07,I_11_533967_01405533967_00937,930,09:30,63.7,62.73684210526316,-0.9631578947368453
no07,I_11_533967_01405533967_00937,945,09:45,38.7,39.73684210526316,1.0368421052631547
no07,I_11_533967_01405533967_00937,1000,10:00,67.2,67.3157894736842,0.11578947368420245
no07,I_11_533967_01405533967_00937,1015,10:15,61.55,64.15789473684211,2.6078947368421126
no07,I_11_533967_01405533967_00937,1030,10:30,93.25,92.73684210526316,-0.5131578947368354
no07,I_11_533967_01405533967_00937,1045,10:45,74.4,74.3157894736842,-0.0842105263158004
no07,I_11_533967_01405533967_00937,1100,11:00,82.65,82.78947368421052,0.13947368421051465
no07,I_11_533967_01405533967_00937,1115,11:15,75.3,75.42105263157895,0.12105263157894797
no07,I_11_533967_01405533967_00937,1130,11:30,85.9,87.05263157894737,1.1526315789473642
no07,I_11_533967_01405533967_00937,1145,11:45,76.55,76.73684210526316,0.18684210526316747
no07,I_11_533967_01405533967_00937,1200,12:00,88.7,89.0,0.29999999999999716
no07,I_11_533967_01405533967_00937,1215,12:15,88.1,84.36842105263158,-3.731578947368419
no07,I_11_533967_01405533967_00937,1230,12:30,88.7,91.21052631578948,2.510526315789477
no07,I_11_533967_01405533967_00937,1245,12:45,73.5,73.10526315789474,-0.39473684210526017
no07,I_11_533967_01405533967_00937,1300,13:00,86.3,85.57894736842105,-0.7210526315789423
no07,I_11_533967_01405533967_00937,1315,13:15,72.9,71.15789473684211,-1.742105263157896
no07,I_11_533967_01405533967_00937,1330,13:30,86.3,86.94736842105263,0.6473684210526329
no07,I_11_533967_01405533967_00937,1345,13:45,69.55,69.84210526315789,0.2921052631578931
no07,I_11_533967_01405533967_00937,1400,14:00,90.8,89.89473684210526,-0.905263157894737
no07,I_11_533967_01405533967_00937,1415,14:15,83.4,83.94736842105263,0.5473684210526244
no07,I_11_533967_01405533967_00937,1430,14:30,84.85,86.10526315789474,1.2552631578947455
no07,I_11_533967_01405533967_00937,1445,14:45,81.6,81.84210526315789,0.24210526315789593
no07,I_11_533967_01405533967_00937,1500,15:00,101.45,99.05263157894736,-2.397368421052647
no07,I_11_533967_01405533967_00937,1515,15:15,104.75,106.47368421052632,1.723684210526315
no07,I_11_533967_01405533967_00937,1530,15:30,83.65,82.36842105263158,-1.2815789473684305
no07,I_11_533967_01405533967_00937,1545,15:45,44.35,44.31578947368421,-0.034210526315789025
no07,I_11_533967_01405533967_00937,1600,16:00,115.45,115.52631578947368,0.07631578947368212
no07,I_11_533967_01405533967_00937,1615,16:15,100.35,100.63157894736842,0.2815789473684305
no07,I_11_533967_01405533967_00937,1630,16:30,126.6,125.36842105263158,-1.231578947368419
no07,I_11_533967_01405533967_00937,1645,16:45,66.75,66.78947368421052,0.03947368421052033
no07,I_11_533967_01405533967_00937,1700,17:00,100.15,96.73684210526316,-3.413157894736841
no07,I_11_533967_01405533967_00937,1715,17:15,68.45,69.3157894736842,0.8657894736842024
no07,I_11_533967_01405533967_00937,1730,17:30,99.35,101.84210526315788,2.4921052631578817
no07,I_11_533967_01405533967_00937,1745,17:45,86.7,89.05263157894737,2.352631578947367
no07,I_11_533967_01405533967_00937,1800,18:00,112.0,111.57894736842104,-0.42105263157895934
no07,I_11_533967_01405533967_00937,1815,18:15,79.3,82.84210526315789,3.542105263157893
no07,I_11_533967_01405533967_00937,1830,18:30,64.4,63.1578947368421,-1.242105263157903
no07,I_11_533967_01405533967_00937,1845,18:45,64.25,67.15789473684211,2.9078947368421098
no07,I_11_533967_01412533967_01657,630,06:30,51.3,51.1578947368421,-0.1421052631578945
no07,I_11_533967_01412533967_01657,645,06:45,85.85,86.21052631578948,0.36052631578948535
no07,I_11_533967_01412533967_01657,700,07:00,56.95,56.68421052631579,-0.26578947368421524
no07,I_11_533967_01412533967_01657,715,07:15,47.7,47.68421052631579,-0.01578947368421524
no07,I_11_533967_01412533967_01657,730,07:30,43.2,43.42105263157895,0.2210526315789494
no07,I_11_533967_01412533967_01657,745,07:45,32.4,32.473684210526315,0.07368421052631646
no07,I_11_533967_01412533967_01657,800,08:00,41.9,41.63157894736842,-0.2684210526315809
no07,I_11_533967_01412533967_01657,815,08:15,31.35,31.157894736842103,-0.19210526315789878
no07,I_11_533967_01412533967_01657,830,08:30,34.35,34.73684210526316,0.3868421052631561
no07,I_11_533967_01412533967_01657,845,08:45,17.95,17.736842105263158,-0.21315789473684177
no07,I_11_533967_01412533967_01657,900,09:00,24.55,24.36842105263158,-0.18157894736842195
no07,I_11_533967_01412533967_01657,915,09:15,32.35,32.578947368421055,0.22894736842105345
no07,I_11_533967_01412533967_01657,930,09:30,33.55,33.473684210526315,-0.07631578947368212
no07,I_11_533967_01412533967_01657,945,09:45,23.05,23.157894736842103,0.10789473684210193
no07,I_11_533967_01412533967_01657,1000,10:00,22.15,21.94736842105263,-0.2026315789473685
no07,I_11_533967_01412533967_01657,1015,10:15,18.1,18.26315789473684,0.1631578947368375
no07,I_11_533967_01412533967_01657,1030,10:30,10.0,10.052631578947368,0.05263157894736814
no07,I_11_533967_01412533967_01657,1045,10:45,20.65,20.68421052631579,0.03421052631579258
no07,I_11_533967_01412533967_01657,1100,11:00,22.5,22.36842105263158,-0.13157894736842124
no07,I_11_533967_01412533967_01657,1115,11:15,27.8,27.894736842105264,0.09473684210526301
no07,I_11_533967_01412533967_01657,1130,11:30,36.8,36.78947368421053,-0.01052631578946972
no07,I_11_533967_01412533967_01657,1145,11:45,11.3,11.210526315789474,-0.08947368421052637
no07,I_11_533967_01412533967_01657,1200,12:00,17.9,18.0,0.10000000000000142
no07,I_11_533967_01412533967_01657,1215,12:15,17.5,17.63157894736842,0.13157894736842124
no07,I_11_533967_01412533967_01657,1230,12:30,16.7,16.526315789473685,-0.17368421052631433
no07,I_11_533967_01412533967_01657,1245,12:45,17.6,17.526315789473685,-0.07368421052631646
no07,I_11_533967_01412533967_01657,1300,13:00,13.3,13.36842105263158,0.06842105263157983
no07,I_11_533967_01412533967_01657,1315,13:15,21.45,21.473684210526315,0.023684210526315752
no07,I_11_533967_01412533967_01657,1330,13:30,26.1,26.157894736842103,0.057894736842101224
no07,I_11_533967_01412533967_01657,1345,13:45,4.3,4.2105263157894735,-0.08947368421052637
no07,I_11_533967_01412533967_01657,1400,14:00,24.85,24.789473684210527,-0.06052631578947398
no07,I_11_533967_01412533967_01657,1415,14:15,12.6,12.578947368421051,-0.021052631578948322
no07,I_11_533967_01412533967_01657,1430,14:30,27.35,27.57894736842105,0.2289473684210499
no07,I_11_533967_01412533967_01657,1445,14:45,17.3,17.105263157894736,-0.19473684210526443
no07,I_11_533967_01412533967_01657,1500,15:00,13.05,13.052631578947368,0.00263157894736743
no07,I_11_533967_01412533967_01657,1515,15:15,29.6,29.63157894736842,0.03157894736841982
no07,I_11_533967_01412533967_01657,1530,15:30,22.4,22.31578947368421,-0.08421052631578974
no07,I_11_533967_01412533967_01657,1545,15:45,24.95,24.894736842105264,-0.05526315789473557
no07,I_11_533967_01412533967_01657,1600,16:00,22.85,23.105263157894736,0.25526315789473486
no07,I_11_533967_01412533967_01657,1615,16:15,23.5,23.42105263157895,-0.07894736842105132
no07,I_11_533967_01412533967_01657,1630,16:30,31.4,31.473684210526315,0.07368421052631646
no07,I_11_533967_01412533967_01657,1645,16:45,33.7,33.526315789473685,-0.17368421052631788
no07,I_11_533967_01412533967_01657,1700,17:00,40.25,40.31578947368421,0.0657894736842124
no07,I_11_533967_01412533967_01657,1715,17:15,19.6,19.526315789473685,-0.07368421052631646
no07,I_11_533967_01412533967_01657,1730,17:30,26.6,26.68421052631579,0.08421052631578974
no07,I_11_533967_01412533967_01657,1745,17:45,40.95,41.0,0.04999999999999716
no07,I_11_533967_01412533967_01657,1800,18:00,21.5,21.473684210526315,-0.02631578947368496
no07,I_11_533967_01412533967_01657,1815,18:15,22.8,22.84210526315789,0.04210526315788954
no07,I_11_533967_01412533967_01657,1830,18:30,41.15,41.31578947368421,0.16578947368421382
no07,I_11_533967_01412533967_01657,1845,18:45,28.4,28.157894736842103,-0.24210526315789593
no07,I_11_533967_01418533967_00977,630,06:30,35.55,35.31578947368421,-0.23421052631578476
no07,I_11_533967_01418533967_00977,645,06:45,49.55,51.1578947368421,1.6078947368421055
no07,I_11_533967_01418533967_00977,700,07:00,52.7,53.05263157894737,0.3526315789473671
no07,I_11_533967_01418533967_00977,715,07:15,53.05,51.0,-2.049999999999997
no07,I_11_533967_01418533967_00977,730,07:30,60.0,57.42105263157895,-2.5789473684210478
no07,I_11_533967_01418533967_00977,745,07:45,71.6,71.0,-0.5999999999999943
no07,I_11_533967_01418533967_00977,800,08:00,83.7,82.94736842105263,-0.7526315789473728
no07,I_11_533967_01418533967_00977,815,08:15,75.05,74.26315789473684,-0.7868421052631618
no07,I_11_533967_01418533967_00977,830,08:30,65.15,64.05263157894737,-1.0973684210526358
no07,I_11_533967_01418533967_00977,845,08:45,58.1,59.78947368421053,1.689473684210526
no07,I_11_533967_01418533967_00977,900,09:00,48.95,50.526315789473685,1.5763157894736821
no07,I_11_533967_01418533967_00977,915,09:15,36.55,36.26315789473684,-0.2868421052631547
no07,I_11_533967_01418533967_00977,930,09:30,49.85,50.21052631578947,0.36052631578947114
no07,I_11_533967_01418533967_00977,945,09:45,31.0,29.789473684210527,-1.2105263157894726
no07,I_11_533967_01418533967_00977,1000,10:00,33.7,29.84210526315789,-3.8578947368421126
no07,I_11_533967_01418533967_00977,1015,10:15,45.5,44.10526315789474,-1.3947368421052602
no07,I_11_533967_01418533967_00977,1030,10:30,24.05,19.73684210526316,-4.31315789473684
no07,I_11_533967_01418533967_00977,1045,10:45,34.8,36.31578947368421,1.5157894736842152
no07,I_11_533967_01418533967_00977,1100,11:00,36.95,36.05263157894737,-0.8973684210526329
no07,I_11_533967_01418533967_00977,1115,11:15,38.7,39.578947368421055,0.878947368421052
no07,I_11_533967_01418533967_00977,1130,11:30,35.8,35.526315789473685,-0.2736842105263122
no07,I_11_533967_01418533967_00977,1145,11:45,34.95,32.473684210526315,-2.476315789473688
no07,I_11_533967_01418533967_00977,1200,12:00,36.15,37.36842105263158,1.2184210526315837
no07,I_11_533967_01418533967_00977,1215,12:15,32.95,35.31578947368421,2.3657894736842096
no07,I_11_533967_01418533967_00977,1230,12:30,24.75,24.210526315789476,-0.5394736842105239
no07,I_11_533967_01418533967_00977,1245,12:45,33.0,31.157894736842103,-1.8421052631578974
no07,I_11_533967_01418533967_00977,1300,13:00,45.95,47.78947368421053,1.8394736842105246
no07,I_11_533967_01418533967_00977,1315,13:15,34.3,34.31578947368421,0.01578947368421524
no07,I_11_533967_01418533967_00977,1330,13:30,26.4,26.526315789473685,0.12631578947368638
no07,I_11_533967_01418533967_00977,1345,13:45,32.6,32.421052631578945,-0.1789473684210563
no07,I_11_533967_01418533967_00977,1400,14:00,30.35,31.0,0.6499999999999986
no07,I_11_533967_01418533967_00977,1415,14:15,32.55,31.526315789473685,-1.0236842105263122
no07,I_11_533967_01418533967_00977,1430,14:30,36.35,35.63157894736842,-0.7184210526315837
no07,I_11_533967_01418533967_00977,1445,14:45,37.35,35.473684210526315,-1.8763157894736864
no07,I_11_533967_01418533967_00977,1500,15:00,36.5,34.21052631578947,-2.2894736842105274
no07,I_11_533967_01418533967_00977,1515,15:15,23.5,24.63157894736842,1.1315789473684212
no07,I_11_533967_01418533967_00977,1530,15:30,30.8,32.94736842105263,2.1473684210526294
no07,I_11_533967_01418533967_00977,1545,15:45,48.6,47.94736842105263,-0.6526315789473713
no07,I_11_533967_01418533967_00977,1600,16:00,37.95,37.78947368421053,-0.1605263157894754
no07,I_11_533967_01418533967_00977,1615,16:15,35.95,36.42105263157895,0.4710526315789494
no07,I_11_533967_01418533967_00977,1630,16:30,32.8,32.0,-0.7999999999999972
no07,I_11_533967_01418533967_00977,1645,16:45,34.15,33.21052631578947,-0.939473684210526
no07,I_11_533967_01418533967_00977,1700,17:00,36.95,37.31578947368421,0.36578947368420955
no07,I_11_533967_01418533967_00977,1715,17:15,36.35,33.73684210526316,-2.613157894736844
no07,I_11_533967_01418533967_00977,1730,17:30,55.8,56.10526315789474,0.3052631578947427
no07,I_11_533967_01418533967_00977,1745,17:45,35.75,33.8421052631579,-1.9078947368421026
no07,I_11_533967_01418533967_00977,1800,18:00,42.1,43.526315789473685,1.4263157894736835
no07,I_11_533967_01418533967_00977,1815,18:15,44.95,45.26315789473684,0.31315789473683964
no07,I_11_533967_01418533967_00977,1830,18:30,36.55,38.26315789473684,1.7131578947368453
no07,I_11_533967_01418533967_00977,1845,18:45,29.25,26.63157894736842,-2.6184210526315788
no07,I_11_533967_01485533967_00940,630,06:30,61.2,61.10526315789474,-0.09473684210526301
no07,I_11_533967_01485533967_00940,645,06:45,96.55,96.3157894736842,-0.23421052631579187
no07,I_11_533967_01485533967_00940,700,07:00,86.1,86.57894736842105,0.47894736842106056
no07,I_11_533967_01485533967_00940,715,07:15,101.4,101.84210526315788,0.44210526315787035
no07,I_11_533967_01485533967_00940,730,07:30,122.5,127.63157894736842,5.131578947368425
no07,I_11_533967_01485533967_00940,745,07:45,101.35,103.6842105263158,2.3342105263158004
no07,I_11_533967_01485533967_00940,800,08:00,121.7,120.3157894736842,-1.3842105263157976
no07,I_11_533967_01485533967_00940,815,08:15,113.8,113.84210526315788,0.04210526315787888
no07,I_11_533967_01485533967_00940,830,08:30,76.0,78.63157894736842,2.631578947368425
no07,I_11_533967_01485533967_00940,845,08:45,122.8,130.1578947368421,7.357894736842113
no07,I_11_533967_01485533967_00940,900,09:00,117.85,119.57894736842104,1.7289473684210463
no07,I_11_533967_01485533967_00940,915,09:15,61.8,63.8421052631579,2.0421052631579
no07,I_11_533967_01485533967_00940,930,09:30,80.55,83.3157894736842,2.765789473684208
no07,I_11_533967_01485533967_00940,945,09:45,85.7,94.94736842105264,9.247368421052641
no07,I_11_533967_01485533967_00940,1000,10:00,69.7,72.63157894736842,2.931578947368422
no07,I_11_533967_01485533967_00940,1015,10:15,98.15,98.05263157894736,-0.09736842105264998
no07,I_11_533967_01485533967_00940,1030,10:30,77.75,77.73684210526316,-0.013157894736835374
no07,I_11_533967_01485533967_00940,1045,10:45,68.25,77.26315789473684,9.013157894736835
no07,I_11_533967_01485533967_00940,1100,11:00,65.25,75.78947368421052,10.53947368421052
no07,I_11_533967_01485533967_00940,1115,11:15,50.95,64.52631578947368,13.576315789473682
no07,I_11_533967_01485533967_00940,1130,11:30,56.25,57.36842105263158,1.1184210526315823
no07,I_11_533967_01485533967_00940,1145,11:45,36.4,41.0,4.600000000000001
no07,I_11_533967_01485533967_00940,1200,12:00,70.45,84.42105263157895,13.971052631578942
no07,I_11_533967_01485533967_00940,1215,12:15,65.15,72.47368421052632,7.323684210526309
no07,I_11_533967_01485533967_00940,1230,12:30,61.2,62.31578947368421,1.1157894736842096
no07,I_11_533967_01485533967_00940,1245,12:45,79.45,81.42105263157895,1.9710526315789423
no07,I_11_533967_01485533967_00940,1300,13:00,86.65,87.73684210526316,1.086842105263159
no07,I_11_533967_01485533967_00940,1315,13:15,60.35,64.6842105263158,4.334210526315793
no07,I_11_533967_01485533967_00940,1330,13:30,68.75,69.73684210526316,0.9868421052631646
no07,I_11_533967_01485533967_00940,1345,13:45,55.5,58.94736842105263,3.44736842105263
no07,I_11_533967_01485533967_00940,1400,14:00,55.2,60.26315789473684,5.06315789473684
no07,I_11_533967_01485533967_00940,1415,14:15,56.0,63.63157894736842,7.631578947368418
no07,I_11_533967_01485533967_00940,1430,14:30,93.4,98.89473684210526,5.4947368421052545
no07,I_11_533967_01485533967_00940,1445,14:45,76.8,77.94736842105263,1.147368421052633
no07,I_11_533967_01485533967_00940,1500,15:00,67.65,77.89473684210526,10.244736842105254
no07,I_11_533967_01485533967_00940,1515,15:15,51.55,63.78947368421053,12.23947368421053
no07,I_11_533967_01485533967_00940,1530,15:30,51.55,53.31578947368421,1.7657894736842152
no07,I_11_533967_01485533967_00940,1545,15:45,61.4,61.31578947368421,-0.08421052631578618
no07,I_11_533967_01485533967_00940,1600,16:00,65.7,68.84210526315789,3.1421052631578874
no07,I_11_533967_01485533967_00940,1615,16:15,59.15,59.47368421052632,0.32368421052632357
no07,I_11_533967_01485533967_00940,1630,16:30,78.45,78.0,-0.45000000000000284
no07,I_11_533967_01485533967_00940,1645,16:45,91.4,95.94736842105264,4.547368421052639
no07,I_11_533967_01485533967_00940,1700,17:00,102.75,105.47368421052632,2.723684210526315
no07,I_11_533967_01485533967_00940,1715,17:15,90.05,92.05263157894736,2.0026315789473585
no07,I_11_533967_01485533967_00940,1730,17:30,85.8,87.3157894736842,1.5157894736842081
no07,I_11_533967_01485533967_00940,1745,17:45,82.5,82.3157894736842,-0.1842105263157947
no07,I_11_533967_01485533967_00940,1800,18:00,85.25,86.36842105263158,1.1184210526315752
no07,I_11_533967_01485533967_00940,1815,18:15,74.2,72.6842105263158,-1.5157894736842081
no07,I_11_533967_01485533967_00940,1830,18:30,53.95,55.89473684210526,1.9447368421052573
no07,I_11_533967_01485533967_00940,1845,18:45,79.95,82.73684210526316,2.786842105263162
no07,I_11_533967_01485533967_01405,630,06:30,32.1,31.57894736842105,-0.5210526315789501
no07,I_11_533967_01485533967_01405,645,06:45,38.25,38.42105263157895,0.17105263157895223
no07,I_11_533967_01485533967_01405,700,07:00,31.85,31.894736842105264,0.0447368421052623
no07,I_11_533967_01485533967_01405,715,07:15,31.2,31.31578947368421,0.11578947368420955
no07,I_11_533967_01485533967_01405,730,07:30,34.9,35.0,0.10000000000000142
no07,I_11_533967_01485533967_01405,745,07:45,53.3,55.05263157894737,1.7526315789473728
no07,I_11_533967_01485533967_01405,800,08:00,50.3,51.21052631578947,0.9105263157894754
no07,I_11_533967_01485533967_01405,815,08:15,72.0,70.05263157894737,-1.94736842105263
no07,I_11_533967_01485533967_01405,830,08:30,99.45,98.26315789473684,-1.1868421052631675
no07,I_11_533967_01485533967_01405,845,08:45,60.45,59.63157894736842,-0.8184210526315852
no07,I_11_533967_01485533967_01405,900,09:00,64.95,65.3157894736842,0.36578947368420245
no07,I_11_533967_01485533967_01405,915,09:15,79.35,79.63157894736842,0.2815789473684305
no07,I_11_533967_01485533967_01405,930,09:30,54.4,53.47368421052632,-0.9263157894736764
no07,I_11_533967_01485533967_01405,945,09:45,42.65,44.10526315789474,1.4552631578947413
no07,I_11_533967_01485533967_01405,1000,10:00,63.25,62.94736842105263,-0.3026315789473699
no07,I_11_533967_01485533967_01405,1015,10:15,69.55,71.57894736842105,2.0289473684210577
no07,I_11_533967_01485533967_01405,1030,10:30,85.25,85.36842105263158,0.11842105263157521
no07,I_11_533967_01485533967_01405,1045,10:45,81.0,81.36842105263158,0.3684210526315752
no07,I_11_533967_01485533967_01405,1100,11:00,76.05,75.6842105263158,-0.36578947368420245
no07,I_11_533967_01485533967_01405,1115,11:15,87.3,87.05263157894737,-0.24736842105262724
no07,I_11_533967_01485533967_01405,1130,11:30,73.9,75.42105263157895,1.5210526315789394
no07,I_11_533967_01485533967_01405,1145,11:45,85.85,86.15789473684211,0.30789473684211544
no07,I_11_533967_01485533967_01405,1200,12:00,79.4,79.57894736842105,0.1789473684210492
no07,I_11_533967_01485533967_01405,1215,12:15,98.85,96.15789473684212,-2.6921052631578704
no07,I_11_533967_01485533967_01405,1230,12:30,77.95,79.42105263157895,1.4710526315789423
no07,I_11_533967_01485533967_01405,1245,12:45,83.2,82.63157894736842,-0.568421052631578
no07,I_11_533967_01485533967_01405,1300,13:00,76.6,76.05263157894737,-0.5473684210526244
no07,I_11_533967_01485533967_01405,1315,13:15,81.75,79.63157894736842,-2.118421052631575
no07,I_11_533967_01485533967_01405,1330,13:30,77.45,78.47368421052632,1.0236842105263122
no07,I_11_533967_01485533967_01405,1345,13:45,77.45,77.36842105263158,-0.08157894736842763
no07,I_11_533967_01485533967_01405,1400,14:00,82.9,82.36842105263158,-0.5315789473684305
no07,I_11_533967_01485533967_01405,1415,14:15,92.8,93.6842105263158,0.8842105263157976
no07,I_11_533967_01485533967_01405,1430,14:30,75.45,76.36842105263158,0.9184210526315724
no07,I_11_533967_01485533967_01405,1445,14:45,90.15,90.26315789473684,0.11315789473682969
no07,I_11_533967_01485533967_01405,1500,15:00,93.15,90.73684210526316,-2.413157894736841
no07,I_11_533967_01485533967_01405,1515,15:15,116.7,118.84210526315788,2.142105263157873
no07,I_11_533967_01485533967_01405,1530,15:30,71.75,70.10526315789474,-1.6447368421052602
no07,I_11_533967_01485533967_01405,1545,15:45,50.8,51.10526315789474,0.3052631578947427
no07,I_11_533967_01485533967_01405,1600,16:00,108.8,108.57894736842104,-0.2210526315789565
no07,I_11_533967_01485533967_01405,1615,16:15,123.3,123.73684210526316,0.43684210526316747
no07,I_11_533967_01485533967_01405,1630,16:30,118.2,116.57894736842104,-1.6210526315789622
no07,I_11_533967_01485533967_01405,1645,16:45,69.5,69.52631578947368,0.02631578947368496
no07,I_11_533967_01485533967_01405,1700,17:00,85.85,86.78947368421052,0.939473684210526
no07,I_11_533967_01485533967_01405,1715,17:15,76.55,76.89473684210526,0.344736842105263
no07,I_11_533967_01485533967_01405,1730,17:30,90.35,93.36842105263158,3.018421052631581
no07,I_11_533967_01485533967_01405,1745,17:45,93.35,95.57894736842104,2.2289473684210463
no07,I_11_533967_01485533967_01405,1800,18:00,105.35,105.10526315789474,-0.24473684210525448
no07,I_11_533967_01485533967_01405,1815,18:15,85.35,88.52631578947368,3.1763157894736906
no07,I_11_533967_01485533967_01405,1830,18:30,60.2,59.0,-1.2000000000000028
no07,I_11_533967_01485533967_01405,1845,18:45,72.3,74.84210526315789,2.542105263157893
no07,I_11_533967_01485533967_14021,630,06:30,19.95,20.0,0.05000000000000071
no07,I_11_533967_01485533967_14021,645,06:45,13.1,13.263157894736842,0.16315789473684283
no07,I_11_533967_01485533967_14021,700,07:00,19.75,19.63157894736842,-0.11842105263157876
no07,I_11_533967_01485533967_14021,715,07:15,31.6,31.63157894736842,0.03157894736841982
no07,I_11_533967_01485533967_14021,730,07:30,56.1,57.36842105263158,1.268421052631581
no07,I_11_533967_01485533967_14021,745,07:45,49.6,49.89473684210526,0.29473684210525875
no07,I_11_533967_01485533967_14021,800,08:00,49.7,50.526315789473685,0.8263157894736821
no07,I_11_533967_01485533967_14021,815,08:15,41.35,41.26315789473684,-0.08684210526315894
no07,I_11_533967_01485533967_14021,830,08:30,54.2,53.578947368421055,-0.621052631578948
no07,I_11_533967_01485533967_14021,845,08:45,43.85,43.63157894736842,-0.21842105263158373
no07,I_11_533967_01485533967_14021,900,09:00,44.85,44.1578947368421,-0.6921052631578988
no07,I_11_533967_01485533967_14021,915,09:15,33.1,32.73684210526316,-0.3631578947368439
no07,I_11_533967_01485533967_14021,930,09:30,35.0,36.10526315789474,1.1052631578947398
no07,I_11_533967_01485533967_14021,945,09:45,30.45,30.26315789473684,-0.18684210526316036
no07,I_11_533967_01485533967_14021,1000,10:00,36.3,36.68421052631579,0.38421052631579045
no07,I_11_533967_01485533967_14021,1015,10:15,42.1,40.73684210526316,-1.363157894736844
no07,I_11_533967_01485533967_14021,1030,10:30,36.55,37.68421052631579,1.1342105263157904
no07,I_11_533967_01485533967_14021,1045,10:45,42.4,41.89473684210526,-0.5052631578947384
no07,I_11_533967_01485533967_14021,1100,11:00,41.4,42.0,0.6000000000000014
no07,I_11_533967_01485533967_14021,1115,11:15,82.75,83.52631578947368,0.776315789473685
no07,I_11_533967_01485533967_14021,1130,11:30,34.9,35.94736842105263,1.0473684210526315
no07,I_11_533967_01485533967_14021,1145,11:45,53.45,53.1578947368421,-0.2921052631579002
no07,I_11_533967_01485533967_14021,1200,12:00,59.5,60.21052631578947,0.7105263157894726
no07,I_11_533967_01485533967_14021,1215,12:15,70.55,73.26315789473684,2.713157894736838
no07,I_11_533967_01485533967_14021,1230,12:30,76.35,75.57894736842105,-0.7710526315789394
no07,I_11_533967_01485533967_14021,1245,12:45,58.9,57.31578947368421,-1.5842105263157862
no07,I_11_533967_01485533967_14021,1300,13:00,60.0,59.94736842105263,-0.05263157894736992
no07,I_11_533967_01485533967_14021,1315,13:15,41.8,41.526315789473685,-0.2736842105263122
no07,I_11_533967_01485533967_14021,1330,13:30,61.5,61.68421052631579,0.1842105263157876
no07,I_11_533967_01485533967_14021,1345,13:45,44.5,44.47368421052632,-0.026315789473677853
no07,I_11_533967_01485533967_14021,1400,14:00,64.85,67.05263157894737,2.2026315789473756
no07,I_11_533967_01485533967_14021,1415,14:15,39.55,39.526315789473685,-0.0236842105263122
no07,I_11_533967_01485533967_14021,1430,14:30,45.25,45.1578947368421,-0.09210526315789735
no07,I_11_533967_01485533967_14021,1445,14:45,43.05,45.578947368421055,2.5289473684210577
no07,I_11_533967_01485533967_14021,1500,15:00,53.45,54.68421052631579,1.2342105263157848
no07,I_11_533967_01485533967_14021,1515,15:15,35.95,36.31578947368421,0.36578947368420955
no07,I_11_533967_01485533967_14021,1530,15:30,45.75,45.31578947368421,-0.4342105263157876
no07,I_11_533967_01485533967_14021,1545,15:45,34.95,34.578947368421055,-0.37105263157894797
no07,I_11_533967_01485533967_14021,1600,16:00,47.05,50.42105263157895,3.371052631578955
no07,I_11_533967_01485533967_14021,1615,16:15,49.35,51.05263157894737,1.7026315789473685
no07,I_11_533967_01485533967_14021,1630,16:30,62.0,60.94736842105263,-1.05263157894737
no07,I_11_533967_01485533967_14021,1645,16:45,63.0,61.78947368421053,-1.2105263157894726
no07,I_11_533967_01485533967_14021,1700,17:00,51.45,52.31578947368421,0.8657894736842096
no07,I_11_533967_01485533967_14021,1715,17:15,58.95,59.1578947368421,0.2078947368420998
no07,I_11_533967_01485533967_14021,1730,17:30,58.45,58.31578947368421,-0.13421052631579045
no07,I_11_533967_01485533967_14021,1745,17:45,73.25,73.73684210526316,0.4868421052631646
no07,I_11_533967_01485533967_14021,1800,18:00,66.7,66.10526315789474,-0.594736842105263
no07,I_11_533967_01485533967_14021,1815,18:15,58.0,56.73684210526316,-1.2631578947368425
no07,I_11_533967_01485533967_14021,1830,18:30,76.65,77.21052631578948,0.560526315789474
no07,I_11_533967_01485533967_14021,1845,18:45,39.9,38.94736842105263,-0.9526315789473685
no07,I_11_533967_01485533967_14155,630,06:30,21.05,21.105263157894736,0.05526315789473557
no07,I_11_533967_01485533967_14155,645,06:45,63.9,64.21052631578948,0.3105263157894811
no07,I_11_533967_01485533967_14155,700,07:00,69.65,69.15789473684211,-0.49210526315789593
no07,I_11_533967_01485533967_14155,715,07:15,82.1,82.21052631578948,0.11052631578948535
no07,I_11_533967_01485533967_14155,730,07:30,75.75,75.26315789473684,-0.4868421052631646
no07,I_11_533967_01485533967_14155,745,07:45,56.45,57.05263157894737,0.6026315789473671
no07,I_11_533967_01485533967_14155,800,08:00,67.85,67.84210526315789,-0.007894736842104066
no07,I_11_533967_01485533967_14155,815,08:15,107.5,105.10526315789474,-2.39473684210526
no07,I_11_533967_01485533967_14155,830,08:30,97.45,99.10526315789474,1.655263157894737
no07,I_11_533967_01485533967_14155,845,08:45,91.8,92.10526315789474,0.3052631578947427
no07,I_11_533967_01485533967_14155,900,09:00,78.55,79.36842105263158,0.818421052631578
no07,I_11_533967_01485533967_14155,915,09:15,71.35,70.89473684210526,-0.45526315789473415
no07,I_11_533967_01485533967_14155,930,09:30,78.25,79.3157894736842,1.0657894736842053
no07,I_11_533967_01485533967_14155,945,09:45,101.8,100.15789473684212,-1.6421052631578732
no07,I_11_533967_01485533967_14155,1000,10:00,110.15,109.26315789473684,-0.8868421052631703
no07,I_11_533967_01485533967_14155,1015,10:15,128.0,127.10526315789474,-0.8947368421052602
no07,I_11_533967_01485533967_14155,1030,10:30,118.1,118.05263157894736,-0.04736842105263861
no07,I_11_533967_01485533967_14155,1045,10:45,108.2,110.10526315789474,1.905263157894737
no07,I_11_533967_01485533967_14155,1100,11:00,129.3,129.1578947368421,-0.14210526315790162
no07,I_11_533967_01485533967_14155,1115,11:15,70.8,71.47368421052632,0.6736842105263179
no07,I_11_533967_01485533967_14155,1130,11:30,126.85,126.42105263157896,-0.428947368421035
no07,I_11_533967_01485533967_14155,1145,11:45,120.45,121.3157894736842,0.8657894736842024
no07,I_11_533967_01485533967_14155,1200,12:00,90.9,89.42105263157895,-1.4789473684210606
no07,I_11_533967_01485533967_14155,1215,12:15,117.35,118.21052631578948,0.8605263157894854
no07,I_11_533967_01485533967_14155,1230,12:30,72.4,72.57894736842105,0.1789473684210492
no07,I_11_533967_01485533967_14155,1245,12:45,118.25,116.63157894736842,-1.6184210526315752
no07,I_11_533967_01485533967_14155,1300,13:00,116.75,118.36842105263158,1.6184210526315752
no07,I_11_533967_01485533967_14155,1315,13:15,119.7,120.21052631578948,0.5105263157894768
no07,I_11_533967_01485533967_14155,1330,13:30,104.2,102.42105263157896,-1.7789473684210435
no07,I_11_533967_01485533967_14155,1345,13:45,78.35,79.05263157894737,0.7026315789473756
no07,I_11_533967_01485533967_14155,1400,14:00,75.5,76.42105263157895,0.9210526315789451
no07,I_11_533967_01485533967_14155,1415,14:15,142.0,141.31578947368422,-0.6842105263157805
no07,I_11_533967_01485533967_14155,1430,14:30,100.15,99.57894736842104,-0.571052631578965
no07,I_11_533967_01485533967_14155,1445,14:45,113.55,114.21052631578948,0.6605263157894825
no07,I_11_533967_01485533967_14155,1500,15:00,75.55,75.26315789473684,-0.2868421052631618
no07,I_11_533967_01485533967_14155,1515,15:15,81.95,81.21052631578948,-0.7394736842105232
no07,I_11_533967_01485533967_14155,1530,15:30,130.7,131.94736842105263,1.2473684210526415
no07,I_11_533967_01485533967_14155,1545,15:45,108.95,109.0,0.04999999999999716
no07,I_11_533967_01485533967_14155,1600,16:00,119.65,119.21052631578948,-0.439473684210526
no07,I_11_533967_01485533967_14155,1615,16:15,93.4,95.78947368421052,2.3894736842105146
no07,I_11_533967_01485533967_14155,1630,16:30,86.25,85.10526315789474,-1.1447368421052602
no07,I_11_533967_01485533967_14155,1645,16:45,112.95,112.26315789473684,-0.6868421052631675
no07,I_11_533967_01485533967_14155,1700,17:00,118.6,116.94736842105264,-1.65263157894735
no07,I_11_533967_01485533967_14155,1715,17:15,149.6,151.26315789473685,1.6631578947368553
no07,I_11_533967_01485533967_14155,1730,17:30,81.45,79.05263157894737,-2.397368421052633
no07,I_11_533967_01485533967_14155,1745,17:45,97.9,97.47368421052632,-0.42631578947369064
no07,I_11_533967_01485533967_14155,1800,18:00,83.75,87.05263157894737,3.30263157894737
no07,I_11_533967_01485533967_14155,1815,18:15,94.1,82.47368421052632,-11.62631578947368
no07,I_11_533967_01485533967_14155,1830,18:30,84.55,96.21052631578948,11.660526315789483
no07,I_11_533967_01485533967_14155,1845,18:45,63.3,63.10526315789474,-0.19473684210525732
no07,I_11_533967_01555533967_00977,630,06:30,14.5,14.842105263157896,0.3421052631578956
no07,I_11_533967_01555533967_00977,645,06:45,29.8,29.31578947368421,-0.48421052631579187
no07,I_11_533967_01555533967_00977,700,07:00,29.0,28.0,-1.0
no07,I_11_533967_01555533967_00977,715,07:15,62.35,58.526315789473685,-3.8236842105263165
no07,I_11_533967_01555533967_00977,730,07:30,77.95,74.84210526315789,-3.1078947368421126
no07,I_11_533967_01555533967_00977,745,07:45,53.7,51.10526315789474,-2.594736842105263
no07,I_11_533967_01555533967_00977,800,08:00,67.95,63.78947368421053,-4.160526315789475
no07,I_11_533967_01555533967_00977,815,08:15,71.4,73.78947368421052,2.3894736842105146
no07,I_11_533967_01555533967_00977,830,08:30,83.55,79.42105263157895,-4.128947368421052
no07,I_11_533967_01555533967_00977,845,08:45,72.5,68.0,-4.5
no07,I_11_533967_01555533967_00977,900,09:00,64.15,62.1578947368421,-1.992105263157903
no07,I_11_533967_01555533967_00977,915,09:15,45.4,45.78947368421053,0.38947368421052886
no07,I_11_533967_01555533967_00977,930,09:30,46.15,41.73684210526316,-4.413157894736841
no07,I_11_533967_01555533967_00977,945,09:45,73.15,61.21052631578947,-11.939473684210533
no07,I_11_533967_01555533967_00977,1000,10:00,69.1,64.57894736842105,-4.521052631578939
no07,I_11_533967_01555533967_00977,1015,10:15,53.45,53.89473684210526,0.4447368421052573
no07,I_11_533967_01555533967_00977,1030,10:30,58.6,57.78947368421053,-0.810526315789474
no07,I_11_533967_01555533967_00977,1045,10:45,66.15,54.78947368421053,-11.360526315789478
no07,I_11_533967_01555533967_00977,1100,11:00,71.35,65.42105263157895,-5.928947368421049
no07,I_11_533967_01555533967_00977,1115,11:15,58.95,42.89473684210526,-16.055263157894743
no07,I_11_533967_01555533967_00977,1130,11:30,35.45,33.578947368421055,-1.871052631578948
no07,I_11_533967_01555533967_00977,1145,11:45,85.65,77.10526315789474,-8.544736842105266
no07,I_11_533967_01555533967_00977,1200,12:00,65.75,57.26315789473684,-8.486842105263158
no07,I_11_533967_01555533967_00977,1215,12:15,54.5,48.73684210526316,-5.7631578947368425
no07,I_11_533967_01555533967_00977,1230,12:30,49.85,47.47368421052632,-2.3763157894736793
no07,I_11_533967_01555533967_00977,1245,12:45,31.25,30.105263157894736,-1.1447368421052637
no07,I_11_533967_01555533967_00977,1300,13:00,49.7,47.526315789473685,-2.173684210526318
no07,I_11_533967_01555533967_00977,1315,13:15,53.4,51.0,-2.3999999999999986
no07,I_11_533967_01555533967_00977,1330,13:30,27.45,27.05263157894737,-0.3973684210526294
no07,I_11_533967_01555533967_00977,1345,13:45,63.75,54.94736842105263,-8.80263157894737
no07,I_11_533967_01555533967_00977,1400,14:00,61.35,61.578947368421055,0.22894736842105345
no07,I_11_533967_01555533967_00977,1415,14:15,52.5,42.42105263157895,-10.078947368421048
no07,I_11_533967_01555533967_00977,1430,14:30,63.25,58.68421052631579,-4.565789473684212
no07,I_11_533967_01555533967_00977,1445,14:45,42.9,41.0,-1.8999999999999986
no07,I_11_533967_01555533967_00977,1500,15:00,61.7,48.36842105263158,-13.33157894736842
no07,I_11_533967_01555533967_00977,1515,15:15,67.15,57.42105263157895,-9.728947368421053
no07,I_11_533967_01555533967_00977,1530,15:30,58.95,58.21052631578947,-0.7394736842105303
no07,I_11_533967_01555533967_00977,1545,15:45,44.0,45.21052631578947,1.2105263157894726
no07,I_11_533967_01555533967_00977,1600,16:00,68.25,62.78947368421053,-5.460526315789473
no07,I_11_533967_01555533967_00977,1615,16:15,79.55,78.36842105263158,-1.181578947368422
no07,I_11_533967_01555533967_00977,1630,16:30,62.95,64.89473684210526,1.9447368421052573
no07,I_11_533967_01555533967_00977,1645,16:45,48.55,47.0,-1.5499999999999972
no07,I_11_533967_01555533967_00977,1700,17:00,66.95,60.31578947368421,-6.6342105263157904
no07,I_11_533967_01555533967_00977,1715,17:15,79.9,75.52631578947368,-4.373684210526321
no07,I_11_533967_01555533967_00977,1730,17:30,59.8,55.0,-4.799999999999997
no07,I_11_533967_01555533967_00977,1745,17:45,63.65,65.26315789473684,1.6131578947368368
no07,I_11_533967_01555533967_00977,1800,18:00,68.75,61.0,-7.75
no07,I_11_533967_01555533967_00977,1815,18:15,55.4,56.31578947368421,0.9157894736842138
no07,I_11_533967_01555533967_00977,1830,18:30,46.8,43.89473684210526,-2.905263157894737
no07,I_11_533967_01555533967_00977,1845,18:45,46.45,46.26315789473684,-0.18684210526316036
no07,I_11_533967_01644533967_01485,630,06:30,26.6,26.84210526315789,0.24210526315788883
no07,I_11_533967_01644533967_01485,645,06:45,34.95,34.421052631578945,-0.5289473684210577
no07,I_11_533967_01644533967_01485,700,07:00,37.7,37.31578947368421,-0.38421052631579045
no07,I_11_533967_01644533967_01485,715,07:15,33.45,34.8421052631579,1.3921052631578945
no07,I_11_533967_01644533967_01485,730,07:30,68.0,69.47368421052632,1.473684210526315
no07,I_11_533967_01644533967_01485,745,07:45,50.0,50.31578947368421,0.3157894736842124
no07,I_11_533967_01644533967_01485,800,08:00,56.8,56.78947368421053,-0.01052631578946972
no07,I_11_533967_01644533967_01485,815,08:15,67.85,67.78947368421052,-0.06052631578947398
no07,I_11_533967_01644533967_01485,830,08:30,50.45,50.94736842105263,0.49736842105262724
no07,I_11_533967_01644533967_01485,845,08:45,57.35,55.1578947368421,-2.1921052631578988
no07,I_11_533967_01644533967_01485,900,09:00,60.45,59.05263157894737,-1.397368421052633
no07,I_11_533967_01644533967_01485,915,09:15,50.8,51.578947368421055,0.7789473684210577
no07,I_11_533967_01644533967_01485,930,09:30,59.85,61.31578947368421,1.465789473684211
no07,I_11_533967_01644533967_01485,945,09:45,52.05,52.36842105263158,0.31842105263158516
no07,I_11_533967_01644533967_01485,1000,10:00,49.35,49.73684210526316,0.3868421052631561
no07,I_11_533967_01644533967_01485,1015,10:15,57.75,62.0,4.25
no07,I_11_533967_01644533967_01485,1030,10:30,60.65,66.6842105263158,6.034210526315796
no07,I_11_533967_01644533967_01485,1045,10:45,48.35,49.78947368421053,1.439473684210526
no07,I_11_533967_01644533967_01485,1100,11:00,50.25,50.31578947368421,0.0657894736842124
no07,I_11_533967_01644533967_01485,1115,11:15,35.0,34.73684210526316,-0.2631578947368425
no07,I_11_533967_01644533967_01485,1130,11:30,50.95,51.05263157894737,0.10263157894736707
no07,I_11_533967_01644533967_01485,1145,11:45,29.0,30.894736842105264,1.8947368421052637
no07,I_11_533967_01644533967_01485,1200,12:00,52.95,52.63157894736842,-0.31842105263158516
no07,I_11_533967_01644533967_01485,1215,12:15,48.0,49.05263157894737,1.05263157894737
no07,I_11_533967_01644533967_01485,1230,12:30,50.6,52.1578947368421,1.5578947368421012
no07,I_11_533967_01644533967_01485,1245,12:45,38.9,39.21052631578947,0.310526315789474
no07,I_11_533967_01644533967_01485,1300,13:00,39.4,38.78947368421053,-0.6105263157894711
no07,I_11_533967_01644533967_01485,1315,13:15,27.75,27.05263157894737,-0.6973684210526301
no07,I_11_533967_01644533967_01485,1330,13:30,38.25,38.89473684210526,0.6447368421052602
no07,I_11_533967_01644533967_01485,1345,13:45,25.95,26.0,0.05000000000000071
no07,I_11_533967_01644533967_01485,1400,14:00,46.4,46.36842105263158,-0.031578947368416266
no07,I_11_533967_01644533967_01485,1415,14:15,40.2,39.1578947368421,-1.0421052631579002
no07,I_11_533967_01644533967_01485,1430,14:30,42.5,42.8421052631579,0.34210526315789735
no07,I_11_533967_01644533967_01485,1445,14:45,50.45,51.47368421052632,1.0236842105263193
no07,I_11_533967_01644533967_01485,1500,15:00,43.2,43.78947368421053,0.5894736842105246
no07,I_11_533967_01644533967_01485,1515,15:15,36.0,34.36842105263158,-1.6315789473684177
no07,I_11_533967_01644533967_01485,1530,15:30,42.5,40.63157894736842,-1.8684210526315823
no07,I_11_533967_01644533967_01485,1545,15:45,27.45,29.210526315789476,1.7605263157894768
no07,I_11_533967_01644533967_01485,1600,16:00,57.6,57.1578947368421,-0.4421052631578988
no07,I_11_533967_01644533967_01485,1615,16:15,38.0,40.36842105263158,2.3684210526315823
no07,I_11_533967_01644533967_01485,1630,16:30,41.85,43.10526315789474,1.2552631578947384
no07,I_11_533967_01644533967_01485,1645,16:45,41.25,41.73684210526316,0.4868421052631575
no07,I_11_533967_01644533967_01485,1700,17:00,47.75,48.10526315789474,0.35526315789473983
no07,I_11_533967_01644533967_01485,1715,17:15,58.45,62.05263157894737,3.602631578947367
no07,I_11_533967_01644533967_01485,1730,17:30,28.45,29.105263157894736,0.655263157894737
no07,I_11_533967_01644533967_01485,1745,17:45,29.8,30.526315789473685,0.7263157894736842
no07,I_11_533967_01644533967_01485,1800,18:00,60.65,60.36842105263158,-0.28157894736841627
no07,I_11_533967_01644533967_01485,1815,18:15,58.4,57.42105263157895,-0.9789473684210463
no07,I_11_533967_01644533967_01485,1830,18:30,39.65,38.78947368421053,-0.8605263157894711
no07,I_11_533967_01644533967_01485,1845,18:45,29.15,29.789473684210527,0.6394736842105289
no07,I_11_533967_01657533967_01413,630,06:30,43.1,43.05263157894737,-0.047368421052631504
no07,I_11_533967_01657533967_01413,645,06:45,61.5,61.526315789473685,0.02631578947368496
no07,I_11_533967_01657533967_01413,700,07:00,109.8,109.6842105263158,-0.11578947368420245
no07,I_11_533967_01657533967_01413,715,07:15,29.2,29.05263157894737,-0.14736842105262937
no07,I_11_533967_01657533967_01413,730,07:30,23.3,23.57894736842105,0.2789473684210506
no07,I_11_533967_01657533967_01413,745,07:45,13.25,12.894736842105264,-0.3552631578947363
no07,I_11_533967_01657533967_01413,800,08:00,25.2,25.26315789473684,0.06315789473683964
no07,I_11_533967_01657533967_01413,815,08:15,30.8,30.63157894736842,-0.16842105263157947
no07,I_11_533967_01657533967_01413,830,08:30,4.55,5.052631578947368,0.5026315789473683
no07,I_11_533967_01657533967_01413,845,08:45,12.5,12.473684210526317,-0.026315789473683182
no07,I_11_533967_01657533967_01413,900,09:00,6.95,7.0,0.04999999999999982
no07,I_11_533967_01657533967_01413,915,09:15,8.3,8.263157894736842,-0.03684210526315823
no07,I_11_533967_01657533967_01413,930,09:30,16.65,16.736842105263158,0.08684210526315894
no07,I_11_533967_01657533967_01413,945,09:45,7.75,7.578947368421052,-0.1710526315789478
no07,I_11_533967_01657533967_01413,1000,10:00,2.8,2.9473684210526314,0.1473684210526316
no07,I_11_533967_01657533967_01413,1015,10:15,20.45,20.42105263157895,-0.028947368421050612
no07,I_11_533967_01657533967_01413,1030,10:30,6.1,5.7368421052631575,-0.3631578947368421
no07,I_11_533967_01657533967_01413,1045,10:45,10.5,10.789473684210526,0.28947368421052566
no07,I_11_533967_01657533967_01413,1100,11:00,22.2,22.36842105263158,0.16842105263157947
no07,I_11_533967_01657533967_01413,1115,11:15,49.7,48.94736842105263,-0.7526315789473728
no07,I_11_533967_01657533967_01413,1130,11:30,33.7,34.26315789473684,0.5631578947368396
no07,I_11_533967_01657533967_01413,1145,11:45,6.95,7.052631578947368,0.10263157894736796
no07,I_11_533967_01657533967_01413,1200,12:00,5.5,5.421052631578948,-0.07894736842105221
no07,I_11_533967_01657533967_01413,1215,12:15,8.45,8.210526315789474,-0.23947368421052495
no07,I_11_533967_01657533967_01413,1230,12:30,7.15,7.421052631578948,0.27105263157894743
no07,I_11_533967_01657533967_01413,1245,12:45,6.55,6.526315789473684,-0.023684210526315752
no07,I_11_533967_01657533967_01413,1300,13:00,2.9,2.8947368421052637,-0.005263157894736192
no07,I_11_533967_01657533967_01413,1315,13:15,11.6,11.578947368421051,-0.021052631578948322
no07,I_11_533967_01657533967_01413,1330,13:30,8.4,8.421052631578947,0.021052631578946546
no07,I_11_533967_01657533967_01413,1345,13:45,3.1,3.1052631578947367,0.005263157894736636
no07,I_11_533967_01657533967_01413,1400,14:00,19.65,19.68421052631579,0.03421052631579258
no07,I_11_533967_01657533967_01413,1415,14:15,13.15,13.105263157894736,-0.044736842105264074
no07,I_11_533967_01657533967_01413,1430,14:30,19.2,19.157894736842103,-0.042105263157896644
no07,I_11_533967_01657533967_01413,1445,14:45,15.2,15.210526315789474,0.01052631578947505
no07,I_11_533967_01657533967_01413,1500,15:00,4.8,4.842105263157895,0.04210526315789487
no07,I_11_533967_01657533967_01413,1515,15:15,25.2,25.105263157894736,-0.09473684210526301
no07,I_11_533967_01657533967_01413,1530,15:30,14.25,14.36842105263158,0.11842105263158054
no07,I_11_533967_01657533967_01413,1545,15:45,6.5,6.473684210526316,-0.02631578947368407
no07,I_11_533967_01657533967_01413,1600,16:00,6.45,6.473684210526316,0.023684210526315752
no07,I_11_533967_01657533967_01413,1615,16:15,22.75,21.94736842105263,-0.8026315789473699
no07,I_11_533967_01657533967_01413,1630,16:30,32.2,32.05263157894737,-0.14736842105263293
no07,I_11_533967_01657533967_01413,1645,16:45,76.55,75.6842105263158,-0.8657894736842024
no07,I_11_533967_01657533967_01413,1700,17:00,59.55,61.36842105263158,1.8184210526315852
no07,I_11_533967_01657533967_01413,1715,17:15,24.35,24.31578947368421,-0.03421052631579258
no07,I_11_533967_01657533967_01413,1730,17:30,56.55,56.26315789473684,-0.2868421052631547
no07,I_11_533967_01657533967_01413,1745,17:45,44.2,44.47368421052632,0.2736842105263193
no07,I_11_533967_01657533967_01413,1800,18:00,26.6,25.84210526315789,-0.7578947368421112
no07,I_11_533967_01657533967_01413,1815,18:15,29.9,30.73684210526316,0.8368421052631625
no07,I_11_533967_01657533967_01413,1830,18:30,42.75,38.578947368421055,-4.171052631578945
no07,I_11_533967_01657533967_01413,1845,18:45,49.45,53.578947368421055,4.128947368421052
no07,I_11_533967_01657533967_01658,630,06:30,118.15,117.3157894736842,-0.8342105263158004
no07,I_11_533967_01657533967_01658,645,06:45,153.55,153.47368421052633,-0.07631578947368212
no07,I_11_533967_01657533967_01658,700,07:00,117.7,118.6842105263158,0.9842105263157919
no07,I_11_533967_01657533967_01658,715,07:15,112.2,112.63157894736842,0.43157894736842195
no07,I_11_533967_01657533967_01658,730,07:30,89.15,88.15789473684211,-0.9921052631578959
no07,I_11_533967_01657533967_01658,745,07:45,136.7,137.6315789473684,0.931578947368422
no07,I_11_533967_01657533967_01658,800,08:00,113.65,113.05263157894736,-0.59736842105265
no07,I_11_533967_01657533967_01658,815,08:15,124.5,123.52631578947368,-0.973684210526315
no07,I_11_533967_01657533967_01658,830,08:30,151.95,152.05263157894737,0.10263157894738129
no07,I_11_533967_01657533967_01658,845,08:45,120.25,122.57894736842104,2.3289473684210407
no07,I_11_533967_01657533967_01658,900,09:00,116.85,118.15789473684212,1.3078947368421296
no07,I_11_533967_01657533967_01658,915,09:15,119.4,118.84210526315788,-0.5578947368421296
no07,I_11_533967_01657533967_01658,930,09:30,108.6,107.05263157894736,-1.5473684210526386
no07,I_11_533967_01657533967_01658,945,09:45,95.7,96.42105263157896,0.7210526315789565
no07,I_11_533967_01657533967_01658,1000,10:00,103.45,103.26315789473684,-0.18684210526316747
no07,I_11_533967_01657533967_01658,1015,10:15,99.95,102.47368421052632,2.523684210526312
no07,I_11_533967_01657533967_01658,1030,10:30,80.4,80.05263157894737,-0.34736842105263577
no07,I_11_533967_01657533967_01658,1045,10:45,98.75,97.78947368421052,-0.9605263157894797
no07,I_11_533967_01657533967_01658,1100,11:00,108.8,108.21052631578948,-0.5894736842105175
no07,I_11_533967_01657533967_01658,1115,11:15,99.8,101.73684210526316,1.9368421052631675
no07,I_11_533967_01657533967_01658,1130,11:30,102.45,103.52631578947368,1.0763157894736821
no07,I_11_533967_01657533967_01658,1145,11:45,95.4,94.89473684210526,-0.5052631578947455
no07,I_11_533967_01657533967_01658,1200,12:00,94.2,93.05263157894736,-1.1473684210526471
no07,I_11_533967_01657533967_01658,1215,12:15,108.75,105.52631578947368,-3.223684210526315
no07,I_11_533967_01657533967_01658,1230,12:30,89.35,90.57894736842104,1.2289473684210463
no07,I_11_533967_01657533967_01658,1245,12:45,110.35,109.84210526315788,-0.5078947368421183
no07,I_11_533967_01657533967_01658,1300,13:00,73.75,73.84210526315789,0.09210526315789025
no07,I_11_533967_01657533967_01658,1315,13:15,118.1,114.52631578947368,-3.5736842105263094
no07,I_11_533967_01657533967_01658,1330,13:30,98.7,99.57894736842104,0.8789473684210378
no07,I_11_533967_01657533967_01658,1345,13:45,103.2,103.21052631578948,0.010526315789476826
no07,I_11_533967_01657533967_01658,1400,14:00,112.9,113.52631578947368,0.6263157894736793
no07,I_11_533967_01657533967_01658,1415,14:15,110.8,110.42105263157896,-0.3789473684210378
no07,I_11_533967_01657533967_01658,1430,14:30,93.0,95.36842105263158,2.368421052631575
no07,I_11_533967_01657533967_01658,1445,14:45,111.45,110.84210526315788,-0.6078947368421268
no07,I_11_533967_01657533967_01658,1500,15:00,104.6,105.47368421052632,0.8736842105263207
no07,I_11_533967_01657533967_01658,1515,15:15,128.2,128.78947368421052,0.5894736842105317
no07,I_11_533967_01657533967_01658,1530,15:30,117.15,115.84210526315788,-1.3078947368421296
no07,I_11_533967_01657533967_01658,1545,15:45,104.75,103.63157894736842,-1.1184210526315752
no07,I_11_533967_01657533967_01658,1600,16:00,121.0,123.47368421052632,2.473684210526315
no07,I_11_533967_01657533967_01658,1615,16:15,119.5,119.42105263157896,-0.07894736842104066
no07,I_11_533967_01657533967_01658,1630,16:30,97.85,97.73684210526316,-0.11315789473682969
no07,I_11_533967_01657533967_01658,1645,16:45,138.0,136.10526315789474,-1.8947368421052602
no07,I_11_533967_01657533967_01658,1700,17:00,120.55,119.3157894736842,-1.2342105263157919
no07,I_11_533967_01657533967_01658,1715,17:15,129.75,129.42105263157896,-0.32894736842104066
no07,I_11_533967_01657533967_01658,1730,17:30,118.25,118.94736842105264,0.6973684210526443
no07,I_11_533967_01657533967_01658,1745,17:45,143.6,146.6315789473684,3.0315789473684163
no07,I_11_533967_01657533967_01658,1800,18:00,99.75,97.05263157894736,-2.6973684210526443
no07,I_11_533967_01657533967_01658,1815,18:15,121.55,124.36842105263158,2.818421052631578
no07,I_11_533967_01657533967_01658,1830,18:30,114.1,113.52631578947368,-0.5736842105263094
no07,I_11_533967_01657533967_01658,1845,18:45,84.4,84.73684210526316,0.33684210526315894
no07,I_11_533967_01657533967_13308,630,06:30,43.65,43.73684210526316,0.08684210526315894
no07,I_11_533967_01657533967_13308,645,06:45,61.05,60.8421052631579,-0.2078947368420998
no07,I_11_533967_01657533967_13308,700,07:00,37.0,35.73684210526316,-1.2631578947368425
no07,I_11_533967_01657533967_13308,715,07:15,72.6,73.63157894736842,1.0315789473684305
no07,I_11_533967_01657533967_13308,730,07:30,79.35,80.15789473684211,0.8078947368421154
no07,I_11_533967_01657533967_13308,745,07:45,96.25,96.10526315789474,-0.14473684210526017
no07,I_11_533967_01657533967_13308,800,08:00,108.95,107.84210526315788,-1.1078947368421268
no07,I_11_533967_01657533967_13308,815,08:15,84.05,83.63157894736842,-0.41842105263157237
no07,I_11_533967_01657533967_13308,830,08:30,92.15,93.3157894736842,1.1657894736841996
no07,I_11_533967_01657533967_13308,845,08:45,92.4,89.89473684210526,-2.5052631578947455
no07,I_11_533967_01657533967_13308,900,09:00,74.2,75.47368421052632,1.2736842105263122
no07,I_11_533967_01657533967_13308,915,09:15,88.55,89.15789473684211,0.6078947368421126
no07,I_11_533967_01657533967_13308,930,09:30,52.6,54.31578947368421,1.715789473684211
no07,I_11_533967_01657533967_13308,945,09:45,55.75,56.42105263157895,0.6710526315789522
no07,I_11_533967_01657533967_13308,1000,10:00,73.65,74.05263157894737,0.40263157894736423
no07,I_11_533967_01657533967_13308,1015,10:15,55.65,61.36842105263158,5.718421052631584
no07,I_11_533967_01657533967_13308,1030,10:30,60.9,65.0,4.100000000000001
no07,I_11_533967_01657533967_13308,1045,10:45,46.4,48.68421052631579,2.284210526315789
no07,I_11_533967_01657533967_13308,1100,11:00,55.35,53.8421052631579,-1.507894736842104
no07,I_11_533967_01657533967_13308,1115,11:15,43.5,45.578947368421055,2.078947368421055
no07,I_11_533967_01657533967_13308,1130,11:30,53.15,54.26315789473684,1.113157894736844
no07,I_11_533967_01657533967_13308,1145,11:45,58.4,58.63157894736842,0.2315789473684191
no07,I_11_533967_01657533967_13308,1200,12:00,44.8,44.8421052631579,0.0421052631579002
no07,I_11_533967_01657533967_13308,1215,12:15,52.15,52.26315789473684,0.1131578947368439
no07,I_11_533967_01657533967_13308,1230,12:30,67.95,68.73684210526316,0.7868421052631618
no07,I_11_533967_01657533967_13308,1245,12:45,64.75,65.21052631578948,0.46052631578947967
no07,I_11_533967_01657533967_13308,1300,13:00,46.35,45.05263157894737,-1.2973684210526315
no07,I_11_533967_01657533967_13308,1315,13:15,44.1,44.10526315789474,0.005263157894738413
no07,I_11_533967_01657533967_13308,1330,13:30,39.7,40.10526315789474,0.405263157894737
no07,I_11_533967_01657533967_13308,1345,13:45,42.0,40.78947368421053,-1.2105263157894726
no07,I_11_533967_01657533967_13308,1400,14:00,46.15,47.31578947368421,1.1657894736842138
no07,I_11_533967_01657533967_13308,1415,14:15,49.1,48.42105263157895,-0.6789473684210492
no07,I_11_533967_01657533967_13308,1430,14:30,62.1,61.89473684210526,-0.20526315789474125
no07,I_11_533967_01657533967_13308,1445,14:45,59.65,61.05263157894737,1.4026315789473713
no07,I_11_533967_01657533967_13308,1500,15:00,46.9,50.26315789473684,3.363157894736844
no07,I_11_533967_01657533967_13308,1515,15:15,53.15,49.94736842105263,-3.2026315789473685
no07,I_11_533967_01657533967_13308,1530,15:30,44.8,43.526315789473685,-1.2736842105263122
no07,I_11_533967_01657533967_13308,1545,15:45,67.6,68.10526315789474,0.5052631578947455
no07,I_11_533967_01657533967_13308,1600,16:00,46.4,46.578947368421055,0.1789473684210563
no07,I_11_533967_01657533967_13308,1615,16:15,58.5,61.78947368421053,3.2894736842105274
no07,I_11_533967_01657533967_13308,1630,16:30,65.75,68.21052631578948,2.4605263157894797
no07,I_11_533967_01657533967_13308,1645,16:45,60.2,60.10526315789474,-0.09473684210526301
no07,I_11_533967_01657533967_13308,1700,17:00,79.65,80.6842105263158,1.034210526315789
no07,I_11_533967_01657533967_13308,1715,17:15,58.3,60.73684210526316,2.4368421052631604
no07,I_11_533967_01657533967_13308,1730,17:30,50.45,50.78947368421053,0.3394736842105246
no07,I_11_533967_01657533967_13308,1745,17:45,73.05,73.10526315789474,0.055263157894742676
no07,I_11_533967_01657533967_13308,1800,18:00,70.3,67.36842105263158,-2.931578947368422
no07,I_11_533967_01657533967_13308,1815,18:15,93.85,93.0,-0.8499999999999943
no07,I_11_533967_01657533967_13308,1830,18:30,51.55,51.36842105263158,-0.18157894736841484
no07,I_11_533967_01657533967_13308,1845,18:45,59.7,60.526315789473685,0.8263157894736821
no07,I_11_533967_01659533967_01657,630,06:30,73.1,72.73684210526316,-0.3631578947368297
no07,I_11_533967_01659533967_01657,645,06:45,86.05,85.84210526315789,-0.2078947368421069
no07,I_11_533967_01659533967_01657,700,07:00,104.15,103.84210526315788,-0.30789473684212965
no07,I_11_533967_01659533967_01657,715,07:15,62.15,63.42105263157895,1.2710526315789537
no07,I_11_533967_01659533967_01657,730,07:30,87.4,88.42105263157895,1.0210526315789394
no07,I_11_533967_01659533967_01657,745,07:45,101.35,100.84210526315788,-0.5078947368421183
no07,I_11_533967_01659533967_01657,800,08:00,110.2,109.78947368421052,-0.4105263157894825
no07,I_11_533967_01659533967_01657,815,08:15,95.75,96.0,0.25
no07,I_11_533967_01659533967_01657,830,08:30,76.5,78.26315789473684,1.7631578947368354
no07,I_11_533967_01659533967_01657,845,08:45,94.15,92.78947368421052,-1.3605263157894854
no07,I_11_533967_01659533967_01657,900,09:00,52.55,53.94736842105263,1.397368421052633
no07,I_11_533967_01659533967_01657,915,09:15,89.55,90.05263157894737,0.5026315789473728
no07,I_11_533967_01659533967_01657,930,09:30,49.1,49.526315789473685,0.42631578947368354
no07,I_11_533967_01659533967_01657,945,09:45,43.9,44.78947368421053,0.8894736842105289
no07,I_11_533967_01659533967_01657,1000,10:00,59.1,59.1578947368421,0.057894736842101224
no07,I_11_533967_01659533967_01657,1015,10:15,75.5,81.0,5.5
no07,I_11_533967_01659533967_01657,1030,10:30,52.25,56.31578947368421,4.065789473684212
no07,I_11_533967_01659533967_01657,1045,10:45,43.2,44.63157894736842,1.4315789473684148
no07,I_11_533967_01659533967_01657,1100,11:00,65.8,64.42105263157895,-1.378947368421052
no07,I_11_533967_01659533967_01657,1115,11:15,59.1,60.68421052631579,1.5842105263157862
no07,I_11_533967_01659533967_01657,1130,11:30,60.95,62.0,1.0499999999999972
no07,I_11_533967_01659533967_01657,1145,11:45,49.35,49.21052631578947,-0.13947368421052886
no07,I_11_533967_01659533967_01657,1200,12:00,38.35,38.05263157894737,-0.2973684210526315
no07,I_11_533967_01659533967_01657,1215,12:15,44.35,44.1578947368421,-0.19210526315789878
no07,I_11_533967_01659533967_01657,1230,12:30,66.8,67.6842105263158,0.8842105263157976
no07,I_11_533967_01659533967_01657,1245,12:45,56.95,57.73684210526316,0.7868421052631547
no07,I_11_533967_01659533967_01657,1300,13:00,40.55,38.89473684210526,-1.655263157894737
no07,I_11_533967_01659533967_01657,1315,13:15,44.75,43.89473684210526,-0.8552631578947398
no07,I_11_533967_01659533967_01657,1330,13:30,34.75,35.21052631578947,0.46052631578947256
no07,I_11_533967_01659533967_01657,1345,13:45,40.65,39.31578947368421,-1.3342105263157862
no07,I_11_533967_01659533967_01657,1400,14:00,43.35,45.63157894736842,2.2815789473684163
no07,I_11_533967_01659533967_01657,1415,14:15,48.35,47.31578947368421,-1.034210526315789
no07,I_11_533967_01659533967_01657,1430,14:30,58.95,59.10526315789474,0.155263157894737
no07,I_11_533967_01659533967_01657,1445,14:45,60.3,61.89473684210526,1.594736842105263
no07,I_11_533967_01659533967_01657,1500,15:00,35.05,38.36842105263158,3.318421052631585
no07,I_11_533967_01659533967_01657,1515,15:15,67.85,64.6842105263158,-3.1657894736841996
no07,I_11_533967_01659533967_01657,1530,15:30,43.65,41.89473684210526,-1.7552631578947384
no07,I_11_533967_01659533967_01657,1545,15:45,65.35,65.36842105263158,0.018421052631580892
no07,I_11_533967_01659533967_01657,1600,16:00,36.35,37.26315789473684,0.9131578947368411
no07,I_11_533967_01659533967_01657,1615,16:15,68.3,71.52631578947368,3.226315789473688
no07,I_11_533967_01659533967_01657,1630,16:30,50.55,52.63157894736842,2.0815789473684205
no07,I_11_533967_01659533967_01657,1645,16:45,100.45,98.10526315789474,-2.344736842105263
no07,I_11_533967_01659533967_01657,1700,17:00,91.55,92.15789473684212,0.6078947368421268
no07,I_11_533967_01659533967_01657,1715,17:15,61.45,63.8421052631579,2.3921052631578945
no07,I_11_533967_01659533967_01657,1730,17:30,73.35,72.6842105263158,-0.6657894736841996
no07,I_11_533967_01659533967_01657,1745,17:45,82.8,82.47368421052632,-0.3263157894736821
no07,I_11_533967_01659533967_01657,1800,18:00,63.6,60.63157894736842,-2.9684210526315837
no07,I_11_533967_01659533967_01657,1815,18:15,105.0,104.15789473684212,-0.842105263157876
no07,I_11_533967_01659533967_01657,1830,18:30,70.05,67.21052631578948,-2.8394736842105175
no07,I_11_533967_01659533967_01657,1845,18:45,68.3,69.84210526315789,1.542105263157893
no07,I_11_533967_13308533967_00937,630,06:30,43.5,43.63157894736842,0.1315789473684177
no07,I_11_533967_13308533967_00937,645,06:45,61.1,60.8421052631579,-0.25789473684210407
no07,I_11_533967_13308533967_00937,700,07:00,35.2,34.1578947368421,-1.0421052631579002
no07,I_11_533967_13308533967_00937,715,07:15,73.85,74.94736842105263,1.0973684210526358
no07,I_11_533967_13308533967_00937,730,07:30,77.85,78.52631578947368,0.6763157894736906
no07,I_11_533967_13308533967_00937,745,07:45,94.45,94.10526315789474,-0.344736842105263
no07,I_11_533967_13308533967_00937,800,08:00,110.6,109.6842105263158,-0.9157894736841996
no07,I_11_533967_13308533967_00937,815,08:15,85.75,85.36842105263158,-0.3815789473684248
no07,I_11_533967_13308533967_00937,830,08:30,90.0,91.05263157894736,1.0526315789473557
no07,I_11_533967_13308533967_00937,845,08:45,94.1,92.26315789473684,-1.836842105263159
no07,I_11_533967_13308533967_00937,900,09:00,72.45,73.05263157894737,0.6026315789473671
no07,I_11_533967_13308533967_00937,915,09:15,90.9,91.47368421052632,0.5736842105263094
no07,I_11_533967_13308533967_00937,930,09:30,51.35,52.78947368421053,1.439473684210526
no07,I_11_533967_13308533967_00937,945,09:45,57.3,58.21052631578947,0.9105263157894754
no07,I_11_533967_13308533967_00937,1000,10:00,72.35,72.84210526315789,0.49210526315789593
no07,I_11_533967_13308533967_00937,1015,10:15,56.85,62.36842105263158,5.518421052631581
no07,I_11_533967_13308533967_00937,1030,10:30,59.4,63.8421052631579,4.442105263157899
no07,I_11_533967_13308533967_00937,1045,10:45,48.05,50.0,1.9500000000000028
no07,I_11_533967_13308533967_00937,1100,11:00,53.85,52.578947368421055,-1.2710526315789465
no07,I_11_533967_13308533967_00937,1115,11:15,44.8,46.78947368421053,1.9894736842105303
no07,I_11_533967_13308533967_00937,1130,11:30,51.3,51.578947368421055,0.2789473684210577
no07,I_11_533967_13308533967_00937,1145,11:45,60.45,61.36842105263158,0.9184210526315795
no07,I_11_533967_13308533967_00937,1200,12:00,43.4,43.26315789473684,-0.1368421052631561
no07,I_11_533967_13308533967_00937,1215,12:15,53.4,53.78947368421053,0.38947368421052886
no07,I_11_533967_13308533967_00937,1230,12:30,67.45,68.26315789473684,0.8131578947368325
no07,I_11_533967_13308533967_00937,1245,12:45,65.1,65.63157894736842,0.5315789473684305
no07,I_11_533967_13308533967_00937,1300,13:00,45.5,44.578947368421055,-0.9210526315789451
no07,I_11_533967_13308533967_00937,1315,13:15,45.3,44.68421052631579,-0.6157894736842096
no07,I_11_533967_13308533967_00937,1330,13:30,38.35,38.63157894736842,0.28157894736841627
no07,I_11_533967_13308533967_00937,1345,13:45,43.1,42.31578947368421,-0.784210526315789
no07,I_11_533967_13308533967_00937,1400,14:00,45.1,46.21052631578947,1.1105263157894711
no07,I_11_533967_13308533967_00937,1415,14:15,50.25,49.47368421052632,-0.7763157894736779
no07,I_11_533967_13308533967_00937,1430,14:30,59.6,59.578947368421055,-0.021052631578946546
no07,I_11_533967_13308533967_00937,1445,14:45,62.05,63.1578947368421,1.1078947368421055
no07,I_11_533967_13308533967_00937,1500,15:00,45.45,48.78947368421053,3.3394736842105246
no07,I_11_533967_13308533967_00937,1515,15:15,54.5,51.526315789473685,-2.973684210526315
no07,I_11_533967_13308533967_00937,1530,15:30,43.9,42.26315789473684,-1.636842105263156
no07,I_11_533967_13308533967_00937,1545,15:45,68.5,69.47368421052632,0.973684210526315
no07,I_11_533967_13308533967_00937,1600,16:00,45.4,45.578947368421055,0.1789473684210563
no07,I_11_533967_13308533967_00937,1615,16:15,59.8,62.73684210526316,2.9368421052631604
no07,I_11_533967_13308533967_00937,1630,16:30,61.95,64.57894736842105,2.628947368421052
no07,I_11_533967_13308533967_00937,1645,16:45,63.5,63.526315789473685,0.02631578947368496
no07,I_11_533967_13308533967_00937,1700,17:00,78.9,79.6842105263158,0.784210526315789
no07,I_11_533967_13308533967_00937,1715,17:15,59.55,62.0,2.450000000000003
no07,I_11_533967_13308533967_00937,1730,17:30,49.15,49.578947368421055,0.4289473684210563
no07,I_11_533967_13308533967_00937,1745,17:45,74.25,74.3157894736842,0.06578947368420529
no07,I_11_533967_13308533967_00937,1800,18:00,68.9,66.05263157894737,-2.8473684210526358
no07,I_11_533967_13308533967_00937,1815,18:15,95.0,94.05263157894736,-0.9473684210526443
no07,I_11_533967_13308533967_00937,1830,18:30,51.4,51.36842105263158,-0.031578947368416266
no07,I_11_533967_13308533967_00937,1845,18:45,60.1,60.73684210526316,0.6368421052631561
no07,I_11_533967_13718533967_00977,630,06:30,57.7,57.47368421052632,-0.2263157894736807
no07,I_11_533967_13718533967_00977,645,06:45,77.7,77.63157894736842,-0.06842105263157805
no07,I_11_533967_13718533967_00977,700,07:00,66.65,67.0,0.3499999999999943
no07,I_11_533967_13718533967_00977,715,07:15,106.95,105.73684210526316,-1.2131578947368382
no07,I_11_533967_13718533967_00977,730,07:30,109.4,110.57894736842104,1.178947368421035
no07,I_11_533967_13718533967_00977,745,07:45,106.2,105.94736842105264,-0.25263157894735855
no07,I_11_533967_13718533967_00977,800,08:00,111.55,110.94736842105264,-0.6026315789473529
no07,I_11_533967_13718533967_00977,815,08:15,128.9,130.31578947368422,1.4157894736842138
no07,I_11_533967_13718533967_00977,830,08:30,87.6,87.10526315789474,-0.4947368421052545
no07,I_11_533967_13718533967_00977,845,08:45,92.75,91.42105263157896,-1.3289473684210407
no07,I_11_533967_13718533967_00977,900,09:00,119.65,119.84210526315788,0.19210526315787035
no07,I_11_533967_13718533967_00977,915,09:15,59.9,62.21052631578947,2.310526315789474
no07,I_11_533967_13718533967_00977,930,09:30,88.05,87.73684210526316,-0.31315789473683253
no07,I_11_533967_13718533967_00977,945,09:45,84.55,86.21052631578948,1.6605263157894825
no07,I_11_533967_13718533967_00977,1000,10:00,65.7,64.3157894736842,-1.3842105263157976
no07,I_11_533967_13718533967_00977,1015,10:15,61.45,59.05263157894737,-2.397368421052633
no07,I_11_533967_13718533967_00977,1030,10:30,57.0,57.68421052631579,0.6842105263157876
no07,I_11_533967_13718533967_00977,1045,10:45,61.8,61.21052631578947,-0.5894736842105246
no07,I_11_533967_13718533967_00977,1100,11:00,64.8,62.63157894736842,-2.1684210526315795
no07,I_11_533967_13718533967_00977,1115,11:15,41.75,40.73684210526316,-1.0131578947368425
no07,I_11_533967_13718533967_00977,1130,11:30,50.0,48.578947368421055,-1.4210526315789451
no07,I_11_533967_13718533967_00977,1145,11:45,34.3,34.36842105263158,0.06842105263158516
no07,I_11_533967_13718533967_00977,1200,12:00,61.6,62.42105263157895,0.8210526315789508
no07,I_11_533967_13718533967_00977,1215,12:15,62.9,65.94736842105263,3.0473684210526315
no07,I_11_533967_13718533967_00977,1230,12:30,56.6,56.36842105263158,-0.2315789473684191
no07,I_11_533967_13718533967_00977,1245,12:45,75.35,75.73684210526316,0.3868421052631703
no07,I_11_533967_13718533967_00977,1300,13:00,77.5,79.05263157894737,1.55263157894737
no07,I_11_533967_13718533967_00977,1315,13:15,63.7,64.84210526315789,1.1421052631578874
no07,I_11_533967_13718533967_00977,1330,13:30,65.8,65.6842105263158,-0.11578947368420245
no07,I_11_533967_13718533967_00977,1345,13:45,50.1,49.36842105263158,-0.7315789473684191
no07,I_11_533967_13718533967_00977,1400,14:00,52.0,52.63157894736842,0.6315789473684177
no07,I_11_533967_13718533967_00977,1415,14:15,54.75,54.10526315789474,-0.6447368421052602
no07,I_11_533967_13718533967_00977,1430,14:30,85.2,84.78947368421052,-0.4105263157894825
no07,I_11_533967_13718533967_00977,1445,14:45,77.5,77.63157894736842,0.1315789473684248
no07,I_11_533967_13718533967_00977,1500,15:00,62.1,60.73684210526316,-1.363157894736844
no07,I_11_533967_13718533967_00977,1515,15:15,47.1,48.68421052631579,1.5842105263157862
no07,I_11_533967_13718533967_00977,1530,15:30,47.4,49.526315789473685,2.1263157894736864
no07,I_11_533967_13718533967_00977,1545,15:45,59.85,58.78947368421053,-1.060526315789474
no07,I_11_533967_13718533967_00977,1600,16:00,58.3,57.63157894736842,-0.6684210526315795
no07,I_11_533967_13718533967_00977,1615,16:15,49.25,48.78947368421053,-0.46052631578947256
no07,I_11_533967_13718533967_00977,1630,16:30,65.05,64.73684210526316,-0.31315789473683253
no07,I_11_533967_13718533967_00977,1645,16:45,87.4,88.94736842105263,1.5473684210526244
no07,I_11_533967_13718533967_00977,1700,17:00,117.6,117.89473684210526,0.29473684210526585
no07,I_11_533967_13718533967_00977,1715,17:15,84.15,84.47368421052632,0.32368421052630936
no07,I_11_533967_13718533967_00977,1730,17:30,82.65,83.26315789473684,0.6131578947368297
no07,I_11_533967_13718533967_00977,1745,17:45,89.8,89.15789473684211,-0.6421052631578874
no07,I_11_533967_13718533967_00977,1800,18:00,85.85,86.84210526315789,0.9921052631578959
no07,I_11_533967_13718533967_00977,1815,18:15,78.85,76.78947368421052,-2.060526315789474
no07,I_11_533967_13718533967_00977,1830,18:30,53.3,52.89473684210526,-0.405263157894737
no07,I_11_533967_13718533967_00977,1845,18:45,74.15,74.0,-0.15000000000000568
no07,I_11_533967_13845533967_01485,630,06:30,63.85,63.78947368421053,-0.06052631578947398
no07,I_11_533967_13845533967_01485,645,06:45,66.5,66.52631578947368,0.02631578947368496
no07,I_11_533967_13845533967_01485,700,07:00,74.45,74.36842105263158,-0.08157894736842763
no07,I_11_533967_13845533967_01485,715,07:15,108.85,108.89473684210526,0.04473684210526585
no07,I_11_533967_13845533967_01485,730,07:30,98.1,97.94736842105264,-0.15263157894735002
no07,I_11_533967_13845533967_01485,745,07:45,83.15,83.21052631578948,0.06052631578947398
no07,I_11_533967_13845533967_01485,800,08:00,115.85,115.63157894736842,-0.21842105263156952
no07,I_11_533967_13845533967_01485,815,08:15,108.2,108.57894736842104,0.3789473684210378
no07,I_11_533967_13845533967_01485,830,08:30,114.25,113.89473684210526,-0.35526315789473983
no07,I_11_533967_13845533967_01485,845,08:45,100.85,101.0,0.15000000000000568
no07,I_11_533967_13845533967_01485,900,09:00,119.9,119.3157894736842,-0.5842105263158004
no07,I_11_533967_13845533967_01485,915,09:15,93.95,94.89473684210526,0.9447368421052573
no07,I_11_533967_13845533967_01485,930,09:30,93.3,93.21052631578948,-0.08947368421051749
no07,I_11_533967_13845533967_01485,945,09:45,92.6,92.6842105263158,0.0842105263158004
no07,I_11_533967_13845533967_01485,1000,10:00,106.1,105.84210526315788,-0.2578947368421183
no07,I_11_533967_13845533967_01485,1015,10:15,125.35,125.0,-0.3499999999999943
no07,I_11_533967_13845533967_01485,1030,10:30,107.5,108.3157894736842,0.8157894736842053
no07,I_11_533967_13845533967_01485,1045,10:45,96.55,96.15789473684212,-0.3921052631578732
no07,I_11_533967_13845533967_01485,1100,11:00,94.9,94.63157894736842,-0.2684210526315809
no07,I_11_533967_13845533967_01485,1115,11:15,88.8,89.0,0.20000000000000284
no07,I_11_533967_13845533967_01485,1130,11:30,80.3,79.78947368421052,-0.5105263157894768
no07,I_11_533967_13845533967_01485,1145,11:45,87.6,88.3157894736842,0.715789473684211
no07,I_11_533967_13845533967_01485,1200,12:00,95.15,95.36842105263158,0.21842105263156952
no07,I_11_533967_13845533967_01485,1215,12:15,111.65,111.21052631578948,-0.439473684210526
no07,I_11_533967_13845533967_01485,1230,12:30,90.9,90.84210526315788,-0.057894736842129646
no07,I_11_533967_13845533967_01485,1245,12:45,110.85,111.0,0.15000000000000568
no07,I_11_533967_13845533967_01485,1300,13:00,108.45,108.3157894736842,-0.13421052631579755
no07,I_11_533967_13845533967_01485,1315,13:15,101.65,101.6842105263158,0.034210526315789025
no07,I_11_533967_13845533967_01485,1330,13:30,87.5,87.73684210526316,0.23684210526316463
no07,I_11_533967_13845533967_01485,1345,13:45,79.5,79.36842105263158,-0.1315789473684248
no07,I_11_533967_13845533967_01485,1400,14:00,89.45,89.52631578947368,0.07631578947368212
no07,I_11_533967_13845533967_01485,1415,14:15,83.4,83.3157894736842,-0.0842105263158004
no07,I_11_533967_13845533967_01485,1430,14:30,99.55,99.42105263157896,-0.12894736842103782
no07,I_11_533967_13845533967_01485,1445,14:45,114.35,114.63157894736842,0.2815789473684305
no07,I_11_533967_13845533967_01485,1500,15:00,92.4,92.36842105263158,-0.03157894736843048
no07,I_11_533967_13845533967_01485,1515,15:15,94.05,94.10526315789474,0.055263157894742676
no07,I_11_533967_13845533967_01485,1530,15:30,75.65,75.47368421052632,-0.17631578947369064
no07,I_11_533967_13845533967_01485,1545,15:45,85.25,85.15789473684211,-0.09210526315789025
no07,I_11_533967_13845533967_01485,1600,16:00,109.85,110.26315789473684,0.41315789473684106
no07,I_11_533967_13845533967_01485,1615,16:15,98.1,98.0,-0.09999999999999432
no07,I_11_533967_13845533967_01485,1630,16:30,117.1,117.05263157894736,-0.04736842105263861
no07,I_11_533967_13845533967_01485,1645,16:45,116.45,116.63157894736842,0.18157894736842195
no07,I_11_533967_13845533967_01485,1700,17:00,104.8,104.57894736842104,-0.2210526315789565
no07,I_11_533967_13845533967_01485,1715,17:15,102.7,102.47368421052632,-0.2263157894736878
no07,I_11_533967_13845533967_01485,1730,17:30,101.6,101.84210526315788,0.24210526315788172
no07,I_11_533967_13845533967_01485,1745,17:45,125.75,125.94736842105264,0.1973684210526443
no07,I_11_533967_13845533967_01485,1800,18:00,107.55,107.10526315789474,-0.4447368421052573
no07,I_11_533967_13845533967_01485,1815,18:15,90.05,90.10526315789474,0.055263157894742676
no07,I_11_533967_13845533967_01485,1830,18:30,100.35,100.47368421052632,0.12368421052632073
no07,I_11_533967_13845533967_01485,1845,18:45,72.0,71.78947368421052,-0.21052631578947967
no07,I_11_533967_14021533967_01485,630,06:30,36.45,36.0,-0.45000000000000284
no07,I_11_533967_14021533967_01485,645,06:45,59.55,59.94736842105263,0.3973684210526329
no07,I_11_533967_14021533967_01485,700,07:00,35.15,36.42105263157895,1.2710526315789537
no07,I_11_533967_14021533967_01485,715,07:15,23.35,24.0,0.6499999999999986
no07,I_11_533967_14021533967_01485,730,07:30,45.3,49.526315789473685,4.226315789473688
no07,I_11_533967_14021533967_01485,745,07:45,38.95,41.26315789473684,2.3131578947368396
no07,I_11_533967_14021533967_01485,800,08:00,44.05,43.1578947368421,-0.8921052631578945
no07,I_11_533967_14021533967_01485,815,08:15,63.9,63.0,-0.8999999999999986
no07,I_11_533967_14021533967_01485,830,08:30,57.9,61.47368421052632,3.5736842105263236
no07,I_11_533967_14021533967_01485,845,08:45,68.05,76.0,7.950000000000003
no07,I_11_533967_14021533967_01485,900,09:00,47.75,49.89473684210526,2.14473684210526
no07,I_11_533967_14021533967_01485,915,09:15,33.45,35.31578947368421,1.8657894736842096
no07,I_11_533967_14021533967_01485,930,09:30,44.3,46.578947368421055,2.2789473684210577
no07,I_11_533967_14021533967_01485,945,09:45,38.7,49.8421052631579,11.142105263157895
no07,I_11_533967_14021533967_01485,1000,10:00,56.5,60.05263157894737,3.55263157894737
no07,I_11_533967_14021533967_01485,1015,10:15,61.4,62.89473684210526,1.4947368421052616
no07,I_11_533967_14021533967_01485,1030,10:30,61.5,62.47368421052632,0.9736842105263221
no07,I_11_533967_14021533967_01485,1045,10:45,41.85,50.578947368421055,8.728947368421053
no07,I_11_533967_14021533967_01485,1100,11:00,52.85,63.05263157894737,10.202631578947368
no07,I_11_533967_14021533967_01485,1115,11:15,29.35,44.36842105263158,15.018421052631581
no07,I_11_533967_14021533967_01485,1130,11:30,48.6,51.89473684210526,3.2947368421052587
no07,I_11_533967_14021533967_01485,1145,11:45,31.25,35.21052631578947,3.9605263157894726
no07,I_11_533967_14021533967_01485,1200,12:00,33.35,45.94736842105263,12.597368421052629
no07,I_11_533967_14021533967_01485,1215,12:15,30.9,36.36842105263158,5.468421052631584
no07,I_11_533967_14021533967_01485,1230,12:30,44.2,46.31578947368421,2.1157894736842096
no07,I_11_533967_14021533967_01485,1245,12:45,41.65,42.47368421052632,0.8236842105263236
no07,I_11_533967_14021533967_01485,1300,13:00,65.15,66.6842105263158,1.534210526315789
no07,I_11_533967_14021533967_01485,1315,13:15,34.35,36.8421052631579,2.492105263157896
no07,I_11_533967_14021533967_01485,1330,13:30,35.35,37.47368421052632,2.1236842105263207
no07,I_11_533967_14021533967_01485,1345,13:45,21.35,24.63157894736842,3.28157894736842
no07,I_11_533967_14021533967_01485,1400,14:00,33.3,38.42105263157895,5.121052631578955
no07,I_11_533967_14021533967_01485,1415,14:15,37.1,44.8421052631579,7.742105263157896
no07,I_11_533967_14021533967_01485,1430,14:30,67.75,72.78947368421052,5.03947368421052
no07,I_11_533967_14021533967_01485,1445,14:45,38.35,41.1578947368421,2.8078947368421012
no07,I_11_533967_14021533967_01485,1500,15:00,38.1,50.0,11.899999999999999
no07,I_11_533967_14021533967_01485,1515,15:15,32.05,42.526315789473685,10.476315789473688
no07,I_11_533967_14021533967_01485,1530,15:30,51.95,52.89473684210526,0.9447368421052573
no07,I_11_533967_14021533967_01485,1545,15:45,39.75,39.578947368421055,-0.17105263157894512
no07,I_11_533967_14021533967_01485,1600,16:00,59.95,64.42105263157895,4.471052631578942
no07,I_11_533967_14021533967_01485,1615,16:15,36.3,36.578947368421055,0.2789473684210577
no07,I_11_533967_14021533967_01485,1630,16:30,77.05,75.42105263157895,-1.628947368421052
no07,I_11_533967_14021533967_01485,1645,16:45,55.45,57.78947368421053,2.3394736842105246
no07,I_11_533967_14021533967_01485,1700,17:00,67.05,72.52631578947368,5.476315789473688
no07,I_11_533967_14021533967_01485,1715,17:15,69.35,73.3157894736842,3.965789473684211
no07,I_11_533967_14021533967_01485,1730,17:30,55.35,57.47368421052632,2.1236842105263207
no07,I_11_533967_14021533967_01485,1745,17:45,66.9,69.52631578947368,2.6263157894736793
no07,I_11_533967_14021533967_01485,1800,18:00,67.8,69.05263157894737,1.2526315789473728
no07,I_11_533967_14021533967_01485,1815,18:15,36.0,31.157894736842103,-4.842105263157897
no07,I_11_533967_14021533967_01485,1830,18:30,31.9,42.0,10.100000000000001
no07,I_11_533967_14021533967_01485,1845,18:45,32.15,34.36842105263158,2.2184210526315837
