scenario,link_id,slot_code,HHMM,TTT_base,TTT_scen,TTT_diff
no08,533967_00280_11490_0,630,06:30,1127.621,1127.9478947368425,0.3268947368424051
no08,533967_00280_11490_0,645,06:45,940.0355,940.2494736842104,0.21397368421048668
no08,533967_00280_11490_0,700,07:00,1012.581,1012.6215789473684,0.04057894736843082
no08,533967_00280_11490_0,715,07:15,1090.9245,1092.9836842105262,2.059184210526155
no08,533967_00280_11490_0,730,07:30,969.839,967.4757894736842,-2.363210526315811
no08,533967_00280_11490_0,745,07:45,1244.181,1244.8263157894737,0.6453157894736705
no08,533967_00280_11490_0,800,08:00,973.8745,976.4057894736842,2.5312894736841827
no08,533967_00280_11490_0,815,08:15,1148.3635,1146.1536842105263,-2.2098157894736232
no08,533967_00280_11490_0,830,08:30,1074.2515,1077.1842105263158,2.932710526315759
no08,533967_00280_11490_0,845,08:45,1302.2365,1316.8484210526317,14.611921052631715
no08,533967_00280_11490_0,900,09:00,819.174,828.7521052631579,9.578105263157909
no08,533967_00280_11490_0,915,09:15,1066.9435,1069.5826315789473,2.639131578947172
no08,533967_00280_11490_0,930,09:30,1253.9555,1256.935789473684,2.9802894736840244
no08,533967_00280_11490_0,945,09:45,898.9055000000001,893.5468421052632,-5.3586578947368935
no08,533967_00280_11490_0,1000,10:00,754.9905,760.9768421052632,5.9863421052632475
no08,533967_00280_11490_0,1015,10:15,735.5135,735.1042105263158,-0.4092894736842254
no08,533967_00280_11490_0,1030,10:30,731.9285,731.3236842105263,-0.6048157894737187
no08,533967_00280_11490_0,1045,10:45,783.6195,787.1042105263158,3.48471052631578
no08,533967_00280_11490_0,1100,11:00,853.9675,857.1836842105263,3.2161842105263077
no08,533967_00280_11490_0,1115,11:15,849.458,846.1068421052631,-3.3511578947368434
no08,533967_00280_11490_0,1130,11:30,893.6360000000001,896.7036842105263,3.0676842105261812
no08,533967_00280_11490_0,1145,11:45,813.6115,811.2068421052631,-2.404657894736829
no08,533967_00280_11490_0,1200,12:00,733.121,737.9968421052632,4.875842105263246
no08,533967_00280_11490_0,1215,12:15,797.3575,794.8615789473683,-2.4959210526316156
no08,533967_00280_11490_0,1230,12:30,889.6015,890.4752631578947,0.8737631578947003
no08,533967_00280_11490_0,1245,12:45,865.025,867.2757894736841,2.250789473684108
no08,533967_00280_11490_0,1300,13:00,948.2865,946.1152631578948,-2.171236842105259
no08,533967_00280_11490_0,1315,13:15,873.5440000000001,871.1184210526316,-2.4255789473685354
no08,533967_00280_11490_0,1330,13:30,963.2245,965.9921052631578,2.7676052631577477
no08,533967_00280_11490_0,1345,13:45,870.106,871.71,1.6040000000000418
no08,533967_00280_11490_0,1400,14:00,1037.4625,1034.0094736842104,-3.453026315789657
no08,533967_00280_11490_0,1415,14:15,1213.201,1216.3494736842106,3.1484736842105576
no08,533967_00280_11490_0,1430,14:30,778.4219999999999,778.5678947368422,0.1458947368422514
no08,533967_00280_11490_0,1445,14:45,926.123,924.9547368421051,-1.1682631578948985
no08,533967_00280_11490_0,1500,15:00,677.4404999999999,681.581052631579,4.140552631579112
no08,533967_00280_11490_0,1515,15:15,928.7965,925.5563157894736,-3.2401842105264222
no08,533967_00280_11490_0,1530,15:30,903.33,907.027894736842,3.6978947368419313
no08,533967_00280_11490_0,1545,15:45,794.3435,788.0647368421053,-6.278763157894673
no08,533967_00280_11490_0,1600,16:00,815.962,818.3852631578948,2.4232631578947803
no08,533967_00280_11490_0,1615,16:15,852.741,844.1115789473683,-8.629421052631642
no08,533967_00280_11490_0,1630,16:30,571.6175000000001,579.4521052631579,7.834605263157869
no08,533967_00280_11490_0,1645,16:45,898.6545,898.4215789473683,-0.2329210526316956
no08,533967_00280_11490_0,1700,17:00,705.4395000000001,703.3542105263158,-2.08528947368427
no08,533967_00280_11490_0,1715,17:15,944.119,950.4842105263158,6.365210526315764
no08,533967_00280_11490_0,1730,17:30,831.6469999999999,835.4778947368421,3.830894736842197
no08,533967_00280_11490_0,1745,17:45,902.273,894.5884210526316,-7.684578947368436
no08,533967_00280_11490_0,1800,18:00,589.002,590.9336842105263,1.9316842105263277
no08,533967_00280_11490_0,1815,18:15,747.6205,746.8205263157895,-0.7999736842104994
no08,533967_00280_11490_0,1830,18:30,518.3235,515.9573684210527,-2.366131578947261
no08,533967_00280_11490_0,1845,18:45,673.971,679.5163157894737,5.545315789473648
no08,533967_00280_11490_1,630,06:30,618.0835,615.9131578947369,-2.170342105263103
no08,533967_00280_11490_1,645,06:45,557.453,555.6552631578946,-1.797736842105337
no08,533967_00280_11490_1,700,07:00,674.5285,667.7742105263158,-6.754289473684253
no08,533967_00280_11490_1,715,07:15,972.172,981.618947368421,9.446947368420979
no08,533967_00280_11490_1,730,07:30,1020.2525,1012.8768421052632,-7.3756578947368325
no08,533967_00280_11490_1,745,07:45,1225.6115,1191.7115789473685,-33.8999210526315
no08,533967_00280_11490_1,800,08:00,1124.912,1147.192105263158,22.28010526315802
no08,533967_00280_11490_1,815,08:15,1084.8695,1094.4015789473683,9.53207894736829
no08,533967_00280_11490_1,830,08:30,1131.8975,1120.2094736842105,-11.688026315789557
no08,533967_00280_11490_1,845,08:45,993.5745,1015.3736842105262,21.799184210526278
no08,533967_00280_11490_1,900,09:00,1113.926,1117.3342105263157,3.40821052631577
no08,533967_00280_11490_1,915,09:15,985.9675,976.6494736842104,-9.318026315789552
no08,533967_00280_11490_1,930,09:30,1066.2585,1071.891052631579,5.632552631579074
no08,533967_00280_11490_1,945,09:45,972.7985,977.4831578947368,4.684657894736802
no08,533967_00280_11490_1,1000,10:00,974.6965,967.3442105263158,-7.352289473684209
no08,533967_00280_11490_1,1015,10:15,898.7515,906.7042105263158,7.952710526315855
no08,533967_00280_11490_1,1030,10:30,934.6805,928.3805263157894,-6.299973684210613
no08,533967_00280_11490_1,1045,10:45,950.4875,956.48,5.992500000000064
no08,533967_00280_11490_1,1100,11:00,957.1605,964.4636842105264,7.30318421052641
no08,533967_00280_11490_1,1115,11:15,888.3979999999999,862.9894736842105,-25.40852631578946
no08,533967_00280_11490_1,1130,11:30,1044.8215,1063.7910526315789,18.969552631578836
no08,533967_00280_11490_1,1145,11:45,921.0965,926.1005263157896,5.004026315789588
no08,533967_00280_11490_1,1200,12:00,1125.9015,1110.8094736842106,-15.092026315789326
no08,533967_00280_11490_1,1215,12:15,1216.5295,1221.5405263157895,5.011026315789422
no08,533967_00280_11490_1,1230,12:30,959.8235,950.7894736842104,-9.03402631578956
no08,533967_00280_11490_1,1245,12:45,913.1745,930.1373684210528,16.962868421052804
no08,533967_00280_11490_1,1300,13:00,1043.9985,1046.0315789473684,2.0330789473684945
no08,533967_00280_11490_1,1315,13:15,905.6775,915.1242105263158,9.44671052631577
no08,533967_00280_11490_1,1330,13:30,916.611,897.447894736842,-19.163105263157945
no08,533967_00280_11490_1,1345,13:45,618.521,604.5968421052631,-13.924157894736823
no08,533967_00280_11490_1,1400,14:00,811.8265,825.8342105263158,14.007710526315805
no08,533967_00280_11490_1,1415,14:15,1018.06,1026.6805263157894,8.620526315789448
no08,533967_00280_11490_1,1430,14:30,1005.8455,1004.3094736842106,-1.5360263157893996
no08,533967_00280_11490_1,1445,14:45,882.979,874.6242105263158,-8.354789473684264
no08,533967_00280_11490_1,1500,15:00,872.0135,840.5694736842105,-31.44402631578953
no08,533967_00280_11490_1,1515,15:15,861.4675,876.9157894736843,15.448289473684326
no08,533967_00280_11490_1,1530,15:30,876.5854999999999,870.1578947368421,-6.4276052631578295
no08,533967_00280_11490_1,1545,15:45,937.8345,950.778947368421,12.944447368420924
no08,533967_00280_11490_1,1600,16:00,1195.8065,1205.6863157894738,9.879815789473923
no08,533967_00280_11490_1,1615,16:15,1110.4085,1104.2584210526315,-6.150078947368456
no08,533967_00280_11490_1,1630,16:30,1162.0404999999998,1154.0457894736842,-7.994710526315657
no08,533967_00280_11490_1,1645,16:45,1220.307,1250.7947368421053,30.487736842105278
no08,533967_00280_11490_1,1700,17:00,1227.7965,1214.5505263157895,-13.245973684210412
no08,533967_00280_11490_1,1715,17:15,1187.916,1177.2794736842106,-10.636526315789297
no08,533967_00280_11490_1,1730,17:30,964.482,948.9731578947368,-15.50884210526317
no08,533967_00280_11490_1,1745,17:45,779.158,757.9473684210526,-21.210631578947414
no08,533967_00280_11490_1,1800,18:00,1045.472,1049.3431578947368,3.8711578947368253
no08,533967_00280_11490_1,1815,18:15,1100.876,1090.8131578947368,-10.062842105263144
no08,533967_00280_11490_1,1830,18:30,927.881,973.1631578947369,45.28215789473688
no08,533967_00280_11490_1,1845,18:45,815.9485,814.2542105263158,-1.6942894736841936
no08,533967_00280_13214_0,630,06:30,764.6335,763.5236842105263,-1.1098157894737142
no08,533967_00280_13214_0,645,06:45,745.967,744.938947368421,-1.0280526315789302
no08,533967_00280_13214_0,700,07:00,844.9465,842.3373684210526,-2.6091315789474265
no08,533967_00280_13214_0,715,07:15,1279.1385,1283.937894736842,4.799394736842032
no08,533967_00280_13214_0,730,07:30,1290.65,1284.2810526315789,-6.368947368421232
no08,533967_00280_13214_0,745,07:45,1602.838,1559.0331578947366,-43.80484210526333
no08,533967_00280_13214_0,800,08:00,1447.3735,1473.072105263158,25.698605263158015
no08,533967_00280_13214_0,815,08:15,1406.321,1416.328947368421,10.007947368421128
no08,533967_00280_13214_0,830,08:30,1474.249,1466.1847368421052,-8.064263157894857
no08,533967_00280_13214_0,845,08:45,1320.5475,1341.2168421052631,20.66934210526324
no08,533967_00280_13214_0,900,09:00,1409.749,1414.796842105263,5.047842105263044
no08,533967_00280_13214_0,915,09:15,1297.1950000000002,1289.448947368421,-7.746052631579232
no08,533967_00280_13214_0,930,09:30,1351.6055,1366.3284210526317,14.722921052631818
no08,533967_00280_13214_0,945,09:45,1271.635,1274.56,2.9249999999999545
no08,533967_00280_13214_0,1000,10:00,1255.7315,1240.861052631579,-14.870447368421083
no08,533967_00280_13214_0,1015,10:15,1179.839,1193.608947368421,13.769947368421072
no08,533967_00280_13214_0,1030,10:30,1179.9685,1177.8810526315788,-2.0874473684211807
no08,533967_00280_13214_0,1045,10:45,1245.2675,1251.2594736842104,5.991973684210507
no08,533967_00280_13214_0,1100,11:00,1223.418,1233.9468421052632,10.528842105263266
no08,533967_00280_13214_0,1115,11:15,1164.038,1130.4521052631578,-33.58589473684219
no08,533967_00280_13214_0,1130,11:30,1317.6325000000002,1344.5668421052633,26.934342105263113
no08,533967_00280_13214_0,1145,11:45,1214.3425,1219.0536842105264,4.711184210526426
no08,533967_00280_13214_0,1200,12:00,1429.227,1405.5947368421052,-23.63226315789484
no08,533967_00280_13214_0,1215,12:15,1587.368,1601.51,14.142000000000053
no08,533967_00280_13214_0,1230,12:30,1235.1375,1221.4805263157896,-13.65697368421047
no08,533967_00280_13214_0,1245,12:45,1194.706,1225.4636842105265,30.757684210526577
no08,533967_00280_13214_0,1300,13:00,1316.6345,1321.548947368421,4.914447368421179
no08,533967_00280_13214_0,1315,13:15,1177.1075,1191.1305263157894,14.023026315789366
no08,533967_00280_13214_0,1330,13:30,1181.832,1150.5726315789475,-31.259368421052613
no08,533967_00280_13214_0,1345,13:45,816.313,800.1057894736842,-16.207210526315748
no08,533967_00280_13214_0,1400,14:00,1027.081,1050.026842105263,22.945842105263182
no08,533967_00280_13214_0,1415,14:15,1329.9605,1339.0394736842106,9.078973684210723
no08,533967_00280_13214_0,1430,14:30,1283.211,1284.2684210526315,1.0574210526315255
no08,533967_00280_13214_0,1445,14:45,1161.303,1150.3636842105263,-10.939315789473767
no08,533967_00280_13214_0,1500,15:00,1098.002,1060.082105263158,-37.919894736842025
no08,533967_00280_13214_0,1515,15:15,1144.309,1157.4747368421054,13.165736842105389
no08,533967_00280_13214_0,1530,15:30,1096.655,1087.0994736842106,-9.555526315789393
no08,533967_00280_13214_0,1545,15:45,1252.7685,1278.6494736842103,25.880973684210403
no08,533967_00280_13214_0,1600,16:00,1509.8995,1528.0631578947366,18.163657894736616
no08,533967_00280_13214_0,1615,16:15,1465.809,1459.4836842105262,-6.325315789473734
no08,533967_00280_13214_0,1630,16:30,1469.915,1451.6673684210527,-18.24763157894722
no08,533967_00280_13214_0,1645,16:45,1608.0,1651.4868421052631,43.48684210526312
no08,533967_00280_13214_0,1700,17:00,1562.001,1541.557894736842,-20.44310526315803
no08,533967_00280_13214_0,1715,17:15,1554.652,1549.2910526315789,-5.3609473684211935
no08,533967_00280_13214_0,1730,17:30,1234.661,1216.5863157894737,-18.074684210526357
no08,533967_00280_13214_0,1745,17:45,1026.6715,1000.248947368421,-26.422552631578924
no08,533967_00280_13214_0,1800,18:00,1322.0955,1338.135789473684,16.040289473684197
no08,533967_00280_13214_0,1815,18:15,1435.525,1416.428947368421,-19.09605263157914
no08,533967_00280_13214_0,1830,18:30,1203.7235,1252.5389473684208,48.81544736842079
no08,533967_00280_13214_0,1845,18:45,1075.0115,1080.064210526316,5.052710526315877
no08,533967_00280_13214_1,630,06:30,1599.5145,1599.3963157894736,-0.11818421052635131
no08,533967_00280_13214_1,645,06:45,1313.2065,1313.107894736842,-0.09860526315810603
no08,533967_00280_13214_1,700,07:00,1415.283,1415.1663157894736,-0.11668421052627309
no08,533967_00280_13214_1,715,07:15,1532.1735,1532.642105263158,0.4686052631579969
no08,533967_00280_13214_1,730,07:30,1360.138,1358.7384210526316,-1.3995789473683544
no08,533967_00280_13214_1,745,07:45,1750.8285,1751.2610526315789,0.4325526315788011
no08,533967_00280_13214_1,800,08:00,1368.6699999999998,1366.4031578947368,-2.2668421052630947
no08,533967_00280_13214_1,815,08:15,1612.2485,1608.7,-3.5484999999998763
no08,533967_00280_13214_1,830,08:30,1503.053,1509.9031578947368,6.85015789473664
no08,533967_00280_13214_1,845,08:45,1822.242,1820.8894736842103,-1.352526315789646
no08,533967_00280_13214_1,900,09:00,1131.0435,1131.1205263157894,0.07702631578945329
no08,533967_00280_13214_1,915,09:15,1494.568,1502.1721052631578,7.604105263157862
no08,533967_00280_13214_1,930,09:30,1758.3825000000002,1754.15,-4.232500000000073
no08,533967_00280_13214_1,945,09:45,1257.621,1249.271052631579,-8.349947368420999
no08,533967_00280_13214_1,1000,10:00,1055.6055,1058.8052631578946,3.199763157894722
no08,533967_00280_13214_1,1015,10:15,1035.857,1034.2515789473684,-1.6054210526315273
no08,533967_00280_13214_1,1030,10:30,1019.9635,1015.59,-4.373499999999922
no08,533967_00280_13214_1,1045,10:45,1101.516,1099.9431578947367,-1.572842105263362
no08,533967_00280_13214_1,1100,11:00,1197.4095,1199.3936842105263,1.9841842105263368
no08,533967_00280_13214_1,1115,11:15,1190.884,1186.9984210526316,-3.885578947368458
no08,533967_00280_13214_1,1130,11:30,1251.4119999999998,1253.1494736842103,1.7374736842104994
no08,533967_00280_13214_1,1145,11:45,1138.9475,1137.048947368421,-1.898552631578923
no08,533967_00280_13214_1,1200,12:00,1017.671,1023.0526315789474,5.381631578947349
no08,533967_00280_13214_1,1215,12:15,1113.261,1113.1184210526317,-0.14257894736829257
no08,533967_00280_13214_1,1230,12:30,1248.9065,1247.2752631578946,-1.6312368421054089
no08,533967_00280_13214_1,1245,12:45,1215.223,1217.8242105263157,2.6012105263157537
no08,533967_00280_13214_1,1300,13:00,1325.767,1325.837894736842,0.07089473684186487
no08,533967_00280_13214_1,1315,13:15,1218.095,1215.5247368421053,-2.570263157894715
no08,533967_00280_13214_1,1330,13:30,1356.514,1359.9615789473685,3.4475789473685836
no08,533967_00280_13214_1,1345,13:45,1219.227,1220.3747368421052,1.1477368421051324
no08,533967_00280_13214_1,1400,14:00,1455.6245,1451.6268421052632,-3.997657894736676
no08,533967_00280_13214_1,1415,14:15,1706.205,1711.215789473684,5.010789473684099
no08,533967_00280_13214_1,1430,14:30,1084.5695,1085.131052631579,0.5615526315789339
no08,533967_00280_13214_1,1445,14:45,1300.6115,1297.2589473684209,-3.352552631579101
no08,533967_00280_13214_1,1500,15:00,939.445,943.8042105263156,4.3592105263155645
no08,533967_00280_13214_1,1515,15:15,1308.7745,1303.2652631578949,-5.5092368421051106
no08,533967_00280_13214_1,1530,15:30,1260.7105,1266.3615789473683,5.651078947368433
no08,533967_00280_13214_1,1545,15:45,1111.311,1104.3452631578948,-6.965736842105116
no08,533967_00280_13214_1,1600,16:00,1137.3235,1146.9015789473683,9.57807894736834
no08,533967_00280_13214_1,1615,16:15,1198.5125,1184.3373684210526,-14.175131578947457
no08,533967_00280_13214_1,1630,16:30,789.3405,797.18,7.83949999999993
no08,533967_00280_13214_1,1645,16:45,1260.135,1260.5894736842106,0.45447368421059764
no08,533967_00280_13214_1,1700,17:00,982.329,979.7705263157894,-2.558473684210526
no08,533967_00280_13214_1,1715,17:15,1330.7205,1332.97,2.2495000000001255
no08,533967_00280_13214_1,1730,17:30,1161.3665,1171.0389473684208,9.672447368420762
no08,533967_00280_13214_1,1745,17:45,1263.0405,1251.2173684210525,-11.823131578947596
no08,533967_00280_13214_1,1800,18:00,810.5205,816.3094736842106,5.788973684210646
no08,533967_00280_13214_1,1815,18:15,1047.6515,1043.1684210526316,-4.483078947368313
no08,533967_00280_13214_1,1830,18:30,714.789,710.3484210526316,-4.440578947368408
no08,533967_00280_13214_1,1845,18:45,944.0595,952.6842105263158,8.62471052631588
no08,533967_00285_11494_0,630,06:30,78.451,77.79578947368421,-0.6552105263157841
no08,533967_00285_11494_0,645,06:45,66.4585,66.74315789473685,0.28465789473685277
no08,533967_00285_11494_0,700,07:00,162.998,161.3021052631579,-1.6958947368420922
no08,533967_00285_11494_0,715,07:15,122.813,124.90315789473684,2.0901578947368336
no08,533967_00285_11494_0,730,07:30,178.29850000000002,176.5557894736842,-1.7427105263158182
no08,533967_00285_11494_0,745,07:45,255.6145,255.44052631578947,-0.17397368421052306
no08,533967_00285_11494_0,800,08:00,208.5065,207.59736842105264,-0.9091315789473526
no08,533967_00285_11494_0,815,08:15,200.137,201.73157894736843,1.5945789473684329
no08,533967_00285_11494_0,830,08:30,44.303,45.64052631578947,1.337526315789475
no08,533967_00285_11494_0,845,08:45,0.0,0.0,0.0
no08,533967_00285_11494_0,900,09:00,18.0495,17.89421052631579,-0.15528947368420987
no08,533967_00285_11494_0,915,09:15,35.954,38.374736842105264,2.4207368421052635
no08,533967_00285_11494_0,930,09:30,182.178,180.02473684210528,-2.1532631578947132
no08,533967_00285_11494_0,945,09:45,64.611,63.30263157894737,-1.3083684210526343
no08,533967_00285_11494_0,1000,10:00,136.6855,137.5936842105263,0.9081842105263149
no08,533967_00285_11494_0,1015,10:15,44.7065,43.85631578947368,-0.8501842105263151
no08,533967_00285_11494_0,1030,10:30,12.536923076923076,13.416666666666666,0.8797435897435903
no08,533967_00285_11494_0,1045,10:45,38.1005,38.68315789473685,0.5826578947368546
no08,533967_00285_11494_0,1100,11:00,15.248500000000002,15.945789473684211,0.6972894736842097
no08,533967_00285_11494_0,1115,11:15,262.9185,266.18631578947367,3.267815789473673
no08,533967_00285_11494_0,1130,11:30,63.84349999999999,58.95210526315789,-4.891394736842102
no08,533967_00285_11494_0,1145,11:45,27.801,27.320000000000004,-0.48099999999999454
no08,533967_00285_11494_0,1200,12:00,40.2405,42.20105263157895,1.960552631578956
no08,533967_00285_11494_0,1215,12:15,10.998947368421051,9.832777777777778,-1.166169590643273
no08,533967_00285_11494_0,1230,12:30,107.896,107.46052631578948,-0.43547368421052113
no08,533967_00285_11494_0,1245,12:45,62.047,62.94947368421053,0.9024736842105341
no08,533967_00285_11494_0,1300,13:00,49.749,51.90315789473684,2.1541578947368407
no08,533967_00285_11494_0,1315,13:15,17.9985,14.78736842105263,-3.21113157894737
no08,533967_00285_11494_0,1330,13:30,227.81,236.1757894736842,8.365789473684202
no08,533967_00285_11494_0,1345,13:45,111.5185,104.46105263157897,-7.0574473684210375
no08,533967_00285_11494_0,1400,14:00,84.503,83.71894736842106,-0.7840526315789447
no08,533967_00285_11494_0,1415,14:15,9.99875,9.555,-0.44374999999999964
no08,533967_00285_11494_0,1430,14:30,0.0,0.0,0.0
no08,533967_00285_11494_0,1445,14:45,34.5135,34.11210526315789,-0.40139473684210714
no08,533967_00285_11494_0,1500,15:00,72.99249999999999,76.00631578947367,3.013815789473682
no08,533967_00285_11494_0,1515,15:15,37.0985,35.84736842105264,-1.2511315789473585
no08,533967_00285_11494_0,1530,15:30,19.854,16.893157894736845,-2.960842105263154
no08,533967_00285_11494_0,1545,15:45,70.86699999999999,74.38842105263157,3.521421052631581
no08,533967_00285_11494_0,1600,16:00,99.308,94.77526315789474,-4.532736842105265
no08,533967_00285_11494_0,1615,16:15,41.05,45.79210526315789,4.742105263157896
no08,533967_00285_11494_0,1630,16:30,68.399,66.37210526315789,-2.0268947368421095
no08,533967_00285_11494_0,1645,16:45,32.058499999999995,31.900526315789477,-0.15797368421051772
no08,533967_00285_11494_0,1700,17:00,70.6005,70.00473684210526,-0.5957631578947371
no08,533967_00285_11494_0,1715,17:15,115.912,115.74157894736842,-0.17042105263158192
no08,533967_00285_11494_0,1730,17:30,214.6275,217.29368421052632,2.6661842105263247
no08,533967_00285_11494_0,1745,17:45,115.022,115.77052631578948,0.7485263157894764
no08,533967_00285_11494_0,1800,18:00,79.1,75.97,-3.1299999999999955
no08,533967_00285_11494_0,1815,18:15,76.9395,75.3678947368421,-1.5716052631578918
no08,533967_00285_11494_0,1830,18:30,124.971,126.54684210526317,1.5758421052631633
no08,533967_00285_11494_0,1845,18:45,168.9085,168.0078947368421,-0.9006052631578996
no08,533967_00285_11494_1,630,06:30,201.0,201.05263157894737,0.05263157894736992
no08,533967_00285_11494_1,645,06:45,164.75,164.47368421052633,-0.27631578947367075
no08,533967_00285_11494_1,700,07:00,198.5,198.68421052631575,0.18421052631575208
no08,533967_00285_11494_1,715,07:15,145.5,145.78947368421052,0.28947368421052033
no08,533967_00285_11494_1,730,07:30,165.052,164.41947368421052,-0.6325263157894767
no08,533967_00285_11494_1,745,07:45,135.75,136.31578947368422,0.5657894736842195
no08,533967_00285_11494_1,800,08:00,199.25,198.94736842105263,-0.3026315789473699
no08,533967_00285_11494_1,815,08:15,268.962,269.06,0.09800000000001319
no08,533967_00285_11494_1,830,08:30,244.5,243.94736842105263,-0.5526315789473699
no08,533967_00285_11494_1,845,08:45,150.6805,151.4978947368421,0.8173947368421182
no08,533967_00285_11494_1,900,09:00,161.2975,161.21315789473684,-0.08434210526317543
no08,533967_00285_11494_1,915,09:15,110.75,109.73684210526316,-1.0131578947368354
no08,533967_00285_11494_1,930,09:30,174.25,175.0,0.75
no08,533967_00285_11494_1,945,09:45,141.25,140.0,-1.25
no08,533967_00285_11494_1,1000,10:00,191.773,192.32684210526315,0.5538421052631577
no08,533967_00285_11494_1,1015,10:15,132.25,132.3684210526316,0.11842105263158942
no08,533967_00285_11494_1,1030,10:30,168.5,168.94736842105263,0.4473684210526301
no08,533967_00285_11494_1,1045,10:45,91.5,91.57894736842104,0.07894736842104066
no08,533967_00285_11494_1,1100,11:00,104.25,103.94736842105264,-0.3026315789473557
no08,533967_00285_11494_1,1115,11:15,114.75,115.0,0.25
no08,533967_00285_11494_1,1130,11:30,163.0,163.68421052631578,0.6842105263157805
no08,533967_00285_11494_1,1145,11:45,98.6575,98.00526315789472,-0.6522368421052818
no08,533967_00285_11494_1,1200,12:00,99.5,100.78947368421052,1.2894736842105203
no08,533967_00285_11494_1,1215,12:15,94.75,93.6842105263158,-1.0657894736842053
no08,533967_00285_11494_1,1230,12:30,90.087,90.37,0.28300000000000125
no08,533967_00285_11494_1,1245,12:45,70.0,69.47368421052632,-0.526315789473685
no08,533967_00285_11494_1,1300,13:00,94.25,94.47368421052632,0.22368421052631504
no08,533967_00285_11494_1,1315,13:15,57.0,57.10526315789474,0.10526315789473983
no08,533967_00285_11494_1,1330,13:30,69.5,68.94736842105263,-0.5526315789473699
no08,533967_00285_11494_1,1345,13:45,68.75,68.94736842105263,0.19736842105263008
no08,533967_00285_11494_1,1400,14:00,90.5,90.52631578947368,0.02631578947368496
no08,533967_00285_11494_1,1415,14:15,99.05,99.42105263157896,0.3710526315789622
no08,533967_00285_11494_1,1430,14:30,139.75,139.73684210526315,-0.013157894736849585
no08,533967_00285_11494_1,1445,14:45,66.69800000000001,67.05052631578947,0.35252631578946136
no08,533967_00285_11494_1,1500,15:00,99.0,98.94736842105264,-0.052631578947355706
no08,533967_00285_11494_1,1515,15:15,65.0,63.94736842105263,-1.05263157894737
no08,533967_00285_11494_1,1530,15:30,70.44800000000001,72.36842105263158,1.9204210526315677
no08,533967_00285_11494_1,1545,15:45,79.75,78.15789473684211,-1.5921052631578902
no08,533967_00285_11494_1,1600,16:00,158.5,158.68421052631578,0.1842105263157805
no08,533967_00285_11494_1,1615,16:15,96.75,96.57894736842104,-0.17105263157895934
no08,533967_00285_11494_1,1630,16:30,174.25,175.78947368421052,1.5394736842105203
no08,533967_00285_11494_1,1645,16:45,115.5,114.21052631578948,-1.2894736842105203
no08,533967_00285_11494_1,1700,17:00,182.25,182.3684210526316,0.11842105263158942
no08,533967_00285_11494_1,1715,17:15,138.25,138.42105263157896,0.17105263157895934
no08,533967_00285_11494_1,1730,17:30,100.25,100.0,-0.25
no08,533967_00285_11494_1,1745,17:45,104.5,105.0,0.5
no08,533967_00285_11494_1,1800,18:00,136.75,136.57894736842104,-0.17105263157895934
no08,533967_00285_11494_1,1815,18:15,73.75,73.6842105263158,-0.06578947368420529
no08,533967_00285_11494_1,1830,18:30,88.5,88.94736842105263,0.4473684210526301
no08,533967_00285_11494_1,1845,18:45,100.5,99.73684210526316,-0.7631578947368354
no08,533967_00285_11497_0,630,06:30,400.218,400.2715789473684,0.053578947368407626
no08,533967_00285_11497_0,645,06:45,330.534,329.9821052631579,-0.5518947368420868
no08,533967_00285_11497_0,700,07:00,397.9665,398.8121052631579,0.8456052631578928
no08,533967_00285_11497_0,715,07:15,295.098,295.3484210526316,0.250421052631566
no08,533967_00285_11497_0,730,07:30,332.447,330.28736842105263,-2.1596315789473692
no08,533967_00285_11497_0,745,07:45,274.2575,275.0515789473684,0.7940789473684049
no08,533967_00285_11497_0,800,08:00,398.624,398.5010526315789,-0.12294736842113707
no08,533967_00285_11497_0,815,08:15,553.3675000000001,566.771052631579,13.403552631578918
no08,533967_00285_11497_0,830,08:30,501.2575,523.4563157894737,22.198815789473713
no08,533967_00285_11497_0,845,08:45,308.48400000000004,312.0936842105263,3.609684210526268
no08,533967_00285_11497_0,900,09:00,326.5075,325.6147368421053,-0.8927631578947057
no08,533967_00285_11497_0,915,09:15,219.046,216.42210526315796,-2.6238947368420327
no08,533967_00285_11497_0,930,09:30,347.3165,349.08736842105264,1.7708684210526258
no08,533967_00285_11497_0,945,09:45,285.895,284.3642105263158,-1.5307894736841945
no08,533967_00285_11497_0,1000,10:00,388.52,389.2510526315789,0.7310526315789048
no08,533967_00285_11497_0,1015,10:15,271.954,265.45,-6.504000000000019
no08,533967_00285_11497_0,1030,10:30,338.4425,341.14578947368426,2.703289473684265
no08,533967_00285_11497_0,1045,10:45,184.5475,184.73684210526315,0.18934210526313677
no08,533967_00285_11497_0,1100,11:00,207.5,206.9,-0.5999999999999943
no08,533967_00285_11497_0,1115,11:15,229.292,229.57789473684207,0.28589473684206723
no08,533967_00285_11497_0,1130,11:30,326.6365,326.5215789473684,-0.11492105263158692
no08,533967_00285_11497_0,1145,11:45,201.123,199.1757894736842,-1.9472105263157857
no08,533967_00285_11497_0,1200,12:00,199.0,202.8905263157895,3.8905263157894865
no08,533967_00285_11497_0,1215,12:15,190.054,187.3684210526316,-2.6855789473684126
no08,533967_00285_11497_0,1230,12:30,182.919,182.5847368421053,-0.3342631578947248
no08,533967_00285_11497_0,1245,12:45,140.0,138.94736842105263,-1.05263157894737
no08,533967_00285_11497_0,1300,13:00,188.5,188.4763157894737,-0.0236842105263122
no08,533967_00285_11497_0,1315,13:15,112.5,113.6842105263158,1.1842105263157947
no08,533967_00285_11497_0,1330,13:30,141.0,138.94736842105263,-2.05263157894737
no08,533967_00285_11497_0,1345,13:45,137.0,137.89473684210526,0.8947368421052602
no08,533967_00285_11497_0,1400,14:00,178.5,178.94736842105263,0.4473684210526301
no08,533967_00285_11497_0,1415,14:15,200.4025,201.38052631578947,0.9780263157894638
no08,533967_00285_11497_0,1430,14:30,278.3025,276.47526315789474,-1.8272368421052647
no08,533967_00285_11497_0,1445,14:45,135.199,136.5284210526316,1.3294210526315737
no08,533967_00285_11497_0,1500,15:00,198.5,198.42105263157896,-0.07894736842104066
no08,533967_00285_11497_0,1515,15:15,129.0,127.89473684210526,-1.1052631578947398
no08,533967_00285_11497_0,1530,15:30,143.052,145.84315789473683,2.791157894736841
no08,533967_00285_11497_0,1545,15:45,158.0,154.73684210526315,-3.2631578947368496
no08,533967_00285_11497_0,1600,16:00,316.7285,316.67315789473685,-0.05534210526315064
no08,533967_00285_11497_0,1615,16:15,193.706,194.85,1.1440000000000055
no08,533967_00285_11497_0,1630,16:30,349.1065,350.64,1.5335000000000036
no08,533967_00285_11497_0,1645,16:45,232.9035,230.25894736842105,-2.6445526315789607
no08,533967_00285_11497_0,1700,17:00,365.811,365.7684210526316,-0.042578947368383524
no08,533967_00285_11497_0,1715,17:15,276.531,277.61,1.0790000000000077
no08,533967_00285_11497_0,1730,17:30,201.7,199.78736842105263,-1.9126315789473551
no08,533967_00285_11497_0,1745,17:45,209.5,210.5842105263158,1.0842105263157862
no08,533967_00285_11497_0,1800,18:00,274.2395,275.2605263157895,1.0210263157894701
no08,533967_00285_11497_0,1815,18:15,147.5,148.47263157894736,0.9726315789473574
no08,533967_00285_11497_0,1830,18:30,176.051,174.84421052631578,-1.2067894736842106
no08,533967_00285_11497_0,1845,18:45,201.0,201.05263157894737,0.05263157894736992
no08,533967_00285_11497_1,630,06:30,189.147,187.3121052631579,-1.8348947368421022
no08,533967_00285_11497_1,645,06:45,162.1495,164.47368421052633,2.32418421052634
no08,533967_00285_11497_1,700,07:00,388.215,385.39421052631576,-2.820789473684215
no08,533967_00285_11497_1,715,07:15,290.303,293.0494736842105,2.746473684210514
no08,533967_00285_11497_1,730,07:30,423.254,418.8857894736842,-4.368210526315806
no08,533967_00285_11497_1,745,07:45,602.057,602.4157894736842,0.358789473684169
no08,533967_00285_11497_1,800,08:00,493.4625,492.2957894736842,-1.1667105263157964
no08,533967_00285_11497_1,815,08:15,473.669,476.2510526315789,2.582052631578904
no08,533967_00285_11497_1,830,08:30,104.491,105.93526315789474,1.4442631578947385
no08,533967_00285_11497_1,845,08:45,0.0,0.0,0.0
no08,533967_00285_11497_1,900,09:00,42.7005,42.9478947368421,0.24739473684210367
no08,533967_00285_11497_1,915,09:15,85.5995,90.47368421052632,4.874184210526309
no08,533967_00285_11497_1,930,09:30,428.7895,428.2257894736842,-0.5637105263157878
no08,533967_00285_11497_1,945,09:45,149.301,146.80052631578948,-2.5004736842105046
no08,533967_00285_11497_1,1000,10:00,332.09450000000004,328.1068421052631,-3.9876578947369126
no08,533967_00285_11497_1,1015,10:15,102.839,105.72684210526316,2.887842105263161
no08,533967_00285_11497_1,1030,10:30,30.15538461538461,31.58333333333333,1.4279487179487198
no08,533967_00285_11497_1,1045,10:45,90.1535,91.5842105263158,1.4307105263158064
no08,533967_00285_11497_1,1100,11:00,37.2515,38.52789473684211,1.2763947368421071
no08,533967_00285_11497_1,1115,11:15,626.4445,632.1247368421053,5.680236842105387
no08,533967_00285_11497_1,1130,11:30,142.002,134.22578947368422,-7.7762105263157935
no08,533967_00285_11497_1,1145,11:45,64.453,64.3157894736842,-0.13721052631579767
no08,533967_00285_11497_1,1200,12:00,99.1135,102.27684210526316,3.1633421052631547
no08,533967_00285_11497_1,1215,12:15,26.31684210526316,22.66722222222222,-3.6496198830409377
no08,533967_00285_11497_1,1230,12:30,255.156,255.69736842105263,0.5413684210526242
no08,533967_00285_11497_1,1245,12:45,145.703,148.62947368421052,2.926473684210521
no08,533967_00285_11497_1,1300,13:00,116.751,120.99157894736842,4.2405789473684194
no08,533967_00285_11497_1,1315,13:15,42.7515,35.73894736842105,-7.012552631578949
no08,533967_00285_11497_1,1330,13:30,538.787,555.8368421052631,17.04984210526311
no08,533967_00285_11497_1,1345,13:45,261.9815,243.6968421052632,-18.284657894736796
no08,533967_00285_11497_1,1400,14:00,204.751,202.4321052631579,-2.318894736842111
no08,533967_00285_11497_1,1415,14:15,22.688125,21.16722222222222,-1.5209027777777777
no08,533967_00285_11497_1,1430,14:30,0.0,0.0,0.0
no08,533967_00285_11497_1,1445,14:45,80.9905,79.57631578947368,-1.4141842105263152
no08,533967_00285_11497_1,1500,15:00,171.5075,178.21263157894737,6.705131578947373
no08,533967_00285_11497_1,1515,15:15,87.4015,83.37578947368422,-4.025710526315777
no08,533967_00285_11497_1,1530,15:30,44.847,39.26578947368421,-5.581210526315793
no08,533967_00285_11497_1,1545,15:45,167.6965,173.5063157894737,5.809815789473703
no08,533967_00285_11497_1,1600,16:00,238.1285,221.3763157894737,-16.75218421052631
no08,533967_00285_11497_1,1615,16:15,94.146,107.2078947368421,13.061894736842106
no08,533967_00285_11497_1,1630,16:30,163.50050000000002,161.25894736842105,-2.241552631578969
no08,533967_00285_11497_1,1645,16:45,75.2005,74.58157894736841,-0.6189210526315918
no08,533967_00285_11497_1,1700,17:00,167.64849999999998,168.4763157894737,0.8278157894737035
no08,533967_00285_11497_1,1715,17:15,273.654,274.6226315789474,0.9686315789473952
no08,533967_00285_11497_1,1730,17:30,506.919,510.44578947368416,3.5267894736841754
no08,533967_00285_11497_1,1745,17:45,269.97400000000005,269.75315789473683,-0.22084210526321613
no08,533967_00285_11497_1,1800,18:00,182.658,175.08263157894734,-7.575368421052644
no08,533967_00285_11497_1,1815,18:15,179.5605,172.52684210526314,-7.033657894736848
no08,533967_00285_11497_1,1830,18:30,302.259,306.99894736842106,4.739947368421042
no08,533967_00285_11497_1,1845,18:45,395.3085,393.4142105263158,-1.8942894736841822
no08,533967_00319_00539_0,630,06:30,1066.2065,1061.4773684210527,-4.729131578947317
no08,533967_00319_00539_0,645,06:45,1358.9695,1357.9336842105265,-1.0358157894734177
no08,533967_00319_00539_0,700,07:00,1031.6425,1030.8873684210528,-0.7551315789471573
no08,533967_00319_00539_0,715,07:15,1639.4315,1662.0636842105262,22.632184210526248
no08,533967_00319_00539_0,730,07:30,1730.3920000000005,1615.516842105263,-114.87515789473741
no08,533967_00319_00539_0,745,07:45,6991.4345,6997.496842105264,6.062342105263269
no08,533967_00319_00539_0,800,08:00,8853.547999999999,9943.97052631579,1090.4225263157914
no08,533967_00319_00539_0,815,08:15,4382.273,4134.837368421053,-247.43563157894732
no08,533967_00319_00539_0,830,08:30,8905.0895,9026.304210526316,121.21471052631568
no08,533967_00319_00539_0,845,08:45,5492.3915,5673.783684210526,181.39218421052647
no08,533967_00319_00539_0,900,09:00,2053.3175,2029.4368421052636,-23.880657894736487
no08,533967_00319_00539_0,915,09:15,6427.9485,7012.056842105262,584.1083421052617
no08,533967_00319_00539_0,930,09:30,7628.750999999999,8027.948947368421,399.1979473684214
no08,533967_00319_00539_0,945,09:45,2315.3175,2449.636842105263,134.31934210526288
no08,533967_00319_00539_0,1000,10:00,2372.7155,2246.927368421053,-125.78813157894683
no08,533967_00319_00539_0,1015,10:15,2267.859,2410.107368421053,142.24836842105287
no08,533967_00319_00539_0,1030,10:30,1958.592,1840.965789473684,-117.62621052631607
no08,533967_00319_00539_0,1045,10:45,1924.2055,1954.5610526315788,30.355552631578803
no08,533967_00319_00539_0,1100,11:00,1676.8169999999998,1665.8294736842106,-10.987526315789182
no08,533967_00319_00539_0,1115,11:15,1208.173,1206.7368421052631,-1.4361578947368798
no08,533967_00319_00539_0,1130,11:30,1514.4045,1584.8594736842106,70.45497368421047
no08,533967_00319_00539_0,1145,11:45,2155.3905,2151.425789473684,-3.9647105263161393
no08,533967_00319_00539_0,1200,12:00,1237.169,1235.1984210526316,-1.9705789473684945
no08,533967_00319_00539_0,1215,12:15,1451.6965,1448.642105263158,-3.054394736841914
no08,533967_00319_00539_0,1230,12:30,1670.4195,1677.7394736842105,7.319973684210481
no08,533967_00319_00539_0,1245,12:45,1552.2435,1545.5805263157897,-6.662973684210328
no08,533967_00319_00539_0,1300,13:00,2076.1735,2140.383157894737,64.20965789473712
no08,533967_00319_00539_0,1315,13:15,1555.4665,1572.6115789473683,17.145078947368347
no08,533967_00319_00539_0,1330,13:30,1371.738,1380.98,9.241999999999962
no08,533967_00319_00539_0,1345,13:45,1529.502,1531.6552631578948,2.1532631578947985
no08,533967_00319_00539_0,1400,14:00,1394.9299999999998,1394.3873684210528,-0.5426315789470664
no08,533967_00319_00539_0,1415,14:15,1695.707,1715.4289473684212,19.72194736842107
no08,533967_00319_00539_0,1430,14:30,1677.4785,1682.5963157894737,5.117815789473752
no08,533967_00319_00539_0,1445,14:45,1692.8565,1699.3663157894737,6.509815789473578
no08,533967_00319_00539_0,1500,15:00,1796.409,1936.5615789473684,140.15257894736828
no08,533967_00319_00539_0,1515,15:15,2393.778,2526.157894736842,132.3798947368423
no08,533967_00319_00539_0,1530,15:30,1625.6945,1626.807894736842,1.113394736841883
no08,533967_00319_00539_0,1545,15:45,1453.1280000000002,1451.972105263158,-1.1558947368421286
no08,533967_00319_00539_0,1600,16:00,1197.3645,1213.427894736842,16.063394736842156
no08,533967_00319_00539_0,1615,16:15,2007.6875,2058.861052631579,51.17355263157879
no08,533967_00319_00539_0,1630,16:30,1132.5295,1197.6821052631578,65.15260526315774
no08,533967_00319_00539_0,1645,16:45,1731.381,1734.4910526315791,3.1100526315790376
no08,533967_00319_00539_0,1700,17:00,1583.151,1652.5457894736842,69.39478947368411
no08,533967_00319_00539_0,1715,17:15,2033.4875,2096.7415789473685,63.2540789473685
no08,533967_00319_00539_0,1730,17:30,2872.297,2704.99,-167.30700000000024
no08,533967_00319_00539_0,1745,17:45,7099.503500000001,9475.021578947368,2375.518078947367
no08,533967_00319_00539_0,1800,18:00,3667.072,6638.137894736842,2971.065894736842
no08,533967_00319_00539_0,1815,18:15,2793.3725,6527.925263157895,3734.552763157895
no08,533967_00319_00539_0,1830,18:30,2032.5945,2512.352631578948,479.7581315789482
no08,533967_00319_00539_0,1845,18:45,1601.3255,1618.9084210526314,17.58292105263149
no08,533967_00319_00539_1,630,06:30,1958.1895,1917.1852631578945,-41.004236842105456
no08,533967_00319_00539_1,645,06:45,2726.8955,2628.8126315789477,-98.08286842105235
no08,533967_00319_00539_1,700,07:00,2628.3205000000003,2553.927368421053,-74.3931315789473
no08,533967_00319_00539_1,715,07:15,2013.7675,2016.756842105263,2.9893421052631766
no08,533967_00319_00539_1,730,07:30,1767.59,1833.0594736842104,65.46947368421047
no08,533967_00319_00539_1,745,07:45,700.4485,769.5389473684211,69.09044736842111
no08,533967_00319_00539_1,800,08:00,1819.438,1853.0889473684213,33.65094736842116
no08,533967_00319_00539_1,815,08:15,1586.7785,1593.1957894736845,6.417289473684605
no08,533967_00319_00539_1,830,08:30,1749.9805,1783.9994736842104,34.01897368421055
no08,533967_00319_00539_1,845,08:45,1415.0404999999998,1406.8552631578948,-8.185236842105041
no08,533967_00319_00539_1,900,09:00,1445.859,1482.8215789473684,36.962578947368456
no08,533967_00319_00539_1,915,09:15,936.786,942.2426315789476,5.456631578947622
no08,533967_00319_00539_1,930,09:30,1319.1370000000002,1289.5094736842104,-29.627526315789737
no08,533967_00319_00539_1,945,09:45,1543.647,1547.742631578947,4.095631578947177
no08,533967_00319_00539_1,1000,10:00,1443.5565,1495.107894736842,51.551394736841985
no08,533967_00319_00539_1,1015,10:15,1238.355,1221.3105263157893,-17.044473684210743
no08,533967_00319_00539_1,1030,10:30,1758.6405,1750.771052631579,-7.869447368420879
no08,533967_00319_00539_1,1045,10:45,2159.5635,2117.6973684210525,-41.866131578947716
no08,533967_00319_00539_1,1100,11:00,2134.777,2124.38,-10.396999999999935
no08,533967_00319_00539_1,1115,11:15,1987.1895,1959.233157894737,-27.956342105263047
no08,533967_00319_00539_1,1130,11:30,1807.067,1864.1378947368423,57.07089473684232
no08,533967_00319_00539_1,1145,11:45,2110.4765,2036.5373684210529,-73.93913157894735
no08,533967_00319_00539_1,1200,12:00,1536.0255000000002,1530.3673684210526,-5.658131578947632
no08,533967_00319_00539_1,1215,12:15,1193.1535,1241.5194736842104,48.36597368421053
no08,533967_00319_00539_1,1230,12:30,1756.8255,1693.923157894737,-62.90234210526296
no08,533967_00319_00539_1,1245,12:45,2153.012,2223.7336842105265,70.72168421052629
no08,533967_00319_00539_1,1300,13:00,1969.3975,1906.893157894737,-62.50434210526305
no08,533967_00319_00539_1,1315,13:15,1181.2995,1208.1773684210525,26.877868421052426
no08,533967_00319_00539_1,1330,13:30,2053.445,2029.3321052631577,-24.112894736842463
no08,533967_00319_00539_1,1345,13:45,2054.562,2051.963684210526,-2.5983157894738724
no08,533967_00319_00539_1,1400,14:00,1883.809,1903.5457894736844,19.73678947368444
no08,533967_00319_00539_1,1415,14:15,2184.38,2201.6273684210523,17.247368421052215
no08,533967_00319_00539_1,1430,14:30,1942.2165,1906.7752631578949,-35.44123684210513
no08,533967_00319_00539_1,1445,14:45,1294.8045,1298.5436842105264,3.739184210526446
no08,533967_00319_00539_1,1500,15:00,1778.3355,1692.7378947368422,-85.59760526315767
no08,533967_00319_00539_1,1515,15:15,2087.0950000000003,2194.55,107.45499999999993
no08,533967_00319_00539_1,1530,15:30,1413.727,1414.8373684210526,1.1103684210524989
no08,533967_00319_00539_1,1545,15:45,1665.3584999999998,1675.8242105263157,10.465710526315888
no08,533967_00319_00539_1,1600,16:00,1400.261,1343.1126315789472,-57.14836842105274
no08,533967_00319_00539_1,1615,16:15,1992.859,1988.5678947368424,-4.291105263157533
no08,533967_00319_00539_1,1630,16:30,1485.377,1548.71,63.333000000000084
no08,533967_00319_00539_1,1645,16:45,2217.9745,2249.491052631579,31.51655263157909
no08,533967_00319_00539_1,1700,17:00,1743.3259999999998,1660.7,-82.62599999999975
no08,533967_00319_00539_1,1715,17:15,1831.8805,1809.03,-22.85050000000001
no08,533967_00319_00539_1,1730,17:30,1383.4445,1392.4768421052631,9.03234210526307
no08,533967_00319_00539_1,1745,17:45,1754.089,1735.6063157894737,-18.48268421052626
no08,533967_00319_00539_1,1800,18:00,732.4365,734.7136842105263,2.2771842105262294
no08,533967_00319_00539_1,1815,18:15,865.615,830.6305263157894,-34.98447368421057
no08,533967_00319_00539_1,1830,18:30,741.3865,757.5978947368421,16.21139473684218
no08,533967_00319_00539_1,1845,18:45,749.345,798.9805263157895,49.635526315789434
no08,533967_00319_01435_0,630,06:30,0.0,0.0,0.0
no08,533967_00319_01435_0,645,06:45,0.0,0.0,0.0
no08,533967_00319_01435_0,700,07:00,0.0,0.0,0.0
no08,533967_00319_01435_0,715,07:15,0.0,0.0,0.0
no08,533967_00319_01435_0,730,07:30,0.0,0.0,0.0
no08,533967_00319_01435_0,745,07:45,0.0,0.0,0.0
no08,533967_00319_01435_0,800,08:00,0.0,0.0,0.0
no08,533967_00319_01435_0,815,08:15,0.0,0.0,0.0
no08,533967_00319_01435_0,830,08:30,0.0,0.0,0.0
no08,533967_00319_01435_0,845,08:45,0.0,0.0,0.0
no08,533967_00319_01435_0,900,09:00,0.0,0.0,0.0
no08,533967_00319_01435_0,915,09:15,0.0,0.0,0.0
no08,533967_00319_01435_0,930,09:30,0.0,0.0,0.0
no08,533967_00319_01435_0,945,09:45,0.0,0.0,0.0
no08,533967_00319_01435_0,1000,10:00,0.0,0.0,0.0
no08,533967_00319_01435_0,1015,10:15,0.0,0.0,0.0
no08,533967_00319_01435_0,1030,10:30,0.0,0.0,0.0
no08,533967_00319_01435_0,1045,10:45,0.0,0.0,0.0
no08,533967_00319_01435_0,1100,11:00,0.0,0.0,0.0
no08,533967_00319_01435_0,1115,11:15,0.0,0.0,0.0
no08,533967_00319_01435_0,1130,11:30,0.0,0.0,0.0
no08,533967_00319_01435_0,1145,11:45,0.0,0.0,0.0
no08,533967_00319_01435_0,1200,12:00,0.0,0.0,0.0
no08,533967_00319_01435_0,1215,12:15,0.0,0.0,0.0
no08,533967_00319_01435_0,1230,12:30,0.0,0.0,0.0
no08,533967_00319_01435_0,1245,12:45,0.0,0.0,0.0
no08,533967_00319_01435_0,1300,13:00,0.0,0.0,0.0
no08,533967_00319_01435_0,1315,13:15,0.0,0.0,0.0
no08,533967_00319_01435_0,1330,13:30,0.0,0.0,0.0
no08,533967_00319_01435_0,1345,13:45,0.0,0.0,0.0
no08,533967_00319_01435_0,1400,14:00,0.0,0.0,0.0
no08,533967_00319_01435_0,1415,14:15,0.0,0.0,0.0
no08,533967_00319_01435_0,1430,14:30,0.0,0.0,0.0
no08,533967_00319_01435_0,1445,14:45,0.0,0.0,0.0
no08,533967_00319_01435_0,1500,15:00,0.0,0.0,0.0
no08,533967_00319_01435_0,1515,15:15,0.0,0.0,0.0
no08,533967_00319_01435_0,1530,15:30,0.0,0.0,0.0
no08,533967_00319_01435_0,1545,15:45,0.0,0.0,0.0
no08,533967_00319_01435_0,1600,16:00,0.0,0.0,0.0
no08,533967_00319_01435_0,1615,16:15,0.0,0.0,0.0
no08,533967_00319_01435_0,1630,16:30,0.0,0.0,0.0
no08,533967_00319_01435_0,1645,16:45,0.0,0.0,0.0
no08,533967_00319_01435_0,1700,17:00,0.0,0.0,0.0
no08,533967_00319_01435_0,1715,17:15,0.0,0.0,0.0
no08,533967_00319_01435_0,1730,17:30,0.0,0.0,0.0
no08,533967_00319_01435_0,1745,17:45,0.0,0.0,0.0
no08,533967_00319_01435_0,1800,18:00,0.0,0.0,0.0
no08,533967_00319_01435_0,1815,18:15,0.0,0.0,0.0
no08,533967_00319_01435_0,1830,18:30,0.0,0.0,0.0
no08,533967_00319_01435_0,1845,18:45,0.0,0.0,0.0
no08,533967_00319_01435_1,630,06:30,0.0,0.0,0.0
no08,533967_00319_01435_1,645,06:45,0.0,0.0,0.0
no08,533967_00319_01435_1,700,07:00,0.0,0.0,0.0
no08,533967_00319_01435_1,715,07:15,0.0,0.0,0.0
no08,533967_00319_01435_1,730,07:30,0.0,0.0,0.0
no08,533967_00319_01435_1,745,07:45,0.0,0.0,0.0
no08,533967_00319_01435_1,800,08:00,0.0,0.0,0.0
no08,533967_00319_01435_1,815,08:15,0.0,0.0,0.0
no08,533967_00319_01435_1,830,08:30,0.0,0.0,0.0
no08,533967_00319_01435_1,845,08:45,0.0,0.0,0.0
no08,533967_00319_01435_1,900,09:00,0.0,0.0,0.0
no08,533967_00319_01435_1,915,09:15,0.0,0.0,0.0
no08,533967_00319_01435_1,930,09:30,0.0,0.0,0.0
no08,533967_00319_01435_1,945,09:45,0.0,0.0,0.0
no08,533967_00319_01435_1,1000,10:00,0.0,0.0,0.0
no08,533967_00319_01435_1,1015,10:15,0.0,0.0,0.0
no08,533967_00319_01435_1,1030,10:30,0.0,0.0,0.0
no08,533967_00319_01435_1,1045,10:45,0.0,0.0,0.0
no08,533967_00319_01435_1,1100,11:00,0.0,0.0,0.0
no08,533967_00319_01435_1,1115,11:15,0.0,0.0,0.0
no08,533967_00319_01435_1,1130,11:30,0.0,0.0,0.0
no08,533967_00319_01435_1,1145,11:45,0.0,0.0,0.0
no08,533967_00319_01435_1,1200,12:00,0.0,0.0,0.0
no08,533967_00319_01435_1,1215,12:15,0.0,0.0,0.0
no08,533967_00319_01435_1,1230,12:30,0.0,0.0,0.0
no08,533967_00319_01435_1,1245,12:45,0.0,0.0,0.0
no08,533967_00319_01435_1,1300,13:00,0.0,0.0,0.0
no08,533967_00319_01435_1,1315,13:15,0.0,0.0,0.0
no08,533967_00319_01435_1,1330,13:30,0.0,0.0,0.0
no08,533967_00319_01435_1,1345,13:45,0.0,0.0,0.0
no08,533967_00319_01435_1,1400,14:00,0.0,0.0,0.0
no08,533967_00319_01435_1,1415,14:15,0.0,0.0,0.0
no08,533967_00319_01435_1,1430,14:30,0.0,0.0,0.0
no08,533967_00319_01435_1,1445,14:45,0.0,0.0,0.0
no08,533967_00319_01435_1,1500,15:00,0.0,0.0,0.0
no08,533967_00319_01435_1,1515,15:15,0.0,0.0,0.0
no08,533967_00319_01435_1,1530,15:30,0.0,0.0,0.0
no08,533967_00319_01435_1,1545,15:45,0.0,0.0,0.0
no08,533967_00319_01435_1,1600,16:00,0.0,0.0,0.0
no08,533967_00319_01435_1,1615,16:15,0.0,0.0,0.0
no08,533967_00319_01435_1,1630,16:30,0.0,0.0,0.0
no08,533967_00319_01435_1,1645,16:45,0.0,0.0,0.0
no08,533967_00319_01435_1,1700,17:00,0.0,0.0,0.0
no08,533967_00319_01435_1,1715,17:15,0.0,0.0,0.0
no08,533967_00319_01435_1,1730,17:30,0.0,0.0,0.0
no08,533967_00319_01435_1,1745,17:45,0.0,0.0,0.0
no08,533967_00319_01435_1,1800,18:00,0.0,0.0,0.0
no08,533967_00319_01435_1,1815,18:15,0.0,0.0,0.0
no08,533967_00319_01435_1,1830,18:30,0.0,0.0,0.0
no08,533967_00319_01435_1,1845,18:45,0.0,0.0,0.0
no08,533967_00319_11518_0,630,06:30,2816.0435,2728.467894736842,-87.5756052631582
no08,533967_00319_11518_0,645,06:45,4020.69,3891.686315789473,-129.0036842105269
no08,533967_00319_11518_0,700,07:00,4041.7475,3921.207894736842,-120.53960526315814
no08,533967_00319_11518_0,715,07:15,3247.252,3240.938947368421,-6.313052631579012
no08,533967_00319_11518_0,730,07:30,2688.371,2866.4731578947367,178.1021578947366
no08,533967_00319_11518_0,745,07:45,899.2275,1042.7294736842105,143.5019736842105
no08,533967_00319_11518_0,800,08:00,2676.3585,2665.3257894736844,-11.03271052631544
no08,533967_00319_11518_0,815,08:15,2367.493,2385.644736842105,18.151736842105038
no08,533967_00319_11518_0,830,08:30,2304.7295,2246.896842105263,-57.83265789473671
no08,533967_00319_11518_0,845,08:45,2158.4315,2127.4152631578945,-31.016236842105627
no08,533967_00319_11518_0,900,09:00,2036.3115,2127.512105263158,91.20060526315797
no08,533967_00319_11518_0,915,09:15,1364.0115,1365.3773684210526,1.3658684210524825
no08,533967_00319_11518_0,930,09:30,2000.661,1971.822105263158,-28.83889473684212
no08,533967_00319_11518_0,945,09:45,2220.6485,2235.3568421052632,14.708342105263455
no08,533967_00319_11518_0,1000,10:00,1999.287,2052.6652631578945,53.37826315789448
no08,533967_00319_11518_0,1015,10:15,1547.245,1508.5668421052633,-38.678157894736614
no08,533967_00319_11518_0,1030,10:30,2303.8945,2310.152105263158,6.257605263157984
no08,533967_00319_11518_0,1045,10:45,2784.1865000000003,2778.657894736842,-5.52860526315817
no08,533967_00319_11518_0,1100,11:00,2486.8495,2456.06,-30.78949999999986
no08,533967_00319_11518_0,1115,11:15,2593.534,2561.162105263158,-32.37189473684202
no08,533967_00319_11518_0,1130,11:30,2447.542,2534.9994736842104,87.45747368421053
no08,533967_00319_11518_0,1145,11:45,2777.463,2703.704210526316,-73.75878947368437
no08,533967_00319_11518_0,1200,12:00,2217.4295,2231.164736842105,13.735236842104769
no08,533967_00319_11518_0,1215,12:15,1668.812,1730.6673684210527,61.855368421052844
no08,533967_00319_11518_0,1230,12:30,2231.7755,2161.051052631579,-70.72444736842135
no08,533967_00319_11518_0,1245,12:45,2611.9885000000004,2681.5105263157893,69.52202631578893
no08,533967_00319_11518_0,1300,13:00,2365.657,2315.2942105263155,-50.36278947368464
no08,533967_00319_11518_0,1315,13:15,1654.4645,1703.6626315789474,49.19813157894737
no08,533967_00319_11518_0,1330,13:30,2707.7665,2675.1310526315788,-32.63544736842141
no08,533967_00319_11518_0,1345,13:45,2618.6400000000003,2580.785263157895,-37.85473684210547
no08,533967_00319_11518_0,1400,14:00,2375.8545000000004,2396.213684210526,20.359184210525655
no08,533967_00319_11518_0,1415,14:15,2508.0485,2565.844210526316,57.79571052631627
no08,533967_00319_11518_0,1430,14:30,2367.755,2344.1894736842105,-23.56552631578961
no08,533967_00319_11518_0,1445,14:45,1770.9815,1766.4157894736843,-4.565710526315797
no08,533967_00319_11518_0,1500,15:00,2271.9575,2182.3326315789477,-89.62486842105227
no08,533967_00319_11518_0,1515,15:15,2525.0475,2656.4173684210527,131.36986842105262
no08,533967_00319_11518_0,1530,15:30,1782.708,1728.6436842105263,-54.06431578947377
no08,533967_00319_11518_0,1545,15:45,2052.3515,2074.588947368421,22.237447368420817
no08,533967_00319_11518_0,1600,16:00,1756.6255,1696.8157894736842,-59.80971052631594
no08,533967_00319_11518_0,1615,16:15,2477.2005,2485.0547368421053,7.854236842105365
no08,533967_00319_11518_0,1630,16:30,1854.4595,1944.9326315789476,90.47313157894769
no08,533967_00319_11518_0,1645,16:45,2354.323,2383.315263157895,28.992263157895195
no08,533967_00319_11518_0,1700,17:00,1958.6565,1886.377894736842,-72.27860526315794
no08,533967_00319_11518_0,1715,17:15,2497.635,2480.133157894737,-17.501842105263222
no08,533967_00319_11518_0,1730,17:30,2097.654,2101.8921052631576,4.2381052631576495
no08,533967_00319_11518_0,1745,17:45,2574.929,2554.561578947368,-20.367421052631926
no08,533967_00319_11518_0,1800,18:00,1152.059,1187.8573684210526,35.7983684210526
no08,533967_00319_11518_0,1815,18:15,1063.3265,1021.0847368421051,-42.24176315789475
no08,533967_00319_11518_0,1830,18:30,1079.212,1085.7036842105265,6.4916842105265005
no08,533967_00319_11518_0,1845,18:45,1176.4195,1247.9305263157894,71.51102631578942
no08,533967_00319_11518_1,630,06:30,1598.4685,1583.87,-14.598500000000058
no08,533967_00319_11518_1,645,06:45,2047.1555,2062.798947368421,15.643447368420993
no08,533967_00319_11518_1,700,07:00,1500.4005000000002,1496.253157894737,-4.147342105263306
no08,533967_00319_11518_1,715,07:15,2461.8905,2458.071052631579,-3.8194473684211516
no08,533967_00319_11518_1,730,07:30,2372.9075000000003,2372.628421052632,-0.2790789473683617
no08,533967_00319_11518_1,745,07:45,5959.76,5782.302105263158,-177.4578947368418
no08,533967_00319_11518_1,800,08:00,15621.0835,18634.37947368421,3013.2959736842095
no08,533967_00319_11518_1,815,08:15,3673.6405,3476.4421052631574,-197.1983947368426
no08,533967_00319_11518_1,830,08:30,10746.5675,9351.284210526315,-1395.283289473684
no08,533967_00319_11518_1,845,08:45,6173.489,6015.367894736843,-158.121105263157
no08,533967_00319_11518_1,900,09:00,2500.742,2495.6552631578948,-5.086736842105438
no08,533967_00319_11518_1,915,09:15,5364.120000000001,6471.4078947368425,1107.2878947368417
no08,533967_00319_11518_1,930,09:30,8889.380500000001,10643.622631578946,1754.2421315789452
no08,533967_00319_11518_1,945,09:45,3058.389,3210.0284210526315,151.6394210526314
no08,533967_00319_11518_1,1000,10:00,2993.142,2981.1115789473683,-12.030421052631482
no08,533967_00319_11518_1,1015,10:15,2405.9405,2397.644210526316,-8.296289473684283
no08,533967_00319_11518_1,1030,10:30,2462.15,2439.1352631578948,-23.01473684210532
no08,533967_00319_11518_1,1045,10:45,2942.1015,2947.958421052632,5.856921052631606
no08,533967_00319_11518_1,1100,11:00,2374.718,2374.8568421052632,0.13884210526339302
no08,533967_00319_11518_1,1115,11:15,1790.313,1782.2384210526316,-8.074578947368536
no08,533967_00319_11518_1,1130,11:30,2213.8540000000003,2222.7278947368422,8.873894736841976
no08,533967_00319_11518_1,1145,11:45,3098.196,3089.795789473684,-8.400210526315732
no08,533967_00319_11518_1,1200,12:00,1809.212,1801.3894736842103,-7.822526315789673
no08,533967_00319_11518_1,1215,12:15,2049.8385000000003,2045.3436842105264,-4.4948157894739325
no08,533967_00319_11518_1,1230,12:30,2271.6795,2276.3594736842106,4.679973684210381
no08,533967_00319_11518_1,1245,12:45,2282.0975000000003,2285.0468421052637,2.9493421052634403
no08,533967_00319_11518_1,1300,13:00,3054.006,3054.6847368421054,0.6787368421055362
no08,533967_00319_11518_1,1315,13:15,2046.3755,2050.71,4.3344999999999345
no08,533967_00319_11518_1,1330,13:30,1926.342,1919.0005263157896,-7.341473684210541
no08,533967_00319_11518_1,1345,13:45,2157.5555,2170.1273684210523,12.571868421052386
no08,533967_00319_11518_1,1400,14:00,2070.5645,2084.618947368421,14.054447368420824
no08,533967_00319_11518_1,1415,14:15,2398.294,2398.103157894737,-0.19084210526307288
no08,533967_00319_11518_1,1430,14:30,2553.123,2559.2031578947367,6.080157894736658
no08,533967_00319_11518_1,1445,14:45,2355.1575000000003,2364.4347368421054,9.27723684210514
no08,533967_00319_11518_1,1500,15:00,2293.0105,2305.726315789474,12.715815789474163
no08,533967_00319_11518_1,1515,15:15,3456.257,3462.4694736842102,6.212473684210181
no08,533967_00319_11518_1,1530,15:30,2450.5055,2456.646842105263,6.141342105262993
no08,533967_00319_11518_1,1545,15:45,2220.851,2213.786315789474,-7.0646842105261385
no08,533967_00319_11518_1,1600,16:00,1752.5295,1768.0363157894735,15.506815789473421
no08,533967_00319_11518_1,1615,16:15,2873.8975,2874.233157894737,0.3356578947368689
no08,533967_00319_11518_1,1630,16:30,1621.5575,1625.4157894736843,3.858289473684408
no08,533967_00319_11518_1,1645,16:45,2602.3990000000003,2597.9515789473685,-4.447421052631853
no08,533967_00319_11518_1,1700,17:00,2293.9515,2289.894210526316,-4.05728947368425
no08,533967_00319_11518_1,1715,17:15,2943.939,2944.433157894737,0.4941578947373273
no08,533967_00319_11518_1,1730,17:30,2571.1225,2573.7647368421053,2.642236842105376
no08,533967_00319_11518_1,1745,17:45,4166.534,4998.628421052632,832.0944210526322
no08,533967_00319_11518_1,1800,18:00,2866.3575,4180.408947368422,1314.0514473684216
no08,533967_00319_11518_1,1815,18:15,3290.793,4676.812105263158,1386.0191052631576
no08,533967_00319_11518_1,1830,18:30,3101.2985,3194.3915789473685,93.09307894736867
no08,533967_00319_11518_1,1845,18:45,2544.752,2564.2952631578946,19.54326315789467
no08,533967_00319_87770_0,630,06:30,0.0,0.0,0.0
no08,533967_00319_87770_0,645,06:45,0.0,0.0,0.0
no08,533967_00319_87770_0,700,07:00,0.0,0.0,0.0
no08,533967_00319_87770_0,715,07:15,0.0,0.0,0.0
no08,533967_00319_87770_0,730,07:30,0.0,0.0,0.0
no08,533967_00319_87770_0,745,07:45,0.0,0.0,0.0
no08,533967_00319_87770_0,800,08:00,0.0,0.0,0.0
no08,533967_00319_87770_0,815,08:15,0.0,0.0,0.0
no08,533967_00319_87770_0,830,08:30,0.0,0.0,0.0
no08,533967_00319_87770_0,845,08:45,0.0,0.0,0.0
no08,533967_00319_87770_0,900,09:00,0.0,0.0,0.0
no08,533967_00319_87770_0,915,09:15,0.0,0.0,0.0
no08,533967_00319_87770_0,930,09:30,0.0,0.0,0.0
no08,533967_00319_87770_0,945,09:45,0.0,0.0,0.0
no08,533967_00319_87770_0,1000,10:00,0.0,0.0,0.0
no08,533967_00319_87770_0,1015,10:15,0.0,0.0,0.0
no08,533967_00319_87770_0,1030,10:30,0.0,0.0,0.0
no08,533967_00319_87770_0,1045,10:45,0.0,0.0,0.0
no08,533967_00319_87770_0,1100,11:00,0.0,0.0,0.0
no08,533967_00319_87770_0,1115,11:15,0.0,0.0,0.0
no08,533967_00319_87770_0,1130,11:30,0.0,0.0,0.0
no08,533967_00319_87770_0,1145,11:45,0.0,0.0,0.0
no08,533967_00319_87770_0,1200,12:00,0.0,0.0,0.0
no08,533967_00319_87770_0,1215,12:15,0.0,0.0,0.0
no08,533967_00319_87770_0,1230,12:30,0.0,0.0,0.0
no08,533967_00319_87770_0,1245,12:45,0.0,0.0,0.0
no08,533967_00319_87770_0,1300,13:00,0.0,0.0,0.0
no08,533967_00319_87770_0,1315,13:15,0.0,0.0,0.0
no08,533967_00319_87770_0,1330,13:30,0.0,0.0,0.0
no08,533967_00319_87770_0,1345,13:45,0.0,0.0,0.0
no08,533967_00319_87770_0,1400,14:00,0.0,0.0,0.0
no08,533967_00319_87770_0,1415,14:15,0.0,0.0,0.0
no08,533967_00319_87770_0,1430,14:30,0.0,0.0,0.0
no08,533967_00319_87770_0,1445,14:45,0.0,0.0,0.0
no08,533967_00319_87770_0,1500,15:00,0.0,0.0,0.0
no08,533967_00319_87770_0,1515,15:15,0.0,0.0,0.0
no08,533967_00319_87770_0,1530,15:30,0.0,0.0,0.0
no08,533967_00319_87770_0,1545,15:45,0.0,0.0,0.0
no08,533967_00319_87770_0,1600,16:00,0.0,0.0,0.0
no08,533967_00319_87770_0,1615,16:15,0.0,0.0,0.0
no08,533967_00319_87770_0,1630,16:30,0.0,0.0,0.0
no08,533967_00319_87770_0,1645,16:45,0.0,0.0,0.0
no08,533967_00319_87770_0,1700,17:00,0.0,0.0,0.0
no08,533967_00319_87770_0,1715,17:15,0.0,0.0,0.0
no08,533967_00319_87770_0,1730,17:30,0.0,0.0,0.0
no08,533967_00319_87770_0,1745,17:45,0.0,0.0,0.0
no08,533967_00319_87770_0,1800,18:00,0.0,0.0,0.0
no08,533967_00319_87770_0,1815,18:15,0.0,0.0,0.0
no08,533967_00319_87770_0,1830,18:30,0.0,0.0,0.0
no08,533967_00319_87770_0,1845,18:45,0.0,0.0,0.0
no08,533967_00319_87770_1,630,06:30,0.0,0.0,0.0
no08,533967_00319_87770_1,645,06:45,0.0,0.0,0.0
no08,533967_00319_87770_1,700,07:00,0.0,0.0,0.0
no08,533967_00319_87770_1,715,07:15,0.0,0.0,0.0
no08,533967_00319_87770_1,730,07:30,0.0,0.0,0.0
no08,533967_00319_87770_1,745,07:45,0.0,0.0,0.0
no08,533967_00319_87770_1,800,08:00,0.0,0.0,0.0
no08,533967_00319_87770_1,815,08:15,0.0,0.0,0.0
no08,533967_00319_87770_1,830,08:30,0.0,0.0,0.0
no08,533967_00319_87770_1,845,08:45,0.0,0.0,0.0
no08,533967_00319_87770_1,900,09:00,0.0,0.0,0.0
no08,533967_00319_87770_1,915,09:15,0.0,0.0,0.0
no08,533967_00319_87770_1,930,09:30,0.0,0.0,0.0
no08,533967_00319_87770_1,945,09:45,0.0,0.0,0.0
no08,533967_00319_87770_1,1000,10:00,0.0,0.0,0.0
no08,533967_00319_87770_1,1015,10:15,0.0,0.0,0.0
no08,533967_00319_87770_1,1030,10:30,0.0,0.0,0.0
no08,533967_00319_87770_1,1045,10:45,0.0,0.0,0.0
no08,533967_00319_87770_1,1100,11:00,0.0,0.0,0.0
no08,533967_00319_87770_1,1115,11:15,0.0,0.0,0.0
no08,533967_00319_87770_1,1130,11:30,0.0,0.0,0.0
no08,533967_00319_87770_1,1145,11:45,0.0,0.0,0.0
no08,533967_00319_87770_1,1200,12:00,0.0,0.0,0.0
no08,533967_00319_87770_1,1215,12:15,0.0,0.0,0.0
no08,533967_00319_87770_1,1230,12:30,0.0,0.0,0.0
no08,533967_00319_87770_1,1245,12:45,0.0,0.0,0.0
no08,533967_00319_87770_1,1300,13:00,0.0,0.0,0.0
no08,533967_00319_87770_1,1315,13:15,0.0,0.0,0.0
no08,533967_00319_87770_1,1330,13:30,0.0,0.0,0.0
no08,533967_00319_87770_1,1345,13:45,0.0,0.0,0.0
no08,533967_00319_87770_1,1400,14:00,0.0,0.0,0.0
no08,533967_00319_87770_1,1415,14:15,0.0,0.0,0.0
no08,533967_00319_87770_1,1430,14:30,0.0,0.0,0.0
no08,533967_00319_87770_1,1445,14:45,0.0,0.0,0.0
no08,533967_00319_87770_1,1500,15:00,0.0,0.0,0.0
no08,533967_00319_87770_1,1515,15:15,0.0,0.0,0.0
no08,533967_00319_87770_1,1530,15:30,0.0,0.0,0.0
no08,533967_00319_87770_1,1545,15:45,0.0,0.0,0.0
no08,533967_00319_87770_1,1600,16:00,0.0,0.0,0.0
no08,533967_00319_87770_1,1615,16:15,0.0,0.0,0.0
no08,533967_00319_87770_1,1630,16:30,0.0,0.0,0.0
no08,533967_00319_87770_1,1645,16:45,0.0,0.0,0.0
no08,533967_00319_87770_1,1700,17:00,0.0,0.0,0.0
no08,533967_00319_87770_1,1715,17:15,0.0,0.0,0.0
no08,533967_00319_87770_1,1730,17:30,0.0,0.0,0.0
no08,533967_00319_87770_1,1745,17:45,0.0,0.0,0.0
no08,533967_00319_87770_1,1800,18:00,0.0,0.0,0.0
no08,533967_00319_87770_1,1815,18:15,0.0,0.0,0.0
no08,533967_00319_87770_1,1830,18:30,0.0,0.0,0.0
no08,533967_00319_87770_1,1845,18:45,0.0,0.0,0.0
no08,533967_00532_00534_0,630,06:30,3959.425,4061.591578947368,102.16657894736773
no08,533967_00532_00534_0,645,06:45,2681.9145,2752.142631578947,70.22813157894734
no08,533967_00532_00534_0,700,07:00,3751.12,3763.48947368421,12.369473684210334
no08,533967_00532_00534_0,715,07:15,4034.7705,4125.817368421052,91.0468684210523
no08,533967_00532_00534_0,730,07:30,3786.707,3713.450526315789,-73.25647368421096
no08,533967_00532_00534_0,745,07:45,4209.0625,4398.886315789474,189.82381578947388
no08,533967_00532_00534_0,800,08:00,4171.8025,4195.995789473684,24.193289473684672
no08,533967_00532_00534_0,815,08:15,3821.5275,3950.731052631579,129.203552631579
no08,533967_00532_00534_0,830,08:30,5747.487,6102.870526315789,355.3835263157889
no08,533967_00532_00534_0,845,08:45,7659.077,8106.571578947369,447.4945789473686
no08,533967_00532_00534_0,900,09:00,6042.961499999999,6194.065789473684,151.10428947368473
no08,533967_00532_00534_0,915,09:15,5110.237,4973.892631578948,-136.34436842105242
no08,533967_00532_00534_0,930,09:30,5247.4705,5315.437894736842,67.96739473684192
no08,533967_00532_00534_0,945,09:45,3289.9660000000003,3355.4347368421054,65.46873684210505
no08,533967_00532_00534_0,1000,10:00,2954.1780000000003,3083.956842105263,129.7788421052628
no08,533967_00532_00534_0,1015,10:15,3300.3725,3290.053157894737,-10.319342105262876
no08,533967_00532_00534_0,1030,10:30,4012.416,4127.7142105263165,115.29821052631632
no08,533967_00532_00534_0,1045,10:45,2641.9565,2603.1431578947368,-38.81334210526302
no08,533967_00532_00534_0,1100,11:00,3469.0515,3600.7721052631578,131.72060526315772
no08,533967_00532_00534_0,1115,11:15,4116.2435,4146.27,30.02650000000085
no08,533967_00532_00534_0,1130,11:30,4637.2195,4619.2215789473685,-17.997921052631682
no08,533967_00532_00534_0,1145,11:45,3375.824,3345.1878947368423,-30.636105263157788
no08,533967_00532_00534_0,1200,12:00,3190.67,3219.777894736842,29.1078947368419
no08,533967_00532_00534_0,1215,12:15,4229.226000000001,4373.874210526315,144.64821052631487
no08,533967_00532_00534_0,1230,12:30,4333.7105,4214.862105263158,-118.84839473684224
no08,533967_00532_00534_0,1245,12:45,3657.115,3776.2336842105274,119.11868421052759
no08,533967_00532_00534_0,1300,13:00,3598.867,3402.418947368421,-196.44805263157923
no08,533967_00532_00534_0,1315,13:15,3501.0195,3563.4178947368423,62.39839473684242
no08,533967_00532_00534_0,1330,13:30,3791.7105,3861.815789473684,70.10528947368402
no08,533967_00532_00534_0,1345,13:45,4609.260499999999,4607.135789473684,-2.124710526315539
no08,533967_00532_00534_0,1400,14:00,5291.6015,5355.747894736842,64.14639473684201
no08,533967_00532_00534_0,1415,14:15,5825.862999999999,5875.668947368421,49.805947368421585
no08,533967_00532_00534_0,1430,14:30,3916.898,3756.544210526316,-160.35378947368417
no08,533967_00532_00534_0,1445,14:45,5863.586499999999,6803.156842105263,939.570342105264
no08,533967_00532_00534_0,1500,15:00,5092.8285000000005,5108.744210526315,15.915710526314797
no08,533967_00532_00534_0,1515,15:15,4480.7915,4191.028421052632,-289.76307894736783
no08,533967_00532_00534_0,1530,15:30,4739.025,4864.178947368421,125.15394736842154
no08,533967_00532_00534_0,1545,15:45,3763.876,3757.9426315789474,-5.933368421052819
no08,533967_00532_00534_0,1600,16:00,3697.7,3616.022631578947,-81.67736842105296
no08,533967_00532_00534_0,1615,16:15,4141.7185,4082.697894736842,-59.020605263157904
no08,533967_00532_00534_0,1630,16:30,3847.3915,4049.471052631579,202.07955263157874
no08,533967_00532_00534_0,1645,16:45,4488.496,4461.673684210527,-26.82231578947267
no08,533967_00532_00534_0,1700,17:00,4174.298,4063.998421052632,-110.29957894736799
no08,533967_00532_00534_0,1715,17:15,3909.129,3856.9573684210527,-52.1716315789472
no08,533967_00532_00534_0,1730,17:30,2897.7585,2976.833684210526,79.075184210526
no08,533967_00532_00534_0,1745,17:45,4534.541,4396.172105263158,-138.36889473684187
no08,533967_00532_00534_0,1800,18:00,4226.1645,4303.167368421052,77.00286842105197
no08,533967_00532_00534_0,1815,18:15,5982.425499999999,6049.530000000001,67.10450000000128
no08,533967_00532_00534_0,1830,18:30,5211.626,4892.281578947369,-319.34442105263133
no08,533967_00532_00534_0,1845,18:45,3301.1805,3293.5147368421053,-7.665763157894617
no08,533967_00532_00534_1,630,06:30,2635.2515,2614.4694736842102,-20.782026315789608
no08,533967_00532_00534_1,645,06:45,2233.8425,2310.3236842105266,76.48118421052641
no08,533967_00532_00534_1,700,07:00,3435.05,3472.1557894736848,37.10578947368458
no08,533967_00532_00534_1,715,07:15,4215.1925,4183.153157894737,-32.03934210526313
no08,533967_00532_00534_1,730,07:30,4897.689,5138.488421052632,240.79942105263126
no08,533967_00532_00534_1,745,07:45,5080.4345,5056.203684210526,-24.230815789474036
no08,533967_00532_00534_1,800,08:00,6101.6475,6275.243684210526,173.5961842105262
no08,533967_00532_00534_1,815,08:15,5318.4655,5272.358421052632,-46.10707894736788
no08,533967_00532_00534_1,830,08:30,5004.523999999999,5482.738947368422,478.21494736842214
no08,533967_00532_00534_1,845,08:45,5013.0395,5547.867368421053,534.8278684210527
no08,533967_00532_00534_1,900,09:00,4761.215,4668.954210526316,-92.26078947368387
no08,533967_00532_00534_1,915,09:15,3966.775,4120.7378947368425,153.96289473684237
no08,533967_00532_00534_1,930,09:30,5203.9535,5289.065789473684,85.11228947368454
no08,533967_00532_00534_1,945,09:45,4238.0605000000005,4580.977368421053,342.91686842105264
no08,533967_00532_00534_1,1000,10:00,4629.9005,4837.363684210526,207.46318421052638
no08,533967_00532_00534_1,1015,10:15,4845.467500000001,4780.331578947368,-65.13592105263251
no08,533967_00532_00534_1,1030,10:30,3717.616,3907.7926315789473,190.1766315789473
no08,533967_00532_00534_1,1045,10:45,3482.9745000000003,3831.708421052632,348.73392105263156
no08,533967_00532_00534_1,1100,11:00,3859.4915,4187.763157894737,328.27165789473656
no08,533967_00532_00534_1,1115,11:15,4384.7595,4759.077368421053,374.3178684210525
no08,533967_00532_00534_1,1130,11:30,3705.4265,3968.091578947368,262.6650789473679
no08,533967_00532_00534_1,1145,11:45,2978.2415,3120.472631578947,142.23113157894704
no08,533967_00532_00534_1,1200,12:00,3336.2495000000004,3735.2994736842106,399.0499736842103
no08,533967_00532_00534_1,1215,12:15,4474.7285,4684.85,210.1215000000002
no08,533967_00532_00534_1,1230,12:30,2976.914,3043.5826315789477,66.6686315789475
no08,533967_00532_00534_1,1245,12:45,3464.0150000000003,3604.9178947368414,140.90289473684106
no08,533967_00532_00534_1,1300,13:00,3774.116,3790.197368421053,16.081368421052957
no08,533967_00532_00534_1,1315,13:15,3010.0225,3107.980526315789,97.95802631578908
no08,533967_00532_00534_1,1330,13:30,4747.928,4924.67,176.7420000000002
no08,533967_00532_00534_1,1345,13:45,2249.077,2342.6415789473685,93.56457894736832
no08,533967_00532_00534_1,1400,14:00,2667.812,3030.6852631578945,362.8732631578946
no08,533967_00532_00534_1,1415,14:15,3291.0325,3512.689473684211,221.65697368421115
no08,533967_00532_00534_1,1430,14:30,3437.2815,3419.5536842105266,-17.727815789473425
no08,533967_00532_00534_1,1445,14:45,3932.479,4061.96105263158,129.48205263158025
no08,533967_00532_00534_1,1500,15:00,3349.1125,3584.342105263158,235.22960526315774
no08,533967_00532_00534_1,1515,15:15,3222.33,3347.3857894736843,125.0557894736844
no08,533967_00532_00534_1,1530,15:30,3718.527000000001,3886.078421052632,167.5514210526312
no08,533967_00532_00534_1,1545,15:45,3944.469,3969.62,25.15099999999984
no08,533967_00532_00534_1,1600,16:00,5555.7685,5674.4073684210525,118.6388684210524
no08,533967_00532_00534_1,1615,16:15,4464.9005,4299.840526315789,-165.0599736842105
no08,533967_00532_00534_1,1630,16:30,7935.106,8929.39947368421,994.2934736842108
no08,533967_00532_00534_1,1645,16:45,5559.193499999999,5952.712631578947,393.51913157894796
no08,533967_00532_00534_1,1700,17:00,6414.442,6682.662105263158,268.2201052631581
no08,533967_00532_00534_1,1715,17:15,5312.1,5463.36,151.2599999999993
no08,533967_00532_00534_1,1730,17:30,4558.091,4691.728421052631,133.637421052631
no08,533967_00532_00534_1,1745,17:45,3628.0125,3636.333684210526,8.321184210526098
no08,533967_00532_00534_1,1800,18:00,5628.811,5632.972105263158,4.161105263157879
no08,533967_00532_00534_1,1815,18:15,5307.89,5151.1578947368425,-156.7321052631578
no08,533967_00532_00534_1,1830,18:30,4453.9935,4979.748947368421,525.7554473684213
no08,533967_00532_00534_1,1845,18:45,3942.8205,3981.7378947368425,38.91739473684265
no08,533967_00532_01530_0,630,06:30,460.7575,453.1615789473684,-7.5959210526315815
no08,533967_00532_01530_0,645,06:45,640.649,651.501052631579,10.852052631579
no08,533967_00532_01530_0,700,07:00,362.5045,381.5457894736842,19.041289473684174
no08,533967_00532_01530_0,715,07:15,269.0425,275.4321052631579,6.3896052631578755
no08,533967_00532_01530_0,730,07:30,504.728,561.1042105263158,56.37621052631579
no08,533967_00532_01530_0,745,07:45,427.059,433.6452631578948,6.586263157894791
no08,533967_00532_01530_0,800,08:00,578.0585,589.6115789473683,11.553078947368363
no08,533967_00532_01530_0,815,08:15,690.482,657.9978947368421,-32.48410526315786
no08,533967_00532_01530_0,830,08:30,686.7085,802.5436842105263,115.83518421052634
no08,533967_00532_01530_0,845,08:45,769.213,869.6973684210526,100.48436842105264
no08,533967_00532_01530_0,900,09:00,480.604,436.64421052631576,-43.959789473684225
no08,533967_00532_01530_0,915,09:15,364.4995,370.1736842105264,5.674184210526391
no08,533967_00532_01530_0,930,09:30,492.97300000000007,503.96421052631575,10.991210526315683
no08,533967_00532_01530_0,945,09:45,445.6785,535.6094736842106,89.93097368421058
no08,533967_00532_01530_0,1000,10:00,656.7745,688.3205263157895,31.546026315789504
no08,533967_00532_01530_0,1015,10:15,708.9599999999999,710.7405263157895,1.7805263157895297
no08,533967_00532_01530_0,1030,10:30,616.2955,642.1189473684211,25.82344736842117
no08,533967_00532_01530_0,1045,10:45,485.775,569.2073684210527,83.43236842105273
no08,533967_00532_01530_0,1100,11:00,584.995,711.0752631578947,126.0802631578947
no08,533967_00532_01530_0,1115,11:15,318.4295,430.1247368421053,111.69523684210526
no08,533967_00532_01530_0,1130,11:30,519.058,539.2689473684211,20.210947368421103
no08,533967_00532_01530_0,1145,11:45,385.391,425.8,40.40899999999999
no08,533967_00532_01530_0,1200,12:00,396.338,476.3394736842106,80.00147368421057
no08,533967_00532_01530_0,1215,12:15,394.77,450.13421052631577,55.36421052631579
no08,533967_00532_01530_0,1230,12:30,455.161,474.2468421052632,19.085842105263225
no08,533967_00532_01530_0,1245,12:45,542.545,500.0773684210526,-42.46763157894736
no08,533967_00532_01530_0,1300,13:00,792.404,745.6626315789474,-46.741368421052584
no08,533967_00532_01530_0,1315,13:15,405.656,402.02263157894737,-3.633368421052637
no08,533967_00532_01530_0,1330,13:30,340.00300000000004,377.61526315789473,37.61226315789469
no08,533967_00532_01530_0,1345,13:45,247.9085,301.9189473684211,54.01044736842107
no08,533967_00532_01530_0,1400,14:00,372.425,500.9184210526316,128.49342105263156
no08,533967_00532_01530_0,1415,14:15,484.7685,559.6531578947369,74.88465789473685
no08,533967_00532_01530_0,1430,14:30,744.549,728.26,-16.288999999999987
no08,533967_00532_01530_0,1445,14:45,414.7325,445.4142105263159,30.681710526315896
no08,533967_00532_01530_0,1500,15:00,405.465,512.4278947368421,106.96289473684209
no08,533967_00532_01530_0,1515,15:15,358.117,422.9078947368421,64.79089473684206
no08,533967_00532_01530_0,1530,15:30,568.553,580.5173684210527,11.964368421052654
no08,533967_00532_01530_0,1545,15:45,471.0935,453.6952631578947,-17.39823684210529
no08,533967_00532_01530_0,1600,16:00,667.1925,784.0831578947368,116.89065789473682
no08,533967_00532_01530_0,1615,16:15,440.225,428.1657894736842,-12.059210526315837
no08,533967_00532_01530_0,1630,16:30,869.1754999999999,891.6873684210527,22.51186842105278
no08,533967_00532_01530_0,1645,16:45,645.902,699.1147368421052,53.21273684210519
no08,533967_00532_01530_0,1700,17:00,691.0184999999999,730.7947368421053,39.77623684210539
no08,533967_00532_01530_0,1715,17:15,775.2115,771.8573684210527,-3.3541315789473174
no08,533967_00532_01530_0,1730,17:30,597.596,618.3847368421052,20.78873684210521
no08,533967_00532_01530_0,1745,17:45,759.7909999999999,757.5936842105264,-2.1973157894735778
no08,533967_00532_01530_0,1800,18:00,759.5,763.6852631578947,4.185263157894724
no08,533967_00532_01530_0,1815,18:15,372.092,335.6394736842105,-36.4525263157895
no08,533967_00532_01530_0,1830,18:30,376.2025,461.7352631578947,85.53276315789469
no08,533967_00532_01530_0,1845,18:45,361.736,356.73999999999995,-4.996000000000038
no08,533967_00532_01530_1,630,06:30,588.596,593.1068421052631,4.510842105263123
no08,533967_00532_01530_1,645,06:45,756.9984999999999,762.6942105263158,5.6957105263159065
no08,533967_00532_01530_1,700,07:00,696.3050000000001,663.1057894736842,-33.199210526315824
no08,533967_00532_01530_1,715,07:15,755.1285,802.9852631578948,47.85676315789476
no08,533967_00532_01530_1,730,07:30,2269.174,2338.972105263158,69.79810526315805
no08,533967_00532_01530_1,745,07:45,2571.2225000000003,2632.2005263157894,60.978026315789066
no08,533967_00532_01530_1,800,08:00,2067.951,2191.326315789473,123.375315789473
no08,533967_00532_01530_1,815,08:15,2357.713,2661.9363157894736,304.2233157894734
no08,533967_00532_01530_1,830,08:30,2989.2905,2946.3300000000004,-42.96049999999968
no08,533967_00532_01530_1,845,08:45,2138.972,2237.4673684210525,98.49536842105226
no08,533967_00532_01530_1,900,09:00,1587.1844999999998,1539.247368421053,-47.937131578946946
no08,533967_00532_01530_1,915,09:15,1353.643,1282.5115789473684,-71.1314210526316
no08,533967_00532_01530_1,930,09:30,1096.2935,1249.0552631578946,152.76176315789462
no08,533967_00532_01530_1,945,09:45,1021.122,1074.278947368421,53.15694736842113
no08,533967_00532_01530_1,1000,10:00,1533.8265,1512.0136842105262,-21.81281578947369
no08,533967_00532_01530_1,1015,10:15,1773.2235,1854.5089473684209,81.28544736842082
no08,533967_00532_01530_1,1030,10:30,1627.074,1706.7936842105264,79.71968421052634
no08,533967_00532_01530_1,1045,10:45,1995.089,1852.2910526315789,-142.7979473684211
no08,533967_00532_01530_1,1100,11:00,1574.2995,1629.162105263158,54.862605263158
no08,533967_00532_01530_1,1115,11:15,4654.2815,4686.465263157895,32.183763157894646
no08,533967_00532_01530_1,1130,11:30,2762.147,2724.0442105263155,-38.102789473684425
no08,533967_00532_01530_1,1145,11:45,3244.7525,3353.705789473684,108.95328947368398
no08,533967_00532_01530_1,1200,12:00,3153.0345,2981.843684210526,-171.19081578947407
no08,533967_00532_01530_1,1215,12:15,4582.1915,4773.28052631579,191.08902631578985
no08,533967_00532_01530_1,1230,12:30,4654.161,4569.635789473684,-84.52521052631619
no08,533967_00532_01530_1,1245,12:45,3984.596500000001,4205.127368421053,220.53086842105176
no08,533967_00532_01530_1,1300,13:00,4186.6305,4031.971052631579,-154.6594473684213
no08,533967_00532_01530_1,1315,13:15,3472.938,3358.944736842105,-113.99326315789494
no08,533967_00532_01530_1,1330,13:30,4207.414,4240.129473684211,32.71547368421125
no08,533967_00532_01530_1,1345,13:45,3899.0695,3840.2094736842105,-58.86002631578958
no08,533967_00532_01530_1,1400,14:00,4192.111,4354.801052631579,162.69005263157942
no08,533967_00532_01530_1,1415,14:15,3862.451,3730.5247368421055,-131.92626315789448
no08,533967_00532_01530_1,1430,14:30,1957.737,1928.8463157894737,-28.890684210526388
no08,533967_00532_01530_1,1445,14:45,2429.063,2493.901052631579,64.8380526315791
no08,533967_00532_01530_1,1500,15:00,2543.715,2627.624736842105,83.90973684210485
no08,533967_00532_01530_1,1515,15:15,2577.004,2653.027894736842,76.02389473684207
no08,533967_00532_01530_1,1530,15:30,2469.2315,2489.3584210526315,20.126921052631587
no08,533967_00532_01530_1,1545,15:45,2509.911,2504.2505263157896,-5.660473684210501
no08,533967_00532_01530_1,1600,16:00,2093.0405,3061.751578947368,968.7110789473682
no08,533967_00532_01530_1,1615,16:15,3494.2555,4099.778421052632,605.5229210526322
no08,533967_00532_01530_1,1630,16:30,3448.7755,3324.2336842105265,-124.54181578947373
no08,533967_00532_01530_1,1645,16:45,3994.6595,4031.8973684210528,37.23786842105255
no08,533967_00532_01530_1,1700,17:00,2535.7115000000003,2545.4773684210527,9.765868421052346
no08,533967_00532_01530_1,1715,17:15,3034.9535,2942.8321052631577,-92.12139473684238
no08,533967_00532_01530_1,1730,17:30,2733.583,2830.17,96.58699999999999
no08,533967_00532_01530_1,1745,17:45,3913.722,3911.045789473684,-2.6762105263160265
no08,533967_00532_01530_1,1800,18:00,2389.8945,2249.547368421053,-140.34713157894703
no08,533967_00532_01530_1,1815,18:15,1655.02,1622.8031578947368,-32.21684210526314
no08,533967_00532_01530_1,1830,18:30,3008.661,3822.347894736842,813.6868947368421
no08,533967_00532_01530_1,1845,18:45,2712.3745,2769.682105263158,57.307605263158166
no08,533967_00532_11490_0,630,06:30,1568.525,1569.0657894736842,0.5407894736840717
no08,533967_00532_11490_0,645,06:45,1360.0875,1367.921052631579,7.833552631578868
no08,533967_00532_11490_0,700,07:00,1698.8974999999998,1691.868947368421,-7.028552631578805
no08,533967_00532_11490_0,715,07:15,2396.136,2429.0305263157898,32.89452631578979
no08,533967_00532_11490_0,730,07:30,2574.5525,2564.733157894737,-9.819342105262876
no08,533967_00532_11490_0,745,07:45,2997.527,2932.743684210526,-64.78331578947382
no08,533967_00532_11490_0,800,08:00,2863.3975,2933.5957894736844,70.19828947368433
no08,533967_00532_11490_0,815,08:15,2707.1155,2733.015263157895,25.899763157894995
no08,533967_00532_11490_0,830,08:30,2940.455,2921.525263157895,-18.92973684210483
no08,533967_00532_11490_0,845,08:45,2434.7315,2481.9673684210525,47.2358684210526
no08,533967_00532_11490_0,900,09:00,2815.13,2828.833157894737,13.703157894736705
no08,533967_00532_11490_0,915,09:15,2394.083,2402.4173684210527,8.334368421052659
no08,533967_00532_11490_0,930,09:30,2681.367,2709.101052631579,27.734052631578834
no08,533967_00532_11490_0,945,09:45,2431.668,2447.4894736842107,15.82147368421056
no08,533967_00532_11490_0,1000,10:00,2396.674,2412.826842105263,16.152842105263062
no08,533967_00532_11490_0,1015,10:15,2211.2645,2220.3615789473683,9.097078947368118
no08,533967_00532_11490_0,1030,10:30,2325.8315,2337.1094736842106,11.277973684210792
no08,533967_00532_11490_0,1045,10:45,2343.3325,2363.1605263157894,19.82802631578943
no08,533967_00532_11490_0,1100,11:00,2410.726,2441.2063157894736,30.48031578947348
no08,533967_00532_11490_0,1115,11:15,2204.0245,2137.166315789474,-66.8581842105259
no08,533967_00532_11490_0,1130,11:30,2604.852,2678.079473684211,73.22747368421096
no08,533967_00532_11490_0,1145,11:45,2261.193,2272.837368421053,11.644368421052604
no08,533967_00532_11490_0,1200,12:00,2800.871,2778.6236842105263,-22.24731578947376
no08,533967_00532_11490_0,1215,12:15,3013.2135,3035.6068421052632,22.3933421052634
no08,533967_00532_11490_0,1230,12:30,2384.4105,2380.148947368421,-4.261552631578979
no08,533967_00532_11490_0,1245,12:45,2260.318,2311.401052631579,51.083052631578994
no08,533967_00532_11490_0,1300,13:00,2635.2635,2655.5394736842104,20.275973684210385
no08,533967_00532_11490_0,1315,13:15,2229.4315,2237.5994736842104,8.16797368421021
no08,533967_00532_11490_0,1330,13:30,2285.7265,2266.8984210526314,-18.828078947368795
no08,533967_00532_11490_0,1345,13:45,1493.9075,1457.5152631578949,-36.39223684210515
no08,533967_00532_11490_0,1400,14:00,2027.0305,2061.9973684210527,34.966868421052595
no08,533967_00532_11490_0,1415,14:15,2521.6040000000003,2556.614210526316,35.01021052631586
no08,533967_00532_11490_0,1430,14:30,2536.352,2541.418947368421,5.066947368421097
no08,533967_00532_11490_0,1445,14:45,2182.518,2164.078421052632,-18.439578947367863
no08,533967_00532_11490_0,1500,15:00,2177.2965,2126.334210526316,-50.962289473683995
no08,533967_00532_11490_0,1515,15:15,2119.4505,2163.37,43.91949999999997
no08,533967_00532_11490_0,1530,15:30,2206.3085,2200.551052631579,-5.7574473684212535
no08,533967_00532_11490_0,1545,15:45,2254.3035,2298.084736842105,43.781236842105045
no08,533967_00532_11490_0,1600,16:00,2995.837,3049.952105263158,54.11510526315806
no08,533967_00532_11490_0,1615,16:15,2736.311,2732.756315789474,-3.554684210526375
no08,533967_00532_11490_0,1630,16:30,2911.211,2904.246842105263,-6.9641578947366725
no08,533967_00532_11490_0,1645,16:45,3038.6425,3122.8994736842105,84.2569736842106
no08,533967_00532_11490_0,1700,17:00,3052.2865,3031.1710526315787,-21.115447368421428
no08,533967_00532_11490_0,1715,17:15,2914.5335,2903.3973684210528,-11.136131578947243
no08,533967_00532_11490_0,1730,17:30,2419.7425,2397.472631578948,-22.269868421051797
no08,533967_00532_11490_0,1745,17:45,1911.0965,1853.1815789473685,-57.9149210526316
no08,533967_00532_11490_0,1800,18:00,2593.8365000000003,2619.161052631579,25.324552631578626
no08,533967_00532_11490_0,1815,18:15,2687.072,2667.865263157895,-19.20673684210533
no08,533967_00532_11490_0,1830,18:30,2285.377,2409.212631578948,123.83563157894787
no08,533967_00532_11490_0,1845,18:45,2000.745,2004.5926315789477,3.847631578947812
no08,533967_00532_11490_1,630,06:30,5622.8155,5721.456315789474,98.64081578947389
no08,533967_00532_11490_1,645,06:45,4316.543,4331.298947368421,14.755947368421403
no08,533967_00532_11490_1,700,07:00,5196.772999999999,5218.241578947368,21.46857894736877
no08,533967_00532_11490_1,715,07:15,5102.9245,5158.1331578947365,55.20865789473646
no08,533967_00532_11490_1,730,07:30,4918.630999999999,4986.09947368421,67.46847368421095
no08,533967_00532_11490_1,745,07:45,5819.3150000000005,5893.334210526316,74.01921052631587
no08,533967_00532_11490_1,800,08:00,5089.77,5084.705263157895,-5.064736842105049
no08,533967_00532_11490_1,815,08:15,5406.6,5452.217894736842,45.61789473684166
no08,533967_00532_11490_1,830,08:30,5764.3305,5800.38,36.04950000000008
no08,533967_00532_11490_1,845,08:45,6469.522999999999,6665.9473684210525,196.42436842105326
no08,533967_00532_11490_1,900,09:00,4912.5605000000005,5224.58947368421,312.02897368420963
no08,533967_00532_11490_1,915,09:15,5124.128500000001,5174.812631578948,50.68413157894702
no08,533967_00532_11490_1,930,09:30,7216.411,7335.512105263158,119.10110526315839
no08,533967_00532_11490_1,945,09:45,4251.759,4319.868947368421,68.10994736842076
no08,533967_00532_11490_1,1000,10:00,3832.8215,3837.801052631579,4.9795526315788265
no08,533967_00532_11490_1,1015,10:15,3341.6265,3347.5105263157893,5.88402631578947
no08,533967_00532_11490_1,1030,10:30,3631.7545,3619.8578947368414,-11.896605263158563
no08,533967_00532_11490_1,1045,10:45,3517.8675000000003,3512.2331578947365,-5.6343421052638405
no08,533967_00532_11490_1,1100,11:00,3936.1165,3977.258947368421,41.14244736842102
no08,533967_00532_11490_1,1115,11:15,3737.102,3793.786842105263,56.684842105263215
no08,533967_00532_11490_1,1130,11:30,4448.4955,4418.645263157894,-29.850236842105915
no08,533967_00532_11490_1,1145,11:45,3603.8165,3610.454210526316,6.637710526315914
no08,533967_00532_11490_1,1200,12:00,3451.3105,3561.558947368421,110.24844736842078
no08,533967_00532_11490_1,1215,12:15,3745.3415,3676.5894736842106,-68.75202631578941
no08,533967_00532_11490_1,1230,12:30,4114.638,4038.759473684211,-75.8785263157888
no08,533967_00532_11490_1,1245,12:45,3863.2845,3831.258421052632,-32.026078947368205
no08,533967_00532_11490_1,1300,13:00,4594.254,4570.072105263158,-24.18189473684197
no08,533967_00532_11490_1,1315,13:15,3946.252,4049.31,103.05799999999999
no08,533967_00532_11490_1,1330,13:30,4840.035,5020.042105263158,180.00710526315834
no08,533967_00532_11490_1,1345,13:45,4035.305,4102.386842105264,67.08184210526406
no08,533967_00532_11490_1,1400,14:00,4999.5645,5022.483684210526,22.9191842105256
no08,533967_00532_11490_1,1415,14:15,6026.4405,6054.292631578947,27.852131578947592
no08,533967_00532_11490_1,1430,14:30,3637.9115,3638.5752631578944,0.6637631578942091
no08,533967_00532_11490_1,1445,14:45,4339.6415,4378.987368421052,39.34586842105273
no08,533967_00532_11490_1,1500,15:00,3342.7995,3466.181578947368,123.38207894736797
no08,533967_00532_11490_1,1515,15:15,4338.36,4417.488421052632,79.1284210526319
no08,533967_00532_11490_1,1530,15:30,4413.322,4524.256842105264,110.93484210526367
no08,533967_00532_11490_1,1545,15:45,3744.5595,3707.722105263158,-36.837394736841816
no08,533967_00532_11490_1,1600,16:00,3834.2705,3862.936315789473,28.665815789473072
no08,533967_00532_11490_1,1615,16:15,3999.7185,3960.083684210526,-39.63481578947403
no08,533967_00532_11490_1,1630,16:30,2618.451,2590.3852631578948,-28.065736842105252
no08,533967_00532_11490_1,1645,16:45,4215.1155,4249.530000000001,34.41450000000077
no08,533967_00532_11490_1,1700,17:00,3391.7505,3456.0436842105264,64.2931842105263
no08,533967_00532_11490_1,1715,17:15,4207.266,4195.348947368421,-11.917052631578372
no08,533967_00532_11490_1,1730,17:30,3924.2435,3903.205263157896,-21.038236842104197
no08,533967_00532_11490_1,1745,17:45,4257.818,4266.603684210527,8.785684210526597
no08,533967_00532_11490_1,1800,18:00,2640.212,2694.2015789473685,53.9895789473685
no08,533967_00532_11490_1,1815,18:15,3345.9435,3280.006842105263,-65.93665789473698
no08,533967_00532_11490_1,1830,18:30,2373.537,2308.742631578948,-64.79436842105179
no08,533967_00532_11490_1,1845,18:45,3092.462,3244.4094736842103,151.9474736842103
no08,533967_00532_11497_0,630,06:30,125.797,124.95631578947368,-0.8406842105263195
no08,533967_00532_11497_0,645,06:45,110.0075,110.67631578947368,0.6688157894736833
no08,533967_00532_11497_0,700,07:00,266.8045,265.2884210526316,-1.5160789473684417
no08,533967_00532_11497_0,715,07:15,187.479,190.2526315789474,2.7736315789473736
no08,533967_00532_11497_0,730,07:30,283.714,278.4863157894737,-5.22768421052632
no08,533967_00532_11497_0,745,07:45,409.5085,409.4415789473685,-0.06692105263152826
no08,533967_00532_11497_0,800,08:00,329.972,331.5936842105263,1.6216842105263254
no08,533967_00532_11497_0,815,08:15,328.0455,331.19157894736844,3.146078947368437
no08,533967_00532_11497_0,830,08:30,72.203,73.0078947368421,0.8048947368421011
no08,533967_00532_11497_0,845,08:45,0.0,0.0,0.0
no08,533967_00532_11497_0,900,09:00,27.901,28.105263157894736,0.20426315789473648
no08,533967_00532_11497_0,915,09:15,57.648,60.42526315789473,2.7772631578947298
no08,533967_00532_11497_0,930,09:30,297.8015,294.7652631578947,-3.036236842105268
no08,533967_00532_11497_0,945,09:45,96.908,95.89105263157894,-1.0169473684210573
no08,533967_00532_11497_0,1000,10:00,228.17400000000004,230.5636842105263,2.3896842105262692
no08,533967_00532_11497_0,1015,10:15,65.349,65.9921052631579,0.6431052631578922
no08,533967_00532_11497_0,1030,10:30,19.614615384615384,20.831666666666667,1.2170512820512833
no08,533967_00532_11497_0,1045,10:45,62.0405,62.26263157894737,0.22213157894736923
no08,533967_00532_11497_0,1100,11:00,25.0515,25.84210526315789,0.7906052631578895
no08,533967_00532_11497_0,1115,11:15,440.326,439.4168421052632,-0.9091578947368362
no08,533967_00532_11497_0,1130,11:30,88.80600000000001,84.90315789473685,-3.9028421052631614
no08,533967_00532_11497_0,1145,11:45,43.949,45.206315789473685,1.2573157894736866
no08,533967_00532_11497_0,1200,12:00,66.44800000000001,65.05421052631579,-1.3937894736842225
no08,533967_00532_11497_0,1215,12:15,15.946842105263158,15.389444444444443,-0.5573976608187152
no08,533967_00532_11497_0,1230,12:30,167.43800000000002,166.98210526315788,-0.45589473684214
no08,533967_00532_11497_0,1245,12:45,95.888,96.84736842105262,0.9593684210526163
no08,533967_00532_11497_0,1300,13:00,77.5505,80.94842105263157,3.397921052631574
no08,533967_00532_11497_0,1315,13:15,29.5545,24.948421052631577,-4.606078947368424
no08,533967_00532_11497_0,1330,13:30,359.775,372.43894736842105,12.663947368421077
no08,533967_00532_11497_0,1345,13:45,177.406,166.80157894736843,-10.60442105263158
no08,533967_00532_11497_0,1400,14:00,141.66400000000002,140.46894736842106,-1.1950526315789602
no08,533967_00532_11497_0,1415,14:15,13.066666666666666,16.285714285714285,3.2190476190476183
no08,533967_00532_11497_0,1430,14:30,0.0,0.0,0.0
no08,533967_00532_11497_0,1445,14:45,50.7575,50.369473684210526,-0.38802631578947455
no08,533967_00532_11497_0,1500,15:00,111.844,116.05263157894736,4.208631578947362
no08,533967_00532_11497_0,1515,15:15,57.151,54.11263157894737,-3.038368421052631
no08,533967_00532_11497_0,1530,15:30,29.753499999999995,26.05210526315789,-3.7013947368421043
no08,533967_00532_11497_0,1545,15:45,109.858,115.69263157894736,5.834631578947352
no08,533967_00532_11497_0,1600,16:00,159.555,152.47210526315789,-7.082894736842121
no08,533967_00532_11497_0,1615,16:15,63.697500000000005,69.89368421052632,6.196184210526312
no08,533967_00532_11497_0,1630,16:30,104.9965,105.20736842105264,0.2108684210526377
no08,533967_00532_11497_0,1645,16:45,50.0985,50.73368421052632,0.6351842105263188
no08,533967_00532_11497_0,1700,17:00,114.4545,115.93894736842104,1.4844473684210442
no08,533967_00532_11497_0,1715,17:15,185.7745,187.80894736842103,2.0344473684210413
no08,533967_00532_11497_0,1730,17:30,347.4045,348.8794736842105,1.4749736842105108
no08,533967_00532_11497_0,1745,17:45,180.2225,182.0094736842105,1.7869736842104942
no08,533967_00532_11497_0,1800,18:00,123.5065,119.0557894736842,-4.450710526315802
no08,533967_00532_11497_0,1815,18:15,117.455,114.56473684210526,-2.8902631578947364
no08,533967_00532_11497_0,1830,18:30,205.6715,207.9915789473684,2.320078947368387
no08,533967_00532_11497_0,1845,18:45,267.7165,266.9452631578947,-0.7712368421052815
no08,533967_00532_11497_1,630,06:30,1413.5815,1410.8110526315788,-2.7704473684211735
no08,533967_00532_11497_1,645,06:45,1299.3515,1293.0378947368422,-6.313605263157797
no08,533967_00532_11497_1,700,07:00,1383.617,1383.0784210526317,-0.5385789473682507
no08,533967_00532_11497_1,715,07:15,1228.8795,1245.4436842105265,16.56418421052649
no08,533967_00532_11497_1,730,07:30,1075.8855,1059.4463157894736,-16.43918421052649
no08,533967_00532_11497_1,745,07:45,1208.8795,1232.3363157894737,23.456815789473694
no08,533967_00532_11497_1,800,08:00,1385.928,1383.5378947368422,-2.3901052631579205
no08,533967_00532_11497_1,815,08:15,2380.6345,2419.478947368421,38.84444736842079
no08,533967_00532_11497_1,830,08:30,1969.3685,2098.922105263158,129.5536052631578
no08,533967_00532_11497_1,845,08:45,1264.522,1264.6463157894736,0.12431578947371236
no08,533967_00532_11497_1,900,09:00,1120.1405,1111.1536842105263,-8.986815789473667
no08,533967_00532_11497_1,915,09:15,884.6494999999999,895.11,10.460500000000138
no08,533967_00532_11497_1,930,09:30,1251.838,1253.1784210526316,1.3404210526316547
no08,533967_00532_11497_1,945,09:45,1176.1219999999998,1180.9984210526316,4.876421052631713
no08,533967_00532_11497_1,1000,10:00,1289.2905,1307.8615789473683,18.571078947368278
no08,533967_00532_11497_1,1015,10:15,1110.1095,1086.0121052631578,-24.09739473684226
no08,533967_00532_11497_1,1030,10:30,1157.0645,1183.852105263158,26.787605263157957
no08,533967_00532_11497_1,1045,10:45,726.3455,719.8678947368421,-6.477605263157898
no08,533967_00532_11497_1,1100,11:00,704.8059999999999,693.471052631579,-11.334947368420899
no08,533967_00532_11497_1,1115,11:15,890.177,900.9994736842104,10.822473684210422
no08,533967_00532_11497_1,1130,11:30,1105.9540000000002,1090.917894736842,-15.036105263158106
no08,533967_00532_11497_1,1145,11:45,803.467,816.1842105263158,12.717210526315853
no08,533967_00532_11497_1,1200,12:00,671.881,667.7589473684211,-4.1220526315788675
no08,533967_00532_11497_1,1215,12:15,718.1165,724.5184210526317,6.401921052631678
no08,533967_00532_11497_1,1230,12:30,661.4984999999999,669.0447368421053,7.5462368421053725
no08,533967_00532_11497_1,1245,12:45,562.0385,546.0947368421052,-15.94376315789475
no08,533967_00532_11497_1,1300,13:00,621.4970000000001,599.1789473684211,-22.318052631579008
no08,533967_00532_11497_1,1315,13:15,461.0445,469.5210526315789,8.476552631578897
no08,533967_00532_11497_1,1330,13:30,449.404,440.1621052631579,-9.241894736842085
no08,533967_00532_11497_1,1345,13:45,526.702,511.5326315789473,-15.169368421052695
no08,533967_00532_11497_1,1400,14:00,554.4215,543.5368421052632,-10.884657894736847
no08,533967_00532_11497_1,1415,14:15,870.5745,868.3831578947368,-2.1913421052631747
no08,533967_00532_11497_1,1430,14:30,1052.6565,1071.2026315789474,18.546131578947325
no08,533967_00532_11497_1,1445,14:45,522.7555,539.9510526315789,17.19555263157895
no08,533967_00532_11497_1,1500,15:00,665.4515,649.8405263157895,-15.610973684210535
no08,533967_00532_11497_1,1515,15:15,559.3465,534.1626315789474,-25.18386842105258
no08,533967_00532_11497_1,1530,15:30,446.14850000000007,454.79210526315785,8.64360526315778
no08,533967_00532_11497_1,1545,15:45,622.5085,608.3752631578947,-14.133236842105362
no08,533967_00532_11497_1,1600,16:00,1053.7710000000002,1091.3363157894737,37.565315789473516
no08,533967_00532_11497_1,1615,16:15,839.5065000000001,843.2573684210525,3.7508684210524734
no08,533967_00532_11497_1,1630,16:30,1200.6875,1219.9173684210527,19.229868421052743
no08,533967_00532_11497_1,1645,16:45,920.029,950.5842105263156,30.55521052631559
no08,533967_00532_11497_1,1700,17:00,1222.7615,1235.0847368421053,12.323236842105189
no08,533967_00532_11497_1,1715,17:15,1162.506,1131.4036842105263,-31.102315789473778
no08,533967_00532_11497_1,1730,17:30,766.74,724.1657894736842,-42.574210526315824
no08,533967_00532_11497_1,1745,17:45,774.6415,791.6647368421053,17.023236842105348
no08,533967_00532_11497_1,1800,18:00,970.802,994.437894736842,23.635894736842033
no08,533967_00532_11497_1,1815,18:15,618.8534999999999,637.0578947368422,18.204394736842232
no08,533967_00532_11497_1,1830,18:30,559.551,576.3842105263159,16.83321052631584
no08,533967_00532_11497_1,1845,18:45,781.1510000000001,768.948947368421,-12.202052631579022
no08,533967_00533_11502_0,630,06:30,10.89421052631579,10.777222222222225,-0.11698830409356553
no08,533967_00533_11502_0,645,06:45,65.2465,65.26,0.013500000000007617
no08,533967_00533_11502_0,700,07:00,111.1005,111.20842105263158,0.10792105263158192
no08,533967_00533_11502_0,715,07:15,242.599,241.0321052631579,-1.5668947368421016
no08,533967_00533_11502_0,730,07:30,79.337,81.51210526315789,2.1751052631578887
no08,533967_00533_11502_0,745,07:45,23.051,25.84210526315789,2.791105263157892
no08,533967_00533_11502_0,800,08:00,85.9005,67.6321052631579,-18.268394736842097
no08,533967_00533_11502_0,815,08:15,240.299,263.0384210526316,22.73942105263157
no08,533967_00533_11502_0,830,08:30,310.999,311.5842105263158,0.585210526315791
no08,533967_00533_11502_0,845,08:45,477.3805,473.6857894736842,-3.6947105263157596
no08,533967_00533_11502_0,900,09:00,203.462,207.28526315789475,3.8232631578947576
no08,533967_00533_11502_0,915,09:15,357.692,358.5221052631579,0.8301052631579182
no08,533967_00533_11502_0,930,09:30,321.3,322.0557894736842,0.7557894736841604
no08,533967_00533_11502_0,945,09:45,201.873,196.6963157894737,-5.176684210526304
no08,533967_00533_11502_0,1000,10:00,148.292,152.45315789473685,4.161157894736846
no08,533967_00533_11502_0,1015,10:15,225.09,231.9042105263158,6.814210526315804
no08,533967_00533_11502_0,1030,10:30,330.0095,321.3842105263158,-8.625289473684177
no08,533967_00533_11502_0,1045,10:45,161.8955,164.8394736842105,2.943973684210505
no08,533967_00533_11502_0,1100,11:00,290.3675,295.678947368421,5.311447368421
no08,533967_00533_11502_0,1115,11:15,282.419,275.08894736842103,-7.330052631578951
no08,533967_00533_11502_0,1130,11:30,521.4435000000001,523.7073684210527,2.2638684210526208
no08,533967_00533_11502_0,1145,11:45,167.7055,173.80052631578948,6.095026315789482
no08,533967_00533_11502_0,1200,12:00,430.294,430.94,0.646000000000015
no08,533967_00533_11502_0,1215,12:15,359.90950000000004,366.9115789473684,7.002078947368375
no08,533967_00533_11502_0,1230,12:30,418.958,406.82,-12.138000000000034
no08,533967_00533_11502_0,1245,12:45,221.268,233.44789473684213,12.17989473684213
no08,533967_00533_11502_0,1300,13:00,311.229,299.25,-11.978999999999985
no08,533967_00533_11502_0,1315,13:15,373.8155,372.8657894736842,-0.9497105263158119
no08,533967_00533_11502_0,1330,13:30,254.005,258.3931578947369,4.388157894736878
no08,533967_00533_11502_0,1345,13:45,424.151,437.8421052631579,13.691105263157908
no08,533967_00533_11502_0,1400,14:00,408.432,395.00947368421055,-13.422526315789469
no08,533967_00533_11502_0,1415,14:15,491.68500000000006,497.6978947368421,6.012894736842043
no08,533967_00533_11502_0,1430,14:30,234.35700000000003,232.66105263157897,-1.6959473684210593
no08,533967_00533_11502_0,1445,14:45,520.3534999999999,521.4621052631578,1.1086052631578696
no08,533967_00533_11502_0,1500,15:00,412.9285,427.4110526315789,14.482552631578926
no08,533967_00533_11502_0,1515,15:15,419.7925,403.5126315789474,-16.27986842105264
no08,533967_00533_11502_0,1530,15:30,348.8385,356.788947368421,7.95044736842101
no08,533967_00533_11502_0,1545,15:45,282.7505,280.8342105263158,-1.9162894736841736
no08,533967_00533_11502_0,1600,16:00,279.663,283.2478947368421,3.5848947368421022
no08,533967_00533_11502_0,1615,16:15,419.5655,409.27315789473687,-10.292342105263117
no08,533967_00533_11502_0,1630,16:30,237.90500000000003,253.26421052631585,15.35921052631582
no08,533967_00533_11502_0,1645,16:45,428.009,435.0957894736842,7.086789473684178
no08,533967_00533_11502_0,1700,17:00,335.83450000000005,327.6894736842105,-8.14502631578955
no08,533967_00533_11502_0,1715,17:15,140.7165,137.88315789473685,-2.8333421052631422
no08,533967_00533_11502_0,1730,17:30,326.61400000000003,329.0047368421053,2.390736842105241
no08,533967_00533_11502_0,1745,17:45,466.1255,461.0752631578948,-5.050236842105164
no08,533967_00533_11502_0,1800,18:00,290.5305,299.5905263157895,9.060026315789457
no08,533967_00533_11502_0,1815,18:15,546.5735,545.7257894736842,-0.8477105263157227
no08,533967_00533_11502_0,1830,18:30,388.451,369.44052631578944,-19.01047368421058
no08,533967_00533_11502_0,1845,18:45,321.611,331.89,10.278999999999996
no08,533967_00533_11502_1,630,06:30,366.951,365.2168421052632,-1.7341578947368248
no08,533967_00533_11502_1,645,06:45,213.551,211.57368421052632,-1.9773157894736642
no08,533967_00533_11502_1,700,07:00,375.6355,374.0621052631579,-1.57339473684209
no08,533967_00533_11502_1,715,07:15,446.9785,445.1910526315789,-1.7874473684211125
no08,533967_00533_11502_1,730,07:30,460.9835,460.9694736842105,-0.014026315789465116
no08,533967_00533_11502_1,745,07:45,323.531,322.141052631579,-1.3899473684210193
no08,533967_00533_11502_1,800,08:00,603.536,603.9621052631578,0.426105263157865
no08,533967_00533_11502_1,815,08:15,484.549,484.6742105263158,0.12521052631581142
no08,533967_00533_11502_1,830,08:30,621.684,619.0721052631578,-2.611894736842146
no08,533967_00533_11502_1,845,08:45,402.0825,402.4489473684211,0.36644736842112025
no08,533967_00533_11502_1,900,09:00,443.092,441.7315789473684,-1.3604210526315796
no08,533967_00533_11502_1,915,09:15,348.4785,345.8489473684211,-2.6295526315789175
no08,533967_00533_11502_1,930,09:30,428.8255,427.5294736842105,-1.2960263157895042
no08,533967_00533_11502_1,945,09:45,368.744,368.7136842105263,-0.03031578947371827
no08,533967_00533_11502_1,1000,10:00,460.721,458.6747368421052,-2.0462631578948276
no08,533967_00533_11502_1,1015,10:15,409.7245,409.9668421052632,0.2423421052632193
no08,533967_00533_11502_1,1030,10:30,385.175,384.2984210526316,-0.8765789473683867
no08,533967_00533_11502_1,1045,10:45,338.645,335.79526315789474,-2.8497368421052442
no08,533967_00533_11502_1,1100,11:00,417.552,416.83421052631576,-0.7177894736842632
no08,533967_00533_11502_1,1115,11:15,379.319,378.7968421052632,-0.5221578947368357
no08,533967_00533_11502_1,1130,11:30,345.5365,342.71210526315787,-2.824394736842123
no08,533967_00533_11502_1,1145,11:45,281.197,280.96578947368425,-0.23121052631574912
no08,533967_00533_11502_1,1200,12:00,485.1835,484.2094736842105,-0.9740263157895015
no08,533967_00533_11502_1,1215,12:15,353.412,352.2294736842105,-1.1825263157894597
no08,533967_00533_11502_1,1230,12:30,371.0565,371.4205263157895,0.36402631578948785
no08,533967_00533_11502_1,1245,12:45,215.5845,213.09473684210528,-2.489763157894714
no08,533967_00533_11502_1,1300,13:00,252.5175,252.8842105263158,0.36671052631578505
no08,533967_00533_11502_1,1315,13:15,229.2245,229.45105263157893,0.2265526315789259
no08,533967_00533_11502_1,1330,13:30,432.4465,431.1142105263158,-1.3322894736842272
no08,533967_00533_11502_1,1345,13:45,160.366,158.7136842105263,-1.652315789473704
no08,533967_00533_11502_1,1400,14:00,232.6535,232.4568421052632,-0.19665789473680206
no08,533967_00533_11502_1,1415,14:15,271.7215,269.6657894736842,-2.0557105263158064
no08,533967_00533_11502_1,1430,14:30,332.3885,331.4605263157895,-0.9279736842105422
no08,533967_00533_11502_1,1445,14:45,306.809,306.4284210526316,-0.3805789473684058
no08,533967_00533_11502_1,1500,15:00,294.766,290.7284210526316,-4.037578947368445
no08,533967_00533_11502_1,1515,15:15,193.7875,192.0578947368421,-1.7296052631579073
no08,533967_00533_11502_1,1530,15:30,285.08000000000004,284.64894736842103,-0.4310526315790071
no08,533967_00533_11502_1,1545,15:45,244.135,242.53526315789475,-1.5997368421052442
no08,533967_00533_11502_1,1600,16:00,446.834,446.91,0.07600000000002183
no08,533967_00533_11502_1,1615,16:15,392.037,392.2115789473684,0.17457894736844537
no08,533967_00533_11502_1,1630,16:30,570.204,568.4036842105263,-1.8003157894736432
no08,533967_00533_11502_1,1645,16:45,449.3765,449.4247368421052,0.048236842105154665
no08,533967_00533_11502_1,1700,17:00,544.6445,544.0710526315789,-0.573447368421057
no08,533967_00533_11502_1,1715,17:15,369.0545,366.65,-2.4045000000000414
no08,533967_00533_11502_1,1730,17:30,378.4635,379.3973684210527,0.9338684210526935
no08,533967_00533_11502_1,1745,17:45,329.923,329.0905263157895,-0.8324736842105267
no08,533967_00533_11502_1,1800,18:00,398.274,397.3278947368421,-0.9461052631579037
no08,533967_00533_11502_1,1815,18:15,367.556,367.3036842105264,-0.2523157894735846
no08,533967_00533_11502_1,1830,18:30,297.153,295.6368421052632,-1.516157894736807
no08,533967_00533_11502_1,1845,18:45,295.4945,295.07684210526315,-0.41765789473686254
no08,533967_00533_11503_0,630,06:30,1175.3995,1170.058947368421,-5.34055263157893
no08,533967_00533_11503_0,645,06:45,760.5525,766.4547368421053,5.902236842105253
no08,533967_00533_11503_0,700,07:00,1334.984,1337.3526315789477,2.3686315789477703
no08,533967_00533_11503_0,715,07:15,1613.593,1613.6799999999998,0.08699999999976171
no08,533967_00533_11503_0,730,07:30,1662.41,1662.6673684210527,0.2573684210526608
no08,533967_00533_11503_0,745,07:45,1931.8195,1932.1831578947367,0.36365789473666155
no08,533967_00533_11503_0,800,08:00,2623.589,2623.4221052631583,-0.16689473684164113
no08,533967_00533_11503_0,815,08:15,1804.6895,1807.3394736842104,2.6499736842104085
no08,533967_00533_11503_0,830,08:30,2478.6945,2481.5326315789475,2.8381315789474684
no08,533967_00533_11503_0,845,08:45,1594.3785,1595.7626315789475,1.3841315789475175
no08,533967_00533_11503_0,900,09:00,1755.3445,1757.6505263157894,2.306026315789495
no08,533967_00533_11503_0,915,09:15,1081.145,1078.995263157895,-2.149736842105085
no08,533967_00533_11503_0,930,09:30,1535.121,1535.371052631579,0.2500526315789102
no08,533967_00533_11503_0,945,09:45,1904.007,1907.9336842105265,3.926684210526446
no08,533967_00533_11503_0,1000,10:00,1433.6715,1435.8178947368422,2.1463947368422396
no08,533967_00533_11503_0,1015,10:15,1475.6895,1472.1894736842105,-3.500026315789455
no08,533967_00533_11503_0,1030,10:30,1002.809,1016.911052631579,14.102052631579
no08,533967_00533_11503_0,1045,10:45,1197.3215,1202.7236842105262,5.402184210526229
no08,533967_00533_11503_0,1100,11:00,1151.1355,1168.967894736842,17.832394736841934
no08,533967_00533_11503_0,1115,11:15,1349.4879999999998,1350.003157894737,0.5151578947370581
no08,533967_00533_11503_0,1130,11:30,821.0219999999999,802.4568421052631,-18.565157894736785
no08,533967_00533_11503_0,1145,11:45,1037.3629999999998,1026.8052631578946,-10.557736842105214
no08,533967_00533_11503_0,1200,12:00,1320.1915,1295.7194736842107,-24.472026315789208
no08,533967_00533_11503_0,1215,12:15,1332.992,1326.3747368421052,-6.61726315789474
no08,533967_00533_11503_0,1230,12:30,1178.14,1189.121052631579,10.981052631578905
no08,533967_00533_11503_0,1245,12:45,859.8934999999999,858.0821052631578,-1.8113947368420895
no08,533967_00533_11503_0,1300,13:00,762.995,770.6105263157893,7.615526315789339
no08,533967_00533_11503_0,1315,13:15,652.9235,652.551052631579,-0.3724473684210352
no08,533967_00533_11503_0,1330,13:30,1510.913,1512.4905263157896,1.5775263157895552
no08,533967_00533_11503_0,1345,13:45,390.859,390.3421052631579,-0.5168947368420618
no08,533967_00533_11503_0,1400,14:00,886.8344999999999,888.1926315789474,1.3581315789474502
no08,533967_00533_11503_0,1415,14:15,973.158,978.2447368421052,5.086736842105211
no08,533967_00533_11503_0,1430,14:30,1323.1685,1321.62,-1.5485000000001037
no08,533967_00533_11503_0,1445,14:45,1116.62,1117.8352631578946,1.2152631578946966
no08,533967_00533_11503_0,1500,15:00,864.9399999999999,864.8336842105264,-0.10631578947356957
no08,533967_00533_11503_0,1515,15:15,703.2375,706.327894736842,3.090394736842086
no08,533967_00533_11503_0,1530,15:30,1023.148,1031.9347368421054,8.78673684210537
no08,533967_00533_11503_0,1545,15:45,902.999,926.8505263157896,23.851526315789556
no08,533967_00533_11503_0,1600,16:00,1536.578,1535.498947368421,-1.079052631578861
no08,533967_00533_11503_0,1615,16:15,1280.7585,1287.5357894736842,6.777289473684277
no08,533967_00533_11503_0,1630,16:30,2004.1765,2010.7005263157891,6.524026315789115
no08,533967_00533_11503_0,1645,16:45,1390.0695,1389.0857894736844,-0.98371052631569
no08,533967_00533_11503_0,1700,17:00,2151.846,2148.777894736842,-3.0681052631580314
no08,533967_00533_11503_0,1715,17:15,1355.5025,1361.8015789473684,6.2990789473683435
no08,533967_00533_11503_0,1730,17:30,1168.415,1184.7163157894738,16.301315789473847
no08,533967_00533_11503_0,1745,17:45,870.256,832.7357894736842,-37.520210526315736
no08,533967_00533_11503_0,1800,18:00,1545.09,1546.1157894736843,1.0257894736844264
no08,533967_00533_11503_0,1815,18:15,1205.569,1207.0536842105264,1.4846842105264386
no08,533967_00533_11503_0,1830,18:30,1068.845,1071.6136842105263,2.7686842105263167
no08,533967_00533_11503_0,1845,18:45,973.646,959.6305263157894,-14.01547368421052
no08,533967_00533_11503_1,630,06:30,28.9375,29.4,0.4624999999999986
no08,533967_00533_11503_1,645,06:45,218.8465,217.0468421052632,-1.7996578947367823
no08,533967_00533_11503_1,700,07:00,378.3105,379.57947368421054,1.2689736842105503
no08,533967_00533_11503_1,715,07:15,505.1205,507.7073684210527,2.5868684210527135
no08,533967_00533_11503_1,730,07:30,197.8475,188.47315789473683,-9.374342105263167
no08,533967_00533_11503_1,745,07:45,191.37,259.3184210526316,67.9484210526316
no08,533967_00533_11503_1,800,08:00,370.65,361.3752631578947,-9.274736842105256
no08,533967_00533_11503_1,815,08:15,848.256,866.8747368421052,18.61873684210525
no08,533967_00533_11503_1,830,08:30,1295.155,1302.0694736842106,6.914473684210634
no08,533967_00533_11503_1,845,08:45,1475.341,1461.0557894736842,-14.285210526315723
no08,533967_00533_11503_1,900,09:00,634.162,635.3357894736841,1.17378947368411
no08,533967_00533_11503_1,915,09:15,1498.2585,1506.154210526316,7.895710526316179
no08,533967_00533_11503_1,930,09:30,1153.8905,1158.9384210526316,5.0479210526316365
no08,533967_00533_11503_1,945,09:45,699.2315,681.2257894736842,-18.005710526315738
no08,533967_00533_11503_1,1000,10:00,483.5795,493.388947368421,9.80944736842099
no08,533967_00533_11503_1,1015,10:15,808.1705,828.2305263157895,20.060026315789514
no08,533967_00533_11503_1,1030,10:30,1264.0905,1237.6942105263158,-26.39628947368419
no08,533967_00533_11503_1,1045,10:45,1165.4905,1144.0094736842104,-21.481026315789677
no08,533967_00533_11503_1,1100,11:00,1028.6795,1066.0452631578949,37.36576315789489
no08,533967_00533_11503_1,1115,11:15,974.6545,952.0031578947368,-22.65134210526321
no08,533967_00533_11503_1,1130,11:30,1792.4645,1798.3484210526317,5.883921052631649
no08,533967_00533_11503_1,1145,11:45,1108.786,1113.6615789473683,4.87557894736824
no08,533967_00533_11503_1,1200,12:00,1505.849,1519.8247368421053,13.975736842105334
no08,533967_00533_11503_1,1215,12:15,1322.638,1350.0368421052633,27.398842105263384
no08,533967_00533_11503_1,1230,12:30,1463.2424999999998,1421.6473684210523,-41.59513157894753
no08,533967_00533_11503_1,1245,12:45,934.368,994.6536842105262,60.28568421052614
no08,533967_00533_11503_1,1300,13:00,1276.1275,1223.5394736842106,-52.58802631578942
no08,533967_00533_11503_1,1315,13:15,1408.733,1418.3473684210526,9.614368421052632
no08,533967_00533_11503_1,1330,13:30,909.449,905.6884210526316,-3.7605789473683444
no08,533967_00533_11503_1,1345,13:45,1746.525,1783.248947368421,36.72394736842102
no08,533967_00533_11503_1,1400,14:00,1401.7095,1358.861052631579,-42.84844736842092
no08,533967_00533_11503_1,1415,14:15,1725.0465,1744.3436842105264,19.29718421052644
no08,533967_00533_11503_1,1430,14:30,1080.5545,1048.2810526315789,-32.2734473684211
no08,533967_00533_11503_1,1445,14:45,1892.718,1903.745789473684,11.027789473683924
no08,533967_00533_11503_1,1500,15:00,1429.785,1449.5657894736842,19.78078947368408
no08,533967_00533_11503_1,1515,15:15,1411.8674999999998,1354.2584210526315,-57.60907894736829
no08,533967_00533_11503_1,1530,15:30,1203.606,1227.0742105263157,23.468210526315715
no08,533967_00533_11503_1,1545,15:45,1145.088,1136.6094736842106,-8.478526315789395
no08,533967_00533_11503_1,1600,16:00,1336.627,1338.814210526316,2.1872105263159938
no08,533967_00533_11503_1,1615,16:15,2150.7325,2113.16,-37.57250000000022
no08,533967_00533_11503_1,1630,16:30,1588.7025,1629.766842105263,41.064342105262995
no08,533967_00533_11503_1,1645,16:45,2135.8830000000003,2139.3126315789477,3.4296315789474647
no08,533967_00533_11503_1,1700,17:00,1678.277,1640.016842105263,-38.26015789473695
no08,533967_00533_11503_1,1715,17:15,788.841,786.1015789473685,-2.739421052631542
no08,533967_00533_11503_1,1730,17:30,1156.2435,1159.8357894736844,3.592289473684332
no08,533967_00533_11503_1,1745,17:45,1606.633,1598.5936842105264,-8.039315789473676
no08,533967_00533_11503_1,1800,18:00,1217.182,1207.5605263157895,-9.621473684210514
no08,533967_00533_11503_1,1815,18:15,2168.274,2230.858947368421,62.584947368421126
no08,533967_00533_11503_1,1830,18:30,1873.176,1803.9136842105263,-69.26231578947363
no08,533967_00533_11503_1,1845,18:45,1441.6775,1460.8705263157894,19.19302631578944
no08,533967_00533_11505_0,630,06:30,174.04149999999998,181.67894736842103,7.63744736842105
no08,533967_00533_11505_0,645,06:45,34.374375,30.23076923076923,-4.143605769230771
no08,533967_00533_11505_0,700,07:00,26.0,0.0,-26.0
no08,533967_00533_11505_0,715,07:15,0.0,0.0,0.0
no08,533967_00533_11505_0,730,07:30,0.0,0.0,0.0
no08,533967_00533_11505_0,745,07:45,121.8025,192.89315789473685,71.09065789473685
no08,533967_00533_11505_0,800,08:00,264.7925,277.5289473684211,12.736447368421068
no08,533967_00533_11505_0,815,08:15,182.5425,186.88894736842104,4.346447368421053
no08,533967_00533_11505_0,830,08:30,470.937,478.9968421052632,8.059842105263215
no08,533967_00533_11505_0,845,08:45,68.99666666666667,58.72277777777778,-10.27388888888889
no08,533967_00533_11505_0,900,09:00,26.75,26.714285714285715,-0.0357142857142847
no08,533967_00533_11505_0,915,09:15,540.904,558.331052631579,17.427052631579045
no08,533967_00533_11505_0,930,09:30,108.5,113.9457894736842,5.445789473684201
no08,533967_00533_11505_0,945,09:45,0.0,0.0,0.0
no08,533967_00533_11505_0,1000,10:00,452.0535,451.32421052631577,-0.7292894736842186
no08,533967_00533_11505_0,1015,10:15,59.78947368421053,59.43625,-0.3532236842105263
no08,533967_00533_11505_0,1030,10:30,810.702,793.7963157894736,-16.905684210526374
no08,533967_00533_11505_0,1045,10:45,694.296,653.7678947368421,-40.528105263157954
no08,533967_00533_11505_0,1100,11:00,622.0915,632.5173684210527,10.425868421052655
no08,533967_00533_11505_0,1115,11:15,39.375,33.714285714285715,-5.660714285714285
no08,533967_00533_11505_0,1130,11:30,592.4425,615.2368421052631,22.794342105263127
no08,533967_00533_11505_0,1145,11:45,665.0495,654.9978947368421,-10.051605263157853
no08,533967_00533_11505_0,1200,12:00,771.0285,840.0221052631579,68.99360526315786
no08,533967_00533_11505_0,1215,12:15,141.7495,139.42473684210526,-2.3247631578947505
no08,533967_00533_11505_0,1230,12:30,251.14,248.62947368421047,-2.5105263157895195
no08,533967_00533_11505_0,1245,12:45,191.254,214.3136842105263,23.059684210526314
no08,533967_00533_11505_0,1300,13:00,496.9155,472.1578947368421,-24.757605263157927
no08,533967_00533_11505_0,1315,13:15,409.8595,414.00894736842105,4.149447368421022
no08,533967_00533_11505_0,1330,13:30,88.75,90.17470588235294,1.4247058823529386
no08,533967_00533_11505_0,1345,13:45,671.0715,632.858947368421,-38.212552631579
no08,533967_00533_11505_0,1400,14:00,88.9035,122.36842105263158,33.46492105263158
no08,533967_00533_11505_0,1415,14:15,35.13333333333333,44.199333333333335,9.066000000000003
no08,533967_00533_11505_0,1430,14:30,369.7885,342.5884210526316,-27.20007894736841
no08,533967_00533_11505_0,1445,14:45,123.84315789473683,133.89473684210526,10.051578947368426
no08,533967_00533_11505_0,1500,15:00,389.9875,362.7284210526316,-27.259078947368437
no08,533967_00533_11505_0,1515,15:15,45.8,43.07142857142857,-2.7285714285714278
no08,533967_00533_11505_0,1530,15:30,26.22222222222222,26.22222222222222,0.0
no08,533967_00533_11505_0,1545,15:45,197.4257894736842,186.52526315789476,-10.900526315789449
no08,533967_00533_11505_0,1600,16:00,566.9635000000001,575.58,8.616499999999974
no08,533967_00533_11505_0,1615,16:15,970.4765,957.9284210526316,-12.548078947368367
no08,533967_00533_11505_0,1630,16:30,903.0355,946.467894736842,43.43239473684207
no08,533967_00533_11505_0,1645,16:45,1134.4615,1107.2536842105262,-27.20781578947367
no08,533967_00533_11505_0,1700,17:00,662.8055,645.1147368421052,-17.69076315789482
no08,533967_00533_11505_0,1715,17:15,353.7955,362.8873684210526,9.091868421052595
no08,533967_00533_11505_0,1730,17:30,388.3345000000001,377.78263157894736,-10.551868421052745
no08,533967_00533_11505_0,1745,17:45,465.7435,508.0,42.25650000000002
no08,533967_00533_11505_0,1800,18:00,266.249,232.4710526315789,-33.77794736842111
no08,533967_00533_11505_0,1815,18:15,509.8335,590.2384210526316,80.40492105263155
no08,533967_00533_11505_0,1830,18:30,690.1324999999999,675.0942105263158,-15.03828947368413
no08,533967_00533_11505_0,1845,18:45,828.3635,824.9284210526315,-3.435078947368538
no08,533967_00533_11505_1,630,06:30,41.999,41.47263157894737,-0.5263684210526307
no08,533967_00533_11505_1,645,06:45,31.166666666666668,29.875,-1.2916666666666679
no08,533967_00533_11505_1,700,07:00,26.857142857142858,27.0,0.14285714285714235
no08,533967_00533_11505_1,715,07:15,459.4245,438.50947368421055,-20.915026315789476
no08,533967_00533_11505_1,730,07:30,99.9525,119.58263157894736,19.630131578947356
no08,533967_00533_11505_1,745,07:45,895.5335000000001,895.5678947368422,0.03439473684204586
no08,533967_00533_11505_1,800,08:00,884.7355,825.8063157894736,-58.92918421052639
no08,533967_00533_11505_1,815,08:15,230.448,296.6821052631579,66.23410526315789
no08,533967_00533_11505_1,830,08:30,588.8095000000001,590.7763157894736,1.9668157894735714
no08,533967_00533_11505_1,845,08:45,431.244,423.47526315789474,-7.768736842105284
no08,533967_00533_11505_1,900,09:00,304.8455,312.95105263157893,8.105552631578917
no08,533967_00533_11505_1,915,09:15,33.25,33.375,0.125
no08,533967_00533_11505_1,930,09:30,0.0,0.0,0.0
no08,533967_00533_11505_1,945,09:45,711.6925,713.2563157894738,1.5638157894737788
no08,533967_00533_11505_1,1000,10:00,154.802,164.0478947368421,9.245894736842104
no08,533967_00533_11505_1,1015,10:15,34.69230769230769,29.0,-5.692307692307693
no08,533967_00533_11505_1,1030,10:30,97.099,96.63052631578948,-0.4684736842105224
no08,533967_00533_11505_1,1045,10:45,26.83333333333333,26.83333333333333,0.0
no08,533967_00533_11505_1,1100,11:00,65.999,65.36578947368422,-0.6332105263157786
no08,533967_00533_11505_1,1115,11:15,32.75,29.11111111111111,-3.6388888888888893
no08,533967_00533_11505_1,1130,11:30,0.0,0.0,0.0
no08,533967_00533_11505_1,1145,11:45,95.149,94.73526315789474,-0.4137368421052656
no08,533967_00533_11505_1,1200,12:00,113.051,128.1573684210526,15.106368421052608
no08,533967_00533_11505_1,1215,12:15,126.4525,112.36842105263158,-14.084078947368425
no08,533967_00533_11505_1,1230,12:30,26.0,26.142857142857142,0.14285714285714235
no08,533967_00533_11505_1,1245,12:45,75.697,75.52368421052631,-0.17331578947369053
no08,533967_00533_11505_1,1300,13:00,28.789473684210527,29.05555555555556,0.26608187134503325
no08,533967_00533_11505_1,1315,13:15,45.35714285714285,34.625,-10.732142857142847
no08,533967_00533_11505_1,1330,13:30,34.833333333333336,35.666000000000004,0.8326666666666682
no08,533967_00533_11505_1,1345,13:45,84.52631578947368,72.58105263157894,-11.945263157894743
no08,533967_00533_11505_1,1400,14:00,112.3005,129.11157894736843,16.81107894736843
no08,533967_00533_11505_1,1415,14:15,26.5,26.5,0.0
no08,533967_00533_11505_1,1430,14:30,191.2415,198.83631578947367,7.594815789473671
no08,533967_00533_11505_1,1445,14:45,48.0,43.70588235294117,-4.294117647058833
no08,533967_00533_11505_1,1500,15:00,98.202,102.8442105263158,4.642210526315807
no08,533967_00533_11505_1,1515,15:15,75.55199999999999,76.72222222222223,1.170222222222236
no08,533967_00533_11505_1,1530,15:30,42.2,56.85857142857143,14.658571428571427
no08,533967_00533_11505_1,1545,15:45,61.995,99.55666666666669,37.56166666666669
no08,533967_00533_11505_1,1600,16:00,51.05,53.94736842105263,2.897368421052633
no08,533967_00533_11505_1,1615,16:15,26.0,26.0,0.0
no08,533967_00533_11505_1,1630,16:30,0.0,0.0,0.0
no08,533967_00533_11505_1,1645,16:45,72.298,73.73736842105264,1.4393684210526345
no08,533967_00533_11505_1,1700,17:00,277.594,275.4136842105264,-2.180315789473582
no08,533967_00533_11505_1,1715,17:15,37.77777777777778,37.77777777777778,0.0
no08,533967_00533_11505_1,1730,17:30,60.201,73.4721052631579,13.2711052631579
no08,533967_00533_11505_1,1745,17:45,30.142857142857142,32.0,1.8571428571428577
no08,533967_00533_11505_1,1800,18:00,149.456,152.0557894736842,2.5997894736842113
no08,533967_00533_11505_1,1815,18:15,51.75125,56.92928571428571,5.178035714285713
no08,533967_00533_11505_1,1830,18:30,40.833333333333336,44.30769230769231,3.474358974358971
no08,533967_00533_11505_1,1845,18:45,235.294,235.41473684210527,0.12073684210525926
no08,533967_00534_00766_0,630,06:30,5798.58,5922.617894736842,124.03789473684174
no08,533967_00534_00766_0,645,06:45,4756.3055,5074.346315789474,318.0408157894735
no08,533967_00534_00766_0,700,07:00,5078.4580000000005,5241.292631578947,162.83463157894676
no08,533967_00534_00766_0,715,07:15,6195.2795,6313.76,118.48050000000057
no08,533967_00534_00766_0,730,07:30,4578.4,4659.824210526316,81.42421052631653
no08,533967_00534_00766_0,745,07:45,5296.635499999999,5243.958947368421,-52.67655263157849
no08,533967_00534_00766_0,800,08:00,5590.1035,5588.991052631579,-1.1124473684212717
no08,533967_00534_00766_0,815,08:15,5875.2125,5966.325789473684,91.11328947368474
no08,533967_00534_00766_0,830,08:30,4876.162,4784.765263157894,-91.3967368421063
no08,533967_00534_00766_0,845,08:45,6397.9745,6502.222105263158,104.24760526315731
no08,533967_00534_00766_0,900,09:00,5514.2475,5476.604736842106,-37.64276315789448
no08,533967_00534_00766_0,915,09:15,3475.12,3429.558421052632,-45.56157894736771
no08,533967_00534_00766_0,930,09:30,3423.3540000000003,3373.4657894736843,-49.888210526316016
no08,533967_00534_00766_0,945,09:45,4142.4405,4114.335789473685,-28.104710526315102
no08,533967_00534_00766_0,1000,10:00,3168.3015,3162.802105263158,-5.499394736842078
no08,533967_00534_00766_0,1015,10:15,3045.936,2934.462105263158,-111.47389473684234
no08,533967_00534_00766_0,1030,10:30,2182.101,2233.374210526316,51.27321052631578
no08,533967_00534_00766_0,1045,10:45,1783.1265,1737.4410526315787,-45.685447368421364
no08,533967_00534_00766_0,1100,11:00,2117.469,2188.0789473684213,70.60994736842122
no08,533967_00534_00766_0,1115,11:15,3220.6825,3343.226842105263,122.54434210526324
no08,533967_00534_00766_0,1130,11:30,1555.1765,1447.4752631578947,-107.70123684210535
no08,533967_00534_00766_0,1145,11:45,3231.8665,3104.8810526315788,-126.98544736842132
no08,533967_00534_00766_0,1200,12:00,1660.841,1560.046842105263,-100.79415789473683
no08,533967_00534_00766_0,1215,12:15,2904.598,2966.974736842105,62.37673684210495
no08,533967_00534_00766_0,1230,12:30,2228.434,2152.7952631578946,-75.63873684210557
no08,533967_00534_00766_0,1245,12:45,3502.939,3418.196315789474,-84.74268421052602
no08,533967_00534_00766_0,1300,13:00,1840.3555,1829.34,-11.015499999999975
no08,533967_00534_00766_0,1315,13:15,2411.255,2442.464736842105,31.20973684210503
no08,533967_00534_00766_0,1330,13:30,3208.982,3223.9089473684207,14.92694736842077
no08,533967_00534_00766_0,1345,13:45,2480.3425,2414.8173684210524,-65.52513157894782
no08,533967_00534_00766_0,1400,14:00,2953.1775,3003.6305263157897,50.453026315789884
no08,533967_00534_00766_0,1415,14:15,3410.3125,3278.766842105263,-131.5456578947369
no08,533967_00534_00766_0,1430,14:30,3218.035,3130.347894736842,-87.68710526315772
no08,533967_00534_00766_0,1445,14:45,3423.636,3312.54,-111.096
no08,533967_00534_00766_0,1500,15:00,2431.4535,2400.685789473684,-30.767710526316023
no08,533967_00534_00766_0,1515,15:15,2781.398,2604.7157894736843,-176.68221052631588
no08,533967_00534_00766_0,1530,15:30,3001.925,2974.2894736842104,-27.635526315789775
no08,533967_00534_00766_0,1545,15:45,2765.582,2700.4173684210527,-65.16463157894714
no08,533967_00534_00766_0,1600,16:00,1940.76,1857.6610526315787,-83.09894736842125
no08,533967_00534_00766_0,1615,16:15,1450.359,1457.1831578947367,6.8241578947368
no08,533967_00534_00766_0,1630,16:30,868.7520000000001,919.1842105263158,50.43221052631577
no08,533967_00534_00766_0,1645,16:45,1598.292,1598.4468421052632,0.15484210526324205
no08,533967_00534_00766_0,1700,17:00,2203.856,2081.2473684210527,-122.60863157894755
no08,533967_00534_00766_0,1715,17:15,3621.7965,3624.074210526316,2.277710526316241
no08,533967_00534_00766_0,1730,17:30,1804.267,1906.0231578947369,101.75615789473682
no08,533967_00534_00766_0,1745,17:45,2873.932,2757.454210526316,-116.47778947368397
no08,533967_00534_00766_0,1800,18:00,2222.2760000000003,2124.8615789473683,-97.41442105263195
no08,533967_00534_00766_0,1815,18:15,1977.6405,2063.7131578947365,86.0726578947365
no08,533967_00534_00766_0,1830,18:30,1524.1405,1559.603684210526,35.463184210525924
no08,533967_00534_00766_0,1845,18:45,1500.382,1386.021052631579,-114.36094736842097
no08,533967_00534_00766_1,630,06:30,1463.219,1451.105789473684,-12.113210526316152
no08,533967_00534_00766_1,645,06:45,1956.3385000000003,1964.904210526316,8.565710526315797
no08,533967_00534_00766_1,700,07:00,2017.353,2103.115263157895,85.76226315789472
no08,533967_00534_00766_1,715,07:15,2111.469,2152.476842105263,41.00784210526308
no08,533967_00534_00766_1,730,07:30,2062.9835,2209.7257894736845,146.74228947368465
no08,533967_00534_00766_1,745,07:45,2327.9825,1946.344210526316,-381.63828947368415
no08,533967_00534_00766_1,800,08:00,2507.1,2641.992105263158,134.8921052631581
no08,533967_00534_00766_1,815,08:15,3059.54,3022.2994736842106,-37.24052631578934
no08,533967_00534_00766_1,830,08:30,2302.7965,2520.705263157895,217.908763157895
no08,533967_00534_00766_1,845,08:45,3533.0,3900.946842105264,367.94684210526384
no08,533967_00534_00766_1,900,09:00,2411.7275,2373.3247368421053,-38.4027631578947
no08,533967_00534_00766_1,915,09:15,2809.1285,2946.894210526316,137.76571052631607
no08,533967_00534_00766_1,930,09:30,2837.692,2741.5131578947367,-96.17884210526336
no08,533967_00534_00766_1,945,09:45,1469.3995,1898.6326315789472,429.2331315789472
no08,533967_00534_00766_1,1000,10:00,2532.3720000000003,2671.161052631579,138.78905263157867
no08,533967_00534_00766_1,1015,10:15,2993.712,2954.6352631578948,-39.07673684210522
no08,533967_00534_00766_1,1030,10:30,3314.8895,3583.8894736842103,268.9999736842101
no08,533967_00534_00766_1,1045,10:45,1766.9299999999998,2252.524736842105,485.59473684210525
no08,533967_00534_00766_1,1100,11:00,2447.6835,3008.1615789473685,560.4780789473684
no08,533967_00534_00766_1,1115,11:15,2638.7135000000003,3035.3515789473686,396.6380789473683
no08,533967_00534_00766_1,1130,11:30,4103.984,4374.951578947369,270.96757894736857
no08,533967_00534_00766_1,1145,11:45,1947.697,2092.2321052631582,144.53510526315836
no08,533967_00534_00766_1,1200,12:00,2667.434,3288.0463157894737,620.6123157894735
no08,533967_00534_00766_1,1215,12:15,3023.548,3475.310526315789,451.7625263157893
no08,533967_00534_00766_1,1230,12:30,2008.8325,2179.0747368421053,170.24223684210529
no08,533967_00534_00766_1,1245,12:45,3465.5955000000004,3243.922105263158,-221.6733947368425
no08,533967_00534_00766_1,1300,13:00,3565.3555,3997.5405263157895,432.1850263157894
no08,533967_00534_00766_1,1315,13:15,3355.9945,3542.620526315789,186.6260263157892
no08,533967_00534_00766_1,1330,13:30,2499.7765,2591.5478947368424,91.77139473684247
no08,533967_00534_00766_1,1345,13:45,2515.207,2680.668947368421,165.46194736842108
no08,533967_00534_00766_1,1400,14:00,2145.1690000000003,2667.932105263158,522.7631052631577
no08,533967_00534_00766_1,1415,14:15,2932.7695,3360.588947368421,427.81944736842115
no08,533967_00534_00766_1,1430,14:30,3479.5545,3588.108947368421,108.55444736842082
no08,533967_00534_00766_1,1445,14:45,4908.937,4838.894210526316,-70.04278947368402
no08,533967_00534_00766_1,1500,15:00,4050.2635,4515.421578947368,465.15807894736827
no08,533967_00534_00766_1,1515,15:15,3632.818,4084.8594736842106,452.04147368421036
no08,533967_00534_00766_1,1530,15:30,4321.8655,4370.606315789473,48.740815789473345
no08,533967_00534_00766_1,1545,15:45,3718.5205,3611.685263157895,-106.83523684210513
no08,533967_00534_00766_1,1600,16:00,5445.124,4990.604736842106,-454.5192631578939
no08,533967_00534_00766_1,1615,16:15,3037.8445,3168.151052631579,130.30655263157905
no08,533967_00534_00766_1,1630,16:30,3824.2565,4227.087368421053,402.83086842105286
no08,533967_00534_00766_1,1645,16:45,4061.593,4338.662105263158,277.06910526315824
no08,533967_00534_00766_1,1700,17:00,4112.023,3956.851578947369,-155.1714210526311
no08,533967_00534_00766_1,1715,17:15,4113.324,4046.152105263158,-67.17189473684175
no08,533967_00534_00766_1,1730,17:30,3545.37,3584.9231578947374,39.553157894737524
no08,533967_00534_00766_1,1745,17:45,4044.8665,3754.215263157895,-290.65123684210494
no08,533967_00534_00766_1,1800,18:00,4399.221,4204.048421052631,-195.1725789473685
no08,533967_00534_00766_1,1815,18:15,5439.473,5457.06,17.587000000000444
no08,533967_00534_00766_1,1830,18:30,3885.767,4700.64,814.8730000000005
no08,533967_00534_00766_1,1845,18:45,3651.318,3431.2915789473686,-220.02642105263158
no08,533967_00534_11504_0,630,06:30,15.470588235294118,15.533333333333331,0.06274509803921369
no08,533967_00534_11504_0,645,06:45,105.2445,105.9921052631579,0.7476052631578938
no08,533967_00534_11504_0,700,07:00,221.1865,210.77736842105264,-10.409131578947353
no08,533967_00534_11504_0,715,07:15,219.247,232.3168421052632,13.069842105263177
no08,533967_00534_11504_0,730,07:30,101.4585,97.64157894736844,-3.8169210526315567
no08,533967_00534_11504_0,745,07:45,92.9565,126.27894736842106,33.32244736842105
no08,533967_00534_11504_0,800,08:00,203.9115,200.01263157894735,-3.89886842105264
no08,533967_00534_11504_0,815,08:15,393.3255,405.0294736842105,11.703973684210496
no08,533967_00534_11504_0,830,08:30,723.708,728.4736842105264,4.765684210526388
no08,533967_00534_11504_0,845,08:45,680.947,671.7884210526315,-9.158578947368483
no08,533967_00534_11504_0,900,09:00,303.9155,310.64578947368426,6.730289473684252
no08,533967_00534_11504_0,915,09:15,766.38,770.7784210526315,4.398421052631534
no08,533967_00534_11504_0,930,09:30,617.8855,616.5205263157894,-1.364973684210554
no08,533967_00534_11504_0,945,09:45,303.797,298.1478947368421,-5.649105263157935
no08,533967_00534_11504_0,1000,10:00,275.341,278.82736842105265,3.4863684210526458
no08,533967_00534_11504_0,1015,10:15,380.2295,395.4947368421052,15.265236842105253
no08,533967_00534_11504_0,1030,10:30,717.925,706.3784210526316,-11.546578947368403
no08,533967_00534_11504_0,1045,10:45,502.37,495.4036842105263,-6.966315789473697
no08,533967_00534_11504_0,1100,11:00,592.7055,606.161052631579,13.45555263157894
no08,533967_00534_11504_0,1115,11:15,427.738,423.148947368421,-4.5890526315790225
no08,533967_00534_11504_0,1130,11:30,1018.2565,1025.58,7.323499999999967
no08,533967_00534_11504_0,1145,11:45,435.5625,437.67105263157896,2.1085526315789593
no08,533967_00534_11504_0,1200,12:00,857.141,868.241052631579,11.100052631579047
no08,533967_00534_11504_0,1215,12:15,565.9435000000001,577.0726315789474,11.129131578947295
no08,533967_00534_11504_0,1230,12:30,816.7045,803.0521052631578,-13.652394736842211
no08,533967_00534_11504_0,1245,12:45,391.669,414.0884210526316,22.419421052631606
no08,533967_00534_11504_0,1300,13:00,723.891,703.6963157894737,-20.194684210526248
no08,533967_00534_11504_0,1315,13:15,641.297,635.7989473684211,-5.4980526315789575
no08,533967_00534_11504_0,1330,13:30,500.0685,501.5510526315789,1.4825526315789261
no08,533967_00534_11504_0,1345,13:45,833.1335000000001,858.0,24.86649999999986
no08,533967_00534_11504_0,1400,14:00,778.007,756.7215789473684,-21.28542105263159
no08,533967_00534_11504_0,1415,14:15,790.542,800.6668421052632,10.124842105263156
no08,533967_00534_11504_0,1430,14:30,611.6569999999999,603.5636842105264,-8.093315789473536
no08,533967_00534_11504_0,1445,14:45,902.492,904.8773684210526,2.38536842105259
no08,533967_00534_11504_0,1500,15:00,792.661,781.1336842105263,-11.527315789473619
no08,533967_00534_11504_0,1515,15:15,639.6690000000001,630.3715789473684,-9.297421052631648
no08,533967_00534_11504_0,1530,15:30,693.3625,707.6221052631579,14.259605263157937
no08,533967_00534_11504_0,1545,15:45,503.476,498.0484210526316,-5.427578947368374
no08,533967_00534_11504_0,1600,16:00,755.0485,754.4852631578947,-0.5632368421053116
no08,533967_00534_11504_0,1615,16:15,1034.0285,1032.0700000000002,-1.9584999999997308
no08,533967_00534_11504_0,1630,16:30,869.059,892.3031578947367,23.24415789473676
no08,533967_00534_11504_0,1645,16:45,947.921,955.3005263157894,7.379526315789349
no08,533967_00534_11504_0,1700,17:00,946.8955,925.2215789473684,-21.673921052631613
no08,533967_00534_11504_0,1715,17:15,283.725,288.57947368421054,4.854473684210518
no08,533967_00534_11504_0,1730,17:30,658.0319999999999,667.6647368421052,9.63273684210526
no08,533967_00534_11504_0,1745,17:45,736.8154999999999,723.3894736842105,-13.426026315789386
no08,533967_00534_11504_0,1800,18:00,670.228,679.7768421052632,9.548842105263248
no08,533967_00534_11504_0,1815,18:15,1031.4945,1047.41,15.915500000000065
no08,533967_00534_11504_0,1830,18:30,1037.3905,1009.4363157894736,-27.954184210526364
no08,533967_00534_11504_0,1845,18:45,606.116,604.2994736842105,-1.8165263157894742
no08,533967_00534_11504_1,630,06:30,1826.908,1819.722105263158,-7.185894736841874
no08,533967_00534_11504_1,645,06:45,1571.6685,1601.2973684210526,29.62886842105263
no08,533967_00534_11504_1,700,07:00,2318.1945,2325.540526315789,7.346026315789004
no08,533967_00534_11504_1,715,07:15,3010.799,3041.5736842105266,30.77468421052663
no08,533967_00534_11504_1,730,07:30,3050.759,3046.158421052632,-4.6005789473679215
no08,533967_00534_11504_1,745,07:45,3904.095,3980.264736842105,76.16973684210507
no08,533967_00534_11504_1,800,08:00,5297.8355,5423.036842105263,125.20134210526248
no08,533967_00534_11504_1,815,08:15,4855.496,5180.956315789474,325.4603157894735
no08,533967_00534_11504_1,830,08:30,5130.305,5208.462105263158,78.15710526315797
no08,533967_00534_11504_1,845,08:45,4648.3775000000005,4876.953684210526,228.57618421052575
no08,533967_00534_11504_1,900,09:00,2951.053,2993.8515789473686,42.798578947368696
no08,533967_00534_11504_1,915,09:15,2505.3765,2503.05,-2.326499999999669
no08,533967_00534_11504_1,930,09:30,2613.7275,2640.7000000000003,26.97250000000031
no08,533967_00534_11504_1,945,09:45,3897.695,3846.0173684210527,-51.67763157894751
no08,533967_00534_11504_1,1000,10:00,2744.5155,2791.431052631579,46.915552631578976
no08,533967_00534_11504_1,1015,10:15,2877.718,2909.378947368421,31.660947368421148
no08,533967_00534_11504_1,1030,10:30,1736.4585,1764.9321052631578,28.47360526315788
no08,533967_00534_11504_1,1045,10:45,2224.407,2275.2773684210524,50.87036842105226
no08,533967_00534_11504_1,1100,11:00,2061.346,2117.2231578947367,55.87715789473668
no08,533967_00534_11504_1,1115,11:15,2762.5975,2754.432105263158,-8.16539473684179
no08,533967_00534_11504_1,1130,11:30,1502.2995,1471.0373684210526,-31.262131578947447
no08,533967_00534_11504_1,1145,11:45,1949.089,1947.645789473684,-1.443210526315852
no08,533967_00534_11504_1,1200,12:00,2160.8705,2202.507894736842,41.637394736842
no08,533967_00534_11504_1,1215,12:15,2601.452,2570.3931578947368,-31.058842105263466
no08,533967_00534_11504_1,1230,12:30,2227.552,2307.407894736842,79.85589473684195
no08,533967_00534_11504_1,1245,12:45,1680.8655,1680.42,-0.4455000000000382
no08,533967_00534_11504_1,1300,13:00,1319.3725,1314.371052631579,-5.001447368420941
no08,533967_00534_11504_1,1315,13:15,1251.463,1247.0484210526315,-4.4145789473684545
no08,533967_00534_11504_1,1330,13:30,2573.9555,2598.308421052632,24.352921052632155
no08,533967_00534_11504_1,1345,13:45,1080.693,1066.4068421052632,-14.286157894736789
no08,533967_00534_11504_1,1400,14:00,1390.4855,1404.7173684210527,14.231868421052695
no08,533967_00534_11504_1,1415,14:15,1754.7575000000002,1774.87,20.112499999999727
no08,533967_00534_11504_1,1430,14:30,2319.7740000000003,2325.2784210526315,5.504421052631187
no08,533967_00534_11504_1,1445,14:45,2227.059,2235.3984210526314,8.339421052631224
no08,533967_00534_11504_1,1500,15:00,1514.563,1519.5657894736842,5.002789473684061
no08,533967_00534_11504_1,1515,15:15,1391.348,1416.084210526316,24.736210526315972
no08,533967_00534_11504_1,1530,15:30,1676.0285,1687.363157894737,11.33465789473712
no08,533967_00534_11504_1,1545,15:45,1800.643,1857.201052631579,56.5580526315789
no08,533967_00534_11504_1,1600,16:00,2436.2125,2455.310526315789,19.098026315788957
no08,533967_00534_11504_1,1615,16:15,2835.4615,2835.944736842105,0.4832368421052706
no08,533967_00534_11504_1,1630,16:30,3729.684,3808.658947368421,78.974947368421
no08,533967_00534_11504_1,1645,16:45,3019.8725,3065.242105263158,45.369605263158064
no08,533967_00534_11504_1,1700,17:00,4425.575,4342.766842105263,-82.80815789473672
no08,533967_00534_11504_1,1715,17:15,3010.74,3012.6063157894737,1.8663157894739015
no08,533967_00534_11504_1,1730,17:30,2072.619,2087.66,15.040999999999713
no08,533967_00534_11504_1,1745,17:45,1707.6495,1644.485263157895,-63.16423684210508
no08,533967_00534_11504_1,1800,18:00,2571.6285,2619.8121052631577,48.183605263157915
no08,533967_00534_11504_1,1815,18:15,2181.393,2182.73,1.336999999999989
no08,533967_00534_11504_1,1830,18:30,1692.627,1705.018947368421,12.391947368421143
no08,533967_00534_11504_1,1845,18:45,1596.545,1562.4173684210527,-34.12763157894733
no08,533967_00535_00538_0,630,06:30,2070.0015,2070.2405263157893,0.23902631578948785
no08,533967_00535_00538_0,645,06:45,2327.4345000000003,2342.0184210526318,14.583921052631467
no08,533967_00535_00538_0,700,07:00,2719.691,2727.6473684210528,7.956368421052957
no08,533967_00535_00538_0,715,07:15,3491.6410000000005,3525.898947368421,34.257947368420446
no08,533967_00535_00538_0,730,07:30,3628.415,3617.690526315789,-10.724473684210807
no08,533967_00535_00538_0,745,07:45,4594.877,4521.454210526316,-73.42278947368413
no08,533967_00535_00538_0,800,08:00,2876.864,2993.185789473684,116.32178947368402
no08,533967_00535_00538_0,815,08:15,5038.2365,5085.161578947369,46.925078947369
no08,533967_00535_00538_0,830,08:30,4169.544,4128.53052631579,-41.01347368421011
no08,533967_00535_00538_0,845,08:45,2264.8345,2359.3015789473684,94.46707894736846
no08,533967_00535_00538_0,900,09:00,3020.596,3078.88,58.284000000000106
no08,533967_00535_00538_0,915,09:15,2984.353,3000.5547368421053,16.20173684210522
no08,533967_00535_00538_0,930,09:30,2314.712,2219.128947368421,-95.583052631579
no08,533967_00535_00538_0,945,09:45,1600.54,1655.8963157894736,55.35631578947368
no08,533967_00535_00538_0,1000,10:00,2865.549,2884.514210526316,18.96521052631624
no08,533967_00535_00538_0,1015,10:15,2835.191,2857.2963157894737,22.105315789473934
no08,533967_00535_00538_0,1030,10:30,2699.2255,2673.747894736842,-25.477605263157784
no08,533967_00535_00538_0,1045,10:45,2855.463,2932.1436842105263,76.68068421052612
no08,533967_00535_00538_0,1100,11:00,3048.566,3035.5736842105266,-12.992315789473196
no08,533967_00535_00538_0,1115,11:15,3348.8505,3371.777894736842,22.92739473684196
no08,533967_00535_00538_0,1130,11:30,3011.187,2983.788421052632,-27.398578947367696
no08,533967_00535_00538_0,1145,11:45,3539.1915,3569.1178947368426,29.926394736842667
no08,533967_00535_00538_0,1200,12:00,2740.961,2679.588947368421,-61.372052631578754
no08,533967_00535_00538_0,1215,12:15,2945.852,2890.0873684210524,-55.7646315789475
no08,533967_00535_00538_0,1230,12:30,3578.1775,3626.127368421052,47.94986842105209
no08,533967_00535_00538_0,1245,12:45,2931.7475,2903.212631578948,-28.534868421052124
no08,533967_00535_00538_0,1300,13:00,3004.894,3023.36,18.46600000000035
no08,533967_00535_00538_0,1315,13:15,3264.0525,3337.424736842105,73.3722368421054
no08,533967_00535_00538_0,1330,13:30,2842.2655,2777.595263157895,-64.67023684210517
no08,533967_00535_00538_0,1345,13:45,3479.811,3509.966315789474,30.15531578947366
no08,533967_00535_00538_0,1400,14:00,2074.042,2082.644210526316,8.602210526315957
no08,533967_00535_00538_0,1415,14:15,3542.0235,3624.5626315789473,82.53913157894749
no08,533967_00535_00538_0,1430,14:30,2191.3005000000003,2162.098947368421,-29.20155263157949
no08,533967_00535_00538_0,1445,14:45,2178.6795,2135.6715789473687,-43.007921052631445
no08,533967_00535_00538_0,1500,15:00,3964.7605,3792.499473684211,-172.26102631578897
no08,533967_00535_00538_0,1515,15:15,2298.8540000000003,2466.1852631578945,167.33126315789423
no08,533967_00535_00538_0,1530,15:30,2356.073,2422.0789473684213,66.0059473684214
no08,533967_00535_00538_0,1545,15:45,2436.8735,2473.048947368421,36.17544736842092
no08,533967_00535_00538_0,1600,16:00,3518.5475,3481.6642105263154,-36.88328947368473
no08,533967_00535_00538_0,1615,16:15,3086.886,3049.4405263157896,-37.445473684210356
no08,533967_00535_00538_0,1630,16:30,3568.279,3653.78,85.5010000000002
no08,533967_00535_00538_0,1645,16:45,3358.7205000000004,3434.7615789473684,76.04107894736808
no08,533967_00535_00538_0,1700,17:00,3615.276,3610.863684210527,-4.412315789472814
no08,533967_00535_00538_0,1715,17:15,2225.559,2089.7742105263155,-135.78478947368467
no08,533967_00535_00538_0,1730,17:30,3155.1465,3250.6394736842108,95.49297368421094
no08,533967_00535_00538_0,1745,17:45,4066.7985,4133.132631578947,66.33413157894756
no08,533967_00535_00538_0,1800,18:00,2844.156,2823.1463157894736,-21.009684210526302
no08,533967_00535_00538_0,1815,18:15,1340.306,1397.995263157895,57.68926315789486
no08,533967_00535_00538_0,1830,18:30,1237.674,1213.818947368421,-23.85505263157893
no08,533967_00535_00538_0,1845,18:45,1073.458,1127.0331578947369,53.575157894736776
no08,533967_00535_00538_1,630,06:30,573.851,570.94,-2.9109999999999445
no08,533967_00535_00538_1,645,06:45,657.643,653.89,-3.7530000000000427
no08,533967_00535_00538_1,700,07:00,1217.848,1224.1605263157894,6.312526315789455
no08,533967_00535_00538_1,715,07:15,1624.409,1581.0747368421053,-43.33426315789484
no08,533967_00535_00538_1,730,07:30,1516.3985,1523.6263157894737,7.227815789473652
no08,533967_00535_00538_1,745,07:45,2911.3695,2655.3247368421053,-256.0447631578945
no08,533967_00535_00538_1,800,08:00,3434.3865,3314.246842105263,-120.13965789473696
no08,533967_00535_00538_1,815,08:15,1847.67,2211.2657894736844,363.59578947368436
no08,533967_00535_00538_1,830,08:30,1659.203,1597.7952631578949,-61.40773684210512
no08,533967_00535_00538_1,845,08:45,2188.626,1980.8163157894735,-207.8096842105267
no08,533967_00535_00538_1,900,09:00,3009.0025,3137.012105263158,128.00960526315794
no08,533967_00535_00538_1,915,09:15,1668.8674999999998,1700.45,31.58250000000021
no08,533967_00535_00538_1,930,09:30,2276.314,2336.370526315789,60.05652631578914
no08,533967_00535_00538_1,945,09:45,2921.016,3129.954210526316,208.93821052631574
no08,533967_00535_00538_1,1000,10:00,1669.434,1865.87,196.43599999999992
no08,533967_00535_00538_1,1015,10:15,1545.708,1595.2384210526316,49.53042105263148
no08,533967_00535_00538_1,1030,10:30,981.0065,1069.2852631578946,88.27876315789467
no08,533967_00535_00538_1,1045,10:45,1337.928,1452.872105263158,114.94410526315778
no08,533967_00535_00538_1,1100,11:00,1569.022,1560.904210526316,-8.117789473683843
no08,533967_00535_00538_1,1115,11:15,3085.445,3014.4173684210527,-71.02763157894742
no08,533967_00535_00538_1,1130,11:30,1478.571,1655.05,176.47900000000004
no08,533967_00535_00538_1,1145,11:45,1371.835,1383.4673684210527,11.63236842105266
no08,533967_00535_00538_1,1200,12:00,1836.4285,1790.6473684210528,-45.781131578947225
no08,533967_00535_00538_1,1215,12:15,2479.8175,2416.9052631578948,-62.91223684210536
no08,533967_00535_00538_1,1230,12:30,2549.5085,2547.2505263157896,-2.2579736842103557
no08,533967_00535_00538_1,1245,12:45,1662.4810000000002,1712.3384210526317,49.85742105263148
no08,533967_00535_00538_1,1300,13:00,1919.974,2002.188947368421,82.21494736842101
no08,533967_00535_00538_1,1315,13:15,1497.3905,1493.3305263157897,-4.059973684210263
no08,533967_00535_00538_1,1330,13:30,1800.6675,1794.84,-5.8275000000001
no08,533967_00535_00538_1,1345,13:45,1505.0415,1423.483157894737,-81.55834210526314
no08,533967_00535_00538_1,1400,14:00,1813.5605,1863.4157894736843,49.85528947368425
no08,533967_00535_00538_1,1415,14:15,3243.2725,3417.6631578947367,174.3906578947367
no08,533967_00535_00538_1,1430,14:30,2828.711,2802.245263157895,-26.46573684210489
no08,533967_00535_00538_1,1445,14:45,2373.619,2393.8426315789475,20.223631578947334
no08,533967_00535_00538_1,1500,15:00,2292.8925,2458.165789473684,165.27328947368414
no08,533967_00535_00538_1,1515,15:15,2999.4035,2871.564736842105,-127.83876315789485
no08,533967_00535_00538_1,1530,15:30,3940.5475,3948.994736842105,8.447236842104758
no08,533967_00535_00538_1,1545,15:45,3514.753,3567.685789473684,52.9327894736839
no08,533967_00535_00538_1,1600,16:00,1846.716,1946.692631578948,99.97663157894817
no08,533967_00535_00538_1,1615,16:15,837.3209999999999,861.5463157894736,24.22531578947371
no08,533967_00535_00538_1,1630,16:30,549.0645000000001,536.9052631578948,-12.159236842105315
no08,533967_00535_00538_1,1645,16:45,1346.2145,1349.0063157894735,2.791815789473503
no08,533967_00535_00538_1,1700,17:00,1928.471,1920.608947368421,-7.86205263157899
no08,533967_00535_00538_1,1715,17:15,3031.1675,3105.232631578948,74.06513157894778
no08,533967_00535_00538_1,1730,17:30,2400.873,2614.598421052632,213.7254210526321
no08,533967_00535_00538_1,1745,17:45,2328.3525,2355.345263157895,26.992763157894842
no08,533967_00535_00538_1,1800,18:00,2902.566,2739.337894736842,-163.2281052631579
no08,533967_00535_00538_1,1815,18:15,3016.744,3476.565263157895,459.8212631578949
no08,533967_00535_00538_1,1830,18:30,1733.2215,1915.4010526315788,182.17955263157864
no08,533967_00535_00538_1,1845,18:45,2302.0395,2249.008947368421,-53.03055263157876
no08,533967_00535_00609_0,630,06:30,4273.1515,4278.507368421053,5.355868421052946
no08,533967_00535_00609_0,645,06:45,4602.435,4592.144736842105,-10.290263157895424
no08,533967_00535_00609_0,700,07:00,3646.987,3660.65,13.663000000000011
no08,533967_00535_00609_0,715,07:15,6373.050499999999,6342.385789473684,-30.664710526315503
no08,533967_00535_00609_0,730,07:30,8571.078,8609.27947368421,38.201473684210214
no08,533967_00535_00609_0,745,07:45,6228.632,6224.739473684211,-3.8925263157889276
no08,533967_00535_00609_0,800,08:00,9167.7545,9048.598421052631,-119.15607894736786
no08,533967_00535_00609_0,815,08:15,8734.638,8741.295263157894,6.657263157892885
no08,533967_00535_00609_0,830,08:30,9167.1955,9275.407894736842,108.21239473684182
no08,533967_00535_00609_0,845,08:45,9228.9135,9211.923157894737,-16.990342105264062
no08,533967_00535_00609_0,900,09:00,6719.793000000001,6771.24052631579,51.44752631578922
no08,533967_00535_00609_0,915,09:15,5755.0775,5762.55894736842,7.481447368420049
no08,533967_00535_00609_0,930,09:30,7310.635499999999,7435.895263157895,125.25976315789558
no08,533967_00535_00609_0,945,09:45,6178.4415,6106.796315789474,-71.64518421052617
no08,533967_00535_00609_0,1000,10:00,6640.5215,6556.84,-83.68149999999969
no08,533967_00535_00609_0,1015,10:15,5514.219999999999,5523.677894736842,9.457894736842718
no08,533967_00535_00609_0,1030,10:30,4726.3735,4642.922631578947,-83.45086842105229
no08,533967_00535_00609_0,1045,10:45,4322.126,4453.985263157895,131.85926315789493
no08,533967_00535_00609_0,1100,11:00,4810.8075,4834.943157894737,24.13565789473705
no08,533967_00535_00609_0,1115,11:15,7141.614500000001,7070.204210526316,-71.41028947368432
no08,533967_00535_00609_0,1130,11:30,3651.165,3681.292105263158,30.127105263158228
no08,533967_00535_00609_0,1145,11:45,4336.261,4309.652631578947,-26.608368421053456
no08,533967_00535_00609_0,1200,12:00,5343.1975,5447.988947368421,104.79144736842045
no08,533967_00535_00609_0,1215,12:15,6888.5355,6932.077368421053,43.54186842105264
no08,533967_00535_00609_0,1230,12:30,4612.6185,4618.796315789474,6.1778157894741526
no08,533967_00535_00609_0,1245,12:45,4186.597,4105.152631578947,-81.44436842105279
no08,533967_00535_00609_0,1300,13:00,4905.4195,4988.369473684211,82.94997368421082
no08,533967_00535_00609_0,1315,13:15,4078.0145,4044.874210526316,-33.140289473684334
no08,533967_00535_00609_0,1330,13:30,5046.3730000000005,4994.653684210526,-51.71931578947442
no08,533967_00535_00609_0,1345,13:45,3521.2745000000004,3513.072105263157,-8.202394736843416
no08,533967_00535_00609_0,1400,14:00,4655.5235,4776.977368421053,121.4538684210529
no08,533967_00535_00609_0,1415,14:15,4267.9225,4135.32947368421,-132.59302631578976
no08,533967_00535_00609_0,1430,14:30,5269.296,5312.214736842106,42.91873684210532
no08,533967_00535_00609_0,1445,14:45,4131.941000000001,4181.333684210526,49.39268421052566
no08,533967_00535_00609_0,1500,15:00,4142.5055,4117.673684210527,-24.831815789472785
no08,533967_00535_00609_0,1515,15:15,4641.0975,4700.258947368421,59.16144736842125
no08,533967_00535_00609_0,1530,15:30,4806.3150000000005,4764.963684210527,-41.35131578947312
no08,533967_00535_00609_0,1545,15:45,5102.195,5204.13,101.9350000000004
no08,533967_00535_00609_0,1600,16:00,6657.367,6566.904210526316,-90.4627894736841
no08,533967_00535_00609_0,1615,16:15,5304.1665,5351.7378947368425,47.571394736842194
no08,533967_00535_00609_0,1630,16:30,5540.4275,5588.6973684210525,48.269868421052706
no08,533967_00535_00609_0,1645,16:45,5798.4,5810.972105263158,12.572105263157937
no08,533967_00535_00609_0,1700,17:00,3347.021,3332.194736842105,-14.826263157895028
no08,533967_00535_00609_0,1715,17:15,6306.326,6403.232631578947,96.90663157894687
no08,533967_00535_00609_0,1730,17:30,6536.156,6514.982105263158,-21.173894736842158
no08,533967_00535_00609_0,1745,17:45,5656.525,5555.363157894736,-101.16184210526353
no08,533967_00535_00609_0,1800,18:00,6779.011,6889.803684210527,110.7926842105262
no08,533967_00535_00609_0,1815,18:15,6417.5235,6382.4315789473685,-35.09192105263173
no08,533967_00535_00609_0,1830,18:30,4934.193,4903.415789473684,-30.777210526316594
no08,533967_00535_00609_0,1845,18:45,4218.841,4255.952631578948,37.11163157894771
no08,533967_00535_00609_1,630,06:30,8657.018,8805.25,148.23199999999997
no08,533967_00535_00609_1,645,06:45,8646.8565,8772.719473684212,125.86297368421219
no08,533967_00535_00609_1,700,07:00,9015.683,9039.766315789471,24.083315789470362
no08,533967_00535_00609_1,715,07:15,11947.2,12231.722631578948,284.52263157894777
no08,533967_00535_00609_1,730,07:30,9889.618,10844.964210526316,955.3462105263152
no08,533967_00535_00609_1,745,07:45,4939.556,5244.503684210526,304.94768421052686
no08,533967_00535_00609_1,800,08:00,6307.548000000001,6398.372105263157,90.82410526315653
no08,533967_00535_00609_1,815,08:15,9291.281,9318.984210526316,27.70321052631516
no08,533967_00535_00609_1,830,08:30,6599.611999999999,6656.57947368421,56.967473684210745
no08,533967_00535_00609_1,845,08:45,8786.1695,8998.092105263158,211.9226052631584
no08,533967_00535_00609_1,900,09:00,7384.282000000001,7501.226842105263,116.94484210526207
no08,533967_00535_00609_1,915,09:15,6910.386,7157.363157894736,246.97715789473568
no08,533967_00535_00609_1,930,09:30,7758.623,7740.764736842105,-17.858263157894726
no08,533967_00535_00609_1,945,09:45,4255.576,4372.565789473684,116.98978947368414
no08,533967_00535_00609_1,1000,10:00,6982.1035,6909.671578947369,-72.43192105263097
no08,533967_00535_00609_1,1015,10:15,7458.027,7580.962631578947,122.93563157894732
no08,533967_00535_00609_1,1030,10:30,7738.503,7600.495789473684,-138.00721052631525
no08,533967_00535_00609_1,1045,10:45,6485.835,6521.035789473684,35.20078947368438
no08,533967_00535_00609_1,1100,11:00,9343.7545,9501.958421052632,158.20392105263272
no08,533967_00535_00609_1,1115,11:15,10354.4465,10869.041578947368,514.5950789473682
no08,533967_00535_00609_1,1130,11:30,7749.461,7782.742105263158,33.28110526315777
no08,533967_00535_00609_1,1145,11:45,7261.3405,7454.513684210527,193.17318421052641
no08,533967_00535_00609_1,1200,12:00,13627.6585,14370.69157894737,743.0330789473701
no08,533967_00535_00609_1,1215,12:15,11627.537,13183.704736842104,1556.1677368421042
no08,533967_00535_00609_1,1230,12:30,11137.317,11227.474736842105,90.1577368421058
no08,533967_00535_00609_1,1245,12:45,9762.242,10345.784736842106,583.542736842106
no08,533967_00535_00609_1,1300,13:00,9400.253,9624.256315789473,224.00331578947225
no08,533967_00535_00609_1,1315,13:15,9622.503,10189.42894736842,566.9259473684197
no08,533967_00535_00609_1,1330,13:30,6661.361999999999,6689.626315789474,28.264315789474495
no08,533967_00535_00609_1,1345,13:45,6014.287,5992.448947368421,-21.838052631579558
no08,533967_00535_00609_1,1400,14:00,6447.998,6470.78,22.782000000000153
no08,533967_00535_00609_1,1415,14:15,5101.428,5120.631578947368,19.20357894736844
no08,533967_00535_00609_1,1430,14:30,4368.471,4320.757894736843,-47.71310526315665
no08,533967_00535_00609_1,1445,14:45,5297.921,5309.944736842105,12.023736842104881
no08,533967_00535_00609_1,1500,15:00,8117.7985,8083.676315789474,-34.12218421052603
no08,533967_00535_00609_1,1515,15:15,8764.4825,9028.06105263158,263.57855263157944
no08,533967_00535_00609_1,1530,15:30,8729.076,8895.383684210527,166.30768421052744
no08,533967_00535_00609_1,1545,15:45,7805.769999999999,8121.262105263158,315.49210526315983
no08,533967_00535_00609_1,1600,16:00,8425.052500000002,8547.37947368421,122.3269736842085
no08,533967_00535_00609_1,1615,16:15,12057.1545,12126.084210526316,68.92971052631583
no08,533967_00535_00609_1,1630,16:30,7343.689,7794.922105263157,451.2331052631571
no08,533967_00535_00609_1,1645,16:45,10738.0535,10968.11947368421,230.0659736842099
no08,533967_00535_00609_1,1700,17:00,14230.9995,16244.842105263158,2013.8426052631585
no08,533967_00535_00609_1,1715,17:15,10526.689,12206.617368421052,1679.9283684210513
no08,533967_00535_00609_1,1730,17:30,11754.068,12460.331578947367,706.2635789473679
no08,533967_00535_00609_1,1745,17:45,12969.603,13368.015263157897,398.41226315789754
no08,533967_00535_00609_1,1800,18:00,9155.2735,9866.80947368421,711.5359736842111
no08,533967_00535_00609_1,1815,18:15,10524.1765,11282.07947368421,757.9029736842112
no08,533967_00535_00609_1,1830,18:30,12694.1025,12735.626315789474,41.52381578947279
no08,533967_00535_00609_1,1845,18:45,8906.9185,9013.335789473684,106.41728947368392
no08,533967_00535_11512_0,630,06:30,304.8115,303.49263157894734,-1.3188684210526844
no08,533967_00535_11512_0,645,06:45,367.26,367.0036842105263,-0.25631578947371736
no08,533967_00535_11512_0,700,07:00,551.866,554.7168421052633,2.8508421052632684
no08,533967_00535_11512_0,715,07:15,644.756,649.0573684210526,4.3013684210526435
no08,533967_00535_11512_0,730,07:30,566.743,584.9242105263157,18.18121052631568
no08,533967_00535_11512_0,745,07:45,980.401,951.3510526315788,-29.049947368421158
no08,533967_00535_11512_0,800,08:00,852.302,887.1147368421052,34.81273684210521
no08,533967_00535_11512_0,815,08:15,823.4905000000001,839.9031578947369,16.412657894736753
no08,533967_00535_11512_0,830,08:30,612.8344999999999,616.818947368421,3.9844473684211152
no08,533967_00535_11512_0,845,08:45,972.575,973.0894736842106,0.5144736842105431
no08,533967_00535_11512_0,900,09:00,1014.3555,1022.9847368421052,8.629236842105229
no08,533967_00535_11512_0,915,09:15,894.7270000000001,924.361052631579,29.634052631578925
no08,533967_00535_11512_0,930,09:30,924.354,906.32,-18.033999999999992
no08,533967_00535_11512_0,945,09:45,912.9935,941.7068421052631,28.71334210526311
no08,533967_00535_11512_0,1000,10:00,771.795,781.9057894736843,10.110789473684349
no08,533967_00535_11512_0,1015,10:15,934.8155,929.4473684210526,-5.368131578947441
no08,533967_00535_11512_0,1030,10:30,927.7705,941.2026315789471,13.432131578947178
no08,533967_00535_11512_0,1045,10:45,733.919,721.748947368421,-12.170052631578983
no08,533967_00535_11512_0,1100,11:00,1198.772,1188.0857894736844,-10.686210526315563
no08,533967_00535_11512_0,1115,11:15,1402.819,1420.981052631579,18.162052631578945
no08,533967_00535_11512_0,1130,11:30,1204.4795,1205.252105263158,0.7726052631580842
no08,533967_00535_11512_0,1145,11:45,840.3735,844.9047368421053,4.5312368421052724
no08,533967_00535_11512_0,1200,12:00,1030.245,1027.5084210526315,-2.7365789473683435
no08,533967_00535_11512_0,1215,12:15,1415.1165,1449.6310526315788,34.51455263157868
no08,533967_00535_11512_0,1230,12:30,1437.157,1448.9094736842103,11.752473684210372
no08,533967_00535_11512_0,1245,12:45,1022.6845,1014.3542105263158,-8.33028947368416
no08,533967_00535_11512_0,1300,13:00,1189.752,1217.4689473684211,27.716947368421188
no08,533967_00535_11512_0,1315,13:15,1113.1875,1130.8768421052632,17.689342105263222
no08,533967_00535_11512_0,1330,13:30,880.1205,882.3152631578946,2.194763157894613
no08,533967_00535_11512_0,1345,13:45,851.2705,854.8105263157895,3.5400263157895324
no08,533967_00535_11512_0,1400,14:00,790.505,804.8468421052631,14.34184210526314
no08,533967_00535_11512_0,1415,14:15,1029.198,1023.7905263157896,-5.4074736842104585
no08,533967_00535_11512_0,1430,14:30,998.899,1000.4010526315788,1.5020526315787492
no08,533967_00535_11512_0,1445,14:45,1032.648,1042.7305263157896,10.082526315789664
no08,533967_00535_11512_0,1500,15:00,1125.348,1141.5136842105262,16.16568421052625
no08,533967_00535_11512_0,1515,15:15,1166.398,1162.641052631579,-3.7569473684209242
no08,533967_00535_11512_0,1530,15:30,1292.876,1266.1963157894736,-26.679684210526375
no08,533967_00535_11512_0,1545,15:45,1271.6975,1294.7868421052633,23.089342105263313
no08,533967_00535_11512_0,1600,16:00,854.1785,862.1105263157895,7.9320263157894715
no08,533967_00535_11512_0,1615,16:15,839.518,831.0384210526315,-8.479578947368509
no08,533967_00535_11512_0,1630,16:30,652.2850000000001,677.8015789473684,25.516578947368316
no08,533967_00535_11512_0,1645,16:45,910.2635,902.4947368421052,-7.768763157894796
no08,533967_00535_11512_0,1700,17:00,991.491,984.6236842105264,-6.867315789473537
no08,533967_00535_11512_0,1715,17:15,1197.2025,1204.888947368421,7.686447368420886
no08,533967_00535_11512_0,1730,17:30,1190.561,1191.8063157894735,1.2453157894735796
no08,533967_00535_11512_0,1745,17:45,1038.3015,1022.2284210526316,-16.073078947368458
no08,533967_00535_11512_0,1800,18:00,1318.017,1290.0705263157895,-27.94647368421056
no08,533967_00535_11512_0,1815,18:15,1327.711,1364.831052631579,37.12005263157903
no08,533967_00535_11512_0,1830,18:30,1022.6125,1070.08,47.46749999999997
no08,533967_00535_11512_0,1845,18:45,1207.9475,1187.562105263158,-20.385394736842045
no08,533967_00535_11512_1,630,06:30,4184.268,4188.056315789474,3.788315789473927
no08,533967_00535_11512_1,645,06:45,4143.456,4136.494736842105,-6.961263157894791
no08,533967_00535_11512_1,700,07:00,3137.2275,3163.1715789473687,25.94407894736878
no08,533967_00535_11512_1,715,07:15,4554.1175,4590.9710526315785,36.85355263157817
no08,533967_00535_11512_1,730,07:30,6257.373,6391.974736842106,134.60173684210622
no08,533967_00535_11512_1,745,07:45,5677.926,5486.8347368421055,-191.0912631578949
no08,533967_00535_11512_1,800,08:00,6611.525,7017.636315789474,406.11131578947425
no08,533967_00535_11512_1,815,08:15,8856.853500000001,9113.553684210528,256.70018421052737
no08,533967_00535_11512_1,830,08:30,7897.503,8041.636315789474,144.13331578947418
no08,533967_00535_11512_1,845,08:45,3781.88,3798.905263157895,17.025263157895097
no08,533967_00535_11512_1,900,09:00,3367.271,3367.164736842105,-0.10626315789522778
no08,533967_00535_11512_1,915,09:15,3497.5305,3437.5884210526315,-59.94207894736837
no08,533967_00535_11512_1,930,09:30,3427.617,3492.167368421053,64.55036842105301
no08,533967_00535_11512_1,945,09:45,3407.8105000000005,3434.380526315789,26.57002631578871
no08,533967_00535_11512_1,1000,10:00,4206.138,4238.450526315789,32.312526315789
no08,533967_00535_11512_1,1015,10:15,3420.5870000000004,3429.754736842105,9.16773684210466
no08,533967_00535_11512_1,1030,10:30,3348.9245,3405.162105263158,56.237605263158
no08,533967_00535_11512_1,1045,10:45,3376.763,3365.646842105263,-11.116157894736716
no08,533967_00535_11512_1,1100,11:00,3523.231,3579.777894736842,56.54689473684175
no08,533967_00535_11512_1,1115,11:15,5594.685,5432.897894736842,-161.78710526315808
no08,533967_00535_11512_1,1130,11:30,3001.903,3172.622631578948,170.71963157894834
no08,533967_00535_11512_1,1145,11:45,4764.86,4733.745789473684,-31.11421052631522
no08,533967_00535_11512_1,1200,12:00,3222.1095,3095.884210526316,-126.22528947368392
no08,533967_00535_11512_1,1215,12:15,4173.9095,4127.363157894736,-46.54634210526365
no08,533967_00535_11512_1,1230,12:30,3907.134,3872.342105263158,-34.791894736842096
no08,533967_00535_11512_1,1245,12:45,3249.577,3195.605789473684,-53.9712105263161
no08,533967_00535_11512_1,1300,13:00,3739.5405,3801.768947368421,62.2284473684208
no08,533967_00535_11512_1,1315,13:15,4367.2970000000005,4422.972631578948,55.675631578947105
no08,533967_00535_11512_1,1330,13:30,3518.4435,3414.6336842105266,-103.8098157894733
no08,533967_00535_11512_1,1345,13:45,3222.8945,3323.964210526316,101.06971052631616
no08,533967_00535_11512_1,1400,14:00,2195.977,2246.993157894737,51.01615789473726
no08,533967_00535_11512_1,1415,14:15,3288.553,3275.2494736842104,-13.30352631578944
no08,533967_00535_11512_1,1430,14:30,3628.7535,3676.403684210526,47.65018421052628
no08,533967_00535_11512_1,1445,14:45,2710.6510000000003,2673.5594736842104,-37.091526315789906
no08,533967_00535_11512_1,1500,15:00,3637.905,3598.216315789474,-39.68868421052639
no08,533967_00535_11512_1,1515,15:15,3225.5555,3243.7657894736844,18.210289473684497
no08,533967_00535_11512_1,1530,15:30,3365.1760000000004,3142.931578947368,-222.24442105263233
no08,533967_00535_11512_1,1545,15:45,3025.0765,3053.8473684210526,28.770868421052455
no08,533967_00535_11512_1,1600,16:00,3962.501,3998.795263157895,36.294263157894875
no08,533967_00535_11512_1,1615,16:15,2833.8115,2786.2726315789478,-47.53886842105203
no08,533967_00535_11512_1,1630,16:30,3943.376,3945.231052631579,1.8550526315789284
no08,533967_00535_11512_1,1645,16:45,3139.7875,3144.0373684210526,4.249868421052724
no08,533967_00535_11512_1,1700,17:00,3707.8605,3755.5394736842095,47.67897368420972
no08,533967_00535_11512_1,1715,17:15,3313.7650000000003,3396.783684210526,83.01868421052586
no08,533967_00535_11512_1,1730,17:30,3121.6095,3068.644736842105,-52.96476315789505
no08,533967_00535_11512_1,1745,17:45,2913.2015,3018.075263157895,104.8737631578947
no08,533967_00535_11512_1,1800,18:00,3229.3395,3205.552105263158,-23.78739473684209
no08,533967_00535_11512_1,1815,18:15,3164.82,3061.9752631578945,-102.8447368421057
no08,533967_00535_11512_1,1830,18:30,2359.923,2533.733157894737,173.81015789473713
no08,533967_00535_11512_1,1845,18:45,2054.384,2063.835789473684,9.45178947368413
no08,533967_00535_14018_0,630,06:30,946.3425,952.9184210526316,6.5759210526316565
no08,533967_00535_14018_0,645,06:45,1051.446,1067.7836842105262,16.337684210526277
no08,533967_00535_14018_0,700,07:00,983.2595,1000.9621052631578,17.702605263157807
no08,533967_00535_14018_0,715,07:15,1133.713,1120.3689473684212,-13.344052631578734
no08,533967_00535_14018_0,730,07:30,1072.62,1101.7036842105265,29.0836842105266
no08,533967_00535_14018_0,745,07:45,742.915,751.47,8.555000000000064
no08,533967_00535_14018_0,800,08:00,1209.698,1205.996842105263,-3.70115789473698
no08,533967_00535_14018_0,815,08:15,1077.794,1113.402105263158,35.608105263157995
no08,533967_00535_14018_0,830,08:30,1092.464,1103.9194736842103,11.455473684210347
no08,533967_00535_14018_0,845,08:45,713.797,712.9978947368421,-0.7991052631579123
no08,533967_00535_14018_0,900,09:00,616.4345000000001,613.0389473684211,-3.395552631578994
no08,533967_00535_14018_0,915,09:15,536.115,543.0573684210526,6.942368421052606
no08,533967_00535_14018_0,930,09:30,560.1665,550.6252631578948,-9.541236842105263
no08,533967_00535_14018_0,945,09:45,585.9345000000001,590.818947368421,4.884447368420979
no08,533967_00535_14018_0,1000,10:00,464.707,464.7378947368421,0.030894736842128623
no08,533967_00535_14018_0,1015,10:15,510.7325,522.1005263157895,11.36802631578945
no08,533967_00535_14018_0,1030,10:30,560.8385000000001,558.7257894736842,-2.112710526315823
no08,533967_00535_14018_0,1045,10:45,573.4825,569.2726315789474,-4.2098684210525334
no08,533967_00535_14018_0,1100,11:00,435.4935,440.1878947368421,4.694394736842128
no08,533967_00535_14018_0,1115,11:15,502.8365,504.2494736842105,1.412973684210499
no08,533967_00535_14018_0,1130,11:30,345.7785,354.19,8.41149999999999
no08,533967_00535_14018_0,1145,11:45,569.132,573.7152631578947,4.5832631578947485
no08,533967_00535_14018_0,1200,12:00,702.845,700.9884210526316,-1.8565789473684617
no08,533967_00535_14018_0,1215,12:15,663.141,668.9521052631579,5.81110526315797
no08,533967_00535_14018_0,1230,12:30,645.4885,648.0978947368421,2.6093947368420913
no08,533967_00535_14018_0,1245,12:45,686.5495,693.5031578947368,6.953657894736807
no08,533967_00535_14018_0,1300,13:00,504.0045,501.7094736842105,-2.295026315789528
no08,533967_00535_14018_0,1315,13:15,718.87,724.4326315789473,5.562631578947276
no08,533967_00535_14018_0,1330,13:30,446.9815,449.1294736842105,2.1479736842105126
no08,533967_00535_14018_0,1345,13:45,372.2895,375.3484210526316,3.0589210526316037
no08,533967_00535_14018_0,1400,14:00,385.183,391.0336842105264,5.850684210526424
no08,533967_00535_14018_0,1415,14:15,414.2065,410.12894736842105,-4.077552631578953
no08,533967_00535_14018_0,1430,14:30,465.4,465.40210526315786,0.0021052631578868386
no08,533967_00535_14018_0,1445,14:45,288.1575,295.39,7.232499999999959
no08,533967_00535_14018_0,1500,15:00,301.9995,287.9942105263158,-14.005289473684229
no08,533967_00535_14018_0,1515,15:15,548.7965,563.6473684210526,14.85086842105261
no08,533967_00535_14018_0,1530,15:30,380.5525,378.0468421052632,-2.505657894736828
no08,533967_00535_14018_0,1545,15:45,505.6315,504.4152631578947,-1.2162368421053316
no08,533967_00535_14018_0,1600,16:00,513.7995,513.5463157894736,-0.2531842105263422
no08,533967_00535_14018_0,1615,16:15,465.4055,469.031052631579,3.6255526315789552
no08,533967_00535_14018_0,1630,16:30,406.7145,409.3842105263158,2.669710526315839
no08,533967_00535_14018_0,1645,16:45,539.3255,543.8363157894737,4.510815789473668
no08,533967_00535_14018_0,1700,17:00,827.1510000000001,817.5021052631579,-9.64889473684218
no08,533967_00535_14018_0,1715,17:15,833.3399999999999,853.2857894736842,19.945789473684272
no08,533967_00535_14018_0,1730,17:30,557.766,560.2842105263157,2.5182105263157837
no08,533967_00535_14018_0,1745,17:45,688.787,679.8357894736843,-8.951210526315776
no08,533967_00535_14018_0,1800,18:00,456.5865,483.1973684210527,26.610868421052714
no08,533967_00535_14018_0,1815,18:15,710.443,713.1126315789473,2.66963157894736
no08,533967_00535_14018_0,1830,18:30,733.3145000000001,739.891052631579,6.57655263157892
no08,533967_00535_14018_0,1845,18:45,564.795,552.717894736842,-12.077105263157932
no08,533967_00535_14018_1,630,06:30,1555.956,1566.3473684210526,10.391368421052675
no08,533967_00535_14018_1,645,06:45,1369.5905,1378.0347368421053,8.444236842105283
no08,533967_00535_14018_1,700,07:00,1567.2775,1574.2678947368422,6.9903947368422905
no08,533967_00535_14018_1,715,07:15,2859.6475,2916.34,56.69250000000011
no08,533967_00535_14018_1,730,07:30,4334.7375,4352.612631578947,17.87513157894682
no08,533967_00535_14018_1,745,07:45,3853.1685,3910.4978947368418,57.32939473684155
no08,533967_00535_14018_1,800,08:00,2940.6125,2976.7963157894737,36.183815789473556
no08,533967_00535_14018_1,815,08:15,5496.2,5740.937894736842,244.73789473684246
no08,533967_00535_14018_1,830,08:30,8745.295,8958.271578947368,212.97657894736767
no08,533967_00535_14018_1,845,08:45,7333.4985,8147.766842105263,814.2683421052634
no08,533967_00535_14018_1,900,09:00,2881.452,2910.9352631578945,29.48326315789427
no08,533967_00535_14018_1,915,09:15,2931.4695,2903.001578947368,-28.467921052631937
no08,533967_00535_14018_1,930,09:30,2653.2505,2652.712105263158,-0.5383947368422923
no08,533967_00535_14018_1,945,09:45,2684.5225,2626.331052631579,-58.191447368420995
no08,533967_00535_14018_1,1000,10:00,2339.202,2330.961052631579,-8.240947368421075
no08,533967_00535_14018_1,1015,10:15,2474.492,2475.531052631579,1.0390526315786701
no08,533967_00535_14018_1,1030,10:30,1717.212,1735.2915789473684,18.079578947368418
no08,533967_00535_14018_1,1045,10:45,1843.8395,1862.3047368421053,18.46523684210524
no08,533967_00535_14018_1,1100,11:00,2094.5535,2087.751578947368,-6.801921052631769
no08,533967_00535_14018_1,1115,11:15,1909.079,1935.2794736842104,26.200473684210465
no08,533967_00535_14018_1,1130,11:30,1502.4435,1449.6768421052632,-52.76665789473691
no08,533967_00535_14018_1,1145,11:45,1556.759,1508.5815789473684,-48.177421052631644
no08,533967_00535_14018_1,1200,12:00,2010.266,2046.6,36.33399999999983
no08,533967_00535_14018_1,1215,12:15,2860.6365,2906.098421052632,45.46192105263208
no08,533967_00535_14018_1,1230,12:30,2447.0845,2484.3326315789477,37.24813157894778
no08,533967_00535_14018_1,1245,12:45,1310.6685,1294.5463157894735,-16.122184210526484
no08,533967_00535_14018_1,1300,13:00,1775.477,1747.0089473684209,-28.468052631579212
no08,533967_00535_14018_1,1315,13:15,1751.9075,1760.2826315789475,8.375131578947503
no08,533967_00535_14018_1,1330,13:30,1499.8525,1478.2731578947369,-21.579342105263095
no08,533967_00535_14018_1,1345,13:45,1246.5175,1268.3831578947368,21.86565789473684
no08,533967_00535_14018_1,1400,14:00,1351.319,1348.22,-3.0989999999999327
no08,533967_00535_14018_1,1415,14:15,1838.6565,1849.675789473684,11.019289473684012
no08,533967_00535_14018_1,1430,14:30,1785.4235,1798.0089473684209,12.585447368420773
no08,533967_00535_14018_1,1445,14:45,1654.4630000000002,1712.121052631579,57.65805263157881
no08,533967_00535_14018_1,1500,15:00,1627.529,1562.8657894736843,-64.66321052631565
no08,533967_00535_14018_1,1515,15:15,1502.318,1566.7984210526315,64.48042105263153
no08,533967_00535_14018_1,1530,15:30,4674.053,4818.268947368421,144.21594736842144
no08,533967_00535_14018_1,1545,15:45,2826.868,2918.93,92.0619999999999
no08,533967_00535_14018_1,1600,16:00,3158.7915000000003,3242.2984210526315,83.50692105263124
no08,533967_00535_14018_1,1615,16:15,2266.836,2312.9173684210527,46.08136842105296
no08,533967_00535_14018_1,1630,16:30,3298.564,3364.4457894736843,65.88178947368442
no08,533967_00535_14018_1,1645,16:45,2952.3135,2909.5394736842104,-42.7740263157898
no08,533967_00535_14018_1,1700,17:00,2695.9345000000003,2770.045789473684,74.11128947368388
no08,533967_00535_14018_1,1715,17:15,2908.1175,3128.192105263158,220.074605263158
no08,533967_00535_14018_1,1730,17:30,3853.668,3945.5494736842106,91.8814736842105
no08,533967_00535_14018_1,1745,17:45,3209.0885000000003,3243.946842105263,34.858342105262636
no08,533967_00535_14018_1,1800,18:00,3273.9765,3460.548947368421,186.57244736842085
no08,533967_00535_14018_1,1815,18:15,2879.1405,2752.1552631578948,-126.98523684210522
no08,533967_00535_14018_1,1830,18:30,1997.6435,1932.9063157894736,-64.73718421052627
no08,533967_00535_14018_1,1845,18:45,2011.299,2045.2805263157893,33.981526315789324
no08,533967_00536_11512_0,630,06:30,1661.536,1661.2384210526316,-0.29757894736849266
no08,533967_00536_11512_0,645,06:45,1573.618,1572.8805263157894,-0.7374736842104994
no08,533967_00536_11512_0,700,07:00,1167.7965,1168.5794736842104,0.7829736842104467
no08,533967_00536_11512_0,715,07:15,1798.63,1818.792105263158,20.162105263157855
no08,533967_00536_11512_0,730,07:30,2363.549,2399.1926315789474,35.64363157894741
no08,533967_00536_11512_0,745,07:45,1866.4895,1827.234210526316,-39.25528947368389
no08,533967_00536_11512_0,800,08:00,2441.049,2546.368947368421,105.3199473684208
no08,533967_00536_11512_0,815,08:15,3752.6815,3944.196842105264,191.5153421052637
no08,533967_00536_11512_0,830,08:30,3063.7165,2973.3794736842106,-90.33702631578944
no08,533967_00536_11512_0,845,08:45,1509.1985,1514.1505263157894,4.952026315789453
no08,533967_00536_11512_0,900,09:00,1303.7045,1311.8836842105263,8.179184210526273
no08,533967_00536_11512_0,915,09:15,1380.282,1376.0678947368422,-4.214105263157762
no08,533967_00536_11512_0,930,09:30,1437.6045,1439.3984210526316,1.793921052631731
no08,533967_00536_11512_0,945,09:45,1414.1435,1414.2005263157896,0.057026315789698856
no08,533967_00536_11512_0,1000,10:00,1678.8475,1678.8847368421054,0.03723684210535794
no08,533967_00536_11512_0,1015,10:15,1410.8255,1412.500526315789,1.6750263157891823
no08,533967_00536_11512_0,1030,10:30,1303.584,1309.5363157894735,5.9523157894734595
no08,533967_00536_11512_0,1045,10:45,1298.518,1293.471052631579,-5.046947368421115
no08,533967_00536_11512_0,1100,11:00,1338.8595,1351.1752631578947,12.315763157894708
no08,533967_00536_11512_0,1115,11:15,2062.9755,2017.7126315789476,-45.26286842105242
no08,533967_00536_11512_0,1130,11:30,1106.371,1130.6805263157894,24.3095263157893
no08,533967_00536_11512_0,1145,11:45,1764.6525,1734.465789473684,-30.186710526315892
no08,533967_00536_11512_0,1200,12:00,1211.7535,1210.1594736842103,-1.5940263157897334
no08,533967_00536_11512_0,1215,12:15,1673.2959999999998,1655.8110526315788,-17.48494736842099
no08,533967_00536_11512_0,1230,12:30,1403.7469999999998,1406.3005263157895,2.553526315789668
no08,533967_00536_11512_0,1245,12:45,1277.548,1276.7405263157896,-0.8074736842104357
no08,533967_00536_11512_0,1300,13:00,1425.3305,1435.4631578947367,10.132657894736667
no08,533967_00536_11512_0,1315,13:15,1612.556,1617.4242105263158,4.868210526315806
no08,533967_00536_11512_0,1330,13:30,1404.146,1398.1447368421052,-6.001263157894755
no08,533967_00536_11512_0,1345,13:45,1240.5215,1248.002631578947,7.481131578947043
no08,533967_00536_11512_0,1400,14:00,930.863,928.0642105263158,-2.7987894736842236
no08,533967_00536_11512_0,1415,14:15,1235.6975,1237.5931578947368,1.8956578947368143
no08,533967_00536_11512_0,1430,14:30,1416.438,1418.4136842105263,1.9756842105261967
no08,533967_00536_11512_0,1445,14:45,1040.773,1048.7205263157894,7.947526315789446
no08,533967_00536_11512_0,1500,15:00,1290.6605,1298.6494736842103,7.98897368421035
no08,533967_00536_11512_0,1515,15:15,1179.935,1173.8752631578948,-6.059736842105167
no08,533967_00536_11512_0,1530,15:30,1219.5535,1144.9426315789474,-74.6108684210526
no08,533967_00536_11512_0,1545,15:45,1178.6005,1177.748947368421,-0.8515526315788975
no08,533967_00536_11512_0,1600,16:00,1568.569,1543.5884210526317,-24.980578947368258
no08,533967_00536_11512_0,1615,16:15,1035.084,1034.4194736842103,-0.6645263157897716
no08,533967_00536_11512_0,1630,16:30,1428.0369999999998,1429.717894736842,1.6808947368422196
no08,533967_00536_11512_0,1645,16:45,1267.246,1267.3036842105264,0.057684210526304014
no08,533967_00536_11512_0,1700,17:00,1207.374,1210.0873684210526,2.7133684210525644
no08,533967_00536_11512_0,1715,17:15,1335.0745000000002,1332.2047368421051,-2.8697631578950222
no08,533967_00536_11512_0,1730,17:30,1240.467,1238.3747368421052,-2.0922631578948767
no08,533967_00536_11512_0,1745,17:45,1128.076,1132.3468421052632,4.2708421052632275
no08,533967_00536_11512_0,1800,18:00,1289.7785,1295.5284210526315,5.749921052631635
no08,533967_00536_11512_0,1815,18:15,1287.2325,1273.3157894736842,-13.91671052631591
no08,533967_00536_11512_0,1830,18:30,1034.6,1039.7610526315789,5.161052631578968
no08,533967_00536_11512_0,1845,18:45,854.789,855.0957894736842,0.3067894736842618
no08,533967_00536_11512_1,630,06:30,203.868,203.92315789473685,0.055157894736851176
no08,533967_00536_11512_1,645,06:45,252.2735,250.7894736842105,-1.4840263157895208
no08,533967_00536_11512_1,700,07:00,378.789,378.8884210526316,0.09942105263161238
no08,533967_00536_11512_1,715,07:15,443.418,439.21473684210525,-4.203263157894753
no08,533967_00536_11512_1,730,07:30,394.859,404.0805263157895,9.221526315789504
no08,533967_00536_11512_1,745,07:45,688.1455,657.3473684210527,-30.798131578947277
no08,533967_00536_11512_1,800,08:00,605.397,623.2226315789474,17.82563157894731
no08,533967_00536_11512_1,815,08:15,552.8625,558.3863157894737,5.523815789473701
no08,533967_00536_11512_1,830,08:30,437.562,435.8636842105263,-1.6983157894737246
no08,533967_00536_11512_1,845,08:45,676.004,672.5957894736842,-3.40821052631577
no08,533967_00536_11512_1,900,09:00,701.8905,698.3731578947369,-3.517342105263083
no08,533967_00536_11512_1,915,09:15,619.0224999999999,634.2126315789474,15.190131578947444
no08,533967_00536_11512_1,930,09:30,623.7835,613.6505263157895,-10.13297368421047
no08,533967_00536_11512_1,945,09:45,653.1320000000001,666.7805263157894,13.648526315789354
no08,533967_00536_11512_1,1000,10:00,545.765,549.7152631578947,3.9502631578947103
no08,533967_00536_11512_1,1015,10:15,651.61,648.4731578947368,-3.136842105263213
no08,533967_00536_11512_1,1030,10:30,619.915,631.6294736842104,11.714473684210475
no08,533967_00536_11512_1,1045,10:45,510.259,499.4257894736842,-10.833210526315838
no08,533967_00536_11512_1,1100,11:00,816.263,799.6652631578947,-16.59773684210529
no08,533967_00536_11512_1,1115,11:15,983.7755,994.0663157894736,10.29081578947364
no08,533967_00536_11512_1,1130,11:30,834.5630000000001,836.2994736842105,1.7364736842104094
no08,533967_00536_11512_1,1145,11:45,580.2819999999999,578.7373684210527,-1.5446315789472465
no08,533967_00536_11512_1,1200,12:00,716.5310000000001,712.1042105263158,-4.426789473684266
no08,533967_00536_11512_1,1215,12:15,948.102,961.6436842105264,13.541684210526455
no08,533967_00536_11512_1,1230,12:30,990.3115,989.5673684210526,-0.7441315789474174
no08,533967_00536_11512_1,1245,12:45,736.4995,725.6678947368422,-10.831605263157826
no08,533967_00536_11512_1,1300,13:00,809.206,820.9173684210526,11.711368421052612
no08,533967_00536_11512_1,1315,13:15,774.7845,773.0089473684211,-1.7755526315788757
no08,533967_00536_11512_1,1330,13:30,610.8285,616.7273684210526,5.898868421052612
no08,533967_00536_11512_1,1345,13:45,572.4145,567.4984210526316,-4.916078947368419
no08,533967_00536_11512_1,1400,14:00,560.5440000000001,570.8957894736842,10.351789473684107
no08,533967_00536_11512_1,1415,14:15,716.0375,705.2378947368421,-10.7996052631579
no08,533967_00536_11512_1,1430,14:30,696.6725,696.1321052631579,-0.5403947368421314
no08,533967_00536_11512_1,1445,14:45,719.129,717.7147368421053,-1.4142631578947658
no08,533967_00536_11512_1,1500,15:00,777.184,782.5247368421052,5.34073684210523
no08,533967_00536_11512_1,1515,15:15,792.634,787.9089473684211,-4.725052631578933
no08,533967_00536_11512_1,1530,15:30,920.2735,904.4047368421052,-15.868763157894819
no08,533967_00536_11512_1,1545,15:45,888.1255000000001,901.9915789473685,13.86607894736835
no08,533967_00536_11512_1,1600,16:00,607.5165,611.0652631578947,3.5487631578947685
no08,533967_00536_11512_1,1615,16:15,566.7455,561.6284210526316,-5.117078947368441
no08,533967_00536_11512_1,1630,16:30,436.917,444.1347368421052,7.217736842105239
no08,533967_00536_11512_1,1645,16:45,622.711,609.8347368421053,-12.876263157894755
no08,533967_00536_11512_1,1700,17:00,672.564,668.7263157894737,-3.8376842105262767
no08,533967_00536_11512_1,1715,17:15,813.3005,815.8273684210526,2.5268684210525407
no08,533967_00536_11512_1,1730,17:30,859.595,862.1568421052631,2.561842105263054
no08,533967_00536_11512_1,1745,17:45,726.25,715.0205263157894,-11.229473684210575
no08,533967_00536_11512_1,1800,18:00,922.7535,899.81,-22.943500000000085
no08,533967_00536_11512_1,1815,18:15,932.136,955.1842105263158,23.04821052631587
no08,533967_00536_11512_1,1830,18:30,717.5274999999999,747.1457894736842,29.618289473684285
no08,533967_00536_11512_1,1845,18:45,839.5695,819.0094736842105,-20.5600263157894
no08,533967_00538_00539_0,630,06:30,5306.5105,5072.196315789473,-234.31418421052695
no08,533967_00538_00539_0,645,06:45,7511.0735,7272.76947368421,-238.30402631579
no08,533967_00538_00539_0,700,07:00,6110.4735,5856.593684210527,-253.87981578947347
no08,533967_00538_00539_0,715,07:15,5004.2515,4935.307894736842,-68.94360526315813
no08,533967_00538_00539_0,730,07:30,6343.2795,5946.41052631579,-396.8689736842098
no08,533967_00538_00539_0,745,07:45,6824.82,6999.757368421054,174.9373684210541
no08,533967_00538_00539_0,800,08:00,5418.6665,6108.938421052631,690.2719210526311
no08,533967_00538_00539_0,815,08:15,6171.3,5953.660526315789,-217.63947368421123
no08,533967_00538_00539_0,830,08:30,7436.294,7840.218947368421,403.9249473684213
no08,533967_00538_00539_0,845,08:45,4429.840999999999,4518.321578947369,88.4805789473694
no08,533967_00538_00539_0,900,09:00,4800.404,4796.965263157895,-3.4387368421057545
no08,533967_00538_00539_0,915,09:15,5276.6230000000005,5575.784736842105,299.1617368421048
no08,533967_00538_00539_0,930,09:30,4199.935,4167.787894736842,-32.147105263158664
no08,533967_00538_00539_0,945,09:45,3208.3875,3261.753157894737,53.36565789473707
no08,533967_00538_00539_0,1000,10:00,4126.076,4141.888421052632,15.81242105263209
no08,533967_00538_00539_0,1015,10:15,3739.0135,3780.6431578947368,41.62965789473674
no08,533967_00538_00539_0,1030,10:30,3470.5305,3464.6068421052632,-5.923657894736607
no08,533967_00538_00539_0,1045,10:45,3692.954,3720.187894736842,27.23389473684165
no08,533967_00538_00539_0,1100,11:00,2070.79,2042.9305263157892,-27.859473684210798
no08,533967_00538_00539_0,1115,11:15,3157.7435,3081.6221052631577,-76.12139473684238
no08,533967_00538_00539_0,1130,11:30,3306.5395000000003,3490.1636842105263,183.62418421052598
no08,533967_00538_00539_0,1145,11:45,3696.3075,3579.850526315789,-116.45697368421088
no08,533967_00538_00539_0,1200,12:00,4255.347,4339.145263157895,83.79826315789524
no08,533967_00538_00539_0,1215,12:15,2668.5265,2830.076842105263,161.5503421052631
no08,533967_00538_00539_0,1230,12:30,2844.3190000000004,2758.2057894736845,-86.11321052631592
no08,533967_00538_00539_0,1245,12:45,4087.6435,4140.748421052632,53.10492105263165
no08,533967_00538_00539_0,1300,13:00,3299.921,3401.777894736842,101.85689473684215
no08,533967_00538_00539_0,1315,13:15,3187.5015,3244.833684210526,57.332184210526066
no08,533967_00538_00539_0,1330,13:30,3727.3475,3728.208947368421,0.861447368421068
no08,533967_00538_00539_0,1345,13:45,2777.95,2678.9294736842103,-99.02052631578954
no08,533967_00538_00539_0,1400,14:00,3202.726,3246.4115789473685,43.68557894736841
no08,533967_00538_00539_0,1415,14:15,2852.731,2936.1463157894736,83.41531578947342
no08,533967_00538_00539_0,1430,14:30,2487.429,2495.8094736842104,8.380473684210301
no08,533967_00538_00539_0,1445,14:45,2620.5575,2594.9010526315788,-25.65644736842114
no08,533967_00538_00539_0,1500,15:00,3301.2074999999995,3212.5905263157897,-88.61697368420982
no08,533967_00538_00539_0,1515,15:15,2761.963,2906.875789473684,144.91278947368392
no08,533967_00538_00539_0,1530,15:30,2503.6725,2477.7015789473685,-25.97092105263164
no08,533967_00538_00539_0,1545,15:45,2040.5850000000005,2058.228421052632,17.64342105263131
no08,533967_00538_00539_0,1600,16:00,3313.9635000000003,3325.224736842105,11.261236842104609
no08,533967_00538_00539_0,1615,16:15,3295.699,3253.77947368421,-41.91952631578988
no08,533967_00538_00539_0,1630,16:30,3081.0695,3170.7000000000003,89.63050000000021
no08,533967_00538_00539_0,1645,16:45,3409.1855,3564.880526315789,155.69502631578916
no08,533967_00538_00539_0,1700,17:00,2695.237,2605.983157894737,-89.25384210526317
no08,533967_00538_00539_0,1715,17:15,2730.8925,2758.3094736842104,27.41697368421046
no08,533967_00538_00539_0,1730,17:30,2858.6945,2909.1573684210525,50.46286842105246
no08,533967_00538_00539_0,1745,17:45,3227.282,3219.3315789473686,-7.950421052631555
no08,533967_00538_00539_0,1800,18:00,2294.803,2310.8094736842104,16.006473684210505
no08,533967_00538_00539_0,1815,18:15,2778.6375,2732.7768421052638,-45.86065789473605
no08,533967_00538_00539_0,1830,18:30,2672.073,2685.797368421053,13.724368421052986
no08,533967_00538_00539_0,1845,18:45,2281.298,2393.5415789473686,112.24357894736886
no08,533967_00538_00539_1,630,06:30,1737.7904999999998,1744.9710526315787,7.180552631578848
no08,533967_00538_00539_1,645,06:45,2490.727,2527.8047368421053,37.07773684210542
no08,533967_00538_00539_1,700,07:00,2218.18,2249.084736842105,30.904736842105194
no08,533967_00538_00539_1,715,07:15,3083.725,3208.111052631579,124.38605263157888
no08,533967_00538_00539_1,730,07:30,4242.3755,4682.273157894737,439.89765789473677
no08,533967_00538_00539_1,745,07:45,3024.6475,3188.7473684210527,164.09986842105263
no08,533967_00538_00539_1,800,08:00,7084.179000000001,6931.993157894736,-152.18584210526478
no08,533967_00538_00539_1,815,08:15,4228.514,6877.187894736842,2648.673894736842
no08,533967_00538_00539_1,830,08:30,4927.7235,5782.915789473684,855.1922894736836
no08,533967_00538_00539_1,845,08:45,8873.8115,9323.972631578948,450.1611315789487
no08,533967_00538_00539_1,900,09:00,5555.74,7169.471578947368,1613.7315789473678
no08,533967_00538_00539_1,915,09:15,4103.7415,4164.986315789474,61.24481578947416
no08,533967_00538_00539_1,930,09:30,4976.3455,5411.1578947368425,434.8123947368422
no08,533967_00538_00539_1,945,09:45,4885.5175,5677.513157894737,791.9956578947367
no08,533967_00538_00539_1,1000,10:00,5462.463,5504.436842105263,41.97384210526343
no08,533967_00538_00539_1,1015,10:15,4114.282,4242.845263157895,128.56326315789465
no08,533967_00538_00539_1,1030,10:30,5125.195,5043.933684210527,-81.26131578947297
no08,533967_00538_00539_1,1045,10:45,4147.359,4350.002105263157,202.64310526315694
no08,533967_00538_00539_1,1100,11:00,4574.415,4722.418947368421,148.003947368421
no08,533967_00538_00539_1,1115,11:15,5367.77,6112.643157894737,744.8731578947363
no08,533967_00538_00539_1,1130,11:30,5443.9,6004.835263157895,560.935263157895
no08,533967_00538_00539_1,1145,11:45,4794.55,5243.161052631579,448.6110526315788
no08,533967_00538_00539_1,1200,12:00,4700.0535,4793.973684210527,93.92018421052671
no08,533967_00538_00539_1,1215,12:15,5134.398,5205.077894736842,70.67989473684156
no08,533967_00538_00539_1,1230,12:30,3161.5,3490.208421052632,328.7084210526318
no08,533967_00538_00539_1,1245,12:45,3516.0075,3623.621052631579,107.61355263157884
no08,533967_00538_00539_1,1300,13:00,5434.4645,5636.131578947368,201.66707894736828
no08,533967_00538_00539_1,1315,13:15,4366.9445,4423.523684210526,56.579184210526364
no08,533967_00538_00539_1,1330,13:30,3272.9435000000003,3398.5005263157896,125.55702631578924
no08,533967_00538_00539_1,1345,13:45,3666.3275,3692.515789473685,26.188289473685018
no08,533967_00538_00539_1,1400,14:00,4728.6745,4995.169473684211,266.4949736842109
no08,533967_00538_00539_1,1415,14:15,4020.8235,4317.896842105263,297.07334210526324
no08,533967_00538_00539_1,1430,14:30,4341.0825,4978.195789473684,637.1132894736838
no08,533967_00538_00539_1,1445,14:45,3758.8515,4032.055789473684,273.20428947368373
no08,533967_00538_00539_1,1500,15:00,7530.788,8580.545263157896,1049.757263157896
no08,533967_00538_00539_1,1515,15:15,7184.848,8382.354210526317,1197.5062105263169
no08,533967_00538_00539_1,1530,15:30,5007.0435,5331.934210526316,324.89071052631607
no08,533967_00538_00539_1,1545,15:45,4107.6195,4817.32052631579,709.7010263157899
no08,533967_00538_00539_1,1600,16:00,6038.1555,6710.311578947369,672.1560789473688
no08,533967_00538_00539_1,1615,16:15,6599.33,7506.858421052631,907.5284210526306
no08,533967_00538_00539_1,1630,16:30,4658.847,5489.6815789473685,830.8345789473688
no08,533967_00538_00539_1,1645,16:45,4482.9265,4441.893684210526,-41.032815789473716
no08,533967_00538_00539_1,1700,17:00,6388.385,8468.087368421053,2079.7023684210526
no08,533967_00538_00539_1,1715,17:15,6539.494000000001,8479.563157894738,1940.0691578947371
no08,533967_00538_00539_1,1730,17:30,11619.82,12734.446842105262,1114.6268421052628
no08,533967_00538_00539_1,1745,17:45,19047.5675,20615.765789473684,1568.198289473683
no08,533967_00538_00539_1,1800,18:00,15700.4225,18769.14526315789,3068.72276315789
no08,533967_00538_00539_1,1815,18:15,12016.7695,18120.637894736843,6103.868394736843
no08,533967_00538_00539_1,1830,18:30,4824.2775,8604.072105263158,3779.794605263158
no08,533967_00538_00539_1,1845,18:45,4635.961499999999,4913.013684210527,277.05218421052723
no08,533967_00538_11513_0,630,06:30,922.143,936.0315789473684,13.888578947368387
no08,533967_00538_11513_0,645,06:45,1153.196,1295.2557894736842,142.0597894736843
no08,533967_00538_11513_0,700,07:00,997.787,1061.8194736842106,64.03247368421057
no08,533967_00538_11513_0,715,07:15,1576.6219999999998,1891.978947368421,315.35694736842106
no08,533967_00538_11513_0,730,07:30,1753.7455000000002,2133.673157894737,379.92765789473674
no08,533967_00538_11513_0,745,07:45,1353.1585,1686.078947368421,332.92044736842104
no08,533967_00538_11513_0,800,08:00,1181.1754999999998,1613.04,431.86450000000013
no08,533967_00538_11513_0,815,08:15,1777.1205000000002,2371.6926315789474,594.5721315789472
no08,533967_00538_11513_0,830,08:30,1764.8204999999998,2125.506315789474,360.68581578947396
no08,533967_00538_11513_0,845,08:45,1997.9425,2165.3526315789472,167.41013157894713
no08,533967_00538_11513_0,900,09:00,1590.044,1850.6005263157888,260.5565263157887
no08,533967_00538_11513_0,915,09:15,2040.0475,2122.291052631579,82.24355263157918
no08,533967_00538_11513_0,930,09:30,1818.385,2127.762631578947,309.3776315789471
no08,533967_00538_11513_0,945,09:45,1718.6375,1993.3,274.6624999999999
no08,533967_00538_11513_0,1000,10:00,2520.8335,2588.722631578947,67.88913157894694
no08,533967_00538_11513_0,1015,10:15,2094.0825,2336.2031578947367,242.12065789473672
no08,533967_00538_11513_0,1030,10:30,1941.5585,2155.784210526316,214.2257105263161
no08,533967_00538_11513_0,1045,10:45,1641.5355,1917.7673684210529,276.2318684210529
no08,533967_00538_11513_0,1100,11:00,2137.8515,2429.5,291.6484999999998
no08,533967_00538_11513_0,1115,11:15,1920.6485,2251.284210526316,330.6357105263162
no08,533967_00538_11513_0,1130,11:30,1864.9865,2070.51,205.52350000000024
no08,533967_00538_11513_0,1145,11:45,2203.6105,2766.315789473684,562.7052894736844
no08,533967_00538_11513_0,1200,12:00,1633.6925,1805.6705263157892,171.97802631578907
no08,533967_00538_11513_0,1215,12:15,1689.4915,1872.5110526315789,183.0195526315788
no08,533967_00538_11513_0,1230,12:30,1501.355,1687.107894736842,185.75289473684188
no08,533967_00538_11513_0,1245,12:45,1540.7545,1800.35,259.5954999999999
no08,533967_00538_11513_0,1300,13:00,1878.715,2010.0894736842104,131.37447368421044
no08,533967_00538_11513_0,1315,13:15,2030.393,2315.854736842105,285.461736842105
no08,533967_00538_11513_0,1330,13:30,1284.0115,1388.457894736842,104.44639473684197
no08,533967_00538_11513_0,1345,13:45,2136.4045,2271.072631578947,134.66813157894694
no08,533967_00538_11513_0,1400,14:00,1763.4060000000002,2046.542105263158,283.1361052631578
no08,533967_00538_11513_0,1415,14:15,1765.685,1864.754736842105,99.06973684210516
no08,533967_00538_11513_0,1430,14:30,1948.068,2261.942105263158,313.87410526315784
no08,533967_00538_11513_0,1445,14:45,1868.896,2156.9152631578945,288.01926315789456
no08,533967_00538_11513_0,1500,15:00,2296.7075,2477.457894736842,180.75039473684183
no08,533967_00538_11513_0,1515,15:15,2435.2115,2894.440526315789,459.22902631578927
no08,533967_00538_11513_0,1530,15:30,1948.786,2501.986842105264,553.2008421052637
no08,533967_00538_11513_0,1545,15:45,2287.0605,2804.9905263157893,517.9300263157893
no08,533967_00538_11513_0,1600,16:00,2132.407,2318.2473684210527,185.84036842105252
no08,533967_00538_11513_0,1615,16:15,2477.6165,2977.274736842105,499.658236842105
no08,533967_00538_11513_0,1630,16:30,2294.6595,2771.8236842105266,477.1641842105264
no08,533967_00538_11513_0,1645,16:45,2123.332,2410.4894736842107,287.1574736842108
no08,533967_00538_11513_0,1700,17:00,2733.0625,3280.664210526316,547.6017105263159
no08,533967_00538_11513_0,1715,17:15,2420.867,2944.972105263158,524.1051052631578
no08,533967_00538_11513_0,1730,17:30,2615.6255,3118.366842105263,502.7413421052629
no08,533967_00538_11513_0,1745,17:45,2666.7575,2913.212105263158,246.45460526315765
no08,533967_00538_11513_0,1800,18:00,2874.876,3297.5478947368424,422.6718947368422
no08,533967_00538_11513_0,1815,18:15,2497.941,3164.4452631578947,666.5042631578949
no08,533967_00538_11513_0,1830,18:30,2090.862,2829.0242105263155,738.1622105263154
no08,533967_00538_11513_0,1845,18:45,2024.1895,2455.306315789473,431.1168157894731
no08,533967_00538_11513_1,630,06:30,11178.126,10606.113157894735,-572.012842105265
no08,533967_00538_11513_1,645,06:45,20691.567000000003,21056.541578947366,364.9745789473636
no08,533967_00538_11513_1,700,07:00,14237.7035,19907.342631578947,5669.639131578948
no08,533967_00538_11513_1,715,07:15,16125.5955,19957.456842105265,3831.861342105265
no08,533967_00538_11513_1,730,07:30,16960.932999999997,20170.25947368421,3209.326473684214
no08,533967_00538_11513_1,745,07:45,11427.9605,20438.583684210527,9010.623184210528
no08,533967_00538_11513_1,800,08:00,6911.075999999999,12112.156315789474,5201.080315789475
no08,533967_00538_11513_1,815,08:15,10107.224,9884.996842105264,-222.2271578947366
no08,533967_00538_11513_1,830,08:30,9456.5875,11045.56947368421,1588.981973684211
no08,533967_00538_11513_1,845,08:45,11816.982,13055.583157894738,1238.6011578947382
no08,533967_00538_11513_1,900,09:00,17673.799,18949.57210526316,1275.7731052631607
no08,533967_00538_11513_1,915,09:15,7972.486,11278.4,3305.9139999999998
no08,533967_00538_11513_1,930,09:30,9175.9625,9611.401052631578,435.4385526315782
no08,533967_00538_11513_1,945,09:45,6669.4490000000005,7440.998421052632,771.5494210526313
no08,533967_00538_11513_1,1000,10:00,6310.518,6970.1410526315785,659.6230526315785
no08,533967_00538_11513_1,1015,10:15,3717.911,4103.367368421053,385.4563684210525
no08,533967_00538_11513_1,1030,10:30,3315.9855,4088.5163157894735,772.5308157894738
no08,533967_00538_11513_1,1045,10:45,2022.4565,2243.4105263157894,220.9540263157894
no08,533967_00538_11513_1,1100,11:00,1882.4585,1907.14,24.681500000000142
no08,533967_00538_11513_1,1115,11:15,4223.7475,4878.3105263157895,654.5630263157891
no08,533967_00538_11513_1,1130,11:30,2128.66,2411.307894736842,282.6478947368423
no08,533967_00538_11513_1,1145,11:45,3090.0895,3125.8247368421053,35.73523684210522
no08,533967_00538_11513_1,1200,12:00,1988.096,2004.805789473684,16.70978947368394
no08,533967_00538_11513_1,1215,12:15,2136.376,2523.137894736842,386.7618947368419
no08,533967_00538_11513_1,1230,12:30,3375.808,3361.162631578947,-14.645368421052808
no08,533967_00538_11513_1,1245,12:45,3829.5325,3927.4784210526313,97.94592105263155
no08,533967_00538_11513_1,1300,13:00,2410.3395,2482.6252631578946,72.28576315789451
no08,533967_00538_11513_1,1315,13:15,2234.3205000000003,2299.7405263157893,65.42002631578907
no08,533967_00538_11513_1,1330,13:30,4053.3065,4707.877894736843,654.5713947368426
no08,533967_00538_11513_1,1345,13:45,2789.279,3723.3394736842106,934.0604736842106
no08,533967_00538_11513_1,1400,14:00,3497.0995000000003,3811.968947368421,314.8694473684209
no08,533967_00538_11513_1,1415,14:15,3358.896,3495.5063157894733,136.61031578947313
no08,533967_00538_11513_1,1430,14:30,3145.3365000000003,3539.748421052632,394.41192105263144
no08,533967_00538_11513_1,1445,14:45,3441.503,3677.58,236.07699999999977
no08,533967_00538_11513_1,1500,15:00,2969.076,3329.374210526316,360.29821052631587
no08,533967_00538_11513_1,1515,15:15,3250.892,3326.186842105263,75.29484210526334
no08,533967_00538_11513_1,1530,15:30,3214.833,3197.008947368421,-17.82405263157898
no08,533967_00538_11513_1,1545,15:45,3320.757,3317.2194736842102,-3.537526315789819
no08,533967_00538_11513_1,1600,16:00,1965.1735,2028.99,63.816499999999905
no08,533967_00538_11513_1,1615,16:15,1631.5549999999998,1747.244736842105,115.68973684210528
no08,533967_00538_11513_1,1630,16:30,1092.3135,1266.5042105263158,174.1907105263158
no08,533967_00538_11513_1,1645,16:45,1518.0485,1585.568947368421,67.52044736842095
no08,533967_00538_11513_1,1700,17:00,2260.8935,2313.2136842105265,52.32018421052635
no08,533967_00538_11513_1,1715,17:15,4159.001,4981.251578947368,822.250578947368
no08,533967_00538_11513_1,1730,17:30,3346.2735,4057.693157894737,711.4196578947372
no08,533967_00538_11513_1,1745,17:45,3041.9045,3405.8773684210523,363.9728684210522
no08,533967_00538_11513_1,1800,18:00,2825.695,3307.9394736842105,482.24447368421033
no08,533967_00538_11513_1,1815,18:15,2513.1555,3002.5010526315787,489.3455526315788
no08,533967_00538_11513_1,1830,18:30,1472.0375,1832.2363157894736,360.19881578947366
no08,533967_00538_11513_1,1845,18:45,2014.5485,2136.927894736842,122.37939473684196
no08,533967_00539_11517_0,630,06:30,0.0,0.0,0.0
no08,533967_00539_11517_0,645,06:45,0.0,0.0,0.0
no08,533967_00539_11517_0,700,07:00,0.0,0.0,0.0
no08,533967_00539_11517_0,715,07:15,0.0,0.0,0.0
no08,533967_00539_11517_0,730,07:30,0.0,0.0,0.0
no08,533967_00539_11517_0,745,07:45,0.0,0.0,0.0
no08,533967_00539_11517_0,800,08:00,0.0,0.0,0.0
no08,533967_00539_11517_0,815,08:15,188.1005,189.84052631578948,1.7400263157894642
no08,533967_00539_11517_0,830,08:30,599.8925,586.8915789473684,-13.000921052631611
no08,533967_00539_11517_0,845,08:45,418.193,431.52263157894737,13.329631578947385
no08,533967_00539_11517_0,900,09:00,1154.654,1149.3557894736844,-5.298210526315643
no08,533967_00539_11517_0,915,09:15,156.8421052631579,159.61111111111111,2.769005847953224
no08,533967_00539_11517_0,930,09:30,185.2,178.20894736842106,-6.991052631578924
no08,533967_00539_11517_0,945,09:45,114.99947368421051,118.49944444444444,3.4999707602339214
no08,533967_00539_11517_0,1000,10:00,60.66666666666666,59.42857142857143,-1.2380952380952266
no08,533967_00539_11517_0,1015,10:15,0.0,0.0,0.0
no08,533967_00539_11517_0,1030,10:30,0.0,0.0,0.0
no08,533967_00539_11517_0,1045,10:45,179.947,181.10368421052632,1.156684210526322
no08,533967_00539_11517_0,1100,11:00,205.75,203.2094736842105,-2.540526315789492
no08,533967_00539_11517_0,1115,11:15,56.72727272727273,62.5,5.772727272727273
no08,533967_00539_11517_0,1130,11:30,171.75,169.84157894736842,-1.9084210526315815
no08,533967_00539_11517_0,1145,11:45,134.47263157894736,136.16555555555556,1.6929239766081992
no08,533967_00539_11517_0,1200,12:00,65.0,65.0,0.0
no08,533967_00539_11517_0,1215,12:15,87.78947368421052,89.83333333333333,2.0438596491228083
no08,533967_00539_11517_0,1230,12:30,706.75,687.7947368421053,-18.955263157894706
no08,533967_00539_11517_0,1245,12:45,469.042,485.8415789473684,16.799578947368445
no08,533967_00539_11517_0,1300,13:00,0.0,0.0,0.0
no08,533967_00539_11517_0,1315,13:15,120.1495,118.26210526315788,-1.8873947368421256
no08,533967_00539_11517_0,1330,13:30,61.083333333333336,61.083333333333336,0.0
no08,533967_00539_11517_0,1345,13:45,0.0,0.0,0.0
no08,533967_00539_11517_0,1400,14:00,0.0,0.0,0.0
no08,533967_00539_11517_0,1415,14:15,0.0,0.0,0.0
no08,533967_00539_11517_0,1430,14:30,438.542,430.8894736842105,-7.652526315789487
no08,533967_00539_11517_0,1445,14:45,856.5459999999999,842.0926315789474,-14.453368421052573
no08,533967_00539_11517_0,1500,15:00,272.40700000000004,294.57842105263154,22.1714210526315
no08,533967_00539_11517_0,1515,15:15,187.5495,183.68315789473684,-3.8663421052631577
no08,533967_00539_11517_0,1530,15:30,626.9979999999999,655.0047368421052,28.006736842105283
no08,533967_00539_11517_0,1545,15:45,245.05368421052637,209.31578947368425,-35.73789473684212
no08,533967_00539_11517_0,1600,16:00,988.449,1049.7726315789473,61.32363157894736
no08,533967_00539_11517_0,1615,16:15,479.051,418.2036842105263,-60.84731578947367
no08,533967_00539_11517_0,1630,16:30,1000.6565,962.4652631578948,-38.19123684210524
no08,533967_00539_11517_0,1645,16:45,480.199,527.8478947368421,47.648894736842124
no08,533967_00539_11517_0,1700,17:00,551.453,547.1505263157895,-4.30247368421044
no08,533967_00539_11517_0,1715,17:15,167.65,163.2657894736842,-4.3842105263157976
no08,533967_00539_11517_0,1730,17:30,0.0,0.0,0.0
no08,533967_00539_11517_0,1745,17:45,352.403,318.74210526315784,-33.66089473684218
no08,533967_00539_11517_0,1800,18:00,749.1034999999999,765.2242105263158,16.12071052631586
no08,533967_00539_11517_0,1815,18:15,824.6365,818.4231578947368,-6.213342105263109
no08,533967_00539_11517_0,1830,18:30,749.903,756.4936842105262,6.590684210526206
no08,533967_00539_11517_0,1845,18:45,268.3025,274.3168421052632,6.014342105263211
no08,533967_00539_11517_1,630,06:30,0.0,0.0,0.0
no08,533967_00539_11517_1,645,06:45,0.0,0.0,0.0
no08,533967_00539_11517_1,700,07:00,0.0,0.0,0.0
no08,533967_00539_11517_1,715,07:15,0.0,0.0,0.0
no08,533967_00539_11517_1,730,07:30,391.1505,394.8421052631579,3.6916052631578964
no08,533967_00539_11517_1,745,07:45,213.699,215.47368421052636,1.7746842105263454
no08,533967_00539_11517_1,800,08:00,818.4425,810.5178947368421,-7.9246052631579005
no08,533967_00539_11517_1,815,08:15,628.745,651.0057894736842,22.260789473684213
no08,533967_00539_11517_1,830,08:30,344.199,337.0521052631579,-7.146894736842114
no08,533967_00539_11517_1,845,08:45,308.70050000000003,307.79,-0.9105000000000132
no08,533967_00539_11517_1,900,09:00,708.297,716.3236842105263,8.026684210526241
no08,533967_00539_11517_1,915,09:15,1061.448,1051.3184210526315,-10.1295789473686
no08,533967_00539_11517_1,930,09:30,207.149,199.42263157894732,-7.726368421052683
no08,533967_00539_11517_1,945,09:45,706.052,712.578947368421,6.52694736842102
no08,533967_00539_11517_1,1000,10:00,347.6995,353.7363157894737,6.036815789473678
no08,533967_00539_11517_1,1015,10:15,622.5559999999999,618.6289473684211,-3.9270526315788175
no08,533967_00539_11517_1,1030,10:30,626.5029999999999,612.4757894736842,-14.027210526315685
no08,533967_00539_11517_1,1045,10:45,431.7525,447.3157894736842,15.563289473684222
no08,533967_00539_11517_1,1100,11:00,243.051,250.42210526315796,7.371105263157972
no08,533967_00539_11517_1,1115,11:15,747.2455,763.0984210526316,15.852921052631586
no08,533967_00539_11517_1,1130,11:30,151.1015,157.58882352941177,6.487323529411782
no08,533967_00539_11517_1,1145,11:45,958.696,957.8489473684212,-0.8470526315787765
no08,533967_00539_11517_1,1200,12:00,579.1495,586.312105263158,7.162605263157957
no08,533967_00539_11517_1,1215,12:15,450.24799999999993,443.3163157894737,-6.931684210526214
no08,533967_00539_11517_1,1230,12:30,103.2,136.2,32.999999999999986
no08,533967_00539_11517_1,1245,12:45,0.0,0.0,0.0
no08,533967_00539_11517_1,1300,13:00,529.1995,523.2610526315789,-5.938447368421066
no08,533967_00539_11517_1,1315,13:15,278.2,276.1578947368421,-2.0421052631579073
no08,533967_00539_11517_1,1330,13:30,177.0015,186.1584210526316,9.156921052631617
no08,533967_00539_11517_1,1345,13:45,644.3520000000001,643.0557894736842,-1.2962105263159174
no08,533967_00539_11517_1,1400,14:00,891.6049999999999,897.9947368421053,6.389736842105435
no08,533967_00539_11517_1,1415,14:15,546.3520000000001,531.2105263157895,-15.14147368421061
no08,533967_00539_11517_1,1430,14:30,249.8005,261.21263157894737,11.412131578947367
no08,533967_00539_11517_1,1445,14:45,786.9995,811.0478947368421,24.048394736842056
no08,533967_00539_11517_1,1500,15:00,956.8465,948.7852631578947,-8.061236842105245
no08,533967_00539_11517_1,1515,15:15,1012.9535,984.9494736842106,-28.00402631578936
no08,533967_00539_11517_1,1530,15:30,1095.8565,1109.4784210526316,13.621921052631478
no08,533967_00539_11517_1,1545,15:45,112.25,116.72727272727272,4.4772727272727195
no08,533967_00539_11517_1,1600,16:00,585.045,631.8894736842105,46.844473684210584
no08,533967_00539_11517_1,1615,16:15,170.0,173.43,3.430000000000007
no08,533967_00539_11517_1,1630,16:30,458.451,444.5821052631578,-13.868894736842208
no08,533967_00539_11517_1,1645,16:45,386.7505,405.2631578947368,18.512657894736833
no08,533967_00539_11517_1,1700,17:00,1454.732,1440.576842105263,-14.15515789473693
no08,533967_00539_11517_1,1715,17:15,1089.8375,1133.5731578947368,43.73565789473673
no08,533967_00539_11517_1,1730,17:30,1092.239,1090.3215789473684,-1.9174210526316529
no08,533967_00539_11517_1,1745,17:45,1272.994,1266.6936842105265,-6.300315789473416
no08,533967_00539_11517_1,1800,18:00,1083.2040000000002,1187.7284210526316,104.5244210526314
no08,533967_00539_11517_1,1815,18:15,1253.0455,1387.8057894736842,134.76028947368422
no08,533967_00539_11517_1,1830,18:30,185.0,213.24750000000003,28.24750000000003
no08,533967_00539_11517_1,1845,18:45,1108.9525,1096.0015789473684,-12.950921052631656
no08,533967_00605_01530_0,630,06:30,0.0,0.0,0.0
no08,533967_00605_01530_0,645,06:45,0.0,0.0,0.0
no08,533967_00605_01530_0,700,07:00,0.0,0.0,0.0
no08,533967_00605_01530_0,715,07:15,0.0,0.0,0.0
no08,533967_00605_01530_0,730,07:30,0.0,0.0,0.0
no08,533967_00605_01530_0,745,07:45,0.0,0.0,0.0
no08,533967_00605_01530_0,800,08:00,0.0,0.0,0.0
no08,533967_00605_01530_0,815,08:15,0.0,0.0,0.0
no08,533967_00605_01530_0,830,08:30,0.0,0.0,0.0
no08,533967_00605_01530_0,845,08:45,0.0,0.0,0.0
no08,533967_00605_01530_0,900,09:00,0.0,0.0,0.0
no08,533967_00605_01530_0,915,09:15,0.0,0.0,0.0
no08,533967_00605_01530_0,930,09:30,0.0,0.0,0.0
no08,533967_00605_01530_0,945,09:45,0.0,0.0,0.0
no08,533967_00605_01530_0,1000,10:00,0.0,0.0,0.0
no08,533967_00605_01530_0,1015,10:15,0.0,0.0,0.0
no08,533967_00605_01530_0,1030,10:30,0.0,0.0,0.0
no08,533967_00605_01530_0,1045,10:45,0.0,0.0,0.0
no08,533967_00605_01530_0,1100,11:00,0.0,0.0,0.0
no08,533967_00605_01530_0,1115,11:15,0.0,0.0,0.0
no08,533967_00605_01530_0,1130,11:30,0.0,0.0,0.0
no08,533967_00605_01530_0,1145,11:45,0.0,0.0,0.0
no08,533967_00605_01530_0,1200,12:00,0.0,0.0,0.0
no08,533967_00605_01530_0,1215,12:15,0.0,0.0,0.0
no08,533967_00605_01530_0,1230,12:30,0.0,0.0,0.0
no08,533967_00605_01530_0,1245,12:45,0.0,0.0,0.0
no08,533967_00605_01530_0,1300,13:00,0.0,0.0,0.0
no08,533967_00605_01530_0,1315,13:15,0.0,0.0,0.0
no08,533967_00605_01530_0,1330,13:30,0.0,0.0,0.0
no08,533967_00605_01530_0,1345,13:45,0.0,0.0,0.0
no08,533967_00605_01530_0,1400,14:00,0.0,0.0,0.0
no08,533967_00605_01530_0,1415,14:15,0.0,0.0,0.0
no08,533967_00605_01530_0,1430,14:30,0.0,0.0,0.0
no08,533967_00605_01530_0,1445,14:45,0.0,0.0,0.0
no08,533967_00605_01530_0,1500,15:00,0.0,0.0,0.0
no08,533967_00605_01530_0,1515,15:15,0.0,0.0,0.0
no08,533967_00605_01530_0,1530,15:30,0.0,0.0,0.0
no08,533967_00605_01530_0,1545,15:45,0.0,0.0,0.0
no08,533967_00605_01530_0,1600,16:00,0.0,0.0,0.0
no08,533967_00605_01530_0,1615,16:15,0.0,0.0,0.0
no08,533967_00605_01530_0,1630,16:30,0.0,0.0,0.0
no08,533967_00605_01530_0,1645,16:45,0.0,0.0,0.0
no08,533967_00605_01530_0,1700,17:00,0.0,0.0,0.0
no08,533967_00605_01530_0,1715,17:15,0.0,0.0,0.0
no08,533967_00605_01530_0,1730,17:30,0.0,0.0,0.0
no08,533967_00605_01530_0,1745,17:45,0.0,0.0,0.0
no08,533967_00605_01530_0,1800,18:00,0.0,0.0,0.0
no08,533967_00605_01530_0,1815,18:15,0.0,0.0,0.0
no08,533967_00605_01530_0,1830,18:30,0.0,0.0,0.0
no08,533967_00605_01530_0,1845,18:45,0.0,0.0,0.0
no08,533967_00605_01530_1,630,06:30,0.0,0.0,0.0
no08,533967_00605_01530_1,645,06:45,0.0,0.0,0.0
no08,533967_00605_01530_1,700,07:00,0.0,0.0,0.0
no08,533967_00605_01530_1,715,07:15,0.0,0.0,0.0
no08,533967_00605_01530_1,730,07:30,0.0,0.0,0.0
no08,533967_00605_01530_1,745,07:45,0.0,0.0,0.0
no08,533967_00605_01530_1,800,08:00,0.0,0.0,0.0
no08,533967_00605_01530_1,815,08:15,0.0,0.0,0.0
no08,533967_00605_01530_1,830,08:30,0.0,0.0,0.0
no08,533967_00605_01530_1,845,08:45,0.0,0.0,0.0
no08,533967_00605_01530_1,900,09:00,0.0,0.0,0.0
no08,533967_00605_01530_1,915,09:15,0.0,0.0,0.0
no08,533967_00605_01530_1,930,09:30,0.0,0.0,0.0
no08,533967_00605_01530_1,945,09:45,0.0,0.0,0.0
no08,533967_00605_01530_1,1000,10:00,0.0,0.0,0.0
no08,533967_00605_01530_1,1015,10:15,0.0,0.0,0.0
no08,533967_00605_01530_1,1030,10:30,0.0,0.0,0.0
no08,533967_00605_01530_1,1045,10:45,0.0,0.0,0.0
no08,533967_00605_01530_1,1100,11:00,0.0,0.0,0.0
no08,533967_00605_01530_1,1115,11:15,0.0,0.0,0.0
no08,533967_00605_01530_1,1130,11:30,0.0,0.0,0.0
no08,533967_00605_01530_1,1145,11:45,0.0,0.0,0.0
no08,533967_00605_01530_1,1200,12:00,0.0,0.0,0.0
no08,533967_00605_01530_1,1215,12:15,0.0,0.0,0.0
no08,533967_00605_01530_1,1230,12:30,0.0,0.0,0.0
no08,533967_00605_01530_1,1245,12:45,0.0,0.0,0.0
no08,533967_00605_01530_1,1300,13:00,0.0,0.0,0.0
no08,533967_00605_01530_1,1315,13:15,0.0,0.0,0.0
no08,533967_00605_01530_1,1330,13:30,0.0,0.0,0.0
no08,533967_00605_01530_1,1345,13:45,0.0,0.0,0.0
no08,533967_00605_01530_1,1400,14:00,0.0,0.0,0.0
no08,533967_00605_01530_1,1415,14:15,0.0,0.0,0.0
no08,533967_00605_01530_1,1430,14:30,0.0,0.0,0.0
no08,533967_00605_01530_1,1445,14:45,0.0,0.0,0.0
no08,533967_00605_01530_1,1500,15:00,0.0,0.0,0.0
no08,533967_00605_01530_1,1515,15:15,0.0,0.0,0.0
no08,533967_00605_01530_1,1530,15:30,0.0,0.0,0.0
no08,533967_00605_01530_1,1545,15:45,0.0,0.0,0.0
no08,533967_00605_01530_1,1600,16:00,0.0,0.0,0.0
no08,533967_00605_01530_1,1615,16:15,0.0,0.0,0.0
no08,533967_00605_01530_1,1630,16:30,0.0,0.0,0.0
no08,533967_00605_01530_1,1645,16:45,0.0,0.0,0.0
no08,533967_00605_01530_1,1700,17:00,0.0,0.0,0.0
no08,533967_00605_01530_1,1715,17:15,0.0,0.0,0.0
no08,533967_00605_01530_1,1730,17:30,0.0,0.0,0.0
no08,533967_00605_01530_1,1745,17:45,0.0,0.0,0.0
no08,533967_00605_01530_1,1800,18:00,0.0,0.0,0.0
no08,533967_00605_01530_1,1815,18:15,0.0,0.0,0.0
no08,533967_00605_01530_1,1830,18:30,0.0,0.0,0.0
no08,533967_00605_01530_1,1845,18:45,0.0,0.0,0.0
no08,533967_00605_72276_0,630,06:30,0.0,0.0,0.0
no08,533967_00605_72276_0,645,06:45,0.0,0.0,0.0
no08,533967_00605_72276_0,700,07:00,0.0,0.0,0.0
no08,533967_00605_72276_0,715,07:15,0.0,0.0,0.0
no08,533967_00605_72276_0,730,07:30,0.0,0.0,0.0
no08,533967_00605_72276_0,745,07:45,0.0,0.0,0.0
no08,533967_00605_72276_0,800,08:00,0.0,0.0,0.0
no08,533967_00605_72276_0,815,08:15,0.0,0.0,0.0
no08,533967_00605_72276_0,830,08:30,0.0,0.0,0.0
no08,533967_00605_72276_0,845,08:45,0.0,0.0,0.0
no08,533967_00605_72276_0,900,09:00,0.0,0.0,0.0
no08,533967_00605_72276_0,915,09:15,0.0,0.0,0.0
no08,533967_00605_72276_0,930,09:30,0.0,0.0,0.0
no08,533967_00605_72276_0,945,09:45,0.0,0.0,0.0
no08,533967_00605_72276_0,1000,10:00,0.0,0.0,0.0
no08,533967_00605_72276_0,1015,10:15,0.0,0.0,0.0
no08,533967_00605_72276_0,1030,10:30,0.0,0.0,0.0
no08,533967_00605_72276_0,1045,10:45,0.0,0.0,0.0
no08,533967_00605_72276_0,1100,11:00,0.0,0.0,0.0
no08,533967_00605_72276_0,1115,11:15,0.0,0.0,0.0
no08,533967_00605_72276_0,1130,11:30,0.0,0.0,0.0
no08,533967_00605_72276_0,1145,11:45,0.0,0.0,0.0
no08,533967_00605_72276_0,1200,12:00,0.0,0.0,0.0
no08,533967_00605_72276_0,1215,12:15,0.0,0.0,0.0
no08,533967_00605_72276_0,1230,12:30,0.0,0.0,0.0
no08,533967_00605_72276_0,1245,12:45,0.0,0.0,0.0
no08,533967_00605_72276_0,1300,13:00,0.0,0.0,0.0
no08,533967_00605_72276_0,1315,13:15,0.0,0.0,0.0
no08,533967_00605_72276_0,1330,13:30,0.0,0.0,0.0
no08,533967_00605_72276_0,1345,13:45,0.0,0.0,0.0
no08,533967_00605_72276_0,1400,14:00,0.0,0.0,0.0
no08,533967_00605_72276_0,1415,14:15,0.0,0.0,0.0
no08,533967_00605_72276_0,1430,14:30,0.0,0.0,0.0
no08,533967_00605_72276_0,1445,14:45,0.0,0.0,0.0
no08,533967_00605_72276_0,1500,15:00,0.0,0.0,0.0
no08,533967_00605_72276_0,1515,15:15,0.0,0.0,0.0
no08,533967_00605_72276_0,1530,15:30,0.0,0.0,0.0
no08,533967_00605_72276_0,1545,15:45,0.0,0.0,0.0
no08,533967_00605_72276_0,1600,16:00,0.0,0.0,0.0
no08,533967_00605_72276_0,1615,16:15,0.0,0.0,0.0
no08,533967_00605_72276_0,1630,16:30,0.0,0.0,0.0
no08,533967_00605_72276_0,1645,16:45,0.0,0.0,0.0
no08,533967_00605_72276_0,1700,17:00,0.0,0.0,0.0
no08,533967_00605_72276_0,1715,17:15,0.0,0.0,0.0
no08,533967_00605_72276_0,1730,17:30,0.0,0.0,0.0
no08,533967_00605_72276_0,1745,17:45,0.0,0.0,0.0
no08,533967_00605_72276_0,1800,18:00,0.0,0.0,0.0
no08,533967_00605_72276_0,1815,18:15,0.0,0.0,0.0
no08,533967_00605_72276_0,1830,18:30,0.0,0.0,0.0
no08,533967_00605_72276_0,1845,18:45,0.0,0.0,0.0
no08,533967_00605_72276_1,630,06:30,0.0,0.0,0.0
no08,533967_00605_72276_1,645,06:45,0.0,0.0,0.0
no08,533967_00605_72276_1,700,07:00,0.0,0.0,0.0
no08,533967_00605_72276_1,715,07:15,0.0,0.0,0.0
no08,533967_00605_72276_1,730,07:30,0.0,0.0,0.0
no08,533967_00605_72276_1,745,07:45,0.0,0.0,0.0
no08,533967_00605_72276_1,800,08:00,0.0,0.0,0.0
no08,533967_00605_72276_1,815,08:15,0.0,0.0,0.0
no08,533967_00605_72276_1,830,08:30,0.0,0.0,0.0
no08,533967_00605_72276_1,845,08:45,0.0,0.0,0.0
no08,533967_00605_72276_1,900,09:00,0.0,0.0,0.0
no08,533967_00605_72276_1,915,09:15,0.0,0.0,0.0
no08,533967_00605_72276_1,930,09:30,0.0,0.0,0.0
no08,533967_00605_72276_1,945,09:45,0.0,0.0,0.0
no08,533967_00605_72276_1,1000,10:00,0.0,0.0,0.0
no08,533967_00605_72276_1,1015,10:15,0.0,0.0,0.0
no08,533967_00605_72276_1,1030,10:30,0.0,0.0,0.0
no08,533967_00605_72276_1,1045,10:45,0.0,0.0,0.0
no08,533967_00605_72276_1,1100,11:00,0.0,0.0,0.0
no08,533967_00605_72276_1,1115,11:15,0.0,0.0,0.0
no08,533967_00605_72276_1,1130,11:30,0.0,0.0,0.0
no08,533967_00605_72276_1,1145,11:45,0.0,0.0,0.0
no08,533967_00605_72276_1,1200,12:00,0.0,0.0,0.0
no08,533967_00605_72276_1,1215,12:15,0.0,0.0,0.0
no08,533967_00605_72276_1,1230,12:30,0.0,0.0,0.0
no08,533967_00605_72276_1,1245,12:45,0.0,0.0,0.0
no08,533967_00605_72276_1,1300,13:00,0.0,0.0,0.0
no08,533967_00605_72276_1,1315,13:15,0.0,0.0,0.0
no08,533967_00605_72276_1,1330,13:30,0.0,0.0,0.0
no08,533967_00605_72276_1,1345,13:45,0.0,0.0,0.0
no08,533967_00605_72276_1,1400,14:00,0.0,0.0,0.0
no08,533967_00605_72276_1,1415,14:15,0.0,0.0,0.0
no08,533967_00605_72276_1,1430,14:30,0.0,0.0,0.0
no08,533967_00605_72276_1,1445,14:45,0.0,0.0,0.0
no08,533967_00605_72276_1,1500,15:00,0.0,0.0,0.0
no08,533967_00605_72276_1,1515,15:15,0.0,0.0,0.0
no08,533967_00605_72276_1,1530,15:30,0.0,0.0,0.0
no08,533967_00605_72276_1,1545,15:45,0.0,0.0,0.0
no08,533967_00605_72276_1,1600,16:00,0.0,0.0,0.0
no08,533967_00605_72276_1,1615,16:15,0.0,0.0,0.0
no08,533967_00605_72276_1,1630,16:30,0.0,0.0,0.0
no08,533967_00605_72276_1,1645,16:45,0.0,0.0,0.0
no08,533967_00605_72276_1,1700,17:00,0.0,0.0,0.0
no08,533967_00605_72276_1,1715,17:15,0.0,0.0,0.0
no08,533967_00605_72276_1,1730,17:30,0.0,0.0,0.0
no08,533967_00605_72276_1,1745,17:45,0.0,0.0,0.0
no08,533967_00605_72276_1,1800,18:00,0.0,0.0,0.0
no08,533967_00605_72276_1,1815,18:15,0.0,0.0,0.0
no08,533967_00605_72276_1,1830,18:30,0.0,0.0,0.0
no08,533967_00605_72276_1,1845,18:45,0.0,0.0,0.0
no08,533967_00608_00609_0,630,06:30,301.90250000000003,302.3321052631579,0.42960526315789593
no08,533967_00608_00609_0,645,06:45,295.6545,295.1810526315789,-0.47344736842109114
no08,533967_00608_00609_0,700,07:00,302.389,302.0305263157895,-0.35847368421053716
no08,533967_00608_00609_0,715,07:15,390.6795,389.7852631578948,-0.8942368421052151
no08,533967_00608_00609_0,730,07:30,269.8505,269.85578947368424,0.005289473684229051
no08,533967_00608_00609_0,745,07:45,318.166,319.8663157894737,1.7003157894736773
no08,533967_00608_00609_0,800,08:00,330.93,334.7442105263158,3.814210526315776
no08,533967_00608_00609_0,815,08:15,282.2275,284.7105263157895,2.483026315789459
no08,533967_00608_00609_0,830,08:30,308.0435,306.9178947368421,-1.1256052631579223
no08,533967_00608_00609_0,845,08:45,313.102,312.54,-0.561999999999955
no08,533967_00608_00609_0,900,09:00,297.0355,297.1405263157895,0.1050263157894733
no08,533967_00608_00609_0,915,09:15,179.1055,180.2421052631579,1.1366052631578896
no08,533967_00608_00609_0,930,09:30,267.943,266.1368421052632,-1.8061578947367707
no08,533967_00608_00609_0,945,09:45,273.8515,274.01000000000005,0.15850000000006048
no08,533967_00608_00609_0,1000,10:00,233.715,233.8584210526316,0.1434210526315951
no08,533967_00608_00609_0,1015,10:15,244.7725,245.1784210526316,0.40592105263158373
no08,533967_00608_00609_0,1030,10:30,224.136,222.1452631578948,-1.990736842105207
no08,533967_00608_00609_0,1045,10:45,237.545,236.88894736842107,-0.6560526315789161
no08,533967_00608_00609_0,1100,11:00,281.5435,279.6952631578947,-1.8482368421052797
no08,533967_00608_00609_0,1115,11:15,315.4915,315.85315789473685,0.36165789473687937
no08,533967_00608_00609_0,1130,11:30,194.5015,196.15842105263155,1.65692105263156
no08,533967_00608_00609_0,1145,11:45,247.416,247.59736842105264,0.18136842105263895
no08,533967_00608_00609_0,1200,12:00,383.766,380.9542105263158,-2.8117894736842004
no08,533967_00608_00609_0,1215,12:15,259.07,259.4952631578947,0.425263157894733
no08,533967_00608_00609_0,1230,12:30,305.7855,305.2357894736842,-0.5497105263158346
no08,533967_00608_00609_0,1245,12:45,305.1195,303.0131578947368,-2.106342105263195
no08,533967_00608_00609_0,1300,13:00,287.8045,287.39684210526315,-0.40765789473687164
no08,533967_00608_00609_0,1315,13:15,267.827,268.49368421052634,0.6666842105263413
no08,533967_00608_00609_0,1330,13:30,213.242,212.3163157894737,-0.925684210526299
no08,533967_00608_00609_0,1345,13:45,180.0115,180.47263157894736,0.46113157894734513
no08,533967_00608_00609_0,1400,14:00,244.2325,244.6221052631579,0.3896052631579039
no08,533967_00608_00609_0,1415,14:15,174.5125,175.54368421052632,1.0311842105263338
no08,533967_00608_00609_0,1430,14:30,166.6935,166.63315789473685,-0.060342105263146095
no08,533967_00608_00609_0,1445,14:45,179.31400000000002,178.46157894736842,-0.8524210526315983
no08,533967_00608_00609_0,1500,15:00,271.95500000000004,269.038947368421,-2.9160526315790207
no08,533967_00608_00609_0,1515,15:15,276.78450000000004,276.67157894736846,-0.11292105263157737
no08,533967_00608_00609_0,1530,15:30,254.1165,254.21894736842103,0.10244736842102498
no08,533967_00608_00609_0,1545,15:45,251.743,250.84052631578948,-0.9024736842105199
no08,533967_00608_00609_0,1600,16:00,282.09700000000004,280.3357894736842,-1.7612105263158355
no08,533967_00608_00609_0,1615,16:15,319.071,316.78736842105263,-2.283631578947393
no08,533967_00608_00609_0,1630,16:30,215.74650000000003,215.80263157894737,0.056131578947343996
no08,533967_00608_00609_0,1645,16:45,310.043,309.03315789473686,-1.0098421052631465
no08,533967_00608_00609_0,1700,17:00,359.2495,360.12894736842105,0.8794473684210402
no08,533967_00608_00609_0,1715,17:15,299.115,298.1384210526316,-0.9765789473684094
no08,533967_00608_00609_0,1730,17:30,334.837,333.06052631578945,-1.7764736842105435
no08,533967_00608_00609_0,1745,17:45,334.023,332.35315789473685,-1.6698421052631716
no08,533967_00608_00609_0,1800,18:00,300.274,299.4242105263158,-0.8497894736842113
no08,533967_00608_00609_0,1815,18:15,320.977,326.59,5.6129999999999995
no08,533967_00608_00609_0,1830,18:30,301.115,299.10105263157897,-2.013947368421043
no08,533967_00608_00609_0,1845,18:45,287.9785,288.5910526315789,0.6125526315789216
no08,533967_00608_00609_1,630,06:30,342.5,342.4057894736842,-0.09421052631580551
no08,533967_00608_00609_1,645,06:45,373.0,372.10526315789474,-0.8947368421052602
no08,533967_00608_00609_1,700,07:00,295.621,296.57894736842104,0.9579473684210598
no08,533967_00608_00609_1,715,07:15,430.75,432.5752631578948,1.825263157894824
no08,533967_00608_00609_1,730,07:30,685.2,685.2836842105263,0.08368421052625763
no08,533967_00608_00609_1,745,07:45,505.354,505.2631578947368,-0.09084210526316383
no08,533967_00608_00609_1,800,08:00,696.5,695.7894736842105,-0.7105263157894797
no08,533967_00608_00609_1,815,08:15,684.212,671.6999999999999,-12.512000000000057
no08,533967_00608_00609_1,830,08:30,786.738,795.2205263157895,8.482526315789414
no08,533967_00608_00609_1,845,08:45,694.741,699.5873684210526,4.846368421052603
no08,533967_00608_00609_1,900,09:00,539.106,541.2857894736842,2.1797894736841954
no08,533967_00608_00609_1,915,09:15,489.4195,489.2863157894737,-0.13318421052633767
no08,533967_00608_00609_1,930,09:30,602.7284999999999,614.7384210526316,12.009921052631626
no08,533967_00608_00609_1,945,09:45,502.75,499.20789473684215,-3.5421052631578505
no08,533967_00608_00609_1,1000,10:00,529.5,522.3126315789473,-7.187368421052724
no08,533967_00608_00609_1,1015,10:15,447.25,448.3184210526316,1.0684210526316065
no08,533967_00608_00609_1,1030,10:30,413.234,408.0047368421053,-5.229263157894707
no08,533967_00608_00609_1,1045,10:45,476.9605,482.9831578947369,6.022657894736881
no08,533967_00608_00609_1,1100,11:00,411.4505,420.2478947368421,8.797394736842136
no08,533967_00608_00609_1,1115,11:15,580.75,573.5373684210526,-7.2126315789473665
no08,533967_00608_00609_1,1130,11:30,296.75,300.0642105263158,3.314210526315776
no08,533967_00608_00609_1,1145,11:45,421.8505,415.9084210526316,-5.9420789473684295
no08,533967_00608_00609_1,1200,12:00,444.856,457.8963157894737,13.04031578947371
no08,533967_00608_00609_1,1215,12:15,551.0485,556.4647368421053,5.416236842105263
no08,533967_00608_00609_1,1230,12:30,377.0365,378.9536842105263,1.9171842105263295
no08,533967_00608_00609_1,1245,12:45,340.5,333.41,-7.089999999999975
no08,533967_00608_00609_1,1300,13:00,436.8915,440.81,3.9184999999999945
no08,533967_00608_00609_1,1315,13:15,332.9145,334.18,1.2655000000000314
no08,533967_00608_00609_1,1330,13:30,405.0365,401.0805263157895,-3.9559736842105053
no08,533967_00608_00609_1,1345,13:45,318.497,313.39421052631576,-5.102789473684254
no08,533967_00608_00609_1,1400,14:00,381.719,396.4010526315789,14.682052631578927
no08,533967_00608_00609_1,1415,14:15,346.25,336.60368421052635,-9.646315789473647
no08,533967_00608_00609_1,1430,14:30,457.2815,461.2578947368421,3.97639473684211
no08,533967_00608_00609_1,1445,14:45,339.617,343.6452631578948,4.0282631578947985
no08,533967_00608_00609_1,1500,15:00,315.25,313.18842105263155,-2.061578947368446
no08,533967_00608_00609_1,1515,15:15,360.25,367.7052631578947,7.455263157894706
no08,533967_00608_00609_1,1530,15:30,392.25,383.78210526315786,-8.46789473684214
no08,533967_00608_00609_1,1545,15:45,409.791,413.7442105263158,3.953210526315786
no08,533967_00608_00609_1,1600,16:00,620.946,610.1436842105263,-10.80231578947371
no08,533967_00608_00609_1,1615,16:15,566.321,574.2173684210526,7.896368421052557
no08,533967_00608_00609_1,1630,16:30,652.263,665.5815789473684,13.318578947368337
no08,533967_00608_00609_1,1645,16:45,569.796,563.2047368421053,-6.591263157894787
no08,533967_00608_00609_1,1700,17:00,370.921,371.2321052631579,0.31110526315791276
no08,533967_00608_00609_1,1715,17:15,539.8665,547.8342105263158,7.967710526315841
no08,533967_00608_00609_1,1730,17:30,531.5505,529.64,-1.91050000000007
no08,533967_00608_00609_1,1745,17:45,459.5,451.4415789473684,-8.058421052631616
no08,533967_00608_00609_1,1800,18:00,596.0475,597.5505263157894,1.5030263157893842
no08,533967_00608_00609_1,1815,18:15,528.5045,533.7110526315789,5.206552631578916
no08,533967_00608_00609_1,1830,18:30,496.4165,499.0326315789473,2.616131578947318
no08,533967_00608_00609_1,1845,18:45,409.8915,408.3342105263158,-1.5572894736841931
no08,533967_00609_11505_0,630,06:30,55.6515,56.89631578947368,1.2448157894736838
no08,533967_00609_11505_0,645,06:45,31.0,31.2,0.1999999999999993
no08,533967_00609_11505_0,700,07:00,31.25,31.125,-0.125
no08,533967_00609_11505_0,715,07:15,579.649,551.9584210526315,-27.69057894736852
no08,533967_00609_11505_0,730,07:30,95.21,114.95052631578947,19.74052631578948
no08,533967_00609_11505_0,745,07:45,1119.2695,1119.502105263158,0.2326052631578932
no08,533967_00609_11505_0,800,08:00,1112.409,1045.9326315789472,-66.47636842105294
no08,533967_00609_11505_0,815,08:15,195.6965,270.8415789473684,75.14507894736843
no08,533967_00609_11505_0,830,08:30,732.159,733.6942105263158,1.5352105263158364
no08,533967_00609_11505_0,845,08:45,534.894,521.4736842105264,-13.420315789473648
no08,533967_00609_11505_0,900,09:00,344.6555,358.94894736842105,14.293447368421027
no08,533967_00609_11505_0,915,09:15,40.0,40.0,0.0
no08,533967_00609_11505_0,930,09:30,0.0,0.0,0.0
no08,533967_00609_11505_0,945,09:45,889.3895,892.6152631578947,3.2257631578946757
no08,533967_00609_11505_0,1000,10:00,165.65,177.4221052631579,11.772105263157897
no08,533967_00609_11505_0,1015,10:15,39.333333333333336,31.75,-7.583333333333336
no08,533967_00609_11505_0,1030,10:30,122.9505,122.73736842105264,-0.2131315789473689
no08,533967_00609_11505_0,1045,10:45,31.666666666666668,31.666666666666668,0.0
no08,533967_00609_11505_0,1100,11:00,87.053,83.26789473684211,-3.785105263157888
no08,533967_00609_11505_0,1115,11:15,39.5,31.857142857142858,-7.642857142857142
no08,533967_00609_11505_0,1130,11:30,0.0,0.0,0.0
no08,533967_00609_11505_0,1145,11:45,123.1005,122.84263157894738,-0.25786842105262053
no08,533967_00609_11505_0,1200,12:00,125.799,141.89473684210526,16.095736842105254
no08,533967_00609_11505_0,1215,12:15,157.947,141.21157894736842,-16.73542105263158
no08,533967_00609_11505_0,1230,12:30,32.0,32.0,0.0
no08,533967_00609_11505_0,1245,12:45,94.103,94.05526315789471,-0.047736842105280175
no08,533967_00609_11505_0,1300,13:00,33.68421052631579,33.77777777777778,0.09356725146199096
no08,533967_00609_11505_0,1315,13:15,61.42928571428571,50.41176470588236,-11.01752100840335
no08,533967_00609_11505_0,1330,13:30,34.5,49.44555555555556,14.945555555555558
no08,533967_00609_11505_0,1345,13:45,107.3,104.99684210526316,-2.3031578947368416
no08,533967_00609_11505_0,1400,14:00,127.6995,138.89105263157893,11.19155263157893
no08,533967_00609_11505_0,1415,14:15,32.0,32.0,0.0
no08,533967_00609_11505_0,1430,14:30,242.7125,251.49210526315787,8.779605263157862
no08,533967_00609_11505_0,1445,14:45,48.60133333333333,46.4,-2.2013333333333307
no08,533967_00609_11505_0,1500,15:00,130.5495,135.68473684210525,5.135236842105257
no08,533967_00609_11505_0,1515,15:15,79.57894736842105,79.35352941176471,-0.22541795665634368
no08,533967_00609_11505_0,1530,15:30,50.4,67.28428571428572,16.884285714285717
no08,533967_00609_11505_0,1545,15:45,73.16833333333334,119.33333333333331,46.16499999999998
no08,533967_00609_11505_0,1600,16:00,63.95,67.26315789473684,3.3131578947368325
no08,533967_00609_11505_0,1615,16:15,0.0,0.0,0.0
no08,533967_00609_11505_0,1630,16:30,0.0,0.0,0.0
no08,533967_00609_11505_0,1645,16:45,94.301,94.05526315789471,-0.24573684210528768
no08,533967_00609_11505_0,1700,17:00,341.161,340.7468421052631,-0.41415789473688847
no08,533967_00609_11505_0,1715,17:15,37.333333333333336,37.333333333333336,0.0
no08,533967_00609_11505_0,1730,17:30,76.649,90.58,13.930999999999997
no08,533967_00609_11505_0,1745,17:45,37.8,39.0,1.2000000000000028
no08,533967_00609_11505_0,1800,18:00,185.447,188.36947368421053,2.92247368421053
no08,533967_00609_11505_0,1815,18:15,57.375,65.64428571428572,8.269285714285715
no08,533967_00609_11505_0,1830,18:30,47.66666666666666,52.4175,4.75083333333334
no08,533967_00609_11505_0,1845,18:45,305.204,304.3178947368421,-0.8861052631579014
no08,533967_00609_11505_1,630,06:30,203.712,216.37526315789475,12.663263157894761
no08,533967_00609_11505_1,645,06:45,51.6875,38.13333333333333,-13.554166666666667
no08,533967_00609_11505_1,700,07:00,32.0,0.0,-32.0
no08,533967_00609_11505_1,715,07:15,0.0,0.0,0.0
no08,533967_00609_11505_1,730,07:30,0.0,0.0,0.0
no08,533967_00609_11505_1,745,07:45,133.7465,217.95736842105265,84.21086842105265
no08,533967_00609_11505_1,800,08:00,328.7625,346.4357894736842,17.673289473684235
no08,533967_00609_11505_1,815,08:15,222.41,227.37421052631575,4.964210526315753
no08,533967_00609_11505_1,830,08:30,549.3109999999999,553.2136842105263,3.9026842105263313
no08,533967_00609_11505_1,845,08:45,96.38944444444444,87.9478947368421,-8.441549707602334
no08,533967_00609_11505_1,900,09:00,31.25,31.142857142857142,-0.10714285714285765
no08,533967_00609_11505_1,915,09:15,614.492,646.1015789473685,31.609578947368504
no08,533967_00609_11505_1,930,09:30,157.801,153.84578947368422,-3.955210526315767
no08,533967_00609_11505_1,945,09:45,0.0,0.0,0.0
no08,533967_00609_11505_1,1000,10:00,524.703,525.6915789473684,0.9885789473684099
no08,533967_00609_11505_1,1015,10:15,90.05421052631579,84.50055555555555,-5.553654970760235
no08,533967_00609_11505_1,1030,10:30,948.687,922.0852631578948,-26.601736842105197
no08,533967_00609_11505_1,1045,10:45,779.9395000000001,755.6742105263157,-24.265289473684334
no08,533967_00609_11505_1,1100,11:00,768.308,771.691052631579,3.383052631579062
no08,533967_00609_11505_1,1115,11:15,50.0,50.583333333333336,0.5833333333333357
no08,533967_00609_11505_1,1130,11:30,682.9035,714.7126315789474,31.80913157894736
no08,533967_00609_11505_1,1145,11:45,756.1695,738.33,-17.83949999999993
no08,533967_00609_11505_1,1200,12:00,950.91,1052.666842105263,101.75684210526299
no08,533967_00609_11505_1,1215,12:15,186.198,174.05157894736843,-12.146421052631581
no08,533967_00609_11505_1,1230,12:30,303.2085,307.6426315789474,4.434131578947358
no08,533967_00609_11505_1,1245,12:45,223.911,242.4710526315789,18.560052631578912
no08,533967_00609_11505_1,1300,13:00,587.0229999999999,565.5742105263158,-21.448789473684087
no08,533967_00609_11505_1,1315,13:15,492.1635,501.5263157894737,9.3628157894737
no08,533967_00609_11505_1,1330,13:30,119.503,118.64823529411764,-0.85476470588236
no08,533967_00609_11505_1,1345,13:45,760.1795,730.1173684210526,-30.0621315789474
no08,533967_00609_11505_1,1400,14:00,133.903,165.48,31.576999999999998
no08,533967_00609_11505_1,1415,14:15,42.16666666666666,52.400666666666666,10.234000000000009
no08,533967_00609_11505_1,1430,14:30,426.1485,391.9531578947368,-34.195342105263194
no08,533967_00609_11505_1,1445,14:45,144.39749999999998,161.41842105263157,17.020921052631593
no08,533967_00609_11505_1,1500,15:00,459.142,430.6415789473684,-28.500421052631623
no08,533967_00609_11505_1,1515,15:15,65.05764705882353,57.6875,-7.370147058823534
no08,533967_00609_11505_1,1530,15:30,31.77777777777778,31.77777777777778,0.0
no08,533967_00609_11505_1,1545,15:45,205.69,210.47894736842105,4.788947368421049
no08,533967_00609_11505_1,1600,16:00,681.9975000000001,674.9642105263158,-7.033289473684249
no08,533967_00609_11505_1,1615,16:15,1014.2625,1017.5910526315788,3.3285526315787592
no08,533967_00609_11505_1,1630,16:30,1203.562,1247.591052631579,44.029052631579134
no08,533967_00609_11505_1,1645,16:45,1315.421,1266.4631578947367,-48.95784210526335
no08,533967_00609_11505_1,1700,17:00,822.7270000000001,806.8105263157895,-15.916473684210587
no08,533967_00609_11505_1,1715,17:15,393.108,400.5436842105263,7.43568421052629
no08,533967_00609_11505_1,1730,17:30,483.491,468.3731578947368,-15.117842105263207
no08,533967_00609_11505_1,1745,17:45,563.858,619.2063157894737,55.34831578947376
no08,533967_00609_11505_1,1800,18:00,317.145,284.5426315789473,-32.60236842105269
no08,533967_00609_11505_1,1815,18:15,570.352,660.358947368421,90.00694736842104
no08,533967_00609_11505_1,1830,18:30,829.5935,829.1868421052632,-0.4066578947367816
no08,533967_00609_11505_1,1845,18:45,973.183,971.1957894736844,-1.9872105263156072
no08,533967_00693_01661_0,630,06:30,2450.5485,2457.1115789473683,6.563078947368467
no08,533967_00693_01661_0,645,06:45,2553.278,2580.9452631578947,27.667263157894922
no08,533967_00693_01661_0,700,07:00,2793.1375,2777.9794736842105,-15.158026315789357
no08,533967_00693_01661_0,715,07:15,2956.8195,2929.103157894737,-27.716342105263266
no08,533967_00693_01661_0,730,07:30,2938.811,2940.2194736842102,1.4084736842100938
no08,533967_00693_01661_0,745,07:45,3926.980000000001,3894.357368421053,-32.62263157894813
no08,533967_00693_01661_0,800,08:00,3362.1215,3369.0994736842104,6.977973684210156
no08,533967_00693_01661_0,815,08:15,3319.5385,3317.266315789473,-2.27218421052703
no08,533967_00693_01661_0,830,08:30,3403.019,3373.8121052631577,-29.20689473684206
no08,533967_00693_01661_0,845,08:45,3753.5655,3771.0342105263153,17.468710526315135
no08,533967_00693_01661_0,900,09:00,2106.414,2143.6873684210527,37.27336842105251
no08,533967_00693_01661_0,915,09:15,2294.091,2283.821052631579,-10.269947368421072
no08,533967_00693_01661_0,930,09:30,1949.6625,1974.344210526316,24.68171052631601
no08,533967_00693_01661_0,945,09:45,2748.5795000000003,2719.036315789474,-29.543184210526306
no08,533967_00693_01661_0,1000,10:00,2447.4365000000003,2438.58,-8.856500000000324
no08,533967_00693_01661_0,1015,10:15,2955.0150000000003,2983.0694736842106,28.05447368421028
no08,533967_00693_01661_0,1030,10:30,2196.228,2239.266842105263,43.03884210526303
no08,533967_00693_01661_0,1045,10:45,1431.2435,1432.9247368421052,1.681236842105136
no08,533967_00693_01661_0,1100,11:00,2271.098,2285.71,14.61200000000008
no08,533967_00693_01661_0,1115,11:15,2047.235,2024.1726315789476,-23.06236842105227
no08,533967_00693_01661_0,1130,11:30,3151.7665,3163.738421052632,11.971921052631842
no08,533967_00693_01661_0,1145,11:45,2248.652,2234.873157894737,-13.778842105263266
no08,533967_00693_01661_0,1200,12:00,2563.0365,2539.9657894736843,-23.070710526315906
no08,533967_00693_01661_0,1215,12:15,1755.0939999999998,1746.56,-8.533999999999878
no08,533967_00693_01661_0,1230,12:30,2414.905,2440.317894736842,25.412894736841736
no08,533967_00693_01661_0,1245,12:45,2511.9635,2554.244210526316,42.28071052631594
no08,533967_00693_01661_0,1300,13:00,2319.4165000000003,2321.19,1.7734999999997854
no08,533967_00693_01661_0,1315,13:15,1898.6365,1878.0826315789477,-20.553868421052357
no08,533967_00693_01661_0,1330,13:30,1480.1950000000002,1473.622105263158,-6.572894736842272
no08,533967_00693_01661_0,1345,13:45,1845.687,1860.7294736842105,15.042473684210563
no08,533967_00693_01661_0,1400,14:00,1755.427,1771.4757894736842,16.048789473684337
no08,533967_00693_01661_0,1415,14:15,2033.0745,2019.314210526316,-13.760289473683997
no08,533967_00693_01661_0,1430,14:30,2604.6575000000003,2602.4557894736845,-2.2017105263157646
no08,533967_00693_01661_0,1445,14:45,2717.358,2679.0526315789475,-38.30536842105266
no08,533967_00693_01661_0,1500,15:00,1590.8645,1603.9889473684211,13.124447368421215
no08,533967_00693_01661_0,1515,15:15,3083.3075,3044.8152631578946,-38.492236842105285
no08,533967_00693_01661_0,1530,15:30,1798.9544999999998,1776.3042105263155,-22.650289473684325
no08,533967_00693_01661_0,1545,15:45,2930.9075000000003,2933.338947368421,2.431447368420777
no08,533967_00693_01661_0,1600,16:00,2226.303,2239.968947368421,13.665947368421257
no08,533967_00693_01661_0,1615,16:15,2497.306,2502.7726315789478,5.466631578947727
no08,533967_00693_01661_0,1630,16:30,1953.338,1931.9615789473685,-21.376421052631486
no08,533967_00693_01661_0,1645,16:45,2694.164,2720.7252631578945,26.561263157894246
no08,533967_00693_01661_0,1700,17:00,3166.998,3191.6263157894737,24.628315789473618
no08,533967_00693_01661_0,1715,17:15,2937.762,2917.352105263158,-20.409894736842034
no08,533967_00693_01661_0,1730,17:30,2221.7545,2251.857368421053,30.10286842105279
no08,533967_00693_01661_0,1745,17:45,2526.935,2527.806842105263,0.8718421052631129
no08,533967_00693_01661_0,1800,18:00,2357.71,2368.382631578947,10.672631578946948
no08,533967_00693_01661_0,1815,18:15,2618.6055,2613.0994736842104,-5.506026315789768
no08,533967_00693_01661_0,1830,18:30,2498.146,2457.211052631579,-40.934947368421035
no08,533967_00693_01661_0,1845,18:45,2695.242,2720.5115789473684,25.269578947368245
no08,533967_00695_11518_0,630,06:30,1128.328,1128.3484210526317,0.02042105263171834
no08,533967_00695_11518_0,645,06:45,1303.34,1302.5152631578949,-0.8247368421050396
no08,533967_00695_11518_0,700,07:00,961.2465,962.3094736842106,1.0629736842106468
no08,533967_00695_11518_0,715,07:15,1592.461,1591.8405263157897,-0.6204736842103102
no08,533967_00695_11518_0,730,07:30,1443.2914999999998,1445.1952631578947,1.9037631578949004
no08,533967_00695_11518_0,745,07:45,2044.5205,2032.092105263158,-12.428394736842165
no08,533967_00695_11518_0,800,08:00,4380.3415,7407.913684210525,3027.572184210525
no08,533967_00695_11518_0,815,08:15,1781.9985,1779.551052631579,-2.4474473684208533
no08,533967_00695_11518_0,830,08:30,2592.4415,2115.504736842105,-476.9367631578948
no08,533967_00695_11518_0,845,08:45,2797.5205,2568.656315789474,-228.86418421052622
no08,533967_00695_11518_0,900,09:00,1493.2455,1491.6647368421054,-1.5807631578945802
no08,533967_00695_11518_0,915,09:15,1943.927,2117.394736842105,173.46773684210507
no08,533967_00695_11518_0,930,09:30,3067.9035,3388.0310526315798,320.1275526315799
no08,533967_00695_11518_0,945,09:45,1721.7485,1730.760526315789,9.012026315789171
no08,533967_00695_11518_0,1000,10:00,1813.469,1810.521052631579,-2.947947368420955
no08,533967_00695_11518_0,1015,10:15,1475.5195,1475.19,-0.32950000000005275
no08,533967_00695_11518_0,1030,10:30,1528.4935,1529.7705263157895,1.2770263157894988
no08,533967_00695_11518_0,1045,10:45,1763.2330000000002,1762.3047368421053,-0.9282631578948894
no08,533967_00695_11518_0,1100,11:00,1500.7995,1503.2605263157895,2.461026315789468
no08,533967_00695_11518_0,1115,11:15,1120.7875,1117.61,-3.177500000000009
no08,533967_00695_11518_0,1130,11:30,1423.558,1423.3452631578948,-0.21273684210518695
no08,533967_00695_11518_0,1145,11:45,1893.67,1894.8863157894732,1.2163157894731285
no08,533967_00695_11518_0,1200,12:00,1114.8,1113.6915789473685,-1.1084210526314564
no08,533967_00695_11518_0,1215,12:15,1320.817,1321.4936842105265,0.6766842105264459
no08,533967_00695_11518_0,1230,12:30,1434.132,1433.88,-0.2519999999999527
no08,533967_00695_11518_0,1245,12:45,1434.4495000000002,1435.1157894736843,0.6662894736841736
no08,533967_00695_11518_0,1300,13:00,1889.5885,1887.972105263158,-1.6163947368420395
no08,533967_00695_11518_0,1315,13:15,1288.402,1290.4742105263158,2.0722105263157573
no08,533967_00695_11518_0,1330,13:30,1203.234,1204.098947368421,0.8649473684210989
no08,533967_00695_11518_0,1345,13:45,1404.068,1404.08,0.011999999999943611
no08,533967_00695_11518_0,1400,14:00,1277.9275,1278.9105263157894,0.9830263157894024
no08,533967_00695_11518_0,1415,14:15,1551.1280000000002,1548.576842105263,-2.5511578947371163
no08,533967_00695_11518_0,1430,14:30,1583.0095,1583.8989473684212,0.8894473684213153
no08,533967_00695_11518_0,1445,14:45,1444.245,1443.7294736842105,-0.5155263157894296
no08,533967_00695_11518_0,1500,15:00,1461.7835,1464.0994736842106,2.315973684210576
no08,533967_00695_11518_0,1515,15:15,2128.561,2125.864210526316,-2.6967894736840208
no08,533967_00695_11518_0,1530,15:30,1510.5695,1509.8542105263157,-0.7152894736843791
no08,533967_00695_11518_0,1545,15:45,1355.2335,1354.3389473684213,-0.8945526315787902
no08,533967_00695_11518_0,1600,16:00,1146.0445,1146.6847368421052,0.640236842105196
no08,533967_00695_11518_0,1615,16:15,1841.6515,1846.19,4.538500000000113
no08,533967_00695_11518_0,1630,16:30,981.6445,978.2173684210528,-3.427131578947183
no08,533967_00695_11518_0,1645,16:45,1679.996,1679.1084210526317,-0.8875789473684108
no08,533967_00695_11518_0,1700,17:00,1448.0225,1447.6,-0.42250000000012733
no08,533967_00695_11518_0,1715,17:15,1858.772,1860.0863157894737,1.314315789473767
no08,533967_00695_11518_0,1730,17:30,1583.9985,1583.2594736842104,-0.7390263157894879
no08,533967_00695_11518_0,1745,17:45,1895.84,1895.842105263158,0.0021052631580005254
no08,533967_00695_11518_0,1800,18:00,1637.893,1641.4794736842105,3.586473684210432
no08,533967_00695_11518_0,1815,18:15,2015.15,2015.8510526315788,0.7010526315787047
no08,533967_00695_11518_0,1830,18:30,1892.2195,1892.906842105263,0.687342105263042
no08,533967_00695_11518_0,1845,18:45,1526.256,1524.1584210526316,-2.097578947368447
no08,533967_00695_11518_1,630,06:30,2478.1665000000003,2419.7000000000003,-58.466499999999996
no08,533967_00695_11518_1,645,06:45,3836.926,3682.4836842105274,-154.44231578947256
no08,533967_00695_11518_1,700,07:00,3897.165,3804.746842105263,-92.41815789473685
no08,533967_00695_11518_1,715,07:15,3186.6490000000003,3154.5694736842106,-32.079526315789735
no08,533967_00695_11518_1,730,07:30,2571.057,2722.2278947368422,151.17089473684246
no08,533967_00695_11518_1,745,07:45,918.335,1076.749473684211,158.41447368421086
no08,533967_00695_11518_1,800,08:00,2444.6185,2410.575263157895,-34.043236842105216
no08,533967_00695_11518_1,815,08:15,2302.501,2367.1294736842106,64.62847368421035
no08,533967_00695_11518_1,830,08:30,2166.586,2073.3315789473686,-93.25442105263119
no08,533967_00695_11518_1,845,08:45,2107.772,2067.2015789473685,-40.570421052631445
no08,533967_00695_11518_1,900,09:00,1943.771,2064.5673684210524,120.79636842105242
no08,533967_00695_11518_1,915,09:15,1290.6535,1285.7915789473684,-4.861921052631487
no08,533967_00695_11518_1,930,09:30,1869.424,1830.213157894737,-39.210842105263055
no08,533967_00695_11518_1,945,09:45,2163.167,2183.386315789473,20.219315789473058
no08,533967_00695_11518_1,1000,10:00,1867.208,1930.371052631579,63.16305263157892
no08,533967_00695_11518_1,1015,10:15,1522.5635,1471.51,-51.053499999999985
no08,533967_00695_11518_1,1030,10:30,2129.787,2117.658947368421,-12.128052631578612
no08,533967_00695_11518_1,1045,10:45,2647.0285,2657.380526315789,10.352026315789317
no08,533967_00695_11518_1,1100,11:00,2384.1215,2375.502631578948,-8.618868421052412
no08,533967_00695_11518_1,1115,11:15,2424.4625,2379.7131578947365,-44.74934210526362
no08,533967_00695_11518_1,1130,11:30,2357.2465,2439.1710526315787,81.92455263157854
no08,533967_00695_11518_1,1145,11:45,2602.478,2538.0484210526315,-64.42957894736855
no08,533967_00695_11518_1,1200,12:00,2139.0075,2144.173157894737,5.165657894736796
no08,533967_00695_11518_1,1215,12:15,1650.475,1722.7015789473685,72.22657894736858
no08,533967_00695_11518_1,1230,12:30,2093.4165000000003,2012.771052631579,-80.64544736842117
no08,533967_00695_11518_1,1245,12:45,2463.732,2551.777368421053,88.0453684210529
no08,533967_00695_11518_1,1300,13:00,2230.5240000000003,2171.302105263158,-59.22189473684239
no08,533967_00695_11518_1,1315,13:15,1613.6370000000002,1623.6063157894737,9.969315789473512
no08,533967_00695_11518_1,1330,13:30,2543.371,2531.142631578947,-12.228368421052892
no08,533967_00695_11518_1,1345,13:45,2497.5425,2475.0863157894737,-22.456184210526317
no08,533967_00695_11518_1,1400,14:00,2278.402,2283.698947368421,5.296947368421115
no08,533967_00695_11518_1,1415,14:15,2409.2055,2467.267894736842,58.06239473684218
no08,533967_00695_11518_1,1430,14:30,2248.616,2212.02947368421,-36.5865263157898
no08,533967_00695_11518_1,1445,14:45,1695.982,1719.2994736842104,23.317473684210427
no08,533967_00695_11518_1,1500,15:00,2089.348,1992.3452631578944,-97.0027368421056
no08,533967_00695_11518_1,1515,15:15,2436.406,2557.472105263158,121.06610526315808
no08,533967_00695_11518_1,1530,15:30,1718.5224999999998,1671.875789473684,-46.6467105263157
no08,533967_00695_11518_1,1545,15:45,1955.689,1953.326842105263,-2.362157894737038
no08,533967_00695_11518_1,1600,16:00,1649.2175,1614.8726315789474,-34.344868421052524
no08,533967_00695_11518_1,1615,16:15,2338.956,2344.16,5.2039999999997235
no08,533967_00695_11518_1,1630,16:30,1806.731,1881.6931578947367,74.96215789473672
no08,533967_00695_11518_1,1645,16:45,2218.8995,2269.610526315789,50.711026315788786
no08,533967_00695_11518_1,1700,17:00,1869.5525,1789.164210526316,-80.38828947368393
no08,533967_00695_11518_1,1715,17:15,2341.8465,2333.3721052631577,-8.474394736842441
no08,533967_00695_11518_1,1730,17:30,2026.0865,2006.828947368421,-19.257552631578847
no08,533967_00695_11518_1,1745,17:45,2484.152,2455.657894736842,-28.494105263157962
no08,533967_00695_11518_1,1800,18:00,1099.935,1152.051052631579,52.11605263157912
no08,533967_00695_11518_1,1815,18:15,1018.6915,976.05,-42.641500000000065
no08,533967_00695_11518_1,1830,18:30,998.194,1004.8947368421052,6.700736842105243
no08,533967_00695_11518_1,1845,18:45,1133.426,1216.0973684210526,82.67136842105265
no08,533967_00766_11513_0,630,06:30,4847.3255,5648.751578947368,801.4260789473683
no08,533967_00766_11513_0,645,06:45,14640.204999999998,19067.56736842105,4427.362368421051
no08,533967_00766_11513_0,700,07:00,3757.465,7803.579999999999,4046.114999999999
no08,533967_00766_11513_0,715,07:15,4550.468,11910.133157894736,7359.665157894736
no08,533967_00766_11513_0,730,07:30,4472.944,15220.601578947368,10747.657578947368
no08,533967_00766_11513_0,745,07:45,3686.382,11861.784210526315,8175.402210526316
no08,533967_00766_11513_0,800,08:00,3125.897,4780.775789473684,1654.8787894736843
no08,533967_00766_11513_0,815,08:15,3253.8305,3999.306315789474,745.4758157894739
no08,533967_00766_11513_0,830,08:30,3449.8205000000003,4529.847368421053,1080.0268684210528
no08,533967_00766_11513_0,845,08:45,3697.4855,5097.642105263158,1400.1566052631579
no08,533967_00766_11513_0,900,09:00,6520.403,9968.607894736842,3448.204894736842
no08,533967_00766_11513_0,915,09:15,2811.839,4064.843684210526,1253.0046842105262
no08,533967_00766_11513_0,930,09:30,3490.8370000000004,3757.56,266.7229999999995
no08,533967_00766_11513_0,945,09:45,2667.8885,3090.7615789473684,422.8730789473684
no08,533967_00766_11513_0,1000,10:00,2222.4790000000003,2673.768947368421,451.2899473684206
no08,533967_00766_11513_0,1015,10:15,2258.619,2583.8468421052635,325.22784210526333
no08,533967_00766_11513_0,1030,10:30,1573.383,1761.9342105263158,188.5512105263158
no08,533967_00766_11513_0,1045,10:45,1160.74,1314.6331578947368,153.89315789473676
no08,533967_00766_11513_0,1100,11:00,1069.3345,1206.0463157894735,136.71181578947358
no08,533967_00766_11513_0,1115,11:15,2431.9545,2733.5736842105266,301.6191842105268
no08,533967_00766_11513_0,1130,11:30,1276.164,1376.751052631579,100.5870526315789
no08,533967_00766_11513_0,1145,11:45,1882.7995,1938.316842105263,55.51734210526297
no08,533967_00766_11513_0,1200,12:00,1102.8115,1167.322105263158,64.51060526315791
no08,533967_00766_11513_0,1215,12:15,1642.286,1900.9410526315787,258.65505263157866
no08,533967_00766_11513_0,1230,12:30,1773.395,2038.8147368421053,265.4197368421053
no08,533967_00766_11513_0,1245,12:45,2453.776,2553.0131578947367,99.23715789473681
no08,533967_00766_11513_0,1300,13:00,1384.718,1448.1747368421052,63.4567368421051
no08,533967_00766_11513_0,1315,13:15,1569.4455,1613.6752631578947,44.229763157894695
no08,533967_00766_11513_0,1330,13:30,2219.4625,2690.5731578947366,471.1106578947365
no08,533967_00766_11513_0,1345,13:45,1606.315,1773.7315789473685,167.4165789473684
no08,533967_00766_11513_0,1400,14:00,1834.289,1947.1010526315788,112.81205263157881
no08,533967_00766_11513_0,1415,14:15,2175.409,2412.100526315789,236.6915263157889
no08,533967_00766_11513_0,1430,14:30,1825.2475,2015.076842105263,189.8293421052631
no08,533967_00766_11513_0,1445,14:45,2051.799,2275.4657894736843,223.66678947368428
no08,533967_00766_11513_0,1500,15:00,1662.8740000000005,1814.494736842105,151.62073684210463
no08,533967_00766_11513_0,1515,15:15,1794.143,1959.0868421052637,164.94384210526368
no08,533967_00766_11513_0,1530,15:30,1822.492,1995.8242105263157,173.33221052631575
no08,533967_00766_11513_0,1545,15:45,2120.3900000000003,2200.0010526315787,79.61105263157833
no08,533967_00766_11513_0,1600,16:00,1076.838,1239.2957894736842,162.45778947368422
no08,533967_00766_11513_0,1615,16:15,988.675,1077.5805263157897,88.90552631578976
no08,533967_00766_11513_0,1630,16:30,674.1945,849.0173684210527,174.8228684210527
no08,533967_00766_11513_0,1645,16:45,1056.3975,1064.2089473684211,7.811447368421113
no08,533967_00766_11513_0,1700,17:00,1400.1125,1538.2715789473684,138.15907894736847
no08,533967_00766_11513_0,1715,17:15,2626.2225,3187.634210526316,561.4117105263163
no08,533967_00766_11513_0,1730,17:30,1824.259,2183.783684210526,359.5246842105262
no08,533967_00766_11513_0,1745,17:45,1726.694,2035.877894736842,309.18389473684215
no08,533967_00766_11513_0,1800,18:00,1502.25,1663.3105263157895,161.0605263157895
no08,533967_00766_11513_0,1815,18:15,1381.152,1641.625789473684,260.47378947368406
no08,533967_00766_11513_0,1830,18:30,898.4975000000001,969.2884210526316,70.79092105263157
no08,533967_00766_11513_0,1845,18:45,1255.3755,1408.89,153.5145
no08,533967_00766_11513_1,630,06:30,2002.2425,2045.9131578947367,43.67065789473668
no08,533967_00766_11513_1,645,06:45,2707.557,2930.201052631579,222.64405263157914
no08,533967_00766_11513_1,700,07:00,2328.6465,2591.1836842105263,262.53718421052645
no08,533967_00766_11513_1,715,07:15,4404.8145,4610.003684210526,205.18918421052604
no08,533967_00766_11513_1,730,07:30,4859.8405,5672.668421052632,812.8279210526316
no08,533967_00766_11513_1,745,07:45,3412.4105000000004,3998.189473684211,585.7789736842105
no08,533967_00766_11513_1,800,08:00,3361.8910000000005,4070.1410526315785,708.250052631578
no08,533967_00766_11513_1,815,08:15,4854.0945,6449.963684210527,1595.8691842105272
no08,533967_00766_11513_1,830,08:30,5395.798,6801.15,1405.3519999999999
no08,533967_00766_11513_1,845,08:45,5382.357,6243.917894736842,861.5608947368419
no08,533967_00766_11513_1,900,09:00,3820.7605,4716.844210526317,896.0837105263167
no08,533967_00766_11513_1,915,09:15,5658.1255,5748.523157894737,90.39765789473677
no08,533967_00766_11513_1,930,09:30,4427.9665,5126.580526315789,698.6140263157886
no08,533967_00766_11513_1,945,09:45,4539.686,5504.866842105264,965.1808421052647
no08,533967_00766_11513_1,1000,10:00,7076.0065,8505.376842105263,1429.3703421052624
no08,533967_00766_11513_1,1015,10:15,5299.885,6492.06105263158,1192.1760526315802
no08,533967_00766_11513_1,1030,10:30,6050.412,6906.984210526316,856.5722105263158
no08,533967_00766_11513_1,1045,10:45,4376.8315,4977.593684210527,600.7621842105264
no08,533967_00766_11513_1,1100,11:00,6348.308999999999,7064.543684210527,716.234684210528
no08,533967_00766_11513_1,1115,11:15,5553.568,6560.824210526316,1007.256210526316
no08,533967_00766_11513_1,1130,11:30,5133.2275,5612.634736842105,479.4072368421048
no08,533967_00766_11513_1,1145,11:45,5940.2335,7465.878421052632,1525.6449210526316
no08,533967_00766_11513_1,1200,12:00,5351.4345,6354.597894736842,1003.1633947368418
no08,533967_00766_11513_1,1215,12:15,4234.476000000001,4838.524210526315,604.0482105263145
no08,533967_00766_11513_1,1230,12:30,3573.88,4023.0847368421055,449.2047368421054
no08,533967_00766_11513_1,1245,12:45,3538.7255,4127.413157894737,588.6876578947372
no08,533967_00766_11513_1,1300,13:00,4761.380999999999,5100.172631578947,338.791631578948
no08,533967_00766_11513_1,1315,13:15,5782.683,6170.628421052632,387.9454210526319
no08,533967_00766_11513_1,1330,13:30,2540.7705,3293.4452631578947,752.6747631578946
no08,533967_00766_11513_1,1345,13:45,4458.1230000000005,5097.69105263158,639.5680526315791
no08,533967_00766_11513_1,1400,14:00,5014.635,5602.434210526316,587.7992105263156
no08,533967_00766_11513_1,1415,14:15,4376.892,4931.217894736842,554.3258947368422
no08,533967_00766_11513_1,1430,14:30,5704.4595,6110.406315789473,405.9468157894735
no08,533967_00766_11513_1,1445,14:45,4320.3135,6017.065263157895,1696.7517631578949
no08,533967_00766_11513_1,1500,15:00,5659.1795,6167.623684210526,508.44418421052615
no08,533967_00766_11513_1,1515,15:15,10641.461,12534.314736842103,1892.853736842104
no08,533967_00766_11513_1,1530,15:30,5664.7715,7009.297894736842,1344.5263947368421
no08,533967_00766_11513_1,1545,15:45,7673.0005,8817.852631578948,1144.8521315789476
no08,533967_00766_11513_1,1600,16:00,5573.4215,6592.4642105263165,1019.0427105263161
no08,533967_00766_11513_1,1615,16:15,8766.064999999999,9653.623157894735,887.5581578947367
no08,533967_00766_11513_1,1630,16:30,8392.130000000001,10105.522631578948,1713.3926315789467
no08,533967_00766_11513_1,1645,16:45,5429.9225,6054.004736842105,624.082236842105
no08,533967_00766_11513_1,1700,17:00,8685.903,9734.044210526316,1048.1412105263153
no08,533967_00766_11513_1,1715,17:15,14026.456,17470.525789473682,3444.0697894736822
no08,533967_00766_11513_1,1730,17:30,7250.356,10098.703684210526,2848.3476842105265
no08,533967_00766_11513_1,1745,17:45,7799.181,11768.107368421051,3968.926368421052
no08,533967_00766_11513_1,1800,18:00,9690.9,10952.523684210528,1261.6236842105282
no08,533967_00766_11513_1,1815,18:15,9883.692,12954.83,3071.138000000001
no08,533967_00766_11513_1,1830,18:30,6481.199,9466.812105263158,2985.613105263158
no08,533967_00766_11513_1,1845,18:45,4796.939,6422.1331578947365,1625.1941578947362
no08,533967_00766_14156_0,630,06:30,483.141,536.1994736842106,53.05847368421058
no08,533967_00766_14156_0,645,06:45,1025.5635,1111.1942105263158,85.63071052631585
no08,533967_00766_14156_0,700,07:00,1065.0865,1042.6626315789474,-22.423868421052475
no08,533967_00766_14156_0,715,07:15,2000.055,2424.463157894737,424.40815789473686
no08,533967_00766_14156_0,730,07:30,2771.157,3141.1505263157896,369.9935263157895
no08,533967_00766_14156_0,745,07:45,1824.805,2167.074210526316,342.2692105263161
no08,533967_00766_14156_0,800,08:00,2203.6155,3067.8794736842106,864.2639736842107
no08,533967_00766_14156_0,815,08:15,2406.3465,3689.444210526316,1283.097710526316
no08,533967_00766_14156_0,830,08:30,2872.0005,3238.134736842105,366.1342368421051
no08,533967_00766_14156_0,845,08:45,2453.8565,2472.870526315789,19.014026315789124
no08,533967_00766_14156_0,900,09:00,2310.8475,2668.181052631579,357.3335526315791
no08,533967_00766_14156_0,915,09:15,1396.2735,1907.9236842105263,511.6501842105263
no08,533967_00766_14156_0,930,09:30,1689.7595,1855.5805263157893,165.82102631578937
no08,533967_00766_14156_0,945,09:45,2508.809,2521.835263157895,13.026263157894846
no08,533967_00766_14156_0,1000,10:00,2338.3885,2452.8721052631577,114.48360526315764
no08,533967_00766_14156_0,1015,10:15,1701.747,2176.1847368421054,474.4377368421053
no08,533967_00766_14156_0,1030,10:30,1894.446,2130.0731578947366,235.62715789473668
no08,533967_00766_14156_0,1045,10:45,2226.566,2230.7336842105265,4.167684210526659
no08,533967_00766_14156_0,1100,11:00,2645.245,2614.100526315789,-31.14447368421088
no08,533967_00766_14156_0,1115,11:15,1757.939,1683.1205263157894,-74.81847368421063
no08,533967_00766_14156_0,1130,11:30,1307.3205,1261.7878947368422,-45.53260526315785
no08,533967_00766_14156_0,1145,11:45,2761.946,3318.6847368421054,556.7387368421055
no08,533967_00766_14156_0,1200,12:00,2211.632,2025.256842105263,-186.37515789473696
no08,533967_00766_14156_0,1215,12:15,1907.44,1763.3415789473684,-144.0984210526317
no08,533967_00766_14156_0,1230,12:30,1726.0385,1893.7731578947369,167.73465789473676
no08,533967_00766_14156_0,1245,12:45,1015.6995,1198.4394736842105,182.73997368421055
no08,533967_00766_14156_0,1300,13:00,1618.0975,1700.3163157894735,82.21881578947341
no08,533967_00766_14156_0,1315,13:15,1751.043,1992.4063157894736,241.36331578947375
no08,533967_00766_14156_0,1330,13:30,973.4555,1043.2063157894738,69.75081578947379
no08,533967_00766_14156_0,1345,13:45,2252.875,2449.100526315789,196.225526315789
no08,533967_00766_14156_0,1400,14:00,2069.5150000000003,2010.4863157894736,-59.02868421052676
no08,533967_00766_14156_0,1415,14:15,1690.6715,1420.7268421052631,-269.9446578947368
no08,533967_00766_14156_0,1430,14:30,1993.217,2218.895263157895,225.6782631578949
no08,533967_00766_14156_0,1445,14:45,1551.017,1647.7342105263158,96.71721052631574
no08,533967_00766_14156_0,1500,15:00,2054.242,1949.6057894736844,-104.63621052631584
no08,533967_00766_14156_0,1515,15:15,2316.285,2383.266842105263,66.98184210526324
no08,533967_00766_14156_0,1530,15:30,1900.196,2135.158421052632,234.96242105263218
no08,533967_00766_14156_0,1545,15:45,1606.5285,1936.854210526316,330.325710526316
no08,533967_00766_14156_0,1600,16:00,2338.219,2108.9536842105263,-229.2653157894738
no08,533967_00766_14156_0,1615,16:15,2746.443,2859.0784210526317,112.6354210526315
no08,533967_00766_14156_0,1630,16:30,1870.355,1949.005263157895,78.65026315789487
no08,533967_00766_14156_0,1645,16:45,1724.938,1912.6015789473684,187.66357894736825
no08,533967_00766_14156_0,1700,17:00,2306.766,2817.6084210526315,510.8424210526314
no08,533967_00766_14156_0,1715,17:15,2640.442,3085.9963157894736,445.55431578947355
no08,533967_00766_14156_0,1730,17:30,2031.556,2311.438421052632,279.8824210526318
no08,533967_00766_14156_0,1745,17:45,2155.565,2704.9184210526314,549.3534210526313
no08,533967_00766_14156_0,1800,18:00,2345.1175,2728.7047368421054,383.58723684210554
no08,533967_00766_14156_0,1815,18:15,1725.8565,2170.4089473684207,444.55244736842064
no08,533967_00766_14156_0,1830,18:30,1643.0605,1848.872105263158,205.81160526315784
no08,533967_00766_14156_0,1845,18:45,1506.8945,1793.012631578947,286.118131578947
no08,533967_00766_14156_1,630,06:30,1043.3375,1199.2815789473684,155.94407894736833
no08,533967_00766_14156_1,645,06:45,1195.5365,1280.863157894737,85.32665789473708
no08,533967_00766_14156_1,700,07:00,1424.7785,1439.6247368421052,14.846236842105327
no08,533967_00766_14156_1,715,07:15,2203.6275,2454.72,251.09249999999975
no08,533967_00766_14156_1,730,07:30,1962.63,2187.848421052632,225.21842105263204
no08,533967_00766_14156_1,745,07:45,2638.415,3374.432105263158,736.0171052631581
no08,533967_00766_14156_1,800,08:00,3077.9795,3417.73947368421,339.7599736842103
no08,533967_00766_14156_1,815,08:15,2472.084,2924.2115789473687,452.1275789473689
no08,533967_00766_14156_1,830,08:30,2393.1575000000003,2943.0284210526315,549.8709210526313
no08,533967_00766_14156_1,845,08:45,2507.1975,3388.188421052632,880.9909210526316
no08,533967_00766_14156_1,900,09:00,1829.1105,2011.9026315789476,182.79213157894765
no08,533967_00766_14156_1,915,09:15,2301.946,2888.3778947368423,586.4318947368424
no08,533967_00766_14156_1,930,09:30,2707.6155,2850.6615789473685,143.04607894736864
no08,533967_00766_14156_1,945,09:45,1336.343,1709.8505263157897,373.5075263157896
no08,533967_00766_14156_1,1000,10:00,1370.9645,1400.0847368421053,29.120236842105214
no08,533967_00766_14156_1,1015,10:15,1567.4095,1889.2473684210524,321.83786842105246
no08,533967_00766_14156_1,1030,10:30,1575.181,1849.816842105263,274.635842105263
no08,533967_00766_14156_1,1045,10:45,1282.7620000000002,1328.746842105263,45.98484210526294
no08,533967_00766_14156_1,1100,11:00,1037.781,1145.362105263158,107.58110526315795
no08,533967_00766_14156_1,1115,11:15,968.64,1185.8205263157895,217.1805263157895
no08,533967_00766_14156_1,1130,11:30,1866.535,2119.745789473684,253.21078947368392
no08,533967_00766_14156_1,1145,11:45,1009.6925,1021.918947368421,12.226447368420963
no08,533967_00766_14156_1,1200,12:00,1471.2125,1520.386842105263,49.174342105262895
no08,533967_00766_14156_1,1215,12:15,1396.6125,1656.2415789473685,259.6290789473685
no08,533967_00766_14156_1,1230,12:30,942.4245,1152.8263157894737,210.40181578947374
no08,533967_00766_14156_1,1245,12:45,2092.7375,2247.8931578947368,155.15565789473658
no08,533967_00766_14156_1,1300,13:00,1813.843,1998.5952631578944,184.75226315789428
no08,533967_00766_14156_1,1315,13:15,1648.842,1678.7805263157893,29.938526315789204
no08,533967_00766_14156_1,1330,13:30,1051.3765,1104.6415789473683,53.26507894736824
no08,533967_00766_14156_1,1345,13:45,1217.481,1252.582105263158,35.10110526315793
no08,533967_00766_14156_1,1400,14:00,1247.6925,1398.64,150.9475
no08,533967_00766_14156_1,1415,14:15,1012.968,1075.728947368421,62.76094736842094
no08,533967_00766_14156_1,1430,14:30,1797.513,1894.7215789473685,97.20857894736855
no08,533967_00766_14156_1,1445,14:45,2528.0375,2632.598421052632,104.56092105263224
no08,533967_00766_14156_1,1500,15:00,1731.6255,1707.1726315789474,-24.4528684210527
no08,533967_00766_14156_1,1515,15:15,974.006,1299.9921052631578,325.9861052631578
no08,533967_00766_14156_1,1530,15:30,1260.342,1309.326842105263,48.98484210526294
no08,533967_00766_14156_1,1545,15:45,1485.3719999999998,1617.6768421052632,132.30484210526333
no08,533967_00766_14156_1,1600,16:00,3322.4255,2242.4215789473687,-1080.003921052631
no08,533967_00766_14156_1,1615,16:15,1332.6575,1325.6826315789474,-6.9748684210526335
no08,533967_00766_14156_1,1630,16:30,1021.5545,1369.7305263157896,348.1760263157896
no08,533967_00766_14156_1,1645,16:45,1689.5205,1764.9836842105265,75.46318421052638
no08,533967_00766_14156_1,1700,17:00,1883.0115,2063.558421052632,180.54692105263211
no08,533967_00766_14156_1,1715,17:15,1794.803,2217.188947368421,422.38594736842083
no08,533967_00766_14156_1,1730,17:30,1742.4545000000005,1832.1105263157892,89.65602631578872
no08,533967_00766_14156_1,1745,17:45,736.7435,1172.6347368421054,435.8912368421054
no08,533967_00766_14156_1,1800,18:00,952.101,1222.888947368421,270.787947368421
no08,533967_00766_14156_1,1815,18:15,1800.105,2238.8,438.69500000000016
no08,533967_00766_14156_1,1830,18:30,971.141,766.6789473684211,-204.4620526315789
no08,533967_00766_14156_1,1845,18:45,950.9525,1058.211052631579,107.25855263157894
no08,533967_00818_01603_0,630,06:30,0.0,0.0,0.0
no08,533967_00818_01603_0,645,06:45,0.0,0.0,0.0
no08,533967_00818_01603_0,700,07:00,0.0,0.0,0.0
no08,533967_00818_01603_0,715,07:15,0.0,0.0,0.0
no08,533967_00818_01603_0,730,07:30,0.0,0.0,0.0
no08,533967_00818_01603_0,745,07:45,0.0,0.0,0.0
no08,533967_00818_01603_0,800,08:00,0.0,0.0,0.0
no08,533967_00818_01603_0,815,08:15,0.0,0.0,0.0
no08,533967_00818_01603_0,830,08:30,0.0,0.0,0.0
no08,533967_00818_01603_0,845,08:45,0.0,0.0,0.0
no08,533967_00818_01603_0,900,09:00,0.0,0.0,0.0
no08,533967_00818_01603_0,915,09:15,0.0,0.0,0.0
no08,533967_00818_01603_0,930,09:30,0.0,0.0,0.0
no08,533967_00818_01603_0,945,09:45,0.0,0.0,0.0
no08,533967_00818_01603_0,1000,10:00,0.0,0.0,0.0
no08,533967_00818_01603_0,1015,10:15,0.0,0.0,0.0
no08,533967_00818_01603_0,1030,10:30,0.0,0.0,0.0
no08,533967_00818_01603_0,1045,10:45,0.0,0.0,0.0
no08,533967_00818_01603_0,1100,11:00,0.0,0.0,0.0
no08,533967_00818_01603_0,1115,11:15,0.0,0.0,0.0
no08,533967_00818_01603_0,1130,11:30,0.0,0.0,0.0
no08,533967_00818_01603_0,1145,11:45,0.0,0.0,0.0
no08,533967_00818_01603_0,1200,12:00,0.0,0.0,0.0
no08,533967_00818_01603_0,1215,12:15,0.0,0.0,0.0
no08,533967_00818_01603_0,1230,12:30,0.0,0.0,0.0
no08,533967_00818_01603_0,1245,12:45,0.0,0.0,0.0
no08,533967_00818_01603_0,1300,13:00,0.0,0.0,0.0
no08,533967_00818_01603_0,1315,13:15,0.0,0.0,0.0
no08,533967_00818_01603_0,1330,13:30,0.0,0.0,0.0
no08,533967_00818_01603_0,1345,13:45,0.0,0.0,0.0
no08,533967_00818_01603_0,1400,14:00,0.0,0.0,0.0
no08,533967_00818_01603_0,1415,14:15,0.0,0.0,0.0
no08,533967_00818_01603_0,1430,14:30,0.0,0.0,0.0
no08,533967_00818_01603_0,1445,14:45,0.0,0.0,0.0
no08,533967_00818_01603_0,1500,15:00,0.0,0.0,0.0
no08,533967_00818_01603_0,1515,15:15,0.0,0.0,0.0
no08,533967_00818_01603_0,1530,15:30,0.0,0.0,0.0
no08,533967_00818_01603_0,1545,15:45,0.0,0.0,0.0
no08,533967_00818_01603_0,1600,16:00,0.0,0.0,0.0
no08,533967_00818_01603_0,1615,16:15,0.0,0.0,0.0
no08,533967_00818_01603_0,1630,16:30,0.0,0.0,0.0
no08,533967_00818_01603_0,1645,16:45,0.0,0.0,0.0
no08,533967_00818_01603_0,1700,17:00,0.0,0.0,0.0
no08,533967_00818_01603_0,1715,17:15,0.0,0.0,0.0
no08,533967_00818_01603_0,1730,17:30,0.0,0.0,0.0
no08,533967_00818_01603_0,1745,17:45,0.0,0.0,0.0
no08,533967_00818_01603_0,1800,18:00,0.0,0.0,0.0
no08,533967_00818_01603_0,1815,18:15,0.0,0.0,0.0
no08,533967_00818_01603_0,1830,18:30,0.0,0.0,0.0
no08,533967_00818_01603_0,1845,18:45,0.0,0.0,0.0
no08,533967_00818_01603_1,630,06:30,0.0,0.0,0.0
no08,533967_00818_01603_1,645,06:45,0.0,0.0,0.0
no08,533967_00818_01603_1,700,07:00,0.0,0.0,0.0
no08,533967_00818_01603_1,715,07:15,0.0,0.0,0.0
no08,533967_00818_01603_1,730,07:30,0.0,0.0,0.0
no08,533967_00818_01603_1,745,07:45,0.0,0.0,0.0
no08,533967_00818_01603_1,800,08:00,0.0,0.0,0.0
no08,533967_00818_01603_1,815,08:15,0.0,0.0,0.0
no08,533967_00818_01603_1,830,08:30,0.0,0.0,0.0
no08,533967_00818_01603_1,845,08:45,0.0,0.0,0.0
no08,533967_00818_01603_1,900,09:00,0.0,0.0,0.0
no08,533967_00818_01603_1,915,09:15,0.0,0.0,0.0
no08,533967_00818_01603_1,930,09:30,0.0,0.0,0.0
no08,533967_00818_01603_1,945,09:45,0.0,0.0,0.0
no08,533967_00818_01603_1,1000,10:00,0.0,0.0,0.0
no08,533967_00818_01603_1,1015,10:15,0.0,0.0,0.0
no08,533967_00818_01603_1,1030,10:30,0.0,0.0,0.0
no08,533967_00818_01603_1,1045,10:45,0.0,0.0,0.0
no08,533967_00818_01603_1,1100,11:00,0.0,0.0,0.0
no08,533967_00818_01603_1,1115,11:15,0.0,0.0,0.0
no08,533967_00818_01603_1,1130,11:30,0.0,0.0,0.0
no08,533967_00818_01603_1,1145,11:45,0.0,0.0,0.0
no08,533967_00818_01603_1,1200,12:00,0.0,0.0,0.0
no08,533967_00818_01603_1,1215,12:15,0.0,0.0,0.0
no08,533967_00818_01603_1,1230,12:30,0.0,0.0,0.0
no08,533967_00818_01603_1,1245,12:45,0.0,0.0,0.0
no08,533967_00818_01603_1,1300,13:00,0.0,0.0,0.0
no08,533967_00818_01603_1,1315,13:15,0.0,0.0,0.0
no08,533967_00818_01603_1,1330,13:30,0.0,0.0,0.0
no08,533967_00818_01603_1,1345,13:45,0.0,0.0,0.0
no08,533967_00818_01603_1,1400,14:00,0.0,0.0,0.0
no08,533967_00818_01603_1,1415,14:15,0.0,0.0,0.0
no08,533967_00818_01603_1,1430,14:30,0.0,0.0,0.0
no08,533967_00818_01603_1,1445,14:45,0.0,0.0,0.0
no08,533967_00818_01603_1,1500,15:00,0.0,0.0,0.0
no08,533967_00818_01603_1,1515,15:15,0.0,0.0,0.0
no08,533967_00818_01603_1,1530,15:30,0.0,0.0,0.0
no08,533967_00818_01603_1,1545,15:45,0.0,0.0,0.0
no08,533967_00818_01603_1,1600,16:00,0.0,0.0,0.0
no08,533967_00818_01603_1,1615,16:15,0.0,0.0,0.0
no08,533967_00818_01603_1,1630,16:30,0.0,0.0,0.0
no08,533967_00818_01603_1,1645,16:45,0.0,0.0,0.0
no08,533967_00818_01603_1,1700,17:00,0.0,0.0,0.0
no08,533967_00818_01603_1,1715,17:15,0.0,0.0,0.0
no08,533967_00818_01603_1,1730,17:30,0.0,0.0,0.0
no08,533967_00818_01603_1,1745,17:45,0.0,0.0,0.0
no08,533967_00818_01603_1,1800,18:00,0.0,0.0,0.0
no08,533967_00818_01603_1,1815,18:15,0.0,0.0,0.0
no08,533967_00818_01603_1,1830,18:30,0.0,0.0,0.0
no08,533967_00818_01603_1,1845,18:45,0.0,0.0,0.0
no08,533967_00933_00943_0,630,06:30,440.81450000000007,441.8642105263158,1.049710526315721
no08,533967_00933_00943_0,645,06:45,391.773,391.7031578947368,-0.06984210526320567
no08,533967_00933_00943_0,700,07:00,454.8205,456.0142105263158,1.19371052631584
no08,533967_00933_00943_0,715,07:15,449.7205,450.4152631578947,0.6947631578946698
no08,533967_00933_00943_0,730,07:30,372.2925,372.3047368421053,0.012236842105266987
no08,533967_00933_00943_0,745,07:45,443.3435,444.5005263157895,1.1570263157894942
no08,533967_00933_00943_0,800,08:00,392.156,391.86947368421056,-0.28652631578944465
no08,533967_00933_00943_0,815,08:15,308.738,308.6778947368421,-0.06010526315787956
no08,533967_00933_00943_0,830,08:30,523.9375,524.3621052631579,0.4246052631579005
no08,533967_00933_00943_0,845,08:45,356.7465,357.1768421052631,0.4303421052630938
no08,533967_00933_00943_0,900,09:00,444.1085,445.538947368421,1.430447368421028
no08,533967_00933_00943_0,915,09:15,367.288,365.68105263157895,-1.6069473684210607
no08,533967_00933_00943_0,930,09:30,438.741,439.348947368421,0.607947368421037
no08,533967_00933_00943_0,945,09:45,351.139,351.09315789473686,-0.045842105263147914
no08,533967_00933_00943_0,1000,10:00,493.7535,495.0936842105263,1.3401842105263313
no08,533967_00933_00943_0,1015,10:15,301.32550000000003,300.73,-0.5955000000000155
no08,533967_00933_00943_0,1030,10:30,296.0285,295.8021052631579,-0.22639473684210998
no08,533967_00933_00943_0,1045,10:45,278.0845,278.8231578947368,0.7386578947368321
no08,533967_00933_00943_0,1100,11:00,356.8225,357.17210526315785,0.349605263157855
no08,533967_00933_00943_0,1115,11:15,362.414,361.8326315789474,-0.5813684210525594
no08,533967_00933_00943_0,1130,11:30,293.05499999999995,292.4736842105263,-0.5813157894736491
no08,533967_00933_00943_0,1145,11:45,254.061,254.53578947368425,0.47478947368423974
no08,533967_00933_00943_0,1200,12:00,374.617,372.1873684210526,-2.429631578947408
no08,533967_00933_00943_0,1215,12:15,353.958,355.01947368421054,1.0614736842105117
no08,533967_00933_00943_0,1230,12:30,293.6735,293.7505263157895,0.07702631578951014
no08,533967_00933_00943_0,1245,12:45,374.807,374.3826315789474,-0.42436842105263395
no08,533967_00933_00943_0,1300,13:00,210.987,211.13473684210527,0.1477368421052745
no08,533967_00933_00943_0,1315,13:15,316.304,316.7942105263158,0.4902105263158205
no08,533967_00933_00943_0,1330,13:30,318.287,318.67473684210523,0.38773684210525516
no08,533967_00933_00943_0,1345,13:45,225.955,225.01842105263157,-0.9365789473684458
no08,533967_00933_00943_0,1400,14:00,437.6325,437.5473684210526,-0.08513157894736878
no08,533967_00933_00943_0,1415,14:15,232.19,232.8668421052632,0.676842105263205
no08,533967_00933_00943_0,1430,14:30,380.354,378.7347368421053,-1.619263157894693
no08,533967_00933_00943_0,1445,14:45,331.653,331.41473684210524,-0.23826315789477803
no08,533967_00933_00943_0,1500,15:00,296.14050000000003,297.20105263157893,1.0605526315789007
no08,533967_00933_00943_0,1515,15:15,206.959,206.7815789473684,-0.17742105263161534
no08,533967_00933_00943_0,1530,15:30,348.4425,347.97315789473686,-0.4693421052631379
no08,533967_00933_00943_0,1545,15:45,252.552,252.6863157894737,0.13431578947370326
no08,533967_00933_00943_0,1600,16:00,336.1185,334.57894736842104,-1.5395526315789425
no08,533967_00933_00943_0,1615,16:15,374.65,375.2684210526316,0.6184210526316178
no08,533967_00933_00943_0,1630,16:30,338.7815,339.2278947368421,0.4463947368420804
no08,533967_00933_00943_0,1645,16:45,399.007,399.19,0.18299999999999272
no08,533967_00933_00943_0,1700,17:00,246.024,246.06210526315783,0.03810526315783136
no08,533967_00933_00943_0,1715,17:15,393.766,394.2836842105263,0.5176842105262836
no08,533967_00933_00943_0,1730,17:30,277.441,276.4563157894737,-0.9846842105262681
no08,533967_00933_00943_0,1745,17:45,355.3065,356.49368421052634,1.1871842105263113
no08,533967_00933_00943_0,1800,18:00,453.5425,455.0547368421052,1.5122368421052101
no08,533967_00933_00943_0,1815,18:15,271.7315,271.04894736842107,-0.6825526315789148
no08,533967_00933_00943_0,1830,18:30,307.8005,308.31105263157895,0.5105526315789461
no08,533967_00933_00943_0,1845,18:45,276.947,276.78315789473686,-0.1638421052631429
no08,533967_00933_00944_1,630,06:30,223.2925,221.5031578947369,-1.7893421052631027
no08,533967_00933_00944_1,645,06:45,313.57550000000003,314.0410526315789,0.4655526315788734
no08,533967_00933_00944_1,700,07:00,97.378,98.15315789473684,0.7751578947368358
no08,533967_00933_00944_1,715,07:15,337.2065,334.3663157894737,-2.8401842105263313
no08,533967_00933_00944_1,730,07:30,388.215,389.17263157894735,0.957631578947371
no08,533967_00933_00944_1,745,07:45,432.7495,435.6878947368421,2.938394736842099
no08,533967_00933_00944_1,800,08:00,565.999,562.0373684210526,-3.96163157894739
no08,533967_00933_00944_1,815,08:15,238.1955,240.75789473684208,2.562394736842066
no08,533967_00933_00944_1,830,08:30,656.4725000000001,646.3352631578948,-10.137236842105267
no08,533967_00933_00944_1,845,08:45,357.3245,359.82894736842104,2.50444736842104
no08,533967_00933_00944_1,900,09:00,288.862,295.6521052631579,6.790105263157898
no08,533967_00933_00944_1,915,09:15,589.1899999999999,594.0573684210526,4.867368421052674
no08,533967_00933_00944_1,930,09:30,316.2,310.65526315789475,-5.544736842105237
no08,533967_00933_00944_1,945,09:45,156.7945,154.58315789473684,-2.2113421052631566
no08,533967_00933_00944_1,1000,10:00,558.4784999999999,548.5478947368421,-9.930605263157872
no08,533967_00933_00944_1,1015,10:15,235.636,242.34105263157895,6.705052631578951
no08,533967_00933_00944_1,1030,10:30,419.621,417.8126315789474,-1.8083684210525917
no08,533967_00933_00944_1,1045,10:45,260.68,263.42526315789473,2.745263157894726
no08,533967_00933_00944_1,1100,11:00,355.593,342.1094736842105,-13.483526315789504
no08,533967_00933_00944_1,1115,11:15,362.725,377.92210526315785,15.197105263157823
no08,533967_00933_00944_1,1130,11:30,311.3185,311.91736842105263,0.5988684210526571
no08,533967_00933_00944_1,1145,11:45,414.8855,409.9868421052632,-4.8986578947368
no08,533967_00933_00944_1,1200,12:00,375.7935,368.4710526315789,-7.322447368421081
no08,533967_00933_00944_1,1215,12:15,375.424,372.7347368421053,-2.689263157894686
no08,533967_00933_00944_1,1230,12:30,514.7885,520.5378947368421,5.749394736842078
no08,533967_00933_00944_1,1245,12:45,459.3115,457.66263157894736,-1.6488684210526685
no08,533967_00933_00944_1,1300,13:00,407.403,416.4231578947369,9.020157894736883
no08,533967_00933_00944_1,1315,13:15,308.9825,305.6857894736842,-3.296710526315792
no08,533967_00933_00944_1,1330,13:30,374.7795,377.22,2.4405000000000427
no08,533967_00933_00944_1,1345,13:45,212.846,204.29526315789477,-8.550736842105238
no08,533967_00933_00944_1,1400,14:00,367.782,366.9436842105263,-0.8383157894736541
no08,533967_00933_00944_1,1415,14:15,220.2625,226.1405263157895,5.878026315789498
no08,533967_00933_00944_1,1430,14:30,549.8745,543.478947368421,-6.395552631578994
no08,533967_00933_00944_1,1445,14:45,331.2715,330.5473684210526,-0.7241315789473788
no08,533967_00933_00944_1,1500,15:00,282.3265,291.0736842105263,8.747184210526314
no08,533967_00933_00944_1,1515,15:15,428.302,428.31105263157895,0.009052631578924775
no08,533967_00933_00944_1,1530,15:30,228.457,225.11631578947367,-3.3406842105263195
no08,533967_00933_00944_1,1545,15:45,325.006,322.7605263157895,-2.2454736842104808
no08,533967_00933_00944_1,1600,16:00,347.995,334.5426315789474,-13.452368421052597
no08,533967_00933_00944_1,1615,16:15,579.6365,584.9026315789473,5.266131578947352
no08,533967_00933_00944_1,1630,16:30,588.1495,592.3531578947368,4.203657894736807
no08,533967_00933_00944_1,1645,16:45,221.913,222.51736842105265,0.6043684210526408
no08,533967_00933_00944_1,1700,17:00,315.48400000000004,324.56894736842105,9.084947368421012
no08,533967_00933_00944_1,1715,17:15,126.4715,115.96526315789474,-10.506236842105267
no08,533967_00933_00944_1,1730,17:30,282.6835,282.0478947368421,-0.6356052631578564
no08,533967_00933_00944_1,1745,17:45,459.461,455.71,-3.751000000000033
no08,533967_00933_00944_1,1800,18:00,537.4325,528.1394736842105,-9.293026315789461
no08,533967_00933_00944_1,1815,18:15,406.2455,421.3163157894737,15.070815789473727
no08,533967_00933_00944_1,1830,18:30,278.89250000000004,277.24157894736845,-1.6509210526315883
no08,533967_00933_00944_1,1845,18:45,364.3845,364.3821052631579,-0.0023947368421204374
no08,533967_00933_14152_0,630,06:30,412.3095,410.6842105263158,-1.6252894736842336
no08,533967_00933_14152_0,645,06:45,568.9309999999999,570.4631578947368,1.5321578947368835
no08,533967_00933_14152_0,700,07:00,197.4,197.05263157894737,-0.34736842105263577
no08,533967_00933_14152_0,715,07:15,616.908,613.4147368421052,-3.4932631578948303
no08,533967_00933_14152_0,730,07:30,729.8195,733.8715789473684,4.0520789473685
no08,533967_00933_14152_0,745,07:45,814.8695,817.781052631579,2.9115526315789566
no08,533967_00933_14152_0,800,08:00,1055.755,1056.992631578947,1.2376315789470027
no08,533967_00933_14152_0,815,08:15,466.346,463.0042105263158,-3.34178947368423
no08,533967_00933_14152_0,830,08:30,1178.191,1162.416842105263,-15.774157894737073
no08,533967_00933_14152_0,845,08:45,719.5699999999999,721.3284210526316,1.758421052631661
no08,533967_00933_14152_0,900,09:00,551.136,562.2526315789473,11.116631578947363
no08,533967_00933_14152_0,915,09:15,1077.327,1088.0131578947369,10.68615789473688
no08,533967_00933_14152_0,930,09:30,606.913,601.3136842105263,-5.599315789473735
no08,533967_00933_14152_0,945,09:45,304.36,298.89473684210526,-5.4652631578947535
no08,533967_00933_14152_0,1000,10:00,998.61,982.2773684210526,-16.33263157894737
no08,533967_00933_14152_0,1015,10:15,498.0,512.8421052631579,14.842105263157919
no08,533967_00933_14152_0,1030,10:30,721.8,722.3521052631579,0.552105263157955
no08,533967_00933_14152_0,1045,10:45,549.0985,555.3105263157895,6.212026315789558
no08,533967_00933_14152_0,1100,11:00,630.1600000000001,618.5315789473684,-11.628421052631666
no08,533967_00933_14152_0,1115,11:15,714.2189999999999,728.5168421052631,14.297842105263157
no08,533967_00933_14152_0,1130,11:30,549.137,551.6747368421053,2.537736842105346
no08,533967_00933_14152_0,1145,11:45,797.5699999999999,796.2526315789473,-1.3173684210526062
no08,533967_00933_14152_0,1200,12:00,661.8,643.6326315789474,-18.167368421052515
no08,533967_00933_14152_0,1215,12:15,768.0600000000001,759.2884210526315,-8.771578947368539
no08,533967_00933_14152_0,1230,12:30,959.116,971.6294736842104,12.513473684210453
no08,533967_00933_14152_0,1245,12:45,852.8844999999999,847.8326315789474,-5.051868421052518
no08,533967_00933_14152_0,1300,13:00,732.0935000000001,753.0163157894737,20.92281578947359
no08,533967_00933_14152_0,1315,13:15,632.4,627.1578947368421,-5.242105263157896
no08,533967_00933_14152_0,1330,13:30,657.6,663.2778947368421,5.677894736842063
no08,533967_00933_14152_0,1345,13:45,450.648,432.6315789473685,-18.01642105263153
no08,533967_00933_14152_0,1400,14:00,640.855,653.8021052631578,12.947105263157823
no08,533967_00933_14152_0,1415,14:15,466.2,463.6405263157895,-2.559473684210502
no08,533967_00933_14152_0,1430,14:30,996.6205,982.0,-14.620499999999993
no08,533967_00933_14152_0,1445,14:45,637.895,648.8115789473684,10.916578947368407
no08,533967_00933_14152_0,1500,15:00,524.5045,535.1526315789473,10.6481315789473
no08,533967_00933_14152_0,1515,15:15,837.1715,835.1705263157895,-2.0009736842105212
no08,533967_00933_14152_0,1530,15:30,420.6,423.8842105263158,3.2842105263158032
no08,533967_00933_14152_0,1545,15:45,628.42,616.6473684210526,-11.772631578947312
no08,533967_00933_14152_0,1600,16:00,635.4,605.901052631579,-29.498947368421
no08,533967_00933_14152_0,1615,16:15,1095.787,1118.8794736842106,23.092473684210518
no08,533967_00933_14152_0,1630,16:30,1077.366,1080.3305263157897,2.964526315789726
no08,533967_00933_14152_0,1645,16:45,466.8525,473.1031578947368,6.250657894736776
no08,533967_00933_14152_0,1700,17:00,604.9559999999999,623.6947368421053,18.738736842105368
no08,533967_00933_14152_0,1715,17:15,248.5005,229.8947368421053,-18.6057631578947
no08,533967_00933_14152_0,1730,17:30,504.0,508.42105263157896,4.421052631578959
no08,533967_00933_14152_0,1745,17:45,870.074,860.3642105263158,-9.709789473684168
no08,533967_00933_14152_0,1800,18:00,1018.325,1000.4668421052633,-17.85815789473679
no08,533967_00933_14152_0,1815,18:15,756.846,781.7047368421053,24.85873684210526
no08,533967_00933_14152_0,1830,18:30,539.4979999999999,534.4168421052632,-5.081157894736748
no08,533967_00933_14152_0,1845,18:45,674.508,674.0694736842105,-0.43852631578954515
no08,533967_00933_14152_1,630,06:30,1054.5795,1053.9615789473685,-0.6179210526315728
no08,533967_00933_14152_1,645,06:45,935.021,935.967894736842,0.9468947368420686
no08,533967_00933_14152_1,700,07:00,1085.304,1085.632105263158,0.32810526315802235
no08,533967_00933_14152_1,715,07:15,1077.2095,1077.0152631578949,-0.19423684210505598
no08,533967_00933_14152_1,730,07:30,880.8605,880.4473684210526,-0.41313157894740016
no08,533967_00933_14152_1,745,07:45,1063.957,1065.0531578947368,1.0961578947367343
no08,533967_00933_14152_1,800,08:00,942.944,942.0873684210526,-0.856631578947372
no08,533967_00933_14152_1,815,08:15,733.9475,734.7457894736842,0.7982894736842354
no08,533967_00933_14152_1,830,08:30,1244.958,1245.3210526315788,0.36305263157873924
no08,533967_00933_14152_1,845,08:45,855.6110000000001,855.0557894736842,-0.5552105263159319
no08,533967_00933_14152_1,900,09:00,1054.4475,1055.7710526315789,1.3235526315788775
no08,533967_00933_14152_1,915,09:15,869.3770000000001,868.0742105263158,-1.3027894736842427
no08,533967_00933_14152_1,930,09:30,1043.71,1043.512631578947,-0.19736842105294272
no08,533967_00933_14152_1,945,09:45,841.366,841.9952631578948,0.6292631578947976
no08,533967_00933_14152_1,1000,10:00,1181.8145,1182.5452631578949,0.7307631578948985
no08,533967_00933_14152_1,1015,10:15,713.639,712.7315789473683,-0.907421052631662
no08,533967_00933_14152_1,1030,10:30,710.091,710.0821052631578,-0.008894736842194106
no08,533967_00933_14152_1,1045,10:45,661.586,661.7568421052631,0.17084210526309107
no08,533967_00933_14152_1,1100,11:00,855.2145,854.718947368421,-0.49555263157901663
no08,533967_00933_14152_1,1115,11:15,859.8860000000001,860.8505263157895,0.9645263157893851
no08,533967_00933_14152_1,1130,11:30,701.033,700.0347368421053,-0.9982631578947121
no08,533967_00933_14152_1,1145,11:45,607.647,609.4242105263157,1.7772105263156845
no08,533967_00933_14152_1,1200,12:00,895.0840000000001,893.7568421052632,-1.3271578947368425
no08,533967_00933_14152_1,1215,12:15,848.7535,849.2142105263158,0.46071052631577913
no08,533967_00933_14152_1,1230,12:30,698.984,697.9957894736842,-0.988210526315811
no08,533967_00933_14152_1,1245,12:45,898.3879999999999,899.4463157894737,1.0583157894737951
no08,533967_00933_14152_1,1300,13:00,506.444,506.72,0.27600000000001046
no08,533967_00933_14152_1,1315,13:15,753.8705,754.2631578947369,0.3926578947368853
no08,533967_00933_14152_1,1330,13:30,765.1,766.7378947368421,1.6378947368420995
no08,533967_00933_14152_1,1345,13:45,535.4495,533.3573684210527,-2.09213157894726
no08,533967_00933_14152_1,1400,14:00,1045.264,1045.322105263158,0.05810526315804054
no08,533967_00933_14152_1,1415,14:15,554.179,554.2410526315789,0.062052631578922046
no08,533967_00933_14152_1,1430,14:30,905.4065,904.7868421052632,-0.6196578947368607
no08,533967_00933_14152_1,1445,14:45,788.0775,788.2989473684211,0.2214473684210816
no08,533967_00933_14152_1,1500,15:00,704.9064999999999,706.5899999999999,1.683499999999981
no08,533967_00933_14152_1,1515,15:15,494.56000000000006,494.5715789473685,0.011578947368434456
no08,533967_00933_14152_1,1530,15:30,838.6184999999999,836.8378947368421,-1.7806052631577813
no08,533967_00933_14152_1,1545,15:45,602.553,603.2652631578948,0.7122631578947676
no08,533967_00933_14152_1,1600,16:00,801.1575,799.5726315789474,-1.5848684210526471
no08,533967_00933_14152_1,1615,16:15,900.146,900.7473684210528,0.6013684210528254
no08,533967_00933_14152_1,1630,16:30,805.5685,806.3494736842105,0.780973684210494
no08,533967_00933_14152_1,1645,16:45,955.4795,955.0736842105262,-0.405815789473877
no08,533967_00933_14152_1,1700,17:00,585.946,584.8252631578947,-1.120736842105316
no08,533967_00933_14152_1,1715,17:15,944.9375,945.5036842105264,0.5661842105264441
no08,533967_00933_14152_1,1730,17:30,663.932,661.437894736842,-2.4941052631579623
no08,533967_00933_14152_1,1745,17:45,849.1469999999999,850.4831578947369,1.3361578947369708
no08,533967_00933_14152_1,1800,18:00,1089.1255,1091.6942105263158,2.5687105263157264
no08,533967_00933_14152_1,1815,18:15,641.883,639.5505263157894,-2.3324736842106404
no08,533967_00933_14152_1,1830,18:30,738.941,740.7010526315789,1.7600526315789011
no08,533967_00933_14152_1,1845,18:45,662.1075,661.5878947368421,-0.5196052631578141
no08,533967_00938_00939_0,630,06:30,870.05,879.3163157894738,9.266315789473879
no08,533967_00938_00939_0,645,06:45,1467.423,1451.941052631579,-15.48194736842106
no08,533967_00938_00939_0,700,07:00,1364.819,1367.7957894736842,2.976789473684221
no08,533967_00938_00939_0,715,07:15,2092.4605,2068.871578947368,-23.58892105263203
no08,533967_00938_00939_0,730,07:30,3745.2765,3801.4015789473688,56.12507894736882
no08,533967_00938_00939_0,745,07:45,2803.6685,2835.388947368421,31.72044736842099
no08,533967_00938_00939_0,800,08:00,4312.461,4574.687368421052,262.22636842105203
no08,533967_00938_00939_0,815,08:15,2670.0735,2951.4089473684207,281.3354473684208
no08,533967_00938_00939_0,830,08:30,3357.9450000000006,3393.028947368421,35.08394736842047
no08,533967_00938_00939_0,845,08:45,1760.6445,1785.5963157894737,24.951815789473585
no08,533967_00938_00939_0,900,09:00,1471.882,1478.18,6.298000000000002
no08,533967_00938_00939_0,915,09:15,1276.4335,1280.6852631578947,4.251763157894629
no08,533967_00938_00939_0,930,09:30,1402.6485,1430.8331578947368,28.1846578947368
no08,533967_00938_00939_0,945,09:45,1960.8015,1979.5163157894733,18.714815789473278
no08,533967_00938_00939_0,1000,10:00,1964.966,1991.8273684210528,26.86136842105293
no08,533967_00938_00939_0,1015,10:15,612.0269999999999,619.8694736842106,7.842473684210631
no08,533967_00938_00939_0,1030,10:30,2125.201,2194.277368421053,69.07636842105285
no08,533967_00938_00939_0,1045,10:45,1127.3865,1165.2731578947369,37.8866578947368
no08,533967_00938_00939_0,1100,11:00,1407.1675,1411.9452631578947,4.777763157894697
no08,533967_00938_00939_0,1115,11:15,2528.8205000000003,2593.7157894736843,64.89528947368399
no08,533967_00938_00939_0,1130,11:30,1623.009,1558.301052631579,-64.70794736842095
no08,533967_00938_00939_0,1145,11:45,2267.2765,2231.1126315789475,-36.163868421052484
no08,533967_00938_00939_0,1200,12:00,2433.3925,2464.1873684210527,30.794868421052797
no08,533967_00938_00939_0,1215,12:15,2412.885,2414.5873684210524,1.7023684210521424
no08,533967_00938_00939_0,1230,12:30,2223.982,2189.848421052632,-34.13357894736782
no08,533967_00938_00939_0,1245,12:45,2279.099,2292.8568421052632,13.75784210526308
no08,533967_00938_00939_0,1300,13:00,1900.7445,1896.5015789473684,-4.242921052631573
no08,533967_00938_00939_0,1315,13:15,2237.472,2232.6752631578947,-4.796736842105474
no08,533967_00938_00939_0,1330,13:30,1557.8515,1567.94,10.088500000000067
no08,533967_00938_00939_0,1345,13:45,2029.4595,1985.6215789473683,-43.8379210526316
no08,533967_00938_00939_0,1400,14:00,2522.334,2557.0536842105266,34.71968421052679
no08,533967_00938_00939_0,1415,14:15,2077.733,2092.9173684210527,15.184368421052568
no08,533967_00938_00939_0,1430,14:30,1158.577,1133.435789473684,-25.141210526315945
no08,533967_00938_00939_0,1445,14:45,2182.1985,2203.08,20.88149999999996
no08,533967_00938_00939_0,1500,15:00,2992.555,3166.895263157895,174.34026315789515
no08,533967_00938_00939_0,1515,15:15,2682.6315000000004,2677.5326315789475,-5.0988684210528845
no08,533967_00938_00939_0,1530,15:30,3025.857,2782.3836842105266,-243.47331578947342
no08,533967_00938_00939_0,1545,15:45,7647.739500000001,8050.882631578946,403.14313157894503
no08,533967_00938_00939_0,1600,16:00,23244.0645,23443.891052631578,199.82655263157721
no08,533967_00938_00939_0,1615,16:15,7410.9715,8446.701052631579,1035.7295526315793
no08,533967_00938_00939_0,1630,16:30,3221.123,3220.814736842105,-0.3082631578949986
no08,533967_00938_00939_0,1645,16:45,1465.0055,1492.8594736842103,27.85397368421036
no08,533967_00938_00939_0,1700,17:00,1627.616,1642.22,14.604000000000042
no08,533967_00938_00939_0,1715,17:15,2894.6095,3005.458947368421,110.8494473684209
no08,533967_00938_00939_0,1730,17:30,2933.5405,3117.3615789473683,183.82107894736828
no08,533967_00938_00939_0,1745,17:45,2722.745,2717.247894736842,-5.497105263157664
no08,533967_00938_00939_0,1800,18:00,3882.0615,3716.22,-165.8415
no08,533967_00938_00939_0,1815,18:15,2098.2835,2118.418947368421,20.135447368420955
no08,533967_00938_00939_0,1830,18:30,1875.0845,1930.5284210526315,55.443921052631595
no08,533967_00938_00939_0,1845,18:45,2310.7995,2311.2715789473687,0.4720789473685727
no08,533967_00938_00939_1,630,06:30,615.7325,612.1999999999999,-3.5325000000000273
no08,533967_00938_00939_1,645,06:45,1152.5935,1167.8342105263157,15.240710526315752
no08,533967_00938_00939_1,700,07:00,1046.814,1046.9094736842103,0.09547368421021929
no08,533967_00938_00939_1,715,07:15,1195.2415,1167.004736842105,-28.236763157894984
no08,533967_00938_00939_1,730,07:30,2189.9225,2282.5394736842104,92.61697368421028
no08,533967_00938_00939_1,745,07:45,1411.862,1438.6005263157897,26.738526315789613
no08,533967_00938_00939_1,800,08:00,1089.9625,1088.6047368421052,-1.3577631578948512
no08,533967_00938_00939_1,815,08:15,936.4545,984.031052631579,47.57655263157892
no08,533967_00938_00939_1,830,08:30,1615.2015,1646.9505263157894,31.74902631578948
no08,533967_00938_00939_1,845,08:45,1650.4775000000002,1683.9084210526314,33.43092105263122
no08,533967_00938_00939_1,900,09:00,1242.2385,1272.3331578947368,30.094657894736883
no08,533967_00938_00939_1,915,09:15,1283.538,1286.2084210526316,2.670421052631582
no08,533967_00938_00939_1,930,09:30,1075.5175,1089.1552631578948,13.637763157894824
no08,533967_00938_00939_1,945,09:45,2045.3335,2052.8594736842106,7.525973684210612
no08,533967_00938_00939_1,1000,10:00,2764.991,2738.891052631579,-26.099947368421
no08,533967_00938_00939_1,1015,10:15,2623.6975,2626.8568421052632,3.159342105263022
no08,533967_00938_00939_1,1030,10:30,1515.1754999999998,1674.092105263158,158.9166052631581
no08,533967_00938_00939_1,1045,10:45,1533.616,1558.7147368421051,25.098736842105154
no08,533967_00938_00939_1,1100,11:00,1620.371,1648.5973684210526,28.226368421052484
no08,533967_00938_00939_1,1115,11:15,1841.302,1925.608947368421,84.3069473684211
no08,533967_00938_00939_1,1130,11:30,878.5465,868.7284210526316,-9.818078947368463
no08,533967_00938_00939_1,1145,11:45,1162.675,1166.631052631579,3.956052631579041
no08,533967_00938_00939_1,1200,12:00,1271.6315,1353.0773684210526,81.44586842105264
no08,533967_00938_00939_1,1215,12:15,821.9110000000001,845.6763157894736,23.76531578947356
no08,533967_00938_00939_1,1230,12:30,1191.7530000000002,1238.0926315789477,46.33963157894755
no08,533967_00938_00939_1,1245,12:45,819.3235000000001,837.9126315789474,18.58913157894733
no08,533967_00938_00939_1,1300,13:00,916.2835,898.5331578947369,-17.750342105263144
no08,533967_00938_00939_1,1315,13:15,1093.357,1110.4431578947367,17.086157894736743
no08,533967_00938_00939_1,1330,13:30,447.3995,477.8378947368421,30.4383947368421
no08,533967_00938_00939_1,1345,13:45,1162.5685,1066.9757894736842,-95.59271052631584
no08,533967_00938_00939_1,1400,14:00,895.4525,1012.4042105263158,116.95171052631576
no08,533967_00938_00939_1,1415,14:15,734.9995,753.0357894736842,18.036289473684178
no08,533967_00938_00939_1,1430,14:30,662.223,671.6394736842105,9.416473684210587
no08,533967_00938_00939_1,1445,14:45,666.5875,666.2326315789473,-0.35486842105262895
no08,533967_00938_00939_1,1500,15:00,1438.5965,1462.8515789473684,24.255078947368247
no08,533967_00938_00939_1,1515,15:15,1685.3349999999998,1751.0089473684209,65.67394736842107
no08,533967_00938_00939_1,1530,15:30,455.057,470.94578947368416,15.888789473684142
no08,533967_00938_00939_1,1545,15:45,843.457,850.8815789473684,7.424578947368445
no08,533967_00938_00939_1,1600,16:00,1102.2955,1035.7963157894735,-66.49918421052644
no08,533967_00938_00939_1,1615,16:15,1488.793,1573.7847368421053,84.99173684210541
no08,533967_00938_00939_1,1630,16:30,1012.9645,1022.9884210526316,10.023921052631522
no08,533967_00938_00939_1,1645,16:45,786.5205,853.3884210526317,66.86792105263169
no08,533967_00938_00939_1,1700,17:00,648.9649999999999,653.8705263157896,4.905526315789643
no08,533967_00938_00939_1,1715,17:15,1228.3735,1218.912105263158,-9.46139473684184
no08,533967_00938_00939_1,1730,17:30,950.172,979.74,29.567999999999984
no08,533967_00938_00939_1,1745,17:45,1163.558,1215.3542105263157,51.79621052631569
no08,533967_00938_00939_1,1800,18:00,1879.0835,1929.6626315789472,50.579131578947226
no08,533967_00938_00939_1,1815,18:15,662.9635000000001,649.4821052631579,-13.481394736842162
no08,533967_00938_00939_1,1830,18:30,1529.515,1462.7415789473685,-66.77342105263165
no08,533967_00938_00939_1,1845,18:45,1178.961,1276.0042105263158,97.04321052631576
no08,533967_00938_01409_1,630,06:30,100.096,99.8378947368421,-0.2581052631579013
no08,533967_00938_01409_1,645,06:45,166.075,164.8315789473684,-1.2434210526315894
no08,533967_00938_01409_1,700,07:00,141.2535,142.15421052631578,0.9007105263157769
no08,533967_00938_01409_1,715,07:15,200.087,199.7421052631579,-0.34489473684209315
no08,533967_00938_01409_1,730,07:30,300.558,300.4431578947368,-0.11484210526316474
no08,533967_00938_01409_1,745,07:45,250.6235,251.08,0.45650000000000546
no08,533967_00938_01409_1,800,08:00,194.4995,196.2868421052632,1.7873421052631784
no08,533967_00938_01409_1,815,08:15,127.3855,126.17157894736845,-1.213921052631548
no08,533967_00938_01409_1,830,08:30,242.7205,241.3421052631579,-1.3783947368420968
no08,533967_00938_01409_1,845,08:45,170.59699999999998,171.45368421052632,0.856684210526339
no08,533967_00938_01409_1,900,09:00,145.6365,145.90052631578948,0.2640263157894651
no08,533967_00938_01409_1,915,09:15,134.8035,134.0457894736842,-0.7577105263158046
no08,533967_00938_01409_1,930,09:30,139.299,138.99842105263158,-0.3005789473684217
no08,533967_00938_01409_1,945,09:45,205.499,206.21263157894737,0.7136315789473713
no08,533967_00938_01409_1,1000,10:00,197.6755,197.7473684210526,0.07186842105261348
no08,533967_00938_01409_1,1015,10:15,61.447500000000005,61.15842105263158,-0.28907894736842366
no08,533967_00938_01409_1,1030,10:30,224.4795,225.28526315789475,0.8057631578947451
no08,533967_00938_01409_1,1045,10:45,105.636,105.43842105263155,-0.1975789473684415
no08,533967_00938_01409_1,1100,11:00,154.7215,153.92894736842106,-0.7925526315789284
no08,533967_00938_01409_1,1115,11:15,235.8835,240.67263157894732,4.78913157894732
no08,533967_00938_01409_1,1130,11:30,159.04149999999998,158.73947368421054,-0.3020263157894476
no08,533967_00938_01409_1,1145,11:45,219.639,220.56000000000003,0.9210000000000207
no08,533967_00938_01409_1,1200,12:00,220.3785,221.2226315789474,0.8441315789473833
no08,533967_00938_01409_1,1215,12:15,227.765,228.12526315789475,0.3602631578947637
no08,533967_00938_01409_1,1230,12:30,221.033,222.22894736842107,1.1959473684210877
no08,533967_00938_01409_1,1245,12:45,209.0185,208.35894736842104,-0.6595526315789471
no08,533967_00938_01409_1,1300,13:00,169.73,171.7163157894737,1.9863157894737071
no08,533967_00938_01409_1,1315,13:15,199.451,199.56,0.10900000000000887
no08,533967_00938_01409_1,1330,13:30,154.097,153.70052631578946,-0.39647368421054807
no08,533967_00938_01409_1,1345,13:45,190.037,190.26263157894732,0.2256315789473149
no08,533967_00938_01409_1,1400,14:00,231.0605,231.2931578947368,0.23265789473680343
no08,533967_00938_01409_1,1415,14:15,187.734,188.8942105263158,1.1602105263157796
no08,533967_00938_01409_1,1430,14:30,117.7535,117.41157894736844,-0.34192105263156236
no08,533967_00938_01409_1,1445,14:45,215.9355,216.4110526315789,0.47555263157892114
no08,533967_00938_01409_1,1500,15:00,267.213,266.17210526315785,-1.0408947368421764
no08,533967_00938_01409_1,1515,15:15,253.8895,252.8363157894737,-1.0531842105262967
no08,533967_00938_01409_1,1530,15:30,170.7815,170.2305263157895,-0.5509736842105042
no08,533967_00938_01409_1,1545,15:45,930.7785,1007.3036842105264,76.52518421052639
no08,533967_00938_01409_1,1600,16:00,3427.6050000000005,3901.02,473.4149999999995
no08,533967_00938_01409_1,1615,16:15,164.827,197.1310526315789,32.30405263157891
no08,533967_00938_01409_1,1630,16:30,216.019,216.0642105263158,0.045210526315798916
no08,533967_00938_01409_1,1645,16:45,129.034,128.89947368421053,-0.13452631578945784
no08,533967_00938_01409_1,1700,17:00,165.636,165.0115789473684,-0.6244210526315896
no08,533967_00938_01409_1,1715,17:15,251.4095,250.9547368421053,-0.45476315789471755
no08,533967_00938_01409_1,1730,17:30,214.113,214.0394736842105,-0.07352631578950763
no08,533967_00938_01409_1,1745,17:45,252.5275,252.6578947368421,0.13039473684210634
no08,533967_00938_01409_1,1800,18:00,233.8105,232.2094736842105,-1.6010263157894826
no08,533967_00938_01409_1,1815,18:15,177.87949999999998,178.07,0.19050000000001432
no08,533967_00938_01409_1,1830,18:30,184.156,184.11157894736843,-0.04442105263157714
no08,533967_00938_01409_1,1845,18:45,204.009,203.7315789473684,-0.27742105263158123
no08,533967_00938_01417_0,630,06:30,151.0075,149.6942105263158,-1.3132894736841934
no08,533967_00938_01417_0,645,06:45,279.604,282.5242105263158,2.9202105263158273
no08,533967_00938_01417_0,700,07:00,253.378,252.94421052631577,-0.4337894736842145
no08,533967_00938_01417_0,715,07:15,295.0615,281.8236842105263,-13.2378157894737
no08,533967_00938_01417_0,730,07:30,535.4605,546.2336842105263,10.773184210526324
no08,533967_00938_01417_0,745,07:45,347.2235,350.0578947368421,2.834394736842114
no08,533967_00938_01417_0,800,08:00,264.9775,261.3931578947369,-3.584342105263147
no08,533967_00938_01417_0,815,08:15,231.111,237.18052631578948,6.0695263157894885
no08,533967_00938_01417_0,830,08:30,389.054,390.3236842105263,1.26968421052635
no08,533967_00938_01417_0,845,08:45,397.196,396.8763157894737,-0.31968421052630447
no08,533967_00938_01417_0,900,09:00,302.905,303.19631578947366,0.2913157894736855
no08,533967_00938_01417_0,915,09:15,309.536,304.9142105263158,-4.621789473684203
no08,533967_00938_01417_0,930,09:30,258.3145,258.1226315789474,-0.19186842105261803
no08,533967_00938_01417_0,945,09:45,494.8505,489.4836842105264,-5.3668157894736055
no08,533967_00938_01417_0,1000,10:00,665.8815,646.1773684210526,-19.70413157894734
no08,533967_00938_01417_0,1015,10:15,628.8305,622.1873684210526,-6.643131578947418
no08,533967_00938_01417_0,1030,10:30,365.9015,393.1184210526316,27.21692105263162
no08,533967_00938_01417_0,1045,10:45,372.875,374.7536842105263,1.8786842105262735
no08,533967_00938_01417_0,1100,11:00,383.8865,386.3142105263158,2.4277105263157637
no08,533967_00938_01417_0,1115,11:15,457.403,464.941052631579,7.538052631578978
no08,533967_00938_01417_0,1130,11:30,214.629,209.94736842105263,-4.681631578947361
no08,533967_00938_01417_0,1145,11:45,284.555,278.4484210526316,-6.106578947368405
no08,533967_00938_01417_0,1200,12:00,305.0795,317.0842105263158,12.004710526315819
no08,533967_00938_01417_0,1215,12:15,200.7265,202.3736842105263,1.6471842105263192
no08,533967_00938_01417_0,1230,12:30,281.8605,286.6878947368421,4.827394736842109
no08,533967_00938_01417_0,1245,12:45,197.5835,202.1794736842105,4.59597368421052
no08,533967_00938_01417_0,1300,13:00,221.73,211.26894736842107,-10.461052631578923
no08,533967_00938_01417_0,1315,13:15,261.9815,266.1136842105263,4.1321842105263045
no08,533967_00938_01417_0,1330,13:30,101.8425,107.02842105263156,5.1859210526315564
no08,533967_00938_01417_0,1345,13:45,275.685,252.93473684210528,-22.75026315789472
no08,533967_00938_01417_0,1400,14:00,230.133,245.25,15.11699999999999
no08,533967_00938_01417_0,1415,14:15,180.4175,181.5236842105263,1.1061842105263224
no08,533967_00938_01417_0,1430,14:30,157.922,161.16631578947369,3.2443157894736885
no08,533967_00938_01417_0,1445,14:45,163.45149999999998,156.66368421052633,-6.787815789473655
no08,533967_00938_01417_0,1500,15:00,344.389,343.29052631578946,-1.0984736842105463
no08,533967_00938_01417_0,1515,15:15,407.508,414.31,6.802000000000021
no08,533967_00938_01417_0,1530,15:30,109.501,110.94631578947369,1.4453157894736819
no08,533967_00938_01417_0,1545,15:45,200.864,201.71052631578948,0.8465263157894753
no08,533967_00938_01417_0,1600,16:00,257.81350000000003,239.07526315789477,-18.738236842105266
no08,533967_00938_01417_0,1615,16:15,360.9835,370.2421052631578,9.25860526315779
no08,533967_00938_01417_0,1630,16:30,249.088,250.33052631578943,1.2425263157894335
no08,533967_00938_01417_0,1645,16:45,189.252,200.4763157894737,11.224315789473678
no08,533967_00938_01417_0,1700,17:00,160.15,157.0257894736842,-3.1242105263158066
no08,533967_00938_01417_0,1715,17:15,291.54200000000003,280.3905263157895,-11.151473684210544
no08,533967_00938_01417_0,1730,17:30,235.0305,239.0415789473684,4.011078947368418
no08,533967_00938_01417_0,1745,17:45,275.842,282.0952631578947,6.2532631578947075
no08,533967_00938_01417_0,1800,18:00,455.609,461.5057894736842,5.896789473684237
no08,533967_00938_01417_0,1815,18:15,163.567,155.02894736842106,-8.53805263157895
no08,533967_00938_01417_0,1830,18:30,371.4785,351.0936842105263,-20.38481578947369
no08,533967_00938_01417_0,1845,18:45,289.334,309.1515789473684,19.817578947368418
no08,533967_00939_00940_0,630,06:30,52.396,56.15736842105263,3.76136842105263
no08,533967_00939_00940_0,645,06:45,59.782,56.99631578947369,-2.7856842105263055
no08,533967_00939_00940_0,700,07:00,15.547999999999998,18.63421052631579,3.086210526315792
no08,533967_00939_00940_0,715,07:15,60.703,62.94157894736841,2.23857894736841
no08,533967_00939_00940_0,730,07:30,15.1475,13.738421052631578,-1.4090789473684229
no08,533967_00939_00940_0,745,07:45,20.299,25.36894736842105,5.069947368421051
no08,533967_00939_00940_0,800,08:00,24.3015,30.420526315789477,6.119026315789476
no08,533967_00939_00940_0,815,08:15,13.951,18.94894736842105,4.997947368421048
no08,533967_00939_00940_0,830,08:30,54.5125,60.83263157894736,6.320131578947354
no08,533967_00939_00940_0,845,08:45,9.601,12.368947368421052,2.7679473684210514
no08,533967_00939_00940_0,900,09:00,20.901,26.73578947368421,5.834789473684211
no08,533967_00939_00940_0,915,09:15,25.998,29.214210526315792,3.216210526315791
no08,533967_00939_00940_0,930,09:30,86.743,80.42526315789473,-6.317736842105262
no08,533967_00939_00940_0,945,09:45,106.2395,111.25947368421052,5.0199736842105125
no08,533967_00939_00940_0,1000,10:00,105.3075,111.45315789473683,6.1456578947368286
no08,533967_00939_00940_0,1015,10:15,10.4,13.052105263157896,2.652105263157896
no08,533967_00939_00940_0,1030,10:30,29.6505,25.84263157894737,-3.807868421052632
no08,533967_00939_00940_0,1045,10:45,8.2995,11.316315789473684,3.016815789473684
no08,533967_00939_00940_0,1100,11:00,78.599,75.52526315789474,-3.073736842105262
no08,533967_00939_00940_0,1115,11:15,8.5485,16.73894736842105,8.19044736842105
no08,533967_00939_00940_0,1130,11:30,15.2985,22.99947368421053,7.700973684210528
no08,533967_00939_00940_0,1145,11:45,10.299,11.263157894736842,0.964157894736843
no08,533967_00939_00940_0,1200,12:00,8.75,10.578947368421051,1.8289473684210513
no08,533967_00939_00940_0,1215,12:15,14.0505,16.158421052631578,2.1079210526315784
no08,533967_00939_00940_0,1230,12:30,8.2,10.42157894736842,2.221578947368421
no08,533967_00939_00940_0,1245,12:45,13.401,17.159999999999997,3.758999999999997
no08,533967_00939_00940_0,1300,13:00,4.222222222222222,5.842105263157895,1.6198830409356724
no08,533967_00939_00940_0,1315,13:15,4.473684210526316,5.333333333333333,0.8596491228070171
no08,533967_00939_00940_0,1330,13:30,13.398,15.422631578947367,2.0246315789473677
no08,533967_00939_00940_0,1345,13:45,5.5,7.105263157894737,1.6052631578947372
no08,533967_00939_00940_0,1400,14:00,7.9505,10.157894736842104,2.2073947368421045
no08,533967_00939_00940_0,1415,14:15,7.9995,11.946315789473685,3.9468157894736846
no08,533967_00939_00940_0,1430,14:30,18.7,21.367894736842107,2.6678947368421078
no08,533967_00939_00940_0,1445,14:45,8.05,11.474210526315789,3.424210526315788
no08,533967_00939_00940_0,1500,15:00,21.401,21.21,-0.19099999999999895
no08,533967_00939_00940_0,1515,15:15,9.1,11.57842105263158,2.47842105263158
no08,533967_00939_00940_0,1530,15:30,8.3,11.52736842105263,3.2273684210526294
no08,533967_00939_00940_0,1545,15:45,4.666666666666667,7.285714285714286,2.6190476190476186
no08,533967_00939_00940_0,1600,16:00,11.0,9.22222222222222,-1.7777777777777803
no08,533967_00939_00940_0,1615,16:15,15.0995,17.897368421052633,2.797868421052632
no08,533967_00939_00940_0,1630,16:30,15.898500000000002,18.68578947368421,2.7872894736842078
no08,533967_00939_00940_0,1645,16:45,21.152,20.73684210526316,-0.41515789473683995
no08,533967_00939_00940_0,1700,17:00,103.784,79.10947368421053,-24.67452631578948
no08,533967_00939_00940_0,1715,17:15,22.895,25.105263157894736,2.2102631578947367
no08,533967_00939_00940_0,1730,17:30,27.652,23.00263157894737,-4.649368421052632
no08,533967_00939_00940_0,1745,17:45,20.55,26.58,6.029999999999998
no08,533967_00939_00940_0,1800,18:00,43.246500000000005,55.05631578947368,11.809815789473674
no08,533967_00939_00940_0,1815,18:15,16.951,21.00210526315789,4.05110526315789
no08,533967_00939_00940_0,1830,18:30,32.843,17.00157894736842,-15.841421052631585
no08,533967_00939_00940_0,1845,18:45,16.551,21.31684210526316,4.765842105263161
no08,533967_00939_00940_1,630,06:30,56.205,56.804210526315785,0.5992105263157868
no08,533967_00939_00940_1,645,06:45,155.3265,156.7621052631579,1.4356052631578962
no08,533967_00939_00940_1,700,07:00,125.584,126.03052631578949,0.4465263157894839
no08,533967_00939_00940_1,715,07:15,48.55,46.88736842105264,-1.6626315789473551
no08,533967_00939_00940_1,730,07:30,42.1555,97.51263157894736,55.35713157894736
no08,533967_00939_00940_1,745,07:45,25.8025,36.68578947368421,10.883289473684211
no08,533967_00939_00940_1,800,08:00,10.053157894736842,9.736315789473684,-0.3168421052631576
no08,533967_00939_00940_1,815,08:15,8.17764705882353,9.052631578947368,0.8749845201238386
no08,533967_00939_00940_1,830,08:30,60.68000000000001,54.84263157894737,-5.837368421052638
no08,533967_00939_00940_1,845,08:45,160.1085,269.26947368421054,109.16097368421055
no08,533967_00939_00940_1,900,09:00,63.60555555555556,45.88058823529412,-17.72496732026144
no08,533967_00939_00940_1,915,09:15,81.4865,95.05368421052631,13.567184210526307
no08,533967_00939_00940_1,930,09:30,52.508500000000005,58.72894736842106,6.2204473684210555
no08,533967_00939_00940_1,945,09:45,249.045,304.7915789473684,55.74657894736842
no08,533967_00939_00940_1,1000,10:00,307.174,356.3084210526316,49.13442105263164
no08,533967_00939_00940_1,1015,10:15,284.3455,309.0915789473684,24.746078947368403
no08,533967_00939_00940_1,1030,10:30,247.896,267.3884210526316,19.492421052631613
no08,533967_00939_00940_1,1045,10:45,94.78266666666669,127.76368421052632,32.981017543859636
no08,533967_00939_00940_1,1100,11:00,208.8895,280.7384210526316,71.84892105263162
no08,533967_00939_00940_1,1115,11:15,44.2535,151.76789473684212,107.51439473684212
no08,533967_00939_00940_1,1130,11:30,62.998000000000005,82.58,19.581999999999994
no08,533967_00939_00940_1,1145,11:45,106.80272727272728,109.51071428571429,2.7079870129870045
no08,533967_00939_00940_1,1200,12:00,54.47631578947368,147.3163157894737,92.84
no08,533967_00939_00940_1,1215,12:15,71.58058823529412,119.95842105263158,48.37783281733746
no08,533967_00939_00940_1,1230,12:30,32.99421052631579,52.99526315789473,20.001052631578943
no08,533967_00939_00940_1,1245,12:45,27.999411764705883,24.15421052631579,-3.845201238390093
no08,533967_00939_00940_1,1300,13:00,57.2005,81.67473684210526,24.474236842105263
no08,533967_00939_00940_1,1315,13:15,48.50277777777777,52.166315789473686,3.6635380116959126
no08,533967_00939_00940_1,1330,13:30,15.698,25.68263157894737,9.984631578947369
no08,533967_00939_00940_1,1345,13:45,57.917,66.36,8.442999999999998
no08,533967_00939_00940_1,1400,14:00,27.99944444444445,81.2578947368421,53.258450292397654
no08,533967_00939_00940_1,1415,14:15,36.35636363636363,73.73157894736842,37.37521531100479
no08,533967_00939_00940_1,1430,14:30,34.851,46.735263157894735,11.884263157894736
no08,533967_00939_00940_1,1445,14:45,31.3005,37.103157894736846,5.802657894736846
no08,533967_00939_00940_1,1500,15:00,79.89421052631579,144.06421052631578,64.16999999999999
no08,533967_00939_00940_1,1515,15:15,100.055625,176.63105263157894,76.57542763157893
no08,533967_00939_00940_1,1530,15:30,23.3485,24.334444444444443,0.9859444444444421
no08,533967_00939_00940_1,1545,15:45,8.1875,10.25,2.0625
no08,533967_00939_00940_1,1600,16:00,101.101,240.51473684210524,139.41373684210524
no08,533967_00939_00940_1,1615,16:15,117.778,142.79947368421054,25.021473684210534
no08,533967_00939_00940_1,1630,16:30,107.0442105263158,95.04736842105264,-11.996842105263156
no08,533967_00939_00940_1,1645,16:45,58.75625,64.88944444444445,6.133194444444449
no08,533967_00939_00940_1,1700,17:00,48.278333333333336,56.89947368421052,8.621140350877184
no08,533967_00939_00940_1,1715,17:15,141.62947368421052,140.47947368421052,-1.1500000000000057
no08,533967_00939_00940_1,1730,17:30,28.586842105263155,42.79052631578947,14.203684210526315
no08,533967_00939_00940_1,1745,17:45,12.36842105263158,17.125,4.7565789473684195
no08,533967_00939_00940_1,1800,18:00,28.5525,37.31526315789474,8.762763157894742
no08,533967_00939_00940_1,1815,18:15,25.85,29.159473684210525,3.3094736842105235
no08,533967_00939_00940_1,1830,18:30,79.17,86.42611111111111,7.25611111111111
no08,533967_00939_00940_1,1845,18:45,66.22277777777778,71.79736842105264,5.57459064327486
no08,533967_00939_01421_1,630,06:30,800.904,786.0963157894737,-14.807684210526304
no08,533967_00939_01421_1,645,06:45,2019.069,1975.6684210526316,-43.40057894736833
no08,533967_00939_01421_1,700,07:00,2224.3935,2197.952631578947,-26.440868421052983
no08,533967_00939_01421_1,715,07:15,3373.8015,3457.662631578947,83.86113157894715
no08,533967_00939_01421_1,730,07:30,5526.0185,6375.406315789473,849.3878157894733
no08,533967_00939_01421_1,745,07:45,4062.587,4111.016842105263,48.429842105263106
no08,533967_00939_01421_1,800,08:00,3681.7005,3606.663157894737,-75.03734210526272
no08,533967_00939_01421_1,815,08:15,4091.3175,4270.349999999999,179.03249999999935
no08,533967_00939_01421_1,830,08:30,5538.321,5769.878947368421,231.55794736842108
no08,533967_00939_01421_1,845,08:45,8323.7765,7236.171578947369,-1087.6049210526307
no08,533967_00939_01421_1,900,09:00,4448.044,4642.211578947368,194.16757894736838
no08,533967_00939_01421_1,915,09:15,3169.7085,3105.044736842105,-64.66376315789512
no08,533967_00939_01421_1,930,09:30,3220.847,3246.2873684210526,25.440368421052426
no08,533967_00939_01421_1,945,09:45,8401.310000000001,8415.857368421053,14.547368421051942
no08,533967_00939_01421_1,1000,10:00,13938.828,14788.80789473684,849.9798947368399
no08,533967_00939_01421_1,1015,10:15,14801.615,15505.186315789471,703.5713157894716
no08,533967_00939_01421_1,1030,10:30,5547.284000000001,8026.461578947368,2479.1775789473677
no08,533967_00939_01421_1,1045,10:45,5519.9095,5030.904210526316,-489.00528947368366
no08,533967_00939_01421_1,1100,11:00,9189.624,10112.57842105263,922.954421052631
no08,533967_00939_01421_1,1115,11:15,7546.57,7525.535263157893,-21.034736842107122
no08,533967_00939_01421_1,1130,11:30,5072.7075,5094.591578947368,21.884078947367925
no08,533967_00939_01421_1,1145,11:45,5477.378500000001,5573.767368421053,96.3888684210524
no08,533967_00939_01421_1,1200,12:00,6133.955,6510.537894736842,376.5828947368418
no08,533967_00939_01421_1,1215,12:15,4742.987,4744.186842105263,1.1998421052630874
no08,533967_00939_01421_1,1230,12:30,4916.751,5211.444736842105,294.69373684210495
no08,533967_00939_01421_1,1245,12:45,5080.32,5308.9389473684205,228.61894736842078
no08,533967_00939_01421_1,1300,13:00,4757.4145,4622.265263157895,-135.14923684210498
no08,533967_00939_01421_1,1315,13:15,4651.9735,4667.156315789473,15.182815789473352
no08,533967_00939_01421_1,1330,13:30,6273.249,6230.646842105263,-42.60215789473659
no08,533967_00939_01421_1,1345,13:45,5103.2815,4896.622105263158,-206.65939473684193
no08,533967_00939_01421_1,1400,14:00,4245.5815,4450.5121052631575,204.9306052631573
no08,533967_00939_01421_1,1415,14:15,5835.898,5605.37,-230.52800000000025
no08,533967_00939_01421_1,1430,14:30,3850.212,3697.803684210527,-152.4083157894729
no08,533967_00939_01421_1,1445,14:45,3248.6845000000003,3504.3915789473685,255.70707894736825
no08,533967_00939_01421_1,1500,15:00,5903.921,5448.829999999999,-455.09100000000126
no08,533967_00939_01421_1,1515,15:15,6971.460499999999,7296.627894736842,325.16739473684265
no08,533967_00939_01421_1,1530,15:30,5743.0155,5830.332631578948,87.31713157894774
no08,533967_00939_01421_1,1545,15:45,4239.13,4277.242105263158,38.1121052631579
no08,533967_00939_01421_1,1600,16:00,5954.7455,6476.43,521.6845000000003
no08,533967_00939_01421_1,1615,16:15,7140.9235,7097.015263157895,-43.908236842105
no08,533967_00939_01421_1,1630,16:30,4068.288,3997.098947368421,-71.18905263157922
no08,533967_00939_01421_1,1645,16:45,5365.254,5643.841052631578,278.58705263157844
no08,533967_00939_01421_1,1700,17:00,4548.239,4330.258947368421,-217.98005263157847
no08,533967_00939_01421_1,1715,17:15,6075.6775,6132.765789473684,57.0882894736842
no08,533967_00939_01421_1,1730,17:30,5536.5225,5448.961052631578,-87.5614473684218
no08,533967_00939_01421_1,1745,17:45,5655.465999999999,5681.596315789474,26.13031578947448
no08,533967_00939_01421_1,1800,18:00,8427.083999999999,8755.804210526316,328.7202105263168
no08,533967_00939_01421_1,1815,18:15,4467.661,4456.763684210526,-10.897315789474305
no08,533967_00939_01421_1,1830,18:30,8814.494,8502.134736842105,-312.35926315789584
no08,533967_00939_01421_1,1845,18:45,6918.1050000000005,8224.643684210527,1306.5386842105263
no08,533967_00940_13718_0,630,06:30,1512.4154999999998,1548.4836842105262,36.0681842105264
no08,533967_00940_13718_0,645,06:45,1976.744,1974.4552631578947,-2.288736842105209
no08,533967_00940_13718_0,700,07:00,1578.099,1633.772105263158,55.67310526315805
no08,533967_00940_13718_0,715,07:15,2825.7155,2784.145789473684,-41.5697105263157
no08,533967_00940_13718_0,730,07:30,5567.568499999999,3894.710000000001,-1672.8584999999985
no08,533967_00940_13718_0,745,07:45,3041.5665,2487.1515789473683,-554.4149210526316
no08,533967_00940_13718_0,800,08:00,4115.566000000001,3329.7594736842107,-785.80652631579
no08,533967_00940_13718_0,815,08:15,5675.665,4707.977894736842,-967.6871052631577
no08,533967_00940_13718_0,830,08:30,2481.303,2274.486842105264,-206.81615789473608
no08,533967_00940_13718_0,845,08:45,2744.3540000000003,2490.816842105263,-253.53715789473745
no08,533967_00940_13718_0,900,09:00,3909.1865,3181.8405263157897,-727.3459736842101
no08,533967_00940_13718_0,915,09:15,1398.492,1356.8368421052633,-41.6551578947367
no08,533967_00940_13718_0,930,09:30,2380.307,2274.7005263157894,-105.60647368421041
no08,533967_00940_13718_0,945,09:45,2083.282,2124.6063157894737,41.32431578947353
no08,533967_00940_13718_0,1000,10:00,1671.352,1766.505263157895,95.1532631578948
no08,533967_00940_13718_0,1015,10:15,1488.069,1434.905789473684,-53.16321052631588
no08,533967_00940_13718_0,1030,10:30,1472.3205,1508.2742105263158,35.95371052631572
no08,533967_00940_13718_0,1045,10:45,1506.4535,1566.0884210526317,59.634921052631626
no08,533967_00940_13718_0,1100,11:00,1600.5425,1570.0936842105264,-30.448815789473656
no08,533967_00940_13718_0,1115,11:15,1078.3855,1111.9478947368425,33.56239473684241
no08,533967_00940_13718_0,1130,11:30,1230.281,1216.111052631579,-14.169947368420935
no08,533967_00940_13718_0,1145,11:45,810.086,775.6736842105263,-34.41231578947372
no08,533967_00940_13718_0,1200,12:00,1665.61,1672.081052631579,6.471052631579141
no08,533967_00940_13718_0,1215,12:15,1486.6165,1477.1263157894737,-9.490184210526422
no08,533967_00940_13718_0,1230,12:30,1441.7225,1512.4284210526316,70.70592105263154
no08,533967_00940_13718_0,1245,12:45,1852.5215,1915.745263157895,63.22376315789484
no08,533967_00940_13718_0,1300,13:00,2043.583,1984.407894736842,-59.175105263158
no08,533967_00940_13718_0,1315,13:15,1433.838,1463.978947368421,30.14094736842094
no08,533967_00940_13718_0,1330,13:30,1707.8470000000002,1680.9,-26.947000000000116
no08,533967_00940_13718_0,1345,13:45,1235.9915,1351.8352631578946,115.8437631578945
no08,533967_00940_13718_0,1400,14:00,1359.392,1318.7305263157896,-40.66147368421048
no08,533967_00940_13718_0,1415,14:15,1307.8845,1266.108947368421,-41.775552631578876
no08,533967_00940_13718_0,1430,14:30,2257.505,2341.314210526316,83.80921052631584
no08,533967_00940_13718_0,1445,14:45,1806.4665,1834.4768421052631,28.010342105263135
no08,533967_00940_13718_0,1500,15:00,1672.9465,1687.1347368421054,14.188236842105425
no08,533967_00940_13718_0,1515,15:15,1051.7235,1120.808947368421,69.085447368421
no08,533967_00940_13718_0,1530,15:30,1289.9415,1334.2189473684211,44.277447368421235
no08,533967_00940_13718_0,1545,15:45,1343.244,1354.691052631579,11.447052631579027
no08,533967_00940_13718_0,1600,16:00,1570.6965,1551.5736842105264,-19.122815789473634
no08,533967_00940_13718_0,1615,16:15,1136.8215,1186.4415789473685,49.620078947368484
no08,533967_00940_13718_0,1630,16:30,1702.994,1705.002631578947,2.0086315789471882
no08,533967_00940_13718_0,1645,16:45,2149.1275,2140.8394736842106,-8.288026315789466
no08,533967_00940_13718_0,1700,17:00,3026.0345,2940.427368421053,-85.60713157894725
no08,533967_00940_13718_0,1715,17:15,2044.925,2050.1926315789474,5.26763157894743
no08,533967_00940_13718_0,1730,17:30,2162.461,2161.403157894737,-1.0578421052628073
no08,533967_00940_13718_0,1745,17:45,2149.3345,2210.878947368421,61.54444736842106
no08,533967_00940_13718_0,1800,18:00,2246.4875,2363.016842105263,116.52934210526291
no08,533967_00940_13718_0,1815,18:15,1830.927,1753.7789473684213,-77.1480526315786
no08,533967_00940_13718_0,1830,18:30,1411.5865,1284.8184210526315,-126.7680789473684
no08,533967_00940_13718_0,1845,18:45,1822.557,1909.9336842105265,87.37668421052649
no08,533967_00943_01268_0,630,06:30,774.7439999999999,774.06,-0.6839999999999691
no08,533967_00943_01268_0,645,06:45,705.5225,705.6442105263158,0.12171052631572365
no08,533967_00943_01268_0,700,07:00,812.7055,814.5073684210525,1.801868421052518
no08,533967_00943_01268_0,715,07:15,813.473,812.2768421052632,-1.196157894736757
no08,533967_00943_01268_0,730,07:30,660.2695,660.3673684210526,0.0978684210525671
no08,533967_00943_01268_0,745,07:45,797.518,799.0736842105263,1.5556842105262376
no08,533967_00943_01268_0,800,08:00,700.6775,699.9931578947369,-0.6843421052631129
no08,533967_00943_01268_0,815,08:15,553.8475000000001,554.7742105263158,0.9267105263156736
no08,533967_00943_01268_0,830,08:30,929.2755,928.38,-0.89549999999997
no08,533967_00943_01268_0,845,08:45,644.8534999999999,645.4426315789474,0.5891315789474447
no08,533967_00943_01268_0,900,09:00,791.6045,795.9542105263157,4.3497105263156755
no08,533967_00943_01268_0,915,09:15,653.12,652.3336842105264,-0.7863157894736332
no08,533967_00943_01268_0,930,09:30,788.2615,787.9536842105264,-0.30781578947357957
no08,533967_00943_01268_0,945,09:45,629.453,629.6031578947368,0.15015789473682162
no08,533967_00943_01268_0,1000,10:00,881.9174999999999,881.6215789473684,-0.2959210526314564
no08,533967_00943_01268_0,1015,10:15,540.3489999999999,539.5494736842105,-0.7995263157894215
no08,533967_00943_01268_0,1030,10:30,528.4165,527.2473684210527,-1.169131578947372
no08,533967_00943_01268_0,1045,10:45,498.1245,499.2573684210526,1.1328684210525921
no08,533967_00943_01268_0,1100,11:00,639.3095000000001,639.291052631579,-0.018447368421107058
no08,533967_00943_01268_0,1115,11:15,651.47,650.4257894736842,-1.044210526315851
no08,533967_00943_01268_0,1130,11:30,520.922,520.2847368421053,-0.6372631578947221
no08,533967_00943_01268_0,1145,11:45,460.487,461.52263157894737,1.0356315789473456
no08,533967_00943_01268_0,1200,12:00,666.4970000000001,665.7105263157895,-0.7864736842105913
no08,533967_00943_01268_0,1215,12:15,636.7845,638.6384210526315,1.8539210526315628
no08,533967_00943_01268_0,1230,12:30,526.3185,525.19,-1.1284999999999172
no08,533967_00943_01268_0,1245,12:45,671.3715,670.3068421052632,-1.064657894736797
no08,533967_00943_01268_0,1300,13:00,381.242,381.8557894736842,0.6137894736841645
no08,533967_00943_01268_0,1315,13:15,564.655,566.4036842105263,1.748684210526335
no08,533967_00943_01268_0,1330,13:30,568.0485,569.1426315789473,1.0941315789473265
no08,533967_00943_01268_0,1345,13:45,406.844,405.2631578947368,-1.580842105263173
no08,533967_00943_01268_0,1400,14:00,777.921,778.6221052631579,0.7011052631578423
no08,533967_00943_01268_0,1415,14:15,421.976,421.7610526315789,-0.2149473684211216
no08,533967_00943_01268_0,1430,14:30,669.5055,669.5205263157894,0.015026315789441469
no08,533967_00943_01268_0,1445,14:45,596.958,595.4636842105263,-1.494315789473717
no08,533967_00943_01268_0,1500,15:00,529.556,533.2752631578948,3.7192631578947157
no08,533967_00943_01268_0,1515,15:15,372.8415,373.8931578947369,1.051657894736877
no08,533967_00943_01268_0,1530,15:30,618.0615,616.6942105263158,-1.3672894736841954
no08,533967_00943_01268_0,1545,15:45,457.145,457.578947368421,0.433947368421002
no08,533967_00943_01268_0,1600,16:00,599.759,598.3126315789474,-1.4463684210526253
no08,533967_00943_01268_0,1615,16:15,673.123,675.3515789473685,2.228578947368419
no08,533967_00943_01268_0,1630,16:30,602.155,603.6368421052632,1.4818421052632402
no08,533967_00943_01268_0,1645,16:45,716.9395000000001,716.1678947368422,-0.7716052631578805
no08,533967_00943_01268_0,1700,17:00,448.103,454.0605263157895,5.957526315789494
no08,533967_00943_01268_0,1715,17:15,703.029,704.3668421052631,1.337842105263121
no08,533967_00943_01268_0,1730,17:30,497.1470000000001,495.6094736842105,-1.5375263157895915
no08,533967_00943_01268_0,1745,17:45,637.6800000000001,638.4421052631578,0.7621052631577641
no08,533967_00943_01268_0,1800,18:00,814.509,811.5221052631579,-2.986894736842146
no08,533967_00943_01268_0,1815,18:15,488.25,487.7115789473684,-0.5384210526315769
no08,533967_00943_01268_0,1830,18:30,552.406,554.9473684210526,2.5413684210526526
no08,533967_00943_01268_0,1845,18:45,494.66,493.32947368421054,-1.3305263157894842
no08,533967_00944_13715_1,630,06:30,119.828,119.86263157894736,0.034631578947355024
no08,533967_00944_13715_1,645,06:45,160.511,160.52263157894737,0.0116315789473731
no08,533967_00944_13715_1,700,07:00,51.129000000000005,50.510000000000005,-0.6189999999999998
no08,533967_00944_13715_1,715,07:15,181.013,178.59421052631578,-2.418789473684228
no08,533967_00944_13715_1,730,07:30,206.637,208.51894736842107,1.8819473684210664
no08,533967_00944_13715_1,745,07:45,244.5205,246.97526315789472,2.4547631578947176
no08,533967_00944_13715_1,800,08:00,303.2265,302.1452631578948,-1.0812368421051701
no08,533967_00944_13715_1,815,08:15,126.9755,128.5142105263158,1.5387105263157963
no08,533967_00944_13715_1,830,08:30,356.276,353.41789473684213,-2.8581052631578814
no08,533967_00944_13715_1,845,08:45,194.6445,193.81526315789475,-0.8292368421052458
no08,533967_00944_13715_1,900,09:00,150.4365,152.30052631578948,1.8640263157894879
no08,533967_00944_13715_1,915,09:15,322.588,328.0836842105263,5.495684210526292
no08,533967_00944_13715_1,930,09:30,164.2445,164.79999999999998,0.555499999999995
no08,533967_00944_13715_1,945,09:45,83.1855,81.11578947368422,-2.069710526315788
no08,533967_00944_13715_1,1000,10:00,304.299,303.5915789473684,-0.7074210526315596
no08,533967_00944_13715_1,1015,10:15,126.076,127.90368421052632,1.8276842105263285
no08,533967_00944_13715_1,1030,10:30,234.122,231.7557894736842,-2.3662105263158253
no08,533967_00944_13715_1,1045,10:45,137.8975,141.41684210526316,3.5193421052631493
no08,533967_00944_13715_1,1100,11:00,193.04,187.35789473684213,-5.682105263157865
no08,533967_00944_13715_1,1115,11:15,196.789,206.1921052631579,9.403105263157926
no08,533967_00944_13715_1,1130,11:30,171.1565,171.22473684210527,0.06823684210527858
no08,533967_00944_13715_1,1145,11:45,224.449,219.30210526315787,-5.1468947368421425
no08,533967_00944_13715_1,1200,12:00,210.8455,207.90421052631575,-2.941289473684236
no08,533967_00944_13715_1,1215,12:15,202.802,200.64684210526315,-2.1551578947368455
no08,533967_00944_13715_1,1230,12:30,278.5095,282.0663157894737,3.556815789473717
no08,533967_00944_13715_1,1245,12:45,243.9565,243.49315789473684,-0.4633421052631661
no08,533967_00944_13715_1,1300,13:00,229.1315,232.17105263157896,3.039552631578971
no08,533967_00944_13715_1,1315,13:15,161.567,163.23894736842104,1.67194736842103
no08,533967_00944_13715_1,1330,13:30,208.5655,207.04315789473685,-1.5223421052631352
no08,533967_00944_13715_1,1345,13:45,113.0895,111.56684210526316,-1.522657894736838
no08,533967_00944_13715_1,1400,14:00,200.9915,201.78105263157892,0.7895526315789141
no08,533967_00944_13715_1,1415,14:15,121.4035,123.76684210526317,2.363342105263172
no08,533967_00944_13715_1,1430,14:30,295.398,292.88,-2.518000000000029
no08,533967_00944_13715_1,1445,14:45,180.02349999999998,180.13894736842104,0.11544736842105863
no08,533967_00944_13715_1,1500,15:00,153.959,158.1963157894737,4.2373157894736835
no08,533967_00944_13715_1,1515,15:15,235.952,237.30421052631576,1.3522105263157584
no08,533967_00944_13715_1,1530,15:30,133.981,131.7242105263158,-2.2567894736841936
no08,533967_00944_13715_1,1545,15:45,182.8385,181.21526315789475,-1.623236842105257
no08,533967_00944_13715_1,1600,16:00,184.321,178.6263157894737,-5.6946842105263045
no08,533967_00944_13715_1,1615,16:15,322.2575,327.4373684210526,5.179868421052618
no08,533967_00944_13715_1,1630,16:30,325.6445,329.6684210526316,4.023921052631579
no08,533967_00944_13715_1,1645,16:45,111.1835,113.08842105263156,1.9049210526315647
no08,533967_00944_13715_1,1700,17:00,171.9105,179.0121052631579,7.101605263157893
no08,533967_00944_13715_1,1715,17:15,70.3115,64.58263157894737,-5.728868421052624
no08,533967_00944_13715_1,1730,17:30,152.6815,151.99263157894737,-0.6888684210526321
no08,533967_00944_13715_1,1745,17:45,249.093,247.19421052631583,-1.898789473684161
no08,533967_00944_13715_1,1800,18:00,292.0965,285.83263157894737,-6.263868421052621
no08,533967_00944_13715_1,1815,18:15,222.46750000000003,231.6684210526316,9.200921052631571
no08,533967_00944_13715_1,1830,18:30,151.786,148.94,-2.8460000000000036
no08,533967_00944_13715_1,1845,18:45,193.5735,196.3557894736842,2.782289473684216
no08,533967_00949_14017_0,630,06:30,637.7729999999999,638.0163157894737,0.24331578947374055
no08,533967_00949_14017_0,645,06:45,566.7814999999999,566.3584210526316,-0.42307894736836715
no08,533967_00949_14017_0,700,07:00,602.249,602.0584210526316,-0.19057894736840808
no08,533967_00949_14017_0,715,07:15,1012.3985,1011.8342105263156,-0.5642894736844255
no08,533967_00949_14017_0,730,07:30,1204.1725,1205.168947368421,0.9964473684210589
no08,533967_00949_14017_0,745,07:45,1215.79,1218.1494736842103,2.359473684210343
no08,533967_00949_14017_0,800,08:00,1040.179,1036.8357894736844,-3.3432105263157155
no08,533967_00949_14017_0,815,08:15,1504.0035,1506.9299999999998,2.9264999999998054
no08,533967_00949_14017_0,830,08:30,1621.2755,1641.8210526315788,20.545552631578857
no08,533967_00949_14017_0,845,08:45,1167.492,1168.1036842105264,0.6116842105263913
no08,533967_00949_14017_0,900,09:00,951.6685,952.534210526316,0.8657105263159792
no08,533967_00949_14017_0,915,09:15,993.275,993.3163157894736,0.041315789473628683
no08,533967_00949_14017_0,930,09:30,945.715,944.7152631578948,-0.9997368421052215
no08,533967_00949_14017_0,945,09:45,962.9815,962.0094736842104,-0.9720263157895488
no08,533967_00949_14017_0,1000,10:00,780.6605000000001,781.7468421052632,1.0863421052631566
no08,533967_00949_14017_0,1015,10:15,918.503,920.3752631578948,1.8722631578947357
no08,533967_00949_14017_0,1030,10:30,749.6625,746.9815789473683,-2.6809210526316747
no08,533967_00949_14017_0,1045,10:45,719.29,719.43,0.13999999999998636
no08,533967_00949_14017_0,1100,11:00,791.47,792.0605263157895,0.5905263157894751
no08,533967_00949_14017_0,1115,11:15,691.3720000000001,688.1978947368422,-3.1741052631579123
no08,533967_00949_14017_0,1130,11:30,584.129,582.74,-1.38900000000001
no08,533967_00949_14017_0,1145,11:45,589.1785,591.3184210526315,2.1399210526315073
no08,533967_00949_14017_0,1200,12:00,778.2625,778.4226315789474,0.1601315789473574
no08,533967_00949_14017_0,1215,12:15,1095.602,1093.6905263157894,-1.911473684210705
no08,533967_00949_14017_0,1230,12:30,852.9955,856.3005263157894,3.305026315789405
no08,533967_00949_14017_0,1245,12:45,481.251,481.1831578947368,-0.06784210526319612
no08,533967_00949_14017_0,1300,13:00,716.2805000000001,715.8373684210526,-0.44313157894748656
no08,533967_00949_14017_0,1315,13:15,669.269,670.4884210526316,1.21942105263156
no08,533967_00949_14017_0,1330,13:30,537.365,538.0394736842105,0.6744736842105112
no08,533967_00949_14017_0,1345,13:45,508.2955,504.8131578947369,-3.4823421052631147
no08,533967_00949_14017_0,1400,14:00,551.801,553.5668421052632,1.7658421052631184
no08,533967_00949_14017_0,1415,14:15,726.3644999999999,729.2405263157895,2.876026315789545
no08,533967_00949_14017_0,1430,14:30,634.017,633.3973684210526,-0.6196315789474056
no08,533967_00949_14017_0,1445,14:45,617.592,616.3047368421052,-1.287263157894813
no08,533967_00949_14017_0,1500,15:00,659.9245,655.4668421052631,-4.457657894736826
no08,533967_00949_14017_0,1515,15:15,571.614,573.107894736842,1.4938947368419804
no08,533967_00949_14017_0,1530,15:30,771.5135,771.2752631578948,-0.23823684210526608
no08,533967_00949_14017_0,1545,15:45,763.179,764.8063157894736,1.6273157894736414
no08,533967_00949_14017_0,1600,16:00,1048.2975,1052.53,4.232500000000073
no08,533967_00949_14017_0,1615,16:15,775.0,769.6515789473684,-5.348421052631579
no08,533967_00949_14017_0,1630,16:30,1055.2865,1055.861052631579,0.5745526315790812
no08,533967_00949_14017_0,1645,16:45,924.7105,921.3810526315788,-3.329447368421256
no08,533967_00949_14017_0,1700,17:00,888.7515,892.4821052631579,3.7306052631579405
no08,533967_00949_14017_0,1715,17:15,1010.6005,1013.6615789473684,3.061078947368401
no08,533967_00949_14017_0,1730,17:30,1163.248,1160.0352631578949,-3.212736842105187
no08,533967_00949_14017_0,1745,17:45,993.23,995.9331578947368,2.703157894736819
no08,533967_00949_14017_0,1800,18:00,1189.346,1190.3173684210526,0.9713684210526026
no08,533967_00949_14017_0,1815,18:15,891.7700000000001,890.4126315789474,-1.3573684210526835
no08,533967_00949_14017_0,1830,18:30,758.1505,758.1563157894736,0.005815789473672339
no08,533967_00949_14017_0,1845,18:45,733.483,737.921052631579,4.438052631579012
no08,533967_00949_14017_1,630,06:30,1104.6,1100.7268421052631,-3.873157894736778
no08,533967_00949_14017_1,645,06:45,1370.6,1371.1205263157894,0.5205263157895388
no08,533967_00949_14017_1,700,07:00,1283.8485,1291.5105263157895,7.66202631578949
no08,533967_00949_14017_1,715,07:15,1415.4975,1393.6305263157894,-21.866973684210507
no08,533967_00949_14017_1,730,07:30,1389.04,1411.8263157894737,22.786315789473747
no08,533967_00949_14017_1,745,07:45,952.7,939.8647368421052,-12.835263157894815
no08,533967_00949_14017_1,800,08:00,1464.608,1441.812105263158,-22.795894736842
no08,533967_00949_14017_1,815,08:15,1417.752,1445.3652631578946,27.613263157894608
no08,533967_00949_14017_1,830,08:30,1384.142,1393.0400000000002,8.898000000000138
no08,533967_00949_14017_1,845,08:45,914.46,907.3326315789474,-7.127368421052665
no08,533967_00949_14017_1,900,09:00,804.3,810.5263157894736,6.226315789473688
no08,533967_00949_14017_1,915,09:15,710.5,707.3684210526316,-3.131578947368439
no08,533967_00949_14017_1,930,09:30,714.7,714.0,-0.7000000000000455
no08,533967_00949_14017_1,945,09:45,736.4,737.6284210526316,1.2284210526315746
no08,533967_00949_14017_1,1000,10:00,592.9,596.1052631578947,3.2052631578947057
no08,533967_00949_14017_1,1015,10:15,672.0,675.0031578947368,3.0031578947367734
no08,533967_00949_14017_1,1030,10:30,707.7,703.6842105263158,-4.015789473684208
no08,533967_00949_14017_1,1045,10:45,735.049,734.6873684210526,-0.3616315789473674
no08,533967_00949_14017_1,1100,11:00,557.9,553.208947368421,-4.691052631578941
no08,533967_00949_14017_1,1115,11:15,655.9,658.0536842105263,2.1536842105263077
no08,533967_00949_14017_1,1130,11:30,444.5,447.74157894736845,3.2415789473684526
no08,533967_00949_14017_1,1145,11:45,690.2,689.3852631578948,-0.8147368421052761
no08,533967_00949_14017_1,1200,12:00,849.8629999999999,840.7368421052631,-9.12615789473682
no08,533967_00949_14017_1,1215,12:15,833.7620000000001,845.8947368421053,12.13273684210526
no08,533967_00949_14017_1,1230,12:30,827.4,820.6473684210526,-6.75263157894733
no08,533967_00949_14017_1,1245,12:45,878.5,882.9852631578948,4.485263157894792
no08,533967_00949_14017_1,1300,13:00,651.8100000000001,652.217894736842,0.40789473684196764
no08,533967_00949_14017_1,1315,13:15,898.8,891.1489473684211,-7.651052631578864
no08,533967_00949_14017_1,1330,13:30,584.543,594.1531578947369,9.610157894736858
no08,533967_00949_14017_1,1345,13:45,480.2,480.4763157894736,0.2763157894735855
no08,533967_00949_14017_1,1400,14:00,495.6,490.0521052631579,-5.5478947368421245
no08,533967_00949_14017_1,1415,14:15,519.4,523.8947368421053,4.49473684210534
no08,533967_00949_14017_1,1430,14:30,576.9155,572.7347368421052,-4.180763157894717
no08,533967_00949_14017_1,1445,14:45,373.154,380.2105263157895,7.056526315789483
no08,533967_00949_14017_1,1500,15:00,382.2,372.8421052631579,-9.35789473684207
no08,533967_00949_14017_1,1515,15:15,684.6,691.2126315789474,6.612631578947344
no08,533967_00949_14017_1,1530,15:30,455.0,453.1578947368421,-1.8421052631579187
no08,533967_00949_14017_1,1545,15:45,615.0055,615.6842105263158,0.6787105263158537
no08,533967_00949_14017_1,1600,16:00,665.794,664.1526315789473,-1.6413684210526753
no08,533967_00949_14017_1,1615,16:15,603.4,602.8447368421052,-0.5552631578947285
no08,533967_00949_14017_1,1630,16:30,525.7,531.2631578947369,5.5631578947368325
no08,533967_00949_14017_1,1645,16:45,688.249,684.5736842105263,-3.675315789473757
no08,533967_00949_14017_1,1700,17:00,1039.6115,1029.4857894736842,-10.125710526315743
no08,533967_00949_14017_1,1715,17:15,1061.2775,1067.1405263157894,5.8630263157895115
no08,533967_00949_14017_1,1730,17:30,716.8,726.0736842105263,9.273684210526312
no08,533967_00949_14017_1,1745,17:45,882.7629999999999,849.0347368421053,-33.72826315789462
no08,533967_00949_14017_1,1800,18:00,630.7,657.7547368421052,27.05473684210517
no08,533967_00949_14017_1,1815,18:15,919.165,925.6147368421052,6.449736842105267
no08,533967_00949_14017_1,1830,18:30,943.6335,944.0563157894736,0.42281578947358867
no08,533967_00949_14017_1,1845,18:45,723.8,713.3168421052632,-10.483157894736792
no08,533967_00976_12969_0,630,06:30,238.0,237.8947368421053,-0.10526315789471141
no08,533967_00976_12969_0,645,06:45,222.456,222.31578947368425,-0.14021052631574094
no08,533967_00976_12969_0,700,07:00,272.8,272.8421052631579,0.0421052631579073
no08,533967_00976_12969_0,715,07:15,343.7515,342.4063157894737,-1.3451842105263268
no08,533967_00976_12969_0,730,07:30,511.1835,512.5263157894736,1.3428157894736614
no08,533967_00976_12969_0,745,07:45,518.643,520.2968421052632,1.653842105263152
no08,533967_00976_12969_0,800,08:00,483.136,481.4442105263158,-1.6917894736841959
no08,533967_00976_12969_0,815,08:15,406.355,409.9,3.544999999999959
no08,533967_00976_12969_0,830,08:30,449.826,448.41263157894736,-1.4133684210526667
no08,533967_00976_12969_0,845,08:45,488.1255,486.99105263157895,-1.1344473684210357
no08,533967_00976_12969_0,900,09:00,495.27,496.9442105263158,1.6742105263158464
no08,533967_00976_12969_0,915,09:15,466.289,464.9668421052631,-1.322157894736904
no08,533967_00976_12969_0,930,09:30,298.9665,297.9763157894737,-0.9901842105263086
no08,533967_00976_12969_0,945,09:45,653.2275,653.5342105263157,0.30671052631578277
no08,533967_00976_12969_0,1000,10:00,766.252,768.3147368421053,2.0627368421053234
no08,533967_00976_12969_0,1015,10:15,442.441,441.96421052631575,-0.47678947368422087
no08,533967_00976_12969_0,1030,10:30,427.069,425.48526315789474,-1.5837368421052815
no08,533967_00976_12969_0,1045,10:45,612.7724999999999,613.2331578947369,0.4606578947369826
no08,533967_00976_12969_0,1100,11:00,634.2325,635.0636842105263,0.8311842105263167
no08,533967_00976_12969_0,1115,11:15,713.0205,714.1999999999999,1.1794999999999618
no08,533967_00976_12969_0,1130,11:30,521.039,523.1968421052632,2.157842105263171
no08,533967_00976_12969_0,1145,11:45,562.1225,559.0705263157895,-3.051973684210452
no08,533967_00976_12969_0,1200,12:00,528.7194999999999,527.1136842105263,-1.6058157894735814
no08,533967_00976_12969_0,1215,12:15,627.0184999999999,626.89,-0.12849999999991724
no08,533967_00976_12969_0,1230,12:30,376.586,377.1094736842105,0.5234736842105008
no08,533967_00976_12969_0,1245,12:45,734.3545,736.1873684210526,1.8328684210525807
no08,533967_00976_12969_0,1300,13:00,560.0024999999999,561.4326315789473,1.4301315789473392
no08,533967_00976_12969_0,1315,13:15,670.0799999999999,671.4615789473685,1.3815789473685527
no08,533967_00976_12969_0,1330,13:30,733.6389999999999,728.6736842105263,-4.965315789473607
no08,533967_00976_12969_0,1345,13:45,363.115,360.9884210526316,-2.1265789473683867
no08,533967_00976_12969_0,1400,14:00,527.2875,529.1784210526315,1.8909210526314837
no08,533967_00976_12969_0,1415,14:15,742.188,741.1342105263158,-1.053789473684219
no08,533967_00976_12969_0,1430,14:30,395.887,396.0010526315789,0.11405263157888612
no08,533967_00976_12969_0,1445,14:45,545.89,544.501052631579,-1.388947368420986
no08,533967_00976_12969_0,1500,15:00,629.747,630.6363157894737,0.8893157894736987
no08,533967_00976_12969_0,1515,15:15,444.5375,444.7884210526316,0.2509210526315542
no08,533967_00976_12969_0,1530,15:30,624.241,625.9105263157894,1.669526315789426
no08,533967_00976_12969_0,1545,15:45,455.141,454.6136842105263,-0.5273157894737324
no08,533967_00976_12969_0,1600,16:00,680.221,678.0515789473684,-2.1694210526316056
no08,533967_00976_12969_0,1615,16:15,662.637,664.5847368421051,1.9477368421052006
no08,533967_00976_12969_0,1630,16:30,445.591,443.12000000000006,-2.470999999999947
no08,533967_00976_12969_0,1645,16:45,676.6975,677.8342105263158,1.1367105263158237
no08,533967_00976_12969_0,1700,17:00,529.699,529.6473684210526,-0.0516315789473083
no08,533967_00976_12969_0,1715,17:15,559.288,561.5757894736843,2.2877894736842563
no08,533967_00976_12969_0,1730,17:30,714.6814999999999,713.3615789473683,-1.319921052631571
no08,533967_00976_12969_0,1745,17:45,578.5405,576.6452631578948,-1.8952368421051915
no08,533967_00976_12969_0,1800,18:00,693.582,695.0926315789474,1.5106315789473683
no08,533967_00976_12969_0,1815,18:15,498.779,498.11,-0.6689999999999827
no08,533967_00976_12969_0,1830,18:30,767.5555,766.107894736842,-1.4476052631580387
no08,533967_00976_12969_0,1845,18:45,589.9694999999999,596.218947368421,6.249447368421102
no08,533967_00976_12969_1,630,06:30,637.5409999999999,632.748947368421,-4.79205263157894
no08,533967_00976_12969_1,645,06:45,828.1265,829.0942105263157,0.9677105263157273
no08,533967_00976_12969_1,700,07:00,728.768,730.0489473684211,1.2809473684210388
no08,533967_00976_12969_1,715,07:15,1055.0425,1066.8647368421052,11.822236842105212
no08,533967_00976_12969_1,730,07:30,1115.6905000000002,1124.2357894736842,8.545289473684079
no08,533967_00976_12969_1,745,07:45,1117.485,1090.1547368421052,-27.330263157894706
no08,533967_00976_12969_1,800,08:00,1332.1375,1344.142105263158,12.004605263158055
no08,533967_00976_12969_1,815,08:15,1408.688,1414.3073684210526,5.619368421052513
no08,533967_00976_12969_1,830,08:30,682.8675000000001,673.5378947368421,-9.329605263157987
no08,533967_00976_12969_1,845,08:45,839.3655000000001,829.9331578947368,-9.432342105263274
no08,533967_00976_12969_1,900,09:00,1038.3835,1038.9557894736845,0.5722894736845774
no08,533967_00976_12969_1,915,09:15,444.9235,438.85526315789474,-6.06823684210525
no08,533967_00976_12969_1,930,09:30,464.5485,464.7621052631579,0.21360526315788775
no08,533967_00976_12969_1,945,09:45,533.3705,529.9994736842106,-3.371026315789436
no08,533967_00976_12969_1,1000,10:00,324.034,330.1126315789474,6.078631578947409
no08,533967_00976_12969_1,1015,10:15,187.265,181.92631578947368,-5.33868421052631
no08,533967_00976_12969_1,1030,10:30,203.345,210.1957894736842,6.850789473684188
no08,533967_00976_12969_1,1045,10:45,369.469,376.7573684210527,7.2883684210527235
no08,533967_00976_12969_1,1100,11:00,306.5185,297.4047368421053,-9.11376315789471
no08,533967_00976_12969_1,1115,11:15,152.6965,154.94315789473686,2.2466578947368703
no08,533967_00976_12969_1,1130,11:30,130.512,129.0678947368421,-1.4441052631578941
no08,533967_00976_12969_1,1145,11:45,117.4015,123.53000000000002,6.128500000000017
no08,533967_00976_12969_1,1200,12:00,467.365,455.7010526315789,-11.663947368421134
no08,533967_00976_12969_1,1215,12:15,554.112,560.7115789473685,6.599578947368514
no08,533967_00976_12969_1,1230,12:30,191.5995,192.3621052631579,0.7626052631578943
no08,533967_00976_12969_1,1245,12:45,378.595,391.8236842105263,13.228684210526296
no08,533967_00976_12969_1,1300,13:00,541.675,521.2636842105263,-20.411315789473633
no08,533967_00976_12969_1,1315,13:15,453.862,458.57,4.70799999999997
no08,533967_00976_12969_1,1330,13:30,399.0295,379.6852631578947,-19.34423684210526
no08,533967_00976_12969_1,1345,13:45,337.077,366.5815789473684,29.50457894736843
no08,533967_00976_12969_1,1400,14:00,356.74,356.00842105263155,-0.7315789473684617
no08,533967_00976_12969_1,1415,14:15,308.1405,290.5963157894737,-17.544184210526282
no08,533967_00976_12969_1,1430,14:30,574.1510000000001,586.8821052631579,12.731105263157815
no08,533967_00976_12969_1,1445,14:45,544.1025,534.8857894736842,-9.216710526315751
no08,533967_00976_12969_1,1500,15:00,253.7985,263.0652631578947,9.26676315789473
no08,533967_00976_12969_1,1515,15:15,122.1165,108.1584210526316,-13.958078947368406
no08,533967_00976_12969_1,1530,15:30,215.4865,213.72000000000003,-1.7664999999999793
no08,533967_00976_12969_1,1545,15:45,462.533,476.9247368421052,14.39173684210516
no08,533967_00976_12969_1,1600,16:00,236.479,224.19263157894736,-12.286368421052657
no08,533967_00976_12969_1,1615,16:15,157.497,165.4336842105263,7.936684210526295
no08,533967_00976_12969_1,1630,16:30,468.904,463.6178947368421,-5.286105263157879
no08,533967_00976_12969_1,1645,16:45,567.9225,561.2005263157895,-6.721973684210525
no08,533967_00976_12969_1,1700,17:00,534.086,558.3757894736842,24.28978947368421
no08,533967_00976_12969_1,1715,17:15,360.0905,354.96,-5.1305000000000405
no08,533967_00976_12969_1,1730,17:30,645.1655,633.13,-12.035499999999956
no08,533967_00976_12969_1,1745,17:45,677.708,670.0189473684211,-7.689052631578875
no08,533967_00976_12969_1,1800,18:00,585.731,611.6978947368422,25.966894736842164
no08,533967_00976_12969_1,1815,18:15,551.146,542.8157894736842,-8.330210526315796
no08,533967_00976_12969_1,1830,18:30,387.422,396.5394736842105,9.117473684210495
no08,533967_00976_12969_1,1845,18:45,731.6025,691.0615789473684,-40.540921052631575
no08,533967_00978_01607_0,630,06:30,0.0,0.0,0.0
no08,533967_00978_01607_0,645,06:45,0.0,0.0,0.0
no08,533967_00978_01607_0,700,07:00,0.0,0.0,0.0
no08,533967_00978_01607_0,715,07:15,0.0,0.0,0.0
no08,533967_00978_01607_0,730,07:30,0.0,0.0,0.0
no08,533967_00978_01607_0,745,07:45,0.0,0.0,0.0
no08,533967_00978_01607_0,800,08:00,0.0,0.0,0.0
no08,533967_00978_01607_0,815,08:15,0.0,0.0,0.0
no08,533967_00978_01607_0,830,08:30,0.0,0.0,0.0
no08,533967_00978_01607_0,845,08:45,0.0,0.0,0.0
no08,533967_00978_01607_0,900,09:00,0.0,0.0,0.0
no08,533967_00978_01607_0,915,09:15,0.0,0.0,0.0
no08,533967_00978_01607_0,930,09:30,0.0,0.0,0.0
no08,533967_00978_01607_0,945,09:45,0.0,0.0,0.0
no08,533967_00978_01607_0,1000,10:00,0.0,0.0,0.0
no08,533967_00978_01607_0,1015,10:15,0.0,0.0,0.0
no08,533967_00978_01607_0,1030,10:30,0.0,0.0,0.0
no08,533967_00978_01607_0,1045,10:45,0.0,0.0,0.0
no08,533967_00978_01607_0,1100,11:00,0.0,0.0,0.0
no08,533967_00978_01607_0,1115,11:15,0.0,0.0,0.0
no08,533967_00978_01607_0,1130,11:30,0.0,0.0,0.0
no08,533967_00978_01607_0,1145,11:45,0.0,0.0,0.0
no08,533967_00978_01607_0,1200,12:00,0.0,0.0,0.0
no08,533967_00978_01607_0,1215,12:15,0.0,0.0,0.0
no08,533967_00978_01607_0,1230,12:30,0.0,0.0,0.0
no08,533967_00978_01607_0,1245,12:45,0.0,0.0,0.0
no08,533967_00978_01607_0,1300,13:00,0.0,0.0,0.0
no08,533967_00978_01607_0,1315,13:15,0.0,0.0,0.0
no08,533967_00978_01607_0,1330,13:30,0.0,0.0,0.0
no08,533967_00978_01607_0,1345,13:45,0.0,0.0,0.0
no08,533967_00978_01607_0,1400,14:00,0.0,0.0,0.0
no08,533967_00978_01607_0,1415,14:15,0.0,0.0,0.0
no08,533967_00978_01607_0,1430,14:30,0.0,0.0,0.0
no08,533967_00978_01607_0,1445,14:45,0.0,0.0,0.0
no08,533967_00978_01607_0,1500,15:00,0.0,0.0,0.0
no08,533967_00978_01607_0,1515,15:15,0.0,0.0,0.0
no08,533967_00978_01607_0,1530,15:30,0.0,0.0,0.0
no08,533967_00978_01607_0,1545,15:45,0.0,0.0,0.0
no08,533967_00978_01607_0,1600,16:00,0.0,0.0,0.0
no08,533967_00978_01607_0,1615,16:15,0.0,0.0,0.0
no08,533967_00978_01607_0,1630,16:30,0.0,0.0,0.0
no08,533967_00978_01607_0,1645,16:45,0.0,0.0,0.0
no08,533967_00978_01607_0,1700,17:00,0.0,0.0,0.0
no08,533967_00978_01607_0,1715,17:15,0.0,0.0,0.0
no08,533967_00978_01607_0,1730,17:30,0.0,0.0,0.0
no08,533967_00978_01607_0,1745,17:45,0.0,0.0,0.0
no08,533967_00978_01607_0,1800,18:00,0.0,0.0,0.0
no08,533967_00978_01607_0,1815,18:15,0.0,0.0,0.0
no08,533967_00978_01607_0,1830,18:30,0.0,0.0,0.0
no08,533967_00978_01607_0,1845,18:45,0.0,0.0,0.0
no08,533967_00978_01607_1,630,06:30,0.0,0.0,0.0
no08,533967_00978_01607_1,645,06:45,0.0,0.0,0.0
no08,533967_00978_01607_1,700,07:00,0.0,0.0,0.0
no08,533967_00978_01607_1,715,07:15,0.0,0.0,0.0
no08,533967_00978_01607_1,730,07:30,0.0,0.0,0.0
no08,533967_00978_01607_1,745,07:45,0.0,0.0,0.0
no08,533967_00978_01607_1,800,08:00,0.0,0.0,0.0
no08,533967_00978_01607_1,815,08:15,0.0,0.0,0.0
no08,533967_00978_01607_1,830,08:30,0.0,0.0,0.0
no08,533967_00978_01607_1,845,08:45,0.0,0.0,0.0
no08,533967_00978_01607_1,900,09:00,0.0,0.0,0.0
no08,533967_00978_01607_1,915,09:15,0.0,0.0,0.0
no08,533967_00978_01607_1,930,09:30,0.0,0.0,0.0
no08,533967_00978_01607_1,945,09:45,0.0,0.0,0.0
no08,533967_00978_01607_1,1000,10:00,0.0,0.0,0.0
no08,533967_00978_01607_1,1015,10:15,0.0,0.0,0.0
no08,533967_00978_01607_1,1030,10:30,0.0,0.0,0.0
no08,533967_00978_01607_1,1045,10:45,0.0,0.0,0.0
no08,533967_00978_01607_1,1100,11:00,0.0,0.0,0.0
no08,533967_00978_01607_1,1115,11:15,0.0,0.0,0.0
no08,533967_00978_01607_1,1130,11:30,0.0,0.0,0.0
no08,533967_00978_01607_1,1145,11:45,0.0,0.0,0.0
no08,533967_00978_01607_1,1200,12:00,0.0,0.0,0.0
no08,533967_00978_01607_1,1215,12:15,0.0,0.0,0.0
no08,533967_00978_01607_1,1230,12:30,0.0,0.0,0.0
no08,533967_00978_01607_1,1245,12:45,0.0,0.0,0.0
no08,533967_00978_01607_1,1300,13:00,0.0,0.0,0.0
no08,533967_00978_01607_1,1315,13:15,0.0,0.0,0.0
no08,533967_00978_01607_1,1330,13:30,0.0,0.0,0.0
no08,533967_00978_01607_1,1345,13:45,0.0,0.0,0.0
no08,533967_00978_01607_1,1400,14:00,0.0,0.0,0.0
no08,533967_00978_01607_1,1415,14:15,0.0,0.0,0.0
no08,533967_00978_01607_1,1430,14:30,0.0,0.0,0.0
no08,533967_00978_01607_1,1445,14:45,0.0,0.0,0.0
no08,533967_00978_01607_1,1500,15:00,0.0,0.0,0.0
no08,533967_00978_01607_1,1515,15:15,0.0,0.0,0.0
no08,533967_00978_01607_1,1530,15:30,0.0,0.0,0.0
no08,533967_00978_01607_1,1545,15:45,0.0,0.0,0.0
no08,533967_00978_01607_1,1600,16:00,0.0,0.0,0.0
no08,533967_00978_01607_1,1615,16:15,0.0,0.0,0.0
no08,533967_00978_01607_1,1630,16:30,0.0,0.0,0.0
no08,533967_00978_01607_1,1645,16:45,0.0,0.0,0.0
no08,533967_00978_01607_1,1700,17:00,0.0,0.0,0.0
no08,533967_00978_01607_1,1715,17:15,0.0,0.0,0.0
no08,533967_00978_01607_1,1730,17:30,0.0,0.0,0.0
no08,533967_00978_01607_1,1745,17:45,0.0,0.0,0.0
no08,533967_00978_01607_1,1800,18:00,0.0,0.0,0.0
no08,533967_00978_01607_1,1815,18:15,0.0,0.0,0.0
no08,533967_00978_01607_1,1830,18:30,0.0,0.0,0.0
no08,533967_00978_01607_1,1845,18:45,0.0,0.0,0.0
no08,533967_00978_12969_0,630,06:30,868.4995000000001,861.8173684210527,-6.682131578947406
no08,533967_00978_12969_0,645,06:45,1089.631,1090.8547368421052,1.2237368421051542
no08,533967_00978_12969_0,700,07:00,984.992,990.54,5.548000000000002
no08,533967_00978_12969_0,715,07:15,1404.241,1417.0078947368422,12.766894736842232
no08,533967_00978_12969_0,730,07:30,1505.2235,1527.37,22.146499999999833
no08,533967_00978_12969_0,745,07:45,1503.9275,1451.923157894737,-52.00434210526305
no08,533967_00978_12969_0,800,08:00,1812.2490000000005,1843.4468421052632,31.19784210526268
no08,533967_00978_12969_0,815,08:15,1866.4405,1873.8321052631577,7.391605263157771
no08,533967_00978_12969_0,830,08:30,901.3525,897.3294736842106,-4.023026315789366
no08,533967_00978_12969_0,845,08:45,1128.8094999999998,1115.8052631578946,-13.004236842105229
no08,533967_00978_12969_0,900,09:00,1394.5225,1398.1926315789474,3.6701315789473483
no08,533967_00978_12969_0,915,09:15,579.3465,578.1868421052632,-1.1596578947368243
no08,533967_00978_12969_0,930,09:30,617.4435000000001,617.4263157894737,-0.017184210526352217
no08,533967_00978_12969_0,945,09:45,707.0020000000001,700.8042105263158,-6.1977894736842245
no08,533967_00978_12969_0,1000,10:00,433.45,444.1047368421053,10.654736842105308
no08,533967_00978_12969_0,1015,10:15,245.5505,237.37736842105264,-8.173131578947363
no08,533967_00978_12969_0,1030,10:30,271.306,278.83,7.524000000000001
no08,533967_00978_12969_0,1045,10:45,501.276,511.9431578947368,10.667157894736818
no08,533967_00978_12969_0,1100,11:00,402.164,390.9873684210526,-11.176631578947365
no08,533967_00978_12969_0,1115,11:15,201.5965,204.74263157894737,3.146131578947376
no08,533967_00978_12969_0,1130,11:30,173.28050000000002,169.93421052631578,-3.3462894736842372
no08,533967_00978_12969_0,1145,11:45,157.4925,164.25842105263158,6.765921052631569
no08,533967_00978_12969_0,1200,12:00,648.2284999999999,631.1468421052632,-17.081657894736736
no08,533967_00978_12969_0,1215,12:15,710.2149999999999,723.5073684210525,13.292368421052629
no08,533967_00978_12969_0,1230,12:30,260.1205,259.4294736842105,-0.691026315789486
no08,533967_00978_12969_0,1245,12:45,502.5615,520.2389473684211,17.6774473684211
no08,533967_00978_12969_0,1300,13:00,741.004,721.6931578947368,-19.31084210526319
no08,533967_00978_12969_0,1315,13:15,582.4155,582.5431578947369,0.12765789473689892
no08,533967_00978_12969_0,1330,13:30,523.0375,499.6768421052632,-23.360657894736846
no08,533967_00978_12969_0,1345,13:45,448.346,488.1621052631579,39.81610526315791
no08,533967_00978_12969_0,1400,14:00,477.1415,476.2978947368421,-0.8436052631578832
no08,533967_00978_12969_0,1415,14:15,409.93500000000006,386.9594736842105,-22.97552631578958
no08,533967_00978_12969_0,1430,14:30,763.6345,780.3305263157895,16.69602631578948
no08,533967_00978_12969_0,1445,14:45,725.042,718.7278947368421,-6.314105263157899
no08,533967_00978_12969_0,1500,15:00,338.95500000000004,349.2215789473684,10.266578947368373
no08,533967_00978_12969_0,1515,15:15,157.342,139.67842105263156,-17.66357894736845
no08,533967_00978_12969_0,1530,15:30,284.01750000000004,281.9452631578947,-2.072236842105326
no08,533967_00978_12969_0,1545,15:45,615.508,638.9894736842105,23.481473684210414
no08,533967_00978_12969_0,1600,16:00,310.3785,291.99894736842106,-18.379552631578917
no08,533967_00978_12969_0,1615,16:15,236.909,246.6357894736842,9.72678947368422
no08,533967_00978_12969_0,1630,16:30,601.1345,591.1105263157895,-10.023973684210546
no08,533967_00978_12969_0,1645,16:45,748.214,739.4726315789474,-8.741368421052698
no08,533967_00978_12969_0,1700,17:00,715.7655,747.3857894736842,31.620289473684238
no08,533967_00978_12969_0,1715,17:15,467.0915,460.7363157894737,-6.355184210526318
no08,533967_00978_12969_0,1730,17:30,864.537,848.8042105263158,-15.732789473684193
no08,533967_00978_12969_0,1745,17:45,898.107,890.7831578947369,-7.323842105263111
no08,533967_00978_12969_0,1800,18:00,783.4060000000001,815.9957894736842,32.589789473684164
no08,533967_00978_12969_0,1815,18:15,730.9455,720.4768421052631,-10.468657894736907
no08,533967_00978_12969_0,1830,18:30,511.0425,521.7905263157895,10.748026315789502
no08,533967_00978_12969_0,1845,18:45,966.5465,915.2394736842105,-51.307026315789585
no08,533967_00978_12969_1,630,06:30,295.523,295.28736842105263,-0.23563157894739106
no08,533967_00978_12969_1,645,06:45,278.488,278.3621052631579,-0.12589473684209906
no08,533967_00978_12969_1,700,07:00,339.153,339.57947368421054,0.4264736842105208
no08,533967_00978_12969_1,715,07:15,428.0815,425.8342105263158,-2.247289473684191
no08,533967_00978_12969_1,730,07:30,638.735,637.9242105263157,-0.8107894736842809
no08,533967_00978_12969_1,745,07:45,655.2135000000001,660.2378947368421,5.024394736842055
no08,533967_00978_12969_1,800,08:00,604.2555,600.5426315789473,-3.71286842105269
no08,533967_00978_12969_1,815,08:15,507.41399999999993,511.7957894736842,4.38178947368425
no08,533967_00978_12969_1,830,08:30,562.595,561.3763157894737,-1.2186842105263622
no08,533967_00978_12969_1,845,08:45,614.53,611.0805263157895,-3.4494736842104885
no08,533967_00978_12969_1,900,09:00,618.1625,624.0078947368421,5.845394736842081
no08,533967_00978_12969_1,915,09:15,585.926,585.2278947368421,-0.6981052631579132
no08,533967_00978_12969_1,930,09:30,378.761,373.0831578947368,-5.67784210526321
no08,533967_00978_12969_1,945,09:45,812.6474999999999,812.392105263158,-0.2553947368419358
no08,533967_00978_12969_1,1000,10:00,957.9445,965.5115789473684,7.567078947368486
no08,533967_00978_12969_1,1015,10:15,559.1415,552.3152631578947,-6.8262368421052315
no08,533967_00978_12969_1,1030,10:30,537.968,535.9131578947369,-2.0548421052631056
no08,533967_00978_12969_1,1045,10:45,762.414,762.5694736842105,0.15547368421050578
no08,533967_00978_12969_1,1100,11:00,791.687,791.9068421052631,0.21984210526306924
no08,533967_00978_12969_1,1115,11:15,896.2684999999999,901.4636842105264,5.195184210526463
no08,533967_00978_12969_1,1130,11:30,659.855,660.5457894736842,0.6907894736841627
no08,533967_00978_12969_1,1145,11:45,709.0264999999999,701.4310526315788,-7.595447368421105
no08,533967_00978_12969_1,1200,12:00,662.4875,660.3031578947368,-2.184342105263113
no08,533967_00978_12969_1,1215,12:15,786.604,788.1510526315789,1.547052631578822
no08,533967_00978_12969_1,1230,12:30,474.3755,472.08105263157887,-2.2944473684211175
no08,533967_00978_12969_1,1245,12:45,918.0525,920.47,2.417500000000018
no08,533967_00978_12969_1,1300,13:00,702.1485,707.9242105263157,5.77571052631572
no08,533967_00978_12969_1,1315,13:15,840.6395,838.5694736842105,-2.070026315789505
no08,533967_00978_12969_1,1330,13:30,922.3465,910.7642105263158,-11.582289473684227
no08,533967_00978_12969_1,1345,13:45,456.575,457.6563157894736,1.0813157894735923
no08,533967_00978_12969_1,1400,14:00,662.625,668.8257894736843,6.200789473684267
no08,533967_00978_12969_1,1415,14:15,921.892,915.6063157894736,-6.285684210526483
no08,533967_00978_12969_1,1430,14:30,499.555,504.5915789473684,5.036578947368412
no08,533967_00978_12969_1,1445,14:45,683.967,679.99,-3.9769999999999754
no08,533967_00978_12969_1,1500,15:00,790.5315,792.6136842105263,2.082184210526293
no08,533967_00978_12969_1,1515,15:15,561.6189999999999,558.8573684210526,-2.7616315789473447
no08,533967_00978_12969_1,1530,15:30,779.7574999999999,783.4652631578947,3.7077631578947603
no08,533967_00978_12969_1,1545,15:45,568.111,569.7768421052632,1.6658421052632093
no08,533967_00978_12969_1,1600,16:00,853.3915000000001,850.1305263157894,-3.260973684210626
no08,533967_00978_12969_1,1615,16:15,839.3205,833.2952631578947,-6.025236842105301
no08,533967_00978_12969_1,1630,16:30,558.2529999999999,561.7878947368421,3.5348947368421477
no08,533967_00978_12969_1,1645,16:45,847.6809999999999,849.8684210526316,2.1874210526316347
no08,533967_00978_12969_1,1700,17:00,669.7625,663.6115789473683,-6.150921052631702
no08,533967_00978_12969_1,1715,17:15,697.7475000000001,706.3331578947368,8.585657894736755
no08,533967_00978_12969_1,1730,17:30,894.6274999999999,887.6868421052632,-6.940657894736773
no08,533967_00978_12969_1,1745,17:45,722.3615,724.6326315789474,2.271131578947461
no08,533967_00978_12969_1,1800,18:00,863.1815,865.4215789473683,2.2400789473682607
no08,533967_00978_12969_1,1815,18:15,627.1575,621.21,-5.947499999999991
no08,533967_00978_12969_1,1830,18:30,953.735,957.6715789473684,3.936578947368389
no08,533967_00978_12969_1,1845,18:45,742.824,749.431052631579,6.607052631578995
no08,533967_00978_87768_0,630,06:30,0.0,0.0,0.0
no08,533967_00978_87768_0,645,06:45,0.0,0.0,0.0
no08,533967_00978_87768_0,700,07:00,0.0,0.0,0.0
no08,533967_00978_87768_0,715,07:15,0.0,0.0,0.0
no08,533967_00978_87768_0,730,07:30,0.0,0.0,0.0
no08,533967_00978_87768_0,745,07:45,0.0,0.0,0.0
no08,533967_00978_87768_0,800,08:00,0.0,0.0,0.0
no08,533967_00978_87768_0,815,08:15,0.0,0.0,0.0
no08,533967_00978_87768_0,830,08:30,0.0,0.0,0.0
no08,533967_00978_87768_0,845,08:45,0.0,0.0,0.0
no08,533967_00978_87768_0,900,09:00,0.0,0.0,0.0
no08,533967_00978_87768_0,915,09:15,0.0,0.0,0.0
no08,533967_00978_87768_0,930,09:30,0.0,0.0,0.0
no08,533967_00978_87768_0,945,09:45,0.0,0.0,0.0
no08,533967_00978_87768_0,1000,10:00,0.0,0.0,0.0
no08,533967_00978_87768_0,1015,10:15,0.0,0.0,0.0
no08,533967_00978_87768_0,1030,10:30,0.0,0.0,0.0
no08,533967_00978_87768_0,1045,10:45,0.0,0.0,0.0
no08,533967_00978_87768_0,1100,11:00,0.0,0.0,0.0
no08,533967_00978_87768_0,1115,11:15,0.0,0.0,0.0
no08,533967_00978_87768_0,1130,11:30,0.0,0.0,0.0
no08,533967_00978_87768_0,1145,11:45,0.0,0.0,0.0
no08,533967_00978_87768_0,1200,12:00,0.0,0.0,0.0
no08,533967_00978_87768_0,1215,12:15,0.0,0.0,0.0
no08,533967_00978_87768_0,1230,12:30,0.0,0.0,0.0
no08,533967_00978_87768_0,1245,12:45,0.0,0.0,0.0
no08,533967_00978_87768_0,1300,13:00,0.0,0.0,0.0
no08,533967_00978_87768_0,1315,13:15,0.0,0.0,0.0
no08,533967_00978_87768_0,1330,13:30,0.0,0.0,0.0
no08,533967_00978_87768_0,1345,13:45,0.0,0.0,0.0
no08,533967_00978_87768_0,1400,14:00,0.0,0.0,0.0
no08,533967_00978_87768_0,1415,14:15,0.0,0.0,0.0
no08,533967_00978_87768_0,1430,14:30,0.0,0.0,0.0
no08,533967_00978_87768_0,1445,14:45,0.0,0.0,0.0
no08,533967_00978_87768_0,1500,15:00,0.0,0.0,0.0
no08,533967_00978_87768_0,1515,15:15,0.0,0.0,0.0
no08,533967_00978_87768_0,1530,15:30,0.0,0.0,0.0
no08,533967_00978_87768_0,1545,15:45,0.0,0.0,0.0
no08,533967_00978_87768_0,1600,16:00,0.0,0.0,0.0
no08,533967_00978_87768_0,1615,16:15,0.0,0.0,0.0
no08,533967_00978_87768_0,1630,16:30,0.0,0.0,0.0
no08,533967_00978_87768_0,1645,16:45,0.0,0.0,0.0
no08,533967_00978_87768_0,1700,17:00,0.0,0.0,0.0
no08,533967_00978_87768_0,1715,17:15,0.0,0.0,0.0
no08,533967_00978_87768_0,1730,17:30,0.0,0.0,0.0
no08,533967_00978_87768_0,1745,17:45,0.0,0.0,0.0
no08,533967_00978_87768_0,1800,18:00,0.0,0.0,0.0
no08,533967_00978_87768_0,1815,18:15,0.0,0.0,0.0
no08,533967_00978_87768_0,1830,18:30,0.0,0.0,0.0
no08,533967_00978_87768_0,1845,18:45,0.0,0.0,0.0
no08,533967_00978_87768_1,630,06:30,0.0,0.0,0.0
no08,533967_00978_87768_1,645,06:45,0.0,0.0,0.0
no08,533967_00978_87768_1,700,07:00,0.0,0.0,0.0
no08,533967_00978_87768_1,715,07:15,0.0,0.0,0.0
no08,533967_00978_87768_1,730,07:30,0.0,0.0,0.0
no08,533967_00978_87768_1,745,07:45,0.0,0.0,0.0
no08,533967_00978_87768_1,800,08:00,0.0,0.0,0.0
no08,533967_00978_87768_1,815,08:15,0.0,0.0,0.0
no08,533967_00978_87768_1,830,08:30,0.0,0.0,0.0
no08,533967_00978_87768_1,845,08:45,0.0,0.0,0.0
no08,533967_00978_87768_1,900,09:00,0.0,0.0,0.0
no08,533967_00978_87768_1,915,09:15,0.0,0.0,0.0
no08,533967_00978_87768_1,930,09:30,0.0,0.0,0.0
no08,533967_00978_87768_1,945,09:45,0.0,0.0,0.0
no08,533967_00978_87768_1,1000,10:00,0.0,0.0,0.0
no08,533967_00978_87768_1,1015,10:15,0.0,0.0,0.0
no08,533967_00978_87768_1,1030,10:30,0.0,0.0,0.0
no08,533967_00978_87768_1,1045,10:45,0.0,0.0,0.0
no08,533967_00978_87768_1,1100,11:00,0.0,0.0,0.0
no08,533967_00978_87768_1,1115,11:15,0.0,0.0,0.0
no08,533967_00978_87768_1,1130,11:30,0.0,0.0,0.0
no08,533967_00978_87768_1,1145,11:45,0.0,0.0,0.0
no08,533967_00978_87768_1,1200,12:00,0.0,0.0,0.0
no08,533967_00978_87768_1,1215,12:15,0.0,0.0,0.0
no08,533967_00978_87768_1,1230,12:30,0.0,0.0,0.0
no08,533967_00978_87768_1,1245,12:45,0.0,0.0,0.0
no08,533967_00978_87768_1,1300,13:00,0.0,0.0,0.0
no08,533967_00978_87768_1,1315,13:15,0.0,0.0,0.0
no08,533967_00978_87768_1,1330,13:30,0.0,0.0,0.0
no08,533967_00978_87768_1,1345,13:45,0.0,0.0,0.0
no08,533967_00978_87768_1,1400,14:00,0.0,0.0,0.0
no08,533967_00978_87768_1,1415,14:15,0.0,0.0,0.0
no08,533967_00978_87768_1,1430,14:30,0.0,0.0,0.0
no08,533967_00978_87768_1,1445,14:45,0.0,0.0,0.0
no08,533967_00978_87768_1,1500,15:00,0.0,0.0,0.0
no08,533967_00978_87768_1,1515,15:15,0.0,0.0,0.0
no08,533967_00978_87768_1,1530,15:30,0.0,0.0,0.0
no08,533967_00978_87768_1,1545,15:45,0.0,0.0,0.0
no08,533967_00978_87768_1,1600,16:00,0.0,0.0,0.0
no08,533967_00978_87768_1,1615,16:15,0.0,0.0,0.0
no08,533967_00978_87768_1,1630,16:30,0.0,0.0,0.0
no08,533967_00978_87768_1,1645,16:45,0.0,0.0,0.0
no08,533967_00978_87768_1,1700,17:00,0.0,0.0,0.0
no08,533967_00978_87768_1,1715,17:15,0.0,0.0,0.0
no08,533967_00978_87768_1,1730,17:30,0.0,0.0,0.0
no08,533967_00978_87768_1,1745,17:45,0.0,0.0,0.0
no08,533967_00978_87768_1,1800,18:00,0.0,0.0,0.0
no08,533967_00978_87768_1,1815,18:15,0.0,0.0,0.0
no08,533967_00978_87768_1,1830,18:30,0.0,0.0,0.0
no08,533967_00978_87768_1,1845,18:45,0.0,0.0,0.0
no08,533967_01268_13716_0,630,06:30,0.0,0.0,0.0
no08,533967_01268_13716_0,645,06:45,0.0,0.0,0.0
no08,533967_01268_13716_0,700,07:00,0.0,0.0,0.0
no08,533967_01268_13716_0,715,07:15,0.0,0.0,0.0
no08,533967_01268_13716_0,730,07:30,0.0,0.0,0.0
no08,533967_01268_13716_0,745,07:45,0.0,0.0,0.0
no08,533967_01268_13716_0,800,08:00,0.0,0.0,0.0
no08,533967_01268_13716_0,815,08:15,0.0,0.0,0.0
no08,533967_01268_13716_0,830,08:30,0.0,0.0,0.0
no08,533967_01268_13716_0,845,08:45,0.0,0.0,0.0
no08,533967_01268_13716_0,900,09:00,0.0,0.0,0.0
no08,533967_01268_13716_0,915,09:15,0.0,0.0,0.0
no08,533967_01268_13716_0,930,09:30,0.0,0.0,0.0
no08,533967_01268_13716_0,945,09:45,0.0,0.0,0.0
no08,533967_01268_13716_0,1000,10:00,0.0,0.0,0.0
no08,533967_01268_13716_0,1015,10:15,0.0,0.0,0.0
no08,533967_01268_13716_0,1030,10:30,0.0,0.0,0.0
no08,533967_01268_13716_0,1045,10:45,0.0,0.0,0.0
no08,533967_01268_13716_0,1100,11:00,0.0,0.0,0.0
no08,533967_01268_13716_0,1115,11:15,0.0,0.0,0.0
no08,533967_01268_13716_0,1130,11:30,0.0,0.0,0.0
no08,533967_01268_13716_0,1145,11:45,0.0,0.0,0.0
no08,533967_01268_13716_0,1200,12:00,0.0,0.0,0.0
no08,533967_01268_13716_0,1215,12:15,0.0,0.0,0.0
no08,533967_01268_13716_0,1230,12:30,0.0,0.0,0.0
no08,533967_01268_13716_0,1245,12:45,0.0,0.0,0.0
no08,533967_01268_13716_0,1300,13:00,0.0,0.0,0.0
no08,533967_01268_13716_0,1315,13:15,0.0,0.0,0.0
no08,533967_01268_13716_0,1330,13:30,0.0,0.0,0.0
no08,533967_01268_13716_0,1345,13:45,0.0,0.0,0.0
no08,533967_01268_13716_0,1400,14:00,0.0,0.0,0.0
no08,533967_01268_13716_0,1415,14:15,0.0,0.0,0.0
no08,533967_01268_13716_0,1430,14:30,0.0,0.0,0.0
no08,533967_01268_13716_0,1445,14:45,0.0,0.0,0.0
no08,533967_01268_13716_0,1500,15:00,0.0,0.0,0.0
no08,533967_01268_13716_0,1515,15:15,0.0,0.0,0.0
no08,533967_01268_13716_0,1530,15:30,0.0,0.0,0.0
no08,533967_01268_13716_0,1545,15:45,0.0,0.0,0.0
no08,533967_01268_13716_0,1600,16:00,0.0,0.0,0.0
no08,533967_01268_13716_0,1615,16:15,0.0,0.0,0.0
no08,533967_01268_13716_0,1630,16:30,0.0,0.0,0.0
no08,533967_01268_13716_0,1645,16:45,0.0,0.0,0.0
no08,533967_01268_13716_0,1700,17:00,0.0,0.0,0.0
no08,533967_01268_13716_0,1715,17:15,0.0,0.0,0.0
no08,533967_01268_13716_0,1730,17:30,0.0,0.0,0.0
no08,533967_01268_13716_0,1745,17:45,0.0,0.0,0.0
no08,533967_01268_13716_0,1800,18:00,0.0,0.0,0.0
no08,533967_01268_13716_0,1815,18:15,0.0,0.0,0.0
no08,533967_01268_13716_0,1830,18:30,0.0,0.0,0.0
no08,533967_01268_13716_0,1845,18:45,0.0,0.0,0.0
no08,533967_01268_13716_1,630,06:30,0.0,0.0,0.0
no08,533967_01268_13716_1,645,06:45,0.0,0.0,0.0
no08,533967_01268_13716_1,700,07:00,0.0,0.0,0.0
no08,533967_01268_13716_1,715,07:15,0.0,0.0,0.0
no08,533967_01268_13716_1,730,07:30,0.0,0.0,0.0
no08,533967_01268_13716_1,745,07:45,0.0,0.0,0.0
no08,533967_01268_13716_1,800,08:00,0.0,0.0,0.0
no08,533967_01268_13716_1,815,08:15,0.0,0.0,0.0
no08,533967_01268_13716_1,830,08:30,0.0,0.0,0.0
no08,533967_01268_13716_1,845,08:45,0.0,0.0,0.0
no08,533967_01268_13716_1,900,09:00,0.0,0.0,0.0
no08,533967_01268_13716_1,915,09:15,0.0,0.0,0.0
no08,533967_01268_13716_1,930,09:30,0.0,0.0,0.0
no08,533967_01268_13716_1,945,09:45,0.0,0.0,0.0
no08,533967_01268_13716_1,1000,10:00,0.0,0.0,0.0
no08,533967_01268_13716_1,1015,10:15,0.0,0.0,0.0
no08,533967_01268_13716_1,1030,10:30,0.0,0.0,0.0
no08,533967_01268_13716_1,1045,10:45,0.0,0.0,0.0
no08,533967_01268_13716_1,1100,11:00,0.0,0.0,0.0
no08,533967_01268_13716_1,1115,11:15,0.0,0.0,0.0
no08,533967_01268_13716_1,1130,11:30,0.0,0.0,0.0
no08,533967_01268_13716_1,1145,11:45,0.0,0.0,0.0
no08,533967_01268_13716_1,1200,12:00,0.0,0.0,0.0
no08,533967_01268_13716_1,1215,12:15,0.0,0.0,0.0
no08,533967_01268_13716_1,1230,12:30,0.0,0.0,0.0
no08,533967_01268_13716_1,1245,12:45,0.0,0.0,0.0
no08,533967_01268_13716_1,1300,13:00,0.0,0.0,0.0
no08,533967_01268_13716_1,1315,13:15,0.0,0.0,0.0
no08,533967_01268_13716_1,1330,13:30,0.0,0.0,0.0
no08,533967_01268_13716_1,1345,13:45,0.0,0.0,0.0
no08,533967_01268_13716_1,1400,14:00,0.0,0.0,0.0
no08,533967_01268_13716_1,1415,14:15,0.0,0.0,0.0
no08,533967_01268_13716_1,1430,14:30,0.0,0.0,0.0
no08,533967_01268_13716_1,1445,14:45,0.0,0.0,0.0
no08,533967_01268_13716_1,1500,15:00,0.0,0.0,0.0
no08,533967_01268_13716_1,1515,15:15,0.0,0.0,0.0
no08,533967_01268_13716_1,1530,15:30,0.0,0.0,0.0
no08,533967_01268_13716_1,1545,15:45,0.0,0.0,0.0
no08,533967_01268_13716_1,1600,16:00,0.0,0.0,0.0
no08,533967_01268_13716_1,1615,16:15,0.0,0.0,0.0
no08,533967_01268_13716_1,1630,16:30,0.0,0.0,0.0
no08,533967_01268_13716_1,1645,16:45,0.0,0.0,0.0
no08,533967_01268_13716_1,1700,17:00,705.95,464.7,-241.25000000000006
no08,533967_01268_13716_1,1715,17:15,0.0,0.0,0.0
no08,533967_01268_13716_1,1730,17:30,0.0,0.0,0.0
no08,533967_01268_13716_1,1745,17:45,0.0,0.0,0.0
no08,533967_01268_13716_1,1800,18:00,0.0,0.0,0.0
no08,533967_01268_13716_1,1815,18:15,0.0,0.0,0.0
no08,533967_01268_13716_1,1830,18:30,0.0,0.0,0.0
no08,533967_01268_13716_1,1845,18:45,0.0,0.0,0.0
no08,533967_01269_13715_0,630,06:30,239.8595,238.03105263157892,-1.828447368421081
no08,533967_01269_13715_0,645,06:45,314.0125,314.0736842105263,0.06118421052633494
no08,533967_01269_13715_0,700,07:00,92.5645,94.3221052631579,1.757605263157899
no08,533967_01269_13715_0,715,07:15,341.7645,338.9994736842105,-2.7650263157894983
no08,533967_01269_13715_0,730,07:30,396.145,398.28736842105263,2.1423684210526517
no08,533967_01269_13715_0,745,07:45,459.6985,462.7705263157894,3.072026315789401
no08,533967_01269_13715_0,800,08:00,555.1569999999999,552.6536842105263,-2.5033157894736178
no08,533967_01269_13715_0,815,08:15,244.047,246.9973684210526,2.950368421052616
no08,533967_01269_13715_0,830,08:30,665.9815000000001,662.0899999999999,-3.8915000000001783
no08,533967_01269_13715_0,845,08:45,362.922,360.74157894736845,-2.180421052631573
no08,533967_01269_13715_0,900,09:00,287.372,291.5821052631579,4.210105263157914
no08,533967_01269_13715_0,915,09:15,614.947,620.8210526315789,5.874052631578934
no08,533967_01269_13715_0,930,09:30,305.6495,299.79,-5.859499999999969
no08,533967_01269_13715_0,945,09:45,158.408,156.2526315789474,-2.1553684210526
no08,533967_01269_13715_0,1000,10:00,576.6514999999999,570.3284210526316,-6.323078947368344
no08,533967_01269_13715_0,1015,10:15,231.349,234.55052631578948,3.2015263157894935
no08,533967_01269_13715_0,1030,10:30,436.2335,432.75210526315794,-3.4813947368420486
no08,533967_01269_13715_0,1045,10:45,249.2255,256.49052631578945,7.2650263157894415
no08,533967_01269_13715_0,1100,11:00,358.748,345.3336842105263,-13.414315789473676
no08,533967_01269_13715_0,1115,11:15,367.448,382.9136842105263,15.46568421052632
no08,533967_01269_13715_0,1130,11:30,313.5195,313.61894736842106,0.0994473684210675
no08,533967_01269_13715_0,1145,11:45,421.221,414.24894736842106,-6.972052631578947
no08,533967_01269_13715_0,1200,12:00,384.3635,378.8873684210526,-5.476131578947388
no08,533967_01269_13715_0,1215,12:15,370.3065,366.6231578947368,-3.6833421052632502
no08,533967_01269_13715_0,1230,12:30,524.9995,531.6589473684211,6.65944736842107
no08,533967_01269_13715_0,1245,12:45,460.68,460.0142105263158,-0.6657894736841854
no08,533967_01269_13715_0,1300,13:00,421.30550000000005,428.0042105263158,6.698710526315722
no08,533967_01269_13715_0,1315,13:15,302.4395,302.5815789473684,0.14207894736841808
no08,533967_01269_13715_0,1330,13:30,385.1725,383.4678947368421,-1.70460526315793
no08,533967_01269_13715_0,1345,13:45,213.511,208.4894736842105,-5.021526315789487
no08,533967_01269_13715_0,1400,14:00,371.714,370.5005263157895,-1.2134736842104985
no08,533967_01269_13715_0,1415,14:15,223.04,229.13315789473685,6.093157894736862
no08,533967_01269_13715_0,1430,14:30,554.074,546.0515789473684,-8.022421052631557
no08,533967_01269_13715_0,1445,14:45,337.9305,339.0657894736842,1.1352894736842245
no08,533967_01269_13715_0,1500,15:00,289.617,298.5421052631579,8.925105263157889
no08,533967_01269_13715_0,1515,15:15,431.566,432.8031578947368,1.2371578947368107
no08,533967_01269_13715_0,1530,15:30,234.7395,231.4063157894737,-3.333184210526298
no08,533967_01269_13715_0,1545,15:45,338.5455,337.31894736842105,-1.2265526315789543
no08,533967_01269_13715_0,1600,16:00,335.7725,322.0178947368421,-13.754605263157885
no08,533967_01269_13715_0,1615,16:15,591.7845,597.8731578947369,6.088657894736912
no08,533967_01269_13715_0,1630,16:30,610.55,618.8736842105263,8.32368421052638
no08,533967_01269_13715_0,1645,16:45,211.669,209.6084210526316,-2.0605789473684126
no08,533967_01269_13715_0,1700,17:00,324.0815,333.66315789473686,9.58165789473685
no08,533967_01269_13715_0,1715,17:15,131.70350000000002,121.57368421052632,-10.129815789473696
no08,533967_01269_13715_0,1730,17:30,286.472,286.16052631578947,-0.3114736842105117
no08,533967_01269_13715_0,1745,17:45,472.018,466.0510526315789,-5.966947368421074
no08,533967_01269_13715_0,1800,18:00,542.278,532.1573684210526,-10.120631578947382
no08,533967_01269_13715_0,1815,18:15,421.0345,436.8731578947368,15.838657894736798
no08,533967_01269_13715_0,1830,18:30,275.8525,271.76894736842104,-4.083552631578982
no08,533967_01269_13715_0,1845,18:45,370.3095,371.97315789473686,1.6636578947368434
no08,533967_01405_01406_0,630,06:30,0.0,0.0,0.0
no08,533967_01405_01406_0,645,06:45,0.0,0.0,0.0
no08,533967_01405_01406_0,700,07:00,0.0,0.0,0.0
no08,533967_01405_01406_0,715,07:15,0.0,0.0,0.0
no08,533967_01405_01406_0,730,07:30,0.0,0.0,0.0
no08,533967_01405_01406_0,745,07:45,0.0,0.0,0.0
no08,533967_01405_01406_0,800,08:00,0.0,0.0,0.0
no08,533967_01405_01406_0,815,08:15,0.0,0.0,0.0
no08,533967_01405_01406_0,830,08:30,0.0,0.0,0.0
no08,533967_01405_01406_0,845,08:45,0.0,0.0,0.0
no08,533967_01405_01406_0,900,09:00,0.0,0.0,0.0
no08,533967_01405_01406_0,915,09:15,0.0,0.0,0.0
no08,533967_01405_01406_0,930,09:30,6.505,0.0,-6.505
no08,533967_01405_01406_0,945,09:45,0.0,0.0,0.0
no08,533967_01405_01406_0,1000,10:00,0.0,0.0,0.0
no08,533967_01405_01406_0,1015,10:15,0.0,0.0,0.0
no08,533967_01405_01406_0,1030,10:30,0.0,0.0,0.0
no08,533967_01405_01406_0,1045,10:45,0.0,0.0,0.0
no08,533967_01405_01406_0,1100,11:00,0.0,0.0,0.0
no08,533967_01405_01406_0,1115,11:15,0.0,0.0,0.0
no08,533967_01405_01406_0,1130,11:30,0.0,0.0,0.0
no08,533967_01405_01406_0,1145,11:45,0.0,0.0,0.0
no08,533967_01405_01406_0,1200,12:00,0.0,0.0,0.0
no08,533967_01405_01406_0,1215,12:15,0.0,0.0,0.0
no08,533967_01405_01406_0,1230,12:30,0.0,0.0,0.0
no08,533967_01405_01406_0,1245,12:45,0.0,0.0,0.0
no08,533967_01405_01406_0,1300,13:00,0.0,0.0,0.0
no08,533967_01405_01406_0,1315,13:15,0.0,0.0,0.0
no08,533967_01405_01406_0,1330,13:30,0.0,0.0,0.0
no08,533967_01405_01406_0,1345,13:45,0.0,0.0,0.0
no08,533967_01405_01406_0,1400,14:00,0.0,0.0,0.0
no08,533967_01405_01406_0,1415,14:15,0.0,0.0,0.0
no08,533967_01405_01406_0,1430,14:30,0.0,0.0,0.0
no08,533967_01405_01406_0,1445,14:45,0.0,0.0,0.0
no08,533967_01405_01406_0,1500,15:00,0.0,0.0,0.0
no08,533967_01405_01406_0,1515,15:15,0.0,0.0,0.0
no08,533967_01405_01406_0,1530,15:30,0.0,0.0,0.0
no08,533967_01405_01406_0,1545,15:45,0.0,0.0,0.0
no08,533967_01405_01406_0,1600,16:00,5.0,0.0,-5.0
no08,533967_01405_01406_0,1615,16:15,18.97,0.0,-18.97
no08,533967_01405_01406_0,1630,16:30,0.0,0.0,0.0
no08,533967_01405_01406_0,1645,16:45,0.0,0.0,0.0
no08,533967_01405_01406_0,1700,17:00,143.15,102.335,-40.81500000000001
no08,533967_01405_01406_0,1715,17:15,0.0,0.0,0.0
no08,533967_01405_01406_0,1730,17:30,0.0,0.0,0.0
no08,533967_01405_01406_0,1745,17:45,0.0,0.0,0.0
no08,533967_01405_01406_0,1800,18:00,0.0,0.0,0.0
no08,533967_01405_01406_0,1815,18:15,0.0,0.0,0.0
no08,533967_01405_01406_0,1830,18:30,13.150000000000002,0.0,-13.150000000000002
no08,533967_01405_01406_0,1845,18:45,0.0,0.0,0.0
no08,533967_01405_01406_1,630,06:30,0.0,0.0,0.0
no08,533967_01405_01406_1,645,06:45,0.0,0.0,0.0
no08,533967_01405_01406_1,700,07:00,0.0,0.0,0.0
no08,533967_01405_01406_1,715,07:15,0.0,0.0,0.0
no08,533967_01405_01406_1,730,07:30,0.0,0.0,0.0
no08,533967_01405_01406_1,745,07:45,0.0,0.0,0.0
no08,533967_01405_01406_1,800,08:00,0.0,0.0,0.0
no08,533967_01405_01406_1,815,08:15,0.0,0.0,0.0
no08,533967_01405_01406_1,830,08:30,0.0,0.0,0.0
no08,533967_01405_01406_1,845,08:45,0.0,0.0,0.0
no08,533967_01405_01406_1,900,09:00,0.0,0.0,0.0
no08,533967_01405_01406_1,915,09:15,0.0,0.0,0.0
no08,533967_01405_01406_1,930,09:30,0.0,0.0,0.0
no08,533967_01405_01406_1,945,09:45,0.0,0.0,0.0
no08,533967_01405_01406_1,1000,10:00,0.0,0.0,0.0
no08,533967_01405_01406_1,1015,10:15,0.0,0.0,0.0
no08,533967_01405_01406_1,1030,10:30,0.0,0.0,0.0
no08,533967_01405_01406_1,1045,10:45,0.0,0.0,0.0
no08,533967_01405_01406_1,1100,11:00,0.0,0.0,0.0
no08,533967_01405_01406_1,1115,11:15,0.0,0.0,0.0
no08,533967_01405_01406_1,1130,11:30,0.0,0.0,0.0
no08,533967_01405_01406_1,1145,11:45,0.0,0.0,0.0
no08,533967_01405_01406_1,1200,12:00,0.0,0.0,0.0
no08,533967_01405_01406_1,1215,12:15,0.0,0.0,0.0
no08,533967_01405_01406_1,1230,12:30,0.0,0.0,0.0
no08,533967_01405_01406_1,1245,12:45,0.0,0.0,0.0
no08,533967_01405_01406_1,1300,13:00,0.0,0.0,0.0
no08,533967_01405_01406_1,1315,13:15,0.0,0.0,0.0
no08,533967_01405_01406_1,1330,13:30,0.0,0.0,0.0
no08,533967_01405_01406_1,1345,13:45,0.0,0.0,0.0
no08,533967_01405_01406_1,1400,14:00,0.0,0.0,0.0
no08,533967_01405_01406_1,1415,14:15,0.0,0.0,0.0
no08,533967_01405_01406_1,1430,14:30,0.0,0.0,0.0
no08,533967_01405_01406_1,1445,14:45,0.0,0.0,0.0
no08,533967_01405_01406_1,1500,15:00,0.0,0.0,0.0
no08,533967_01405_01406_1,1515,15:15,0.0,0.0,0.0
no08,533967_01405_01406_1,1530,15:30,0.0,0.0,0.0
no08,533967_01405_01406_1,1545,15:45,0.0,0.0,0.0
no08,533967_01405_01406_1,1600,16:00,0.0,0.0,0.0
no08,533967_01405_01406_1,1615,16:15,0.0,0.0,0.0
no08,533967_01405_01406_1,1630,16:30,0.0,0.0,0.0
no08,533967_01405_01406_1,1645,16:45,0.0,0.0,0.0
no08,533967_01405_01406_1,1700,17:00,0.0,0.0,0.0
no08,533967_01405_01406_1,1715,17:15,0.0,0.0,0.0
no08,533967_01405_01406_1,1730,17:30,0.0,0.0,0.0
no08,533967_01405_01406_1,1745,17:45,0.0,0.0,0.0
no08,533967_01405_01406_1,1800,18:00,0.0,0.0,0.0
no08,533967_01405_01406_1,1815,18:15,0.0,0.0,0.0
no08,533967_01405_01406_1,1830,18:30,0.0,0.0,0.0
no08,533967_01405_01406_1,1845,18:45,0.0,0.0,0.0
no08,533967_01406_01408_0,630,06:30,0.0,0.0,0.0
no08,533967_01406_01408_0,645,06:45,0.0,0.0,0.0
no08,533967_01406_01408_0,700,07:00,0.0,0.0,0.0
no08,533967_01406_01408_0,715,07:15,0.0,0.0,0.0
no08,533967_01406_01408_0,730,07:30,0.0,0.0,0.0
no08,533967_01406_01408_0,745,07:45,0.0,0.0,0.0
no08,533967_01406_01408_0,800,08:00,0.0,0.0,0.0
no08,533967_01406_01408_0,815,08:15,0.0,0.0,0.0
no08,533967_01406_01408_0,830,08:30,0.0,0.0,0.0
no08,533967_01406_01408_0,845,08:45,0.0,0.0,0.0
no08,533967_01406_01408_0,900,09:00,0.0,0.0,0.0
no08,533967_01406_01408_0,915,09:15,0.0,0.0,0.0
no08,533967_01406_01408_0,930,09:30,0.0,0.0,0.0
no08,533967_01406_01408_0,945,09:45,0.0,0.0,0.0
no08,533967_01406_01408_0,1000,10:00,0.0,0.0,0.0
no08,533967_01406_01408_0,1015,10:15,0.0,0.0,0.0
no08,533967_01406_01408_0,1030,10:30,0.0,0.0,0.0
no08,533967_01406_01408_0,1045,10:45,0.0,0.0,0.0
no08,533967_01406_01408_0,1100,11:00,0.0,0.0,0.0
no08,533967_01406_01408_0,1115,11:15,0.0,0.0,0.0
no08,533967_01406_01408_0,1130,11:30,0.0,0.0,0.0
no08,533967_01406_01408_0,1145,11:45,0.0,0.0,0.0
no08,533967_01406_01408_0,1200,12:00,0.0,0.0,0.0
no08,533967_01406_01408_0,1215,12:15,0.0,0.0,0.0
no08,533967_01406_01408_0,1230,12:30,0.0,0.0,0.0
no08,533967_01406_01408_0,1245,12:45,0.0,0.0,0.0
no08,533967_01406_01408_0,1300,13:00,0.0,0.0,0.0
no08,533967_01406_01408_0,1315,13:15,0.0,0.0,0.0
no08,533967_01406_01408_0,1330,13:30,0.0,0.0,0.0
no08,533967_01406_01408_0,1345,13:45,0.0,0.0,0.0
no08,533967_01406_01408_0,1400,14:00,0.0,0.0,0.0
no08,533967_01406_01408_0,1415,14:15,0.0,0.0,0.0
no08,533967_01406_01408_0,1430,14:30,0.0,0.0,0.0
no08,533967_01406_01408_0,1445,14:45,0.0,0.0,0.0
no08,533967_01406_01408_0,1500,15:00,0.0,0.0,0.0
no08,533967_01406_01408_0,1515,15:15,0.0,0.0,0.0
no08,533967_01406_01408_0,1530,15:30,0.0,0.0,0.0
no08,533967_01406_01408_0,1545,15:45,0.0,0.0,0.0
no08,533967_01406_01408_0,1600,16:00,0.0,0.0,0.0
no08,533967_01406_01408_0,1615,16:15,0.0,0.0,0.0
no08,533967_01406_01408_0,1630,16:30,0.0,0.0,0.0
no08,533967_01406_01408_0,1645,16:45,0.0,0.0,0.0
no08,533967_01406_01408_0,1700,17:00,838.9499999999999,632.5166666666667,-206.43333333333328
no08,533967_01406_01408_0,1715,17:15,0.0,0.0,0.0
no08,533967_01406_01408_0,1730,17:30,0.0,0.0,0.0
no08,533967_01406_01408_0,1745,17:45,0.0,0.0,0.0
no08,533967_01406_01408_0,1800,18:00,0.0,0.0,0.0
no08,533967_01406_01408_0,1815,18:15,0.0,0.0,0.0
no08,533967_01406_01408_0,1830,18:30,0.0,0.0,0.0
no08,533967_01406_01408_0,1845,18:45,0.0,0.0,0.0
no08,533967_01406_01408_1,630,06:30,0.0,0.0,0.0
no08,533967_01406_01408_1,645,06:45,0.0,0.0,0.0
no08,533967_01406_01408_1,700,07:00,0.0,0.0,0.0
no08,533967_01406_01408_1,715,07:15,0.0,0.0,0.0
no08,533967_01406_01408_1,730,07:30,0.0,0.0,0.0
no08,533967_01406_01408_1,745,07:45,0.0,0.0,0.0
no08,533967_01406_01408_1,800,08:00,0.0,0.0,0.0
no08,533967_01406_01408_1,815,08:15,0.0,0.0,0.0
no08,533967_01406_01408_1,830,08:30,0.0,0.0,0.0
no08,533967_01406_01408_1,845,08:45,0.0,0.0,0.0
no08,533967_01406_01408_1,900,09:00,0.0,0.0,0.0
no08,533967_01406_01408_1,915,09:15,0.0,0.0,0.0
no08,533967_01406_01408_1,930,09:30,0.0,0.0,0.0
no08,533967_01406_01408_1,945,09:45,0.0,0.0,0.0
no08,533967_01406_01408_1,1000,10:00,0.0,0.0,0.0
no08,533967_01406_01408_1,1015,10:15,0.0,0.0,0.0
no08,533967_01406_01408_1,1030,10:30,0.0,0.0,0.0
no08,533967_01406_01408_1,1045,10:45,0.0,0.0,0.0
no08,533967_01406_01408_1,1100,11:00,0.0,0.0,0.0
no08,533967_01406_01408_1,1115,11:15,0.0,0.0,0.0
no08,533967_01406_01408_1,1130,11:30,0.0,0.0,0.0
no08,533967_01406_01408_1,1145,11:45,0.0,0.0,0.0
no08,533967_01406_01408_1,1200,12:00,0.0,0.0,0.0
no08,533967_01406_01408_1,1215,12:15,0.0,0.0,0.0
no08,533967_01406_01408_1,1230,12:30,0.0,0.0,0.0
no08,533967_01406_01408_1,1245,12:45,0.0,0.0,0.0
no08,533967_01406_01408_1,1300,13:00,0.0,0.0,0.0
no08,533967_01406_01408_1,1315,13:15,0.0,0.0,0.0
no08,533967_01406_01408_1,1330,13:30,0.0,0.0,0.0
no08,533967_01406_01408_1,1345,13:45,0.0,0.0,0.0
no08,533967_01406_01408_1,1400,14:00,0.0,0.0,0.0
no08,533967_01406_01408_1,1415,14:15,0.0,0.0,0.0
no08,533967_01406_01408_1,1430,14:30,0.0,0.0,0.0
no08,533967_01406_01408_1,1445,14:45,0.0,0.0,0.0
no08,533967_01406_01408_1,1500,15:00,0.0,0.0,0.0
no08,533967_01406_01408_1,1515,15:15,0.0,0.0,0.0
no08,533967_01406_01408_1,1530,15:30,0.0,0.0,0.0
no08,533967_01406_01408_1,1545,15:45,0.0,0.0,0.0
no08,533967_01406_01408_1,1600,16:00,0.0,0.0,0.0
no08,533967_01406_01408_1,1615,16:15,0.0,0.0,0.0
no08,533967_01406_01408_1,1630,16:30,0.0,0.0,0.0
no08,533967_01406_01408_1,1645,16:45,0.0,0.0,0.0
no08,533967_01406_01408_1,1700,17:00,0.0,0.0,0.0
no08,533967_01406_01408_1,1715,17:15,0.0,0.0,0.0
no08,533967_01406_01408_1,1730,17:30,0.0,0.0,0.0
no08,533967_01406_01408_1,1745,17:45,0.0,0.0,0.0
no08,533967_01406_01408_1,1800,18:00,0.0,0.0,0.0
no08,533967_01406_01408_1,1815,18:15,0.0,0.0,0.0
no08,533967_01406_01408_1,1830,18:30,0.0,0.0,0.0
no08,533967_01406_01408_1,1845,18:45,0.0,0.0,0.0
no08,533967_01406_01644_0,630,06:30,281.581,285.3594736842105,3.7784736842104962
no08,533967_01406_01644_0,645,06:45,367.216,365.5936842105263,-1.6223157894737028
no08,533967_01406_01644_0,700,07:00,395.1915,405.0757894736842,9.884289473684191
no08,533967_01406_01644_0,715,07:15,384.6375,377.6578947368421,-6.979605263157907
no08,533967_01406_01644_0,730,07:30,742.4010000000001,862.3989473684211,119.99794736842102
no08,533967_01406_01644_0,745,07:45,520.9385,524.5405263157895,3.6020263157895442
no08,533967_01406_01644_0,800,08:00,617.913,639.3205263157895,21.407526315789482
no08,533967_01406_01644_0,815,08:15,717.0355,709.8736842105263,-7.161815789473621
no08,533967_01406_01644_0,830,08:30,499.171,513.2242105263158,14.053210526315809
no08,533967_01406_01644_0,845,08:45,616.4639999999999,604.1289473684211,-12.335052631578833
no08,533967_01406_01644_0,900,09:00,632.9635000000001,638.641052631579,5.677552631578919
no08,533967_01406_01644_0,915,09:15,536.5440000000001,538.9278947368422,2.3838947368420804
no08,533967_01406_01644_0,930,09:30,628.6510000000001,658.9068421052631,30.255842105263014
no08,533967_01406_01644_0,945,09:45,588.9465,569.5831578947368,-19.3633421052632
no08,533967_01406_01644_0,1000,10:00,491.218,491.3521052631579,0.13410526315789184
no08,533967_01406_01644_0,1015,10:15,674.3734999999999,704.8647368421052,30.49123684210531
no08,533967_01406_01644_0,1030,10:30,693.8885,763.3657894736841,69.4772894736841
no08,533967_01406_01644_0,1045,10:45,550.3215,707.718947368421,157.397447368421
no08,533967_01406_01644_0,1100,11:00,500.9445,500.3663157894736,-0.5781842105263877
no08,533967_01406_01644_0,1115,11:15,369.1695,360.30947368421056,-8.860026315789469
no08,533967_01406_01644_0,1130,11:30,537.9100000000001,520.5063157894737,-17.40368421052642
no08,533967_01406_01644_0,1145,11:45,312.163,336.0842105263158,23.921210526315804
no08,533967_01406_01644_0,1200,12:00,558.993,560.6542105263158,1.661210526315699
no08,533967_01406_01644_0,1215,12:15,605.3205,567.3273684210526,-37.99313157894744
no08,533967_01406_01644_0,1230,12:30,488.497,529.8415789473684,41.34457894736835
no08,533967_01406_01644_0,1245,12:45,425.96,410.6747368421052,-15.285263157894803
no08,533967_01406_01644_0,1300,13:00,390.7885,397.9431578947368,7.154657894736829
no08,533967_01406_01644_0,1315,13:15,303.3945,299.0152631578947,-4.379236842105286
no08,533967_01406_01644_0,1330,13:30,384.641,377.1663157894737,-7.474684210526334
no08,533967_01406_01644_0,1345,13:45,281.2435,286.30947368421056,5.065973684210576
no08,533967_01406_01644_0,1400,14:00,476.163,458.9331578947368,-17.22984210526323
no08,533967_01406_01644_0,1415,14:15,451.6085,434.7768421052632,-16.831657894736793
no08,533967_01406_01644_0,1430,14:30,418.0495,433.4742105263158,15.424710526315778
no08,533967_01406_01644_0,1445,14:45,584.688,602.3694736842106,17.681473684210573
no08,533967_01406_01644_0,1500,15:00,415.994,431.99105263157895,15.997052631578924
no08,533967_01406_01644_0,1515,15:15,398.1505,374.3963157894737,-23.75418421052632
no08,533967_01406_01644_0,1530,15:30,421.4765,410.4368421052632,-11.039657894736763
no08,533967_01406_01644_0,1545,15:45,312.152,345.6084210526316,33.45642105263164
no08,533967_01406_01644_0,1600,16:00,610.8345,578.1015789473685,-32.73292105263158
no08,533967_01406_01644_0,1615,16:15,430.602,469.82842105263154,39.226421052631565
no08,533967_01406_01644_0,1630,16:30,413.8945,434.2852631578948,20.39076315789481
no08,533967_01406_01644_0,1645,16:45,566.675,524.8621052631579,-41.812894736842054
no08,533967_01406_01644_0,1700,17:00,507.104,496.92526315789473,-10.178736842105252
no08,533967_01406_01644_0,1715,17:15,739.384,862.6815789473685,123.29757894736849
no08,533967_01406_01644_0,1730,17:30,248.1425,272.53421052631575,24.391710526315734
no08,533967_01406_01644_0,1745,17:45,349.043,348.7605263157895,-0.28247368421051533
no08,533967_01406_01644_0,1800,18:00,626.135,605.3768421052631,-20.758157894736883
no08,533967_01406_01644_0,1815,18:15,683.2774999999999,698.728947368421,15.4514473684211
no08,533967_01406_01644_0,1830,18:30,360.1845,335.6636842105263,-24.520815789473716
no08,533967_01406_01644_0,1845,18:45,330.4405,336.34,5.899499999999989
no08,533967_01407_01408_0,630,06:30,0.0,0.0,0.0
no08,533967_01407_01408_0,645,06:45,0.0,0.0,0.0
no08,533967_01407_01408_0,700,07:00,0.0,0.0,0.0
no08,533967_01407_01408_0,715,07:15,0.0,0.0,0.0
no08,533967_01407_01408_0,730,07:30,0.0,0.0,0.0
no08,533967_01407_01408_0,745,07:45,0.0,0.0,0.0
no08,533967_01407_01408_0,800,08:00,0.0,0.0,0.0
no08,533967_01407_01408_0,815,08:15,0.0,0.0,0.0
no08,533967_01407_01408_0,830,08:30,0.0,0.0,0.0
no08,533967_01407_01408_0,845,08:45,0.0,0.0,0.0
no08,533967_01407_01408_0,900,09:00,0.0,0.0,0.0
no08,533967_01407_01408_0,915,09:15,0.0,0.0,0.0
no08,533967_01407_01408_0,930,09:30,0.0,0.0,0.0
no08,533967_01407_01408_0,945,09:45,0.0,0.0,0.0
no08,533967_01407_01408_0,1000,10:00,0.0,0.0,0.0
no08,533967_01407_01408_0,1015,10:15,0.0,0.0,0.0
no08,533967_01407_01408_0,1030,10:30,0.0,0.0,0.0
no08,533967_01407_01408_0,1045,10:45,0.0,0.0,0.0
no08,533967_01407_01408_0,1100,11:00,0.0,0.0,0.0
no08,533967_01407_01408_0,1115,11:15,0.0,0.0,0.0
no08,533967_01407_01408_0,1130,11:30,0.0,0.0,0.0
no08,533967_01407_01408_0,1145,11:45,0.0,0.0,0.0
no08,533967_01407_01408_0,1200,12:00,0.0,0.0,0.0
no08,533967_01407_01408_0,1215,12:15,0.0,0.0,0.0
no08,533967_01407_01408_0,1230,12:30,0.0,0.0,0.0
no08,533967_01407_01408_0,1245,12:45,0.0,0.0,0.0
no08,533967_01407_01408_0,1300,13:00,0.0,0.0,0.0
no08,533967_01407_01408_0,1315,13:15,0.0,0.0,0.0
no08,533967_01407_01408_0,1330,13:30,0.0,0.0,0.0
no08,533967_01407_01408_0,1345,13:45,0.0,0.0,0.0
no08,533967_01407_01408_0,1400,14:00,0.0,0.0,0.0
no08,533967_01407_01408_0,1415,14:15,0.0,0.0,0.0
no08,533967_01407_01408_0,1430,14:30,0.0,0.0,0.0
no08,533967_01407_01408_0,1445,14:45,0.0,0.0,0.0
no08,533967_01407_01408_0,1500,15:00,0.0,0.0,0.0
no08,533967_01407_01408_0,1515,15:15,0.0,0.0,0.0
no08,533967_01407_01408_0,1530,15:30,0.0,0.0,0.0
no08,533967_01407_01408_0,1545,15:45,0.0,0.0,0.0
no08,533967_01407_01408_0,1600,16:00,0.0,0.0,0.0
no08,533967_01407_01408_0,1615,16:15,0.0,0.0,0.0
no08,533967_01407_01408_0,1630,16:30,0.0,0.0,0.0
no08,533967_01407_01408_0,1645,16:45,0.0,0.0,0.0
no08,533967_01407_01408_0,1700,17:00,0.0,0.0,0.0
no08,533967_01407_01408_0,1715,17:15,0.0,0.0,0.0
no08,533967_01407_01408_0,1730,17:30,0.0,0.0,0.0
no08,533967_01407_01408_0,1745,17:45,0.0,0.0,0.0
no08,533967_01407_01408_0,1800,18:00,0.0,0.0,0.0
no08,533967_01407_01408_0,1815,18:15,0.0,0.0,0.0
no08,533967_01407_01408_0,1830,18:30,0.0,0.0,0.0
no08,533967_01407_01408_0,1845,18:45,0.0,0.0,0.0
no08,533967_01407_01408_1,630,06:30,0.0,0.0,0.0
no08,533967_01407_01408_1,645,06:45,0.0,0.0,0.0
no08,533967_01407_01408_1,700,07:00,0.0,0.0,0.0
no08,533967_01407_01408_1,715,07:15,0.0,0.0,0.0
no08,533967_01407_01408_1,730,07:30,0.0,0.0,0.0
no08,533967_01407_01408_1,745,07:45,0.0,0.0,0.0
no08,533967_01407_01408_1,800,08:00,0.0,0.0,0.0
no08,533967_01407_01408_1,815,08:15,0.0,0.0,0.0
no08,533967_01407_01408_1,830,08:30,0.0,0.0,0.0
no08,533967_01407_01408_1,845,08:45,0.0,0.0,0.0
no08,533967_01407_01408_1,900,09:00,0.0,0.0,0.0
no08,533967_01407_01408_1,915,09:15,0.0,0.0,0.0
no08,533967_01407_01408_1,930,09:30,0.0,0.0,0.0
no08,533967_01407_01408_1,945,09:45,0.0,0.0,0.0
no08,533967_01407_01408_1,1000,10:00,0.0,0.0,0.0
no08,533967_01407_01408_1,1015,10:15,0.0,0.0,0.0
no08,533967_01407_01408_1,1030,10:30,0.0,0.0,0.0
no08,533967_01407_01408_1,1045,10:45,0.0,0.0,0.0
no08,533967_01407_01408_1,1100,11:00,0.0,0.0,0.0
no08,533967_01407_01408_1,1115,11:15,0.0,0.0,0.0
no08,533967_01407_01408_1,1130,11:30,0.0,0.0,0.0
no08,533967_01407_01408_1,1145,11:45,0.0,0.0,0.0
no08,533967_01407_01408_1,1200,12:00,0.0,0.0,0.0
no08,533967_01407_01408_1,1215,12:15,0.0,0.0,0.0
no08,533967_01407_01408_1,1230,12:30,0.0,0.0,0.0
no08,533967_01407_01408_1,1245,12:45,0.0,0.0,0.0
no08,533967_01407_01408_1,1300,13:00,0.0,0.0,0.0
no08,533967_01407_01408_1,1315,13:15,0.0,0.0,0.0
no08,533967_01407_01408_1,1330,13:30,0.0,0.0,0.0
no08,533967_01407_01408_1,1345,13:45,0.0,0.0,0.0
no08,533967_01407_01408_1,1400,14:00,0.0,0.0,0.0
no08,533967_01407_01408_1,1415,14:15,0.0,0.0,0.0
no08,533967_01407_01408_1,1430,14:30,0.0,0.0,0.0
no08,533967_01407_01408_1,1445,14:45,0.0,0.0,0.0
no08,533967_01407_01408_1,1500,15:00,0.0,0.0,0.0
no08,533967_01407_01408_1,1515,15:15,0.0,0.0,0.0
no08,533967_01407_01408_1,1530,15:30,0.0,0.0,0.0
no08,533967_01407_01408_1,1545,15:45,0.0,0.0,0.0
no08,533967_01407_01408_1,1600,16:00,0.0,0.0,0.0
no08,533967_01407_01408_1,1615,16:15,0.0,0.0,0.0
no08,533967_01407_01408_1,1630,16:30,0.0,0.0,0.0
no08,533967_01407_01408_1,1645,16:45,0.0,0.0,0.0
no08,533967_01407_01408_1,1700,17:00,0.0,0.0,0.0
no08,533967_01407_01408_1,1715,17:15,0.0,0.0,0.0
no08,533967_01407_01408_1,1730,17:30,0.0,0.0,0.0
no08,533967_01407_01408_1,1745,17:45,0.0,0.0,0.0
no08,533967_01407_01408_1,1800,18:00,0.0,0.0,0.0
no08,533967_01407_01408_1,1815,18:15,0.0,0.0,0.0
no08,533967_01407_01408_1,1830,18:30,0.0,0.0,0.0
no08,533967_01407_01408_1,1845,18:45,0.0,0.0,0.0
no08,533967_01408_01644_0,630,06:30,0.0,0.0,0.0
no08,533967_01408_01644_0,645,06:45,0.0,0.0,0.0
no08,533967_01408_01644_0,700,07:00,0.0,0.0,0.0
no08,533967_01408_01644_0,715,07:15,0.0,0.0,0.0
no08,533967_01408_01644_0,730,07:30,0.0,0.0,0.0
no08,533967_01408_01644_0,745,07:45,0.0,0.0,0.0
no08,533967_01408_01644_0,800,08:00,0.0,0.0,0.0
no08,533967_01408_01644_0,815,08:15,0.0,0.0,0.0
no08,533967_01408_01644_0,830,08:30,0.0,0.0,0.0
no08,533967_01408_01644_0,845,08:45,0.0,0.0,0.0
no08,533967_01408_01644_0,900,09:00,0.0,0.0,0.0
no08,533967_01408_01644_0,915,09:15,0.0,0.0,0.0
no08,533967_01408_01644_0,930,09:30,0.0,0.0,0.0
no08,533967_01408_01644_0,945,09:45,0.0,0.0,0.0
no08,533967_01408_01644_0,1000,10:00,0.0,0.0,0.0
no08,533967_01408_01644_0,1015,10:15,0.0,0.0,0.0
no08,533967_01408_01644_0,1030,10:30,0.0,0.0,0.0
no08,533967_01408_01644_0,1045,10:45,0.0,0.0,0.0
no08,533967_01408_01644_0,1100,11:00,0.0,0.0,0.0
no08,533967_01408_01644_0,1115,11:15,0.0,0.0,0.0
no08,533967_01408_01644_0,1130,11:30,0.0,0.0,0.0
no08,533967_01408_01644_0,1145,11:45,0.0,0.0,0.0
no08,533967_01408_01644_0,1200,12:00,0.0,0.0,0.0
no08,533967_01408_01644_0,1215,12:15,0.0,0.0,0.0
no08,533967_01408_01644_0,1230,12:30,0.0,0.0,0.0
no08,533967_01408_01644_0,1245,12:45,0.0,0.0,0.0
no08,533967_01408_01644_0,1300,13:00,0.0,0.0,0.0
no08,533967_01408_01644_0,1315,13:15,0.0,0.0,0.0
no08,533967_01408_01644_0,1330,13:30,0.0,0.0,0.0
no08,533967_01408_01644_0,1345,13:45,0.0,0.0,0.0
no08,533967_01408_01644_0,1400,14:00,0.0,0.0,0.0
no08,533967_01408_01644_0,1415,14:15,0.0,0.0,0.0
no08,533967_01408_01644_0,1430,14:30,0.0,0.0,0.0
no08,533967_01408_01644_0,1445,14:45,0.0,0.0,0.0
no08,533967_01408_01644_0,1500,15:00,0.0,0.0,0.0
no08,533967_01408_01644_0,1515,15:15,0.0,0.0,0.0
no08,533967_01408_01644_0,1530,15:30,0.0,0.0,0.0
no08,533967_01408_01644_0,1545,15:45,0.0,0.0,0.0
no08,533967_01408_01644_0,1600,16:00,0.0,0.0,0.0
no08,533967_01408_01644_0,1615,16:15,0.0,0.0,0.0
no08,533967_01408_01644_0,1630,16:30,0.0,0.0,0.0
no08,533967_01408_01644_0,1645,16:45,0.0,0.0,0.0
no08,533967_01408_01644_0,1700,17:00,0.0,0.0,0.0
no08,533967_01408_01644_0,1715,17:15,0.0,0.0,0.0
no08,533967_01408_01644_0,1730,17:30,0.0,0.0,0.0
no08,533967_01408_01644_0,1745,17:45,0.0,0.0,0.0
no08,533967_01408_01644_0,1800,18:00,0.0,0.0,0.0
no08,533967_01408_01644_0,1815,18:15,0.0,0.0,0.0
no08,533967_01408_01644_0,1830,18:30,0.0,0.0,0.0
no08,533967_01408_01644_0,1845,18:45,0.0,0.0,0.0
no08,533967_01408_01644_1,630,06:30,0.0,0.0,0.0
no08,533967_01408_01644_1,645,06:45,0.0,0.0,0.0
no08,533967_01408_01644_1,700,07:00,0.0,0.0,0.0
no08,533967_01408_01644_1,715,07:15,0.0,0.0,0.0
no08,533967_01408_01644_1,730,07:30,0.0,0.0,0.0
no08,533967_01408_01644_1,745,07:45,0.0,0.0,0.0
no08,533967_01408_01644_1,800,08:00,0.0,0.0,0.0
no08,533967_01408_01644_1,815,08:15,0.0,0.0,0.0
no08,533967_01408_01644_1,830,08:30,0.0,0.0,0.0
no08,533967_01408_01644_1,845,08:45,0.0,0.0,0.0
no08,533967_01408_01644_1,900,09:00,0.0,0.0,0.0
no08,533967_01408_01644_1,915,09:15,0.0,0.0,0.0
no08,533967_01408_01644_1,930,09:30,0.0,0.0,0.0
no08,533967_01408_01644_1,945,09:45,0.0,0.0,0.0
no08,533967_01408_01644_1,1000,10:00,0.0,0.0,0.0
no08,533967_01408_01644_1,1015,10:15,0.0,0.0,0.0
no08,533967_01408_01644_1,1030,10:30,0.0,0.0,0.0
no08,533967_01408_01644_1,1045,10:45,0.0,0.0,0.0
no08,533967_01408_01644_1,1100,11:00,0.0,0.0,0.0
no08,533967_01408_01644_1,1115,11:15,0.0,0.0,0.0
no08,533967_01408_01644_1,1130,11:30,0.0,0.0,0.0
no08,533967_01408_01644_1,1145,11:45,0.0,0.0,0.0
no08,533967_01408_01644_1,1200,12:00,0.0,0.0,0.0
no08,533967_01408_01644_1,1215,12:15,0.0,0.0,0.0
no08,533967_01408_01644_1,1230,12:30,0.0,0.0,0.0
no08,533967_01408_01644_1,1245,12:45,0.0,0.0,0.0
no08,533967_01408_01644_1,1300,13:00,0.0,0.0,0.0
no08,533967_01408_01644_1,1315,13:15,0.0,0.0,0.0
no08,533967_01408_01644_1,1330,13:30,0.0,0.0,0.0
no08,533967_01408_01644_1,1345,13:45,0.0,0.0,0.0
no08,533967_01408_01644_1,1400,14:00,0.0,0.0,0.0
no08,533967_01408_01644_1,1415,14:15,0.0,0.0,0.0
no08,533967_01408_01644_1,1430,14:30,0.0,0.0,0.0
no08,533967_01408_01644_1,1445,14:45,0.0,0.0,0.0
no08,533967_01408_01644_1,1500,15:00,0.0,0.0,0.0
no08,533967_01408_01644_1,1515,15:15,0.0,0.0,0.0
no08,533967_01408_01644_1,1530,15:30,0.0,0.0,0.0
no08,533967_01408_01644_1,1545,15:45,0.0,0.0,0.0
no08,533967_01408_01644_1,1600,16:00,0.0,0.0,0.0
no08,533967_01408_01644_1,1615,16:15,0.0,0.0,0.0
no08,533967_01408_01644_1,1630,16:30,0.0,0.0,0.0
no08,533967_01408_01644_1,1645,16:45,0.0,0.0,0.0
no08,533967_01408_01644_1,1700,17:00,0.0,0.0,0.0
no08,533967_01408_01644_1,1715,17:15,0.0,0.0,0.0
no08,533967_01408_01644_1,1730,17:30,0.0,0.0,0.0
no08,533967_01408_01644_1,1745,17:45,0.0,0.0,0.0
no08,533967_01408_01644_1,1800,18:00,0.0,0.0,0.0
no08,533967_01408_01644_1,1815,18:15,0.0,0.0,0.0
no08,533967_01408_01644_1,1830,18:30,0.0,0.0,0.0
no08,533967_01408_01644_1,1845,18:45,0.0,0.0,0.0
no08,533967_01408_13716_0,630,06:30,0.0,0.0,0.0
no08,533967_01408_13716_0,645,06:45,0.0,0.0,0.0
no08,533967_01408_13716_0,700,07:00,0.0,0.0,0.0
no08,533967_01408_13716_0,715,07:15,0.0,0.0,0.0
no08,533967_01408_13716_0,730,07:30,0.0,0.0,0.0
no08,533967_01408_13716_0,745,07:45,0.0,0.0,0.0
no08,533967_01408_13716_0,800,08:00,0.0,0.0,0.0
no08,533967_01408_13716_0,815,08:15,0.0,0.0,0.0
no08,533967_01408_13716_0,830,08:30,0.0,0.0,0.0
no08,533967_01408_13716_0,845,08:45,0.0,0.0,0.0
no08,533967_01408_13716_0,900,09:00,0.0,0.0,0.0
no08,533967_01408_13716_0,915,09:15,0.0,0.0,0.0
no08,533967_01408_13716_0,930,09:30,0.0,0.0,0.0
no08,533967_01408_13716_0,945,09:45,0.0,0.0,0.0
no08,533967_01408_13716_0,1000,10:00,0.0,0.0,0.0
no08,533967_01408_13716_0,1015,10:15,0.0,0.0,0.0
no08,533967_01408_13716_0,1030,10:30,0.0,0.0,0.0
no08,533967_01408_13716_0,1045,10:45,0.0,0.0,0.0
no08,533967_01408_13716_0,1100,11:00,0.0,0.0,0.0
no08,533967_01408_13716_0,1115,11:15,0.0,0.0,0.0
no08,533967_01408_13716_0,1130,11:30,0.0,0.0,0.0
no08,533967_01408_13716_0,1145,11:45,0.0,0.0,0.0
no08,533967_01408_13716_0,1200,12:00,0.0,0.0,0.0
no08,533967_01408_13716_0,1215,12:15,0.0,0.0,0.0
no08,533967_01408_13716_0,1230,12:30,0.0,0.0,0.0
no08,533967_01408_13716_0,1245,12:45,0.0,0.0,0.0
no08,533967_01408_13716_0,1300,13:00,0.0,0.0,0.0
no08,533967_01408_13716_0,1315,13:15,0.0,0.0,0.0
no08,533967_01408_13716_0,1330,13:30,0.0,0.0,0.0
no08,533967_01408_13716_0,1345,13:45,0.0,0.0,0.0
no08,533967_01408_13716_0,1400,14:00,0.0,0.0,0.0
no08,533967_01408_13716_0,1415,14:15,0.0,0.0,0.0
no08,533967_01408_13716_0,1430,14:30,0.0,0.0,0.0
no08,533967_01408_13716_0,1445,14:45,0.0,0.0,0.0
no08,533967_01408_13716_0,1500,15:00,0.0,0.0,0.0
no08,533967_01408_13716_0,1515,15:15,0.0,0.0,0.0
no08,533967_01408_13716_0,1530,15:30,0.0,0.0,0.0
no08,533967_01408_13716_0,1545,15:45,0.0,0.0,0.0
no08,533967_01408_13716_0,1600,16:00,0.0,0.0,0.0
no08,533967_01408_13716_0,1615,16:15,0.0,0.0,0.0
no08,533967_01408_13716_0,1630,16:30,0.0,0.0,0.0
no08,533967_01408_13716_0,1645,16:45,0.0,0.0,0.0
no08,533967_01408_13716_0,1700,17:00,656.9499999999999,496.865,-160.08499999999992
no08,533967_01408_13716_0,1715,17:15,0.0,0.0,0.0
no08,533967_01408_13716_0,1730,17:30,0.0,0.0,0.0
no08,533967_01408_13716_0,1745,17:45,0.0,0.0,0.0
no08,533967_01408_13716_0,1800,18:00,0.0,0.0,0.0
no08,533967_01408_13716_0,1815,18:15,0.0,0.0,0.0
no08,533967_01408_13716_0,1830,18:30,0.0,0.0,0.0
no08,533967_01408_13716_0,1845,18:45,0.0,0.0,0.0
no08,533967_01408_13716_1,630,06:30,0.0,0.0,0.0
no08,533967_01408_13716_1,645,06:45,0.0,0.0,0.0
no08,533967_01408_13716_1,700,07:00,0.0,0.0,0.0
no08,533967_01408_13716_1,715,07:15,0.0,0.0,0.0
no08,533967_01408_13716_1,730,07:30,0.0,0.0,0.0
no08,533967_01408_13716_1,745,07:45,0.0,0.0,0.0
no08,533967_01408_13716_1,800,08:00,0.0,0.0,0.0
no08,533967_01408_13716_1,815,08:15,0.0,0.0,0.0
no08,533967_01408_13716_1,830,08:30,0.0,0.0,0.0
no08,533967_01408_13716_1,845,08:45,0.0,0.0,0.0
no08,533967_01408_13716_1,900,09:00,0.0,0.0,0.0
no08,533967_01408_13716_1,915,09:15,0.0,0.0,0.0
no08,533967_01408_13716_1,930,09:30,0.0,0.0,0.0
no08,533967_01408_13716_1,945,09:45,0.0,0.0,0.0
no08,533967_01408_13716_1,1000,10:00,0.0,0.0,0.0
no08,533967_01408_13716_1,1015,10:15,0.0,0.0,0.0
no08,533967_01408_13716_1,1030,10:30,0.0,0.0,0.0
no08,533967_01408_13716_1,1045,10:45,0.0,0.0,0.0
no08,533967_01408_13716_1,1100,11:00,0.0,0.0,0.0
no08,533967_01408_13716_1,1115,11:15,0.0,0.0,0.0
no08,533967_01408_13716_1,1130,11:30,0.0,0.0,0.0
no08,533967_01408_13716_1,1145,11:45,0.0,0.0,0.0
no08,533967_01408_13716_1,1200,12:00,0.0,0.0,0.0
no08,533967_01408_13716_1,1215,12:15,0.0,0.0,0.0
no08,533967_01408_13716_1,1230,12:30,0.0,0.0,0.0
no08,533967_01408_13716_1,1245,12:45,0.0,0.0,0.0
no08,533967_01408_13716_1,1300,13:00,0.0,0.0,0.0
no08,533967_01408_13716_1,1315,13:15,0.0,0.0,0.0
no08,533967_01408_13716_1,1330,13:30,0.0,0.0,0.0
no08,533967_01408_13716_1,1345,13:45,0.0,0.0,0.0
no08,533967_01408_13716_1,1400,14:00,0.0,0.0,0.0
no08,533967_01408_13716_1,1415,14:15,0.0,0.0,0.0
no08,533967_01408_13716_1,1430,14:30,0.0,0.0,0.0
no08,533967_01408_13716_1,1445,14:45,0.0,0.0,0.0
no08,533967_01408_13716_1,1500,15:00,0.0,0.0,0.0
no08,533967_01408_13716_1,1515,15:15,0.0,0.0,0.0
no08,533967_01408_13716_1,1530,15:30,0.0,0.0,0.0
no08,533967_01408_13716_1,1545,15:45,0.0,0.0,0.0
no08,533967_01408_13716_1,1600,16:00,0.0,0.0,0.0
no08,533967_01408_13716_1,1615,16:15,0.0,0.0,0.0
no08,533967_01408_13716_1,1630,16:30,0.0,0.0,0.0
no08,533967_01408_13716_1,1645,16:45,0.0,0.0,0.0
no08,533967_01408_13716_1,1700,17:00,0.0,0.0,0.0
no08,533967_01408_13716_1,1715,17:15,0.0,0.0,0.0
no08,533967_01408_13716_1,1730,17:30,0.0,0.0,0.0
no08,533967_01408_13716_1,1745,17:45,0.0,0.0,0.0
no08,533967_01408_13716_1,1800,18:00,0.0,0.0,0.0
no08,533967_01408_13716_1,1815,18:15,0.0,0.0,0.0
no08,533967_01408_13716_1,1830,18:30,0.0,0.0,0.0
no08,533967_01408_13716_1,1845,18:45,0.0,0.0,0.0
no08,533967_01409_01410_1,630,06:30,60.0975,61.317894736842106,1.2203947368421098
no08,533967_01409_01410_1,645,06:45,106.655,112.3763157894737,5.721315789473692
no08,533967_01409_01410_1,700,07:00,92.5525,87.99947368421053,-4.553026315789467
no08,533967_01409_01410_1,715,07:15,133.002,123.73526315789476,-9.266736842105246
no08,533967_01409_01410_1,730,07:30,199.601,198.61684210526315,-0.9841578947368532
no08,533967_01409_01410_1,745,07:45,159.472,152.46947368421053,-7.002526315789481
no08,533967_01409_01410_1,800,08:00,112.296,114.10789473684213,1.8118947368421203
no08,533967_01409_01410_1,815,08:15,73.047,78.37105263157895,5.324052631578951
no08,533967_01409_01410_1,830,08:30,142.24349999999998,136.34,-5.90349999999998
no08,533967_01409_01410_1,845,08:45,107.4205,105.84736842105262,-1.5731315789473825
no08,533967_01409_01410_1,900,09:00,80.103,81.11105263157896,1.0080526315789626
no08,533967_01409_01410_1,915,09:15,82.1045,80.63736842105264,-1.4671315789473596
no08,533967_01409_01410_1,930,09:30,70.9545,82.3221052631579,11.367605263157898
no08,533967_01409_01410_1,945,09:45,135.703,135.99263157894737,0.2896315789473647
no08,533967_01409_01410_1,1000,10:00,122.597,124.63473684210526,2.037736842105261
no08,533967_01409_01410_1,1015,10:15,35.751,34.421052631578945,-1.3299473684210525
no08,533967_01409_01410_1,1030,10:30,131.2615,137.6242105263158,6.362710526315794
no08,533967_01409_01410_1,1045,10:45,65.2,67.47105263157896,2.2710526315789537
no08,533967_01409_01410_1,1100,11:00,104.2705,95.26368421052632,-9.006815789473677
no08,533967_01409_01410_1,1115,11:15,151.491,158.70000000000002,7.209000000000003
no08,533967_01409_01410_1,1130,11:30,95.0045,92.68947368421053,-2.315026315789467
no08,533967_01409_01410_1,1145,11:45,141.401,148.1478947368421,6.74689473684208
no08,533967_01409_01410_1,1200,12:00,151.03900000000002,134.67684210526318,-16.36215789473684
no08,533967_01409_01410_1,1215,12:15,151.0025,153.13684210526316,2.1343421052631584
no08,533967_01409_01410_1,1230,12:30,131.72449999999998,145.11157894736843,13.387078947368451
no08,533967_01409_01410_1,1245,12:45,134.4505,128.1184210526316,-6.332078947368416
no08,533967_01409_01410_1,1300,13:00,109.465,112.16157894736844,2.6965789473684367
no08,533967_01409_01410_1,1315,13:15,128.2005,128.9442105263158,0.7437105263157946
no08,533967_01409_01410_1,1330,13:30,90.595,92.2757894736842,1.6807894736842002
no08,533967_01409_01410_1,1345,13:45,126.3065,121.59,-4.716499999999996
no08,533967_01409_01410_1,1400,14:00,149.7355,146.37526315789475,-3.3602368421052518
no08,533967_01409_01410_1,1415,14:15,120.4485,112.42947368421052,-8.019026315789475
no08,533967_01409_01410_1,1430,14:30,62.5515,64.26,1.708500000000008
no08,533967_01409_01410_1,1445,14:45,145.4945,138.8242105263158,-6.670289473684193
no08,533967_01409_01410_1,1500,15:00,166.3455,153.05263157894737,-13.292868421052617
no08,533967_01409_01410_1,1515,15:15,161.945,155.77631578947367,-6.168684210526322
no08,533967_01409_01410_1,1530,15:30,107.8445,102.69473684210529,-5.149763157894711
no08,533967_01409_01410_1,1545,15:45,170.8035,192.97473684210527,22.17123684210526
no08,533967_01409_01410_1,1600,16:00,329.491,323.34526315789475,-6.1457368421052365
no08,533967_01409_01410_1,1615,16:15,106.702,105.94947368421052,-0.7525263157894813
no08,533967_01409_01410_1,1630,16:30,143.615,141.01052631578946,-2.6044736842105465
no08,533967_01409_01410_1,1645,16:45,79.1505,78.42210526315789,-0.7283947368421053
no08,533967_01409_01410_1,1700,17:00,102.547,98.8578947368421,-3.6891052631578987
no08,533967_01409_01410_1,1715,17:15,170.3955,155.6521052631579,-14.743394736842106
no08,533967_01409_01410_1,1730,17:30,122.46099999999998,140.64473684210526,18.183736842105276
no08,533967_01409_01410_1,1745,17:45,155.0565,167.62947368421052,12.572973684210524
no08,533967_01409_01410_1,1800,18:00,141.466,137.95105263157896,-3.5149473684210477
no08,533967_01409_01410_1,1815,18:15,118.015,114.32157894736842,-3.693421052631578
no08,533967_01409_01410_1,1830,18:30,107.4025,104.63526315789473,-2.7672368421052767
no08,533967_01409_01410_1,1845,18:45,129.198,129.27052631578945,0.07252631578944602
no08,533967_01409_01417_0,630,06:30,0.0,0.0,0.0
no08,533967_01409_01417_0,645,06:45,0.0,0.0,0.0
no08,533967_01409_01417_0,700,07:00,0.0,0.0,0.0
no08,533967_01409_01417_0,715,07:15,0.0,0.0,0.0
no08,533967_01409_01417_0,730,07:30,0.0,0.0,0.0
no08,533967_01409_01417_0,745,07:45,0.0,0.0,0.0
no08,533967_01409_01417_0,800,08:00,0.0,0.0,0.0
no08,533967_01409_01417_0,815,08:15,0.0,0.0,0.0
no08,533967_01409_01417_0,830,08:30,0.0,0.0,0.0
no08,533967_01409_01417_0,845,08:45,0.0,0.0,0.0
no08,533967_01409_01417_0,900,09:00,0.0,0.0,0.0
no08,533967_01409_01417_0,915,09:15,0.0,0.0,0.0
no08,533967_01409_01417_0,930,09:30,0.0,0.0,0.0
no08,533967_01409_01417_0,945,09:45,0.0,0.0,0.0
no08,533967_01409_01417_0,1000,10:00,0.0,0.0,0.0
no08,533967_01409_01417_0,1015,10:15,0.0,0.0,0.0
no08,533967_01409_01417_0,1030,10:30,0.0,0.0,0.0
no08,533967_01409_01417_0,1045,10:45,0.0,0.0,0.0
no08,533967_01409_01417_0,1100,11:00,0.0,0.0,0.0
no08,533967_01409_01417_0,1115,11:15,0.0,0.0,0.0
no08,533967_01409_01417_0,1130,11:30,0.0,0.0,0.0
no08,533967_01409_01417_0,1145,11:45,0.0,0.0,0.0
no08,533967_01409_01417_0,1200,12:00,0.0,0.0,0.0
no08,533967_01409_01417_0,1215,12:15,0.0,0.0,0.0
no08,533967_01409_01417_0,1230,12:30,0.0,0.0,0.0
no08,533967_01409_01417_0,1245,12:45,0.0,0.0,0.0
no08,533967_01409_01417_0,1300,13:00,0.0,0.0,0.0
no08,533967_01409_01417_0,1315,13:15,0.0,0.0,0.0
no08,533967_01409_01417_0,1330,13:30,0.0,0.0,0.0
no08,533967_01409_01417_0,1345,13:45,0.0,0.0,0.0
no08,533967_01409_01417_0,1400,14:00,0.0,0.0,0.0
no08,533967_01409_01417_0,1415,14:15,0.0,0.0,0.0
no08,533967_01409_01417_0,1430,14:30,0.0,0.0,0.0
no08,533967_01409_01417_0,1445,14:45,0.0,0.0,0.0
no08,533967_01409_01417_0,1500,15:00,0.0,0.0,0.0
no08,533967_01409_01417_0,1515,15:15,0.0,0.0,0.0
no08,533967_01409_01417_0,1530,15:30,0.0,0.0,0.0
no08,533967_01409_01417_0,1545,15:45,0.0,0.0,0.0
no08,533967_01409_01417_0,1600,16:00,0.0,0.0,0.0
no08,533967_01409_01417_0,1615,16:15,0.0,0.0,0.0
no08,533967_01409_01417_0,1630,16:30,0.0,0.0,0.0
no08,533967_01409_01417_0,1645,16:45,0.0,0.0,0.0
no08,533967_01409_01417_0,1700,17:00,0.0,0.0,0.0
no08,533967_01409_01417_0,1715,17:15,0.0,0.0,0.0
no08,533967_01409_01417_0,1730,17:30,0.0,0.0,0.0
no08,533967_01409_01417_0,1745,17:45,0.0,0.0,0.0
no08,533967_01409_01417_0,1800,18:00,0.0,0.0,0.0
no08,533967_01409_01417_0,1815,18:15,0.0,0.0,0.0
no08,533967_01409_01417_0,1830,18:30,0.0,0.0,0.0
no08,533967_01409_01417_0,1845,18:45,0.0,0.0,0.0
no08,533967_01410_01417_1,630,06:30,222.66950000000003,220.5415789473684,-2.1279210526316206
no08,533967_01410_01417_1,645,06:45,413.2065,416.0163157894737,2.809815789473703
no08,533967_01410_01417_1,700,07:00,374.254,372.9968421052631,-1.2571578947369062
no08,533967_01410_01417_1,715,07:15,431.0675,411.7194736842105,-19.34802631578947
no08,533967_01410_01417_1,730,07:30,785.5385,798.5647368421053,13.026236842105277
no08,533967_01410_01417_1,745,07:45,506.96449999999993,511.36157894736834,4.3970789473684135
no08,533967_01410_01417_1,800,08:00,389.4415,382.24263157894734,-7.19886842105268
no08,533967_01410_01417_1,815,08:15,340.47349999999994,346.9484210526316,6.474921052631657
no08,533967_01410_01417_1,830,08:30,570.9755,570.4047368421053,-0.570763157894703
no08,533967_01410_01417_1,845,08:45,579.4945,580.0252631578948,0.5307631578947394
no08,533967_01410_01417_1,900,09:00,442.2775,443.668947368421,1.3914473684210407
no08,533967_01410_01417_1,915,09:15,457.2975,447.9515789473684,-9.345921052631638
no08,533967_01410_01417_1,930,09:30,380.197,379.2894736842105,-0.9075263157894824
no08,533967_01410_01417_1,945,09:45,723.1945,715.301052631579,-7.893447368420993
no08,533967_01410_01417_1,1000,10:00,973.026,947.402105263158,-25.623894736841976
no08,533967_01410_01417_1,1015,10:15,905.8845,894.9184210526316,-10.966078947368374
no08,533967_01410_01417_1,1030,10:30,544.263,585.7573684210525,41.49436842105251
no08,533967_01410_01417_1,1045,10:45,546.387,546.827894736842,0.4408947368420968
no08,533967_01410_01417_1,1100,11:00,552.3225,548.3005263157894,-4.021973684210593
no08,533967_01410_01417_1,1115,11:15,678.92,695.0868421052631,16.166842105263186
no08,533967_01410_01417_1,1130,11:30,314.9365,303.51421052631576,-11.422289473684259
no08,533967_01410_01417_1,1145,11:45,418.0595,412.93105263157895,-5.128447368421064
no08,533967_01410_01417_1,1200,12:00,445.945,461.8221052631578,15.87710526315783
no08,533967_01410_01417_1,1215,12:15,291.945,294.10473684210524,2.1597368421052465
no08,533967_01410_01417_1,1230,12:30,403.066,408.8452631578948,5.779263157894832
no08,533967_01410_01417_1,1245,12:45,299.756,304.7526315789474,4.996631578947415
no08,533967_01410_01417_1,1300,13:00,325.4775,309.94947368421055,-15.528026315789475
no08,533967_01410_01417_1,1315,13:15,384.4715,388.7463157894737,4.274815789473735
no08,533967_01410_01417_1,1330,13:30,149.752,157.0578947368421,7.3058947368420775
no08,533967_01410_01417_1,1345,13:45,387.908,362.1684210526316,-25.739578947368443
no08,533967_01410_01417_1,1400,14:00,351.9125,369.1952631578947,17.282763157894692
no08,533967_01410_01417_1,1415,14:15,263.6765,267.7542105263158,4.077710526315798
no08,533967_01410_01417_1,1430,14:30,231.1505,233.27,2.1195000000000164
no08,533967_01410_01417_1,1445,14:45,238.7625,228.63315789473685,-10.129342105263134
no08,533967_01410_01417_1,1500,15:00,501.865,502.1815789473685,0.3165789473684981
no08,533967_01410_01417_1,1515,15:15,588.0005,594.8636842105263,6.863184210526356
no08,533967_01410_01417_1,1530,15:30,165.4475,171.27263157894737,5.825131578947378
no08,533967_01410_01417_1,1545,15:45,289.9595,290.4821052631579,0.5226052631579137
no08,533967_01410_01417_1,1600,16:00,372.3215,343.2568421052632,-29.064657894736797
no08,533967_01410_01417_1,1615,16:15,521.297,539.808947368421,18.51194736842092
no08,533967_01410_01417_1,1630,16:30,369.9425,373.5931578947368,3.65065789473681
no08,533967_01410_01417_1,1645,16:45,277.4275,290.4578947368421,13.030394736842084
no08,533967_01410_01417_1,1700,17:00,237.5125,235.06315789473683,-2.449342105263156
no08,533967_01410_01417_1,1715,17:15,418.587,400.9694736842105,-17.617526315789462
no08,533967_01410_01417_1,1730,17:30,356.3895,359.8863157894737,3.4968157894737146
no08,533967_01410_01417_1,1745,17:45,387.002,396.83263157894737,9.830631578947362
no08,533967_01410_01417_1,1800,18:00,668.118,676.2236842105264,8.105684210526306
no08,533967_01410_01417_1,1815,18:15,252.065,236.41421052631577,-15.650789473684227
no08,533967_01410_01417_1,1830,18:30,530.7774999999999,506.87421052631584,-23.903289473684083
no08,533967_01410_01417_1,1845,18:45,427.354,448.29263157894735,20.938631578947366
no08,533967_01412_01413_0,630,06:30,0.0,0.0,0.0
no08,533967_01412_01413_0,645,06:45,0.0,0.0,0.0
no08,533967_01412_01413_0,700,07:00,0.0,0.0,0.0
no08,533967_01412_01413_0,715,07:15,0.0,0.0,0.0
no08,533967_01412_01413_0,730,07:30,0.0,0.0,0.0
no08,533967_01412_01413_0,745,07:45,0.0,0.0,0.0
no08,533967_01412_01413_0,800,08:00,0.0,0.0,0.0
no08,533967_01412_01413_0,815,08:15,0.0,0.0,0.0
no08,533967_01412_01413_0,830,08:30,0.0,0.0,0.0
no08,533967_01412_01413_0,845,08:45,0.0,0.0,0.0
no08,533967_01412_01413_0,900,09:00,0.0,0.0,0.0
no08,533967_01412_01413_0,915,09:15,0.0,0.0,0.0
no08,533967_01412_01413_0,930,09:30,0.0,0.0,0.0
no08,533967_01412_01413_0,945,09:45,0.0,0.0,0.0
no08,533967_01412_01413_0,1000,10:00,0.0,0.0,0.0
no08,533967_01412_01413_0,1015,10:15,0.0,0.0,0.0
no08,533967_01412_01413_0,1030,10:30,0.0,0.0,0.0
no08,533967_01412_01413_0,1045,10:45,0.0,0.0,0.0
no08,533967_01412_01413_0,1100,11:00,0.0,0.0,0.0
no08,533967_01412_01413_0,1115,11:15,0.0,0.0,0.0
no08,533967_01412_01413_0,1130,11:30,0.0,0.0,0.0
no08,533967_01412_01413_0,1145,11:45,0.0,0.0,0.0
no08,533967_01412_01413_0,1200,12:00,0.0,0.0,0.0
no08,533967_01412_01413_0,1215,12:15,0.0,0.0,0.0
no08,533967_01412_01413_0,1230,12:30,0.0,0.0,0.0
no08,533967_01412_01413_0,1245,12:45,0.0,0.0,0.0
no08,533967_01412_01413_0,1300,13:00,0.0,0.0,0.0
no08,533967_01412_01413_0,1315,13:15,0.0,0.0,0.0
no08,533967_01412_01413_0,1330,13:30,0.0,0.0,0.0
no08,533967_01412_01413_0,1345,13:45,0.0,0.0,0.0
no08,533967_01412_01413_0,1400,14:00,0.0,0.0,0.0
no08,533967_01412_01413_0,1415,14:15,0.0,0.0,0.0
no08,533967_01412_01413_0,1430,14:30,0.0,0.0,0.0
no08,533967_01412_01413_0,1445,14:45,0.0,0.0,0.0
no08,533967_01412_01413_0,1500,15:00,0.0,0.0,0.0
no08,533967_01412_01413_0,1515,15:15,0.0,0.0,0.0
no08,533967_01412_01413_0,1530,15:30,0.0,0.0,0.0
no08,533967_01412_01413_0,1545,15:45,0.0,0.0,0.0
no08,533967_01412_01413_0,1600,16:00,0.0,0.0,0.0
no08,533967_01412_01413_0,1615,16:15,0.0,0.0,0.0
no08,533967_01412_01413_0,1630,16:30,0.0,0.0,0.0
no08,533967_01412_01413_0,1645,16:45,0.0,0.0,0.0
no08,533967_01412_01413_0,1700,17:00,0.0,0.0,0.0
no08,533967_01412_01413_0,1715,17:15,0.0,0.0,0.0
no08,533967_01412_01413_0,1730,17:30,0.0,0.0,0.0
no08,533967_01412_01413_0,1745,17:45,0.0,0.0,0.0
no08,533967_01412_01413_0,1800,18:00,0.0,0.0,0.0
no08,533967_01412_01413_0,1815,18:15,0.0,0.0,0.0
no08,533967_01412_01413_0,1830,18:30,0.0,0.0,0.0
no08,533967_01412_01413_0,1845,18:45,0.0,0.0,0.0
no08,533967_01412_01414_1,630,06:30,220.9605,230.7947368421053,9.834236842105298
no08,533967_01412_01414_1,645,06:45,352.179,368.2184210526316,16.03942105263161
no08,533967_01412_01414_1,700,07:00,208.561,202.21894736842103,-6.34205263157898
no08,533967_01412_01414_1,715,07:15,206.053,204.49052631578948,-1.5624736842105165
no08,533967_01412_01414_1,730,07:30,163.44,160.76368421052632,-2.6763157894736764
no08,533967_01412_01414_1,745,07:45,130.25,123.57315789473684,-6.676842105263162
no08,533967_01412_01414_1,800,08:00,157.749,154.84,-2.908999999999992
no08,533967_01412_01414_1,815,08:15,135.0895,130.47368421052633,-4.615815789473658
no08,533967_01412_01414_1,830,08:30,126.4615,115.79,-10.671499999999995
no08,533967_01412_01414_1,845,08:45,66.6495,59.26263157894737,-7.3868684210526325
no08,533967_01412_01414_1,900,09:00,100.6535,100.15789473684212,-0.49560526315787
no08,533967_01412_01414_1,915,09:15,143.659,139.62473684210525,-4.034263157894742
no08,533967_01412_01414_1,930,09:30,131.80450000000002,121.83894736842106,-9.965552631578959
no08,533967_01412_01414_1,945,09:45,101.9985,88.26,-13.738500000000002
no08,533967_01412_01414_1,1000,10:00,67.998,77.89105263157894,9.89305263157894
no08,533967_01412_01414_1,1015,10:15,70.297,72.63,2.3329999999999984
no08,533967_01412_01414_1,1030,10:30,28.8,33.63157894736842,4.831578947368417
no08,533967_01412_01414_1,1045,10:45,81.549,83.89473684210526,2.3457368421052536
no08,533967_01412_01414_1,1100,11:00,81.1995,85.46842105263158,4.268921052631583
no08,533967_01412_01414_1,1115,11:15,105.3525,112.6357894736842,7.283289473684192
no08,533967_01412_01414_1,1130,11:30,151.911,136.43157894736842,-15.47942105263158
no08,533967_01412_01414_1,1145,11:45,39.201,40.84105263157895,1.6400526315789463
no08,533967_01412_01414_1,1200,12:00,58.998000000000005,56.94421052631579,-2.053789473684212
no08,533967_01412_01414_1,1215,12:15,61.7985,63.58,1.7815000000000012
no08,533967_01412_01414_1,1230,12:30,55.4,65.94473684210527,10.544736842105273
no08,533967_01412_01414_1,1245,12:45,62.699,65.57684210526315,2.8778421052631558
no08,533967_01412_01414_1,1300,13:00,45.45,38.36842105263158,-7.0815789473684205
no08,533967_01412_01414_1,1315,13:15,95.6495,96.9442105263158,1.2947105263157965
no08,533967_01412_01414_1,1330,13:30,90.598,96.06052631578947,5.462526315789475
no08,533967_01412_01414_1,1345,13:45,12.0,17.307692307692307,5.307692307692307
no08,533967_01412_01414_1,1400,14:00,102.044,94.52526315789474,-7.518736842105255
no08,533967_01412_01414_1,1415,14:15,40.95,45.0,4.049999999999997
no08,533967_01412_01414_1,1430,14:30,100.6005,100.67947368421054,0.07897368421053841
no08,533967_01412_01414_1,1445,14:45,64.05,75.47263157894737,11.422631578947374
no08,533967_01412_01414_1,1500,15:00,50.448,47.89368421052632,-2.5543157894736837
no08,533967_01412_01414_1,1515,15:15,118.449,115.8957894736842,-2.5532105263157945
no08,533967_01412_01414_1,1530,15:30,78.798,78.31631578947368,-0.4816842105263248
no08,533967_01412_01414_1,1545,15:45,94.9995,108.84684210526316,13.847342105263166
no08,533967_01412_01414_1,1600,16:00,82.499,82.47263157894737,-0.026368421052623603
no08,533967_01412_01414_1,1615,16:15,86.45,88.73526315789474,2.2852631578947324
no08,533967_01412_01414_1,1630,16:30,119.85,113.42,-6.429999999999993
no08,533967_01412_01414_1,1645,16:45,134.0575,139.41684210526316,5.359342105263153
no08,533967_01412_01414_1,1700,17:00,129.1515,131.74,2.5885000000000105
no08,533967_01412_01414_1,1715,17:15,82.848,76.31473684210526,-6.533263157894737
no08,533967_01412_01414_1,1730,17:30,98.356,96.95263157894736,-1.4033684210526332
no08,533967_01412_01414_1,1745,17:45,158.30599999999998,185.02052631578945,26.71452631578947
no08,533967_01412_01414_1,1800,18:00,70.69800000000001,64.47157894736843,-6.226421052631579
no08,533967_01412_01414_1,1815,18:15,88.8015,82.15368421052632,-6.6478157894736825
no08,533967_01412_01414_1,1830,18:30,153.8145,162.85157894736844,9.037078947368428
no08,533967_01412_01414_1,1845,18:45,115.6455,108.68,-6.965499999999992
no08,533967_01413_01414_0,630,06:30,0.0,0.0,0.0
no08,533967_01413_01414_0,645,06:45,0.0,0.0,0.0
no08,533967_01413_01414_0,700,07:00,0.0,0.0,0.0
no08,533967_01413_01414_0,715,07:15,0.0,0.0,0.0
no08,533967_01413_01414_0,730,07:30,0.0,0.0,0.0
no08,533967_01413_01414_0,745,07:45,0.0,0.0,0.0
no08,533967_01413_01414_0,800,08:00,0.0,0.0,0.0
no08,533967_01413_01414_0,815,08:15,0.0,0.0,0.0
no08,533967_01413_01414_0,830,08:30,0.0,0.0,0.0
no08,533967_01413_01414_0,845,08:45,0.0,0.0,0.0
no08,533967_01413_01414_0,900,09:00,0.0,0.0,0.0
no08,533967_01413_01414_0,915,09:15,0.0,0.0,0.0
no08,533967_01413_01414_0,930,09:30,0.0,0.0,0.0
no08,533967_01413_01414_0,945,09:45,0.0,0.0,0.0
no08,533967_01413_01414_0,1000,10:00,0.0,0.0,0.0
no08,533967_01413_01414_0,1015,10:15,0.0,0.0,0.0
no08,533967_01413_01414_0,1030,10:30,0.0,0.0,0.0
no08,533967_01413_01414_0,1045,10:45,0.0,0.0,0.0
no08,533967_01413_01414_0,1100,11:00,0.0,0.0,0.0
no08,533967_01413_01414_0,1115,11:15,0.0,0.0,0.0
no08,533967_01413_01414_0,1130,11:30,0.0,0.0,0.0
no08,533967_01413_01414_0,1145,11:45,0.0,0.0,0.0
no08,533967_01413_01414_0,1200,12:00,0.0,0.0,0.0
no08,533967_01413_01414_0,1215,12:15,0.0,0.0,0.0
no08,533967_01413_01414_0,1230,12:30,0.0,0.0,0.0
no08,533967_01413_01414_0,1245,12:45,0.0,0.0,0.0
no08,533967_01413_01414_0,1300,13:00,0.0,0.0,0.0
no08,533967_01413_01414_0,1315,13:15,0.0,0.0,0.0
no08,533967_01413_01414_0,1330,13:30,0.0,0.0,0.0
no08,533967_01413_01414_0,1345,13:45,0.0,0.0,0.0
no08,533967_01413_01414_0,1400,14:00,0.0,0.0,0.0
no08,533967_01413_01414_0,1415,14:15,0.0,0.0,0.0
no08,533967_01413_01414_0,1430,14:30,0.0,0.0,0.0
no08,533967_01413_01414_0,1445,14:45,0.0,0.0,0.0
no08,533967_01413_01414_0,1500,15:00,0.0,0.0,0.0
no08,533967_01413_01414_0,1515,15:15,0.0,0.0,0.0
no08,533967_01413_01414_0,1530,15:30,0.0,0.0,0.0
no08,533967_01413_01414_0,1545,15:45,0.0,0.0,0.0
no08,533967_01413_01414_0,1600,16:00,0.0,0.0,0.0
no08,533967_01413_01414_0,1615,16:15,0.0,0.0,0.0
no08,533967_01413_01414_0,1630,16:30,0.0,0.0,0.0
no08,533967_01413_01414_0,1645,16:45,0.0,0.0,0.0
no08,533967_01413_01414_0,1700,17:00,0.0,0.0,0.0
no08,533967_01413_01414_0,1715,17:15,0.0,0.0,0.0
no08,533967_01413_01414_0,1730,17:30,0.0,0.0,0.0
no08,533967_01413_01414_0,1745,17:45,0.0,0.0,0.0
no08,533967_01413_01414_0,1800,18:00,0.0,0.0,0.0
no08,533967_01413_01414_0,1815,18:15,0.0,0.0,0.0
no08,533967_01413_01414_0,1830,18:30,0.0,0.0,0.0
no08,533967_01413_01414_0,1845,18:45,0.0,0.0,0.0
no08,533967_01418_01419_0,630,06:30,0.0,0.0,0.0
no08,533967_01418_01419_0,645,06:45,0.0,0.0,0.0
no08,533967_01418_01419_0,700,07:00,0.0,0.0,0.0
no08,533967_01418_01419_0,715,07:15,0.0,0.0,0.0
no08,533967_01418_01419_0,730,07:30,0.0,0.0,0.0
no08,533967_01418_01419_0,745,07:45,0.0,0.0,0.0
no08,533967_01418_01419_0,800,08:00,0.0,0.0,0.0
no08,533967_01418_01419_0,815,08:15,0.0,0.0,0.0
no08,533967_01418_01419_0,830,08:30,0.0,0.0,0.0
no08,533967_01418_01419_0,845,08:45,0.0,0.0,0.0
no08,533967_01418_01419_0,900,09:00,0.0,0.0,0.0
no08,533967_01418_01419_0,915,09:15,0.0,0.0,0.0
no08,533967_01418_01419_0,930,09:30,0.0,0.0,0.0
no08,533967_01418_01419_0,945,09:45,0.0,0.0,0.0
no08,533967_01418_01419_0,1000,10:00,0.0,0.0,0.0
no08,533967_01418_01419_0,1015,10:15,0.0,0.0,0.0
no08,533967_01418_01419_0,1030,10:30,0.0,0.0,0.0
no08,533967_01418_01419_0,1045,10:45,0.0,0.0,0.0
no08,533967_01418_01419_0,1100,11:00,0.0,0.0,0.0
no08,533967_01418_01419_0,1115,11:15,0.0,0.0,0.0
no08,533967_01418_01419_0,1130,11:30,0.0,0.0,0.0
no08,533967_01418_01419_0,1145,11:45,0.0,0.0,0.0
no08,533967_01418_01419_0,1200,12:00,0.0,0.0,0.0
no08,533967_01418_01419_0,1215,12:15,0.0,0.0,0.0
no08,533967_01418_01419_0,1230,12:30,0.0,0.0,0.0
no08,533967_01418_01419_0,1245,12:45,0.0,0.0,0.0
no08,533967_01418_01419_0,1300,13:00,0.0,0.0,0.0
no08,533967_01418_01419_0,1315,13:15,0.0,0.0,0.0
no08,533967_01418_01419_0,1330,13:30,0.0,0.0,0.0
no08,533967_01418_01419_0,1345,13:45,0.0,0.0,0.0
no08,533967_01418_01419_0,1400,14:00,0.0,0.0,0.0
no08,533967_01418_01419_0,1415,14:15,0.0,0.0,0.0
no08,533967_01418_01419_0,1430,14:30,0.0,0.0,0.0
no08,533967_01418_01419_0,1445,14:45,0.0,0.0,0.0
no08,533967_01418_01419_0,1500,15:00,0.0,0.0,0.0
no08,533967_01418_01419_0,1515,15:15,0.0,0.0,0.0
no08,533967_01418_01419_0,1530,15:30,0.0,0.0,0.0
no08,533967_01418_01419_0,1545,15:45,0.0,0.0,0.0
no08,533967_01418_01419_0,1600,16:00,0.0,0.0,0.0
no08,533967_01418_01419_0,1615,16:15,0.0,0.0,0.0
no08,533967_01418_01419_0,1630,16:30,0.0,0.0,0.0
no08,533967_01418_01419_0,1645,16:45,0.0,0.0,0.0
no08,533967_01418_01419_0,1700,17:00,0.0,0.0,0.0
no08,533967_01418_01419_0,1715,17:15,0.0,0.0,0.0
no08,533967_01418_01419_0,1730,17:30,0.0,0.0,0.0
no08,533967_01418_01419_0,1745,17:45,0.0,0.0,0.0
no08,533967_01418_01419_0,1800,18:00,0.0,0.0,0.0
no08,533967_01418_01419_0,1815,18:15,0.0,0.0,0.0
no08,533967_01418_01419_0,1830,18:30,0.0,0.0,0.0
no08,533967_01418_01419_0,1845,18:45,0.0,0.0,0.0
no08,533967_01418_01419_1,630,06:30,0.0,0.0,0.0
no08,533967_01418_01419_1,645,06:45,0.0,0.0,0.0
no08,533967_01418_01419_1,700,07:00,0.0,0.0,0.0
no08,533967_01418_01419_1,715,07:15,0.0,0.0,0.0
no08,533967_01418_01419_1,730,07:30,0.0,0.0,0.0
no08,533967_01418_01419_1,745,07:45,0.0,0.0,0.0
no08,533967_01418_01419_1,800,08:00,0.0,0.0,0.0
no08,533967_01418_01419_1,815,08:15,0.0,0.0,0.0
no08,533967_01418_01419_1,830,08:30,0.0,0.0,0.0
no08,533967_01418_01419_1,845,08:45,0.0,0.0,0.0
no08,533967_01418_01419_1,900,09:00,0.0,0.0,0.0
no08,533967_01418_01419_1,915,09:15,0.0,0.0,0.0
no08,533967_01418_01419_1,930,09:30,0.0,0.0,0.0
no08,533967_01418_01419_1,945,09:45,0.0,0.0,0.0
no08,533967_01418_01419_1,1000,10:00,0.0,0.0,0.0
no08,533967_01418_01419_1,1015,10:15,0.0,0.0,0.0
no08,533967_01418_01419_1,1030,10:30,0.0,0.0,0.0
no08,533967_01418_01419_1,1045,10:45,0.0,0.0,0.0
no08,533967_01418_01419_1,1100,11:00,0.0,0.0,0.0
no08,533967_01418_01419_1,1115,11:15,0.0,0.0,0.0
no08,533967_01418_01419_1,1130,11:30,0.0,0.0,0.0
no08,533967_01418_01419_1,1145,11:45,0.0,0.0,0.0
no08,533967_01418_01419_1,1200,12:00,0.0,0.0,0.0
no08,533967_01418_01419_1,1215,12:15,0.0,0.0,0.0
no08,533967_01418_01419_1,1230,12:30,0.0,0.0,0.0
no08,533967_01418_01419_1,1245,12:45,0.0,0.0,0.0
no08,533967_01418_01419_1,1300,13:00,0.0,0.0,0.0
no08,533967_01418_01419_1,1315,13:15,0.0,0.0,0.0
no08,533967_01418_01419_1,1330,13:30,0.0,0.0,0.0
no08,533967_01418_01419_1,1345,13:45,0.0,0.0,0.0
no08,533967_01418_01419_1,1400,14:00,0.0,0.0,0.0
no08,533967_01418_01419_1,1415,14:15,0.0,0.0,0.0
no08,533967_01418_01419_1,1430,14:30,0.0,0.0,0.0
no08,533967_01418_01419_1,1445,14:45,0.0,0.0,0.0
no08,533967_01418_01419_1,1500,15:00,0.0,0.0,0.0
no08,533967_01418_01419_1,1515,15:15,0.0,0.0,0.0
no08,533967_01418_01419_1,1530,15:30,0.0,0.0,0.0
no08,533967_01418_01419_1,1545,15:45,0.0,0.0,0.0
no08,533967_01418_01419_1,1600,16:00,0.0,0.0,0.0
no08,533967_01418_01419_1,1615,16:15,0.0,0.0,0.0
no08,533967_01418_01419_1,1630,16:30,0.0,0.0,0.0
no08,533967_01418_01419_1,1645,16:45,0.0,0.0,0.0
no08,533967_01418_01419_1,1700,17:00,0.0,0.0,0.0
no08,533967_01418_01419_1,1715,17:15,0.0,0.0,0.0
no08,533967_01418_01419_1,1730,17:30,0.0,0.0,0.0
no08,533967_01418_01419_1,1745,17:45,0.0,0.0,0.0
no08,533967_01418_01419_1,1800,18:00,0.0,0.0,0.0
no08,533967_01418_01419_1,1815,18:15,0.0,0.0,0.0
no08,533967_01418_01419_1,1830,18:30,0.0,0.0,0.0
no08,533967_01418_01419_1,1845,18:45,0.0,0.0,0.0
no08,533967_01418_01420_1,630,06:30,397.6795,393.4157894736842,-4.263710526315833
no08,533967_01418_01420_1,645,06:45,744.14,749.7621052631579,5.622105263157891
no08,533967_01418_01420_1,700,07:00,713.6405,722.9036842105263,9.263184210526333
no08,533967_01418_01420_1,715,07:15,887.1034999999999,891.0531578947367,3.949657894736788
no08,533967_01418_01420_1,730,07:30,895.1025,869.68,-25.422500000000014
no08,533967_01418_01420_1,745,07:45,1091.6835,1101.0194736842104,9.33597368421033
no08,533967_01418_01420_1,800,08:00,1187.6765,1183.9626315789474,-3.7138684210526662
no08,533967_01418_01420_1,815,08:15,1164.1735,1168.1352631578948,3.9617631578946657
no08,533967_01418_01420_1,830,08:30,1025.502,999.6536842105262,-25.84831578947376
no08,533967_01418_01420_1,845,08:45,848.284,844.2505263157894,-4.0334736842105485
no08,533967_01418_01420_1,900,09:00,847.057,856.1657894736842,9.108789473684169
no08,533967_01418_01420_1,915,09:15,598.51,584.6542105263158,-13.85578947368424
no08,533967_01418_01420_1,930,09:30,837.4705,824.4936842105263,-12.976815789473676
no08,533967_01418_01420_1,945,09:45,684.492,677.3747368421053,-7.117263157894627
no08,533967_01418_01420_1,1000,10:00,858.3629999999999,891.782105263158,33.41910526315803
no08,533967_01418_01420_1,1015,10:15,764.1875,862.8468421052631,98.65934210526314
no08,533967_01418_01420_1,1030,10:30,882.3235000000001,742.6457894736842,-139.67771052631588
no08,533967_01418_01420_1,1045,10:45,847.4195,750.8378947368421,-96.58160526315783
no08,533967_01418_01420_1,1100,11:00,2506.0575,2560.864210526316,54.80671052631624
no08,533967_01418_01420_1,1115,11:15,2611.1705,2610.9215789473687,-0.24892105263143094
no08,533967_01418_01420_1,1130,11:30,2288.0505000000003,2245.882105263158,-42.1683947368424
no08,533967_01418_01420_1,1145,11:45,1612.3719999999998,1494.112105263158,-118.25989473684194
no08,533967_01418_01420_1,1200,12:00,1902.202,1868.613157894737,-33.588842105262984
no08,533967_01418_01420_1,1215,12:15,942.526,992.8463157894738,50.32031578947385
no08,533967_01418_01420_1,1230,12:30,1060.8395,939.7689473684212,-121.07055263157883
no08,533967_01418_01420_1,1245,12:45,888.2725,934.4526315789471,46.18013157894711
no08,533967_01418_01420_1,1300,13:00,1068.908,1102.4521052631578,33.54410526315792
no08,533967_01418_01420_1,1315,13:15,739.1695,738.2857894736842,-0.883710526315781
no08,533967_01418_01420_1,1330,13:30,1754.3190000000002,1824.13,69.81099999999992
no08,533967_01418_01420_1,1345,13:45,2864.6725,2877.6915789473683,13.019078947368143
no08,533967_01418_01420_1,1400,14:00,2396.824,2435.2105263157896,38.386526315789524
no08,533967_01418_01420_1,1415,14:15,2289.6925,2368.386315789474,78.69381578947377
no08,533967_01418_01420_1,1430,14:30,1206.764,1172.7294736842105,-34.034526315789435
no08,533967_01418_01420_1,1445,14:45,835.558,836.6668421052632,1.108842105263193
no08,533967_01418_01420_1,1500,15:00,929.92,912.0063157894735,-17.913684210526412
no08,533967_01418_01420_1,1515,15:15,1065.501,1155.3942105263156,89.89321052631567
no08,533967_01418_01420_1,1530,15:30,1436.859,1461.6605263157894,24.801526315789488
no08,533967_01418_01420_1,1545,15:45,1117.461,1080.2015789473685,-37.259421052631524
no08,533967_01418_01420_1,1600,16:00,3117.4945,3143.212105263158,25.71760526315802
no08,533967_01418_01420_1,1615,16:15,2940.135,2859.16,-80.97500000000036
no08,533967_01418_01420_1,1630,16:30,2456.03,2352.7784210526315,-103.25157894736867
no08,533967_01418_01420_1,1645,16:45,2779.4055,2792.901052631579,13.495552631579358
no08,533967_01418_01420_1,1700,17:00,2663.791,2665.0242105263155,1.2332105263153608
no08,533967_01418_01420_1,1715,17:15,2785.2815,2705.9073684210525,-79.37413157894753
no08,533967_01418_01420_1,1730,17:30,3180.683,3184.226315789474,3.543315789474036
no08,533967_01418_01420_1,1745,17:45,1842.691,1802.1147368421048,-40.576263157895255
no08,533967_01418_01420_1,1800,18:00,3848.480000000001,3901.3278947368417,52.84789473684077
no08,533967_01418_01420_1,1815,18:15,2002.1185,2080.5305263157898,78.41202631578972
no08,533967_01418_01420_1,1830,18:30,2942.616,2920.254210526316,-22.361789473683984
no08,533967_01418_01420_1,1845,18:45,1356.5645,1354.6605263157894,-1.9039736842105413
no08,533967_01418_01421_0,630,06:30,53.72111111111112,56.16777777777778,2.4466666666666583
no08,533967_01418_01421_0,645,06:45,422.766,394.27,-28.496000000000038
no08,533967_01418_01421_0,700,07:00,299.9515,286.47315789473686,-13.478342105263152
no08,533967_01418_01421_0,715,07:15,572.0405,596.4421052631578,24.401605263157876
no08,533967_01418_01421_0,730,07:30,506.136,504.2673684210527,-1.8686315789473156
no08,533967_01418_01421_0,745,07:45,591.3925,533.0221052631579,-58.37039473684217
no08,533967_01418_01421_0,800,08:00,492.166,484.1621052631579,-8.003894736842085
no08,533967_01418_01421_0,815,08:15,478.9865,494.0484210526316,15.061921052631646
no08,533967_01418_01421_0,830,08:30,561.705,571.8521052631579,10.147105263157869
no08,533967_01418_01421_0,845,08:45,524.451,385.7373684210526,-138.7136315789474
no08,533967_01418_01421_0,900,09:00,503.406,465.5752631578948,-37.83073684210518
no08,533967_01418_01421_0,915,09:15,315.7,283.67052631578946,-32.02947368421053
no08,533967_01418_01421_0,930,09:30,469.553,452.90736842105264,-16.64563157894736
no08,533967_01418_01421_0,945,09:45,684.277,607.8478947368421,-76.42910526315791
no08,533967_01418_01421_0,1000,10:00,3073.1735,3985.7805263157898,912.6070263157899
no08,533967_01418_01421_0,1015,10:15,4379.8455,6571.992631578947,2192.1471315789468
no08,533967_01418_01421_0,1030,10:30,369.4935,673.9126315789474,304.41913157894743
no08,533967_01418_01421_0,1045,10:45,764.265,651.4194736842106,-112.84552631578936
no08,533967_01418_01421_0,1100,11:00,684.6885,812.1463157894736,127.45781578947367
no08,533967_01418_01421_0,1115,11:15,813.3055,889.8673684210526,76.56186842105251
no08,533967_01418_01421_0,1130,11:30,709.7055,717.6926315789474,7.987131578947356
no08,533967_01418_01421_0,1145,11:45,556.6985000000001,595.8915789473684,39.19307894736835
no08,533967_01418_01421_0,1200,12:00,814.2775,773.3563157894737,-40.92118421052635
no08,533967_01418_01421_0,1215,12:15,725.4060000000001,727.2684210526317,1.8624210526315892
no08,533967_01418_01421_0,1230,12:30,525.813,447.1015789473684,-78.71142105263158
no08,533967_01418_01421_0,1245,12:45,658.0274999999999,688.6963157894737,30.668815789473797
no08,533967_01418_01421_0,1300,13:00,823.2035,810.2936842105263,-12.909815789473669
no08,533967_01418_01421_0,1315,13:15,601.3729999999999,665.01,63.63700000000006
no08,533967_01418_01421_0,1330,13:30,447.0455,435.8405263157894,-11.204973684210586
no08,533967_01418_01421_0,1345,13:45,550.8465,484.218947368421,-66.62755263157896
no08,533967_01418_01421_0,1400,14:00,540.7305,555.0084210526315,14.277921052631541
no08,533967_01418_01421_0,1415,14:15,450.2995,491.3642105263158,41.064710526315764
no08,533967_01418_01421_0,1430,14:30,386.3535,365.4605263157895,-20.892973684210517
no08,533967_01418_01421_0,1445,14:45,586.193,564.1336842105262,-22.05931578947377
no08,533967_01418_01421_0,1500,15:00,633.0905,685.0447368421053,51.954236842105274
no08,533967_01418_01421_0,1515,15:15,539.857,526.0489473684211,-13.808052631578903
no08,533967_01418_01421_0,1530,15:30,509.804,497.8505263157895,-11.95347368421045
no08,533967_01418_01421_0,1545,15:45,531.4895,500.0021052631578,-31.487394736842248
no08,533967_01418_01421_0,1600,16:00,633.1270000000001,678.9126315789474,45.785631578947346
no08,533967_01418_01421_0,1615,16:15,750.1495,749.0673684210527,-1.0821315789472692
no08,533967_01418_01421_0,1630,16:30,578.9615,546.0594736842106,-32.902026315789385
no08,533967_01418_01421_0,1645,16:45,628.0605,666.4326315789473,38.37213157894723
no08,533967_01418_01421_0,1700,17:00,590.7725,540.4442105263158,-50.32828947368421
no08,533967_01418_01421_0,1715,17:15,675.2145,675.2852631578947,0.070763157894703
no08,533967_01418_01421_0,1730,17:30,435.853,443.0194736842106,7.166473684210587
no08,533967_01418_01421_0,1745,17:45,336.90700000000004,373.7263157894737,36.81931578947365
no08,533967_01418_01421_0,1800,18:00,990.54,1011.9278947368422,21.387894736842213
no08,533967_01418_01421_0,1815,18:15,273.11,226.8521052631579,-46.257894736842104
no08,533967_01418_01421_0,1830,18:30,759.446,791.5947368421052,32.14873684210522
no08,533967_01418_01421_0,1845,18:45,603.1985,869.0405263157895,265.84202631578955
no08,533967_01418_01421_1,630,06:30,0.0,0.0,0.0
no08,533967_01418_01421_1,645,06:45,0.0,0.0,0.0
no08,533967_01418_01421_1,700,07:00,0.0,0.0,0.0
no08,533967_01418_01421_1,715,07:15,0.0,0.0,0.0
no08,533967_01418_01421_1,730,07:30,0.0,0.0,0.0
no08,533967_01418_01421_1,745,07:45,0.0,0.0,0.0
no08,533967_01418_01421_1,800,08:00,0.0,0.0,0.0
no08,533967_01418_01421_1,815,08:15,0.0,0.0,0.0
no08,533967_01418_01421_1,830,08:30,0.0,0.0,0.0
no08,533967_01418_01421_1,845,08:45,0.0,0.0,0.0
no08,533967_01418_01421_1,900,09:00,0.0,0.0,0.0
no08,533967_01418_01421_1,915,09:15,0.0,0.0,0.0
no08,533967_01418_01421_1,930,09:30,0.0,0.0,0.0
no08,533967_01418_01421_1,945,09:45,0.0,0.0,0.0
no08,533967_01418_01421_1,1000,10:00,0.0,0.0,0.0
no08,533967_01418_01421_1,1015,10:15,0.0,0.0,0.0
no08,533967_01418_01421_1,1030,10:30,0.0,0.0,0.0
no08,533967_01418_01421_1,1045,10:45,0.0,0.0,0.0
no08,533967_01418_01421_1,1100,11:00,0.0,0.0,0.0
no08,533967_01418_01421_1,1115,11:15,0.0,0.0,0.0
no08,533967_01418_01421_1,1130,11:30,0.0,0.0,0.0
no08,533967_01418_01421_1,1145,11:45,0.0,0.0,0.0
no08,533967_01418_01421_1,1200,12:00,0.0,0.0,0.0
no08,533967_01418_01421_1,1215,12:15,0.0,0.0,0.0
no08,533967_01418_01421_1,1230,12:30,0.0,0.0,0.0
no08,533967_01418_01421_1,1245,12:45,0.0,0.0,0.0
no08,533967_01418_01421_1,1300,13:00,0.0,0.0,0.0
no08,533967_01418_01421_1,1315,13:15,0.0,0.0,0.0
no08,533967_01418_01421_1,1330,13:30,0.0,0.0,0.0
no08,533967_01418_01421_1,1345,13:45,0.0,0.0,0.0
no08,533967_01418_01421_1,1400,14:00,0.0,0.0,0.0
no08,533967_01418_01421_1,1415,14:15,0.0,0.0,0.0
no08,533967_01418_01421_1,1430,14:30,0.0,0.0,0.0
no08,533967_01418_01421_1,1445,14:45,0.0,0.0,0.0
no08,533967_01418_01421_1,1500,15:00,0.0,0.0,0.0
no08,533967_01418_01421_1,1515,15:15,0.0,0.0,0.0
no08,533967_01418_01421_1,1530,15:30,0.0,0.0,0.0
no08,533967_01418_01421_1,1545,15:45,0.0,0.0,0.0
no08,533967_01418_01421_1,1600,16:00,0.0,0.0,0.0
no08,533967_01418_01421_1,1615,16:15,0.0,0.0,0.0
no08,533967_01418_01421_1,1630,16:30,0.0,0.0,0.0
no08,533967_01418_01421_1,1645,16:45,0.0,0.0,0.0
no08,533967_01418_01421_1,1700,17:00,0.0,0.0,0.0
no08,533967_01418_01421_1,1715,17:15,0.0,0.0,0.0
no08,533967_01418_01421_1,1730,17:30,0.0,0.0,0.0
no08,533967_01418_01421_1,1745,17:45,0.0,0.0,0.0
no08,533967_01418_01421_1,1800,18:00,0.0,0.0,0.0
no08,533967_01418_01421_1,1815,18:15,0.0,0.0,0.0
no08,533967_01418_01421_1,1830,18:30,0.0,0.0,0.0
no08,533967_01418_01421_1,1845,18:45,0.0,0.0,0.0
no08,533967_01419_01420_0,630,06:30,520.0015,526.728947368421,6.727447368421053
no08,533967_01419_01420_0,645,06:45,1058.4755,1067.6331578947368,9.157657894736758
no08,533967_01419_01420_0,700,07:00,1307.515,1319.5663157894735,12.051315789473392
no08,533967_01419_01420_0,715,07:15,1148.2085,1138.6742105263158,-9.534289473684112
no08,533967_01419_01420_0,730,07:30,1936.423,1959.557894736842,23.134894736841943
no08,533967_01419_01420_0,745,07:45,2993.035,2916.924210526316,-76.11078947368378
no08,533967_01419_01420_0,800,08:00,1687.581,1455.5194736842104,-232.06152631578948
no08,533967_01419_01420_0,815,08:15,2280.282,2700.7952631578946,420.51326315789447
no08,533967_01419_01420_0,830,08:30,2500.5225,2641.114210526316,140.5917105263161
no08,533967_01419_01420_0,845,08:45,2522.69,2381.5115789473684,-141.17842105263162
no08,533967_01419_01420_0,900,09:00,2465.2925,2473.9152631578945,8.622763157894497
no08,533967_01419_01420_0,915,09:15,2417.4365000000003,2391.782105263158,-25.654394736842278
no08,533967_01419_01420_0,930,09:30,2344.7525,2275.816842105263,-68.93565789473723
no08,533967_01419_01420_0,945,09:45,2266.501,2256.085789473684,-10.41521052631606
no08,533967_01419_01420_0,1000,10:00,1553.441,1527.1173684210526,-26.32363157894747
no08,533967_01419_01420_0,1015,10:15,2150.0145,2115.52947368421,-34.48502631579004
no08,533967_01419_01420_0,1030,10:30,1717.6684999999998,1628.8647368421052,-88.80376315789454
no08,533967_01419_01420_0,1045,10:45,1969.3095,2187.794210526316,218.4847105263159
no08,533967_01419_01420_0,1100,11:00,1549.8475,1480.391052631579,-69.4564473684211
no08,533967_01419_01420_0,1115,11:15,1608.483,1484.92,-123.56299999999987
no08,533967_01419_01420_0,1130,11:30,1179.568,1152.076842105263,-27.491157894736943
no08,533967_01419_01420_0,1145,11:45,1283.221,1293.344210526316,10.123210526315916
no08,533967_01419_01420_0,1200,12:00,1364.638,1327.4357894736845,-37.20221052631541
no08,533967_01419_01420_0,1215,12:15,1843.2745,1918.6673684210527,75.39286842105275
no08,533967_01419_01420_0,1230,12:30,1460.764,1408.8657894736843,-51.89821052631555
no08,533967_01419_01420_0,1245,12:45,1234.3805,1253.77,19.389499999999998
no08,533967_01419_01420_0,1300,13:00,2115.3525,2061.8815789473683,-53.47092105263164
no08,533967_01419_01420_0,1315,13:15,2122.8885,2260.9215789473687,138.03307894736872
no08,533967_01419_01420_0,1330,13:30,1275.0905,1140.0778947368422,-135.01260526315787
no08,533967_01419_01420_0,1345,13:45,694.482,706.89,12.408000000000015
no08,533967_01419_01420_0,1400,14:00,1236.945,1222.5873684210526,-14.357631578947348
no08,533967_01419_01420_0,1415,14:15,750.845,688.3184210526315,-62.526578947368535
no08,533967_01419_01420_0,1430,14:30,1966.977,2044.3357894736844,77.35878947368428
no08,533967_01419_01420_0,1445,14:45,1920.958,1906.1,-14.858000000000175
no08,533967_01419_01420_0,1500,15:00,2708.035,2776.9994736842104,68.96447368421059
no08,533967_01419_01420_0,1515,15:15,1909.6095,1874.0,-35.609500000000025
no08,533967_01419_01420_0,1530,15:30,2091.4235,2036.0247368421053,-55.398763157894564
no08,533967_01419_01420_0,1545,15:45,2127.263,2166.963157894737,39.700157894737
no08,533967_01419_01420_0,1600,16:00,1265.2825,1278.0778947368422,12.795394736842127
no08,533967_01419_01420_0,1615,16:15,1769.082,1785.481052631579,16.399052631578797
no08,533967_01419_01420_0,1630,16:30,1247.245,1220.5373684210526,-26.707631578947257
no08,533967_01419_01420_0,1645,16:45,899.576,859.0552631578947,-40.52073684210529
no08,533967_01419_01420_0,1700,17:00,1828.552,1610.6994736842105,-217.85252631578942
no08,533967_01419_01420_0,1715,17:15,1792.541,1787.312105263158,-5.228894736841994
no08,533967_01419_01420_0,1730,17:30,1421.2215,1244.0636842105262,-177.15781578947394
no08,533967_01419_01420_0,1745,17:45,1186.291,1161.8842105263157,-24.406789473684285
no08,533967_01419_01420_0,1800,18:00,1158.2165,1103.0694736842106,-55.14702631578939
no08,533967_01419_01420_0,1815,18:15,819.9540000000001,811.9805263157896,-7.973473684210489
no08,533967_01419_01420_0,1830,18:30,1002.6325,949.5078947368422,-53.12460526315783
no08,533967_01419_01420_0,1845,18:45,547.7180000000001,562.718947368421,15.000947368420952
no08,533967_01419_01425_1,630,06:30,394.507,396.8515789473684,2.3445789473684044
no08,533967_01419_01425_1,645,06:45,680.4114999999999,678.6247368421052,-1.7867631578947112
no08,533967_01419_01425_1,700,07:00,828.7370000000001,828.098947368421,-0.6380526315790576
no08,533967_01419_01425_1,715,07:15,774.9694999999999,773.7315789473683,-1.2379210526315774
no08,533967_01419_01425_1,730,07:30,1164.7135,1194.9157894736843,30.202289473684232
no08,533967_01419_01425_1,745,07:45,1947.616,1903.1057894736844,-44.51021052631563
no08,533967_01419_01425_1,800,08:00,979.5975,775.9673684210526,-203.63013157894738
no08,533967_01419_01425_1,815,08:15,1096.8665,1242.655789473684,145.789289473684
no08,533967_01419_01425_1,830,08:30,1582.3485,1669.2231578947367,86.87465789473663
no08,533967_01419_01425_1,845,08:45,1678.9325,1563.0478947368422,-115.88460526315771
no08,533967_01419_01425_1,900,09:00,1663.3175,1693.5105263157895,30.19302631578944
no08,533967_01419_01425_1,915,09:15,1248.804,1268.7084210526316,19.904421052631506
no08,533967_01419_01425_1,930,09:30,1419.2035,1335.5568421052633,-83.64665789473679
no08,533967_01419_01425_1,945,09:45,1409.2365,1364.6831578947367,-44.553342105263255
no08,533967_01419_01425_1,1000,10:00,866.567,870.7084210526315,4.141421052631472
no08,533967_01419_01425_1,1015,10:15,1379.776,1332.9663157894738,-46.80968421052626
no08,533967_01419_01425_1,1030,10:30,1424.7015,1312.9463157894736,-111.7551842105263
no08,533967_01419_01425_1,1045,10:45,1066.2130000000002,1194.6584210526314,128.44542105263122
no08,533967_01419_01425_1,1100,11:00,1356.219,1340.651052631579,-15.567947368421073
no08,533967_01419_01425_1,1115,11:15,1503.4775,1442.5131578947369,-60.964342105263086
no08,533967_01419_01425_1,1130,11:30,1005.872,935.5557894736844,-70.31621052631556
no08,533967_01419_01425_1,1145,11:45,1734.1419999999998,1703.3394736842106,-30.802526315789237
no08,533967_01419_01425_1,1200,12:00,1223.368,1158.722105263158,-64.64589473684191
no08,533967_01419_01425_1,1215,12:15,1057.9265,1112.0305263157895,54.1040263157895
no08,533967_01419_01425_1,1230,12:30,1390.0225,1313.9005263157894,-76.12197368421062
no08,533967_01419_01425_1,1245,12:45,1003.98,1065.521052631579,61.54105263157908
no08,533967_01419_01425_1,1300,13:00,1291.585,1293.947894736842,2.3628947368420086
no08,533967_01419_01425_1,1315,13:15,929.754,1034.2752631578946,104.52126315789462
no08,533967_01419_01425_1,1330,13:30,929.4755,890.4194736842106,-39.05602631578938
no08,533967_01419_01425_1,1345,13:45,940.711,970.6757894736842,29.964789473684164
no08,533967_01419_01425_1,1400,14:00,1194.506,1195.8768421052632,1.3708421052631365
no08,533967_01419_01425_1,1415,14:15,1148.289,1131.7052631578947,-16.58373684210528
no08,533967_01419_01425_1,1430,14:30,1382.0335,1468.7057894736845,86.67228947368449
no08,533967_01419_01425_1,1445,14:45,1177.7585,1137.6768421052632,-40.081657894736736
no08,533967_01419_01425_1,1500,15:00,1609.7275,1619.606842105263,9.87934210526305
no08,533967_01419_01425_1,1515,15:15,1392.889,1365.618947368421,-27.270052631578892
no08,533967_01419_01425_1,1530,15:30,1421.2045,1472.9736842105262,51.76918421052619
no08,533967_01419_01425_1,1545,15:45,1309.71,1330.5157894736842,20.80578947368417
no08,533967_01419_01425_1,1600,16:00,1814.198,1822.56,8.361999999999853
no08,533967_01419_01425_1,1615,16:15,2415.362,2437.378421052632,22.016421052631813
no08,533967_01419_01425_1,1630,16:30,1324.5994999999998,1334.471052631579,9.871552631579107
no08,533967_01419_01425_1,1645,16:45,1384.1785,1278.0063157894735,-106.17218421052644
no08,533967_01419_01425_1,1700,17:00,2737.0835,2322.602105263158,-414.48139473684205
no08,533967_01419_01425_1,1715,17:15,2857.525,2758.966315789474,-98.55868421052628
no08,533967_01419_01425_1,1730,17:30,1728.7785,1512.8415789473686,-215.9369210526313
no08,533967_01419_01425_1,1745,17:45,1376.1985,1471.7715789473684,95.57307894736846
no08,533967_01419_01425_1,1800,18:00,1506.479,1467.9515789473685,-38.52742105263155
no08,533967_01419_01425_1,1815,18:15,1307.4565,1216.0836842105264,-91.37281578947363
no08,533967_01419_01425_1,1830,18:30,1004.2765,953.6757894736842,-50.60071052631588
no08,533967_01419_01425_1,1845,18:45,633.3675000000001,656.6894736842105,23.321973684210434
no08,533967_01419_01608_0,630,06:30,0.0,0.0,0.0
no08,533967_01419_01608_0,645,06:45,0.0,0.0,0.0
no08,533967_01419_01608_0,700,07:00,0.0,0.0,0.0
no08,533967_01419_01608_0,715,07:15,0.0,0.0,0.0
no08,533967_01419_01608_0,730,07:30,0.0,0.0,0.0
no08,533967_01419_01608_0,745,07:45,0.0,0.0,0.0
no08,533967_01419_01608_0,800,08:00,0.0,0.0,0.0
no08,533967_01419_01608_0,815,08:15,0.0,0.0,0.0
no08,533967_01419_01608_0,830,08:30,0.0,0.0,0.0
no08,533967_01419_01608_0,845,08:45,0.0,0.0,0.0
no08,533967_01419_01608_0,900,09:00,0.0,0.0,0.0
no08,533967_01419_01608_0,915,09:15,0.0,0.0,0.0
no08,533967_01419_01608_0,930,09:30,0.0,0.0,0.0
no08,533967_01419_01608_0,945,09:45,0.0,0.0,0.0
no08,533967_01419_01608_0,1000,10:00,0.0,0.0,0.0
no08,533967_01419_01608_0,1015,10:15,0.0,0.0,0.0
no08,533967_01419_01608_0,1030,10:30,0.0,0.0,0.0
no08,533967_01419_01608_0,1045,10:45,0.0,0.0,0.0
no08,533967_01419_01608_0,1100,11:00,0.0,0.0,0.0
no08,533967_01419_01608_0,1115,11:15,0.0,0.0,0.0
no08,533967_01419_01608_0,1130,11:30,0.0,0.0,0.0
no08,533967_01419_01608_0,1145,11:45,0.0,0.0,0.0
no08,533967_01419_01608_0,1200,12:00,0.0,0.0,0.0
no08,533967_01419_01608_0,1215,12:15,0.0,0.0,0.0
no08,533967_01419_01608_0,1230,12:30,0.0,0.0,0.0
no08,533967_01419_01608_0,1245,12:45,0.0,0.0,0.0
no08,533967_01419_01608_0,1300,13:00,0.0,0.0,0.0
no08,533967_01419_01608_0,1315,13:15,0.0,0.0,0.0
no08,533967_01419_01608_0,1330,13:30,0.0,0.0,0.0
no08,533967_01419_01608_0,1345,13:45,0.0,0.0,0.0
no08,533967_01419_01608_0,1400,14:00,0.0,0.0,0.0
no08,533967_01419_01608_0,1415,14:15,0.0,0.0,0.0
no08,533967_01419_01608_0,1430,14:30,0.0,0.0,0.0
no08,533967_01419_01608_0,1445,14:45,0.0,0.0,0.0
no08,533967_01419_01608_0,1500,15:00,0.0,0.0,0.0
no08,533967_01419_01608_0,1515,15:15,0.0,0.0,0.0
no08,533967_01419_01608_0,1530,15:30,0.0,0.0,0.0
no08,533967_01419_01608_0,1545,15:45,0.0,0.0,0.0
no08,533967_01419_01608_0,1600,16:00,0.0,0.0,0.0
no08,533967_01419_01608_0,1615,16:15,0.0,0.0,0.0
no08,533967_01419_01608_0,1630,16:30,0.0,0.0,0.0
no08,533967_01419_01608_0,1645,16:45,0.0,0.0,0.0
no08,533967_01419_01608_0,1700,17:00,0.0,0.0,0.0
no08,533967_01419_01608_0,1715,17:15,0.0,0.0,0.0
no08,533967_01419_01608_0,1730,17:30,0.0,0.0,0.0
no08,533967_01419_01608_0,1745,17:45,0.0,0.0,0.0
no08,533967_01419_01608_0,1800,18:00,0.0,0.0,0.0
no08,533967_01419_01608_0,1815,18:15,0.0,0.0,0.0
no08,533967_01419_01608_0,1830,18:30,0.0,0.0,0.0
no08,533967_01419_01608_0,1845,18:45,0.0,0.0,0.0
no08,533967_01419_01608_1,630,06:30,0.0,0.0,0.0
no08,533967_01419_01608_1,645,06:45,0.0,0.0,0.0
no08,533967_01419_01608_1,700,07:00,0.0,0.0,0.0
no08,533967_01419_01608_1,715,07:15,0.0,0.0,0.0
no08,533967_01419_01608_1,730,07:30,0.0,0.0,0.0
no08,533967_01419_01608_1,745,07:45,0.0,0.0,0.0
no08,533967_01419_01608_1,800,08:00,0.0,0.0,0.0
no08,533967_01419_01608_1,815,08:15,0.0,0.0,0.0
no08,533967_01419_01608_1,830,08:30,0.0,0.0,0.0
no08,533967_01419_01608_1,845,08:45,0.0,0.0,0.0
no08,533967_01419_01608_1,900,09:00,0.0,0.0,0.0
no08,533967_01419_01608_1,915,09:15,0.0,0.0,0.0
no08,533967_01419_01608_1,930,09:30,0.0,0.0,0.0
no08,533967_01419_01608_1,945,09:45,0.0,0.0,0.0
no08,533967_01419_01608_1,1000,10:00,0.0,0.0,0.0
no08,533967_01419_01608_1,1015,10:15,0.0,0.0,0.0
no08,533967_01419_01608_1,1030,10:30,0.0,0.0,0.0
no08,533967_01419_01608_1,1045,10:45,0.0,0.0,0.0
no08,533967_01419_01608_1,1100,11:00,0.0,0.0,0.0
no08,533967_01419_01608_1,1115,11:15,0.0,0.0,0.0
no08,533967_01419_01608_1,1130,11:30,0.0,0.0,0.0
no08,533967_01419_01608_1,1145,11:45,0.0,0.0,0.0
no08,533967_01419_01608_1,1200,12:00,0.0,0.0,0.0
no08,533967_01419_01608_1,1215,12:15,0.0,0.0,0.0
no08,533967_01419_01608_1,1230,12:30,0.0,0.0,0.0
no08,533967_01419_01608_1,1245,12:45,0.0,0.0,0.0
no08,533967_01419_01608_1,1300,13:00,0.0,0.0,0.0
no08,533967_01419_01608_1,1315,13:15,0.0,0.0,0.0
no08,533967_01419_01608_1,1330,13:30,0.0,0.0,0.0
no08,533967_01419_01608_1,1345,13:45,0.0,0.0,0.0
no08,533967_01419_01608_1,1400,14:00,0.0,0.0,0.0
no08,533967_01419_01608_1,1415,14:15,0.0,0.0,0.0
no08,533967_01419_01608_1,1430,14:30,0.0,0.0,0.0
no08,533967_01419_01608_1,1445,14:45,0.0,0.0,0.0
no08,533967_01419_01608_1,1500,15:00,0.0,0.0,0.0
no08,533967_01419_01608_1,1515,15:15,0.0,0.0,0.0
no08,533967_01419_01608_1,1530,15:30,0.0,0.0,0.0
no08,533967_01419_01608_1,1545,15:45,0.0,0.0,0.0
no08,533967_01419_01608_1,1600,16:00,0.0,0.0,0.0
no08,533967_01419_01608_1,1615,16:15,0.0,0.0,0.0
no08,533967_01419_01608_1,1630,16:30,0.0,0.0,0.0
no08,533967_01419_01608_1,1645,16:45,0.0,0.0,0.0
no08,533967_01419_01608_1,1700,17:00,0.0,0.0,0.0
no08,533967_01419_01608_1,1715,17:15,0.0,0.0,0.0
no08,533967_01419_01608_1,1730,17:30,0.0,0.0,0.0
no08,533967_01419_01608_1,1745,17:45,0.0,0.0,0.0
no08,533967_01419_01608_1,1800,18:00,0.0,0.0,0.0
no08,533967_01419_01608_1,1815,18:15,0.0,0.0,0.0
no08,533967_01419_01608_1,1830,18:30,0.0,0.0,0.0
no08,533967_01419_01608_1,1845,18:45,0.0,0.0,0.0
no08,533967_01420_01654_0,630,06:30,706.206,700.5357894736842,-5.670210526315827
no08,533967_01420_01654_0,645,06:45,953.317,964.9552631578948,11.638263157894812
no08,533967_01420_01654_0,700,07:00,1786.024,1823.2252631578947,37.2012631578948
no08,533967_01420_01654_0,715,07:15,1407.6995000000002,1393.6047368421052,-14.094763157894931
no08,533967_01420_01654_0,730,07:30,2318.4365,2361.485789473684,43.049289473683984
no08,533967_01420_01654_0,745,07:45,4034.7315,3678.0810526315786,-356.6504473684213
no08,533967_01420_01654_0,800,08:00,2252.9315,2207.256842105263,-45.674657894737265
no08,533967_01420_01654_0,815,08:15,2105.1845000000003,2617.0436842105264,511.8591842105261
no08,533967_01420_01654_0,830,08:30,3114.1595,3461.7615789473684,347.6020789473682
no08,533967_01420_01654_0,845,08:45,3440.1825,3147.576315789473,-292.60618421052686
no08,533967_01420_01654_0,900,09:00,2948.6690000000003,3053.7631578947367,105.09415789473633
no08,533967_01420_01654_0,915,09:15,2195.4010000000003,2107.617894736842,-87.78310526315818
no08,533967_01420_01654_0,930,09:30,3194.476,3309.4336842105263,114.95768421052617
no08,533967_01420_01654_0,945,09:45,2867.476,2913.532105263158,46.05610526315786
no08,533967_01420_01654_0,1000,10:00,1909.868,1769.292105263158,-140.57589473684197
no08,533967_01420_01654_0,1015,10:15,2258.7195,2332.55,73.83050000000003
no08,533967_01420_01654_0,1030,10:30,2679.6065,2264.4252631578947,-415.18123684210514
no08,533967_01420_01654_0,1045,10:45,1960.3675,2188.290526315789,227.923026315789
no08,533967_01420_01654_0,1100,11:00,2609.6835,2728.3394736842106,118.6559736842105
no08,533967_01420_01654_0,1115,11:15,2984.3615,2769.868421052632,-214.49307894736785
no08,533967_01420_01654_0,1130,11:30,2482.862,2295.634736842105,-187.22726315789487
no08,533967_01420_01654_0,1145,11:45,2819.623,2523.2805263157898,-296.3424736842103
no08,533967_01420_01654_0,1200,12:00,2947.1355,2618.388421052632,-328.74707894736775
no08,533967_01420_01654_0,1215,12:15,1517.132,1619.6115789473683,102.47957894736828
no08,533967_01420_01654_0,1230,12:30,2612.0365,2691.5731578947366,79.53665789473644
no08,533967_01420_01654_0,1245,12:45,1444.352,1476.875789473684,32.52378947368402
no08,533967_01420_01654_0,1300,13:00,2116.6240000000003,2054.93,-61.694000000000415
no08,533967_01420_01654_0,1315,13:15,1745.234,1805.9352631578945,60.70126315789457
no08,533967_01420_01654_0,1330,13:30,1909.102,1799.595789473684,-109.50621052631618
no08,533967_01420_01654_0,1345,13:45,1420.558,1336.9515789473685,-83.6064210526315
no08,533967_01420_01654_0,1400,14:00,2718.1955000000003,2899.0073684210524,180.81186842105217
no08,533967_01420_01654_0,1415,14:15,1494.307,1545.6457894736843,51.3387894736843
no08,533967_01420_01654_0,1430,14:30,3018.1025,3130.3005263157893,112.19802631578932
no08,533967_01420_01654_0,1445,14:45,1975.1285,1874.418947368421,-100.70955263157907
no08,533967_01420_01654_0,1500,15:00,3388.1295,3316.083157894737,-72.0463421052632
no08,533967_01420_01654_0,1515,15:15,2521.3755,2436.8405263157897,-84.5349736842104
no08,533967_01420_01654_0,1530,15:30,4088.6105,4009.041052631579,-79.5694473684207
no08,533967_01420_01654_0,1545,15:45,2066.0335,2000.3278947368424,-65.70560526315762
no08,533967_01420_01654_0,1600,16:00,4626.889,4552.634210526316,-74.25478947368447
no08,533967_01420_01654_0,1615,16:15,4404.7945,4457.0121052631575,52.217605263157566
no08,533967_01420_01654_0,1630,16:30,4085.244,4193.403157894737,108.15915789473684
no08,533967_01420_01654_0,1645,16:45,2100.7505,2109.694210526316,8.943710526315954
no08,533967_01420_01654_0,1700,17:00,7618.765499999999,5870.572105263158,-1748.1933947368407
no08,533967_01420_01654_0,1715,17:15,7297.232000000001,6614.164736842105,-683.0672631578955
no08,533967_01420_01654_0,1730,17:30,5215.409,5175.974210526317,-39.43478947368294
no08,533967_01420_01654_0,1745,17:45,2940.0605,3289.518947368421,349.4584473684208
no08,533967_01420_01654_0,1800,18:00,4363.139499999999,4074.206842105264,-288.93265789473526
no08,533967_01420_01654_0,1815,18:15,2956.4105,3436.4115789473685,480.00107894736857
no08,533967_01420_01654_0,1830,18:30,2048.7655,2016.4431578947367,-32.32234210526326
no08,533967_01420_01654_0,1845,18:45,1035.8955,1051.4589473684211,15.563447368421066
no08,533967_01420_01654_1,630,06:30,1350.7515,1343.473157894737,-7.278342105263164
no08,533967_01420_01654_1,645,06:45,2562.596,2593.6336842105266,31.03768421052655
no08,533967_01420_01654_1,700,07:00,2481.4945,2463.733157894737,-17.761342105262884
no08,533967_01420_01654_1,715,07:15,3261.3185,3235.74,-25.578500000000076
no08,533967_01420_01654_1,730,07:30,2928.7025000000003,2850.714736842105,-77.98776315789519
no08,533967_01420_01654_1,745,07:45,3340.2475,3274.194210526316,-66.05328947368389
no08,533967_01420_01654_1,800,08:00,3814.109,3731.7305263157896,-82.37847368421035
no08,533967_01420_01654_1,815,08:15,3869.9515,3912.4136842105263,42.462184210526175
no08,533967_01420_01654_1,830,08:30,3303.225,3259.8752631578946,-43.34973684210536
no08,533967_01420_01654_1,845,08:45,2805.386,2869.3110526315786,63.92505263157864
no08,533967_01420_01654_1,900,09:00,2473.748,2504.9268421052634,31.178842105263357
no08,533967_01420_01654_1,915,09:15,1753.3335,1688.3157894736842,-65.0177105263158
no08,533967_01420_01654_1,930,09:30,2809.559,2736.322105263158,-73.23689473684226
no08,533967_01420_01654_1,945,09:45,2110.2355,2097.006315789474,-13.229184210526
no08,533967_01420_01654_1,1000,10:00,2492.2085,2488.0463157894737,-4.162184210526448
no08,533967_01420_01654_1,1015,10:15,2085.462,1992.239473684211,-93.22252631578908
no08,533967_01420_01654_1,1030,10:30,1335.3235,1161.3336842105264,-173.9898157894736
no08,533967_01420_01654_1,1045,10:45,2328.7065,2088.188421052632,-240.51807894736794
no08,533967_01420_01654_1,1100,11:00,2769.5515,2778.583684210526,9.032184210525884
no08,533967_01420_01654_1,1115,11:15,2358.1805,2378.6805263157894,20.500026315789455
no08,533967_01420_01654_1,1130,11:30,2825.341,2911.1678947368423,85.8268947368424
no08,533967_01420_01654_1,1145,11:45,2139.0685000000003,1957.1231578947368,-181.94534210526353
no08,533967_01420_01654_1,1200,12:00,2333.834,2276.7378947368425,-57.09610526315737
no08,533967_01420_01654_1,1215,12:15,2288.098,2307.82,19.722000000000207
no08,533967_01420_01654_1,1230,12:30,1946.143,1701.246842105263,-244.89615789473692
no08,533967_01420_01654_1,1245,12:45,2253.2275,2327.326842105263,74.09934210526308
no08,533967_01420_01654_1,1300,13:00,3212.9295,3148.466842105263,-64.46265789473728
no08,533967_01420_01654_1,1315,13:15,2322.285,2313.9363157894736,-8.348684210526244
no08,533967_01420_01654_1,1330,13:30,1946.1275,1990.1163157894737,43.98881578947362
no08,533967_01420_01654_1,1345,13:45,2165.489,2170.271052631579,4.782052631579063
no08,533967_01420_01654_1,1400,14:00,1943.096,1955.738947368421,12.642947368420892
no08,533967_01420_01654_1,1415,14:15,1937.3405,1967.8152631578944,30.47476315789436
no08,533967_01420_01654_1,1430,14:30,1782.937,1701.762631578947,-81.1743684210528
no08,533967_01420_01654_1,1445,14:45,2378.3415,2314.872631578948,-63.468868421051866
no08,533967_01420_01654_1,1500,15:00,2388.524,2320.079473684211,-68.44452631578906
no08,533967_01420_01654_1,1515,15:15,1796.4779999999998,1895.834210526316,99.35621052631609
no08,533967_01420_01654_1,1530,15:30,1978.1315,1961.8115789473684,-16.31992105263157
no08,533967_01420_01654_1,1545,15:45,2835.1655,2756.474210526316,-78.69128947368426
no08,533967_01420_01654_1,1600,16:00,2456.9315,2453.1905263157896,-3.7409736842105303
no08,533967_01420_01654_1,1615,16:15,2386.438,2371.5463157894737,-14.891684210526364
no08,533967_01420_01654_1,1630,16:30,2131.0945,2004.2615789473684,-126.83292105263172
no08,533967_01420_01654_1,1645,16:45,2606.8995,2583.681578947368,-23.217921052631937
no08,533967_01420_01654_1,1700,17:00,2283.228,2300.113157894737,16.88515789473695
no08,533967_01420_01654_1,1715,17:15,2713.418,2584.2573684210524,-129.1606315789477
no08,533967_01420_01654_1,1730,17:30,2671.698,2643.002631578948,-28.69536842105208
no08,533967_01420_01654_1,1745,17:45,1786.4599999999998,1725.106842105263,-61.353157894736796
no08,533967_01420_01654_1,1800,18:00,3318.8845,3324.48,5.595499999999902
no08,533967_01420_01654_1,1815,18:15,1657.3470000000002,1683.8794736842106,26.532473684210345
no08,533967_01420_01654_1,1830,18:30,2352.75,2338.04,-14.710000000000036
no08,533967_01420_01654_1,1845,18:45,1179.9115,1190.1015789473684,10.19007894736842
no08,533967_01424_01425_0,630,06:30,0.0,0.0,0.0
no08,533967_01424_01425_0,645,06:45,0.0,0.0,0.0
no08,533967_01424_01425_0,700,07:00,0.0,0.0,0.0
no08,533967_01424_01425_0,715,07:15,0.0,0.0,0.0
no08,533967_01424_01425_0,730,07:30,0.0,0.0,0.0
no08,533967_01424_01425_0,745,07:45,0.0,0.0,0.0
no08,533967_01424_01425_0,800,08:00,0.0,0.0,0.0
no08,533967_01424_01425_0,815,08:15,0.0,0.0,0.0
no08,533967_01424_01425_0,830,08:30,0.0,0.0,0.0
no08,533967_01424_01425_0,845,08:45,0.0,0.0,0.0
no08,533967_01424_01425_0,900,09:00,0.0,0.0,0.0
no08,533967_01424_01425_0,915,09:15,0.0,0.0,0.0
no08,533967_01424_01425_0,930,09:30,0.0,0.0,0.0
no08,533967_01424_01425_0,945,09:45,0.0,0.0,0.0
no08,533967_01424_01425_0,1000,10:00,0.0,0.0,0.0
no08,533967_01424_01425_0,1015,10:15,0.0,0.0,0.0
no08,533967_01424_01425_0,1030,10:30,0.0,0.0,0.0
no08,533967_01424_01425_0,1045,10:45,0.0,0.0,0.0
no08,533967_01424_01425_0,1100,11:00,0.0,0.0,0.0
no08,533967_01424_01425_0,1115,11:15,0.0,0.0,0.0
no08,533967_01424_01425_0,1130,11:30,0.0,0.0,0.0
no08,533967_01424_01425_0,1145,11:45,0.0,0.0,0.0
no08,533967_01424_01425_0,1200,12:00,0.0,0.0,0.0
no08,533967_01424_01425_0,1215,12:15,0.0,0.0,0.0
no08,533967_01424_01425_0,1230,12:30,0.0,0.0,0.0
no08,533967_01424_01425_0,1245,12:45,0.0,0.0,0.0
no08,533967_01424_01425_0,1300,13:00,0.0,0.0,0.0
no08,533967_01424_01425_0,1315,13:15,0.0,0.0,0.0
no08,533967_01424_01425_0,1330,13:30,0.0,0.0,0.0
no08,533967_01424_01425_0,1345,13:45,0.0,0.0,0.0
no08,533967_01424_01425_0,1400,14:00,0.0,0.0,0.0
no08,533967_01424_01425_0,1415,14:15,0.0,0.0,0.0
no08,533967_01424_01425_0,1430,14:30,0.0,0.0,0.0
no08,533967_01424_01425_0,1445,14:45,0.0,0.0,0.0
no08,533967_01424_01425_0,1500,15:00,0.0,0.0,0.0
no08,533967_01424_01425_0,1515,15:15,0.0,0.0,0.0
no08,533967_01424_01425_0,1530,15:30,0.0,0.0,0.0
no08,533967_01424_01425_0,1545,15:45,0.0,0.0,0.0
no08,533967_01424_01425_0,1600,16:00,0.0,0.0,0.0
no08,533967_01424_01425_0,1615,16:15,0.0,0.0,0.0
no08,533967_01424_01425_0,1630,16:30,0.0,0.0,0.0
no08,533967_01424_01425_0,1645,16:45,0.0,0.0,0.0
no08,533967_01424_01425_0,1700,17:00,0.0,0.0,0.0
no08,533967_01424_01425_0,1715,17:15,0.0,0.0,0.0
no08,533967_01424_01425_0,1730,17:30,0.0,0.0,0.0
no08,533967_01424_01425_0,1745,17:45,0.0,0.0,0.0
no08,533967_01424_01425_0,1800,18:00,0.0,0.0,0.0
no08,533967_01424_01425_0,1815,18:15,0.0,0.0,0.0
no08,533967_01424_01425_0,1830,18:30,0.0,0.0,0.0
no08,533967_01424_01425_0,1845,18:45,0.0,0.0,0.0
no08,533967_01424_01425_1,630,06:30,0.0,0.0,0.0
no08,533967_01424_01425_1,645,06:45,0.0,0.0,0.0
no08,533967_01424_01425_1,700,07:00,0.0,0.0,0.0
no08,533967_01424_01425_1,715,07:15,0.0,0.0,0.0
no08,533967_01424_01425_1,730,07:30,0.0,0.0,0.0
no08,533967_01424_01425_1,745,07:45,0.0,0.0,0.0
no08,533967_01424_01425_1,800,08:00,0.0,0.0,0.0
no08,533967_01424_01425_1,815,08:15,0.0,0.0,0.0
no08,533967_01424_01425_1,830,08:30,0.0,0.0,0.0
no08,533967_01424_01425_1,845,08:45,0.0,0.0,0.0
no08,533967_01424_01425_1,900,09:00,0.0,0.0,0.0
no08,533967_01424_01425_1,915,09:15,0.0,0.0,0.0
no08,533967_01424_01425_1,930,09:30,0.0,0.0,0.0
no08,533967_01424_01425_1,945,09:45,0.0,0.0,0.0
no08,533967_01424_01425_1,1000,10:00,0.0,0.0,0.0
no08,533967_01424_01425_1,1015,10:15,0.0,0.0,0.0
no08,533967_01424_01425_1,1030,10:30,0.0,0.0,0.0
no08,533967_01424_01425_1,1045,10:45,0.0,0.0,0.0
no08,533967_01424_01425_1,1100,11:00,0.0,0.0,0.0
no08,533967_01424_01425_1,1115,11:15,0.0,0.0,0.0
no08,533967_01424_01425_1,1130,11:30,0.0,0.0,0.0
no08,533967_01424_01425_1,1145,11:45,0.0,0.0,0.0
no08,533967_01424_01425_1,1200,12:00,0.0,0.0,0.0
no08,533967_01424_01425_1,1215,12:15,0.0,0.0,0.0
no08,533967_01424_01425_1,1230,12:30,0.0,0.0,0.0
no08,533967_01424_01425_1,1245,12:45,0.0,0.0,0.0
no08,533967_01424_01425_1,1300,13:00,0.0,0.0,0.0
no08,533967_01424_01425_1,1315,13:15,0.0,0.0,0.0
no08,533967_01424_01425_1,1330,13:30,0.0,0.0,0.0
no08,533967_01424_01425_1,1345,13:45,0.0,0.0,0.0
no08,533967_01424_01425_1,1400,14:00,0.0,0.0,0.0
no08,533967_01424_01425_1,1415,14:15,0.0,0.0,0.0
no08,533967_01424_01425_1,1430,14:30,0.0,0.0,0.0
no08,533967_01424_01425_1,1445,14:45,0.0,0.0,0.0
no08,533967_01424_01425_1,1500,15:00,0.0,0.0,0.0
no08,533967_01424_01425_1,1515,15:15,0.0,0.0,0.0
no08,533967_01424_01425_1,1530,15:30,0.0,0.0,0.0
no08,533967_01424_01425_1,1545,15:45,0.0,0.0,0.0
no08,533967_01424_01425_1,1600,16:00,0.0,0.0,0.0
no08,533967_01424_01425_1,1615,16:15,0.0,0.0,0.0
no08,533967_01424_01425_1,1630,16:30,0.0,0.0,0.0
no08,533967_01424_01425_1,1645,16:45,0.0,0.0,0.0
no08,533967_01424_01425_1,1700,17:00,0.0,0.0,0.0
no08,533967_01424_01425_1,1715,17:15,0.0,0.0,0.0
no08,533967_01424_01425_1,1730,17:30,0.0,0.0,0.0
no08,533967_01424_01425_1,1745,17:45,0.0,0.0,0.0
no08,533967_01424_01425_1,1800,18:00,0.0,0.0,0.0
no08,533967_01424_01425_1,1815,18:15,0.0,0.0,0.0
no08,533967_01424_01425_1,1830,18:30,0.0,0.0,0.0
no08,533967_01424_01425_1,1845,18:45,0.0,0.0,0.0
no08,533967_01424_01604_0,630,06:30,0.0,0.0,0.0
no08,533967_01424_01604_0,645,06:45,0.0,0.0,0.0
no08,533967_01424_01604_0,700,07:00,0.0,0.0,0.0
no08,533967_01424_01604_0,715,07:15,0.0,0.0,0.0
no08,533967_01424_01604_0,730,07:30,0.0,0.0,0.0
no08,533967_01424_01604_0,745,07:45,0.0,0.0,0.0
no08,533967_01424_01604_0,800,08:00,0.0,0.0,0.0
no08,533967_01424_01604_0,815,08:15,0.0,0.0,0.0
no08,533967_01424_01604_0,830,08:30,0.0,0.0,0.0
no08,533967_01424_01604_0,845,08:45,0.0,0.0,0.0
no08,533967_01424_01604_0,900,09:00,0.0,0.0,0.0
no08,533967_01424_01604_0,915,09:15,0.0,0.0,0.0
no08,533967_01424_01604_0,930,09:30,0.0,0.0,0.0
no08,533967_01424_01604_0,945,09:45,0.0,0.0,0.0
no08,533967_01424_01604_0,1000,10:00,0.0,0.0,0.0
no08,533967_01424_01604_0,1015,10:15,0.0,0.0,0.0
no08,533967_01424_01604_0,1030,10:30,0.0,0.0,0.0
no08,533967_01424_01604_0,1045,10:45,0.0,0.0,0.0
no08,533967_01424_01604_0,1100,11:00,0.0,0.0,0.0
no08,533967_01424_01604_0,1115,11:15,0.0,0.0,0.0
no08,533967_01424_01604_0,1130,11:30,0.0,0.0,0.0
no08,533967_01424_01604_0,1145,11:45,0.0,0.0,0.0
no08,533967_01424_01604_0,1200,12:00,0.0,0.0,0.0
no08,533967_01424_01604_0,1215,12:15,0.0,0.0,0.0
no08,533967_01424_01604_0,1230,12:30,0.0,0.0,0.0
no08,533967_01424_01604_0,1245,12:45,0.0,0.0,0.0
no08,533967_01424_01604_0,1300,13:00,0.0,0.0,0.0
no08,533967_01424_01604_0,1315,13:15,0.0,0.0,0.0
no08,533967_01424_01604_0,1330,13:30,0.0,0.0,0.0
no08,533967_01424_01604_0,1345,13:45,0.0,0.0,0.0
no08,533967_01424_01604_0,1400,14:00,0.0,0.0,0.0
no08,533967_01424_01604_0,1415,14:15,0.0,0.0,0.0
no08,533967_01424_01604_0,1430,14:30,0.0,0.0,0.0
no08,533967_01424_01604_0,1445,14:45,0.0,0.0,0.0
no08,533967_01424_01604_0,1500,15:00,0.0,0.0,0.0
no08,533967_01424_01604_0,1515,15:15,0.0,0.0,0.0
no08,533967_01424_01604_0,1530,15:30,0.0,0.0,0.0
no08,533967_01424_01604_0,1545,15:45,0.0,0.0,0.0
no08,533967_01424_01604_0,1600,16:00,0.0,0.0,0.0
no08,533967_01424_01604_0,1615,16:15,0.0,0.0,0.0
no08,533967_01424_01604_0,1630,16:30,0.0,0.0,0.0
no08,533967_01424_01604_0,1645,16:45,0.0,0.0,0.0
no08,533967_01424_01604_0,1700,17:00,0.0,0.0,0.0
no08,533967_01424_01604_0,1715,17:15,0.0,0.0,0.0
no08,533967_01424_01604_0,1730,17:30,0.0,0.0,0.0
no08,533967_01424_01604_0,1745,17:45,0.0,0.0,0.0
no08,533967_01424_01604_0,1800,18:00,0.0,0.0,0.0
no08,533967_01424_01604_0,1815,18:15,0.0,0.0,0.0
no08,533967_01424_01604_0,1830,18:30,0.0,0.0,0.0
no08,533967_01424_01604_0,1845,18:45,0.0,0.0,0.0
no08,533967_01424_01604_1,630,06:30,0.0,0.0,0.0
no08,533967_01424_01604_1,645,06:45,0.0,0.0,0.0
no08,533967_01424_01604_1,700,07:00,0.0,0.0,0.0
no08,533967_01424_01604_1,715,07:15,0.0,0.0,0.0
no08,533967_01424_01604_1,730,07:30,0.0,0.0,0.0
no08,533967_01424_01604_1,745,07:45,0.0,0.0,0.0
no08,533967_01424_01604_1,800,08:00,0.0,0.0,0.0
no08,533967_01424_01604_1,815,08:15,0.0,0.0,0.0
no08,533967_01424_01604_1,830,08:30,0.0,0.0,0.0
no08,533967_01424_01604_1,845,08:45,0.0,0.0,0.0
no08,533967_01424_01604_1,900,09:00,0.0,0.0,0.0
no08,533967_01424_01604_1,915,09:15,0.0,0.0,0.0
no08,533967_01424_01604_1,930,09:30,0.0,0.0,0.0
no08,533967_01424_01604_1,945,09:45,0.0,0.0,0.0
no08,533967_01424_01604_1,1000,10:00,0.0,0.0,0.0
no08,533967_01424_01604_1,1015,10:15,0.0,0.0,0.0
no08,533967_01424_01604_1,1030,10:30,0.0,0.0,0.0
no08,533967_01424_01604_1,1045,10:45,0.0,0.0,0.0
no08,533967_01424_01604_1,1100,11:00,0.0,0.0,0.0
no08,533967_01424_01604_1,1115,11:15,0.0,0.0,0.0
no08,533967_01424_01604_1,1130,11:30,0.0,0.0,0.0
no08,533967_01424_01604_1,1145,11:45,0.0,0.0,0.0
no08,533967_01424_01604_1,1200,12:00,0.0,0.0,0.0
no08,533967_01424_01604_1,1215,12:15,0.0,0.0,0.0
no08,533967_01424_01604_1,1230,12:30,0.0,0.0,0.0
no08,533967_01424_01604_1,1245,12:45,0.0,0.0,0.0
no08,533967_01424_01604_1,1300,13:00,0.0,0.0,0.0
no08,533967_01424_01604_1,1315,13:15,0.0,0.0,0.0
no08,533967_01424_01604_1,1330,13:30,0.0,0.0,0.0
no08,533967_01424_01604_1,1345,13:45,0.0,0.0,0.0
no08,533967_01424_01604_1,1400,14:00,0.0,0.0,0.0
no08,533967_01424_01604_1,1415,14:15,0.0,0.0,0.0
no08,533967_01424_01604_1,1430,14:30,0.0,0.0,0.0
no08,533967_01424_01604_1,1445,14:45,0.0,0.0,0.0
no08,533967_01424_01604_1,1500,15:00,0.0,0.0,0.0
no08,533967_01424_01604_1,1515,15:15,0.0,0.0,0.0
no08,533967_01424_01604_1,1530,15:30,0.0,0.0,0.0
no08,533967_01424_01604_1,1545,15:45,0.0,0.0,0.0
no08,533967_01424_01604_1,1600,16:00,0.0,0.0,0.0
no08,533967_01424_01604_1,1615,16:15,0.0,0.0,0.0
no08,533967_01424_01604_1,1630,16:30,0.0,0.0,0.0
no08,533967_01424_01604_1,1645,16:45,0.0,0.0,0.0
no08,533967_01424_01604_1,1700,17:00,0.0,0.0,0.0
no08,533967_01424_01604_1,1715,17:15,0.0,0.0,0.0
no08,533967_01424_01604_1,1730,17:30,0.0,0.0,0.0
no08,533967_01424_01604_1,1745,17:45,0.0,0.0,0.0
no08,533967_01424_01604_1,1800,18:00,0.0,0.0,0.0
no08,533967_01424_01604_1,1815,18:15,0.0,0.0,0.0
no08,533967_01424_01604_1,1830,18:30,0.0,0.0,0.0
no08,533967_01424_01604_1,1845,18:45,0.0,0.0,0.0
no08,533967_01424_01605_0,630,06:30,0.0,0.0,0.0
no08,533967_01424_01605_0,645,06:45,0.0,0.0,0.0
no08,533967_01424_01605_0,700,07:00,0.0,0.0,0.0
no08,533967_01424_01605_0,715,07:15,0.0,0.0,0.0
no08,533967_01424_01605_0,730,07:30,0.0,0.0,0.0
no08,533967_01424_01605_0,745,07:45,0.0,0.0,0.0
no08,533967_01424_01605_0,800,08:00,0.0,0.0,0.0
no08,533967_01424_01605_0,815,08:15,0.0,0.0,0.0
no08,533967_01424_01605_0,830,08:30,0.0,0.0,0.0
no08,533967_01424_01605_0,845,08:45,0.0,0.0,0.0
no08,533967_01424_01605_0,900,09:00,0.0,0.0,0.0
no08,533967_01424_01605_0,915,09:15,0.0,0.0,0.0
no08,533967_01424_01605_0,930,09:30,0.0,0.0,0.0
no08,533967_01424_01605_0,945,09:45,0.0,0.0,0.0
no08,533967_01424_01605_0,1000,10:00,0.0,0.0,0.0
no08,533967_01424_01605_0,1015,10:15,0.0,0.0,0.0
no08,533967_01424_01605_0,1030,10:30,0.0,0.0,0.0
no08,533967_01424_01605_0,1045,10:45,0.0,0.0,0.0
no08,533967_01424_01605_0,1100,11:00,0.0,0.0,0.0
no08,533967_01424_01605_0,1115,11:15,0.0,0.0,0.0
no08,533967_01424_01605_0,1130,11:30,0.0,0.0,0.0
no08,533967_01424_01605_0,1145,11:45,0.0,0.0,0.0
no08,533967_01424_01605_0,1200,12:00,0.0,0.0,0.0
no08,533967_01424_01605_0,1215,12:15,0.0,0.0,0.0
no08,533967_01424_01605_0,1230,12:30,0.0,0.0,0.0
no08,533967_01424_01605_0,1245,12:45,0.0,0.0,0.0
no08,533967_01424_01605_0,1300,13:00,0.0,0.0,0.0
no08,533967_01424_01605_0,1315,13:15,0.0,0.0,0.0
no08,533967_01424_01605_0,1330,13:30,0.0,0.0,0.0
no08,533967_01424_01605_0,1345,13:45,0.0,0.0,0.0
no08,533967_01424_01605_0,1400,14:00,0.0,0.0,0.0
no08,533967_01424_01605_0,1415,14:15,0.0,0.0,0.0
no08,533967_01424_01605_0,1430,14:30,0.0,0.0,0.0
no08,533967_01424_01605_0,1445,14:45,0.0,0.0,0.0
no08,533967_01424_01605_0,1500,15:00,0.0,0.0,0.0
no08,533967_01424_01605_0,1515,15:15,0.0,0.0,0.0
no08,533967_01424_01605_0,1530,15:30,0.0,0.0,0.0
no08,533967_01424_01605_0,1545,15:45,0.0,0.0,0.0
no08,533967_01424_01605_0,1600,16:00,0.0,0.0,0.0
no08,533967_01424_01605_0,1615,16:15,0.0,0.0,0.0
no08,533967_01424_01605_0,1630,16:30,0.0,0.0,0.0
no08,533967_01424_01605_0,1645,16:45,0.0,0.0,0.0
no08,533967_01424_01605_0,1700,17:00,0.0,0.0,0.0
no08,533967_01424_01605_0,1715,17:15,0.0,0.0,0.0
no08,533967_01424_01605_0,1730,17:30,0.0,0.0,0.0
no08,533967_01424_01605_0,1745,17:45,0.0,0.0,0.0
no08,533967_01424_01605_0,1800,18:00,0.0,0.0,0.0
no08,533967_01424_01605_0,1815,18:15,0.0,0.0,0.0
no08,533967_01424_01605_0,1830,18:30,0.0,0.0,0.0
no08,533967_01424_01605_0,1845,18:45,0.0,0.0,0.0
no08,533967_01424_01605_1,630,06:30,0.0,0.0,0.0
no08,533967_01424_01605_1,645,06:45,0.0,0.0,0.0
no08,533967_01424_01605_1,700,07:00,0.0,0.0,0.0
no08,533967_01424_01605_1,715,07:15,0.0,0.0,0.0
no08,533967_01424_01605_1,730,07:30,0.0,0.0,0.0
no08,533967_01424_01605_1,745,07:45,0.0,0.0,0.0
no08,533967_01424_01605_1,800,08:00,0.0,0.0,0.0
no08,533967_01424_01605_1,815,08:15,0.0,0.0,0.0
no08,533967_01424_01605_1,830,08:30,0.0,0.0,0.0
no08,533967_01424_01605_1,845,08:45,0.0,0.0,0.0
no08,533967_01424_01605_1,900,09:00,0.0,0.0,0.0
no08,533967_01424_01605_1,915,09:15,0.0,0.0,0.0
no08,533967_01424_01605_1,930,09:30,0.0,0.0,0.0
no08,533967_01424_01605_1,945,09:45,0.0,0.0,0.0
no08,533967_01424_01605_1,1000,10:00,0.0,0.0,0.0
no08,533967_01424_01605_1,1015,10:15,0.0,0.0,0.0
no08,533967_01424_01605_1,1030,10:30,0.0,0.0,0.0
no08,533967_01424_01605_1,1045,10:45,0.0,0.0,0.0
no08,533967_01424_01605_1,1100,11:00,0.0,0.0,0.0
no08,533967_01424_01605_1,1115,11:15,0.0,0.0,0.0
no08,533967_01424_01605_1,1130,11:30,0.0,0.0,0.0
no08,533967_01424_01605_1,1145,11:45,0.0,0.0,0.0
no08,533967_01424_01605_1,1200,12:00,0.0,0.0,0.0
no08,533967_01424_01605_1,1215,12:15,0.0,0.0,0.0
no08,533967_01424_01605_1,1230,12:30,0.0,0.0,0.0
no08,533967_01424_01605_1,1245,12:45,0.0,0.0,0.0
no08,533967_01424_01605_1,1300,13:00,0.0,0.0,0.0
no08,533967_01424_01605_1,1315,13:15,0.0,0.0,0.0
no08,533967_01424_01605_1,1330,13:30,0.0,0.0,0.0
no08,533967_01424_01605_1,1345,13:45,0.0,0.0,0.0
no08,533967_01424_01605_1,1400,14:00,0.0,0.0,0.0
no08,533967_01424_01605_1,1415,14:15,0.0,0.0,0.0
no08,533967_01424_01605_1,1430,14:30,0.0,0.0,0.0
no08,533967_01424_01605_1,1445,14:45,0.0,0.0,0.0
no08,533967_01424_01605_1,1500,15:00,0.0,0.0,0.0
no08,533967_01424_01605_1,1515,15:15,0.0,0.0,0.0
no08,533967_01424_01605_1,1530,15:30,0.0,0.0,0.0
no08,533967_01424_01605_1,1545,15:45,0.0,0.0,0.0
no08,533967_01424_01605_1,1600,16:00,0.0,0.0,0.0
no08,533967_01424_01605_1,1615,16:15,0.0,0.0,0.0
no08,533967_01424_01605_1,1630,16:30,0.0,0.0,0.0
no08,533967_01424_01605_1,1645,16:45,0.0,0.0,0.0
no08,533967_01424_01605_1,1700,17:00,0.0,0.0,0.0
no08,533967_01424_01605_1,1715,17:15,0.0,0.0,0.0
no08,533967_01424_01605_1,1730,17:30,0.0,0.0,0.0
no08,533967_01424_01605_1,1745,17:45,0.0,0.0,0.0
no08,533967_01424_01605_1,1800,18:00,0.0,0.0,0.0
no08,533967_01424_01605_1,1815,18:15,0.0,0.0,0.0
no08,533967_01424_01605_1,1830,18:30,0.0,0.0,0.0
no08,533967_01424_01605_1,1845,18:45,0.0,0.0,0.0
no08,533967_01530_13891_0,630,06:30,357.769,351.8684210526316,-5.900578947368388
no08,533967_01530_13891_0,645,06:45,500.76450000000006,507.1942105263158,6.429710526315773
no08,533967_01530_13891_0,700,07:00,284.731,297.5805263157895,12.84952631578949
no08,533967_01530_13891_0,715,07:15,214.1615,217.8915789473684,3.730078947368412
no08,533967_01530_13891_0,730,07:30,394.8035,438.5142105263158,43.710710526315836
no08,533967_01530_13891_0,745,07:45,335.8115,341.87999999999994,6.068499999999915
no08,533967_01530_13891_0,800,08:00,439.229,446.77263157894737,7.543631578947384
no08,533967_01530_13891_0,815,08:15,500.50200000000007,481.8115789473685,-18.690421052631564
no08,533967_01530_13891_0,830,08:30,512.554,579.8863157894737,67.33231578947368
no08,533967_01530_13891_0,845,08:45,602.331,687.0173684210527,84.68636842105263
no08,533967_01530_13891_0,900,09:00,369.1555,340.07105263157894,-29.08444736842108
no08,533967_01530_13891_0,915,09:15,286.689,285.3305263157895,-1.3584736842105372
no08,533967_01530_13891_0,930,09:30,387.318,393.4742105263158,6.156210526315817
no08,533967_01530_13891_0,945,09:45,345.0195,414.55,69.53050000000002
no08,533967_01530_13891_0,1000,10:00,507.2645,524.1757894736842,16.911289473684178
no08,533967_01530_13891_0,1015,10:15,567.1245,559.2447368421052,-7.879763157894786
no08,533967_01530_13891_0,1030,10:30,482.895,506.8321052631578,23.937105263157832
no08,533967_01530_13891_0,1045,10:45,383.2745,445.19631578947366,61.92181578947367
no08,533967_01530_13891_0,1100,11:00,464.174,533.4742105263158,69.30021052631582
no08,533967_01530_13891_0,1115,11:15,260.416,345.5031578947369,85.08715789473689
no08,533967_01530_13891_0,1130,11:30,400.2015,421.2521052631579,21.050605263157877
no08,533967_01530_13891_0,1145,11:45,296.25,335.9094736842105,39.659473684210525
no08,533967_01530_13891_0,1200,12:00,272.102,369.7731578947368,97.67115789473684
no08,533967_01530_13891_0,1215,12:15,306.4375,354.91263157894736,48.475131578947355
no08,533967_01530_13891_0,1230,12:30,376.199,375.5,-0.6990000000000123
no08,533967_01530_13891_0,1245,12:45,410.4215,391.02736842105264,-19.394131578947338
no08,533967_01530_13891_0,1300,13:00,534.458,571.4468421052632,36.98884210526319
no08,533967_01530_13891_0,1315,13:15,321.3155,318.4663157894737,-2.849184210526289
no08,533967_01530_13891_0,1330,13:30,269.192,295.6094736842105,26.417473684210506
no08,533967_01530_13891_0,1345,13:45,195.05,236.14,41.089999999999975
no08,533967_01530_13891_0,1400,14:00,281.19050000000004,377.1594736842105,95.96897368421048
no08,533967_01530_13891_0,1415,14:15,364.2625,443.538947368421,79.27644736842103
no08,533967_01530_13891_0,1430,14:30,570.1800000000001,558.7215789473684,-11.458421052631707
no08,533967_01530_13891_0,1445,14:45,327.784,352.77,24.98599999999999
no08,533967_01530_13891_0,1500,15:00,319.587,398.9484210526316,79.36142105263161
no08,533967_01530_13891_0,1515,15:15,288.2225,341.7805263157895,53.55802631578945
no08,533967_01530_13891_0,1530,15:30,434.2575,442.0352631578948,7.77776315789481
no08,533967_01530_13891_0,1545,15:45,374.8705,362.4005263157895,-12.469973684210515
no08,533967_01530_13891_0,1600,16:00,513.5105,603.7021052631579,90.19160526315795
no08,533967_01530_13891_0,1615,16:15,329.416,339.5521052631579,10.136105263157901
no08,533967_01530_13891_0,1630,16:30,680.2305,682.9552631578947,2.7247631578946994
no08,533967_01530_13891_0,1645,16:45,523.2265,557.2031578947368,33.97665789473683
no08,533967_01530_13891_0,1700,17:00,531.2479999999999,560.6578947368421,29.409894736842148
no08,533967_01530_13891_0,1715,17:15,603.8969999999999,598.6352631578948,-5.261736842105165
no08,533967_01530_13891_0,1730,17:30,465.7975,475.9478947368421,10.150394736842088
no08,533967_01530_13891_0,1745,17:45,600.3125,589.5568421052632,-10.755657894736828
no08,533967_01530_13891_0,1800,18:00,578.2035,570.8515789473685,-7.351921052631496
no08,533967_01530_13891_0,1815,18:15,289.322,265.8615789473684,-23.460421052631602
no08,533967_01530_13891_0,1830,18:30,295.166,356.82105263157894,61.65505263157894
no08,533967_01530_13891_0,1845,18:45,279.8455,283.391052631579,3.545552631578971
no08,533967_01530_13891_1,630,06:30,171.9495,172.63684210526316,0.6873421052631556
no08,533967_01530_13891_1,645,06:45,112.1045,113.42263157894736,1.3181315789473587
no08,533967_01530_13891_1,700,07:00,166.2045,165.5336842105263,-0.6708157894736928
no08,533967_01530_13891_1,715,07:15,274.90250000000003,278.47736842105263,3.5748684210525994
no08,533967_01530_13891_1,730,07:30,525.578,495.8,-29.777999999999963
no08,533967_01530_13891_1,745,07:45,430.3225000000001,419.7026315789474,-10.619868421052729
no08,533967_01530_13891_1,800,08:00,441.4845,433.1747368421052,-8.30976315789485
no08,533967_01530_13891_1,815,08:15,368.794,368.9757894736842,0.18178947368420495
no08,533967_01530_13891_1,830,08:30,477.266,457.678947368421,-19.587052631579013
no08,533967_01530_13891_1,845,08:45,377.904,365.57631578947365,-12.327684210526343
no08,533967_01530_13891_1,900,09:00,389.39,382.7484210526316,-6.641578947368373
no08,533967_01530_13891_1,915,09:15,282.2065,268.21526315789475,-13.991236842105252
no08,533967_01530_13891_1,930,09:30,292.4135,322.83736842105264,30.423868421052646
no08,533967_01530_13891_1,945,09:45,266.604,265.8673684210527,-0.7366315789473106
no08,533967_01530_13891_1,1000,10:00,318.7825,314.9531578947368,-3.8293421052632084
no08,533967_01530_13891_1,1015,10:15,359.801,375.6657894736842,15.864789473684198
no08,533967_01530_13891_1,1030,10:30,311.19,293.5005263157895,-17.689473684210498
no08,533967_01530_13891_1,1045,10:45,361.5505,367.8968421052632,6.346342105263204
no08,533967_01530_13891_1,1100,11:00,358.3705,359.7394736842105,1.3689736842105162
no08,533967_01530_13891_1,1115,11:15,705.1764999999999,706.3131578947368,1.1366578947369135
no08,533967_01530_13891_1,1130,11:30,317.952,326.17578947368423,8.223789473684235
no08,533967_01530_13891_1,1145,11:45,450.691,452.74157894736845,2.0505789473684786
no08,533967_01530_13891_1,1200,12:00,520.7355,503.44947368421055,-17.286026315789456
no08,533967_01530_13891_1,1215,12:15,596.05,600.4910526315789,4.441052631578941
no08,533967_01530_13891_1,1230,12:30,670.097,687.1036842105262,17.00668421052626
no08,533967_01530_13891_1,1245,12:45,497.15,499.3363157894736,2.1863157894736105
no08,533967_01530_13891_1,1300,13:00,524.2225,517.8268421052632,-6.395657894736814
no08,533967_01530_13891_1,1315,13:15,344.964,332.0757894736842,-12.888210526315788
no08,533967_01530_13891_1,1330,13:30,547.998,553.4784210526316,5.480421052631527
no08,533967_01530_13891_1,1345,13:45,371.2765,372.98263157894735,1.7061315789473497
no08,533967_01530_13891_1,1400,14:00,569.699,566.4926315789475,-3.2063684210525025
no08,533967_01530_13891_1,1415,14:15,343.7765,370.2494736842105,26.4729736842105
no08,533967_01530_13891_1,1430,14:30,401.728,389.2015789473684,-12.526421052631633
no08,533967_01530_13891_1,1445,14:45,373.141,399.9457894736842,26.804789473684195
no08,533967_01530_13891_1,1500,15:00,458.8665,456.6147368421053,-2.251763157894686
no08,533967_01530_13891_1,1515,15:15,312.1145,309.1368421052632,-2.977657894736808
no08,533967_01530_13891_1,1530,15:30,392.159,390.80947368421056,-1.3495263157894328
no08,533967_01530_13891_1,1545,15:45,294.9545,299.4436842105263,4.489184210526332
no08,533967_01530_13891_1,1600,16:00,402.786,543.7021052631579,140.91610526315793
no08,533967_01530_13891_1,1615,16:15,422.81450000000007,446.46473684210525,23.650236842105187
no08,533967_01530_13891_1,1630,16:30,548.292,535.1578947368421,-13.134105263157949
no08,533967_01530_13891_1,1645,16:45,490.84,518.5631578947368,27.723157894736858
no08,533967_01530_13891_1,1700,17:00,475.011,473.47684210526313,-1.534157894736893
no08,533967_01530_13891_1,1715,17:15,483.93950000000007,472.0578947368421,-11.881605263157951
no08,533967_01530_13891_1,1730,17:30,531.874,544.2973684210526,12.4233684210526
no08,533967_01530_13891_1,1745,17:45,586.7345,610.65,23.915499999999952
no08,533967_01530_13891_1,1800,18:00,602.119,592.2331578947369,-9.885842105263123
no08,533967_01530_13891_1,1815,18:15,525.632,503.68,-21.95199999999994
no08,533967_01530_13891_1,1830,18:30,663.491,746.5931578947369,83.10215789473693
no08,533967_01530_13891_1,1845,18:45,345.868,363.2163157894736,17.348315789473588
no08,533967_01555_01556_0,630,06:30,0.0,0.0,0.0
no08,533967_01555_01556_0,645,06:45,0.0,0.0,0.0
no08,533967_01555_01556_0,700,07:00,0.0,0.0,0.0
no08,533967_01555_01556_0,715,07:15,0.0,0.0,0.0
no08,533967_01555_01556_0,730,07:30,0.0,0.0,0.0
no08,533967_01555_01556_0,745,07:45,0.0,0.0,0.0
no08,533967_01555_01556_0,800,08:00,0.0,0.0,0.0
no08,533967_01555_01556_0,815,08:15,0.0,0.0,0.0
no08,533967_01555_01556_0,830,08:30,0.0,0.0,0.0
no08,533967_01555_01556_0,845,08:45,0.0,0.0,0.0
no08,533967_01555_01556_0,900,09:00,0.0,0.0,0.0
no08,533967_01555_01556_0,915,09:15,0.0,0.0,0.0
no08,533967_01555_01556_0,930,09:30,0.0,0.0,0.0
no08,533967_01555_01556_0,945,09:45,0.0,0.0,0.0
no08,533967_01555_01556_0,1000,10:00,0.0,0.0,0.0
no08,533967_01555_01556_0,1015,10:15,0.0,0.0,0.0
no08,533967_01555_01556_0,1030,10:30,0.0,0.0,0.0
no08,533967_01555_01556_0,1045,10:45,0.0,0.0,0.0
no08,533967_01555_01556_0,1100,11:00,0.0,0.0,0.0
no08,533967_01555_01556_0,1115,11:15,0.0,0.0,0.0
no08,533967_01555_01556_0,1130,11:30,0.0,0.0,0.0
no08,533967_01555_01556_0,1145,11:45,0.0,0.0,0.0
no08,533967_01555_01556_0,1200,12:00,0.0,0.0,0.0
no08,533967_01555_01556_0,1215,12:15,0.0,0.0,0.0
no08,533967_01555_01556_0,1230,12:30,0.0,0.0,0.0
no08,533967_01555_01556_0,1245,12:45,0.0,0.0,0.0
no08,533967_01555_01556_0,1300,13:00,0.0,0.0,0.0
no08,533967_01555_01556_0,1315,13:15,0.0,0.0,0.0
no08,533967_01555_01556_0,1330,13:30,0.0,0.0,0.0
no08,533967_01555_01556_0,1345,13:45,0.0,0.0,0.0
no08,533967_01555_01556_0,1400,14:00,0.0,0.0,0.0
no08,533967_01555_01556_0,1415,14:15,0.0,0.0,0.0
no08,533967_01555_01556_0,1430,14:30,0.0,0.0,0.0
no08,533967_01555_01556_0,1445,14:45,0.0,0.0,0.0
no08,533967_01555_01556_0,1500,15:00,0.0,0.0,0.0
no08,533967_01555_01556_0,1515,15:15,0.0,0.0,0.0
no08,533967_01555_01556_0,1530,15:30,0.0,0.0,0.0
no08,533967_01555_01556_0,1545,15:45,0.0,0.0,0.0
no08,533967_01555_01556_0,1600,16:00,0.0,0.0,0.0
no08,533967_01555_01556_0,1615,16:15,0.0,0.0,0.0
no08,533967_01555_01556_0,1630,16:30,0.0,0.0,0.0
no08,533967_01555_01556_0,1645,16:45,0.0,0.0,0.0
no08,533967_01555_01556_0,1700,17:00,0.0,0.0,0.0
no08,533967_01555_01556_0,1715,17:15,0.0,0.0,0.0
no08,533967_01555_01556_0,1730,17:30,0.0,0.0,0.0
no08,533967_01555_01556_0,1745,17:45,0.0,0.0,0.0
no08,533967_01555_01556_0,1800,18:00,0.0,0.0,0.0
no08,533967_01555_01556_0,1815,18:15,0.0,0.0,0.0
no08,533967_01555_01556_0,1830,18:30,0.0,0.0,0.0
no08,533967_01555_01556_0,1845,18:45,0.0,0.0,0.0
no08,533967_01555_01556_1,630,06:30,0.0,0.0,0.0
no08,533967_01555_01556_1,645,06:45,0.0,0.0,0.0
no08,533967_01555_01556_1,700,07:00,0.0,0.0,0.0
no08,533967_01555_01556_1,715,07:15,0.0,0.0,0.0
no08,533967_01555_01556_1,730,07:30,0.0,0.0,0.0
no08,533967_01555_01556_1,745,07:45,0.0,0.0,0.0
no08,533967_01555_01556_1,800,08:00,0.0,0.0,0.0
no08,533967_01555_01556_1,815,08:15,0.0,0.0,0.0
no08,533967_01555_01556_1,830,08:30,0.0,0.0,0.0
no08,533967_01555_01556_1,845,08:45,0.0,0.0,0.0
no08,533967_01555_01556_1,900,09:00,0.0,0.0,0.0
no08,533967_01555_01556_1,915,09:15,0.0,0.0,0.0
no08,533967_01555_01556_1,930,09:30,0.0,0.0,0.0
no08,533967_01555_01556_1,945,09:45,0.0,0.0,0.0
no08,533967_01555_01556_1,1000,10:00,0.0,0.0,0.0
no08,533967_01555_01556_1,1015,10:15,0.0,0.0,0.0
no08,533967_01555_01556_1,1030,10:30,0.0,0.0,0.0
no08,533967_01555_01556_1,1045,10:45,0.0,0.0,0.0
no08,533967_01555_01556_1,1100,11:00,0.0,0.0,0.0
no08,533967_01555_01556_1,1115,11:15,0.0,0.0,0.0
no08,533967_01555_01556_1,1130,11:30,0.0,0.0,0.0
no08,533967_01555_01556_1,1145,11:45,0.0,0.0,0.0
no08,533967_01555_01556_1,1200,12:00,0.0,0.0,0.0
no08,533967_01555_01556_1,1215,12:15,0.0,0.0,0.0
no08,533967_01555_01556_1,1230,12:30,0.0,0.0,0.0
no08,533967_01555_01556_1,1245,12:45,0.0,0.0,0.0
no08,533967_01555_01556_1,1300,13:00,0.0,0.0,0.0
no08,533967_01555_01556_1,1315,13:15,0.0,0.0,0.0
no08,533967_01555_01556_1,1330,13:30,0.0,0.0,0.0
no08,533967_01555_01556_1,1345,13:45,0.0,0.0,0.0
no08,533967_01555_01556_1,1400,14:00,0.0,0.0,0.0
no08,533967_01555_01556_1,1415,14:15,0.0,0.0,0.0
no08,533967_01555_01556_1,1430,14:30,0.0,0.0,0.0
no08,533967_01555_01556_1,1445,14:45,0.0,0.0,0.0
no08,533967_01555_01556_1,1500,15:00,0.0,0.0,0.0
no08,533967_01555_01556_1,1515,15:15,0.0,0.0,0.0
no08,533967_01555_01556_1,1530,15:30,0.0,0.0,0.0
no08,533967_01555_01556_1,1545,15:45,0.0,0.0,0.0
no08,533967_01555_01556_1,1600,16:00,0.0,0.0,0.0
no08,533967_01555_01556_1,1615,16:15,0.0,0.0,0.0
no08,533967_01555_01556_1,1630,16:30,0.0,0.0,0.0
no08,533967_01555_01556_1,1645,16:45,0.0,0.0,0.0
no08,533967_01555_01556_1,1700,17:00,0.0,0.0,0.0
no08,533967_01555_01556_1,1715,17:15,0.0,0.0,0.0
no08,533967_01555_01556_1,1730,17:30,0.0,0.0,0.0
no08,533967_01555_01556_1,1745,17:45,0.0,0.0,0.0
no08,533967_01555_01556_1,1800,18:00,0.0,0.0,0.0
no08,533967_01555_01556_1,1815,18:15,0.0,0.0,0.0
no08,533967_01555_01556_1,1830,18:30,0.0,0.0,0.0
no08,533967_01555_01556_1,1845,18:45,0.0,0.0,0.0
no08,533967_01555_13718_0,630,06:30,0.0,0.0,0.0
no08,533967_01555_13718_0,645,06:45,0.0,0.0,0.0
no08,533967_01555_13718_0,700,07:00,0.0,0.0,0.0
no08,533967_01555_13718_0,715,07:15,0.0,0.0,0.0
no08,533967_01555_13718_0,730,07:30,0.0,0.0,0.0
no08,533967_01555_13718_0,745,07:45,0.0,0.0,0.0
no08,533967_01555_13718_0,800,08:00,0.0,0.0,0.0
no08,533967_01555_13718_0,815,08:15,0.0,0.0,0.0
no08,533967_01555_13718_0,830,08:30,0.0,0.0,0.0
no08,533967_01555_13718_0,845,08:45,0.0,0.0,0.0
no08,533967_01555_13718_0,900,09:00,0.0,0.0,0.0
no08,533967_01555_13718_0,915,09:15,0.0,0.0,0.0
no08,533967_01555_13718_0,930,09:30,0.0,0.0,0.0
no08,533967_01555_13718_0,945,09:45,0.0,0.0,0.0
no08,533967_01555_13718_0,1000,10:00,0.0,0.0,0.0
no08,533967_01555_13718_0,1015,10:15,0.0,0.0,0.0
no08,533967_01555_13718_0,1030,10:30,0.0,0.0,0.0
no08,533967_01555_13718_0,1045,10:45,0.0,0.0,0.0
no08,533967_01555_13718_0,1100,11:00,0.0,0.0,0.0
no08,533967_01555_13718_0,1115,11:15,0.0,0.0,0.0
no08,533967_01555_13718_0,1130,11:30,0.0,0.0,0.0
no08,533967_01555_13718_0,1145,11:45,0.0,0.0,0.0
no08,533967_01555_13718_0,1200,12:00,0.0,0.0,0.0
no08,533967_01555_13718_0,1215,12:15,0.0,0.0,0.0
no08,533967_01555_13718_0,1230,12:30,0.0,0.0,0.0
no08,533967_01555_13718_0,1245,12:45,0.0,0.0,0.0
no08,533967_01555_13718_0,1300,13:00,0.0,0.0,0.0
no08,533967_01555_13718_0,1315,13:15,0.0,0.0,0.0
no08,533967_01555_13718_0,1330,13:30,0.0,0.0,0.0
no08,533967_01555_13718_0,1345,13:45,0.0,0.0,0.0
no08,533967_01555_13718_0,1400,14:00,0.0,0.0,0.0
no08,533967_01555_13718_0,1415,14:15,0.0,0.0,0.0
no08,533967_01555_13718_0,1430,14:30,0.0,0.0,0.0
no08,533967_01555_13718_0,1445,14:45,0.0,0.0,0.0
no08,533967_01555_13718_0,1500,15:00,0.0,0.0,0.0
no08,533967_01555_13718_0,1515,15:15,0.0,0.0,0.0
no08,533967_01555_13718_0,1530,15:30,0.0,0.0,0.0
no08,533967_01555_13718_0,1545,15:45,0.0,0.0,0.0
no08,533967_01555_13718_0,1600,16:00,0.0,0.0,0.0
no08,533967_01555_13718_0,1615,16:15,0.0,0.0,0.0
no08,533967_01555_13718_0,1630,16:30,0.0,0.0,0.0
no08,533967_01555_13718_0,1645,16:45,0.0,0.0,0.0
no08,533967_01555_13718_0,1700,17:00,0.0,0.0,0.0
no08,533967_01555_13718_0,1715,17:15,0.0,0.0,0.0
no08,533967_01555_13718_0,1730,17:30,0.0,0.0,0.0
no08,533967_01555_13718_0,1745,17:45,0.0,0.0,0.0
no08,533967_01555_13718_0,1800,18:00,0.0,0.0,0.0
no08,533967_01555_13718_0,1815,18:15,0.0,0.0,0.0
no08,533967_01555_13718_0,1830,18:30,0.0,0.0,0.0
no08,533967_01555_13718_0,1845,18:45,0.0,0.0,0.0
no08,533967_01555_13718_1,630,06:30,0.0,0.0,0.0
no08,533967_01555_13718_1,645,06:45,0.0,0.0,0.0
no08,533967_01555_13718_1,700,07:00,0.0,0.0,0.0
no08,533967_01555_13718_1,715,07:15,0.0,0.0,0.0
no08,533967_01555_13718_1,730,07:30,0.0,0.0,0.0
no08,533967_01555_13718_1,745,07:45,0.0,0.0,0.0
no08,533967_01555_13718_1,800,08:00,0.0,0.0,0.0
no08,533967_01555_13718_1,815,08:15,0.0,0.0,0.0
no08,533967_01555_13718_1,830,08:30,0.0,0.0,0.0
no08,533967_01555_13718_1,845,08:45,0.0,0.0,0.0
no08,533967_01555_13718_1,900,09:00,0.0,0.0,0.0
no08,533967_01555_13718_1,915,09:15,0.0,0.0,0.0
no08,533967_01555_13718_1,930,09:30,0.0,0.0,0.0
no08,533967_01555_13718_1,945,09:45,0.0,0.0,0.0
no08,533967_01555_13718_1,1000,10:00,0.0,0.0,0.0
no08,533967_01555_13718_1,1015,10:15,0.0,0.0,0.0
no08,533967_01555_13718_1,1030,10:30,0.0,0.0,0.0
no08,533967_01555_13718_1,1045,10:45,0.0,0.0,0.0
no08,533967_01555_13718_1,1100,11:00,0.0,0.0,0.0
no08,533967_01555_13718_1,1115,11:15,0.0,0.0,0.0
no08,533967_01555_13718_1,1130,11:30,0.0,0.0,0.0
no08,533967_01555_13718_1,1145,11:45,0.0,0.0,0.0
no08,533967_01555_13718_1,1200,12:00,0.0,0.0,0.0
no08,533967_01555_13718_1,1215,12:15,0.0,0.0,0.0
no08,533967_01555_13718_1,1230,12:30,0.0,0.0,0.0
no08,533967_01555_13718_1,1245,12:45,0.0,0.0,0.0
no08,533967_01555_13718_1,1300,13:00,0.0,0.0,0.0
no08,533967_01555_13718_1,1315,13:15,0.0,0.0,0.0
no08,533967_01555_13718_1,1330,13:30,0.0,0.0,0.0
no08,533967_01555_13718_1,1345,13:45,0.0,0.0,0.0
no08,533967_01555_13718_1,1400,14:00,0.0,0.0,0.0
no08,533967_01555_13718_1,1415,14:15,0.0,0.0,0.0
no08,533967_01555_13718_1,1430,14:30,0.0,0.0,0.0
no08,533967_01555_13718_1,1445,14:45,0.0,0.0,0.0
no08,533967_01555_13718_1,1500,15:00,0.0,0.0,0.0
no08,533967_01555_13718_1,1515,15:15,0.0,0.0,0.0
no08,533967_01555_13718_1,1530,15:30,0.0,0.0,0.0
no08,533967_01555_13718_1,1545,15:45,0.0,0.0,0.0
no08,533967_01555_13718_1,1600,16:00,0.0,0.0,0.0
no08,533967_01555_13718_1,1615,16:15,0.0,0.0,0.0
no08,533967_01555_13718_1,1630,16:30,0.0,0.0,0.0
no08,533967_01555_13718_1,1645,16:45,0.0,0.0,0.0
no08,533967_01555_13718_1,1700,17:00,0.0,0.0,0.0
no08,533967_01555_13718_1,1715,17:15,0.0,0.0,0.0
no08,533967_01555_13718_1,1730,17:30,0.0,0.0,0.0
no08,533967_01555_13718_1,1745,17:45,0.0,0.0,0.0
no08,533967_01555_13718_1,1800,18:00,0.0,0.0,0.0
no08,533967_01555_13718_1,1815,18:15,0.0,0.0,0.0
no08,533967_01555_13718_1,1830,18:30,0.0,0.0,0.0
no08,533967_01555_13718_1,1845,18:45,0.0,0.0,0.0
no08,533967_01555_14156_0,630,06:30,232.204,262.8215789473684,30.617578947368372
no08,533967_01555_14156_0,645,06:45,216.7985,227.55210526315787,10.75360526315788
no08,533967_01555_14156_0,700,07:00,318.47400000000005,350.3336842105263,31.859684210526268
no08,533967_01555_14156_0,715,07:15,345.676,425.82631578947365,80.15031578947367
no08,533967_01555_14156_0,730,07:30,394.121,428.8115789473685,34.69057894736852
no08,533967_01555_14156_0,745,07:45,448.857,573.3384210526316,124.48142105263156
no08,533967_01555_14156_0,800,08:00,577.551,666.8321052631578,89.28110526315777
no08,533967_01555_14156_0,815,08:15,497.353,604.7073684210527,107.3543684210527
no08,533967_01555_14156_0,830,08:30,455.617,557.9352631578947,102.3182631578947
no08,533967_01555_14156_0,845,08:45,466.881,550.808947368421,83.92794736842097
no08,533967_01555_14156_0,900,09:00,369.917,447.78421052631575,77.86721052631577
no08,533967_01555_14156_0,915,09:15,450.789,526.9442105263158,76.15521052631584
no08,533967_01555_14156_0,930,09:30,480.3785,560.3763157894737,79.99781578947369
no08,533967_01555_14156_0,945,09:45,214.8955,263.8442105263158,48.94871052631581
no08,533967_01555_14156_0,1000,10:00,264.2305,334.19631578947366,69.96581578947365
no08,533967_01555_14156_0,1015,10:15,272.031,319.57894736842104,47.547947368421035
no08,533967_01555_14156_0,1030,10:30,341.7585,441.4268421052632,99.66834210526315
no08,533967_01555_14156_0,1045,10:45,231.844,253.3284210526316,21.484421052631603
no08,533967_01555_14156_0,1100,11:00,193.5885,211.86263157894737,18.27413157894736
no08,533967_01555_14156_0,1115,11:15,188.0095,233.6831578947368,45.673657894736806
no08,533967_01555_14156_0,1130,11:30,355.15500000000003,417.6115789473684,62.45657894736837
no08,533967_01555_14156_0,1145,11:45,235.821,239.62,3.7990000000000066
no08,533967_01555_14156_0,1200,12:00,284.2245,320.1152631578948,35.89076315789481
no08,533967_01555_14156_0,1215,12:15,314.3965,348.56315789473683,34.16665789473683
no08,533967_01555_14156_0,1230,12:30,196.804,234.0394736842105,37.23547368421049
no08,533967_01555_14156_0,1245,12:45,397.751,446.0605263157895,48.309526315789526
no08,533967_01555_14156_0,1300,13:00,391.8895,423.4247368421052,31.535236842105178
no08,533967_01555_14156_0,1315,13:15,348.095,378.3478947368421,30.25289473684205
no08,533967_01555_14156_0,1330,13:30,180.007,211.2,31.192999999999984
no08,533967_01555_14156_0,1345,13:45,254.944,267.6689473684211,12.724947368421084
no08,533967_01555_14156_0,1400,14:00,240.915,262.5547368421053,21.639736842105293
no08,533967_01555_14156_0,1415,14:15,182.4425,219.32526315789477,36.88276315789477
no08,533967_01555_14156_0,1430,14:30,393.1975,465.3336842105263,72.13618421052632
no08,533967_01555_14156_0,1445,14:45,497.7655,523.7021052631579,25.936605263157958
no08,533967_01555_14156_0,1500,15:00,319.6275,317.62368421052633,-2.003815789473663
no08,533967_01555_14156_0,1515,15:15,197.902,265.15000000000003,67.24800000000005
no08,533967_01555_14156_0,1530,15:30,261.257,294.5842105263158,33.32721052631581
no08,533967_01555_14156_0,1545,15:45,292.3415,317.0626315789474,24.721131578947393
no08,533967_01555_14156_0,1600,16:00,610.832,476.0468421052631,-134.78515789473687
no08,533967_01555_14156_0,1615,16:15,237.929,264.641052631579,26.712052631578985
no08,533967_01555_14156_0,1630,16:30,193.111,274.50105263157894,81.39005263157895
no08,533967_01555_14156_0,1645,16:45,343.119,349.69473684210527,6.575736842105243
no08,533967_01555_14156_0,1700,17:00,398.216,443.18263157894734,44.96663157894733
no08,533967_01555_14156_0,1715,17:15,337.439,433.74105263157895,96.30205263157893
no08,533967_01555_14156_0,1730,17:30,301.87,361.4284210526316,59.558421052631616
no08,533967_01555_14156_0,1745,17:45,146.607,206.67894736842103,60.071947368421036
no08,533967_01555_14156_0,1800,18:00,193.5515,271.2552631578948,77.70376315789477
no08,533967_01555_14156_0,1815,18:15,341.294,433.8405263157894,92.54652631578944
no08,533967_01555_14156_0,1830,18:30,201.359,172.57263157894738,-28.78636842105263
no08,533967_01555_14156_0,1845,18:45,189.121,235.87684210526317,46.755842105263156
no08,533967_01555_14156_1,630,06:30,154.3435,172.16684210526316,17.82334210526315
no08,533967_01555_14156_1,645,06:45,319.1625,357.8863157894737,38.72381578947369
no08,533967_01555_14156_1,700,07:00,333.4085,320.4763157894737,-12.932184210526316
no08,533967_01555_14156_1,715,07:15,641.6315000000001,805.9047368421053,164.27323684210523
no08,533967_01555_14156_1,730,07:30,848.5195,999.2084210526316,150.6889210526316
no08,533967_01555_14156_1,745,07:45,594.42,693.1931578947368,98.77315789473687
no08,533967_01555_14156_1,800,08:00,688.4114999999999,989.1547368421052,300.74323684210526
no08,533967_01555_14156_1,815,08:15,746.417,1259.847894736842,513.4308947368419
no08,533967_01555_14156_1,830,08:30,886.4765,1042.3973684210523,155.92086842105232
no08,533967_01555_14156_1,845,08:45,768.193,796.9884210526316,28.795421052631582
no08,533967_01555_14156_1,900,09:00,705.5,853.9457894736842,148.44578947368416
no08,533967_01555_14156_1,915,09:15,454.802,631.9657894736843,177.16378947368423
no08,533967_01555_14156_1,930,09:30,515.0415,598.6436842105263,83.60218421052627
no08,533967_01555_14156_1,945,09:45,803.708,805.0557894736842,1.3477894736842018
no08,533967_01555_14156_1,1000,10:00,718.3605,789.5573684210526,71.19686842105261
no08,533967_01555_14156_1,1015,10:15,565.5085,707.641052631579,142.13255263157896
no08,533967_01555_14156_1,1030,10:30,593.289,709.0089473684211,115.71994736842112
no08,533967_01555_14156_1,1045,10:45,702.652,725.0494736842105,22.397473684210468
no08,533967_01555_14156_1,1100,11:00,830.7325000000001,839.1136842105263,8.381184210526271
no08,533967_01555_14156_1,1115,11:15,557.892,548.9452631578947,-8.946736842105338
no08,533967_01555_14156_1,1130,11:30,415.585,412.76473684210526,-2.820263157894715
no08,533967_01555_14156_1,1145,11:45,874.247,1056.1057894736844,181.8587894736844
no08,533967_01555_14156_1,1200,12:00,696.2985,669.0442105263159,-27.25428947368414
no08,533967_01555_14156_1,1215,12:15,580.428,549.6894736842105,-30.7385263157895
no08,533967_01555_14156_1,1230,12:30,548.318,621.3526315789474,73.03463157894737
no08,533967_01555_14156_1,1245,12:45,333.248,392.38,59.132000000000005
no08,533967_01555_14156_1,1300,13:00,525.044,553.7436842105263,28.699684210526357
no08,533967_01555_14156_1,1315,13:15,559.551,662.5284210526315,102.97742105263148
no08,533967_01555_14156_1,1330,13:30,311.3415,347.6621052631579,36.320605263157915
no08,533967_01555_14156_1,1345,13:45,716.678,785.4605263157895,68.78252631578948
no08,533967_01555_14156_1,1400,14:00,659.9825,668.3905263157894,8.40802631578947
no08,533967_01555_14156_1,1415,14:15,511.1625,446.9226315789474,-64.23986842105262
no08,533967_01555_14156_1,1430,14:30,652.9795,736.7263157894737,83.74681578947366
no08,533967_01555_14156_1,1445,14:45,470.6365,527.5415789473685,56.90507894736851
no08,533967_01555_14156_1,1500,15:00,665.5600000000001,619.0705263157895,-46.489473684210566
no08,533967_01555_14156_1,1515,15:15,719.569,778.5094736842105,58.94047368421059
no08,533967_01555_14156_1,1530,15:30,611.638,706.682105263158,95.04410526315792
no08,533967_01555_14156_1,1545,15:45,508.7025,622.3268421052632,113.62434210526317
no08,533967_01555_14156_1,1600,16:00,741.2605000000001,684.1842105263158,-57.076289473684255
no08,533967_01555_14156_1,1615,16:15,877.344,931.965789473684,54.621789473683975
no08,533967_01555_14156_1,1630,16:30,594.7955,623.2152631578947,28.41976315789475
no08,533967_01555_14156_1,1645,16:45,549.2515000000001,631.5747368421053,82.32323684210519
no08,533967_01555_14156_1,1700,17:00,725.989,931.937894736842,205.94889473684202
no08,533967_01555_14156_1,1715,17:15,810.1305,993.751052631579,183.62055263157902
no08,533967_01555_14156_1,1730,17:30,663.566,768.2047368421053,104.63873684210523
no08,533967_01555_14156_1,1745,17:45,682.147,879.1652631578947,197.0182631578947
no08,533967_01555_14156_1,1800,18:00,741.6975,877.0821052631579,135.38460526315794
no08,533967_01555_14156_1,1815,18:15,550.158,719.7368421052631,169.5788421052631
no08,533967_01555_14156_1,1830,18:30,523.369,619.0347368421053,95.66573684210528
no08,533967_01555_14156_1,1845,18:45,460.551,578.7021052631579,118.15110526315794
no08,533967_01556_01656_0,630,06:30,0.0,0.0,0.0
no08,533967_01556_01656_0,645,06:45,0.0,0.0,0.0
no08,533967_01556_01656_0,700,07:00,0.0,0.0,0.0
no08,533967_01556_01656_0,715,07:15,0.0,0.0,0.0
no08,533967_01556_01656_0,730,07:30,0.0,0.0,0.0
no08,533967_01556_01656_0,745,07:45,0.0,0.0,0.0
no08,533967_01556_01656_0,800,08:00,0.0,0.0,0.0
no08,533967_01556_01656_0,815,08:15,0.0,0.0,0.0
no08,533967_01556_01656_0,830,08:30,0.0,0.0,0.0
no08,533967_01556_01656_0,845,08:45,0.0,0.0,0.0
no08,533967_01556_01656_0,900,09:00,0.0,0.0,0.0
no08,533967_01556_01656_0,915,09:15,0.0,0.0,0.0
no08,533967_01556_01656_0,930,09:30,0.0,0.0,0.0
no08,533967_01556_01656_0,945,09:45,0.0,0.0,0.0
no08,533967_01556_01656_0,1000,10:00,0.0,0.0,0.0
no08,533967_01556_01656_0,1015,10:15,0.0,0.0,0.0
no08,533967_01556_01656_0,1030,10:30,0.0,0.0,0.0
no08,533967_01556_01656_0,1045,10:45,0.0,0.0,0.0
no08,533967_01556_01656_0,1100,11:00,0.0,0.0,0.0
no08,533967_01556_01656_0,1115,11:15,0.0,0.0,0.0
no08,533967_01556_01656_0,1130,11:30,0.0,0.0,0.0
no08,533967_01556_01656_0,1145,11:45,0.0,0.0,0.0
no08,533967_01556_01656_0,1200,12:00,0.0,0.0,0.0
no08,533967_01556_01656_0,1215,12:15,0.0,0.0,0.0
no08,533967_01556_01656_0,1230,12:30,0.0,0.0,0.0
no08,533967_01556_01656_0,1245,12:45,0.0,0.0,0.0
no08,533967_01556_01656_0,1300,13:00,0.0,0.0,0.0
no08,533967_01556_01656_0,1315,13:15,0.0,0.0,0.0
no08,533967_01556_01656_0,1330,13:30,0.0,0.0,0.0
no08,533967_01556_01656_0,1345,13:45,0.0,0.0,0.0
no08,533967_01556_01656_0,1400,14:00,0.0,0.0,0.0
no08,533967_01556_01656_0,1415,14:15,0.0,0.0,0.0
no08,533967_01556_01656_0,1430,14:30,0.0,0.0,0.0
no08,533967_01556_01656_0,1445,14:45,0.0,0.0,0.0
no08,533967_01556_01656_0,1500,15:00,0.0,0.0,0.0
no08,533967_01556_01656_0,1515,15:15,0.0,0.0,0.0
no08,533967_01556_01656_0,1530,15:30,0.0,0.0,0.0
no08,533967_01556_01656_0,1545,15:45,0.0,0.0,0.0
no08,533967_01556_01656_0,1600,16:00,0.0,0.0,0.0
no08,533967_01556_01656_0,1615,16:15,0.0,0.0,0.0
no08,533967_01556_01656_0,1630,16:30,0.0,0.0,0.0
no08,533967_01556_01656_0,1645,16:45,0.0,0.0,0.0
no08,533967_01556_01656_0,1700,17:00,0.0,0.0,0.0
no08,533967_01556_01656_0,1715,17:15,0.0,0.0,0.0
no08,533967_01556_01656_0,1730,17:30,0.0,0.0,0.0
no08,533967_01556_01656_0,1745,17:45,0.0,0.0,0.0
no08,533967_01556_01656_0,1800,18:00,0.0,0.0,0.0
no08,533967_01556_01656_0,1815,18:15,0.0,0.0,0.0
no08,533967_01556_01656_0,1830,18:30,0.0,0.0,0.0
no08,533967_01556_01656_0,1845,18:45,0.0,0.0,0.0
no08,533967_01556_01656_1,630,06:30,0.0,0.0,0.0
no08,533967_01556_01656_1,645,06:45,0.0,0.0,0.0
no08,533967_01556_01656_1,700,07:00,0.0,0.0,0.0
no08,533967_01556_01656_1,715,07:15,0.0,0.0,0.0
no08,533967_01556_01656_1,730,07:30,0.0,0.0,0.0
no08,533967_01556_01656_1,745,07:45,0.0,0.0,0.0
no08,533967_01556_01656_1,800,08:00,0.0,0.0,0.0
no08,533967_01556_01656_1,815,08:15,0.0,0.0,0.0
no08,533967_01556_01656_1,830,08:30,0.0,0.0,0.0
no08,533967_01556_01656_1,845,08:45,0.0,0.0,0.0
no08,533967_01556_01656_1,900,09:00,0.0,0.0,0.0
no08,533967_01556_01656_1,915,09:15,0.0,0.0,0.0
no08,533967_01556_01656_1,930,09:30,0.0,0.0,0.0
no08,533967_01556_01656_1,945,09:45,0.0,0.0,0.0
no08,533967_01556_01656_1,1000,10:00,0.0,0.0,0.0
no08,533967_01556_01656_1,1015,10:15,0.0,0.0,0.0
no08,533967_01556_01656_1,1030,10:30,0.0,0.0,0.0
no08,533967_01556_01656_1,1045,10:45,0.0,0.0,0.0
no08,533967_01556_01656_1,1100,11:00,0.0,0.0,0.0
no08,533967_01556_01656_1,1115,11:15,0.0,0.0,0.0
no08,533967_01556_01656_1,1130,11:30,0.0,0.0,0.0
no08,533967_01556_01656_1,1145,11:45,0.0,0.0,0.0
no08,533967_01556_01656_1,1200,12:00,0.0,0.0,0.0
no08,533967_01556_01656_1,1215,12:15,0.0,0.0,0.0
no08,533967_01556_01656_1,1230,12:30,0.0,0.0,0.0
no08,533967_01556_01656_1,1245,12:45,0.0,0.0,0.0
no08,533967_01556_01656_1,1300,13:00,0.0,0.0,0.0
no08,533967_01556_01656_1,1315,13:15,0.0,0.0,0.0
no08,533967_01556_01656_1,1330,13:30,0.0,0.0,0.0
no08,533967_01556_01656_1,1345,13:45,0.0,0.0,0.0
no08,533967_01556_01656_1,1400,14:00,0.0,0.0,0.0
no08,533967_01556_01656_1,1415,14:15,0.0,0.0,0.0
no08,533967_01556_01656_1,1430,14:30,0.0,0.0,0.0
no08,533967_01556_01656_1,1445,14:45,0.0,0.0,0.0
no08,533967_01556_01656_1,1500,15:00,0.0,0.0,0.0
no08,533967_01556_01656_1,1515,15:15,0.0,0.0,0.0
no08,533967_01556_01656_1,1530,15:30,0.0,0.0,0.0
no08,533967_01556_01656_1,1545,15:45,0.0,0.0,0.0
no08,533967_01556_01656_1,1600,16:00,0.0,0.0,0.0
no08,533967_01556_01656_1,1615,16:15,0.0,0.0,0.0
no08,533967_01556_01656_1,1630,16:30,0.0,0.0,0.0
no08,533967_01556_01656_1,1645,16:45,0.0,0.0,0.0
no08,533967_01556_01656_1,1700,17:00,0.0,0.0,0.0
no08,533967_01556_01656_1,1715,17:15,0.0,0.0,0.0
no08,533967_01556_01656_1,1730,17:30,0.0,0.0,0.0
no08,533967_01556_01656_1,1745,17:45,0.0,0.0,0.0
no08,533967_01556_01656_1,1800,18:00,0.0,0.0,0.0
no08,533967_01556_01656_1,1815,18:15,0.0,0.0,0.0
no08,533967_01556_01656_1,1830,18:30,0.0,0.0,0.0
no08,533967_01556_01656_1,1845,18:45,0.0,0.0,0.0
no08,533967_01556_88302_0,630,06:30,0.0,0.0,0.0
no08,533967_01556_88302_0,645,06:45,0.0,0.0,0.0
no08,533967_01556_88302_0,700,07:00,0.0,0.0,0.0
no08,533967_01556_88302_0,715,07:15,0.0,0.0,0.0
no08,533967_01556_88302_0,730,07:30,0.0,0.0,0.0
no08,533967_01556_88302_0,745,07:45,0.0,0.0,0.0
no08,533967_01556_88302_0,800,08:00,0.0,0.0,0.0
no08,533967_01556_88302_0,815,08:15,0.0,0.0,0.0
no08,533967_01556_88302_0,830,08:30,0.0,0.0,0.0
no08,533967_01556_88302_0,845,08:45,0.0,0.0,0.0
no08,533967_01556_88302_0,900,09:00,0.0,0.0,0.0
no08,533967_01556_88302_0,915,09:15,0.0,0.0,0.0
no08,533967_01556_88302_0,930,09:30,0.0,0.0,0.0
no08,533967_01556_88302_0,945,09:45,0.0,0.0,0.0
no08,533967_01556_88302_0,1000,10:00,0.0,0.0,0.0
no08,533967_01556_88302_0,1015,10:15,0.0,0.0,0.0
no08,533967_01556_88302_0,1030,10:30,0.0,0.0,0.0
no08,533967_01556_88302_0,1045,10:45,0.0,0.0,0.0
no08,533967_01556_88302_0,1100,11:00,0.0,0.0,0.0
no08,533967_01556_88302_0,1115,11:15,0.0,0.0,0.0
no08,533967_01556_88302_0,1130,11:30,0.0,0.0,0.0
no08,533967_01556_88302_0,1145,11:45,0.0,0.0,0.0
no08,533967_01556_88302_0,1200,12:00,0.0,0.0,0.0
no08,533967_01556_88302_0,1215,12:15,0.0,0.0,0.0
no08,533967_01556_88302_0,1230,12:30,0.0,0.0,0.0
no08,533967_01556_88302_0,1245,12:45,0.0,0.0,0.0
no08,533967_01556_88302_0,1300,13:00,0.0,0.0,0.0
no08,533967_01556_88302_0,1315,13:15,0.0,0.0,0.0
no08,533967_01556_88302_0,1330,13:30,0.0,0.0,0.0
no08,533967_01556_88302_0,1345,13:45,0.0,0.0,0.0
no08,533967_01556_88302_0,1400,14:00,0.0,0.0,0.0
no08,533967_01556_88302_0,1415,14:15,0.0,0.0,0.0
no08,533967_01556_88302_0,1430,14:30,0.0,0.0,0.0
no08,533967_01556_88302_0,1445,14:45,0.0,0.0,0.0
no08,533967_01556_88302_0,1500,15:00,0.0,0.0,0.0
no08,533967_01556_88302_0,1515,15:15,0.0,0.0,0.0
no08,533967_01556_88302_0,1530,15:30,0.0,0.0,0.0
no08,533967_01556_88302_0,1545,15:45,0.0,0.0,0.0
no08,533967_01556_88302_0,1600,16:00,0.0,0.0,0.0
no08,533967_01556_88302_0,1615,16:15,0.0,0.0,0.0
no08,533967_01556_88302_0,1630,16:30,0.0,0.0,0.0
no08,533967_01556_88302_0,1645,16:45,0.0,0.0,0.0
no08,533967_01556_88302_0,1700,17:00,0.0,0.0,0.0
no08,533967_01556_88302_0,1715,17:15,0.0,0.0,0.0
no08,533967_01556_88302_0,1730,17:30,0.0,0.0,0.0
no08,533967_01556_88302_0,1745,17:45,0.0,0.0,0.0
no08,533967_01556_88302_0,1800,18:00,0.0,0.0,0.0
no08,533967_01556_88302_0,1815,18:15,0.0,0.0,0.0
no08,533967_01556_88302_0,1830,18:30,0.0,0.0,0.0
no08,533967_01556_88302_0,1845,18:45,0.0,0.0,0.0
no08,533967_01556_88302_1,630,06:30,0.0,0.0,0.0
no08,533967_01556_88302_1,645,06:45,0.0,0.0,0.0
no08,533967_01556_88302_1,700,07:00,0.0,0.0,0.0
no08,533967_01556_88302_1,715,07:15,0.0,0.0,0.0
no08,533967_01556_88302_1,730,07:30,0.0,0.0,0.0
no08,533967_01556_88302_1,745,07:45,0.0,0.0,0.0
no08,533967_01556_88302_1,800,08:00,0.0,0.0,0.0
no08,533967_01556_88302_1,815,08:15,0.0,0.0,0.0
no08,533967_01556_88302_1,830,08:30,0.0,0.0,0.0
no08,533967_01556_88302_1,845,08:45,0.0,0.0,0.0
no08,533967_01556_88302_1,900,09:00,0.0,0.0,0.0
no08,533967_01556_88302_1,915,09:15,0.0,0.0,0.0
no08,533967_01556_88302_1,930,09:30,0.0,0.0,0.0
no08,533967_01556_88302_1,945,09:45,0.0,0.0,0.0
no08,533967_01556_88302_1,1000,10:00,0.0,0.0,0.0
no08,533967_01556_88302_1,1015,10:15,0.0,0.0,0.0
no08,533967_01556_88302_1,1030,10:30,0.0,0.0,0.0
no08,533967_01556_88302_1,1045,10:45,0.0,0.0,0.0
no08,533967_01556_88302_1,1100,11:00,0.0,0.0,0.0
no08,533967_01556_88302_1,1115,11:15,0.0,0.0,0.0
no08,533967_01556_88302_1,1130,11:30,0.0,0.0,0.0
no08,533967_01556_88302_1,1145,11:45,0.0,0.0,0.0
no08,533967_01556_88302_1,1200,12:00,0.0,0.0,0.0
no08,533967_01556_88302_1,1215,12:15,0.0,0.0,0.0
no08,533967_01556_88302_1,1230,12:30,0.0,0.0,0.0
no08,533967_01556_88302_1,1245,12:45,0.0,0.0,0.0
no08,533967_01556_88302_1,1300,13:00,0.0,0.0,0.0
no08,533967_01556_88302_1,1315,13:15,0.0,0.0,0.0
no08,533967_01556_88302_1,1330,13:30,0.0,0.0,0.0
no08,533967_01556_88302_1,1345,13:45,0.0,0.0,0.0
no08,533967_01556_88302_1,1400,14:00,0.0,0.0,0.0
no08,533967_01556_88302_1,1415,14:15,0.0,0.0,0.0
no08,533967_01556_88302_1,1430,14:30,0.0,0.0,0.0
no08,533967_01556_88302_1,1445,14:45,0.0,0.0,0.0
no08,533967_01556_88302_1,1500,15:00,0.0,0.0,0.0
no08,533967_01556_88302_1,1515,15:15,0.0,0.0,0.0
no08,533967_01556_88302_1,1530,15:30,0.0,0.0,0.0
no08,533967_01556_88302_1,1545,15:45,0.0,0.0,0.0
no08,533967_01556_88302_1,1600,16:00,0.0,0.0,0.0
no08,533967_01556_88302_1,1615,16:15,0.0,0.0,0.0
no08,533967_01556_88302_1,1630,16:30,0.0,0.0,0.0
no08,533967_01556_88302_1,1645,16:45,0.0,0.0,0.0
no08,533967_01556_88302_1,1700,17:00,0.0,0.0,0.0
no08,533967_01556_88302_1,1715,17:15,0.0,0.0,0.0
no08,533967_01556_88302_1,1730,17:30,0.0,0.0,0.0
no08,533967_01556_88302_1,1745,17:45,0.0,0.0,0.0
no08,533967_01556_88302_1,1800,18:00,0.0,0.0,0.0
no08,533967_01556_88302_1,1815,18:15,0.0,0.0,0.0
no08,533967_01556_88302_1,1830,18:30,0.0,0.0,0.0
no08,533967_01556_88302_1,1845,18:45,0.0,0.0,0.0
no08,533967_01602_01603_0,630,06:30,0.0,0.0,0.0
no08,533967_01602_01603_0,645,06:45,0.0,0.0,0.0
no08,533967_01602_01603_0,700,07:00,0.0,0.0,0.0
no08,533967_01602_01603_0,715,07:15,0.0,0.0,0.0
no08,533967_01602_01603_0,730,07:30,0.0,0.0,0.0
no08,533967_01602_01603_0,745,07:45,0.0,0.0,0.0
no08,533967_01602_01603_0,800,08:00,0.0,0.0,0.0
no08,533967_01602_01603_0,815,08:15,0.0,0.0,0.0
no08,533967_01602_01603_0,830,08:30,0.0,0.0,0.0
no08,533967_01602_01603_0,845,08:45,0.0,0.0,0.0
no08,533967_01602_01603_0,900,09:00,0.0,0.0,0.0
no08,533967_01602_01603_0,915,09:15,0.0,0.0,0.0
no08,533967_01602_01603_0,930,09:30,0.0,0.0,0.0
no08,533967_01602_01603_0,945,09:45,0.0,0.0,0.0
no08,533967_01602_01603_0,1000,10:00,0.0,0.0,0.0
no08,533967_01602_01603_0,1015,10:15,0.0,0.0,0.0
no08,533967_01602_01603_0,1030,10:30,0.0,0.0,0.0
no08,533967_01602_01603_0,1045,10:45,0.0,0.0,0.0
no08,533967_01602_01603_0,1100,11:00,0.0,0.0,0.0
no08,533967_01602_01603_0,1115,11:15,0.0,0.0,0.0
no08,533967_01602_01603_0,1130,11:30,0.0,0.0,0.0
no08,533967_01602_01603_0,1145,11:45,0.0,0.0,0.0
no08,533967_01602_01603_0,1200,12:00,0.0,0.0,0.0
no08,533967_01602_01603_0,1215,12:15,0.0,0.0,0.0
no08,533967_01602_01603_0,1230,12:30,0.0,0.0,0.0
no08,533967_01602_01603_0,1245,12:45,0.0,0.0,0.0
no08,533967_01602_01603_0,1300,13:00,0.0,0.0,0.0
no08,533967_01602_01603_0,1315,13:15,0.0,0.0,0.0
no08,533967_01602_01603_0,1330,13:30,0.0,0.0,0.0
no08,533967_01602_01603_0,1345,13:45,0.0,0.0,0.0
no08,533967_01602_01603_0,1400,14:00,0.0,0.0,0.0
no08,533967_01602_01603_0,1415,14:15,0.0,0.0,0.0
no08,533967_01602_01603_0,1430,14:30,0.0,0.0,0.0
no08,533967_01602_01603_0,1445,14:45,0.0,0.0,0.0
no08,533967_01602_01603_0,1500,15:00,0.0,0.0,0.0
no08,533967_01602_01603_0,1515,15:15,0.0,0.0,0.0
no08,533967_01602_01603_0,1530,15:30,0.0,0.0,0.0
no08,533967_01602_01603_0,1545,15:45,0.0,0.0,0.0
no08,533967_01602_01603_0,1600,16:00,0.0,0.0,0.0
no08,533967_01602_01603_0,1615,16:15,0.0,0.0,0.0
no08,533967_01602_01603_0,1630,16:30,0.0,0.0,0.0
no08,533967_01602_01603_0,1645,16:45,0.0,0.0,0.0
no08,533967_01602_01603_0,1700,17:00,0.0,0.0,0.0
no08,533967_01602_01603_0,1715,17:15,0.0,0.0,0.0
no08,533967_01602_01603_0,1730,17:30,0.0,0.0,0.0
no08,533967_01602_01603_0,1745,17:45,0.0,0.0,0.0
no08,533967_01602_01603_0,1800,18:00,0.0,0.0,0.0
no08,533967_01602_01603_0,1815,18:15,0.0,0.0,0.0
no08,533967_01602_01603_0,1830,18:30,0.0,0.0,0.0
no08,533967_01602_01603_0,1845,18:45,0.0,0.0,0.0
no08,533967_01602_01603_1,630,06:30,0.0,0.0,0.0
no08,533967_01602_01603_1,645,06:45,0.0,0.0,0.0
no08,533967_01602_01603_1,700,07:00,0.0,0.0,0.0
no08,533967_01602_01603_1,715,07:15,0.0,0.0,0.0
no08,533967_01602_01603_1,730,07:30,0.0,0.0,0.0
no08,533967_01602_01603_1,745,07:45,0.0,0.0,0.0
no08,533967_01602_01603_1,800,08:00,0.0,0.0,0.0
no08,533967_01602_01603_1,815,08:15,0.0,0.0,0.0
no08,533967_01602_01603_1,830,08:30,0.0,0.0,0.0
no08,533967_01602_01603_1,845,08:45,0.0,0.0,0.0
no08,533967_01602_01603_1,900,09:00,0.0,0.0,0.0
no08,533967_01602_01603_1,915,09:15,0.0,0.0,0.0
no08,533967_01602_01603_1,930,09:30,0.0,0.0,0.0
no08,533967_01602_01603_1,945,09:45,0.0,0.0,0.0
no08,533967_01602_01603_1,1000,10:00,0.0,0.0,0.0
no08,533967_01602_01603_1,1015,10:15,0.0,0.0,0.0
no08,533967_01602_01603_1,1030,10:30,0.0,0.0,0.0
no08,533967_01602_01603_1,1045,10:45,0.0,0.0,0.0
no08,533967_01602_01603_1,1100,11:00,0.0,0.0,0.0
no08,533967_01602_01603_1,1115,11:15,0.0,0.0,0.0
no08,533967_01602_01603_1,1130,11:30,0.0,0.0,0.0
no08,533967_01602_01603_1,1145,11:45,0.0,0.0,0.0
no08,533967_01602_01603_1,1200,12:00,0.0,0.0,0.0
no08,533967_01602_01603_1,1215,12:15,0.0,0.0,0.0
no08,533967_01602_01603_1,1230,12:30,0.0,0.0,0.0
no08,533967_01602_01603_1,1245,12:45,0.0,0.0,0.0
no08,533967_01602_01603_1,1300,13:00,0.0,0.0,0.0
no08,533967_01602_01603_1,1315,13:15,0.0,0.0,0.0
no08,533967_01602_01603_1,1330,13:30,0.0,0.0,0.0
no08,533967_01602_01603_1,1345,13:45,0.0,0.0,0.0
no08,533967_01602_01603_1,1400,14:00,0.0,0.0,0.0
no08,533967_01602_01603_1,1415,14:15,0.0,0.0,0.0
no08,533967_01602_01603_1,1430,14:30,0.0,0.0,0.0
no08,533967_01602_01603_1,1445,14:45,0.0,0.0,0.0
no08,533967_01602_01603_1,1500,15:00,0.0,0.0,0.0
no08,533967_01602_01603_1,1515,15:15,0.0,0.0,0.0
no08,533967_01602_01603_1,1530,15:30,0.0,0.0,0.0
no08,533967_01602_01603_1,1545,15:45,0.0,0.0,0.0
no08,533967_01602_01603_1,1600,16:00,0.0,0.0,0.0
no08,533967_01602_01603_1,1615,16:15,0.0,0.0,0.0
no08,533967_01602_01603_1,1630,16:30,0.0,0.0,0.0
no08,533967_01602_01603_1,1645,16:45,0.0,0.0,0.0
no08,533967_01602_01603_1,1700,17:00,0.0,0.0,0.0
no08,533967_01602_01603_1,1715,17:15,0.0,0.0,0.0
no08,533967_01602_01603_1,1730,17:30,0.0,0.0,0.0
no08,533967_01602_01603_1,1745,17:45,0.0,0.0,0.0
no08,533967_01602_01603_1,1800,18:00,0.0,0.0,0.0
no08,533967_01602_01603_1,1815,18:15,0.0,0.0,0.0
no08,533967_01602_01603_1,1830,18:30,0.0,0.0,0.0
no08,533967_01602_01603_1,1845,18:45,0.0,0.0,0.0
no08,533967_01602_01608_0,630,06:30,0.0,0.0,0.0
no08,533967_01602_01608_0,645,06:45,0.0,0.0,0.0
no08,533967_01602_01608_0,700,07:00,0.0,0.0,0.0
no08,533967_01602_01608_0,715,07:15,0.0,0.0,0.0
no08,533967_01602_01608_0,730,07:30,0.0,0.0,0.0
no08,533967_01602_01608_0,745,07:45,0.0,0.0,0.0
no08,533967_01602_01608_0,800,08:00,0.0,0.0,0.0
no08,533967_01602_01608_0,815,08:15,0.0,0.0,0.0
no08,533967_01602_01608_0,830,08:30,0.0,0.0,0.0
no08,533967_01602_01608_0,845,08:45,0.0,0.0,0.0
no08,533967_01602_01608_0,900,09:00,0.0,0.0,0.0
no08,533967_01602_01608_0,915,09:15,0.0,0.0,0.0
no08,533967_01602_01608_0,930,09:30,0.0,0.0,0.0
no08,533967_01602_01608_0,945,09:45,0.0,0.0,0.0
no08,533967_01602_01608_0,1000,10:00,0.0,0.0,0.0
no08,533967_01602_01608_0,1015,10:15,0.0,0.0,0.0
no08,533967_01602_01608_0,1030,10:30,0.0,0.0,0.0
no08,533967_01602_01608_0,1045,10:45,0.0,0.0,0.0
no08,533967_01602_01608_0,1100,11:00,0.0,0.0,0.0
no08,533967_01602_01608_0,1115,11:15,0.0,0.0,0.0
no08,533967_01602_01608_0,1130,11:30,0.0,0.0,0.0
no08,533967_01602_01608_0,1145,11:45,0.0,0.0,0.0
no08,533967_01602_01608_0,1200,12:00,0.0,0.0,0.0
no08,533967_01602_01608_0,1215,12:15,0.0,0.0,0.0
no08,533967_01602_01608_0,1230,12:30,0.0,0.0,0.0
no08,533967_01602_01608_0,1245,12:45,0.0,0.0,0.0
no08,533967_01602_01608_0,1300,13:00,0.0,0.0,0.0
no08,533967_01602_01608_0,1315,13:15,0.0,0.0,0.0
no08,533967_01602_01608_0,1330,13:30,0.0,0.0,0.0
no08,533967_01602_01608_0,1345,13:45,0.0,0.0,0.0
no08,533967_01602_01608_0,1400,14:00,0.0,0.0,0.0
no08,533967_01602_01608_0,1415,14:15,0.0,0.0,0.0
no08,533967_01602_01608_0,1430,14:30,0.0,0.0,0.0
no08,533967_01602_01608_0,1445,14:45,0.0,0.0,0.0
no08,533967_01602_01608_0,1500,15:00,0.0,0.0,0.0
no08,533967_01602_01608_0,1515,15:15,0.0,0.0,0.0
no08,533967_01602_01608_0,1530,15:30,0.0,0.0,0.0
no08,533967_01602_01608_0,1545,15:45,0.0,0.0,0.0
no08,533967_01602_01608_0,1600,16:00,0.0,0.0,0.0
no08,533967_01602_01608_0,1615,16:15,0.0,0.0,0.0
no08,533967_01602_01608_0,1630,16:30,0.0,0.0,0.0
no08,533967_01602_01608_0,1645,16:45,0.0,0.0,0.0
no08,533967_01602_01608_0,1700,17:00,0.0,0.0,0.0
no08,533967_01602_01608_0,1715,17:15,0.0,0.0,0.0
no08,533967_01602_01608_0,1730,17:30,0.0,0.0,0.0
no08,533967_01602_01608_0,1745,17:45,0.0,0.0,0.0
no08,533967_01602_01608_0,1800,18:00,0.0,0.0,0.0
no08,533967_01602_01608_0,1815,18:15,0.0,0.0,0.0
no08,533967_01602_01608_0,1830,18:30,0.0,0.0,0.0
no08,533967_01602_01608_0,1845,18:45,0.0,0.0,0.0
no08,533967_01602_01608_1,630,06:30,0.0,0.0,0.0
no08,533967_01602_01608_1,645,06:45,0.0,0.0,0.0
no08,533967_01602_01608_1,700,07:00,0.0,0.0,0.0
no08,533967_01602_01608_1,715,07:15,0.0,0.0,0.0
no08,533967_01602_01608_1,730,07:30,0.0,0.0,0.0
no08,533967_01602_01608_1,745,07:45,0.0,0.0,0.0
no08,533967_01602_01608_1,800,08:00,0.0,0.0,0.0
no08,533967_01602_01608_1,815,08:15,0.0,0.0,0.0
no08,533967_01602_01608_1,830,08:30,0.0,0.0,0.0
no08,533967_01602_01608_1,845,08:45,0.0,0.0,0.0
no08,533967_01602_01608_1,900,09:00,0.0,0.0,0.0
no08,533967_01602_01608_1,915,09:15,0.0,0.0,0.0
no08,533967_01602_01608_1,930,09:30,0.0,0.0,0.0
no08,533967_01602_01608_1,945,09:45,0.0,0.0,0.0
no08,533967_01602_01608_1,1000,10:00,0.0,0.0,0.0
no08,533967_01602_01608_1,1015,10:15,0.0,0.0,0.0
no08,533967_01602_01608_1,1030,10:30,0.0,0.0,0.0
no08,533967_01602_01608_1,1045,10:45,0.0,0.0,0.0
no08,533967_01602_01608_1,1100,11:00,0.0,0.0,0.0
no08,533967_01602_01608_1,1115,11:15,0.0,0.0,0.0
no08,533967_01602_01608_1,1130,11:30,0.0,0.0,0.0
no08,533967_01602_01608_1,1145,11:45,0.0,0.0,0.0
no08,533967_01602_01608_1,1200,12:00,0.0,0.0,0.0
no08,533967_01602_01608_1,1215,12:15,0.0,0.0,0.0
no08,533967_01602_01608_1,1230,12:30,0.0,0.0,0.0
no08,533967_01602_01608_1,1245,12:45,0.0,0.0,0.0
no08,533967_01602_01608_1,1300,13:00,0.0,0.0,0.0
no08,533967_01602_01608_1,1315,13:15,0.0,0.0,0.0
no08,533967_01602_01608_1,1330,13:30,0.0,0.0,0.0
no08,533967_01602_01608_1,1345,13:45,0.0,0.0,0.0
no08,533967_01602_01608_1,1400,14:00,0.0,0.0,0.0
no08,533967_01602_01608_1,1415,14:15,0.0,0.0,0.0
no08,533967_01602_01608_1,1430,14:30,0.0,0.0,0.0
no08,533967_01602_01608_1,1445,14:45,0.0,0.0,0.0
no08,533967_01602_01608_1,1500,15:00,0.0,0.0,0.0
no08,533967_01602_01608_1,1515,15:15,0.0,0.0,0.0
no08,533967_01602_01608_1,1530,15:30,0.0,0.0,0.0
no08,533967_01602_01608_1,1545,15:45,0.0,0.0,0.0
no08,533967_01602_01608_1,1600,16:00,0.0,0.0,0.0
no08,533967_01602_01608_1,1615,16:15,0.0,0.0,0.0
no08,533967_01602_01608_1,1630,16:30,0.0,0.0,0.0
no08,533967_01602_01608_1,1645,16:45,0.0,0.0,0.0
no08,533967_01602_01608_1,1700,17:00,0.0,0.0,0.0
no08,533967_01602_01608_1,1715,17:15,0.0,0.0,0.0
no08,533967_01602_01608_1,1730,17:30,0.0,0.0,0.0
no08,533967_01602_01608_1,1745,17:45,0.0,0.0,0.0
no08,533967_01602_01608_1,1800,18:00,0.0,0.0,0.0
no08,533967_01602_01608_1,1815,18:15,0.0,0.0,0.0
no08,533967_01602_01608_1,1830,18:30,0.0,0.0,0.0
no08,533967_01602_01608_1,1845,18:45,0.0,0.0,0.0
no08,533967_01603_01606_0,630,06:30,0.0,0.0,0.0
no08,533967_01603_01606_0,645,06:45,0.0,0.0,0.0
no08,533967_01603_01606_0,700,07:00,0.0,0.0,0.0
no08,533967_01603_01606_0,715,07:15,0.0,0.0,0.0
no08,533967_01603_01606_0,730,07:30,0.0,0.0,0.0
no08,533967_01603_01606_0,745,07:45,0.0,0.0,0.0
no08,533967_01603_01606_0,800,08:00,0.0,0.0,0.0
no08,533967_01603_01606_0,815,08:15,0.0,0.0,0.0
no08,533967_01603_01606_0,830,08:30,0.0,0.0,0.0
no08,533967_01603_01606_0,845,08:45,0.0,0.0,0.0
no08,533967_01603_01606_0,900,09:00,0.0,0.0,0.0
no08,533967_01603_01606_0,915,09:15,0.0,0.0,0.0
no08,533967_01603_01606_0,930,09:30,0.0,0.0,0.0
no08,533967_01603_01606_0,945,09:45,0.0,0.0,0.0
no08,533967_01603_01606_0,1000,10:00,0.0,0.0,0.0
no08,533967_01603_01606_0,1015,10:15,0.0,0.0,0.0
no08,533967_01603_01606_0,1030,10:30,0.0,0.0,0.0
no08,533967_01603_01606_0,1045,10:45,0.0,0.0,0.0
no08,533967_01603_01606_0,1100,11:00,0.0,0.0,0.0
no08,533967_01603_01606_0,1115,11:15,0.0,0.0,0.0
no08,533967_01603_01606_0,1130,11:30,0.0,0.0,0.0
no08,533967_01603_01606_0,1145,11:45,0.0,0.0,0.0
no08,533967_01603_01606_0,1200,12:00,0.0,0.0,0.0
no08,533967_01603_01606_0,1215,12:15,0.0,0.0,0.0
no08,533967_01603_01606_0,1230,12:30,0.0,0.0,0.0
no08,533967_01603_01606_0,1245,12:45,0.0,0.0,0.0
no08,533967_01603_01606_0,1300,13:00,0.0,0.0,0.0
no08,533967_01603_01606_0,1315,13:15,0.0,0.0,0.0
no08,533967_01603_01606_0,1330,13:30,0.0,0.0,0.0
no08,533967_01603_01606_0,1345,13:45,0.0,0.0,0.0
no08,533967_01603_01606_0,1400,14:00,0.0,0.0,0.0
no08,533967_01603_01606_0,1415,14:15,0.0,0.0,0.0
no08,533967_01603_01606_0,1430,14:30,0.0,0.0,0.0
no08,533967_01603_01606_0,1445,14:45,0.0,0.0,0.0
no08,533967_01603_01606_0,1500,15:00,0.0,0.0,0.0
no08,533967_01603_01606_0,1515,15:15,0.0,0.0,0.0
no08,533967_01603_01606_0,1530,15:30,0.0,0.0,0.0
no08,533967_01603_01606_0,1545,15:45,0.0,0.0,0.0
no08,533967_01603_01606_0,1600,16:00,0.0,0.0,0.0
no08,533967_01603_01606_0,1615,16:15,0.0,0.0,0.0
no08,533967_01603_01606_0,1630,16:30,0.0,0.0,0.0
no08,533967_01603_01606_0,1645,16:45,0.0,0.0,0.0
no08,533967_01603_01606_0,1700,17:00,0.0,0.0,0.0
no08,533967_01603_01606_0,1715,17:15,0.0,0.0,0.0
no08,533967_01603_01606_0,1730,17:30,0.0,0.0,0.0
no08,533967_01603_01606_0,1745,17:45,0.0,0.0,0.0
no08,533967_01603_01606_0,1800,18:00,0.0,0.0,0.0
no08,533967_01603_01606_0,1815,18:15,0.0,0.0,0.0
no08,533967_01603_01606_0,1830,18:30,0.0,0.0,0.0
no08,533967_01603_01606_0,1845,18:45,0.0,0.0,0.0
no08,533967_01603_01606_1,630,06:30,0.0,0.0,0.0
no08,533967_01603_01606_1,645,06:45,0.0,0.0,0.0
no08,533967_01603_01606_1,700,07:00,0.0,0.0,0.0
no08,533967_01603_01606_1,715,07:15,0.0,0.0,0.0
no08,533967_01603_01606_1,730,07:30,0.0,0.0,0.0
no08,533967_01603_01606_1,745,07:45,0.0,0.0,0.0
no08,533967_01603_01606_1,800,08:00,0.0,0.0,0.0
no08,533967_01603_01606_1,815,08:15,0.0,0.0,0.0
no08,533967_01603_01606_1,830,08:30,0.0,0.0,0.0
no08,533967_01603_01606_1,845,08:45,0.0,0.0,0.0
no08,533967_01603_01606_1,900,09:00,0.0,0.0,0.0
no08,533967_01603_01606_1,915,09:15,0.0,0.0,0.0
no08,533967_01603_01606_1,930,09:30,0.0,0.0,0.0
no08,533967_01603_01606_1,945,09:45,0.0,0.0,0.0
no08,533967_01603_01606_1,1000,10:00,0.0,0.0,0.0
no08,533967_01603_01606_1,1015,10:15,0.0,0.0,0.0
no08,533967_01603_01606_1,1030,10:30,0.0,0.0,0.0
no08,533967_01603_01606_1,1045,10:45,0.0,0.0,0.0
no08,533967_01603_01606_1,1100,11:00,0.0,0.0,0.0
no08,533967_01603_01606_1,1115,11:15,0.0,0.0,0.0
no08,533967_01603_01606_1,1130,11:30,0.0,0.0,0.0
no08,533967_01603_01606_1,1145,11:45,0.0,0.0,0.0
no08,533967_01603_01606_1,1200,12:00,0.0,0.0,0.0
no08,533967_01603_01606_1,1215,12:15,0.0,0.0,0.0
no08,533967_01603_01606_1,1230,12:30,0.0,0.0,0.0
no08,533967_01603_01606_1,1245,12:45,0.0,0.0,0.0
no08,533967_01603_01606_1,1300,13:00,0.0,0.0,0.0
no08,533967_01603_01606_1,1315,13:15,0.0,0.0,0.0
no08,533967_01603_01606_1,1330,13:30,0.0,0.0,0.0
no08,533967_01603_01606_1,1345,13:45,0.0,0.0,0.0
no08,533967_01603_01606_1,1400,14:00,0.0,0.0,0.0
no08,533967_01603_01606_1,1415,14:15,0.0,0.0,0.0
no08,533967_01603_01606_1,1430,14:30,0.0,0.0,0.0
no08,533967_01603_01606_1,1445,14:45,0.0,0.0,0.0
no08,533967_01603_01606_1,1500,15:00,0.0,0.0,0.0
no08,533967_01603_01606_1,1515,15:15,0.0,0.0,0.0
no08,533967_01603_01606_1,1530,15:30,0.0,0.0,0.0
no08,533967_01603_01606_1,1545,15:45,0.0,0.0,0.0
no08,533967_01603_01606_1,1600,16:00,0.0,0.0,0.0
no08,533967_01603_01606_1,1615,16:15,0.0,0.0,0.0
no08,533967_01603_01606_1,1630,16:30,0.0,0.0,0.0
no08,533967_01603_01606_1,1645,16:45,0.0,0.0,0.0
no08,533967_01603_01606_1,1700,17:00,0.0,0.0,0.0
no08,533967_01603_01606_1,1715,17:15,0.0,0.0,0.0
no08,533967_01603_01606_1,1730,17:30,0.0,0.0,0.0
no08,533967_01603_01606_1,1745,17:45,0.0,0.0,0.0
no08,533967_01603_01606_1,1800,18:00,0.0,0.0,0.0
no08,533967_01603_01606_1,1815,18:15,0.0,0.0,0.0
no08,533967_01603_01606_1,1830,18:30,0.0,0.0,0.0
no08,533967_01603_01606_1,1845,18:45,0.0,0.0,0.0
no08,533967_01603_01608_0,630,06:30,0.0,0.0,0.0
no08,533967_01603_01608_0,645,06:45,0.0,0.0,0.0
no08,533967_01603_01608_0,700,07:00,0.0,0.0,0.0
no08,533967_01603_01608_0,715,07:15,0.0,0.0,0.0
no08,533967_01603_01608_0,730,07:30,0.0,0.0,0.0
no08,533967_01603_01608_0,745,07:45,0.0,0.0,0.0
no08,533967_01603_01608_0,800,08:00,0.0,0.0,0.0
no08,533967_01603_01608_0,815,08:15,0.0,0.0,0.0
no08,533967_01603_01608_0,830,08:30,0.0,0.0,0.0
no08,533967_01603_01608_0,845,08:45,0.0,0.0,0.0
no08,533967_01603_01608_0,900,09:00,0.0,0.0,0.0
no08,533967_01603_01608_0,915,09:15,0.0,0.0,0.0
no08,533967_01603_01608_0,930,09:30,0.0,0.0,0.0
no08,533967_01603_01608_0,945,09:45,0.0,0.0,0.0
no08,533967_01603_01608_0,1000,10:00,0.0,0.0,0.0
no08,533967_01603_01608_0,1015,10:15,0.0,0.0,0.0
no08,533967_01603_01608_0,1030,10:30,0.0,0.0,0.0
no08,533967_01603_01608_0,1045,10:45,0.0,0.0,0.0
no08,533967_01603_01608_0,1100,11:00,0.0,0.0,0.0
no08,533967_01603_01608_0,1115,11:15,0.0,0.0,0.0
no08,533967_01603_01608_0,1130,11:30,0.0,0.0,0.0
no08,533967_01603_01608_0,1145,11:45,0.0,0.0,0.0
no08,533967_01603_01608_0,1200,12:00,0.0,0.0,0.0
no08,533967_01603_01608_0,1215,12:15,0.0,0.0,0.0
no08,533967_01603_01608_0,1230,12:30,0.0,0.0,0.0
no08,533967_01603_01608_0,1245,12:45,0.0,0.0,0.0
no08,533967_01603_01608_0,1300,13:00,0.0,0.0,0.0
no08,533967_01603_01608_0,1315,13:15,0.0,0.0,0.0
no08,533967_01603_01608_0,1330,13:30,0.0,0.0,0.0
no08,533967_01603_01608_0,1345,13:45,0.0,0.0,0.0
no08,533967_01603_01608_0,1400,14:00,0.0,0.0,0.0
no08,533967_01603_01608_0,1415,14:15,0.0,0.0,0.0
no08,533967_01603_01608_0,1430,14:30,0.0,0.0,0.0
no08,533967_01603_01608_0,1445,14:45,0.0,0.0,0.0
no08,533967_01603_01608_0,1500,15:00,0.0,0.0,0.0
no08,533967_01603_01608_0,1515,15:15,0.0,0.0,0.0
no08,533967_01603_01608_0,1530,15:30,0.0,0.0,0.0
no08,533967_01603_01608_0,1545,15:45,0.0,0.0,0.0
no08,533967_01603_01608_0,1600,16:00,0.0,0.0,0.0
no08,533967_01603_01608_0,1615,16:15,0.0,0.0,0.0
no08,533967_01603_01608_0,1630,16:30,0.0,0.0,0.0
no08,533967_01603_01608_0,1645,16:45,0.0,0.0,0.0
no08,533967_01603_01608_0,1700,17:00,0.0,0.0,0.0
no08,533967_01603_01608_0,1715,17:15,0.0,0.0,0.0
no08,533967_01603_01608_0,1730,17:30,0.0,0.0,0.0
no08,533967_01603_01608_0,1745,17:45,0.0,0.0,0.0
no08,533967_01603_01608_0,1800,18:00,0.0,0.0,0.0
no08,533967_01603_01608_0,1815,18:15,0.0,0.0,0.0
no08,533967_01603_01608_0,1830,18:30,0.0,0.0,0.0
no08,533967_01603_01608_0,1845,18:45,0.0,0.0,0.0
no08,533967_01603_01608_1,630,06:30,0.0,0.0,0.0
no08,533967_01603_01608_1,645,06:45,0.0,0.0,0.0
no08,533967_01603_01608_1,700,07:00,0.0,0.0,0.0
no08,533967_01603_01608_1,715,07:15,0.0,0.0,0.0
no08,533967_01603_01608_1,730,07:30,0.0,0.0,0.0
no08,533967_01603_01608_1,745,07:45,0.0,0.0,0.0
no08,533967_01603_01608_1,800,08:00,0.0,0.0,0.0
no08,533967_01603_01608_1,815,08:15,0.0,0.0,0.0
no08,533967_01603_01608_1,830,08:30,0.0,0.0,0.0
no08,533967_01603_01608_1,845,08:45,0.0,0.0,0.0
no08,533967_01603_01608_1,900,09:00,0.0,0.0,0.0
no08,533967_01603_01608_1,915,09:15,0.0,0.0,0.0
no08,533967_01603_01608_1,930,09:30,0.0,0.0,0.0
no08,533967_01603_01608_1,945,09:45,0.0,0.0,0.0
no08,533967_01603_01608_1,1000,10:00,0.0,0.0,0.0
no08,533967_01603_01608_1,1015,10:15,0.0,0.0,0.0
no08,533967_01603_01608_1,1030,10:30,0.0,0.0,0.0
no08,533967_01603_01608_1,1045,10:45,0.0,0.0,0.0
no08,533967_01603_01608_1,1100,11:00,0.0,0.0,0.0
no08,533967_01603_01608_1,1115,11:15,0.0,0.0,0.0
no08,533967_01603_01608_1,1130,11:30,0.0,0.0,0.0
no08,533967_01603_01608_1,1145,11:45,0.0,0.0,0.0
no08,533967_01603_01608_1,1200,12:00,0.0,0.0,0.0
no08,533967_01603_01608_1,1215,12:15,0.0,0.0,0.0
no08,533967_01603_01608_1,1230,12:30,0.0,0.0,0.0
no08,533967_01603_01608_1,1245,12:45,0.0,0.0,0.0
no08,533967_01603_01608_1,1300,13:00,0.0,0.0,0.0
no08,533967_01603_01608_1,1315,13:15,0.0,0.0,0.0
no08,533967_01603_01608_1,1330,13:30,0.0,0.0,0.0
no08,533967_01603_01608_1,1345,13:45,0.0,0.0,0.0
no08,533967_01603_01608_1,1400,14:00,0.0,0.0,0.0
no08,533967_01603_01608_1,1415,14:15,0.0,0.0,0.0
no08,533967_01603_01608_1,1430,14:30,0.0,0.0,0.0
no08,533967_01603_01608_1,1445,14:45,0.0,0.0,0.0
no08,533967_01603_01608_1,1500,15:00,0.0,0.0,0.0
no08,533967_01603_01608_1,1515,15:15,0.0,0.0,0.0
no08,533967_01603_01608_1,1530,15:30,0.0,0.0,0.0
no08,533967_01603_01608_1,1545,15:45,0.0,0.0,0.0
no08,533967_01603_01608_1,1600,16:00,0.0,0.0,0.0
no08,533967_01603_01608_1,1615,16:15,0.0,0.0,0.0
no08,533967_01603_01608_1,1630,16:30,0.0,0.0,0.0
no08,533967_01603_01608_1,1645,16:45,0.0,0.0,0.0
no08,533967_01603_01608_1,1700,17:00,0.0,0.0,0.0
no08,533967_01603_01608_1,1715,17:15,0.0,0.0,0.0
no08,533967_01603_01608_1,1730,17:30,0.0,0.0,0.0
no08,533967_01603_01608_1,1745,17:45,0.0,0.0,0.0
no08,533967_01603_01608_1,1800,18:00,0.0,0.0,0.0
no08,533967_01603_01608_1,1815,18:15,0.0,0.0,0.0
no08,533967_01603_01608_1,1830,18:30,0.0,0.0,0.0
no08,533967_01603_01608_1,1845,18:45,0.0,0.0,0.0
no08,533967_01604_01605_0,630,06:30,0.0,0.0,0.0
no08,533967_01604_01605_0,645,06:45,0.0,0.0,0.0
no08,533967_01604_01605_0,700,07:00,0.0,0.0,0.0
no08,533967_01604_01605_0,715,07:15,0.0,0.0,0.0
no08,533967_01604_01605_0,730,07:30,0.0,0.0,0.0
no08,533967_01604_01605_0,745,07:45,0.0,0.0,0.0
no08,533967_01604_01605_0,800,08:00,0.0,0.0,0.0
no08,533967_01604_01605_0,815,08:15,0.0,0.0,0.0
no08,533967_01604_01605_0,830,08:30,0.0,0.0,0.0
no08,533967_01604_01605_0,845,08:45,0.0,0.0,0.0
no08,533967_01604_01605_0,900,09:00,0.0,0.0,0.0
no08,533967_01604_01605_0,915,09:15,0.0,0.0,0.0
no08,533967_01604_01605_0,930,09:30,0.0,0.0,0.0
no08,533967_01604_01605_0,945,09:45,0.0,0.0,0.0
no08,533967_01604_01605_0,1000,10:00,0.0,0.0,0.0
no08,533967_01604_01605_0,1015,10:15,0.0,0.0,0.0
no08,533967_01604_01605_0,1030,10:30,0.0,0.0,0.0
no08,533967_01604_01605_0,1045,10:45,0.0,0.0,0.0
no08,533967_01604_01605_0,1100,11:00,0.0,0.0,0.0
no08,533967_01604_01605_0,1115,11:15,0.0,0.0,0.0
no08,533967_01604_01605_0,1130,11:30,0.0,0.0,0.0
no08,533967_01604_01605_0,1145,11:45,0.0,0.0,0.0
no08,533967_01604_01605_0,1200,12:00,0.0,0.0,0.0
no08,533967_01604_01605_0,1215,12:15,0.0,0.0,0.0
no08,533967_01604_01605_0,1230,12:30,0.0,0.0,0.0
no08,533967_01604_01605_0,1245,12:45,0.0,0.0,0.0
no08,533967_01604_01605_0,1300,13:00,0.0,0.0,0.0
no08,533967_01604_01605_0,1315,13:15,0.0,0.0,0.0
no08,533967_01604_01605_0,1330,13:30,0.0,0.0,0.0
no08,533967_01604_01605_0,1345,13:45,0.0,0.0,0.0
no08,533967_01604_01605_0,1400,14:00,0.0,0.0,0.0
no08,533967_01604_01605_0,1415,14:15,0.0,0.0,0.0
no08,533967_01604_01605_0,1430,14:30,0.0,0.0,0.0
no08,533967_01604_01605_0,1445,14:45,0.0,0.0,0.0
no08,533967_01604_01605_0,1500,15:00,0.0,0.0,0.0
no08,533967_01604_01605_0,1515,15:15,0.0,0.0,0.0
no08,533967_01604_01605_0,1530,15:30,0.0,0.0,0.0
no08,533967_01604_01605_0,1545,15:45,0.0,0.0,0.0
no08,533967_01604_01605_0,1600,16:00,0.0,0.0,0.0
no08,533967_01604_01605_0,1615,16:15,0.0,0.0,0.0
no08,533967_01604_01605_0,1630,16:30,0.0,0.0,0.0
no08,533967_01604_01605_0,1645,16:45,0.0,0.0,0.0
no08,533967_01604_01605_0,1700,17:00,0.0,0.0,0.0
no08,533967_01604_01605_0,1715,17:15,0.0,0.0,0.0
no08,533967_01604_01605_0,1730,17:30,0.0,0.0,0.0
no08,533967_01604_01605_0,1745,17:45,0.0,0.0,0.0
no08,533967_01604_01605_0,1800,18:00,0.0,0.0,0.0
no08,533967_01604_01605_0,1815,18:15,0.0,0.0,0.0
no08,533967_01604_01605_0,1830,18:30,0.0,0.0,0.0
no08,533967_01604_01605_0,1845,18:45,0.0,0.0,0.0
no08,533967_01604_01605_1,630,06:30,0.0,0.0,0.0
no08,533967_01604_01605_1,645,06:45,0.0,0.0,0.0
no08,533967_01604_01605_1,700,07:00,0.0,0.0,0.0
no08,533967_01604_01605_1,715,07:15,0.0,0.0,0.0
no08,533967_01604_01605_1,730,07:30,0.0,0.0,0.0
no08,533967_01604_01605_1,745,07:45,0.0,0.0,0.0
no08,533967_01604_01605_1,800,08:00,0.0,0.0,0.0
no08,533967_01604_01605_1,815,08:15,0.0,0.0,0.0
no08,533967_01604_01605_1,830,08:30,0.0,0.0,0.0
no08,533967_01604_01605_1,845,08:45,0.0,0.0,0.0
no08,533967_01604_01605_1,900,09:00,0.0,0.0,0.0
no08,533967_01604_01605_1,915,09:15,0.0,0.0,0.0
no08,533967_01604_01605_1,930,09:30,0.0,0.0,0.0
no08,533967_01604_01605_1,945,09:45,0.0,0.0,0.0
no08,533967_01604_01605_1,1000,10:00,0.0,0.0,0.0
no08,533967_01604_01605_1,1015,10:15,0.0,0.0,0.0
no08,533967_01604_01605_1,1030,10:30,0.0,0.0,0.0
no08,533967_01604_01605_1,1045,10:45,0.0,0.0,0.0
no08,533967_01604_01605_1,1100,11:00,0.0,0.0,0.0
no08,533967_01604_01605_1,1115,11:15,0.0,0.0,0.0
no08,533967_01604_01605_1,1130,11:30,0.0,0.0,0.0
no08,533967_01604_01605_1,1145,11:45,0.0,0.0,0.0
no08,533967_01604_01605_1,1200,12:00,0.0,0.0,0.0
no08,533967_01604_01605_1,1215,12:15,0.0,0.0,0.0
no08,533967_01604_01605_1,1230,12:30,0.0,0.0,0.0
no08,533967_01604_01605_1,1245,12:45,0.0,0.0,0.0
no08,533967_01604_01605_1,1300,13:00,0.0,0.0,0.0
no08,533967_01604_01605_1,1315,13:15,0.0,0.0,0.0
no08,533967_01604_01605_1,1330,13:30,0.0,0.0,0.0
no08,533967_01604_01605_1,1345,13:45,0.0,0.0,0.0
no08,533967_01604_01605_1,1400,14:00,0.0,0.0,0.0
no08,533967_01604_01605_1,1415,14:15,0.0,0.0,0.0
no08,533967_01604_01605_1,1430,14:30,0.0,0.0,0.0
no08,533967_01604_01605_1,1445,14:45,0.0,0.0,0.0
no08,533967_01604_01605_1,1500,15:00,0.0,0.0,0.0
no08,533967_01604_01605_1,1515,15:15,0.0,0.0,0.0
no08,533967_01604_01605_1,1530,15:30,0.0,0.0,0.0
no08,533967_01604_01605_1,1545,15:45,0.0,0.0,0.0
no08,533967_01604_01605_1,1600,16:00,0.0,0.0,0.0
no08,533967_01604_01605_1,1615,16:15,0.0,0.0,0.0
no08,533967_01604_01605_1,1630,16:30,0.0,0.0,0.0
no08,533967_01604_01605_1,1645,16:45,0.0,0.0,0.0
no08,533967_01604_01605_1,1700,17:00,0.0,0.0,0.0
no08,533967_01604_01605_1,1715,17:15,0.0,0.0,0.0
no08,533967_01604_01605_1,1730,17:30,0.0,0.0,0.0
no08,533967_01604_01605_1,1745,17:45,0.0,0.0,0.0
no08,533967_01604_01605_1,1800,18:00,0.0,0.0,0.0
no08,533967_01604_01605_1,1815,18:15,0.0,0.0,0.0
no08,533967_01604_01605_1,1830,18:30,0.0,0.0,0.0
no08,533967_01604_01605_1,1845,18:45,0.0,0.0,0.0
no08,533967_01604_01606_0,630,06:30,0.0,0.0,0.0
no08,533967_01604_01606_0,645,06:45,0.0,0.0,0.0
no08,533967_01604_01606_0,700,07:00,0.0,0.0,0.0
no08,533967_01604_01606_0,715,07:15,0.0,0.0,0.0
no08,533967_01604_01606_0,730,07:30,0.0,0.0,0.0
no08,533967_01604_01606_0,745,07:45,0.0,0.0,0.0
no08,533967_01604_01606_0,800,08:00,0.0,0.0,0.0
no08,533967_01604_01606_0,815,08:15,0.0,0.0,0.0
no08,533967_01604_01606_0,830,08:30,0.0,0.0,0.0
no08,533967_01604_01606_0,845,08:45,0.0,0.0,0.0
no08,533967_01604_01606_0,900,09:00,0.0,0.0,0.0
no08,533967_01604_01606_0,915,09:15,0.0,0.0,0.0
no08,533967_01604_01606_0,930,09:30,0.0,0.0,0.0
no08,533967_01604_01606_0,945,09:45,0.0,0.0,0.0
no08,533967_01604_01606_0,1000,10:00,0.0,0.0,0.0
no08,533967_01604_01606_0,1015,10:15,0.0,0.0,0.0
no08,533967_01604_01606_0,1030,10:30,0.0,0.0,0.0
no08,533967_01604_01606_0,1045,10:45,0.0,0.0,0.0
no08,533967_01604_01606_0,1100,11:00,0.0,0.0,0.0
no08,533967_01604_01606_0,1115,11:15,0.0,0.0,0.0
no08,533967_01604_01606_0,1130,11:30,0.0,0.0,0.0
no08,533967_01604_01606_0,1145,11:45,0.0,0.0,0.0
no08,533967_01604_01606_0,1200,12:00,0.0,0.0,0.0
no08,533967_01604_01606_0,1215,12:15,0.0,0.0,0.0
no08,533967_01604_01606_0,1230,12:30,0.0,0.0,0.0
no08,533967_01604_01606_0,1245,12:45,0.0,0.0,0.0
no08,533967_01604_01606_0,1300,13:00,0.0,0.0,0.0
no08,533967_01604_01606_0,1315,13:15,0.0,0.0,0.0
no08,533967_01604_01606_0,1330,13:30,0.0,0.0,0.0
no08,533967_01604_01606_0,1345,13:45,0.0,0.0,0.0
no08,533967_01604_01606_0,1400,14:00,0.0,0.0,0.0
no08,533967_01604_01606_0,1415,14:15,0.0,0.0,0.0
no08,533967_01604_01606_0,1430,14:30,0.0,0.0,0.0
no08,533967_01604_01606_0,1445,14:45,0.0,0.0,0.0
no08,533967_01604_01606_0,1500,15:00,0.0,0.0,0.0
no08,533967_01604_01606_0,1515,15:15,0.0,0.0,0.0
no08,533967_01604_01606_0,1530,15:30,0.0,0.0,0.0
no08,533967_01604_01606_0,1545,15:45,0.0,0.0,0.0
no08,533967_01604_01606_0,1600,16:00,0.0,0.0,0.0
no08,533967_01604_01606_0,1615,16:15,0.0,0.0,0.0
no08,533967_01604_01606_0,1630,16:30,0.0,0.0,0.0
no08,533967_01604_01606_0,1645,16:45,0.0,0.0,0.0
no08,533967_01604_01606_0,1700,17:00,0.0,0.0,0.0
no08,533967_01604_01606_0,1715,17:15,0.0,0.0,0.0
no08,533967_01604_01606_0,1730,17:30,0.0,0.0,0.0
no08,533967_01604_01606_0,1745,17:45,0.0,0.0,0.0
no08,533967_01604_01606_0,1800,18:00,0.0,0.0,0.0
no08,533967_01604_01606_0,1815,18:15,0.0,0.0,0.0
no08,533967_01604_01606_0,1830,18:30,0.0,0.0,0.0
no08,533967_01604_01606_0,1845,18:45,0.0,0.0,0.0
no08,533967_01604_01606_1,630,06:30,0.0,0.0,0.0
no08,533967_01604_01606_1,645,06:45,0.0,0.0,0.0
no08,533967_01604_01606_1,700,07:00,0.0,0.0,0.0
no08,533967_01604_01606_1,715,07:15,0.0,0.0,0.0
no08,533967_01604_01606_1,730,07:30,0.0,0.0,0.0
no08,533967_01604_01606_1,745,07:45,0.0,0.0,0.0
no08,533967_01604_01606_1,800,08:00,0.0,0.0,0.0
no08,533967_01604_01606_1,815,08:15,0.0,0.0,0.0
no08,533967_01604_01606_1,830,08:30,0.0,0.0,0.0
no08,533967_01604_01606_1,845,08:45,0.0,0.0,0.0
no08,533967_01604_01606_1,900,09:00,0.0,0.0,0.0
no08,533967_01604_01606_1,915,09:15,0.0,0.0,0.0
no08,533967_01604_01606_1,930,09:30,0.0,0.0,0.0
no08,533967_01604_01606_1,945,09:45,0.0,0.0,0.0
no08,533967_01604_01606_1,1000,10:00,0.0,0.0,0.0
no08,533967_01604_01606_1,1015,10:15,0.0,0.0,0.0
no08,533967_01604_01606_1,1030,10:30,0.0,0.0,0.0
no08,533967_01604_01606_1,1045,10:45,0.0,0.0,0.0
no08,533967_01604_01606_1,1100,11:00,0.0,0.0,0.0
no08,533967_01604_01606_1,1115,11:15,0.0,0.0,0.0
no08,533967_01604_01606_1,1130,11:30,0.0,0.0,0.0
no08,533967_01604_01606_1,1145,11:45,0.0,0.0,0.0
no08,533967_01604_01606_1,1200,12:00,0.0,0.0,0.0
no08,533967_01604_01606_1,1215,12:15,0.0,0.0,0.0
no08,533967_01604_01606_1,1230,12:30,0.0,0.0,0.0
no08,533967_01604_01606_1,1245,12:45,0.0,0.0,0.0
no08,533967_01604_01606_1,1300,13:00,0.0,0.0,0.0
no08,533967_01604_01606_1,1315,13:15,0.0,0.0,0.0
no08,533967_01604_01606_1,1330,13:30,0.0,0.0,0.0
no08,533967_01604_01606_1,1345,13:45,0.0,0.0,0.0
no08,533967_01604_01606_1,1400,14:00,0.0,0.0,0.0
no08,533967_01604_01606_1,1415,14:15,0.0,0.0,0.0
no08,533967_01604_01606_1,1430,14:30,0.0,0.0,0.0
no08,533967_01604_01606_1,1445,14:45,0.0,0.0,0.0
no08,533967_01604_01606_1,1500,15:00,0.0,0.0,0.0
no08,533967_01604_01606_1,1515,15:15,0.0,0.0,0.0
no08,533967_01604_01606_1,1530,15:30,0.0,0.0,0.0
no08,533967_01604_01606_1,1545,15:45,0.0,0.0,0.0
no08,533967_01604_01606_1,1600,16:00,0.0,0.0,0.0
no08,533967_01604_01606_1,1615,16:15,0.0,0.0,0.0
no08,533967_01604_01606_1,1630,16:30,0.0,0.0,0.0
no08,533967_01604_01606_1,1645,16:45,0.0,0.0,0.0
no08,533967_01604_01606_1,1700,17:00,0.0,0.0,0.0
no08,533967_01604_01606_1,1715,17:15,0.0,0.0,0.0
no08,533967_01604_01606_1,1730,17:30,0.0,0.0,0.0
no08,533967_01604_01606_1,1745,17:45,0.0,0.0,0.0
no08,533967_01604_01606_1,1800,18:00,0.0,0.0,0.0
no08,533967_01604_01606_1,1815,18:15,0.0,0.0,0.0
no08,533967_01604_01606_1,1830,18:30,0.0,0.0,0.0
no08,533967_01604_01606_1,1845,18:45,0.0,0.0,0.0
no08,533967_01605_01607_0,630,06:30,0.0,0.0,0.0
no08,533967_01605_01607_0,645,06:45,0.0,0.0,0.0
no08,533967_01605_01607_0,700,07:00,0.0,0.0,0.0
no08,533967_01605_01607_0,715,07:15,0.0,0.0,0.0
no08,533967_01605_01607_0,730,07:30,0.0,0.0,0.0
no08,533967_01605_01607_0,745,07:45,0.0,0.0,0.0
no08,533967_01605_01607_0,800,08:00,0.0,0.0,0.0
no08,533967_01605_01607_0,815,08:15,0.0,0.0,0.0
no08,533967_01605_01607_0,830,08:30,0.0,0.0,0.0
no08,533967_01605_01607_0,845,08:45,0.0,0.0,0.0
no08,533967_01605_01607_0,900,09:00,0.0,0.0,0.0
no08,533967_01605_01607_0,915,09:15,0.0,0.0,0.0
no08,533967_01605_01607_0,930,09:30,0.0,0.0,0.0
no08,533967_01605_01607_0,945,09:45,0.0,0.0,0.0
no08,533967_01605_01607_0,1000,10:00,0.0,0.0,0.0
no08,533967_01605_01607_0,1015,10:15,0.0,0.0,0.0
no08,533967_01605_01607_0,1030,10:30,0.0,0.0,0.0
no08,533967_01605_01607_0,1045,10:45,0.0,0.0,0.0
no08,533967_01605_01607_0,1100,11:00,0.0,0.0,0.0
no08,533967_01605_01607_0,1115,11:15,0.0,0.0,0.0
no08,533967_01605_01607_0,1130,11:30,0.0,0.0,0.0
no08,533967_01605_01607_0,1145,11:45,0.0,0.0,0.0
no08,533967_01605_01607_0,1200,12:00,0.0,0.0,0.0
no08,533967_01605_01607_0,1215,12:15,0.0,0.0,0.0
no08,533967_01605_01607_0,1230,12:30,0.0,0.0,0.0
no08,533967_01605_01607_0,1245,12:45,0.0,0.0,0.0
no08,533967_01605_01607_0,1300,13:00,0.0,0.0,0.0
no08,533967_01605_01607_0,1315,13:15,0.0,0.0,0.0
no08,533967_01605_01607_0,1330,13:30,0.0,0.0,0.0
no08,533967_01605_01607_0,1345,13:45,0.0,0.0,0.0
no08,533967_01605_01607_0,1400,14:00,0.0,0.0,0.0
no08,533967_01605_01607_0,1415,14:15,0.0,0.0,0.0
no08,533967_01605_01607_0,1430,14:30,0.0,0.0,0.0
no08,533967_01605_01607_0,1445,14:45,0.0,0.0,0.0
no08,533967_01605_01607_0,1500,15:00,0.0,0.0,0.0
no08,533967_01605_01607_0,1515,15:15,0.0,0.0,0.0
no08,533967_01605_01607_0,1530,15:30,0.0,0.0,0.0
no08,533967_01605_01607_0,1545,15:45,0.0,0.0,0.0
no08,533967_01605_01607_0,1600,16:00,0.0,0.0,0.0
no08,533967_01605_01607_0,1615,16:15,0.0,0.0,0.0
no08,533967_01605_01607_0,1630,16:30,0.0,0.0,0.0
no08,533967_01605_01607_0,1645,16:45,0.0,0.0,0.0
no08,533967_01605_01607_0,1700,17:00,0.0,0.0,0.0
no08,533967_01605_01607_0,1715,17:15,0.0,0.0,0.0
no08,533967_01605_01607_0,1730,17:30,0.0,0.0,0.0
no08,533967_01605_01607_0,1745,17:45,0.0,0.0,0.0
no08,533967_01605_01607_0,1800,18:00,0.0,0.0,0.0
no08,533967_01605_01607_0,1815,18:15,0.0,0.0,0.0
no08,533967_01605_01607_0,1830,18:30,0.0,0.0,0.0
no08,533967_01605_01607_0,1845,18:45,0.0,0.0,0.0
no08,533967_01605_01607_1,630,06:30,0.0,0.0,0.0
no08,533967_01605_01607_1,645,06:45,0.0,0.0,0.0
no08,533967_01605_01607_1,700,07:00,0.0,0.0,0.0
no08,533967_01605_01607_1,715,07:15,0.0,0.0,0.0
no08,533967_01605_01607_1,730,07:30,0.0,0.0,0.0
no08,533967_01605_01607_1,745,07:45,0.0,0.0,0.0
no08,533967_01605_01607_1,800,08:00,0.0,0.0,0.0
no08,533967_01605_01607_1,815,08:15,0.0,0.0,0.0
no08,533967_01605_01607_1,830,08:30,0.0,0.0,0.0
no08,533967_01605_01607_1,845,08:45,0.0,0.0,0.0
no08,533967_01605_01607_1,900,09:00,0.0,0.0,0.0
no08,533967_01605_01607_1,915,09:15,0.0,0.0,0.0
no08,533967_01605_01607_1,930,09:30,0.0,0.0,0.0
no08,533967_01605_01607_1,945,09:45,0.0,0.0,0.0
no08,533967_01605_01607_1,1000,10:00,0.0,0.0,0.0
no08,533967_01605_01607_1,1015,10:15,0.0,0.0,0.0
no08,533967_01605_01607_1,1030,10:30,0.0,0.0,0.0
no08,533967_01605_01607_1,1045,10:45,0.0,0.0,0.0
no08,533967_01605_01607_1,1100,11:00,0.0,0.0,0.0
no08,533967_01605_01607_1,1115,11:15,0.0,0.0,0.0
no08,533967_01605_01607_1,1130,11:30,0.0,0.0,0.0
no08,533967_01605_01607_1,1145,11:45,0.0,0.0,0.0
no08,533967_01605_01607_1,1200,12:00,0.0,0.0,0.0
no08,533967_01605_01607_1,1215,12:15,0.0,0.0,0.0
no08,533967_01605_01607_1,1230,12:30,0.0,0.0,0.0
no08,533967_01605_01607_1,1245,12:45,0.0,0.0,0.0
no08,533967_01605_01607_1,1300,13:00,0.0,0.0,0.0
no08,533967_01605_01607_1,1315,13:15,0.0,0.0,0.0
no08,533967_01605_01607_1,1330,13:30,0.0,0.0,0.0
no08,533967_01605_01607_1,1345,13:45,0.0,0.0,0.0
no08,533967_01605_01607_1,1400,14:00,0.0,0.0,0.0
no08,533967_01605_01607_1,1415,14:15,0.0,0.0,0.0
no08,533967_01605_01607_1,1430,14:30,0.0,0.0,0.0
no08,533967_01605_01607_1,1445,14:45,0.0,0.0,0.0
no08,533967_01605_01607_1,1500,15:00,0.0,0.0,0.0
no08,533967_01605_01607_1,1515,15:15,0.0,0.0,0.0
no08,533967_01605_01607_1,1530,15:30,0.0,0.0,0.0
no08,533967_01605_01607_1,1545,15:45,0.0,0.0,0.0
no08,533967_01605_01607_1,1600,16:00,0.0,0.0,0.0
no08,533967_01605_01607_1,1615,16:15,0.0,0.0,0.0
no08,533967_01605_01607_1,1630,16:30,0.0,0.0,0.0
no08,533967_01605_01607_1,1645,16:45,0.0,0.0,0.0
no08,533967_01605_01607_1,1700,17:00,0.0,0.0,0.0
no08,533967_01605_01607_1,1715,17:15,0.0,0.0,0.0
no08,533967_01605_01607_1,1730,17:30,0.0,0.0,0.0
no08,533967_01605_01607_1,1745,17:45,0.0,0.0,0.0
no08,533967_01605_01607_1,1800,18:00,0.0,0.0,0.0
no08,533967_01605_01607_1,1815,18:15,0.0,0.0,0.0
no08,533967_01605_01607_1,1830,18:30,0.0,0.0,0.0
no08,533967_01605_01607_1,1845,18:45,0.0,0.0,0.0
no08,533967_01606_01607_0,630,06:30,0.0,0.0,0.0
no08,533967_01606_01607_0,645,06:45,0.0,0.0,0.0
no08,533967_01606_01607_0,700,07:00,0.0,0.0,0.0
no08,533967_01606_01607_0,715,07:15,0.0,0.0,0.0
no08,533967_01606_01607_0,730,07:30,0.0,0.0,0.0
no08,533967_01606_01607_0,745,07:45,0.0,0.0,0.0
no08,533967_01606_01607_0,800,08:00,0.0,0.0,0.0
no08,533967_01606_01607_0,815,08:15,0.0,0.0,0.0
no08,533967_01606_01607_0,830,08:30,0.0,0.0,0.0
no08,533967_01606_01607_0,845,08:45,0.0,0.0,0.0
no08,533967_01606_01607_0,900,09:00,0.0,0.0,0.0
no08,533967_01606_01607_0,915,09:15,0.0,0.0,0.0
no08,533967_01606_01607_0,930,09:30,0.0,0.0,0.0
no08,533967_01606_01607_0,945,09:45,0.0,0.0,0.0
no08,533967_01606_01607_0,1000,10:00,0.0,0.0,0.0
no08,533967_01606_01607_0,1015,10:15,0.0,0.0,0.0
no08,533967_01606_01607_0,1030,10:30,0.0,0.0,0.0
no08,533967_01606_01607_0,1045,10:45,0.0,0.0,0.0
no08,533967_01606_01607_0,1100,11:00,0.0,0.0,0.0
no08,533967_01606_01607_0,1115,11:15,0.0,0.0,0.0
no08,533967_01606_01607_0,1130,11:30,0.0,0.0,0.0
no08,533967_01606_01607_0,1145,11:45,0.0,0.0,0.0
no08,533967_01606_01607_0,1200,12:00,0.0,0.0,0.0
no08,533967_01606_01607_0,1215,12:15,0.0,0.0,0.0
no08,533967_01606_01607_0,1230,12:30,0.0,0.0,0.0
no08,533967_01606_01607_0,1245,12:45,0.0,0.0,0.0
no08,533967_01606_01607_0,1300,13:00,0.0,0.0,0.0
no08,533967_01606_01607_0,1315,13:15,0.0,0.0,0.0
no08,533967_01606_01607_0,1330,13:30,0.0,0.0,0.0
no08,533967_01606_01607_0,1345,13:45,0.0,0.0,0.0
no08,533967_01606_01607_0,1400,14:00,0.0,0.0,0.0
no08,533967_01606_01607_0,1415,14:15,0.0,0.0,0.0
no08,533967_01606_01607_0,1430,14:30,0.0,0.0,0.0
no08,533967_01606_01607_0,1445,14:45,0.0,0.0,0.0
no08,533967_01606_01607_0,1500,15:00,0.0,0.0,0.0
no08,533967_01606_01607_0,1515,15:15,0.0,0.0,0.0
no08,533967_01606_01607_0,1530,15:30,0.0,0.0,0.0
no08,533967_01606_01607_0,1545,15:45,0.0,0.0,0.0
no08,533967_01606_01607_0,1600,16:00,0.0,0.0,0.0
no08,533967_01606_01607_0,1615,16:15,0.0,0.0,0.0
no08,533967_01606_01607_0,1630,16:30,0.0,0.0,0.0
no08,533967_01606_01607_0,1645,16:45,0.0,0.0,0.0
no08,533967_01606_01607_0,1700,17:00,0.0,0.0,0.0
no08,533967_01606_01607_0,1715,17:15,0.0,0.0,0.0
no08,533967_01606_01607_0,1730,17:30,0.0,0.0,0.0
no08,533967_01606_01607_0,1745,17:45,0.0,0.0,0.0
no08,533967_01606_01607_0,1800,18:00,0.0,0.0,0.0
no08,533967_01606_01607_0,1815,18:15,0.0,0.0,0.0
no08,533967_01606_01607_0,1830,18:30,0.0,0.0,0.0
no08,533967_01606_01607_0,1845,18:45,0.0,0.0,0.0
no08,533967_01606_01607_1,630,06:30,0.0,0.0,0.0
no08,533967_01606_01607_1,645,06:45,0.0,0.0,0.0
no08,533967_01606_01607_1,700,07:00,0.0,0.0,0.0
no08,533967_01606_01607_1,715,07:15,0.0,0.0,0.0
no08,533967_01606_01607_1,730,07:30,0.0,0.0,0.0
no08,533967_01606_01607_1,745,07:45,0.0,0.0,0.0
no08,533967_01606_01607_1,800,08:00,0.0,0.0,0.0
no08,533967_01606_01607_1,815,08:15,0.0,0.0,0.0
no08,533967_01606_01607_1,830,08:30,0.0,0.0,0.0
no08,533967_01606_01607_1,845,08:45,0.0,0.0,0.0
no08,533967_01606_01607_1,900,09:00,0.0,0.0,0.0
no08,533967_01606_01607_1,915,09:15,0.0,0.0,0.0
no08,533967_01606_01607_1,930,09:30,0.0,0.0,0.0
no08,533967_01606_01607_1,945,09:45,0.0,0.0,0.0
no08,533967_01606_01607_1,1000,10:00,0.0,0.0,0.0
no08,533967_01606_01607_1,1015,10:15,0.0,0.0,0.0
no08,533967_01606_01607_1,1030,10:30,0.0,0.0,0.0
no08,533967_01606_01607_1,1045,10:45,0.0,0.0,0.0
no08,533967_01606_01607_1,1100,11:00,0.0,0.0,0.0
no08,533967_01606_01607_1,1115,11:15,0.0,0.0,0.0
no08,533967_01606_01607_1,1130,11:30,0.0,0.0,0.0
no08,533967_01606_01607_1,1145,11:45,0.0,0.0,0.0
no08,533967_01606_01607_1,1200,12:00,0.0,0.0,0.0
no08,533967_01606_01607_1,1215,12:15,0.0,0.0,0.0
no08,533967_01606_01607_1,1230,12:30,0.0,0.0,0.0
no08,533967_01606_01607_1,1245,12:45,0.0,0.0,0.0
no08,533967_01606_01607_1,1300,13:00,0.0,0.0,0.0
no08,533967_01606_01607_1,1315,13:15,0.0,0.0,0.0
no08,533967_01606_01607_1,1330,13:30,0.0,0.0,0.0
no08,533967_01606_01607_1,1345,13:45,0.0,0.0,0.0
no08,533967_01606_01607_1,1400,14:00,0.0,0.0,0.0
no08,533967_01606_01607_1,1415,14:15,0.0,0.0,0.0
no08,533967_01606_01607_1,1430,14:30,0.0,0.0,0.0
no08,533967_01606_01607_1,1445,14:45,0.0,0.0,0.0
no08,533967_01606_01607_1,1500,15:00,0.0,0.0,0.0
no08,533967_01606_01607_1,1515,15:15,0.0,0.0,0.0
no08,533967_01606_01607_1,1530,15:30,0.0,0.0,0.0
no08,533967_01606_01607_1,1545,15:45,0.0,0.0,0.0
no08,533967_01606_01607_1,1600,16:00,0.0,0.0,0.0
no08,533967_01606_01607_1,1615,16:15,0.0,0.0,0.0
no08,533967_01606_01607_1,1630,16:30,0.0,0.0,0.0
no08,533967_01606_01607_1,1645,16:45,0.0,0.0,0.0
no08,533967_01606_01607_1,1700,17:00,0.0,0.0,0.0
no08,533967_01606_01607_1,1715,17:15,0.0,0.0,0.0
no08,533967_01606_01607_1,1730,17:30,0.0,0.0,0.0
no08,533967_01606_01607_1,1745,17:45,0.0,0.0,0.0
no08,533967_01606_01607_1,1800,18:00,0.0,0.0,0.0
no08,533967_01606_01607_1,1815,18:15,0.0,0.0,0.0
no08,533967_01606_01607_1,1830,18:30,0.0,0.0,0.0
no08,533967_01606_01607_1,1845,18:45,0.0,0.0,0.0
no08,533967_01606_01609_0,630,06:30,0.0,0.0,0.0
no08,533967_01606_01609_0,645,06:45,0.0,0.0,0.0
no08,533967_01606_01609_0,700,07:00,0.0,0.0,0.0
no08,533967_01606_01609_0,715,07:15,0.0,0.0,0.0
no08,533967_01606_01609_0,730,07:30,0.0,0.0,0.0
no08,533967_01606_01609_0,745,07:45,0.0,0.0,0.0
no08,533967_01606_01609_0,800,08:00,0.0,0.0,0.0
no08,533967_01606_01609_0,815,08:15,0.0,0.0,0.0
no08,533967_01606_01609_0,830,08:30,0.0,0.0,0.0
no08,533967_01606_01609_0,845,08:45,0.0,0.0,0.0
no08,533967_01606_01609_0,900,09:00,0.0,0.0,0.0
no08,533967_01606_01609_0,915,09:15,0.0,0.0,0.0
no08,533967_01606_01609_0,930,09:30,0.0,0.0,0.0
no08,533967_01606_01609_0,945,09:45,0.0,0.0,0.0
no08,533967_01606_01609_0,1000,10:00,0.0,0.0,0.0
no08,533967_01606_01609_0,1015,10:15,0.0,0.0,0.0
no08,533967_01606_01609_0,1030,10:30,0.0,0.0,0.0
no08,533967_01606_01609_0,1045,10:45,0.0,0.0,0.0
no08,533967_01606_01609_0,1100,11:00,0.0,0.0,0.0
no08,533967_01606_01609_0,1115,11:15,0.0,0.0,0.0
no08,533967_01606_01609_0,1130,11:30,0.0,0.0,0.0
no08,533967_01606_01609_0,1145,11:45,0.0,0.0,0.0
no08,533967_01606_01609_0,1200,12:00,0.0,0.0,0.0
no08,533967_01606_01609_0,1215,12:15,0.0,0.0,0.0
no08,533967_01606_01609_0,1230,12:30,0.0,0.0,0.0
no08,533967_01606_01609_0,1245,12:45,0.0,0.0,0.0
no08,533967_01606_01609_0,1300,13:00,0.0,0.0,0.0
no08,533967_01606_01609_0,1315,13:15,0.0,0.0,0.0
no08,533967_01606_01609_0,1330,13:30,0.0,0.0,0.0
no08,533967_01606_01609_0,1345,13:45,0.0,0.0,0.0
no08,533967_01606_01609_0,1400,14:00,0.0,0.0,0.0
no08,533967_01606_01609_0,1415,14:15,0.0,0.0,0.0
no08,533967_01606_01609_0,1430,14:30,0.0,0.0,0.0
no08,533967_01606_01609_0,1445,14:45,0.0,0.0,0.0
no08,533967_01606_01609_0,1500,15:00,0.0,0.0,0.0
no08,533967_01606_01609_0,1515,15:15,0.0,0.0,0.0
no08,533967_01606_01609_0,1530,15:30,0.0,0.0,0.0
no08,533967_01606_01609_0,1545,15:45,0.0,0.0,0.0
no08,533967_01606_01609_0,1600,16:00,0.0,0.0,0.0
no08,533967_01606_01609_0,1615,16:15,0.0,0.0,0.0
no08,533967_01606_01609_0,1630,16:30,0.0,0.0,0.0
no08,533967_01606_01609_0,1645,16:45,0.0,0.0,0.0
no08,533967_01606_01609_0,1700,17:00,0.0,0.0,0.0
no08,533967_01606_01609_0,1715,17:15,0.0,0.0,0.0
no08,533967_01606_01609_0,1730,17:30,0.0,0.0,0.0
no08,533967_01606_01609_0,1745,17:45,0.0,0.0,0.0
no08,533967_01606_01609_0,1800,18:00,0.0,0.0,0.0
no08,533967_01606_01609_0,1815,18:15,0.0,0.0,0.0
no08,533967_01606_01609_0,1830,18:30,0.0,0.0,0.0
no08,533967_01606_01609_0,1845,18:45,0.0,0.0,0.0
no08,533967_01606_01609_1,630,06:30,0.0,0.0,0.0
no08,533967_01606_01609_1,645,06:45,0.0,0.0,0.0
no08,533967_01606_01609_1,700,07:00,0.0,0.0,0.0
no08,533967_01606_01609_1,715,07:15,0.0,0.0,0.0
no08,533967_01606_01609_1,730,07:30,0.0,0.0,0.0
no08,533967_01606_01609_1,745,07:45,0.0,0.0,0.0
no08,533967_01606_01609_1,800,08:00,0.0,0.0,0.0
no08,533967_01606_01609_1,815,08:15,0.0,0.0,0.0
no08,533967_01606_01609_1,830,08:30,0.0,0.0,0.0
no08,533967_01606_01609_1,845,08:45,0.0,0.0,0.0
no08,533967_01606_01609_1,900,09:00,0.0,0.0,0.0
no08,533967_01606_01609_1,915,09:15,0.0,0.0,0.0
no08,533967_01606_01609_1,930,09:30,0.0,0.0,0.0
no08,533967_01606_01609_1,945,09:45,0.0,0.0,0.0
no08,533967_01606_01609_1,1000,10:00,0.0,0.0,0.0
no08,533967_01606_01609_1,1015,10:15,0.0,0.0,0.0
no08,533967_01606_01609_1,1030,10:30,0.0,0.0,0.0
no08,533967_01606_01609_1,1045,10:45,0.0,0.0,0.0
no08,533967_01606_01609_1,1100,11:00,0.0,0.0,0.0
no08,533967_01606_01609_1,1115,11:15,0.0,0.0,0.0
no08,533967_01606_01609_1,1130,11:30,0.0,0.0,0.0
no08,533967_01606_01609_1,1145,11:45,0.0,0.0,0.0
no08,533967_01606_01609_1,1200,12:00,0.0,0.0,0.0
no08,533967_01606_01609_1,1215,12:15,0.0,0.0,0.0
no08,533967_01606_01609_1,1230,12:30,0.0,0.0,0.0
no08,533967_01606_01609_1,1245,12:45,0.0,0.0,0.0
no08,533967_01606_01609_1,1300,13:00,0.0,0.0,0.0
no08,533967_01606_01609_1,1315,13:15,0.0,0.0,0.0
no08,533967_01606_01609_1,1330,13:30,0.0,0.0,0.0
no08,533967_01606_01609_1,1345,13:45,0.0,0.0,0.0
no08,533967_01606_01609_1,1400,14:00,0.0,0.0,0.0
no08,533967_01606_01609_1,1415,14:15,0.0,0.0,0.0
no08,533967_01606_01609_1,1430,14:30,0.0,0.0,0.0
no08,533967_01606_01609_1,1445,14:45,0.0,0.0,0.0
no08,533967_01606_01609_1,1500,15:00,0.0,0.0,0.0
no08,533967_01606_01609_1,1515,15:15,0.0,0.0,0.0
no08,533967_01606_01609_1,1530,15:30,0.0,0.0,0.0
no08,533967_01606_01609_1,1545,15:45,0.0,0.0,0.0
no08,533967_01606_01609_1,1600,16:00,0.0,0.0,0.0
no08,533967_01606_01609_1,1615,16:15,0.0,0.0,0.0
no08,533967_01606_01609_1,1630,16:30,0.0,0.0,0.0
no08,533967_01606_01609_1,1645,16:45,0.0,0.0,0.0
no08,533967_01606_01609_1,1700,17:00,0.0,0.0,0.0
no08,533967_01606_01609_1,1715,17:15,0.0,0.0,0.0
no08,533967_01606_01609_1,1730,17:30,0.0,0.0,0.0
no08,533967_01606_01609_1,1745,17:45,0.0,0.0,0.0
no08,533967_01606_01609_1,1800,18:00,0.0,0.0,0.0
no08,533967_01606_01609_1,1815,18:15,0.0,0.0,0.0
no08,533967_01606_01609_1,1830,18:30,0.0,0.0,0.0
no08,533967_01606_01609_1,1845,18:45,0.0,0.0,0.0
no08,533967_01654_01655_0,630,06:30,1681.6605,1673.6978947368425,-7.962605263157457
no08,533967_01654_01655_0,645,06:45,1730.9875,1749.4426315789472,18.455131578947203
no08,533967_01654_01655_0,700,07:00,1069.3085,1058.4636842105265,-10.844815789473614
no08,533967_01654_01655_0,715,07:15,1429.1925,1429.6515789473683,0.459078947368198
no08,533967_01654_01655_0,730,07:30,1232.703,1230.7147368421054,-1.9882631578946075
no08,533967_01654_01655_0,745,07:45,1312.676,1318.4073684210528,5.731368421052821
no08,533967_01654_01655_0,800,08:00,1232.2875,1174.4536842105265,-57.83381578947342
no08,533967_01654_01655_0,815,08:15,1962.012,2016.3410526315788,54.32905263157886
no08,533967_01654_01655_0,830,08:30,2337.1125,2389.446315789474,52.33381578947365
no08,533967_01654_01655_0,845,08:45,2518.0415000000003,2512.9015789473683,-5.139921052631962
no08,533967_01654_01655_0,900,09:00,1974.49,1969.8063157894735,-4.683684210526508
no08,533967_01654_01655_0,915,09:15,1797.7189999999998,1804.048947368421,6.329947368421244
no08,533967_01654_01655_0,930,09:30,2160.6635,2136.115263157895,-24.548236842105325
no08,533967_01654_01655_0,945,09:45,2164.5505000000003,2181.277368421053,16.726868421052586
no08,533967_01654_01655_0,1000,10:00,1537.35,1533.8636842105263,-3.486315789473565
no08,533967_01654_01655_0,1015,10:15,1682.0310000000002,1685.1394736842103,3.1084736842101393
no08,533967_01654_01655_0,1030,10:30,1988.6545,1952.7436842105265,-35.910815789473645
no08,533967_01654_01655_0,1045,10:45,1676.3049999999998,1727.0684210526315,50.76342105263166
no08,533967_01654_01655_0,1100,11:00,1580.7705,1559.4557894736845,-21.314710526315594
no08,533967_01654_01655_0,1115,11:15,1680.4029999999998,1670.7610526315789,-9.641947368420915
no08,533967_01654_01655_0,1130,11:30,1353.9915,1380.4642105263158,26.472710526315723
no08,533967_01654_01655_0,1145,11:45,2013.2985,2019.3989473684207,6.100447368420646
no08,533967_01654_01655_0,1200,12:00,2241.8045,2153.1457894736845,-88.65871052631564
no08,533967_01654_01655_0,1215,12:15,1690.123,1741.7484210526316,51.62542105263151
no08,533967_01654_01655_0,1230,12:30,1771.0435000000002,1780.352105263158,9.308605263157688
no08,533967_01654_01655_0,1245,12:45,1636.908,1632.8605263157897,-4.0474736842102175
no08,533967_01654_01655_0,1300,13:00,1005.6095,994.2452631578948,-11.364236842105242
no08,533967_01654_01655_0,1315,13:15,1669.8134999999995,1675.4268421052632,5.613342105263655
no08,533967_01654_01655_0,1330,13:30,1565.4625,1559.078947368421,-6.38355263157905
no08,533967_01654_01655_0,1345,13:45,1376.44,1371.4663157894738,-4.973684210526244
no08,533967_01654_01655_0,1400,14:00,2389.982,2340.0226315789478,-49.959368421052204
no08,533967_01654_01655_0,1415,14:15,2090.6905,2151.7789473684206,61.088447368420475
no08,533967_01654_01655_0,1430,14:30,1523.4855,1526.5378947368422,3.0523947368421886
no08,533967_01654_01655_0,1445,14:45,2095.13,2056.492105263158,-38.6378947368421
no08,533967_01654_01655_0,1500,15:00,1950.2655,1966.113684210526,15.848184210525915
no08,533967_01654_01655_0,1515,15:15,2181.582,2168.0773684210526,-13.504631578947283
no08,533967_01654_01655_0,1530,15:30,2006.248,1973.1657894736843,-33.08221052631575
no08,533967_01654_01655_0,1545,15:45,1473.8049999999998,1525.143157894737,51.33815789473715
no08,533967_01654_01655_0,1600,16:00,2441.652,2430.224736842105,-11.42726315789514
no08,533967_01654_01655_0,1615,16:15,1900.4185,1906.171052631579,5.752552631578965
no08,533967_01654_01655_0,1630,16:30,1707.7675,1714.6552631578948,6.887763157894824
no08,533967_01654_01655_0,1645,16:45,1779.0169999999998,1763.8852631578948,-15.131736842105056
no08,533967_01654_01655_0,1700,17:00,2478.663,2419.3794736842106,-59.28352631578946
no08,533967_01654_01655_0,1715,17:15,1925.8905,1984.5973684210528,58.70686842105283
no08,533967_01654_01655_0,1730,17:30,1784.639,1707.2736842105264,-77.36531578947347
no08,533967_01654_01655_0,1745,17:45,2163.9815,2194.9,30.918500000000222
no08,533967_01654_01655_0,1800,18:00,1485.9665,1469.1331578947368,-16.833342105263227
no08,533967_01654_01655_0,1815,18:15,1548.0155,1594.588947368421,46.57344736842106
no08,533967_01654_01655_0,1830,18:30,1561.432,1560.743157894737,-0.6888421052631202
no08,533967_01654_01655_0,1845,18:45,1370.766,1352.8052631578946,-17.96073684210546
no08,533967_01654_01658_1,630,06:30,2273.9025,2255.324210526316,-18.57828947368398
no08,533967_01654_01658_1,645,06:45,3704.19,3656.525263157895,-47.66473684210496
no08,533967_01654_01658_1,700,07:00,2580.375,2604.958421052632,24.58342105263182
no08,533967_01654_01658_1,715,07:15,2180.0975,2182.111052631579,2.013552631578932
no08,533967_01654_01658_1,730,07:30,1736.313,1733.9084210526316,-2.4045789473684636
no08,533967_01654_01658_1,745,07:45,3765.3295,3579.4189473684214,-185.9105526315784
no08,533967_01654_01658_1,800,08:00,2564.8615,2490.391052631579,-74.47044736842099
no08,533967_01654_01658_1,815,08:15,2905.4885000000004,2974.0773684210526,68.58886842105221
no08,533967_01654_01658_1,830,08:30,2782.1045,2887.712631578948,105.6081315789479
no08,533967_01654_01658_1,845,08:45,1989.177,1917.07,-72.10699999999997
no08,533967_01654_01658_1,900,09:00,1367.5855,1354.5694736842106,-13.016026315789304
no08,533967_01654_01658_1,915,09:15,2105.5895,2117.852105263158,12.262605263158093
no08,533967_01654_01658_1,930,09:30,1921.684,1881.346842105263,-40.33715789473695
no08,533967_01654_01658_1,945,09:45,1281.7045,1360.111052631579,78.40655263157896
no08,533967_01654_01658_1,1000,10:00,1374.735,1401.8531578947368,27.118157894736896
no08,533967_01654_01658_1,1015,10:15,1537.694,1532.3073684210526,-5.386631578947345
no08,533967_01654_01658_1,1030,10:30,878.3994999999999,886.6557894736842,8.256289473684319
no08,533967_01654_01658_1,1045,10:45,1360.1345,1305.4794736842105,-54.65502631578943
no08,533967_01654_01658_1,1100,11:00,1478.766,1519.84,41.07399999999984
no08,533967_01654_01658_1,1115,11:15,1579.9485,1607.5105263157895,27.56202631578958
no08,533967_01654_01658_1,1130,11:30,1772.825,1802.9021052631576,30.07710526315759
no08,533967_01654_01658_1,1145,11:45,1223.317,1228.0352631578946,4.718263157894626
no08,533967_01654_01658_1,1200,12:00,1269.349,1220.1815789473685,-49.167421052631425
no08,533967_01654_01658_1,1215,12:15,1579.3875,1574.1905263157894,-5.196973684210661
no08,533967_01654_01658_1,1230,12:30,1260.6275,1235.1663157894736,-25.461184210526426
no08,533967_01654_01658_1,1245,12:45,1391.4665,1392.9342105263158,1.467710526315841
no08,533967_01654_01658_1,1300,13:00,1009.946,995.4505263157894,-14.495473684210651
no08,533967_01654_01658_1,1315,13:15,1684.786,1671.057894736842,-13.728105263158113
no08,533967_01654_01658_1,1330,13:30,1429.691,1481.8357894736844,52.14478947368434
no08,533967_01654_01658_1,1345,13:45,1216.9105,1244.8842105263157,27.9737105263157
no08,533967_01654_01658_1,1400,14:00,1670.1259999999995,1723.701052631579,53.57505263157941
no08,533967_01654_01658_1,1415,14:15,1356.9395,1363.2147368421054,6.275236842105414
no08,533967_01654_01658_1,1430,14:30,1197.626,1154.8636842105263,-42.76231578947363
no08,533967_01654_01658_1,1445,14:45,1571.687,1577.1926315789474,5.505631578947487
no08,533967_01654_01658_1,1500,15:00,1124.4435,1154.8852631578948,30.441763157894684
no08,533967_01654_01658_1,1515,15:15,1944.9295,1945.4773684210527,0.5478684210527263
no08,533967_01654_01658_1,1530,15:30,1662.7665000000002,1592.4568421052631,-70.30965789473703
no08,533967_01654_01658_1,1545,15:45,1791.837,1742.3136842105262,-49.52331578947383
no08,533967_01654_01658_1,1600,16:00,1582.2785,1573.73,-8.548499999999876
no08,533967_01654_01658_1,1615,16:15,1915.3415,1979.922105263158,64.58060526315808
no08,533967_01654_01658_1,1630,16:30,1140.535,1143.627894736842,3.0928947368420268
no08,533967_01654_01658_1,1645,16:45,2490.543,2423.754210526316,-66.78878947368412
no08,533967_01654_01658_1,1700,17:00,2122.9935,2284.951052631579,161.9575526315789
no08,533967_01654_01658_1,1715,17:15,2034.126,1984.468947368421,-49.65705263157906
no08,533967_01654_01658_1,1730,17:30,1874.287,1952.0415789473684,77.75457894736837
no08,533967_01654_01658_1,1745,17:45,2162.5195,2212.3278947368417,49.80839473684182
no08,533967_01654_01658_1,1800,18:00,1222.476,1193.881052631579,-28.594947368421117
no08,533967_01654_01658_1,1815,18:15,1653.779,1618.7042105263158,-35.07478947368418
no08,533967_01654_01658_1,1830,18:30,2368.5545,2337.506842105263,-31.047657894737313
no08,533967_01654_01658_1,1845,18:45,1275.043,1239.8342105263157,-35.20878947368419
no08,533967_01654_01661_0,630,06:30,172.446,171.6021052631579,-0.8438947368420884
no08,533967_01654_01661_0,645,06:45,294.429,294.8626315789474,0.433631578947427
no08,533967_01654_01661_0,700,07:00,261.611,262.85105263157897,1.2400526315789762
no08,533967_01654_01661_0,715,07:15,291.687,285.4242105263158,-6.262789473684222
no08,533967_01654_01661_0,730,07:30,212.7695,223.6810526315789,10.9115526315789
no08,533967_01654_01661_0,745,07:45,735.7180000000001,693.6484210526315,-42.06957894736854
no08,533967_01654_01661_0,800,08:00,254.856,266.41315789473686,11.55715789473686
no08,533967_01654_01661_0,815,08:15,176.32,194.35631578947368,18.03631578947369
no08,533967_01654_01661_0,830,08:30,362.498,377.84263157894736,15.344631578947372
no08,533967_01654_01661_0,845,08:45,374.4555,362.49157894736845,-11.96392105263152
no08,533967_01654_01661_0,900,09:00,268.21750000000003,282.99368421052634,14.77618421052631
no08,533967_01654_01661_0,915,09:15,259.3015,246.24210526315792,-13.059394736842052
no08,533967_01654_01661_0,930,09:30,185.1195,189.6815789473684,4.562078947368406
no08,533967_01654_01661_0,945,09:45,213.3675,210.8478947368421,-2.5196052631578993
no08,533967_01654_01661_0,1000,10:00,196.275,196.79631578947368,0.5213157894736753
no08,533967_01654_01661_0,1015,10:15,266.748,277.68,10.932000000000016
no08,533967_01654_01661_0,1030,10:30,209.0945,193.3463157894737,-15.748184210526318
no08,533967_01654_01661_0,1045,10:45,103.366,116.5321052631579,13.166105263157903
no08,533967_01654_01661_0,1100,11:00,308.389,295.0915789473684,-13.297421052631591
no08,533967_01654_01661_0,1115,11:15,317.8435,321.7442105263158,3.900710526315777
no08,533967_01654_01661_0,1130,11:30,306.7905,301.5457894736842,-5.244710526315828
no08,533967_01654_01661_0,1145,11:45,191.805,191.60263157894732,-0.20236842105268238
no08,533967_01654_01661_0,1200,12:00,158.32049999999998,166.9642105263158,8.643710526315829
no08,533967_01654_01661_0,1215,12:15,135.243,135.01631578947368,-0.22668421052631516
no08,533967_01654_01661_0,1230,12:30,146.1455,145.63368421052633,-0.5118157894736726
no08,533967_01654_01661_0,1245,12:45,211.054,217.0257894736842,5.971789473684197
no08,533967_01654_01661_0,1300,13:00,251.798,246.57894736842104,-5.219052631578961
no08,533967_01654_01661_0,1315,13:15,160.983,171.62473684210525,10.641736842105246
no08,533967_01654_01661_0,1330,13:30,240.8175,237.29894736842107,-3.5185526315789275
no08,533967_01654_01661_0,1345,13:45,198.032,198.98263157894735,0.9506315789473376
no08,533967_01654_01661_0,1400,14:00,135.9205,142.33263157894737,6.412131578947367
no08,533967_01654_01661_0,1415,14:15,101.5465,99.04368421052632,-2.5028157894736722
no08,533967_01654_01661_0,1430,14:30,249.2295,246.2773684210526,-2.9521315789473874
no08,533967_01654_01661_0,1445,14:45,168.591,168.57,-0.021000000000015007
no08,533967_01654_01661_0,1500,15:00,206.11,211.13210526315788,5.022105263157869
no08,533967_01654_01661_0,1515,15:15,394.4885,389.5136842105263,-4.974815789473666
no08,533967_01654_01661_0,1530,15:30,306.12850000000003,311.1542105263158,5.025710526315777
no08,533967_01654_01661_0,1545,15:45,204.4835,193.39736842105265,-11.086131578947345
no08,533967_01654_01661_0,1600,16:00,328.8045,333.4563157894737,4.651815789473687
no08,533967_01654_01661_0,1615,16:15,394.4105,387.9257894736842,-6.484710526315837
no08,533967_01654_01661_0,1630,16:30,254.273,269.8310526315789,15.558052631578931
no08,533967_01654_01661_0,1645,16:45,243.6765,230.8815789473684,-12.794921052631594
no08,533967_01654_01661_0,1700,17:00,468.7755,474.8394736842106,6.063973684210566
no08,533967_01654_01661_0,1715,17:15,686.8140000000001,672.7089473684211,-14.105052631578928
no08,533967_01654_01661_0,1730,17:30,326.952,346.6847368421053,19.732736842105282
no08,533967_01654_01661_0,1745,17:45,321.923,343.2552631578948,21.332263157894772
no08,533967_01654_01661_0,1800,18:00,415.168,384.4863157894737,-30.681684210526328
no08,533967_01654_01661_0,1815,18:15,324.8645,342.27736842105264,17.41286842105262
no08,533967_01654_01661_0,1830,18:30,217.8235,215.74947368421053,-2.0740263157894674
no08,533967_01654_01661_0,1845,18:45,95.2005,109.26526315789474,14.064763157894731
no08,533967_01654_01661_1,630,06:30,298.4925,297.78,-0.7125000000000341
no08,533967_01654_01661_1,645,06:45,329.06100000000004,328.68894736842105,-0.37205263157898116
no08,533967_01654_01661_1,700,07:00,172.636,171.91210526315788,-0.7238947368421123
no08,533967_01654_01661_1,715,07:15,595.0065000000001,593.7842105263157,-1.2222894736843273
no08,533967_01654_01661_1,730,07:30,401.384,398.2710526315789,-3.1129473684210893
no08,533967_01654_01661_1,745,07:45,1717.7755000000002,1684.377894736842,-33.397605263158084
no08,533967_01654_01661_1,800,08:00,697.051,686.7136842105263,-10.337315789473791
no08,533967_01654_01661_1,815,08:15,546.1175000000001,581.2278947368421,35.11039473684207
no08,533967_01654_01661_1,830,08:30,693.941,677.7294736842106,-16.211526315789456
no08,533967_01654_01661_1,845,08:45,792.679,798.3415789473684,5.662578947368388
no08,533967_01654_01661_1,900,09:00,370.426,377.1415789473684,6.715578947368385
no08,533967_01654_01661_1,915,09:15,227.85,226.7078947368421,-1.1421052631579016
no08,533967_01654_01661_1,930,09:30,528.8354999999999,527.7484210526316,-1.0870789473683544
no08,533967_01654_01661_1,945,09:45,470.006,467.0510526315789,-2.954947368421074
no08,533967_01654_01661_1,1000,10:00,278.9055,276.0952631578947,-2.8102368421053256
no08,533967_01654_01661_1,1015,10:15,313.1195,310.7526315789474,-2.3668684210526294
no08,533967_01654_01661_1,1030,10:30,396.4285,360.68947368421055,-35.73902631578943
no08,533967_01654_01661_1,1045,10:45,283.528,264.6421052631579,-18.885894736842147
no08,533967_01654_01661_1,1100,11:00,322.262,334.57736842105265,12.315368421052654
no08,533967_01654_01661_1,1115,11:15,363.6695,362.9605263157895,-0.7089736842105481
no08,533967_01654_01661_1,1130,11:30,422.88950000000006,420.8615789473684,-2.0279210526316547
no08,533967_01654_01661_1,1145,11:45,342.391,329.9863157894737,-12.40468421052634
no08,533967_01654_01661_1,1200,12:00,527.612,513.1384210526315,-14.473578947368424
no08,533967_01654_01661_1,1215,12:15,335.1105,346.6668421052632,11.556342105263184
no08,533967_01654_01661_1,1230,12:30,194.852,182.93947368421053,-11.912526315789478
no08,533967_01654_01661_1,1245,12:45,278.515,278.66473684210524,0.14973684210525562
no08,533967_01654_01661_1,1300,13:00,475.038,474.0552631578947,-0.9827368421053393
no08,533967_01654_01661_1,1315,13:15,244.4925,233.95,-10.542500000000018
no08,533967_01654_01661_1,1330,13:30,297.402,295.4963157894737,-1.9056842105262604
no08,533967_01654_01661_1,1345,13:45,284.84000000000003,288.4268421052631,3.586842105263088
no08,533967_01654_01661_1,1400,14:00,351.992,367.2678947368421,15.275894736842076
no08,533967_01654_01661_1,1415,14:15,374.335,388.9868421052632,14.6518421052632
no08,533967_01654_01661_1,1430,14:30,186.067,174.6721052631579,-11.394894736842105
no08,533967_01654_01661_1,1445,14:45,417.607,405.9857894736842,-11.62121052631585
no08,533967_01654_01661_1,1500,15:00,300.8945,301.1521052631579,0.2576052631579273
no08,533967_01654_01661_1,1515,15:15,433.2965,433.031052631579,-0.26544736842100747
no08,533967_01654_01661_1,1530,15:30,277.975,277.4163157894737,-0.5586842105263372
no08,533967_01654_01661_1,1545,15:45,371.6205,370.5263157894737,-1.0941842105262936
no08,533967_01654_01661_1,1600,16:00,468.238,472.1578947368421,3.919894736842082
no08,533967_01654_01661_1,1615,16:15,346.83000000000004,331.62105263157895,-15.208947368421093
no08,533967_01654_01661_1,1630,16:30,281.36,251.22894736842107,-30.13105263157894
no08,533967_01654_01661_1,1645,16:45,246.603,245.30736842105264,-1.295631578947365
no08,533967_01654_01661_1,1700,17:00,360.16,354.2894736842105,-5.870526315789505
no08,533967_01654_01661_1,1715,17:15,501.6060000000001,477.5757894736842,-24.030210526315898
no08,533967_01654_01661_1,1730,17:30,223.7935,226.21368421052637,2.4201842105263722
no08,533967_01654_01661_1,1745,17:45,220.42400000000004,223.43736842105264,3.013368421052604
no08,533967_01654_01661_1,1800,18:00,366.231,367.1926315789474,0.9616315789473902
no08,533967_01654_01661_1,1815,18:15,140.4045,149.37736842105264,8.972868421052624
no08,533967_01654_01661_1,1830,18:30,355.274,362.9052631578948,7.631263157894807
no08,533967_01654_01661_1,1845,18:45,208.331,203.77526315789476,-4.555736842105233
no08,533967_01656_87767_0,630,06:30,0.0,0.0,0.0
no08,533967_01656_87767_0,645,06:45,0.0,0.0,0.0
no08,533967_01656_87767_0,700,07:00,0.0,0.0,0.0
no08,533967_01656_87767_0,715,07:15,0.0,0.0,0.0
no08,533967_01656_87767_0,730,07:30,0.0,0.0,0.0
no08,533967_01656_87767_0,745,07:45,0.0,0.0,0.0
no08,533967_01656_87767_0,800,08:00,0.0,0.0,0.0
no08,533967_01656_87767_0,815,08:15,0.0,0.0,0.0
no08,533967_01656_87767_0,830,08:30,0.0,0.0,0.0
no08,533967_01656_87767_0,845,08:45,0.0,0.0,0.0
no08,533967_01656_87767_0,900,09:00,0.0,0.0,0.0
no08,533967_01656_87767_0,915,09:15,0.0,0.0,0.0
no08,533967_01656_87767_0,930,09:30,0.0,0.0,0.0
no08,533967_01656_87767_0,945,09:45,0.0,0.0,0.0
no08,533967_01656_87767_0,1000,10:00,0.0,0.0,0.0
no08,533967_01656_87767_0,1015,10:15,0.0,0.0,0.0
no08,533967_01656_87767_0,1030,10:30,0.0,0.0,0.0
no08,533967_01656_87767_0,1045,10:45,0.0,0.0,0.0
no08,533967_01656_87767_0,1100,11:00,0.0,0.0,0.0
no08,533967_01656_87767_0,1115,11:15,0.0,0.0,0.0
no08,533967_01656_87767_0,1130,11:30,0.0,0.0,0.0
no08,533967_01656_87767_0,1145,11:45,0.0,0.0,0.0
no08,533967_01656_87767_0,1200,12:00,0.0,0.0,0.0
no08,533967_01656_87767_0,1215,12:15,0.0,0.0,0.0
no08,533967_01656_87767_0,1230,12:30,0.0,0.0,0.0
no08,533967_01656_87767_0,1245,12:45,0.0,0.0,0.0
no08,533967_01656_87767_0,1300,13:00,0.0,0.0,0.0
no08,533967_01656_87767_0,1315,13:15,0.0,0.0,0.0
no08,533967_01656_87767_0,1330,13:30,0.0,0.0,0.0
no08,533967_01656_87767_0,1345,13:45,0.0,0.0,0.0
no08,533967_01656_87767_0,1400,14:00,0.0,0.0,0.0
no08,533967_01656_87767_0,1415,14:15,0.0,0.0,0.0
no08,533967_01656_87767_0,1430,14:30,0.0,0.0,0.0
no08,533967_01656_87767_0,1445,14:45,0.0,0.0,0.0
no08,533967_01656_87767_0,1500,15:00,0.0,0.0,0.0
no08,533967_01656_87767_0,1515,15:15,0.0,0.0,0.0
no08,533967_01656_87767_0,1530,15:30,0.0,0.0,0.0
no08,533967_01656_87767_0,1545,15:45,0.0,0.0,0.0
no08,533967_01656_87767_0,1600,16:00,0.0,0.0,0.0
no08,533967_01656_87767_0,1615,16:15,0.0,0.0,0.0
no08,533967_01656_87767_0,1630,16:30,0.0,0.0,0.0
no08,533967_01656_87767_0,1645,16:45,0.0,0.0,0.0
no08,533967_01656_87767_0,1700,17:00,0.0,0.0,0.0
no08,533967_01656_87767_0,1715,17:15,0.0,0.0,0.0
no08,533967_01656_87767_0,1730,17:30,0.0,0.0,0.0
no08,533967_01656_87767_0,1745,17:45,0.0,0.0,0.0
no08,533967_01656_87767_0,1800,18:00,0.0,0.0,0.0
no08,533967_01656_87767_0,1815,18:15,0.0,0.0,0.0
no08,533967_01656_87767_0,1830,18:30,0.0,0.0,0.0
no08,533967_01656_87767_0,1845,18:45,0.0,0.0,0.0
no08,533967_01656_87767_1,630,06:30,0.0,0.0,0.0
no08,533967_01656_87767_1,645,06:45,0.0,0.0,0.0
no08,533967_01656_87767_1,700,07:00,0.0,0.0,0.0
no08,533967_01656_87767_1,715,07:15,0.0,0.0,0.0
no08,533967_01656_87767_1,730,07:30,0.0,0.0,0.0
no08,533967_01656_87767_1,745,07:45,0.0,0.0,0.0
no08,533967_01656_87767_1,800,08:00,0.0,0.0,0.0
no08,533967_01656_87767_1,815,08:15,0.0,0.0,0.0
no08,533967_01656_87767_1,830,08:30,0.0,0.0,0.0
no08,533967_01656_87767_1,845,08:45,0.0,0.0,0.0
no08,533967_01656_87767_1,900,09:00,0.0,0.0,0.0
no08,533967_01656_87767_1,915,09:15,0.0,0.0,0.0
no08,533967_01656_87767_1,930,09:30,0.0,0.0,0.0
no08,533967_01656_87767_1,945,09:45,0.0,0.0,0.0
no08,533967_01656_87767_1,1000,10:00,0.0,0.0,0.0
no08,533967_01656_87767_1,1015,10:15,0.0,0.0,0.0
no08,533967_01656_87767_1,1030,10:30,0.0,0.0,0.0
no08,533967_01656_87767_1,1045,10:45,0.0,0.0,0.0
no08,533967_01656_87767_1,1100,11:00,0.0,0.0,0.0
no08,533967_01656_87767_1,1115,11:15,0.0,0.0,0.0
no08,533967_01656_87767_1,1130,11:30,0.0,0.0,0.0
no08,533967_01656_87767_1,1145,11:45,0.0,0.0,0.0
no08,533967_01656_87767_1,1200,12:00,0.0,0.0,0.0
no08,533967_01656_87767_1,1215,12:15,0.0,0.0,0.0
no08,533967_01656_87767_1,1230,12:30,0.0,0.0,0.0
no08,533967_01656_87767_1,1245,12:45,0.0,0.0,0.0
no08,533967_01656_87767_1,1300,13:00,0.0,0.0,0.0
no08,533967_01656_87767_1,1315,13:15,0.0,0.0,0.0
no08,533967_01656_87767_1,1330,13:30,0.0,0.0,0.0
no08,533967_01656_87767_1,1345,13:45,0.0,0.0,0.0
no08,533967_01656_87767_1,1400,14:00,0.0,0.0,0.0
no08,533967_01656_87767_1,1415,14:15,0.0,0.0,0.0
no08,533967_01656_87767_1,1430,14:30,0.0,0.0,0.0
no08,533967_01656_87767_1,1445,14:45,0.0,0.0,0.0
no08,533967_01656_87767_1,1500,15:00,0.0,0.0,0.0
no08,533967_01656_87767_1,1515,15:15,0.0,0.0,0.0
no08,533967_01656_87767_1,1530,15:30,0.0,0.0,0.0
no08,533967_01656_87767_1,1545,15:45,0.0,0.0,0.0
no08,533967_01656_87767_1,1600,16:00,0.0,0.0,0.0
no08,533967_01656_87767_1,1615,16:15,0.0,0.0,0.0
no08,533967_01656_87767_1,1630,16:30,0.0,0.0,0.0
no08,533967_01656_87767_1,1645,16:45,0.0,0.0,0.0
no08,533967_01656_87767_1,1700,17:00,0.0,0.0,0.0
no08,533967_01656_87767_1,1715,17:15,0.0,0.0,0.0
no08,533967_01656_87767_1,1730,17:30,0.0,0.0,0.0
no08,533967_01656_87767_1,1745,17:45,0.0,0.0,0.0
no08,533967_01656_87767_1,1800,18:00,0.0,0.0,0.0
no08,533967_01656_87767_1,1815,18:15,0.0,0.0,0.0
no08,533967_01656_87767_1,1830,18:30,0.0,0.0,0.0
no08,533967_01656_87767_1,1845,18:45,0.0,0.0,0.0
no08,533967_01658_01659_0,630,06:30,0.0,0.0,0.0
no08,533967_01658_01659_0,645,06:45,0.0,0.0,0.0
no08,533967_01658_01659_0,700,07:00,0.0,0.0,0.0
no08,533967_01658_01659_0,715,07:15,0.0,0.0,0.0
no08,533967_01658_01659_0,730,07:30,0.0,0.0,0.0
no08,533967_01658_01659_0,745,07:45,0.0,0.0,0.0
no08,533967_01658_01659_0,800,08:00,0.0,0.0,0.0
no08,533967_01658_01659_0,815,08:15,0.0,0.0,0.0
no08,533967_01658_01659_0,830,08:30,0.0,0.0,0.0
no08,533967_01658_01659_0,845,08:45,0.0,0.0,0.0
no08,533967_01658_01659_0,900,09:00,0.0,0.0,0.0
no08,533967_01658_01659_0,915,09:15,0.0,0.0,0.0
no08,533967_01658_01659_0,930,09:30,0.0,0.0,0.0
no08,533967_01658_01659_0,945,09:45,0.0,0.0,0.0
no08,533967_01658_01659_0,1000,10:00,0.0,0.0,0.0
no08,533967_01658_01659_0,1015,10:15,0.0,0.0,0.0
no08,533967_01658_01659_0,1030,10:30,0.0,0.0,0.0
no08,533967_01658_01659_0,1045,10:45,0.0,0.0,0.0
no08,533967_01658_01659_0,1100,11:00,0.0,0.0,0.0
no08,533967_01658_01659_0,1115,11:15,0.0,0.0,0.0
no08,533967_01658_01659_0,1130,11:30,0.0,0.0,0.0
no08,533967_01658_01659_0,1145,11:45,0.0,0.0,0.0
no08,533967_01658_01659_0,1200,12:00,0.0,0.0,0.0
no08,533967_01658_01659_0,1215,12:15,0.0,0.0,0.0
no08,533967_01658_01659_0,1230,12:30,0.0,0.0,0.0
no08,533967_01658_01659_0,1245,12:45,0.0,0.0,0.0
no08,533967_01658_01659_0,1300,13:00,0.0,0.0,0.0
no08,533967_01658_01659_0,1315,13:15,0.0,0.0,0.0
no08,533967_01658_01659_0,1330,13:30,0.0,0.0,0.0
no08,533967_01658_01659_0,1345,13:45,0.0,0.0,0.0
no08,533967_01658_01659_0,1400,14:00,0.0,0.0,0.0
no08,533967_01658_01659_0,1415,14:15,0.0,0.0,0.0
no08,533967_01658_01659_0,1430,14:30,0.0,0.0,0.0
no08,533967_01658_01659_0,1445,14:45,0.0,0.0,0.0
no08,533967_01658_01659_0,1500,15:00,0.0,0.0,0.0
no08,533967_01658_01659_0,1515,15:15,0.0,0.0,0.0
no08,533967_01658_01659_0,1530,15:30,0.0,0.0,0.0
no08,533967_01658_01659_0,1545,15:45,0.0,0.0,0.0
no08,533967_01658_01659_0,1600,16:00,0.0,0.0,0.0
no08,533967_01658_01659_0,1615,16:15,0.0,0.0,0.0
no08,533967_01658_01659_0,1630,16:30,0.0,0.0,0.0
no08,533967_01658_01659_0,1645,16:45,0.0,0.0,0.0
no08,533967_01658_01659_0,1700,17:00,0.0,0.0,0.0
no08,533967_01658_01659_0,1715,17:15,0.0,0.0,0.0
no08,533967_01658_01659_0,1730,17:30,0.0,0.0,0.0
no08,533967_01658_01659_0,1745,17:45,0.0,0.0,0.0
no08,533967_01658_01659_0,1800,18:00,0.0,0.0,0.0
no08,533967_01658_01659_0,1815,18:15,0.0,0.0,0.0
no08,533967_01658_01659_0,1830,18:30,0.0,0.0,0.0
no08,533967_01658_01659_0,1845,18:45,0.0,0.0,0.0
no08,533967_01658_01659_1,630,06:30,0.0,0.0,0.0
no08,533967_01658_01659_1,645,06:45,0.0,0.0,0.0
no08,533967_01658_01659_1,700,07:00,0.0,0.0,0.0
no08,533967_01658_01659_1,715,07:15,0.0,0.0,0.0
no08,533967_01658_01659_1,730,07:30,0.0,0.0,0.0
no08,533967_01658_01659_1,745,07:45,0.0,0.0,0.0
no08,533967_01658_01659_1,800,08:00,0.0,0.0,0.0
no08,533967_01658_01659_1,815,08:15,0.0,0.0,0.0
no08,533967_01658_01659_1,830,08:30,0.0,0.0,0.0
no08,533967_01658_01659_1,845,08:45,0.0,0.0,0.0
no08,533967_01658_01659_1,900,09:00,0.0,0.0,0.0
no08,533967_01658_01659_1,915,09:15,0.0,0.0,0.0
no08,533967_01658_01659_1,930,09:30,0.0,0.0,0.0
no08,533967_01658_01659_1,945,09:45,0.0,0.0,0.0
no08,533967_01658_01659_1,1000,10:00,0.0,0.0,0.0
no08,533967_01658_01659_1,1015,10:15,0.0,0.0,0.0
no08,533967_01658_01659_1,1030,10:30,0.0,0.0,0.0
no08,533967_01658_01659_1,1045,10:45,0.0,0.0,0.0
no08,533967_01658_01659_1,1100,11:00,0.0,0.0,0.0
no08,533967_01658_01659_1,1115,11:15,0.0,0.0,0.0
no08,533967_01658_01659_1,1130,11:30,0.0,0.0,0.0
no08,533967_01658_01659_1,1145,11:45,0.0,0.0,0.0
no08,533967_01658_01659_1,1200,12:00,0.0,0.0,0.0
no08,533967_01658_01659_1,1215,12:15,0.0,0.0,0.0
no08,533967_01658_01659_1,1230,12:30,0.0,0.0,0.0
no08,533967_01658_01659_1,1245,12:45,0.0,0.0,0.0
no08,533967_01658_01659_1,1300,13:00,0.0,0.0,0.0
no08,533967_01658_01659_1,1315,13:15,0.0,0.0,0.0
no08,533967_01658_01659_1,1330,13:30,0.0,0.0,0.0
no08,533967_01658_01659_1,1345,13:45,0.0,0.0,0.0
no08,533967_01658_01659_1,1400,14:00,0.0,0.0,0.0
no08,533967_01658_01659_1,1415,14:15,0.0,0.0,0.0
no08,533967_01658_01659_1,1430,14:30,0.0,0.0,0.0
no08,533967_01658_01659_1,1445,14:45,0.0,0.0,0.0
no08,533967_01658_01659_1,1500,15:00,0.0,0.0,0.0
no08,533967_01658_01659_1,1515,15:15,0.0,0.0,0.0
no08,533967_01658_01659_1,1530,15:30,0.0,0.0,0.0
no08,533967_01658_01659_1,1545,15:45,0.0,0.0,0.0
no08,533967_01658_01659_1,1600,16:00,0.0,0.0,0.0
no08,533967_01658_01659_1,1615,16:15,0.0,0.0,0.0
no08,533967_01658_01659_1,1630,16:30,0.0,0.0,0.0
no08,533967_01658_01659_1,1645,16:45,0.0,0.0,0.0
no08,533967_01658_01659_1,1700,17:00,0.0,0.0,0.0
no08,533967_01658_01659_1,1715,17:15,0.0,0.0,0.0
no08,533967_01658_01659_1,1730,17:30,0.0,0.0,0.0
no08,533967_01658_01659_1,1745,17:45,0.0,0.0,0.0
no08,533967_01658_01659_1,1800,18:00,0.0,0.0,0.0
no08,533967_01658_01659_1,1815,18:15,0.0,0.0,0.0
no08,533967_01658_01659_1,1830,18:30,0.0,0.0,0.0
no08,533967_01658_01659_1,1845,18:45,0.0,0.0,0.0
no08,533967_01659_01661_1,630,06:30,586.812,587.2531578947368,0.4411578947367616
no08,533967_01659_01661_1,645,06:45,657.068,655.4273684210526,-1.6406315789473638
no08,533967_01659_01661_1,700,07:00,845.049,852.4594736842105,7.410473684210501
no08,533967_01659_01661_1,715,07:15,468.104,463.1821052631578,-4.921894736842205
no08,533967_01659_01661_1,730,07:30,746.7189999999999,756.8831578947369,10.164157894736945
no08,533967_01659_01661_1,745,07:45,844.177,848.9347368421053,4.75773684210526
no08,533967_01659_01661_1,800,08:00,923.657,961.9731578947368,38.31615789473676
no08,533967_01659_01661_1,815,08:15,738.7090000000001,721.998947368421,-16.71005263157906
no08,533967_01659_01661_1,830,08:30,623.6065000000001,630.1668421052632,6.560342105263089
no08,533967_01659_01661_1,845,08:45,725.8190000000001,716.932105263158,-8.886894736842123
no08,533967_01659_01661_1,900,09:00,439.576,435.5100000000001,-4.065999999999917
no08,533967_01659_01661_1,915,09:15,748.8325,745.4536842105264,-3.378815789473606
no08,533967_01659_01661_1,930,09:30,390.0385,398.7368421052632,8.69834210526318
no08,533967_01659_01661_1,945,09:45,337.7785,336.55578947368423,-1.2227105263157796
no08,533967_01659_01661_1,1000,10:00,539.5995,540.0957894736842,0.4962894736842145
no08,533967_01659_01661_1,1015,10:15,568.4010000000001,569.8852631578948,1.484263157894702
no08,533967_01659_01661_1,1030,10:30,404.724,447.93,43.20600000000002
no08,533967_01659_01661_1,1045,10:45,353.0185,387.77315789473687,34.75465789473685
no08,533967_01659_01661_1,1100,11:00,537.941,533.1936842105264,-4.747315789473646
no08,533967_01659_01661_1,1115,11:15,435.5975,411.9068421052632,-23.69065789473683
no08,533967_01659_01661_1,1130,11:30,478.289,491.5836842105263,13.294684210526327
no08,533967_01659_01661_1,1145,11:45,368.9295,376.0815789473684,7.152078947368409
no08,533967_01659_01661_1,1200,12:00,297.644,294.48263157894735,-3.161368421052657
no08,533967_01659_01661_1,1215,12:15,358.2475,359.0957894736842,0.8482894736841899
no08,533967_01659_01661_1,1230,12:30,571.1310000000001,591.8015789473684,20.670578947368313
no08,533967_01659_01661_1,1245,12:45,449.6325,446.8073684210526,-2.825131578947378
no08,533967_01659_01661_1,1300,13:00,332.45500000000004,321.2684210526316,-11.186578947368446
no08,533967_01659_01661_1,1315,13:15,336.5305,340.01105263157893,3.4805526315789166
no08,533967_01659_01661_1,1330,13:30,276.2315,278.21684210526314,1.9853421052631575
no08,533967_01659_01661_1,1345,13:45,304.6155,295.9010526315789,-8.714447368421077
no08,533967_01659_01661_1,1400,14:00,341.1075,352.17052631578946,11.063026315789443
no08,533967_01659_01661_1,1415,14:15,380.1835,369.6742105263158,-10.509289473684191
no08,533967_01659_01661_1,1430,14:30,490.4555,506.6721052631579,16.21660526315793
no08,533967_01659_01661_1,1445,14:45,462.4345,479.0321052631579,16.597605263157902
no08,533967_01659_01661_1,1500,15:00,293.206,303.96684210526314,10.760842105263123
no08,533967_01659_01661_1,1515,15:15,491.376,484.17526315789473,-7.200736842105243
no08,533967_01659_01661_1,1530,15:30,355.7945,351.1921052631579,-4.602394736842143
no08,533967_01659_01661_1,1545,15:45,507.8485,518.2568421052631,10.408342105263102
no08,533967_01659_01661_1,1600,16:00,280.8335,280.6178947368421,-0.2156052631578973
no08,533967_01659_01661_1,1615,16:15,533.6635,555.3868421052632,21.723342105263214
no08,533967_01659_01661_1,1630,16:30,445.6605,479.328947368421,33.66844736842097
no08,533967_01659_01661_1,1645,16:45,768.0185,732.9036842105263,-35.11481578947371
no08,533967_01659_01661_1,1700,17:00,776.6524999999999,804.8552631578947,28.202763157894765
no08,533967_01659_01661_1,1715,17:15,458.2585,470.9473684210527,12.688868421052689
no08,533967_01659_01661_1,1730,17:30,621.4784999999999,616.0521052631578,-5.426394736842099
no08,533967_01659_01661_1,1745,17:45,640.7535,641.7005263157895,0.9470263157894578
no08,533967_01659_01661_1,1800,18:00,555.9590000000001,536.5521052631578,-19.40689473684222
no08,533967_01659_01661_1,1815,18:15,824.559,813.1126315789473,-11.446368421052625
no08,533967_01659_01661_1,1830,18:30,584.3534999999999,571.1215789473684,-13.231921052631492
no08,533967_01659_01661_1,1845,18:45,498.15,514.8615789473685,16.71157894736848
no08,533967_01661_13315_0,630,06:30,483.2045,482.1694736842105,-1.0350263157894801
no08,533967_01661_13315_0,645,06:45,673.8979999999999,672.4073684210526,-1.4906315789472728
no08,533967_01661_13315_0,700,07:00,566.7135000000001,570.3473684210527,3.6338684210526253
no08,533967_01661_13315_0,715,07:15,770.972,762.2668421052631,-8.705157894736885
no08,533967_01661_13315_0,730,07:30,472.529,490.65736842105264,18.12836842105264
no08,533967_01661_13315_0,745,07:45,1324.047,1282.7242105263158,-41.322789473684225
no08,533967_01661_13315_0,800,08:00,492.552,481.5515789473684,-11.000421052631623
no08,533967_01661_13315_0,815,08:15,435.8165,470.8305263157894,35.01402631578941
no08,533967_01661_13315_0,830,08:30,913.938,926.8405263157896,12.9025263157896
no08,533967_01661_13315_0,845,08:45,760.6755,750.2584210526315,-10.417078947368509
no08,533967_01661_13315_0,900,09:00,594.98,626.7210526315789,31.741052631578896
no08,533967_01661_13315_0,915,09:15,639.363,602.0836842105264,-37.279315789473685
no08,533967_01661_13315_0,930,09:30,437.045,449.6047368421053,12.55973684210528
no08,533967_01661_13315_0,945,09:45,588.204,583.5684210526315,-4.635578947368458
no08,533967_01661_13315_0,1000,10:00,491.992,485.3,-6.692000000000007
no08,533967_01661_13315_0,1015,10:15,656.7875,677.1426315789473,20.355131578947294
no08,533967_01661_13315_0,1030,10:30,514.221,484.5315789473684,-29.689421052631587
no08,533967_01661_13315_0,1045,10:45,285.0035,312.8363157894737,27.832815789473727
no08,533967_01661_13315_0,1100,11:00,701.6519999999999,686.9242105263157,-14.727789473684197
no08,533967_01661_13315_0,1115,11:15,500.689,517.6626315789474,16.97363157894739
no08,533967_01661_13315_0,1130,11:30,717.3745,693.751052631579,-23.62344736842101
no08,533967_01661_13315_0,1145,11:45,346.3895,347.0542105263158,0.6647105263157869
no08,533967_01661_13315_0,1200,12:00,368.205,380.1094736842105,11.90447368421053
no08,533967_01661_13315_0,1215,12:15,267.298,264.10473684210524,-3.193263157894762
no08,533967_01661_13315_0,1230,12:30,583.471,575.141052631579,-8.329947368421017
no08,533967_01661_13315_0,1245,12:45,528.2385,527.3410526315789,-0.8974473684211262
no08,533967_01661_13315_0,1300,13:00,619.7915,617.81,-1.9815000000000964
no08,533967_01661_13315_0,1315,13:15,361.732,376.328947368421,14.596947368420956
no08,533967_01661_13315_0,1330,13:30,522.7365,506.4368421052631,-16.299657894736868
no08,533967_01661_13315_0,1345,13:45,440.299,462.2642105263158,21.965210526315843
no08,533967_01661_13315_0,1400,14:00,267.1115,267.68736842105267,0.5758684210526894
no08,533967_01661_13315_0,1415,14:15,238.1185,237.17157894736843,-0.9469210526315806
no08,533967_01661_13315_0,1430,14:30,830.6325,840.171052631579,9.53855263157891
no08,533967_01661_13315_0,1445,14:45,446.8970000000001,427.1773684210526,-19.719631578947485
no08,533967_01661_13315_0,1500,15:00,381.738,385.83473684210526,4.096736842105258
no08,533967_01661_13315_0,1515,15:15,914.3515,900.0368421052632,-14.314657894736797
no08,533967_01661_13315_0,1530,15:30,744.4865,761.1663157894736,16.67981578947365
no08,533967_01661_13315_0,1545,15:45,520.5645,497.2684210526316,-23.296078947368358
no08,533967_01661_13315_0,1600,16:00,774.317,806.6115789473685,32.29457894736845
no08,533967_01661_13315_0,1615,16:15,799.661,769.2226315789474,-30.438368421052587
no08,533967_01661_13315_0,1630,16:30,422.7265,437.8557894736842,15.129289473684196
no08,533967_01661_13315_0,1645,16:45,248.1555,251.1568421052632,3.0013421052632054
no08,533967_01661_13315_0,1700,17:00,702.3625,688.2378947368421,-14.124605263157832
no08,533967_01661_13315_0,1715,17:15,1406.175,1370.3384210526317,-35.83657894736825
no08,533967_01661_13315_0,1730,17:30,770.3115,794.077894736842,23.766394736842017
no08,533967_01661_13315_0,1745,17:45,745.586,784.8842105263158,39.298210526315756
no08,533967_01661_13315_0,1800,18:00,766.3755,710.4805263157895,-55.89497368421053
no08,533967_01661_13315_0,1815,18:15,682.33,720.7236842105264,38.39368421052632
no08,533967_01661_13315_0,1830,18:30,325.6745,333.44473684210527,7.770236842105248
no08,533967_01661_13315_0,1845,18:45,514.357,522.3842105263158,8.027210526315798
no08,533967_01661_13315_1,630,06:30,2592.2255,2586.871052631579,-5.354447368421006
no08,533967_01661_13315_1,645,06:45,2253.708,2287.904736842105,34.19673684210511
no08,533967_01661_13315_1,700,07:00,2373.2275,2355.617894736842,-17.609605263157846
no08,533967_01661_13315_1,715,07:15,2851.4945,2860.3736842105263,8.879184210526546
no08,533967_01661_13315_1,730,07:30,2706.225,2702.534210526316,-3.690789473683708
no08,533967_01661_13315_1,745,07:45,3715.1695,3799.37,84.20049999999992
no08,533967_01661_13315_1,800,08:00,4709.2,4837.181052631579,127.98105263157959
no08,533967_01661_13315_1,815,08:15,3492.529,3548.236842105264,55.70784210526381
no08,533967_01661_13315_1,830,08:30,3592.9545,3614.592631578947,21.638131578947196
no08,533967_01661_13315_1,845,08:45,4412.926,4459.625263157895,46.699263157894165
no08,533967_01661_13315_1,900,09:00,2516.8515,2521.8321052631577,4.980605263157486
no08,533967_01661_13315_1,915,09:15,2616.9325,2622.178947368421,5.246447368421286
no08,533967_01661_13315_1,930,09:30,3162.187,3173.281052631579,11.094052631578961
no08,533967_01661_13315_1,945,09:45,1589.4855,1603.1942105263158,13.708710526315826
no08,533967_01661_13315_1,1000,10:00,1909.381,1910.1336842105263,0.7526842105262403
no08,533967_01661_13315_1,1015,10:15,2142.95,2156.0221052631578,13.072105263157937
no08,533967_01661_13315_1,1030,10:30,1850.393,1843.6931578947367,-6.699842105263315
no08,533967_01661_13315_1,1045,10:45,2560.656,2571.734210526316,11.07821052631607
no08,533967_01661_13315_1,1100,11:00,2479.0035,2476.262105263157,-2.7413947368427216
no08,533967_01661_13315_1,1115,11:15,1507.3529999999998,1499.9878947368422,-7.365105263157602
no08,533967_01661_13315_1,1130,11:30,899.848,911.1957894736844,11.34778947368443
no08,533967_01661_13315_1,1145,11:45,1098.684,1078.2621052631578,-20.421894736842205
no08,533967_01661_13315_1,1200,12:00,2038.295,2043.4026315789476,5.107631578947576
no08,533967_01661_13315_1,1215,12:15,1902.7535,1910.507368421053,7.753868421052857
no08,533967_01661_13315_1,1230,12:30,2225.083,2235.154736842105,10.07173684210511
no08,533967_01661_13315_1,1245,12:45,1370.569,1378.1747368421052,7.605736842105216
no08,533967_01661_13315_1,1300,13:00,1338.4865,1349.3915789473683,10.905078947368338
no08,533967_01661_13315_1,1315,13:15,791.8455,782.6742105263157,-9.171289473684283
no08,533967_01661_13315_1,1330,13:30,1420.085,1424.1836842105265,4.098684210526471
no08,533967_01661_13315_1,1345,13:45,774.1405,774.0278947368421,-0.11260526315788866
no08,533967_01661_13315_1,1400,14:00,1557.425,1574.1384210526317,16.713421052631702
no08,533967_01661_13315_1,1415,14:15,1543.4535,1523.9663157894738,-19.487184210526266
no08,533967_01661_13315_1,1430,14:30,1463.8494999999998,1485.6884210526314,21.838921052631576
no08,533967_01661_13315_1,1445,14:45,1876.86,1884.3036842105264,7.443684210526499
no08,533967_01661_13315_1,1500,15:00,1374.848,1397.7773684210526,22.929368421052686
no08,533967_01661_13315_1,1515,15:15,1560.581,1531.356842105263,-29.22415789473689
no08,533967_01661_13315_1,1530,15:30,1185.5295,1213.0394736842106,27.509973684210536
no08,533967_01661_13315_1,1545,15:45,874.5989999999999,877.991052631579,3.3920526315790767
no08,533967_01661_13315_1,1600,16:00,1858.1385,1871.1805263157892,13.042026315789144
no08,533967_01661_13315_1,1615,16:15,1479.2705,1476.5226315789473,-2.7478684210527717
no08,533967_01661_13315_1,1630,16:30,880.134,895.448947368421,15.31494736842103
no08,533967_01661_13315_1,1645,16:45,652.851,659.5857894736841,6.734789473684145
no08,533967_01661_13315_1,1700,17:00,1955.8955,1949.4147368421047,-6.480763157895353
no08,533967_01661_13315_1,1715,17:15,1641.1195,1647.3594736842106,6.239973684210554
no08,533967_01661_13315_1,1730,17:30,1770.8404999999998,1746.7257894736842,-24.114710526315548
no08,533967_01661_13315_1,1745,17:45,1450.2895,1440.3936842105263,-9.895815789473772
no08,533967_01661_13315_1,1800,18:00,2548.6835,2536.0084210526315,-12.675078947368547
no08,533967_01661_13315_1,1815,18:15,1359.0485,1344.2773684210526,-14.771131578947461
no08,533967_01661_13315_1,1830,18:30,1079.6715,1070.7673684210529,-8.904131578947045
no08,533967_01661_13315_1,1845,18:45,1135.636,1124.081052631579,-11.554947368420926
no08,533967_10598_11494_0,630,06:30,121.05,121.10526315789474,0.055263157894742676
no08,533967_10598_11494_0,645,06:45,99.45,99.3157894736842,-0.13421052631579755
no08,533967_10598_11494_0,700,07:00,119.4,119.36842105263158,-0.03157894736843048
no08,533967_10598_11494_0,715,07:15,86.7,86.84210526315789,0.1421052631578874
no08,533967_10598_11494_0,730,07:30,99.198,99.15947368421052,-0.03852631578946841
no08,533967_10598_11494_0,745,07:45,81.3,81.3157894736842,0.015789473684208133
no08,533967_10598_11494_0,800,08:00,119.85,119.84210526315788,-0.007894736842118277
no08,533967_10598_11494_0,815,08:15,162.085,162.52,0.4350000000000023
no08,533967_10598_11494_0,830,08:30,147.0,146.68421052631578,-0.3157894736842195
no08,533967_10598_11494_0,845,08:45,90.468,91.2357894736842,0.7677894736842035
no08,533967_10598_11494_0,900,09:00,97.101,97.05,-0.05100000000000193
no08,533967_10598_11494_0,915,09:15,66.45,65.84210526315789,-0.6078947368421126
no08,533967_10598_11494_0,930,09:30,104.4,104.6842105263158,0.284210526315789
no08,533967_10598_11494_0,945,09:45,84.6,84.0,-0.5999999999999943
no08,533967_10598_11494_0,1000,10:00,115.97849999999998,115.8642105263158,-0.11428947368418108
no08,533967_10598_11494_0,1015,10:15,79.5,80.05263157894737,0.5526315789473699
no08,533967_10598_11494_0,1030,10:30,101.1,101.05263157894736,-0.04736842105263861
no08,533967_10598_11494_0,1045,10:45,54.6,54.63157894736842,0.031578947368416266
no08,533967_10598_11494_0,1100,11:00,62.85,62.8421052631579,-0.007894736842104066
no08,533967_10598_11494_0,1115,11:15,68.7,68.52631578947368,-0.17368421052631788
no08,533967_10598_11494_0,1130,11:30,98.1,98.6842105263158,0.5842105263158004
no08,533967_10598_11494_0,1145,11:45,59.595000000000006,58.88947368421053,-0.7055263157894771
no08,533967_10598_11494_0,1200,12:00,59.55,60.31578947368421,0.7657894736842152
no08,533967_10598_11494_0,1215,12:15,56.7,55.89473684210526,-0.8052631578947427
no08,533967_10598_11494_0,1230,12:30,54.563,54.47210526315789,-0.09089473684210958
no08,533967_10598_11494_0,1245,12:45,42.6,42.1578947368421,-0.4421052631578988
no08,533967_10598_11494_0,1300,13:00,56.25,56.68421052631579,0.4342105263157876
no08,533967_10598_11494_0,1315,13:15,34.05,33.94736842105263,-0.10263157894736707
no08,533967_10598_11494_0,1330,13:30,41.7,41.36842105263158,-0.33157894736842053
no08,533967_10598_11494_0,1345,13:45,41.85,41.68421052631579,-0.16578947368421382
no08,533967_10598_11494_0,1400,14:00,53.85,54.1578947368421,0.3078947368421012
no08,533967_10598_11494_0,1415,14:15,59.9,59.89473684210526,-0.005263157894738413
no08,533967_10598_11494_0,1430,14:30,83.55,83.52631578947368,-0.0236842105263122
no08,533967_10598_11494_0,1445,14:45,40.102,40.317894736842106,0.21589473684210958
no08,533967_10598_11494_0,1500,15:00,59.4,59.36842105263158,-0.031578947368416266
no08,533967_10598_11494_0,1515,15:15,39.3,38.68421052631579,-0.6157894736842096
no08,533967_10598_11494_0,1530,15:30,42.202,42.94736842105263,0.7453684210526319
no08,533967_10598_11494_0,1545,15:45,47.85,47.36842105263158,-0.4815789473684191
no08,533967_10598_11494_0,1600,16:00,95.55,95.21052631578948,-0.3394736842105175
no08,533967_10598_11494_0,1615,16:15,57.6,57.78947368421053,0.18947368421052602
no08,533967_10598_11494_0,1630,16:30,104.85,105.47368421052632,0.6236842105263207
no08,533967_10598_11494_0,1645,16:45,68.7,68.21052631578948,-0.4894736842105232
no08,533967_10598_11494_0,1700,17:00,109.95,110.05263157894736,0.10263157894735286
no08,533967_10598_11494_0,1715,17:15,83.4,83.6842105263158,0.284210526315789
no08,533967_10598_11494_0,1730,17:30,59.25,59.05263157894737,-0.19736842105263008
no08,533967_10598_11494_0,1745,17:45,63.0,63.0,0.0
no08,533967_10598_11494_0,1800,18:00,82.05,82.26315789473684,0.21315789473683822
no08,533967_10598_11494_0,1815,18:15,43.8,43.73684210526316,-0.06315789473683964
no08,533967_10598_11494_0,1830,18:30,53.4,53.36842105263158,-0.031578947368416266
no08,533967_10598_11494_0,1845,18:45,60.6,60.1578947368421,-0.4421052631578988
no08,533967_10598_11494_1,630,06:30,56.865,56.06736842105263,-0.7976315789473745
no08,533967_10598_11494_1,645,06:45,48.5445,49.14421052631579,0.5997105263157891
no08,533967_10598_11494_1,700,07:00,114.853,113.55210526315788,-1.3008947368421104
no08,533967_10598_11494_1,715,07:15,85.9545,87.92684210526315,1.9723421052631522
no08,533967_10598_11494_1,730,07:30,126.09,125.05736842105264,-1.0326315789473597
no08,533967_10598_11494_1,745,07:45,175.94,177.5542105263158,1.6142105263158157
no08,533967_10598_11494_1,800,08:00,147.212,145.5026315789474,-1.7093684210526021
no08,533967_10598_11494_1,815,08:15,138.756,139.08263157894734,0.3266315789473424
no08,533967_10598_11494_1,830,08:30,31.139,31.72578947368421,0.5867894736842096
no08,533967_10598_11494_1,845,08:45,0.0,0.0,0.0
no08,533967_10598_11494_1,900,09:00,13.0485,12.946842105263158,-0.10165789473684228
no08,533967_10598_11494_1,915,09:15,25.647,27.46736842105263,1.8203684210526312
no08,533967_10598_11494_1,930,09:30,125.834,125.93105263157896,0.09705263157896127
no08,533967_10598_11494_1,945,09:45,45.70399999999999,45.35157894736842,-0.35242105263157697
no08,533967_10598_11494_1,1000,10:00,101.3955,100.01210526315788,-1.3833947368421207
no08,533967_10598_11494_1,1015,10:15,32.54,33.0478947368421,0.5078947368421041
no08,533967_10598_11494_1,1030,10:30,9.228461538461538,9.496666666666666,0.2682051282051283
no08,533967_10598_11494_1,1045,10:45,26.443,26.571052631578947,0.12805263157894586
no08,533967_10598_11494_1,1100,11:00,11.1985,11.367894736842103,0.16939473684210427
no08,533967_10598_11494_1,1115,11:15,184.192,186.7415789473684,2.5495789473683885
no08,533967_10598_11494_1,1130,11:30,44.7105,42.67684210526316,-2.033657894736841
no08,533967_10598_11494_1,1145,11:45,18.945,19.00684210526316,0.06184210526316036
no08,533967_10598_11494_1,1200,12:00,30.6355,32.36052631578948,1.7250263157894778
no08,533967_10598_11494_1,1215,12:15,8.262105263157894,6.721666666666667,-1.540438596491227
no08,533967_10598_11494_1,1230,12:30,75.07050000000001,75.27947368421053,0.20897368421051965
no08,533967_10598_11494_1,1245,12:45,43.2455,43.79210526315789,0.5466052631578933
no08,533967_10598_11494_1,1300,13:00,34.849000000000004,35.672105263157896,0.8231052631578919
no08,533967_10598_11494_1,1315,13:15,12.2,10.157368421052633,-2.0426315789473666
no08,533967_10598_11494_1,1330,13:30,159.4465,163.43157894736842,3.985078947368436
no08,533967_10598_11494_1,1345,13:45,77.65299999999999,72.00947368421053,-5.643526315789458
no08,533967_10598_11494_1,1400,14:00,62.5595,61.11684210526316,-1.4426578947368398
no08,533967_10598_11494_1,1415,14:15,7.5625,7.166666666666667,-0.39583333333333304
no08,533967_10598_11494_1,1430,14:30,0.0,0.0,0.0
no08,533967_10598_11494_1,1445,14:45,24.139,23.25684210526316,-0.8821578947368387
no08,533967_10598_11494_1,1500,15:00,50.103,52.64578947368421,2.542789473684209
no08,533967_10598_11494_1,1515,15:15,25.546,24.78315789473684,-0.7628421052631609
no08,533967_10598_11494_1,1530,15:30,13.2,11.473684210526317,-1.7263157894736825
no08,533967_10598_11494_1,1545,15:45,49.269,51.26578947368421,1.9967894736842098
no08,533967_10598_11494_1,1600,16:00,69.11699999999999,64.00631578947367,-5.1106842105263155
no08,533967_10598_11494_1,1615,16:15,28.09,32.14368421052632,4.053684210526317
no08,533967_10598_11494_1,1630,16:30,47.6035,46.06736842105263,-1.5361315789473693
no08,533967_10598_11494_1,1645,16:45,23.6485,23.993684210526315,0.3451842105263161
no08,533967_10598_11494_1,1700,17:00,48.596,48.90631578947369,0.310315789473691
no08,533967_10598_11494_1,1715,17:15,80.765,81.21,0.4449999999999932
no08,533967_10598_11494_1,1730,17:30,150.0965,151.12105263157895,1.0245526315789562
no08,533967_10598_11494_1,1745,17:45,79.7055,78.68894736842105,-1.0165526315789464
no08,533967_10598_11494_1,1800,18:00,53.93149999999999,51.98421052631579,-1.9472894736842008
no08,533967_10598_11494_1,1815,18:15,52.3985,50.83894736842105,-1.5595526315789456
no08,533967_10598_11494_1,1830,18:30,92.417,95.00631578947367,2.589315789473673
no08,533967_10598_11494_1,1845,18:45,117.1825,115.5215789473684,-1.6609210526316076
no08,533967_10598_13108_0,630,06:30,55.2135,54.4942105263158,-0.7192894736842064
no08,533967_10598_13108_0,645,06:45,47.2505,47.72684210526315,0.47634210526315
no08,533967_10598_13108_0,700,07:00,113.392,111.91736842105264,-1.4746315789473528
no08,533967_10598_13108_0,715,07:15,83.3375,84.15684210526315,0.8193421052631464
no08,533967_10598_13108_0,730,07:30,125.2565,124.34631578947368,-0.9101842105263245
no08,533967_10598_13108_0,745,07:45,169.262,171.3905263157895,2.128526315789486
no08,533967_10598_13108_0,800,08:00,149.834,146.80894736842106,-3.0250526315789443
no08,533967_10598_13108_0,815,08:15,141.4075,141.61736842105265,0.20986842105264714
no08,533967_10598_13108_0,830,08:30,32.1985,32.32,0.1214999999999975
no08,533967_10598_13108_0,845,08:45,0.0,0.0,0.0
no08,533967_10598_13108_0,900,09:00,12.5995,12.474210526315789,-0.12528947368421228
no08,533967_10598_13108_0,915,09:15,25.5925,26.621052631578948,1.0285526315789468
no08,533967_10598_13108_0,930,09:30,123.785,123.9421052631579,0.1571052631579022
no08,533967_10598_13108_0,945,09:45,46.066,46.09315789473684,0.027157894736838273
no08,533967_10598_13108_0,1000,10:00,96.126,96.21,0.08399999999998897
no08,533967_10598_13108_0,1015,10:15,32.2025,31.783684210526317,-0.41881578947368325
no08,533967_10598_13108_0,1030,10:30,8.843846153846155,9.5025,0.6586538461538449
no08,533967_10598_13108_0,1045,10:45,26.291000000000004,27.04684210526316,0.7558421052631559
no08,533967_10598_13108_0,1100,11:00,10.55,11.209473684210526,0.6594736842105249
no08,533967_10598_13108_0,1115,11:15,181.735,182.43421052631575,0.6992105263157384
no08,533967_10598_13108_0,1130,11:30,45.2045,43.68210526315789,-1.5223947368421165
no08,533967_10598_13108_0,1145,11:45,18.751,18.73368421052632,-0.017315789473681065
no08,533967_10598_13108_0,1200,12:00,28.8395,29.83210526315789,0.9926052631578877
no08,533967_10598_13108_0,1215,12:15,7.473684210526316,6.554444444444445,-0.919239766081871
no08,533967_10598_13108_0,1230,12:30,75.9405,75.41052631578947,-0.5299736842105318
no08,533967_10598_13108_0,1245,12:45,42.1995,43.69894736842105,1.4994473684210519
no08,533967_10598_13108_0,1300,13:00,34.44,35.305263157894736,0.8652631578947378
no08,533967_10598_13108_0,1315,13:15,12.5035,10.157894736842104,-2.3456052631578963
no08,533967_10598_13108_0,1330,13:30,155.5575,161.75315789473683,6.195657894736826
no08,533967_10598_13108_0,1345,13:45,75.6365,70.6842105263158,-4.952289473684203
no08,533967_10598_13108_0,1400,14:00,59.708000000000006,58.43421052631579,-1.273789473684218
no08,533967_10598_13108_0,1415,14:15,7.62375,7.833888888888889,0.21013888888888843
no08,533967_10598_13108_0,1430,14:30,0.0,0.0,0.0
no08,533967_10598_13108_0,1445,14:45,23.7455,23.311052631578946,-0.43444736842105414
no08,533967_10598_13108_0,1500,15:00,50.695,52.62736842105263,1.9323684210526295
no08,533967_10598_13108_0,1515,15:15,25.646,24.77368421052632,-0.8723157894736815
no08,533967_10598_13108_0,1530,15:30,13.001,11.578947368421051,-1.4220526315789481
no08,533967_10598_13108_0,1545,15:45,48.75,50.74105263157895,1.9910526315789525
no08,533967_10598_13108_0,1600,16:00,68.94149999999999,64.68736842105262,-4.254131578947366
no08,533967_10598_13108_0,1615,16:15,28.4965,32.74263157894737,4.246131578947367
no08,533967_10598_13108_0,1630,16:30,46.5145,45.10736842105263,-1.4071315789473715
no08,533967_10598_13108_0,1645,16:45,23.8945,23.836315789473684,-0.05818421052631706
no08,533967_10598_13108_0,1700,17:00,49.4015,48.962105263157895,-0.43939473684210384
no08,533967_10598_13108_0,1715,17:15,80.137,81.12789473684211,0.9908947368421082
no08,533967_10598_13108_0,1730,17:30,146.66199999999998,148.7084210526316,2.046421052631615
no08,533967_10598_13108_0,1745,17:45,78.80499999999999,78.38421052631578,-0.42078947368420927
no08,533967_10598_13108_0,1800,18:00,53.3985,51.317894736842106,-2.080605263157892
no08,533967_10598_13108_0,1815,18:15,52.938,50.27210526315789,-2.6658947368421124
no08,533967_10598_13108_0,1830,18:30,87.9795,90.04105263157895,2.061552631578948
no08,533967_10598_13108_0,1845,18:45,116.9615,115.00052631578946,-1.9609736842105434
no08,533967_10598_13108_1,630,06:30,121.35,121.26315789473684,-0.08684210526315894
no08,533967_10598_13108_1,645,06:45,99.3,99.3157894736842,0.015789473684208133
no08,533967_10598_13108_1,700,07:00,120.0,120.0,0.0
no08,533967_10598_13108_1,715,07:15,86.25,86.36842105263158,0.11842105263157521
no08,533967_10598_13108_1,730,07:30,99.3,99.15789473684212,-0.1421052631578732
no08,533967_10598_13108_1,745,07:45,81.0,81.0,0.0
no08,533967_10598_13108_1,800,08:00,119.85,119.84210526315788,-0.007894736842118277
no08,533967_10598_13108_1,815,08:15,161.4,161.52631578947367,0.12631578947366506
no08,533967_10598_13108_1,830,08:30,147.0,146.8421052631579,-0.15789473684210975
no08,533967_10598_13108_1,845,08:45,90.6,90.94736842105264,0.34736842105265
no08,533967_10598_13108_1,900,09:00,96.6,96.63157894736842,0.03157894736843048
no08,533967_10598_13108_1,915,09:15,66.6,66.0,-0.5999999999999943
no08,533967_10598_13108_1,930,09:30,104.4,104.84210526315788,0.44210526315787035
no08,533967_10598_13108_1,945,09:45,84.3,83.6842105263158,-0.6157894736842024
no08,533967_10598_13108_1,1000,10:00,115.65,115.89473684210526,0.24473684210525448
no08,533967_10598_13108_1,1015,10:15,79.5,79.89473684210526,0.39473684210526017
no08,533967_10598_13108_1,1030,10:30,100.95,101.05263157894736,0.10263157894735286
no08,533967_10598_13108_1,1045,10:45,54.75,54.78947368421053,0.03947368421052744
no08,533967_10598_13108_1,1100,11:00,63.15,62.8421052631579,-0.3078947368421012
no08,533967_10598_13108_1,1115,11:15,68.55,68.6842105263158,0.13421052631579755
no08,533967_10598_13108_1,1130,11:30,98.25,98.52631578947368,0.27631578947368496
no08,533967_10598_13108_1,1145,11:45,58.65,58.26315789473684,-0.3868421052631561
no08,533967_10598_13108_1,1200,12:00,59.85,60.47368421052632,0.6236842105263207
no08,533967_10598_13108_1,1215,12:15,56.55,55.89473684210526,-0.655263157894737
no08,533967_10598_13108_1,1230,12:30,54.15,54.31578947368421,0.16578947368421382
no08,533967_10598_13108_1,1245,12:45,42.45,42.0,-0.45000000000000284
no08,533967_10598_13108_1,1300,13:00,56.7,57.1578947368421,0.4578947368420998
no08,533967_10598_13108_1,1315,13:15,33.75,33.473684210526315,-0.27631578947368496
no08,533967_10598_13108_1,1330,13:30,41.7,41.36842105263158,-0.33157894736842053
no08,533967_10598_13108_1,1345,13:45,41.85,41.8421052631579,-0.007894736842104066
no08,533967_10598_13108_1,1400,14:00,53.7,54.0,0.29999999999999716
no08,533967_10598_13108_1,1415,14:15,59.7,59.8421052631579,0.1421052631578945
no08,533967_10598_13108_1,1430,14:30,83.7,83.84210526315789,0.1421052631578874
no08,533967_10598_13108_1,1445,14:45,39.9,39.94736842105263,0.047368421052631504
no08,533967_10598_13108_1,1500,15:00,59.4,59.36842105263158,-0.031578947368416266
no08,533967_10598_13108_1,1515,15:15,39.45,39.0,-0.45000000000000284
no08,533967_10598_13108_1,1530,15:30,42.15,42.78947368421053,0.6394736842105289
no08,533967_10598_13108_1,1545,15:45,47.85,47.36842105263158,-0.4815789473684191
no08,533967_10598_13108_1,1600,16:00,95.7,95.36842105263158,-0.33157894736842763
no08,533967_10598_13108_1,1615,16:15,57.3,57.47368421052632,0.173684210526325
no08,533967_10598_13108_1,1630,16:30,104.85,105.47368421052632,0.6236842105263207
no08,533967_10598_13108_1,1645,16:45,68.85,68.52631578947368,-0.32368421052630936
no08,533967_10598_13108_1,1700,17:00,110.1,110.05263157894736,-0.04736842105263861
no08,533967_10598_13108_1,1715,17:15,83.7,83.6842105263158,-0.015789473684208133
no08,533967_10598_13108_1,1730,17:30,58.8,58.89473684210526,0.09473684210526301
no08,533967_10598_13108_1,1745,17:45,63.0,63.0,0.0
no08,533967_10598_13108_1,1800,18:00,82.35,82.73684210526316,0.3868421052631703
no08,533967_10598_13108_1,1815,18:15,43.35,43.10526315789474,-0.2447368421052616
no08,533967_10598_13108_1,1830,18:30,53.4,53.36842105263158,-0.031578947368416266
no08,533967_10598_13108_1,1845,18:45,60.6,60.1578947368421,-0.4421052631578988
no08,533967_11501_11503_0,630,06:30,24.647058823529413,24.73333333333333,0.08627450980391771
no08,533967_11501_11503_0,645,06:45,166.4445,167.25526315789477,0.8107631578947689
no08,533967_11501_11503_0,700,07:00,303.7335,301.7936842105263,-1.9398157894736983
no08,533967_11501_11503_0,715,07:15,386.5995,392.5957894736842,5.9962894736842145
no08,533967_11501_11503_0,730,07:30,154.505,146.35631578947368,-8.148684210526312
no08,533967_11501_11503_0,745,07:45,150.0085,201.58315789473687,51.57465789473687
no08,533967_11501_11503_0,800,08:00,287.514,279.21315789473687,-8.300842105263143
no08,533967_11501_11503_0,815,08:15,644.4445,661.4905263157895,17.046026315789504
no08,533967_11501_11503_0,830,08:30,1025.873,1030.1747368421052,4.301736842105129
no08,533967_11501_11503_0,845,08:45,1143.056,1129.8852631578948,-13.17073684210527
no08,533967_11501_11503_0,900,09:00,472.3565,480.1436842105263,7.787184210526334
no08,533967_11501_11503_0,915,09:15,1188.4845,1196.5894736842106,8.104973684210563
no08,533967_11501_11503_0,930,09:30,902.7565,902.168947368421,-0.5875526315790012
no08,533967_11501_11503_0,945,09:45,528.082,516.1573684210526,-11.924631578947356
no08,533967_11501_11503_0,1000,10:00,388.6475,395.6584210526316,7.010921052631602
no08,533967_11501_11503_0,1015,10:15,628.1865,646.3521052631578,18.165605263157772
no08,533967_11501_11503_0,1030,10:30,1012.0675,986.3294736842106,-25.738026315789398
no08,533967_11501_11503_0,1045,10:45,871.2864999999999,861.5142105263158,-9.772289473684168
no08,533967_11501_11503_0,1100,11:00,844.9370000000001,875.2463157894737,30.309315789473544
no08,533967_11501_11503_0,1115,11:15,735.8635,719.1831578947368,-16.680342105263207
no08,533967_11501_11503_0,1130,11:30,1430.621,1435.307894736842,4.68689473684185
no08,533967_11501_11503_0,1145,11:45,823.5255000000001,830.4757894736841,6.950289473684052
no08,533967_11501_11503_0,1200,12:00,1211.25,1223.9668421052631,12.71684210526314
no08,533967_11501_11503_0,1215,12:15,996.305,1016.215789473684,19.910789473684076
no08,533967_11501_11503_0,1230,12:30,1173.2655,1138.581052631579,-34.68444736842093
no08,533967_11501_11503_0,1245,12:45,707.797,756.3784210526316,48.581421052631526
no08,533967_11501_11503_0,1300,13:00,1039.391,998.6684210526316,-40.72257894736845
no08,533967_11501_11503_0,1315,13:15,1080.2914999999998,1079.057894736842,-1.2336052631578696
no08,533967_11501_11503_0,1330,13:30,714.649,717.8768421052631,3.2278421052631074
no08,533967_11501_11503_0,1345,13:45,1349.955,1381.9447368421054,31.989736842105458
no08,533967_11501_11503_0,1400,14:00,1151.7045,1117.8005263157895,-33.90397368421054
no08,533967_11501_11503_0,1415,14:15,1283.2165,1295.996842105263,12.780342105263117
no08,533967_11501_11503_0,1430,14:30,882.134,860.051052631579,-22.08294736842106
no08,533967_11501_11503_0,1445,14:45,1452.874,1465.0484210526315,12.174421052631487
no08,533967_11501_11503_0,1500,15:00,1132.459,1128.5184210526315,-3.9405789473685218
no08,533967_11501_11503_0,1515,15:15,1079.1005,1049.3463157894737,-29.75418421052632
no08,533967_11501_11503_0,1530,15:30,998.8295,1015.1768421052632,16.347342105263124
no08,533967_11501_11503_0,1545,15:45,849.5,846.188947368421,-3.3110526315789457
no08,533967_11501_11503_0,1600,16:00,1082.87,1080.3647368421052,-2.5052631578946603
no08,533967_11501_11503_0,1615,16:15,1614.7959999999998,1598.392105263158,-16.40389473684172
no08,533967_11501_11503_0,1630,16:30,1262.151,1292.1489473684212,29.997947368421137
no08,533967_11501_11503_0,1645,16:45,1597.1405,1606.7963157894735,9.655815789473536
no08,533967_11501_11503_0,1700,17:00,1364.4879999999998,1334.0173684210529,-30.47063157894695
no08,533967_11501_11503_0,1715,17:15,527.72,527.9910526315789,0.2710526315788684
no08,533967_11501_11503_0,1730,17:30,936.0095,935.2121052631578,-0.7973947368421932
no08,533967_11501_11503_0,1745,17:45,1240.548,1234.7536842105262,-5.794315789473785
no08,533967_11501_11503_0,1800,18:00,989.876,990.864210526316,0.9882105263160383
no08,533967_11501_11503_0,1815,18:15,1646.1425,1689.6884210526314,43.545921052631456
no08,533967_11501_11503_0,1830,18:30,1517.191,1463.7494736842104,-53.44152631578959
no08,533967_11501_11503_0,1845,18:45,1036.784,1047.38,10.596000000000004
no08,533967_11501_11503_1,630,06:30,846.734,842.4315789473684,-4.302421052631644
no08,533967_11501_11503_1,645,06:45,560.2085,564.3552631578947,4.146763157894725
no08,533967_11501_11503_1,700,07:00,976.607,977.23,0.6230000000000473
no08,533967_11501_11503_1,715,07:15,1181.667,1180.3626315789472,-1.3043684210526862
no08,533967_11501_11503_1,730,07:30,1217.5585,1217.8136842105262,0.25518421052606755
no08,533967_11501_11503_1,745,07:45,1390.458,1390.9031578947368,0.445157894736667
no08,533967_11501_11503_1,800,08:00,2034.2155,2122.0331578947366,87.81765789473661
no08,533967_11501_11503_1,815,08:15,1344.6385,1372.4252631578947,27.78676315789471
no08,533967_11501_11503_1,830,08:30,1828.0635,1855.9326315789476,27.869131578947645
no08,533967_11501_11503_1,845,08:45,1227.737,1289.0868421052633,61.34984210526318
no08,533967_11501_11503_1,900,09:00,1285.8235,1286.921052631579,1.097552631578992
no08,533967_11501_11503_1,915,09:15,801.8349999999999,799.9442105263158,-1.8907894736840944
no08,533967_11501_11503_1,930,09:30,1120.3055,1119.9273684210525,-0.378131578947432
no08,533967_11501_11503_1,945,09:45,1374.6685,1380.4321052631578,5.763605263157842
no08,533967_11501_11503_1,1000,10:00,1057.7285,1056.2115789473685,-1.51692105263146
no08,533967_11501_11503_1,1015,10:15,1077.8004999999998,1075.6573684210523,-2.143131578947532
no08,533967_11501_11503_1,1030,10:30,737.7685,749.3373684210526,11.56886842105257
no08,533967_11501_11503_1,1045,10:45,877.9860000000001,878.2836842105263,0.2976842105261994
no08,533967_11501_11503_1,1100,11:00,839.6155000000001,852.0126315789473,12.39713157894721
no08,533967_11501_11503_1,1115,11:15,998.842,998.422105263158,-0.41989473684202494
no08,533967_11501_11503_1,1130,11:30,606.612,591.0915789473684,-15.520421052631605
no08,533967_11501_11503_1,1145,11:45,748.8245,745.9452631578947,-2.879236842105229
no08,533967_11501_11503_1,1200,12:00,966.428,943.8057894736844,-22.622210526315598
no08,533967_11501_11503_1,1215,12:15,981.3765,980.7052631578948,-0.6712368421051451
no08,533967_11501_11503_1,1230,12:30,861.693,865.5673684210526,3.8743684210526226
no08,533967_11501_11503_1,1245,12:45,631.0,630.74,-0.2599999999999909
no08,533967_11501_11503_1,1300,13:00,560.8225,565.7926315789473,4.970131578947303
no08,533967_11501_11503_1,1315,13:15,479.865,478.9715789473684,-0.8934210526315951
no08,533967_11501_11503_1,1330,13:30,1097.6505000000002,1098.8731578947368,1.2226578947365851
no08,533967_11501_11503_1,1345,13:45,300.36350000000004,299.9042105263158,-0.4592894736842368
no08,533967_11501_11503_1,1400,14:00,640.038,639.9284210526315,-0.10957894736850449
no08,533967_11501_11503_1,1415,14:15,710.332,713.2547368421052,2.9227368421052233
no08,533967_11501_11503_1,1430,14:30,962.8455,961.855789473684,-0.9897105263160029
no08,533967_11501_11503_1,1445,14:45,824.7610000000001,826.1263157894737,1.3653157894735841
no08,533967_11501_11503_1,1500,15:00,633.8235,630.8521052631579,-2.9713947368420577
no08,533967_11501_11503_1,1515,15:15,512.034,513.6310526315789,1.5970526315788902
no08,533967_11501_11503_1,1530,15:30,748.0845,753.7294736842105,5.644973684210413
no08,533967_11501_11503_1,1545,15:45,664.9984999999999,683.4426315789474,18.444131578947463
no08,533967_11501_11503_1,1600,16:00,1112.6375,1111.5794736842104,-1.0580263157896752
no08,533967_11501_11503_1,1615,16:15,954.762,958.3331578947368,3.5711578947368707
no08,533967_11501_11503_1,1630,16:30,1464.196,1469.7536842105262,5.557684210526304
no08,533967_11501_11503_1,1645,16:45,1025.8515,1024.7610526315789,-1.0904473684211098
no08,533967_11501_11503_1,1700,17:00,1561.888,1557.5094736842104,-4.378526315789486
no08,533967_11501_11503_1,1715,17:15,1006.752,1011.5536842105264,4.801684210526446
no08,533967_11501_11503_1,1730,17:30,856.0840000000001,868.5826315789474,12.498631578947311
no08,533967_11501_11503_1,1745,17:45,642.568,613.8068421052632,-28.76115789473681
no08,533967_11501_11503_1,1800,18:00,1113.969,1116.3594736842106,2.3904736842105194
no08,533967_11501_11503_1,1815,18:15,894.6235,895.9810526315789,1.3575526315788693
no08,533967_11501_11503_1,1830,18:30,788.806,789.1342105263158,0.3282105263157291
no08,533967_11501_11503_1,1845,18:45,701.9545,690.2978947368421,-11.656605263157985
no08,533967_11501_11504_0,630,06:30,1123.594,1112.9621052631578,-10.631894736842241
no08,533967_11501_11504_0,645,06:45,780.0915,788.9973684210527,8.905868421052674
no08,533967_11501_11504_0,700,07:00,1334.174,1334.2857894736842,0.11178947368421177
no08,533967_11501_11504_0,715,07:15,1738.125,1739.861052631579,1.736052631579014
no08,533967_11501_11504_0,730,07:30,1715.503,1714.9031578947368,-0.5998421052631784
no08,533967_11501_11504_0,745,07:45,2105.1585,2121.533684210526,16.375184210526186
no08,533967_11501_11504_0,800,08:00,6018.241,6452.625263157895,434.38426315789457
no08,533967_11501_11504_0,815,08:15,3704.956,4658.996315789474,954.0403157894734
no08,533967_11501_11504_0,830,08:30,4847.435,5120.755263157895,273.32026315789426
no08,533967_11501_11504_0,845,08:45,4621.6900000000005,5468.745263157895,847.0552631578948
no08,533967_11501_11504_0,900,09:00,1870.2055,1888.0868421052637,17.881342105263684
no08,533967_11501_11504_0,915,09:15,1185.6735,1179.2589473684209,-6.414552631579227
no08,533967_11501_11504_0,930,09:30,1588.559,1588.2436842105265,-0.3153157894735159
no08,533967_11501_11504_0,945,09:45,2140.9915,2123.431578947368,-17.559921052632035
no08,533967_11501_11504_0,1000,10:00,1521.4205,1519.2857894736842,-2.1347105263157573
no08,533967_11501_11504_0,1015,10:15,1476.3275,1471.9126315789474,-4.414868421052688
no08,533967_11501_11504_0,1030,10:30,1011.5635,1024.3542105263157,12.790710526315706
no08,533967_11501_11504_0,1045,10:45,1244.5565,1241.221052631579,-3.3354473684210006
no08,533967_11501_11504_0,1100,11:00,1140.5785,1161.2126315789474,20.63413157894729
no08,533967_11501_11504_0,1115,11:15,1429.8305,1425.2036842105265,-4.6268157894735396
no08,533967_11501_11504_0,1130,11:30,836.6360000000001,812.2815789473684,-24.354421052631665
no08,533967_11501_11504_0,1145,11:45,1008.0555,999.9573684210526,-8.09813157894746
no08,533967_11501_11504_0,1200,12:00,1312.819,1275.5273684210526,-37.29163157894732
no08,533967_11501_11504_0,1215,12:15,1347.28,1347.6426315789474,0.36263157894745746
no08,533967_11501_11504_0,1230,12:30,1194.8719999999998,1206.8326315789473,11.960631578947414
no08,533967_11501_11504_0,1245,12:45,868.202,868.2084210526315,0.006421052631480961
no08,533967_11501_11504_0,1300,13:00,750.05,754.6378947368421,4.587894736842145
no08,533967_11501_11504_0,1315,13:15,661.2475,659.107894736842,-2.1396052631579323
no08,533967_11501_11504_0,1330,13:30,1527.3605,1531.4268421052632,4.066342105263175
no08,533967_11501_11504_0,1345,13:45,452.7385,449.3236842105263,-3.414815789473664
no08,533967_11501_11504_0,1400,14:00,865.3325000000001,864.94,-0.3925000000000409
no08,533967_11501_11504_0,1415,14:15,963.9245,968.1957894736844,4.271289473684419
no08,533967_11501_11504_0,1430,14:30,1306.5800000000002,1302.3152631578948,-4.264736842105322
no08,533967_11501_11504_0,1445,14:45,1124.9805,1129.4473684210527,4.466868421052823
no08,533967_11501_11504_0,1500,15:00,874.412,868.3357894736843,-6.076210526315776
no08,533967_11501_11504_0,1515,15:15,705.8285,706.2463157894737,0.4178157894737069
no08,533967_11501_11504_0,1530,15:30,998.008,1004.1115789473683,6.103578947368305
no08,533967_11501_11504_0,1545,15:45,897.1125,920.767894736842,23.655394736842027
no08,533967_11501_11504_0,1600,16:00,1553.1195,1547.918947368421,-5.200552631579058
no08,533967_11501_11504_0,1615,16:15,1344.3195,1354.1615789473683,9.842078947368236
no08,533967_11501_11504_0,1630,16:30,2372.7105,2409.120526315789,36.410026315788855
no08,533967_11501_11504_0,1645,16:45,1474.3629999999998,1486.7457894736842,12.382789473684397
no08,533967_11501_11504_0,1700,17:00,2668.1795,2585.5036842105264,-82.67581578947375
no08,533967_11501_11504_0,1715,17:15,1599.4845,1576.5526315789473,-22.93186842105274
no08,533967_11501_11504_0,1730,17:30,1173.7975,1192.5657894736842,18.768289473684263
no08,533967_11501_11504_0,1745,17:45,877.9694999999999,842.6510526315789,-35.31844736842106
no08,533967_11501_11504_0,1800,18:00,1538.842,1538.917894736842,0.07589473684197401
no08,533967_11501_11504_0,1815,18:15,1253.5835,1253.7578947368422,0.1743947368422596
no08,533967_11501_11504_0,1830,18:30,1084.083,1085.1789473684212,1.0959473684210934
no08,533967_11501_11504_0,1845,18:45,952.079,935.938947368421,-16.140052631578897
no08,533967_11501_11504_1,630,06:30,33.47058823529412,33.53333333333333,0.06274509803920836
no08,533967_11501_11504_1,645,06:45,221.1555,220.74473684210523,-0.41076315789476325
no08,533967_11501_11504_1,700,07:00,456.1645,422.2705263157895,-33.89397368421049
no08,533967_11501_11504_1,715,07:15,449.5045,487.7284210526316,38.22392105263157
no08,533967_11501_11504_1,730,07:30,203.7975,191.64368421052632,-12.153815789473697
no08,533967_11501_11504_1,745,07:45,192.744,260.4168421052632,67.67284210526319
no08,533967_11501_11504_1,800,08:00,387.6455,384.3205263157895,-3.3249736842105335
no08,533967_11501_11504_1,815,08:15,827.3485000000001,839.1394736842105,11.790973684210485
no08,533967_11501_11504_1,830,08:30,1410.953,1414.5568421052633,3.603842105263311
no08,533967_11501_11504_1,845,08:45,1408.038,1391.2831578947369,-16.75484210526315
no08,533967_11501_11504_1,900,09:00,616.3435000000001,625.8563157894737,9.51281578947362
no08,533967_11501_11504_1,915,09:15,1540.153,1549.3768421052632,9.223842105263202
no08,533967_11501_11504_1,930,09:30,1196.142,1202.2294736842105,6.0874736842104085
no08,533967_11501_11504_1,945,09:45,652.504,633.4584210526315,-19.04557894736854
no08,533967_11501_11504_1,1000,10:00,523.5155,529.4142105263159,5.898710526315881
no08,533967_11501_11504_1,1015,10:15,785.1825,810.4578947368421,25.275394736842145
no08,533967_11501_11504_1,1030,10:30,1351.2469999999998,1324.9778947368422,-26.2691052631576
no08,533967_11501_11504_1,1045,10:45,1072.9765,1051.0705263157895,-21.905973684210494
no08,533967_11501_11504_1,1100,11:00,1128.078,1164.0178947368422,35.939894736842234
no08,533967_11501_11504_1,1115,11:15,908.644,891.5242105263158,-17.11978947368425
no08,533967_11501_11504_1,1130,11:30,1924.3525,1933.0452631578949,8.692763157894888
no08,533967_11501_11504_1,1145,11:45,985.6325,986.9363157894736,1.3038157894735605
no08,533967_11501_11504_1,1200,12:00,1648.8485,1665.3384210526317,16.489921052631644
no08,533967_11501_11504_1,1215,12:15,1197.4335,1222.1594736842103,24.725973684210203
no08,533967_11501_11504_1,1230,12:30,1567.983,1530.8984210526316,-37.0845789473683
no08,533967_11501_11504_1,1245,12:45,856.141,912.0731578947368,55.93215789473686
no08,533967_11501_11504_1,1300,13:00,1398.2455,1346.1315789473683,-52.11392105263167
no08,533967_11501_11504_1,1315,13:15,1332.6785,1331.981052631579,-0.6974473684210807
no08,533967_11501_11504_1,1330,13:30,956.9185,961.597894736842,4.679394736842028
no08,533967_11501_11504_1,1345,13:45,1708.029,1747.483157894737,39.45415789473691
no08,533967_11501_11504_1,1400,14:00,1550.004,1501.5089473684209,-48.49505263157903
no08,533967_11501_11504_1,1415,14:15,1606.719,1626.8463157894737,20.12731578947364
no08,533967_11501_11504_1,1430,14:30,1181.4834999999998,1156.597894736842,-24.885605263157913
no08,533967_11501_11504_1,1445,14:45,1841.2375,1846.4494736842105,5.211973684210534
no08,533967_11501_11504_1,1500,15:00,1532.776,1520.5431578947369,-12.232842105263217
no08,533967_11501_11504_1,1515,15:15,1326.8125,1293.6789473684212,-33.13355263157882
no08,533967_11501_11504_1,1530,15:30,1337.0025,1357.0415789473684,20.039078947368353
no08,533967_11501_11504_1,1545,15:45,1049.6825,1043.5463157894735,-6.13618421052638
no08,533967_11501_11504_1,1600,16:00,1462.183,1470.1957894736845,8.012789473684506
no08,533967_11501_11504_1,1615,16:15,2022.81,1986.688421052632,-36.12157894736788
no08,533967_11501_11504_1,1630,16:30,1718.418,1789.6036842105264,71.18568421052646
no08,533967_11501_11504_1,1645,16:45,1945.4955,1951.3173684210528,5.821868421052841
no08,533967_11501_11504_1,1700,17:00,1841.119,1796.4468421052632,-44.672157894736756
no08,533967_11501_11504_1,1715,17:15,604.234,607.4915789473685,3.2575789473684154
no08,533967_11501_11504_1,1730,17:30,1277.8115,1278.5215789473684,0.7100789473684017
no08,533967_11501_11504_1,1745,17:45,1521.6545,1515.3773684210526,-6.277131578947547
no08,533967_11501_11504_1,1800,18:00,1326.541,1337.2073684210525,10.666368421052539
no08,533967_11501_11504_1,1815,18:15,2083.5005,2130.350526315789,46.85002631578891
no08,533967_11501_11504_1,1830,18:30,2055.3205000000003,1998.6394736842103,-56.68102631578995
no08,533967_11501_11504_1,1845,18:45,1248.444,1252.0542105263155,3.610210526315541
no08,533967_11505_85937_0,630,06:30,0.0,0.0,0.0
no08,533967_11505_85937_0,645,06:45,0.0,0.0,0.0
no08,533967_11505_85937_0,700,07:00,0.0,0.0,0.0
no08,533967_11505_85937_0,715,07:15,0.0,0.0,0.0
no08,533967_11505_85937_0,730,07:30,0.0,0.0,0.0
no08,533967_11505_85937_0,745,07:45,0.0,0.0,0.0
no08,533967_11505_85937_0,800,08:00,0.0,0.0,0.0
no08,533967_11505_85937_0,815,08:15,0.0,0.0,0.0
no08,533967_11505_85937_0,830,08:30,0.0,0.0,0.0
no08,533967_11505_85937_0,845,08:45,0.0,0.0,0.0
no08,533967_11505_85937_0,900,09:00,0.0,0.0,0.0
no08,533967_11505_85937_0,915,09:15,0.0,0.0,0.0
no08,533967_11505_85937_0,930,09:30,0.0,0.0,0.0
no08,533967_11505_85937_0,945,09:45,0.0,0.0,0.0
no08,533967_11505_85937_0,1000,10:00,0.0,0.0,0.0
no08,533967_11505_85937_0,1015,10:15,0.0,0.0,0.0
no08,533967_11505_85937_0,1030,10:30,0.0,0.0,0.0
no08,533967_11505_85937_0,1045,10:45,0.0,0.0,0.0
no08,533967_11505_85937_0,1100,11:00,0.0,0.0,0.0
no08,533967_11505_85937_0,1115,11:15,0.0,0.0,0.0
no08,533967_11505_85937_0,1130,11:30,0.0,0.0,0.0
no08,533967_11505_85937_0,1145,11:45,0.0,0.0,0.0
no08,533967_11505_85937_0,1200,12:00,0.0,0.0,0.0
no08,533967_11505_85937_0,1215,12:15,0.0,0.0,0.0
no08,533967_11505_85937_0,1230,12:30,0.0,0.0,0.0
no08,533967_11505_85937_0,1245,12:45,0.0,0.0,0.0
no08,533967_11505_85937_0,1300,13:00,0.0,0.0,0.0
no08,533967_11505_85937_0,1315,13:15,0.0,0.0,0.0
no08,533967_11505_85937_0,1330,13:30,0.0,0.0,0.0
no08,533967_11505_85937_0,1345,13:45,0.0,0.0,0.0
no08,533967_11505_85937_0,1400,14:00,0.0,0.0,0.0
no08,533967_11505_85937_0,1415,14:15,0.0,0.0,0.0
no08,533967_11505_85937_0,1430,14:30,0.0,0.0,0.0
no08,533967_11505_85937_0,1445,14:45,0.0,0.0,0.0
no08,533967_11505_85937_0,1500,15:00,0.0,0.0,0.0
no08,533967_11505_85937_0,1515,15:15,0.0,0.0,0.0
no08,533967_11505_85937_0,1530,15:30,0.0,0.0,0.0
no08,533967_11505_85937_0,1545,15:45,0.0,0.0,0.0
no08,533967_11505_85937_0,1600,16:00,0.0,0.0,0.0
no08,533967_11505_85937_0,1615,16:15,0.0,0.0,0.0
no08,533967_11505_85937_0,1630,16:30,0.0,0.0,0.0
no08,533967_11505_85937_0,1645,16:45,0.0,0.0,0.0
no08,533967_11505_85937_0,1700,17:00,0.0,0.0,0.0
no08,533967_11505_85937_0,1715,17:15,0.0,0.0,0.0
no08,533967_11505_85937_0,1730,17:30,0.0,0.0,0.0
no08,533967_11505_85937_0,1745,17:45,0.0,0.0,0.0
no08,533967_11505_85937_0,1800,18:00,0.0,0.0,0.0
no08,533967_11505_85937_0,1815,18:15,0.0,0.0,0.0
no08,533967_11505_85937_0,1830,18:30,0.0,0.0,0.0
no08,533967_11505_85937_0,1845,18:45,0.0,0.0,0.0
no08,533967_11505_85937_1,630,06:30,0.0,0.0,0.0
no08,533967_11505_85937_1,645,06:45,0.0,0.0,0.0
no08,533967_11505_85937_1,700,07:00,0.0,0.0,0.0
no08,533967_11505_85937_1,715,07:15,0.0,0.0,0.0
no08,533967_11505_85937_1,730,07:30,0.0,0.0,0.0
no08,533967_11505_85937_1,745,07:45,0.0,0.0,0.0
no08,533967_11505_85937_1,800,08:00,0.0,0.0,0.0
no08,533967_11505_85937_1,815,08:15,0.0,0.0,0.0
no08,533967_11505_85937_1,830,08:30,0.0,0.0,0.0
no08,533967_11505_85937_1,845,08:45,0.0,0.0,0.0
no08,533967_11505_85937_1,900,09:00,0.0,0.0,0.0
no08,533967_11505_85937_1,915,09:15,0.0,0.0,0.0
no08,533967_11505_85937_1,930,09:30,0.0,0.0,0.0
no08,533967_11505_85937_1,945,09:45,0.0,0.0,0.0
no08,533967_11505_85937_1,1000,10:00,0.0,0.0,0.0
no08,533967_11505_85937_1,1015,10:15,0.0,0.0,0.0
no08,533967_11505_85937_1,1030,10:30,0.0,0.0,0.0
no08,533967_11505_85937_1,1045,10:45,0.0,0.0,0.0
no08,533967_11505_85937_1,1100,11:00,0.0,0.0,0.0
no08,533967_11505_85937_1,1115,11:15,0.0,0.0,0.0
no08,533967_11505_85937_1,1130,11:30,0.0,0.0,0.0
no08,533967_11505_85937_1,1145,11:45,0.0,0.0,0.0
no08,533967_11505_85937_1,1200,12:00,0.0,0.0,0.0
no08,533967_11505_85937_1,1215,12:15,0.0,0.0,0.0
no08,533967_11505_85937_1,1230,12:30,0.0,0.0,0.0
no08,533967_11505_85937_1,1245,12:45,0.0,0.0,0.0
no08,533967_11505_85937_1,1300,13:00,0.0,0.0,0.0
no08,533967_11505_85937_1,1315,13:15,0.0,0.0,0.0
no08,533967_11505_85937_1,1330,13:30,0.0,0.0,0.0
no08,533967_11505_85937_1,1345,13:45,0.0,0.0,0.0
no08,533967_11505_85937_1,1400,14:00,0.0,0.0,0.0
no08,533967_11505_85937_1,1415,14:15,0.0,0.0,0.0
no08,533967_11505_85937_1,1430,14:30,0.0,0.0,0.0
no08,533967_11505_85937_1,1445,14:45,0.0,0.0,0.0
no08,533967_11505_85937_1,1500,15:00,0.0,0.0,0.0
no08,533967_11505_85937_1,1515,15:15,0.0,0.0,0.0
no08,533967_11505_85937_1,1530,15:30,0.0,0.0,0.0
no08,533967_11505_85937_1,1545,15:45,0.0,0.0,0.0
no08,533967_11505_85937_1,1600,16:00,0.0,0.0,0.0
no08,533967_11505_85937_1,1615,16:15,0.0,0.0,0.0
no08,533967_11505_85937_1,1630,16:30,0.0,0.0,0.0
no08,533967_11505_85937_1,1645,16:45,0.0,0.0,0.0
no08,533967_11505_85937_1,1700,17:00,0.0,0.0,0.0
no08,533967_11505_85937_1,1715,17:15,0.0,0.0,0.0
no08,533967_11505_85937_1,1730,17:30,0.0,0.0,0.0
no08,533967_11505_85937_1,1745,17:45,0.0,0.0,0.0
no08,533967_11505_85937_1,1800,18:00,0.0,0.0,0.0
no08,533967_11505_85937_1,1815,18:15,0.0,0.0,0.0
no08,533967_11505_85937_1,1830,18:30,0.0,0.0,0.0
no08,533967_11505_85937_1,1845,18:45,0.0,0.0,0.0
no08,533967_11513_88894_0,630,06:30,0.0,0.0,0.0
no08,533967_11513_88894_0,645,06:45,0.0,0.0,0.0
no08,533967_11513_88894_0,700,07:00,0.0,0.0,0.0
no08,533967_11513_88894_0,715,07:15,0.0,0.0,0.0
no08,533967_11513_88894_0,730,07:30,0.0,0.0,0.0
no08,533967_11513_88894_0,745,07:45,0.0,0.0,0.0
no08,533967_11513_88894_0,800,08:00,0.0,0.0,0.0
no08,533967_11513_88894_0,815,08:15,0.0,0.0,0.0
no08,533967_11513_88894_0,830,08:30,0.0,0.0,0.0
no08,533967_11513_88894_0,845,08:45,0.0,0.0,0.0
no08,533967_11513_88894_0,900,09:00,0.0,0.0,0.0
no08,533967_11513_88894_0,915,09:15,0.0,0.0,0.0
no08,533967_11513_88894_0,930,09:30,0.0,0.0,0.0
no08,533967_11513_88894_0,945,09:45,0.0,0.0,0.0
no08,533967_11513_88894_0,1000,10:00,0.0,0.0,0.0
no08,533967_11513_88894_0,1015,10:15,0.0,0.0,0.0
no08,533967_11513_88894_0,1030,10:30,0.0,0.0,0.0
no08,533967_11513_88894_0,1045,10:45,0.0,0.0,0.0
no08,533967_11513_88894_0,1100,11:00,0.0,0.0,0.0
no08,533967_11513_88894_0,1115,11:15,0.0,0.0,0.0
no08,533967_11513_88894_0,1130,11:30,0.0,0.0,0.0
no08,533967_11513_88894_0,1145,11:45,0.0,0.0,0.0
no08,533967_11513_88894_0,1200,12:00,0.0,0.0,0.0
no08,533967_11513_88894_0,1215,12:15,0.0,0.0,0.0
no08,533967_11513_88894_0,1230,12:30,0.0,0.0,0.0
no08,533967_11513_88894_0,1245,12:45,0.0,0.0,0.0
no08,533967_11513_88894_0,1300,13:00,0.0,0.0,0.0
no08,533967_11513_88894_0,1315,13:15,0.0,0.0,0.0
no08,533967_11513_88894_0,1330,13:30,0.0,0.0,0.0
no08,533967_11513_88894_0,1345,13:45,0.0,0.0,0.0
no08,533967_11513_88894_0,1400,14:00,0.0,0.0,0.0
no08,533967_11513_88894_0,1415,14:15,0.0,0.0,0.0
no08,533967_11513_88894_0,1430,14:30,0.0,0.0,0.0
no08,533967_11513_88894_0,1445,14:45,0.0,0.0,0.0
no08,533967_11513_88894_0,1500,15:00,0.0,0.0,0.0
no08,533967_11513_88894_0,1515,15:15,0.0,0.0,0.0
no08,533967_11513_88894_0,1530,15:30,0.0,0.0,0.0
no08,533967_11513_88894_0,1545,15:45,0.0,0.0,0.0
no08,533967_11513_88894_0,1600,16:00,0.0,0.0,0.0
no08,533967_11513_88894_0,1615,16:15,0.0,0.0,0.0
no08,533967_11513_88894_0,1630,16:30,0.0,0.0,0.0
no08,533967_11513_88894_0,1645,16:45,0.0,0.0,0.0
no08,533967_11513_88894_0,1700,17:00,0.0,0.0,0.0
no08,533967_11513_88894_0,1715,17:15,0.0,0.0,0.0
no08,533967_11513_88894_0,1730,17:30,0.0,0.0,0.0
no08,533967_11513_88894_0,1745,17:45,0.0,0.0,0.0
no08,533967_11513_88894_0,1800,18:00,0.0,0.0,0.0
no08,533967_11513_88894_0,1815,18:15,0.0,0.0,0.0
no08,533967_11513_88894_0,1830,18:30,0.0,0.0,0.0
no08,533967_11513_88894_0,1845,18:45,0.0,0.0,0.0
no08,533967_11513_88894_1,630,06:30,0.0,0.0,0.0
no08,533967_11513_88894_1,645,06:45,0.0,0.0,0.0
no08,533967_11513_88894_1,700,07:00,0.0,0.0,0.0
no08,533967_11513_88894_1,715,07:15,0.0,0.0,0.0
no08,533967_11513_88894_1,730,07:30,0.0,0.0,0.0
no08,533967_11513_88894_1,745,07:45,0.0,0.0,0.0
no08,533967_11513_88894_1,800,08:00,0.0,0.0,0.0
no08,533967_11513_88894_1,815,08:15,0.0,0.0,0.0
no08,533967_11513_88894_1,830,08:30,0.0,0.0,0.0
no08,533967_11513_88894_1,845,08:45,0.0,0.0,0.0
no08,533967_11513_88894_1,900,09:00,0.0,0.0,0.0
no08,533967_11513_88894_1,915,09:15,0.0,0.0,0.0
no08,533967_11513_88894_1,930,09:30,0.0,0.0,0.0
no08,533967_11513_88894_1,945,09:45,0.0,0.0,0.0
no08,533967_11513_88894_1,1000,10:00,0.0,0.0,0.0
no08,533967_11513_88894_1,1015,10:15,0.0,0.0,0.0
no08,533967_11513_88894_1,1030,10:30,0.0,0.0,0.0
no08,533967_11513_88894_1,1045,10:45,0.0,0.0,0.0
no08,533967_11513_88894_1,1100,11:00,0.0,0.0,0.0
no08,533967_11513_88894_1,1115,11:15,0.0,0.0,0.0
no08,533967_11513_88894_1,1130,11:30,0.0,0.0,0.0
no08,533967_11513_88894_1,1145,11:45,0.0,0.0,0.0
no08,533967_11513_88894_1,1200,12:00,0.0,0.0,0.0
no08,533967_11513_88894_1,1215,12:15,0.0,0.0,0.0
no08,533967_11513_88894_1,1230,12:30,0.0,0.0,0.0
no08,533967_11513_88894_1,1245,12:45,0.0,0.0,0.0
no08,533967_11513_88894_1,1300,13:00,0.0,0.0,0.0
no08,533967_11513_88894_1,1315,13:15,0.0,0.0,0.0
no08,533967_11513_88894_1,1330,13:30,0.0,0.0,0.0
no08,533967_11513_88894_1,1345,13:45,0.0,0.0,0.0
no08,533967_11513_88894_1,1400,14:00,0.0,0.0,0.0
no08,533967_11513_88894_1,1415,14:15,0.0,0.0,0.0
no08,533967_11513_88894_1,1430,14:30,0.0,0.0,0.0
no08,533967_11513_88894_1,1445,14:45,0.0,0.0,0.0
no08,533967_11513_88894_1,1500,15:00,0.0,0.0,0.0
no08,533967_11513_88894_1,1515,15:15,0.0,0.0,0.0
no08,533967_11513_88894_1,1530,15:30,0.0,0.0,0.0
no08,533967_11513_88894_1,1545,15:45,0.0,0.0,0.0
no08,533967_11513_88894_1,1600,16:00,0.0,0.0,0.0
no08,533967_11513_88894_1,1615,16:15,0.0,0.0,0.0
no08,533967_11513_88894_1,1630,16:30,0.0,0.0,0.0
no08,533967_11513_88894_1,1645,16:45,0.0,0.0,0.0
no08,533967_11513_88894_1,1700,17:00,0.0,0.0,0.0
no08,533967_11513_88894_1,1715,17:15,0.0,0.0,0.0
no08,533967_11513_88894_1,1730,17:30,0.0,0.0,0.0
no08,533967_11513_88894_1,1745,17:45,0.0,0.0,0.0
no08,533967_11513_88894_1,1800,18:00,0.0,0.0,0.0
no08,533967_11513_88894_1,1815,18:15,0.0,0.0,0.0
no08,533967_11513_88894_1,1830,18:30,0.0,0.0,0.0
no08,533967_11513_88894_1,1845,18:45,0.0,0.0,0.0
no08,533967_11518_13596_0,630,06:30,0.0,0.0,0.0
no08,533967_11518_13596_0,645,06:45,0.0,0.0,0.0
no08,533967_11518_13596_0,700,07:00,0.0,0.0,0.0
no08,533967_11518_13596_0,715,07:15,0.0,0.0,0.0
no08,533967_11518_13596_0,730,07:30,0.0,0.0,0.0
no08,533967_11518_13596_0,745,07:45,0.0,0.0,0.0
no08,533967_11518_13596_0,800,08:00,0.0,0.0,0.0
no08,533967_11518_13596_0,815,08:15,0.0,0.0,0.0
no08,533967_11518_13596_0,830,08:30,0.0,0.0,0.0
no08,533967_11518_13596_0,845,08:45,0.0,0.0,0.0
no08,533967_11518_13596_0,900,09:00,0.0,0.0,0.0
no08,533967_11518_13596_0,915,09:15,0.0,0.0,0.0
no08,533967_11518_13596_0,930,09:30,0.0,0.0,0.0
no08,533967_11518_13596_0,945,09:45,0.0,0.0,0.0
no08,533967_11518_13596_0,1000,10:00,0.0,0.0,0.0
no08,533967_11518_13596_0,1015,10:15,0.0,0.0,0.0
no08,533967_11518_13596_0,1030,10:30,0.0,0.0,0.0
no08,533967_11518_13596_0,1045,10:45,0.0,0.0,0.0
no08,533967_11518_13596_0,1100,11:00,0.0,0.0,0.0
no08,533967_11518_13596_0,1115,11:15,0.0,0.0,0.0
no08,533967_11518_13596_0,1130,11:30,0.0,0.0,0.0
no08,533967_11518_13596_0,1145,11:45,0.0,0.0,0.0
no08,533967_11518_13596_0,1200,12:00,0.0,0.0,0.0
no08,533967_11518_13596_0,1215,12:15,0.0,0.0,0.0
no08,533967_11518_13596_0,1230,12:30,0.0,0.0,0.0
no08,533967_11518_13596_0,1245,12:45,0.0,0.0,0.0
no08,533967_11518_13596_0,1300,13:00,0.0,0.0,0.0
no08,533967_11518_13596_0,1315,13:15,0.0,0.0,0.0
no08,533967_11518_13596_0,1330,13:30,0.0,0.0,0.0
no08,533967_11518_13596_0,1345,13:45,0.0,0.0,0.0
no08,533967_11518_13596_0,1400,14:00,0.0,0.0,0.0
no08,533967_11518_13596_0,1415,14:15,0.0,0.0,0.0
no08,533967_11518_13596_0,1430,14:30,0.0,0.0,0.0
no08,533967_11518_13596_0,1445,14:45,0.0,0.0,0.0
no08,533967_11518_13596_0,1500,15:00,0.0,0.0,0.0
no08,533967_11518_13596_0,1515,15:15,0.0,0.0,0.0
no08,533967_11518_13596_0,1530,15:30,0.0,0.0,0.0
no08,533967_11518_13596_0,1545,15:45,0.0,0.0,0.0
no08,533967_11518_13596_0,1600,16:00,0.0,0.0,0.0
no08,533967_11518_13596_0,1615,16:15,0.0,0.0,0.0
no08,533967_11518_13596_0,1630,16:30,0.0,0.0,0.0
no08,533967_11518_13596_0,1645,16:45,0.0,0.0,0.0
no08,533967_11518_13596_0,1700,17:00,0.0,0.0,0.0
no08,533967_11518_13596_0,1715,17:15,0.0,0.0,0.0
no08,533967_11518_13596_0,1730,17:30,0.0,0.0,0.0
no08,533967_11518_13596_0,1745,17:45,0.0,0.0,0.0
no08,533967_11518_13596_0,1800,18:00,0.0,0.0,0.0
no08,533967_11518_13596_0,1815,18:15,0.0,0.0,0.0
no08,533967_11518_13596_0,1830,18:30,0.0,0.0,0.0
no08,533967_11518_13596_0,1845,18:45,0.0,0.0,0.0
no08,533967_11518_13596_1,630,06:30,0.0,0.0,0.0
no08,533967_11518_13596_1,645,06:45,0.0,0.0,0.0
no08,533967_11518_13596_1,700,07:00,0.0,0.0,0.0
no08,533967_11518_13596_1,715,07:15,0.0,0.0,0.0
no08,533967_11518_13596_1,730,07:30,0.0,0.0,0.0
no08,533967_11518_13596_1,745,07:45,0.0,0.0,0.0
no08,533967_11518_13596_1,800,08:00,0.0,0.0,0.0
no08,533967_11518_13596_1,815,08:15,0.0,0.0,0.0
no08,533967_11518_13596_1,830,08:30,0.0,0.0,0.0
no08,533967_11518_13596_1,845,08:45,0.0,0.0,0.0
no08,533967_11518_13596_1,900,09:00,0.0,0.0,0.0
no08,533967_11518_13596_1,915,09:15,0.0,0.0,0.0
no08,533967_11518_13596_1,930,09:30,0.0,0.0,0.0
no08,533967_11518_13596_1,945,09:45,0.0,0.0,0.0
no08,533967_11518_13596_1,1000,10:00,0.0,0.0,0.0
no08,533967_11518_13596_1,1015,10:15,0.0,0.0,0.0
no08,533967_11518_13596_1,1030,10:30,0.0,0.0,0.0
no08,533967_11518_13596_1,1045,10:45,0.0,0.0,0.0
no08,533967_11518_13596_1,1100,11:00,0.0,0.0,0.0
no08,533967_11518_13596_1,1115,11:15,0.0,0.0,0.0
no08,533967_11518_13596_1,1130,11:30,0.0,0.0,0.0
no08,533967_11518_13596_1,1145,11:45,0.0,0.0,0.0
no08,533967_11518_13596_1,1200,12:00,0.0,0.0,0.0
no08,533967_11518_13596_1,1215,12:15,0.0,0.0,0.0
no08,533967_11518_13596_1,1230,12:30,0.0,0.0,0.0
no08,533967_11518_13596_1,1245,12:45,0.0,0.0,0.0
no08,533967_11518_13596_1,1300,13:00,0.0,0.0,0.0
no08,533967_11518_13596_1,1315,13:15,0.0,0.0,0.0
no08,533967_11518_13596_1,1330,13:30,0.0,0.0,0.0
no08,533967_11518_13596_1,1345,13:45,0.0,0.0,0.0
no08,533967_11518_13596_1,1400,14:00,0.0,0.0,0.0
no08,533967_11518_13596_1,1415,14:15,0.0,0.0,0.0
no08,533967_11518_13596_1,1430,14:30,0.0,0.0,0.0
no08,533967_11518_13596_1,1445,14:45,0.0,0.0,0.0
no08,533967_11518_13596_1,1500,15:00,0.0,0.0,0.0
no08,533967_11518_13596_1,1515,15:15,0.0,0.0,0.0
no08,533967_11518_13596_1,1530,15:30,0.0,0.0,0.0
no08,533967_11518_13596_1,1545,15:45,0.0,0.0,0.0
no08,533967_11518_13596_1,1600,16:00,0.0,0.0,0.0
no08,533967_11518_13596_1,1615,16:15,0.0,0.0,0.0
no08,533967_11518_13596_1,1630,16:30,0.0,0.0,0.0
no08,533967_11518_13596_1,1645,16:45,0.0,0.0,0.0
no08,533967_11518_13596_1,1700,17:00,0.0,0.0,0.0
no08,533967_11518_13596_1,1715,17:15,0.0,0.0,0.0
no08,533967_11518_13596_1,1730,17:30,0.0,0.0,0.0
no08,533967_11518_13596_1,1745,17:45,0.0,0.0,0.0
no08,533967_11518_13596_1,1800,18:00,0.0,0.0,0.0
no08,533967_11518_13596_1,1815,18:15,0.0,0.0,0.0
no08,533967_11518_13596_1,1830,18:30,0.0,0.0,0.0
no08,533967_11518_13596_1,1845,18:45,0.0,0.0,0.0
no08,533967_12969_87770_0,630,06:30,0.0,0.0,0.0
no08,533967_12969_87770_0,645,06:45,0.0,0.0,0.0
no08,533967_12969_87770_0,700,07:00,0.0,0.0,0.0
no08,533967_12969_87770_0,715,07:15,0.0,0.0,0.0
no08,533967_12969_87770_0,730,07:30,0.0,0.0,0.0
no08,533967_12969_87770_0,745,07:45,0.0,0.0,0.0
no08,533967_12969_87770_0,800,08:00,0.0,0.0,0.0
no08,533967_12969_87770_0,815,08:15,0.0,0.0,0.0
no08,533967_12969_87770_0,830,08:30,0.0,0.0,0.0
no08,533967_12969_87770_0,845,08:45,0.0,0.0,0.0
no08,533967_12969_87770_0,900,09:00,0.0,0.0,0.0
no08,533967_12969_87770_0,915,09:15,0.0,0.0,0.0
no08,533967_12969_87770_0,930,09:30,0.0,0.0,0.0
no08,533967_12969_87770_0,945,09:45,0.0,0.0,0.0
no08,533967_12969_87770_0,1000,10:00,0.0,0.0,0.0
no08,533967_12969_87770_0,1015,10:15,0.0,0.0,0.0
no08,533967_12969_87770_0,1030,10:30,0.0,0.0,0.0
no08,533967_12969_87770_0,1045,10:45,0.0,0.0,0.0
no08,533967_12969_87770_0,1100,11:00,0.0,0.0,0.0
no08,533967_12969_87770_0,1115,11:15,0.0,0.0,0.0
no08,533967_12969_87770_0,1130,11:30,0.0,0.0,0.0
no08,533967_12969_87770_0,1145,11:45,0.0,0.0,0.0
no08,533967_12969_87770_0,1200,12:00,0.0,0.0,0.0
no08,533967_12969_87770_0,1215,12:15,0.0,0.0,0.0
no08,533967_12969_87770_0,1230,12:30,0.0,0.0,0.0
no08,533967_12969_87770_0,1245,12:45,0.0,0.0,0.0
no08,533967_12969_87770_0,1300,13:00,0.0,0.0,0.0
no08,533967_12969_87770_0,1315,13:15,0.0,0.0,0.0
no08,533967_12969_87770_0,1330,13:30,0.0,0.0,0.0
no08,533967_12969_87770_0,1345,13:45,0.0,0.0,0.0
no08,533967_12969_87770_0,1400,14:00,0.0,0.0,0.0
no08,533967_12969_87770_0,1415,14:15,0.0,0.0,0.0
no08,533967_12969_87770_0,1430,14:30,0.0,0.0,0.0
no08,533967_12969_87770_0,1445,14:45,0.0,0.0,0.0
no08,533967_12969_87770_0,1500,15:00,0.0,0.0,0.0
no08,533967_12969_87770_0,1515,15:15,0.0,0.0,0.0
no08,533967_12969_87770_0,1530,15:30,0.0,0.0,0.0
no08,533967_12969_87770_0,1545,15:45,0.0,0.0,0.0
no08,533967_12969_87770_0,1600,16:00,0.0,0.0,0.0
no08,533967_12969_87770_0,1615,16:15,0.0,0.0,0.0
no08,533967_12969_87770_0,1630,16:30,0.0,0.0,0.0
no08,533967_12969_87770_0,1645,16:45,0.0,0.0,0.0
no08,533967_12969_87770_0,1700,17:00,0.0,0.0,0.0
no08,533967_12969_87770_0,1715,17:15,0.0,0.0,0.0
no08,533967_12969_87770_0,1730,17:30,0.0,0.0,0.0
no08,533967_12969_87770_0,1745,17:45,0.0,0.0,0.0
no08,533967_12969_87770_0,1800,18:00,0.0,0.0,0.0
no08,533967_12969_87770_0,1815,18:15,0.0,0.0,0.0
no08,533967_12969_87770_0,1830,18:30,0.0,0.0,0.0
no08,533967_12969_87770_0,1845,18:45,0.0,0.0,0.0
no08,533967_12969_87770_1,630,06:30,0.0,0.0,0.0
no08,533967_12969_87770_1,645,06:45,0.0,0.0,0.0
no08,533967_12969_87770_1,700,07:00,0.0,0.0,0.0
no08,533967_12969_87770_1,715,07:15,0.0,0.0,0.0
no08,533967_12969_87770_1,730,07:30,0.0,0.0,0.0
no08,533967_12969_87770_1,745,07:45,0.0,0.0,0.0
no08,533967_12969_87770_1,800,08:00,0.0,0.0,0.0
no08,533967_12969_87770_1,815,08:15,0.0,0.0,0.0
no08,533967_12969_87770_1,830,08:30,0.0,0.0,0.0
no08,533967_12969_87770_1,845,08:45,0.0,0.0,0.0
no08,533967_12969_87770_1,900,09:00,0.0,0.0,0.0
no08,533967_12969_87770_1,915,09:15,0.0,0.0,0.0
no08,533967_12969_87770_1,930,09:30,0.0,0.0,0.0
no08,533967_12969_87770_1,945,09:45,0.0,0.0,0.0
no08,533967_12969_87770_1,1000,10:00,0.0,0.0,0.0
no08,533967_12969_87770_1,1015,10:15,0.0,0.0,0.0
no08,533967_12969_87770_1,1030,10:30,0.0,0.0,0.0
no08,533967_12969_87770_1,1045,10:45,0.0,0.0,0.0
no08,533967_12969_87770_1,1100,11:00,0.0,0.0,0.0
no08,533967_12969_87770_1,1115,11:15,0.0,0.0,0.0
no08,533967_12969_87770_1,1130,11:30,0.0,0.0,0.0
no08,533967_12969_87770_1,1145,11:45,0.0,0.0,0.0
no08,533967_12969_87770_1,1200,12:00,0.0,0.0,0.0
no08,533967_12969_87770_1,1215,12:15,0.0,0.0,0.0
no08,533967_12969_87770_1,1230,12:30,0.0,0.0,0.0
no08,533967_12969_87770_1,1245,12:45,0.0,0.0,0.0
no08,533967_12969_87770_1,1300,13:00,0.0,0.0,0.0
no08,533967_12969_87770_1,1315,13:15,0.0,0.0,0.0
no08,533967_12969_87770_1,1330,13:30,0.0,0.0,0.0
no08,533967_12969_87770_1,1345,13:45,0.0,0.0,0.0
no08,533967_12969_87770_1,1400,14:00,0.0,0.0,0.0
no08,533967_12969_87770_1,1415,14:15,0.0,0.0,0.0
no08,533967_12969_87770_1,1430,14:30,0.0,0.0,0.0
no08,533967_12969_87770_1,1445,14:45,0.0,0.0,0.0
no08,533967_12969_87770_1,1500,15:00,0.0,0.0,0.0
no08,533967_12969_87770_1,1515,15:15,0.0,0.0,0.0
no08,533967_12969_87770_1,1530,15:30,0.0,0.0,0.0
no08,533967_12969_87770_1,1545,15:45,0.0,0.0,0.0
no08,533967_12969_87770_1,1600,16:00,0.0,0.0,0.0
no08,533967_12969_87770_1,1615,16:15,0.0,0.0,0.0
no08,533967_12969_87770_1,1630,16:30,0.0,0.0,0.0
no08,533967_12969_87770_1,1645,16:45,0.0,0.0,0.0
no08,533967_12969_87770_1,1700,17:00,0.0,0.0,0.0
no08,533967_12969_87770_1,1715,17:15,0.0,0.0,0.0
no08,533967_12969_87770_1,1730,17:30,0.0,0.0,0.0
no08,533967_12969_87770_1,1745,17:45,0.0,0.0,0.0
no08,533967_12969_87770_1,1800,18:00,0.0,0.0,0.0
no08,533967_12969_87770_1,1815,18:15,0.0,0.0,0.0
no08,533967_12969_87770_1,1830,18:30,0.0,0.0,0.0
no08,533967_12969_87770_1,1845,18:45,0.0,0.0,0.0
no08,533967_13107_13108_0,630,06:30,449.9725,449.8752631578947,-0.09723684210530337
no08,533967_13107_13108_0,645,06:45,364.04,364.04263157894735,0.0026315789473301265
no08,533967_13107_13108_0,700,07:00,442.6215,442.69631578947366,0.07481578947363232
no08,533967_13107_13108_0,715,07:15,318.4335,318.88157894736844,0.4480789473684581
no08,533967_13107_13108_0,730,07:30,365.3935,364.8315789473684,-0.5619210526315896
no08,533967_13107_13108_0,745,07:45,298.9615,298.9194736842105,-0.042026315789485125
no08,533967_13107_13108_0,800,08:00,442.38,442.2705263157894,-0.10947368421057035
no08,533967_13107_13108_0,815,08:15,598.1605,598.1531578947369,-0.00734210526309198
no08,533967_13107_13108_0,830,08:30,541.726,541.8352631578947,0.10926315789470209
no08,533967_13107_13108_0,845,08:45,334.821,335.1868421052632,0.36584210526319794
no08,533967_13107_13108_0,900,09:00,355.162,355.3747368421053,0.21273684210530064
no08,533967_13107_13108_0,915,09:15,243.99050000000005,242.1963157894737,-1.7941842105263675
no08,533967_13107_13108_0,930,09:30,384.757,386.57947368421054,1.8224736842105358
no08,533967_13107_13108_0,945,09:45,309.3805,308.2521052631579,-1.1283947368420968
no08,533967_13107_13108_0,1000,10:00,428.3305,428.1426315789474,-0.18786842105259893
no08,533967_13107_13108_0,1015,10:15,291.973,293.50842105263155,1.5354210526315342
no08,533967_13107_13108_0,1030,10:30,371.8645,372.0231578947368,0.15865789473679115
no08,533967_13107_13108_0,1045,10:45,201.474,201.7015789473684,0.22757894736841422
no08,533967_13107_13108_0,1100,11:00,231.4225,230.06578947368425,-1.3567105263157657
no08,533967_13107_13108_0,1115,11:15,253.2815,252.74,-0.541499999999985
no08,533967_13107_13108_0,1130,11:30,362.1345,363.2631578947368,1.1286578947368184
no08,533967_13107_13108_0,1145,11:45,213.9445,214.0994736842105,0.15497368421048918
no08,533967_13107_13108_0,1200,12:00,221.452,221.84473684210528,0.39273684210527904
no08,533967_13107_13108_0,1215,12:15,207.1035,205.8905263157895,-1.2129736842105103
no08,533967_13107_13108_0,1230,12:30,200.9475,201.02,0.07250000000001933
no08,533967_13107_13108_0,1245,12:45,153.5515,153.15526315789475,-0.3962368421052531
no08,533967_13107_13108_0,1300,13:00,209.9115,210.91736842105263,1.0058684210526394
no08,533967_13107_13108_0,1315,13:15,122.3475,121.94368421052631,-0.4038157894736827
no08,533967_13107_13108_0,1330,13:30,153.243,151.9936842105263,-1.249315789473684
no08,533967_13107_13108_0,1345,13:45,154.098,154.16105263157894,0.06305263157892682
no08,533967_13107_13108_0,1400,14:00,196.8175,198.01315789473685,1.1956578947368541
no08,533967_13107_13108_0,1415,14:15,220.66,221.17052631578943,0.5105263157894342
no08,533967_13107_13108_0,1430,14:30,308.844,308.90473684210525,0.06073684210525698
no08,533967_13107_13108_0,1445,14:45,145.99949999999998,146.32157894736844,0.3220789473684533
no08,533967_13107_13108_0,1500,15:00,219.1565,219.00894736842105,-0.1475526315789466
no08,533967_13107_13108_0,1515,15:15,144.3505,142.63473684210527,-1.7157631578947417
no08,533967_13107_13108_0,1530,15:30,153.597,156.52421052631578,2.9272105263157755
no08,533967_13107_13108_0,1545,15:45,175.8415,173.8942105263158,-1.947289473684208
no08,533967_13107_13108_0,1600,16:00,353.56100000000004,352.76421052631576,-0.7967894736842709
no08,533967_13107_13108_0,1615,16:15,209.75100000000003,210.10789473684213,0.3568947368420936
no08,533967_13107_13108_0,1630,16:30,386.889,389.5768421052632,2.6878421052632007
no08,533967_13107_13108_0,1645,16:45,253.25,252.04,-1.210000000000008
no08,533967_13107_13108_0,1700,17:00,407.3085,407.0015789473684,-0.3069210526315942
no08,533967_13107_13108_0,1715,17:15,307.0505,306.96578947368425,-0.08471052631574594
no08,533967_13107_13108_0,1730,17:30,215.702,216.2221052631579,0.5201052631579159
no08,533967_13107_13108_0,1745,17:45,231.975,231.53,-0.4449999999999932
no08,533967_13107_13108_0,1800,18:00,304.524,305.34473684210525,0.8207368421052479
no08,533967_13107_13108_0,1815,18:15,158.25,157.89947368421053,-0.350526315789466
no08,533967_13107_13108_0,1830,18:30,197.707,197.73210526315788,0.025105263157882973
no08,533967_13107_13108_0,1845,18:45,222.855,221.21578947368425,-1.6392105263157362
no08,533967_13107_13108_1,630,06:30,191.4,189.31578947368425,-2.0842105263157578
no08,533967_13107_13108_1,645,06:45,167.2,169.05263157894737,1.8526315789473813
no08,533967_13107_13108_1,700,07:00,392.15,387.89473684210526,-4.255263157894717
no08,533967_13107_13108_1,715,07:15,290.4,293.5263157894737,3.126315789473722
no08,533967_13107_13108_1,730,07:30,457.144,455.6315789473685,-1.5124210526315096
no08,533967_13107_13108_1,745,07:45,575.362,583.6442105263158,8.282210526315794
no08,533967_13107_13108_1,800,08:00,568.15,555.2105263157895,-12.939473684210498
no08,533967_13107_13108_1,815,08:15,488.4,491.5757894736842,3.175789473684233
no08,533967_13107_13108_1,830,08:30,126.0,130.26315789473685,4.26315789473685
no08,533967_13107_13108_1,845,08:45,0.0,0.0,0.0
no08,533967_13107_13108_1,900,09:00,42.9,42.26315789473684,-0.6368421052631561
no08,533967_13107_13108_1,915,09:15,90.75,96.73473684210526,5.984736842105264
no08,533967_13107_13108_1,930,09:30,430.217,429.70052631578943,-0.5164736842105526
no08,533967_13107_13108_1,945,09:45,174.35,170.21052631578948,-4.139473684210515
no08,533967_13107_13108_1,1000,10:00,332.8385,335.9347368421053,3.09623684210527
no08,533967_13107_13108_1,1015,10:15,118.8,114.63157894736842,-4.168421052631572
no08,533967_13107_13108_1,1030,10:30,31.307692307692307,33.0,1.6923076923076934
no08,533967_13107_13108_1,1045,10:45,87.45,85.10526315789474,-2.344736842105263
no08,533967_13107_13108_1,1100,11:00,45.1,50.36842105263158,5.268421052631581
no08,533967_13107_13108_1,1115,11:15,632.558,628.7978947368421,-3.760105263157925
no08,533967_13107_13108_1,1130,11:30,169.95,170.78947368421052,0.8394736842105317
no08,533967_13107_13108_1,1145,11:45,67.1,67.15789473684211,0.057894736842115435
no08,533967_13107_13108_1,1200,12:00,100.65,104.21052631578948,3.560526315789474
no08,533967_13107_13108_1,1215,12:15,25.473684210526315,22.0,-3.473684210526315
no08,533967_13107_13108_1,1230,12:30,270.05,268.63157894736844,-1.4184210526315724
no08,533967_13107_13108_1,1245,12:45,146.3,145.89473684210526,-0.4052631578947512
no08,533967_13107_13108_1,1300,13:00,128.15,136.05263157894737,7.902631578947364
no08,533967_13107_13108_1,1315,13:15,44.55,37.05263157894737,-7.497368421052627
no08,533967_13107_13108_1,1330,13:30,560.006,577.7894736842105,17.78347368421055
no08,533967_13107_13108_1,1345,13:45,276.1,258.2105263157895,-17.889473684210543
no08,533967_13107_13108_1,1400,14:00,207.35,202.6315789473684,-4.718421052631584
no08,533967_13107_13108_1,1415,14:15,26.27777777777778,29.944444444444443,3.6666666666666643
no08,533967_13107_13108_1,1430,14:30,0.0,0.0,0.0
no08,533967_13107_13108_1,1445,14:45,84.7,83.36842105263158,-1.3315789473684276
no08,533967_13107_13108_1,1500,15:00,178.798,186.42105263157896,7.6230526315789575
no08,533967_13107_13108_1,1515,15:15,91.898,87.42105263157895,-4.476947368421051
no08,533967_13107_13108_1,1530,15:30,47.3,41.10526315789474,-6.194736842105257
no08,533967_13107_13108_1,1545,15:45,174.9,181.21052631578948,6.310526315789474
no08,533967_13107_13108_1,1600,16:00,242.0,226.94736842105263,-15.05263157894737
no08,533967_13107_13108_1,1615,16:15,104.5,117.52631578947368,13.026315789473685
no08,533967_13107_13108_1,1630,16:30,157.85,151.10526315789474,-6.7447368421052545
no08,533967_13107_13108_1,1645,16:45,90.8,93.36578947368422,2.5657894736842195
no08,533967_13107_13108_1,1700,17:00,174.35,174.32,-0.030000000000001137
no08,533967_13107_13108_1,1715,17:15,280.5,283.10526315789474,2.60526315789474
no08,533967_13107_13108_1,1730,17:30,528.596,533.8347368421053,5.238736842105254
no08,533967_13107_13108_1,1745,17:45,281.6,280.7894736842105,-0.8105263157895024
no08,533967_13107_13108_1,1800,18:00,198.55,189.31578947368425,-9.234210526315763
no08,533967_13107_13108_1,1815,18:15,182.05,174.8421052631579,-7.207894736842121
no08,533967_13107_13108_1,1830,18:30,311.3,321.3157894736842,10.015789473684208
no08,533967_13107_13108_1,1845,18:45,420.75,414.5863157894737,-6.163684210526299
no08,533967_13308_88665_0,630,06:30,0.0,0.0,0.0
no08,533967_13308_88665_0,645,06:45,0.0,0.0,0.0
no08,533967_13308_88665_0,700,07:00,0.0,0.0,0.0
no08,533967_13308_88665_0,715,07:15,0.0,0.0,0.0
no08,533967_13308_88665_0,730,07:30,0.0,0.0,0.0
no08,533967_13308_88665_0,745,07:45,0.0,0.0,0.0
no08,533967_13308_88665_0,800,08:00,0.0,0.0,0.0
no08,533967_13308_88665_0,815,08:15,0.0,0.0,0.0
no08,533967_13308_88665_0,830,08:30,0.0,0.0,0.0
no08,533967_13308_88665_0,845,08:45,0.0,0.0,0.0
no08,533967_13308_88665_0,900,09:00,0.0,0.0,0.0
no08,533967_13308_88665_0,915,09:15,0.0,0.0,0.0
no08,533967_13308_88665_0,930,09:30,0.0,0.0,0.0
no08,533967_13308_88665_0,945,09:45,0.0,0.0,0.0
no08,533967_13308_88665_0,1000,10:00,0.0,0.0,0.0
no08,533967_13308_88665_0,1015,10:15,0.0,0.0,0.0
no08,533967_13308_88665_0,1030,10:30,0.0,0.0,0.0
no08,533967_13308_88665_0,1045,10:45,0.0,0.0,0.0
no08,533967_13308_88665_0,1100,11:00,0.0,0.0,0.0
no08,533967_13308_88665_0,1115,11:15,0.0,0.0,0.0
no08,533967_13308_88665_0,1130,11:30,0.0,0.0,0.0
no08,533967_13308_88665_0,1145,11:45,0.0,0.0,0.0
no08,533967_13308_88665_0,1200,12:00,0.0,0.0,0.0
no08,533967_13308_88665_0,1215,12:15,0.0,0.0,0.0
no08,533967_13308_88665_0,1230,12:30,0.0,0.0,0.0
no08,533967_13308_88665_0,1245,12:45,0.0,0.0,0.0
no08,533967_13308_88665_0,1300,13:00,0.0,0.0,0.0
no08,533967_13308_88665_0,1315,13:15,0.0,0.0,0.0
no08,533967_13308_88665_0,1330,13:30,0.0,0.0,0.0
no08,533967_13308_88665_0,1345,13:45,0.0,0.0,0.0
no08,533967_13308_88665_0,1400,14:00,0.0,0.0,0.0
no08,533967_13308_88665_0,1415,14:15,0.0,0.0,0.0
no08,533967_13308_88665_0,1430,14:30,0.0,0.0,0.0
no08,533967_13308_88665_0,1445,14:45,0.0,0.0,0.0
no08,533967_13308_88665_0,1500,15:00,0.0,0.0,0.0
no08,533967_13308_88665_0,1515,15:15,0.0,0.0,0.0
no08,533967_13308_88665_0,1530,15:30,0.0,0.0,0.0
no08,533967_13308_88665_0,1545,15:45,0.0,0.0,0.0
no08,533967_13308_88665_0,1600,16:00,0.0,0.0,0.0
no08,533967_13308_88665_0,1615,16:15,0.0,0.0,0.0
no08,533967_13308_88665_0,1630,16:30,0.0,0.0,0.0
no08,533967_13308_88665_0,1645,16:45,0.0,0.0,0.0
no08,533967_13308_88665_0,1700,17:00,0.0,0.0,0.0
no08,533967_13308_88665_0,1715,17:15,0.0,0.0,0.0
no08,533967_13308_88665_0,1730,17:30,0.0,0.0,0.0
no08,533967_13308_88665_0,1745,17:45,0.0,0.0,0.0
no08,533967_13308_88665_0,1800,18:00,0.0,0.0,0.0
no08,533967_13308_88665_0,1815,18:15,0.0,0.0,0.0
no08,533967_13308_88665_0,1830,18:30,0.0,0.0,0.0
no08,533967_13308_88665_0,1845,18:45,0.0,0.0,0.0
no08,533967_13308_88665_1,630,06:30,0.0,0.0,0.0
no08,533967_13308_88665_1,645,06:45,0.0,0.0,0.0
no08,533967_13308_88665_1,700,07:00,0.0,0.0,0.0
no08,533967_13308_88665_1,715,07:15,0.0,0.0,0.0
no08,533967_13308_88665_1,730,07:30,0.0,0.0,0.0
no08,533967_13308_88665_1,745,07:45,0.0,0.0,0.0
no08,533967_13308_88665_1,800,08:00,0.0,0.0,0.0
no08,533967_13308_88665_1,815,08:15,0.0,0.0,0.0
no08,533967_13308_88665_1,830,08:30,0.0,0.0,0.0
no08,533967_13308_88665_1,845,08:45,0.0,0.0,0.0
no08,533967_13308_88665_1,900,09:00,0.0,0.0,0.0
no08,533967_13308_88665_1,915,09:15,0.0,0.0,0.0
no08,533967_13308_88665_1,930,09:30,0.0,0.0,0.0
no08,533967_13308_88665_1,945,09:45,0.0,0.0,0.0
no08,533967_13308_88665_1,1000,10:00,0.0,0.0,0.0
no08,533967_13308_88665_1,1015,10:15,0.0,0.0,0.0
no08,533967_13308_88665_1,1030,10:30,0.0,0.0,0.0
no08,533967_13308_88665_1,1045,10:45,0.0,0.0,0.0
no08,533967_13308_88665_1,1100,11:00,0.0,0.0,0.0
no08,533967_13308_88665_1,1115,11:15,0.0,0.0,0.0
no08,533967_13308_88665_1,1130,11:30,0.0,0.0,0.0
no08,533967_13308_88665_1,1145,11:45,0.0,0.0,0.0
no08,533967_13308_88665_1,1200,12:00,0.0,0.0,0.0
no08,533967_13308_88665_1,1215,12:15,0.0,0.0,0.0
no08,533967_13308_88665_1,1230,12:30,0.0,0.0,0.0
no08,533967_13308_88665_1,1245,12:45,0.0,0.0,0.0
no08,533967_13308_88665_1,1300,13:00,0.0,0.0,0.0
no08,533967_13308_88665_1,1315,13:15,0.0,0.0,0.0
no08,533967_13308_88665_1,1330,13:30,0.0,0.0,0.0
no08,533967_13308_88665_1,1345,13:45,0.0,0.0,0.0
no08,533967_13308_88665_1,1400,14:00,0.0,0.0,0.0
no08,533967_13308_88665_1,1415,14:15,0.0,0.0,0.0
no08,533967_13308_88665_1,1430,14:30,0.0,0.0,0.0
no08,533967_13308_88665_1,1445,14:45,0.0,0.0,0.0
no08,533967_13308_88665_1,1500,15:00,0.0,0.0,0.0
no08,533967_13308_88665_1,1515,15:15,0.0,0.0,0.0
no08,533967_13308_88665_1,1530,15:30,0.0,0.0,0.0
no08,533967_13308_88665_1,1545,15:45,0.0,0.0,0.0
no08,533967_13308_88665_1,1600,16:00,0.0,0.0,0.0
no08,533967_13308_88665_1,1615,16:15,0.0,0.0,0.0
no08,533967_13308_88665_1,1630,16:30,0.0,0.0,0.0
no08,533967_13308_88665_1,1645,16:45,0.0,0.0,0.0
no08,533967_13308_88665_1,1700,17:00,0.0,0.0,0.0
no08,533967_13308_88665_1,1715,17:15,0.0,0.0,0.0
no08,533967_13308_88665_1,1730,17:30,0.0,0.0,0.0
no08,533967_13308_88665_1,1745,17:45,0.0,0.0,0.0
no08,533967_13308_88665_1,1800,18:00,0.0,0.0,0.0
no08,533967_13308_88665_1,1815,18:15,0.0,0.0,0.0
no08,533967_13308_88665_1,1830,18:30,0.0,0.0,0.0
no08,533967_13308_88665_1,1845,18:45,0.0,0.0,0.0
no08,533967_13715_72472_0,630,06:30,0.0,0.0,0.0
no08,533967_13715_72472_0,645,06:45,0.0,0.0,0.0
no08,533967_13715_72472_0,700,07:00,0.0,0.0,0.0
no08,533967_13715_72472_0,715,07:15,0.0,0.0,0.0
no08,533967_13715_72472_0,730,07:30,0.0,0.0,0.0
no08,533967_13715_72472_0,745,07:45,0.0,0.0,0.0
no08,533967_13715_72472_0,800,08:00,0.0,0.0,0.0
no08,533967_13715_72472_0,815,08:15,0.0,0.0,0.0
no08,533967_13715_72472_0,830,08:30,0.0,0.0,0.0
no08,533967_13715_72472_0,845,08:45,0.0,0.0,0.0
no08,533967_13715_72472_0,900,09:00,0.0,0.0,0.0
no08,533967_13715_72472_0,915,09:15,0.0,0.0,0.0
no08,533967_13715_72472_0,930,09:30,0.0,0.0,0.0
no08,533967_13715_72472_0,945,09:45,0.0,0.0,0.0
no08,533967_13715_72472_0,1000,10:00,0.0,0.0,0.0
no08,533967_13715_72472_0,1015,10:15,0.0,0.0,0.0
no08,533967_13715_72472_0,1030,10:30,0.0,0.0,0.0
no08,533967_13715_72472_0,1045,10:45,0.0,0.0,0.0
no08,533967_13715_72472_0,1100,11:00,0.0,0.0,0.0
no08,533967_13715_72472_0,1115,11:15,0.0,0.0,0.0
no08,533967_13715_72472_0,1130,11:30,0.0,0.0,0.0
no08,533967_13715_72472_0,1145,11:45,0.0,0.0,0.0
no08,533967_13715_72472_0,1200,12:00,0.0,0.0,0.0
no08,533967_13715_72472_0,1215,12:15,0.0,0.0,0.0
no08,533967_13715_72472_0,1230,12:30,0.0,0.0,0.0
no08,533967_13715_72472_0,1245,12:45,0.0,0.0,0.0
no08,533967_13715_72472_0,1300,13:00,0.0,0.0,0.0
no08,533967_13715_72472_0,1315,13:15,0.0,0.0,0.0
no08,533967_13715_72472_0,1330,13:30,0.0,0.0,0.0
no08,533967_13715_72472_0,1345,13:45,0.0,0.0,0.0
no08,533967_13715_72472_0,1400,14:00,0.0,0.0,0.0
no08,533967_13715_72472_0,1415,14:15,0.0,0.0,0.0
no08,533967_13715_72472_0,1430,14:30,0.0,0.0,0.0
no08,533967_13715_72472_0,1445,14:45,0.0,0.0,0.0
no08,533967_13715_72472_0,1500,15:00,0.0,0.0,0.0
no08,533967_13715_72472_0,1515,15:15,0.0,0.0,0.0
no08,533967_13715_72472_0,1530,15:30,0.0,0.0,0.0
no08,533967_13715_72472_0,1545,15:45,0.0,0.0,0.0
no08,533967_13715_72472_0,1600,16:00,0.0,0.0,0.0
no08,533967_13715_72472_0,1615,16:15,0.0,0.0,0.0
no08,533967_13715_72472_0,1630,16:30,0.0,0.0,0.0
no08,533967_13715_72472_0,1645,16:45,0.0,0.0,0.0
no08,533967_13715_72472_0,1700,17:00,0.0,0.0,0.0
no08,533967_13715_72472_0,1715,17:15,0.0,0.0,0.0
no08,533967_13715_72472_0,1730,17:30,0.0,0.0,0.0
no08,533967_13715_72472_0,1745,17:45,0.0,0.0,0.0
no08,533967_13715_72472_0,1800,18:00,0.0,0.0,0.0
no08,533967_13715_72472_0,1815,18:15,0.0,0.0,0.0
no08,533967_13715_72472_0,1830,18:30,0.0,0.0,0.0
no08,533967_13715_72472_0,1845,18:45,0.0,0.0,0.0
no08,533967_13715_72472_1,630,06:30,0.0,0.0,0.0
no08,533967_13715_72472_1,645,06:45,0.0,0.0,0.0
no08,533967_13715_72472_1,700,07:00,0.0,0.0,0.0
no08,533967_13715_72472_1,715,07:15,0.0,0.0,0.0
no08,533967_13715_72472_1,730,07:30,0.0,0.0,0.0
no08,533967_13715_72472_1,745,07:45,0.0,0.0,0.0
no08,533967_13715_72472_1,800,08:00,0.0,0.0,0.0
no08,533967_13715_72472_1,815,08:15,0.0,0.0,0.0
no08,533967_13715_72472_1,830,08:30,0.0,0.0,0.0
no08,533967_13715_72472_1,845,08:45,0.0,0.0,0.0
no08,533967_13715_72472_1,900,09:00,0.0,0.0,0.0
no08,533967_13715_72472_1,915,09:15,0.0,0.0,0.0
no08,533967_13715_72472_1,930,09:30,0.0,0.0,0.0
no08,533967_13715_72472_1,945,09:45,0.0,0.0,0.0
no08,533967_13715_72472_1,1000,10:00,0.0,0.0,0.0
no08,533967_13715_72472_1,1015,10:15,0.0,0.0,0.0
no08,533967_13715_72472_1,1030,10:30,0.0,0.0,0.0
no08,533967_13715_72472_1,1045,10:45,0.0,0.0,0.0
no08,533967_13715_72472_1,1100,11:00,0.0,0.0,0.0
no08,533967_13715_72472_1,1115,11:15,0.0,0.0,0.0
no08,533967_13715_72472_1,1130,11:30,0.0,0.0,0.0
no08,533967_13715_72472_1,1145,11:45,0.0,0.0,0.0
no08,533967_13715_72472_1,1200,12:00,0.0,0.0,0.0
no08,533967_13715_72472_1,1215,12:15,0.0,0.0,0.0
no08,533967_13715_72472_1,1230,12:30,0.0,0.0,0.0
no08,533967_13715_72472_1,1245,12:45,0.0,0.0,0.0
no08,533967_13715_72472_1,1300,13:00,0.0,0.0,0.0
no08,533967_13715_72472_1,1315,13:15,0.0,0.0,0.0
no08,533967_13715_72472_1,1330,13:30,0.0,0.0,0.0
no08,533967_13715_72472_1,1345,13:45,0.0,0.0,0.0
no08,533967_13715_72472_1,1400,14:00,0.0,0.0,0.0
no08,533967_13715_72472_1,1415,14:15,0.0,0.0,0.0
no08,533967_13715_72472_1,1430,14:30,0.0,0.0,0.0
no08,533967_13715_72472_1,1445,14:45,0.0,0.0,0.0
no08,533967_13715_72472_1,1500,15:00,0.0,0.0,0.0
no08,533967_13715_72472_1,1515,15:15,0.0,0.0,0.0
no08,533967_13715_72472_1,1530,15:30,0.0,0.0,0.0
no08,533967_13715_72472_1,1545,15:45,0.0,0.0,0.0
no08,533967_13715_72472_1,1600,16:00,0.0,0.0,0.0
no08,533967_13715_72472_1,1615,16:15,0.0,0.0,0.0
no08,533967_13715_72472_1,1630,16:30,0.0,0.0,0.0
no08,533967_13715_72472_1,1645,16:45,0.0,0.0,0.0
no08,533967_13715_72472_1,1700,17:00,0.0,0.0,0.0
no08,533967_13715_72472_1,1715,17:15,0.0,0.0,0.0
no08,533967_13715_72472_1,1730,17:30,0.0,0.0,0.0
no08,533967_13715_72472_1,1745,17:45,0.0,0.0,0.0
no08,533967_13715_72472_1,1800,18:00,0.0,0.0,0.0
no08,533967_13715_72472_1,1815,18:15,0.0,0.0,0.0
no08,533967_13715_72472_1,1830,18:30,0.0,0.0,0.0
no08,533967_13715_72472_1,1845,18:45,0.0,0.0,0.0
no08,533967_13844_14155_1,630,06:30,511.25,510.5842105263158,-0.6657894736841854
no08,533967_13844_14155_1,645,06:45,1598.0385,1587.4368421052632,-10.601657894736945
no08,533967_13844_14155_1,700,07:00,1720.1825,1734.6515789473683,14.469078947368416
no08,533967_13844_14155_1,715,07:15,2070.4145,2055.6936842105265,-14.720815789473363
no08,533967_13844_14155_1,730,07:30,1888.9035,1891.1468421052632,2.2433421052633093
no08,533967_13844_14155_1,745,07:45,1435.677,1440.9157894736843,5.238789473684392
no08,533967_13844_14155_1,800,08:00,1622.621,1639.745263157895,17.124263157894802
no08,533967_13844_14155_1,815,08:15,2698.7115000000003,2637.174210526316,-61.53728947368427
no08,533967_13844_14155_1,830,08:30,2422.8995,2459.7352631578947,36.83576315789469
no08,533967_13844_14155_1,845,08:45,2351.6685,2353.994210526316,2.325710526315561
no08,533967_13844_14155_1,900,09:00,1892.661,1907.097894736842,14.43689473684185
no08,533967_13844_14155_1,915,09:15,1855.353,1852.0563157894735,-3.296684210526564
no08,533967_13844_14155_1,930,09:30,1897.6935,1889.6336842105263,-8.05981578947376
no08,533967_13844_14155_1,945,09:45,2588.302,2600.7678947368418,12.46589473684162
no08,533967_13844_14155_1,1000,10:00,2704.8605,2639.007894736842,-65.85260526315778
no08,533967_13844_14155_1,1015,10:15,3230.2755,3200.888947368421,-29.38655263157898
no08,533967_13844_14155_1,1030,10:30,2947.027,3012.9536842105263,65.92668421052622
no08,533967_13844_14155_1,1045,10:45,2618.1885,2665.045789473684,46.85728947368398
no08,533967_13844_14155_1,1100,11:00,3383.8615000000004,3328.262105263158,-55.59939473684244
no08,533967_13844_14155_1,1115,11:15,1739.2395,1768.867894736842,29.628394736841983
no08,533967_13844_14155_1,1130,11:30,3096.046,3097.682105263158,1.6361052631582425
no08,533967_13844_14155_1,1145,11:45,2989.4155,3000.34,10.92450000000008
no08,533967_13844_14155_1,1200,12:00,2380.5745,2353.0789473684213,-27.495552631578903
no08,533967_13844_14155_1,1215,12:15,2769.349,2775.24,5.890999999999622
no08,533967_13844_14155_1,1230,12:30,1925.1575,1944.9668421052636,19.809342105263568
no08,533967_13844_14155_1,1245,12:45,2920.7035,2861.806842105263,-58.89665789473702
no08,533967_13844_14155_1,1300,13:00,2953.9295,3021.6315789473683,67.70207894736814
no08,533967_13844_14155_1,1315,13:15,2935.586,2911.51,-24.075999999999567
no08,533967_13844_14155_1,1330,13:30,2689.318,2690.108947368421,0.7909473684208024
no08,533967_13844_14155_1,1345,13:45,1895.271,1901.3952631578948,6.124263157894802
no08,533967_13844_14155_1,1400,14:00,2001.461,1994.856315789474,-6.604684210526102
no08,533967_13844_14155_1,1415,14:15,3273.0175,3247.986315789474,-25.031184210526135
no08,533967_13844_14155_1,1430,14:30,2712.9895,2730.5573684210526,17.56786842105248
no08,533967_13844_14155_1,1445,14:45,2821.8115000000003,2847.8405263157897,26.02902631578945
no08,533967_13844_14155_1,1500,15:00,1968.7885,1955.4494736842105,-13.339026315789624
no08,533967_13844_14155_1,1515,15:15,2000.0445,1973.724736842105,-26.319763157895068
no08,533967_13844_14155_1,1530,15:30,3322.968,3337.122631578948,14.154631578948283
no08,533967_13844_14155_1,1545,15:45,2660.3665,2662.132105263158,1.765605263157795
no08,533967_13844_14155_1,1600,16:00,3046.802,3021.443157894737,-25.358842105263193
no08,533967_13844_14155_1,1615,16:15,2344.032,2414.580526315789,70.54852631578888
no08,533967_13844_14155_1,1630,16:30,2148.963,2102.726315789474,-46.236684210526164
no08,533967_13844_14155_1,1645,16:45,2826.4875,2816.333157894737,-10.154342105263368
no08,533967_13844_14155_1,1700,17:00,2960.5465,2926.814210526316,-33.73228947368398
no08,533967_13844_14155_1,1715,17:15,3726.8415,3787.4005263157896,60.55902631578965
no08,533967_13844_14155_1,1730,17:30,2027.8735,1955.6426315789477,-72.23086842105226
no08,533967_13844_14155_1,1745,17:45,2397.8375,2353.4578947368423,-44.37960526315783
no08,533967_13844_14155_1,1800,18:00,2175.27,2286.9915789473685,111.72157894736847
no08,533967_13844_14155_1,1815,18:15,2295.359,2149.0784210526317,-146.2805789473682
no08,533967_13844_14155_1,1830,18:30,2172.6775,2294.1278947368423,121.45039473684255
no08,533967_13844_14155_1,1845,18:45,1582.558,1610.6957894736845,28.137789473684506
no08,533967_13891_14021_0,630,06:30,692.467,681.2547368421052,-11.212263157894768
no08,533967_13891_14021_0,645,06:45,982.6605,987.4763157894736,4.815815789473618
no08,533967_13891_14021_0,700,07:00,585.9655,613.7321052631579,27.766605263157885
no08,533967_13891_14021_0,715,07:15,425.7445,431.8368421052632,6.092342105263185
no08,533967_13891_14021_0,730,07:30,769.4875,840.7236842105264,71.2361842105264
no08,533967_13891_14021_0,745,07:45,673.804,698.958947368421,25.154947368421062
no08,533967_13891_14021_0,800,08:00,1539.0549999999998,1759.1447368421052,220.08973684210537
no08,533967_13891_14021_0,815,08:15,1433.825,1552.1473684210523,118.32236842105226
no08,533967_13891_14021_0,830,08:30,1021.732,1148.0557894736842,126.3237894736842
no08,533967_13891_14021_0,845,08:45,2169.123,3690.5810526315786,1521.4580526315785
no08,533967_13891_14021_0,900,09:00,728.7774999999999,1062.0584210526315,333.2809210526316
no08,533967_13891_14021_0,915,09:15,563.958,583.6536842105263,19.695684210526338
no08,533967_13891_14021_0,930,09:30,749.9305,763.6184210526316,13.68792105263151
no08,533967_13891_14021_0,945,09:45,721.4014999999999,870.4605263157895,149.05902631578954
no08,533967_13891_14021_0,1000,10:00,973.944,1092.6463157894736,118.70231578947369
no08,533967_13891_14021_0,1015,10:15,1191.53,1166.8184210526315,-24.71157894736848
no08,533967_13891_14021_0,1030,10:30,963.86,1001.1768421052632,37.31684210526316
no08,533967_13891_14021_0,1045,10:45,780.5985,918.4547368421051,137.8562368421052
no08,533967_13891_14021_0,1100,11:00,899.775,1027.0,127.22500000000002
no08,533967_13891_14021_0,1115,11:15,519.858,759.0626315789474,239.20463157894744
no08,533967_13891_14021_0,1130,11:30,781.2995,832.6315789473684,51.33207894736847
no08,533967_13891_14021_0,1145,11:45,582.9655,668.031052631579,85.06555263157895
no08,533967_13891_14021_0,1200,12:00,539.5925,730.9442105263158,191.35171052631586
no08,533967_13891_14021_0,1215,12:15,606.618,724.8884210526315,118.27042105263149
no08,533967_13891_14021_0,1230,12:30,693.2855000000001,728.6936842105264,35.408184210526315
no08,533967_13891_14021_0,1245,12:45,793.9285,782.9131578947369,-11.01534210526313
no08,533967_13891_14021_0,1300,13:00,1051.9,1169.7389473684211,117.83894736842103
no08,533967_13891_14021_0,1315,13:15,654.6904999999999,657.6284210526316,2.937921052631623
no08,533967_13891_14021_0,1330,13:30,513.6850000000001,568.2663157894737,54.58131578947359
no08,533967_13891_14021_0,1345,13:45,396.1025,486.66,90.5575
no08,533967_13891_14021_0,1400,14:00,559.4445,739.2163157894737,179.77181578947375
no08,533967_13891_14021_0,1415,14:15,714.564,894.8847368421053,180.32073684210536
no08,533967_13891_14021_0,1430,14:30,1085.1075,1078.951052631579,-6.156447368421141
no08,533967_13891_14021_0,1445,14:45,691.634,732.5542105263158,40.92021052631583
no08,533967_13891_14021_0,1500,15:00,628.4449999999999,771.5836842105264,143.13868421052643
no08,533967_13891_14021_0,1515,15:15,591.5775,708.6868421052632,117.10934210526318
no08,533967_13891_14021_0,1530,15:30,847.844,863.8131578947368,15.969157894736782
no08,533967_13891_14021_0,1545,15:45,728.649,707.6952631578947,-20.953736842105286
no08,533967_13891_14021_0,1600,16:00,987.053,1220.7652631578949,233.71226315789488
no08,533967_13891_14021_0,1615,16:15,651.205,688.6215789473684,37.41657894736841
no08,533967_13891_14021_0,1630,16:30,1525.4155,1443.8184210526315,-81.59707894736857
no08,533967_13891_14021_0,1645,16:45,1137.193,1396.9847368421051,259.79173684210514
no08,533967_13891_14021_0,1700,17:00,1452.785,2157.5973684210526,704.8123684210525
no08,533967_13891_14021_0,1715,17:15,1245.9175,1231.0105263157895,-14.90697368421047
no08,533967_13891_14021_0,1730,17:30,900.944,929.0015789473684,28.057578947368484
no08,533967_13891_14021_0,1745,17:45,1187.768,1180.5947368421052,-7.17326315789478
no08,533967_13891_14021_0,1800,18:00,1120.9195,1114.0078947368422,-6.911605263157753
no08,533967_13891_14021_0,1815,18:15,615.451,551.1652631578947,-64.28573684210528
no08,533967_13891_14021_0,1830,18:30,559.2850000000001,676.361052631579,117.07605263157893
no08,533967_13891_14021_0,1845,18:45,574.6455,589.0115789473684,14.366078947368464
no08,533967_13891_14021_1,630,06:30,344.6425,346.51947368421054,1.8769736842105544
no08,533967_13891_14021_1,645,06:45,225.3975,228.15473684210525,2.757236842105243
no08,533967_13891_14021_1,700,07:00,338.744,339.4136842105263,0.6696842105262704
no08,533967_13891_14021_1,715,07:15,558.3975,565.8384210526316,7.440921052631552
no08,533967_13891_14021_1,730,07:30,986.5755,1002.2368421052632,15.661342105263202
no08,533967_13891_14021_1,745,07:45,868.9685,854.0742105263158,-14.894289473684125
no08,533967_13891_14021_1,800,08:00,872.8430000000001,894.1694736842106,21.326473684210555
no08,533967_13891_14021_1,815,08:15,729.7835,735.438947368421,5.655447368421051
no08,533967_13891_14021_1,830,08:30,948.8425,937.1531578947368,-11.689342105263222
no08,533967_13891_14021_1,845,08:45,752.963,737.0005263157894,-15.962473684210522
no08,533967_13891_14021_1,900,09:00,801.5065,789.7452631578948,-11.761236842105177
no08,533967_13891_14021_1,915,09:15,579.7360000000001,548.3005263157894,-31.435473684210706
no08,533967_13891_14021_1,930,09:30,596.5505,658.5963157894737,62.045815789473636
no08,533967_13891_14021_1,945,09:45,531.126,529.2347368421052,-1.8912631578947412
no08,533967_13891_14021_1,1000,10:00,642.0105000000001,635.5631578947368,-6.44734210526326
no08,533967_13891_14021_1,1015,10:15,732.4165,763.8952631578948,31.47876315789472
no08,533967_13891_14021_1,1030,10:30,642.21,602.892105263158,-39.31789473684205
no08,533967_13891_14021_1,1045,10:45,735.8430000000001,753.857894736842,18.01489473684194
no08,533967_13891_14021_1,1100,11:00,714.158,714.0736842105263,-0.08431578947374874
no08,533967_13891_14021_1,1115,11:15,1435.0985,1434.766842105263,-0.3316578947369635
no08,533967_13891_14021_1,1130,11:30,621.044,644.5147368421052,23.470736842105225
no08,533967_13891_14021_1,1145,11:45,922.648,927.9236842105264,5.275684210526379
no08,533967_13891_14021_1,1200,12:00,1038.4924999999998,1015.3026315789474,-23.189868421052438
no08,533967_13891_14021_1,1215,12:15,1236.7815,1236.1994736842105,-0.5820263157895624
no08,533967_13891_14021_1,1230,12:30,1329.008,1326.6057894736844,-2.4022105263156845
no08,533967_13891_14021_1,1245,12:45,1008.837,1010.4431578947368,1.606157894736839
no08,533967_13891_14021_1,1300,13:00,1071.0645,1048.7357894736842,-22.328710526315717
no08,533967_13891_14021_1,1315,13:15,718.9085,688.3115789473684,-30.596921052631615
no08,533967_13891_14021_1,1330,13:30,1083.4705,1109.9484210526316,26.4779210526317
no08,533967_13891_14021_1,1345,13:45,760.1015,762.3221052631579,2.2206052631579496
no08,533967_13891_14021_1,1400,14:00,1145.1215,1153.0263157894738,7.904815789473787
no08,533967_13891_14021_1,1415,14:15,670.9265,721.8526315789474,50.92613157894732
no08,533967_13891_14021_1,1430,14:30,809.054,777.5278947368421,-31.526105263157888
no08,533967_13891_14021_1,1445,14:45,742.6665,797.6173684210526,54.95086842105252
no08,533967_13891_14021_1,1500,15:00,928.079,926.5436842105264,-1.5353157894735432
no08,533967_13891_14021_1,1515,15:15,627.3100000000001,615.3826315789474,-11.92736842105262
no08,533967_13891_14021_1,1530,15:30,799.3154999999999,801.1347368421052,1.8192368421052834
no08,533967_13891_14021_1,1545,15:45,600.918,608.8663157894738,7.9483157894737815
no08,533967_13891_14021_1,1600,16:00,821.6875,1107.372105263158,285.6846052631579
no08,533967_13891_14021_1,1615,16:15,859.742,866.4384210526317,6.696421052631763
no08,533967_13891_14021_1,1630,16:30,1095.177,1062.8668421052632,-32.310157894736676
no08,533967_13891_14021_1,1645,16:45,1054.1525,1075.685789473684,21.533289473684135
no08,533967_13891_14021_1,1700,17:00,935.1525,931.5015789473684,-3.6509210526315883
no08,533967_13891_14021_1,1715,17:15,1006.9335,987.1984210526316,-19.73507894736838
no08,533967_13891_14021_1,1730,17:30,1045.5955,1071.5657894736842,25.97028947368426
no08,533967_13891_14021_1,1745,17:45,1196.104,1214.6036842105264,18.49968421052631
no08,533967_13891_14021_1,1800,18:00,1204.101,1182.7,-21.401000000000067
no08,533967_13891_14021_1,1815,18:15,1046.159,1005.717894736842,-40.44110526315808
no08,533967_13891_14021_1,1830,18:30,1321.676,1453.1936842105265,131.51768421052657
no08,533967_13891_14021_1,1845,18:45,656.4309999999999,643.638947368421,-12.79205263157894
no08,533967_13891_72276_0,630,06:30,0.0,0.0,0.0
no08,533967_13891_72276_0,645,06:45,0.0,0.0,0.0
no08,533967_13891_72276_0,700,07:00,0.0,0.0,0.0
no08,533967_13891_72276_0,715,07:15,0.0,0.0,0.0
no08,533967_13891_72276_0,730,07:30,0.0,0.0,0.0
no08,533967_13891_72276_0,745,07:45,0.0,0.0,0.0
no08,533967_13891_72276_0,800,08:00,0.0,0.0,0.0
no08,533967_13891_72276_0,815,08:15,0.0,0.0,0.0
no08,533967_13891_72276_0,830,08:30,0.0,0.0,0.0
no08,533967_13891_72276_0,845,08:45,0.0,0.0,0.0
no08,533967_13891_72276_0,900,09:00,0.0,0.0,0.0
no08,533967_13891_72276_0,915,09:15,0.0,0.0,0.0
no08,533967_13891_72276_0,930,09:30,0.0,0.0,0.0
no08,533967_13891_72276_0,945,09:45,0.0,0.0,0.0
no08,533967_13891_72276_0,1000,10:00,0.0,0.0,0.0
no08,533967_13891_72276_0,1015,10:15,0.0,0.0,0.0
no08,533967_13891_72276_0,1030,10:30,0.0,0.0,0.0
no08,533967_13891_72276_0,1045,10:45,0.0,0.0,0.0
no08,533967_13891_72276_0,1100,11:00,0.0,0.0,0.0
no08,533967_13891_72276_0,1115,11:15,0.0,0.0,0.0
no08,533967_13891_72276_0,1130,11:30,0.0,0.0,0.0
no08,533967_13891_72276_0,1145,11:45,0.0,0.0,0.0
no08,533967_13891_72276_0,1200,12:00,0.0,0.0,0.0
no08,533967_13891_72276_0,1215,12:15,0.0,0.0,0.0
no08,533967_13891_72276_0,1230,12:30,0.0,0.0,0.0
no08,533967_13891_72276_0,1245,12:45,0.0,0.0,0.0
no08,533967_13891_72276_0,1300,13:00,0.0,0.0,0.0
no08,533967_13891_72276_0,1315,13:15,0.0,0.0,0.0
no08,533967_13891_72276_0,1330,13:30,0.0,0.0,0.0
no08,533967_13891_72276_0,1345,13:45,0.0,0.0,0.0
no08,533967_13891_72276_0,1400,14:00,0.0,0.0,0.0
no08,533967_13891_72276_0,1415,14:15,0.0,0.0,0.0
no08,533967_13891_72276_0,1430,14:30,0.0,0.0,0.0
no08,533967_13891_72276_0,1445,14:45,0.0,0.0,0.0
no08,533967_13891_72276_0,1500,15:00,0.0,0.0,0.0
no08,533967_13891_72276_0,1515,15:15,0.0,0.0,0.0
no08,533967_13891_72276_0,1530,15:30,0.0,0.0,0.0
no08,533967_13891_72276_0,1545,15:45,0.0,0.0,0.0
no08,533967_13891_72276_0,1600,16:00,0.0,0.0,0.0
no08,533967_13891_72276_0,1615,16:15,0.0,0.0,0.0
no08,533967_13891_72276_0,1630,16:30,0.0,0.0,0.0
no08,533967_13891_72276_0,1645,16:45,0.0,0.0,0.0
no08,533967_13891_72276_0,1700,17:00,0.0,0.0,0.0
no08,533967_13891_72276_0,1715,17:15,0.0,0.0,0.0
no08,533967_13891_72276_0,1730,17:30,0.0,0.0,0.0
no08,533967_13891_72276_0,1745,17:45,0.0,0.0,0.0
no08,533967_13891_72276_0,1800,18:00,0.0,0.0,0.0
no08,533967_13891_72276_0,1815,18:15,0.0,0.0,0.0
no08,533967_13891_72276_0,1830,18:30,0.0,0.0,0.0
no08,533967_13891_72276_0,1845,18:45,0.0,0.0,0.0
no08,533967_13891_72276_1,630,06:30,0.0,0.0,0.0
no08,533967_13891_72276_1,645,06:45,0.0,0.0,0.0
no08,533967_13891_72276_1,700,07:00,0.0,0.0,0.0
no08,533967_13891_72276_1,715,07:15,0.0,0.0,0.0
no08,533967_13891_72276_1,730,07:30,0.0,0.0,0.0
no08,533967_13891_72276_1,745,07:45,0.0,0.0,0.0
no08,533967_13891_72276_1,800,08:00,0.0,0.0,0.0
no08,533967_13891_72276_1,815,08:15,0.0,0.0,0.0
no08,533967_13891_72276_1,830,08:30,0.0,0.0,0.0
no08,533967_13891_72276_1,845,08:45,0.0,0.0,0.0
no08,533967_13891_72276_1,900,09:00,0.0,0.0,0.0
no08,533967_13891_72276_1,915,09:15,0.0,0.0,0.0
no08,533967_13891_72276_1,930,09:30,0.0,0.0,0.0
no08,533967_13891_72276_1,945,09:45,0.0,0.0,0.0
no08,533967_13891_72276_1,1000,10:00,0.0,0.0,0.0
no08,533967_13891_72276_1,1015,10:15,0.0,0.0,0.0
no08,533967_13891_72276_1,1030,10:30,0.0,0.0,0.0
no08,533967_13891_72276_1,1045,10:45,0.0,0.0,0.0
no08,533967_13891_72276_1,1100,11:00,0.0,0.0,0.0
no08,533967_13891_72276_1,1115,11:15,0.0,0.0,0.0
no08,533967_13891_72276_1,1130,11:30,0.0,0.0,0.0
no08,533967_13891_72276_1,1145,11:45,0.0,0.0,0.0
no08,533967_13891_72276_1,1200,12:00,0.0,0.0,0.0
no08,533967_13891_72276_1,1215,12:15,0.0,0.0,0.0
no08,533967_13891_72276_1,1230,12:30,0.0,0.0,0.0
no08,533967_13891_72276_1,1245,12:45,0.0,0.0,0.0
no08,533967_13891_72276_1,1300,13:00,0.0,0.0,0.0
no08,533967_13891_72276_1,1315,13:15,0.0,0.0,0.0
no08,533967_13891_72276_1,1330,13:30,0.0,0.0,0.0
no08,533967_13891_72276_1,1345,13:45,0.0,0.0,0.0
no08,533967_13891_72276_1,1400,14:00,0.0,0.0,0.0
no08,533967_13891_72276_1,1415,14:15,0.0,0.0,0.0
no08,533967_13891_72276_1,1430,14:30,0.0,0.0,0.0
no08,533967_13891_72276_1,1445,14:45,0.0,0.0,0.0
no08,533967_13891_72276_1,1500,15:00,0.0,0.0,0.0
no08,533967_13891_72276_1,1515,15:15,0.0,0.0,0.0
no08,533967_13891_72276_1,1530,15:30,0.0,0.0,0.0
no08,533967_13891_72276_1,1545,15:45,0.0,0.0,0.0
no08,533967_13891_72276_1,1600,16:00,0.0,0.0,0.0
no08,533967_13891_72276_1,1615,16:15,0.0,0.0,0.0
no08,533967_13891_72276_1,1630,16:30,0.0,0.0,0.0
no08,533967_13891_72276_1,1645,16:45,0.0,0.0,0.0
no08,533967_13891_72276_1,1700,17:00,0.0,0.0,0.0
no08,533967_13891_72276_1,1715,17:15,0.0,0.0,0.0
no08,533967_13891_72276_1,1730,17:30,0.0,0.0,0.0
no08,533967_13891_72276_1,1745,17:45,0.0,0.0,0.0
no08,533967_13891_72276_1,1800,18:00,0.0,0.0,0.0
no08,533967_13891_72276_1,1815,18:15,0.0,0.0,0.0
no08,533967_13891_72276_1,1830,18:30,0.0,0.0,0.0
no08,533967_13891_72276_1,1845,18:45,0.0,0.0,0.0
no08,533967_14017_14018_0,630,06:30,627.4285,627.2457894736842,-0.18271052631575913
no08,533967_14017_14018_0,645,06:45,558.568,559.2294736842106,0.6614736842105913
no08,533967_14017_14018_0,700,07:00,604.5395000000001,603.1994736842106,-1.340026315789487
no08,533967_14017_14018_0,715,07:15,1018.4875,1021.472105263158,2.9846052631580733
no08,533967_14017_14018_0,730,07:30,1224.708,1225.497894736842,0.7898947368419158
no08,533967_14017_14018_0,745,07:45,1317.516,1323.4457894736845,5.929789473684423
no08,533967_14017_14018_0,800,08:00,1044.323,1041.0478947368422,-3.2751052631579114
no08,533967_14017_14018_0,815,08:15,1881.189,2011.4073684210523,130.21836842105222
no08,533967_14017_14018_0,830,08:30,4710.856,4990.406842105263,279.55084210526365
no08,533967_14017_14018_0,845,08:45,3554.952,4263.9315789473685,708.9795789473683
no08,533967_14017_14018_0,900,09:00,972.3825,974.3494736842104,1.966973684210302
no08,533967_14017_14018_0,915,09:15,1005.6705,1007.07,1.3995000000001028
no08,533967_14017_14018_0,930,09:30,952.678,950.267894736842,-2.410105263158016
no08,533967_14017_14018_0,945,09:45,945.196,948.0668421052632,2.8708421052631365
no08,533967_14017_14018_0,1000,10:00,793.862,791.6347368421052,-2.227263157894754
no08,533967_14017_14018_0,1015,10:15,915.8525,918.63,2.777500000000032
no08,533967_14017_14018_0,1030,10:30,745.0225,742.1026315789474,-2.9198684210526835
no08,533967_14017_14018_0,1045,10:45,717.9175,719.8005263157894,1.8830263157893796
no08,533967_14017_14018_0,1100,11:00,796.682,796.1684210526316,-0.5135789473683872
no08,533967_14017_14018_0,1115,11:15,684.2985,682.2705263157894,-2.027973684210565
no08,533967_14017_14018_0,1130,11:30,589.2205,587.8342105263158,-1.3862894736842009
no08,533967_14017_14018_0,1145,11:45,580.575,581.5084210526315,0.9334210526315019
no08,533967_14017_14018_0,1200,12:00,776.1125,775.0326315789473,-1.0798684210526517
no08,533967_14017_14018_0,1215,12:15,1085.677,1087.0242105263158,1.3472105263158483
no08,533967_14017_14018_0,1230,12:30,867.5514999999999,868.04,0.48850000000004457
no08,533967_14017_14018_0,1245,12:45,475.6585,477.0052631578948,1.3467631578947703
no08,533967_14017_14018_0,1300,13:00,715.2335,711.8873684210527,-3.346131578947393
no08,533967_14017_14018_0,1315,13:15,670.641,671.77,1.129000000000019
no08,533967_14017_14018_0,1330,13:30,533.0235,533.7152631578947,0.6917631578946839
no08,533967_14017_14018_0,1345,13:45,511.774,507.5252631578947,-4.248736842105302
no08,533967_14017_14018_0,1400,14:00,545.307,549.7889473684211,4.481947368421061
no08,533967_14017_14018_0,1415,14:15,719.7205,718.4284210526315,-1.292078947368509
no08,533967_14017_14018_0,1430,14:30,630.3795,633.0278947368421,2.6483947368420786
no08,533967_14017_14018_0,1445,14:45,619.633,615.0363157894737,-4.596684210526291
no08,533967_14017_14018_0,1500,15:00,652.4979999999999,654.6736842105263,2.175684210526356
no08,533967_14017_14018_0,1515,15:15,571.7315,570.4100000000001,-1.3214999999999009
no08,533967_14017_14018_0,1530,15:30,967.341,912.9173684210526,-54.42363157894738
no08,533967_14017_14018_0,1545,15:45,801.1875,839.7842105263157,38.596710526315746
no08,533967_14017_14018_0,1600,16:00,1058.892,1059.997368421053,1.1053684210528445
no08,533967_14017_14018_0,1615,16:15,780.254,776.5326315789473,-3.7213684210527163
no08,533967_14017_14018_0,1630,16:30,1053.574,1052.6963157894736,-0.8776842105264677
no08,533967_14017_14018_0,1645,16:45,918.097,916.1005263157896,-1.9964736842104003
no08,533967_14017_14018_0,1700,17:00,909.399,907.608947368421,-1.7900526315789875
no08,533967_14017_14018_0,1715,17:15,990.313,1006.07,15.757000000000062
no08,533967_14017_14018_0,1730,17:30,1196.978,1197.5668421052633,0.5888421052632111
no08,533967_14017_14018_0,1745,17:45,1022.138,1011.5042105263155,-10.633789473684487
no08,533967_14017_14018_0,1800,18:00,1187.459,1196.904210526316,9.445210526316032
no08,533967_14017_14018_0,1815,18:15,896.811,891.7557894736842,-5.055210526315818
no08,533967_14017_14018_0,1830,18:30,757.507,754.9163157894736,-2.5906842105263195
no08,533967_14017_14018_0,1845,18:45,729.6055,733.3731578947369,3.7676578947368853
no08,533967_14017_14018_1,630,06:30,1203.356,1196.838947368421,-6.517052631578963
no08,533967_14017_14018_1,645,06:45,1404.0065,1410.9868421052631,6.980342105263162
no08,533967_14017_14018_1,700,07:00,1328.958,1337.34,8.381999999999834
no08,533967_14017_14018_1,715,07:15,1492.112,1464.5726315789475,-27.539368421052586
no08,533967_14017_14018_1,730,07:30,1409.094,1438.122105263158,29.02810526315784
no08,533967_14017_14018_1,745,07:45,958.3205,952.2736842105264,-6.046815789473612
no08,533967_14017_14018_1,800,08:00,1543.432,1514.364210526316,-29.067789473684115
no08,533967_14017_14018_1,815,08:15,1445.3565,1481.2394736842105,35.882973684210356
no08,533967_14017_14018_1,830,08:30,1427.326,1437.6936842105265,10.367684210526477
no08,533967_14017_14018_1,845,08:45,959.014,953.4005263157896,-5.613473684210362
no08,533967_14017_14018_1,900,09:00,833.0975000000001,832.3905263157894,-0.7069736842106522
no08,533967_14017_14018_1,915,09:15,714.361,710.9273684210526,-3.43363157894737
no08,533967_14017_14018_1,930,09:30,751.36,753.9847368421053,2.624736842105335
no08,533967_14017_14018_1,945,09:45,746.3190000000001,748.9842105263158,2.665210526315718
no08,533967_14017_14018_1,1000,10:00,636.8265,638.9084210526316,2.0819210526316283
no08,533967_14017_14018_1,1015,10:15,682.0865,689.8221052631578,7.735605263157822
no08,533967_14017_14018_1,1030,10:30,740.1155,735.5152631578948,-4.600236842105232
no08,533967_14017_14018_1,1045,10:45,755.821,753.0215789473684,-2.799421052631601
no08,533967_14017_14018_1,1100,11:00,580.97,579.6131578947368,-1.3568421052632402
no08,533967_14017_14018_1,1115,11:15,677.8165,679.8215789473685,2.0050789473684745
no08,533967_14017_14018_1,1130,11:30,451.5215,454.12368421052633,2.6021842105263318
no08,533967_14017_14018_1,1145,11:45,712.3689999999999,710.1663157894736,-2.202684210526286
no08,533967_14017_14018_1,1200,12:00,895.4885,887.5821052631579,-7.906394736842117
no08,533967_14017_14018_1,1215,12:15,855.3145000000001,864.7299999999999,9.415499999999838
no08,533967_14017_14018_1,1230,12:30,860.8275,860.0578947368422,-0.7696052631578141
no08,533967_14017_14018_1,1245,12:45,912.3615,919.3210526315788,6.959552631578845
no08,533967_14017_14018_1,1300,13:00,669.613,665.8705263157896,-3.742473684210495
no08,533967_14017_14018_1,1315,13:15,935.413,931.7257894736842,-3.6872105263157664
no08,533967_14017_14018_1,1330,13:30,590.4235,594.0963157894737,3.6728157894737024
no08,533967_14017_14018_1,1345,13:45,502.4925,503.138947368421,0.6464473684209793
no08,533967_14017_14018_1,1400,14:00,506.7975,501.4694736842105,-5.3280263157894865
no08,533967_14017_14018_1,1415,14:15,536.7484999999999,542.7605263157895,6.012026315789626
no08,533967_14017_14018_1,1430,14:30,598.238,593.2889473684211,-4.949052631578979
no08,533967_14017_14018_1,1445,14:45,387.4285,394.8873684210526,7.458868421052614
no08,533967_14017_14018_1,1500,15:00,403.504,390.18947368421055,-13.314526315789465
no08,533967_14017_14018_1,1515,15:15,699.074,711.4078947368421,12.333894736842126
no08,533967_14017_14018_1,1530,15:30,469.119,465.3878947368421,-3.7311052631579287
no08,533967_14017_14018_1,1545,15:45,642.3275,642.9673684210526,0.6398684210525971
no08,533967_14017_14018_1,1600,16:00,681.466,680.9036842105263,-0.5623157894737005
no08,533967_14017_14018_1,1615,16:15,627.731,628.2068421052631,0.47584210526315474
no08,533967_14017_14018_1,1630,16:30,534.6854999999999,539.5884210526316,4.902921052631655
no08,533967_14017_14018_1,1645,16:45,724.057,728.3731578947369,4.316157894736875
no08,533967_14017_14018_1,1700,17:00,1076.745,1057.987368421053,-18.757631578946985
no08,533967_14017_14018_1,1715,17:15,1101.236,1112.6968421052632,11.460842105263055
no08,533967_14017_14018_1,1730,17:30,753.2695,758.9615789473685,5.692078947368486
no08,533967_14017_14018_1,1745,17:45,927.265,894.8621052631579,-32.402894736842086
no08,533967_14017_14018_1,1800,18:00,611.273,640.1505263157895,28.87752631578951
no08,533967_14017_14018_1,1815,18:15,958.7695,962.3336842105264,3.5641842105263777
no08,533967_14017_14018_1,1830,18:30,967.0945,975.4826315789472,8.388131578947196
no08,533967_14017_14018_1,1845,18:45,748.542,738.5005263157894,-10.041473684210587
no08,533967_14021_88656_0,630,06:30,0.0,0.0,0.0
no08,533967_14021_88656_0,645,06:45,0.0,0.0,0.0
no08,533967_14021_88656_0,700,07:00,0.0,0.0,0.0
no08,533967_14021_88656_0,715,07:15,0.0,0.0,0.0
no08,533967_14021_88656_0,730,07:30,0.0,0.0,0.0
no08,533967_14021_88656_0,745,07:45,0.0,0.0,0.0
no08,533967_14021_88656_0,800,08:00,0.0,0.0,0.0
no08,533967_14021_88656_0,815,08:15,0.0,0.0,0.0
no08,533967_14021_88656_0,830,08:30,0.0,0.0,0.0
no08,533967_14021_88656_0,845,08:45,0.0,0.0,0.0
no08,533967_14021_88656_0,900,09:00,0.0,0.0,0.0
no08,533967_14021_88656_0,915,09:15,0.0,0.0,0.0
no08,533967_14021_88656_0,930,09:30,0.0,0.0,0.0
no08,533967_14021_88656_0,945,09:45,0.0,0.0,0.0
no08,533967_14021_88656_0,1000,10:00,0.0,0.0,0.0
no08,533967_14021_88656_0,1015,10:15,0.0,0.0,0.0
no08,533967_14021_88656_0,1030,10:30,0.0,0.0,0.0
no08,533967_14021_88656_0,1045,10:45,0.0,0.0,0.0
no08,533967_14021_88656_0,1100,11:00,0.0,0.0,0.0
no08,533967_14021_88656_0,1115,11:15,0.0,0.0,0.0
no08,533967_14021_88656_0,1130,11:30,0.0,0.0,0.0
no08,533967_14021_88656_0,1145,11:45,0.0,0.0,0.0
no08,533967_14021_88656_0,1200,12:00,0.0,0.0,0.0
no08,533967_14021_88656_0,1215,12:15,0.0,0.0,0.0
no08,533967_14021_88656_0,1230,12:30,0.0,0.0,0.0
no08,533967_14021_88656_0,1245,12:45,0.0,0.0,0.0
no08,533967_14021_88656_0,1300,13:00,0.0,0.0,0.0
no08,533967_14021_88656_0,1315,13:15,0.0,0.0,0.0
no08,533967_14021_88656_0,1330,13:30,0.0,0.0,0.0
no08,533967_14021_88656_0,1345,13:45,0.0,0.0,0.0
no08,533967_14021_88656_0,1400,14:00,0.0,0.0,0.0
no08,533967_14021_88656_0,1415,14:15,0.0,0.0,0.0
no08,533967_14021_88656_0,1430,14:30,0.0,0.0,0.0
no08,533967_14021_88656_0,1445,14:45,0.0,0.0,0.0
no08,533967_14021_88656_0,1500,15:00,0.0,0.0,0.0
no08,533967_14021_88656_0,1515,15:15,0.0,0.0,0.0
no08,533967_14021_88656_0,1530,15:30,0.0,0.0,0.0
no08,533967_14021_88656_0,1545,15:45,0.0,0.0,0.0
no08,533967_14021_88656_0,1600,16:00,0.0,0.0,0.0
no08,533967_14021_88656_0,1615,16:15,0.0,0.0,0.0
no08,533967_14021_88656_0,1630,16:30,0.0,0.0,0.0
no08,533967_14021_88656_0,1645,16:45,0.0,0.0,0.0
no08,533967_14021_88656_0,1700,17:00,0.0,0.0,0.0
no08,533967_14021_88656_0,1715,17:15,0.0,0.0,0.0
no08,533967_14021_88656_0,1730,17:30,0.0,0.0,0.0
no08,533967_14021_88656_0,1745,17:45,0.0,0.0,0.0
no08,533967_14021_88656_0,1800,18:00,0.0,0.0,0.0
no08,533967_14021_88656_0,1815,18:15,0.0,0.0,0.0
no08,533967_14021_88656_0,1830,18:30,0.0,0.0,0.0
no08,533967_14021_88656_0,1845,18:45,0.0,0.0,0.0
no08,533967_14021_88656_1,630,06:30,0.0,0.0,0.0
no08,533967_14021_88656_1,645,06:45,0.0,0.0,0.0
no08,533967_14021_88656_1,700,07:00,0.0,0.0,0.0
no08,533967_14021_88656_1,715,07:15,0.0,0.0,0.0
no08,533967_14021_88656_1,730,07:30,0.0,0.0,0.0
no08,533967_14021_88656_1,745,07:45,0.0,0.0,0.0
no08,533967_14021_88656_1,800,08:00,0.0,0.0,0.0
no08,533967_14021_88656_1,815,08:15,0.0,0.0,0.0
no08,533967_14021_88656_1,830,08:30,0.0,0.0,0.0
no08,533967_14021_88656_1,845,08:45,0.0,0.0,0.0
no08,533967_14021_88656_1,900,09:00,0.0,0.0,0.0
no08,533967_14021_88656_1,915,09:15,0.0,0.0,0.0
no08,533967_14021_88656_1,930,09:30,0.0,0.0,0.0
no08,533967_14021_88656_1,945,09:45,0.0,0.0,0.0
no08,533967_14021_88656_1,1000,10:00,0.0,0.0,0.0
no08,533967_14021_88656_1,1015,10:15,0.0,0.0,0.0
no08,533967_14021_88656_1,1030,10:30,0.0,0.0,0.0
no08,533967_14021_88656_1,1045,10:45,0.0,0.0,0.0
no08,533967_14021_88656_1,1100,11:00,0.0,0.0,0.0
no08,533967_14021_88656_1,1115,11:15,0.0,0.0,0.0
no08,533967_14021_88656_1,1130,11:30,0.0,0.0,0.0
no08,533967_14021_88656_1,1145,11:45,0.0,0.0,0.0
no08,533967_14021_88656_1,1200,12:00,0.0,0.0,0.0
no08,533967_14021_88656_1,1215,12:15,0.0,0.0,0.0
no08,533967_14021_88656_1,1230,12:30,0.0,0.0,0.0
no08,533967_14021_88656_1,1245,12:45,0.0,0.0,0.0
no08,533967_14021_88656_1,1300,13:00,0.0,0.0,0.0
no08,533967_14021_88656_1,1315,13:15,0.0,0.0,0.0
no08,533967_14021_88656_1,1330,13:30,0.0,0.0,0.0
no08,533967_14021_88656_1,1345,13:45,0.0,0.0,0.0
no08,533967_14021_88656_1,1400,14:00,0.0,0.0,0.0
no08,533967_14021_88656_1,1415,14:15,0.0,0.0,0.0
no08,533967_14021_88656_1,1430,14:30,0.0,0.0,0.0
no08,533967_14021_88656_1,1445,14:45,0.0,0.0,0.0
no08,533967_14021_88656_1,1500,15:00,0.0,0.0,0.0
no08,533967_14021_88656_1,1515,15:15,0.0,0.0,0.0
no08,533967_14021_88656_1,1530,15:30,0.0,0.0,0.0
no08,533967_14021_88656_1,1545,15:45,0.0,0.0,0.0
no08,533967_14021_88656_1,1600,16:00,0.0,0.0,0.0
no08,533967_14021_88656_1,1615,16:15,0.0,0.0,0.0
no08,533967_14021_88656_1,1630,16:30,0.0,0.0,0.0
no08,533967_14021_88656_1,1645,16:45,0.0,0.0,0.0
no08,533967_14021_88656_1,1700,17:00,0.0,0.0,0.0
no08,533967_14021_88656_1,1715,17:15,0.0,0.0,0.0
no08,533967_14021_88656_1,1730,17:30,0.0,0.0,0.0
no08,533967_14021_88656_1,1745,17:45,0.0,0.0,0.0
no08,533967_14021_88656_1,1800,18:00,0.0,0.0,0.0
no08,533967_14021_88656_1,1815,18:15,0.0,0.0,0.0
no08,533967_14021_88656_1,1830,18:30,0.0,0.0,0.0
no08,533967_14021_88656_1,1845,18:45,0.0,0.0,0.0
no08,533967_14156_88894_0,630,06:30,0.0,0.0,0.0
no08,533967_14156_88894_0,645,06:45,0.0,0.0,0.0
no08,533967_14156_88894_0,700,07:00,0.0,0.0,0.0
no08,533967_14156_88894_0,715,07:15,0.0,0.0,0.0
no08,533967_14156_88894_0,730,07:30,0.0,0.0,0.0
no08,533967_14156_88894_0,745,07:45,0.0,0.0,0.0
no08,533967_14156_88894_0,800,08:00,0.0,0.0,0.0
no08,533967_14156_88894_0,815,08:15,0.0,0.0,0.0
no08,533967_14156_88894_0,830,08:30,0.0,0.0,0.0
no08,533967_14156_88894_0,845,08:45,0.0,0.0,0.0
no08,533967_14156_88894_0,900,09:00,0.0,0.0,0.0
no08,533967_14156_88894_0,915,09:15,0.0,0.0,0.0
no08,533967_14156_88894_0,930,09:30,0.0,0.0,0.0
no08,533967_14156_88894_0,945,09:45,0.0,0.0,0.0
no08,533967_14156_88894_0,1000,10:00,0.0,0.0,0.0
no08,533967_14156_88894_0,1015,10:15,0.0,0.0,0.0
no08,533967_14156_88894_0,1030,10:30,0.0,0.0,0.0
no08,533967_14156_88894_0,1045,10:45,0.0,0.0,0.0
no08,533967_14156_88894_0,1100,11:00,0.0,0.0,0.0
no08,533967_14156_88894_0,1115,11:15,0.0,0.0,0.0
no08,533967_14156_88894_0,1130,11:30,0.0,0.0,0.0
no08,533967_14156_88894_0,1145,11:45,0.0,0.0,0.0
no08,533967_14156_88894_0,1200,12:00,0.0,0.0,0.0
no08,533967_14156_88894_0,1215,12:15,0.0,0.0,0.0
no08,533967_14156_88894_0,1230,12:30,0.0,0.0,0.0
no08,533967_14156_88894_0,1245,12:45,0.0,0.0,0.0
no08,533967_14156_88894_0,1300,13:00,0.0,0.0,0.0
no08,533967_14156_88894_0,1315,13:15,0.0,0.0,0.0
no08,533967_14156_88894_0,1330,13:30,0.0,0.0,0.0
no08,533967_14156_88894_0,1345,13:45,0.0,0.0,0.0
no08,533967_14156_88894_0,1400,14:00,0.0,0.0,0.0
no08,533967_14156_88894_0,1415,14:15,0.0,0.0,0.0
no08,533967_14156_88894_0,1430,14:30,0.0,0.0,0.0
no08,533967_14156_88894_0,1445,14:45,0.0,0.0,0.0
no08,533967_14156_88894_0,1500,15:00,0.0,0.0,0.0
no08,533967_14156_88894_0,1515,15:15,0.0,0.0,0.0
no08,533967_14156_88894_0,1530,15:30,0.0,0.0,0.0
no08,533967_14156_88894_0,1545,15:45,0.0,0.0,0.0
no08,533967_14156_88894_0,1600,16:00,0.0,0.0,0.0
no08,533967_14156_88894_0,1615,16:15,0.0,0.0,0.0
no08,533967_14156_88894_0,1630,16:30,0.0,0.0,0.0
no08,533967_14156_88894_0,1645,16:45,0.0,0.0,0.0
no08,533967_14156_88894_0,1700,17:00,0.0,0.0,0.0
no08,533967_14156_88894_0,1715,17:15,0.0,0.0,0.0
no08,533967_14156_88894_0,1730,17:30,0.0,0.0,0.0
no08,533967_14156_88894_0,1745,17:45,0.0,0.0,0.0
no08,533967_14156_88894_0,1800,18:00,0.0,0.0,0.0
no08,533967_14156_88894_0,1815,18:15,0.0,0.0,0.0
no08,533967_14156_88894_0,1830,18:30,0.0,0.0,0.0
no08,533967_14156_88894_0,1845,18:45,0.0,0.0,0.0
no08,533967_14156_88894_1,630,06:30,0.0,0.0,0.0
no08,533967_14156_88894_1,645,06:45,0.0,0.0,0.0
no08,533967_14156_88894_1,700,07:00,0.0,0.0,0.0
no08,533967_14156_88894_1,715,07:15,0.0,0.0,0.0
no08,533967_14156_88894_1,730,07:30,0.0,0.0,0.0
no08,533967_14156_88894_1,745,07:45,0.0,0.0,0.0
no08,533967_14156_88894_1,800,08:00,0.0,0.0,0.0
no08,533967_14156_88894_1,815,08:15,0.0,0.0,0.0
no08,533967_14156_88894_1,830,08:30,0.0,0.0,0.0
no08,533967_14156_88894_1,845,08:45,0.0,0.0,0.0
no08,533967_14156_88894_1,900,09:00,0.0,0.0,0.0
no08,533967_14156_88894_1,915,09:15,0.0,0.0,0.0
no08,533967_14156_88894_1,930,09:30,0.0,0.0,0.0
no08,533967_14156_88894_1,945,09:45,0.0,0.0,0.0
no08,533967_14156_88894_1,1000,10:00,0.0,0.0,0.0
no08,533967_14156_88894_1,1015,10:15,0.0,0.0,0.0
no08,533967_14156_88894_1,1030,10:30,0.0,0.0,0.0
no08,533967_14156_88894_1,1045,10:45,0.0,0.0,0.0
no08,533967_14156_88894_1,1100,11:00,0.0,0.0,0.0
no08,533967_14156_88894_1,1115,11:15,0.0,0.0,0.0
no08,533967_14156_88894_1,1130,11:30,0.0,0.0,0.0
no08,533967_14156_88894_1,1145,11:45,0.0,0.0,0.0
no08,533967_14156_88894_1,1200,12:00,0.0,0.0,0.0
no08,533967_14156_88894_1,1215,12:15,0.0,0.0,0.0
no08,533967_14156_88894_1,1230,12:30,0.0,0.0,0.0
no08,533967_14156_88894_1,1245,12:45,0.0,0.0,0.0
no08,533967_14156_88894_1,1300,13:00,0.0,0.0,0.0
no08,533967_14156_88894_1,1315,13:15,0.0,0.0,0.0
no08,533967_14156_88894_1,1330,13:30,0.0,0.0,0.0
no08,533967_14156_88894_1,1345,13:45,0.0,0.0,0.0
no08,533967_14156_88894_1,1400,14:00,0.0,0.0,0.0
no08,533967_14156_88894_1,1415,14:15,0.0,0.0,0.0
no08,533967_14156_88894_1,1430,14:30,0.0,0.0,0.0
no08,533967_14156_88894_1,1445,14:45,0.0,0.0,0.0
no08,533967_14156_88894_1,1500,15:00,0.0,0.0,0.0
no08,533967_14156_88894_1,1515,15:15,0.0,0.0,0.0
no08,533967_14156_88894_1,1530,15:30,0.0,0.0,0.0
no08,533967_14156_88894_1,1545,15:45,0.0,0.0,0.0
no08,533967_14156_88894_1,1600,16:00,0.0,0.0,0.0
no08,533967_14156_88894_1,1615,16:15,0.0,0.0,0.0
no08,533967_14156_88894_1,1630,16:30,0.0,0.0,0.0
no08,533967_14156_88894_1,1645,16:45,0.0,0.0,0.0
no08,533967_14156_88894_1,1700,17:00,0.0,0.0,0.0
no08,533967_14156_88894_1,1715,17:15,0.0,0.0,0.0
no08,533967_14156_88894_1,1730,17:30,0.0,0.0,0.0
no08,533967_14156_88894_1,1745,17:45,0.0,0.0,0.0
no08,533967_14156_88894_1,1800,18:00,0.0,0.0,0.0
no08,533967_14156_88894_1,1815,18:15,0.0,0.0,0.0
no08,533967_14156_88894_1,1830,18:30,0.0,0.0,0.0
no08,533967_14156_88894_1,1845,18:45,0.0,0.0,0.0
no08,533967_72276_88656_0,630,06:30,0.0,0.0,0.0
no08,533967_72276_88656_0,645,06:45,0.0,0.0,0.0
no08,533967_72276_88656_0,700,07:00,0.0,0.0,0.0
no08,533967_72276_88656_0,715,07:15,0.0,0.0,0.0
no08,533967_72276_88656_0,730,07:30,0.0,0.0,0.0
no08,533967_72276_88656_0,745,07:45,0.0,0.0,0.0
no08,533967_72276_88656_0,800,08:00,0.0,0.0,0.0
no08,533967_72276_88656_0,815,08:15,0.0,0.0,0.0
no08,533967_72276_88656_0,830,08:30,0.0,0.0,0.0
no08,533967_72276_88656_0,845,08:45,0.0,0.0,0.0
no08,533967_72276_88656_0,900,09:00,0.0,0.0,0.0
no08,533967_72276_88656_0,915,09:15,0.0,0.0,0.0
no08,533967_72276_88656_0,930,09:30,0.0,0.0,0.0
no08,533967_72276_88656_0,945,09:45,0.0,0.0,0.0
no08,533967_72276_88656_0,1000,10:00,0.0,0.0,0.0
no08,533967_72276_88656_0,1015,10:15,0.0,0.0,0.0
no08,533967_72276_88656_0,1030,10:30,0.0,0.0,0.0
no08,533967_72276_88656_0,1045,10:45,0.0,0.0,0.0
no08,533967_72276_88656_0,1100,11:00,0.0,0.0,0.0
no08,533967_72276_88656_0,1115,11:15,0.0,0.0,0.0
no08,533967_72276_88656_0,1130,11:30,0.0,0.0,0.0
no08,533967_72276_88656_0,1145,11:45,0.0,0.0,0.0
no08,533967_72276_88656_0,1200,12:00,0.0,0.0,0.0
no08,533967_72276_88656_0,1215,12:15,0.0,0.0,0.0
no08,533967_72276_88656_0,1230,12:30,0.0,0.0,0.0
no08,533967_72276_88656_0,1245,12:45,0.0,0.0,0.0
no08,533967_72276_88656_0,1300,13:00,0.0,0.0,0.0
no08,533967_72276_88656_0,1315,13:15,0.0,0.0,0.0
no08,533967_72276_88656_0,1330,13:30,0.0,0.0,0.0
no08,533967_72276_88656_0,1345,13:45,0.0,0.0,0.0
no08,533967_72276_88656_0,1400,14:00,0.0,0.0,0.0
no08,533967_72276_88656_0,1415,14:15,0.0,0.0,0.0
no08,533967_72276_88656_0,1430,14:30,0.0,0.0,0.0
no08,533967_72276_88656_0,1445,14:45,0.0,0.0,0.0
no08,533967_72276_88656_0,1500,15:00,0.0,0.0,0.0
no08,533967_72276_88656_0,1515,15:15,0.0,0.0,0.0
no08,533967_72276_88656_0,1530,15:30,0.0,0.0,0.0
no08,533967_72276_88656_0,1545,15:45,0.0,0.0,0.0
no08,533967_72276_88656_0,1600,16:00,0.0,0.0,0.0
no08,533967_72276_88656_0,1615,16:15,0.0,0.0,0.0
no08,533967_72276_88656_0,1630,16:30,0.0,0.0,0.0
no08,533967_72276_88656_0,1645,16:45,0.0,0.0,0.0
no08,533967_72276_88656_0,1700,17:00,0.0,0.0,0.0
no08,533967_72276_88656_0,1715,17:15,0.0,0.0,0.0
no08,533967_72276_88656_0,1730,17:30,0.0,0.0,0.0
no08,533967_72276_88656_0,1745,17:45,0.0,0.0,0.0
no08,533967_72276_88656_0,1800,18:00,0.0,0.0,0.0
no08,533967_72276_88656_0,1815,18:15,0.0,0.0,0.0
no08,533967_72276_88656_0,1830,18:30,0.0,0.0,0.0
no08,533967_72276_88656_0,1845,18:45,0.0,0.0,0.0
no08,533967_72276_88656_1,630,06:30,0.0,0.0,0.0
no08,533967_72276_88656_1,645,06:45,0.0,0.0,0.0
no08,533967_72276_88656_1,700,07:00,0.0,0.0,0.0
no08,533967_72276_88656_1,715,07:15,0.0,0.0,0.0
no08,533967_72276_88656_1,730,07:30,0.0,0.0,0.0
no08,533967_72276_88656_1,745,07:45,0.0,0.0,0.0
no08,533967_72276_88656_1,800,08:00,0.0,0.0,0.0
no08,533967_72276_88656_1,815,08:15,0.0,0.0,0.0
no08,533967_72276_88656_1,830,08:30,0.0,0.0,0.0
no08,533967_72276_88656_1,845,08:45,0.0,0.0,0.0
no08,533967_72276_88656_1,900,09:00,0.0,0.0,0.0
no08,533967_72276_88656_1,915,09:15,0.0,0.0,0.0
no08,533967_72276_88656_1,930,09:30,0.0,0.0,0.0
no08,533967_72276_88656_1,945,09:45,0.0,0.0,0.0
no08,533967_72276_88656_1,1000,10:00,0.0,0.0,0.0
no08,533967_72276_88656_1,1015,10:15,0.0,0.0,0.0
no08,533967_72276_88656_1,1030,10:30,0.0,0.0,0.0
no08,533967_72276_88656_1,1045,10:45,0.0,0.0,0.0
no08,533967_72276_88656_1,1100,11:00,0.0,0.0,0.0
no08,533967_72276_88656_1,1115,11:15,0.0,0.0,0.0
no08,533967_72276_88656_1,1130,11:30,0.0,0.0,0.0
no08,533967_72276_88656_1,1145,11:45,0.0,0.0,0.0
no08,533967_72276_88656_1,1200,12:00,0.0,0.0,0.0
no08,533967_72276_88656_1,1215,12:15,0.0,0.0,0.0
no08,533967_72276_88656_1,1230,12:30,0.0,0.0,0.0
no08,533967_72276_88656_1,1245,12:45,0.0,0.0,0.0
no08,533967_72276_88656_1,1300,13:00,0.0,0.0,0.0
no08,533967_72276_88656_1,1315,13:15,0.0,0.0,0.0
no08,533967_72276_88656_1,1330,13:30,0.0,0.0,0.0
no08,533967_72276_88656_1,1345,13:45,0.0,0.0,0.0
no08,533967_72276_88656_1,1400,14:00,0.0,0.0,0.0
no08,533967_72276_88656_1,1415,14:15,0.0,0.0,0.0
no08,533967_72276_88656_1,1430,14:30,0.0,0.0,0.0
no08,533967_72276_88656_1,1445,14:45,0.0,0.0,0.0
no08,533967_72276_88656_1,1500,15:00,0.0,0.0,0.0
no08,533967_72276_88656_1,1515,15:15,0.0,0.0,0.0
no08,533967_72276_88656_1,1530,15:30,0.0,0.0,0.0
no08,533967_72276_88656_1,1545,15:45,0.0,0.0,0.0
no08,533967_72276_88656_1,1600,16:00,0.0,0.0,0.0
no08,533967_72276_88656_1,1615,16:15,0.0,0.0,0.0
no08,533967_72276_88656_1,1630,16:30,0.0,0.0,0.0
no08,533967_72276_88656_1,1645,16:45,0.0,0.0,0.0
no08,533967_72276_88656_1,1700,17:00,0.0,0.0,0.0
no08,533967_72276_88656_1,1715,17:15,0.0,0.0,0.0
no08,533967_72276_88656_1,1730,17:30,0.0,0.0,0.0
no08,533967_72276_88656_1,1745,17:45,0.0,0.0,0.0
no08,533967_72276_88656_1,1800,18:00,0.0,0.0,0.0
no08,533967_72276_88656_1,1815,18:15,0.0,0.0,0.0
no08,533967_72276_88656_1,1830,18:30,0.0,0.0,0.0
no08,533967_72276_88656_1,1845,18:45,0.0,0.0,0.0
no08,533967_74224_88894_0,630,06:30,0.0,0.0,0.0
no08,533967_74224_88894_0,645,06:45,0.0,0.0,0.0
no08,533967_74224_88894_0,700,07:00,0.0,0.0,0.0
no08,533967_74224_88894_0,715,07:15,0.0,0.0,0.0
no08,533967_74224_88894_0,730,07:30,0.0,0.0,0.0
no08,533967_74224_88894_0,745,07:45,0.0,0.0,0.0
no08,533967_74224_88894_0,800,08:00,0.0,0.0,0.0
no08,533967_74224_88894_0,815,08:15,0.0,0.0,0.0
no08,533967_74224_88894_0,830,08:30,0.0,0.0,0.0
no08,533967_74224_88894_0,845,08:45,0.0,0.0,0.0
no08,533967_74224_88894_0,900,09:00,0.0,0.0,0.0
no08,533967_74224_88894_0,915,09:15,0.0,0.0,0.0
no08,533967_74224_88894_0,930,09:30,0.0,0.0,0.0
no08,533967_74224_88894_0,945,09:45,0.0,0.0,0.0
no08,533967_74224_88894_0,1000,10:00,0.0,0.0,0.0
no08,533967_74224_88894_0,1015,10:15,0.0,0.0,0.0
no08,533967_74224_88894_0,1030,10:30,0.0,0.0,0.0
no08,533967_74224_88894_0,1045,10:45,0.0,0.0,0.0
no08,533967_74224_88894_0,1100,11:00,0.0,0.0,0.0
no08,533967_74224_88894_0,1115,11:15,0.0,0.0,0.0
no08,533967_74224_88894_0,1130,11:30,0.0,0.0,0.0
no08,533967_74224_88894_0,1145,11:45,0.0,0.0,0.0
no08,533967_74224_88894_0,1200,12:00,0.0,0.0,0.0
no08,533967_74224_88894_0,1215,12:15,0.0,0.0,0.0
no08,533967_74224_88894_0,1230,12:30,0.0,0.0,0.0
no08,533967_74224_88894_0,1245,12:45,0.0,0.0,0.0
no08,533967_74224_88894_0,1300,13:00,0.0,0.0,0.0
no08,533967_74224_88894_0,1315,13:15,0.0,0.0,0.0
no08,533967_74224_88894_0,1330,13:30,0.0,0.0,0.0
no08,533967_74224_88894_0,1345,13:45,0.0,0.0,0.0
no08,533967_74224_88894_0,1400,14:00,0.0,0.0,0.0
no08,533967_74224_88894_0,1415,14:15,0.0,0.0,0.0
no08,533967_74224_88894_0,1430,14:30,0.0,0.0,0.0
no08,533967_74224_88894_0,1445,14:45,0.0,0.0,0.0
no08,533967_74224_88894_0,1500,15:00,0.0,0.0,0.0
no08,533967_74224_88894_0,1515,15:15,0.0,0.0,0.0
no08,533967_74224_88894_0,1530,15:30,0.0,0.0,0.0
no08,533967_74224_88894_0,1545,15:45,0.0,0.0,0.0
no08,533967_74224_88894_0,1600,16:00,0.0,0.0,0.0
no08,533967_74224_88894_0,1615,16:15,0.0,0.0,0.0
no08,533967_74224_88894_0,1630,16:30,0.0,0.0,0.0
no08,533967_74224_88894_0,1645,16:45,0.0,0.0,0.0
no08,533967_74224_88894_0,1700,17:00,0.0,0.0,0.0
no08,533967_74224_88894_0,1715,17:15,0.0,0.0,0.0
no08,533967_74224_88894_0,1730,17:30,0.0,0.0,0.0
no08,533967_74224_88894_0,1745,17:45,0.0,0.0,0.0
no08,533967_74224_88894_0,1800,18:00,0.0,0.0,0.0
no08,533967_74224_88894_0,1815,18:15,0.0,0.0,0.0
no08,533967_74224_88894_0,1830,18:30,0.0,0.0,0.0
no08,533967_74224_88894_0,1845,18:45,0.0,0.0,0.0
no08,533967_74224_88894_1,630,06:30,0.0,0.0,0.0
no08,533967_74224_88894_1,645,06:45,0.0,0.0,0.0
no08,533967_74224_88894_1,700,07:00,0.0,0.0,0.0
no08,533967_74224_88894_1,715,07:15,0.0,0.0,0.0
no08,533967_74224_88894_1,730,07:30,0.0,0.0,0.0
no08,533967_74224_88894_1,745,07:45,0.0,0.0,0.0
no08,533967_74224_88894_1,800,08:00,0.0,0.0,0.0
no08,533967_74224_88894_1,815,08:15,0.0,0.0,0.0
no08,533967_74224_88894_1,830,08:30,0.0,0.0,0.0
no08,533967_74224_88894_1,845,08:45,0.0,0.0,0.0
no08,533967_74224_88894_1,900,09:00,0.0,0.0,0.0
no08,533967_74224_88894_1,915,09:15,0.0,0.0,0.0
no08,533967_74224_88894_1,930,09:30,0.0,0.0,0.0
no08,533967_74224_88894_1,945,09:45,0.0,0.0,0.0
no08,533967_74224_88894_1,1000,10:00,0.0,0.0,0.0
no08,533967_74224_88894_1,1015,10:15,0.0,0.0,0.0
no08,533967_74224_88894_1,1030,10:30,0.0,0.0,0.0
no08,533967_74224_88894_1,1045,10:45,0.0,0.0,0.0
no08,533967_74224_88894_1,1100,11:00,0.0,0.0,0.0
no08,533967_74224_88894_1,1115,11:15,0.0,0.0,0.0
no08,533967_74224_88894_1,1130,11:30,0.0,0.0,0.0
no08,533967_74224_88894_1,1145,11:45,0.0,0.0,0.0
no08,533967_74224_88894_1,1200,12:00,0.0,0.0,0.0
no08,533967_74224_88894_1,1215,12:15,0.0,0.0,0.0
no08,533967_74224_88894_1,1230,12:30,0.0,0.0,0.0
no08,533967_74224_88894_1,1245,12:45,0.0,0.0,0.0
no08,533967_74224_88894_1,1300,13:00,0.0,0.0,0.0
no08,533967_74224_88894_1,1315,13:15,0.0,0.0,0.0
no08,533967_74224_88894_1,1330,13:30,0.0,0.0,0.0
no08,533967_74224_88894_1,1345,13:45,0.0,0.0,0.0
no08,533967_74224_88894_1,1400,14:00,0.0,0.0,0.0
no08,533967_74224_88894_1,1415,14:15,0.0,0.0,0.0
no08,533967_74224_88894_1,1430,14:30,0.0,0.0,0.0
no08,533967_74224_88894_1,1445,14:45,0.0,0.0,0.0
no08,533967_74224_88894_1,1500,15:00,0.0,0.0,0.0
no08,533967_74224_88894_1,1515,15:15,0.0,0.0,0.0
no08,533967_74224_88894_1,1530,15:30,0.0,0.0,0.0
no08,533967_74224_88894_1,1545,15:45,0.0,0.0,0.0
no08,533967_74224_88894_1,1600,16:00,0.0,0.0,0.0
no08,533967_74224_88894_1,1615,16:15,0.0,0.0,0.0
no08,533967_74224_88894_1,1630,16:30,0.0,0.0,0.0
no08,533967_74224_88894_1,1645,16:45,0.0,0.0,0.0
no08,533967_74224_88894_1,1700,17:00,0.0,0.0,0.0
no08,533967_74224_88894_1,1715,17:15,0.0,0.0,0.0
no08,533967_74224_88894_1,1730,17:30,0.0,0.0,0.0
no08,533967_74224_88894_1,1745,17:45,0.0,0.0,0.0
no08,533967_74224_88894_1,1800,18:00,0.0,0.0,0.0
no08,533967_74224_88894_1,1815,18:15,0.0,0.0,0.0
no08,533967_74224_88894_1,1830,18:30,0.0,0.0,0.0
no08,533967_74224_88894_1,1845,18:45,0.0,0.0,0.0
no08,533967_87767_87768_0,630,06:30,0.0,0.0,0.0
no08,533967_87767_87768_0,645,06:45,0.0,0.0,0.0
no08,533967_87767_87768_0,700,07:00,0.0,0.0,0.0
no08,533967_87767_87768_0,715,07:15,0.0,0.0,0.0
no08,533967_87767_87768_0,730,07:30,0.0,0.0,0.0
no08,533967_87767_87768_0,745,07:45,0.0,0.0,0.0
no08,533967_87767_87768_0,800,08:00,0.0,0.0,0.0
no08,533967_87767_87768_0,815,08:15,0.0,0.0,0.0
no08,533967_87767_87768_0,830,08:30,0.0,0.0,0.0
no08,533967_87767_87768_0,845,08:45,0.0,0.0,0.0
no08,533967_87767_87768_0,900,09:00,0.0,0.0,0.0
no08,533967_87767_87768_0,915,09:15,0.0,0.0,0.0
no08,533967_87767_87768_0,930,09:30,0.0,0.0,0.0
no08,533967_87767_87768_0,945,09:45,0.0,0.0,0.0
no08,533967_87767_87768_0,1000,10:00,0.0,0.0,0.0
no08,533967_87767_87768_0,1015,10:15,0.0,0.0,0.0
no08,533967_87767_87768_0,1030,10:30,0.0,0.0,0.0
no08,533967_87767_87768_0,1045,10:45,0.0,0.0,0.0
no08,533967_87767_87768_0,1100,11:00,0.0,0.0,0.0
no08,533967_87767_87768_0,1115,11:15,0.0,0.0,0.0
no08,533967_87767_87768_0,1130,11:30,0.0,0.0,0.0
no08,533967_87767_87768_0,1145,11:45,0.0,0.0,0.0
no08,533967_87767_87768_0,1200,12:00,0.0,0.0,0.0
no08,533967_87767_87768_0,1215,12:15,0.0,0.0,0.0
no08,533967_87767_87768_0,1230,12:30,0.0,0.0,0.0
no08,533967_87767_87768_0,1245,12:45,0.0,0.0,0.0
no08,533967_87767_87768_0,1300,13:00,0.0,0.0,0.0
no08,533967_87767_87768_0,1315,13:15,0.0,0.0,0.0
no08,533967_87767_87768_0,1330,13:30,0.0,0.0,0.0
no08,533967_87767_87768_0,1345,13:45,0.0,0.0,0.0
no08,533967_87767_87768_0,1400,14:00,0.0,0.0,0.0
no08,533967_87767_87768_0,1415,14:15,0.0,0.0,0.0
no08,533967_87767_87768_0,1430,14:30,0.0,0.0,0.0
no08,533967_87767_87768_0,1445,14:45,0.0,0.0,0.0
no08,533967_87767_87768_0,1500,15:00,0.0,0.0,0.0
no08,533967_87767_87768_0,1515,15:15,0.0,0.0,0.0
no08,533967_87767_87768_0,1530,15:30,0.0,0.0,0.0
no08,533967_87767_87768_0,1545,15:45,0.0,0.0,0.0
no08,533967_87767_87768_0,1600,16:00,0.0,0.0,0.0
no08,533967_87767_87768_0,1615,16:15,0.0,0.0,0.0
no08,533967_87767_87768_0,1630,16:30,0.0,0.0,0.0
no08,533967_87767_87768_0,1645,16:45,0.0,0.0,0.0
no08,533967_87767_87768_0,1700,17:00,0.0,0.0,0.0
no08,533967_87767_87768_0,1715,17:15,0.0,0.0,0.0
no08,533967_87767_87768_0,1730,17:30,0.0,0.0,0.0
no08,533967_87767_87768_0,1745,17:45,0.0,0.0,0.0
no08,533967_87767_87768_0,1800,18:00,0.0,0.0,0.0
no08,533967_87767_87768_0,1815,18:15,0.0,0.0,0.0
no08,533967_87767_87768_0,1830,18:30,0.0,0.0,0.0
no08,533967_87767_87768_0,1845,18:45,0.0,0.0,0.0
no08,533967_87767_87768_1,630,06:30,0.0,0.0,0.0
no08,533967_87767_87768_1,645,06:45,0.0,0.0,0.0
no08,533967_87767_87768_1,700,07:00,0.0,0.0,0.0
no08,533967_87767_87768_1,715,07:15,0.0,0.0,0.0
no08,533967_87767_87768_1,730,07:30,0.0,0.0,0.0
no08,533967_87767_87768_1,745,07:45,0.0,0.0,0.0
no08,533967_87767_87768_1,800,08:00,0.0,0.0,0.0
no08,533967_87767_87768_1,815,08:15,0.0,0.0,0.0
no08,533967_87767_87768_1,830,08:30,0.0,0.0,0.0
no08,533967_87767_87768_1,845,08:45,0.0,0.0,0.0
no08,533967_87767_87768_1,900,09:00,0.0,0.0,0.0
no08,533967_87767_87768_1,915,09:15,0.0,0.0,0.0
no08,533967_87767_87768_1,930,09:30,0.0,0.0,0.0
no08,533967_87767_87768_1,945,09:45,0.0,0.0,0.0
no08,533967_87767_87768_1,1000,10:00,0.0,0.0,0.0
no08,533967_87767_87768_1,1015,10:15,0.0,0.0,0.0
no08,533967_87767_87768_1,1030,10:30,0.0,0.0,0.0
no08,533967_87767_87768_1,1045,10:45,0.0,0.0,0.0
no08,533967_87767_87768_1,1100,11:00,0.0,0.0,0.0
no08,533967_87767_87768_1,1115,11:15,0.0,0.0,0.0
no08,533967_87767_87768_1,1130,11:30,0.0,0.0,0.0
no08,533967_87767_87768_1,1145,11:45,0.0,0.0,0.0
no08,533967_87767_87768_1,1200,12:00,0.0,0.0,0.0
no08,533967_87767_87768_1,1215,12:15,0.0,0.0,0.0
no08,533967_87767_87768_1,1230,12:30,0.0,0.0,0.0
no08,533967_87767_87768_1,1245,12:45,0.0,0.0,0.0
no08,533967_87767_87768_1,1300,13:00,0.0,0.0,0.0
no08,533967_87767_87768_1,1315,13:15,0.0,0.0,0.0
no08,533967_87767_87768_1,1330,13:30,0.0,0.0,0.0
no08,533967_87767_87768_1,1345,13:45,0.0,0.0,0.0
no08,533967_87767_87768_1,1400,14:00,0.0,0.0,0.0
no08,533967_87767_87768_1,1415,14:15,0.0,0.0,0.0
no08,533967_87767_87768_1,1430,14:30,0.0,0.0,0.0
no08,533967_87767_87768_1,1445,14:45,0.0,0.0,0.0
no08,533967_87767_87768_1,1500,15:00,0.0,0.0,0.0
no08,533967_87767_87768_1,1515,15:15,0.0,0.0,0.0
no08,533967_87767_87768_1,1530,15:30,0.0,0.0,0.0
no08,533967_87767_87768_1,1545,15:45,0.0,0.0,0.0
no08,533967_87767_87768_1,1600,16:00,0.0,0.0,0.0
no08,533967_87767_87768_1,1615,16:15,0.0,0.0,0.0
no08,533967_87767_87768_1,1630,16:30,0.0,0.0,0.0
no08,533967_87767_87768_1,1645,16:45,0.0,0.0,0.0
no08,533967_87767_87768_1,1700,17:00,0.0,0.0,0.0
no08,533967_87767_87768_1,1715,17:15,0.0,0.0,0.0
no08,533967_87767_87768_1,1730,17:30,0.0,0.0,0.0
no08,533967_87767_87768_1,1745,17:45,0.0,0.0,0.0
no08,533967_87767_87768_1,1800,18:00,0.0,0.0,0.0
no08,533967_87767_87768_1,1815,18:15,0.0,0.0,0.0
no08,533967_87767_87768_1,1830,18:30,0.0,0.0,0.0
no08,533967_87767_87768_1,1845,18:45,0.0,0.0,0.0
no08,533967_87767_88200_0,630,06:30,0.0,0.0,0.0
no08,533967_87767_88200_0,645,06:45,0.0,0.0,0.0
no08,533967_87767_88200_0,700,07:00,0.0,0.0,0.0
no08,533967_87767_88200_0,715,07:15,0.0,0.0,0.0
no08,533967_87767_88200_0,730,07:30,0.0,0.0,0.0
no08,533967_87767_88200_0,745,07:45,0.0,0.0,0.0
no08,533967_87767_88200_0,800,08:00,0.0,0.0,0.0
no08,533967_87767_88200_0,815,08:15,0.0,0.0,0.0
no08,533967_87767_88200_0,830,08:30,0.0,0.0,0.0
no08,533967_87767_88200_0,845,08:45,0.0,0.0,0.0
no08,533967_87767_88200_0,900,09:00,0.0,0.0,0.0
no08,533967_87767_88200_0,915,09:15,0.0,0.0,0.0
no08,533967_87767_88200_0,930,09:30,0.0,0.0,0.0
no08,533967_87767_88200_0,945,09:45,0.0,0.0,0.0
no08,533967_87767_88200_0,1000,10:00,0.0,0.0,0.0
no08,533967_87767_88200_0,1015,10:15,0.0,0.0,0.0
no08,533967_87767_88200_0,1030,10:30,0.0,0.0,0.0
no08,533967_87767_88200_0,1045,10:45,0.0,0.0,0.0
no08,533967_87767_88200_0,1100,11:00,0.0,0.0,0.0
no08,533967_87767_88200_0,1115,11:15,0.0,0.0,0.0
no08,533967_87767_88200_0,1130,11:30,0.0,0.0,0.0
no08,533967_87767_88200_0,1145,11:45,0.0,0.0,0.0
no08,533967_87767_88200_0,1200,12:00,0.0,0.0,0.0
no08,533967_87767_88200_0,1215,12:15,0.0,0.0,0.0
no08,533967_87767_88200_0,1230,12:30,0.0,0.0,0.0
no08,533967_87767_88200_0,1245,12:45,0.0,0.0,0.0
no08,533967_87767_88200_0,1300,13:00,0.0,0.0,0.0
no08,533967_87767_88200_0,1315,13:15,0.0,0.0,0.0
no08,533967_87767_88200_0,1330,13:30,0.0,0.0,0.0
no08,533967_87767_88200_0,1345,13:45,0.0,0.0,0.0
no08,533967_87767_88200_0,1400,14:00,0.0,0.0,0.0
no08,533967_87767_88200_0,1415,14:15,0.0,0.0,0.0
no08,533967_87767_88200_0,1430,14:30,0.0,0.0,0.0
no08,533967_87767_88200_0,1445,14:45,0.0,0.0,0.0
no08,533967_87767_88200_0,1500,15:00,0.0,0.0,0.0
no08,533967_87767_88200_0,1515,15:15,0.0,0.0,0.0
no08,533967_87767_88200_0,1530,15:30,0.0,0.0,0.0
no08,533967_87767_88200_0,1545,15:45,0.0,0.0,0.0
no08,533967_87767_88200_0,1600,16:00,0.0,0.0,0.0
no08,533967_87767_88200_0,1615,16:15,0.0,0.0,0.0
no08,533967_87767_88200_0,1630,16:30,0.0,0.0,0.0
no08,533967_87767_88200_0,1645,16:45,0.0,0.0,0.0
no08,533967_87767_88200_0,1700,17:00,0.0,0.0,0.0
no08,533967_87767_88200_0,1715,17:15,0.0,0.0,0.0
no08,533967_87767_88200_0,1730,17:30,0.0,0.0,0.0
no08,533967_87767_88200_0,1745,17:45,0.0,0.0,0.0
no08,533967_87767_88200_0,1800,18:00,0.0,0.0,0.0
no08,533967_87767_88200_0,1815,18:15,0.0,0.0,0.0
no08,533967_87767_88200_0,1830,18:30,0.0,0.0,0.0
no08,533967_87767_88200_0,1845,18:45,0.0,0.0,0.0
no08,533967_87767_88200_1,630,06:30,0.0,0.0,0.0
no08,533967_87767_88200_1,645,06:45,0.0,0.0,0.0
no08,533967_87767_88200_1,700,07:00,0.0,0.0,0.0
no08,533967_87767_88200_1,715,07:15,0.0,0.0,0.0
no08,533967_87767_88200_1,730,07:30,0.0,0.0,0.0
no08,533967_87767_88200_1,745,07:45,0.0,0.0,0.0
no08,533967_87767_88200_1,800,08:00,0.0,0.0,0.0
no08,533967_87767_88200_1,815,08:15,0.0,0.0,0.0
no08,533967_87767_88200_1,830,08:30,0.0,0.0,0.0
no08,533967_87767_88200_1,845,08:45,0.0,0.0,0.0
no08,533967_87767_88200_1,900,09:00,0.0,0.0,0.0
no08,533967_87767_88200_1,915,09:15,0.0,0.0,0.0
no08,533967_87767_88200_1,930,09:30,0.0,0.0,0.0
no08,533967_87767_88200_1,945,09:45,0.0,0.0,0.0
no08,533967_87767_88200_1,1000,10:00,0.0,0.0,0.0
no08,533967_87767_88200_1,1015,10:15,0.0,0.0,0.0
no08,533967_87767_88200_1,1030,10:30,0.0,0.0,0.0
no08,533967_87767_88200_1,1045,10:45,0.0,0.0,0.0
no08,533967_87767_88200_1,1100,11:00,0.0,0.0,0.0
no08,533967_87767_88200_1,1115,11:15,0.0,0.0,0.0
no08,533967_87767_88200_1,1130,11:30,0.0,0.0,0.0
no08,533967_87767_88200_1,1145,11:45,0.0,0.0,0.0
no08,533967_87767_88200_1,1200,12:00,0.0,0.0,0.0
no08,533967_87767_88200_1,1215,12:15,0.0,0.0,0.0
no08,533967_87767_88200_1,1230,12:30,0.0,0.0,0.0
no08,533967_87767_88200_1,1245,12:45,0.0,0.0,0.0
no08,533967_87767_88200_1,1300,13:00,0.0,0.0,0.0
no08,533967_87767_88200_1,1315,13:15,0.0,0.0,0.0
no08,533967_87767_88200_1,1330,13:30,0.0,0.0,0.0
no08,533967_87767_88200_1,1345,13:45,0.0,0.0,0.0
no08,533967_87767_88200_1,1400,14:00,0.0,0.0,0.0
no08,533967_87767_88200_1,1415,14:15,0.0,0.0,0.0
no08,533967_87767_88200_1,1430,14:30,0.0,0.0,0.0
no08,533967_87767_88200_1,1445,14:45,0.0,0.0,0.0
no08,533967_87767_88200_1,1500,15:00,0.0,0.0,0.0
no08,533967_87767_88200_1,1515,15:15,0.0,0.0,0.0
no08,533967_87767_88200_1,1530,15:30,0.0,0.0,0.0
no08,533967_87767_88200_1,1545,15:45,0.0,0.0,0.0
no08,533967_87767_88200_1,1600,16:00,0.0,0.0,0.0
no08,533967_87767_88200_1,1615,16:15,0.0,0.0,0.0
no08,533967_87767_88200_1,1630,16:30,0.0,0.0,0.0
no08,533967_87767_88200_1,1645,16:45,0.0,0.0,0.0
no08,533967_87767_88200_1,1700,17:00,0.0,0.0,0.0
no08,533967_87767_88200_1,1715,17:15,0.0,0.0,0.0
no08,533967_87767_88200_1,1730,17:30,0.0,0.0,0.0
no08,533967_87767_88200_1,1745,17:45,0.0,0.0,0.0
no08,533967_87767_88200_1,1800,18:00,0.0,0.0,0.0
no08,533967_87767_88200_1,1815,18:15,0.0,0.0,0.0
no08,533967_87767_88200_1,1830,18:30,0.0,0.0,0.0
no08,533967_87767_88200_1,1845,18:45,0.0,0.0,0.0
no08,533967_87768_88199_0,630,06:30,0.0,0.0,0.0
no08,533967_87768_88199_0,645,06:45,0.0,0.0,0.0
no08,533967_87768_88199_0,700,07:00,0.0,0.0,0.0
no08,533967_87768_88199_0,715,07:15,0.0,0.0,0.0
no08,533967_87768_88199_0,730,07:30,0.0,0.0,0.0
no08,533967_87768_88199_0,745,07:45,0.0,0.0,0.0
no08,533967_87768_88199_0,800,08:00,0.0,0.0,0.0
no08,533967_87768_88199_0,815,08:15,0.0,0.0,0.0
no08,533967_87768_88199_0,830,08:30,0.0,0.0,0.0
no08,533967_87768_88199_0,845,08:45,0.0,0.0,0.0
no08,533967_87768_88199_0,900,09:00,0.0,0.0,0.0
no08,533967_87768_88199_0,915,09:15,0.0,0.0,0.0
no08,533967_87768_88199_0,930,09:30,0.0,0.0,0.0
no08,533967_87768_88199_0,945,09:45,0.0,0.0,0.0
no08,533967_87768_88199_0,1000,10:00,0.0,0.0,0.0
no08,533967_87768_88199_0,1015,10:15,0.0,0.0,0.0
no08,533967_87768_88199_0,1030,10:30,0.0,0.0,0.0
no08,533967_87768_88199_0,1045,10:45,0.0,0.0,0.0
no08,533967_87768_88199_0,1100,11:00,0.0,0.0,0.0
no08,533967_87768_88199_0,1115,11:15,0.0,0.0,0.0
no08,533967_87768_88199_0,1130,11:30,0.0,0.0,0.0
no08,533967_87768_88199_0,1145,11:45,0.0,0.0,0.0
no08,533967_87768_88199_0,1200,12:00,0.0,0.0,0.0
no08,533967_87768_88199_0,1215,12:15,0.0,0.0,0.0
no08,533967_87768_88199_0,1230,12:30,0.0,0.0,0.0
no08,533967_87768_88199_0,1245,12:45,0.0,0.0,0.0
no08,533967_87768_88199_0,1300,13:00,0.0,0.0,0.0
no08,533967_87768_88199_0,1315,13:15,0.0,0.0,0.0
no08,533967_87768_88199_0,1330,13:30,0.0,0.0,0.0
no08,533967_87768_88199_0,1345,13:45,0.0,0.0,0.0
no08,533967_87768_88199_0,1400,14:00,0.0,0.0,0.0
no08,533967_87768_88199_0,1415,14:15,0.0,0.0,0.0
no08,533967_87768_88199_0,1430,14:30,0.0,0.0,0.0
no08,533967_87768_88199_0,1445,14:45,0.0,0.0,0.0
no08,533967_87768_88199_0,1500,15:00,0.0,0.0,0.0
no08,533967_87768_88199_0,1515,15:15,0.0,0.0,0.0
no08,533967_87768_88199_0,1530,15:30,0.0,0.0,0.0
no08,533967_87768_88199_0,1545,15:45,0.0,0.0,0.0
no08,533967_87768_88199_0,1600,16:00,0.0,0.0,0.0
no08,533967_87768_88199_0,1615,16:15,0.0,0.0,0.0
no08,533967_87768_88199_0,1630,16:30,0.0,0.0,0.0
no08,533967_87768_88199_0,1645,16:45,0.0,0.0,0.0
no08,533967_87768_88199_0,1700,17:00,0.0,0.0,0.0
no08,533967_87768_88199_0,1715,17:15,0.0,0.0,0.0
no08,533967_87768_88199_0,1730,17:30,0.0,0.0,0.0
no08,533967_87768_88199_0,1745,17:45,0.0,0.0,0.0
no08,533967_87768_88199_0,1800,18:00,0.0,0.0,0.0
no08,533967_87768_88199_0,1815,18:15,0.0,0.0,0.0
no08,533967_87768_88199_0,1830,18:30,0.0,0.0,0.0
no08,533967_87768_88199_0,1845,18:45,0.0,0.0,0.0
no08,533967_87768_88199_1,630,06:30,0.0,0.0,0.0
no08,533967_87768_88199_1,645,06:45,0.0,0.0,0.0
no08,533967_87768_88199_1,700,07:00,0.0,0.0,0.0
no08,533967_87768_88199_1,715,07:15,0.0,0.0,0.0
no08,533967_87768_88199_1,730,07:30,0.0,0.0,0.0
no08,533967_87768_88199_1,745,07:45,0.0,0.0,0.0
no08,533967_87768_88199_1,800,08:00,0.0,0.0,0.0
no08,533967_87768_88199_1,815,08:15,0.0,0.0,0.0
no08,533967_87768_88199_1,830,08:30,0.0,0.0,0.0
no08,533967_87768_88199_1,845,08:45,0.0,0.0,0.0
no08,533967_87768_88199_1,900,09:00,0.0,0.0,0.0
no08,533967_87768_88199_1,915,09:15,0.0,0.0,0.0
no08,533967_87768_88199_1,930,09:30,0.0,0.0,0.0
no08,533967_87768_88199_1,945,09:45,0.0,0.0,0.0
no08,533967_87768_88199_1,1000,10:00,0.0,0.0,0.0
no08,533967_87768_88199_1,1015,10:15,0.0,0.0,0.0
no08,533967_87768_88199_1,1030,10:30,0.0,0.0,0.0
no08,533967_87768_88199_1,1045,10:45,0.0,0.0,0.0
no08,533967_87768_88199_1,1100,11:00,0.0,0.0,0.0
no08,533967_87768_88199_1,1115,11:15,0.0,0.0,0.0
no08,533967_87768_88199_1,1130,11:30,0.0,0.0,0.0
no08,533967_87768_88199_1,1145,11:45,0.0,0.0,0.0
no08,533967_87768_88199_1,1200,12:00,0.0,0.0,0.0
no08,533967_87768_88199_1,1215,12:15,0.0,0.0,0.0
no08,533967_87768_88199_1,1230,12:30,0.0,0.0,0.0
no08,533967_87768_88199_1,1245,12:45,0.0,0.0,0.0
no08,533967_87768_88199_1,1300,13:00,0.0,0.0,0.0
no08,533967_87768_88199_1,1315,13:15,0.0,0.0,0.0
no08,533967_87768_88199_1,1330,13:30,0.0,0.0,0.0
no08,533967_87768_88199_1,1345,13:45,0.0,0.0,0.0
no08,533967_87768_88199_1,1400,14:00,0.0,0.0,0.0
no08,533967_87768_88199_1,1415,14:15,0.0,0.0,0.0
no08,533967_87768_88199_1,1430,14:30,0.0,0.0,0.0
no08,533967_87768_88199_1,1445,14:45,0.0,0.0,0.0
no08,533967_87768_88199_1,1500,15:00,0.0,0.0,0.0
no08,533967_87768_88199_1,1515,15:15,0.0,0.0,0.0
no08,533967_87768_88199_1,1530,15:30,0.0,0.0,0.0
no08,533967_87768_88199_1,1545,15:45,0.0,0.0,0.0
no08,533967_87768_88199_1,1600,16:00,0.0,0.0,0.0
no08,533967_87768_88199_1,1615,16:15,0.0,0.0,0.0
no08,533967_87768_88199_1,1630,16:30,0.0,0.0,0.0
no08,533967_87768_88199_1,1645,16:45,0.0,0.0,0.0
no08,533967_87768_88199_1,1700,17:00,0.0,0.0,0.0
no08,533967_87768_88199_1,1715,17:15,0.0,0.0,0.0
no08,533967_87768_88199_1,1730,17:30,0.0,0.0,0.0
no08,533967_87768_88199_1,1745,17:45,0.0,0.0,0.0
no08,533967_87768_88199_1,1800,18:00,0.0,0.0,0.0
no08,533967_87768_88199_1,1815,18:15,0.0,0.0,0.0
no08,533967_87768_88199_1,1830,18:30,0.0,0.0,0.0
no08,533967_87768_88199_1,1845,18:45,0.0,0.0,0.0
no08,533967_87769_87770_0,630,06:30,0.0,0.0,0.0
no08,533967_87769_87770_0,645,06:45,0.0,0.0,0.0
no08,533967_87769_87770_0,700,07:00,0.0,0.0,0.0
no08,533967_87769_87770_0,715,07:15,0.0,0.0,0.0
no08,533967_87769_87770_0,730,07:30,0.0,0.0,0.0
no08,533967_87769_87770_0,745,07:45,0.0,0.0,0.0
no08,533967_87769_87770_0,800,08:00,0.0,0.0,0.0
no08,533967_87769_87770_0,815,08:15,0.0,0.0,0.0
no08,533967_87769_87770_0,830,08:30,0.0,0.0,0.0
no08,533967_87769_87770_0,845,08:45,0.0,0.0,0.0
no08,533967_87769_87770_0,900,09:00,0.0,0.0,0.0
no08,533967_87769_87770_0,915,09:15,0.0,0.0,0.0
no08,533967_87769_87770_0,930,09:30,0.0,0.0,0.0
no08,533967_87769_87770_0,945,09:45,0.0,0.0,0.0
no08,533967_87769_87770_0,1000,10:00,0.0,0.0,0.0
no08,533967_87769_87770_0,1015,10:15,0.0,0.0,0.0
no08,533967_87769_87770_0,1030,10:30,0.0,0.0,0.0
no08,533967_87769_87770_0,1045,10:45,0.0,0.0,0.0
no08,533967_87769_87770_0,1100,11:00,0.0,0.0,0.0
no08,533967_87769_87770_0,1115,11:15,0.0,0.0,0.0
no08,533967_87769_87770_0,1130,11:30,0.0,0.0,0.0
no08,533967_87769_87770_0,1145,11:45,0.0,0.0,0.0
no08,533967_87769_87770_0,1200,12:00,0.0,0.0,0.0
no08,533967_87769_87770_0,1215,12:15,0.0,0.0,0.0
no08,533967_87769_87770_0,1230,12:30,0.0,0.0,0.0
no08,533967_87769_87770_0,1245,12:45,0.0,0.0,0.0
no08,533967_87769_87770_0,1300,13:00,0.0,0.0,0.0
no08,533967_87769_87770_0,1315,13:15,0.0,0.0,0.0
no08,533967_87769_87770_0,1330,13:30,0.0,0.0,0.0
no08,533967_87769_87770_0,1345,13:45,0.0,0.0,0.0
no08,533967_87769_87770_0,1400,14:00,0.0,0.0,0.0
no08,533967_87769_87770_0,1415,14:15,0.0,0.0,0.0
no08,533967_87769_87770_0,1430,14:30,0.0,0.0,0.0
no08,533967_87769_87770_0,1445,14:45,0.0,0.0,0.0
no08,533967_87769_87770_0,1500,15:00,0.0,0.0,0.0
no08,533967_87769_87770_0,1515,15:15,0.0,0.0,0.0
no08,533967_87769_87770_0,1530,15:30,0.0,0.0,0.0
no08,533967_87769_87770_0,1545,15:45,0.0,0.0,0.0
no08,533967_87769_87770_0,1600,16:00,0.0,0.0,0.0
no08,533967_87769_87770_0,1615,16:15,0.0,0.0,0.0
no08,533967_87769_87770_0,1630,16:30,0.0,0.0,0.0
no08,533967_87769_87770_0,1645,16:45,0.0,0.0,0.0
no08,533967_87769_87770_0,1700,17:00,0.0,0.0,0.0
no08,533967_87769_87770_0,1715,17:15,0.0,0.0,0.0
no08,533967_87769_87770_0,1730,17:30,0.0,0.0,0.0
no08,533967_87769_87770_0,1745,17:45,0.0,0.0,0.0
no08,533967_87769_87770_0,1800,18:00,0.0,0.0,0.0
no08,533967_87769_87770_0,1815,18:15,0.0,0.0,0.0
no08,533967_87769_87770_0,1830,18:30,0.0,0.0,0.0
no08,533967_87769_87770_0,1845,18:45,0.0,0.0,0.0
no08,533967_87769_87770_1,630,06:30,0.0,0.0,0.0
no08,533967_87769_87770_1,645,06:45,0.0,0.0,0.0
no08,533967_87769_87770_1,700,07:00,0.0,0.0,0.0
no08,533967_87769_87770_1,715,07:15,0.0,0.0,0.0
no08,533967_87769_87770_1,730,07:30,0.0,0.0,0.0
no08,533967_87769_87770_1,745,07:45,0.0,0.0,0.0
no08,533967_87769_87770_1,800,08:00,0.0,0.0,0.0
no08,533967_87769_87770_1,815,08:15,0.0,0.0,0.0
no08,533967_87769_87770_1,830,08:30,0.0,0.0,0.0
no08,533967_87769_87770_1,845,08:45,0.0,0.0,0.0
no08,533967_87769_87770_1,900,09:00,0.0,0.0,0.0
no08,533967_87769_87770_1,915,09:15,0.0,0.0,0.0
no08,533967_87769_87770_1,930,09:30,0.0,0.0,0.0
no08,533967_87769_87770_1,945,09:45,0.0,0.0,0.0
no08,533967_87769_87770_1,1000,10:00,0.0,0.0,0.0
no08,533967_87769_87770_1,1015,10:15,0.0,0.0,0.0
no08,533967_87769_87770_1,1030,10:30,0.0,0.0,0.0
no08,533967_87769_87770_1,1045,10:45,0.0,0.0,0.0
no08,533967_87769_87770_1,1100,11:00,0.0,0.0,0.0
no08,533967_87769_87770_1,1115,11:15,0.0,0.0,0.0
no08,533967_87769_87770_1,1130,11:30,0.0,0.0,0.0
no08,533967_87769_87770_1,1145,11:45,0.0,0.0,0.0
no08,533967_87769_87770_1,1200,12:00,0.0,0.0,0.0
no08,533967_87769_87770_1,1215,12:15,0.0,0.0,0.0
no08,533967_87769_87770_1,1230,12:30,0.0,0.0,0.0
no08,533967_87769_87770_1,1245,12:45,0.0,0.0,0.0
no08,533967_87769_87770_1,1300,13:00,0.0,0.0,0.0
no08,533967_87769_87770_1,1315,13:15,0.0,0.0,0.0
no08,533967_87769_87770_1,1330,13:30,0.0,0.0,0.0
no08,533967_87769_87770_1,1345,13:45,0.0,0.0,0.0
no08,533967_87769_87770_1,1400,14:00,0.0,0.0,0.0
no08,533967_87769_87770_1,1415,14:15,0.0,0.0,0.0
no08,533967_87769_87770_1,1430,14:30,0.0,0.0,0.0
no08,533967_87769_87770_1,1445,14:45,0.0,0.0,0.0
no08,533967_87769_87770_1,1500,15:00,0.0,0.0,0.0
no08,533967_87769_87770_1,1515,15:15,0.0,0.0,0.0
no08,533967_87769_87770_1,1530,15:30,0.0,0.0,0.0
no08,533967_87769_87770_1,1545,15:45,0.0,0.0,0.0
no08,533967_87769_87770_1,1600,16:00,0.0,0.0,0.0
no08,533967_87769_87770_1,1615,16:15,0.0,0.0,0.0
no08,533967_87769_87770_1,1630,16:30,0.0,0.0,0.0
no08,533967_87769_87770_1,1645,16:45,0.0,0.0,0.0
no08,533967_87769_87770_1,1700,17:00,0.0,0.0,0.0
no08,533967_87769_87770_1,1715,17:15,0.0,0.0,0.0
no08,533967_87769_87770_1,1730,17:30,0.0,0.0,0.0
no08,533967_87769_87770_1,1745,17:45,0.0,0.0,0.0
no08,533967_87769_87770_1,1800,18:00,0.0,0.0,0.0
no08,533967_87769_87770_1,1815,18:15,0.0,0.0,0.0
no08,533967_87769_87770_1,1830,18:30,0.0,0.0,0.0
no08,533967_87769_87770_1,1845,18:45,0.0,0.0,0.0
no08,533967_88199_88200_0,630,06:30,0.0,0.0,0.0
no08,533967_88199_88200_0,645,06:45,0.0,0.0,0.0
no08,533967_88199_88200_0,700,07:00,0.0,0.0,0.0
no08,533967_88199_88200_0,715,07:15,0.0,0.0,0.0
no08,533967_88199_88200_0,730,07:30,0.0,0.0,0.0
no08,533967_88199_88200_0,745,07:45,0.0,0.0,0.0
no08,533967_88199_88200_0,800,08:00,0.0,0.0,0.0
no08,533967_88199_88200_0,815,08:15,0.0,0.0,0.0
no08,533967_88199_88200_0,830,08:30,0.0,0.0,0.0
no08,533967_88199_88200_0,845,08:45,0.0,0.0,0.0
no08,533967_88199_88200_0,900,09:00,0.0,0.0,0.0
no08,533967_88199_88200_0,915,09:15,0.0,0.0,0.0
no08,533967_88199_88200_0,930,09:30,0.0,0.0,0.0
no08,533967_88199_88200_0,945,09:45,0.0,0.0,0.0
no08,533967_88199_88200_0,1000,10:00,0.0,0.0,0.0
no08,533967_88199_88200_0,1015,10:15,0.0,0.0,0.0
no08,533967_88199_88200_0,1030,10:30,0.0,0.0,0.0
no08,533967_88199_88200_0,1045,10:45,0.0,0.0,0.0
no08,533967_88199_88200_0,1100,11:00,0.0,0.0,0.0
no08,533967_88199_88200_0,1115,11:15,0.0,0.0,0.0
no08,533967_88199_88200_0,1130,11:30,0.0,0.0,0.0
no08,533967_88199_88200_0,1145,11:45,0.0,0.0,0.0
no08,533967_88199_88200_0,1200,12:00,0.0,0.0,0.0
no08,533967_88199_88200_0,1215,12:15,0.0,0.0,0.0
no08,533967_88199_88200_0,1230,12:30,0.0,0.0,0.0
no08,533967_88199_88200_0,1245,12:45,0.0,0.0,0.0
no08,533967_88199_88200_0,1300,13:00,0.0,0.0,0.0
no08,533967_88199_88200_0,1315,13:15,0.0,0.0,0.0
no08,533967_88199_88200_0,1330,13:30,0.0,0.0,0.0
no08,533967_88199_88200_0,1345,13:45,0.0,0.0,0.0
no08,533967_88199_88200_0,1400,14:00,0.0,0.0,0.0
no08,533967_88199_88200_0,1415,14:15,0.0,0.0,0.0
no08,533967_88199_88200_0,1430,14:30,0.0,0.0,0.0
no08,533967_88199_88200_0,1445,14:45,0.0,0.0,0.0
no08,533967_88199_88200_0,1500,15:00,0.0,0.0,0.0
no08,533967_88199_88200_0,1515,15:15,0.0,0.0,0.0
no08,533967_88199_88200_0,1530,15:30,0.0,0.0,0.0
no08,533967_88199_88200_0,1545,15:45,0.0,0.0,0.0
no08,533967_88199_88200_0,1600,16:00,0.0,0.0,0.0
no08,533967_88199_88200_0,1615,16:15,0.0,0.0,0.0
no08,533967_88199_88200_0,1630,16:30,0.0,0.0,0.0
no08,533967_88199_88200_0,1645,16:45,0.0,0.0,0.0
no08,533967_88199_88200_0,1700,17:00,0.0,0.0,0.0
no08,533967_88199_88200_0,1715,17:15,0.0,0.0,0.0
no08,533967_88199_88200_0,1730,17:30,0.0,0.0,0.0
no08,533967_88199_88200_0,1745,17:45,0.0,0.0,0.0
no08,533967_88199_88200_0,1800,18:00,0.0,0.0,0.0
no08,533967_88199_88200_0,1815,18:15,0.0,0.0,0.0
no08,533967_88199_88200_0,1830,18:30,0.0,0.0,0.0
no08,533967_88199_88200_0,1845,18:45,0.0,0.0,0.0
no08,533967_88199_88200_1,630,06:30,0.0,0.0,0.0
no08,533967_88199_88200_1,645,06:45,0.0,0.0,0.0
no08,533967_88199_88200_1,700,07:00,0.0,0.0,0.0
no08,533967_88199_88200_1,715,07:15,0.0,0.0,0.0
no08,533967_88199_88200_1,730,07:30,0.0,0.0,0.0
no08,533967_88199_88200_1,745,07:45,0.0,0.0,0.0
no08,533967_88199_88200_1,800,08:00,0.0,0.0,0.0
no08,533967_88199_88200_1,815,08:15,0.0,0.0,0.0
no08,533967_88199_88200_1,830,08:30,0.0,0.0,0.0
no08,533967_88199_88200_1,845,08:45,0.0,0.0,0.0
no08,533967_88199_88200_1,900,09:00,0.0,0.0,0.0
no08,533967_88199_88200_1,915,09:15,0.0,0.0,0.0
no08,533967_88199_88200_1,930,09:30,0.0,0.0,0.0
no08,533967_88199_88200_1,945,09:45,0.0,0.0,0.0
no08,533967_88199_88200_1,1000,10:00,0.0,0.0,0.0
no08,533967_88199_88200_1,1015,10:15,0.0,0.0,0.0
no08,533967_88199_88200_1,1030,10:30,0.0,0.0,0.0
no08,533967_88199_88200_1,1045,10:45,0.0,0.0,0.0
no08,533967_88199_88200_1,1100,11:00,0.0,0.0,0.0
no08,533967_88199_88200_1,1115,11:15,0.0,0.0,0.0
no08,533967_88199_88200_1,1130,11:30,0.0,0.0,0.0
no08,533967_88199_88200_1,1145,11:45,0.0,0.0,0.0
no08,533967_88199_88200_1,1200,12:00,0.0,0.0,0.0
no08,533967_88199_88200_1,1215,12:15,0.0,0.0,0.0
no08,533967_88199_88200_1,1230,12:30,0.0,0.0,0.0
no08,533967_88199_88200_1,1245,12:45,0.0,0.0,0.0
no08,533967_88199_88200_1,1300,13:00,0.0,0.0,0.0
no08,533967_88199_88200_1,1315,13:15,0.0,0.0,0.0
no08,533967_88199_88200_1,1330,13:30,0.0,0.0,0.0
no08,533967_88199_88200_1,1345,13:45,0.0,0.0,0.0
no08,533967_88199_88200_1,1400,14:00,0.0,0.0,0.0
no08,533967_88199_88200_1,1415,14:15,0.0,0.0,0.0
no08,533967_88199_88200_1,1430,14:30,0.0,0.0,0.0
no08,533967_88199_88200_1,1445,14:45,0.0,0.0,0.0
no08,533967_88199_88200_1,1500,15:00,0.0,0.0,0.0
no08,533967_88199_88200_1,1515,15:15,0.0,0.0,0.0
no08,533967_88199_88200_1,1530,15:30,0.0,0.0,0.0
no08,533967_88199_88200_1,1545,15:45,0.0,0.0,0.0
no08,533967_88199_88200_1,1600,16:00,0.0,0.0,0.0
no08,533967_88199_88200_1,1615,16:15,0.0,0.0,0.0
no08,533967_88199_88200_1,1630,16:30,0.0,0.0,0.0
no08,533967_88199_88200_1,1645,16:45,0.0,0.0,0.0
no08,533967_88199_88200_1,1700,17:00,0.0,0.0,0.0
no08,533967_88199_88200_1,1715,17:15,0.0,0.0,0.0
no08,533967_88199_88200_1,1730,17:30,0.0,0.0,0.0
no08,533967_88199_88200_1,1745,17:45,0.0,0.0,0.0
no08,533967_88199_88200_1,1800,18:00,0.0,0.0,0.0
no08,533967_88199_88200_1,1815,18:15,0.0,0.0,0.0
no08,533967_88199_88200_1,1830,18:30,0.0,0.0,0.0
no08,533967_88199_88200_1,1845,18:45,0.0,0.0,0.0
no08,533967_88199_88201_0,630,06:30,0.0,0.0,0.0
no08,533967_88199_88201_0,645,06:45,0.0,0.0,0.0
no08,533967_88199_88201_0,700,07:00,0.0,0.0,0.0
no08,533967_88199_88201_0,715,07:15,0.0,0.0,0.0
no08,533967_88199_88201_0,730,07:30,0.0,0.0,0.0
no08,533967_88199_88201_0,745,07:45,0.0,0.0,0.0
no08,533967_88199_88201_0,800,08:00,0.0,0.0,0.0
no08,533967_88199_88201_0,815,08:15,0.0,0.0,0.0
no08,533967_88199_88201_0,830,08:30,0.0,0.0,0.0
no08,533967_88199_88201_0,845,08:45,0.0,0.0,0.0
no08,533967_88199_88201_0,900,09:00,0.0,0.0,0.0
no08,533967_88199_88201_0,915,09:15,0.0,0.0,0.0
no08,533967_88199_88201_0,930,09:30,0.0,0.0,0.0
no08,533967_88199_88201_0,945,09:45,0.0,0.0,0.0
no08,533967_88199_88201_0,1000,10:00,0.0,0.0,0.0
no08,533967_88199_88201_0,1015,10:15,0.0,0.0,0.0
no08,533967_88199_88201_0,1030,10:30,0.0,0.0,0.0
no08,533967_88199_88201_0,1045,10:45,0.0,0.0,0.0
no08,533967_88199_88201_0,1100,11:00,0.0,0.0,0.0
no08,533967_88199_88201_0,1115,11:15,0.0,0.0,0.0
no08,533967_88199_88201_0,1130,11:30,0.0,0.0,0.0
no08,533967_88199_88201_0,1145,11:45,0.0,0.0,0.0
no08,533967_88199_88201_0,1200,12:00,0.0,0.0,0.0
no08,533967_88199_88201_0,1215,12:15,0.0,0.0,0.0
no08,533967_88199_88201_0,1230,12:30,0.0,0.0,0.0
no08,533967_88199_88201_0,1245,12:45,0.0,0.0,0.0
no08,533967_88199_88201_0,1300,13:00,0.0,0.0,0.0
no08,533967_88199_88201_0,1315,13:15,0.0,0.0,0.0
no08,533967_88199_88201_0,1330,13:30,0.0,0.0,0.0
no08,533967_88199_88201_0,1345,13:45,0.0,0.0,0.0
no08,533967_88199_88201_0,1400,14:00,0.0,0.0,0.0
no08,533967_88199_88201_0,1415,14:15,0.0,0.0,0.0
no08,533967_88199_88201_0,1430,14:30,0.0,0.0,0.0
no08,533967_88199_88201_0,1445,14:45,0.0,0.0,0.0
no08,533967_88199_88201_0,1500,15:00,0.0,0.0,0.0
no08,533967_88199_88201_0,1515,15:15,0.0,0.0,0.0
no08,533967_88199_88201_0,1530,15:30,0.0,0.0,0.0
no08,533967_88199_88201_0,1545,15:45,0.0,0.0,0.0
no08,533967_88199_88201_0,1600,16:00,0.0,0.0,0.0
no08,533967_88199_88201_0,1615,16:15,0.0,0.0,0.0
no08,533967_88199_88201_0,1630,16:30,0.0,0.0,0.0
no08,533967_88199_88201_0,1645,16:45,0.0,0.0,0.0
no08,533967_88199_88201_0,1700,17:00,0.0,0.0,0.0
no08,533967_88199_88201_0,1715,17:15,0.0,0.0,0.0
no08,533967_88199_88201_0,1730,17:30,0.0,0.0,0.0
no08,533967_88199_88201_0,1745,17:45,0.0,0.0,0.0
no08,533967_88199_88201_0,1800,18:00,0.0,0.0,0.0
no08,533967_88199_88201_0,1815,18:15,0.0,0.0,0.0
no08,533967_88199_88201_0,1830,18:30,0.0,0.0,0.0
no08,533967_88199_88201_0,1845,18:45,0.0,0.0,0.0
no08,533967_88199_88201_1,630,06:30,0.0,0.0,0.0
no08,533967_88199_88201_1,645,06:45,0.0,0.0,0.0
no08,533967_88199_88201_1,700,07:00,0.0,0.0,0.0
no08,533967_88199_88201_1,715,07:15,0.0,0.0,0.0
no08,533967_88199_88201_1,730,07:30,0.0,0.0,0.0
no08,533967_88199_88201_1,745,07:45,0.0,0.0,0.0
no08,533967_88199_88201_1,800,08:00,0.0,0.0,0.0
no08,533967_88199_88201_1,815,08:15,0.0,0.0,0.0
no08,533967_88199_88201_1,830,08:30,0.0,0.0,0.0
no08,533967_88199_88201_1,845,08:45,0.0,0.0,0.0
no08,533967_88199_88201_1,900,09:00,0.0,0.0,0.0
no08,533967_88199_88201_1,915,09:15,0.0,0.0,0.0
no08,533967_88199_88201_1,930,09:30,0.0,0.0,0.0
no08,533967_88199_88201_1,945,09:45,0.0,0.0,0.0
no08,533967_88199_88201_1,1000,10:00,0.0,0.0,0.0
no08,533967_88199_88201_1,1015,10:15,0.0,0.0,0.0
no08,533967_88199_88201_1,1030,10:30,0.0,0.0,0.0
no08,533967_88199_88201_1,1045,10:45,0.0,0.0,0.0
no08,533967_88199_88201_1,1100,11:00,0.0,0.0,0.0
no08,533967_88199_88201_1,1115,11:15,0.0,0.0,0.0
no08,533967_88199_88201_1,1130,11:30,0.0,0.0,0.0
no08,533967_88199_88201_1,1145,11:45,0.0,0.0,0.0
no08,533967_88199_88201_1,1200,12:00,0.0,0.0,0.0
no08,533967_88199_88201_1,1215,12:15,0.0,0.0,0.0
no08,533967_88199_88201_1,1230,12:30,0.0,0.0,0.0
no08,533967_88199_88201_1,1245,12:45,0.0,0.0,0.0
no08,533967_88199_88201_1,1300,13:00,0.0,0.0,0.0
no08,533967_88199_88201_1,1315,13:15,0.0,0.0,0.0
no08,533967_88199_88201_1,1330,13:30,0.0,0.0,0.0
no08,533967_88199_88201_1,1345,13:45,0.0,0.0,0.0
no08,533967_88199_88201_1,1400,14:00,0.0,0.0,0.0
no08,533967_88199_88201_1,1415,14:15,0.0,0.0,0.0
no08,533967_88199_88201_1,1430,14:30,0.0,0.0,0.0
no08,533967_88199_88201_1,1445,14:45,0.0,0.0,0.0
no08,533967_88199_88201_1,1500,15:00,0.0,0.0,0.0
no08,533967_88199_88201_1,1515,15:15,0.0,0.0,0.0
no08,533967_88199_88201_1,1530,15:30,0.0,0.0,0.0
no08,533967_88199_88201_1,1545,15:45,0.0,0.0,0.0
no08,533967_88199_88201_1,1600,16:00,0.0,0.0,0.0
no08,533967_88199_88201_1,1615,16:15,0.0,0.0,0.0
no08,533967_88199_88201_1,1630,16:30,0.0,0.0,0.0
no08,533967_88199_88201_1,1645,16:45,0.0,0.0,0.0
no08,533967_88199_88201_1,1700,17:00,0.0,0.0,0.0
no08,533967_88199_88201_1,1715,17:15,0.0,0.0,0.0
no08,533967_88199_88201_1,1730,17:30,0.0,0.0,0.0
no08,533967_88199_88201_1,1745,17:45,0.0,0.0,0.0
no08,533967_88199_88201_1,1800,18:00,0.0,0.0,0.0
no08,533967_88199_88201_1,1815,18:15,0.0,0.0,0.0
no08,533967_88199_88201_1,1830,18:30,0.0,0.0,0.0
no08,533967_88199_88201_1,1845,18:45,0.0,0.0,0.0
no08,533967_88200_88202_0,630,06:30,0.0,0.0,0.0
no08,533967_88200_88202_0,645,06:45,0.0,0.0,0.0
no08,533967_88200_88202_0,700,07:00,0.0,0.0,0.0
no08,533967_88200_88202_0,715,07:15,0.0,0.0,0.0
no08,533967_88200_88202_0,730,07:30,0.0,0.0,0.0
no08,533967_88200_88202_0,745,07:45,0.0,0.0,0.0
no08,533967_88200_88202_0,800,08:00,0.0,0.0,0.0
no08,533967_88200_88202_0,815,08:15,0.0,0.0,0.0
no08,533967_88200_88202_0,830,08:30,0.0,0.0,0.0
no08,533967_88200_88202_0,845,08:45,0.0,0.0,0.0
no08,533967_88200_88202_0,900,09:00,0.0,0.0,0.0
no08,533967_88200_88202_0,915,09:15,0.0,0.0,0.0
no08,533967_88200_88202_0,930,09:30,0.0,0.0,0.0
no08,533967_88200_88202_0,945,09:45,0.0,0.0,0.0
no08,533967_88200_88202_0,1000,10:00,0.0,0.0,0.0
no08,533967_88200_88202_0,1015,10:15,0.0,0.0,0.0
no08,533967_88200_88202_0,1030,10:30,0.0,0.0,0.0
no08,533967_88200_88202_0,1045,10:45,0.0,0.0,0.0
no08,533967_88200_88202_0,1100,11:00,0.0,0.0,0.0
no08,533967_88200_88202_0,1115,11:15,0.0,0.0,0.0
no08,533967_88200_88202_0,1130,11:30,0.0,0.0,0.0
no08,533967_88200_88202_0,1145,11:45,0.0,0.0,0.0
no08,533967_88200_88202_0,1200,12:00,0.0,0.0,0.0
no08,533967_88200_88202_0,1215,12:15,0.0,0.0,0.0
no08,533967_88200_88202_0,1230,12:30,0.0,0.0,0.0
no08,533967_88200_88202_0,1245,12:45,0.0,0.0,0.0
no08,533967_88200_88202_0,1300,13:00,0.0,0.0,0.0
no08,533967_88200_88202_0,1315,13:15,0.0,0.0,0.0
no08,533967_88200_88202_0,1330,13:30,0.0,0.0,0.0
no08,533967_88200_88202_0,1345,13:45,0.0,0.0,0.0
no08,533967_88200_88202_0,1400,14:00,0.0,0.0,0.0
no08,533967_88200_88202_0,1415,14:15,0.0,0.0,0.0
no08,533967_88200_88202_0,1430,14:30,0.0,0.0,0.0
no08,533967_88200_88202_0,1445,14:45,0.0,0.0,0.0
no08,533967_88200_88202_0,1500,15:00,0.0,0.0,0.0
no08,533967_88200_88202_0,1515,15:15,0.0,0.0,0.0
no08,533967_88200_88202_0,1530,15:30,0.0,0.0,0.0
no08,533967_88200_88202_0,1545,15:45,0.0,0.0,0.0
no08,533967_88200_88202_0,1600,16:00,0.0,0.0,0.0
no08,533967_88200_88202_0,1615,16:15,0.0,0.0,0.0
no08,533967_88200_88202_0,1630,16:30,0.0,0.0,0.0
no08,533967_88200_88202_0,1645,16:45,0.0,0.0,0.0
no08,533967_88200_88202_0,1700,17:00,0.0,0.0,0.0
no08,533967_88200_88202_0,1715,17:15,0.0,0.0,0.0
no08,533967_88200_88202_0,1730,17:30,0.0,0.0,0.0
no08,533967_88200_88202_0,1745,17:45,0.0,0.0,0.0
no08,533967_88200_88202_0,1800,18:00,0.0,0.0,0.0
no08,533967_88200_88202_0,1815,18:15,0.0,0.0,0.0
no08,533967_88200_88202_0,1830,18:30,0.0,0.0,0.0
no08,533967_88200_88202_0,1845,18:45,0.0,0.0,0.0
no08,533967_88200_88202_1,630,06:30,0.0,0.0,0.0
no08,533967_88200_88202_1,645,06:45,0.0,0.0,0.0
no08,533967_88200_88202_1,700,07:00,0.0,0.0,0.0
no08,533967_88200_88202_1,715,07:15,0.0,0.0,0.0
no08,533967_88200_88202_1,730,07:30,0.0,0.0,0.0
no08,533967_88200_88202_1,745,07:45,0.0,0.0,0.0
no08,533967_88200_88202_1,800,08:00,0.0,0.0,0.0
no08,533967_88200_88202_1,815,08:15,0.0,0.0,0.0
no08,533967_88200_88202_1,830,08:30,0.0,0.0,0.0
no08,533967_88200_88202_1,845,08:45,0.0,0.0,0.0
no08,533967_88200_88202_1,900,09:00,0.0,0.0,0.0
no08,533967_88200_88202_1,915,09:15,0.0,0.0,0.0
no08,533967_88200_88202_1,930,09:30,0.0,0.0,0.0
no08,533967_88200_88202_1,945,09:45,0.0,0.0,0.0
no08,533967_88200_88202_1,1000,10:00,0.0,0.0,0.0
no08,533967_88200_88202_1,1015,10:15,0.0,0.0,0.0
no08,533967_88200_88202_1,1030,10:30,0.0,0.0,0.0
no08,533967_88200_88202_1,1045,10:45,0.0,0.0,0.0
no08,533967_88200_88202_1,1100,11:00,0.0,0.0,0.0
no08,533967_88200_88202_1,1115,11:15,0.0,0.0,0.0
no08,533967_88200_88202_1,1130,11:30,0.0,0.0,0.0
no08,533967_88200_88202_1,1145,11:45,0.0,0.0,0.0
no08,533967_88200_88202_1,1200,12:00,0.0,0.0,0.0
no08,533967_88200_88202_1,1215,12:15,0.0,0.0,0.0
no08,533967_88200_88202_1,1230,12:30,0.0,0.0,0.0
no08,533967_88200_88202_1,1245,12:45,0.0,0.0,0.0
no08,533967_88200_88202_1,1300,13:00,0.0,0.0,0.0
no08,533967_88200_88202_1,1315,13:15,0.0,0.0,0.0
no08,533967_88200_88202_1,1330,13:30,0.0,0.0,0.0
no08,533967_88200_88202_1,1345,13:45,0.0,0.0,0.0
no08,533967_88200_88202_1,1400,14:00,0.0,0.0,0.0
no08,533967_88200_88202_1,1415,14:15,0.0,0.0,0.0
no08,533967_88200_88202_1,1430,14:30,0.0,0.0,0.0
no08,533967_88200_88202_1,1445,14:45,0.0,0.0,0.0
no08,533967_88200_88202_1,1500,15:00,0.0,0.0,0.0
no08,533967_88200_88202_1,1515,15:15,0.0,0.0,0.0
no08,533967_88200_88202_1,1530,15:30,0.0,0.0,0.0
no08,533967_88200_88202_1,1545,15:45,0.0,0.0,0.0
no08,533967_88200_88202_1,1600,16:00,0.0,0.0,0.0
no08,533967_88200_88202_1,1615,16:15,0.0,0.0,0.0
no08,533967_88200_88202_1,1630,16:30,0.0,0.0,0.0
no08,533967_88200_88202_1,1645,16:45,0.0,0.0,0.0
no08,533967_88200_88202_1,1700,17:00,0.0,0.0,0.0
no08,533967_88200_88202_1,1715,17:15,0.0,0.0,0.0
no08,533967_88200_88202_1,1730,17:30,0.0,0.0,0.0
no08,533967_88200_88202_1,1745,17:45,0.0,0.0,0.0
no08,533967_88200_88202_1,1800,18:00,0.0,0.0,0.0
no08,533967_88200_88202_1,1815,18:15,0.0,0.0,0.0
no08,533967_88200_88202_1,1830,18:30,0.0,0.0,0.0
no08,533967_88200_88202_1,1845,18:45,0.0,0.0,0.0
no08,533967_88201_88203_0,630,06:30,0.0,0.0,0.0
no08,533967_88201_88203_0,645,06:45,0.0,0.0,0.0
no08,533967_88201_88203_0,700,07:00,0.0,0.0,0.0
no08,533967_88201_88203_0,715,07:15,0.0,0.0,0.0
no08,533967_88201_88203_0,730,07:30,0.0,0.0,0.0
no08,533967_88201_88203_0,745,07:45,0.0,0.0,0.0
no08,533967_88201_88203_0,800,08:00,0.0,0.0,0.0
no08,533967_88201_88203_0,815,08:15,0.0,0.0,0.0
no08,533967_88201_88203_0,830,08:30,0.0,0.0,0.0
no08,533967_88201_88203_0,845,08:45,0.0,0.0,0.0
no08,533967_88201_88203_0,900,09:00,0.0,0.0,0.0
no08,533967_88201_88203_0,915,09:15,0.0,0.0,0.0
no08,533967_88201_88203_0,930,09:30,0.0,0.0,0.0
no08,533967_88201_88203_0,945,09:45,0.0,0.0,0.0
no08,533967_88201_88203_0,1000,10:00,0.0,0.0,0.0
no08,533967_88201_88203_0,1015,10:15,0.0,0.0,0.0
no08,533967_88201_88203_0,1030,10:30,0.0,0.0,0.0
no08,533967_88201_88203_0,1045,10:45,0.0,0.0,0.0
no08,533967_88201_88203_0,1100,11:00,0.0,0.0,0.0
no08,533967_88201_88203_0,1115,11:15,0.0,0.0,0.0
no08,533967_88201_88203_0,1130,11:30,0.0,0.0,0.0
no08,533967_88201_88203_0,1145,11:45,0.0,0.0,0.0
no08,533967_88201_88203_0,1200,12:00,0.0,0.0,0.0
no08,533967_88201_88203_0,1215,12:15,0.0,0.0,0.0
no08,533967_88201_88203_0,1230,12:30,0.0,0.0,0.0
no08,533967_88201_88203_0,1245,12:45,0.0,0.0,0.0
no08,533967_88201_88203_0,1300,13:00,0.0,0.0,0.0
no08,533967_88201_88203_0,1315,13:15,0.0,0.0,0.0
no08,533967_88201_88203_0,1330,13:30,0.0,0.0,0.0
no08,533967_88201_88203_0,1345,13:45,0.0,0.0,0.0
no08,533967_88201_88203_0,1400,14:00,0.0,0.0,0.0
no08,533967_88201_88203_0,1415,14:15,0.0,0.0,0.0
no08,533967_88201_88203_0,1430,14:30,0.0,0.0,0.0
no08,533967_88201_88203_0,1445,14:45,0.0,0.0,0.0
no08,533967_88201_88203_0,1500,15:00,0.0,0.0,0.0
no08,533967_88201_88203_0,1515,15:15,0.0,0.0,0.0
no08,533967_88201_88203_0,1530,15:30,0.0,0.0,0.0
no08,533967_88201_88203_0,1545,15:45,0.0,0.0,0.0
no08,533967_88201_88203_0,1600,16:00,0.0,0.0,0.0
no08,533967_88201_88203_0,1615,16:15,0.0,0.0,0.0
no08,533967_88201_88203_0,1630,16:30,0.0,0.0,0.0
no08,533967_88201_88203_0,1645,16:45,0.0,0.0,0.0
no08,533967_88201_88203_0,1700,17:00,0.0,0.0,0.0
no08,533967_88201_88203_0,1715,17:15,0.0,0.0,0.0
no08,533967_88201_88203_0,1730,17:30,0.0,0.0,0.0
no08,533967_88201_88203_0,1745,17:45,0.0,0.0,0.0
no08,533967_88201_88203_0,1800,18:00,0.0,0.0,0.0
no08,533967_88201_88203_0,1815,18:15,0.0,0.0,0.0
no08,533967_88201_88203_0,1830,18:30,0.0,0.0,0.0
no08,533967_88201_88203_0,1845,18:45,0.0,0.0,0.0
no08,533967_88201_88203_1,630,06:30,0.0,0.0,0.0
no08,533967_88201_88203_1,645,06:45,0.0,0.0,0.0
no08,533967_88201_88203_1,700,07:00,0.0,0.0,0.0
no08,533967_88201_88203_1,715,07:15,0.0,0.0,0.0
no08,533967_88201_88203_1,730,07:30,0.0,0.0,0.0
no08,533967_88201_88203_1,745,07:45,0.0,0.0,0.0
no08,533967_88201_88203_1,800,08:00,0.0,0.0,0.0
no08,533967_88201_88203_1,815,08:15,0.0,0.0,0.0
no08,533967_88201_88203_1,830,08:30,0.0,0.0,0.0
no08,533967_88201_88203_1,845,08:45,0.0,0.0,0.0
no08,533967_88201_88203_1,900,09:00,0.0,0.0,0.0
no08,533967_88201_88203_1,915,09:15,0.0,0.0,0.0
no08,533967_88201_88203_1,930,09:30,0.0,0.0,0.0
no08,533967_88201_88203_1,945,09:45,0.0,0.0,0.0
no08,533967_88201_88203_1,1000,10:00,0.0,0.0,0.0
no08,533967_88201_88203_1,1015,10:15,0.0,0.0,0.0
no08,533967_88201_88203_1,1030,10:30,0.0,0.0,0.0
no08,533967_88201_88203_1,1045,10:45,0.0,0.0,0.0
no08,533967_88201_88203_1,1100,11:00,0.0,0.0,0.0
no08,533967_88201_88203_1,1115,11:15,0.0,0.0,0.0
no08,533967_88201_88203_1,1130,11:30,0.0,0.0,0.0
no08,533967_88201_88203_1,1145,11:45,0.0,0.0,0.0
no08,533967_88201_88203_1,1200,12:00,0.0,0.0,0.0
no08,533967_88201_88203_1,1215,12:15,0.0,0.0,0.0
no08,533967_88201_88203_1,1230,12:30,0.0,0.0,0.0
no08,533967_88201_88203_1,1245,12:45,0.0,0.0,0.0
no08,533967_88201_88203_1,1300,13:00,0.0,0.0,0.0
no08,533967_88201_88203_1,1315,13:15,0.0,0.0,0.0
no08,533967_88201_88203_1,1330,13:30,0.0,0.0,0.0
no08,533967_88201_88203_1,1345,13:45,0.0,0.0,0.0
no08,533967_88201_88203_1,1400,14:00,0.0,0.0,0.0
no08,533967_88201_88203_1,1415,14:15,0.0,0.0,0.0
no08,533967_88201_88203_1,1430,14:30,0.0,0.0,0.0
no08,533967_88201_88203_1,1445,14:45,0.0,0.0,0.0
no08,533967_88201_88203_1,1500,15:00,0.0,0.0,0.0
no08,533967_88201_88203_1,1515,15:15,0.0,0.0,0.0
no08,533967_88201_88203_1,1530,15:30,0.0,0.0,0.0
no08,533967_88201_88203_1,1545,15:45,0.0,0.0,0.0
no08,533967_88201_88203_1,1600,16:00,0.0,0.0,0.0
no08,533967_88201_88203_1,1615,16:15,0.0,0.0,0.0
no08,533967_88201_88203_1,1630,16:30,0.0,0.0,0.0
no08,533967_88201_88203_1,1645,16:45,0.0,0.0,0.0
no08,533967_88201_88203_1,1700,17:00,0.0,0.0,0.0
no08,533967_88201_88203_1,1715,17:15,0.0,0.0,0.0
no08,533967_88201_88203_1,1730,17:30,0.0,0.0,0.0
no08,533967_88201_88203_1,1745,17:45,0.0,0.0,0.0
no08,533967_88201_88203_1,1800,18:00,0.0,0.0,0.0
no08,533967_88201_88203_1,1815,18:15,0.0,0.0,0.0
no08,533967_88201_88203_1,1830,18:30,0.0,0.0,0.0
no08,533967_88201_88203_1,1845,18:45,0.0,0.0,0.0
no08,533967_88201_88204_0,630,06:30,0.0,0.0,0.0
no08,533967_88201_88204_0,645,06:45,0.0,0.0,0.0
no08,533967_88201_88204_0,700,07:00,0.0,0.0,0.0
no08,533967_88201_88204_0,715,07:15,0.0,0.0,0.0
no08,533967_88201_88204_0,730,07:30,0.0,0.0,0.0
no08,533967_88201_88204_0,745,07:45,0.0,0.0,0.0
no08,533967_88201_88204_0,800,08:00,0.0,0.0,0.0
no08,533967_88201_88204_0,815,08:15,0.0,0.0,0.0
no08,533967_88201_88204_0,830,08:30,0.0,0.0,0.0
no08,533967_88201_88204_0,845,08:45,0.0,0.0,0.0
no08,533967_88201_88204_0,900,09:00,0.0,0.0,0.0
no08,533967_88201_88204_0,915,09:15,0.0,0.0,0.0
no08,533967_88201_88204_0,930,09:30,0.0,0.0,0.0
no08,533967_88201_88204_0,945,09:45,0.0,0.0,0.0
no08,533967_88201_88204_0,1000,10:00,0.0,0.0,0.0
no08,533967_88201_88204_0,1015,10:15,0.0,0.0,0.0
no08,533967_88201_88204_0,1030,10:30,0.0,0.0,0.0
no08,533967_88201_88204_0,1045,10:45,0.0,0.0,0.0
no08,533967_88201_88204_0,1100,11:00,0.0,0.0,0.0
no08,533967_88201_88204_0,1115,11:15,0.0,0.0,0.0
no08,533967_88201_88204_0,1130,11:30,0.0,0.0,0.0
no08,533967_88201_88204_0,1145,11:45,0.0,0.0,0.0
no08,533967_88201_88204_0,1200,12:00,0.0,0.0,0.0
no08,533967_88201_88204_0,1215,12:15,0.0,0.0,0.0
no08,533967_88201_88204_0,1230,12:30,0.0,0.0,0.0
no08,533967_88201_88204_0,1245,12:45,0.0,0.0,0.0
no08,533967_88201_88204_0,1300,13:00,0.0,0.0,0.0
no08,533967_88201_88204_0,1315,13:15,0.0,0.0,0.0
no08,533967_88201_88204_0,1330,13:30,0.0,0.0,0.0
no08,533967_88201_88204_0,1345,13:45,0.0,0.0,0.0
no08,533967_88201_88204_0,1400,14:00,0.0,0.0,0.0
no08,533967_88201_88204_0,1415,14:15,0.0,0.0,0.0
no08,533967_88201_88204_0,1430,14:30,0.0,0.0,0.0
no08,533967_88201_88204_0,1445,14:45,0.0,0.0,0.0
no08,533967_88201_88204_0,1500,15:00,0.0,0.0,0.0
no08,533967_88201_88204_0,1515,15:15,0.0,0.0,0.0
no08,533967_88201_88204_0,1530,15:30,0.0,0.0,0.0
no08,533967_88201_88204_0,1545,15:45,0.0,0.0,0.0
no08,533967_88201_88204_0,1600,16:00,0.0,0.0,0.0
no08,533967_88201_88204_0,1615,16:15,0.0,0.0,0.0
no08,533967_88201_88204_0,1630,16:30,0.0,0.0,0.0
no08,533967_88201_88204_0,1645,16:45,0.0,0.0,0.0
no08,533967_88201_88204_0,1700,17:00,0.0,0.0,0.0
no08,533967_88201_88204_0,1715,17:15,0.0,0.0,0.0
no08,533967_88201_88204_0,1730,17:30,0.0,0.0,0.0
no08,533967_88201_88204_0,1745,17:45,0.0,0.0,0.0
no08,533967_88201_88204_0,1800,18:00,0.0,0.0,0.0
no08,533967_88201_88204_0,1815,18:15,0.0,0.0,0.0
no08,533967_88201_88204_0,1830,18:30,0.0,0.0,0.0
no08,533967_88201_88204_0,1845,18:45,0.0,0.0,0.0
no08,533967_88201_88204_1,630,06:30,0.0,0.0,0.0
no08,533967_88201_88204_1,645,06:45,0.0,0.0,0.0
no08,533967_88201_88204_1,700,07:00,0.0,0.0,0.0
no08,533967_88201_88204_1,715,07:15,0.0,0.0,0.0
no08,533967_88201_88204_1,730,07:30,0.0,0.0,0.0
no08,533967_88201_88204_1,745,07:45,0.0,0.0,0.0
no08,533967_88201_88204_1,800,08:00,0.0,0.0,0.0
no08,533967_88201_88204_1,815,08:15,0.0,0.0,0.0
no08,533967_88201_88204_1,830,08:30,0.0,0.0,0.0
no08,533967_88201_88204_1,845,08:45,0.0,0.0,0.0
no08,533967_88201_88204_1,900,09:00,0.0,0.0,0.0
no08,533967_88201_88204_1,915,09:15,0.0,0.0,0.0
no08,533967_88201_88204_1,930,09:30,0.0,0.0,0.0
no08,533967_88201_88204_1,945,09:45,0.0,0.0,0.0
no08,533967_88201_88204_1,1000,10:00,0.0,0.0,0.0
no08,533967_88201_88204_1,1015,10:15,0.0,0.0,0.0
no08,533967_88201_88204_1,1030,10:30,0.0,0.0,0.0
no08,533967_88201_88204_1,1045,10:45,0.0,0.0,0.0
no08,533967_88201_88204_1,1100,11:00,0.0,0.0,0.0
no08,533967_88201_88204_1,1115,11:15,0.0,0.0,0.0
no08,533967_88201_88204_1,1130,11:30,0.0,0.0,0.0
no08,533967_88201_88204_1,1145,11:45,0.0,0.0,0.0
no08,533967_88201_88204_1,1200,12:00,0.0,0.0,0.0
no08,533967_88201_88204_1,1215,12:15,0.0,0.0,0.0
no08,533967_88201_88204_1,1230,12:30,0.0,0.0,0.0
no08,533967_88201_88204_1,1245,12:45,0.0,0.0,0.0
no08,533967_88201_88204_1,1300,13:00,0.0,0.0,0.0
no08,533967_88201_88204_1,1315,13:15,0.0,0.0,0.0
no08,533967_88201_88204_1,1330,13:30,0.0,0.0,0.0
no08,533967_88201_88204_1,1345,13:45,0.0,0.0,0.0
no08,533967_88201_88204_1,1400,14:00,0.0,0.0,0.0
no08,533967_88201_88204_1,1415,14:15,0.0,0.0,0.0
no08,533967_88201_88204_1,1430,14:30,0.0,0.0,0.0
no08,533967_88201_88204_1,1445,14:45,0.0,0.0,0.0
no08,533967_88201_88204_1,1500,15:00,0.0,0.0,0.0
no08,533967_88201_88204_1,1515,15:15,0.0,0.0,0.0
no08,533967_88201_88204_1,1530,15:30,0.0,0.0,0.0
no08,533967_88201_88204_1,1545,15:45,0.0,0.0,0.0
no08,533967_88201_88204_1,1600,16:00,0.0,0.0,0.0
no08,533967_88201_88204_1,1615,16:15,0.0,0.0,0.0
no08,533967_88201_88204_1,1630,16:30,0.0,0.0,0.0
no08,533967_88201_88204_1,1645,16:45,0.0,0.0,0.0
no08,533967_88201_88204_1,1700,17:00,0.0,0.0,0.0
no08,533967_88201_88204_1,1715,17:15,0.0,0.0,0.0
no08,533967_88201_88204_1,1730,17:30,0.0,0.0,0.0
no08,533967_88201_88204_1,1745,17:45,0.0,0.0,0.0
no08,533967_88201_88204_1,1800,18:00,0.0,0.0,0.0
no08,533967_88201_88204_1,1815,18:15,0.0,0.0,0.0
no08,533967_88201_88204_1,1830,18:30,0.0,0.0,0.0
no08,533967_88201_88204_1,1845,18:45,0.0,0.0,0.0
no08,533967_88202_88204_0,630,06:30,0.0,0.0,0.0
no08,533967_88202_88204_0,645,06:45,0.0,0.0,0.0
no08,533967_88202_88204_0,700,07:00,0.0,0.0,0.0
no08,533967_88202_88204_0,715,07:15,0.0,0.0,0.0
no08,533967_88202_88204_0,730,07:30,0.0,0.0,0.0
no08,533967_88202_88204_0,745,07:45,0.0,0.0,0.0
no08,533967_88202_88204_0,800,08:00,0.0,0.0,0.0
no08,533967_88202_88204_0,815,08:15,0.0,0.0,0.0
no08,533967_88202_88204_0,830,08:30,0.0,0.0,0.0
no08,533967_88202_88204_0,845,08:45,0.0,0.0,0.0
no08,533967_88202_88204_0,900,09:00,0.0,0.0,0.0
no08,533967_88202_88204_0,915,09:15,0.0,0.0,0.0
no08,533967_88202_88204_0,930,09:30,0.0,0.0,0.0
no08,533967_88202_88204_0,945,09:45,0.0,0.0,0.0
no08,533967_88202_88204_0,1000,10:00,0.0,0.0,0.0
no08,533967_88202_88204_0,1015,10:15,0.0,0.0,0.0
no08,533967_88202_88204_0,1030,10:30,0.0,0.0,0.0
no08,533967_88202_88204_0,1045,10:45,0.0,0.0,0.0
no08,533967_88202_88204_0,1100,11:00,0.0,0.0,0.0
no08,533967_88202_88204_0,1115,11:15,0.0,0.0,0.0
no08,533967_88202_88204_0,1130,11:30,0.0,0.0,0.0
no08,533967_88202_88204_0,1145,11:45,0.0,0.0,0.0
no08,533967_88202_88204_0,1200,12:00,0.0,0.0,0.0
no08,533967_88202_88204_0,1215,12:15,0.0,0.0,0.0
no08,533967_88202_88204_0,1230,12:30,0.0,0.0,0.0
no08,533967_88202_88204_0,1245,12:45,0.0,0.0,0.0
no08,533967_88202_88204_0,1300,13:00,0.0,0.0,0.0
no08,533967_88202_88204_0,1315,13:15,0.0,0.0,0.0
no08,533967_88202_88204_0,1330,13:30,0.0,0.0,0.0
no08,533967_88202_88204_0,1345,13:45,0.0,0.0,0.0
no08,533967_88202_88204_0,1400,14:00,0.0,0.0,0.0
no08,533967_88202_88204_0,1415,14:15,0.0,0.0,0.0
no08,533967_88202_88204_0,1430,14:30,0.0,0.0,0.0
no08,533967_88202_88204_0,1445,14:45,0.0,0.0,0.0
no08,533967_88202_88204_0,1500,15:00,0.0,0.0,0.0
no08,533967_88202_88204_0,1515,15:15,0.0,0.0,0.0
no08,533967_88202_88204_0,1530,15:30,0.0,0.0,0.0
no08,533967_88202_88204_0,1545,15:45,0.0,0.0,0.0
no08,533967_88202_88204_0,1600,16:00,0.0,0.0,0.0
no08,533967_88202_88204_0,1615,16:15,0.0,0.0,0.0
no08,533967_88202_88204_0,1630,16:30,0.0,0.0,0.0
no08,533967_88202_88204_0,1645,16:45,0.0,0.0,0.0
no08,533967_88202_88204_0,1700,17:00,0.0,0.0,0.0
no08,533967_88202_88204_0,1715,17:15,0.0,0.0,0.0
no08,533967_88202_88204_0,1730,17:30,0.0,0.0,0.0
no08,533967_88202_88204_0,1745,17:45,0.0,0.0,0.0
no08,533967_88202_88204_0,1800,18:00,0.0,0.0,0.0
no08,533967_88202_88204_0,1815,18:15,0.0,0.0,0.0
no08,533967_88202_88204_0,1830,18:30,0.0,0.0,0.0
no08,533967_88202_88204_0,1845,18:45,0.0,0.0,0.0
no08,533967_88202_88204_1,630,06:30,0.0,0.0,0.0
no08,533967_88202_88204_1,645,06:45,0.0,0.0,0.0
no08,533967_88202_88204_1,700,07:00,0.0,0.0,0.0
no08,533967_88202_88204_1,715,07:15,0.0,0.0,0.0
no08,533967_88202_88204_1,730,07:30,0.0,0.0,0.0
no08,533967_88202_88204_1,745,07:45,0.0,0.0,0.0
no08,533967_88202_88204_1,800,08:00,0.0,0.0,0.0
no08,533967_88202_88204_1,815,08:15,0.0,0.0,0.0
no08,533967_88202_88204_1,830,08:30,0.0,0.0,0.0
no08,533967_88202_88204_1,845,08:45,0.0,0.0,0.0
no08,533967_88202_88204_1,900,09:00,0.0,0.0,0.0
no08,533967_88202_88204_1,915,09:15,0.0,0.0,0.0
no08,533967_88202_88204_1,930,09:30,0.0,0.0,0.0
no08,533967_88202_88204_1,945,09:45,0.0,0.0,0.0
no08,533967_88202_88204_1,1000,10:00,0.0,0.0,0.0
no08,533967_88202_88204_1,1015,10:15,0.0,0.0,0.0
no08,533967_88202_88204_1,1030,10:30,0.0,0.0,0.0
no08,533967_88202_88204_1,1045,10:45,0.0,0.0,0.0
no08,533967_88202_88204_1,1100,11:00,0.0,0.0,0.0
no08,533967_88202_88204_1,1115,11:15,0.0,0.0,0.0
no08,533967_88202_88204_1,1130,11:30,0.0,0.0,0.0
no08,533967_88202_88204_1,1145,11:45,0.0,0.0,0.0
no08,533967_88202_88204_1,1200,12:00,0.0,0.0,0.0
no08,533967_88202_88204_1,1215,12:15,0.0,0.0,0.0
no08,533967_88202_88204_1,1230,12:30,0.0,0.0,0.0
no08,533967_88202_88204_1,1245,12:45,0.0,0.0,0.0
no08,533967_88202_88204_1,1300,13:00,0.0,0.0,0.0
no08,533967_88202_88204_1,1315,13:15,0.0,0.0,0.0
no08,533967_88202_88204_1,1330,13:30,0.0,0.0,0.0
no08,533967_88202_88204_1,1345,13:45,0.0,0.0,0.0
no08,533967_88202_88204_1,1400,14:00,0.0,0.0,0.0
no08,533967_88202_88204_1,1415,14:15,0.0,0.0,0.0
no08,533967_88202_88204_1,1430,14:30,0.0,0.0,0.0
no08,533967_88202_88204_1,1445,14:45,0.0,0.0,0.0
no08,533967_88202_88204_1,1500,15:00,0.0,0.0,0.0
no08,533967_88202_88204_1,1515,15:15,0.0,0.0,0.0
no08,533967_88202_88204_1,1530,15:30,0.0,0.0,0.0
no08,533967_88202_88204_1,1545,15:45,0.0,0.0,0.0
no08,533967_88202_88204_1,1600,16:00,0.0,0.0,0.0
no08,533967_88202_88204_1,1615,16:15,0.0,0.0,0.0
no08,533967_88202_88204_1,1630,16:30,0.0,0.0,0.0
no08,533967_88202_88204_1,1645,16:45,0.0,0.0,0.0
no08,533967_88202_88204_1,1700,17:00,0.0,0.0,0.0
no08,533967_88202_88204_1,1715,17:15,0.0,0.0,0.0
no08,533967_88202_88204_1,1730,17:30,0.0,0.0,0.0
no08,533967_88202_88204_1,1745,17:45,0.0,0.0,0.0
no08,533967_88202_88204_1,1800,18:00,0.0,0.0,0.0
no08,533967_88202_88204_1,1815,18:15,0.0,0.0,0.0
no08,533967_88202_88204_1,1830,18:30,0.0,0.0,0.0
no08,533967_88202_88204_1,1845,18:45,0.0,0.0,0.0
no08,533967_88202_88302_0,630,06:30,0.0,0.0,0.0
no08,533967_88202_88302_0,645,06:45,0.0,0.0,0.0
no08,533967_88202_88302_0,700,07:00,0.0,0.0,0.0
no08,533967_88202_88302_0,715,07:15,0.0,0.0,0.0
no08,533967_88202_88302_0,730,07:30,0.0,0.0,0.0
no08,533967_88202_88302_0,745,07:45,0.0,0.0,0.0
no08,533967_88202_88302_0,800,08:00,0.0,0.0,0.0
no08,533967_88202_88302_0,815,08:15,0.0,0.0,0.0
no08,533967_88202_88302_0,830,08:30,0.0,0.0,0.0
no08,533967_88202_88302_0,845,08:45,0.0,0.0,0.0
no08,533967_88202_88302_0,900,09:00,0.0,0.0,0.0
no08,533967_88202_88302_0,915,09:15,0.0,0.0,0.0
no08,533967_88202_88302_0,930,09:30,0.0,0.0,0.0
no08,533967_88202_88302_0,945,09:45,0.0,0.0,0.0
no08,533967_88202_88302_0,1000,10:00,0.0,0.0,0.0
no08,533967_88202_88302_0,1015,10:15,0.0,0.0,0.0
no08,533967_88202_88302_0,1030,10:30,0.0,0.0,0.0
no08,533967_88202_88302_0,1045,10:45,0.0,0.0,0.0
no08,533967_88202_88302_0,1100,11:00,0.0,0.0,0.0
no08,533967_88202_88302_0,1115,11:15,0.0,0.0,0.0
no08,533967_88202_88302_0,1130,11:30,0.0,0.0,0.0
no08,533967_88202_88302_0,1145,11:45,0.0,0.0,0.0
no08,533967_88202_88302_0,1200,12:00,0.0,0.0,0.0
no08,533967_88202_88302_0,1215,12:15,0.0,0.0,0.0
no08,533967_88202_88302_0,1230,12:30,0.0,0.0,0.0
no08,533967_88202_88302_0,1245,12:45,0.0,0.0,0.0
no08,533967_88202_88302_0,1300,13:00,0.0,0.0,0.0
no08,533967_88202_88302_0,1315,13:15,0.0,0.0,0.0
no08,533967_88202_88302_0,1330,13:30,0.0,0.0,0.0
no08,533967_88202_88302_0,1345,13:45,0.0,0.0,0.0
no08,533967_88202_88302_0,1400,14:00,0.0,0.0,0.0
no08,533967_88202_88302_0,1415,14:15,0.0,0.0,0.0
no08,533967_88202_88302_0,1430,14:30,0.0,0.0,0.0
no08,533967_88202_88302_0,1445,14:45,0.0,0.0,0.0
no08,533967_88202_88302_0,1500,15:00,0.0,0.0,0.0
no08,533967_88202_88302_0,1515,15:15,0.0,0.0,0.0
no08,533967_88202_88302_0,1530,15:30,0.0,0.0,0.0
no08,533967_88202_88302_0,1545,15:45,0.0,0.0,0.0
no08,533967_88202_88302_0,1600,16:00,0.0,0.0,0.0
no08,533967_88202_88302_0,1615,16:15,0.0,0.0,0.0
no08,533967_88202_88302_0,1630,16:30,0.0,0.0,0.0
no08,533967_88202_88302_0,1645,16:45,0.0,0.0,0.0
no08,533967_88202_88302_0,1700,17:00,0.0,0.0,0.0
no08,533967_88202_88302_0,1715,17:15,0.0,0.0,0.0
no08,533967_88202_88302_0,1730,17:30,0.0,0.0,0.0
no08,533967_88202_88302_0,1745,17:45,0.0,0.0,0.0
no08,533967_88202_88302_0,1800,18:00,0.0,0.0,0.0
no08,533967_88202_88302_0,1815,18:15,0.0,0.0,0.0
no08,533967_88202_88302_0,1830,18:30,0.0,0.0,0.0
no08,533967_88202_88302_0,1845,18:45,0.0,0.0,0.0
no08,533967_88202_88302_1,630,06:30,0.0,0.0,0.0
no08,533967_88202_88302_1,645,06:45,0.0,0.0,0.0
no08,533967_88202_88302_1,700,07:00,0.0,0.0,0.0
no08,533967_88202_88302_1,715,07:15,0.0,0.0,0.0
no08,533967_88202_88302_1,730,07:30,0.0,0.0,0.0
no08,533967_88202_88302_1,745,07:45,0.0,0.0,0.0
no08,533967_88202_88302_1,800,08:00,0.0,0.0,0.0
no08,533967_88202_88302_1,815,08:15,0.0,0.0,0.0
no08,533967_88202_88302_1,830,08:30,0.0,0.0,0.0
no08,533967_88202_88302_1,845,08:45,0.0,0.0,0.0
no08,533967_88202_88302_1,900,09:00,0.0,0.0,0.0
no08,533967_88202_88302_1,915,09:15,0.0,0.0,0.0
no08,533967_88202_88302_1,930,09:30,0.0,0.0,0.0
no08,533967_88202_88302_1,945,09:45,0.0,0.0,0.0
no08,533967_88202_88302_1,1000,10:00,0.0,0.0,0.0
no08,533967_88202_88302_1,1015,10:15,0.0,0.0,0.0
no08,533967_88202_88302_1,1030,10:30,0.0,0.0,0.0
no08,533967_88202_88302_1,1045,10:45,0.0,0.0,0.0
no08,533967_88202_88302_1,1100,11:00,0.0,0.0,0.0
no08,533967_88202_88302_1,1115,11:15,0.0,0.0,0.0
no08,533967_88202_88302_1,1130,11:30,0.0,0.0,0.0
no08,533967_88202_88302_1,1145,11:45,0.0,0.0,0.0
no08,533967_88202_88302_1,1200,12:00,0.0,0.0,0.0
no08,533967_88202_88302_1,1215,12:15,0.0,0.0,0.0
no08,533967_88202_88302_1,1230,12:30,0.0,0.0,0.0
no08,533967_88202_88302_1,1245,12:45,0.0,0.0,0.0
no08,533967_88202_88302_1,1300,13:00,0.0,0.0,0.0
no08,533967_88202_88302_1,1315,13:15,0.0,0.0,0.0
no08,533967_88202_88302_1,1330,13:30,0.0,0.0,0.0
no08,533967_88202_88302_1,1345,13:45,0.0,0.0,0.0
no08,533967_88202_88302_1,1400,14:00,0.0,0.0,0.0
no08,533967_88202_88302_1,1415,14:15,0.0,0.0,0.0
no08,533967_88202_88302_1,1430,14:30,0.0,0.0,0.0
no08,533967_88202_88302_1,1445,14:45,0.0,0.0,0.0
no08,533967_88202_88302_1,1500,15:00,0.0,0.0,0.0
no08,533967_88202_88302_1,1515,15:15,0.0,0.0,0.0
no08,533967_88202_88302_1,1530,15:30,0.0,0.0,0.0
no08,533967_88202_88302_1,1545,15:45,0.0,0.0,0.0
no08,533967_88202_88302_1,1600,16:00,0.0,0.0,0.0
no08,533967_88202_88302_1,1615,16:15,0.0,0.0,0.0
no08,533967_88202_88302_1,1630,16:30,0.0,0.0,0.0
no08,533967_88202_88302_1,1645,16:45,0.0,0.0,0.0
no08,533967_88202_88302_1,1700,17:00,0.0,0.0,0.0
no08,533967_88202_88302_1,1715,17:15,0.0,0.0,0.0
no08,533967_88202_88302_1,1730,17:30,0.0,0.0,0.0
no08,533967_88202_88302_1,1745,17:45,0.0,0.0,0.0
no08,533967_88202_88302_1,1800,18:00,0.0,0.0,0.0
no08,533967_88202_88302_1,1815,18:15,0.0,0.0,0.0
no08,533967_88202_88302_1,1830,18:30,0.0,0.0,0.0
no08,533967_88202_88302_1,1845,18:45,0.0,0.0,0.0
no08,533967_88203_88204_0,630,06:30,0.0,0.0,0.0
no08,533967_88203_88204_0,645,06:45,0.0,0.0,0.0
no08,533967_88203_88204_0,700,07:00,0.0,0.0,0.0
no08,533967_88203_88204_0,715,07:15,0.0,0.0,0.0
no08,533967_88203_88204_0,730,07:30,0.0,0.0,0.0
no08,533967_88203_88204_0,745,07:45,0.0,0.0,0.0
no08,533967_88203_88204_0,800,08:00,0.0,0.0,0.0
no08,533967_88203_88204_0,815,08:15,0.0,0.0,0.0
no08,533967_88203_88204_0,830,08:30,0.0,0.0,0.0
no08,533967_88203_88204_0,845,08:45,0.0,0.0,0.0
no08,533967_88203_88204_0,900,09:00,0.0,0.0,0.0
no08,533967_88203_88204_0,915,09:15,0.0,0.0,0.0
no08,533967_88203_88204_0,930,09:30,0.0,0.0,0.0
no08,533967_88203_88204_0,945,09:45,0.0,0.0,0.0
no08,533967_88203_88204_0,1000,10:00,0.0,0.0,0.0
no08,533967_88203_88204_0,1015,10:15,0.0,0.0,0.0
no08,533967_88203_88204_0,1030,10:30,0.0,0.0,0.0
no08,533967_88203_88204_0,1045,10:45,0.0,0.0,0.0
no08,533967_88203_88204_0,1100,11:00,0.0,0.0,0.0
no08,533967_88203_88204_0,1115,11:15,0.0,0.0,0.0
no08,533967_88203_88204_0,1130,11:30,0.0,0.0,0.0
no08,533967_88203_88204_0,1145,11:45,0.0,0.0,0.0
no08,533967_88203_88204_0,1200,12:00,0.0,0.0,0.0
no08,533967_88203_88204_0,1215,12:15,0.0,0.0,0.0
no08,533967_88203_88204_0,1230,12:30,0.0,0.0,0.0
no08,533967_88203_88204_0,1245,12:45,0.0,0.0,0.0
no08,533967_88203_88204_0,1300,13:00,0.0,0.0,0.0
no08,533967_88203_88204_0,1315,13:15,0.0,0.0,0.0
no08,533967_88203_88204_0,1330,13:30,0.0,0.0,0.0
no08,533967_88203_88204_0,1345,13:45,0.0,0.0,0.0
no08,533967_88203_88204_0,1400,14:00,0.0,0.0,0.0
no08,533967_88203_88204_0,1415,14:15,0.0,0.0,0.0
no08,533967_88203_88204_0,1430,14:30,0.0,0.0,0.0
no08,533967_88203_88204_0,1445,14:45,0.0,0.0,0.0
no08,533967_88203_88204_0,1500,15:00,0.0,0.0,0.0
no08,533967_88203_88204_0,1515,15:15,0.0,0.0,0.0
no08,533967_88203_88204_0,1530,15:30,0.0,0.0,0.0
no08,533967_88203_88204_0,1545,15:45,0.0,0.0,0.0
no08,533967_88203_88204_0,1600,16:00,0.0,0.0,0.0
no08,533967_88203_88204_0,1615,16:15,0.0,0.0,0.0
no08,533967_88203_88204_0,1630,16:30,0.0,0.0,0.0
no08,533967_88203_88204_0,1645,16:45,0.0,0.0,0.0
no08,533967_88203_88204_0,1700,17:00,0.0,0.0,0.0
no08,533967_88203_88204_0,1715,17:15,0.0,0.0,0.0
no08,533967_88203_88204_0,1730,17:30,0.0,0.0,0.0
no08,533967_88203_88204_0,1745,17:45,0.0,0.0,0.0
no08,533967_88203_88204_0,1800,18:00,0.0,0.0,0.0
no08,533967_88203_88204_0,1815,18:15,0.0,0.0,0.0
no08,533967_88203_88204_0,1830,18:30,0.0,0.0,0.0
no08,533967_88203_88204_0,1845,18:45,0.0,0.0,0.0
no08,533967_88203_88204_1,630,06:30,0.0,0.0,0.0
no08,533967_88203_88204_1,645,06:45,0.0,0.0,0.0
no08,533967_88203_88204_1,700,07:00,0.0,0.0,0.0
no08,533967_88203_88204_1,715,07:15,0.0,0.0,0.0
no08,533967_88203_88204_1,730,07:30,0.0,0.0,0.0
no08,533967_88203_88204_1,745,07:45,0.0,0.0,0.0
no08,533967_88203_88204_1,800,08:00,0.0,0.0,0.0
no08,533967_88203_88204_1,815,08:15,0.0,0.0,0.0
no08,533967_88203_88204_1,830,08:30,0.0,0.0,0.0
no08,533967_88203_88204_1,845,08:45,0.0,0.0,0.0
no08,533967_88203_88204_1,900,09:00,0.0,0.0,0.0
no08,533967_88203_88204_1,915,09:15,0.0,0.0,0.0
no08,533967_88203_88204_1,930,09:30,0.0,0.0,0.0
no08,533967_88203_88204_1,945,09:45,0.0,0.0,0.0
no08,533967_88203_88204_1,1000,10:00,0.0,0.0,0.0
no08,533967_88203_88204_1,1015,10:15,0.0,0.0,0.0
no08,533967_88203_88204_1,1030,10:30,0.0,0.0,0.0
no08,533967_88203_88204_1,1045,10:45,0.0,0.0,0.0
no08,533967_88203_88204_1,1100,11:00,0.0,0.0,0.0
no08,533967_88203_88204_1,1115,11:15,0.0,0.0,0.0
no08,533967_88203_88204_1,1130,11:30,0.0,0.0,0.0
no08,533967_88203_88204_1,1145,11:45,0.0,0.0,0.0
no08,533967_88203_88204_1,1200,12:00,0.0,0.0,0.0
no08,533967_88203_88204_1,1215,12:15,0.0,0.0,0.0
no08,533967_88203_88204_1,1230,12:30,0.0,0.0,0.0
no08,533967_88203_88204_1,1245,12:45,0.0,0.0,0.0
no08,533967_88203_88204_1,1300,13:00,0.0,0.0,0.0
no08,533967_88203_88204_1,1315,13:15,0.0,0.0,0.0
no08,533967_88203_88204_1,1330,13:30,0.0,0.0,0.0
no08,533967_88203_88204_1,1345,13:45,0.0,0.0,0.0
no08,533967_88203_88204_1,1400,14:00,0.0,0.0,0.0
no08,533967_88203_88204_1,1415,14:15,0.0,0.0,0.0
no08,533967_88203_88204_1,1430,14:30,0.0,0.0,0.0
no08,533967_88203_88204_1,1445,14:45,0.0,0.0,0.0
no08,533967_88203_88204_1,1500,15:00,0.0,0.0,0.0
no08,533967_88203_88204_1,1515,15:15,0.0,0.0,0.0
no08,533967_88203_88204_1,1530,15:30,0.0,0.0,0.0
no08,533967_88203_88204_1,1545,15:45,0.0,0.0,0.0
no08,533967_88203_88204_1,1600,16:00,0.0,0.0,0.0
no08,533967_88203_88204_1,1615,16:15,0.0,0.0,0.0
no08,533967_88203_88204_1,1630,16:30,0.0,0.0,0.0
no08,533967_88203_88204_1,1645,16:45,0.0,0.0,0.0
no08,533967_88203_88204_1,1700,17:00,0.0,0.0,0.0
no08,533967_88203_88204_1,1715,17:15,0.0,0.0,0.0
no08,533967_88203_88204_1,1730,17:30,0.0,0.0,0.0
no08,533967_88203_88204_1,1745,17:45,0.0,0.0,0.0
no08,533967_88203_88204_1,1800,18:00,0.0,0.0,0.0
no08,533967_88203_88204_1,1815,18:15,0.0,0.0,0.0
no08,533967_88203_88204_1,1830,18:30,0.0,0.0,0.0
no08,533967_88203_88204_1,1845,18:45,0.0,0.0,0.0
no08,533967_88203_88302_0,630,06:30,0.0,0.0,0.0
no08,533967_88203_88302_0,645,06:45,0.0,0.0,0.0
no08,533967_88203_88302_0,700,07:00,0.0,0.0,0.0
no08,533967_88203_88302_0,715,07:15,0.0,0.0,0.0
no08,533967_88203_88302_0,730,07:30,0.0,0.0,0.0
no08,533967_88203_88302_0,745,07:45,0.0,0.0,0.0
no08,533967_88203_88302_0,800,08:00,0.0,0.0,0.0
no08,533967_88203_88302_0,815,08:15,0.0,0.0,0.0
no08,533967_88203_88302_0,830,08:30,0.0,0.0,0.0
no08,533967_88203_88302_0,845,08:45,0.0,0.0,0.0
no08,533967_88203_88302_0,900,09:00,0.0,0.0,0.0
no08,533967_88203_88302_0,915,09:15,0.0,0.0,0.0
no08,533967_88203_88302_0,930,09:30,0.0,0.0,0.0
no08,533967_88203_88302_0,945,09:45,0.0,0.0,0.0
no08,533967_88203_88302_0,1000,10:00,0.0,0.0,0.0
no08,533967_88203_88302_0,1015,10:15,0.0,0.0,0.0
no08,533967_88203_88302_0,1030,10:30,0.0,0.0,0.0
no08,533967_88203_88302_0,1045,10:45,0.0,0.0,0.0
no08,533967_88203_88302_0,1100,11:00,0.0,0.0,0.0
no08,533967_88203_88302_0,1115,11:15,0.0,0.0,0.0
no08,533967_88203_88302_0,1130,11:30,0.0,0.0,0.0
no08,533967_88203_88302_0,1145,11:45,0.0,0.0,0.0
no08,533967_88203_88302_0,1200,12:00,0.0,0.0,0.0
no08,533967_88203_88302_0,1215,12:15,0.0,0.0,0.0
no08,533967_88203_88302_0,1230,12:30,0.0,0.0,0.0
no08,533967_88203_88302_0,1245,12:45,0.0,0.0,0.0
no08,533967_88203_88302_0,1300,13:00,0.0,0.0,0.0
no08,533967_88203_88302_0,1315,13:15,0.0,0.0,0.0
no08,533967_88203_88302_0,1330,13:30,0.0,0.0,0.0
no08,533967_88203_88302_0,1345,13:45,0.0,0.0,0.0
no08,533967_88203_88302_0,1400,14:00,0.0,0.0,0.0
no08,533967_88203_88302_0,1415,14:15,0.0,0.0,0.0
no08,533967_88203_88302_0,1430,14:30,0.0,0.0,0.0
no08,533967_88203_88302_0,1445,14:45,0.0,0.0,0.0
no08,533967_88203_88302_0,1500,15:00,0.0,0.0,0.0
no08,533967_88203_88302_0,1515,15:15,0.0,0.0,0.0
no08,533967_88203_88302_0,1530,15:30,0.0,0.0,0.0
no08,533967_88203_88302_0,1545,15:45,0.0,0.0,0.0
no08,533967_88203_88302_0,1600,16:00,0.0,0.0,0.0
no08,533967_88203_88302_0,1615,16:15,0.0,0.0,0.0
no08,533967_88203_88302_0,1630,16:30,0.0,0.0,0.0
no08,533967_88203_88302_0,1645,16:45,0.0,0.0,0.0
no08,533967_88203_88302_0,1700,17:00,0.0,0.0,0.0
no08,533967_88203_88302_0,1715,17:15,0.0,0.0,0.0
no08,533967_88203_88302_0,1730,17:30,0.0,0.0,0.0
no08,533967_88203_88302_0,1745,17:45,0.0,0.0,0.0
no08,533967_88203_88302_0,1800,18:00,0.0,0.0,0.0
no08,533967_88203_88302_0,1815,18:15,0.0,0.0,0.0
no08,533967_88203_88302_0,1830,18:30,0.0,0.0,0.0
no08,533967_88203_88302_0,1845,18:45,0.0,0.0,0.0
no08,533967_88203_88302_1,630,06:30,0.0,0.0,0.0
no08,533967_88203_88302_1,645,06:45,0.0,0.0,0.0
no08,533967_88203_88302_1,700,07:00,0.0,0.0,0.0
no08,533967_88203_88302_1,715,07:15,0.0,0.0,0.0
no08,533967_88203_88302_1,730,07:30,0.0,0.0,0.0
no08,533967_88203_88302_1,745,07:45,0.0,0.0,0.0
no08,533967_88203_88302_1,800,08:00,0.0,0.0,0.0
no08,533967_88203_88302_1,815,08:15,0.0,0.0,0.0
no08,533967_88203_88302_1,830,08:30,0.0,0.0,0.0
no08,533967_88203_88302_1,845,08:45,0.0,0.0,0.0
no08,533967_88203_88302_1,900,09:00,0.0,0.0,0.0
no08,533967_88203_88302_1,915,09:15,0.0,0.0,0.0
no08,533967_88203_88302_1,930,09:30,0.0,0.0,0.0
no08,533967_88203_88302_1,945,09:45,0.0,0.0,0.0
no08,533967_88203_88302_1,1000,10:00,0.0,0.0,0.0
no08,533967_88203_88302_1,1015,10:15,0.0,0.0,0.0
no08,533967_88203_88302_1,1030,10:30,0.0,0.0,0.0
no08,533967_88203_88302_1,1045,10:45,0.0,0.0,0.0
no08,533967_88203_88302_1,1100,11:00,0.0,0.0,0.0
no08,533967_88203_88302_1,1115,11:15,0.0,0.0,0.0
no08,533967_88203_88302_1,1130,11:30,0.0,0.0,0.0
no08,533967_88203_88302_1,1145,11:45,0.0,0.0,0.0
no08,533967_88203_88302_1,1200,12:00,0.0,0.0,0.0
no08,533967_88203_88302_1,1215,12:15,0.0,0.0,0.0
no08,533967_88203_88302_1,1230,12:30,0.0,0.0,0.0
no08,533967_88203_88302_1,1245,12:45,0.0,0.0,0.0
no08,533967_88203_88302_1,1300,13:00,0.0,0.0,0.0
no08,533967_88203_88302_1,1315,13:15,0.0,0.0,0.0
no08,533967_88203_88302_1,1330,13:30,0.0,0.0,0.0
no08,533967_88203_88302_1,1345,13:45,0.0,0.0,0.0
no08,533967_88203_88302_1,1400,14:00,0.0,0.0,0.0
no08,533967_88203_88302_1,1415,14:15,0.0,0.0,0.0
no08,533967_88203_88302_1,1430,14:30,0.0,0.0,0.0
no08,533967_88203_88302_1,1445,14:45,0.0,0.0,0.0
no08,533967_88203_88302_1,1500,15:00,0.0,0.0,0.0
no08,533967_88203_88302_1,1515,15:15,0.0,0.0,0.0
no08,533967_88203_88302_1,1530,15:30,0.0,0.0,0.0
no08,533967_88203_88302_1,1545,15:45,0.0,0.0,0.0
no08,533967_88203_88302_1,1600,16:00,0.0,0.0,0.0
no08,533967_88203_88302_1,1615,16:15,0.0,0.0,0.0
no08,533967_88203_88302_1,1630,16:30,0.0,0.0,0.0
no08,533967_88203_88302_1,1645,16:45,0.0,0.0,0.0
no08,533967_88203_88302_1,1700,17:00,0.0,0.0,0.0
no08,533967_88203_88302_1,1715,17:15,0.0,0.0,0.0
no08,533967_88203_88302_1,1730,17:30,0.0,0.0,0.0
no08,533967_88203_88302_1,1745,17:45,0.0,0.0,0.0
no08,533967_88203_88302_1,1800,18:00,0.0,0.0,0.0
no08,533967_88203_88302_1,1815,18:15,0.0,0.0,0.0
no08,533967_88203_88302_1,1830,18:30,0.0,0.0,0.0
no08,533967_88203_88302_1,1845,18:45,0.0,0.0,0.0
no08,I_11_0129024139429,630,06:30,1413.013,1412.4,-0.612999999999829
no08,I_11_0129024139429,645,06:45,1229.881,1232.9436842105265,3.062684210526413
no08,I_11_0129024139429,700,07:00,1356.025,1354.1852631578947,-1.839736842105367
no08,I_11_0129024139429,715,07:15,1659.2435,1669.427894736842,10.184394736842023
no08,I_11_0129024139429,730,07:30,1808.1925,1810.754736842105,2.562236842104994
no08,I_11_0129024139429,745,07:45,1936.2355,1922.3836842105263,-13.851815789473676
no08,I_11_0129024139429,800,08:00,1269.6775,1283.2984210526315,13.620921052631502
no08,I_11_0129024139429,815,08:15,2275.0165,2297.871578947368,22.85507894736793
no08,I_11_0129024139429,830,08:30,1998.836,1941.6447368421047,-57.191263157895264
no08,I_11_0129024139429,845,08:45,1118.692,1145.777894736842,27.085894736841965
no08,I_11_0129024139429,900,09:00,1378.6075,1397.135789473684,18.528289473684026
no08,I_11_0129024139429,915,09:15,1406.2505,1411.4257894736843,5.175289473684188
no08,I_11_0129024139429,930,09:30,1150.648,1116.0257894736842,-34.62221052631571
no08,I_11_0129024139429,945,09:45,1183.186,1210.8994736842103,27.713473684210385
no08,I_11_0129024139429,1000,10:00,1653.746,1658.847894736842,5.101894736841814
no08,I_11_0129024139429,1015,10:15,1508.6665,1521.2652631578949,12.598763157894837
no08,I_11_0129024139429,1030,10:30,1237.6155,1207.5431578947369,-30.07234210526326
no08,I_11_0129024139429,1045,10:45,1620.198,1607.1668421052632,-13.031157894736907
no08,I_11_0129024139429,1100,11:00,1491.5305,1481.0857894736844,-10.444710526315703
no08,I_11_0129024139429,1115,11:15,1591.451,1613.284210526316,21.833210526315952
no08,I_11_0129024139429,1130,11:30,1376.8785,1398.4389473684212,21.560447368421137
no08,I_11_0129024139429,1145,11:45,2004.625,1985.2378947368425,-19.387105263157537
no08,I_11_0129024139429,1200,12:00,1559.5415,1570.6984210526316,11.15692105263156
no08,I_11_0129024139429,1215,12:15,1324.5195,1310.094210526316,-14.425289473684188
no08,I_11_0129024139429,1230,12:30,1759.581,1787.0573684210524,27.476368421052484
no08,I_11_0129024139429,1245,12:45,1273.1460000000002,1270.252631578947,-2.893368421053083
no08,I_11_0129024139429,1300,13:00,1564.39,1572.0673684210526,7.677368421052506
no08,I_11_0129024139429,1315,13:15,1737.7845000000002,1737.8194736842106,0.03497368421039937
no08,I_11_0129024139429,1330,13:30,1427.963,1385.0742105263157,-42.888789473684255
no08,I_11_0129024139429,1345,13:45,1613.86,1623.2273684210527,9.367368421052788
no08,I_11_0129024139429,1400,14:00,1046.5125,1058.1310526315788,11.618552631578723
no08,I_11_0129024139429,1415,14:15,1635.8735,1649.0526315789473,13.179131578947363
no08,I_11_0129024139429,1430,14:30,1044.011,1028.8768421052632,-15.134157894736745
no08,I_11_0129024139429,1445,14:45,1164.352,1185.901052631579,21.54905263157889
no08,I_11_0129024139429,1500,15:00,2071.797,2042.434210526316,-29.36278947368396
no08,I_11_0129024139429,1515,15:15,1120.4375,1170.731052631579,50.293552631578905
no08,I_11_0129024139429,1530,15:30,1404.6975,1375.1963157894736,-29.50118421052639
no08,I_11_0129024139429,1545,15:45,1324.6625,1314.62,-10.042500000000018
no08,I_11_0129024139429,1600,16:00,1909.0455,1895.5315789473684,-13.513921052631531
no08,I_11_0129024139429,1615,16:15,1494.6465,1489.345789473684,-5.300710526316152
no08,I_11_0129024139429,1630,16:30,1838.3765,1840.0473684210529,1.6708684210527736
no08,I_11_0129024139429,1645,16:45,1554.0495,1573.022105263158,18.972605263157902
no08,I_11_0129024139429,1700,17:00,1810.8845,1813.0584210526315,2.173921052631613
no08,I_11_0129024139429,1715,17:15,1061.5255,1050.7678947368422,-10.757605263157757
no08,I_11_0129024139429,1730,17:30,1840.0605,1831.924210526316,-8.136289473683973
no08,I_11_0129024139429,1745,17:45,1927.602,1951.3621052631577,23.760105263157584
no08,I_11_0129024139429,1800,18:00,1813.5265,1813.448947368421,-0.07755263157901027
no08,I_11_0129024139429,1815,18:15,1139.195,1131.1163157894737,-8.078684210526262
no08,I_11_0129024139429,1830,18:30,1054.508,1068.0284210526315,13.520421052631491
no08,I_11_0129024139429,1845,18:45,962.581,983.8894736842104,21.308473684210412
no08,I_11_0129024139444,630,06:30,350.6095,348.73578947368424,-1.87371052631579
no08,I_11_0129024139444,645,06:45,453.847,455.9510526315789,2.104052631578895
no08,I_11_0129024139444,700,07:00,1008.6945,1009.5947368421052,0.9002368421053006
no08,I_11_0129024139444,715,07:15,1214.2825,1200.54,-13.742500000000064
no08,I_11_0129024139444,730,07:30,1118.717,1131.3926315789474,12.675631578947332
no08,I_11_0129024139444,745,07:45,1886.221,1739.737894736842,-146.483105263158
no08,I_11_0129024139444,800,08:00,2356.1600000000003,2285.6394736842108,-70.52052631578954
no08,I_11_0129024139444,815,08:15,1267.2915,1405.7163157894738,138.42481578947377
no08,I_11_0129024139444,830,08:30,1210.0275,1212.999473684211,2.9719736842109796
no08,I_11_0129024139444,845,08:45,1425.5985,1391.4305263157894,-34.167973684210665
no08,I_11_0129024139444,900,09:00,1951.4145,1935.5663157894735,-15.848184210526597
no08,I_11_0129024139444,915,09:15,1032.4005,1051.7347368421051,19.334236842105156
no08,I_11_0129024139444,930,09:30,1419.2305,1399.9726315789474,-19.257868421052535
no08,I_11_0129024139444,945,09:45,1722.5355,1754.2384210526316,31.70292105263161
no08,I_11_0129024139444,1000,10:00,1076.9505,1105.8894736842103,28.938973684210396
no08,I_11_0129024139444,1015,10:15,1114.233,1096.0163157894738,-18.216684210526182
no08,I_11_0129024139444,1030,10:30,885.128,919.6942105263156,34.56621052631556
no08,I_11_0129024139444,1045,10:45,1087.494,1059.0247368421053,-28.469263157894602
no08,I_11_0129024139444,1100,11:00,1190.8200000000002,1175.136842105263,-15.683157894737178
no08,I_11_0129024139444,1115,11:15,1938.9795,1934.0247368421053,-4.954763157894604
no08,I_11_0129024139444,1130,11:30,1102.8035,1106.6821052631578,3.8786052631578514
no08,I_11_0129024139444,1145,11:45,1232.284,1239.5547368421053,7.27073684210518
no08,I_11_0129024139444,1200,12:00,1403.6795,1383.747368421053,-19.932131578947065
no08,I_11_0129024139444,1215,12:15,1902.572,1905.7884210526315,3.216421052631631
no08,I_11_0129024139444,1230,12:30,1919.403,1956.1815789473685,36.77857894736849
no08,I_11_0129024139444,1245,12:45,1334.4805,1273.5310526315789,-60.94944736842103
no08,I_11_0129024139444,1300,13:00,1512.1385,1532.292105263158,20.153605263157942
no08,I_11_0129024139444,1315,13:15,1284.649,1281.6415789473683,-3.007421052631571
no08,I_11_0129024139444,1330,13:30,1334.144,1355.1363157894737,20.99231578947365
no08,I_11_0129024139444,1345,13:45,1052.707,1047.1921052631578,-5.51489473684228
no08,I_11_0129024139444,1400,14:00,1309.8094999999998,1343.717894736842,33.90839473684218
no08,I_11_0129024139444,1415,14:15,1957.7425,1974.6852631578945,16.942763157894433
no08,I_11_0129024139444,1430,14:30,1649.302,1607.95,-41.35199999999986
no08,I_11_0129024139444,1445,14:45,1356.0415,1366.8731578947368,10.831657894736736
no08,I_11_0129024139444,1500,15:00,1674.7325,1719.1042105263157,44.37171052631561
no08,I_11_0129024139444,1515,15:15,1557.816,1542.251052631579,-15.564947368421144
no08,I_11_0129024139444,1530,15:30,1908.403,1877.9136842105263,-30.48931578947372
no08,I_11_0129024139444,1545,15:45,1766.7154999999998,1780.47,13.754500000000235
no08,I_11_0129024139444,1600,16:00,1358.922,1354.7121052631578,-4.209894736842216
no08,I_11_0129024139444,1615,16:15,911.9685,931.1305263157894,19.16202631578949
no08,I_11_0129024139444,1630,16:30,609.4934999999999,629.8431578947369,20.349657894736993
no08,I_11_0129024139444,1645,16:45,944.9495,936.7742105263158,-8.175289473684188
no08,I_11_0129024139444,1700,17:00,1185.1365,1176.88,-8.25649999999996
no08,I_11_0129024139444,1715,17:15,1763.2720000000002,1761.097894736842,-2.1741052631582534
no08,I_11_0129024139444,1730,17:30,1757.518,1743.7005263157894,-13.817473684210654
no08,I_11_0129024139444,1745,17:45,1924.7395,1852.311052631579,-72.42844736842085
no08,I_11_0129024139444,1800,18:00,1993.5975,1946.124210526316,-47.47328947368419
no08,I_11_0129024139444,1815,18:15,2036.9100000000003,2138.016315789473,101.10631578947277
no08,I_11_0129024139444,1830,18:30,1272.856,1388.0731578947368,115.21715789473683
no08,I_11_0129024139444,1845,18:45,1646.293,1555.7336842105262,-90.55931578947366
no08,I_11_0129024146232,630,06:30,2641.2445,2625.4052631578948,-15.839236842105038
no08,I_11_0129024146232,645,06:45,2421.117,2441.537894736842,20.420894736842
no08,I_11_0129024146232,700,07:00,2643.135,2631.966842105263,-11.168157894737305
no08,I_11_0129024146232,715,07:15,3186.1735,3207.7742105263155,21.600710526315652
no08,I_11_0129024146232,730,07:30,3524.149,3520.273157894737,-3.8758421052630183
no08,I_11_0129024146232,745,07:45,3845.3485,3817.007894736842,-28.340605263158068
no08,I_11_0129024146232,800,08:00,2426.0245,2448.1910526315787,22.166552631578725
no08,I_11_0129024146232,815,08:15,4403.728499999999,4451.897894736842,48.16939473684306
no08,I_11_0129024146232,830,08:30,3789.3155,3677.042105263158,-112.27339473684196
no08,I_11_0129024146232,845,08:45,2256.2775,2299.3984210526314,43.120921052631275
no08,I_11_0129024146232,900,09:00,2701.643,2735.964736842105,34.32173684210511
no08,I_11_0129024146232,915,09:15,2710.922,2727.15,16.228000000000065
no08,I_11_0129024146232,930,09:30,2253.787,2168.3384210526315,-85.44857894736833
no08,I_11_0129024146232,945,09:45,2202.724,2307.222105263158,104.49810526315787
no08,I_11_0129024146232,1000,10:00,3283.5415000000003,3251.228947368421,-32.312552631579365
no08,I_11_0129024146232,1015,10:15,2967.048,2968.34,1.292000000000371
no08,I_11_0129024146232,1030,10:30,2528.0150000000003,2490.505789473684,-37.50921052631611
no08,I_11_0129024146232,1045,10:45,3002.95,2967.560526315789,-35.38947368421077
no08,I_11_0129024146232,1100,11:00,2990.7655,2970.88,-19.885499999999865
no08,I_11_0129024146232,1115,11:15,3143.259,3180.472105263158,37.21310526315801
no08,I_11_0129024146232,1130,11:30,2669.233,2704.8721052631577,35.63910526315749
no08,I_11_0129024146232,1145,11:45,3740.665,3728.690526315789,-11.974473684210807
no08,I_11_0129024146232,1200,12:00,3078.509,3054.961052631579,-23.547947368420864
no08,I_11_0129024146232,1215,12:15,2687.297,2683.102105263158,-4.1948947368418885
no08,I_11_0129024146232,1230,12:30,3343.1040000000003,3400.6957894736843,57.591789473684
no08,I_11_0129024146232,1245,12:45,2515.5080000000003,2500.2415789473685,-15.266421052631813
no08,I_11_0129024146232,1300,13:00,3025.2405,3024.988421052632,-0.2520789473678633
no08,I_11_0129024146232,1315,13:15,3404.9205,3415.733157894737,10.81265789473673
no08,I_11_0129024146232,1330,13:30,2793.183,2721.654210526316,-71.5287894736839
no08,I_11_0129024146232,1345,13:45,3114.675,3134.5894736842106,19.914473684210407
no08,I_11_0129024146232,1400,14:00,2042.9925,2065.3273684210526,22.334868421052533
no08,I_11_0129024146232,1415,14:15,3207.9695,3239.8594736842106,31.889973684210418
no08,I_11_0129024146232,1430,14:30,1975.4535,1931.0352631578944,-44.41823684210567
no08,I_11_0129024146232,1445,14:45,2310.4845,2345.2831578947366,34.79865789473661
no08,I_11_0129024146232,1500,15:00,3921.2265,3821.625789473684,-99.6007105263161
no08,I_11_0129024146232,1515,15:15,2238.5705,2369.326315789473,130.75581578947322
no08,I_11_0129024146232,1530,15:30,2549.27,2515.991052631579,-33.278947368421086
no08,I_11_0129024146232,1545,15:45,2614.9895,2587.185789473684,-27.80371052631608
no08,I_11_0129024146232,1600,16:00,3561.1449999999995,3507.079473684211,-54.0655263157887
no08,I_11_0129024146232,1615,16:15,3014.6535,3003.492631578948,-11.160868421051873
no08,I_11_0129024146232,1630,16:30,3528.88,3545.2015789473685,16.32157894736838
no08,I_11_0129024146232,1645,16:45,3026.7555,3078.7005263157894,51.945026315789164
no08,I_11_0129024146232,1700,17:00,3586.5195,3541.8073684210526,-44.712131578947265
no08,I_11_0129024146232,1715,17:15,2099.926,2093.7036842105263,-6.222315789473669
no08,I_11_0129024146232,1730,17:30,3501.2125,3461.741052631579,-39.471447368421195
no08,I_11_0129024146232,1745,17:45,3807.8965,3875.514736842105,67.61823684210503
no08,I_11_0129024146232,1800,18:00,3405.2035,3387.2047368421054,-17.9987631578947
no08,I_11_0129024146232,1815,18:15,2259.4175,2255.3931578947368,-4.024342105263258
no08,I_11_0129024146232,1830,18:30,2057.694,2086.0331578947366,28.339157894736672
no08,I_11_0129024146232,1845,18:45,1861.8795,1941.0752631578948,79.19576315789482
no08,I_11_0129024146246,630,06:30,170.98250000000002,177.72000000000003,6.737500000000011
no08,I_11_0129024146246,645,06:45,220.343,227.9678947368421,7.624894736842123
no08,I_11_0129024146246,700,07:00,486.879,496.0136842105263,9.134684210526302
no08,I_11_0129024146246,715,07:15,594.101,603.2621052631579,9.161105263157879
no08,I_11_0129024146246,730,07:30,549.4739999999999,564.6010526315789,15.127052631578977
no08,I_11_0129024146246,745,07:45,1005.9225,919.4136842105264,-86.5088157894736
no08,I_11_0129024146246,800,08:00,1118.1385,1145.276842105263,27.138342105263064
no08,I_11_0129024146246,815,08:15,652.3905,732.4573684210527,80.06686842105273
no08,I_11_0129024146246,830,08:30,705.501,723.9657894736843,18.464789473684277
no08,I_11_0129024146246,845,08:45,702.012,731.1057894736842,29.093789473684296
no08,I_11_0129024146246,900,09:00,1003.5245,1026.8826315789474,23.35813157894745
no08,I_11_0129024146246,915,09:15,520.605,549.041052631579,28.436052631578946
no08,I_11_0129024146246,930,09:30,751.8149999999999,764.3315789473684,12.51657894736843
no08,I_11_0129024146246,945,09:45,852.0709999999999,901.0673684210526,48.99636842105269
no08,I_11_0129024146246,1000,10:00,600.3585,628.1626315789474,27.804131578947363
no08,I_11_0129024146246,1015,10:15,558.7610000000001,580.1005263157895,21.339526315789385
no08,I_11_0129024146246,1030,10:30,472.5885,486.20789473684215,13.619394736842139
no08,I_11_0129024146246,1045,10:45,522.3425,544.9657894736843,22.62328947368428
no08,I_11_0129024146246,1100,11:00,644.857,637.467894736842,-7.389105263157944
no08,I_11_0129024146246,1115,11:15,975.365,1012.5678947368422,37.202894736842154
no08,I_11_0129024146246,1130,11:30,522.7755,536.7473684210527,13.971868421052704
no08,I_11_0129024146246,1145,11:45,662.2015,675.1736842105263,12.97218421052628
no08,I_11_0129024146246,1200,12:00,657.3115,671.681052631579,14.369552631578927
no08,I_11_0129024146246,1215,12:15,967.1365,994.0078947368422,26.871394736842262
no08,I_11_0129024146246,1230,12:30,982.7835,1003.6515789473684,20.868078947368417
no08,I_11_0129024146246,1245,12:45,688.274,677.7689473684211,-10.505052631578906
no08,I_11_0129024146246,1300,13:00,761.922,772.3947368421053,10.472736842105292
no08,I_11_0129024146246,1315,13:15,633.8675000000001,647.7473684210527,13.879868421052606
no08,I_11_0129024146246,1330,13:30,711.4665,718.421052631579,6.954552631578963
no08,I_11_0129024146246,1345,13:45,523.27,556.0500000000001,32.780000000000086
no08,I_11_0129024146246,1400,14:00,662.022,692.3142105263157,30.29221052631567
no08,I_11_0129024146246,1415,14:15,1001.583,1010.3294736842104,8.7464736842104
no08,I_11_0129024146246,1430,14:30,866.4925000000001,888.8694736842106,22.376973684210498
no08,I_11_0129024146246,1445,14:45,647.3555,685.4947368421052,38.13923684210522
no08,I_11_0129024146246,1500,15:00,851.1524999999999,884.5373684210526,33.384868421052715
no08,I_11_0129024146246,1515,15:15,837.4290000000001,827.7494736842106,-9.67952631578953
no08,I_11_0129024146246,1530,15:30,953.3745,978.8505263157896,25.476026315789568
no08,I_11_0129024146246,1545,15:45,910.3805,935.0668421052632,24.68634210526318
no08,I_11_0129024146246,1600,16:00,632.4685,634.7315789473683,2.263078947368399
no08,I_11_0129024146246,1615,16:15,443.2015,458.5115789473684,15.310078947368368
no08,I_11_0129024146246,1630,16:30,305.091,332.8478947368421,27.75689473684207
no08,I_11_0129024146246,1645,16:45,508.1535,508.2252631578947,0.07176315789467935
no08,I_11_0129024146246,1700,17:00,671.759,675.6315789473684,3.8725789473684245
no08,I_11_0129024146246,1715,17:15,882.7985000000001,918.877894736842,36.07939473684189
no08,I_11_0129024146246,1730,17:30,928.59,961.7294736842106,33.13947368421054
no08,I_11_0129024146246,1745,17:45,937.7065,931.5768421052632,-6.129657894736852
no08,I_11_0129024146246,1800,18:00,1107.4085,1132.1031578947368,24.694657894736793
no08,I_11_0129024146246,1815,18:15,1018.9295,1072.658947368421,53.729447368421006
no08,I_11_0129024146246,1830,18:30,652.562,752.6315789473684,100.06957894736843
no08,I_11_0129024146246,1845,18:45,840.2630000000001,822.8142105263157,-17.44878947368443
no08,I_11_0804143920985,630,06:30,50.72222222222222,52.99944444444444,2.277222222222221
no08,I_11_0804143920985,645,06:45,395.6975,370.2984210526316,-25.399078947368366
no08,I_11_0804143920985,700,07:00,284.0965,268.8452631578947,-15.2512368421053
no08,I_11_0804143920985,715,07:15,506.651,537.9084210526316,31.257421052631628
no08,I_11_0804143920985,730,07:30,437.645,435.6794736842105,-1.9655263157894751
no08,I_11_0804143920985,745,07:45,529.2825,485.9047368421053,-43.37776315789472
no08,I_11_0804143920985,800,08:00,440.99300000000005,438.2194736842105,-2.7735263157895247
no08,I_11_0804143920985,815,08:15,428.7015,443.2352631578947,14.533763157894668
no08,I_11_0804143920985,830,08:30,493.891,496.9531578947369,3.062157894736856
no08,I_11_0804143920985,845,08:45,259.7095,227.67894736842103,-32.030552631578956
no08,I_11_0804143920985,900,09:00,453.38950000000006,424.3005263157895,-29.088973684210544
no08,I_11_0804143920985,915,09:15,291.903,261.2521052631579,-30.650894736842133
no08,I_11_0804143920985,930,09:30,435.902,418.9426315789474,-16.959368421052602
no08,I_11_0804143920985,945,09:45,469.0565,461.2621052631579,-7.7943947368421505
no08,I_11_0804143920985,1000,10:00,682.2968421052632,919.8868421052632,237.59000000000003
no08,I_11_0804143920985,1015,10:15,625.9105,1074.883125,448.9726250000001
no08,I_11_0804143920985,1030,10:30,276.605,213.2923529411765,-63.31264705882353
no08,I_11_0804143920985,1045,10:45,664.801,583.0926315789474,-81.70836842105268
no08,I_11_0804143920985,1100,11:00,615.0135,625.2352631578947,10.221763157894657
no08,I_11_0804143920985,1115,11:15,623.3394999999999,631.7578947368421,8.418394736842174
no08,I_11_0804143920985,1130,11:30,707.539,730.4073684210526,22.86836842105265
no08,I_11_0804143920985,1145,11:45,465.0225,487.5505263157895,22.528026315789532
no08,I_11_0804143920985,1200,12:00,704.899,688.3000000000001,-16.598999999999933
no08,I_11_0804143920985,1215,12:15,649.3795,655.3678947368421,5.98839473684211
no08,I_11_0804143920985,1230,12:30,471.811,409.53210526315786,-62.27889473684212
no08,I_11_0804143920985,1245,12:45,581.132,604.7815789473684,23.649578947368468
no08,I_11_0804143920985,1300,13:00,748.662,753.4563157894737,4.794315789473671
no08,I_11_0804143920985,1315,13:15,549.554,603.1494736842105,53.59547368421056
no08,I_11_0804143920985,1330,13:30,464.858,440.29947368421057,-24.558526315789436
no08,I_11_0804143920985,1345,13:45,541.6125,479.3131578947369,-62.299342105263065
no08,I_11_0804143920985,1400,14:00,489.7595,508.2015789473684,18.442078947368373
no08,I_11_0804143920985,1415,14:15,422.51450000000006,445.2384210526316,22.723921052631567
no08,I_11_0804143920985,1430,14:30,312.5085,307.67157894736846,-4.836921052631567
no08,I_11_0804143920985,1445,14:45,533.354,518.5763157894737,-14.777684210526331
no08,I_11_0804143920985,1500,15:00,569.6055,611.7778947368421,42.17239473684208
no08,I_11_0804143920985,1515,15:15,469.226,497.6278947368421,28.40189473684211
no08,I_11_0804143920985,1530,15:30,467.052,442.0563157894737,-24.99568421052635
no08,I_11_0804143920985,1545,15:45,457.837,432.0773684210526,-25.759631578947392
no08,I_11_0804143920985,1600,16:00,643.673,669.8136842105264,26.140684210526388
no08,I_11_0804143920985,1615,16:15,707.3055,689.8284210526316,-17.477078947368454
no08,I_11_0804143920985,1630,16:30,516.8925,506.09263157894736,-10.799868421052679
no08,I_11_0804143920985,1645,16:45,581.664,604.3863157894737,22.72231578947367
no08,I_11_0804143920985,1700,17:00,538.766,496.90263157894736,-41.8633684210526
no08,I_11_0804143920985,1715,17:15,636.8995,603.9636842105263,-32.935815789473736
no08,I_11_0804143920985,1730,17:30,333.8145,369.7815789473684,35.96707894736841
no08,I_11_0804143920985,1745,17:45,289.6025,315.00947368421055,25.406973684210527
no08,I_11_0804143920985,1800,18:00,842.217,854.2884210526315,12.071421052631536
no08,I_11_0804143920985,1815,18:15,175.3535,144.4742105263158,-30.879289473684196
no08,I_11_0804143920985,1830,18:30,602.574,595.0647368421053,-7.509263157894679
no08,I_11_0804143920985,1845,18:45,250.092,251.1084210526316,1.0164210526315856
no08,I_11_0804143921001,630,06:30,0.0,0.0,0.0
no08,I_11_0804143921001,645,06:45,0.0,0.0,0.0
no08,I_11_0804143921001,700,07:00,0.0,0.0,0.0
no08,I_11_0804143921001,715,07:15,0.0,0.0,0.0
no08,I_11_0804143921001,730,07:30,0.0,0.0,0.0
no08,I_11_0804143921001,745,07:45,0.0,0.0,0.0
no08,I_11_0804143921001,800,08:00,0.0,0.0,0.0
no08,I_11_0804143921001,815,08:15,0.0,0.0,0.0
no08,I_11_0804143921001,830,08:30,0.0,0.0,0.0
no08,I_11_0804143921001,845,08:45,0.0,0.0,0.0
no08,I_11_0804143921001,900,09:00,0.0,0.0,0.0
no08,I_11_0804143921001,915,09:15,0.0,0.0,0.0
no08,I_11_0804143921001,930,09:30,0.0,0.0,0.0
no08,I_11_0804143921001,945,09:45,0.0,0.0,0.0
no08,I_11_0804143921001,1000,10:00,0.0,0.0,0.0
no08,I_11_0804143921001,1015,10:15,0.0,0.0,0.0
no08,I_11_0804143921001,1030,10:30,0.0,0.0,0.0
no08,I_11_0804143921001,1045,10:45,0.0,0.0,0.0
no08,I_11_0804143921001,1100,11:00,0.0,0.0,0.0
no08,I_11_0804143921001,1115,11:15,0.0,0.0,0.0
no08,I_11_0804143921001,1130,11:30,0.0,0.0,0.0
no08,I_11_0804143921001,1145,11:45,0.0,0.0,0.0
no08,I_11_0804143921001,1200,12:00,0.0,0.0,0.0
no08,I_11_0804143921001,1215,12:15,0.0,0.0,0.0
no08,I_11_0804143921001,1230,12:30,0.0,0.0,0.0
no08,I_11_0804143921001,1245,12:45,0.0,0.0,0.0
no08,I_11_0804143921001,1300,13:00,0.0,0.0,0.0
no08,I_11_0804143921001,1315,13:15,0.0,0.0,0.0
no08,I_11_0804143921001,1330,13:30,0.0,0.0,0.0
no08,I_11_0804143921001,1345,13:45,0.0,0.0,0.0
no08,I_11_0804143921001,1400,14:00,0.0,0.0,0.0
no08,I_11_0804143921001,1415,14:15,0.0,0.0,0.0
no08,I_11_0804143921001,1430,14:30,0.0,0.0,0.0
no08,I_11_0804143921001,1445,14:45,0.0,0.0,0.0
no08,I_11_0804143921001,1500,15:00,0.0,0.0,0.0
no08,I_11_0804143921001,1515,15:15,0.0,0.0,0.0
no08,I_11_0804143921001,1530,15:30,0.0,0.0,0.0
no08,I_11_0804143921001,1545,15:45,0.0,0.0,0.0
no08,I_11_0804143921001,1600,16:00,0.0,0.0,0.0
no08,I_11_0804143921001,1615,16:15,0.0,0.0,0.0
no08,I_11_0804143921001,1630,16:30,0.0,0.0,0.0
no08,I_11_0804143921001,1645,16:45,0.0,0.0,0.0
no08,I_11_0804143921001,1700,17:00,0.0,0.0,0.0
no08,I_11_0804143921001,1715,17:15,0.0,0.0,0.0
no08,I_11_0804143921001,1730,17:30,0.0,0.0,0.0
no08,I_11_0804143921001,1745,17:45,0.0,0.0,0.0
no08,I_11_0804143921001,1800,18:00,0.0,0.0,0.0
no08,I_11_0804143921001,1815,18:15,0.0,0.0,0.0
no08,I_11_0804143921001,1830,18:30,0.0,0.0,0.0
no08,I_11_0804143921001,1845,18:45,0.0,0.0,0.0
no08,I_11_533967_-00001533967_00539,630,06:30,484.83900000000006,477.2215789473684,-7.6174210526316415
no08,I_11_533967_-00001533967_00539,645,06:45,429.858,441.9536842105263,12.095684210526315
no08,I_11_533967_-00001533967_00539,700,07:00,471.495,472.6815789473685,1.1865789473685027
no08,I_11_533967_-00001533967_00539,715,07:15,379.701,391.6331578947368,11.932157894736804
no08,I_11_533967_-00001533967_00539,730,07:30,949.2085,981.6373684210528,32.42886842105281
no08,I_11_533967_-00001533967_00539,745,07:45,477.5475,501.42105263157896,23.873552631578946
no08,I_11_533967_-00001533967_00539,800,08:00,1009.322,1027.8384210526317,18.5164210526317
no08,I_11_533967_-00001533967_00539,815,08:15,1108.0395,1118.421052631579,10.38155263157887
no08,I_11_533967_-00001533967_00539,830,08:30,905.6175,948.638947368421,43.021447368421036
no08,I_11_533967_-00001533967_00539,845,08:45,569.7975,582.5231578947369,12.725657894736855
no08,I_11_533967_-00001533967_00539,900,09:00,1276.8915000000002,1317.9826315789471,41.09113157894694
no08,I_11_533967_-00001533967_00539,915,09:15,1865.177,2005.6378947368423,140.46089473684242
no08,I_11_533967_-00001533967_00539,930,09:30,1762.786,1846.0378947368424,83.25189473684236
no08,I_11_533967_-00001533967_00539,945,09:45,2263.7155,2344.5715789473684,80.85607894736859
no08,I_11_533967_-00001533967_00539,1000,10:00,2084.0255,2146.12,62.0944999999997
no08,I_11_533967_-00001533967_00539,1015,10:15,1984.7385,2108.4373684210527,123.6988684210528
no08,I_11_533967_-00001533967_00539,1030,10:30,2527.5075,2638.25,110.74249999999984
no08,I_11_533967_-00001533967_00539,1045,10:45,2989.2385,3188.013684210526,198.77518421052628
no08,I_11_533967_-00001533967_00539,1100,11:00,4680.354,4688.1731578947365,7.819157894736236
no08,I_11_533967_-00001533967_00539,1115,11:15,3184.8645,3383.9363157894736,199.07181578947348
no08,I_11_533967_-00001533967_00539,1130,11:30,2658.404,2834.3094736842104,175.9054736842104
no08,I_11_533967_-00001533967_00539,1145,11:45,2088.5275,2209.2194736842102,120.6919736842101
no08,I_11_533967_-00001533967_00539,1200,12:00,3031.5345,3184.2857894736844,152.7512894736842
no08,I_11_533967_-00001533967_00539,1215,12:15,3535.5550000000003,3617.458947368421,81.90394736842063
no08,I_11_533967_-00001533967_00539,1230,12:30,3307.2115,3488.811052631579,181.59955263157917
no08,I_11_533967_-00001533967_00539,1245,12:45,1719.446,1772.6263157894737,53.18031578947375
no08,I_11_533967_-00001533967_00539,1300,13:00,2157.8145,2208.575263157895,50.76076315789487
no08,I_11_533967_-00001533967_00539,1315,13:15,3080.443,3201.7321052631582,121.28910526315804
no08,I_11_533967_-00001533967_00539,1330,13:30,2789.3145,2817.4915789473685,28.1770789473685
no08,I_11_533967_-00001533967_00539,1345,13:45,2154.1335,2196.2078947368423,42.07439473684235
no08,I_11_533967_-00001533967_00539,1400,14:00,2654.097,2936.420526315789,282.32352631578897
no08,I_11_533967_-00001533967_00539,1415,14:15,2211.755,2308.744210526316,96.98921052631567
no08,I_11_533967_-00001533967_00539,1430,14:30,2498.9530000000004,2679.5226315789478,180.56963157894734
no08,I_11_533967_-00001533967_00539,1445,14:45,2420.762,2583.668947368421,162.9069473684208
no08,I_11_533967_-00001533967_00539,1500,15:00,3783.4005,3899.333157894737,115.93265789473662
no08,I_11_533967_-00001533967_00539,1515,15:15,2854.4205,3282.6952631578947,428.27476315789454
no08,I_11_533967_-00001533967_00539,1530,15:30,3751.727,3952.987368421053,201.26036842105304
no08,I_11_533967_-00001533967_00539,1545,15:45,2965.5455,3272.980526315789,307.43502631578895
no08,I_11_533967_-00001533967_00539,1600,16:00,4517.997,4528.93,10.932999999999993
no08,I_11_533967_-00001533967_00539,1615,16:15,5111.6,5437.637894736842,326.03789473684174
no08,I_11_533967_-00001533967_00539,1630,16:30,2568.721,3321.6957894736843,752.9747894736843
no08,I_11_533967_-00001533967_00539,1645,16:45,1543.1370000000002,1551.5847368421053,8.447736842105087
no08,I_11_533967_-00001533967_00539,1700,17:00,1582.831,1767.14,184.3090000000002
no08,I_11_533967_-00001533967_00539,1715,17:15,1756.0085,1817.5984210526312,61.589921052631325
no08,I_11_533967_-00001533967_00539,1730,17:30,2377.254,2476.394210526316,99.14021052631597
no08,I_11_533967_-00001533967_00539,1745,17:45,2569.4790000000003,3414.363157894737,844.8841578947367
no08,I_11_533967_-00001533967_00539,1800,18:00,1644.6645,2064.3810526315788,419.7165526315787
no08,I_11_533967_-00001533967_00539,1815,18:15,1419.5425,2082.508947368421,662.9664473684211
no08,I_11_533967_-00001533967_00539,1830,18:30,810.1885,957.4184210526316,147.22992105263165
no08,I_11_533967_-00001533967_00539,1845,18:45,1115.7765,1146.8852631578948,31.108763157894828
no08,I_11_533967_-00001_533967_-00005,630,06:30,0.0,0.0,0.0
no08,I_11_533967_-00001_533967_-00005,645,06:45,0.0,0.0,0.0
no08,I_11_533967_-00001_533967_-00005,700,07:00,0.0,0.0,0.0
no08,I_11_533967_-00001_533967_-00005,715,07:15,0.0,0.0,0.0
no08,I_11_533967_-00001_533967_-00005,730,07:30,0.0,0.0,0.0
no08,I_11_533967_-00001_533967_-00005,745,07:45,0.0,0.0,0.0
no08,I_11_533967_-00001_533967_-00005,800,08:00,0.0,0.0,0.0
no08,I_11_533967_-00001_533967_-00005,815,08:15,0.0,0.0,0.0
no08,I_11_533967_-00001_533967_-00005,830,08:30,0.0,0.0,0.0
no08,I_11_533967_-00001_533967_-00005,845,08:45,0.0,0.0,0.0
no08,I_11_533967_-00001_533967_-00005,900,09:00,0.0,0.0,0.0
no08,I_11_533967_-00001_533967_-00005,915,09:15,0.0,0.0,0.0
no08,I_11_533967_-00001_533967_-00005,930,09:30,0.0,0.0,0.0
no08,I_11_533967_-00001_533967_-00005,945,09:45,0.0,0.0,0.0
no08,I_11_533967_-00001_533967_-00005,1000,10:00,0.0,0.0,0.0
no08,I_11_533967_-00001_533967_-00005,1015,10:15,0.0,0.0,0.0
no08,I_11_533967_-00001_533967_-00005,1030,10:30,0.0,0.0,0.0
no08,I_11_533967_-00001_533967_-00005,1045,10:45,0.0,0.0,0.0
no08,I_11_533967_-00001_533967_-00005,1100,11:00,0.0,0.0,0.0
no08,I_11_533967_-00001_533967_-00005,1115,11:15,0.0,0.0,0.0
no08,I_11_533967_-00001_533967_-00005,1130,11:30,0.0,0.0,0.0
no08,I_11_533967_-00001_533967_-00005,1145,11:45,0.0,0.0,0.0
no08,I_11_533967_-00001_533967_-00005,1200,12:00,0.0,0.0,0.0
no08,I_11_533967_-00001_533967_-00005,1215,12:15,0.0,0.0,0.0
no08,I_11_533967_-00001_533967_-00005,1230,12:30,0.0,0.0,0.0
no08,I_11_533967_-00001_533967_-00005,1245,12:45,0.0,0.0,0.0
no08,I_11_533967_-00001_533967_-00005,1300,13:00,0.0,0.0,0.0
no08,I_11_533967_-00001_533967_-00005,1315,13:15,0.0,0.0,0.0
no08,I_11_533967_-00001_533967_-00005,1330,13:30,0.0,0.0,0.0
no08,I_11_533967_-00001_533967_-00005,1345,13:45,0.0,0.0,0.0
no08,I_11_533967_-00001_533967_-00005,1400,14:00,0.0,0.0,0.0
no08,I_11_533967_-00001_533967_-00005,1415,14:15,0.0,0.0,0.0
no08,I_11_533967_-00001_533967_-00005,1430,14:30,0.0,0.0,0.0
no08,I_11_533967_-00001_533967_-00005,1445,14:45,0.0,0.0,0.0
no08,I_11_533967_-00001_533967_-00005,1500,15:00,0.0,0.0,0.0
no08,I_11_533967_-00001_533967_-00005,1515,15:15,0.0,0.0,0.0
no08,I_11_533967_-00001_533967_-00005,1530,15:30,0.0,0.0,0.0
no08,I_11_533967_-00001_533967_-00005,1545,15:45,0.0,0.0,0.0
no08,I_11_533967_-00001_533967_-00005,1600,16:00,0.0,0.0,0.0
no08,I_11_533967_-00001_533967_-00005,1615,16:15,0.0,0.0,0.0
no08,I_11_533967_-00001_533967_-00005,1630,16:30,0.0,0.0,0.0
no08,I_11_533967_-00001_533967_-00005,1645,16:45,0.0,0.0,0.0
no08,I_11_533967_-00001_533967_-00005,1700,17:00,0.0,0.0,0.0
no08,I_11_533967_-00001_533967_-00005,1715,17:15,0.0,0.0,0.0
no08,I_11_533967_-00001_533967_-00005,1730,17:30,0.0,0.0,0.0
no08,I_11_533967_-00001_533967_-00005,1745,17:45,0.0,0.0,0.0
no08,I_11_533967_-00001_533967_-00005,1800,18:00,0.0,0.0,0.0
no08,I_11_533967_-00001_533967_-00005,1815,18:15,0.0,0.0,0.0
no08,I_11_533967_-00001_533967_-00005,1830,18:30,0.0,0.0,0.0
no08,I_11_533967_-00001_533967_-00005,1845,18:45,0.0,0.0,0.0
no08,I_11_533967_-00005_533967_-00006,630,06:30,0.0,0.0,0.0
no08,I_11_533967_-00005_533967_-00006,645,06:45,0.0,0.0,0.0
no08,I_11_533967_-00005_533967_-00006,700,07:00,0.0,0.0,0.0
no08,I_11_533967_-00005_533967_-00006,715,07:15,0.0,0.0,0.0
no08,I_11_533967_-00005_533967_-00006,730,07:30,0.0,0.0,0.0
no08,I_11_533967_-00005_533967_-00006,745,07:45,0.0,0.0,0.0
no08,I_11_533967_-00005_533967_-00006,800,08:00,0.0,0.0,0.0
no08,I_11_533967_-00005_533967_-00006,815,08:15,0.0,0.0,0.0
no08,I_11_533967_-00005_533967_-00006,830,08:30,0.0,0.0,0.0
no08,I_11_533967_-00005_533967_-00006,845,08:45,0.0,0.0,0.0
no08,I_11_533967_-00005_533967_-00006,900,09:00,0.0,0.0,0.0
no08,I_11_533967_-00005_533967_-00006,915,09:15,0.0,0.0,0.0
no08,I_11_533967_-00005_533967_-00006,930,09:30,0.0,0.0,0.0
no08,I_11_533967_-00005_533967_-00006,945,09:45,0.0,0.0,0.0
no08,I_11_533967_-00005_533967_-00006,1000,10:00,0.0,0.0,0.0
no08,I_11_533967_-00005_533967_-00006,1015,10:15,0.0,0.0,0.0
no08,I_11_533967_-00005_533967_-00006,1030,10:30,0.0,0.0,0.0
no08,I_11_533967_-00005_533967_-00006,1045,10:45,0.0,0.0,0.0
no08,I_11_533967_-00005_533967_-00006,1100,11:00,0.0,0.0,0.0
no08,I_11_533967_-00005_533967_-00006,1115,11:15,0.0,0.0,0.0
no08,I_11_533967_-00005_533967_-00006,1130,11:30,0.0,0.0,0.0
no08,I_11_533967_-00005_533967_-00006,1145,11:45,0.0,0.0,0.0
no08,I_11_533967_-00005_533967_-00006,1200,12:00,0.0,0.0,0.0
no08,I_11_533967_-00005_533967_-00006,1215,12:15,0.0,0.0,0.0
no08,I_11_533967_-00005_533967_-00006,1230,12:30,0.0,0.0,0.0
no08,I_11_533967_-00005_533967_-00006,1245,12:45,0.0,0.0,0.0
no08,I_11_533967_-00005_533967_-00006,1300,13:00,0.0,0.0,0.0
no08,I_11_533967_-00005_533967_-00006,1315,13:15,0.0,0.0,0.0
no08,I_11_533967_-00005_533967_-00006,1330,13:30,0.0,0.0,0.0
no08,I_11_533967_-00005_533967_-00006,1345,13:45,0.0,0.0,0.0
no08,I_11_533967_-00005_533967_-00006,1400,14:00,0.0,0.0,0.0
no08,I_11_533967_-00005_533967_-00006,1415,14:15,0.0,0.0,0.0
no08,I_11_533967_-00005_533967_-00006,1430,14:30,0.0,0.0,0.0
no08,I_11_533967_-00005_533967_-00006,1445,14:45,0.0,0.0,0.0
no08,I_11_533967_-00005_533967_-00006,1500,15:00,0.0,0.0,0.0
no08,I_11_533967_-00005_533967_-00006,1515,15:15,0.0,0.0,0.0
no08,I_11_533967_-00005_533967_-00006,1530,15:30,0.0,0.0,0.0
no08,I_11_533967_-00005_533967_-00006,1545,15:45,0.0,0.0,0.0
no08,I_11_533967_-00005_533967_-00006,1600,16:00,0.0,0.0,0.0
no08,I_11_533967_-00005_533967_-00006,1615,16:15,0.0,0.0,0.0
no08,I_11_533967_-00005_533967_-00006,1630,16:30,0.0,0.0,0.0
no08,I_11_533967_-00005_533967_-00006,1645,16:45,0.0,0.0,0.0
no08,I_11_533967_-00005_533967_-00006,1700,17:00,0.0,0.0,0.0
no08,I_11_533967_-00005_533967_-00006,1715,17:15,0.0,0.0,0.0
no08,I_11_533967_-00005_533967_-00006,1730,17:30,0.0,0.0,0.0
no08,I_11_533967_-00005_533967_-00006,1745,17:45,0.0,0.0,0.0
no08,I_11_533967_-00005_533967_-00006,1800,18:00,0.0,0.0,0.0
no08,I_11_533967_-00005_533967_-00006,1815,18:15,0.0,0.0,0.0
no08,I_11_533967_-00005_533967_-00006,1830,18:30,0.0,0.0,0.0
no08,I_11_533967_-00005_533967_-00006,1845,18:45,0.0,0.0,0.0
no08,I_11_533967_-00006_533967_-00001,630,06:30,8.89421052631579,8.210526315789474,-0.6836842105263159
no08,I_11_533967_-00006_533967_-00001,645,06:45,5.525789473684211,5.234705882352941,-0.2910835913312697
no08,I_11_533967_-00006_533967_-00001,700,07:00,8.849,7.72111111111111,-1.12788888888889
no08,I_11_533967_-00006_533967_-00001,715,07:15,0.0,0.0,0.0
no08,I_11_533967_-00006_533967_-00001,730,07:30,17.8495,19.1,1.2505000000000024
no08,I_11_533967_-00006_533967_-00001,745,07:45,6.789999999999999,6.749375,-0.04062499999999947
no08,I_11_533967_-00006_533967_-00001,800,08:00,16.4515,17.312631578947368,0.8611315789473686
no08,I_11_533967_-00006_533967_-00001,815,08:15,20.7005,20.89368421052632,0.19318421052631862
no08,I_11_533967_-00006_533967_-00001,830,08:30,15.949000000000002,18.68263157894737,2.7336315789473673
no08,I_11_533967_-00006_533967_-00001,845,08:45,7.35,7.133333333333334,-0.2166666666666659
no08,I_11_533967_-00006_533967_-00001,900,09:00,34.0495,33.67631578947368,-0.37318421052631834
no08,I_11_533967_-00006_533967_-00001,915,09:15,60.1545,61.95263157894736,1.7981315789473626
no08,I_11_533967_-00006_533967_-00001,930,09:30,59.14300000000001,58.25473684210526,-0.8882631578947482
no08,I_11_533967_-00006_533967_-00001,945,09:45,74.9485,91.67842105263158,16.729921052631582
no08,I_11_533967_-00006_533967_-00001,1000,10:00,60.71,61.896842105263154,1.1868421052631533
no08,I_11_533967_-00006_533967_-00001,1015,10:15,78.10650000000001,82.5221052631579,4.415605263157886
no08,I_11_533967_-00006_533967_-00001,1030,10:30,92.833,108.2842105263158,15.451210526315805
no08,I_11_533967_-00006_533967_-00001,1045,10:45,142.8935,178.8721052631579,35.9786052631579
no08,I_11_533967_-00006_533967_-00001,1100,11:00,659.182,632.2731578947369,-26.908842105263147
no08,I_11_533967_-00006_533967_-00001,1115,11:15,202.303,233.37578947368425,31.072789473684253
no08,I_11_533967_-00006_533967_-00001,1130,11:30,120.3995,152.63,32.23049999999999
no08,I_11_533967_-00006_533967_-00001,1145,11:45,77.90950000000001,84.45,6.540499999999994
no08,I_11_533967_-00006_533967_-00001,1200,12:00,186.788,191.58,4.792000000000002
no08,I_11_533967_-00006_533967_-00001,1215,12:15,186.9005,176.51368421052632,-10.386815789473673
no08,I_11_533967_-00006_533967_-00001,1230,12:30,178.508,207.68578947368425,29.177789473684243
no08,I_11_533967_-00006_533967_-00001,1245,12:45,44.3045,43.747894736842106,-0.5566052631578913
no08,I_11_533967_-00006_533967_-00001,1300,13:00,78.4425,72.46894736842106,-5.97355263157894
no08,I_11_533967_-00006_533967_-00001,1315,13:15,175.2045,170.89263157894737,-4.311868421052623
no08,I_11_533967_-00006_533967_-00001,1330,13:30,132.136,139.56315789473683,7.427157894736837
no08,I_11_533967_-00006_533967_-00001,1345,13:45,78.213,81.53315789473683,3.3201578947368375
no08,I_11_533967_-00006_533967_-00001,1400,14:00,84.256,96.93894736842104,12.68294736842104
no08,I_11_533967_-00006_533967_-00001,1415,14:15,72.2225,90.94894736842105,18.72644736842105
no08,I_11_533967_-00006_533967_-00001,1430,14:30,88.322,110.56894736842104,22.246947368421033
no08,I_11_533967_-00006_533967_-00001,1445,14:45,73.05850000000001,101.84631578947368,28.78781578947367
no08,I_11_533967_-00006_533967_-00001,1500,15:00,323.5515,348.14947368421053,24.597973684210558
no08,I_11_533967_-00006_533967_-00001,1515,15:15,148.0475,210.83315789473684,62.78565789473683
no08,I_11_533967_-00006_533967_-00001,1530,15:30,291.025,391.958947368421,100.933947368421
no08,I_11_533967_-00006_533967_-00001,1545,15:45,122.8145,189.42,66.60549999999999
no08,I_11_533967_-00006_533967_-00001,1600,16:00,456.6385,533.7426315789475,77.10413157894743
no08,I_11_533967_-00006_533967_-00001,1615,16:15,610.638,904.43,293.7919999999999
no08,I_11_533967_-00006_533967_-00001,1630,16:30,107.202,276.57947368421054,169.37747368421054
no08,I_11_533967_-00006_533967_-00001,1645,16:45,49.7405,53.11157894736842,3.3710789473684244
no08,I_11_533967_-00006_533967_-00001,1700,17:00,39.193,39.532105263157895,0.33910526315789724
no08,I_11_533967_-00006_533967_-00001,1715,17:15,51.0415,54.99736842105264,3.9558684210526422
no08,I_11_533967_-00006_533967_-00001,1730,17:30,69.739,101.35368421052632,31.61468421052632
no08,I_11_533967_-00006_533967_-00001,1745,17:45,75.999,123.89526315789476,47.896263157894765
no08,I_11_533967_-00006_533967_-00001,1800,18:00,27.734500000000004,48.62315789473684,20.888657894736838
no08,I_11_533967_-00006_533967_-00001,1815,18:15,30.249,30.894736842105264,0.6457368421052649
no08,I_11_533967_-00006_533967_-00001,1830,18:30,14.701,22.73210526315789,8.03110526315789
no08,I_11_533967_-00006_533967_-00001,1845,18:45,27.499,29.62421052631579,2.12521052631579
no08,I_11_533967_-00008_533967_-00009,630,06:30,0.0,0.0,0.0
no08,I_11_533967_-00008_533967_-00009,645,06:45,0.0,0.0,0.0
no08,I_11_533967_-00008_533967_-00009,700,07:00,0.0,0.0,0.0
no08,I_11_533967_-00008_533967_-00009,715,07:15,0.0,0.0,0.0
no08,I_11_533967_-00008_533967_-00009,730,07:30,0.0,0.0,0.0
no08,I_11_533967_-00008_533967_-00009,745,07:45,0.0,0.0,0.0
no08,I_11_533967_-00008_533967_-00009,800,08:00,17.5,16.75,-0.75
no08,I_11_533967_-00008_533967_-00009,815,08:15,24.420526315789477,25.22222222222222,0.8016959064327445
no08,I_11_533967_-00008_533967_-00009,830,08:30,28.28428571428572,29.428571428571427,1.144285714285708
no08,I_11_533967_-00008_533967_-00009,845,08:45,25.0,26.764117647058825,1.764117647058825
no08,I_11_533967_-00008_533967_-00009,900,09:00,24.16611111111111,29.841538461538462,5.675427350427352
no08,I_11_533967_-00008_533967_-00009,915,09:15,24.11111111111111,26.374375,2.26326388888889
no08,I_11_533967_-00008_533967_-00009,930,09:30,25.266666666666666,23.235294117647054,-2.0313725490196113
no08,I_11_533967_-00008_533967_-00009,945,09:45,23.466666666666665,20.25,-3.216666666666665
no08,I_11_533967_-00008_533967_-00009,1000,10:00,23.625,21.1875,-2.4375
no08,I_11_533967_-00008_533967_-00009,1015,10:15,17.5,18.666666666666668,1.1666666666666679
no08,I_11_533967_-00008_533967_-00009,1030,10:30,23.63157894736842,24.624375,0.9927960526315793
no08,I_11_533967_-00008_533967_-00009,1045,10:45,17.818181818181817,19.8,1.9818181818181841
no08,I_11_533967_-00008_533967_-00009,1100,11:00,0.0,0.0,0.0
no08,I_11_533967_-00008_533967_-00009,1115,11:15,0.0,14.2,14.2
no08,I_11_533967_-00008_533967_-00009,1130,11:30,14.0,20.6,6.600000000000001
no08,I_11_533967_-00008_533967_-00009,1145,11:45,14.125,14.0,-0.125
no08,I_11_533967_-00008_533967_-00009,1200,12:00,0.0,0.0,0.0
no08,I_11_533967_-00008_533967_-00009,1215,12:15,0.0,0.0,0.0
no08,I_11_533967_-00008_533967_-00009,1230,12:30,14.0,14.166666666666666,0.16666666666666607
no08,I_11_533967_-00008_533967_-00009,1245,12:45,14.0,14.285714285714286,0.2857142857142865
no08,I_11_533967_-00008_533967_-00009,1300,13:00,0.0,0.0,0.0
no08,I_11_533967_-00008_533967_-00009,1315,13:15,0.0,0.0,0.0
no08,I_11_533967_-00008_533967_-00009,1330,13:30,14.0,14.2,0.1999999999999993
no08,I_11_533967_-00008_533967_-00009,1345,13:45,14.2,14.071428571428571,-0.12857142857142811
no08,I_11_533967_-00008_533967_-00009,1400,14:00,0.0,0.0,0.0
no08,I_11_533967_-00008_533967_-00009,1415,14:15,0.0,0.0,0.0
no08,I_11_533967_-00008_533967_-00009,1430,14:30,14.0,14.153846153846152,0.15384615384615152
no08,I_11_533967_-00008_533967_-00009,1445,14:45,14.142857142857142,14.166666666666666,0.023809523809523725
no08,I_11_533967_-00008_533967_-00009,1500,15:00,0.0,0.0,0.0
no08,I_11_533967_-00008_533967_-00009,1515,15:15,0.0,0.0,0.0
no08,I_11_533967_-00008_533967_-00009,1530,15:30,14.0,14.0,0.0
no08,I_11_533967_-00008_533967_-00009,1545,15:45,14.0,14.0,0.0
no08,I_11_533967_-00008_533967_-00009,1600,16:00,0.0,0.0,0.0
no08,I_11_533967_-00008_533967_-00009,1615,16:15,0.0,0.0,0.0
no08,I_11_533967_-00008_533967_-00009,1630,16:30,14.0,14.0,0.0
no08,I_11_533967_-00008_533967_-00009,1645,16:45,14.0,14.0,0.0
no08,I_11_533967_-00008_533967_-00009,1700,17:00,24.944444444444443,19.615384615384617,-5.329059829059826
no08,I_11_533967_-00008_533967_-00009,1715,17:15,19.666666666666668,30.935625,11.268958333333334
no08,I_11_533967_-00008_533967_-00009,1730,17:30,26.099,19.3125,-6.7865
no08,I_11_533967_-00008_533967_-00009,1745,17:45,18.666666666666668,21.22222222222222,2.5555555555555536
no08,I_11_533967_-00008_533967_-00009,1800,18:00,20.66733333333333,27.176470588235293,6.509137254901965
no08,I_11_533967_-00008_533967_-00009,1815,18:15,28.0,24.999411764705883,-3.000588235294117
no08,I_11_533967_-00008_533967_-00009,1830,18:30,16.071428571428573,16.153846153846153,0.08241758241758035
no08,I_11_533967_-00008_533967_-00009,1845,18:45,19.5,17.733333333333334,-1.7666666666666657
no08,I_11_533967_-00009_533967_-00008,630,06:30,0.0,0.0,0.0
no08,I_11_533967_-00009_533967_-00008,645,06:45,0.0,0.0,0.0
no08,I_11_533967_-00009_533967_-00008,700,07:00,0.0,0.0,0.0
no08,I_11_533967_-00009_533967_-00008,715,07:15,0.0,0.0,0.0
no08,I_11_533967_-00009_533967_-00008,730,07:30,0.0,0.0,0.0
no08,I_11_533967_-00009_533967_-00008,745,07:45,0.0,0.0,0.0
no08,I_11_533967_-00009_533967_-00008,800,08:00,13.526315789473683,14.11111111111111,0.5847953216374275
no08,I_11_533967_-00009_533967_-00008,815,08:15,16.36842105263158,16.31578947368421,-0.05263157894736992
no08,I_11_533967_-00009_533967_-00008,830,08:30,28.3495,27.94736842105263,-0.40213157894736895
no08,I_11_533967_-00009_533967_-00008,845,08:45,14.35,15.052631578947368,0.7026315789473685
no08,I_11_533967_-00009_533967_-00008,900,09:00,27.55,28.526315789473685,0.9763157894736842
no08,I_11_533967_-00009_533967_-00008,915,09:15,13.9,13.789473684210526,-0.1105263157894747
no08,I_11_533967_-00009_533967_-00008,930,09:30,27.65,26.57894736842105,-1.0710526315789473
no08,I_11_533967_-00009_533967_-00008,945,09:45,16.0,15.0,-1.0
no08,I_11_533967_-00009_533967_-00008,1000,10:00,27.95,27.63157894736842,-0.31842105263157805
no08,I_11_533967_-00009_533967_-00008,1015,10:15,16.05,16.157894736842106,0.10789473684210549
no08,I_11_533967_-00009_533967_-00008,1030,10:30,13.947368421052632,13.333333333333334,-0.6140350877192979
no08,I_11_533967_-00009_533967_-00008,1045,10:45,15.0,14.444444444444445,-0.5555555555555554
no08,I_11_533967_-00009_533967_-00008,1100,11:00,24.0,15.0,-9.0
no08,I_11_533967_-00009_533967_-00008,1115,11:15,0.0,0.0,0.0
no08,I_11_533967_-00009_533967_-00008,1130,11:30,0.0,0.0,0.0
no08,I_11_533967_-00009_533967_-00008,1145,11:45,15.55,31.0,15.45
no08,I_11_533967_-00009_533967_-00008,1200,12:00,0.0,0.0,0.0
no08,I_11_533967_-00009_533967_-00008,1215,12:15,0.0,0.0,0.0
no08,I_11_533967_-00009_533967_-00008,1230,12:30,0.0,0.0,0.0
no08,I_11_533967_-00009_533967_-00008,1245,12:45,14.3,13.68421052631579,-0.6157894736842113
no08,I_11_533967_-00009_533967_-00008,1300,13:00,0.0,0.0,0.0
no08,I_11_533967_-00009_533967_-00008,1315,13:15,0.0,0.0,0.0
no08,I_11_533967_-00009_533967_-00008,1330,13:30,0.0,0.0,0.0
no08,I_11_533967_-00009_533967_-00008,1345,13:45,14.473684210526317,14.31578947368421,-0.1578947368421062
no08,I_11_533967_-00009_533967_-00008,1400,14:00,18.0,0.0,-18.0
no08,I_11_533967_-00009_533967_-00008,1415,14:15,0.0,0.0,0.0
no08,I_11_533967_-00009_533967_-00008,1430,14:30,0.0,0.0,0.0
no08,I_11_533967_-00009_533967_-00008,1445,14:45,14.7,14.736842105263158,0.03684210526315823
no08,I_11_533967_-00009_533967_-00008,1500,15:00,0.0,0.0,0.0
no08,I_11_533967_-00009_533967_-00008,1515,15:15,0.0,0.0,0.0
no08,I_11_533967_-00009_533967_-00008,1530,15:30,0.0,0.0,0.0
no08,I_11_533967_-00009_533967_-00008,1545,15:45,14.4,13.526315789473683,-0.8736842105263172
no08,I_11_533967_-00009_533967_-00008,1600,16:00,0.0,0.0,0.0
no08,I_11_533967_-00009_533967_-00008,1615,16:15,0.0,0.0,0.0
no08,I_11_533967_-00009_533967_-00008,1630,16:30,0.0,0.0,0.0
no08,I_11_533967_-00009_533967_-00008,1645,16:45,13.789473684210526,14.736842105263158,0.9473684210526319
no08,I_11_533967_-00009_533967_-00008,1700,17:00,31.1995,27.473684210526315,-3.7258157894736854
no08,I_11_533967_-00009_533967_-00008,1715,17:15,14.35,14.157894736842104,-0.19210526315789522
no08,I_11_533967_-00009_533967_-00008,1730,17:30,27.75,29.73684210526316,1.986842105263161
no08,I_11_533967_-00009_533967_-00008,1745,17:45,13.75,15.421052631578949,1.6710526315789487
no08,I_11_533967_-00009_533967_-00008,1800,18:00,27.2,28.68421052631579,1.4842105263157919
no08,I_11_533967_-00009_533967_-00008,1815,18:15,14.25,14.0,-0.25
no08,I_11_533967_-00009_533967_-00008,1830,18:30,13.65,14.578947368421051,0.928947368421051
no08,I_11_533967_-00009_533967_-00008,1845,18:45,13.25,13.555555555555555,0.30555555555555536
no08,I_11_533967_00539_533967_-00001,630,06:30,541.6785,531.1536842105263,-10.524815789473678
no08,I_11_533967_00539_533967_-00001,645,06:45,650.3625,643.4457894736842,-6.916710526315796
no08,I_11_533967_00539_533967_-00001,700,07:00,305.2445,306.1147368421053,0.8702368421052711
no08,I_11_533967_00539_533967_-00001,715,07:15,598.9995,594.6415789473684,-4.357921052631582
no08,I_11_533967_00539_533967_-00001,730,07:30,1071.0955,937.754210526316,-133.3412894736839
no08,I_11_533967_00539_533967_-00001,745,07:45,1894.5685,1901.5736842105264,7.005184210526295
no08,I_11_533967_00539_533967_-00001,800,08:00,1193.1955,1335.1036842105264,141.90818421052631
no08,I_11_533967_00539_533967_-00001,815,08:15,1449.701,1438.0105263157895,-11.690473684210474
no08,I_11_533967_00539_533967_-00001,830,08:30,1413.3245,1400.147894736842,-13.176605263157853
no08,I_11_533967_00539_533967_-00001,845,08:45,1166.568,1179.618947368421,13.05094736842102
no08,I_11_533967_00539_533967_-00001,900,09:00,854.8915000000001,812.3821052631579,-42.50939473684218
no08,I_11_533967_00539_533967_-00001,915,09:15,1678.9555,1713.1184210526317,34.162921052631646
no08,I_11_533967_00539_533967_-00001,930,09:30,1351.124,1375.6352631578948,24.511263157894746
no08,I_11_533967_00539_533967_-00001,945,09:45,890.1195,900.2694736842104,10.149973684210408
no08,I_11_533967_00539_533967_-00001,1000,10:00,962.765,956.6957894736844,-6.069210526315601
no08,I_11_533967_00539_533967_-00001,1015,10:15,1154.019,1156.5121052631578,2.4931052631577586
no08,I_11_533967_00539_533967_-00001,1030,10:30,637.7095,633.2389473684211,-4.470552631578926
no08,I_11_533967_00539_533967_-00001,1045,10:45,572.3195,579.3736842105263,7.054184210526387
no08,I_11_533967_00539_533967_-00001,1100,11:00,229.839,226.1568421052632,-3.682157894736804
no08,I_11_533967_00539_533967_-00001,1115,11:15,169.547,160.19894736842107,-9.348052631578923
no08,I_11_533967_00539_533967_-00001,1130,11:30,320.756,339.5905263157895,18.834526315789503
no08,I_11_533967_00539_533967_-00001,1145,11:45,648.5604999999999,632.3073684210526,-16.25313157894732
no08,I_11_533967_00539_533967_-00001,1200,12:00,258.9355,255.88736842105263,-3.0481315789473626
no08,I_11_533967_00539_533967_-00001,1215,12:15,344.66549999999995,357.3310526315789,12.665552631578976
no08,I_11_533967_00539_533967_-00001,1230,12:30,423.449,422.0968421052632,-1.3521578947368198
no08,I_11_533967_00539_533967_-00001,1245,12:45,532.8425,515.4973684210527,-17.345131578947303
no08,I_11_533967_00539_533967_-00001,1300,13:00,586.269,603.3126315789474,17.043631578947384
no08,I_11_533967_00539_533967_-00001,1315,13:15,771.5319999999999,770.0768421052632,-1.4551578947367716
no08,I_11_533967_00539_533967_-00001,1330,13:30,624.8489999999999,626.7205263157895,1.8715263157895379
no08,I_11_533967_00539_533967_-00001,1345,13:45,413.4835,406.0289473684211,-7.454552631578906
no08,I_11_533967_00539_533967_-00001,1400,14:00,326.3825,337.4921052631579,11.109605263157903
no08,I_11_533967_00539_533967_-00001,1415,14:15,390.2615,373.7373684210526,-16.52413157894739
no08,I_11_533967_00539_533967_-00001,1430,14:30,66.7485,74.53578947368422,7.787289473684211
no08,I_11_533967_00539_533967_-00001,1445,14:45,516.3195,519.5731578947368,3.2536578947368753
no08,I_11_533967_00539_533967_-00001,1500,15:00,303.273,310.26157894736843,6.98857894736841
no08,I_11_533967_00539_533967_-00001,1515,15:15,402.689,390.218947368421,-12.470052631578994
no08,I_11_533967_00539_533967_-00001,1530,15:30,305.788,310.2021052631579,4.414105263157865
no08,I_11_533967_00539_533967_-00001,1545,15:45,163.0975,160.9363157894737,-2.161184210526301
no08,I_11_533967_00539_533967_-00001,1600,16:00,40.252,40.37105263157895,0.11905263157894552
no08,I_11_533967_00539_533967_-00001,1615,16:15,184.857,181.8478947368421,-3.009105263157892
no08,I_11_533967_00539_533967_-00001,1630,16:30,79.15650000000001,78.41894736842106,-0.73755263157895
no08,I_11_533967_00539_533967_-00001,1645,16:45,146.759,155.52473684210526,8.76573684210527
no08,I_11_533967_00539_533967_-00001,1700,17:00,82.64,68.84210526315789,-13.79789473684211
no08,I_11_533967_00539_533967_-00001,1715,17:15,200.207,207.65263157894736,7.445631578947371
no08,I_11_533967_00539_533967_-00001,1730,17:30,47.699,51.1578947368421,3.4588947368421046
no08,I_11_533967_00539_533967_-00001,1745,17:45,141.0445,131.6757894736842,-9.368710526315795
no08,I_11_533967_00539_533967_-00001,1800,18:00,61.1005,60.58,-0.5204999999999984
no08,I_11_533967_00539_533967_-00001,1815,18:15,153.202,166.20526315789473,13.003263157894736
no08,I_11_533967_00539_533967_-00001,1830,18:30,65.39750000000001,56.26578947368421,-9.1317105263158
no08,I_11_533967_00539_533967_-00001,1845,18:45,11.083333333333334,11.3,0.21666666666666679
no08,I_11_533967_00937533967_01269,630,06:30,324.6485,326.97263157894736,2.3241315789473447
no08,I_11_533967_00937533967_01269,645,06:45,416.7255,425.9047368421053,9.179236842105297
no08,I_11_533967_00937533967_01269,700,07:00,127.105,129.01263157894738,1.907631578947374
no08,I_11_533967_00937533967_01269,715,07:15,487.3375,481.718947368421,-5.61855263157895
no08,I_11_533967_00937533967_01269,730,07:30,532.6565,538.3484210526316,5.691921052631528
no08,I_11_533967_00937533967_01269,745,07:45,670.7025,679.4,8.697499999999991
no08,I_11_533967_00937533967_01269,800,08:00,748.3345,747.3615789473683,-0.9729210526317047
no08,I_11_533967_00937533967_01269,815,08:15,331.3785,337.6642105263158,6.285710526315825
no08,I_11_533967_00937533967_01269,830,08:30,916.8015,910.6515789473684,-6.149921052631612
no08,I_11_533967_00937533967_01269,845,08:45,537.623,533.1684210526316,-4.454578947368418
no08,I_11_533967_00937533967_01269,900,09:00,391.7720000000001,402.3905263157895,10.618526315789381
no08,I_11_533967_00937533967_01269,915,09:15,851.51,862.9547368421053,11.444736842105272
no08,I_11_533967_00937533967_01269,930,09:30,398.3265,395.83842105263153,-2.4880789473684786
no08,I_11_533967_00937533967_01269,945,09:45,221.1495,221.1836842105263,0.0341842105263197
no08,I_11_533967_00937533967_01269,1000,10:00,786.4525,787.4163157894736,0.9638157894736423
no08,I_11_533967_00937533967_01269,1015,10:15,329.0605,332.4305263157895,3.3700263157895165
no08,I_11_533967_00937533967_01269,1030,10:30,623.278,621.0989473684211,-2.179052631578884
no08,I_11_533967_00937533967_01269,1045,10:45,358.5765,370.42105263157896,11.84455263157895
no08,I_11_533967_00937533967_01269,1100,11:00,494.994,485.1031578947368,-9.890842105263232
no08,I_11_533967_00937533967_01269,1115,11:15,515.625,545.1457894736842,29.520789473684204
no08,I_11_533967_00937533967_01269,1130,11:30,466.211,468.1163157894736,1.9053157894736046
no08,I_11_533967_00937533967_01269,1145,11:45,595.8885,590.138947368421,-5.749552631579036
no08,I_11_533967_00937533967_01269,1200,12:00,540.159,535.9747368421052,-4.184263157894748
no08,I_11_533967_00937533967_01269,1215,12:15,533.1045,533.6631578947369,0.5586578947368253
no08,I_11_533967_00937533967_01269,1230,12:30,734.5654999999999,740.4,5.834500000000048
no08,I_11_533967_00937533967_01269,1245,12:45,637.1585,643.2299999999999,6.071499999999901
no08,I_11_533967_00937533967_01269,1300,13:00,616.799,630.3905263157894,13.591526315789451
no08,I_11_533967_00937533967_01269,1315,13:15,417.0755,421.21210526315787,4.13660526315789
no08,I_11_533967_00937533967_01269,1330,13:30,550.906,553.6442105263158,2.738210526315811
no08,I_11_533967_00937533967_01269,1345,13:45,291.144,289.09,-2.0540000000000305
no08,I_11_533967_00937533967_01269,1400,14:00,509.276,511.4447368421053,2.168736842105318
no08,I_11_533967_00937533967_01269,1415,14:15,313.3385,325.67263157894735,12.334131578947336
no08,I_11_533967_00937533967_01269,1430,14:30,781.0665,773.7073684210527,-7.359131578947313
no08,I_11_533967_00937533967_01269,1445,14:45,485.078,488.7247368421053,3.6467368421053266
no08,I_11_533967_00937533967_01269,1500,15:00,422.9155,438.4831578947369,15.567657894736897
no08,I_11_533967_00937533967_01269,1515,15:15,599.3755,607.4826315789473,8.10713157894736
no08,I_11_533967_00937533967_01269,1530,15:30,379.7965,377.3084210526316,-2.488078947368365
no08,I_11_533967_00937533967_01269,1545,15:45,500.091,498.9663157894737,-1.1246842105263113
no08,I_11_533967_00937533967_01269,1600,16:00,516.0295,499.4652631578948,-16.564236842105174
no08,I_11_533967_00937533967_01269,1615,16:15,861.9960000000001,877.688947368421,15.69294736842096
no08,I_11_533967_00937533967_01269,1630,16:30,934.961,948.2431578947368,13.28215789473677
no08,I_11_533967_00937533967_01269,1645,16:45,295.3205,292.5126315789474,-2.8078684210526035
no08,I_11_533967_00937533967_01269,1700,17:00,427.5175,445.9468421052632,18.42934210526323
no08,I_11_533967_00937533967_01269,1715,17:15,182.1545,169.05052631578948,-13.10397368421053
no08,I_11_533967_00937533967_01269,1730,17:30,394.5355,394.4315789473684,-0.10392105263161966
no08,I_11_533967_00937533967_01269,1745,17:45,667.578,661.2657894736842,-6.312210526315766
no08,I_11_533967_00937533967_01269,1800,18:00,779.3729999999999,764.7152631578947,-14.657736842105237
no08,I_11_533967_00937533967_01269,1815,18:15,577.524,604.1478947368421,26.62389473684209
no08,I_11_533967_00937533967_01269,1830,18:30,401.601,397.03684210526313,-4.564157894736866
no08,I_11_533967_00937533967_01269,1845,18:45,515.1515,522.2521052631579,7.100605263157831
no08,I_11_533967_00937533967_01406,630,06:30,404.9135,417.53421052631575,12.620710526315747
no08,I_11_533967_00937533967_01406,645,06:45,482.851,497.8068421052632,14.955842105263173
no08,I_11_533967_00937533967_01406,700,07:00,494.2945,510.3205263157895,16.026026315789466
no08,I_11_533967_00937533967_01406,715,07:15,471.2775,483.0278947368421,11.75039473684211
no08,I_11_533967_00937533967_01406,730,07:30,813.1485,850.7336842105263,37.585184210526336
no08,I_11_533967_00937533967_01406,745,07:45,599.5260000000001,589.1526315789473,-10.37336842105276
no08,I_11_533967_00937533967_01406,800,08:00,1101.9745,1154.9215789473683,52.947078947368254
no08,I_11_533967_00937533967_01406,815,08:15,938.388,930.8994736842104,-7.488526315789613
no08,I_11_533967_00937533967_01406,830,08:30,567.7175,595.2831578947367,27.565657894736773
no08,I_11_533967_00937533967_01406,845,08:45,801.0360000000001,756.6600000000001,-44.375999999999976
no08,I_11_533967_00937533967_01406,900,09:00,735.39,732.5189473684211,-2.871052631578891
no08,I_11_533967_00937533967_01406,915,09:15,670.0195,669.9478947368422,-0.071605263157835
no08,I_11_533967_00937533967_01406,930,09:30,757.268,767.541052631579,10.273052631578935
no08,I_11_533967_00937533967_01406,945,09:45,684.1265000000001,665.2552631578948,-18.871236842105304
no08,I_11_533967_00937533967_01406,1000,10:00,550.516,545.3805263157894,-5.135473684210524
no08,I_11_533967_00937533967_01406,1015,10:15,783.4770000000001,829.7342105263157,46.25721052631559
no08,I_11_533967_00937533967_01406,1030,10:30,656.6355,716.3868421052632,59.751342105263234
no08,I_11_533967_00937533967_01406,1045,10:45,651.263,716.8352631578947,65.57226315789467
no08,I_11_533967_00937533967_01406,1100,11:00,553.802,569.2078947368421,15.405894736842129
no08,I_11_533967_00937533967_01406,1115,11:15,446.3625,444.9857894736842,-1.3767105263158328
no08,I_11_533967_00937533967_01406,1130,11:30,584.152,561.5242105263158,-22.627789473684288
no08,I_11_533967_00937533967_01406,1145,11:45,500.2475,560.8231578947368,60.57565789473682
no08,I_11_533967_00937533967_01406,1200,12:00,621.222,638.1894736842105,16.967473684210518
no08,I_11_533967_00937533967_01406,1215,12:15,650.3225,658.7531578947368,8.430657894736783
no08,I_11_533967_00937533967_01406,1230,12:30,516.5865,580.6131578947368,64.02665789473679
no08,I_11_533967_00937533967_01406,1245,12:45,524.275,498.7973684210526,-25.477631578947353
no08,I_11_533967_00937533967_01406,1300,13:00,405.81,420.41315789473686,14.603157894736853
no08,I_11_533967_00937533967_01406,1315,13:15,391.51,375.55526315789473,-15.954736842105262
no08,I_11_533967_00937533967_01406,1330,13:30,433.1905,415.9094736842105,-17.28102631578946
no08,I_11_533967_00937533967_01406,1345,13:45,368.2445,378.0773684210527,9.832868421052694
no08,I_11_533967_00937533967_01406,1400,14:00,539.466,523.0568421052632,-16.409157894736836
no08,I_11_533967_00937533967_01406,1415,14:15,544.552,515.7331578947369,-28.818842105263116
no08,I_11_533967_00937533967_01406,1430,14:30,469.5295,481.11894736842106,11.589447368421077
no08,I_11_533967_00937533967_01406,1445,14:45,757.019,736.9305263157895,-20.0884736842105
no08,I_11_533967_00937533967_01406,1500,15:00,460.1555,475.2668421052632,15.11134210526319
no08,I_11_533967_00937533967_01406,1515,15:15,487.7900000000001,435.8531578947368,-51.93684210526328
no08,I_11_533967_00937533967_01406,1530,15:30,483.18500000000006,466.9594736842105,-16.22552631578958
no08,I_11_533967_00937533967_01406,1545,15:45,482.1985,550.3331578947368,68.13465789473679
no08,I_11_533967_00937533967_01406,1600,16:00,685.608,688.0026315789473,2.394631578947383
no08,I_11_533967_00937533967_01406,1615,16:15,506.5805,550.6863157894736,44.10581578947364
no08,I_11_533967_00937533967_01406,1630,16:30,539.9305,565.1726315789474,25.24213157894735
no08,I_11_533967_00937533967_01406,1645,16:45,606.505,578.6589473684211,-27.846052631578914
no08,I_11_533967_00937533967_01406,1700,17:00,587.2180000000001,576.8552631578947,-10.362736842105392
no08,I_11_533967_00937533967_01406,1715,17:15,778.612,809.7942105263159,31.182210526315885
no08,I_11_533967_00937533967_01406,1730,17:30,279.40500000000003,287.5642105263158,8.159210526315746
no08,I_11_533967_00937533967_01406,1745,17:45,416.353,421.7910526315789,5.438052631578898
no08,I_11_533967_00937533967_01406,1800,18:00,922.1575,877.6652631578947,-44.492236842105285
no08,I_11_533967_00937533967_01406,1815,18:15,885.6380000000001,909.638947368421,24.00094736842084
no08,I_11_533967_00937533967_01406,1830,18:30,372.1205,361.28,-10.84050000000002
no08,I_11_533967_00937533967_01406,1845,18:45,397.346,399.2542105263158,1.90821052631577
no08,I_11_533967_00937533967_01657,630,06:30,2627.1085,2613.611052631579,-13.497447368421035
no08,I_11_533967_00937533967_01657,645,06:45,3008.7795,3013.463684210526,4.6841842105259275
no08,I_11_533967_00937533967_01657,700,07:00,3418.9695,3440.1915789473683,21.222078947368118
no08,I_11_533967_00937533967_01657,715,07:15,2853.878,2863.9536842105263,10.075684210526106
no08,I_11_533967_00937533967_01657,730,07:30,1827.2095,1864.398421052632,37.18892105263217
no08,I_11_533967_00937533967_01657,745,07:45,3168.412,3182.0589473684213,13.646947368421479
no08,I_11_533967_00937533967_01657,800,08:00,2782.075,2786.911052631579,4.83605263157915
no08,I_11_533967_00937533967_01657,815,08:15,4339.6685,4269.873684210526,-69.79481578947343
no08,I_11_533967_00937533967_01657,830,08:30,4820.74,4766.163684210526,-54.57631578947348
no08,I_11_533967_00937533967_01657,845,08:45,3680.9055,3770.761578947368,89.85607894736813
no08,I_11_533967_00937533967_01657,900,09:00,4472.7615,4416.916842105263,-55.84465789473688
no08,I_11_533967_00937533967_01657,915,09:15,3451.2050000000004,3495.3352631578946,44.130263157894206
no08,I_11_533967_00937533967_01657,930,09:30,3154.1525,3197.665789473684,43.513289473683926
no08,I_11_533967_00937533967_01657,945,09:45,3328.5915,3339.738947368421,11.147447368421126
no08,I_11_533967_00937533967_01657,1000,10:00,3057.1005,3054.124210526316,-2.976289473684119
no08,I_11_533967_00937533967_01657,1015,10:15,2949.668,3105.001578947368,155.3335789473681
no08,I_11_533967_00937533967_01657,1030,10:30,2849.6435,2829.1015789473686,-20.54192105263155
no08,I_11_533967_00937533967_01657,1045,10:45,3737.2225,3640.522631578947,-96.699868421053
no08,I_11_533967_00937533967_01657,1100,11:00,3489.0005,3408.0973684210526,-80.90313157894752
no08,I_11_533967_00937533967_01657,1115,11:15,3947.2365,4050.128947368421,102.89244736842102
no08,I_11_533967_00937533967_01657,1130,11:30,3137.536,3309.114736842105,171.57873684210472
no08,I_11_533967_00937533967_01657,1145,11:45,3565.5105000000003,3680.881578947368,115.37107894736755
no08,I_11_533967_00937533967_01657,1200,12:00,2940.3225,2858.5478947368424,-81.77460526315781
no08,I_11_533967_00937533967_01657,1215,12:15,3574.3835,3695.097368421053,120.71386842105312
no08,I_11_533967_00937533967_01657,1230,12:30,3084.642,3106.932631578948,22.29063157894825
no08,I_11_533967_00937533967_01657,1245,12:45,3450.887,3460.3315789473686,9.444578947368427
no08,I_11_533967_00937533967_01657,1300,13:00,2336.5185,2284.804210526316,-51.71428947368395
no08,I_11_533967_00937533967_01657,1315,13:15,3676.078500000001,3697.742631578948,21.664131578947035
no08,I_11_533967_00937533967_01657,1330,13:30,2989.4245,2971.824210526316,-17.600289473683915
no08,I_11_533967_00937533967_01657,1345,13:45,4042.9125,3994.578421052632,-48.33407894736774
no08,I_11_533967_00937533967_01657,1400,14:00,3895.6585,3903.605263157895,7.94676315789502
no08,I_11_533967_00937533967_01657,1415,14:15,4555.375,4545.95,-9.425000000000182
no08,I_11_533967_00937533967_01657,1430,14:30,3060.285,3094.844736842105,34.55973684210494
no08,I_11_533967_00937533967_01657,1445,14:45,3823.9515,3776.8168421052633,-47.13465789473685
no08,I_11_533967_00937533967_01657,1500,15:00,4204.467500000001,4310.831052631579,106.36355263157839
no08,I_11_533967_00937533967_01657,1515,15:15,4423.362999999999,4428.61,5.247000000000298
no08,I_11_533967_00937533967_01657,1530,15:30,3546.0115,3521.0815789473686,-24.92992105263147
no08,I_11_533967_00937533967_01657,1545,15:45,2704.179,2762.8773684210523,58.69836842105224
no08,I_11_533967_00937533967_01657,1600,16:00,4207.379,4198.872631578947,-8.506368421052684
no08,I_11_533967_00937533967_01657,1615,16:15,2855.3720000000003,2828.174736842105,-27.197263157895122
no08,I_11_533967_00937533967_01657,1630,16:30,3610.9195,3636.346315789474,25.42681578947395
no08,I_11_533967_00937533967_01657,1645,16:45,4717.0650000000005,4563.4078947368425,-153.65710526315797
no08,I_11_533967_00937533967_01657,1700,17:00,5397.312,5977.827894736842,580.5158947368418
no08,I_11_533967_00937533967_01657,1715,17:15,5056.8255,5154.96947368421,98.14397368421032
no08,I_11_533967_00937533967_01657,1730,17:30,5252.606,5506.696315789473,254.0903157894736
no08,I_11_533967_00937533967_01657,1745,17:45,5399.34,5466.293684210526,66.95368421052626
no08,I_11_533967_00937533967_01657,1800,18:00,4067.11,4097.864736842105,30.754736842105103
no08,I_11_533967_00937533967_01657,1815,18:15,4866.5245,5052.645263157894,186.12076315789363
no08,I_11_533967_00937533967_01657,1830,18:30,3760.7555,3701.062105263158,-59.69339473684204
no08,I_11_533967_00937533967_01657,1845,18:45,4005.06,4126.63947368421,121.57947368421037
no08,I_11_533967_00939533967_01485,630,06:30,691.5020000000001,684.8736842105263,-6.6283157894737315
no08,I_11_533967_00939533967_01485,645,06:45,1924.6225,1910.5652631578944,-14.057236842105567
no08,I_11_533967_00939533967_01485,700,07:00,2782.7065,2760.1910526315787,-22.515447368421064
no08,I_11_533967_00939533967_01485,715,07:15,3349.7875,3257.5636842105264,-92.22381578947352
no08,I_11_533967_00939533967_01485,730,07:30,3612.891,3593.439473684211,-19.451526315789124
no08,I_11_533967_00939533967_01485,745,07:45,3576.971500000001,3560.6789473684207,-16.292552631580293
no08,I_11_533967_00939533967_01485,800,08:00,4150.9220000000005,3975.15,-175.7720000000004
no08,I_11_533967_00939533967_01485,815,08:15,4109.9685,4028.795789473684,-81.17271052631577
no08,I_11_533967_00939533967_01485,830,08:30,5043.813,4818.347894736842,-225.46510526315797
no08,I_11_533967_00939533967_01485,845,08:45,3648.217,3561.1368421052625,-87.08015789473757
no08,I_11_533967_00939533967_01485,900,09:00,4241.426,4184.277894736842,-57.14810526315796
no08,I_11_533967_00939533967_01485,915,09:15,2345.0885000000003,2243.154210526316,-101.9342894736842
no08,I_11_533967_00939533967_01485,930,09:30,2703.5435,2830.705263157895,127.16176315789471
no08,I_11_533967_00939533967_01485,945,09:45,3078.4355,3169.1642105263154,90.72871052631535
no08,I_11_533967_00939533967_01485,1000,10:00,3908.169,3665.2805263157898,-242.8884736842101
no08,I_11_533967_00939533967_01485,1015,10:15,3815.273,3520.8173684210524,-294.45563157894776
no08,I_11_533967_00939533967_01485,1030,10:30,4898.575500000001,4963.0205263157895,64.44502631578871
no08,I_11_533967_00939533967_01485,1045,10:45,4705.4885,4477.849999999999,-227.63850000000093
no08,I_11_533967_00939533967_01485,1100,11:00,5382.495000000001,5372.196315789473,-10.298684210527426
no08,I_11_533967_00939533967_01485,1115,11:15,6239.9355000000005,6150.795263157895,-89.14023684210588
no08,I_11_533967_00939533967_01485,1130,11:30,5688.2325,5817.833684210526,129.6011842105263
no08,I_11_533967_00939533967_01485,1145,11:45,6459.124,6431.303157894737,-27.820842105263182
no08,I_11_533967_00939533967_01485,1200,12:00,6407.494000000001,6082.728421052631,-324.76557894736925
no08,I_11_533967_00939533967_01485,1215,12:15,7838.755500000001,7835.206842105263,-3.548657894738426
no08,I_11_533967_00939533967_01485,1230,12:30,4731.005,4488.741578947368,-242.2634210526321
no08,I_11_533967_00939533967_01485,1245,12:45,7017.115,6963.76894736842,-53.34605263157937
no08,I_11_533967_00939533967_01485,1300,13:00,6514.2695,6341.037894736842,-173.2316052631586
no08,I_11_533967_00939533967_01485,1315,13:15,6369.941000000001,6214.308421052631,-155.63257894736944
no08,I_11_533967_00939533967_01485,1330,13:30,6687.6075,6614.056315789474,-73.55118421052612
no08,I_11_533967_00939533967_01485,1345,13:45,6055.947999999999,5981.915263157895,-74.03273684210399
no08,I_11_533967_00939533967_01485,1400,14:00,4830.79,4842.517894736842,11.727894736842245
no08,I_11_533967_00939533967_01485,1415,14:15,8575.792,8492.996842105264,-82.7951578947359
no08,I_11_533967_00939533967_01485,1430,14:30,4480.146500000001,4442.8910526315785,-37.25544736842221
no08,I_11_533967_00939533967_01485,1445,14:45,5557.3375,5500.555789473684,-56.78171052631569
no08,I_11_533967_00939533967_01485,1500,15:00,7694.762,8327.294210526316,632.5322105263158
no08,I_11_533967_00939533967_01485,1515,15:15,6284.329,6847.00947368421,562.6804736842105
no08,I_11_533967_00939533967_01485,1530,15:30,6232.579,6097.997368421053,-134.58163157894705
no08,I_11_533967_00939533967_01485,1545,15:45,4544.2775,4317.254736842105,-227.0227631578955
no08,I_11_533967_00939533967_01485,1600,16:00,6344.2505,7302.443157894736,958.1926578947359
no08,I_11_533967_00939533967_01485,1615,16:15,11866.7595,12173.48947368421,306.72997368421056
no08,I_11_533967_00939533967_01485,1630,16:30,7270.279,6765.001578947368,-505.27742105263223
no08,I_11_533967_00939533967_01485,1645,16:45,7725.875999999999,8503.864210526315,777.9882105263159
no08,I_11_533967_00939533967_01485,1700,17:00,4996.482,5675.111578947368,678.6295789473679
no08,I_11_533967_00939533967_01485,1715,17:15,6603.142999999999,6361.82,-241.3229999999994
no08,I_11_533967_00939533967_01485,1730,17:30,6385.961,6519.212631578947,133.25163157894713
no08,I_11_533967_00939533967_01485,1745,17:45,5847.092500000001,5917.4642105263165,70.37171052631584
no08,I_11_533967_00939533967_01485,1800,18:00,5021.072,5178.091052631578,157.01905263157823
no08,I_11_533967_00939533967_01485,1815,18:15,6152.417,5900.557894736842,-251.8591052631582
no08,I_11_533967_00939533967_01485,1830,18:30,4803.611,5088.037368421053,284.42636842105276
no08,I_11_533967_00939533967_01485,1845,18:45,5831.14,5859.894736842105,28.75473684210465
no08,I_11_533967_00977533967_00978,630,06:30,1944.154,1928.394210526316,-15.759789473683895
no08,I_11_533967_00977533967_00978,645,06:45,2337.809,2336.3457894736844,-1.4632105263158337
no08,I_11_533967_00977533967_00978,700,07:00,2123.3095000000003,2132.513684210526,9.20418421052591
no08,I_11_533967_00977533967_00978,715,07:15,3109.572,3123.093157894737,13.521157894736916
no08,I_11_533967_00977533967_00978,730,07:30,3298.822,3352.084736842105,53.262736842104914
no08,I_11_533967_00977533967_00978,745,07:45,3264.2560000000003,3176.6726315789474,-87.58336842105291
no08,I_11_533967_00977533967_00978,800,08:00,4004.2865,4079.628947368421,75.34244736842084
no08,I_11_533967_00977533967_00978,815,08:15,4093.593,4108.314736842105,14.721736842105202
no08,I_11_533967_00977533967_00978,830,08:30,1970.732,1949.7594736842104,-20.972526315789537
no08,I_11_533967_00977533967_00978,845,08:45,2482.901,2456.5284210526315,-26.37257894736831
no08,I_11_533967_00977533967_00978,900,09:00,3042.026,3045.403684210526,3.3776842105262403
no08,I_11_533967_00977533967_00978,915,09:15,1237.9685,1241.4384210526314,3.4699210526314346
no08,I_11_533967_00977533967_00978,930,09:30,1334.7925,1334.1694736842103,-0.6230263157897298
no08,I_11_533967_00977533967_00978,945,09:45,1534.999,1521.7952631578949,-13.203736842105172
no08,I_11_533967_00977533967_00978,1000,10:00,937.3525,961.1326315789474,23.780131578947476
no08,I_11_533967_00977533967_00978,1015,10:15,535.9035,519.3647368421052,-16.538763157894778
no08,I_11_533967_00977533967_00978,1030,10:30,592.635,604.0736842105263,11.438684210526276
no08,I_11_533967_00977533967_00978,1045,10:45,1106.4645,1133.2436842105265,26.77918421052641
no08,I_11_533967_00977533967_00978,1100,11:00,921.6325,899.4884210526316,-22.144078947368484
no08,I_11_533967_00977533967_00978,1115,11:15,390.24,395.4242105263158,5.1842105263157805
no08,I_11_533967_00977533967_00978,1130,11:30,415.3875,422.6736842105264,7.2861842105264145
no08,I_11_533967_00977533967_00978,1145,11:45,319.8475,333.0410526315789,13.193552631578882
no08,I_11_533967_00977533967_00978,1200,12:00,1410.3855,1387.1263157894737,-23.259184210526428
no08,I_11_533967_00977533967_00978,1215,12:15,1550.0855,1561.2326315789471,11.14713157894721
no08,I_11_533967_00977533967_00978,1230,12:30,568.7819999999999,568.2668421052631,-0.5151578947368307
no08,I_11_533967_00977533967_00978,1245,12:45,1092.8685,1129.288947368421,36.42044736842104
no08,I_11_533967_00977533967_00978,1300,13:00,1596.103,1552.6742105263158,-43.42878947368422
no08,I_11_533967_00977533967_00978,1315,13:15,1261.1,1257.5973684210526,-3.50263157894733
no08,I_11_533967_00977533967_00978,1330,13:30,1132.825,1082.3415789473686,-50.483421052631456
no08,I_11_533967_00977533967_00978,1345,13:45,1011.5245,1097.5384210526315,86.01392105263153
no08,I_11_533967_00977533967_00978,1400,14:00,1019.085,1016.2531578947368,-2.831842105263263
no08,I_11_533967_00977533967_00978,1415,14:15,879.9635000000001,829.061052631579,-50.90244736842112
no08,I_11_533967_00977533967_00978,1430,14:30,1684.059,1713.6789473684212,29.619947368421208
no08,I_11_533967_00977533967_00978,1445,14:45,1581.4945,1566.1631578947367,-15.331342105263275
no08,I_11_533967_00977533967_00978,1500,15:00,716.906,741.1478947368421,24.24189473684214
no08,I_11_533967_00977533967_00978,1515,15:15,335.7895,302.90000000000003,-32.88949999999994
no08,I_11_533967_00977533967_00978,1530,15:30,626.9984999999999,629.6278947368421,2.629394736842187
no08,I_11_533967_00977533967_00978,1545,15:45,1340.59,1381.3863157894737,40.79631578947374
no08,I_11_533967_00977533967_00978,1600,16:00,688.902,646.7757894736842,-42.126210526315845
no08,I_11_533967_00977533967_00978,1615,16:15,513.9984999999999,540.1942105263158,26.195710526315906
no08,I_11_533967_00977533967_00978,1630,16:30,1303.4375,1287.6984210526316,-15.739078947368398
no08,I_11_533967_00977533967_00978,1645,16:45,1793.8095,1774.8084210526315,-19.00107894736857
no08,I_11_533967_00977533967_00978,1700,17:00,1534.452,1606.661052631579,72.20905263157897
no08,I_11_533967_00977533967_00978,1715,17:15,876.9540000000001,858.7594736842105,-18.194526315789517
no08,I_11_533967_00977533967_00978,1730,17:30,1923.8135,1897.2721052631575,-26.54139473684245
no08,I_11_533967_00977533967_00978,1745,17:45,1978.375,1964.2610526315789,-14.113947368421123
no08,I_11_533967_00977533967_00978,1800,18:00,1624.7465,1681.1047368421052,56.35823684210527
no08,I_11_533967_00977533967_00978,1815,18:15,1593.1305,1569.948947368421,-23.181552631579052
no08,I_11_533967_00977533967_00978,1830,18:30,1102.817,1130.5131578947369,27.69615789473687
no08,I_11_533967_00977533967_00978,1845,18:45,2191.935,2093.7152631578947,-98.21973684210525
no08,I_11_533967_00977533967_01421,630,06:30,507.6145,508.4863157894737,0.8718157894736578
no08,I_11_533967_00977533967_01421,645,06:45,984.0505,1029.2131578947367,45.16265789473664
no08,I_11_533967_00977533967_01421,700,07:00,906.6645,903.0678947368422,-3.5966052631578123
no08,I_11_533967_00977533967_01421,715,07:15,1899.265,1912.744210526316,13.47921052631591
no08,I_11_533967_00977533967_01421,730,07:30,2286.1045,2524.4457894736843,238.34128947368436
no08,I_11_533967_00977533967_01421,745,07:45,1393.1695,1429.4126315789474,36.24313157894744
no08,I_11_533967_00977533967_01421,800,08:00,1637.826,1714.4468421052632,76.62084210526314
no08,I_11_533967_00977533967_01421,815,08:15,1864.76,2018.234210526316,153.47421052631603
no08,I_11_533967_00977533967_01421,830,08:30,2547.833,2640.957894736842,93.12489473684172
no08,I_11_533967_00977533967_01421,845,08:45,2930.045,2272.201052631579,-657.8439473684211
no08,I_11_533967_00977533967_01421,900,09:00,1964.6625,2259.9278947368425,295.2653947368426
no08,I_11_533967_00977533967_01421,915,09:15,1248.9185,1344.467894736842,95.54939473684203
no08,I_11_533967_00977533967_01421,930,09:30,1538.435,1623.9842105263158,85.54921052631585
no08,I_11_533967_00977533967_01421,945,09:45,4464.737999999999,3971.332631578948,-493.4053684210512
no08,I_11_533967_00977533967_01421,1000,10:00,13555.8615,14500.294210526316,944.4327105263146
no08,I_11_533967_00977533967_01421,1015,10:15,12852.248,16693.075263157894,3840.827263157895
no08,I_11_533967_00977533967_01421,1030,10:30,2177.2785,3852.195263157895,1674.9167631578953
no08,I_11_533967_00977533967_01421,1045,10:45,2720.194,2462.867368421053,-257.32663157894694
no08,I_11_533967_00977533967_01421,1100,11:00,3372.846,3374.2815789473684,1.4355789473684126
no08,I_11_533967_00977533967_01421,1115,11:15,3302.1894999999995,2616.5036842105264,-685.685815789473
no08,I_11_533967_00977533967_01421,1130,11:30,2033.7655,1999.7136842105265,-34.051815789473494
no08,I_11_533967_00977533967_01421,1145,11:45,2451.819,2338.6615789473685,-113.15742105263143
no08,I_11_533967_00977533967_01421,1200,12:00,2426.2205000000004,2350.5173684210527,-75.7031315789477
no08,I_11_533967_00977533967_01421,1215,12:15,2015.924,1805.232105263158,-210.69189473684196
no08,I_11_533967_00977533967_01421,1230,12:30,1804.6455,1745.8052631578948,-58.84023684210524
no08,I_11_533967_00977533967_01421,1245,12:45,2284.903,2445.988421052632,161.08542105263223
no08,I_11_533967_00977533967_01421,1300,13:00,2189.278,2116.7015789473685,-72.5764210526313
no08,I_11_533967_00977533967_01421,1315,13:15,2210.6345,2247.011052631579,36.37655263157876
no08,I_11_533967_00977533967_01421,1330,13:30,2260.273,2230.0315789473684,-30.241421052631722
no08,I_11_533967_00977533967_01421,1345,13:45,2069.2435,2097.079473684211,27.835973684210785
no08,I_11_533967_00977533967_01421,1400,14:00,1999.585,1842.9321052631576,-156.65289473684243
no08,I_11_533967_00977533967_01421,1415,14:15,2876.7380000000003,2500.001578947368,-376.73642105263207
no08,I_11_533967_00977533967_01421,1430,14:30,1613.48,1576.19,-37.289999999999964
no08,I_11_533967_00977533967_01421,1445,14:45,1478.6365,1606.147894736842,127.51139473684202
no08,I_11_533967_00977533967_01421,1500,15:00,2679.7455,2250.598421052632,-429.14707894736785
no08,I_11_533967_00977533967_01421,1515,15:15,2375.202,2282.857368421053,-92.34463157894743
no08,I_11_533967_00977533967_01421,1530,15:30,2056.501,2009.1363157894732,-47.364684210527
no08,I_11_533967_00977533967_01421,1545,15:45,1599.984,1570.7184210526316,-29.26557894736834
no08,I_11_533967_00977533967_01421,1600,16:00,2112.017,2154.197894736842,42.18089473684222
no08,I_11_533967_00977533967_01421,1615,16:15,2741.198,2328.9605263157896,-412.2374736842103
no08,I_11_533967_00977533967_01421,1630,16:30,1810.4035,1687.1384210526317,-123.26507894736824
no08,I_11_533967_00977533967_01421,1645,16:45,2188.9165000000003,2144.797368421053,-44.11913157894742
no08,I_11_533967_00977533967_01421,1700,17:00,2154.764,2166.122631578948,11.358631578948007
no08,I_11_533967_00977533967_01421,1715,17:15,2360.0175,2246.147894736842,-113.86960526315806
no08,I_11_533967_00977533967_01421,1730,17:30,2369.1005,2417.596315789474,48.49581578947391
no08,I_11_533967_00977533967_01421,1745,17:45,2384.5510000000004,2388.364210526316,3.8132105263157428
no08,I_11_533967_00977533967_01421,1800,18:00,2837.944,2919.7963157894737,81.85231578947378
no08,I_11_533967_00977533967_01421,1815,18:15,1888.2415,2001.6726315789476,113.43113157894754
no08,I_11_533967_00977533967_01421,1830,18:30,3357.5325,3413.964210526316,56.43171052631624
no08,I_11_533967_00977533967_01421,1845,18:45,2825.206,3423.5315789473684,598.3255789473683
no08,I_11_533967_00977533967_01425,630,06:30,181.4415,187.31526315789472,5.873763157894729
no08,I_11_533967_00977533967_01425,645,06:45,344.371,344.95736842105265,0.5863684210526685
no08,I_11_533967_00977533967_01425,700,07:00,328.49850000000004,328.44105263157894,-0.057447368421094325
no08,I_11_533967_00977533967_01425,715,07:15,260.5815,255.9036842105263,-4.677815789473698
no08,I_11_533967_00977533967_01425,730,07:30,544.893,537.607894736842,-7.285105263158016
no08,I_11_533967_00977533967_01425,745,07:45,815.383,817.3442105263158,1.9612105263157673
no08,I_11_533967_00977533967_01425,800,08:00,478.1405,449.1684210526316,-28.972078947368402
no08,I_11_533967_00977533967_01425,815,08:15,514.051,604.3763157894737,90.32531578947362
no08,I_11_533967_00977533967_01425,830,08:30,632.7425000000001,659.8363157894737,27.093815789473638
no08,I_11_533967_00977533967_01425,845,08:45,670.471,646.4526315789474,-24.018368421052628
no08,I_11_533967_00977533967_01425,900,09:00,638.3595,641.1057894736842,2.7462894736842145
no08,I_11_533967_00977533967_01425,915,09:15,572.4970000000001,563.5715789473685,-8.925421052631577
no08,I_11_533967_00977533967_01425,930,09:30,598.009,570.5863157894737,-27.422684210526313
no08,I_11_533967_00977533967_01425,945,09:45,548.6510000000001,547.6231578947369,-1.0278421052631757
no08,I_11_533967_00977533967_01425,1000,10:00,374.1655,368.4331578947368,-5.732342105263228
no08,I_11_533967_00977533967_01425,1015,10:15,559.108,538.9926315789475,-20.115368421052494
no08,I_11_533967_00977533967_01425,1030,10:30,633.5065,600.0568421052632,-33.44965789473679
no08,I_11_533967_00977533967_01425,1045,10:45,519.741,567.7336842105263,47.99268421052636
no08,I_11_533967_00977533967_01425,1100,11:00,549.8520000000001,551.4626315789474,1.6106315789472774
no08,I_11_533967_00977533967_01425,1115,11:15,803.1865,747.9168421052632,-55.26965789473684
no08,I_11_533967_00977533967_01425,1130,11:30,462.8515,458.8052631578947,-4.046236842105316
no08,I_11_533967_00977533967_01425,1145,11:45,776.3345,744.1978947368422,-32.13660526315789
no08,I_11_533967_00977533967_01425,1200,12:00,443.3485,433.7505263157895,-9.597973684210501
no08,I_11_533967_00977533967_01425,1215,12:15,487.365,495.7010526315789,8.336052631578866
no08,I_11_533967_00977533967_01425,1230,12:30,585.9575,571.7331578947369,-14.224342105263077
no08,I_11_533967_00977533967_01425,1245,12:45,413.513,421.73894736842107,8.225947368421089
no08,I_11_533967_00977533967_01425,1300,13:00,541.0625,528.8784210526316,-12.184078947368448
no08,I_11_533967_00977533967_01425,1315,13:15,502.559,509.4047368421053,6.845736842105282
no08,I_11_533967_00977533967_01425,1330,13:30,385.7925,380.6736842105264,-5.118815789473615
no08,I_11_533967_00977533967_01425,1345,13:45,426.76900000000006,422.11,-4.659000000000049
no08,I_11_533967_00977533967_01425,1400,14:00,595.2760000000001,601.3605263157895,6.08452631578939
no08,I_11_533967_00977533967_01425,1415,14:15,461.563,447.6721052631579,-13.890894736842085
no08,I_11_533967_00977533967_01425,1430,14:30,639.289,662.6542105263158,23.365210526315764
no08,I_11_533967_00977533967_01425,1445,14:45,554.603,542.5894736842106,-12.013526315789363
no08,I_11_533967_00977533967_01425,1500,15:00,663.895,681.74,17.845000000000027
no08,I_11_533967_00977533967_01425,1515,15:15,681.163,673.8168421052632,-7.346157894736848
no08,I_11_533967_00977533967_01425,1530,15:30,742.5615,747.1921052631578,4.630605263157804
no08,I_11_533967_00977533967_01425,1545,15:45,611.897,632.9436842105264,21.046684210526337
no08,I_11_533967_00977533967_01425,1600,16:00,738.7905,737.93,-0.8605000000000018
no08,I_11_533967_00977533967_01425,1615,16:15,1078.8955,1096.8194736842106,17.923973684210523
no08,I_11_533967_00977533967_01425,1630,16:30,672.9350000000001,656.6768421052632,-16.258157894736883
no08,I_11_533967_00977533967_01425,1645,16:45,644.4005,607.6184210526316,-36.782078947368404
no08,I_11_533967_00977533967_01425,1700,17:00,1070.373,992.754210526316,-77.61878947368405
no08,I_11_533967_00977533967_01425,1715,17:15,1092.757,1121.465789473684,28.708789473683964
no08,I_11_533967_00977533967_01425,1730,17:30,855.042,756.7305263157895,-98.31147368421057
no08,I_11_533967_00977533967_01425,1745,17:45,742.2115,792.9594736842105,50.74797368421048
no08,I_11_533967_00977533967_01425,1800,18:00,822.094,778.7384210526316,-43.355578947368485
no08,I_11_533967_00977533967_01425,1815,18:15,669.4694999999999,676.0563157894736,6.58681578947369
no08,I_11_533967_00977533967_01425,1830,18:30,447.7435,428.3221052631579,-19.421394736842103
no08,I_11_533967_00977533967_01425,1845,18:45,321.1265,328.97736842105263,7.85086842105261
no08,I_11_533967_00977533967_01555,630,06:30,346.856,376.3647368421053,29.508736842105293
no08,I_11_533967_00977533967_01555,645,06:45,332.1915,337.0778947368421,4.886394736842078
no08,I_11_533967_00977533967_01555,700,07:00,475.449,518.9736842105264,43.524684210526345
no08,I_11_533967_00977533967_01555,715,07:15,535.6614999999999,597.2926315789473,61.63113157894736
no08,I_11_533967_00977533967_01555,730,07:30,593.12,617.7057894736841,24.585789473684144
no08,I_11_533967_00977533967_01555,745,07:45,673.0565,793.5489473684211,120.49244736842104
no08,I_11_533967_00977533967_01555,800,08:00,902.694,970.0894736842106,67.39547368421063
no08,I_11_533967_00977533967_01555,815,08:15,727.241,801.39,74.149
no08,I_11_533967_00977533967_01555,830,08:30,665.521,749.2505263157894,83.72952631578949
no08,I_11_533967_00977533967_01555,845,08:45,701.4415,772.0805263157894,70.63902631578935
no08,I_11_533967_00977533967_01555,900,09:00,559.3595,641.5263157894736,82.16681578947362
no08,I_11_533967_00977533967_01555,915,09:15,678.0745,747.6526315789473,69.57813157894736
no08,I_11_533967_00977533967_01555,930,09:30,735.2615,781.4363157894737,46.17481578947377
no08,I_11_533967_00977533967_01555,945,09:45,324.8025,382.3405263157895,57.538026315789466
no08,I_11_533967_00977533967_01555,1000,10:00,409.296,507.6589473684211,98.36294736842109
no08,I_11_533967_00977533967_01555,1015,10:15,416.446,474.3131578947369,57.86715789473686
no08,I_11_533967_00977533967_01555,1030,10:30,531.991,657.8042105263158,125.81321052631586
no08,I_11_533967_00977533967_01555,1045,10:45,348.43050000000005,367.9952631578947,19.564763157894674
no08,I_11_533967_00977533967_01555,1100,11:00,303.0555,322.891052631579,19.83555263157899
no08,I_11_533967_00977533967_01555,1115,11:15,284.3,356.3121052631579,72.01210526315788
no08,I_11_533967_00977533967_01555,1130,11:30,568.6555000000001,643.2684210526317,74.61292105263158
no08,I_11_533967_00977533967_01555,1145,11:45,337.608,338.5394736842105,0.9314736842105162
no08,I_11_533967_00977533967_01555,1200,12:00,429.9765,475.0431578947369,45.06665789473692
no08,I_11_533967_00977533967_01555,1215,12:15,472.216,522.3805263157894,50.16452631578943
no08,I_11_533967_00977533967_01555,1230,12:30,318.709,360.6268421052632,41.91784210526322
no08,I_11_533967_00977533967_01555,1245,12:45,606.63,669.5163157894737,62.886315789473656
no08,I_11_533967_00977533967_01555,1300,13:00,584.234,620.1694736842105,35.93547368421048
no08,I_11_533967_00977533967_01555,1315,13:15,520.5665,555.2984210526316,34.731921052631606
no08,I_11_533967_00977533967_01555,1330,13:30,275.9975,309.8736842105263,33.876184210526276
no08,I_11_533967_00977533967_01555,1345,13:45,383.373,402.5115789473684,19.138578947368387
no08,I_11_533967_00977533967_01555,1400,14:00,359.9965,379.0531578947368,19.05665789473676
no08,I_11_533967_00977533967_01555,1415,14:15,276.543,311.9657894736842,35.42278947368419
no08,I_11_533967_00977533967_01555,1430,14:30,588.0730000000001,656.8863157894737,68.81331578947356
no08,I_11_533967_00977533967_01555,1445,14:45,750.9795,758.6368421052632,7.657342105263183
no08,I_11_533967_00977533967_01555,1500,15:00,487.9955,482.8563157894737,-5.1391842105263095
no08,I_11_533967_00977533967_01555,1515,15:15,326.653,421.4178947368421,94.76489473684205
no08,I_11_533967_00977533967_01555,1530,15:30,398.7385,433.6210526315789,34.8825526315789
no08,I_11_533967_00977533967_01555,1545,15:45,437.741,462.54157894736846,24.80057894736848
no08,I_11_533967_00977533967_01555,1600,16:00,934.4015,706.7021052631579,-227.69939473684212
no08,I_11_533967_00977533967_01555,1615,16:15,336.802,391.04947368421057,54.24747368421055
no08,I_11_533967_00977533967_01555,1630,16:30,306.95,396.2042105263158,89.25421052631583
no08,I_11_533967_00977533967_01555,1645,16:45,526.9159999999999,535.9131578947369,8.997157894736915
no08,I_11_533967_00977533967_01555,1700,17:00,585.491,624.2563157894738,38.76531578947379
no08,I_11_533967_00977533967_01555,1715,17:15,499.164,603.9352631578947,104.77126315789474
no08,I_11_533967_00977533967_01555,1730,17:30,471.1105,514.3410526315789,43.23055263157892
no08,I_11_533967_00977533967_01555,1745,17:45,227.848,285.2678947368421,57.41989473684208
no08,I_11_533967_00977533967_01555,1800,18:00,304.446,408.0073684210527,103.56136842105269
no08,I_11_533967_00977533967_01555,1815,18:15,514.6614999999999,609.9910526315789,95.32955263157896
no08,I_11_533967_00977533967_01555,1830,18:30,313.29900000000004,253.27421052631576,-60.02478947368428
no08,I_11_533967_00977533967_01555,1845,18:45,288.4995,337.6331578947368,49.133657894736814
no08,I_11_533967_00978533967_00977,630,06:30,1094.1219999999998,1093.0089473684209,-1.1130526315789666
no08,I_11_533967_00978533967_00977,645,06:45,1247.4055,1246.166842105263,-1.2386578947371163
no08,I_11_533967_00978533967_00977,700,07:00,1427.3565,1429.1705263157894,1.814026315789306
no08,I_11_533967_00978533967_00977,715,07:15,1752.0759999999998,1777.507368421053,25.431368421053094
no08,I_11_533967_00978533967_00977,730,07:30,3011.4970000000003,3047.8815789473683,36.38457894736803
no08,I_11_533967_00978533967_00977,745,07:45,3074.892,3242.0268421052638,167.13484210526394
no08,I_11_533967_00978533967_00977,800,08:00,2798.7760000000003,2756.875789473684,-41.90021052631619
no08,I_11_533967_00978533967_00977,815,08:15,2405.4,2391.350526315789,-14.04947368421108
no08,I_11_533967_00978533967_00977,830,08:30,2681.85,2582.678421052632,-99.17157894736783
no08,I_11_533967_00978533967_00977,845,08:45,2787.004,2983.521052631579,196.5170526315792
no08,I_11_533967_00978533967_00977,900,09:00,2642.2355,2772.301052631579,130.06555263157907
no08,I_11_533967_00978533967_00977,915,09:15,2506.9895,2422.254210526316,-84.73528947368413
no08,I_11_533967_00978533967_00977,930,09:30,1743.033,1812.912631578948,69.87963157894819
no08,I_11_533967_00978533967_00977,945,09:45,3394.5080000000003,3402.216842105264,7.708842105263557
no08,I_11_533967_00978533967_00977,1000,10:00,6798.2405,6446.521578947369,-351.71892105263123
no08,I_11_533967_00978533967_00977,1015,10:15,5391.697999999999,6700.866315789473,1309.168315789474
no08,I_11_533967_00978533967_00977,1030,10:30,2302.4755,2267.0705263157893,-35.404973684210745
no08,I_11_533967_00978533967_00977,1045,10:45,3500.802,3460.755263157895,-40.04673684210502
no08,I_11_533967_00978533967_00977,1100,11:00,4002.0835,4047.4510526315794,45.3675526315792
no08,I_11_533967_00978533967_00977,1115,11:15,4182.9655,4220.303684210527,37.33818421052638
no08,I_11_533967_00978533967_00977,1130,11:30,2965.1625,3145.416315789474,180.25381578947417
no08,I_11_533967_00978533967_00977,1145,11:45,3184.5255,3136.967894736842,-47.557605263158166
no08,I_11_533967_00978533967_00977,1200,12:00,3420.6235,3415.59,-5.033500000000004
no08,I_11_533967_00978533967_00977,1215,12:15,3428.5185,3400.994210526316,-27.524289473684348
no08,I_11_533967_00978533967_00977,1230,12:30,2551.431,2563.334736842105,11.90373684210499
no08,I_11_533967_00978533967_00977,1245,12:45,4596.237999999999,4601.787368421053,5.549368421053259
no08,I_11_533967_00978533967_00977,1300,13:00,2909.162,2917.038421052632,7.876421052632395
no08,I_11_533967_00978533967_00977,1315,13:15,3522.826,3491.6715789473683,-31.154421052631733
no08,I_11_533967_00978533967_00977,1330,13:30,4792.7225,4649.617894736843,-143.10460526315728
no08,I_11_533967_00978533967_00977,1345,13:45,2179.2015,2239.098947368421,59.89744736842067
no08,I_11_533967_00978533967_00977,1400,14:00,2801.357,2803.147894736842,1.7908947368418922
no08,I_11_533967_00978533967_00977,1415,14:15,4419.8285000000005,4475.48052631579,55.652026315789044
no08,I_11_533967_00978533967_00977,1430,14:30,2288.6285,2379.656315789474,91.02781578947406
no08,I_11_533967_00978533967_00977,1445,14:45,3138.5075,3057.318947368421,-81.18855263157911
no08,I_11_533967_00978533967_00977,1500,15:00,3480.2325,3446.868421052632,-33.36407894736794
no08,I_11_533967_00978533967_00977,1515,15:15,2960.2380000000003,3103.552105263158,143.31410526315767
no08,I_11_533967_00978533967_00977,1530,15:30,4255.486,3986.253157894737,-269.232842105263
no08,I_11_533967_00978533967_00977,1545,15:45,3144.5175,3358.907894736842,214.39039473684215
no08,I_11_533967_00978533967_00977,1600,16:00,3978.0645,3793.8973684210528,-184.1671315789472
no08,I_11_533967_00978533967_00977,1615,16:15,3720.903,3668.642631578948,-52.26036842105168
no08,I_11_533967_00978533967_00977,1630,16:30,2588.2995,2636.993684210526,48.694184210526146
no08,I_11_533967_00978533967_00977,1645,16:45,3857.383,3931.041578947368,73.65857894736837
no08,I_11_533967_00978533967_00977,1700,17:00,2932.929,2906.58,-26.34900000000016
no08,I_11_533967_00978533967_00977,1715,17:15,3348.9055,3380.8536842105264,31.948184210526506
no08,I_11_533967_00978533967_00977,1730,17:30,4509.1845,4422.017894736842,-87.16660526315809
no08,I_11_533967_00978533967_00977,1745,17:45,3915.9795,3974.9236842105274,58.94418421052751
no08,I_11_533967_00978533967_00977,1800,18:00,4297.368,4340.501052631579,43.13305263157872
no08,I_11_533967_00978533967_00977,1815,18:15,3417.625,3525.49,107.86499999999978
no08,I_11_533967_00978533967_00977,1830,18:30,5735.986,5743.79,7.804000000000087
no08,I_11_533967_00978533967_00977,1845,18:45,3882.1135,3848.1378947368416,-33.975605263158286
no08,I_11_533967_01268533967_00937,630,06:30,2188.0495,2182.412631578947,-5.636868421052895
no08,I_11_533967_01268533967_00937,645,06:45,1941.6185,1964.858947368421,23.240447368420973
no08,I_11_533967_01268533967_00937,700,07:00,2350.5025,2366.1673684210527,15.664868421052688
no08,I_11_533967_01268533967_00937,715,07:15,2576.5375,2604.074210526316,27.536710526316256
no08,I_11_533967_01268533967_00937,730,07:30,1906.3615,1929.218421052632,22.85692105263206
no08,I_11_533967_01268533967_00937,745,07:45,2568.2535,2603.282105263158,35.02860526315817
no08,I_11_533967_01268533967_00937,800,08:00,1961.0535,1969.3021052631575,8.248605263157515
no08,I_11_533967_01268533967_00937,815,08:15,1846.5145,1866.7094736842107,20.19497368421071
no08,I_11_533967_01268533967_00937,830,08:30,2730.266,2728.266315789473,-1.9996842105269934
no08,I_11_533967_01268533967_00937,845,08:45,2218.165,2262.6273684210523,44.46236842105236
no08,I_11_533967_01268533967_00937,900,09:00,2241.1645,2260.579473684211,19.414973684210963
no08,I_11_533967_01268533967_00937,915,09:15,2146.3175,2163.181052631579,16.86355263157884
no08,I_11_533967_01268533967_00937,930,09:30,2325.5935,2302.0036842105264,-23.589815789473505
no08,I_11_533967_01268533967_00937,945,09:45,2024.016,2026.4457894736845,2.4297894736844228
no08,I_11_533967_01268533967_00937,1000,10:00,2492.4545,2482.156315789474,-10.29818421052596
no08,I_11_533967_01268533967_00937,1015,10:15,1800.2205,1820.9826315789476,20.762131578947674
no08,I_11_533967_01268533967_00937,1030,10:30,1398.2734999999998,1407.7763157894738,9.50281578947397
no08,I_11_533967_01268533967_00937,1045,10:45,1498.368,1537.73,39.36200000000008
no08,I_11_533967_01268533967_00937,1100,11:00,1779.3685,1763.3652631578948,-16.003236842105252
no08,I_11_533967_01268533967_00937,1115,11:15,2046.889,2059.088947368421,12.199947368421135
no08,I_11_533967_01268533967_00937,1130,11:30,1449.662,1449.5778947368422,-0.08410526315788047
no08,I_11_533967_01268533967_00937,1145,11:45,1399.6885,1408.28,8.591499999999996
no08,I_11_533967_01268533967_00937,1200,12:00,1786.3175,1777.8005263157895,-8.516973684210598
no08,I_11_533967_01268533967_00937,1215,12:15,1986.4995,1992.207894736842,5.708394736842138
no08,I_11_533967_01268533967_00937,1230,12:30,1430.947,1424.622105263158,-6.324894736841998
no08,I_11_533967_01268533967_00937,1245,12:45,2019.442,2020.7163157894736,1.274315789473576
no08,I_11_533967_01268533967_00937,1300,13:00,1036.831,1059.6005263157897,22.76952631578979
no08,I_11_533967_01268533967_00937,1315,13:15,1744.277,1727.6568421052634,-16.62015789473662
no08,I_11_533967_01268533967_00937,1330,13:30,1566.658,1571.1957894736845,4.537789473684597
no08,I_11_533967_01268533967_00937,1345,13:45,1219.412,1226.3694736842106,6.957473684210527
no08,I_11_533967_01268533967_00937,1400,14:00,2129.829,2140.7173684210525,10.888368421052292
no08,I_11_533967_01268533967_00937,1415,14:15,1361.1305,1394.6573684210528,33.52686842105277
no08,I_11_533967_01268533967_00937,1430,14:30,1883.825,1905.8431578947368,22.01815789473676
no08,I_11_533967_01268533967_00937,1445,14:45,1908.3645,1879.734736842105,-28.629763157895013
no08,I_11_533967_01268533967_00937,1500,15:00,1402.181,1402.2268421052631,0.04584210526309107
no08,I_11_533967_01268533967_00937,1515,15:15,1148.2379999999998,1168.3131578947368,20.075157894737004
no08,I_11_533967_01268533967_00937,1530,15:30,1612.263,1618.58,6.317000000000007
no08,I_11_533967_01268533967_00937,1545,15:45,1460.7605,1468.3852631578948,7.624763157894677
no08,I_11_533967_01268533967_00937,1600,16:00,1689.822,1723.0631578947368,33.24115789473694
no08,I_11_533967_01268533967_00937,1615,16:15,2049.9455000000003,2086.092105263158,36.14660526315765
no08,I_11_533967_01268533967_00937,1630,16:30,1603.612,1616.3952631578948,12.78326315789468
no08,I_11_533967_01268533967_00937,1645,16:45,2181.6655,2166.968947368421,-14.696552631578925
no08,I_11_533967_01268533967_00937,1700,17:00,1397.489,1686.6584210526314,289.1694210526314
no08,I_11_533967_01268533967_00937,1715,17:15,2216.724,2206.412631578947,-10.311368421052975
no08,I_11_533967_01268533967_00937,1730,17:30,1286.798,1286.3784210526314,-0.4195789473685636
no08,I_11_533967_01268533967_00937,1745,17:45,1906.574,1937.715789473684,31.141789473683957
no08,I_11_533967_01268533967_00937,1800,18:00,2960.1825,2895.5773684210526,-64.6051315789473
no08,I_11_533967_01268533967_00937,1815,18:15,1721.871,1765.1494736842103,43.27847368421021
no08,I_11_533967_01268533967_00937,1830,18:30,1430.6844999999998,1454.627894736842,23.943394736842265
no08,I_11_533967_01268533967_00937,1845,18:45,1559.0055,1519.4394736842105,-39.566026315789486
no08,I_11_533967_01405533967_00937,630,06:30,1630.129,1590.005263157895,-40.12373684210502
no08,I_11_533967_01405533967_00937,645,06:45,1826.281,1805.536842105263,-20.744157894736873
no08,I_11_533967_01405533967_00937,700,07:00,2297.3705,2278.396842105263,-18.97365789473679
no08,I_11_533967_01405533967_00937,715,07:15,1783.5595,1717.9105263157894,-65.64897368421066
no08,I_11_533967_01405533967_00937,730,07:30,2874.5385,2959.738947368421,85.20044736842101
no08,I_11_533967_01405533967_00937,745,07:45,3241.3045,3219.777894736842,-21.526605263158217
no08,I_11_533967_01405533967_00937,800,08:00,3596.8585,3620.361578947368,23.503078947368067
no08,I_11_533967_01405533967_00937,815,08:15,3818.429,3766.555789473684,-51.87321052631614
no08,I_11_533967_01405533967_00937,830,08:30,6865.111999999999,6824.67947368421,-40.43252631578889
no08,I_11_533967_01405533967_00937,845,08:45,3317.4015,3502.931578947368,185.5300789473681
no08,I_11_533967_01405533967_00937,900,09:00,4297.338,4313.426315789474,16.08831578947411
no08,I_11_533967_01405533967_00937,915,09:15,3767.0235,3903.875789473684,136.85228947368432
no08,I_11_533967_01405533967_00937,930,09:30,3511.743,3598.6957894736843,86.95278947368433
no08,I_11_533967_01405533967_00937,945,09:45,1972.2145,1955.2215789473685,-16.992921052631573
no08,I_11_533967_01405533967_00937,1000,10:00,3846.059,3816.9147368421054,-29.144263157894784
no08,I_11_533967_01405533967_00937,1015,10:15,3548.043,3739.251578947368,191.2085789473681
no08,I_11_533967_01405533967_00937,1030,10:30,5183.8725,5241.575263157894,57.70276315789397
no08,I_11_533967_01405533967_00937,1045,10:45,3902.7605,4138.556842105263,235.7963421052632
no08,I_11_533967_01405533967_00937,1100,11:00,4459.951,4322.874210526315,-137.07678947368458
no08,I_11_533967_01405533967_00937,1115,11:15,4272.3975,4473.854210526316,201.45671052631587
no08,I_11_533967_01405533967_00937,1130,11:30,5151.33,5278.346315789474,127.01631578947399
no08,I_11_533967_01405533967_00937,1145,11:45,4447.906,4648.976842105263,201.07084210526318
no08,I_11_533967_01405533967_00937,1200,12:00,4124.378,3967.722105263158,-156.65589473684167
no08,I_11_533967_01405533967_00937,1215,12:15,4720.179,4622.642105263158,-97.53689473684244
no08,I_11_533967_01405533967_00937,1230,12:30,5028.642,5044.615789473684,15.97378947368452
no08,I_11_533967_01405533967_00937,1245,12:45,4007.7465,4018.773684210526,11.027184210525775
no08,I_11_533967_01405533967_00937,1300,13:00,4643.411999999999,4751.032105263158,107.62010526315862
no08,I_11_533967_01405533967_00937,1315,13:15,3926.38,3909.119473684211,-17.26052631578932
no08,I_11_533967_01405533967_00937,1330,13:30,4568.276,4588.046842105263,19.770842105263
no08,I_11_533967_01405533967_00937,1345,13:45,3501.1825,3502.4105263157894,1.2280263157895206
no08,I_11_533967_01405533967_00937,1400,14:00,4594.917,4613.625789473685,18.70878947368419
no08,I_11_533967_01405533967_00937,1415,14:15,4361.448,4525.917894736842,164.46989473684152
no08,I_11_533967_01405533967_00937,1430,14:30,4065.2315,4002.722105263158,-62.50939473684184
no08,I_11_533967_01405533967_00937,1445,14:45,3857.396,3829.2157894736847,-28.180210526315477
no08,I_11_533967_01405533967_00937,1500,15:00,4814.9285,4735.316315789474,-79.61218421052581
no08,I_11_533967_01405533967_00937,1515,15:15,4740.572999999999,4729.654736842105,-10.918263157894216
no08,I_11_533967_01405533967_00937,1530,15:30,5344.2875,5215.117368421053,-129.1701315789478
no08,I_11_533967_01405533967_00937,1545,15:45,2882.1445,2866.5157894736844,-15.628710526315444
no08,I_11_533967_01405533967_00937,1600,16:00,6383.1715,6390.5605263157895,7.389026315789124
no08,I_11_533967_01405533967_00937,1615,16:15,13063.2965,13358.511052631578,295.21455263157804
no08,I_11_533967_01405533967_00937,1630,16:30,20151.2985,20310.31,159.01150000000052
no08,I_11_533967_01405533967_00937,1645,16:45,14392.039,14208.046842105265,-183.992157894736
no08,I_11_533967_01405533967_00937,1700,17:00,11340.170999999998,12273.517894736842,933.3468947368438
no08,I_11_533967_01405533967_00937,1715,17:15,4211.535,4314.227368421052,102.69236842105238
no08,I_11_533967_01405533967_00937,1730,17:30,4833.2275,5125.801578947368,292.57407894736843
no08,I_11_533967_01405533967_00937,1745,17:45,4494.861,4434.20947368421,-60.65152631578985
no08,I_11_533967_01405533967_00937,1800,18:00,7104.3910000000005,7719.853684210527,615.4626842105263
no08,I_11_533967_01405533967_00937,1815,18:15,3932.315,4179.302631578948,246.98763157894837
no08,I_11_533967_01405533967_00937,1830,18:30,2619.0345,2596.864210526316,-22.17028947368408
no08,I_11_533967_01405533967_00937,1845,18:45,2473.125,2565.0373684210526,91.91236842105263
no08,I_11_533967_01412533967_01657,630,06:30,1750.118,1747.8152631578946,-2.3027368421053325
no08,I_11_533967_01412533967_01657,645,06:45,3265.4075000000003,3304.118421052632,38.710921052631875
no08,I_11_533967_01412533967_01657,700,07:00,2091.6385,2096.4173684210527,4.778868421052721
no08,I_11_533967_01412533967_01657,715,07:15,1870.272,1844.6294736842103,-25.64252631578961
no08,I_11_533967_01412533967_01657,730,07:30,1487.265,1492.918947368421,5.653947368420859
no08,I_11_533967_01412533967_01657,745,07:45,1202.12,1205.1152631578946,2.9952631578946693
no08,I_11_533967_01412533967_01657,800,08:00,1630.6585,1651.88,21.221500000000106
no08,I_11_533967_01412533967_01657,815,08:15,1201.614,1164.597894736842,-37.016105263158124
no08,I_11_533967_01412533967_01657,830,08:30,1450.7305,1476.2931578947369,25.562657894736958
no08,I_11_533967_01412533967_01657,845,08:45,727.1075,705.7484210526316,-21.359078947368403
no08,I_11_533967_01412533967_01657,900,09:00,1108.5125,1132.4152631578947,23.902763157894697
no08,I_11_533967_01412533967_01657,915,09:15,1188.8049999999998,1173.3205263157895,-15.484473684210343
no08,I_11_533967_01412533967_01657,930,09:30,1272.086,1307.5815789473684,35.49557894736836
no08,I_11_533967_01412533967_01657,945,09:45,778.927,771.5094736842105,-7.417526315789473
no08,I_11_533967_01412533967_01657,1000,10:00,757.4984999999999,770.5936842105262,13.095184210526327
no08,I_11_533967_01412533967_01657,1015,10:15,615.2495,610.3294736842105,-4.920026315789528
no08,I_11_533967_01412533967_01657,1030,10:30,401.949,406.7926315789474,4.843631578947395
no08,I_11_533967_01412533967_01657,1045,10:45,707.298,686.9647368421053,-20.33326315789475
no08,I_11_533967_01412533967_01657,1100,11:00,813.308,862.4889473684211,49.18094736842113
no08,I_11_533967_01412533967_01657,1115,11:15,1064.914,1040.8031578947368,-24.110842105263146
no08,I_11_533967_01412533967_01657,1130,11:30,1364.235,1355.9131578947367,-8.321842105263158
no08,I_11_533967_01412533967_01657,1145,11:45,432.601,448.7978947368421,16.196894736842125
no08,I_11_533967_01412533967_01657,1200,12:00,654.4645,656.4178947368422,1.9533947368421423
no08,I_11_533967_01412533967_01657,1215,12:15,644.7935,639.1042105263158,-5.689289473684198
no08,I_11_533967_01412533967_01657,1230,12:30,593.1985,564.7347368421052,-28.463763157894732
no08,I_11_533967_01412533967_01657,1245,12:45,607.513,624.0515789473684,16.538578947368364
no08,I_11_533967_01412533967_01657,1300,13:00,506.80550000000005,511.8442105263159,5.038710526315867
no08,I_11_533967_01412533967_01657,1315,13:15,780.5855,797.74,17.154499999999985
no08,I_11_533967_01412533967_01657,1330,13:30,916.0255,937.2884210526316,21.26292105263167
no08,I_11_533967_01412533967_01657,1345,13:45,184.95,171.47368421052633,-13.47631578947366
no08,I_11_533967_01412533967_01657,1400,14:00,823.903,793.5242105263158,-30.378789473684265
no08,I_11_533967_01412533967_01657,1415,14:15,456.195,453.7284210526316,-2.4665789473684185
no08,I_11_533967_01412533967_01657,1430,14:30,1003.4745,1015.8463157894738,12.371815789473771
no08,I_11_533967_01412533967_01657,1445,14:45,577.7814999999999,586.4321052631578,8.6506052631579
no08,I_11_533967_01412533967_01657,1500,15:00,528.1955,501.27421052631576,-26.921289473684283
no08,I_11_533967_01412533967_01657,1515,15:15,1032.257,1068.9073684210528,36.65036842105269
no08,I_11_533967_01412533967_01657,1530,15:30,855.5015,856.3263157894737,0.824815789473746
no08,I_11_533967_01412533967_01657,1545,15:45,909.8675,935.1936842105264,25.326184210526435
no08,I_11_533967_01412533967_01657,1600,16:00,853.5,846.4742105263158,-7.025789473684199
no08,I_11_533967_01412533967_01657,1615,16:15,773.1815,785.5868421052631,12.405342105263117
no08,I_11_533967_01412533967_01657,1630,16:30,1466.6935,1468.792105263158,2.0986052631578787
no08,I_11_533967_01412533967_01657,1645,16:45,1289.809,1310.6047368421052,20.79573684210527
no08,I_11_533967_01412533967_01657,1700,17:00,1489.7125,1498.8847368421052,9.172236842105121
no08,I_11_533967_01412533967_01657,1715,17:15,805.7445,774.2531578947369,-31.49134210526313
no08,I_11_533967_01412533967_01657,1730,17:30,995.105,1028.6247368421052,33.5197368421052
no08,I_11_533967_01412533967_01657,1745,17:45,1803.2075,1780.6715789473683,-22.535921052631693
no08,I_11_533967_01412533967_01657,1800,18:00,1098.292,1125.251052631579,26.95905263157897
no08,I_11_533967_01412533967_01657,1815,18:15,853.4549999999999,883.9436842105264,30.488684210526458
no08,I_11_533967_01412533967_01657,1830,18:30,1406.1775,1353.528947368421,-52.64855263157892
no08,I_11_533967_01412533967_01657,1845,18:45,1252.9565,1258.27,5.313499999999976
no08,I_11_533967_01418533967_00977,630,06:30,1370.603,1354.4094736842103,-16.193526315789768
no08,I_11_533967_01418533967_00977,645,06:45,1811.309,1863.118421052632,51.80942105263193
no08,I_11_533967_01418533967_00977,700,07:00,1965.7095,1986.6126315789472,20.903131578947296
no08,I_11_533967_01418533967_00977,715,07:15,1923.831,1865.524210526316,-58.30678947368392
no08,I_11_533967_01418533967_00977,730,07:30,2207.8405,2159.1436842105263,-48.696815789473476
no08,I_11_533967_01418533967_00977,745,07:45,2460.079,2495.18,35.10099999999966
no08,I_11_533967_01418533967_00977,800,08:00,2961.058,2893.8773684210523,-67.18063157894767
no08,I_11_533967_01418533967_00977,815,08:15,2660.9585,2633.688947368421,-27.269552631579245
no08,I_11_533967_01418533967_00977,830,08:30,2048.846,1993.034210526316,-55.81178947368403
no08,I_11_533967_01418533967_00977,845,08:45,2164.317,2255.2584210526315,90.94142105263154
no08,I_11_533967_01418533967_00977,900,09:00,1767.3155,1844.760526315789,77.44502631578916
no08,I_11_533967_01418533967_00977,915,09:15,1386.2435,1419.6042105263157,33.36071052631564
no08,I_11_533967_01418533967_00977,930,09:30,1923.33,1925.1994736842105,1.8694736842105613
no08,I_11_533967_01418533967_00977,945,09:45,1210.2695,1290.7684210526315,80.49892105263143
no08,I_11_533967_01418533967_00977,1000,10:00,2790.957,2709.958947368421,-80.99805263157896
no08,I_11_533967_01418533967_00977,1015,10:15,7566.644999999999,8840.265263157895,1273.6202631578963
no08,I_11_533967_01418533967_00977,1030,10:30,923.8465,1339.4257894736843,415.5792894736843
no08,I_11_533967_01418533967_00977,1045,10:45,1110.2045,1052.1126315789472,-58.09186842105282
no08,I_11_533967_01418533967_00977,1100,11:00,1603.448,1533.6636842105263,-69.7843157894738
no08,I_11_533967_01418533967_00977,1115,11:15,1930.6775,1974.2336842105265,43.55618421052645
no08,I_11_533967_01418533967_00977,1130,11:30,1516.644,1482.3473684210526,-34.29663157894743
no08,I_11_533967_01418533967_00977,1145,11:45,1670.554,1467.957894736842,-202.59610526315805
no08,I_11_533967_01418533967_00977,1200,12:00,1373.942,1373.2326315789471,-0.7093684210528863
no08,I_11_533967_01418533967_00977,1215,12:15,1192.4945,1183.2494736842104,-9.245026315789573
no08,I_11_533967_01418533967_00977,1230,12:30,974.3955,958.4042105263158,-15.991289473684219
no08,I_11_533967_01418533967_00977,1245,12:45,1257.056,1258.6,1.543999999999869
no08,I_11_533967_01418533967_00977,1300,13:00,1841.2545,1780.2794736842104,-60.97502631578959
no08,I_11_533967_01418533967_00977,1315,13:15,1216.315,1108.6984210526316,-107.61657894736845
no08,I_11_533967_01418533967_00977,1330,13:30,1143.9375,1213.647894736842,69.71039473684209
no08,I_11_533967_01418533967_00977,1345,13:45,1804.4565,1936.2884210526315,131.83192105263151
no08,I_11_533967_01418533967_00977,1400,14:00,1810.131,1863.5515789473689,53.42057894736877
no08,I_11_533967_01418533967_00977,1415,14:15,1911.8765,1937.2910526315789,25.414552631578772
no08,I_11_533967_01418533967_00977,1430,14:30,1697.479,1674.6152631578946,-22.86373684210548
no08,I_11_533967_01418533967_00977,1445,14:45,1361.9665,1315.2273684210527,-46.73913157894731
no08,I_11_533967_01418533967_00977,1500,15:00,1504.161,1302.2284210526316,-201.93257894736848
no08,I_11_533967_01418533967_00977,1515,15:15,857.7909999999999,907.47,49.67900000000009
no08,I_11_533967_01418533967_00977,1530,15:30,1244.441,1279.252105263158,34.81110526315797
no08,I_11_533967_01418533967_00977,1545,15:45,1949.0705000000005,1960.8005263157893,11.730026315788791
no08,I_11_533967_01418533967_00977,1600,16:00,2237.275,2195.3047368421053,-41.970263157894806
no08,I_11_533967_01418533967_00977,1615,16:15,2191.223,2062.866842105263,-128.35615789473695
no08,I_11_533967_01418533967_00977,1630,16:30,2047.889,1961.233157894737,-86.65584210526299
no08,I_11_533967_01418533967_00977,1645,16:45,2081.5525,1975.542105263158,-106.01039473684182
no08,I_11_533967_01418533967_00977,1700,17:00,2308.52,2465.123157894737,156.6031578947368
no08,I_11_533967_01418533967_00977,1715,17:15,2345.5545,2324.616842105263,-20.937657894737185
no08,I_11_533967_01418533967_00977,1730,17:30,3550.1625,3419.8094736842104,-130.35302631578952
no08,I_11_533967_01418533967_00977,1745,17:45,2323.8315,2242.908421052632,-80.92307894736769
no08,I_11_533967_01418533967_00977,1800,18:00,2688.1075,2763.825263157895,75.71776315789475
no08,I_11_533967_01418533967_00977,1815,18:15,3003.4215,3086.633157894737,83.21165789473707
no08,I_11_533967_01418533967_00977,1830,18:30,2353.593,2418.287894736842,64.69489473684234
no08,I_11_533967_01418533967_00977,1845,18:45,1915.3325,1834.9405263157887,-80.39197368421128
no08,I_11_533967_01485533967_00940,630,06:30,2596.9700000000003,2604.502631578948,7.53263157894753
no08,I_11_533967_01485533967_00940,645,06:45,3530.5855,3533.843684210526,3.2581842105259966
no08,I_11_533967_01485533967_00940,700,07:00,3539.971,3534.998421052632,-4.97257894736822
no08,I_11_533967_01485533967_00940,715,07:15,4119.7565,4128.013157894737,8.256657894736236
no08,I_11_533967_01485533967_00940,730,07:30,5505.8275,5291.702105263158,-214.12539473684228
no08,I_11_533967_01485533967_00940,745,07:45,4400.349,4244.598947368421,-155.7500526315789
no08,I_11_533967_01485533967_00940,800,08:00,5212.376,4794.983157894737,-417.3928421052633
no08,I_11_533967_01485533967_00940,815,08:15,5099.228,4782.714736842106,-316.51326315789447
no08,I_11_533967_01485533967_00940,830,08:30,3529.264,3407.7115789473687,-121.55242105263142
no08,I_11_533967_01485533967_00940,845,08:45,5380.780000000001,5453.450526315789,72.67052631578827
no08,I_11_533967_01485533967_00940,900,09:00,5107.571,4761.654210526316,-345.9167894736838
no08,I_11_533967_01485533967_00940,915,09:15,2296.2015,2329.604736842105,33.40323684210489
no08,I_11_533967_01485533967_00940,930,09:30,3045.793,2919.806842105263,-125.98615789473706
no08,I_11_533967_01485533967_00940,945,09:45,3599.4730000000004,3578.754736842105,-20.718263157895308
no08,I_11_533967_01485533967_00940,1000,10:00,2796.824,3034.984210526316,238.16021052631595
no08,I_11_533967_01485533967_00940,1015,10:15,3930.9,3719.018421052632,-211.88157894736787
no08,I_11_533967_01485533967_00940,1030,10:30,3241.4665,3178.241052631579,-63.2254473684211
no08,I_11_533967_01485533967_00940,1045,10:45,2547.596,2925.1831578947367,377.5871578947367
no08,I_11_533967_01485533967_00940,1100,11:00,2691.7235,2892.583684210526,200.86018421052586
no08,I_11_533967_01485533967_00940,1115,11:15,1836.7485,2485.9210526315787,649.1725526315788
no08,I_11_533967_01485533967_00940,1130,11:30,2247.3195,2137.520526315789,-109.79897368421098
no08,I_11_533967_01485533967_00940,1145,11:45,1489.097,1534.0784210526317,44.98142105263173
no08,I_11_533967_01485533967_00940,1200,12:00,2850.597,3189.1078947368424,338.51089473684215
no08,I_11_533967_01485533967_00940,1215,12:15,2459.5155,2689.5515789473684,230.03607894736842
no08,I_11_533967_01485533967_00940,1230,12:30,2749.106,2850.7773684210524,101.6713684210522
no08,I_11_533967_01485533967_00940,1245,12:45,2945.9315,3003.4605263157896,57.52902631578945
no08,I_11_533967_01485533967_00940,1300,13:00,3336.088,3304.958947368421,-31.12905263157927
no08,I_11_533967_01485533967_00940,1315,13:15,2132.5305,2163.8026315789475,31.272131578947665
no08,I_11_533967_01485533967_00940,1330,13:30,2670.4215,2672.512631578947,2.09113157894717
no08,I_11_533967_01485533967_00940,1345,13:45,2151.232,2374.216842105264,222.98484210526385
no08,I_11_533967_01485533967_00940,1400,14:00,2345.7565,2709.0415789473686,363.2850789473687
no08,I_11_533967_01485533967_00940,1415,14:15,2141.02,2417.256315789474,276.2363157894738
no08,I_11_533967_01485533967_00940,1430,14:30,3708.493,3817.3526315789472,108.8596315789473
no08,I_11_533967_01485533967_00940,1445,14:45,3196.901,3161.4657894736843,-35.435210526315586
no08,I_11_533967_01485533967_00940,1500,15:00,2560.2345,2764.7231578947367,204.48865789473666
no08,I_11_533967_01485533967_00940,1515,15:15,1991.7105,2475.773684210526,484.06318421052606
no08,I_11_533967_01485533967_00940,1530,15:30,2118.5055,2093.694736842105,-24.810763157895053
no08,I_11_533967_01485533967_00940,1545,15:45,2214.1185,2191.331052631579,-22.787447368421
no08,I_11_533967_01485533967_00940,1600,16:00,2724.7825000000003,3155.222105263158,430.4396052631578
no08,I_11_533967_01485533967_00940,1615,16:15,2225.1995,2370.572105263158,145.37260526315777
no08,I_11_533967_01485533967_00940,1630,16:30,3168.3445,3077.264210526316,-91.08028947368393
no08,I_11_533967_01485533967_00940,1645,16:45,3356.368,3473.074210526316,116.70621052631623
no08,I_11_533967_01485533967_00940,1700,17:00,4441.1975,4547.465789473685,106.26828947368449
no08,I_11_533967_01485533967_00940,1715,17:15,3504.6195,3472.27947368421,-32.3400263157896
no08,I_11_533967_01485533967_00940,1730,17:30,3530.9410000000003,3535.916842105263,4.975842105262927
no08,I_11_533967_01485533967_00940,1745,17:45,2954.2580000000003,2828.947894736842,-125.31010526315822
no08,I_11_533967_01485533967_00940,1800,18:00,3708.945,3667.596315789474,-41.348684210526244
no08,I_11_533967_01485533967_00940,1815,18:15,2656.87,2488.988947368421,-167.88105263157877
no08,I_11_533967_01485533967_00940,1830,18:30,2111.2135,1955.138947368421,-156.07455263157885
no08,I_11_533967_01485533967_00940,1845,18:45,2955.4970000000003,3114.1015789473686,158.60457894736828
no08,I_11_533967_01485533967_01405,630,06:30,1203.6315,1181.1263157894737,-22.505184210526295
no08,I_11_533967_01485533967_01405,645,06:45,1059.061,1076.841052631579,17.78005263157911
no08,I_11_533967_01485533967_01405,700,07:00,927.5025,949.586842105263,22.084342105262976
no08,I_11_533967_01485533967_01405,715,07:15,748.4390000000001,733.6589473684211,-14.780052631578997
no08,I_11_533967_01485533967_01405,730,07:30,890.9475,900.9842105263158,10.036710526315801
no08,I_11_533967_01485533967_01405,745,07:45,1285.908,1297.9473684210527,12.039368421052814
no08,I_11_533967_01485533967_01405,800,08:00,1276.1335,1264.4436842105265,-11.689815789473414
no08,I_11_533967_01485533967_01405,815,08:15,2421.227,2490.002631578948,68.77563157894792
no08,I_11_533967_01485533967_01405,830,08:30,2348.2845,2299.115789473684,-49.16871052631632
no08,I_11_533967_01485533967_01405,845,08:45,1428.323,1577.4242105263158,149.10121052631575
no08,I_11_533967_01485533967_01405,900,09:00,1507.331,1525.0357894736842,17.704789473684286
no08,I_11_533967_01485533967_01405,915,09:15,1833.2465,1838.4405263157896,5.1940263157896425
no08,I_11_533967_01485533967_01405,930,09:30,1466.016,1559.3647368421052,93.34873684210515
no08,I_11_533967_01485533967_01405,945,09:45,975.7325,989.4726315789474,13.740131578947398
no08,I_11_533967_01485533967_01405,1000,10:00,1558.098,1527.542105263158,-30.555894736841992
no08,I_11_533967_01485533967_01405,1015,10:15,1391.1195,1437.2121052631578,46.09260526315779
no08,I_11_533967_01485533967_01405,1030,10:30,1940.0135,1999.6657894736843,59.65228947368428
no08,I_11_533967_01485533967_01405,1045,10:45,1774.2675,1961.3884210526317,187.12092105263173
no08,I_11_533967_01485533967_01405,1100,11:00,2111.1575000000003,2025.583157894737,-85.57434210526321
no08,I_11_533967_01485533967_01405,1115,11:15,2496.1665000000003,2520.920526315789,24.754026315788906
no08,I_11_533967_01485533967_01405,1130,11:30,2637.6375,2624.0331578947366,-13.604342105263186
no08,I_11_533967_01485533967_01405,1145,11:45,2763.438,2823.875789473684,60.437789473684006
no08,I_11_533967_01485533967_01405,1200,12:00,1764.8384999999998,1669.4442105263158,-95.39428947368401
no08,I_11_533967_01485533967_01405,1215,12:15,2208.0135,2171.731052631579,-36.28244736842089
no08,I_11_533967_01485533967_01405,1230,12:30,2536.2255,2503.032105263158,-33.19339473684204
no08,I_11_533967_01485533967_01405,1245,12:45,1976.494,2013.07,36.57600000000002
no08,I_11_533967_01485533967_01405,1300,13:00,2420.8535,2446.920526315789,26.067026315789008
no08,I_11_533967_01485533967_01405,1315,13:15,2188.84,2132.270526315789,-56.56947368421106
no08,I_11_533967_01485533967_01405,1330,13:30,2053.565,2059.523684210526,5.958684210525917
no08,I_11_533967_01485533967_01405,1345,13:45,1980.5645,1990.67,10.10550000000012
no08,I_11_533967_01485533967_01405,1400,14:00,2227.2205,2140.932105263158,-86.28839473684184
no08,I_11_533967_01485533967_01405,1415,14:15,2747.0235,2832.958421052632,85.93492105263203
no08,I_11_533967_01485533967_01405,1430,14:30,1868.814,1761.5715789473684,-107.2424210526317
no08,I_11_533967_01485533967_01405,1445,14:45,2211.0155,2136.903684210526,-74.1118157894739
no08,I_11_533967_01485533967_01405,1500,15:00,2665.5505000000003,2669.551052631579,4.000552631578557
no08,I_11_533967_01485533967_01405,1515,15:15,3236.2575,3195.9536842105263,-40.3038157894739
no08,I_11_533967_01485533967_01405,1530,15:30,2011.3035,2007.4494736842105,-3.854026315789497
no08,I_11_533967_01485533967_01405,1545,15:45,1468.684,1490.078947368421,21.39494736842107
no08,I_11_533967_01485533967_01405,1600,16:00,3257.195,3201.4815789473687,-55.713421052631475
no08,I_11_533967_01485533967_01405,1615,16:15,8054.575999999999,8032.752631578946,-21.82336842105269
no08,I_11_533967_01485533967_01405,1630,16:30,14579.223499999998,15468.672105263158,889.4486052631601
no08,I_11_533967_01485533967_01405,1645,16:45,16506.9715,17607.98578947368,1101.0142894736819
no08,I_11_533967_01485533967_01405,1700,17:00,16303.695000000002,17953.96789473684,1650.2728947368396
no08,I_11_533967_01485533967_01405,1715,17:15,2340.8935,2414.516315789473,73.62281578947295
no08,I_11_533967_01485533967_01405,1730,17:30,2823.308,2973.366842105263,150.058842105263
no08,I_11_533967_01485533967_01405,1745,17:45,2827.231,2826.786315789474,-0.4446842105262476
no08,I_11_533967_01485533967_01405,1800,18:00,3141.7655,3524.838947368421,383.07344736842106
no08,I_11_533967_01485533967_01405,1815,18:15,2881.7835,3059.192105263158,177.40860526315782
no08,I_11_533967_01485533967_01405,1830,18:30,1935.739,1845.718947368421,-90.02005263157912
no08,I_11_533967_01485533967_01405,1845,18:45,2331.734,2456.236842105264,124.50284210526388
no08,I_11_533967_01485533967_14021,630,06:30,171.197,172.26842105263157,1.071421052631564
no08,I_11_533967_01485533967_14021,645,06:45,112.1995,114.58947368421052,2.389973684210517
no08,I_11_533967_01485533967_14021,700,07:00,163.5575,163.1521052631579,-0.405394736842112
no08,I_11_533967_01485533967_14021,715,07:15,277.6125,281.12842105263155,3.5159210526315405
no08,I_11_533967_01485533967_14021,730,07:30,467.91399999999993,478.9047368421053,10.990736842105377
no08,I_11_533967_01485533967_14021,745,07:45,408.6605,409.2510526315789,0.5905526315788734
no08,I_11_533967_01485533967_14021,800,08:00,429.738,443.4468421052632,13.708842105263216
no08,I_11_533967_01485533967_14021,815,08:15,347.58000000000004,351.2347368421053,3.654736842105251
no08,I_11_533967_01485533967_14021,830,08:30,488.5849999999999,485.7673684210527,-2.817631578947214
no08,I_11_533967_01485533967_14021,845,08:45,369.171,365.3684210526316,-3.8025789473683744
no08,I_11_533967_01485533967_14021,900,09:00,383.4445,381.6284210526316,-1.8160789473683963
no08,I_11_533967_01485533967_14021,915,09:15,288.106,274.38105263157894,-13.724947368421056
no08,I_11_533967_01485533967_14021,930,09:30,297.308,326.3478947368421,29.039894736842086
no08,I_11_533967_01485533967_14021,945,09:45,290.0595,276.17105263157896,-13.888447368421055
no08,I_11_533967_01485533967_14021,1000,10:00,329.1265,327.86315789473684,-1.2633421052631775
no08,I_11_533967_01485533967_14021,1015,10:15,375.8655,382.4973684210526,6.631868421052616
no08,I_11_533967_01485533967_14021,1030,10:30,348.17,326.03421052631575,-22.13578947368427
no08,I_11_533967_01485533967_14021,1045,10:45,364.5105,372.8489473684211,8.3384473684211
no08,I_11_533967_01485533967_14021,1100,11:00,377.4935,377.8421052631579,0.3486052631579355
no08,I_11_533967_01485533967_14021,1115,11:15,744.704,737.33,-7.37399999999991
no08,I_11_533967_01485533967_14021,1130,11:30,323.5365,329.071052631579,5.534552631579004
no08,I_11_533967_01485533967_14021,1145,11:45,473.7025,479.6589473684211,5.956447368421095
no08,I_11_533967_01485533967_14021,1200,12:00,535.2645,520.7589473684211,-14.505552631578894
no08,I_11_533967_01485533967_14021,1215,12:15,605.684,610.0015789473684,4.3175789473684745
no08,I_11_533967_01485533967_14021,1230,12:30,679.124,673.577894736842,-5.546105263157983
no08,I_11_533967_01485533967_14021,1245,12:45,528.58,521.7215789473684,-6.858421052631684
no08,I_11_533967_01485533967_14021,1300,13:00,529.745,514.5631578947368,-15.181842105263172
no08,I_11_533967_01485533967_14021,1315,13:15,376.221,361.0257894736842,-15.195210526315805
no08,I_11_533967_01485533967_14021,1330,13:30,515.8365,525.3094736842106,9.472973684210615
no08,I_11_533967_01485533967_14021,1345,13:45,381.969,381.74894736842106,-0.2200526315789375
no08,I_11_533967_01485533967_14021,1400,14:00,554.4435000000001,560.1015789473685,5.658078947368381
no08,I_11_533967_01485533967_14021,1415,14:15,342.569,361.8563157894737,19.287315789473666
no08,I_11_533967_01485533967_14021,1430,14:30,402.647,389.5963157894737,-13.050684210526299
no08,I_11_533967_01485533967_14021,1445,14:45,373.544,402.1663157894737,28.622315789473703
no08,I_11_533967_01485533967_14021,1500,15:00,500.6895,487.9484210526316,-12.741078947368408
no08,I_11_533967_01485533967_14021,1515,15:15,408.7315,335.358947368421,-73.37255263157897
no08,I_11_533967_01485533967_14021,1530,15:30,414.0985,416.1273684210526,2.028868421052607
no08,I_11_533967_01485533967_14021,1545,15:45,336.011,341.2884210526316,5.277421052631553
no08,I_11_533967_01485533967_14021,1600,16:00,421.1809999999999,576.4931578947368,155.31215789473686
no08,I_11_533967_01485533967_14021,1615,16:15,461.017,465.8047368421053,4.787736842105289
no08,I_11_533967_01485533967_14021,1630,16:30,587.6189999999999,568.2521052631579,-19.366894736842028
no08,I_11_533967_01485533967_14021,1645,16:45,580.1985,575.2757894736842,-4.922710526315768
no08,I_11_533967_01485533967_14021,1700,17:00,444.6265,449.75947368421055,5.132973684210526
no08,I_11_533967_01485533967_14021,1715,17:15,500.6465,488.151052631579,-12.495447368421026
no08,I_11_533967_01485533967_14021,1730,17:30,518.0475,537.8773684210527,19.82986842105265
no08,I_11_533967_01485533967_14021,1745,17:45,677.961,681.8878947368421,3.926894736842087
no08,I_11_533967_01485533967_14021,1800,18:00,596.0775,591.1578947368421,-4.919605263157905
no08,I_11_533967_01485533967_14021,1815,18:15,502.706,477.7263157894736,-24.979684210526443
no08,I_11_533967_01485533967_14021,1830,18:30,723.0995,803.9184210526316,80.8189210526316
no08,I_11_533967_01485533967_14021,1845,18:45,348.15,343.8021052631579,-4.347894736842079
no08,I_11_533967_01485533967_14155,630,06:30,800.5835,809.1036842105262,8.520184210526281
no08,I_11_533967_01485533967_14155,645,06:45,2377.6505,2371.853157894737,-5.797342105263397
no08,I_11_533967_01485533967_14155,700,07:00,2593.384,2627.918947368421,34.534947368420944
no08,I_11_533967_01485533967_14155,715,07:15,3073.124,3064.0789473684213,-9.045052631578528
no08,I_11_533967_01485533967_14155,730,07:30,2828.447,2811.5773684210526,-16.86963157894752
no08,I_11_533967_01485533967_14155,745,07:45,2083.279,2103.914736842105,20.63573684210496
no08,I_11_533967_01485533967_14155,800,08:00,2541.663,2550.938421052632,9.275421052631827
no08,I_11_533967_01485533967_14155,815,08:15,4047.7155,3993.124736842105,-54.5907631578948
no08,I_11_533967_01485533967_14155,830,08:30,3660.7045,3690.365789473684,29.661289473684064
no08,I_11_533967_01485533967_14155,845,08:45,3456.4795,3445.888421052632,-10.591078947367805
no08,I_11_533967_01485533967_14155,900,09:00,2948.0035,3002.912631578947,54.90913157894738
no08,I_11_533967_01485533967_14155,915,09:15,2649.1845000000003,2628.736315789474,-20.448184210526506
no08,I_11_533967_01485533967_14155,930,09:30,2948.3875,2939.962105263158,-8.425394736842009
no08,I_11_533967_01485533967_14155,945,09:45,3816.0035,3841.962631578947,25.959131578947108
no08,I_11_533967_01485533967_14155,1000,10:00,4148.3045,4045.864210526316,-102.44028947368406
no08,I_11_533967_01485533967_14155,1015,10:15,4797.032499999999,4798.94,1.9075000000002547
no08,I_11_533967_01485533967_14155,1030,10:30,4468.834,4553.546315789474,84.7123157894739
no08,I_11_533967_01485533967_14155,1045,10:45,4067.2145,4102.587894736842,35.373394736841874
no08,I_11_533967_01485533967_14155,1100,11:00,4842.4685,4794.04,-48.428499999999985
no08,I_11_533967_01485533967_14155,1115,11:15,2641.3995,2691.4573684210527,50.05786842105272
no08,I_11_533967_01485533967_14155,1130,11:30,4738.1885,4762.483684210526,24.295184210525804
no08,I_11_533967_01485533967_14155,1145,11:45,4485.265,4509.387368421053,24.12236842105267
no08,I_11_533967_01485533967_14155,1200,12:00,3395.1755,3352.863684210526,-42.31181578947371
no08,I_11_533967_01485533967_14155,1215,12:15,4397.6205,4430.206315789474,32.5858157894736
no08,I_11_533967_01485533967_14155,1230,12:30,2709.061,2719.77,10.708999999999833
no08,I_11_533967_01485533967_14155,1245,12:45,4461.9535000000005,4379.177894736842,-82.77560526315847
no08,I_11_533967_01485533967_14155,1300,13:00,4444.57,4578.598421052631,134.02842105263153
no08,I_11_533967_01485533967_14155,1315,13:15,4537.523999999999,4476.1889473684205,-61.33505263157895
no08,I_11_533967_01485533967_14155,1330,13:30,3935.562,3973.0573684210526,37.49536842105272
no08,I_11_533967_01485533967_14155,1345,13:45,2940.4135,2938.7573684210524,-1.6561315789476794
no08,I_11_533967_01485533967_14155,1400,14:00,2845.4775,2854.0736842105266,8.596184210526644
no08,I_11_533967_01485533967_14155,1415,14:15,5328.6165,5296.113684210526,-32.50281578947397
no08,I_11_533967_01485533967_14155,1430,14:30,3738.697,3789.308947368421,50.611947368420715
no08,I_11_533967_01485533967_14155,1445,14:45,4274.789,4322.613684210526,47.82468421052636
no08,I_11_533967_01485533967_14155,1500,15:00,2836.525,2828.9852631578947,-7.5397368421054125
no08,I_11_533967_01485533967_14155,1515,15:15,3092.9185,3043.640526315789,-49.27797368421125
no08,I_11_533967_01485533967_14155,1530,15:30,4882.2375,4904.488421052632,22.250921052631384
no08,I_11_533967_01485533967_14155,1545,15:45,4075.207,4099.066315789473,23.859315789473385
no08,I_11_533967_01485533967_14155,1600,16:00,4480.126,4439.448947368421,-40.6770526315795
no08,I_11_533967_01485533967_14155,1615,16:15,3514.0840000000003,3611.750526315789,97.66652631578881
no08,I_11_533967_01485533967_14155,1630,16:30,3259.741,3211.566842105263,-48.174157894737164
no08,I_11_533967_01485533967_14155,1645,16:45,4248.5185,4208.655263157894,-39.863236842105835
no08,I_11_533967_01485533967_14155,1700,17:00,4474.529,4428.454736842105,-46.074263157895075
no08,I_11_533967_01485533967_14155,1715,17:15,5645.904,5752.04052631579,106.13652631578952
no08,I_11_533967_01485533967_14155,1730,17:30,3056.509,2956.478947368421,-100.03005263157911
no08,I_11_533967_01485533967_14155,1745,17:45,3682.811,3612.7631578947367,-70.0478421052635
no08,I_11_533967_01485533967_14155,1800,18:00,3122.945,3304.7984210526315,181.85342105263135
no08,I_11_533967_01485533967_14155,1815,18:15,3490.036,3272.4378947368423,-217.59810526315778
no08,I_11_533967_01485533967_14155,1830,18:30,3174.846,3386.2563157894733,211.41031578947332
no08,I_11_533967_01485533967_14155,1845,18:45,2408.404,2447.1357894736843,38.73178947368433
no08,I_11_533967_01555533967_00977,630,06:30,576.47,566.7273684210526,-9.742631578947453
no08,I_11_533967_01555533967_00977,645,06:45,1097.299,1094.4584210526316,-2.8405789473683853
no08,I_11_533967_01555533967_00977,700,07:00,1145.5885,1094.441052631579,-51.147447368421126
no08,I_11_533967_01555533967_00977,715,07:15,2571.478,2450.027894736842,-121.4501052631581
no08,I_11_533967_01555533967_00977,730,07:30,3175.212,3528.0178947368418,352.80589473684176
no08,I_11_533967_01555533967_00977,745,07:45,1941.9575,2093.466315789474,151.50881578947383
no08,I_11_533967_01555533967_00977,800,08:00,2897.753,3357.3384210526315,459.5854210526313
no08,I_11_533967_01555533967_00977,815,08:15,2603.9855,3749.404210526316,1145.4187105263163
no08,I_11_533967_01555533967_00977,830,08:30,3453.431,3623.5810526315786,170.15005263157855
no08,I_11_533967_01555533967_00977,845,08:45,3320.7015,2958.215263157895,-362.486236842105
no08,I_11_533967_01555533967_00977,900,09:00,2435.761,2625.07,189.3090000000002
no08,I_11_533967_01555533967_00977,915,09:15,2021.75,1862.1626315789472,-159.58736842105282
no08,I_11_533967_01555533967_00977,930,09:30,1852.6385,1871.6105263157892,18.972026315789208
no08,I_11_533967_01555533967_00977,945,09:45,3377.922,3011.605789473684,-366.3162105263159
no08,I_11_533967_01555533967_00977,1000,10:00,3310.454,3670.0863157894737,359.6323157894735
no08,I_11_533967_01555533967_00977,1015,10:15,2690.878,3224.324210526316,533.446210526316
no08,I_11_533967_01555533967_00977,1030,10:30,2067.077,2087.3915789473685,20.314578947368318
no08,I_11_533967_01555533967_00977,1045,10:45,2680.3685,2539.085789473684,-141.2827105263159
no08,I_11_533967_01555533967_00977,1100,11:00,3252.1305,3021.027894736842,-231.10260526315824
no08,I_11_533967_01555533967_00977,1115,11:15,2520.6395,2126.57,-394.06950000000006
no08,I_11_533967_01555533967_00977,1130,11:30,1244.5235,1270.0357894736842,25.512289473684177
no08,I_11_533967_01555533967_00977,1145,11:45,2984.4805,3731.9594736842105,747.4789736842104
no08,I_11_533967_01555533967_00977,1200,12:00,2042.6085,2182.8415789473684,140.2330789473683
no08,I_11_533967_01555533967_00977,1215,12:15,2166.7365,1931.0731578947368,-235.66334210526315
no08,I_11_533967_01555533967_00977,1230,12:30,2611.9385,2378.254210526316,-233.6842894736842
no08,I_11_533967_01555533967_00977,1245,12:45,1016.961,1231.1184210526317,214.15742105263166
no08,I_11_533967_01555533967_00977,1300,13:00,2131.179,2004.0505263157893,-127.1284736842108
no08,I_11_533967_01555533967_00977,1315,13:15,1921.5875,2036.0526315789475,114.46513157894742
no08,I_11_533967_01555533967_00977,1330,13:30,964.53,1088.8263157894737,124.29631578947374
no08,I_11_533967_01555533967_00977,1345,13:45,2407.0805,2777.7968421052637,370.7163421052637
no08,I_11_533967_01555533967_00977,1400,14:00,2535.1705,2733.9500000000003,198.7795000000001
no08,I_11_533967_01555533967_00977,1415,14:15,2354.3035,1814.648421052632,-539.6550789473679
no08,I_11_533967_01555533967_00977,1430,14:30,2051.106,2222.251052631579,171.1450526315789
no08,I_11_533967_01555533967_00977,1445,14:45,1788.757,1700.7578947368422,-87.99910526315784
no08,I_11_533967_01555533967_00977,1500,15:00,2633.826,2188.6694736842105,-445.1565263157895
no08,I_11_533967_01555533967_00977,1515,15:15,2188.3735,2426.014210526316,237.64071052631607
no08,I_11_533967_01555533967_00977,1530,15:30,1921.9835,1882.9773684210527,-39.00613157894736
no08,I_11_533967_01555533967_00977,1545,15:45,1705.3075,1826.9194736842103,121.6119736842104
no08,I_11_533967_01555533967_00977,1600,16:00,2688.2615,2197.8594736842106,-490.4020263157895
no08,I_11_533967_01555533967_00977,1615,16:15,3105.1655,3203.7005263157894,98.53502631578931
no08,I_11_533967_01555533967_00977,1630,16:30,2827.7265,3020.1484210526314,192.4219210526312
no08,I_11_533967_01555533967_00977,1645,16:45,1982.4105,1965.1115789473688,-17.298921052631158
no08,I_11_533967_01555533967_00977,1700,17:00,3081.4035,3239.7594736842107,158.35597368421077
no08,I_11_533967_01555533967_00977,1715,17:15,3479.9675,3766.647894736842,286.68039473684166
no08,I_11_533967_01555533967_00977,1730,17:30,2047.3425,2452.185789473684,404.8432894736841
no08,I_11_533967_01555533967_00977,1745,17:45,2580.0515,3238.5636842105264,658.5121842105264
no08,I_11_533967_01555533967_00977,1800,18:00,2782.658,3148.593684210526,365.93568421052623
no08,I_11_533967_01555533967_00977,1815,18:15,2536.7435,2658.77947368421,122.03597368421015
no08,I_11_533967_01555533967_00977,1830,18:30,1983.3655,2156.2000000000003,172.83450000000016
no08,I_11_533967_01555533967_00977,1845,18:45,1645.543,1788.4805263157891,142.93752631578923
no08,I_11_533967_01644533967_01485,630,06:30,541.4675,534.22,-7.247499999999945
no08,I_11_533967_01644533967_01485,645,06:45,568.3805,558.4305263157895,-9.949973684210477
no08,I_11_533967_01644533967_01485,700,07:00,809.479,792.9868421052631,-16.49215789473692
no08,I_11_533967_01644533967_01485,715,07:15,1203.304,1387.7884210526315,184.48442105263143
no08,I_11_533967_01644533967_01485,730,07:30,2935.9725,2749.611052631579,-186.36144736842107
no08,I_11_533967_01644533967_01485,745,07:45,1267.3200000000002,1241.2726315789473,-26.04736842105285
no08,I_11_533967_01644533967_01485,800,08:00,1557.5195,1535.8042105263155,-21.715289473684606
no08,I_11_533967_01644533967_01485,815,08:15,2229.312,2172.277894736842,-57.034105263157926
no08,I_11_533967_01644533967_01485,830,08:30,987.4205,941.4684210526316,-45.95207894736836
no08,I_11_533967_01644533967_01485,845,08:45,1694.822,1713.437894736842,18.615894736842165
no08,I_11_533967_01644533967_01485,900,09:00,1522.1285,1436.03,-86.09850000000006
no08,I_11_533967_01644533967_01485,915,09:15,887.908,890.0415789473685,2.1335789473685054
no08,I_11_533967_01644533967_01485,930,09:30,1516.2685,1450.7142105263158,-65.5542894736841
no08,I_11_533967_01644533967_01485,945,09:45,1525.782,1438.7926315789475,-86.9893684210524
no08,I_11_533967_01644533967_01485,1000,10:00,1521.7685,1486.2973684210526,-35.47113157894728
no08,I_11_533967_01644533967_01485,1015,10:15,1278.8674999999998,1482.0231578947369,203.15565789473703
no08,I_11_533967_01644533967_01485,1030,10:30,2194.4055,2307.0242105263155,112.61871052631568
no08,I_11_533967_01644533967_01485,1045,10:45,1340.182,1612.2242105263158,272.0422105263158
no08,I_11_533967_01644533967_01485,1100,11:00,1265.686,1281.7984210526315,16.11242105263159
no08,I_11_533967_01644533967_01485,1115,11:15,808.3875,777.6378947368421,-30.749605263157946
no08,I_11_533967_01644533967_01485,1130,11:30,1330.743,1313.7952631578949,-16.947736842105087
no08,I_11_533967_01644533967_01485,1145,11:45,618.51,718.3905263157894,99.88052631578944
no08,I_11_533967_01644533967_01485,1200,12:00,1282.597,1315.7610526315789,33.1640526315789
no08,I_11_533967_01644533967_01485,1215,12:15,1702.9965,1717.1821052631578,14.185605263157868
no08,I_11_533967_01644533967_01485,1230,12:30,1057.5815,1103.4384210526316,45.856921052631606
no08,I_11_533967_01644533967_01485,1245,12:45,784.978,770.4526315789474,-14.525368421052576
no08,I_11_533967_01644533967_01485,1300,13:00,972.821,1027.6936842105265,54.87268421052647
no08,I_11_533967_01644533967_01485,1315,13:15,758.6279999999999,705.7473684210527,-52.88063157894726
no08,I_11_533967_01644533967_01485,1330,13:30,991.6195,1004.0842105263156,12.46471052631557
no08,I_11_533967_01644533967_01485,1345,13:45,538.9855,556.2721052631579,17.286605263157867
no08,I_11_533967_01644533967_01485,1400,14:00,1343.154,1231.246842105263,-111.90715789473688
no08,I_11_533967_01644533967_01485,1415,14:15,1429.4625,1432.998947368421,3.5364473684210225
no08,I_11_533967_01644533967_01485,1430,14:30,1399.142,1427.0221052631578,27.880105263157702
no08,I_11_533967_01644533967_01485,1445,14:45,1811.3645,1825.0847368421053,13.72023684210535
no08,I_11_533967_01644533967_01485,1500,15:00,1598.2435,1626.81,28.566499999999905
no08,I_11_533967_01644533967_01485,1515,15:15,1123.3335,1066.828947368421,-56.50455263157892
no08,I_11_533967_01644533967_01485,1530,15:30,1706.6529999999998,1694.3015789473684,-12.351421052631395
no08,I_11_533967_01644533967_01485,1545,15:45,922.5085,1037.3394736842106,114.83097368421056
no08,I_11_533967_01644533967_01485,1600,16:00,2607.6265,2577.4852631578947,-30.141236842105172
no08,I_11_533967_01644533967_01485,1615,16:15,1555.794,1703.9842105263158,148.1902105263157
no08,I_11_533967_01644533967_01485,1630,16:30,2354.688,2573.041052631579,218.35305263157898
no08,I_11_533967_01644533967_01485,1645,16:45,2418.755,2619.5478947368424,200.7928947368423
no08,I_11_533967_01644533967_01485,1700,17:00,2534.255,2618.6873684210527,84.43236842105262
no08,I_11_533967_01644533967_01485,1715,17:15,3612.042,3943.013684210526,330.9716842105263
no08,I_11_533967_01644533967_01485,1730,17:30,1596.949,1762.3773684210526,165.42836842105248
no08,I_11_533967_01644533967_01485,1745,17:45,1555.709,1547.0931578947368,-8.615842105263255
no08,I_11_533967_01644533967_01485,1800,18:00,3199.728,3082.178421052632,-117.54957894736799
no08,I_11_533967_01644533967_01485,1815,18:15,3294.9935,3219.842631578947,-75.15086842105302
no08,I_11_533967_01644533967_01485,1830,18:30,1956.7125,1961.794210526316,5.081710526315874
no08,I_11_533967_01644533967_01485,1845,18:45,1782.986,1897.7978947368424,114.8118947368423
no08,I_11_533967_01657533967_01413,630,06:30,449.7115,451.64421052631576,1.9327105263157591
no08,I_11_533967_01657533967_01413,645,06:45,663.7215,662.2963157894736,-1.4251842105263677
no08,I_11_533967_01657533967_01413,700,07:00,1241.181,1247.73,6.548999999999978
no08,I_11_533967_01657533967_01413,715,07:15,323.8295,329.43631578947367,5.606815789473671
no08,I_11_533967_01657533967_01413,730,07:30,248.0435,252.71157894736845,4.668078947368457
no08,I_11_533967_01657533967_01413,745,07:45,144.0565,141.74473684210523,-2.3117631578947737
no08,I_11_533967_01657533967_01413,800,08:00,281.711,295.9873684210526,14.27636842105261
no08,I_11_533967_01657533967_01413,815,08:15,340.57800000000003,348.3863157894737,7.808315789473681
no08,I_11_533967_01657533967_01413,830,08:30,55.4535,61.635263157894734,6.181763157894736
no08,I_11_533967_01657533967_01413,845,08:45,138.7815,138.9421052631579,0.1606052631579189
no08,I_11_533967_01657533967_01413,900,09:00,75.8025,83.58157894736841,7.7790789473684185
no08,I_11_533967_01657533967_01413,915,09:15,93.4495,92.85,-0.5995000000000061
no08,I_11_533967_01657533967_01413,930,09:30,184.815,191.90052631578948,7.08552631578948
no08,I_11_533967_01657533967_01413,945,09:45,83.0955,82.83368421052631,-0.2618157894736868
no08,I_11_533967_01657533967_01413,1000,10:00,30.348000000000003,30.21210526315789,-0.13589473684211129
no08,I_11_533967_01657533967_01413,1015,10:15,212.5985,216.70105263157893,4.102552631578931
no08,I_11_533967_01657533967_01413,1030,10:30,65.297,69.6842105263158,4.387210526315798
no08,I_11_533967_01657533967_01413,1045,10:45,117.846,129.15842105263158,11.312421052631578
no08,I_11_533967_01657533967_01413,1100,11:00,231.1445,233.2584210526316,2.1139210526316106
no08,I_11_533967_01657533967_01413,1115,11:15,604.2695,590.9557894736841,-13.313710526315845
no08,I_11_533967_01657533967_01413,1130,11:30,416.28100000000006,442.1947368421053,25.913736842105266
no08,I_11_533967_01657533967_01413,1145,11:45,75.104,81.68368421052632,6.579684210526324
no08,I_11_533967_01657533967_01413,1200,12:00,57.6005,57.21157894736842,-0.3889210526315736
no08,I_11_533967_01657533967_01413,1215,12:15,96.2155,108.3178947368421,12.1023947368421
no08,I_11_533967_01657533967_01413,1230,12:30,78.854,71.73157894736842,-7.12242105263158
no08,I_11_533967_01657533967_01413,1245,12:45,68.899,67.05421052631579,-1.8447894736842159
no08,I_11_533967_01657533967_01413,1300,13:00,30.55,29.73894736842105,-0.8110526315789492
no08,I_11_533967_01657533967_01413,1315,13:15,119.99,122.20105263157896,2.2110526315789656
no08,I_11_533967_01657533967_01413,1330,13:30,87.7435,87.36631578947369,-0.377184210526309
no08,I_11_533967_01657533967_01413,1345,13:45,35.1995,39.26263157894737,4.06313157894737
no08,I_11_533967_01657533967_01413,1400,14:00,226.911,227.81210526315792,0.9011052631579162
no08,I_11_533967_01657533967_01413,1415,14:15,152.4905,162.31105263157897,9.820552631578977
no08,I_11_533967_01657533967_01413,1430,14:30,198.655,200.7394736842105,2.084473684210508
no08,I_11_533967_01657533967_01413,1445,14:45,171.7575,179.99578947368423,8.238289473684233
no08,I_11_533967_01657533967_01413,1500,15:00,56.3495,59.84105263157895,3.491552631578948
no08,I_11_533967_01657533967_01413,1515,15:15,283.579,306.0,22.420999999999992
no08,I_11_533967_01657533967_01413,1530,15:30,154.272,156.04315789473685,1.7711578947368594
no08,I_11_533967_01657533967_01413,1545,15:45,70.6045,66.36894736842105,-4.235552631578955
no08,I_11_533967_01657533967_01413,1600,16:00,69.1485,69.57789473684211,0.42939473684211293
no08,I_11_533967_01657533967_01413,1615,16:15,253.774,271.7763157894737,18.0023157894737
no08,I_11_533967_01657533967_01413,1630,16:30,400.814,382.3815789473685,-18.432421052631526
no08,I_11_533967_01657533967_01413,1645,16:45,966.776,933.4663157894736,-33.30968421052637
no08,I_11_533967_01657533967_01413,1700,17:00,730.0165,783.2536842105263,53.23718421052638
no08,I_11_533967_01657533967_01413,1715,17:15,317.154,320.3152631578947,3.161263157894723
no08,I_11_533967_01657533967_01413,1730,17:30,681.5355,681.2568421052632,-0.27865789473673885
no08,I_11_533967_01657533967_01413,1745,17:45,499.4585,506.00947368421055,6.550973684210533
no08,I_11_533967_01657533967_01413,1800,18:00,290.1665,296.2384210526316,6.071921052631637
no08,I_11_533967_01657533967_01413,1815,18:15,316.714,327.44473684210527,10.730736842105273
no08,I_11_533967_01657533967_01413,1830,18:30,522.7785,495.6552631578947,-27.123236842105314
no08,I_11_533967_01657533967_01413,1845,18:45,574.4575,605.47,31.012500000000045
no08,I_11_533967_01657533967_01658,630,06:30,982.242,972.3347368421051,-9.907263157894818
no08,I_11_533967_01657533967_01658,645,06:45,1320.4695,1310.3347368421053,-10.134763157894668
no08,I_11_533967_01657533967_01658,700,07:00,967.182,962.6236842105262,-4.558315789473795
no08,I_11_533967_01657533967_01658,715,07:15,892.884,894.7494736842106,1.8654736842105422
no08,I_11_533967_01657533967_01658,730,07:30,728.287,730.6084210526316,2.3214210526315355
no08,I_11_533967_01657533967_01658,745,07:45,1355.4375,1374.6721052631578,19.234605263157846
no08,I_11_533967_01657533967_01658,800,08:00,960.7895,977.64,16.85050000000001
no08,I_11_533967_01657533967_01658,815,08:15,1110.332,1073.1694736842103,-37.16252631578982
no08,I_11_533967_01657533967_01658,830,08:30,1443.706,1366.2884210526315,-77.41757894736838
no08,I_11_533967_01657533967_01658,845,08:45,1062.2530000000002,999.2557894736842,-62.99721052631594
no08,I_11_533967_01657533967_01658,900,09:00,930.3305,921.5152631578948,-8.815236842105264
no08,I_11_533967_01657533967_01658,915,09:15,1003.94,990.3326315789474,-13.607368421052684
no08,I_11_533967_01657533967_01658,930,09:30,948.355,917.8636842105263,-30.491315789473674
no08,I_11_533967_01657533967_01658,945,09:45,754.774,773.8626315789473,19.088631578947343
no08,I_11_533967_01657533967_01658,1000,10:00,817.0364999999999,820.2110526315789,3.1745526315789903
no08,I_11_533967_01657533967_01658,1015,10:15,817.0955,832.1773684210526,15.081868421052604
no08,I_11_533967_01657533967_01658,1030,10:30,631.3915,634.6873684210526,3.29586842105266
no08,I_11_533967_01657533967_01658,1045,10:45,802.1685,787.948947368421,-14.21955263157895
no08,I_11_533967_01657533967_01658,1100,11:00,878.2389999999999,874.9805263157896,-3.258473684210344
no08,I_11_533967_01657533967_01658,1115,11:15,823.3815000000001,840.4568421052631,17.075342105263076
no08,I_11_533967_01657533967_01658,1130,11:30,857.9495000000001,878.7668421052631,20.817342105263037
no08,I_11_533967_01657533967_01658,1145,11:45,755.3795,767.9610526315789,12.581552631578916
no08,I_11_533967_01657533967_01658,1200,12:00,755.42,731.9331578947368,-23.486842105263122
no08,I_11_533967_01657533967_01658,1215,12:15,870.7235000000001,872.6226315789474,1.8991315789473902
no08,I_11_533967_01657533967_01658,1230,12:30,724.4875,721.3247368421053,-3.1627631578946875
no08,I_11_533967_01657533967_01658,1245,12:45,872.835,874.1284210526316,1.2934210526315155
no08,I_11_533967_01657533967_01658,1300,13:00,592.9345000000001,589.5110526315789,-3.4234473684211935
no08,I_11_533967_01657533967_01658,1315,13:15,948.83,950.18,1.349999999999909
no08,I_11_533967_01657533967_01658,1330,13:30,803.6220000000001,818.437894736842,14.815894736841983
no08,I_11_533967_01657533967_01658,1345,13:45,816.749,813.9515789473684,-2.7974210526316483
no08,I_11_533967_01657533967_01658,1400,14:00,914.369,925.0094736842104,10.640473684210406
no08,I_11_533967_01657533967_01658,1415,14:15,892.0154999999999,892.4931578947368,0.47765789473692166
no08,I_11_533967_01657533967_01658,1430,14:30,741.9045,744.7884210526315,2.8839210526315355
no08,I_11_533967_01657533967_01658,1445,14:45,899.6405000000001,884.7299999999999,-14.910500000000184
no08,I_11_533967_01657533967_01658,1500,15:00,827.1285,835.7847368421053,8.656236842105272
no08,I_11_533967_01657533967_01658,1515,15:15,1054.1735,1053.4063157894736,-0.7671842105264659
no08,I_11_533967_01657533967_01658,1530,15:30,943.9775,933.6936842105264,-10.283815789473579
no08,I_11_533967_01657533967_01658,1545,15:45,863.5075,843.7389473684211,-19.768552631578928
no08,I_11_533967_01657533967_01658,1600,16:00,975.7475,988.4252631578946,12.677763157894674
no08,I_11_533967_01657533967_01658,1615,16:15,968.507,959.8536842105264,-8.653315789473595
no08,I_11_533967_01657533967_01658,1630,16:30,772.116,780.8878947368421,8.771894736842114
no08,I_11_533967_01657533967_01658,1645,16:45,1118.922,1099.4905263157896,-19.43147368421046
no08,I_11_533967_01657533967_01658,1700,17:00,1010.566,1037.837894736842,27.271894736841887
no08,I_11_533967_01657533967_01658,1715,17:15,1053.1915,1090.814210526316,37.62271052631604
no08,I_11_533967_01657533967_01658,1730,17:30,969.17,985.5547368421052,16.384736842105212
no08,I_11_533967_01657533967_01658,1745,17:45,1166.241,1173.6247368421052,7.383736842105236
no08,I_11_533967_01657533967_01658,1800,18:00,783.9165,784.22,0.30349999999998545
no08,I_11_533967_01657533967_01658,1815,18:15,980.0015,1001.4473684210526,21.445868421052637
no08,I_11_533967_01657533967_01658,1830,18:30,955.645,960.6173684210526,4.972368421052579
no08,I_11_533967_01657533967_01658,1845,18:45,667.7645,671.467894736842,3.7033947368420286
no08,I_11_533967_01657533967_13308,630,06:30,449.076,456.4352631578948,7.359263157894759
no08,I_11_533967_01657533967_13308,645,06:45,644.303,653.2257894736842,8.922789473684247
no08,I_11_533967_01657533967_13308,700,07:00,385.1905,391.6605263157895,6.470026315789539
no08,I_11_533967_01657533967_13308,715,07:15,795.8534999999999,796.838947368421,0.9854473684210916
no08,I_11_533967_01657533967_13308,730,07:30,827.624,846.4052631578948,18.781263157894728
no08,I_11_533967_01657533967_13308,745,07:45,977.515,994.9026315789474,17.387631578947435
no08,I_11_533967_01657533967_13308,800,08:00,1137.3045,1149.494736842105,12.19023684210515
no08,I_11_533967_01657533967_13308,815,08:15,873.4460000000001,873.1063157894737,-0.3396842105264568
no08,I_11_533967_01657533967_13308,830,08:30,959.1925,986.45,27.25750000000005
no08,I_11_533967_01657533967_13308,845,08:45,963.1455,944.3926315789472,-18.752868421052767
no08,I_11_533967_01657533967_13308,900,09:00,810.1220000000001,822.8684210526316,12.74642105263149
no08,I_11_533967_01657533967_13308,915,09:15,896.6270000000001,896.8242105263158,0.1972105263157573
no08,I_11_533967_01657533967_13308,930,09:30,554.6975,574.9268421052632,20.229342105263186
no08,I_11_533967_01657533967_13308,945,09:45,579.542,562.5731578947368,-16.968842105263207
no08,I_11_533967_01657533967_13308,1000,10:00,747.4485,752.9784210526316,5.529921052631607
no08,I_11_533967_01657533967_13308,1015,10:15,562.1015,581.0805263157895,18.979026315789497
no08,I_11_533967_01657533967_13308,1030,10:30,644.1295,702.4168421052632,58.28734210526318
no08,I_11_533967_01657533967_13308,1045,10:45,480.4934999999999,544.58,64.08650000000011
no08,I_11_533967_01657533967_13308,1100,11:00,562.616,554.1936842105264,-8.4223157894736
no08,I_11_533967_01657533967_13308,1115,11:15,456.7535,458.10789473684207,1.3543947368420959
no08,I_11_533967_01657533967_13308,1130,11:30,565.5314999999999,572.1305263157894,6.5990263157895015
no08,I_11_533967_01657533967_13308,1145,11:45,604.4415,628.3505263157895,23.909026315789447
no08,I_11_533967_01657533967_13308,1200,12:00,469.369,481.7905263157895,12.421526315789492
no08,I_11_533967_01657533967_13308,1215,12:15,542.0935000000001,556.8284210526316,14.734921052631535
no08,I_11_533967_01657533967_13308,1230,12:30,672.662,705.8215789473685,33.15957894736846
no08,I_11_533967_01657533967_13308,1245,12:45,680.5835,678.2347368421052,-2.348763157894723
no08,I_11_533967_01657533967_13308,1300,13:00,474.6635,471.49,-3.17349999999999
no08,I_11_533967_01657533967_13308,1315,13:15,458.4535,471.4615789473684,13.008078947368404
no08,I_11_533967_01657533967_13308,1330,13:30,404.6435,395.1952631578947,-9.448236842105302
no08,I_11_533967_01657533967_13308,1345,13:45,427.8075,421.4131578947368,-6.394342105263206
no08,I_11_533967_01657533967_13308,1400,14:00,471.4875,466.9031578947368,-4.584342105263204
no08,I_11_533967_01657533967_13308,1415,14:15,504.963,494.1147368421053,-10.848263157894735
no08,I_11_533967_01657533967_13308,1430,14:30,648.2755,667.4594736842105,19.183973684210514
no08,I_11_533967_01657533967_13308,1445,14:45,609.591,629.2063157894737,19.615315789473698
no08,I_11_533967_01657533967_13308,1500,15:00,498.1775,519.208947368421,21.031447368421027
no08,I_11_533967_01657533967_13308,1515,15:15,543.2075,526.7373684210527,-16.470131578947303
no08,I_11_533967_01657533967_13308,1530,15:30,467.55,460.3,-7.25
no08,I_11_533967_01657533967_13308,1545,15:45,689.528,715.6615789473684,26.13357894736839
no08,I_11_533967_01657533967_13308,1600,16:00,487.076,488.90736842105264,1.8313684210526162
no08,I_11_533967_01657533967_13308,1615,16:15,597.2645,633.7378947368421,36.473394736842124
no08,I_11_533967_01657533967_13308,1630,16:30,745.6765,792.9621052631579,47.28560526315789
no08,I_11_533967_01657533967_13308,1645,16:45,644.6485,632.182105263158,-12.466394736842062
no08,I_11_533967_01657533967_13308,1700,17:00,807.644,834.9742105263158,27.330210526315796
no08,I_11_533967_01657533967_13308,1715,17:15,606.4585,633.2057894736841,26.74728947368419
no08,I_11_533967_01657533967_13308,1730,17:30,524.876,534.7594736842105,9.883473684210571
no08,I_11_533967_01657533967_13308,1745,17:45,806.758,822.1284210526316,15.370421052631514
no08,I_11_533967_01657533967_13308,1800,18:00,764.172,741.931052631579,-22.240947368421075
no08,I_11_533967_01657533967_13308,1815,18:15,972.4345,977.157894736842,4.72339473684201
no08,I_11_533967_01657533967_13308,1830,18:30,513.4945,514.7278947368421,1.233394736842115
no08,I_11_533967_01657533967_13308,1845,18:45,661.683,673.9421052631578,12.259105263157835
no08,I_11_533967_01659533967_01657,630,06:30,1390.7835,1388.2363157894736,-2.5471842105264386
no08,I_11_533967_01659533967_01657,645,06:45,1641.0189999999998,1654.6715789473683,13.65257894736851
no08,I_11_533967_01659533967_01657,700,07:00,2300.9825,2341.730526315789,40.74802631578905
no08,I_11_533967_01659533967_01657,715,07:15,1216.7145,1205.6942105263158,-11.020289473684215
no08,I_11_533967_01659533967_01657,730,07:30,1695.125,1738.6531578947368,43.52815789473675
no08,I_11_533967_01659533967_01657,745,07:45,2326.003,2315.745263157895,-10.25773684210526
no08,I_11_533967_01659533967_01657,800,08:00,2168.896,2278.596315789474,109.70031578947373
no08,I_11_533967_01659533967_01657,815,08:15,1849.9715,1789.2815789473684,-60.68992105263169
no08,I_11_533967_01659533967_01657,830,08:30,1350.1715,1352.5805263157897,2.409026315789788
no08,I_11_533967_01659533967_01657,845,08:45,1785.663,1797.8105263157895,12.147526315789491
no08,I_11_533967_01659533967_01657,900,09:00,1040.2175,1076.4589473684211,36.24144736842118
no08,I_11_533967_01659533967_01657,915,09:15,1962.4905,1933.4447368421047,-29.045763157895408
no08,I_11_533967_01659533967_01657,930,09:30,946.878,957.7405263157896,10.862526315789523
no08,I_11_533967_01659533967_01657,945,09:45,790.3770000000001,743.1778947368421,-47.199105263158
no08,I_11_533967_01659533967_01657,1000,10:00,1331.092,1294.5852631578946,-36.50673684210551
no08,I_11_533967_01659533967_01657,1015,10:15,1366.8215,1392.557894736842,25.73639473684193
no08,I_11_533967_01659533967_01657,1030,10:30,917.2695,1004.8673684210526,87.59786842105257
no08,I_11_533967_01659533967_01657,1045,10:45,855.5485000000001,973.3752631578948,117.82676315789467
no08,I_11_533967_01659533967_01657,1100,11:00,1227.9405000000002,1219.2131578947367,-8.72734210526346
no08,I_11_533967_01659533967_01657,1115,11:15,1438.709,1340.2484210526316,-98.4605789473685
no08,I_11_533967_01659533967_01657,1130,11:30,1254.3935,1321.1889473684212,66.79544736842126
no08,I_11_533967_01659533967_01657,1145,11:45,1022.5925,1033.7194736842105,11.126973684210498
no08,I_11_533967_01659533967_01657,1200,12:00,653.1415,653.828947368421,0.6874473684210898
no08,I_11_533967_01659533967_01657,1215,12:15,919.3585,906.0294736842106,-13.329026315789406
no08,I_11_533967_01659533967_01657,1230,12:30,1255.7285,1351.7057894736845,95.97728947368455
no08,I_11_533967_01659533967_01657,1245,12:45,1144.805,1113.855789473684,-30.949210526316165
no08,I_11_533967_01659533967_01657,1300,13:00,733.4045,719.89,-13.514499999999998
no08,I_11_533967_01659533967_01657,1315,13:15,799.6659999999999,842.5373684210526,42.87136842105269
no08,I_11_533967_01659533967_01657,1330,13:30,631.5600000000001,642.5805263157895,11.020526315789425
no08,I_11_533967_01659533967_01657,1345,13:45,757.0519999999999,745.2042105263157,-11.847789473684202
no08,I_11_533967_01659533967_01657,1400,14:00,869.7969999999999,854.52,-15.27699999999993
no08,I_11_533967_01659533967_01657,1415,14:15,885.001,977.3178947368422,92.31689473684219
no08,I_11_533967_01659533967_01657,1430,14:30,1137.7895,1165.5505263157895,27.761026315789422
no08,I_11_533967_01659533967_01657,1445,14:45,1264.5085,1337.7905263157895,73.28202631578961
no08,I_11_533967_01659533967_01657,1500,15:00,696.996,792.7215789473685,95.72557894736849
no08,I_11_533967_01659533967_01657,1515,15:15,1288.9875,1229.7657894736842,-59.221710526315746
no08,I_11_533967_01659533967_01657,1530,15:30,890.3460000000001,831.9663157894737,-58.37968421052642
no08,I_11_533967_01659533967_01657,1545,15:45,1037.1754999999998,1076.062105263158,38.88660526315812
no08,I_11_533967_01659533967_01657,1600,16:00,658.4694999999999,607.6742105263157,-50.79528947368419
no08,I_11_533967_01659533967_01657,1615,16:15,1457.6125,1459.8831578947368,2.2706578947368143
no08,I_11_533967_01659533967_01657,1630,16:30,1216.1645,1264.912105263158,48.74760526315799
no08,I_11_533967_01659533967_01657,1645,16:45,2723.8315,2545.1515789473688,-178.67992105263102
no08,I_11_533967_01659533967_01657,1700,17:00,1940.1865000000005,2011.71,71.52349999999956
no08,I_11_533967_01659533967_01657,1715,17:15,1287.8004999999998,1352.6231578947368,64.82265789473695
no08,I_11_533967_01659533967_01657,1730,17:30,1413.8375,1392.3184210526315,-21.519078947368598
no08,I_11_533967_01659533967_01657,1745,17:45,1637.2914999999998,1679.1626315789474,41.8711315789476
no08,I_11_533967_01659533967_01657,1800,18:00,1273.952,1240.8152631578948,-33.136736842105165
no08,I_11_533967_01659533967_01657,1815,18:15,2131.975,2099.987894736842,-31.9871052631579
no08,I_11_533967_01659533967_01657,1830,18:30,1520.4095,1527.8315789473684,7.422078947368391
no08,I_11_533967_01659533967_01657,1845,18:45,1397.4045,1412.9894736842105,15.584973684210354
no08,I_11_533967_13308533967_00937,630,06:30,657.6505,678.1115789473683,20.461078947368378
no08,I_11_533967_13308533967_00937,645,06:45,956.662,974.4431578947368,17.781157894736793
no08,I_11_533967_13308533967_00937,700,07:00,779.7725,778.5784210526316,-1.194078947368439
no08,I_11_533967_13308533967_00937,715,07:15,1530.1535,1527.1115789473683,-3.041921052631551
no08,I_11_533967_13308533967_00937,730,07:30,911.057,912.4384210526316,1.3814210526315946
no08,I_11_533967_13308533967_00937,745,07:45,832.4100000000001,829.0126315789473,-3.397368421052761
no08,I_11_533967_13308533967_00937,800,08:00,1782.4045,1773.7168421052634,-8.68765789473673
no08,I_11_533967_13308533967_00937,815,08:15,1307.638,1306.1694736842103,-1.4685263157896316
no08,I_11_533967_13308533967_00937,830,08:30,1107.1525,1140.9894736842105,33.836973684210534
no08,I_11_533967_13308533967_00937,845,08:45,1084.0235,1084.6263157894737,0.6028157894736523
no08,I_11_533967_13308533967_00937,900,09:00,1019.079,1029.34,10.260999999999967
no08,I_11_533967_13308533967_00937,915,09:15,875.682,861.968947368421,-13.71305263157899
no08,I_11_533967_13308533967_00937,930,09:30,856.801,857.562105263158,0.7611052631579014
no08,I_11_533967_13308533967_00937,945,09:45,1045.51,1000.8668421052632,-44.64315789473676
no08,I_11_533967_13308533967_00937,1000,10:00,942.2465,910.2836842105264,-31.962815789473552
no08,I_11_533967_13308533967_00937,1015,10:15,637.2765,677.1852631578947,39.90876315789467
no08,I_11_533967_13308533967_00937,1030,10:30,817.6655,820.8842105263159,3.218710526315931
no08,I_11_533967_13308533967_00937,1045,10:45,653.859,751.7321052631579,97.87310526315787
no08,I_11_533967_13308533967_00937,1100,11:00,742.9245,681.36,-61.56449999999995
no08,I_11_533967_13308533967_00937,1115,11:15,617.6545,609.97,-7.684499999999957
no08,I_11_533967_13308533967_00937,1130,11:30,818.9895,808.6363157894737,-10.353184210526365
no08,I_11_533967_13308533967_00937,1145,11:45,994.568,1054.397894736842,59.82989473684211
no08,I_11_533967_13308533967_00937,1200,12:00,622.4235,678.9968421052632,56.57334210526324
no08,I_11_533967_13308533967_00937,1215,12:15,666.2239999999999,694.7147368421053,28.49073684210532
no08,I_11_533967_13308533967_00937,1230,12:30,674.4215,711.6363157894737,37.21481578947362
no08,I_11_533967_13308533967_00937,1245,12:45,882.0745000000001,841.5457894736843,-40.52871052631576
no08,I_11_533967_13308533967_00937,1300,13:00,513.049,535.1852631578947,22.136263157894746
no08,I_11_533967_13308533967_00937,1315,13:15,641.5989999999999,641.5647368421053,-0.034263157894656615
no08,I_11_533967_13308533967_00937,1330,13:30,662.424,628.61,-33.813999999999965
no08,I_11_533967_13308533967_00937,1345,13:45,552.641,545.3342105263158,-7.306789473684148
no08,I_11_533967_13308533967_00937,1400,14:00,691.2775,644.7142105263158,-46.56328947368422
no08,I_11_533967_13308533967_00937,1415,14:15,720.6355000000001,633.7042105263158,-86.93128947368427
no08,I_11_533967_13308533967_00937,1430,14:30,898.5285,909.9310526315792,11.40255263157917
no08,I_11_533967_13308533967_00937,1445,14:45,664.0260000000001,734.478947368421,70.45294736842095
no08,I_11_533967_13308533967_00937,1500,15:00,608.227,617.5752631578947,9.348263157894735
no08,I_11_533967_13308533967_00937,1515,15:15,655.7165,621.8410526315789,-33.87544736842108
no08,I_11_533967_13308533967_00937,1530,15:30,607.83,640.6915789473684,32.86157894736834
no08,I_11_533967_13308533967_00937,1545,15:45,1087.8255,1200.7373684210525,112.91186842105253
no08,I_11_533967_13308533967_00937,1600,16:00,699.501,734.9442105263158,35.44321052631585
no08,I_11_533967_13308533967_00937,1615,16:15,604.3255,620.921052631579,16.595552631578926
no08,I_11_533967_13308533967_00937,1630,16:30,981.6655,989.5473684210524,7.881868421052445
no08,I_11_533967_13308533967_00937,1645,16:45,1076.1995,1080.9063157894736,4.706815789473694
no08,I_11_533967_13308533967_00937,1700,17:00,859.485,847.4831578947369,-12.001842105263108
no08,I_11_533967_13308533967_00937,1715,17:15,772.566,733.8726315789473,-38.693368421052696
no08,I_11_533967_13308533967_00937,1730,17:30,629.4255,640.0384210526315,10.612921052631464
no08,I_11_533967_13308533967_00937,1745,17:45,910.0915,941.8347368421051,31.743236842105148
no08,I_11_533967_13308533967_00937,1800,18:00,930.879,887.2157894736841,-43.66321052631588
no08,I_11_533967_13308533967_00937,1815,18:15,1122.1155,1109.6615789473683,-12.453921052631813
no08,I_11_533967_13308533967_00937,1830,18:30,534.6265000000001,595.3594736842106,60.73297368421049
no08,I_11_533967_13308533967_00937,1845,18:45,852.734,846.3731578947369,-6.360842105263146
no08,I_11_533967_13718533967_00977,630,06:30,1899.7825,1898.735263157895,-1.0472368421051215
no08,I_11_533967_13718533967_00977,645,06:45,3017.608,2994.996842105263,-22.61115789473706
no08,I_11_533967_13718533967_00977,700,07:00,2275.806,2303.056842105263,27.25084210526302
no08,I_11_533967_13718533967_00977,715,07:15,4024.6755,4045.1026315789472,20.42713157894741
no08,I_11_533967_13718533967_00977,730,07:30,13896.567,13839.444210526315,-57.12278947368395
no08,I_11_533967_13718533967_00977,745,07:45,5771.8045,5478.956315789474,-292.8481842105266
no08,I_11_533967_13718533967_00977,800,08:00,9521.7885,9214.656842105263,-307.13165789473715
no08,I_11_533967_13718533967_00977,815,08:15,16370.441,16849.286315789475,478.8453157894746
no08,I_11_533967_13718533967_00977,830,08:30,4945.392,5157.782631578947,212.39063157894725
no08,I_11_533967_13718533967_00977,845,08:45,4311.643,4024.0305263157898,-287.6124736842103
no08,I_11_533967_13718533967_00977,900,09:00,6886.901,6629.026842105263,-257.8741578947365
no08,I_11_533967_13718533967_00977,915,09:15,2730.938,2536.0426315789477,-194.89536842105235
no08,I_11_533967_13718533967_00977,930,09:30,2679.197,2609.9500000000003,-69.24699999999984
no08,I_11_533967_13718533967_00977,945,09:45,3028.1935000000003,3045.8426315789475,17.649131578947163
no08,I_11_533967_13718533967_00977,1000,10:00,1880.5815,1986.24,105.6585
no08,I_11_533967_13718533967_00977,1015,10:15,2356.92,2154.156315789474,-202.7636842105262
no08,I_11_533967_13718533967_00977,1030,10:30,2692.6315,2770.846315789474,78.21481578947396
no08,I_11_533967_13718533967_00977,1045,10:45,2704.85,2797.271052631579,92.42105263157919
no08,I_11_533967_13718533967_00977,1100,11:00,2957.741,2828.505789473684,-129.23521052631577
no08,I_11_533967_13718533967_00977,1115,11:15,1848.144,1972.927894736842,124.78389473684206
no08,I_11_533967_13718533967_00977,1130,11:30,2243.7175,2234.3963157894736,-9.321184210526553
no08,I_11_533967_13718533967_00977,1145,11:45,1340.9295,1224.411052631579,-116.518447368421
no08,I_11_533967_13718533967_00977,1200,12:00,3163.782,3157.282631578947,-6.499368421053077
no08,I_11_533967_13718533967_00977,1215,12:15,2297.7125,2381.766842105263,84.054342105263
no08,I_11_533967_13718533967_00977,1230,12:30,2132.898,2286.721052631579,153.82305263157878
no08,I_11_533967_13718533967_00977,1245,12:45,3234.034,3241.068421052632,7.034421052631842
no08,I_11_533967_13718533967_00977,1300,13:00,2281.2705,2206.712105263158,-74.55839473684227
no08,I_11_533967_13718533967_00977,1315,13:15,2279.6905,2194.762631578947,-84.92786842105306
no08,I_11_533967_13718533967_00977,1330,13:30,2938.0145,2791.7252631578945,-146.28923684210577
no08,I_11_533967_13718533967_00977,1345,13:45,1626.6635,1806.495789473684,179.8322894736839
no08,I_11_533967_13718533967_00977,1400,14:00,1749.9364999999998,1670.7457894736842,-79.19071052631557
no08,I_11_533967_13718533967_00977,1415,14:15,1725.6895,1553.9915789473685,-171.6979210526315
no08,I_11_533967_13718533967_00977,1430,14:30,4400.8675,4590.4394736842105,189.5719736842102
no08,I_11_533967_13718533967_00977,1445,14:45,3266.3115,3312.0305263157898,45.71902631578996
no08,I_11_533967_13718533967_00977,1500,15:00,1854.409,2023.85,169.4409999999998
no08,I_11_533967_13718533967_00977,1515,15:15,2339.2755,2518.5884210526315,179.31292105263128
no08,I_11_533967_13718533967_00977,1530,15:30,2732.0285,2812.1631578947367,80.13465789473685
no08,I_11_533967_13718533967_00977,1545,15:45,2879.541,2968.527894736842,88.9868947368418
no08,I_11_533967_13718533967_00977,1600,16:00,2361.15,2258.2115789473683,-102.93842105263184
no08,I_11_533967_13718533967_00977,1615,16:15,1726.325,1801.71,75.38499999999999
no08,I_11_533967_13718533967_00977,1630,16:30,2289.4425,2257.894210526316,-31.548289473684235
no08,I_11_533967_13718533967_00977,1645,16:45,3584.5835,3527.948421052632,-56.63507894736813
no08,I_11_533967_13718533967_00977,1700,17:00,5026.675,4966.086315789474,-60.58868421052648
no08,I_11_533967_13718533967_00977,1715,17:15,3586.017,3490.627894736842,-95.38910526315794
no08,I_11_533967_13718533967_00977,1730,17:30,3305.6604999999995,3261.907894736842,-43.75260526315742
no08,I_11_533967_13718533967_00977,1745,17:45,3534.29,3715.4142105263154,181.12421052631544
no08,I_11_533967_13718533967_00977,1800,18:00,2623.3495,2682.105789473684,58.75628947368432
no08,I_11_533967_13718533967_00977,1815,18:15,3082.662,2939.274736842105,-143.38726315789472
no08,I_11_533967_13718533967_00977,1830,18:30,1889.431,1904.9536842105265,15.52268421052645
no08,I_11_533967_13718533967_00977,1845,18:45,2736.639,2885.1694736842105,148.5304736842104
no08,I_11_533967_13845533967_01485,630,06:30,5779.0845,5761.2621052631575,-17.822394736842398
no08,I_11_533967_13845533967_01485,645,06:45,6006.4335,6014.892631578947,8.459131578946653
no08,I_11_533967_13845533967_01485,700,07:00,6892.213000000001,6909.477368421053,17.264368421052495
no08,I_11_533967_13845533967_01485,715,07:15,10023.389,10024.737368421052,1.3483684210532374
no08,I_11_533967_13845533967_01485,730,07:30,9245.395,9230.873157894735,-14.521842105265023
no08,I_11_533967_13845533967_01485,745,07:45,7655.481,7574.291052631579,-81.18994736842069
no08,I_11_533967_13845533967_01485,800,08:00,10955.742,10976.187894736842,20.445894736842092
no08,I_11_533967_13845533967_01485,815,08:15,10397.9755,10343.21105263158,-54.764447368421315
no08,I_11_533967_13845533967_01485,830,08:30,11005.0165,11099.442105263155,94.42560526315538
no08,I_11_533967_13845533967_01485,845,08:45,9326.328,9348.543684210526,22.215684210526888
no08,I_11_533967_13845533967_01485,900,09:00,11557.6205,11506.030526315788,-51.589973684212964
no08,I_11_533967_13845533967_01485,915,09:15,8764.3985,8724.74842105263,-39.650078947368456
no08,I_11_533967_13845533967_01485,930,09:30,8758.7105,8831.83,73.1195000000007
no08,I_11_533967_13845533967_01485,945,09:45,8617.3475,8583.241578947369,-34.10592105263095
no08,I_11_533967_13845533967_01485,1000,10:00,10003.487,10019.274210526317,15.787210526317722
no08,I_11_533967_13845533967_01485,1015,10:15,11862.606,11800.274736842106,-62.33126315789377
no08,I_11_533967_13845533967_01485,1030,10:30,10430.78,10693.991578947369,263.21157894736825
no08,I_11_533967_13845533967_01485,1045,10:45,9190.005,9290.007894736842,100.00289473684279
no08,I_11_533967_13845533967_01485,1100,11:00,9086.375,8905.395789473683,-180.97921052631682
no08,I_11_533967_13845533967_01485,1115,11:15,8291.5055,8522.527894736842,231.02239473684313
no08,I_11_533967_13845533967_01485,1130,11:30,7515.0875,7533.255263157895,18.167763157895024
no08,I_11_533967_13845533967_01485,1145,11:45,8196.8815,8226.063157894738,29.181657894738237
no08,I_11_533967_13845533967_01485,1200,12:00,8966.803,8805.551578947367,-161.2514210526333
no08,I_11_533967_13845533967_01485,1215,12:15,10721.3025,10666.938421052631,-54.3640789473684
no08,I_11_533967_13845533967_01485,1230,12:30,8606.1455,8687.068947368422,80.92344736842097
no08,I_11_533967_13845533967_01485,1245,12:45,10423.865,10581.17,157.3050000000003
no08,I_11_533967_13845533967_01485,1300,13:00,10206.4485,9844.429473684211,-362.01902631578923
no08,I_11_533967_13845533967_01485,1315,13:15,9394.777,9709.395789473683,314.61878947368314
no08,I_11_533967_13845533967_01485,1330,13:30,8040.468000000001,7957.455789473684,-83.01221052631718
no08,I_11_533967_13845533967_01485,1345,13:45,7439.5,7656.735263157895,217.23526315789513
no08,I_11_533967_13845533967_01485,1400,14:00,8402.0975,8229.003684210527,-173.0938157894725
no08,I_11_533967_13845533967_01485,1415,14:15,7745.9155,7855.833157894736,109.9176578947363
no08,I_11_533967_13845533967_01485,1430,14:30,9252.1475,9123.536842105264,-128.6106578947347
no08,I_11_533967_13845533967_01485,1445,14:45,10931.5875,10611.36105263158,-320.22644736841903
no08,I_11_533967_13845533967_01485,1500,15:00,9058.4875,9271.587368421053,213.09986842105354
no08,I_11_533967_13845533967_01485,1515,15:15,8913.525,9068.903684210523,155.37868421052372
no08,I_11_533967_13845533967_01485,1530,15:30,7078.825,6797.635789473684,-281.18921052631595
no08,I_11_533967_13845533967_01485,1545,15:45,8083.505499999999,8123.943684210526,40.43818421052674
no08,I_11_533967_13845533967_01485,1600,16:00,10725.2105,10780.25,55.03950000000077
no08,I_11_533967_13845533967_01485,1615,16:15,9722.15,9701.694736842106,-20.45526315789357
no08,I_11_533967_13845533967_01485,1630,16:30,11372.628,11171.527368421052,-201.1006315789491
no08,I_11_533967_13845533967_01485,1645,16:45,11597.9815,12121.544210526316,523.5627105263156
no08,I_11_533967_13845533967_01485,1700,17:00,10742.114,10935.604210526317,193.49021052631724
no08,I_11_533967_13845533967_01485,1715,17:15,9488.53,9411.86052631579,-76.66947368421097
no08,I_11_533967_13845533967_01485,1730,17:30,9690.555,9802.24105263158,111.68605263157951
no08,I_11_533967_13845533967_01485,1745,17:45,12122.6175,11960.385789473685,-162.2317105263155
no08,I_11_533967_13845533967_01485,1800,18:00,10034.572,10235.65052631579,201.07852631579044
no08,I_11_533967_13845533967_01485,1815,18:15,8491.0435,8351.864210526317,-139.17928947368273
no08,I_11_533967_13845533967_01485,1830,18:30,9562.0525,9505.236842105263,-56.81565789473643
no08,I_11_533967_13845533967_01485,1845,18:45,6650.094,6772.923684210527,122.82968421052738
no08,I_11_533967_14021533967_01485,630,06:30,1228.684,1212.9589473684211,-15.72505263157882
no08,I_11_533967_14021533967_01485,645,06:45,2621.8830000000003,2714.745789473684,92.86278947368373
no08,I_11_533967_14021533967_01485,700,07:00,1535.7545,1562.8473684210528,27.0928684210528
no08,I_11_533967_14021533967_01485,715,07:15,1473.404,1533.9147368421054,60.510736842105416
no08,I_11_533967_14021533967_01485,730,07:30,2221.043,2587.253157894737,366.21015789473677
no08,I_11_533967_14021533967_01485,745,07:45,2174.596,2235.1357894736843,60.53978947368432
no08,I_11_533967_14021533967_01485,800,08:00,6605.231,6791.424210526316,186.19321052631585
no08,I_11_533967_14021533967_01485,815,08:15,4464.371,4999.528421052632,535.1574210526323
no08,I_11_533967_14021533967_01485,830,08:30,3223.406,3410.601052631579,187.19505263157907
no08,I_11_533967_14021533967_01485,845,08:45,4988.7745,7257.183684210526,2268.4091842105254
no08,I_11_533967_14021533967_01485,900,09:00,1862.0675,2377.9915789473685,515.9240789473683
no08,I_11_533967_14021533967_01485,915,09:15,1483.1125,1478.4794736842105,-4.633026315789493
no08,I_11_533967_14021533967_01485,930,09:30,1157.728,1266.105789473684,108.37778947368383
no08,I_11_533967_14021533967_01485,945,09:45,2351.1175,2747.8121052631577,396.6946052631579
no08,I_11_533967_14021533967_01485,1000,10:00,3331.635,3757.611052631579,425.97605263157857
no08,I_11_533967_14021533967_01485,1015,10:15,3043.6575000000003,3208.1573684210525,164.49986842105227
no08,I_11_533967_14021533967_01485,1030,10:30,2874.428,2903.681052631579,29.253052631579067
no08,I_11_533967_14021533967_01485,1045,10:45,1977.4765,2489.4105263157894,511.9340263157894
no08,I_11_533967_14021533967_01485,1100,11:00,3469.92,3990.654736842105,520.7347368421051
no08,I_11_533967_14021533967_01485,1115,11:15,1978.428,2914.831052631579,936.4030526315789
no08,I_11_533967_14021533967_01485,1130,11:30,1925.4965,2222.622631578948,297.12613157894816
no08,I_11_533967_14021533967_01485,1145,11:45,1286.7085,1558.1973684210527,271.48886842105276
no08,I_11_533967_14021533967_01485,1200,12:00,1350.8185,2267.8394736842106,917.0209736842105
no08,I_11_533967_14021533967_01485,1215,12:15,1615.787,1975.3715789473683,359.5845789473683
no08,I_11_533967_14021533967_01485,1230,12:30,1976.298,2232.09,255.79200000000014
no08,I_11_533967_14021533967_01485,1245,12:45,1909.8075,1893.3036842105264,-16.503815789473492
no08,I_11_533967_14021533967_01485,1300,13:00,3230.415,3693.13,462.71500000000015
no08,I_11_533967_14021533967_01485,1315,13:15,2052.591,2062.051052631579,9.460052631578947
no08,I_11_533967_14021533967_01485,1330,13:30,1720.4720000000002,1924.1805263157892,203.70852631578896
no08,I_11_533967_14021533967_01485,1345,13:45,1074.115,1423.6673684210527,349.55236842105273
no08,I_11_533967_14021533967_01485,1400,14:00,1775.4755,2621.826315789473,846.350815789473
no08,I_11_533967_14021533967_01485,1415,14:15,1567.6795,2192.532631578947,624.8531315789471
no08,I_11_533967_14021533967_01485,1430,14:30,3053.3190000000004,3121.5415789473686,68.22257894736822
no08,I_11_533967_14021533967_01485,1445,14:45,1869.0285,2088.263684210526,219.2351842105263
no08,I_11_533967_14021533967_01485,1500,15:00,1714.7835,2439.2352631578947,724.4517631578947
no08,I_11_533967_14021533967_01485,1515,15:15,1615.1370000000002,2268.897894736842,653.7608947368417
no08,I_11_533967_14021533967_01485,1530,15:30,1908.1915,1978.8178947368424,70.62639473684249
no08,I_11_533967_14021533967_01485,1545,15:45,1531.942,1614.8173684210526,82.8753684210526
no08,I_11_533967_14021533967_01485,1600,16:00,2377.7025,3352.114736842105,974.4122368421049
no08,I_11_533967_14021533967_01485,1615,16:15,1818.4505,2005.0126315789475,186.56213157894763
no08,I_11_533967_14021533967_01485,1630,16:30,4726.14,4707.84947368421,-18.290526315789975
no08,I_11_533967_14021533967_01485,1645,16:45,3585.94,4896.631578947368,1310.6915789473683
no08,I_11_533967_14021533967_01485,1700,17:00,5246.5085,6680.568421052632,1434.0599210526325
no08,I_11_533967_14021533967_01485,1715,17:15,2774.8725,2733.75,-41.122499999999945
no08,I_11_533967_14021533967_01485,1730,17:30,2268.7605,2561.8568421052632,293.0963421052634
no08,I_11_533967_14021533967_01485,1745,17:45,2414.924,2365.787894736842,-49.13610526315779
no08,I_11_533967_14021533967_01485,1800,18:00,2419.3965,2441.4452631578947,22.048763157894882
no08,I_11_533967_14021533967_01485,1815,18:15,1121.138,1005.7642105263158,-115.37378947368416
no08,I_11_533967_14021533967_01485,1830,18:30,856.4399999999999,1271.3531578947368,414.91315789473686
no08,I_11_533967_14021533967_01485,1845,18:45,1404.0765,1526.057894736842,121.98139473684205
