{"type": "FeatureCollection", "features": [{"type": "Feature", "geometry": {"type": "LineString", "coordinates": [[139.9450428346, 35.887730428], [139.9451401651, 35.8883595721]]}, "properties": {"link_id": "533967_00280_11490_0", "road_id": "533967_00280_11490", "upnode": "533967_00280", "downnode": "533967_11490", "scenario": "no07", "slot_code": "1545", "hhmm": "15:45", "V_kmh_mean": 52.41672865229796, "V_kmh_std": 0.2203408019832183, "TTT_sec_mean": 793.9399999999999, "TTT_sec_std": 23.70977130964268, "flow_mean": 98.63157894736842, "flow_std": 2.8715177232759186, "n_runs": 19}}, {"type": "Feature", "geometry": {"type": "LineString", "coordinates": [[139.9451401651, 35.8883595721], [139.9450428346, 35.887730428]]}, "properties": {"link_id": "533967_00280_11490_1", "road_id": "533967_00280_11490", "upnode": "533967_11490", "downnode": "533967_00280", "scenario": "no07", "slot_code": "1545", "hhmm": "15:45", "V_kmh_mean": 49.68411976737339, "V_kmh_std": 0.2344636874183256, "TTT_sec_mean": 947.4568421052631, "TTT_sec_std": 68.8396913167454, "flow_mean": 111.47368421052632, "flow_std": 8.099166082262432, "n_runs": 19}}, {"type": "Feature", "geometry": {"type": "LineString", "coordinates": [[139.9450142106, 35.8875516733], [139.944843789, 35.8865223268]]}, "properties": {"link_id": "533967_00280_13214_0", "road_id": "533967_00280_13214", "upnode": "533967_00280", "downnode": "533967_13214", "scenario": "no07", "slot_code": "1545", "hhmm": "15:45", "V_kmh_mean": 45.36063418046882, "V_kmh_std": 0.075289006189907, "TTT_sec_mean": 1270.5963157894737, "TTT_sec_std": 91.31195097701108, "flow_mean": 115.26315789473684, "flow_std": 8.31225404156189, "n_runs": 19}}, {"type": "Feature", "geometry": {"type": "LineString", "coordinates": [[139.944843789, 35.8865223268], [139.9450142106, 35.8875516733]]}, "properties": {"link_id": "533967_00280_13214_1", "road_id": "533967_00280_13214", "upnode": "533967_13214", "downnode": "533967_00280", "scenario": "no07", "slot_code": "1545", "hhmm": "15:45", "V_kmh_mean": 50.80588835647929, "V_kmh_std": 0.18964971548316, "TTT_sec_mean": 1110.53, "TTT_sec_std": 25.450915067591897, "flow_mean": 98.63157894736842, "flow_std": 2.2659441572943955, "n_runs": 19}}, {"type": "Feature", "geometry": {"type": "LineString", "coordinates": [[139.9426152514, 35.8901115423], [139.9425047484, 35.8900704579]]}, "properties": {"link_id": "533967_00285_11494_0", "road_id": "533967_00285_11494", "upnode": "533967_00285", "downnode": "533967_11494", "scenario": "no07", "slot_code": "1545", "hhmm": "15:45", "V_kmh_mean": 49.36136027531285, "V_kmh_std": 1.2382879984799426, "TTT_sec_mean": 71.22947368421053, "TTT_sec_std": 9.233594745808622, "flow_mean": 15.842105263157896, "flow_std": 2.007296631313337, "n_runs": 19}}, {"type": "Feature", "geometry": {"type": "LineString", "coordinates": [[139.9425047484, 35.8900704579], [139.9426152514, 35.8901115423]]}, "properties": {"link_id": "533967_00285_11494_1", "road_id": "533967_00285_11494", "upnode": "533967_11494", "downnode": "533967_00285", "scenario": "no07", "slot_code": "1545", "hhmm": "15:45", "V_kmh_mean": 44.28, "V_kmh_std": 0.0, "TTT_sec_mean": 79.47368421052632, "TTT_sec_std": 3.6873420275410007, "flow_mean": 15.894736842105264, "flow_std": 0.7374684055082, "n_runs": 19}}, {"type": "Feature", "geometry": {"type": "LineString", "coordinates": [[139.9428154056, 35.8901887629], [139.9437415934, 35.890559238]]}, "properties": {"link_id": "533967_00285_11497_0", "road_id": "533967_00285_11497", "upnode": "533967_00285", "downnode": "533967_11497", "scenario": "no07", "slot_code": "1545", "hhmm": "15:45", "V_kmh_mean": 52.27199999999999, "V_kmh_std": 3.744889033148481e-15, "TTT_sec_mean": 157.3684210526316, "TTT_sec_std": 8.719139396343278, "flow_mean": 15.736842105263158, "flow_std": 0.8719139396343283, "n_runs": 19}}, {"type": "Feature", "geometry": {"type": "LineString", "coordinates": [[139.9437415934, 35.890559238], [139.9428154056, 35.8901887629]]}, "properties": {"link_id": "533967_00285_11497_1", "road_id": "533967_00285_11497", "upnode": "533967_11497", "downnode": "533967_00285", "scenario": "no07", "slot_code": "1545", "hhmm": "15:45", "V_kmh_mean": 49.72902133712207, "V_kmh_std": 0.5312984505530328, "TTT_sec_mean": 166.4105263157895, "TTT_sec_std": 21.13883379356692, "flow_mean": 15.842105263157896, "flow_std": 2.007296631313337, "n_runs": 19}}, {"type": "Feature", "geometry": {"type": "LineString", "coordinates": [[139.9418617566, 35.9028680125], [139.941045242, 35.9022189881]]}, "properties": {"link_id": "533967_00319_00539_0", "road_id": "533967_00319_00539", "upnode": "533967_00319", "downnode": "533967_00539", "scenario": "no07", "slot_code": "1545", "hhmm": "15:45", "V_kmh_mean": 29.31715289471083, "V_kmh_std": 2.65953066018017, "TTT_sec_mean": 1454.748947368421, "TTT_sec_std": 165.8904342863665, "flow_mean": 80.52631578947368, "flow_std": 3.564772410572837, "n_runs": 19}}, {"type": "Feature", "geometry": {"type": "LineString", "coordinates": [[139.941045242, 35.9022189881], [139.9418617566, 35.9028680125]]}, "properties": {"link_id": "533967_00319_00539_1", "road_id": "533967_00319_00539", "upnode": "533967_00539", "downnode": "533967_00319", "scenario": "no07", "slot_code": "1545", "hhmm": "15:45", "V_kmh_mean": 22.228840679670547, "V_kmh_std": 0.6811508924859005, "TTT_sec_mean": 1673.412105263158, "TTT_sec_std": 128.22825146238023, "flow_mean": 70.89473684210526, "flow_std": 4.852201526021236, "n_runs": 19}}, {"type": "Feature", "geometry": {"type": "LineString", "coordinates": [[139.9418640277, 35.902995825], [139.940091, 35.904489], [139.9400529799, 35.9045226462]]}, "properties": {"link_id": "533967_00319_01435_0", "road_id": "533967_00319_01435", "upnode": "533967_00319", "downnode": "533967_01435", "scenario": "no07", "slot_code": "1545", "hhmm": "15:45", "V_kmh_mean": null, "V_kmh_std": null, "TTT_sec_mean": null, "TTT_sec_std": null, "flow_mean": 0.0, "flow_std": 0.0, "n_runs": 19}}, {"type": "Feature", "geometry": {"type": "LineString", "coordinates": [[139.9400529799, 35.9045226462], [139.940091, 35.904489], [139.9418640277, 35.902995825]]}, "properties": {"link_id": "533967_00319_01435_1", "road_id": "533967_00319_01435", "upnode": "533967_01435", "downnode": "533967_00319", "scenario": "no07", "slot_code": "1545", "hhmm": "15:45", "V_kmh_mean": null, "V_kmh_std": null, "TTT_sec_mean": null, "TTT_sec_std": null, "flow_mean": 0.0, "flow_std": 0.0, "n_runs": 19}}, {"type": "Feature", "geometry": {"type": "LineString", "coordinates": [[139.9420210106, 35.9029933423], [139.9436359867, 35.9042516589]]}, "properties": {"link_id": "533967_00319_11518_0", "road_id": "533967_00319_11518", "upnode": "533967_00319", "downnode": "533967_11518", "scenario": "no07", "slot_code": "1545", "hhmm": "15:45", "V_kmh_mean": 29.92879846090061, "V_kmh_std": 0.021106794346667, "TTT_sec_mean": 2065.383157894737, "TTT_sec_std": 141.29056971175996, "flow_mean": 70.89473684210526, "flow_std": 4.852201526021236, "n_runs": 19}}, {"type": "Feature", "geometry": {"type": "LineString", "coordinates": [[139.9436359867, 35.9042516589], [139.9420210106, 35.9029933423]]}, "properties": {"link_id": "533967_00319_11518_1", "road_id": "533967_00319_11518", "upnode": "533967_11518", "downnode": "533967_00319", "scenario": "no07", "slot_code": "1545", "hhmm": "15:45", "V_kmh_mean": 31.396012032010987, "V_kmh_std": 1.61726890889704, "TTT_sec_mean": 2235.743684210526, "TTT_sec_std": 164.47467671382404, "flow_mean": 80.05263157894737, "flow_std": 3.7338345528205, "n_runs": 19}}, {"type": "Feature", "geometry": {"type": "LineString", "coordinates": [[139.9420167673, 35.9028652421], [139.943016, 35.901998], [139.943041, 35.90194], [139.943103, 35.901148], [139.943166, 35.901131], [139.943553, 35.901215], [139.943753, 35.901231], [139.943878, 35.90124], [139.943928, 35.901281], [139.943991, 35.901323], [139.944091, 35.90134], [139.944628, 35.901356], [139.945278, 35.901381], [139.945753, 35.901398], [139.945905295, 35.9013933675]]}, "properties": {"link_id": "533967_00319_87770_0", "road_id": "533967_00319_87770", "upnode": "533967_00319", "downnode": "533967_87770", "scenario": "no07", "slot_code": "1545", "hhmm": "15:45", "V_kmh_mean": null, "V_kmh_std": null, "TTT_sec_mean": null, "TTT_sec_std": null, "flow_mean": 0.0, "flow_std": 0.0, "n_runs": 19}}, {"type": "Feature", "geometry": {"type": "LineString", "coordinates": [[139.945905295, 35.9013933675], [139.945753, 35.901398], [139.945278, 35.901381], [139.944628, 35.901356], [139.944091, 35.90134], [139.943991, 35.901323], [139.943928, 35.901281], [139.943878, 35.90124], [139.943753, 35.901231], [139.943553, 35.901215], [139.943166, 35.901131], [139.943103, 35.901148], [139.943041, 35.90194], [139.943016, 35.901998], [139.9420167673, 35.9028652421]]}, "properties": {"link_id": "533967_00319_87770_1", "road_id": "533967_00319_87770", "upnode": "533967_87770", "downnode": "533967_00319", "scenario": "no07", "slot_code": "1545", "hhmm": "15:45", "V_kmh_mean": null, "V_kmh_std": null, "TTT_sec_mean": null, "TTT_sec_std": null, "flow_mean": 0.0, "flow_std": 0.0, "n_runs": 19}}, {"type": "Feature", "geometry": {"type": "LineString", "coordinates": [[139.9444485123, 35.8909072394], [139.943904, 35.891974], [139.9435091783, 35.8927329959]]}, "properties": {"link_id": "533967_00532_00534_0", "road_id": "533967_00532_00534", "upnode": "533967_00532", "downnode": "533967_00534", "scenario": "no07", "slot_code": "1545", "hhmm": "15:45", "V_kmh_mean": 25.809871856630565, "V_kmh_std": 2.328827947607901, "TTT_sec_mean": 3824.844210526316, "TTT_sec_std": 484.7999078350181, "flow_mean": 100.42105263157896, "flow_std": 6.140175436090154, "n_runs": 19}}, {"type": "Feature", "geometry": {"type": "LineString", "coordinates": [[139.9435091783, 35.8927329959], [139.943904, 35.891974], [139.9444485123, 35.8909072394]]}, "properties": {"link_id": "533967_00532_00534_1", "road_id": "533967_00532_00534", "upnode": "533967_00534", "downnode": "533967_00532", "scenario": "no07", "slot_code": "1545", "hhmm": "15:45", "V_kmh_mean": 28.917414452890505, "V_kmh_std": 1.5610778250616653, "TTT_sec_mean": 3923.881578947368, "TTT_sec_std": 276.576970043566, "flow_mean": 116.10526315789474, "flow_std": 5.2482244282350194, "n_runs": 19}}, {"type": "Feature", "geometry": {"type": "LineString", "coordinates": [[139.9445918532, 35.8908612725], [139.9455401458, 35.8912117284]]}, "properties": {"link_id": "533967_00532_01530_0", "road_id": "533967_00532_01530", "upnode": "533967_00532", "downnode": "533967_01530", "scenario": "no07", "slot_code": "1545", "hhmm": "15:45", "V_kmh_mean": 47.1881126549917, "V_kmh_std": 1.9045133727065768, "TTT_sec_mean": 470.6731578947369, "TTT_sec_std": 48.64511521127408, "flow_mean": 42.21052631578947, "flow_std": 3.5210312152426955, "n_runs": 19}}, {"type": "Feature", "geometry": {"type": "LineString", "coordinates": [[139.9455401458, 35.8912117284], [139.9445918532, 35.8908612725]]}, "properties": {"link_id": "533967_00532_01530_1", "road_id": "533967_00532_01530", "upnode": "533967_01530", "downnode": "533967_00532", "scenario": "no07", "slot_code": "1545", "hhmm": "15:45", "V_kmh_mean": 8.633969649843355, "V_kmh_std": 0.3349832905001464, "TTT_sec_mean": 2502.4994736842104, "TTT_sec_std": 255.9209740324297, "flow_mean": 41.10526315789474, "flow_std": 3.2127305250986398, "n_runs": 19}}, {"type": "Feature", "geometry": {"type": "LineString", "coordinates": [[139.9445406168, 35.8907539814], [139.9445835594, 35.8906713539], [139.944829, 35.890158], [139.944966, 35.889874], [139.945054, 35.889624], [139.945116, 35.889399], [139.945154, 35.889024], [139.945179, 35.888708], [139.9451626734, 35.888538857]]}, "properties": {"link_id": "533967_00532_11490_0", "road_id": "533967_00532_11490", "upnode": "533967_00532", "downnode": "533967_11490", "scenario": "no07", "slot_code": "1545", "hhmm": "15:45", "V_kmh_mean": 48.70709997351785, "V_kmh_std": 0.1728100965286122, "TTT_sec_mean": 2300.9605263157896, "TTT_sec_std": 155.9114811706268, "flow_mean": 109.57894736842104, "flow_std": 7.426048668734225, "n_runs": 19}}, {"type": "Feature", "geometry": {"type": "LineString", "coordinates": [[139.9451626734, 35.888538857], [139.945179, 35.888708], [139.945154, 35.889024], [139.945116, 35.889399], [139.945054, 35.889624], [139.944966, 35.889874], [139.944829, 35.890158], [139.9445835594, 35.8906713539], [139.9445406168, 35.8907539814]]}, "properties": {"link_id": "533967_00532_11490_1", "road_id": "533967_00532_11490", "upnode": "533967_11490", "downnode": "533967_00532", "scenario": "no07", "slot_code": "1545", "hhmm": "15:45", "V_kmh_mean": 26.424788688385217, "V_kmh_std": 1.510082051184675, "TTT_sec_mean": 3746.534736842105, "TTT_sec_std": 303.60194164524097, "flow_mean": 96.78947368421052, "flow_std": 4.685425954411081, "n_runs": 19}}, {"type": "Feature", "geometry": {"type": "LineString", "coordinates": [[139.9443890716, 35.8907887174], [139.943942928, 35.8906342831]]}, "properties": {"link_id": "533967_00532_11497_0", "road_id": "533967_00532_11497", "upnode": "533967_00532", "downnode": "533967_11497", "scenario": "no07", "slot_code": "1545", "hhmm": "15:45", "V_kmh_mean": 46.13519823239875, "V_kmh_std": 0.7450274183559075, "TTT_sec_mean": 110.31315789473685, "TTT_sec_std": 14.112473620733768, "flow_mean": 15.842105263157896, "flow_std": 2.007296631313337, "n_runs": 19}}, {"type": "Feature", "geometry": {"type": "LineString", "coordinates": [[139.943942928, 35.8906342831], [139.9443890716, 35.8907887174]]}, "properties": {"link_id": "533967_00532_11497_1", "road_id": "533967_00532_11497", "upnode": "533967_11497", "downnode": "533967_00532", "scenario": "no07", "slot_code": "1545", "hhmm": "15:45", "V_kmh_mean": 9.316875714833865, "V_kmh_std": 2.023169682761254, "TTT_sec_mean": 619.0542105263158, "TTT_sec_std": 146.47982281665162, "flow_mean": 17.0, "flow_std": 1.247219128924647, "n_runs": 19}}, {"type": "Feature", "geometry": {"type": "LineString", "coordinates": [[139.9382330198, 35.8925024977], [139.93818798, 35.8923125023]]}, "properties": {"link_id": "533967_00533_11502_0", "road_id": "533967_00533_11502", "upnode": "533967_00533", "downnode": "533967_11502", "scenario": "no07", "slot_code": "1545", "hhmm": "15:45", "V_kmh_mean": 32.615088884897155, "V_kmh_std": 0.2466636929555288, "TTT_sec_mean": 283.0068421052632, "TTT_sec_std": 20.83430319146009, "flow_mean": 46.10526315789474, "flow_std": 3.2641952699300814, "n_runs": 19}}, {"type": "Feature", "geometry": {"type": "LineString", "coordinates": [[139.93818798, 35.8923125023], [139.9382330198, 35.8925024977]]}, "properties": {"link_id": "533967_00533_11502_1", "road_id": "533967_00533_11502", "upnode": "533967_11502", "downnode": "533967_00533", "scenario": "no07", "slot_code": "1545", "hhmm": "15:45", "V_kmh_mean": 45.3658049311272, "V_kmh_std": 0.449112020138302, "TTT_sec_mean": 242.55736842105264, "TTT_sec_std": 6.635478582844787, "flow_mean": 40.1578947368421, "flow_std": 0.8342100651206137, "n_runs": 19}}, {"type": "Feature", "geometry": {"type": "LineString", "coordinates": [[139.9383621582, 35.8925715422], [139.9399078426, 35.8922934593]]}, "properties": {"link_id": "533967_00533_11503_0", "road_id": "533967_00533_11503", "upnode": "533967_00533", "downnode": "533967_11503", "scenario": "no07", "slot_code": "1545", "hhmm": "15:45", "V_kmh_mean": 30.44211001953411, "V_kmh_std": 0.0424110695383261, "TTT_sec_mean": 930.3273684210528, "TTT_sec_std": 78.05114696588423, "flow_mean": 42.1578947368421, "flow_std": 3.516045093484327, "n_runs": 19}}, {"type": "Feature", "geometry": {"type": "LineString", "coordinates": [[139.9399078426, 35.8922934593], [139.9383621582, 35.8925715422]]}, "properties": {"link_id": "533967_00533_11503_1", "road_id": "533967_00533_11503", "upnode": "533967_11503", "downnode": "533967_00533", "scenario": "no07", "slot_code": "1545", "hhmm": "15:45", "V_kmh_mean": 31.65017824984864, "V_kmh_std": 0.143733702417499, "TTT_sec_mean": 1126.7163157894738, "TTT_sec_std": 89.8103289166506, "flow_mean": 53.05263157894737, "flow_std": 4.182950636021397, "n_runs": 19}}, {"type": "Feature", "geometry": {"type": "LineString", "coordinates": [[139.9381458687, 35.8926105567], [139.9362001323, 35.8929624452]]}, "properties": {"link_id": "533967_00533_11505_0", "road_id": "533967_00533_11505", "upnode": "533967_00533", "downnode": "533967_11505", "scenario": "no07", "slot_code": "1545", "hhmm": "15:45", "V_kmh_mean": 29.915233669001047, "V_kmh_std": 0.2938541543213446, "TTT_sec_mean": 180.88722222222225, "TTT_sec_std": 64.70514142727905, "flow_mean": 6.473684210526316, "flow_std": 2.8551789407365926, "n_runs": 19}}, {"type": "Feature", "geometry": {"type": "LineString", "coordinates": [[139.9362001323, 35.8929624452], [139.9381458687, 35.8926105567]]}, "properties": {"link_id": "533967_00533_11505_1", "road_id": "533967_00533_11505", "upnode": "533967_11505", "downnode": "533967_00533", "scenario": "no07", "slot_code": "1545", "hhmm": "15:45", "V_kmh_mean": 29.85569576730713, "V_kmh_std": 0.3825975720277074, "TTT_sec_mean": 129.43285714285713, "TTT_sec_std": 86.74916881720651, "flow_mean": 1.7894736842105263, "flow_std": 3.0473840761548816, "n_runs": 19}}, {"type": "Feature", "geometry": {"type": "LineString", "coordinates": [[139.9434240692, 35.8928994265], [139.9418829341, 35.8959655741]]}, "properties": {"link_id": "533967_00534_00766_0", "road_id": "533967_00534_00766", "upnode": "533967_00534", "downnode": "533967_00766", "scenario": "no07", "slot_code": "1545", "hhmm": "15:45", "V_kmh_mean": 33.83589990952693, "V_kmh_std": 2.4656539127317703, "TTT_sec_mean": 2809.5347368421053, "TTT_sec_std": 324.2853557931214, "flow_mean": 64.0, "flow_std": 4.371625682867999, "n_runs": 19}}, {"type": "Feature", "geometry": {"type": "LineString", "coordinates": [[139.9418829341, 35.8959655741], [139.9434240692, 35.8928994265]]}, "properties": {"link_id": "533967_00534_00766_1", "road_id": "533967_00534_00766", "upnode": "533967_00766", "downnode": "533967_00534", "scenario": "no07", "slot_code": "1545", "hhmm": "15:45", "V_kmh_mean": 30.314805560652484, "V_kmh_std": 1.7856859235174194, "TTT_sec_mean": 3691.4594736842105, "TTT_sec_std": 307.52769655708664, "flow_mean": 75.63157894736842, "flow_std": 4.57299471919161, "n_runs": 19}}, {"type": "Feature", "geometry": {"type": "LineString", "coordinates": [[139.9433656301, 35.8927778692], [139.9429293694, 35.8926121312]]}, "properties": {"link_id": "533967_00534_11504_0", "road_id": "533967_00534_11504", "upnode": "533967_00534", "downnode": "533967_11504", "scenario": "no07", "slot_code": "1545", "hhmm": "15:45", "V_kmh_mean": 28.932835408204003, "V_kmh_std": 0.2932469492205506, "TTT_sec_mean": 497.4115789473684, "TTT_sec_std": 49.5162220627586, "flow_mean": 46.0, "flow_std": 4.58257569495584, "n_runs": 19}}, {"type": "Feature", "geometry": {"type": "LineString", "coordinates": [[139.9429293694, 35.8926121312], [139.9433656301, 35.8927778692]]}, "properties": {"link_id": "533967_00534_11504_1", "road_id": "533967_00534_11504", "upnode": "533967_11504", "downnode": "533967_00534", "scenario": "no07", "slot_code": "1545", "hhmm": "15:45", "V_kmh_mean": 7.847692103015294, "V_kmh_std": 0.855315435132032, "TTT_sec_mean": 1849.9668421052636, "TTT_sec_std": 306.70221926256863, "flow_mean": 45.578947368421055, "flow_std": 3.877510505375613, "n_runs": 19}}, {"type": "Feature", "geometry": {"type": "LineString", "coordinates": [[139.9376891689, 35.9000977667], [139.938141, 35.90029], [139.938566, 35.900498], [139.9389093803, 35.9006681224]]}, "properties": {"link_id": "533967_00535_00538_0", "road_id": "I_23_0129024146216", "upnode": "I_22_533967_-00008", "downnode": "533967_00538", "scenario": "no07", "slot_code": "1545", "hhmm": "15:45", "V_kmh_mean": 15.568967980084006, "V_kmh_std": 0.7343240311574469, "TTT_sec_mean": 2451.0957894736844, "TTT_sec_std": 325.1542449757206, "flow_mean": 65.3157894736842, "flow_std": 8.138063048136125, "n_runs": 19}}, {"type": "Feature", "geometry": {"type": "LineString", "coordinates": [[139.9342160847, 35.8987198209], [139.933842, 35.898582], [139.933504, 35.898482], [139.933154, 35.898415], [139.932804, 35.898382], [139.9326277782, 35.8983820001]]}, "properties": {"link_id": "533967_00535_00538_1", "road_id": "I_23_0129024139398", "upnode": "I_22_533967_-00007", "downnode": "533967_00535", "scenario": "no07", "slot_code": "1545", "hhmm": "15:45", "V_kmh_mean": 12.428272239663182, "V_kmh_std": 0.8851480390555662, "TTT_sec_mean": 3728.003684210527, "TTT_sec_std": 384.6964954236367, "flow_mean": 73.78947368421052, "flow_std": 5.80783902601017, "n_runs": 19}}, {"type": "Feature", "geometry": {"type": "LineString", "coordinates": [[139.9325188518, 35.8982918789], [139.932529, 35.897798], [139.932542, 35.897548], [139.932604, 35.897265], [139.932667, 35.89709], [139.933254, 35.895774], [139.933404, 35.895449], [139.933629, 35.895049], [139.9340574237, 35.894296779]]}, "properties": {"link_id": "533967_00535_00609_0", "road_id": "533967_00535_00609", "upnode": "533967_00535", "downnode": "533967_00609", "scenario": "no07", "slot_code": "1545", "hhmm": "15:45", "V_kmh_mean": 29.952142704276973, "V_kmh_std": 0.0329727495796811, "TTT_sec_mean": 5195.943684210526, "TTT_sec_std": 324.1624445519481, "flow_mean": 84.36842105263158, "flow_std": 5.262134403408202, "n_runs": 19}}, {"type": "Feature", "geometry": {"type": "LineString", "coordinates": [[139.9340574237, 35.894296779], [139.933629, 35.895049], [139.933404, 35.895449], [139.933254, 35.895774], [139.932667, 35.89709], [139.932604, 35.897265], [139.932542, 35.897548], [139.932529, 35.897798], [139.9325188518, 35.8982918789]]}, "properties": {"link_id": "533967_00535_00609_1", "road_id": "533967_00535_00609", "upnode": "533967_00609", "downnode": "533967_00535", "scenario": "no07", "slot_code": "1545", "hhmm": "15:45", "V_kmh_mean": 19.431382387010338, "V_kmh_std": 2.089061065599002, "TTT_sec_mean": 7959.7947368421055, "TTT_sec_std": 1710.5784529521277, "flow_mean": 81.73684210526316, "flow_std": 5.526120854261733, "n_runs": 19}}, {"type": "Feature", "geometry": {"type": "LineString", "coordinates": [[139.9324065918, 35.8983893607], [139.932142, 35.898407], [139.931842, 35.89844], [139.931592, 35.89849], [139.9313581094, 35.8985591985]]}, "properties": {"link_id": "533967_00535_11512_0", "road_id": "533967_00535_11512", "upnode": "533967_00535", "downnode": "533967_11512", "scenario": "no07", "slot_code": "1545", "hhmm": "15:45", "V_kmh_mean": 44.471215786825006, "V_kmh_std": 0.3507978417053003, "TTT_sec_mean": 1293.8984210526316, "TTT_sec_std": 62.43497535330991, "flow_mean": 110.3157894736842, "flow_std": 5.578257708669207, "n_runs": 19}}, {"type": "Feature", "geometry": {"type": "LineString", "coordinates": [[139.9313581094, 35.8985591985], [139.931592, 35.89849], [139.931842, 35.89844], [139.932142, 35.898407], [139.9324065918, 35.8983893607]]}, "properties": {"link_id": "533967_00535_11512_1", "road_id": "533967_00535_11512", "upnode": "533967_11512", "downnode": "533967_00535", "scenario": "no07", "slot_code": "1545", "hhmm": "15:45", "V_kmh_mean": 14.499454776265836, "V_kmh_std": 0.9637596988853836, "TTT_sec_mean": 3029.064210526316, "TTT_sec_std": 216.10678140719097, "flow_mean": 83.26315789473684, "flow_std": 2.02325659555628, "n_runs": 19}}, {"type": "Feature", "geometry": {"type": "LineString", "coordinates": [[139.9325102458, 35.898471966], [139.932492, 35.898715], [139.9324071086, 35.8992167086]]}, "properties": {"link_id": "533967_00535_14018_0", "road_id": "533967_00535_14018", "upnode": "533967_00535", "downnode": "533967_14018", "scenario": "no07", "slot_code": "1545", "hhmm": "15:45", "V_kmh_mean": 41.8471274778928, "V_kmh_std": 0.7474671955503377, "TTT_sec_mean": 506.62578947368416, "TTT_sec_std": 59.49174072608636, "flow_mean": 44.89473684210526, "flow_std": 5.097872506601871, "n_runs": 19}}, {"type": "Feature", "geometry": {"type": "LineString", "coordinates": [[139.9324071086, 35.8992167086], [139.932492, 35.898715], [139.9325102458, 35.898471966]]}, "properties": {"link_id": "533967_00535_14018_1", "road_id": "533967_00535_14018", "upnode": "533967_14018", "downnode": "533967_00535", "scenario": "no07", "slot_code": "1545", "hhmm": "15:45", "V_kmh_mean": 10.04495429619372, "V_kmh_std": 2.159370915959883, "TTT_sec_mean": 3006.825263157895, "TTT_sec_std": 931.5870030542768, "flow_mean": 59.8421052631579, "flow_std": 4.969497603656583, "n_runs": 19}}, {"type": "Feature", "geometry": {"type": "LineString", "coordinates": [[139.9303339038, 35.8988440368], [139.9311490969, 35.898618964]]}, "properties": {"link_id": "533967_00536_11512_0", "road_id": "533967_00536_11512", "upnode": "533967_00536", "downnode": "533967_11512", "scenario": "no07", "slot_code": "1545", "hhmm": "15:45", "V_kmh_mean": 30.09276815453324, "V_kmh_std": 0.0674213499280393, "TTT_sec_mean": 1179.0373684210526, "TTT_sec_std": 23.33819969304144, "flow_mean": 83.73684210526316, "flow_std": 1.726978905589434, "n_runs": 19}}, {"type": "Feature", "geometry": {"type": "LineString", "coordinates": [[139.9311490969, 35.898618964], [139.9303339038, 35.8988440368]]}, "properties": {"link_id": "533967_00536_11512_1", "road_id": "533967_00536_11512", "upnode": "533967_11512", "downnode": "533967_00536", "scenario": "no07", "slot_code": "1545", "hhmm": "15:45", "V_kmh_mean": 43.08842926417542, "V_kmh_std": 0.138048711973273, "TTT_sec_mean": 895.3842105263158, "TTT_sec_std": 44.40994562229769, "flow_mean": 110.26315789473684, "flow_std": 5.63562187501332, "n_runs": 19}}, {"type": "Feature", "geometry": {"type": "LineString", "coordinates": [[139.9390888177, 35.9007729812], [139.939516, 35.901065], [139.939854, 35.901306], [139.9408852599, 35.9020942841]]}, "properties": {"link_id": "533967_00538_00539_0", "road_id": "533967_00538_00539", "upnode": "533967_00538", "downnode": "533967_00539", "scenario": "no07", "slot_code": "1545", "hhmm": "15:45", "V_kmh_mean": 25.01562537633268, "V_kmh_std": 1.182093911274444, "TTT_sec_mean": 2078.4057894736843, "TTT_sec_std": 229.37427370313804, "flow_mean": 53.1578947368421, "flow_std": 4.3494975175266815, "n_runs": 19}}, {"type": "Feature", "geometry": {"type": "LineString", "coordinates": [[139.9408852599, 35.9020942841], [139.939854, 35.901306], [139.939516, 35.901065], [139.9390888177, 35.9007729812]]}, "properties": {"link_id": "533967_00538_00539_1", "road_id": "533967_00538_00539", "upnode": "533967_00539", "downnode": "533967_00538", "scenario": "no07", "slot_code": "1545", "hhmm": "15:45", "V_kmh_mean": 22.30511554333998, "V_kmh_std": 4.5610288830443, "TTT_sec_mean": 4582.553684210527, "TTT_sec_std": 1353.9670438103583, "flow_mean": 99.0, "flow_std": 6.64997911442, "n_runs": 19}}, {"type": "Feature", "geometry": {"type": "LineString", "coordinates": [[139.9390652129, 35.9006398758], [139.939554, 35.90004], [139.939841, 35.899673], [139.940104, 35.899315], [139.9402650477, 35.8990620339]]}, "properties": {"link_id": "533967_00538_11513_0", "road_id": "533967_00538_11513", "upnode": "533967_00538", "downnode": "533967_11513", "scenario": "no07", "slot_code": "1545", "hhmm": "15:45", "V_kmh_mean": 37.81962404112869, "V_kmh_std": 2.012288110458901, "TTT_sec_mean": 2804.02, "TTT_sec_std": 295.3751185075232, "flow_mean": 114.3157894736842, "flow_std": 8.24656582785928, "n_runs": 19}}, {"type": "Feature", "geometry": {"type": "LineString", "coordinates": [[139.9402650477, 35.8990620339], [139.940104, 35.899315], [139.939841, 35.899673], [139.939554, 35.90004], [139.9390652129, 35.9006398758]]}, "properties": {"link_id": "533967_00538_11513_1", "road_id": "533967_00538_11513", "upnode": "533967_11513", "downnode": "533967_00538", "scenario": "no07", "slot_code": "1545", "hhmm": "15:45", "V_kmh_mean": 20.446873986914348, "V_kmh_std": 1.8885865985325725, "TTT_sec_mean": 3496.7715789473687, "TTT_sec_std": 387.75585300064427, "flow_mean": 76.57894736842105, "flow_std": 3.485139714618246, "n_runs": 19}}, {"type": "Feature", "geometry": {"type": "LineString", "coordinates": [[139.9408856941, 35.9022180898], [139.940653, 35.902398], [139.9388550773, 35.9039082569]]}, "properties": {"link_id": "533967_00539_11517_0", "road_id": "533967_00539_11517", "upnode": "533967_00539", "downnode": "533967_11517", "scenario": "no07", "slot_code": "1545", "hhmm": "15:45", "V_kmh_mean": 19.517780290444545, "V_kmh_std": 0.0923707766940065, "TTT_sec_mean": 249.77777777777777, "TTT_sec_std": 73.43714940286218, "flow_mean": 4.526315789473684, "flow_std": 1.7438278792686563, "n_runs": 19}}, {"type": "Feature", "geometry": {"type": "LineString", "coordinates": [[139.9388550773, 35.9039082569], [139.940653, 35.902398], [139.9408856941, 35.9022180898]]}, "properties": {"link_id": "533967_00539_11517_1", "road_id": "533967_00539_11517", "upnode": "533967_11517", "downnode": "533967_00539", "scenario": "no07", "slot_code": "1545", "hhmm": "15:45", "V_kmh_mean": 10.89497016161777, "V_kmh_std": 1.735337110631725, "TTT_sec_mean": 124.27272727272728, "TTT_sec_std": 57.84304782614919, "flow_mean": 0.6842105263157895, "flow_std": 0.6710382982072027, "n_runs": 19}}, {"type": "Feature", "geometry": {"type": "LineString", "coordinates": [[139.9464754157, 35.8902900007], [139.946403, 35.890266], [139.946353, 35.890266], [139.946291, 35.890274], [139.946229, 35.890324], [139.946191, 35.890366], [139.9456910777, 35.8911686034]]}, "properties": {"link_id": "533967_00605_01530_0", "road_id": "533967_00605_01530", "upnode": "533967_00605", "downnode": "533967_01530", "scenario": "no07", "slot_code": "1545", "hhmm": "15:45", "V_kmh_mean": null, "V_kmh_std": null, "TTT_sec_mean": null, "TTT_sec_std": null, "flow_mean": 0.0, "flow_std": 0.0, "n_runs": 19}}, {"type": "Feature", "geometry": {"type": "LineString", "coordinates": [[139.9456910777, 35.8911686034], [139.946191, 35.890366], [139.946229, 35.890324], [139.946291, 35.890274], [139.946353, 35.890266], [139.946403, 35.890266], [139.9464754157, 35.8902900007]]}, "properties": {"link_id": "533967_00605_01530_1", "road_id": "533967_00605_01530", "upnode": "533967_01530", "downnode": "533967_00605", "scenario": "no07", "slot_code": "1545", "hhmm": "15:45", "V_kmh_mean": null, "V_kmh_std": null, "TTT_sec_mean": null, "TTT_sec_std": null, "flow_mean": 0.0, "flow_std": 0.0, "n_runs": 19}}, {"type": "Feature", "geometry": {"type": "LineString", "coordinates": [[139.9466720291, 35.8903716418], [139.9471589702, 35.8906183586]]}, "properties": {"link_id": "533967_00605_72276_0", "road_id": "533967_00605_72276", "upnode": "533967_00605", "downnode": "533967_72276", "scenario": "no07", "slot_code": "1545", "hhmm": "15:45", "V_kmh_mean": null, "V_kmh_std": null, "TTT_sec_mean": null, "TTT_sec_std": null, "flow_mean": 0.0, "flow_std": 0.0, "n_runs": 19}}, {"type": "Feature", "geometry": {"type": "LineString", "coordinates": [[139.9471589702, 35.8906183586], [139.9466720291, 35.8903716418]]}, "properties": {"link_id": "533967_00605_72276_1", "road_id": "533967_00605_72276", "upnode": "533967_72276", "downnode": "533967_00605", "scenario": "no07", "slot_code": "1545", "hhmm": "15:45", "V_kmh_mean": null, "V_kmh_std": null, "TTT_sec_mean": null, "TTT_sec_std": null, "flow_mean": 0.0, "flow_std": 0.0, "n_runs": 19}}, {"type": "Feature", "geometry": {"type": "LineString", "coordinates": [[139.9339040501, 35.8941376862], [139.9340039497, 35.894176314]]}, "properties": {"link_id": "533967_00608_00609_0", "road_id": "533967_00608_00609", "upnode": "533967_00608", "downnode": "533967_00609", "scenario": "no07", "slot_code": "1545", "hhmm": "15:45", "V_kmh_mean": 67.02161792466634, "V_kmh_std": 1.6603217372532262, "TTT_sec_mean": 251.01105263157896, "TTT_sec_std": 7.612854549113955, "flow_mean": 74.84210526315789, "flow_std": 1.014514547003578, "n_runs": 19}}, {"type": "Feature", "geometry": {"type": "LineString", "coordinates": [[139.9340039497, 35.894176314], [139.9339040501, 35.8941376862]]}, "properties": {"link_id": "533967_00608_00609_1", "road_id": "533967_00608_00609", "upnode": "533967_00609", "downnode": "533967_00608", "scenario": "no07", "slot_code": "1545", "hhmm": "15:45", "V_kmh_mean": 29.926498434430837, "V_kmh_std": 0.0694731287405842, "TTT_sec_mean": 412.1473684210526, "TTT_sec_std": 23.990228298229447, "flow_mean": 82.15789473684211, "flow_std": 4.717145533933009, "n_runs": 19}}, {"type": "Feature", "geometry": {"type": "LineString", "coordinates": [[139.9341526266, 35.894134015], [139.934379, 35.893757], [139.934529, 35.893582], [139.934704, 35.893432], [139.934929, 35.893282], [139.935142, 35.893182], [139.935429, 35.893099], [139.935983746, 35.8930011039]]}, "properties": {"link_id": "533967_00609_11505_0", "road_id": "533967_00609_11505", "upnode": "533967_00609", "downnode": "533967_11505", "scenario": "no07", "slot_code": "1545", "hhmm": "15:45", "V_kmh_mean": 30.03766260026246, "V_kmh_std": 0.2939728183380659, "TTT_sec_mean": 152.5614285714286, "TTT_sec_std": 101.30754799595331, "flow_mean": 1.7894736842105263, "flow_std": 3.0473840761548816, "n_runs": 19}}, {"type": "Feature", "geometry": {"type": "LineString", "coordinates": [[139.935983746, 35.8930011039], [139.935429, 35.893099], [139.935142, 35.893182], [139.934929, 35.893282], [139.934704, 35.893432], [139.934529, 35.893582], [139.934379, 35.893757], [139.9341526266, 35.894134015]]}, "properties": {"link_id": "533967_00609_11505_1", "road_id": "533967_00609_11505", "upnode": "533967_11505", "downnode": "533967_00609", "scenario": "no07", "slot_code": "1545", "hhmm": "15:45", "V_kmh_mean": 29.97185679135834, "V_kmh_std": 0.2279378517535189, "TTT_sec_mean": 188.5538888888889, "TTT_sec_std": 77.04103605824693, "flow_mean": 5.684210526315789, "flow_std": 2.7498006307316043, "n_runs": 19}}, {"type": "Feature", "geometry": {"type": "LineString", "coordinates": [[139.9560565896, 35.8961952031], [139.955977, 35.896157], [139.955852, 35.896091], [139.955715, 35.896016], [139.955527, 35.895874], [139.955377, 35.895749], [139.955278, 35.895632], [139.955203, 35.895524], [139.95514, 35.895399], [139.95509, 35.895274], [139.9550341001, 35.8951185085]]}, "properties": {"link_id": "533967_00693_01661_0", "road_id": "533967_00693_01661", "upnode": "533967_00693", "downnode": "533967_01661", "scenario": "no07", "slot_code": "1545", "hhmm": "15:45", "V_kmh_mean": 26.56982865633136, "V_kmh_std": 1.8318794324674796, "TTT_sec_mean": 2889.291052631579, "TTT_sec_std": 204.195954549511, "flow_mean": 105.94736842105264, "flow_std": 2.437523429187149, "n_runs": 19}}, {"type": "Feature", "geometry": {"type": "LineString", "coordinates": [[139.9453357408, 35.9056010234], [139.9437952566, 35.9043769777]]}, "properties": {"link_id": "533967_00695_11518_0", "road_id": "533967_00695_11518", "upnode": "533967_00695", "downnode": "533967_11518", "scenario": "no07", "slot_code": "1545", "hhmm": "15:45", "V_kmh_mean": 50.745509092558045, "V_kmh_std": 0.1925356105569693, "TTT_sec_mean": 1357.7615789473684, "TTT_sec_std": 43.36957500664847, "flow_mean": 78.78947368421052, "flow_std": 2.3939494881986936, "n_runs": 19}}, {"type": "Feature", "geometry": {"type": "LineString", "coordinates": [[139.9437952566, 35.9043769777], [139.9453357408, 35.9056010234]]}, "properties": {"link_id": "533967_00695_11518_1", "road_id": "533967_00695_11518", "upnode": "533967_11518", "downnode": "533967_00695", "scenario": "no07", "slot_code": "1545", "hhmm": "15:45", "V_kmh_mean": 28.90440961960401, "V_kmh_std": 0.046146551599072, "TTT_sec_mean": 1963.468947368421, "TTT_sec_std": 158.09832850668658, "flow_mean": 70.94736842105263, "flow_std": 5.700620670014081, "n_runs": 19}}, {"type": "Feature", "geometry": {"type": "LineString", "coordinates": [[139.9417994234, 35.8961325443], [139.940879, 35.897982], [139.940579, 35.898532], [139.9403635735, 35.8989006009]]}, "properties": {"link_id": "533967_00766_11513_0", "road_id": "533967_00766_11513", "upnode": "533967_00766", "downnode": "533967_11513", "scenario": "no07", "slot_code": "1545", "hhmm": "15:45", "V_kmh_mean": 46.82969612727275, "V_kmh_std": 1.9860695411689897, "TTT_sec_mean": 2232.486842105264, "TTT_sec_std": 142.57987028923793, "flow_mean": 75.94736842105263, "flow_std": 3.535120369010342, "n_runs": 19}}, {"type": "Feature", "geometry": {"type": "LineString", "coordinates": [[139.9403635735, 35.8989006009], [139.940579, 35.898532], [139.940879, 35.897982], [139.9417994234, 35.8961325443]]}, "properties": {"link_id": "533967_00766_11513_1", "road_id": "533967_00766_11513", "upnode": "533967_11513", "downnode": "533967_00766", "scenario": "no07", "slot_code": "1545", "hhmm": "15:45", "V_kmh_mean": 18.492385804338312, "V_kmh_std": 3.1959744522652715, "TTT_sec_mean": 8664.27052631579, "TTT_sec_std": 1730.7764745899892, "flow_mean": 113.05263157894736, "flow_std": 4.949452093251519, "n_runs": 19}}, {"type": "Feature", "geometry": {"type": "LineString", "coordinates": [[139.9419369544, 35.896094038], [139.9457570412, 35.8978869651]]}, "properties": {"link_id": "533967_00766_14156_0", "road_id": "533967_00766_14156", "upnode": "533967_00766", "downnode": "533967_14156", "scenario": "no07", "slot_code": "1545", "hhmm": "15:45", "V_kmh_mean": 40.91165538690444, "V_kmh_std": 3.493127805582408, "TTT_sec_mean": 1841.3494736842104, "TTT_sec_std": 238.03312186597728, "flow_mean": 46.10526315789474, "flow_std": 4.470828121675813, "n_runs": 19}}, {"type": "Feature", "geometry": {"type": "LineString", "coordinates": [[139.9457570412, 35.8978869651], [139.9419369544, 35.896094038]]}, "properties": {"link_id": "533967_00766_14156_1", "road_id": "533967_00766_14156", "upnode": "533967_14156", "downnode": "533967_00766", "scenario": "no07", "slot_code": "1545", "hhmm": "15:45", "V_kmh_mean": 29.394185166790116, "V_kmh_std": 2.7182517545036906, "TTT_sec_mean": 1560.3173684210526, "TTT_sec_std": 210.03111880126784, "flow_mean": 27.84210526315789, "flow_std": 2.21768542741543, "n_runs": 19}}, {"type": "Feature", "geometry": {"type": "LineString", "coordinates": [[139.9549514256, 35.8976080991], [139.954902, 35.897565], [139.9545322401, 35.8973649137]]}, "properties": {"link_id": "533967_00818_01603_0", "road_id": "533967_00818_01603", "upnode": "533967_00818", "downnode": "533967_01603", "scenario": "no07", "slot_code": "1545", "hhmm": "15:45", "V_kmh_mean": null, "V_kmh_std": null, "TTT_sec_mean": null, "TTT_sec_std": null, "flow_mean": 0.0, "flow_std": 0.0, "n_runs": 19}}, {"type": "Feature", "geometry": {"type": "LineString", "coordinates": [[139.9545322401, 35.8973649137], [139.954902, 35.897565], [139.9549514256, 35.8976080991]]}, "properties": {"link_id": "533967_00818_01603_1", "road_id": "533967_00818_01603", "upnode": "533967_01603", "downnode": "533967_00818", "scenario": "no07", "slot_code": "1545", "hhmm": "15:45", "V_kmh_mean": null, "V_kmh_std": null, "TTT_sec_mean": null, "TTT_sec_std": null, "flow_mean": 0.0, "flow_std": 0.0, "n_runs": 19}}, {"type": "Feature", "geometry": {"type": "LineString", "coordinates": [[139.9543632577, 35.8893956951], [139.954328, 35.88945], [139.9542578296, 35.8896541962]]}, "properties": {"link_id": "533967_00933_00943_0", "road_id": "533967_00933_00943", "upnode": "533967_00933", "downnode": "533967_00943", "scenario": "no07", "slot_code": "1545", "hhmm": "15:45", "V_kmh_mean": 55.05690081778151, "V_kmh_std": 0.0691905233535388, "TTT_sec_mean": 252.47684210526316, "TTT_sec_std": 8.305158405494188, "flow_mean": 50.47368421052632, "flow_std": 1.6454793645565071, "n_runs": 19}}, {"type": "Feature", "geometry": {"type": "LineString", "coordinates": [[139.9543697068, 35.8897608974], [139.954428, 35.88945], [139.9544237172, 35.8894058542]]}, "properties": {"link_id": "533967_00933_00944_1", "road_id": "533967_00933_00944", "upnode": "533967_00944", "downnode": "533967_00933", "scenario": "no07", "slot_code": "1545", "hhmm": "15:45", "V_kmh_mean": 50.12280183018533, "V_kmh_std": 0.4492325230384115, "TTT_sec_mean": 323.2752631578947, "TTT_sec_std": 28.82246642395882, "flow_mean": 50.68421052631579, "flow_std": 4.5098981459174565, "n_runs": 19}}, {"type": "Feature", "geometry": {"type": "LineString", "coordinates": [[139.9544390086, 35.889228009], [139.954615, 35.888583], [139.95469, 35.888358], [139.954765, 35.888158], [139.9547775, 35.888129]]}, "properties": {"link_id": "533967_00933_14152_0", "road_id": "533967_00933_14152", "upnode": "533967_00933", "downnode": "533967_14152", "scenario": "no07", "slot_code": "1545", "hhmm": "15:45", "V_kmh_mean": 45.827970250666326, "V_kmh_std": 0.0381960818515794, "TTT_sec_mean": 624.8052631578947, "TTT_sec_std": 57.597761469659474, "flow_mean": 52.05263157894737, "flow_std": 4.789730730201465, "n_runs": 19}}, {"type": "Feature", "geometry": {"type": "LineString", "coordinates": [[139.9547775, 35.888129], [139.954765, 35.888158], [139.95469, 35.888358], [139.954615, 35.888583], [139.9544390086, 35.889228009]]}, "properties": {"link_id": "533967_00933_14152_1", "road_id": "533967_00933_14152", "upnode": "533967_14152", "downnode": "533967_00933", "scenario": "no07", "slot_code": "1545", "hhmm": "15:45", "V_kmh_mean": 51.43648305455819, "V_kmh_std": 0.0320714409356908, "TTT_sec_mean": 602.0557894736842, "TTT_sec_std": 14.691688623840454, "flow_mean": 50.1578947368421, "flow_std": 1.2139539573337694, "n_runs": 19}}, {"type": "Feature", "geometry": {"type": "LineString", "coordinates": [[139.9518937494, 35.8944638907], [139.951328, 35.894541], [139.951053, 35.894574], [139.950728, 35.894557], [139.9500510207, 35.8944924851]]}, "properties": {"link_id": "533967_00938_00939_0", "road_id": "533967_00938_00939", "upnode": "533967_00938", "downnode": "533967_00939", "scenario": "no07", "slot_code": "1545", "hhmm": "15:45", "V_kmh_mean": 3.215127428367662, "V_kmh_std": 0.4494575786516291, "TTT_sec_mean": 7661.655789473683, "TTT_sec_std": 1098.7095571639982, "flow_mean": 32.36842105263158, "flow_std": 2.3619795444544085, "n_runs": 19}}, {"type": "Feature", "geometry": {"type": "LineString", "coordinates": [[139.9500510207, 35.8944924851], [139.950728, 35.894557], [139.951053, 35.894574], [139.951328, 35.894541], [139.9518937494, 35.8944638907]]}, "properties": {"link_id": "533967_00938_00939_1", "road_id": "533967_00938_00939", "upnode": "533967_00939", "downnode": "533967_00938", "scenario": "no07", "slot_code": "1545", "hhmm": "15:45", "V_kmh_mean": 45.53489750950457, "V_kmh_std": 0.6433141830765559, "TTT_sec_mean": 842.9410526315789, "TTT_sec_std": 57.57993042475214, "flow_mean": 49.78947368421053, "flow_std": 3.326308386993023, "n_runs": 19}}, {"type": "Feature", "geometry": {"type": "LineString", "coordinates": [[139.952215, 35.8943115], [139.95219, 35.894349], [139.9520955705, 35.8943994971]]}, "properties": {"link_id": "533967_00938_01409_1", "road_id": "533967_00938_01409", "upnode": "533967_01409", "downnode": "533967_00938", "scenario": "no07", "slot_code": "1545", "hhmm": "15:45", "V_kmh_mean": 15.619752546809863, "V_kmh_std": 8.317717665073683, "TTT_sec_mean": 895.9452631578947, "TTT_sec_std": 421.2555369285755, "flow_mean": 51.89473684210526, "flow_std": 1.4489358870144535, "n_runs": 19}}, {"type": "Feature", "geometry": {"type": "LineString", "coordinates": [[139.9521134316, 35.8944419324], [139.952128, 35.894441], [139.952265, 35.894432], [139.952315, 35.894424]]}, "properties": {"link_id": "533967_00938_01417_0", "road_id": "533967_00938_01417", "upnode": "533967_00938", "downnode": "533967_01417", "scenario": "no07", "slot_code": "1545", "hhmm": "15:45", "V_kmh_mean": 49.777008848310494, "V_kmh_std": 0.6355799948525315, "TTT_sec_mean": 201.4978947368421, "TTT_sec_std": 14.189132609519383, "flow_mean": 48.94736842105263, "flow_std": 3.2399191384032737, "n_runs": 19}}, {"type": "Feature", "geometry": {"type": "LineString", "coordinates": [[139.94990025, 35.89447575], [139.94981875, 35.89446325]]}, "properties": {"link_id": "533967_00939_00940_0", "road_id": "533967_00939_00940", "upnode": "533967_00939", "downnode": "533967_00940", "scenario": "no07", "slot_code": "1545", "hhmm": "15:45", "V_kmh_mean": 28.274666666666672, "V_kmh_std": 10.615877273485893, "TTT_sec_mean": 6.333333333333333, "TTT_sec_std": 1.4142135623730951, "flow_mean": 0.4736842105263157, "flow_std": 0.512989176042577, "n_runs": 19}}, {"type": "Feature", "geometry": {"type": "LineString", "coordinates": [[139.94981875, 35.89446325], [139.94990025, 35.89447575]]}, "properties": {"link_id": "533967_00939_00940_1", "road_id": "533967_00939_00940", "upnode": "533967_00940", "downnode": "533967_00939", "scenario": "no07", "slot_code": "1545", "hhmm": "15:45", "V_kmh_mean": 38.91881228146853, "V_kmh_std": 20.07575672970027, "TTT_sec_mean": 7.8125, "TTT_sec_std": 5.912909605262032, "flow_mean": 1.0, "flow_std": 0.5773502691896257, "n_runs": 19}}, {"type": "Feature", "geometry": {"type": "LineString", "coordinates": [[139.9497061831, 35.8957758334], [139.9499248174, 35.8945711667]]}, "properties": {"link_id": "533967_00939_01421_1", "road_id": "533967_00939_01421", "upnode": "533967_01421", "downnode": "533967_00939", "scenario": "no07", "slot_code": "1545", "hhmm": "15:45", "V_kmh_mean": 17.604499550872312, "V_kmh_std": 1.0547216058653448, "TTT_sec_mean": 4166.476842105263, "TTT_sec_std": 375.3874537365453, "flow_mean": 107.94736842105264, "flow_std": 5.1259002917701775, "n_runs": 19}}, {"type": "Feature", "geometry": {"type": "LineString", "coordinates": [[139.9497626661, 35.8945462659], [139.9494183347, 35.8965507341]]}, "properties": {"link_id": "533967_00940_13718_0", "road_id": "533967_00940_13718", "upnode": "533967_00940", "downnode": "533967_13718", "scenario": "no07", "slot_code": "1545", "hhmm": "15:45", "V_kmh_mean": 39.33145430004127, "V_kmh_std": 0.2454496024597141, "TTT_sec_mean": 1338.8026315789473, "TTT_sec_std": 117.90810941115237, "flow_mean": 53.89473684210526, "flow_std": 4.771381547449861, "n_runs": 19}}, {"type": "Feature", "geometry": {"type": "LineString", "coordinates": [[139.9542103168, 35.8898299777], [139.954165, 35.890058], [139.954153, 35.890341], [139.9541753089, 35.8904766626]]}, "properties": {"link_id": "533967_00943_01268_0", "road_id": "533967_00943_01268", "upnode": "533967_00943", "downnode": "533967_01268", "scenario": "no07", "slot_code": "1545", "hhmm": "15:45", "V_kmh_mean": 47.0110186379088, "V_kmh_std": 0.0330048620917329, "TTT_sec_mean": 456.0463157894736, "TTT_sec_std": 18.12501286145945, "flow_mean": 50.68421052631579, "flow_std": 2.029029094007153, "n_runs": 19}}, {"type": "Feature", "geometry": {"type": "LineString", "coordinates": [[139.9543327019, 35.8899520247], [139.9543352981, 35.8899389753]]}, "properties": {"link_id": "533967_00944_13715_1", "road_id": "533967_00944_13715", "upnode": "533967_13715", "downnode": "533967_00944", "scenario": "no07", "slot_code": "1545", "hhmm": "15:45", "V_kmh_mean": 49.4042073229736, "V_kmh_std": 0.7763836296982525, "TTT_sec_mean": 182.48210526315788, "TTT_sec_std": 13.992048765458566, "flow_mean": 52.05263157894737, "flow_std": 3.9224947306887112, "n_runs": 19}}, {"type": "Feature", "geometry": {"type": "LineString", "coordinates": [[139.9318691502, 35.9023337132], [139.9321018503, 35.9009622869]]}, "properties": {"link_id": "533967_00949_14017_0", "road_id": "533967_00949_14017", "upnode": "533967_00949", "downnode": "533967_14017", "scenario": "no07", "slot_code": "1545", "hhmm": "15:45", "V_kmh_mean": 51.2206997086276, "V_kmh_std": 0.169213322779279, "TTT_sec_mean": 763.931052631579, "TTT_sec_std": 16.414863824776774, "flow_mean": 54.21052631578947, "flow_std": 1.1822270588653645, "n_runs": 19}}, {"type": "Feature", "geometry": {"type": "LineString", "coordinates": [[139.9321018503, 35.9009622869], [139.9318691502, 35.9023337132]]}, "properties": {"link_id": "533967_00949_14017_1", "road_id": "533967_00949_14017", "upnode": "533967_14017", "downnode": "533967_00949", "scenario": "no07", "slot_code": "1545", "hhmm": "15:45", "V_kmh_mean": 46.3878276135479, "V_kmh_std": 0.0840124753519948, "TTT_sec_mean": 613.0063157894738, "TTT_sec_std": 75.03323494814566, "flow_mean": 43.73684210526316, "flow_std": 5.352487534503704, "n_runs": 19}}, {"type": "Feature", "geometry": {"type": "LineString", "coordinates": [[139.9508623794, 35.9023333799], [139.950853, 35.902323], [139.950753, 35.90219], [139.950489646, 35.9017625762]]}, "properties": {"link_id": "533967_00976_12969_0", "road_id": "533967_00976_12969", "upnode": "533967_00976", "downnode": "533967_12969", "scenario": "no07", "slot_code": "1545", "hhmm": "15:45", "V_kmh_mean": 53.32800571234913, "V_kmh_std": 0.0774056642588112, "TTT_sec_mean": 454.6747368421052, "TTT_sec_std": 9.113669445411876, "flow_mean": 56.78947368421053, "flow_std": 1.1342617456312003, "n_runs": 19}}, {"type": "Feature", "geometry": {"type": "LineString", "coordinates": [[139.950489646, 35.9017625762], [139.950753, 35.90219], [139.950853, 35.902323], [139.9508623794, 35.9023333799]]}, "properties": {"link_id": "533967_00976_12969_1", "road_id": "533967_00976_12969", "upnode": "533967_12969", "downnode": "533967_00976", "scenario": "no07", "slot_code": "1545", "hhmm": "15:45", "V_kmh_mean": 35.5239906559847, "V_kmh_std": 0.1951860533487222, "TTT_sec_mean": 460.3536842105263, "TTT_sec_std": 32.658140419694966, "flow_mean": 46.73684210526316, "flow_std": 3.3473389972593304, "n_runs": 19}}, {"type": "Feature", "geometry": {"type": "LineString", "coordinates": [[139.9501108985, 35.9006445715], [139.9506451018, 35.900543429]]}, "properties": {"link_id": "533967_00978_01607_0", "road_id": "533967_00978_01607", "upnode": "533967_00978", "downnode": "533967_01607", "scenario": "no07", "slot_code": "1545", "hhmm": "15:45", "V_kmh_mean": null, "V_kmh_std": null, "TTT_sec_mean": null, "TTT_sec_std": null, "flow_mean": 0.0, "flow_std": 0.0, "n_runs": 19}}, {"type": "Feature", "geometry": {"type": "LineString", "coordinates": [[139.9506451018, 35.900543429], [139.9501108985, 35.9006445715]]}, "properties": {"link_id": "533967_00978_01607_1", "road_id": "533967_00978_01607", "upnode": "533967_01607", "downnode": "533967_00978", "scenario": "no07", "slot_code": "1545", "hhmm": "15:45", "V_kmh_mean": null, "V_kmh_std": null, "TTT_sec_mean": null, "TTT_sec_std": null, "flow_mean": 0.0, "flow_std": 0.0, "n_runs": 19}}, {"type": "Feature", "geometry": {"type": "LineString", "coordinates": [[139.9500322401, 35.9007519373], [139.950115, 35.900998], [139.95024, 35.901273], [139.9503990469, 35.9015982512]]}, "properties": {"link_id": "533967_00978_12969_0", "road_id": "533967_00978_12969", "upnode": "533967_00978", "downnode": "533967_12969", "scenario": "no07", "slot_code": "1545", "hhmm": "15:45", "V_kmh_mean": 40.03058594074197, "V_kmh_std": 0.13015092001058, "TTT_sec_mean": 616.2921052631579, "TTT_sec_std": 42.78274854540573, "flow_mean": 47.0, "flow_std": 3.231786571610888, "n_runs": 19}}, {"type": "Feature", "geometry": {"type": "LineString", "coordinates": [[139.9503990469, 35.9015982512], [139.95024, 35.901273], [139.950115, 35.900998], [139.9500322401, 35.9007519373]]}, "properties": {"link_id": "533967_00978_12969_1", "road_id": "533967_00978_12969", "upnode": "533967_12969", "downnode": "533967_00978", "scenario": "no07", "slot_code": "1545", "hhmm": "15:45", "V_kmh_mean": 52.54343523479358, "V_kmh_std": 0.0393029542967929, "TTT_sec_mean": 568.078947368421, "TTT_sec_std": 18.601621761656784, "flow_mean": 56.78947368421053, "flow_std": 1.8432744827381105, "n_runs": 19}}, {"type": "Feature", "geometry": {"type": "LineString", "coordinates": [[139.9498945318, 35.9006833227], [139.9492234686, 35.900796678]]}, "properties": {"link_id": "533967_00978_87768_0", "road_id": "533967_00978_87768", "upnode": "533967_00978", "downnode": "533967_87768", "scenario": "no07", "slot_code": "1545", "hhmm": "15:45", "V_kmh_mean": null, "V_kmh_std": null, "TTT_sec_mean": null, "TTT_sec_std": null, "flow_mean": 0.0, "flow_std": 0.0, "n_runs": 19}}, {"type": "Feature", "geometry": {"type": "LineString", "coordinates": [[139.9492234686, 35.900796678], [139.9498945318, 35.9006833227]]}, "properties": {"link_id": "533967_00978_87768_1", "road_id": "533967_00978_87768", "upnode": "533967_87768", "downnode": "533967_00978", "scenario": "no07", "slot_code": "1545", "hhmm": "15:45", "V_kmh_mean": null, "V_kmh_std": null, "TTT_sec_mean": null, "TTT_sec_std": null, "flow_mean": 0.0, "flow_std": 0.0, "n_runs": 19}}, {"type": "Feature", "geometry": {"type": "LineString", "coordinates": [[139.9540793517, 35.8905701755], [139.953978, 35.890574], [139.9534376703, 35.890636346]]}, "properties": {"link_id": "533967_01268_13716_0", "road_id": "533967_01268_13716", "upnode": "533967_01268", "downnode": "533967_13716", "scenario": "no07", "slot_code": "1545", "hhmm": "15:45", "V_kmh_mean": null, "V_kmh_std": null, "TTT_sec_mean": null, "TTT_sec_std": null, "flow_mean": 0.0, "flow_std": 0.0, "n_runs": 19}}, {"type": "Feature", "geometry": {"type": "LineString", "coordinates": [[139.9534376703, 35.890636346], [139.953978, 35.890574], [139.9540793517, 35.8905701755]]}, "properties": {"link_id": "533967_01268_13716_1", "road_id": "533967_01268_13716", "upnode": "533967_13716", "downnode": "533967_01268", "scenario": "no07", "slot_code": "1545", "hhmm": "15:45", "V_kmh_mean": null, "V_kmh_std": null, "TTT_sec_mean": null, "TTT_sec_std": null, "flow_mean": 0.0, "flow_std": 0.0, "n_runs": 19}}, {"type": "Feature", "geometry": {"type": "LineString", "coordinates": [[139.954340492, 35.8905594428], [139.954303, 35.890291], [139.9543106769, 35.8901310651]]}, "properties": {"link_id": "533967_01269_13715_0", "road_id": "533967_01269_13715", "upnode": "533967_01269", "downnode": "533967_13715", "scenario": "no07", "slot_code": "1545", "hhmm": "15:45", "V_kmh_mean": 49.810887938559326, "V_kmh_std": 0.3505536018857494, "TTT_sec_mean": 336.8221052631579, "TTT_sec_std": 25.287246143933103, "flow_mean": 52.36842105263158, "flow_std": 4.00292290868379, "n_runs": 19}}, {"type": "Feature", "geometry": {"type": "LineString", "coordinates": [[139.95282475, 35.891885], [139.95281825, 35.891839]]}, "properties": {"link_id": "533967_01405_01406_0", "road_id": "533967_01405_01406", "upnode": "533967_01405", "downnode": "533967_01406", "scenario": "no07", "slot_code": "1545", "hhmm": "15:45", "V_kmh_mean": null, "V_kmh_std": null, "TTT_sec_mean": null, "TTT_sec_std": null, "flow_mean": 0.0, "flow_std": 0.0, "n_runs": 19}}, {"type": "Feature", "geometry": {"type": "LineString", "coordinates": [[139.95281825, 35.891839], [139.95282475, 35.891885]]}, "properties": {"link_id": "533967_01405_01406_1", "road_id": "533967_01405_01406", "upnode": "533967_01406", "downnode": "533967_01405", "scenario": "no07", "slot_code": "1545", "hhmm": "15:45", "V_kmh_mean": null, "V_kmh_std": null, "TTT_sec_mean": null, "TTT_sec_std": null, "flow_mean": 0.0, "flow_std": 0.0, "n_runs": 19}}, {"type": "Feature", "geometry": {"type": "LineString", "coordinates": [[139.9527903931, 35.8917281184], [139.952703, 35.891416], [139.952615, 35.891174], [139.952466051, 35.8908426486]]}, "properties": {"link_id": "533967_01406_01408_0", "road_id": "533967_01406_01408", "upnode": "533967_01406", "downnode": "533967_01408", "scenario": "no07", "slot_code": "1545", "hhmm": "15:45", "V_kmh_mean": null, "V_kmh_std": null, "TTT_sec_mean": null, "TTT_sec_std": null, "flow_mean": 0.0, "flow_std": 0.0, "n_runs": 19}}, {"type": "Feature", "geometry": {"type": "LineString", "coordinates": [[139.952466051, 35.8908426486], [139.952615, 35.891174], [139.952703, 35.891416], [139.9527903931, 35.8917281184]]}, "properties": {"link_id": "533967_01406_01408_1", "road_id": "533967_01406_01408", "upnode": "533967_01408", "downnode": "533967_01406", "scenario": "no07", "slot_code": "1545", "hhmm": "15:45", "V_kmh_mean": null, "V_kmh_std": null, "TTT_sec_mean": null, "TTT_sec_std": null, "flow_mean": 0.0, "flow_std": 0.0, "n_runs": 19}}, {"type": "Feature", "geometry": {"type": "LineString", "coordinates": [[139.9527055153, 35.8918296858], [139.952215, 35.891891], [139.952003, 35.891924], [139.9516129421, 35.891963006]]}, "properties": {"link_id": "533967_01406_01644_0", "road_id": "533967_01406_01644", "upnode": "533967_01406", "downnode": "533967_01644", "scenario": "no07", "slot_code": "1545", "hhmm": "15:45", "V_kmh_mean": 50.61133460478332, "V_kmh_std": 0.368985577785369, "TTT_sec_mean": 325.8826315789474, "TTT_sec_std": 55.59226913100869, "flow_mean": 31.42105263157895, "flow_std": 5.220853372919073, "n_runs": 19}}, {"type": "Feature", "geometry": {"type": "LineString", "coordinates": [[139.9523058817, 35.8905077702], [139.952387118, 35.8906742299]]}, "properties": {"link_id": "533967_01407_01408_0", "road_id": "533967_01407_01408", "upnode": "533967_01407", "downnode": "533967_01408", "scenario": "no07", "slot_code": "1545", "hhmm": "15:45", "V_kmh_mean": null, "V_kmh_std": null, "TTT_sec_mean": null, "TTT_sec_std": null, "flow_mean": 0.0, "flow_std": 0.0, "n_runs": 19}}, {"type": "Feature", "geometry": {"type": "LineString", "coordinates": [[139.952387118, 35.8906742299], [139.9523058817, 35.8905077702]]}, "properties": {"link_id": "533967_01407_01408_1", "road_id": "533967_01407_01408", "upnode": "533967_01408", "downnode": "533967_01407", "scenario": "no07", "slot_code": "1545", "hhmm": "15:45", "V_kmh_mean": null, "V_kmh_std": null, "TTT_sec_mean": null, "TTT_sec_std": null, "flow_mean": 0.0, "flow_std": 0.0, "n_runs": 19}}, {"type": "Feature", "geometry": {"type": "LineString", "coordinates": [[139.9523210084, 35.8907813333], [139.95224, 35.890799], [139.952003, 35.890849], [139.951803, 35.890908], [139.951678, 35.890941], [139.951228, 35.891083], [139.9514760186, 35.8918865811]]}, "properties": {"link_id": "533967_01408_01644_0", "road_id": "533967_01408_01644", "upnode": "533967_01408", "downnode": "533967_01644", "scenario": "no07", "slot_code": "1545", "hhmm": "15:45", "V_kmh_mean": null, "V_kmh_std": null, "TTT_sec_mean": null, "TTT_sec_std": null, "flow_mean": 0.0, "flow_std": 0.0, "n_runs": 19}}, {"type": "Feature", "geometry": {"type": "LineString", "coordinates": [[139.9514760186, 35.8918865811], [139.951228, 35.891083], [139.951678, 35.890941], [139.951803, 35.890908], [139.952003, 35.890849], [139.95224, 35.890799], [139.9523210084, 35.8907813333]]}, "properties": {"link_id": "533967_01408_01644_1", "road_id": "533967_01408_01644", "upnode": "533967_01644", "downnode": "533967_01408", "scenario": "no07", "slot_code": "1545", "hhmm": "15:45", "V_kmh_mean": null, "V_kmh_std": null, "TTT_sec_mean": null, "TTT_sec_std": null, "flow_mean": 0.0, "flow_std": 0.0, "n_runs": 19}}, {"type": "Feature", "geometry": {"type": "LineString", "coordinates": [[139.9525364266, 35.8907395675], [139.952628, 35.890724], [139.9532181805, 35.8906607667]]}, "properties": {"link_id": "533967_01408_13716_0", "road_id": "533967_01408_13716", "upnode": "533967_01408", "downnode": "533967_13716", "scenario": "no07", "slot_code": "1545", "hhmm": "15:45", "V_kmh_mean": null, "V_kmh_std": null, "TTT_sec_mean": null, "TTT_sec_std": null, "flow_mean": 0.0, "flow_std": 0.0, "n_runs": 19}}, {"type": "Feature", "geometry": {"type": "LineString", "coordinates": [[139.9532181805, 35.8906607667], [139.952628, 35.890724], [139.9525364266, 35.8907395675]]}, "properties": {"link_id": "533967_01408_13716_1", "road_id": "533967_01408_13716", "upnode": "533967_13716", "downnode": "533967_01408", "scenario": "no07", "slot_code": "1545", "hhmm": "15:45", "V_kmh_mean": null, "V_kmh_std": null, "TTT_sec_mean": null, "TTT_sec_std": null, "flow_mean": 0.0, "flow_std": 0.0, "n_runs": 19}}, {"type": "Feature", "geometry": {"type": "LineString", "coordinates": [[139.952403, 35.893891], [139.952378, 35.893866], [139.952265, 35.893857], [139.95214, 35.893891], [139.952103, 35.893974], [139.952128, 35.894066], [139.952215, 35.894199], [139.9522275, 35.8942365]]}, "properties": {"link_id": "533967_01409_01410_1", "road_id": "533967_01409_01410", "upnode": "533967_01410", "downnode": "533967_01409", "scenario": "no07", "slot_code": "1545", "hhmm": "15:45", "V_kmh_mean": 53.923554972134085, "V_kmh_std": 5.079716676371453, "TTT_sec_mean": 172.4857894736842, "TTT_sec_std": 33.667505322192845, "flow_mean": 25.84210526315789, "flow_std": 2.833591319524019, "n_runs": 19}}, {"type": "Feature", "geometry": {"type": "LineString", "coordinates": [[139.9522887552, 35.8943549337], [139.95229, 35.894357], [139.9523275, 35.8943865]]}, "properties": {"link_id": "533967_01409_01417_0", "road_id": "533967_01409_01417", "upnode": "533967_01409", "downnode": "533967_01417", "scenario": "no07", "slot_code": "1545", "hhmm": "15:45", "V_kmh_mean": null, "V_kmh_std": null, "TTT_sec_mean": null, "TTT_sec_std": null, "flow_mean": 0.0, "flow_std": 0.0, "n_runs": 19}}, {"type": "Feature", "geometry": {"type": "LineString", "coordinates": [[139.9524688968, 35.894384739], [139.952478, 35.894382], [139.952528, 35.894307], [139.952528, 35.894207], [139.9524578295, 35.8940028041]]}, "properties": {"link_id": "533967_01410_01417_1", "road_id": "533967_01410_01417", "upnode": "533967_01417", "downnode": "533967_01410", "scenario": "no07", "slot_code": "1545", "hhmm": "15:45", "V_kmh_mean": 50.79824891872874, "V_kmh_std": 0.2114235274121781, "TTT_sec_mean": 290.4168421052632, "TTT_sec_std": 19.74882304584013, "flow_mean": 48.26315789473684, "flow_std": 3.2118202741878656, "n_runs": 19}}, {"type": "Feature", "geometry": {"type": "LineString", "coordinates": [[139.9531917144, 35.8936848802], [139.95319, 35.893682], [139.9531790343, 35.8936725468]]}, "properties": {"link_id": "533967_01412_01413_0", "road_id": "533967_01412_01413", "upnode": "533967_01412", "downnode": "533967_01413", "scenario": "no07", "slot_code": "1545", "hhmm": "15:45", "V_kmh_mean": null, "V_kmh_std": null, "TTT_sec_mean": null, "TTT_sec_std": null, "flow_mean": 0.0, "flow_std": 0.0, "n_runs": 19}}, {"type": "Feature", "geometry": {"type": "LineString", "coordinates": [[139.9529650835, 35.8940117924], [139.95299, 35.894099], [139.953028, 35.894199], [139.953103, 35.894249], [139.953253, 35.894257], [139.953353, 35.894216], [139.95339, 35.894116], [139.95334, 35.893991], [139.95324, 35.893816], [139.95324, 35.893791]]}, "properties": {"link_id": "533967_01412_01414_1", "road_id": "533967_01412_01414", "upnode": "533967_01414", "downnode": "533967_01412", "scenario": "no07", "slot_code": "1545", "hhmm": "15:45", "V_kmh_mean": 55.817448716853576, "V_kmh_std": 0.2503793588351809, "TTT_sec_mean": 114.00631578947367, "TTT_sec_std": 23.67916013209513, "flow_mean": 12.63157894736842, "flow_std": 2.607905211207508, "n_runs": 19}}, {"type": "Feature", "geometry": {"type": "LineString", "coordinates": [[139.9530022425, 35.8936444497], [139.95299, 35.893649], [139.952928, 35.893691], [139.952903, 35.893774], [139.9529182017, 35.8938356287]]}, "properties": {"link_id": "533967_01413_01414_0", "road_id": "533967_01413_01414", "upnode": "533967_01413", "downnode": "533967_01414", "scenario": "no07", "slot_code": "1545", "hhmm": "15:45", "V_kmh_mean": null, "V_kmh_std": null, "TTT_sec_mean": null, "TTT_sec_std": null, "flow_mean": 0.0, "flow_std": 0.0, "n_runs": 19}}, {"type": "Feature", "geometry": {"type": "LineString", "coordinates": [[139.95224975, 35.8966715], [139.95229325, 35.8967005]]}, "properties": {"link_id": "533967_01418_01419_0", "road_id": "533967_01418_01419", "upnode": "533967_01418", "downnode": "533967_01419", "scenario": "no07", "slot_code": "1545", "hhmm": "15:45", "V_kmh_mean": null, "V_kmh_std": null, "TTT_sec_mean": null, "TTT_sec_std": null, "flow_mean": 0.0, "flow_std": 0.0, "n_runs": 19}}, {"type": "Feature", "geometry": {"type": "LineString", "coordinates": [[139.95229325, 35.8967005], [139.95224975, 35.8966715]]}, "properties": {"link_id": "533967_01418_01419_1", "road_id": "533967_01418_01419", "upnode": "533967_01419", "downnode": "533967_01418", "scenario": "no07", "slot_code": "1545", "hhmm": "15:45", "V_kmh_mean": null, "V_kmh_std": null, "TTT_sec_mean": null, "TTT_sec_std": null, "flow_mean": 0.0, "flow_std": 0.0, "n_runs": 19}}, {"type": "Feature", "geometry": {"type": "LineString", "coordinates": [[139.9529596588, 35.8959895375], [139.952878, 35.896032], [139.9522995576, 35.8965881952]]}, "properties": {"link_id": "533967_01418_01420_1", "road_id": "533967_01418_01420", "upnode": "533967_01420", "downnode": "533967_01418", "scenario": "no07", "slot_code": "1545", "hhmm": "15:45", "V_kmh_mean": 29.986496285007306, "V_kmh_std": 2.1862057802861936, "TTT_sec_mean": 1098.0268421052633, "TTT_sec_std": 103.66645177108656, "flow_mean": 69.26315789473684, "flow_std": 3.330700714783901, "n_runs": 19}}, {"type": "Feature", "geometry": {"type": "LineString", "coordinates": [[139.9510699611, 35.8960354051], [139.950953, 35.896007], [139.949799732, 35.8958773378]]}, "properties": {"link_id": "533967_01418_01421_0", "road_id": "I_23_0804143920969", "upnode": "I_22_533967_-00002", "downnode": "533967_01421", "scenario": "no07", "slot_code": "1545", "hhmm": "15:45", "V_kmh_mean": 18.9286829741599, "V_kmh_std": 0.949159215873634, "TTT_sec_mean": 497.3331578947368, "TTT_sec_std": 82.34730718478166, "flow_mean": 20.789473684210527, "flow_std": 3.241723604785664, "n_runs": 19}}, {"type": "Feature", "geometry": {"type": "LineString", "coordinates": [[139.9510914569, 35.8960396732], [139.951203, 35.896057], [139.951415, 35.896132], [139.951665, 35.896257], [139.9521445578, 35.8965977164]]}, "properties": {"link_id": "533967_01418_01421_1", "road_id": "I_23_0804143920954", "upnode": "I_22_533967_-00002", "downnode": "533967_01418", "scenario": "no07", "slot_code": "1545", "hhmm": "15:45", "V_kmh_mean": null, "V_kmh_std": null, "TTT_sec_mean": null, "TTT_sec_std": null, "flow_mean": 0.0, "flow_std": 0.0, "n_runs": 19}}, {"type": "Feature", "geometry": {"type": "LineString", "coordinates": [[139.9523863292, 35.8966460383], [139.952978, 35.896074], [139.9530068035, 35.8960229218]]}, "properties": {"link_id": "533967_01419_01420_0", "road_id": "533967_01419_01420", "upnode": "533967_01419", "downnode": "533967_01420", "scenario": "no07", "slot_code": "1545", "hhmm": "15:45", "V_kmh_mean": 11.448093499797675, "V_kmh_std": 0.4652872697455215, "TTT_sec_mean": 2084.55, "TTT_sec_std": 261.3953995599599, "flow_mean": 49.578947368421055, "flow_std": 5.862458618415278, "n_runs": 19}}, {"type": "Feature", "geometry": {"type": "LineString", "coordinates": [[139.9513152045, 35.8975764156], [139.95149, 35.897465], [139.951703, 35.897307], [139.9522436933, 35.8967839771]]}, "properties": {"link_id": "533967_01419_01425_1", "road_id": "533967_01419_01425", "upnode": "533967_01425", "downnode": "533967_01419", "scenario": "no07", "slot_code": "1545", "hhmm": "15:45", "V_kmh_mean": 26.40143807911428, "V_kmh_std": 2.546436584385376, "TTT_sec_mean": 1228.4247368421052, "TTT_sec_std": 183.31765179504436, "flow_mean": 51.26315789473684, "flow_std": 5.183757809662771, "n_runs": 19}}, {"type": "Feature", "geometry": {"type": "LineString", "coordinates": [[139.9524006867, 35.8967721248], [139.952765, 35.897015], [139.952803, 35.89704], [139.952853, 35.897049], [139.95289, 35.89704], [139.953378, 35.89659], [139.95349, 35.896482], [139.9535056411, 35.8964672476]]}, "properties": {"link_id": "533967_01419_01608_0", "road_id": "533967_01419_01608", "upnode": "533967_01419", "downnode": "533967_01608", "scenario": "no07", "slot_code": "1545", "hhmm": "15:45", "V_kmh_mean": null, "V_kmh_std": null, "TTT_sec_mean": null, "TTT_sec_std": null, "flow_mean": 0.0, "flow_std": 0.0, "n_runs": 19}}, {"type": "Feature", "geometry": {"type": "LineString", "coordinates": [[139.9535056411, 35.8964672476], [139.95349, 35.896482], [139.953378, 35.89659], [139.95289, 35.89704], [139.952853, 35.897049], [139.952803, 35.89704], [139.952765, 35.897015], [139.9524006867, 35.8967721248]]}, "properties": {"link_id": "533967_01419_01608_1", "road_id": "533967_01419_01608", "upnode": "533967_01608", "downnode": "533967_01419", "scenario": "no07", "slot_code": "1545", "hhmm": "15:45", "V_kmh_mean": null, "V_kmh_std": null, "TTT_sec_mean": null, "TTT_sec_std": null, "flow_mean": 0.0, "flow_std": 0.0, "n_runs": 19}}, {"type": "Feature", "geometry": {"type": "LineString", "coordinates": [[139.9531263873, 35.8958734837], [139.953153, 35.895849], [139.95329, 35.895741], [139.95344, 35.895591], [139.953603, 35.895449], [139.95379, 35.895341], [139.953915, 35.895274], [139.95404, 35.895224], [139.954178, 35.895174], [139.954315, 35.895141], [139.954578, 35.895082], [139.9547305303, 35.8950627882]]}, "properties": {"link_id": "533967_01420_01654_0", "road_id": "533967_01420_01654", "upnode": "533967_01420", "downnode": "533967_01654", "scenario": "no07", "slot_code": "1545", "hhmm": "15:45", "V_kmh_mean": 16.634374576435473, "V_kmh_std": 1.298318583004761, "TTT_sec_mean": 2065.587894736842, "TTT_sec_std": 282.42750223295155, "flow_mean": 42.526315789473685, "flow_std": 5.601273873490561, "n_runs": 19}}, {"type": "Feature", "geometry": {"type": "LineString", "coordinates": [[139.9547305303, 35.8950627882], [139.954578, 35.895082], [139.954315, 35.895141], [139.954178, 35.895174], [139.95404, 35.895224], [139.953915, 35.895274], [139.95379, 35.895341], [139.953603, 35.895449], [139.95344, 35.895591], [139.95329, 35.895741], [139.953153, 35.895849], [139.9531263873, 35.8958734837]]}, "properties": {"link_id": "533967_01420_01654_1", "road_id": "533967_01420_01654", "upnode": "533967_01654", "downnode": "533967_01420", "scenario": "no07", "slot_code": "1545", "hhmm": "15:45", "V_kmh_mean": 20.786327404045043, "V_kmh_std": 1.3859603671944356, "TTT_sec_mean": 2741.394736842105, "TTT_sec_std": 264.86598937258026, "flow_mean": 69.26315789473684, "flow_std": 3.330700714783901, "n_runs": 19}}, {"type": "Feature", "geometry": {"type": "LineString", "coordinates": [[139.9515005552, 35.8980446072], [139.9512804442, 35.897711393]]}, "properties": {"link_id": "533967_01424_01425_0", "road_id": "533967_01424_01425", "upnode": "533967_01424", "downnode": "533967_01425", "scenario": "no07", "slot_code": "1545", "hhmm": "15:45", "V_kmh_mean": null, "V_kmh_std": null, "TTT_sec_mean": null, "TTT_sec_std": null, "flow_mean": 0.0, "flow_std": 0.0, "n_runs": 19}}, {"type": "Feature", "geometry": {"type": "LineString", "coordinates": [[139.9512804442, 35.897711393], [139.9515005552, 35.8980446072]]}, "properties": {"link_id": "533967_01424_01425_1", "road_id": "533967_01424_01425", "upnode": "533967_01425", "downnode": "533967_01424", "scenario": "no07", "slot_code": "1545", "hhmm": "15:45", "V_kmh_mean": null, "V_kmh_std": null, "TTT_sec_mean": null, "TTT_sec_std": null, "flow_mean": 0.0, "flow_std": 0.0, "n_runs": 19}}, {"type": "Feature", "geometry": {"type": "LineString", "coordinates": [[139.9516094145, 35.8982015702], [139.951753, 35.898399], [139.951965, 35.898707], [139.952103, 35.898857], [139.952178, 35.898932], [139.952253101, 35.8989985896]]}, "properties": {"link_id": "533967_01424_01604_0", "road_id": "533967_01424_01604", "upnode": "533967_01424", "downnode": "533967_01604", "scenario": "no07", "slot_code": "1545", "hhmm": "15:45", "V_kmh_mean": null, "V_kmh_std": null, "TTT_sec_mean": null, "TTT_sec_std": null, "flow_mean": 0.0, "flow_std": 0.0, "n_runs": 19}}, {"type": "Feature", "geometry": {"type": "LineString", "coordinates": [[139.952253101, 35.8989985896], [139.952178, 35.898932], [139.952103, 35.898857], [139.951965, 35.898707], [139.951753, 35.898399], [139.9516094145, 35.8982015702]]}, "properties": {"link_id": "533967_01424_01604_1", "road_id": "533967_01424_01604", "upnode": "533967_01604", "downnode": "533967_01424", "scenario": "no07", "slot_code": "1545", "hhmm": "15:45", "V_kmh_mean": null, "V_kmh_std": null, "TTT_sec_mean": null, "TTT_sec_std": null, "flow_mean": 0.0, "flow_std": 0.0, "n_runs": 19}}, {"type": "Feature", "geometry": {"type": "LineString", "coordinates": [[139.951453357, 35.898163384], [139.95109, 35.898307], [139.950953, 35.898349], [139.95049, 35.898449], [139.950465, 35.898474], [139.95044, 35.898507], [139.95044, 35.898549], [139.950453, 35.898624], [139.95061388, 35.8996426016]]}, "properties": {"link_id": "533967_01424_01605_0", "road_id": "533967_01424_01605", "upnode": "533967_01424", "downnode": "533967_01605", "scenario": "no07", "slot_code": "1545", "hhmm": "15:45", "V_kmh_mean": null, "V_kmh_std": null, "TTT_sec_mean": null, "TTT_sec_std": null, "flow_mean": 0.0, "flow_std": 0.0, "n_runs": 19}}, {"type": "Feature", "geometry": {"type": "LineString", "coordinates": [[139.95061388, 35.8996426016], [139.950453, 35.898624], [139.95044, 35.898549], [139.95044, 35.898507], [139.950465, 35.898474], [139.95049, 35.898449], [139.950953, 35.898349], [139.95109, 35.898307], [139.951453357, 35.898163384]]}, "properties": {"link_id": "533967_01424_01605_1", "road_id": "533967_01424_01605", "upnode": "533967_01605", "downnode": "533967_01424", "scenario": "no07", "slot_code": "1545", "hhmm": "15:45", "V_kmh_mean": null, "V_kmh_std": null, "TTT_sec_mean": null, "TTT_sec_std": null, "flow_mean": 0.0, "flow_std": 0.0, "n_runs": 19}}, {"type": "Feature", "geometry": {"type": "LineString", "coordinates": [[139.9457391605, 35.8912907629], [139.945916, 35.891366], [139.946353, 35.891524], [139.9465156467, 35.8915858429]]}, "properties": {"link_id": "533967_01530_13891_0", "road_id": "533967_01530_13891", "upnode": "533967_01530", "downnode": "533967_13891", "scenario": "no07", "slot_code": "1545", "hhmm": "15:45", "V_kmh_mean": 48.46139025428382, "V_kmh_std": 0.6731669440261926, "TTT_sec_mean": 372.2536842105263, "TTT_sec_std": 31.63505759447653, "flow_mean": 42.47368421052632, "flow_std": 3.7322680184310855, "n_runs": 19}}, {"type": "Feature", "geometry": {"type": "LineString", "coordinates": [[139.9465156467, 35.8915858429], [139.946353, 35.891524], [139.945916, 35.891366], [139.9457391605, 35.8912907629]]}, "properties": {"link_id": "533967_01530_13891_1", "road_id": "533967_01530_13891", "upnode": "533967_13891", "downnode": "533967_01530", "scenario": "no07", "slot_code": "1545", "hhmm": "15:45", "V_kmh_mean": 49.43666538385408, "V_kmh_std": 0.3643382311995292, "TTT_sec_mean": 290.9478947368421, "TTT_sec_std": 21.86169012957684, "flow_mean": 34.0, "flow_std": 2.516611478423584, "n_runs": 19}}, {"type": "Feature", "geometry": {"type": "LineString", "coordinates": [[139.947040508, 35.8982715572], [139.947078, 35.89854], [139.9472946716, 35.8994843969]]}, "properties": {"link_id": "533967_01555_01556_0", "road_id": "533967_01555_01556", "upnode": "533967_01555", "downnode": "533967_01556", "scenario": "no07", "slot_code": "1545", "hhmm": "15:45", "V_kmh_mean": null, "V_kmh_std": null, "TTT_sec_mean": null, "TTT_sec_std": null, "flow_mean": 0.0, "flow_std": 0.0, "n_runs": 19}}, {"type": "Feature", "geometry": {"type": "LineString", "coordinates": [[139.9472946716, 35.8994843969], [139.947078, 35.89854], [139.947040508, 35.8982715572]]}, "properties": {"link_id": "533967_01555_01556_1", "road_id": "533967_01555_01556", "upnode": "533967_01556", "downnode": "533967_01555", "scenario": "no07", "slot_code": "1545", "hhmm": "15:45", "V_kmh_mean": null, "V_kmh_std": null, "TTT_sec_mean": null, "TTT_sec_std": null, "flow_mean": 0.0, "flow_std": 0.0, "n_runs": 19}}, {"type": "Feature", "geometry": {"type": "LineString", "coordinates": [[139.9470369138, 35.8980921586], [139.947066, 35.897799], [139.947091, 35.897632], [139.947203, 35.897382], [139.947291, 35.897307], [139.948703, 35.896807], [139.94894, 35.89674], [139.94919, 35.896674], [139.9492942963, 35.8966573518]]}, "properties": {"link_id": "533967_01555_13718_0", "road_id": "533967_01555_13718", "upnode": "533967_01555", "downnode": "533967_13718", "scenario": "no07", "slot_code": "1545", "hhmm": "15:45", "V_kmh_mean": null, "V_kmh_std": null, "TTT_sec_mean": null, "TTT_sec_std": null, "flow_mean": 0.0, "flow_std": 0.0, "n_runs": 19}}, {"type": "Feature", "geometry": {"type": "LineString", "coordinates": [[139.9492942963, 35.8966573518], [139.94919, 35.896674], [139.94894, 35.89674], [139.948703, 35.896807], [139.947291, 35.897307], [139.947203, 35.897382], [139.947091, 35.897632], [139.947066, 35.897799], [139.9470369138, 35.8980921586]]}, "properties": {"link_id": "533967_01555_13718_1", "road_id": "533967_01555_13718", "upnode": "533967_13718", "downnode": "533967_01555", "scenario": "no07", "slot_code": "1545", "hhmm": "15:45", "V_kmh_mean": null, "V_kmh_std": null, "TTT_sec_mean": null, "TTT_sec_std": null, "flow_mean": 0.0, "flow_std": 0.0, "n_runs": 19}}, {"type": "Feature", "geometry": {"type": "LineString", "coordinates": [[139.9469173043, 35.8981785288], [139.946741, 35.898173], [139.946566, 35.898165], [139.946416, 35.89814], [139.946278, 35.898107], [139.946153, 35.898065], [139.946053, 35.898023], [139.9459496865, 35.8979759924]]}, "properties": {"link_id": "533967_01555_14156_0", "road_id": "533967_01555_14156", "upnode": "533967_01555", "downnode": "533967_14156", "scenario": "no07", "slot_code": "1545", "hhmm": "15:45", "V_kmh_mean": 47.2399060575399, "V_kmh_std": 2.5850469071531266, "TTT_sec_mean": 310.3078947368421, "TTT_sec_std": 39.91230993328407, "flow_mean": 27.73684210526316, "flow_std": 2.825324077048662, "n_runs": 19}}, {"type": "Feature", "geometry": {"type": "LineString", "coordinates": [[139.9459496865, 35.8979759924], [139.946053, 35.898023], [139.946153, 35.898065], [139.946278, 35.898107], [139.946416, 35.89814], [139.946566, 35.898165], [139.946741, 35.898173], [139.9469173043, 35.8981785288]]}, "properties": {"link_id": "533967_01555_14156_1", "road_id": "533967_01555_14156", "upnode": "533967_14156", "downnode": "533967_01555", "scenario": "no07", "slot_code": "1545", "hhmm": "15:45", "V_kmh_mean": 40.87308658229417, "V_kmh_std": 4.559994352413419, "TTT_sec_mean": 603.7357894736842, "TTT_sec_std": 87.93276082172672, "flow_mean": 46.26315789473684, "flow_std": 4.344116139013754, "n_runs": 19}}, {"type": "Feature", "geometry": {"type": "LineString", "coordinates": [[139.9473331774, 35.8996619119], [139.947453, 35.900248], [139.947515, 35.900548], [139.94754, 35.900715], [139.9475483172, 35.900874947]]}, "properties": {"link_id": "533967_01556_01656_0", "road_id": "533967_01556_01656", "upnode": "533967_01556", "downnode": "533967_01656", "scenario": "no07", "slot_code": "1545", "hhmm": "15:45", "V_kmh_mean": null, "V_kmh_std": null, "TTT_sec_mean": null, "TTT_sec_std": null, "flow_mean": 0.0, "flow_std": 0.0, "n_runs": 19}}, {"type": "Feature", "geometry": {"type": "LineString", "coordinates": [[139.9475483172, 35.900874947], [139.94754, 35.900715], [139.947515, 35.900548], [139.947453, 35.900248], [139.9473331774, 35.8996619119]]}, "properties": {"link_id": "533967_01556_01656_1", "road_id": "533967_01556_01656", "upnode": "533967_01656", "downnode": "533967_01556", "scenario": "no07", "slot_code": "1545", "hhmm": "15:45", "V_kmh_mean": null, "V_kmh_std": null, "TTT_sec_mean": null, "TTT_sec_std": null, "flow_mean": 0.0, "flow_std": 0.0, "n_runs": 19}}, {"type": "Feature", "geometry": {"type": "LineString", "coordinates": [[139.9474239703, 35.8995892246], [139.9476560296, 35.8996237757]]}, "properties": {"link_id": "533967_01556_88302_0", "road_id": "533967_01556_88302", "upnode": "533967_01556", "downnode": "533967_88302", "scenario": "no07", "slot_code": "1545", "hhmm": "15:45", "V_kmh_mean": null, "V_kmh_std": null, "TTT_sec_mean": null, "TTT_sec_std": null, "flow_mean": 0.0, "flow_std": 0.0, "n_runs": 19}}, {"type": "Feature", "geometry": {"type": "LineString", "coordinates": [[139.9476560296, 35.8996237757], [139.9474239703, 35.8995892246]]}, "properties": {"link_id": "533967_01556_88302_1", "road_id": "533967_01556_88302", "upnode": "533967_88302", "downnode": "533967_01556", "scenario": "no07", "slot_code": "1545", "hhmm": "15:45", "V_kmh_mean": null, "V_kmh_std": null, "TTT_sec_mean": null, "TTT_sec_std": null, "flow_mean": 0.0, "flow_std": 0.0, "n_runs": 19}}, {"type": "Feature", "geometry": {"type": "LineString", "coordinates": [[139.9548840221, 35.8963114986], [139.955002, 35.896432], [139.955015, 35.896457], [139.955027, 35.896482], [139.95504, 35.896507], [139.95504, 35.896532], [139.955027, 35.896557], [139.955002, 35.896582], [139.954927, 35.896674], [139.95474, 35.896932], [139.9544995374, 35.897238991]]}, "properties": {"link_id": "533967_01602_01603_0", "road_id": "533967_01602_01603", "upnode": "533967_01602", "downnode": "533967_01603", "scenario": "no07", "slot_code": "1545", "hhmm": "15:45", "V_kmh_mean": null, "V_kmh_std": null, "TTT_sec_mean": null, "TTT_sec_std": null, "flow_mean": 0.0, "flow_std": 0.0, "n_runs": 19}}, {"type": "Feature", "geometry": {"type": "LineString", "coordinates": [[139.9544995374, 35.897238991], [139.95474, 35.896932], [139.954927, 35.896674], [139.955002, 35.896582], [139.955027, 35.896557], [139.95504, 35.896532], [139.95504, 35.896507], [139.955027, 35.896482], [139.955015, 35.896457], [139.955002, 35.896432], [139.9548840221, 35.8963114986]]}, "properties": {"link_id": "533967_01602_01603_1", "road_id": "533967_01602_01603", "upnode": "533967_01603", "downnode": "533967_01602", "scenario": "no07", "slot_code": "1545", "hhmm": "15:45", "V_kmh_mean": null, "V_kmh_std": null, "TTT_sec_mean": null, "TTT_sec_std": null, "flow_mean": 0.0, "flow_std": 0.0, "n_runs": 19}}, {"type": "Feature", "geometry": {"type": "LineString", "coordinates": [[139.9547493157, 35.896168421], [139.954453, 35.895841], [139.954403, 35.895807], [139.954365, 35.895799], [139.954328, 35.895799], [139.95429, 35.895807], [139.95424, 35.895832], [139.954165, 35.895866], [139.954103, 35.895907], [139.953965, 35.896016], [139.953648351, 35.8963293765]]}, "properties": {"link_id": "533967_01602_01608_0", "road_id": "533967_01602_01608", "upnode": "533967_01602", "downnode": "533967_01608", "scenario": "no07", "slot_code": "1545", "hhmm": "15:45", "V_kmh_mean": null, "V_kmh_std": null, "TTT_sec_mean": null, "TTT_sec_std": null, "flow_mean": 0.0, "flow_std": 0.0, "n_runs": 19}}, {"type": "Feature", "geometry": {"type": "LineString", "coordinates": [[139.953648351, 35.8963293765], [139.953965, 35.896016], [139.954103, 35.895907], [139.954165, 35.895866], [139.95424, 35.895832], [139.95429, 35.895807], [139.954328, 35.895799], [139.954365, 35.895799], [139.954403, 35.895807], [139.954453, 35.895841], [139.9547493157, 35.896168421]]}, "properties": {"link_id": "533967_01602_01608_1", "road_id": "533967_01602_01608", "upnode": "533967_01608", "downnode": "533967_01602", "scenario": "no07", "slot_code": "1545", "hhmm": "15:45", "V_kmh_mean": null, "V_kmh_std": null, "TTT_sec_mean": null, "TTT_sec_std": null, "flow_mean": 0.0, "flow_std": 0.0, "n_runs": 19}}, {"type": "Feature", "geometry": {"type": "LineString", "coordinates": [[139.9543797007, 35.8973906104], [139.953928, 35.897957], [139.953815, 35.89809], [139.9528751626, 35.8992723168]]}, "properties": {"link_id": "533967_01603_01606_0", "road_id": "533967_01603_01606", "upnode": "533967_01603", "downnode": "533967_01606", "scenario": "no07", "slot_code": "1545", "hhmm": "15:45", "V_kmh_mean": null, "V_kmh_std": null, "TTT_sec_mean": null, "TTT_sec_std": null, "flow_mean": 0.0, "flow_std": 0.0, "n_runs": 19}}, {"type": "Feature", "geometry": {"type": "LineString", "coordinates": [[139.9528751626, 35.8992723168], [139.953815, 35.89809], [139.953928, 35.897957], [139.9543797007, 35.8973906104]]}, "properties": {"link_id": "533967_01603_01606_1", "road_id": "533967_01603_01606", "upnode": "533967_01606", "downnode": "533967_01603", "scenario": "no07", "slot_code": "1545", "hhmm": "15:45", "V_kmh_mean": null, "V_kmh_std": null, "TTT_sec_mean": null, "TTT_sec_std": null, "flow_mean": 0.0, "flow_std": 0.0, "n_runs": 19}}, {"type": "Feature", "geometry": {"type": "LineString", "coordinates": [[139.9543461083, 35.8972671685], [139.954228, 35.897207], [139.954153, 35.89714], [139.954065, 35.897015], [139.953978, 35.896874], [139.953865, 35.896657], [139.953765, 35.896549], [139.9536568865, 35.8964622781]]}, "properties": {"link_id": "533967_01603_01608_0", "road_id": "533967_01603_01608", "upnode": "533967_01603", "downnode": "533967_01608", "scenario": "no07", "slot_code": "1545", "hhmm": "15:45", "V_kmh_mean": null, "V_kmh_std": null, "TTT_sec_mean": null, "TTT_sec_std": null, "flow_mean": 0.0, "flow_std": 0.0, "n_runs": 19}}, {"type": "Feature", "geometry": {"type": "LineString", "coordinates": [[139.9536568865, 35.8964622781], [139.953765, 35.896549], [139.953865, 35.896657], [139.953978, 35.896874], [139.954065, 35.897015], [139.954153, 35.89714], [139.954228, 35.897207], [139.9543461083, 35.8972671685]]}, "properties": {"link_id": "533967_01603_01608_1", "road_id": "533967_01603_01608", "upnode": "533967_01608", "downnode": "533967_01603", "scenario": "no07", "slot_code": "1545", "hhmm": "15:45", "V_kmh_mean": null, "V_kmh_std": null, "TTT_sec_mean": null, "TTT_sec_std": null, "flow_mean": 0.0, "flow_std": 0.0, "n_runs": 19}}, {"type": "Feature", "geometry": {"type": "LineString", "coordinates": [[139.9522512957, 35.899130032], [139.95219, 35.899182], [139.952065, 35.899273], [139.951865, 35.899398], [139.951753, 35.899457], [139.951503, 35.899565], [139.951428, 35.89959], [139.951165, 35.899665], [139.950915, 35.899707], [139.9507381506, 35.8997224051]]}, "properties": {"link_id": "533967_01604_01605_0", "road_id": "533967_01604_01605", "upnode": "533967_01604", "downnode": "533967_01605", "scenario": "no07", "slot_code": "1545", "hhmm": "15:45", "V_kmh_mean": null, "V_kmh_std": null, "TTT_sec_mean": null, "TTT_sec_std": null, "flow_mean": 0.0, "flow_std": 0.0, "n_runs": 19}}, {"type": "Feature", "geometry": {"type": "LineString", "coordinates": [[139.9507381506, 35.8997224051], [139.950915, 35.899707], [139.951165, 35.899665], [139.951428, 35.89959], [139.951503, 35.899565], [139.951753, 35.899457], [139.951865, 35.899398], [139.952065, 35.899273], [139.95219, 35.899182], [139.9522512957, 35.899130032]]}, "properties": {"link_id": "533967_01604_01605_1", "road_id": "533967_01604_01605", "upnode": "533967_01605", "downnode": "533967_01604", "scenario": "no07", "slot_code": "1545", "hhmm": "15:45", "V_kmh_mean": null, "V_kmh_std": null, "TTT_sec_mean": null, "TTT_sec_std": null, "flow_mean": 0.0, "flow_std": 0.0, "n_runs": 19}}, {"type": "Feature", "geometry": {"type": "LineString", "coordinates": [[139.9524136884, 35.8991221256], [139.95249, 35.899173], [139.952765, 35.899315], [139.95279, 35.8993315]]}, "properties": {"link_id": "533967_01604_01606_0", "road_id": "533967_01604_01606", "upnode": "533967_01604", "downnode": "533967_01606", "scenario": "no07", "slot_code": "1545", "hhmm": "15:45", "V_kmh_mean": null, "V_kmh_std": null, "TTT_sec_mean": null, "TTT_sec_std": null, "flow_mean": 0.0, "flow_std": 0.0, "n_runs": 19}}, {"type": "Feature", "geometry": {"type": "LineString", "coordinates": [[139.95279, 35.8993315], [139.952765, 35.899315], [139.95249, 35.899173], [139.9524136884, 35.8991221256]]}, "properties": {"link_id": "533967_01604_01606_1", "road_id": "533967_01604_01606", "upnode": "533967_01606", "downnode": "533967_01604", "scenario": "no07", "slot_code": "1545", "hhmm": "15:45", "V_kmh_mean": null, "V_kmh_std": null, "TTT_sec_mean": null, "TTT_sec_std": null, "flow_mean": 0.0, "flow_std": 0.0, "n_runs": 19}}, {"type": "Feature", "geometry": {"type": "LineString", "coordinates": [[139.9506421272, 35.8998213977], [139.9507388726, 35.9004336023]]}, "properties": {"link_id": "533967_01605_01607_0", "road_id": "533967_01605_01607", "upnode": "533967_01605", "downnode": "533967_01607", "scenario": "no07", "slot_code": "1545", "hhmm": "15:45", "V_kmh_mean": null, "V_kmh_std": null, "TTT_sec_mean": null, "TTT_sec_std": null, "flow_mean": 0.0, "flow_std": 0.0, "n_runs": 19}}, {"type": "Feature", "geometry": {"type": "LineString", "coordinates": [[139.9507388726, 35.9004336023], [139.9506421272, 35.8998213977]]}, "properties": {"link_id": "533967_01605_01607_1", "road_id": "533967_01605_01607", "upnode": "533967_01607", "downnode": "533967_01605", "scenario": "no07", "slot_code": "1545", "hhmm": "15:45", "V_kmh_mean": null, "V_kmh_std": null, "TTT_sec_mean": null, "TTT_sec_std": null, "flow_mean": 0.0, "flow_std": 0.0, "n_runs": 19}}, {"type": "Feature", "geometry": {"type": "LineString", "coordinates": [[139.9527565808, 35.899424582], [139.952503, 35.899757], [139.952228, 35.90009], [139.952065, 35.900298], [139.951828, 35.900582], [139.951465, 35.900982], [139.951365, 35.901082], [139.951315, 35.901115], [139.951278, 35.901123], [139.951028, 35.901132], [139.95099, 35.901123], [139.950965, 35.901098], [139.950903, 35.900957], [139.9507829889, 35.9006097682]]}, "properties": {"link_id": "533967_01606_01607_0", "road_id": "533967_01606_01607", "upnode": "533967_01606", "downnode": "533967_01607", "scenario": "no07", "slot_code": "1545", "hhmm": "15:45", "V_kmh_mean": null, "V_kmh_std": null, "TTT_sec_mean": null, "TTT_sec_std": null, "flow_mean": 0.0, "flow_std": 0.0, "n_runs": 19}}, {"type": "Feature", "geometry": {"type": "LineString", "coordinates": [[139.9507829889, 35.9006097682], [139.950903, 35.900957], [139.950965, 35.901098], [139.95099, 35.901123], [139.951028, 35.901132], [139.951278, 35.901123], [139.951315, 35.901115], [139.951365, 35.901082], [139.951465, 35.900982], [139.951828, 35.900582], [139.952065, 35.900298], [139.952228, 35.90009], [139.952503, 35.899757], [139.9527565808, 35.899424582]]}, "properties": {"link_id": "533967_01606_01607_1", "road_id": "533967_01606_01607", "upnode": "533967_01607", "downnode": "533967_01606", "scenario": "no07", "slot_code": "1545", "hhmm": "15:45", "V_kmh_mean": null, "V_kmh_std": null, "TTT_sec_mean": null, "TTT_sec_std": null, "flow_mean": 0.0, "flow_std": 0.0, "n_runs": 19}}, {"type": "Feature", "geometry": {"type": "LineString", "coordinates": [[139.9529087545, 35.8993960124], [139.953352, 35.899623], [139.9533545067, 35.8996246806]]}, "properties": {"link_id": "533967_01606_01609_0", "road_id": "533967_01606_01609", "upnode": "533967_01606", "downnode": "533967_01609", "scenario": "no07", "slot_code": "1545", "hhmm": "15:45", "V_kmh_mean": null, "V_kmh_std": null, "TTT_sec_mean": null, "TTT_sec_std": null, "flow_mean": 0.0, "flow_std": 0.0, "n_runs": 19}}, {"type": "Feature", "geometry": {"type": "LineString", "coordinates": [[139.9533545067, 35.8996246806], [139.953352, 35.899623], [139.9529087545, 35.8993960124]]}, "properties": {"link_id": "533967_01606_01609_1", "road_id": "533967_01606_01609", "upnode": "533967_01609", "downnode": "533967_01606", "scenario": "no07", "slot_code": "1545", "hhmm": "15:45", "V_kmh_mean": null, "V_kmh_std": null, "TTT_sec_mean": null, "TTT_sec_std": null, "flow_mean": 0.0, "flow_std": 0.0, "n_runs": 19}}, {"type": "Feature", "geometry": {"type": "LineString", "coordinates": [[139.9548671711, 35.8951363801], [139.954928, 35.895332], [139.954965, 35.895441], [139.955028, 35.895574], [139.955103, 35.895691], [139.955178, 35.895782], [139.955277, 35.895882], [139.955377, 35.895974], [139.955452, 35.896032], [139.955552, 35.896099], [139.955627, 35.896149], [139.955702, 35.896191], [139.9559576202, 35.8963188103]]}, "properties": {"link_id": "533967_01654_01655_0", "road_id": "533967_01654_01655", "upnode": "533967_01654", "downnode": "533967_01655", "scenario": "no07", "slot_code": "1545", "hhmm": "15:45", "V_kmh_mean": 44.751377842697, "V_kmh_std": 0.2716550399778183, "TTT_sec_mean": 1479.0410526315789, "TTT_sec_std": 86.2473360551396, "flow_mean": 94.57894736842104, "flow_std": 5.58087796232899, "n_runs": 19}}, {"type": "Feature", "geometry": {"type": "LineString", "coordinates": [[139.9547637648, 35.8944137071], [139.9548292351, 35.894959293]]}, "properties": {"link_id": "533967_01654_01658_1", "road_id": "533967_01654_01658", "upnode": "533967_01658", "downnode": "533967_01654", "scenario": "no07", "slot_code": "1545", "hhmm": "15:45", "V_kmh_mean": 22.996329970620685, "V_kmh_std": 1.972561611281775, "TTT_sec_mean": 1760.1547368421054, "TTT_sec_std": 211.0329242182214, "flow_mean": 105.63157894736842, "flow_std": 7.595397190373403, "n_runs": 19}}, {"type": "Feature", "geometry": {"type": "LineString", "coordinates": [[139.95488075, 35.89504475], [139.95496225, 35.89503625]]}, "properties": {"link_id": "533967_01654_01661_0", "road_id": "533967_01654_01661", "upnode": "533967_01654", "downnode": "533967_01661", "scenario": "no07", "slot_code": "1545", "hhmm": "15:45", "V_kmh_mean": 31.75019282226096, "V_kmh_std": 1.051743844549547, "TTT_sec_mean": 200.82473684210527, "TTT_sec_std": 27.07255998411616, "flow_mean": 38.31578947368421, "flow_std": 4.4727897282586815, "n_runs": 19}}, {"type": "Feature", "geometry": {"type": "LineString", "coordinates": [[139.95496225, 35.89503625], [139.95488075, 35.89504475]]}, "properties": {"link_id": "533967_01654_01661_1", "road_id": "533967_01654_01661", "upnode": "533967_01661", "downnode": "533967_01654", "scenario": "no07", "slot_code": "1545", "hhmm": "15:45", "V_kmh_mean": 26.34778210043662, "V_kmh_std": 2.7903763836801283, "TTT_sec_mean": 378.8757894736842, "TTT_sec_std": 54.18412091253606, "flow_mean": 59.47368421052632, "flow_std": 3.339468039018449, "n_runs": 19}}, {"type": "Feature", "geometry": {"type": "LineString", "coordinates": [[139.9476637818, 35.9009650002], [139.9478922182, 35.9009650002]]}, "properties": {"link_id": "533967_01656_87767_0", "road_id": "533967_01656_87767", "upnode": "533967_01656", "downnode": "533967_87767", "scenario": "no07", "slot_code": "1545", "hhmm": "15:45", "V_kmh_mean": null, "V_kmh_std": null, "TTT_sec_mean": null, "TTT_sec_std": null, "flow_mean": 0.0, "flow_std": 0.0, "n_runs": 19}}, {"type": "Feature", "geometry": {"type": "LineString", "coordinates": [[139.9478922182, 35.9009650002], [139.9476637818, 35.9009650002]]}, "properties": {"link_id": "533967_01656_87767_1", "road_id": "533967_01656_87767", "upnode": "533967_87767", "downnode": "533967_01656", "scenario": "no07", "slot_code": "1545", "hhmm": "15:45", "V_kmh_mean": null, "V_kmh_std": null, "TTT_sec_mean": null, "TTT_sec_std": null, "flow_mean": 0.0, "flow_std": 0.0, "n_runs": 19}}, {"type": "Feature", "geometry": {"type": "LineString", "coordinates": [[139.9547905, 35.89431975], [139.9548655, 35.89431125]]}, "properties": {"link_id": "533967_01658_01659_0", "road_id": "533967_01658_01659", "upnode": "533967_01658", "downnode": "533967_01659", "scenario": "no07", "slot_code": "1545", "hhmm": "15:45", "V_kmh_mean": null, "V_kmh_std": null, "TTT_sec_mean": null, "TTT_sec_std": null, "flow_mean": 0.0, "flow_std": 0.0, "n_runs": 19}}, {"type": "Feature", "geometry": {"type": "LineString", "coordinates": [[139.9548655, 35.89431125], [139.9547905, 35.89431975]]}, "properties": {"link_id": "533967_01658_01659_1", "road_id": "533967_01658_01659", "upnode": "533967_01659", "downnode": "533967_01658", "scenario": "no07", "slot_code": "1545", "hhmm": "15:45", "V_kmh_mean": null, "V_kmh_std": null, "TTT_sec_mean": null, "TTT_sec_std": null, "flow_mean": 0.0, "flow_std": 0.0, "n_runs": 19}}, {"type": "Feature", "geometry": {"type": "LineString", "coordinates": [[139.9549913147, 35.8949423692], [139.954915, 35.894357], [139.954909, 35.894332]]}, "properties": {"link_id": "533967_01659_01661_1", "road_id": "533967_01659_01661", "upnode": "533967_01661", "downnode": "533967_01659", "scenario": "no07", "slot_code": "1545", "hhmm": "15:45", "V_kmh_mean": 44.2893746103508, "V_kmh_std": 1.2084836226468314, "TTT_sec_mean": 514.0073684210525, "TTT_sec_std": 33.145079883262234, "flow_mean": 64.63157894736842, "flow_std": 4.112454340385355, "n_runs": 19}}, {"type": "Feature", "geometry": {"type": "LineString", "coordinates": [[139.9551413903, 35.8950037903], [139.9551910741, 35.8949878431], [139.9552354986, 35.8949470596], [139.9552539231, 35.8948739986], [139.9552789231, 35.8948319986], [139.9553039231, 35.8947739986], [139.9553289231, 35.8946489986], [139.955375914, 35.8944943976]]}, "properties": {"link_id": "533967_01661_13315_0", "road_id": "533967_01661_13315", "upnode": "533967_01661", "downnode": "533967_13315", "scenario": "no07", "slot_code": "1545", "hhmm": "15:45", "V_kmh_mean": 18.000820970357424, "V_kmh_std": 0.1703145278086486, "TTT_sec_mean": 519.0278947368421, "TTT_sec_std": 61.05549284407382, "flow_mean": 38.89473684210526, "flow_std": 4.4583845709467615, "n_runs": 19}}, {"type": "Feature", "geometry": {"type": "LineString", "coordinates": [[139.955375914, 35.8944943976], [139.9553289231, 35.8946489986], [139.9553039231, 35.8947739986], [139.9552789231, 35.8948319986], [139.9552539231, 35.8948739986], [139.9552354986, 35.8949470596], [139.9551910741, 35.8949878431], [139.9551413903, 35.8950037903]]}, "properties": {"link_id": "533967_01661_13315_1", "road_id": "533967_01661_13315", "upnode": "533967_13315", "downnode": "533967_01661", "scenario": "no07", "slot_code": "1545", "hhmm": "15:45", "V_kmh_mean": 6.533713808720172, "V_kmh_std": 1.099677408903764, "TTT_sec_mean": 878.3068421052633, "TTT_sec_std": 167.8073238056284, "flow_mean": 18.84210526315789, "flow_std": 1.424513870091082, "n_runs": 19}}, {"type": "Feature", "geometry": {"type": "LineString", "coordinates": [[139.9422413516, 35.8899711566], [139.9423036483, 35.8899948436]]}, "properties": {"link_id": "533967_10598_11494_0", "road_id": "533967_10598_11494", "upnode": "533967_10598", "downnode": "533967_11494", "scenario": "no07", "slot_code": "1545", "hhmm": "15:45", "V_kmh_mean": 57.35999999999999, "V_kmh_std": 6.2663979156823534e-15, "TTT_sec_mean": 47.68421052631579, "TTT_sec_std": 1.9735087641318616, "flow_mean": 15.894736842105264, "flow_std": 0.6578362547106202, "n_runs": 19}}, {"type": "Feature", "geometry": {"type": "LineString", "coordinates": [[139.9423036483, 35.8899948436], [139.9422413516, 35.8899711566]]}, "properties": {"link_id": "533967_10598_11494_1", "road_id": "533967_10598_11494", "upnode": "533967_11494", "downnode": "533967_10598", "scenario": "no07", "slot_code": "1545", "hhmm": "15:45", "V_kmh_mean": 49.64133348112457, "V_kmh_std": 1.104683575244187, "TTT_sec_mean": 48.72368421052632, "TTT_sec_std": 6.180012774641881, "flow_mean": 15.842105263157896, "flow_std": 2.007296631313337, "n_runs": 19}}, {"type": "Feature", "geometry": {"type": "LineString", "coordinates": [[139.94209425, 35.88991425], [139.94200075, 35.88987675]]}, "properties": {"link_id": "533967_10598_13108_0", "road_id": "533967_10598_13108", "upnode": "533967_10598", "downnode": "533967_13108", "scenario": "no07", "slot_code": "1545", "hhmm": "15:45", "V_kmh_mean": 49.9117028169764, "V_kmh_std": 1.15274401156712, "TTT_sec_mean": 48.73105263157895, "TTT_sec_std": 6.57430088783155, "flow_mean": 15.842105263157896, "flow_std": 2.007296631313337, "n_runs": 19}}, {"type": "Feature", "geometry": {"type": "LineString", "coordinates": [[139.94200075, 35.88987675], [139.94209425, 35.88991425]]}, "properties": {"link_id": "533967_10598_13108_1", "road_id": "533967_10598_13108", "upnode": "533967_13108", "downnode": "533967_10598", "scenario": "no07", "slot_code": "1545", "hhmm": "15:45", "V_kmh_mean": 51.120000000000005, "V_kmh_std": 2.9007785717557725e-15, "TTT_sec_mean": 47.68421052631579, "TTT_sec_std": 2.2124052165246013, "flow_mean": 15.894736842105264, "flow_std": 0.7374684055082, "n_runs": 19}}, {"type": "Feature", "geometry": {"type": "LineString", "coordinates": [[139.9411053257, 35.8921527359], [139.940979, 35.892157], [139.940591, 35.892182], [139.9401246885, 35.8922566101]]}, "properties": {"link_id": "533967_11501_11503_0", "road_id": "533967_11501_11503", "upnode": "533967_11501", "downnode": "533967_11503", "scenario": "no07", "slot_code": "1545", "hhmm": "15:45", "V_kmh_mean": 29.65919453329003, "V_kmh_std": 0.0768347365143929, "TTT_sec_mean": 838.9247368421053, "TTT_sec_std": 78.54045605563354, "flow_mean": 50.526315789473685, "flow_std": 4.765249451936519, "n_runs": 19}}, {"type": "Feature", "geometry": {"type": "LineString", "coordinates": [[139.9401246885, 35.8922566101], [139.940591, 35.892182], [139.940979, 35.892157], [139.9411053257, 35.8921527359]]}, "properties": {"link_id": "533967_11501_11503_1", "road_id": "533967_11501_11503", "upnode": "533967_11503", "downnode": "533967_11501", "scenario": "no07", "slot_code": "1545", "hhmm": "15:45", "V_kmh_mean": 30.302513202709275, "V_kmh_std": 0.1325803748731989, "TTT_sec_mean": 681.3031578947368, "TTT_sec_std": 58.81272793580882, "flow_mean": 42.1578947368421, "flow_std": 3.516045093484327, "n_runs": 19}}, {"type": "Feature", "geometry": {"type": "LineString", "coordinates": [[139.9413260846, 35.8921590078], [139.941491, 35.892174], [139.941704, 35.892216], [139.9427258381, 35.8925411722]]}, "properties": {"link_id": "533967_11501_11504_0", "road_id": "533967_11501_11504", "upnode": "533967_11501", "downnode": "533967_11504", "scenario": "no07", "slot_code": "1545", "hhmm": "15:45", "V_kmh_mean": 29.345349777590293, "V_kmh_std": 0.0842134051076214, "TTT_sec_mean": 919.8605263157892, "TTT_sec_std": 66.44487443434963, "flow_mean": 42.10526315789474, "flow_std": 3.107244882566213, "n_runs": 19}}, {"type": "Feature", "geometry": {"type": "LineString", "coordinates": [[139.9427258381, 35.8925411722], [139.941704, 35.892216], [139.941491, 35.892174], [139.9413260846, 35.8921590078]]}, "properties": {"link_id": "533967_11501_11504_1", "road_id": "533967_11501_11504", "upnode": "533967_11504", "downnode": "533967_11501", "scenario": "no07", "slot_code": "1545", "hhmm": "15:45", "V_kmh_mean": 30.10505744489928, "V_kmh_std": 0.0577135171241473, "TTT_sec_mean": 1030.296842105263, "TTT_sec_std": 100.9940131367879, "flow_mean": 48.1578947368421, "flow_std": 4.693531694372786, "n_runs": 19}}, {"type": "Feature", "geometry": {"type": "LineString", "coordinates": [[139.9360638546, 35.8928948243], [139.9360071452, 35.8927191757]]}, "properties": {"link_id": "533967_11505_85937_0", "road_id": "533967_11505_85937", "upnode": "533967_11505", "downnode": "533967_85937", "scenario": "no07", "slot_code": "1545", "hhmm": "15:45", "V_kmh_mean": null, "V_kmh_std": null, "TTT_sec_mean": null, "TTT_sec_std": null, "flow_mean": 0.0, "flow_std": 0.0, "n_runs": 19}}, {"type": "Feature", "geometry": {"type": "LineString", "coordinates": [[139.9360071452, 35.8927191757], [139.9360638546, 35.8928948243]]}, "properties": {"link_id": "533967_11505_85937_1", "road_id": "533967_11505_85937", "upnode": "533967_85937", "downnode": "533967_11505", "scenario": "no07", "slot_code": "1545", "hhmm": "15:45", "V_kmh_mean": null, "V_kmh_std": null, "TTT_sec_mean": null, "TTT_sec_std": null, "flow_mean": 0.0, "flow_std": 0.0, "n_runs": 19}}, {"type": "Feature", "geometry": {"type": "LineString", "coordinates": [[139.9404178289, 35.8990174923], [139.941653, 35.899448], [139.941953, 35.899065], [139.942016, 35.899048], [139.943228, 35.899615], [139.9433099533, 35.8996580841]]}, "properties": {"link_id": "533967_11513_88894_0", "road_id": "533967_11513_88894", "upnode": "533967_11513", "downnode": "533967_88894", "scenario": "no07", "slot_code": "1545", "hhmm": "15:45", "V_kmh_mean": null, "V_kmh_std": null, "TTT_sec_mean": null, "TTT_sec_std": null, "flow_mean": 0.0, "flow_std": 0.0, "n_runs": 19}}, {"type": "Feature", "geometry": {"type": "LineString", "coordinates": [[139.9433099533, 35.8996580841], [139.943228, 35.899615], [139.942016, 35.899048], [139.941953, 35.899065], [139.941653, 35.899448], [139.9404178289, 35.8990174923]]}, "properties": {"link_id": "533967_11513_88894_1", "road_id": "533967_11513_88894", "upnode": "533967_88894", "downnode": "533967_11513", "scenario": "no07", "slot_code": "1545", "hhmm": "15:45", "V_kmh_mean": null, "V_kmh_std": null, "TTT_sec_mean": null, "TTT_sec_std": null, "flow_mean": 0.0, "flow_std": 0.0, "n_runs": 19}}, {"type": "Feature", "geometry": {"type": "LineString", "coordinates": [[139.9436370961, 35.9043772702], [139.942853, 35.905006], [139.9418170665, 35.9058984689]]}, "properties": {"link_id": "533967_11518_13596_0", "road_id": "533967_11518_13596", "upnode": "533967_11518", "downnode": "533967_13596", "scenario": "no07", "slot_code": "1545", "hhmm": "15:45", "V_kmh_mean": null, "V_kmh_std": null, "TTT_sec_mean": null, "TTT_sec_std": null, "flow_mean": 0.0, "flow_std": 0.0, "n_runs": 19}}, {"type": "Feature", "geometry": {"type": "LineString", "coordinates": [[139.9418170665, 35.9058984689], [139.942853, 35.905006], [139.9436370961, 35.9043772702]]}, "properties": {"link_id": "533967_11518_13596_1", "road_id": "533967_11518_13596", "upnode": "533967_13596", "downnode": "533967_11518", "scenario": "no07", "slot_code": "1545", "hhmm": "15:45", "V_kmh_mean": null, "V_kmh_std": null, "TTT_sec_mean": null, "TTT_sec_std": null, "flow_mean": 0.0, "flow_std": 0.0, "n_runs": 19}}, {"type": "Feature", "geometry": {"type": "LineString", "coordinates": [[139.9503305633, 35.9016960079], [139.950315, 35.901698], [139.950228, 35.90169], [139.949478, 35.90144], [139.949103, 35.901323], [139.948765, 35.901232], [139.948228, 35.901107], [139.948003, 35.90109], [139.94779, 35.901107], [139.947503, 35.901173], [139.946965, 35.901315], [139.946765, 35.901356], [139.9461266104, 35.9013849793]]}, "properties": {"link_id": "533967_12969_87770_0", "road_id": "533967_12969_87770", "upnode": "533967_12969", "downnode": "533967_87770", "scenario": "no07", "slot_code": "1545", "hhmm": "15:45", "V_kmh_mean": null, "V_kmh_std": null, "TTT_sec_mean": null, "TTT_sec_std": null, "flow_mean": 0.0, "flow_std": 0.0, "n_runs": 19}}, {"type": "Feature", "geometry": {"type": "LineString", "coordinates": [[139.9461266104, 35.9013849793], [139.946765, 35.901356], [139.946965, 35.901315], [139.947503, 35.901173], [139.94779, 35.901107], [139.948003, 35.90109], [139.948228, 35.901107], [139.948765, 35.901232], [139.949103, 35.901323], [139.949478, 35.90144], [139.950228, 35.90169], [139.950315, 35.901698], [139.9503305633, 35.9016960079]]}, "properties": {"link_id": "533967_12969_87770_1", "road_id": "533967_12969_87770", "upnode": "533967_87770", "downnode": "533967_12969", "scenario": "no07", "slot_code": "1545", "hhmm": "15:45", "V_kmh_mean": null, "V_kmh_std": null, "TTT_sec_mean": null, "TTT_sec_std": null, "flow_mean": 0.0, "flow_std": 0.0, "n_runs": 19}}, {"type": "Feature", "geometry": {"type": "LineString", "coordinates": [[139.9407500942, 35.8896043228], [139.941054, 35.889549], [139.941154, 35.889566], [139.941852935, 35.8898211117]]}, "properties": {"link_id": "533967_13107_13108_0", "road_id": "533967_13107_13108", "upnode": "533967_13107", "downnode": "533967_13108", "scenario": "no07", "slot_code": "1545", "hhmm": "15:45", "V_kmh_mean": 50.08674238204523, "V_kmh_std": 0.167588942034871, "TTT_sec_mean": 175.25421052631577, "TTT_sec_std": 8.19311317563549, "flow_mean": 15.894736842105264, "flow_std": 0.7374684055082, "n_runs": 19}}, {"type": "Feature", "geometry": {"type": "LineString", "coordinates": [[139.941852935, 35.8898211117], [139.941154, 35.889566], [139.941054, 35.889549], [139.9407500942, 35.8896043228]]}, "properties": {"link_id": "533967_13107_13108_1", "road_id": "533967_13107_13108", "upnode": "533967_13108", "downnode": "533967_13107", "scenario": "no07", "slot_code": "1545", "hhmm": "15:45", "V_kmh_mean": 45.45818181818182, "V_kmh_std": 5.801557143511545e-15, "TTT_sec_mean": 174.26315789473685, "TTT_sec_std": 22.08026294444671, "flow_mean": 15.842105263157896, "flow_std": 2.007296631313337, "n_runs": 19}}, {"type": "Feature", "geometry": {"type": "LineString", "coordinates": [[139.9546999834, 35.8921722806], [139.9549930168, 35.8921437198]]}, "properties": {"link_id": "533967_13308_88665_0", "road_id": "533967_13308_88665", "upnode": "533967_13308", "downnode": "533967_88665", "scenario": "no07", "slot_code": "1545", "hhmm": "15:45", "V_kmh_mean": null, "V_kmh_std": null, "TTT_sec_mean": null, "TTT_sec_std": null, "flow_mean": 0.0, "flow_std": 0.0, "n_runs": 19}}, {"type": "Feature", "geometry": {"type": "LineString", "coordinates": [[139.9549930168, 35.8921437198], [139.9546999834, 35.8921722806]]}, "properties": {"link_id": "533967_13308_88665_1", "road_id": "533967_13308_88665", "upnode": "533967_88665", "downnode": "533967_13308", "scenario": "no07", "slot_code": "1545", "hhmm": "15:45", "V_kmh_mean": null, "V_kmh_std": null, "TTT_sec_mean": null, "TTT_sec_std": null, "flow_mean": 0.0, "flow_std": 0.0, "n_runs": 19}}, {"type": "Feature", "geometry": {"type": "LineString", "coordinates": [[139.9544257665, 35.8900410001], [139.954628, 35.890041], [139.954753, 35.890058], [139.954915, 35.890141], [139.955065, 35.890208], [139.955278, 35.890224], [139.9553069176, 35.8902292769]]}, "properties": {"link_id": "533967_13715_72472_0", "road_id": "533967_13715_72472", "upnode": "533967_13715", "downnode": "533967_72472", "scenario": "no07", "slot_code": "1545", "hhmm": "15:45", "V_kmh_mean": null, "V_kmh_std": null, "TTT_sec_mean": null, "TTT_sec_std": null, "flow_mean": 0.0, "flow_std": 0.0, "n_runs": 19}}, {"type": "Feature", "geometry": {"type": "LineString", "coordinates": [[139.9553069176, 35.8902292769], [139.955278, 35.890224], [139.955065, 35.890208], [139.954915, 35.890141], [139.954753, 35.890058], [139.954628, 35.890041], [139.9544257665, 35.8900410001]]}, "properties": {"link_id": "533967_13715_72472_1", "road_id": "533967_13715_72472", "upnode": "533967_72472", "downnode": "533967_13715", "scenario": "no07", "slot_code": "1545", "hhmm": "15:45", "V_kmh_mean": null, "V_kmh_std": null, "TTT_sec_mean": null, "TTT_sec_std": null, "flow_mean": 0.0, "flow_std": 0.0, "n_runs": 19}}, {"type": "Feature", "geometry": {"type": "LineString", "coordinates": [[139.9491015915, 35.8877847461], [139.949041, 35.887733], [139.948703, 35.887466], [139.948291, 35.887175], [139.947904, 35.886925], [139.947441, 35.886658], [139.947104, 35.886475], [139.946716, 35.886283], [139.9463623092, 35.8861195165]]}, "properties": {"link_id": "533967_13844_14155_1", "road_id": "533967_13844_14155", "upnode": "533967_14155", "downnode": "533967_13844", "scenario": "no07", "slot_code": "1545", "hhmm": "15:45", "V_kmh_mean": 47.98812985121741, "V_kmh_std": 0.0095106610473383, "TTT_sec_mean": 2655.657894736842, "TTT_sec_std": 148.11928899741392, "flow_mean": 106.21052631578948, "flow_std": 5.921513952139277, "n_runs": 19}}, {"type": "Feature", "geometry": {"type": "LineString", "coordinates": [[139.9467171439, 35.8916607491], [139.946916, 35.891733], [139.947191, 35.891841], [139.947416, 35.891916], [139.947541, 35.891966], [139.947778, 35.892024], [139.947953, 35.892057], [139.948178, 35.892091], [139.948391, 35.892099], [139.948841, 35.892099], [139.9488845, 35.892099]]}, "properties": {"link_id": "533967_13891_14021_0", "road_id": "533967_13891_14021", "upnode": "533967_13891", "downnode": "533967_14021", "scenario": "no07", "slot_code": "1545", "hhmm": "15:45", "V_kmh_mean": 50.3895952719389, "V_kmh_std": 0.1600287113903021, "TTT_sec_mean": 722.5626315789474, "TTT_sec_std": 66.94097664212234, "flow_mean": 42.36842105263158, "flow_std": 3.9045632323075146, "n_runs": 19}}, {"type": "Feature", "geometry": {"type": "LineString", "coordinates": [[139.9488845, 35.892099], [139.948841, 35.892099], [139.948391, 35.892099], [139.948178, 35.892091], [139.947953, 35.892057], [139.947778, 35.892024], [139.947541, 35.891966], [139.947416, 35.891916], [139.947191, 35.891841], [139.946916, 35.891733], [139.9467171439, 35.8916607491]]}, "properties": {"link_id": "533967_13891_14021_1", "road_id": "533967_13891_14021", "upnode": "533967_14021", "downnode": "533967_13891", "scenario": "no07", "slot_code": "1545", "hhmm": "15:45", "V_kmh_mean": 49.93915948742674, "V_kmh_std": 0.171604218691048, "TTT_sec_mean": 599.8005263157894, "TTT_sec_std": 38.00706300934724, "flow_mean": 34.36842105263158, "flow_std": 2.191157135087137, "n_runs": 19}}, {"type": "Feature", "geometry": {"type": "LineString", "coordinates": [[139.946668712, 35.8915447262], [139.9472002892, 35.8907452741]]}, "properties": {"link_id": "533967_13891_72276_0", "road_id": "533967_13891_72276", "upnode": "533967_13891", "downnode": "533967_72276", "scenario": "no07", "slot_code": "1545", "hhmm": "15:45", "V_kmh_mean": null, "V_kmh_std": null, "TTT_sec_mean": null, "TTT_sec_std": null, "flow_mean": 0.0, "flow_std": 0.0, "n_runs": 19}}, {"type": "Feature", "geometry": {"type": "LineString", "coordinates": [[139.9472002892, 35.8907452741], [139.946668712, 35.8915447262]]}, "properties": {"link_id": "533967_13891_72276_1", "road_id": "533967_13891_72276", "upnode": "533967_72276", "downnode": "533967_13891", "scenario": "no07", "slot_code": "1545", "hhmm": "15:45", "V_kmh_mean": null, "V_kmh_std": null, "TTT_sec_mean": null, "TTT_sec_std": null, "flow_mean": 0.0, "flow_std": 0.0, "n_runs": 19}}, {"type": "Feature", "geometry": {"type": "LineString", "coordinates": [[139.9321326594, 35.9007837714], [139.9323763411, 35.8993952287]]}, "properties": {"link_id": "533967_14017_14018_0", "road_id": "533967_14017_14018", "upnode": "533967_14017", "downnode": "533967_14018", "scenario": "no07", "slot_code": "1545", "hhmm": "15:45", "V_kmh_mean": 49.45889699065384, "V_kmh_std": 4.626478895655918, "TTT_sec_mean": 805.4936842105262, "TTT_sec_std": 113.2627683364135, "flow_mean": 54.42105263157895, "flow_std": 2.0900768054383976, "n_runs": 19}}, {"type": "Feature", "geometry": {"type": "LineString", "coordinates": [[139.9323763411, 35.8993952287], [139.9321326594, 35.9007837714]]}, "properties": {"link_id": "533967_14017_14018_1", "road_id": "533967_14017_14018", "upnode": "533967_14018", "downnode": "533967_14017", "scenario": "no07", "slot_code": "1545", "hhmm": "15:45", "V_kmh_mean": 49.99074003469022, "V_kmh_std": 0.2838821397818532, "TTT_sec_mean": 640.3284210526316, "TTT_sec_std": 78.5397431073493, "flow_mean": 44.31578947368421, "flow_std": 5.365037346654183, "n_runs": 19}}, {"type": "Feature", "geometry": {"type": "LineString", "coordinates": [[139.948928, 35.8920088663], [139.948928, 35.891916], [139.948941, 35.891874], [139.948966, 35.891824], [139.949116, 35.891649], [139.949303, 35.891416], [139.949366, 35.891358], [139.949766, 35.890991], [139.949841, 35.890908], [139.949866, 35.890824], [139.949878, 35.890716], [139.949891, 35.890633], [139.949897, 35.890591]]}, "properties": {"link_id": "533967_14021_88656_0", "road_id": "533967_14021_88656", "upnode": "533967_14021", "downnode": "533967_88656", "scenario": "no07", "slot_code": "1545", "hhmm": "15:45", "V_kmh_mean": null, "V_kmh_std": null, "TTT_sec_mean": null, "TTT_sec_std": null, "flow_mean": 0.0, "flow_std": 0.0, "n_runs": 19}}, {"type": "Feature", "geometry": {"type": "LineString", "coordinates": [[139.949897, 35.890591], [139.949891, 35.890633], [139.949878, 35.890716], [139.949866, 35.890824], [139.949841, 35.890908], [139.949766, 35.890991], [139.949366, 35.891358], [139.949303, 35.891416], [139.949116, 35.891649], [139.948966, 35.891824], [139.948941, 35.891874], [139.948928, 35.891916], [139.948928, 35.8920088663]]}, "properties": {"link_id": "533967_14021_88656_1", "road_id": "533967_14021_88656", "upnode": "533967_88656", "downnode": "533967_14021", "scenario": "no07", "slot_code": "1545", "hhmm": "15:45", "V_kmh_mean": null, "V_kmh_std": null, "TTT_sec_mean": null, "TTT_sec_std": null, "flow_mean": 0.0, "flow_std": 0.0, "n_runs": 19}}, {"type": "Feature", "geometry": {"type": "LineString", "coordinates": [[139.9457796051, 35.8979995123], [139.945591, 35.898173], [139.945428, 35.898273], [139.944478, 35.898915], [139.943716, 35.899432], [139.943466, 35.89959], [139.9434474544, 35.8996244418]]}, "properties": {"link_id": "533967_14156_88894_0", "road_id": "533967_14156_88894", "upnode": "533967_14156", "downnode": "533967_88894", "scenario": "no07", "slot_code": "1545", "hhmm": "15:45", "V_kmh_mean": null, "V_kmh_std": null, "TTT_sec_mean": null, "TTT_sec_std": null, "flow_mean": 0.0, "flow_std": 0.0, "n_runs": 19}}, {"type": "Feature", "geometry": {"type": "LineString", "coordinates": [[139.9434474544, 35.8996244418], [139.943466, 35.89959], [139.943716, 35.899432], [139.944478, 35.898915], [139.945428, 35.898273], [139.945591, 35.898173], [139.9457796051, 35.8979995123]]}, "properties": {"link_id": "533967_14156_88894_1", "road_id": "533967_14156_88894", "upnode": "533967_88894", "downnode": "533967_14156", "scenario": "no07", "slot_code": "1545", "hhmm": "15:45", "V_kmh_mean": null, "V_kmh_std": null, "TTT_sec_mean": null, "TTT_sec_std": null, "flow_mean": 0.0, "flow_std": 0.0, "n_runs": 19}}, {"type": "Feature", "geometry": {"type": "LineString", "coordinates": [[139.9473488146, 35.8907112255], [139.948878, 35.891433], [139.949741, 35.890683], [139.9498253198, 35.8906132541]]}, "properties": {"link_id": "533967_72276_88656_0", "road_id": "533967_72276_88656", "upnode": "533967_72276", "downnode": "533967_88656", "scenario": "no07", "slot_code": "1545", "hhmm": "15:45", "V_kmh_mean": null, "V_kmh_std": null, "TTT_sec_mean": null, "TTT_sec_std": null, "flow_mean": 0.0, "flow_std": 0.0, "n_runs": 19}}, {"type": "Feature", "geometry": {"type": "LineString", "coordinates": [[139.9498253198, 35.8906132541], [139.949741, 35.890683], [139.948878, 35.891433], [139.9473488146, 35.8907112255]]}, "properties": {"link_id": "533967_72276_88656_1", "road_id": "533967_72276_88656", "upnode": "533967_88656", "downnode": "533967_72276", "scenario": "no07", "slot_code": "1545", "hhmm": "15:45", "V_kmh_mean": null, "V_kmh_std": null, "TTT_sec_mean": null, "TTT_sec_std": null, "flow_mean": 0.0, "flow_std": 0.0, "n_runs": 19}}, {"type": "Feature", "geometry": {"type": "LineString", "coordinates": [[139.9460677101, 35.9008985163], [139.945853, 35.900882], [139.945703, 35.90084], [139.944941, 35.90049], [139.944291, 35.900165], [139.9434965644, 35.8997552579]]}, "properties": {"link_id": "533967_74224_88894_0", "road_id": "533967_74224_88894", "upnode": "533967_74224", "downnode": "533967_88894", "scenario": "no07", "slot_code": "1545", "hhmm": "15:45", "V_kmh_mean": null, "V_kmh_std": null, "TTT_sec_mean": null, "TTT_sec_std": null, "flow_mean": 0.0, "flow_std": 0.0, "n_runs": 19}}, {"type": "Feature", "geometry": {"type": "LineString", "coordinates": [[139.9434965644, 35.8997552579], [139.944291, 35.900165], [139.944941, 35.90049], [139.945703, 35.90084], [139.945853, 35.900882], [139.9460677101, 35.9008985163]]}, "properties": {"link_id": "533967_74224_88894_1", "road_id": "533967_74224_88894", "upnode": "533967_88894", "downnode": "533967_74224", "scenario": "no07", "slot_code": "1545", "hhmm": "15:45", "V_kmh_mean": null, "V_kmh_std": null, "TTT_sec_mean": null, "TTT_sec_std": null, "flow_mean": 0.0, "flow_std": 0.0, "n_runs": 19}}, {"type": "Feature", "geometry": {"type": "LineString", "coordinates": [[139.9481135783, 35.9009595394], [139.948165, 35.900957], [139.948415, 35.900932], [139.9490064846, 35.9008331379]]}, "properties": {"link_id": "533967_87767_87768_0", "road_id": "533967_87767_87768", "upnode": "533967_87767", "downnode": "533967_87768", "scenario": "no07", "slot_code": "1545", "hhmm": "15:45", "V_kmh_mean": null, "V_kmh_std": null, "TTT_sec_mean": null, "TTT_sec_std": null, "flow_mean": 0.0, "flow_std": 0.0, "n_runs": 19}}, {"type": "Feature", "geometry": {"type": "LineString", "coordinates": [[139.9490064846, 35.9008331379], [139.948415, 35.900932], [139.948165, 35.900957], [139.9481135783, 35.9009595394]]}, "properties": {"link_id": "533967_87767_87768_1", "road_id": "533967_87767_87768", "upnode": "533967_87768", "downnode": "533967_87767", "scenario": "no07", "slot_code": "1545", "hhmm": "15:45", "V_kmh_mean": null, "V_kmh_std": null, "TTT_sec_mean": null, "TTT_sec_std": null, "flow_mean": 0.0, "flow_std": 0.0, "n_runs": 19}}, {"type": "Feature", "geometry": {"type": "LineString", "coordinates": [[139.9479865798, 35.900875862], [139.9479724567, 35.9007680664], [139.9479524844, 35.9006806954]]}, "properties": {"link_id": "533967_87767_88200_0", "road_id": "533967_87767_88200", "upnode": "533967_87767", "downnode": "533967_88200", "scenario": "no07", "slot_code": "1545", "hhmm": "15:45", "V_kmh_mean": null, "V_kmh_std": null, "TTT_sec_mean": null, "TTT_sec_std": null, "flow_mean": 0.0, "flow_std": 0.0, "n_runs": 19}}, {"type": "Feature", "geometry": {"type": "LineString", "coordinates": [[139.9479524844, 35.9006806954], [139.9479724567, 35.9007680664], [139.9479865798, 35.900875862]]}, "properties": {"link_id": "533967_87767_88200_1", "road_id": "533967_87767_88200", "upnode": "533967_88200", "downnode": "533967_87767", "scenario": "no07", "slot_code": "1545", "hhmm": "15:45", "V_kmh_mean": null, "V_kmh_std": null, "TTT_sec_mean": null, "TTT_sec_std": null, "flow_mean": 0.0, "flow_std": 0.0, "n_runs": 19}}, {"type": "Feature", "geometry": {"type": "LineString", "coordinates": [[139.9490959726, 35.9007262058], [139.9490590273, 35.9005537942]]}, "properties": {"link_id": "533967_87768_88199_0", "road_id": "533967_87768_88199", "upnode": "533967_87768", "downnode": "533967_88199", "scenario": "no07", "slot_code": "1545", "hhmm": "15:45", "V_kmh_mean": null, "V_kmh_std": null, "TTT_sec_mean": null, "TTT_sec_std": null, "flow_mean": 0.0, "flow_std": 0.0, "n_runs": 19}}, {"type": "Feature", "geometry": {"type": "LineString", "coordinates": [[139.9490590273, 35.9005537942], [139.9490959726, 35.9007262058]]}, "properties": {"link_id": "533967_87768_88199_1", "road_id": "533967_87768_88199", "upnode": "533967_88199", "downnode": "533967_87768", "scenario": "no07", "slot_code": "1545", "hhmm": "15:45", "V_kmh_mean": null, "V_kmh_std": null, "TTT_sec_mean": null, "TTT_sec_std": null, "flow_mean": 0.0, "flow_std": 0.0, "n_runs": 19}}, {"type": "Feature", "geometry": {"type": "LineString", "coordinates": [[139.9467666279, 35.9010064507], [139.946528, 35.901107], [139.946216, 35.901223], [139.946028, 35.901273], [139.9460252125, 35.9013001786]]}, "properties": {"link_id": "533967_87769_87770_0", "road_id": "533967_87769_87770", "upnode": "533967_87769", "downnode": "533967_87770", "scenario": "no07", "slot_code": "1545", "hhmm": "15:45", "V_kmh_mean": null, "V_kmh_std": null, "TTT_sec_mean": null, "TTT_sec_std": null, "flow_mean": 0.0, "flow_std": 0.0, "n_runs": 19}}, {"type": "Feature", "geometry": {"type": "LineString", "coordinates": [[139.9460252125, 35.9013001786], [139.946028, 35.901273], [139.946216, 35.901223], [139.946528, 35.901107], [139.9467666279, 35.9010064507]]}, "properties": {"link_id": "533967_87769_87770_1", "road_id": "533967_87769_87770", "upnode": "533967_87770", "downnode": "533967_87769", "scenario": "no07", "slot_code": "1545", "hhmm": "15:45", "V_kmh_mean": null, "V_kmh_std": null, "TTT_sec_mean": null, "TTT_sec_std": null, "flow_mean": 0.0, "flow_std": 0.0, "n_runs": 19}}, {"type": "Feature", "geometry": {"type": "LineString", "coordinates": [[139.9489310259, 35.9004812132], [139.9480869745, 35.9006067877]]}, "properties": {"link_id": "533967_88199_88200_0", "road_id": "533967_88199_88200", "upnode": "533967_88199", "downnode": "533967_88200", "scenario": "no07", "slot_code": "1545", "hhmm": "15:45", "V_kmh_mean": null, "V_kmh_std": null, "TTT_sec_mean": null, "TTT_sec_std": null, "flow_mean": 0.0, "flow_std": 0.0, "n_runs": 19}}, {"type": "Feature", "geometry": {"type": "LineString", "coordinates": [[139.9480869745, 35.9006067877], [139.9489310259, 35.9004812132]]}, "properties": {"link_id": "533967_88199_88200_1", "road_id": "533967_88199_88200", "upnode": "533967_88200", "downnode": "533967_88199", "scenario": "no07", "slot_code": "1545", "hhmm": "15:45", "V_kmh_mean": null, "V_kmh_std": null, "TTT_sec_mean": null, "TTT_sec_std": null, "flow_mean": 0.0, "flow_std": 0.0, "n_runs": 19}}, {"type": "Feature", "geometry": {"type": "LineString", "coordinates": [[139.9490262406, 35.9003755643], [139.9490037593, 35.9002294357]]}, "properties": {"link_id": "533967_88199_88201_0", "road_id": "533967_88199_88201", "upnode": "533967_88199", "downnode": "533967_88201", "scenario": "no07", "slot_code": "1545", "hhmm": "15:45", "V_kmh_mean": null, "V_kmh_std": null, "TTT_sec_mean": null, "TTT_sec_std": null, "flow_mean": 0.0, "flow_std": 0.0, "n_runs": 19}}, {"type": "Feature", "geometry": {"type": "LineString", "coordinates": [[139.9490037593, 35.9002294357], [139.9490262406, 35.9003755643]]}, "properties": {"link_id": "533967_88199_88201_1", "road_id": "533967_88199_88201", "upnode": "533967_88201", "downnode": "533967_88199", "scenario": "no07", "slot_code": "1545", "hhmm": "15:45", "V_kmh_mean": null, "V_kmh_std": null, "TTT_sec_mean": null, "TTT_sec_std": null, "flow_mean": 0.0, "flow_std": 0.0, "n_runs": 19}}, {"type": "Feature", "geometry": {"type": "LineString", "coordinates": [[139.9479575571, 35.9005344144], [139.9479234428, 35.9003865857]]}, "properties": {"link_id": "533967_88200_88202_0", "road_id": "533967_88200_88202", "upnode": "533967_88200", "downnode": "533967_88202", "scenario": "no07", "slot_code": "1545", "hhmm": "15:45", "V_kmh_mean": null, "V_kmh_std": null, "TTT_sec_mean": null, "TTT_sec_std": null, "flow_mean": 0.0, "flow_std": 0.0, "n_runs": 19}}, {"type": "Feature", "geometry": {"type": "LineString", "coordinates": [[139.9479234428, 35.9003865857], [139.9479575571, 35.9005344144]]}, "properties": {"link_id": "533967_88200_88202_1", "road_id": "533967_88200_88202", "upnode": "533967_88202", "downnode": "533967_88200", "scenario": "no07", "slot_code": "1545", "hhmm": "15:45", "V_kmh_mean": null, "V_kmh_std": null, "TTT_sec_mean": null, "TTT_sec_std": null, "flow_mean": 0.0, "flow_std": 0.0, "n_runs": 19}}, {"type": "Feature", "geometry": {"type": "LineString", "coordinates": [[139.9489751139, 35.9000506839], [139.94894, 35.89984], [139.94894, 35.899815], [139.948903, 35.899798], [139.94829, 35.899715], [139.9482869012, 35.8997145296]]}, "properties": {"link_id": "533967_88201_88203_0", "road_id": "533967_88201_88203", "upnode": "533967_88201", "downnode": "533967_88203", "scenario": "no07", "slot_code": "1545", "hhmm": "15:45", "V_kmh_mean": null, "V_kmh_std": null, "TTT_sec_mean": null, "TTT_sec_std": null, "flow_mean": 0.0, "flow_std": 0.0, "n_runs": 19}}, {"type": "Feature", "geometry": {"type": "LineString", "coordinates": [[139.9482869012, 35.8997145296], [139.94829, 35.899715], [139.948903, 35.899798], [139.94894, 35.899815], [139.94894, 35.89984], [139.9489751139, 35.9000506839]]}, "properties": {"link_id": "533967_88201_88203_1", "road_id": "533967_88201_88203", "upnode": "533967_88203", "downnode": "533967_88201", "scenario": "no07", "slot_code": "1545", "hhmm": "15:45", "V_kmh_mean": null, "V_kmh_std": null, "TTT_sec_mean": null, "TTT_sec_std": null, "flow_mean": 0.0, "flow_std": 0.0, "n_runs": 19}}, {"type": "Feature", "geometry": {"type": "LineString", "coordinates": [[139.9488809508, 35.9001558735], [139.9484120494, 35.900224127]]}, "properties": {"link_id": "533967_88201_88204_0", "road_id": "533967_88201_88204", "upnode": "533967_88201", "downnode": "533967_88204", "scenario": "no07", "slot_code": "1545", "hhmm": "15:45", "V_kmh_mean": null, "V_kmh_std": null, "TTT_sec_mean": null, "TTT_sec_std": null, "flow_mean": 0.0, "flow_std": 0.0, "n_runs": 19}}, {"type": "Feature", "geometry": {"type": "LineString", "coordinates": [[139.9484120494, 35.900224127], [139.9488809508, 35.9001558735]]}, "properties": {"link_id": "533967_88201_88204_1", "road_id": "533967_88201_88204", "upnode": "533967_88204", "downnode": "533967_88201", "scenario": "no07", "slot_code": "1545", "hhmm": "15:45", "V_kmh_mean": null, "V_kmh_std": null, "TTT_sec_mean": null, "TTT_sec_std": null, "flow_mean": 0.0, "flow_std": 0.0, "n_runs": 19}}, {"type": "Feature", "geometry": {"type": "LineString", "coordinates": [[139.9480120624, 35.9002821861], [139.9481939377, 35.9002558142]]}, "properties": {"link_id": "533967_88202_88204_0", "road_id": "533967_88202_88204", "upnode": "533967_88202", "downnode": "533967_88204", "scenario": "no07", "slot_code": "1545", "hhmm": "15:45", "V_kmh_mean": null, "V_kmh_std": null, "TTT_sec_mean": null, "TTT_sec_std": null, "flow_mean": 0.0, "flow_std": 0.0, "n_runs": 19}}, {"type": "Feature", "geometry": {"type": "LineString", "coordinates": [[139.9481939377, 35.9002558142], [139.9480120624, 35.9002821861]]}, "properties": {"link_id": "533967_88202_88204_1", "road_id": "533967_88202_88204", "upnode": "533967_88204", "downnode": "533967_88202", "scenario": "no07", "slot_code": "1545", "hhmm": "15:45", "V_kmh_mean": null, "V_kmh_std": null, "TTT_sec_mean": null, "TTT_sec_std": null, "flow_mean": 0.0, "flow_std": 0.0, "n_runs": 19}}, {"type": "Feature", "geometry": {"type": "LineString", "coordinates": [[139.9478843658, 35.9002091507], [139.9477836339, 35.8997288494]]}, "properties": {"link_id": "533967_88202_88302_0", "road_id": "533967_88202_88302", "upnode": "533967_88202", "downnode": "533967_88302", "scenario": "no07", "slot_code": "1545", "hhmm": "15:45", "V_kmh_mean": null, "V_kmh_std": null, "TTT_sec_mean": null, "TTT_sec_std": null, "flow_mean": 0.0, "flow_std": 0.0, "n_runs": 19}}, {"type": "Feature", "geometry": {"type": "LineString", "coordinates": [[139.9477836339, 35.8997288494], [139.9478843658, 35.9002091507]]}, "properties": {"link_id": "533967_88202_88302_1", "road_id": "533967_88202_88302", "upnode": "533967_88302", "downnode": "533967_88202", "scenario": "no07", "slot_code": "1545", "hhmm": "15:45", "V_kmh_mean": null, "V_kmh_std": null, "TTT_sec_mean": null, "TTT_sec_std": null, "flow_mean": 0.0, "flow_std": 0.0, "n_runs": 19}}, {"type": "Feature", "geometry": {"type": "LineString", "coordinates": [[139.9481984306, 35.8997865875], [139.9482825692, 35.9001514125]]}, "properties": {"link_id": "533967_88203_88204_0", "road_id": "533967_88203_88204", "upnode": "533967_88203", "downnode": "533967_88204", "scenario": "no07", "slot_code": "1545", "hhmm": "15:45", "V_kmh_mean": null, "V_kmh_std": null, "TTT_sec_mean": null, "TTT_sec_std": null, "flow_mean": 0.0, "flow_std": 0.0, "n_runs": 19}}, {"type": "Feature", "geometry": {"type": "LineString", "coordinates": [[139.9482825692, 35.9001514125], [139.9481984306, 35.8997865875]]}, "properties": {"link_id": "533967_88203_88204_1", "road_id": "533967_88203_88204", "upnode": "533967_88204", "downnode": "533967_88203", "scenario": "no07", "slot_code": "1545", "hhmm": "15:45", "V_kmh_mean": null, "V_kmh_std": null, "TTT_sec_mean": null, "TTT_sec_std": null, "flow_mean": 0.0, "flow_std": 0.0, "n_runs": 19}}, {"type": "Feature", "geometry": {"type": "LineString", "coordinates": [[139.9480688342, 35.8996826694], [139.9478741657, 35.8996553309]]}, "properties": {"link_id": "533967_88203_88302_0", "road_id": "533967_88203_88302", "upnode": "533967_88203", "downnode": "533967_88302", "scenario": "no07", "slot_code": "1545", "hhmm": "15:45", "V_kmh_mean": null, "V_kmh_std": null, "TTT_sec_mean": null, "TTT_sec_std": null, "flow_mean": 0.0, "flow_std": 0.0, "n_runs": 19}}, {"type": "Feature", "geometry": {"type": "LineString", "coordinates": [[139.9478741657, 35.8996553309], [139.9480688342, 35.8996826694]]}, "properties": {"link_id": "533967_88203_88302_1", "road_id": "533967_88203_88302", "upnode": "533967_88302", "downnode": "533967_88203", "scenario": "no07", "slot_code": "1545", "hhmm": "15:45", "V_kmh_mean": null, "V_kmh_std": null, "TTT_sec_mean": null, "TTT_sec_std": null, "flow_mean": 0.0, "flow_std": 0.0, "n_runs": 19}}, {"type": "Feature", "geometry": {"type": "LineString", "coordinates": [[139.9326277782, 35.8983820001], [139.932804, 35.898382], [139.933154, 35.898415], [139.933504, 35.898482], [139.933842, 35.898582], [139.9342160847, 35.8987198209]]}, "properties": {"link_id": "I_11_0129024139429", "road_id": "I_23_0129024139398", "upnode": "533967_00535", "downnode": "I_22_533967_-00007", "scenario": "no07", "slot_code": "1545", "hhmm": "15:45", "V_kmh_mean": 28.977461145604867, "V_kmh_std": 0.1824095510134411, "TTT_sec_mean": 1311.578947368421, "TTT_sec_std": 144.4235174329974, "flow_mean": 61.1578947368421, "flow_std": 6.677184685302438, "n_runs": 19}}, {"type": "Feature", "geometry": {"type": "LineString", "coordinates": [[139.9374914269, 35.9000164951], [139.93441657, 35.8987965076]]}, "properties": {"link_id": "I_11_0129024139444", "road_id": "I_23_0129024146201", "upnode": "I_22_533967_-00008", "downnode": "I_22_533967_-00007", "scenario": "no07", "slot_code": "1545", "hhmm": "15:45", "V_kmh_mean": 49.67628265040776, "V_kmh_std": 0.1082553395457894, "TTT_sec_mean": 1806.2121052631576, "TTT_sec_std": 137.93361167117675, "flow_mean": 73.36842105263158, "flow_std": 5.579830008519668, "n_runs": 19}}, {"type": "Feature", "geometry": {"type": "LineString", "coordinates": [[139.93441657, 35.8987965076], [139.9374914269, 35.9000164951]]}, "properties": {"link_id": "I_11_0129024146232", "road_id": "I_23_0129024146201", "upnode": "I_22_533967_-00007", "downnode": "I_22_533967_-00008", "scenario": "no07", "slot_code": "1545", "hhmm": "15:45", "V_kmh_mean": 29.96736433382641, "V_kmh_std": 0.0463760732634447, "TTT_sec_mean": 2575.5973684210526, "TTT_sec_std": 277.50066680284453, "flow_mean": 63.21052631578947, "flow_std": 6.844129255293028, "n_runs": 19}}, {"type": "Feature", "geometry": {"type": "LineString", "coordinates": [[139.9389093803, 35.9006681224], [139.938566, 35.900498], [139.938141, 35.90029], [139.9376891689, 35.9000977667]]}, "properties": {"link_id": "I_11_0129024146246", "road_id": "I_23_0129024146216", "upnode": "533967_00538", "downnode": "I_22_533967_-00008", "scenario": "no07", "slot_code": "1545", "hhmm": "15:45", "V_kmh_mean": 45.49276361072136, "V_kmh_std": 0.5811104323566569, "TTT_sec_mean": 947.3452631578948, "TTT_sec_std": 56.30472383659999, "flow_mean": 74.0, "flow_std": 4.65474668125631, "n_runs": 19}}, {"type": "Feature", "geometry": {"type": "LineString", "coordinates": [[139.9521445578, 35.8965977164], [139.951665, 35.896257], [139.951415, 35.896132], [139.951203, 35.896057], [139.9510914569, 35.8960396732]]}, "properties": {"link_id": "I_11_0804143920985", "road_id": "I_23_0804143920954", "upnode": "533967_01418", "downnode": "I_22_533967_-00002", "scenario": "no07", "slot_code": "1545", "hhmm": "15:45", "V_kmh_mean": 19.79674150768128, "V_kmh_std": 0.1899858791153302, "TTT_sec_mean": 440.3647368421053, "TTT_sec_std": 77.48844719400442, "flow_mean": 20.473684210526315, "flow_std": 3.5334657373404745, "n_runs": 19}}, {"type": "Feature", "geometry": {"type": "LineString", "coordinates": [[139.949799732, 35.8958773378], [139.950953, 35.896007], [139.9510699611, 35.8960354051]]}, "properties": {"link_id": "I_11_0804143921001", "road_id": "I_23_0804143920969", "upnode": "533967_01421", "downnode": "I_22_533967_-00002", "scenario": "no07", "slot_code": "1545", "hhmm": "15:45", "V_kmh_mean": null, "V_kmh_std": null, "TTT_sec_mean": null, "TTT_sec_std": null, "flow_mean": 0.0, "flow_std": 0.0, "n_runs": 19}}, {"type": "Feature", "geometry": {"type": "LineString", "coordinates": [[139.9414442427, 35.9017764856], [139.9410441843, 35.9020921622]]}, "properties": {"link_id": "I_11_533967_-00001533967_00539", "road_id": "I_23_533967_00539_533967_-00001", "upnode": "I_22_533967_-00001", "downnode": "533967_00539", "scenario": "no07", "slot_code": "1545", "hhmm": "15:45", "V_kmh_mean": 4.531631852201356, "V_kmh_std": 0.6457653316768318, "TTT_sec_mean": 3161.463157894737, "TTT_sec_std": 611.5515787464306, "flow_mean": 50.89473684210526, "flow_std": 2.941933167193626, "n_runs": 19}}, {"type": "Feature", "geometry": {"type": "LineString", "coordinates": [[139.9415222285, 35.901622514], [139.9414573964, 35.9015154031]]}, "properties": {"link_id": "I_11_533967_-00001_533967_-00005", "road_id": "I_23_533967_-00001_533967_-00005", "upnode": "I_22_533967_-00001", "downnode": "I_22_533967_-00005", "scenario": "no07", "slot_code": "1545", "hhmm": "15:45", "V_kmh_mean": null, "V_kmh_std": null, "TTT_sec_mean": null, "TTT_sec_std": null, "flow_mean": 0.0, "flow_std": 0.0, "n_runs": 19}}, {"type": "Feature", "geometry": {"type": "LineString", "coordinates": [[139.9413464164, 35.9014254304], [139.9412624352, 35.9015060417]]}, "properties": {"link_id": "I_11_533967_-00005_533967_-00006", "road_id": "I_23_533967_-00005_533967_-00006", "upnode": "I_22_533967_-00005", "downnode": "I_22_533967_-00006", "scenario": "no07", "slot_code": "1545", "hhmm": "15:45", "V_kmh_mean": null, "V_kmh_std": null, "TTT_sec_mean": null, "TTT_sec_std": null, "flow_mean": 0.0, "flow_std": 0.0, "n_runs": 19}}, {"type": "Feature", "geometry": {"type": "LineString", "coordinates": [[139.9412627144, 35.9016334904], [139.9414439632, 35.9016490369]]}, "properties": {"link_id": "I_11_533967_-00006_533967_-00001", "road_id": "I_23_533967_-00006_533967_-00001", "upnode": "I_22_533967_-00006", "downnode": "I_22_533967_-00001", "scenario": "no07", "slot_code": "1545", "hhmm": "15:45", "V_kmh_mean": 23.373800095716195, "V_kmh_std": 12.482321374080865, "TTT_sec_mean": 160.2178947368421, "TTT_sec_std": 105.63458595969972, "flow_mean": 20.31578947368421, "flow_std": 4.410248564158353, "n_runs": 19}}, {"type": "Feature", "geometry": {"type": "LineString", "coordinates": [[139.9375128149, 35.9001198356], [139.936998047, 35.9016828347]]}, "properties": {"link_id": "I_11_533967_-00008_533967_-00009", "road_id": "I_23_533967_-00009_533967_-00008", "upnode": "I_22_533967_-00008", "downnode": "I_22_533967_-00009", "scenario": "no07", "slot_code": "1545", "hhmm": "15:45", "V_kmh_mean": 46.440000000000005, "V_kmh_std": 0.0, "TTT_sec_mean": 14.0, "TTT_sec_std": 0.0, "flow_mean": 0.4210526315789473, "flow_std": 0.5072572735017881, "n_runs": 19}}, {"type": "Feature", "geometry": {"type": "LineString", "coordinates": [[139.936998047, 35.9016828347], [139.9375128149, 35.9001198356]]}, "properties": {"link_id": "I_11_533967_-00009_533967_-00008", "road_id": "I_23_533967_-00009_533967_-00008", "upnode": "I_22_533967_-00009", "downnode": "I_22_533967_-00008", "scenario": "no07", "slot_code": "1545", "hhmm": "15:45", "V_kmh_mean": 51.2020812231247, "V_kmh_std": 6.662202581030673, "TTT_sec_mean": 14.421052631578949, "TTT_sec_std": 2.5014615610719404, "flow_mean": 1.0, "flow_std": 0.0, "n_runs": 19}}, {"type": "Feature", "geometry": {"type": "LineString", "coordinates": [[139.9410441843, 35.9020921622], [139.9414442427, 35.9017764856]]}, "properties": {"link_id": "I_11_533967_00539_533967_-00001", "road_id": "I_23_533967_00539_533967_-00001", "upnode": "533967_00539", "downnode": "I_22_533967_-00001", "scenario": "no07", "slot_code": "1545", "hhmm": "15:45", "V_kmh_mean": 25.147261954412063, "V_kmh_std": 0.4438966074489699, "TTT_sec_mean": 166.73947368421054, "TTT_sec_std": 31.34054730318472, "flow_mean": 14.736842105263158, "flow_std": 2.642433753256811, "n_runs": 19}}, {"type": "Feature", "geometry": {"type": "LineString", "coordinates": [[139.9544776298, 35.8915514301], [139.9543653699, 35.8907385699]]}, "properties": {"link_id": "I_11_533967_00937533967_01269", "road_id": "I_23_533967_00937533967_01269", "upnode": "533967_00937", "downnode": "533967_01269", "scenario": "no07", "slot_code": "1545", "hhmm": "15:45", "V_kmh_mean": 44.58959529766844, "V_kmh_std": 0.5514964589479817, "TTT_sec_mean": 500.9984210526316, "TTT_sec_std": 39.92596680289908, "flow_mean": 52.78947368421053, "flow_std": 3.9802142232746576, "n_runs": 19}}, {"type": "Feature", "geometry": {"type": "LineString", "coordinates": [[139.9542437303, 35.8916227784], [139.9529242702, 35.8918012229]]}, "properties": {"link_id": "I_11_533967_00937533967_01406", "road_id": "I_23_533967_00937533967_01406", "upnode": "533967_00937", "downnode": "533967_01406", "scenario": "no07", "slot_code": "1545", "hhmm": "15:45", "V_kmh_mean": 34.94657912619855, "V_kmh_std": 3.5579780476489087, "TTT_sec_mean": 494.7068421052632, "TTT_sec_std": 105.11764626427072, "flow_mean": 32.578947368421055, "flow_std": 5.145826674475413, "n_runs": 19}}, {"type": "Feature", "geometry": {"type": "LineString", "coordinates": [[139.9543792471, 35.891788385], [139.9545960516, 35.8932692569]]}, "properties": {"link_id": "I_11_533967_00937533967_01657", "road_id": "I_23_533967_00937533967_01657", "upnode": "533967_00937", "downnode": "533967_01657", "scenario": "no07", "slot_code": "1545", "hhmm": "15:45", "V_kmh_mean": 24.04948214266373, "V_kmh_std": 1.5454531872865307, "TTT_sec_mean": 2670.896842105263, "TTT_sec_std": 293.85243543604656, "flow_mean": 89.15789473684211, "flow_std": 6.525702668804136, "n_runs": 19}}, {"type": "Feature", "geometry": {"type": "LineString", "coordinates": [[139.9499566507, 35.8943927705], [139.9503373501, 35.8922222296]]}, "properties": {"link_id": "I_11_533967_00939533967_01485", "road_id": "I_23_533967_00939533967_01485", "upnode": "533967_00939", "downnode": "533967_01485", "scenario": "no07", "slot_code": "1545", "hhmm": "15:45", "V_kmh_mean": 22.29885785415237, "V_kmh_std": 1.1451044474318273, "TTT_sec_mean": 4460.807368421052, "TTT_sec_std": 378.5190075345125, "flow_mean": 96.89473684210526, "flow_std": 5.877402457644261, "n_runs": 19}}, {"type": "Feature", "geometry": {"type": "LineString", "coordinates": [[139.9494352951, 35.8981089564], [139.949528, 35.898823], [139.949653, 35.899515], [139.9498460144, 35.9002211501], [139.949935299, 35.900542693], [139.9499535912, 35.9005872235]]}, "properties": {"link_id": "I_11_533967_00977533967_00978", "road_id": "I_23_533967_00977533967_00978", "upnode": "533967_00977", "downnode": "533967_00978", "scenario": "no07", "slot_code": "1545", "hhmm": "15:45", "V_kmh_mean": 39.17396590778896, "V_kmh_std": 0.2701827140117484, "TTT_sec_mean": 1340.6142105263157, "TTT_sec_std": 86.78662866259921, "flow_mean": 46.578947368421055, "flow_std": 3.060787652326044, "n_runs": 19}}, {"type": "Feature", "geometry": {"type": "LineString", "coordinates": [[139.9495114027, 35.8977672205], [139.9494765891, 35.897478453], [139.949515, 35.897132], [139.949553, 35.896774], [139.9496765166, 35.8959544635]]}, "properties": {"link_id": "I_11_533967_00977533967_01421", "road_id": "I_23_533967_01421533967_00977", "upnode": "533967_00977", "downnode": "533967_01421", "scenario": "no07", "slot_code": "1545", "hhmm": "15:45", "V_kmh_mean": 41.99540377112381, "V_kmh_std": 1.4500911665737073, "TTT_sec_mean": 1612.9494736842105, "TTT_sec_std": 138.50864295028603, "flow_mean": 82.26315789473684, "flow_std": 6.598334009119759, "n_runs": 19}}, {"type": "Feature", "geometry": {"type": "LineString", "coordinates": [[139.9496890497, 35.8979443248], [139.9501679491, 35.8978888631], [139.9504490981, 35.8978387799], [139.9507337264, 35.8977927831], [139.951028, 35.897724], [139.9511315672, 35.8976763591]]}, "properties": {"link_id": "I_11_533967_00977533967_01425", "road_id": "I_23_533967_00977533967_01425", "upnode": "533967_00977", "downnode": "533967_01425", "scenario": "no07", "slot_code": "1545", "hhmm": "15:45", "V_kmh_mean": 48.15265099451695, "V_kmh_std": 0.4645845152310036, "TTT_sec_mean": 613.6747368421053, "TTT_sec_std": 62.64053988773484, "flow_mean": 50.94736842105263, "flow_std": 5.179807849401863, "n_runs": 19}}, {"type": "Feature", "geometry": {"type": "LineString", "coordinates": [[139.949170358, 35.8979573514], [139.9481476301, 35.8980698969], [139.947253, 35.898157], [139.9471377592, 35.8981698046]]}, "properties": {"link_id": "I_11_533967_00977533967_01555", "road_id": "I_23_533967_00977533967_01555", "upnode": "533967_00977", "downnode": "533967_01555", "scenario": "no07", "slot_code": "1545", "hhmm": "15:45", "V_kmh_mean": 46.81542005999755, "V_kmh_std": 1.586392199020746, "TTT_sec_mean": 458.6773684210527, "TTT_sec_std": 48.686064381014425, "flow_mean": 27.68421052631579, "flow_std": 2.749800630731604, "n_runs": 19}}, {"type": "Feature", "geometry": {"type": "LineString", "coordinates": [[139.9499811115, 35.9005769603], [139.9499574644, 35.9004964733], [139.949874189, 35.900177757], [139.9497043551, 35.8995067552], [139.949601491, 35.8987977081], [139.949510305, 35.898109181]]}, "properties": {"link_id": "I_11_533967_00978533967_00977", "road_id": "I_23_533967_00978533967_00977", "upnode": "533967_00978", "downnode": "533967_00977", "scenario": "no07", "slot_code": "1545", "hhmm": "15:45", "V_kmh_mean": 21.066090773154095, "V_kmh_std": 2.320393894352885, "TTT_sec_mean": 3180.2547368421056, "TTT_sec_std": 474.77001894915657, "flow_mean": 56.94736842105263, "flow_std": 3.4233460598680385, "n_runs": 19}}, {"type": "Feature", "geometry": {"type": "LineString", "coordinates": [[139.9542039866, 35.8906554123], [139.9543390131, 35.8915185877]]}, "properties": {"link_id": "I_11_533967_01268533967_00937", "road_id": "I_23_533967_00937533967_01268", "upnode": "533967_01268", "downnode": "533967_00937", "scenario": "no07", "slot_code": "1545", "hhmm": "15:45", "V_kmh_mean": 17.547358487046104, "V_kmh_std": 2.4146241165910776, "TTT_sec_mean": 1476.411052631579, "TTT_sec_std": 217.4746184141633, "flow_mean": 55.42105263157895, "flow_std": 2.268523491262401, "n_runs": 19}}, {"type": "Feature", "geometry": {"type": "LineString", "coordinates": [[139.9529372543, 35.8918931444], [139.9542557463, 35.8917138569]]}, "properties": {"link_id": "I_11_533967_01405533967_00937", "road_id": "I_23_533967_00937533967_01405", "upnode": "533967_01405", "downnode": "533967_00937", "scenario": "no07", "slot_code": "1545", "hhmm": "15:45", "V_kmh_mean": 9.00038479269118, "V_kmh_std": 0.6217421101584608, "TTT_sec_mean": 2870.871578947368, "TTT_sec_std": 496.6274314062264, "flow_mean": 44.31578947368421, "flow_std": 5.706260028142069, "n_runs": 19}}, {"type": "Feature", "geometry": {"type": "LineString", "coordinates": [[139.9532715, 35.8937325], [139.953303, 35.893699], [139.953403, 35.893649], [139.9545264505, 35.8934833616]]}, "properties": {"link_id": "I_11_533967_01412533967_01657", "road_id": "I_23_533967_01412533967_01657", "upnode": "533967_01412", "downnode": "533967_01657", "scenario": "no07", "slot_code": "1545", "hhmm": "15:45", "V_kmh_mean": 15.682767897729336, "V_kmh_std": 2.2531447904384345, "TTT_sec_mean": 957.2552631578948, "TTT_sec_std": 143.40654178354555, "flow_mean": 24.894736842105264, "flow_std": 1.696229047757449, "n_runs": 19}}, {"type": "Feature", "geometry": {"type": "LineString", "coordinates": [[139.9521555206, 35.8967251631], [139.95159, 35.897257], [139.951365, 35.897424], [139.951165, 35.897532], [139.95094, 35.897649], [139.950728, 35.897715], [139.950428, 35.897782], [139.9501424425, 35.8978330047], [139.9496989433, 35.8979188908]]}, "properties": {"link_id": "I_11_533967_01418533967_00977", "road_id": "I_23_533967_01418533967_00977", "upnode": "533967_01418", "downnode": "533967_00977", "scenario": "no07", "slot_code": "1545", "hhmm": "15:45", "V_kmh_mean": 28.853620483509697, "V_kmh_std": 1.181031974465, "TTT_sec_mean": 1948.3, "TTT_sec_std": 199.90868910024344, "flow_mean": 47.94736842105263, "flow_std": 4.129483209670112, "n_runs": 19}}, {"type": "Feature", "geometry": {"type": "LineString", "coordinates": [[139.9501996159, 35.8921631423], [139.949794385, 35.8943678578]]}, "properties": {"link_id": "I_11_533967_01485533967_00940", "road_id": "I_23_533967_00940533967_01485", "upnode": "533967_01485", "downnode": "533967_00940", "scenario": "no07", "slot_code": "1545", "hhmm": "15:45", "V_kmh_mean": 27.2004079377746, "V_kmh_std": 1.5839573982387471, "TTT_sec_mean": 2207.4536842105263, "TTT_sec_std": 215.85813734463363, "flow_mean": 61.31578947368421, "flow_std": 5.175289917578932, "n_runs": 19}}, {"type": "Feature", "geometry": {"type": "LineString", "coordinates": [[139.9504636681, 35.8921291449], [139.950841, 35.892116], [139.95149, 35.892074], [139.952015, 35.892008], [139.952215, 35.891983], [139.9527184622, 35.8919214021]]}, "properties": {"link_id": "I_11_533967_01485533967_01405", "road_id": "I_23_533967_01485533967_01405", "upnode": "533967_01485", "downnode": "533967_01405", "scenario": "no07", "slot_code": "1545", "hhmm": "15:45", "V_kmh_mean": 28.299500823083008, "V_kmh_std": 1.8305611060275089, "TTT_sec_mean": 1495.133157894737, "TTT_sec_std": 201.61744283702325, "flow_mean": 51.10526315789474, "flow_std": 5.269353079016913, "n_runs": 19}}, {"type": "Feature", "geometry": {"type": "LineString", "coordinates": [[139.9501052621, 35.89207615], [139.9490387379, 35.8920968511]]}, "properties": {"link_id": "I_11_533967_01485533967_14021", "road_id": "I_23_533967_01485533967_14021", "upnode": "533967_01485", "downnode": "533967_14021", "scenario": "no07", "slot_code": "1545", "hhmm": "15:45", "V_kmh_mean": 41.51055220645751, "V_kmh_std": 0.7585035519434921, "TTT_sec_mean": 332.9015789473684, "TTT_sec_std": 21.52250456903138, "flow_mean": 34.578947368421055, "flow_std": 2.2685234912624024, "n_runs": 19}}, {"type": "Feature", "geometry": {"type": "LineString", "coordinates": [[139.9503823865, 35.891934858], [139.950441, 35.891616], [139.950491, 35.891266], [139.950528, 35.890974], [139.950541, 35.890708], [139.950541, 35.890416], [139.950503, 35.890116], [139.950428, 35.889799], [139.950341, 35.889499], [139.950228, 35.889233], [139.950091, 35.88895], [139.949953, 35.888725], [139.949778, 35.888475], [139.949553, 35.888216], [139.949316, 35.887966], [139.9492550413, 35.8879147594]]}, "properties": {"link_id": "I_11_533967_01485533967_14155", "road_id": "I_23_533967_01485533967_14155", "upnode": "533967_01485", "downnode": "533967_14155", "scenario": "no07", "slot_code": "1545", "hhmm": "15:45", "V_kmh_mean": 48.70835013895609, "V_kmh_std": 0.1229769540649512, "TTT_sec_mean": 4079.62, "TTT_sec_std": 208.279276426842, "flow_mean": 109.0, "flow_std": 5.5677643628300215, "n_runs": 19}}, {"type": "Feature", "geometry": {"type": "LineString", "coordinates": [[139.9471377592, 35.8981698046], [139.947253, 35.898157], [139.9481476301, 35.8980698969], [139.949170358, 35.8979573514]]}, "properties": {"link_id": "I_11_533967_01555533967_00977", "road_id": "I_23_533967_00977533967_01555", "upnode": "533967_01555", "downnode": "533967_00977", "scenario": "no07", "slot_code": "1545", "hhmm": "15:45", "V_kmh_mean": 22.180339456439373, "V_kmh_std": 2.779752750474912, "TTT_sec_mean": 1796.746842105263, "TTT_sec_std": 269.1892925692219, "flow_mean": 45.21052631578947, "flow_std": 5.442415184542214, "n_runs": 19}}, {"type": "Feature", "geometry": {"type": "LineString", "coordinates": [[139.9513924276, 35.8919793709], [139.950803, 35.892008], [139.9504766574, 35.8920199486]]}, "properties": {"link_id": "I_11_533967_01644533967_01485", "road_id": "I_23_533967_01485533967_01644", "upnode": "533967_01644", "downnode": "533967_01485", "scenario": "no07", "slot_code": "1545", "hhmm": "15:45", "V_kmh_mean": 13.936178578973433, "V_kmh_std": 1.7157647395892963, "TTT_sec_mean": 958.3826315789474, "TTT_sec_std": 239.964648063976, "flow_mean": 29.210526315789476, "flow_std": 5.028573327257179, "n_runs": 19}}, {"type": "Feature", "geometry": {"type": "LineString", "coordinates": [[139.9545021021, 35.8933779595], [139.953603, 35.893532], [139.953211936, 35.8935906598]]}, "properties": {"link_id": "I_11_533967_01657533967_01413", "road_id": "I_23_533967_01413533967_01657", "upnode": "533967_01657", "downnode": "533967_01413", "scenario": "no07", "slot_code": "1545", "hhmm": "15:45", "V_kmh_mean": 48.31263536191072, "V_kmh_std": 2.578173373192387, "TTT_sec_mean": 70.89157894736843, "TTT_sec_std": 15.313475279837652, "flow_mean": 6.473684210526316, "flow_std": 1.172292201564078, "n_runs": 19}}, {"type": "Feature", "geometry": {"type": "LineString", "coordinates": [[139.9546456497, 35.8935563813], [139.9547426493, 35.8942342607]]}, "properties": {"link_id": "I_11_533967_01657533967_01658", "road_id": "I_23_533967_01657533967_01658", "upnode": "533967_01657", "downnode": "533967_01658", "scenario": "no07", "slot_code": "1545", "hhmm": "15:45", "V_kmh_mean": 45.76656784081924, "V_kmh_std": 0.6527649378162487, "TTT_sec_mean": 852.2589473684211, "TTT_sec_std": 68.31946565744863, "flow_mean": 103.63157894736842, "flow_std": 7.718740011713119, "n_runs": 19}}, {"type": "Feature", "geometry": {"type": "LineString", "coordinates": [[139.9547225969, 35.8932521028], [139.9546027021, 35.8922725391]]}, "properties": {"link_id": "I_11_533967_01657533967_13308", "road_id": "I_23_533967_01657533967_13308", "upnode": "533967_01657", "downnode": "533967_13308", "scenario": "no07", "slot_code": "1545", "hhmm": "15:45", "V_kmh_mean": 46.56725965390648, "V_kmh_std": 1.0341197860108795, "TTT_sec_mean": 699.068947368421, "TTT_sec_std": 67.2103601384602, "flow_mean": 68.10526315789474, "flow_std": 5.733863704558743, "n_runs": 19}}, {"type": "Feature", "geometry": {"type": "LineString", "coordinates": [[139.9548889001, 35.8942175995], [139.9547613989, 35.8935310425]]}, "properties": {"link_id": "I_11_533967_01659533967_01657", "road_id": "I_23_533967_01657533967_01659", "upnode": "533967_01659", "downnode": "533967_01657", "scenario": "no07", "slot_code": "1545", "hhmm": "15:45", "V_kmh_mean": 26.6461983854813, "V_kmh_std": 3.689707383704462, "TTT_sec_mean": 1065.808947368421, "TTT_sec_std": 151.50901017925327, "flow_mean": 65.36842105263158, "flow_std": 4.437348135940223, "n_runs": 19}}, {"type": "Feature", "geometry": {"type": "LineString", "coordinates": [[139.9545735544, 35.8920938652], [139.9545064454, 35.8917301348]]}, "properties": {"link_id": "I_11_533967_13308533967_00937", "road_id": "I_23_533967_00937533967_13308", "upnode": "533967_13308", "downnode": "533967_00937", "scenario": "no07", "slot_code": "1545", "hhmm": "15:45", "V_kmh_mean": 17.66173997715421, "V_kmh_std": 3.019824474197663, "TTT_sec_mean": 1111.9521052631578, "TTT_sec_std": 204.7749200295276, "flow_mean": 69.47368421052632, "flow_std": 5.824931292419122, "n_runs": 19}}, {"type": "Feature", "geometry": {"type": "LineString", "coordinates": [[139.9493908278, 35.8967295879], [139.949378, 35.896824], [139.949353, 35.897157], [139.949353, 35.89754], [139.9493920585, 35.8977941978]]}, "properties": {"link_id": "I_11_533967_13718533967_00977", "road_id": "I_23_533967_00977533967_13718", "upnode": "533967_13718", "downnode": "533967_00977", "scenario": "no07", "slot_code": "1545", "hhmm": "15:45", "V_kmh_mean": 12.353916895496674, "V_kmh_std": 0.7893703633736443, "TTT_sec_mean": 2842.1357894736843, "TTT_sec_std": 285.72964588373065, "flow_mean": 58.78947368421053, "flow_std": 3.881279104287672, "n_runs": 19}}, {"type": "Feature", "geometry": {"type": "LineString", "coordinates": [[139.9465500153, 35.8863109353], [139.946704, 35.886383], [139.947066, 35.886566], [139.947404, 35.88675], [139.947791, 35.886975], [139.948216, 35.887241], [139.948628, 35.887541], [139.948966, 35.887791], [139.949228, 35.888025], [139.949491, 35.888291], [139.949691, 35.888516], [139.949866, 35.888775], [139.950003, 35.889008], [139.950128, 35.889266], [139.950241, 35.889533], [139.950328, 35.889833], [139.950391, 35.890133], [139.950416, 35.890416], [139.950428, 35.890724], [139.950416, 35.890991], [139.950366, 35.891266], [139.950303, 35.891633], [139.9502335568, 35.8919850056]]}, "properties": {"link_id": "I_11_533967_13845533967_01485", "road_id": "I_23_533967_01485533967_13845", "upnode": "533967_13845", "downnode": "533967_01485", "scenario": "no07", "slot_code": "1545", "hhmm": "15:45", "V_kmh_mean": 30.948389414844478, "V_kmh_std": 0.9436612869238424, "TTT_sec_mean": 8061.494210526316, "TTT_sec_std": 440.9672286553197, "flow_mean": 85.15789473684211, "flow_std": 3.3708416010568056, "n_runs": 19}}, {"type": "Feature", "geometry": {"type": "LineString", "coordinates": [[139.9490387379, 35.8920968511], [139.9501052621, 35.89207615]]}, "properties": {"link_id": "I_11_533967_14021533967_01485", "road_id": "I_23_533967_01485533967_14021", "upnode": "533967_14021", "downnode": "533967_01485", "scenario": "no07", "slot_code": "1545", "hhmm": "15:45", "V_kmh_mean": 12.375209243639809, "V_kmh_std": 1.7067960145774008, "TTT_sec_mean": 1586.6984210526316, "TTT_sec_std": 263.678710244603, "flow_mean": 39.578947368421055, "flow_std": 4.100349435972017, "n_runs": 19}}]}