{"type": "FeatureCollection", "features": [{"type": "Feature", "geometry": {"type": "LineString", "coordinates": [[139.9450428346, 35.887730428], [139.9451401651, 35.8883595721]]}, "properties": {"link_id": "533967_00280_11490_0", "road_id": "533967_00280_11490", "upnode": "533967_00280", "downnode": "533967_11490", "scenario": "no05", "slot_code": "1345", "hhmm": "13:45", "V_kmh_mean": 52.40985354352242, "V_kmh_std": 0.193924462837074, "TTT_sec_mean": 870.2695, "TTT_sec_std": 16.55021655924464, "flow_mean": 108.1, "flow_std": 1.943951483041964, "n_runs": 20}}, {"type": "Feature", "geometry": {"type": "LineString", "coordinates": [[139.9451401651, 35.8883595721], [139.9450428346, 35.887730428]]}, "properties": {"link_id": "533967_00280_11490_1", "road_id": "533967_00280_11490", "upnode": "533967_11490", "downnode": "533967_00280", "scenario": "no05", "slot_code": "1345", "hhmm": "13:45", "V_kmh_mean": 49.25618377678536, "V_kmh_std": 0.3295585905193361, "TTT_sec_mean": 620.2015, "TTT_sec_std": 48.89007134970196, "flow_mean": 72.35, "flow_std": 5.824404193608674, "n_runs": 20}}, {"type": "Feature", "geometry": {"type": "LineString", "coordinates": [[139.9450142106, 35.8875516733], [139.944843789, 35.8865223268]]}, "properties": {"link_id": "533967_00280_13214_0", "road_id": "533967_00280_13214", "upnode": "533967_00280", "downnode": "533967_13214", "scenario": "no05", "slot_code": "1345", "hhmm": "13:45", "V_kmh_mean": 45.42517007307305, "V_kmh_std": 0.0343714397232984, "TTT_sec_mean": 817.3325, "TTT_sec_std": 67.23999474584345, "flow_mean": 74.25, "flow_std": 6.120500495530533, "n_runs": 20}}, {"type": "Feature", "geometry": {"type": "LineString", "coordinates": [[139.944843789, 35.8865223268], [139.9450142106, 35.8875516733]]}, "properties": {"link_id": "533967_00280_13214_1", "road_id": "533967_00280_13214", "upnode": "533967_13214", "downnode": "533967_00280", "scenario": "no05", "slot_code": "1345", "hhmm": "13:45", "V_kmh_mean": 50.674127299208735, "V_kmh_std": 0.3086558055690354, "TTT_sec_mean": 1219.227, "TTT_sec_std": 17.941320170870462, "flow_mean": 108.0, "flow_std": 1.3377121081198775, "n_runs": 20}}, {"type": "Feature", "geometry": {"type": "LineString", "coordinates": [[139.9426152514, 35.8901115423], [139.9425047484, 35.8900704579]]}, "properties": {"link_id": "533967_00285_11494_0", "road_id": "533967_00285_11494", "upnode": "533967_00285", "downnode": "533967_11494", "scenario": "no05", "slot_code": "1345", "hhmm": "13:45", "V_kmh_mean": 49.09778112175328, "V_kmh_std": 0.6700229302816406, "TTT_sec_mean": 112.956, "TTT_sec_std": 16.163156413991604, "flow_mean": 25.0, "flow_std": 3.5392535638851426, "n_runs": 20}}, {"type": "Feature", "geometry": {"type": "LineString", "coordinates": [[139.9425047484, 35.8900704579], [139.9426152514, 35.8901115423]]}, "properties": {"link_id": "533967_00285_11494_1", "road_id": "533967_00285_11494", "upnode": "533967_11494", "downnode": "533967_00285", "scenario": "no05", "slot_code": "1345", "hhmm": "13:45", "V_kmh_mean": 44.28, "V_kmh_std": 0.0, "TTT_sec_mean": 68.75, "TTT_sec_std": 5.349618776383189, "flow_mean": 13.75, "flow_std": 1.0699237552766376, "n_runs": 20}}, {"type": "Feature", "geometry": {"type": "LineString", "coordinates": [[139.9428154056, 35.8901887629], [139.9437415934, 35.890559238]]}, "properties": {"link_id": "533967_00285_11497_0", "road_id": "533967_00285_11497", "upnode": "533967_00285", "downnode": "533967_11497", "scenario": "no05", "slot_code": "1345", "hhmm": "13:45", "V_kmh_mean": 52.27199999999999, "V_kmh_std": 4.610610094765734e-15, "TTT_sec_mean": 137.0, "TTT_sec_std": 11.285761872936698, "flow_mean": 13.7, "flow_std": 1.1285761872936697, "n_runs": 20}}, {"type": "Feature", "geometry": {"type": "LineString", "coordinates": [[139.9437415934, 35.890559238], [139.9428154056, 35.8901887629]]}, "properties": {"link_id": "533967_00285_11497_1", "road_id": "533967_00285_11497", "upnode": "533967_11497", "downnode": "533967_00285", "scenario": "no05", "slot_code": "1345", "hhmm": "13:45", "V_kmh_mean": 49.83326090907998, "V_kmh_std": 0.2930375993286253, "TTT_sec_mean": 262.044, "TTT_sec_std": 37.02865524797902, "flow_mean": 25.0, "flow_std": 3.5392535638851426, "n_runs": 20}}, {"type": "Feature", "geometry": {"type": "LineString", "coordinates": [[139.9418617566, 35.9028680125], [139.941045242, 35.9022189881]]}, "properties": {"link_id": "533967_00319_00539_0", "road_id": "533967_00319_00539", "upnode": "533967_00319", "downnode": "533967_00539", "scenario": "no05", "slot_code": "1345", "hhmm": "13:45", "V_kmh_mean": 27.461430924988, "V_kmh_std": 2.190973445257636, "TTT_sec_mean": 1535.8200000000002, "TTT_sec_std": 171.4238807597613, "flow_mean": 79.75, "flow_std": 4.089460136806115, "n_runs": 20}}, {"type": "Feature", "geometry": {"type": "LineString", "coordinates": [[139.941045242, 35.9022189881], [139.9418617566, 35.9028680125]]}, "properties": {"link_id": "533967_00319_00539_1", "road_id": "533967_00319_00539", "upnode": "533967_00539", "downnode": "533967_00319", "scenario": "no05", "slot_code": "1345", "hhmm": "13:45", "V_kmh_mean": 23.04068899107752, "V_kmh_std": 0.7573125604478735, "TTT_sec_mean": 2052.623, "TTT_sec_std": 149.68144205541813, "flow_mean": 90.2, "flow_std": 6.894696665210382, "n_runs": 20}}, {"type": "Feature", "geometry": {"type": "LineString", "coordinates": [[139.9418640277, 35.902995825], [139.940091, 35.904489], [139.9400529799, 35.9045226462]]}, "properties": {"link_id": "533967_00319_01435_0", "road_id": "533967_00319_01435", "upnode": "533967_00319", "downnode": "533967_01435", "scenario": "no05", "slot_code": "1345", "hhmm": "13:45", "V_kmh_mean": null, "V_kmh_std": null, "TTT_sec_mean": null, "TTT_sec_std": null, "flow_mean": 0.0, "flow_std": 0.0, "n_runs": 20}}, {"type": "Feature", "geometry": {"type": "LineString", "coordinates": [[139.9400529799, 35.9045226462], [139.940091, 35.904489], [139.9418640277, 35.902995825]]}, "properties": {"link_id": "533967_00319_01435_1", "road_id": "533967_00319_01435", "upnode": "533967_01435", "downnode": "533967_00319", "scenario": "no05", "slot_code": "1345", "hhmm": "13:45", "V_kmh_mean": null, "V_kmh_std": null, "TTT_sec_mean": null, "TTT_sec_std": null, "flow_mean": 0.0, "flow_std": 0.0, "n_runs": 20}}, {"type": "Feature", "geometry": {"type": "LineString", "coordinates": [[139.9420210106, 35.9029933423], [139.9436359867, 35.9042516589]]}, "properties": {"link_id": "533967_00319_11518_0", "road_id": "533967_00319_11518", "upnode": "533967_00319", "downnode": "533967_11518", "scenario": "no05", "slot_code": "1345", "hhmm": "13:45", "V_kmh_mean": 29.92433661486668, "V_kmh_std": 0.0196745365609298, "TTT_sec_mean": 2628.1865000000003, "TTT_sec_std": 200.6560565868869, "flow_mean": 90.2, "flow_std": 6.894696665210382, "n_runs": 20}}, {"type": "Feature", "geometry": {"type": "LineString", "coordinates": [[139.9436359867, 35.9042516589], [139.9420210106, 35.9029933423]]}, "properties": {"link_id": "533967_00319_11518_1", "road_id": "533967_00319_11518", "upnode": "533967_11518", "downnode": "533967_00319", "scenario": "no05", "slot_code": "1345", "hhmm": "13:45", "V_kmh_mean": 32.44265168105575, "V_kmh_std": 2.197393877892293, "TTT_sec_mean": 2166.827, "TTT_sec_std": 186.00867673876192, "flow_mean": 80.0, "flow_std": 3.1455900626281936, "n_runs": 20}}, {"type": "Feature", "geometry": {"type": "LineString", "coordinates": [[139.9420167673, 35.9028652421], [139.943016, 35.901998], [139.943041, 35.90194], [139.943103, 35.901148], [139.943166, 35.901131], [139.943553, 35.901215], [139.943753, 35.901231], [139.943878, 35.90124], [139.943928, 35.901281], [139.943991, 35.901323], [139.944091, 35.90134], [139.944628, 35.901356], [139.945278, 35.901381], [139.945753, 35.901398], [139.945905295, 35.9013933675]]}, "properties": {"link_id": "533967_00319_87770_0", "road_id": "533967_00319_87770", "upnode": "533967_00319", "downnode": "533967_87770", "scenario": "no05", "slot_code": "1345", "hhmm": "13:45", "V_kmh_mean": null, "V_kmh_std": null, "TTT_sec_mean": null, "TTT_sec_std": null, "flow_mean": 0.0, "flow_std": 0.0, "n_runs": 20}}, {"type": "Feature", "geometry": {"type": "LineString", "coordinates": [[139.945905295, 35.9013933675], [139.945753, 35.901398], [139.945278, 35.901381], [139.944628, 35.901356], [139.944091, 35.90134], [139.943991, 35.901323], [139.943928, 35.901281], [139.943878, 35.90124], [139.943753, 35.901231], [139.943553, 35.901215], [139.943166, 35.901131], [139.943103, 35.901148], [139.943041, 35.90194], [139.943016, 35.901998], [139.9420167673, 35.9028652421]]}, "properties": {"link_id": "533967_00319_87770_1", "road_id": "533967_00319_87770", "upnode": "533967_87770", "downnode": "533967_00319", "scenario": "no05", "slot_code": "1345", "hhmm": "13:45", "V_kmh_mean": null, "V_kmh_std": null, "TTT_sec_mean": null, "TTT_sec_std": null, "flow_mean": 0.0, "flow_std": 0.0, "n_runs": 20}}, {"type": "Feature", "geometry": {"type": "LineString", "coordinates": [[139.9444485123, 35.8909072394], [139.943904, 35.891974], [139.9435091783, 35.8927329959]]}, "properties": {"link_id": "533967_00532_00534_0", "road_id": "533967_00532_00534", "upnode": "533967_00532", "downnode": "533967_00534", "scenario": "no05", "slot_code": "1345", "hhmm": "13:45", "V_kmh_mean": 25.332922317355344, "V_kmh_std": 2.4654959158936984, "TTT_sec_mean": 4560.164, "TTT_sec_std": 626.0341493493618, "flow_mean": 117.25, "flow_std": 5.210061116926103, "n_runs": 20}}, {"type": "Feature", "geometry": {"type": "LineString", "coordinates": [[139.9435091783, 35.8927329959], [139.943904, 35.891974], [139.9444485123, 35.8909072394]]}, "properties": {"link_id": "533967_00532_00534_1", "road_id": "533967_00532_00534", "upnode": "533967_00534", "downnode": "533967_00532", "scenario": "no05", "slot_code": "1345", "hhmm": "13:45", "V_kmh_mean": 30.815804928483185, "V_kmh_std": 2.082332528766534, "TTT_sec_mean": 2274.709, "TTT_sec_std": 245.7900319356898, "flow_mean": 71.75, "flow_std": 7.4964904069206035, "n_runs": 20}}, {"type": "Feature", "geometry": {"type": "LineString", "coordinates": [[139.9445918532, 35.8908612725], [139.9455401458, 35.8912117284]]}, "properties": {"link_id": "533967_00532_01530_0", "road_id": "533967_00532_01530", "upnode": "533967_00532", "downnode": "533967_01530", "scenario": "no05", "slot_code": "1345", "hhmm": "13:45", "V_kmh_mean": 46.90303715591243, "V_kmh_std": 0.8161288077248072, "TTT_sec_mean": 262.094, "TTT_sec_std": 70.20366959969513, "flow_mean": 23.45, "flow_std": 6.427531244166521, "n_runs": 20}}, {"type": "Feature", "geometry": {"type": "LineString", "coordinates": [[139.9455401458, 35.8912117284], [139.9445918532, 35.8908612725]]}, "properties": {"link_id": "533967_00532_01530_1", "road_id": "533967_00532_01530", "upnode": "533967_01530", "downnode": "533967_00532", "scenario": "no05", "slot_code": "1345", "hhmm": "13:45", "V_kmh_mean": 6.582211943905589, "V_kmh_std": 0.2249710373791074, "TTT_sec_mean": 3943.727, "TTT_sec_std": 424.49440507254593, "flow_mean": 49.45, "flow_std": 4.762518130922801, "n_runs": 20}}, {"type": "Feature", "geometry": {"type": "LineString", "coordinates": [[139.9445406168, 35.8907539814], [139.9445835594, 35.8906713539], [139.944829, 35.890158], [139.944966, 35.889874], [139.945054, 35.889624], [139.945116, 35.889399], [139.945154, 35.889024], [139.945179, 35.888708], [139.9451626734, 35.888538857]]}, "properties": {"link_id": "533967_00532_11490_0", "road_id": "533967_00532_11490", "upnode": "533967_00532", "downnode": "533967_11490", "scenario": "no05", "slot_code": "1345", "hhmm": "13:45", "V_kmh_mean": 48.37324054175604, "V_kmh_std": 0.2173160268407981, "TTT_sec_mean": 1495.903, "TTT_sec_std": 117.53761217047436, "flow_mean": 70.75, "flow_std": 5.5523821345816105, "n_runs": 20}}, {"type": "Feature", "geometry": {"type": "LineString", "coordinates": [[139.9451626734, 35.888538857], [139.945179, 35.888708], [139.945154, 35.889024], [139.945116, 35.889399], [139.945054, 35.889624], [139.944966, 35.889874], [139.944829, 35.890158], [139.9445835594, 35.8906713539], [139.9445406168, 35.8907539814]]}, "properties": {"link_id": "533967_00532_11490_1", "road_id": "533967_00532_11490", "upnode": "533967_11490", "downnode": "533967_00532", "scenario": "no05", "slot_code": "1345", "hhmm": "13:45", "V_kmh_mean": 25.865520456384104, "V_kmh_std": 1.4868637409089702, "TTT_sec_mean": 4077.213, "TTT_sec_std": 341.3557165665043, "flow_mean": 103.05, "flow_std": 3.940010686600521, "n_runs": 20}}, {"type": "Feature", "geometry": {"type": "LineString", "coordinates": [[139.9443890716, 35.8907887174], [139.943942928, 35.8906342831]]}, "properties": {"link_id": "533967_00532_11497_0", "road_id": "533967_00532_11497", "upnode": "533967_00532", "downnode": "533967_11497", "scenario": "no05", "slot_code": "1345", "hhmm": "13:45", "V_kmh_mean": 44.799189975662046, "V_kmh_std": 0.5451724963515738, "TTT_sec_mean": 179.007, "TTT_sec_std": 23.85765001441941, "flow_mean": 25.0, "flow_std": 3.5392535638851426, "n_runs": 20}}, {"type": "Feature", "geometry": {"type": "LineString", "coordinates": [[139.943942928, 35.8906342831], [139.9443890716, 35.8907887174]]}, "properties": {"link_id": "533967_00532_11497_1", "road_id": "533967_00532_11497", "upnode": "533967_11497", "downnode": "533967_00532", "scenario": "no05", "slot_code": "1345", "hhmm": "13:45", "V_kmh_mean": 9.41134789195208, "V_kmh_std": 1.9794578259571884, "TTT_sec_mean": 526.7115, "TTT_sec_std": 131.73280625948874, "flow_mean": 14.6, "flow_std": 1.5694450913417908, "n_runs": 20}}, {"type": "Feature", "geometry": {"type": "LineString", "coordinates": [[139.9382330198, 35.8925024977], [139.93818798, 35.8923125023]]}, "properties": {"link_id": "533967_00533_11502_0", "road_id": "533967_00533_11502", "upnode": "533967_00533", "downnode": "533967_11502", "scenario": "no05", "slot_code": "1345", "hhmm": "13:45", "V_kmh_mean": 32.54788132653669, "V_kmh_std": 0.2296634275582933, "TTT_sec_mean": 423.0275, "TTT_sec_std": 28.45731944971553, "flow_mean": 68.8, "flow_std": 4.829732475973558, "n_runs": 20}}, {"type": "Feature", "geometry": {"type": "LineString", "coordinates": [[139.93818798, 35.8923125023], [139.9382330198, 35.8925024977]]}, "properties": {"link_id": "533967_00533_11502_1", "road_id": "533967_00533_11502", "upnode": "533967_11502", "downnode": "533967_00533", "scenario": "no05", "slot_code": "1345", "hhmm": "13:45", "V_kmh_mean": 48.15468414715925, "V_kmh_std": 0.757766909519673, "TTT_sec_mean": 159.0715, "TTT_sec_std": 5.352594329167078, "flow_mean": 27.95, "flow_std": 0.6863327411532599, "n_runs": 20}}, {"type": "Feature", "geometry": {"type": "LineString", "coordinates": [[139.9383621582, 35.8925715422], [139.9399078426, 35.8922934593]]}, "properties": {"link_id": "533967_00533_11503_0", "road_id": "533967_00533_11503", "upnode": "533967_00533", "downnode": "533967_11503", "scenario": "no05", "slot_code": "1345", "hhmm": "13:45", "V_kmh_mean": 30.42812022548084, "V_kmh_std": 0.0482774924795737, "TTT_sec_mean": 391.877, "TTT_sec_std": 35.122848928327336, "flow_mean": 17.75, "flow_std": 1.585294261245161, "n_runs": 20}}, {"type": "Feature", "geometry": {"type": "LineString", "coordinates": [[139.9399078426, 35.8922934593], [139.9383621582, 35.8925715422]]}, "properties": {"link_id": "533967_00533_11503_1", "road_id": "533967_00533_11503", "upnode": "533967_11503", "downnode": "533967_00533", "scenario": "no05", "slot_code": "1345", "hhmm": "13:45", "V_kmh_mean": 31.444913627776504, "V_kmh_std": 0.2166694650020696, "TTT_sec_mean": 1735.45, "TTT_sec_std": 107.09047552125456, "flow_mean": 81.2, "flow_std": 5.166694963137001, "n_runs": 20}}, {"type": "Feature", "geometry": {"type": "LineString", "coordinates": [[139.9381458687, 35.8926105567], [139.9362001323, 35.8929624452]]}, "properties": {"link_id": "533967_00533_11505_0", "road_id": "533967_00533_11505", "upnode": "533967_00533", "downnode": "533967_11505", "scenario": "no05", "slot_code": "1345", "hhmm": "13:45", "V_kmh_mean": 29.99675044426637, "V_kmh_std": 0.2403925953003476, "TTT_sec_mean": 648.2845, "TTT_sec_std": 61.96823230919462, "flow_mean": 24.55, "flow_std": 2.3277502126799563, "n_runs": 20}}, {"type": "Feature", "geometry": {"type": "LineString", "coordinates": [[139.9362001323, 35.8929624452], [139.9381458687, 35.8926105567]]}, "properties": {"link_id": "533967_00533_11505_1", "road_id": "533967_00533_11505", "upnode": "533967_11505", "downnode": "533967_00533", "scenario": "no05", "slot_code": "1345", "hhmm": "13:45", "V_kmh_mean": 29.905668029025072, "V_kmh_std": 0.8010928006725567, "TTT_sec_mean": 67.8995, "TTT_sec_std": 36.66604487949666, "flow_mean": 2.55, "flow_std": 1.3562719801759993, "n_runs": 20}}, {"type": "Feature", "geometry": {"type": "LineString", "coordinates": [[139.9434240692, 35.8928994265], [139.9418829341, 35.8959655741]]}, "properties": {"link_id": "533967_00534_00766_0", "road_id": "533967_00534_00766", "upnode": "533967_00534", "downnode": "533967_00766", "scenario": "no05", "slot_code": "1345", "hhmm": "13:45", "V_kmh_mean": 31.656658571197617, "V_kmh_std": 2.609343349217037, "TTT_sec_mean": 2518.1645, "TTT_sec_std": 341.7638483310553, "flow_mean": 53.6, "flow_std": 4.977845655343389, "n_runs": 20}}, {"type": "Feature", "geometry": {"type": "LineString", "coordinates": [[139.9418829341, 35.8959655741], [139.9434240692, 35.8928994265]]}, "properties": {"link_id": "533967_00534_00766_1", "road_id": "533967_00534_00766", "upnode": "533967_00766", "downnode": "533967_00534", "scenario": "no05", "slot_code": "1345", "hhmm": "13:45", "V_kmh_mean": 29.67861127840891, "V_kmh_std": 1.6906920449024894, "TTT_sec_mean": 2538.3765, "TTT_sec_std": 419.69086968581007, "flow_mean": 50.9, "flow_std": 7.711235821496891, "n_runs": 20}}, {"type": "Feature", "geometry": {"type": "LineString", "coordinates": [[139.9433656301, 35.8927778692], [139.9429293694, 35.8926121312]]}, "properties": {"link_id": "533967_00534_11504_0", "road_id": "533967_00534_11504", "upnode": "533967_00534", "downnode": "533967_11504", "scenario": "no05", "slot_code": "1345", "hhmm": "13:45", "V_kmh_mean": 29.11728268364505, "V_kmh_std": 0.1738739532245896, "TTT_sec_mean": 832.6735000000001, "TTT_sec_std": 48.36958464452853, "flow_mean": 77.5, "flow_std": 4.524785543042486, "n_runs": 20}}, {"type": "Feature", "geometry": {"type": "LineString", "coordinates": [[139.9429293694, 35.8926121312], [139.9433656301, 35.8927778692]]}, "properties": {"link_id": "533967_00534_11504_1", "road_id": "533967_00534_11504", "upnode": "533967_11504", "downnode": "533967_00534", "scenario": "no05", "slot_code": "1345", "hhmm": "13:45", "V_kmh_mean": 7.696044997543597, "V_kmh_std": 1.2577629883987749, "TTT_sec_mean": 1086.0085, "TTT_sec_std": 246.93924171267625, "flow_mean": 25.8, "flow_std": 2.726092248506719, "n_runs": 20}}, {"type": "Feature", "geometry": {"type": "LineString", "coordinates": [[139.9376891689, 35.9000977667], [139.938141, 35.90029], [139.938566, 35.900498], [139.9389093803, 35.9006681224]]}, "properties": {"link_id": "533967_00535_00538_0", "road_id": "I_23_0129024146216", "upnode": "I_22_533967_-00008", "downnode": "533967_00538", "scenario": "no05", "slot_code": "1345", "hhmm": "13:45", "V_kmh_mean": 12.982378917601352, "V_kmh_std": 0.5236652747543832, "TTT_sec_mean": 3497.7955, "TTT_sec_std": 248.65075256746843, "flow_mean": 77.75, "flow_std": 4.700223958829821, "n_runs": 20}}, {"type": "Feature", "geometry": {"type": "LineString", "coordinates": [[139.9342160847, 35.8987198209], [139.933842, 35.898582], [139.933504, 35.898482], [139.933154, 35.898415], [139.932804, 35.898382], [139.9326277782, 35.8983820001]]}, "properties": {"link_id": "533967_00535_00538_1", "road_id": "I_23_0129024139398", "upnode": "I_22_533967_-00007", "downnode": "533967_00535", "scenario": "no05", "slot_code": "1345", "hhmm": "13:45", "V_kmh_mean": 17.985654985391015, "V_kmh_std": 2.291754301885097, "TTT_sec_mean": 1542.068, "TTT_sec_std": 241.08370421472856, "flow_mean": 43.7, "flow_std": 4.280924641882135, "n_runs": 20}}, {"type": "Feature", "geometry": {"type": "LineString", "coordinates": [[139.9325188518, 35.8982918789], [139.932529, 35.897798], [139.932542, 35.897548], [139.932604, 35.897265], [139.932667, 35.89709], [139.933254, 35.895774], [139.933404, 35.895449], [139.933629, 35.895049], [139.9340574237, 35.894296779]]}, "properties": {"link_id": "533967_00535_00609_0", "road_id": "533967_00535_00609", "upnode": "533967_00535", "downnode": "533967_00609", "scenario": "no05", "slot_code": "1345", "hhmm": "13:45", "V_kmh_mean": 29.821250770571872, "V_kmh_std": 0.0814886969052702, "TTT_sec_mean": 3501.2945, "TTT_sec_std": 223.5696845675451, "flow_mean": 56.6, "flow_std": 3.5600118273014654, "n_runs": 20}}, {"type": "Feature", "geometry": {"type": "LineString", "coordinates": [[139.9340574237, 35.894296779], [139.933629, 35.895049], [139.933404, 35.895449], [139.933254, 35.895774], [139.932667, 35.89709], [139.932604, 35.897265], [139.932542, 35.897548], [139.932529, 35.897798], [139.9325188518, 35.8982918789]]}, "properties": {"link_id": "533967_00535_00609_1", "road_id": "533967_00535_00609", "upnode": "533967_00609", "downnode": "533967_00535", "scenario": "no05", "slot_code": "1345", "hhmm": "13:45", "V_kmh_mean": 21.005994560150185, "V_kmh_std": 0.961837976702158, "TTT_sec_mean": 5961.656, "TTT_sec_std": 403.8250592365071, "flow_mean": 67.45, "flow_std": 3.203205631205944, "n_runs": 20}}, {"type": "Feature", "geometry": {"type": "LineString", "coordinates": [[139.9324065918, 35.8983893607], [139.932142, 35.898407], [139.931842, 35.89844], [139.931592, 35.89849], [139.9313581094, 35.8985591985]]}, "properties": {"link_id": "533967_00535_11512_0", "road_id": "533967_00535_11512", "upnode": "533967_00535", "downnode": "533967_11512", "scenario": "no05", "slot_code": "1345", "hhmm": "13:45", "V_kmh_mean": 43.43788911949204, "V_kmh_std": 0.5192350796826987, "TTT_sec_mean": 862.408, "TTT_sec_std": 46.082635798153554, "flow_mean": 71.8, "flow_std": 3.650522673463856, "n_runs": 20}}, {"type": "Feature", "geometry": {"type": "LineString", "coordinates": [[139.9313581094, 35.8985591985], [139.931592, 35.89849], [139.931842, 35.89844], [139.932142, 35.898407], [139.9324065918, 35.8983893607]]}, "properties": {"link_id": "533967_00535_11512_1", "road_id": "533967_00535_11512", "upnode": "533967_11512", "downnode": "533967_00535", "scenario": "no05", "slot_code": "1345", "hhmm": "13:45", "V_kmh_mean": 14.60708873065209, "V_kmh_std": 0.795667275088329, "TTT_sec_mean": 3244.3155, "TTT_sec_std": 226.61849089499805, "flow_mean": 89.95, "flow_std": 3.2843328249833554, "n_runs": 20}}, {"type": "Feature", "geometry": {"type": "LineString", "coordinates": [[139.9325102458, 35.898471966], [139.932492, 35.898715], [139.9324071086, 35.8992167086]]}, "properties": {"link_id": "533967_00535_14018_0", "road_id": "533967_00535_14018", "upnode": "533967_00535", "downnode": "533967_14018", "scenario": "no05", "slot_code": "1345", "hhmm": "13:45", "V_kmh_mean": 42.91150758332667, "V_kmh_std": 0.7929352241886656, "TTT_sec_mean": 375.612, "TTT_sec_std": 35.85660514649398, "flow_mean": 34.15, "flow_std": 3.313052337267506, "n_runs": 20}}, {"type": "Feature", "geometry": {"type": "LineString", "coordinates": [[139.9324071086, 35.8992167086], [139.932492, 35.898715], [139.9325102458, 35.898471966]]}, "properties": {"link_id": "533967_00535_14018_1", "road_id": "533967_00535_14018", "upnode": "533967_14018", "downnode": "533967_00535", "scenario": "no05", "slot_code": "1345", "hhmm": "13:45", "V_kmh_mean": 14.159086736890714, "V_kmh_std": 2.168068467336105, "TTT_sec_mean": 1249.6495, "TTT_sec_std": 212.68385548496, "flow_mean": 36.45, "flow_std": 1.932410548076105, "n_runs": 20}}, {"type": "Feature", "geometry": {"type": "LineString", "coordinates": [[139.9303339038, 35.8988440368], [139.9311490969, 35.898618964]]}, "properties": {"link_id": "533967_00536_11512_0", "road_id": "533967_00536_11512", "upnode": "533967_00536", "downnode": "533967_11512", "scenario": "no05", "slot_code": "1345", "hhmm": "13:45", "V_kmh_mean": 30.125951491821603, "V_kmh_std": 0.0582599076120997, "TTT_sec_mean": 1240.5215, "TTT_sec_std": 21.127495498819364, "flow_mean": 88.2, "flow_std": 1.542383664469072, "n_runs": 20}}, {"type": "Feature", "geometry": {"type": "LineString", "coordinates": [[139.9311490969, 35.898618964], [139.9303339038, 35.8988440368]]}, "properties": {"link_id": "533967_00536_11512_1", "road_id": "533967_00536_11512", "upnode": "533967_11512", "downnode": "533967_00536", "scenario": "no05", "slot_code": "1345", "hhmm": "13:45", "V_kmh_mean": 43.1790670218583, "V_kmh_std": 0.1329891388577904, "TTT_sec_mean": 573.3695, "TTT_sec_std": 28.03830959597958, "flow_mean": 70.75, "flow_std": 3.4162922345108213, "n_runs": 20}}, {"type": "Feature", "geometry": {"type": "LineString", "coordinates": [[139.9390888177, 35.9007729812], [139.939516, 35.901065], [139.939854, 35.901306], [139.9408852599, 35.9020942841]]}, "properties": {"link_id": "533967_00538_00539_0", "road_id": "533967_00538_00539", "upnode": "533967_00538", "downnode": "533967_00539", "scenario": "no05", "slot_code": "1345", "hhmm": "13:45", "V_kmh_mean": 26.275678977603583, "V_kmh_std": 0.7888058731334318, "TTT_sec_mean": 2811.155, "TTT_sec_std": 321.2563389257869, "flow_mean": 75.65, "flow_std": 7.720614919605958, "n_runs": 20}}, {"type": "Feature", "geometry": {"type": "LineString", "coordinates": [[139.9408852599, 35.9020942841], [139.939854, 35.901306], [139.939516, 35.901065], [139.9390888177, 35.9007729812]]}, "properties": {"link_id": "533967_00538_00539_1", "road_id": "533967_00538_00539", "upnode": "533967_00539", "downnode": "533967_00538", "scenario": "no05", "slot_code": "1345", "hhmm": "13:45", "V_kmh_mean": 21.16165709555211, "V_kmh_std": 3.692760814521065, "TTT_sec_mean": 3844.899, "TTT_sec_std": 845.3539172746398, "flow_mean": 80.5, "flow_std": 3.76269780036108, "n_runs": 20}}, {"type": "Feature", "geometry": {"type": "LineString", "coordinates": [[139.9390652129, 35.9006398758], [139.939554, 35.90004], [139.939841, 35.899673], [139.940104, 35.899315], [139.9402650477, 35.8990620339]]}, "properties": {"link_id": "533967_00538_11513_0", "road_id": "533967_00538_11513", "upnode": "533967_00538", "downnode": "533967_11513", "scenario": "no05", "slot_code": "1345", "hhmm": "13:45", "V_kmh_mean": 40.71301285777367, "V_kmh_std": 7.182916130994043, "TTT_sec_mean": 2449.712, "TTT_sec_std": 836.485504971466, "flow_mean": 102.0, "flow_std": 4.460351650050167, "n_runs": 20}}, {"type": "Feature", "geometry": {"type": "LineString", "coordinates": [[139.9402650477, 35.8990620339], [139.940104, 35.899315], [139.939841, 35.899673], [139.939554, 35.90004], [139.9390652129, 35.9006398758]]}, "properties": {"link_id": "533967_00538_11513_1", "road_id": "533967_00538_11513", "upnode": "533967_11513", "downnode": "533967_00538", "scenario": "no05", "slot_code": "1345", "hhmm": "13:45", "V_kmh_mean": 17.6315399220651, "V_kmh_std": 4.240699109256551, "TTT_sec_mean": 3270.127, "TTT_sec_std": 1206.8730984922197, "flow_mean": 57.55, "flow_std": 5.725979576043138, "n_runs": 20}}, {"type": "Feature", "geometry": {"type": "LineString", "coordinates": [[139.9408856941, 35.9022180898], [139.940653, 35.902398], [139.9388550773, 35.9039082569]]}, "properties": {"link_id": "533967_00539_11517_0", "road_id": "533967_00539_11517", "upnode": "533967_00539", "downnode": "533967_11517", "scenario": "no05", "slot_code": "1345", "hhmm": "13:45", "V_kmh_mean": null, "V_kmh_std": null, "TTT_sec_mean": null, "TTT_sec_std": null, "flow_mean": 0.0, "flow_std": 0.0, "n_runs": 20}}, {"type": "Feature", "geometry": {"type": "LineString", "coordinates": [[139.9388550773, 35.9039082569], [139.940653, 35.902398], [139.9408856941, 35.9022180898]]}, "properties": {"link_id": "533967_00539_11517_1", "road_id": "533967_00539_11517", "upnode": "533967_11517", "downnode": "533967_00539", "scenario": "no05", "slot_code": "1345", "hhmm": "13:45", "V_kmh_mean": 13.232914440467406, "V_kmh_std": 1.24302144398063, "TTT_sec_mean": 645.101, "TTT_sec_std": 83.98651758341617, "flow_mean": 7.75, "flow_std": 0.7863975156570492, "n_runs": 20}}, {"type": "Feature", "geometry": {"type": "LineString", "coordinates": [[139.9464754157, 35.8902900007], [139.946403, 35.890266], [139.946353, 35.890266], [139.946291, 35.890274], [139.946229, 35.890324], [139.946191, 35.890366], [139.9456910777, 35.8911686034]]}, "properties": {"link_id": "533967_00605_01530_0", "road_id": "533967_00605_01530", "upnode": "533967_00605", "downnode": "533967_01530", "scenario": "no05", "slot_code": "1345", "hhmm": "13:45", "V_kmh_mean": null, "V_kmh_std": null, "TTT_sec_mean": null, "TTT_sec_std": null, "flow_mean": 0.0, "flow_std": 0.0, "n_runs": 20}}, {"type": "Feature", "geometry": {"type": "LineString", "coordinates": [[139.9456910777, 35.8911686034], [139.946191, 35.890366], [139.946229, 35.890324], [139.946291, 35.890274], [139.946353, 35.890266], [139.946403, 35.890266], [139.9464754157, 35.8902900007]]}, "properties": {"link_id": "533967_00605_01530_1", "road_id": "533967_00605_01530", "upnode": "533967_01530", "downnode": "533967_00605", "scenario": "no05", "slot_code": "1345", "hhmm": "13:45", "V_kmh_mean": null, "V_kmh_std": null, "TTT_sec_mean": null, "TTT_sec_std": null, "flow_mean": 0.0, "flow_std": 0.0, "n_runs": 20}}, {"type": "Feature", "geometry": {"type": "LineString", "coordinates": [[139.9466720291, 35.8903716418], [139.9471589702, 35.8906183586]]}, "properties": {"link_id": "533967_00605_72276_0", "road_id": "533967_00605_72276", "upnode": "533967_00605", "downnode": "533967_72276", "scenario": "no05", "slot_code": "1345", "hhmm": "13:45", "V_kmh_mean": null, "V_kmh_std": null, "TTT_sec_mean": null, "TTT_sec_std": null, "flow_mean": 0.0, "flow_std": 0.0, "n_runs": 20}}, {"type": "Feature", "geometry": {"type": "LineString", "coordinates": [[139.9471589702, 35.8906183586], [139.9466720291, 35.8903716418]]}, "properties": {"link_id": "533967_00605_72276_1", "road_id": "533967_00605_72276", "upnode": "533967_72276", "downnode": "533967_00605", "scenario": "no05", "slot_code": "1345", "hhmm": "13:45", "V_kmh_mean": null, "V_kmh_std": null, "TTT_sec_mean": null, "TTT_sec_std": null, "flow_mean": 0.0, "flow_std": 0.0, "n_runs": 20}}, {"type": "Feature", "geometry": {"type": "LineString", "coordinates": [[139.9339040501, 35.8941376862], [139.9340039497, 35.894176314]]}, "properties": {"link_id": "533967_00608_00609_0", "road_id": "533967_00608_00609", "upnode": "533967_00608", "downnode": "533967_00609", "scenario": "no05", "slot_code": "1345", "hhmm": "13:45", "V_kmh_mean": 68.52095444549903, "V_kmh_std": 2.325449520453865, "TTT_sec_mean": 180.2035, "TTT_sec_std": 7.311241722601968, "flow_mean": 54.9, "flow_std": 0.8522416262267909, "n_runs": 20}}, {"type": "Feature", "geometry": {"type": "LineString", "coordinates": [[139.9340039497, 35.894176314], [139.9339040501, 35.8941376862]]}, "properties": {"link_id": "533967_00608_00609_1", "road_id": "533967_00608_00609", "upnode": "533967_00609", "downnode": "533967_00608", "scenario": "no05", "slot_code": "1345", "hhmm": "13:45", "V_kmh_mean": 29.784062719935186, "V_kmh_std": 0.2018371698863061, "TTT_sec_mean": 319.057, "TTT_sec_std": 23.86112850818693, "flow_mean": 63.3, "flow_std": 4.736198786724269, "n_runs": 20}}, {"type": "Feature", "geometry": {"type": "LineString", "coordinates": [[139.9341526266, 35.894134015], [139.934379, 35.893757], [139.934529, 35.893582], [139.934704, 35.893432], [139.934929, 35.893282], [139.935142, 35.893182], [139.935429, 35.893099], [139.935983746, 35.8930011039]]}, "properties": {"link_id": "533967_00609_11505_0", "road_id": "533967_00609_11505", "upnode": "533967_00609", "downnode": "533967_11505", "scenario": "no05", "slot_code": "1345", "hhmm": "13:45", "V_kmh_mean": 29.760496334787582, "V_kmh_std": 0.2871254831982012, "TTT_sec_mean": 93.5, "TTT_sec_std": 41.55212325944875, "flow_mean": 2.95, "flow_std": 1.3168942730211068, "n_runs": 20}}, {"type": "Feature", "geometry": {"type": "LineString", "coordinates": [[139.935983746, 35.8930011039], [139.935429, 35.893099], [139.935142, 35.893182], [139.934929, 35.893282], [139.934704, 35.893432], [139.934529, 35.893582], [139.934379, 35.893757], [139.9341526266, 35.894134015]]}, "properties": {"link_id": "533967_00609_11505_1", "road_id": "533967_00609_11505", "upnode": "533967_11505", "downnode": "533967_00609", "scenario": "no05", "slot_code": "1345", "hhmm": "13:45", "V_kmh_mean": 30.196464427925, "V_kmh_std": 0.1106649140024477, "TTT_sec_mean": 741.2345, "TTT_sec_std": 64.39193627801215, "flow_mean": 23.75, "flow_std": 2.074278568309321, "n_runs": 20}}, {"type": "Feature", "geometry": {"type": "LineString", "coordinates": [[139.9560565896, 35.8961952031], [139.955977, 35.896157], [139.955852, 35.896091], [139.955715, 35.896016], [139.955527, 35.895874], [139.955377, 35.895749], [139.955278, 35.895632], [139.955203, 35.895524], [139.95514, 35.895399], [139.95509, 35.895274], [139.9550341001, 35.8951185085]]}, "properties": {"link_id": "533967_00693_01661_0", "road_id": "533967_00693_01661", "upnode": "533967_00693", "downnode": "533967_01661", "scenario": "no05", "slot_code": "1345", "hhmm": "13:45", "V_kmh_mean": 28.03216968892329, "V_kmh_std": 2.5177756062338683, "TTT_sec_mean": 1864.308, "TTT_sec_std": 183.434169594263, "flow_mean": 71.85, "flow_std": 1.4964871146156034, "n_runs": 20}}, {"type": "Feature", "geometry": {"type": "LineString", "coordinates": [[139.9453357408, 35.9056010234], [139.9437952566, 35.9043769777]]}, "properties": {"link_id": "533967_00695_11518_0", "road_id": "533967_00695_11518", "upnode": "533967_00695", "downnode": "533967_11518", "scenario": "no05", "slot_code": "1345", "hhmm": "13:45", "V_kmh_mean": 50.8827596513232, "V_kmh_std": 0.1328495084031697, "TTT_sec_mean": 1404.068, "TTT_sec_std": 28.301610443298284, "flow_mean": 81.7, "flow_std": 1.592746717235092, "n_runs": 20}}, {"type": "Feature", "geometry": {"type": "LineString", "coordinates": [[139.9437952566, 35.9043769777], [139.9453357408, 35.9056010234]]}, "properties": {"link_id": "533967_00695_11518_1", "road_id": "533967_00695_11518", "upnode": "533967_11518", "downnode": "533967_00695", "scenario": "no05", "slot_code": "1345", "hhmm": "13:45", "V_kmh_mean": 28.88322185414479, "V_kmh_std": 0.0301745354419325, "TTT_sec_mean": 2499.459, "TTT_sec_std": 211.2308026755268, "flow_mean": 90.25, "flow_std": 7.635615992108784, "n_runs": 20}}, {"type": "Feature", "geometry": {"type": "LineString", "coordinates": [[139.9417994234, 35.8961325443], [139.940879, 35.897982], [139.940579, 35.898532], [139.9403635735, 35.8989006009]]}, "properties": {"link_id": "533967_00766_11513_0", "road_id": "533967_00766_11513", "upnode": "533967_00766", "downnode": "533967_11513", "scenario": "no05", "slot_code": "1345", "hhmm": "13:45", "V_kmh_mean": 46.67331991206508, "V_kmh_std": 2.167935000956288, "TTT_sec_mean": 1705.122, "TTT_sec_std": 177.5193482590441, "flow_mean": 57.75, "flow_std": 4.799945175125496, "n_runs": 20}}, {"type": "Feature", "geometry": {"type": "LineString", "coordinates": [[139.9403635735, 35.8989006009], [139.940579, 35.898532], [139.940879, 35.897982], [139.9417994234, 35.8961325443]]}, "properties": {"link_id": "533967_00766_11513_1", "road_id": "533967_00766_11513", "upnode": "533967_11513", "downnode": "533967_00766", "scenario": "no05", "slot_code": "1345", "hhmm": "13:45", "V_kmh_mean": 28.312451804328703, "V_kmh_std": 4.699233039040783, "TTT_sec_mean": 5063.215, "TTT_sec_std": 1223.5432413820029, "flow_mean": 100.6, "flow_std": 5.325213116565579, "n_runs": 20}}, {"type": "Feature", "geometry": {"type": "LineString", "coordinates": [[139.9419369544, 35.896094038], [139.9457570412, 35.8978869651]]}, "properties": {"link_id": "533967_00766_14156_0", "road_id": "533967_00766_14156", "upnode": "533967_00766", "downnode": "533967_14156", "scenario": "no05", "slot_code": "1345", "hhmm": "13:45", "V_kmh_mean": 46.48381408542143, "V_kmh_std": 1.295104006864427, "TTT_sec_mean": 2308.797, "TTT_sec_std": 343.1626426745319, "flow_mean": 66.1, "flow_std": 9.536081066416283, "n_runs": 20}}, {"type": "Feature", "geometry": {"type": "LineString", "coordinates": [[139.9457570412, 35.8978869651], [139.9419369544, 35.896094038]]}, "properties": {"link_id": "533967_00766_14156_1", "road_id": "533967_00766_14156", "upnode": "533967_14156", "downnode": "533967_00766", "scenario": "no05", "slot_code": "1345", "hhmm": "13:45", "V_kmh_mean": 31.4477463774532, "V_kmh_std": 2.522250123554541, "TTT_sec_mean": 1215.861, "TTT_sec_std": 189.25829489990937, "flow_mean": 23.3, "flow_std": 3.113637236754671, "n_runs": 20}}, {"type": "Feature", "geometry": {"type": "LineString", "coordinates": [[139.9549514256, 35.8976080991], [139.954902, 35.897565], [139.9545322401, 35.8973649137]]}, "properties": {"link_id": "533967_00818_01603_0", "road_id": "533967_00818_01603", "upnode": "533967_00818", "downnode": "533967_01603", "scenario": "no05", "slot_code": "1345", "hhmm": "13:45", "V_kmh_mean": null, "V_kmh_std": null, "TTT_sec_mean": null, "TTT_sec_std": null, "flow_mean": 0.0, "flow_std": 0.0, "n_runs": 20}}, {"type": "Feature", "geometry": {"type": "LineString", "coordinates": [[139.9545322401, 35.8973649137], [139.954902, 35.897565], [139.9549514256, 35.8976080991]]}, "properties": {"link_id": "533967_00818_01603_1", "road_id": "533967_00818_01603", "upnode": "533967_01603", "downnode": "533967_00818", "scenario": "no05", "slot_code": "1345", "hhmm": "13:45", "V_kmh_mean": null, "V_kmh_std": null, "TTT_sec_mean": null, "TTT_sec_std": null, "flow_mean": 0.0, "flow_std": 0.0, "n_runs": 20}}, {"type": "Feature", "geometry": {"type": "LineString", "coordinates": [[139.9543632577, 35.8893956951], [139.954328, 35.88945], [139.9542578296, 35.8896541962]]}, "properties": {"link_id": "533967_00933_00943_0", "road_id": "533967_00933_00943", "upnode": "533967_00933", "downnode": "533967_00943", "scenario": "no05", "slot_code": "1345", "hhmm": "13:45", "V_kmh_mean": 54.9213285753732, "V_kmh_std": 0.1858241121296183, "TTT_sec_mean": 225.908, "TTT_sec_std": 8.222079132625634, "flow_mean": 45.05, "flow_std": 1.6050905860647509, "n_runs": 20}}, {"type": "Feature", "geometry": {"type": "LineString", "coordinates": [[139.9543697068, 35.8897608974], [139.954428, 35.88945], [139.9544237172, 35.8894058542]]}, "properties": {"link_id": "533967_00933_00944_1", "road_id": "533967_00933_00944", "upnode": "533967_00944", "downnode": "533967_00933", "scenario": "no05", "slot_code": "1345", "hhmm": "13:45", "V_kmh_mean": 50.51016349489186, "V_kmh_std": 0.6444458171619143, "TTT_sec_mean": 207.024, "TTT_sec_std": 23.67112484819738, "flow_mean": 32.7, "flow_std": 3.686390332589663, "n_runs": 20}}, {"type": "Feature", "geometry": {"type": "LineString", "coordinates": [[139.9544390086, 35.889228009], [139.954615, 35.888583], [139.95469, 35.888358], [139.954765, 35.888158], [139.9547775, 35.888129]]}, "properties": {"link_id": "533967_00933_14152_0", "road_id": "533967_00933_14152", "upnode": "533967_00933", "downnode": "533967_14152", "scenario": "no05", "slot_code": "1345", "hhmm": "13:45", "V_kmh_mean": 45.83428428927681, "V_kmh_std": 0.0255614354335617, "TTT_sec_mean": 442.257, "TTT_sec_std": 47.10564756620568, "flow_mean": 36.85, "flow_std": 3.923948065539684, "n_runs": 20}}, {"type": "Feature", "geometry": {"type": "LineString", "coordinates": [[139.9547775, 35.888129], [139.954765, 35.888158], [139.95469, 35.888358], [139.954615, 35.888583], [139.9544390086, 35.889228009]]}, "properties": {"link_id": "533967_00933_14152_1", "road_id": "533967_00933_14152", "upnode": "533967_14152", "downnode": "533967_00933", "scenario": "no05", "slot_code": "1345", "hhmm": "13:45", "V_kmh_mean": 51.432892756258944, "V_kmh_std": 0.0447338418324161, "TTT_sec_mean": 535.382, "TTT_sec_std": 15.911626864456212, "flow_mean": 44.6, "flow_std": 1.3138933706635725, "n_runs": 20}}, {"type": "Feature", "geometry": {"type": "LineString", "coordinates": [[139.9518937494, 35.8944638907], [139.951328, 35.894541], [139.951053, 35.894574], [139.950728, 35.894557], [139.9500510207, 35.8944924851]]}, "properties": {"link_id": "533967_00938_00939_0", "road_id": "533967_00938_00939", "upnode": "533967_00938", "downnode": "533967_00939", "scenario": "no05", "slot_code": "1345", "hhmm": "13:45", "V_kmh_mean": 17.043204159334728, "V_kmh_std": 1.373685951790917, "TTT_sec_mean": 2037.6215, "TTT_sec_std": 215.3202779038216, "flow_mean": 46.05, "flow_std": 1.8771478925557024, "n_runs": 20}}, {"type": "Feature", "geometry": {"type": "LineString", "coordinates": [[139.9500510207, 35.8944924851], [139.950728, 35.894557], [139.951053, 35.894574], [139.951328, 35.894541], [139.9518937494, 35.8944638907]]}, "properties": {"link_id": "533967_00938_00939_1", "road_id": "533967_00938_00939", "upnode": "533967_00939", "downnode": "533967_00938", "scenario": "no05", "slot_code": "1345", "hhmm": "13:45", "V_kmh_mean": 44.49560033219317, "V_kmh_std": 0.5309301563107818, "TTT_sec_mean": 1138.4955, "TTT_sec_std": 94.73900983199772, "flow_mean": 65.7, "flow_std": 5.192099261073706, "n_runs": 20}}, {"type": "Feature", "geometry": {"type": "LineString", "coordinates": [[139.952215, 35.8943115], [139.95219, 35.894349], [139.9520955705, 35.8943994971]]}, "properties": {"link_id": "533967_00938_01409_1", "road_id": "533967_00938_01409", "upnode": "533967_01409", "downnode": "533967_00938", "scenario": "no05", "slot_code": "1345", "hhmm": "13:45", "V_kmh_mean": 52.95201122801566, "V_kmh_std": 0.4875762388272376, "TTT_sec_mean": 188.9235, "TTT_sec_std": 3.353430725626956, "flow_mean": 46.7, "flow_std": 0.7326950970650469, "n_runs": 20}}, {"type": "Feature", "geometry": {"type": "LineString", "coordinates": [[139.9521134316, 35.8944419324], [139.952128, 35.894441], [139.952265, 35.894432], [139.952315, 35.894424]]}, "properties": {"link_id": "533967_00938_01417_0", "road_id": "533967_00938_01417", "upnode": "533967_00938", "downnode": "533967_01417", "scenario": "no05", "slot_code": "1345", "hhmm": "13:45", "V_kmh_mean": 49.66639953355028, "V_kmh_std": 0.654401589214372, "TTT_sec_mean": 268.951, "TTT_sec_std": 21.25823503591268, "flow_mean": 65.2, "flow_std": 5.084548316118885, "n_runs": 20}}, {"type": "Feature", "geometry": {"type": "LineString", "coordinates": [[139.94990025, 35.89447575], [139.94981875, 35.89446325]]}, "properties": {"link_id": "533967_00939_00940_0", "road_id": "533967_00939_00940", "upnode": "533967_00939", "downnode": "533967_00940", "scenario": "no05", "slot_code": "1345", "hhmm": "13:45", "V_kmh_mean": 30.557714285714287, "V_kmh_std": 12.91693071262728, "TTT_sec_mean": 7.333333333333333, "TTT_sec_std": 3.5973846709225072, "flow_mean": 1.05, "flow_std": 0.5104177855340405, "n_runs": 20}}, {"type": "Feature", "geometry": {"type": "LineString", "coordinates": [[139.94981875, 35.89446325], [139.94990025, 35.89447575]]}, "properties": {"link_id": "533967_00939_00940_1", "road_id": "533967_00939_00940", "upnode": "533967_00940", "downnode": "533967_00939", "scenario": "no05", "slot_code": "1345", "hhmm": "13:45", "V_kmh_mean": 27.32064883615317, "V_kmh_std": 12.784683846612444, "TTT_sec_mean": 49.0075, "TTT_sec_std": 23.344422392044358, "flow_mean": 5.0, "flow_std": 5.749141812387947, "n_runs": 20}}, {"type": "Feature", "geometry": {"type": "LineString", "coordinates": [[139.9497061831, 35.8957758334], [139.9499248174, 35.8945711667]]}, "properties": {"link_id": "533967_00939_01421_1", "road_id": "533967_00939_01421", "upnode": "533967_01421", "downnode": "533967_00939", "scenario": "no05", "slot_code": "1345", "hhmm": "13:45", "V_kmh_mean": 17.8459788264068, "V_kmh_std": 0.906909551515301, "TTT_sec_mean": 4909.0435, "TTT_sec_std": 422.3034383657399, "flow_mean": 129.1, "flow_std": 7.383480850769792, "n_runs": 20}}, {"type": "Feature", "geometry": {"type": "LineString", "coordinates": [[139.9497626661, 35.8945462659], [139.9494183347, 35.8965507341]]}, "properties": {"link_id": "533967_00940_13718_0", "road_id": "533967_00940_13718", "upnode": "533967_00940", "downnode": "533967_13718", "scenario": "no05", "slot_code": "1345", "hhmm": "13:45", "V_kmh_mean": 38.82246506734392, "V_kmh_std": 0.4051878607889123, "TTT_sec_mean": 1253.4165, "TTT_sec_std": 122.19505969318496, "flow_mean": 49.8, "flow_std": 4.8406176204456015, "n_runs": 20}}, {"type": "Feature", "geometry": {"type": "LineString", "coordinates": [[139.9542103168, 35.8898299777], [139.954165, 35.890058], [139.954153, 35.890341], [139.9541753089, 35.8904766626]]}, "properties": {"link_id": "533967_00943_01268_0", "road_id": "533967_00943_01268", "upnode": "533967_00943", "downnode": "533967_01268", "scenario": "no05", "slot_code": "1345", "hhmm": "13:45", "V_kmh_mean": 47.03147290343762, "V_kmh_std": 0.0766669217388645, "TTT_sec_mean": 406.984, "TTT_sec_std": 16.38660891029463, "flow_mean": 45.25, "flow_std": 1.802775637731995, "n_runs": 20}}, {"type": "Feature", "geometry": {"type": "LineString", "coordinates": [[139.9543327019, 35.8899520247], [139.9543352981, 35.8899389753]]}, "properties": {"link_id": "533967_00944_13715_1", "road_id": "533967_00944_13715", "upnode": "533967_13715", "downnode": "533967_00944", "scenario": "no05", "slot_code": "1345", "hhmm": "13:45", "V_kmh_mean": 49.927459416587205, "V_kmh_std": 0.9792022525231844, "TTT_sec_mean": 111.898, "TTT_sec_std": 13.265230214043742, "flow_mean": 32.25, "flow_std": 3.7257991018529726, "n_runs": 20}}, {"type": "Feature", "geometry": {"type": "LineString", "coordinates": [[139.9318691502, 35.9023337132], [139.9321018503, 35.9009622869]]}, "properties": {"link_id": "533967_00949_14017_0", "road_id": "533967_00949_14017", "upnode": "533967_00949", "downnode": "533967_14017", "scenario": "no05", "slot_code": "1345", "hhmm": "13:45", "V_kmh_mean": 51.19387848611474, "V_kmh_std": 0.1755741068171004, "TTT_sec_mean": 508.2955, "TTT_sec_std": 11.265119185483927, "flow_mean": 36.05, "flow_std": 0.7591546545162481, "n_runs": 20}}, {"type": "Feature", "geometry": {"type": "LineString", "coordinates": [[139.9321018503, 35.9009622869], [139.9318691502, 35.9023337132]]}, "properties": {"link_id": "533967_00949_14017_1", "road_id": "533967_00949_14017", "upnode": "533967_14017", "downnode": "533967_00949", "scenario": "no05", "slot_code": "1345", "hhmm": "13:45", "V_kmh_mean": 46.440000000000005, "V_kmh_std": 4.312830829653677e-15, "TTT_sec_mean": 480.9, "TTT_sec_std": 49.81428668459217, "flow_mean": 34.35, "flow_std": 3.558163334613726, "n_runs": 20}}, {"type": "Feature", "geometry": {"type": "LineString", "coordinates": [[139.9508623794, 35.9023333799], [139.950853, 35.902323], [139.950753, 35.90219], [139.950489646, 35.9017625762]]}, "properties": {"link_id": "533967_00976_12969_0", "road_id": "533967_00976_12969", "upnode": "533967_00976", "downnode": "533967_12969", "scenario": "no05", "slot_code": "1345", "hhmm": "13:45", "V_kmh_mean": 53.32345081326535, "V_kmh_std": 0.0780463302419228, "TTT_sec_mean": 363.115, "TTT_sec_std": 6.889604296940506, "flow_mean": 45.35, "flow_std": 0.8750939799154204, "n_runs": 20}}, {"type": "Feature", "geometry": {"type": "LineString", "coordinates": [[139.950489646, 35.9017625762], [139.950753, 35.90219], [139.950853, 35.902323], [139.9508623794, 35.9023333799]]}, "properties": {"link_id": "533967_00976_12969_1", "road_id": "533967_00976_12969", "upnode": "533967_12969", "downnode": "533967_00976", "scenario": "no05", "slot_code": "1345", "hhmm": "13:45", "V_kmh_mean": 35.43248358342018, "V_kmh_std": 0.2057376937055471, "TTT_sec_mean": 337.21349999999995, "TTT_sec_std": 38.53025882342344, "flow_mean": 34.15, "flow_std": 3.937338133682116, "n_runs": 20}}, {"type": "Feature", "geometry": {"type": "LineString", "coordinates": [[139.9501108985, 35.9006445715], [139.9506451018, 35.900543429]]}, "properties": {"link_id": "533967_00978_01607_0", "road_id": "533967_00978_01607", "upnode": "533967_00978", "downnode": "533967_01607", "scenario": "no05", "slot_code": "1345", "hhmm": "13:45", "V_kmh_mean": null, "V_kmh_std": null, "TTT_sec_mean": null, "TTT_sec_std": null, "flow_mean": 0.0, "flow_std": 0.0, "n_runs": 20}}, {"type": "Feature", "geometry": {"type": "LineString", "coordinates": [[139.9506451018, 35.900543429], [139.9501108985, 35.9006445715]]}, "properties": {"link_id": "533967_00978_01607_1", "road_id": "533967_00978_01607", "upnode": "533967_01607", "downnode": "533967_00978", "scenario": "no05", "slot_code": "1345", "hhmm": "13:45", "V_kmh_mean": null, "V_kmh_std": null, "TTT_sec_mean": null, "TTT_sec_std": null, "flow_mean": 0.0, "flow_std": 0.0, "n_runs": 20}}, {"type": "Feature", "geometry": {"type": "LineString", "coordinates": [[139.9500322401, 35.9007519373], [139.950115, 35.900998], [139.95024, 35.901273], [139.9503990469, 35.9015982512]]}, "properties": {"link_id": "533967_00978_12969_0", "road_id": "533967_00978_12969", "upnode": "533967_00978", "downnode": "533967_12969", "scenario": "no05", "slot_code": "1345", "hhmm": "13:45", "V_kmh_mean": 40.10143961352907, "V_kmh_std": 0.1579728731516461, "TTT_sec_mean": 447.0155, "TTT_sec_std": 51.7268156533106, "flow_mean": 34.15, "flow_std": 3.937338133682116, "n_runs": 20}}, {"type": "Feature", "geometry": {"type": "LineString", "coordinates": [[139.9503990469, 35.9015982512], [139.95024, 35.901273], [139.950115, 35.900998], [139.9500322401, 35.9007519373]]}, "properties": {"link_id": "533967_00978_12969_1", "road_id": "533967_00978_12969", "upnode": "533967_12969", "downnode": "533967_00978", "scenario": "no05", "slot_code": "1345", "hhmm": "13:45", "V_kmh_mean": 52.38572762116876, "V_kmh_std": 0.2580150741706777, "TTT_sec_mean": 455.53100000000006, "TTT_sec_std": 14.877803282955316, "flow_mean": 45.4, "flow_std": 1.4290224851827549, "n_runs": 20}}, {"type": "Feature", "geometry": {"type": "LineString", "coordinates": [[139.9498945318, 35.9006833227], [139.9492234686, 35.900796678]]}, "properties": {"link_id": "533967_00978_87768_0", "road_id": "533967_00978_87768", "upnode": "533967_00978", "downnode": "533967_87768", "scenario": "no05", "slot_code": "1345", "hhmm": "13:45", "V_kmh_mean": null, "V_kmh_std": null, "TTT_sec_mean": null, "TTT_sec_std": null, "flow_mean": 0.0, "flow_std": 0.0, "n_runs": 20}}, {"type": "Feature", "geometry": {"type": "LineString", "coordinates": [[139.9492234686, 35.900796678], [139.9498945318, 35.9006833227]]}, "properties": {"link_id": "533967_00978_87768_1", "road_id": "533967_00978_87768", "upnode": "533967_87768", "downnode": "533967_00978", "scenario": "no05", "slot_code": "1345", "hhmm": "13:45", "V_kmh_mean": null, "V_kmh_std": null, "TTT_sec_mean": null, "TTT_sec_std": null, "flow_mean": 0.0, "flow_std": 0.0, "n_runs": 20}}, {"type": "Feature", "geometry": {"type": "LineString", "coordinates": [[139.9540793517, 35.8905701755], [139.953978, 35.890574], [139.9534376703, 35.890636346]]}, "properties": {"link_id": "533967_01268_13716_0", "road_id": "533967_01268_13716", "upnode": "533967_01268", "downnode": "533967_13716", "scenario": "no05", "slot_code": "1345", "hhmm": "13:45", "V_kmh_mean": null, "V_kmh_std": null, "TTT_sec_mean": null, "TTT_sec_std": null, "flow_mean": 0.0, "flow_std": 0.0, "n_runs": 20}}, {"type": "Feature", "geometry": {"type": "LineString", "coordinates": [[139.9534376703, 35.890636346], [139.953978, 35.890574], [139.9540793517, 35.8905701755]]}, "properties": {"link_id": "533967_01268_13716_1", "road_id": "533967_01268_13716", "upnode": "533967_13716", "downnode": "533967_01268", "scenario": "no05", "slot_code": "1345", "hhmm": "13:45", "V_kmh_mean": null, "V_kmh_std": null, "TTT_sec_mean": null, "TTT_sec_std": null, "flow_mean": 0.0, "flow_std": 0.0, "n_runs": 20}}, {"type": "Feature", "geometry": {"type": "LineString", "coordinates": [[139.954340492, 35.8905594428], [139.954303, 35.890291], [139.9543106769, 35.8901310651]]}, "properties": {"link_id": "533967_01269_13715_0", "road_id": "533967_01269_13715", "upnode": "533967_01269", "downnode": "533967_13715", "scenario": "no05", "slot_code": "1345", "hhmm": "13:45", "V_kmh_mean": 49.32815736602551, "V_kmh_std": 0.5336757059451758, "TTT_sec_mean": 209.1305, "TTT_sec_std": 23.93746182627161, "flow_mean": 32.2, "flow_std": 3.736026597448432, "n_runs": 20}}, {"type": "Feature", "geometry": {"type": "LineString", "coordinates": [[139.95282475, 35.891885], [139.95281825, 35.891839]]}, "properties": {"link_id": "533967_01405_01406_0", "road_id": "533967_01405_01406", "upnode": "533967_01405", "downnode": "533967_01406", "scenario": "no05", "slot_code": "1345", "hhmm": "13:45", "V_kmh_mean": null, "V_kmh_std": null, "TTT_sec_mean": null, "TTT_sec_std": null, "flow_mean": 0.0, "flow_std": 0.0, "n_runs": 20}}, {"type": "Feature", "geometry": {"type": "LineString", "coordinates": [[139.95281825, 35.891839], [139.95282475, 35.891885]]}, "properties": {"link_id": "533967_01405_01406_1", "road_id": "533967_01405_01406", "upnode": "533967_01406", "downnode": "533967_01405", "scenario": "no05", "slot_code": "1345", "hhmm": "13:45", "V_kmh_mean": null, "V_kmh_std": null, "TTT_sec_mean": null, "TTT_sec_std": null, "flow_mean": 0.0, "flow_std": 0.0, "n_runs": 20}}, {"type": "Feature", "geometry": {"type": "LineString", "coordinates": [[139.9527903931, 35.8917281184], [139.952703, 35.891416], [139.952615, 35.891174], [139.952466051, 35.8908426486]]}, "properties": {"link_id": "533967_01406_01408_0", "road_id": "533967_01406_01408", "upnode": "533967_01406", "downnode": "533967_01408", "scenario": "no05", "slot_code": "1345", "hhmm": "13:45", "V_kmh_mean": null, "V_kmh_std": null, "TTT_sec_mean": null, "TTT_sec_std": null, "flow_mean": 0.0, "flow_std": 0.0, "n_runs": 20}}, {"type": "Feature", "geometry": {"type": "LineString", "coordinates": [[139.952466051, 35.8908426486], [139.952615, 35.891174], [139.952703, 35.891416], [139.9527903931, 35.8917281184]]}, "properties": {"link_id": "533967_01406_01408_1", "road_id": "533967_01406_01408", "upnode": "533967_01408", "downnode": "533967_01406", "scenario": "no05", "slot_code": "1345", "hhmm": "13:45", "V_kmh_mean": null, "V_kmh_std": null, "TTT_sec_mean": null, "TTT_sec_std": null, "flow_mean": 0.0, "flow_std": 0.0, "n_runs": 20}}, {"type": "Feature", "geometry": {"type": "LineString", "coordinates": [[139.9527055153, 35.8918296858], [139.952215, 35.891891], [139.952003, 35.891924], [139.9516129421, 35.891963006]]}, "properties": {"link_id": "533967_01406_01644_0", "road_id": "533967_01406_01644", "upnode": "533967_01406", "downnode": "533967_01644", "scenario": "no05", "slot_code": "1345", "hhmm": "13:45", "V_kmh_mean": 50.67538321504601, "V_kmh_std": 0.327690643046029, "TTT_sec_mean": 278.599, "TTT_sec_std": 51.38552723747888, "flow_mean": 26.9, "flow_std": 4.865561037591278, "n_runs": 20}}, {"type": "Feature", "geometry": {"type": "LineString", "coordinates": [[139.9523058817, 35.8905077702], [139.952387118, 35.8906742299]]}, "properties": {"link_id": "533967_01407_01408_0", "road_id": "533967_01407_01408", "upnode": "533967_01407", "downnode": "533967_01408", "scenario": "no05", "slot_code": "1345", "hhmm": "13:45", "V_kmh_mean": null, "V_kmh_std": null, "TTT_sec_mean": null, "TTT_sec_std": null, "flow_mean": 0.0, "flow_std": 0.0, "n_runs": 20}}, {"type": "Feature", "geometry": {"type": "LineString", "coordinates": [[139.952387118, 35.8906742299], [139.9523058817, 35.8905077702]]}, "properties": {"link_id": "533967_01407_01408_1", "road_id": "533967_01407_01408", "upnode": "533967_01408", "downnode": "533967_01407", "scenario": "no05", "slot_code": "1345", "hhmm": "13:45", "V_kmh_mean": null, "V_kmh_std": null, "TTT_sec_mean": null, "TTT_sec_std": null, "flow_mean": 0.0, "flow_std": 0.0, "n_runs": 20}}, {"type": "Feature", "geometry": {"type": "LineString", "coordinates": [[139.9523210084, 35.8907813333], [139.95224, 35.890799], [139.952003, 35.890849], [139.951803, 35.890908], [139.951678, 35.890941], [139.951228, 35.891083], [139.9514760186, 35.8918865811]]}, "properties": {"link_id": "533967_01408_01644_0", "road_id": "533967_01408_01644", "upnode": "533967_01408", "downnode": "533967_01644", "scenario": "no05", "slot_code": "1345", "hhmm": "13:45", "V_kmh_mean": null, "V_kmh_std": null, "TTT_sec_mean": null, "TTT_sec_std": null, "flow_mean": 0.0, "flow_std": 0.0, "n_runs": 20}}, {"type": "Feature", "geometry": {"type": "LineString", "coordinates": [[139.9514760186, 35.8918865811], [139.951228, 35.891083], [139.951678, 35.890941], [139.951803, 35.890908], [139.952003, 35.890849], [139.95224, 35.890799], [139.9523210084, 35.8907813333]]}, "properties": {"link_id": "533967_01408_01644_1", "road_id": "533967_01408_01644", "upnode": "533967_01644", "downnode": "533967_01408", "scenario": "no05", "slot_code": "1345", "hhmm": "13:45", "V_kmh_mean": null, "V_kmh_std": null, "TTT_sec_mean": null, "TTT_sec_std": null, "flow_mean": 0.0, "flow_std": 0.0, "n_runs": 20}}, {"type": "Feature", "geometry": {"type": "LineString", "coordinates": [[139.9525364266, 35.8907395675], [139.952628, 35.890724], [139.9532181805, 35.8906607667]]}, "properties": {"link_id": "533967_01408_13716_0", "road_id": "533967_01408_13716", "upnode": "533967_01408", "downnode": "533967_13716", "scenario": "no05", "slot_code": "1345", "hhmm": "13:45", "V_kmh_mean": null, "V_kmh_std": null, "TTT_sec_mean": null, "TTT_sec_std": null, "flow_mean": 0.0, "flow_std": 0.0, "n_runs": 20}}, {"type": "Feature", "geometry": {"type": "LineString", "coordinates": [[139.9532181805, 35.8906607667], [139.952628, 35.890724], [139.9525364266, 35.8907395675]]}, "properties": {"link_id": "533967_01408_13716_1", "road_id": "533967_01408_13716", "upnode": "533967_13716", "downnode": "533967_01408", "scenario": "no05", "slot_code": "1345", "hhmm": "13:45", "V_kmh_mean": null, "V_kmh_std": null, "TTT_sec_mean": null, "TTT_sec_std": null, "flow_mean": 0.0, "flow_std": 0.0, "n_runs": 20}}, {"type": "Feature", "geometry": {"type": "LineString", "coordinates": [[139.952403, 35.893891], [139.952378, 35.893866], [139.952265, 35.893857], [139.95214, 35.893891], [139.952103, 35.893974], [139.952128, 35.894066], [139.952215, 35.894199], [139.9522275, 35.8942365]]}, "properties": {"link_id": "533967_01409_01410_1", "road_id": "533967_01409_01410", "upnode": "533967_01410", "downnode": "533967_01409", "scenario": "no05", "slot_code": "1345", "hhmm": "13:45", "V_kmh_mean": 58.58879010343816, "V_kmh_std": 0.4171700637540649, "TTT_sec_mean": 131.8835, "TTT_sec_std": 19.03591488545575, "flow_mean": 21.8, "flow_std": 3.0539017321246087, "n_runs": 20}}, {"type": "Feature", "geometry": {"type": "LineString", "coordinates": [[139.9522887552, 35.8943549337], [139.95229, 35.894357], [139.9523275, 35.8943865]]}, "properties": {"link_id": "533967_01409_01417_0", "road_id": "533967_01409_01417", "upnode": "533967_01409", "downnode": "533967_01417", "scenario": "no05", "slot_code": "1345", "hhmm": "13:45", "V_kmh_mean": null, "V_kmh_std": null, "TTT_sec_mean": null, "TTT_sec_std": null, "flow_mean": 0.0, "flow_std": 0.0, "n_runs": 20}}, {"type": "Feature", "geometry": {"type": "LineString", "coordinates": [[139.9524688968, 35.894384739], [139.952478, 35.894382], [139.952528, 35.894307], [139.952528, 35.894207], [139.9524578295, 35.8940028041]]}, "properties": {"link_id": "533967_01410_01417_1", "road_id": "533967_01410_01417", "upnode": "533967_01417", "downnode": "533967_01410", "scenario": "no05", "slot_code": "1345", "hhmm": "13:45", "V_kmh_mean": 50.78410614257862, "V_kmh_std": 0.1914798028350878, "TTT_sec_mean": 378.827, "TTT_sec_std": 28.104222964192623, "flow_mean": 62.95, "flow_std": 4.751454071068527, "n_runs": 20}}, {"type": "Feature", "geometry": {"type": "LineString", "coordinates": [[139.9531917144, 35.8936848802], [139.95319, 35.893682], [139.9531790343, 35.8936725468]]}, "properties": {"link_id": "533967_01412_01413_0", "road_id": "533967_01412_01413", "upnode": "533967_01412", "downnode": "533967_01413", "scenario": "no05", "slot_code": "1345", "hhmm": "13:45", "V_kmh_mean": null, "V_kmh_std": null, "TTT_sec_mean": null, "TTT_sec_std": null, "flow_mean": 0.0, "flow_std": 0.0, "n_runs": 20}}, {"type": "Feature", "geometry": {"type": "LineString", "coordinates": [[139.9529650835, 35.8940117924], [139.95299, 35.894099], [139.953028, 35.894199], [139.953103, 35.894249], [139.953253, 35.894257], [139.953353, 35.894216], [139.95339, 35.894116], [139.95334, 35.893991], [139.95324, 35.893816], [139.95324, 35.893791]]}, "properties": {"link_id": "533967_01412_01414_1", "road_id": "533967_01412_01414", "upnode": "533967_01414", "downnode": "533967_01412", "scenario": "no05", "slot_code": "1345", "hhmm": "13:45", "V_kmh_mean": 55.96, "V_kmh_std": 6.774759166074719e-15, "TTT_sec_mean": 12.75, "TTT_sec_std": 6.017021310793693, "flow_mean": 0.85, "flow_std": 0.8750939799154206, "n_runs": 20}}, {"type": "Feature", "geometry": {"type": "LineString", "coordinates": [[139.9530022425, 35.8936444497], [139.95299, 35.893649], [139.952928, 35.893691], [139.952903, 35.893774], [139.9529182017, 35.8938356287]]}, "properties": {"link_id": "533967_01413_01414_0", "road_id": "533967_01413_01414", "upnode": "533967_01413", "downnode": "533967_01414", "scenario": "no05", "slot_code": "1345", "hhmm": "13:45", "V_kmh_mean": null, "V_kmh_std": null, "TTT_sec_mean": null, "TTT_sec_std": null, "flow_mean": 0.0, "flow_std": 0.0, "n_runs": 20}}, {"type": "Feature", "geometry": {"type": "LineString", "coordinates": [[139.95224975, 35.8966715], [139.95229325, 35.8967005]]}, "properties": {"link_id": "533967_01418_01419_0", "road_id": "533967_01418_01419", "upnode": "533967_01418", "downnode": "533967_01419", "scenario": "no05", "slot_code": "1345", "hhmm": "13:45", "V_kmh_mean": null, "V_kmh_std": null, "TTT_sec_mean": null, "TTT_sec_std": null, "flow_mean": 0.0, "flow_std": 0.0, "n_runs": 20}}, {"type": "Feature", "geometry": {"type": "LineString", "coordinates": [[139.95229325, 35.8967005], [139.95224975, 35.8966715]]}, "properties": {"link_id": "533967_01418_01419_1", "road_id": "533967_01418_01419", "upnode": "533967_01419", "downnode": "533967_01418", "scenario": "no05", "slot_code": "1345", "hhmm": "13:45", "V_kmh_mean": null, "V_kmh_std": null, "TTT_sec_mean": null, "TTT_sec_std": null, "flow_mean": 0.0, "flow_std": 0.0, "n_runs": 20}}, {"type": "Feature", "geometry": {"type": "LineString", "coordinates": [[139.9529596588, 35.8959895375], [139.952878, 35.896032], [139.9522995576, 35.8965881952]]}, "properties": {"link_id": "533967_01418_01420_1", "road_id": "533967_01418_01420", "upnode": "533967_01420", "downnode": "533967_01418", "scenario": "no05", "slot_code": "1345", "hhmm": "13:45", "V_kmh_mean": 9.613310218004424, "V_kmh_std": 0.3704724855058284, "TTT_sec_mean": 2898.455, "TTT_sec_std": 293.82483054937416, "flow_mean": 58.85, "flow_std": 5.460624602793309, "n_runs": 20}}, {"type": "Feature", "geometry": {"type": "LineString", "coordinates": [[139.9510699611, 35.8960354051], [139.950953, 35.896007], [139.949799732, 35.8958773378]]}, "properties": {"link_id": "533967_01418_01421_0", "road_id": "I_23_0804143920969", "upnode": "I_22_533967_-00002", "downnode": "533967_01421", "scenario": "no05", "slot_code": "1345", "hhmm": "13:45", "V_kmh_mean": 20.03541212825952, "V_kmh_std": 0.189842839793918, "TTT_sec_mean": 513.6270000000001, "TTT_sec_std": 116.307526122051, "flow_mean": 22.75, "flow_std": 5.045842478297304, "n_runs": 20}}, {"type": "Feature", "geometry": {"type": "LineString", "coordinates": [[139.9510914569, 35.8960396732], [139.951203, 35.896057], [139.951415, 35.896132], [139.951665, 35.896257], [139.9521445578, 35.8965977164]]}, "properties": {"link_id": "533967_01418_01421_1", "road_id": "I_23_0804143920954", "upnode": "I_22_533967_-00002", "downnode": "533967_01418", "scenario": "no05", "slot_code": "1345", "hhmm": "13:45", "V_kmh_mean": null, "V_kmh_std": null, "TTT_sec_mean": null, "TTT_sec_std": null, "flow_mean": 0.0, "flow_std": 0.0, "n_runs": 20}}, {"type": "Feature", "geometry": {"type": "LineString", "coordinates": [[139.9523863292, 35.8966460383], [139.952978, 35.896074], [139.9530068035, 35.8960229218]]}, "properties": {"link_id": "533967_01419_01420_0", "road_id": "533967_01419_01420", "upnode": "533967_01419", "downnode": "533967_01420", "scenario": "no05", "slot_code": "1345", "hhmm": "13:45", "V_kmh_mean": 26.60500739054934, "V_kmh_std": 5.048524158344758, "TTT_sec_mean": 653.64, "TTT_sec_std": 156.04463990187313, "flow_mean": 35.05, "flow_std": 5.79904710865682, "n_runs": 20}}, {"type": "Feature", "geometry": {"type": "LineString", "coordinates": [[139.9513152045, 35.8975764156], [139.95149, 35.897465], [139.951703, 35.897307], [139.9522436933, 35.8967839771]]}, "properties": {"link_id": "533967_01419_01425_1", "road_id": "533967_01419_01425", "upnode": "533967_01425", "downnode": "533967_01419", "scenario": "no05", "slot_code": "1345", "hhmm": "13:45", "V_kmh_mean": 23.27465927638409, "V_kmh_std": 1.6323428292985325, "TTT_sec_mean": 974.0945, "TTT_sec_std": 178.83709460008566, "flow_mean": 36.0, "flow_std": 5.999999999999999, "n_runs": 20}}, {"type": "Feature", "geometry": {"type": "LineString", "coordinates": [[139.9524006867, 35.8967721248], [139.952765, 35.897015], [139.952803, 35.89704], [139.952853, 35.897049], [139.95289, 35.89704], [139.953378, 35.89659], [139.95349, 35.896482], [139.9535056411, 35.8964672476]]}, "properties": {"link_id": "533967_01419_01608_0", "road_id": "533967_01419_01608", "upnode": "533967_01419", "downnode": "533967_01608", "scenario": "no05", "slot_code": "1345", "hhmm": "13:45", "V_kmh_mean": null, "V_kmh_std": null, "TTT_sec_mean": null, "TTT_sec_std": null, "flow_mean": 0.0, "flow_std": 0.0, "n_runs": 20}}, {"type": "Feature", "geometry": {"type": "LineString", "coordinates": [[139.9535056411, 35.8964672476], [139.95349, 35.896482], [139.953378, 35.89659], [139.95289, 35.89704], [139.952853, 35.897049], [139.952803, 35.89704], [139.952765, 35.897015], [139.9524006867, 35.8967721248]]}, "properties": {"link_id": "533967_01419_01608_1", "road_id": "533967_01419_01608", "upnode": "533967_01608", "downnode": "533967_01419", "scenario": "no05", "slot_code": "1345", "hhmm": "13:45", "V_kmh_mean": null, "V_kmh_std": null, "TTT_sec_mean": null, "TTT_sec_std": null, "flow_mean": 0.0, "flow_std": 0.0, "n_runs": 20}}, {"type": "Feature", "geometry": {"type": "LineString", "coordinates": [[139.9531263873, 35.8958734837], [139.953153, 35.895849], [139.95329, 35.895741], [139.95344, 35.895591], [139.953603, 35.895449], [139.95379, 35.895341], [139.953915, 35.895274], [139.95404, 35.895224], [139.954178, 35.895174], [139.954315, 35.895141], [139.954578, 35.895082], [139.9547305303, 35.8950627882]]}, "properties": {"link_id": "533967_01420_01654_0", "road_id": "533967_01420_01654", "upnode": "533967_01420", "downnode": "533967_01654", "scenario": "no05", "slot_code": "1345", "hhmm": "13:45", "V_kmh_mean": 18.388411737912584, "V_kmh_std": 1.965391042634098, "TTT_sec_mean": 1323.6195, "TTT_sec_std": 180.7245690772505, "flow_mean": 30.2, "flow_std": 4.958777438463086, "n_runs": 20}}, {"type": "Feature", "geometry": {"type": "LineString", "coordinates": [[139.9547305303, 35.8950627882], [139.954578, 35.895082], [139.954315, 35.895141], [139.954178, 35.895174], [139.95404, 35.895224], [139.953915, 35.895274], [139.95379, 35.895341], [139.953603, 35.895449], [139.95344, 35.895591], [139.95329, 35.895741], [139.953153, 35.895849], [139.9531263873, 35.8958734837]]}, "properties": {"link_id": "533967_01420_01654_1", "road_id": "533967_01420_01654", "upnode": "533967_01654", "downnode": "533967_01420", "scenario": "no05", "slot_code": "1345", "hhmm": "13:45", "V_kmh_mean": 21.920401579629047, "V_kmh_std": 1.6516758399496645, "TTT_sec_mean": 2209.5055, "TTT_sec_std": 261.26043780659705, "flow_mean": 58.85, "flow_std": 5.460624602793309, "n_runs": 20}}, {"type": "Feature", "geometry": {"type": "LineString", "coordinates": [[139.9515005552, 35.8980446072], [139.9512804442, 35.897711393]]}, "properties": {"link_id": "533967_01424_01425_0", "road_id": "533967_01424_01425", "upnode": "533967_01424", "downnode": "533967_01425", "scenario": "no05", "slot_code": "1345", "hhmm": "13:45", "V_kmh_mean": null, "V_kmh_std": null, "TTT_sec_mean": null, "TTT_sec_std": null, "flow_mean": 0.0, "flow_std": 0.0, "n_runs": 20}}, {"type": "Feature", "geometry": {"type": "LineString", "coordinates": [[139.9512804442, 35.897711393], [139.9515005552, 35.8980446072]]}, "properties": {"link_id": "533967_01424_01425_1", "road_id": "533967_01424_01425", "upnode": "533967_01425", "downnode": "533967_01424", "scenario": "no05", "slot_code": "1345", "hhmm": "13:45", "V_kmh_mean": null, "V_kmh_std": null, "TTT_sec_mean": null, "TTT_sec_std": null, "flow_mean": 0.0, "flow_std": 0.0, "n_runs": 20}}, {"type": "Feature", "geometry": {"type": "LineString", "coordinates": [[139.9516094145, 35.8982015702], [139.951753, 35.898399], [139.951965, 35.898707], [139.952103, 35.898857], [139.952178, 35.898932], [139.952253101, 35.8989985896]]}, "properties": {"link_id": "533967_01424_01604_0", "road_id": "533967_01424_01604", "upnode": "533967_01424", "downnode": "533967_01604", "scenario": "no05", "slot_code": "1345", "hhmm": "13:45", "V_kmh_mean": null, "V_kmh_std": null, "TTT_sec_mean": null, "TTT_sec_std": null, "flow_mean": 0.0, "flow_std": 0.0, "n_runs": 20}}, {"type": "Feature", "geometry": {"type": "LineString", "coordinates": [[139.952253101, 35.8989985896], [139.952178, 35.898932], [139.952103, 35.898857], [139.951965, 35.898707], [139.951753, 35.898399], [139.9516094145, 35.8982015702]]}, "properties": {"link_id": "533967_01424_01604_1", "road_id": "533967_01424_01604", "upnode": "533967_01604", "downnode": "533967_01424", "scenario": "no05", "slot_code": "1345", "hhmm": "13:45", "V_kmh_mean": null, "V_kmh_std": null, "TTT_sec_mean": null, "TTT_sec_std": null, "flow_mean": 0.0, "flow_std": 0.0, "n_runs": 20}}, {"type": "Feature", "geometry": {"type": "LineString", "coordinates": [[139.951453357, 35.898163384], [139.95109, 35.898307], [139.950953, 35.898349], [139.95049, 35.898449], [139.950465, 35.898474], [139.95044, 35.898507], [139.95044, 35.898549], [139.950453, 35.898624], [139.95061388, 35.8996426016]]}, "properties": {"link_id": "533967_01424_01605_0", "road_id": "533967_01424_01605", "upnode": "533967_01424", "downnode": "533967_01605", "scenario": "no05", "slot_code": "1345", "hhmm": "13:45", "V_kmh_mean": null, "V_kmh_std": null, "TTT_sec_mean": null, "TTT_sec_std": null, "flow_mean": 0.0, "flow_std": 0.0, "n_runs": 20}}, {"type": "Feature", "geometry": {"type": "LineString", "coordinates": [[139.95061388, 35.8996426016], [139.950453, 35.898624], [139.95044, 35.898549], [139.95044, 35.898507], [139.950465, 35.898474], [139.95049, 35.898449], [139.950953, 35.898349], [139.95109, 35.898307], [139.951453357, 35.898163384]]}, "properties": {"link_id": "533967_01424_01605_1", "road_id": "533967_01424_01605", "upnode": "533967_01605", "downnode": "533967_01424", "scenario": "no05", "slot_code": "1345", "hhmm": "13:45", "V_kmh_mean": null, "V_kmh_std": null, "TTT_sec_mean": null, "TTT_sec_std": null, "flow_mean": 0.0, "flow_std": 0.0, "n_runs": 20}}, {"type": "Feature", "geometry": {"type": "LineString", "coordinates": [[139.9457391605, 35.8912907629], [139.945916, 35.891366], [139.946353, 35.891524], [139.9465156467, 35.8915858429]]}, "properties": {"link_id": "533967_01530_13891_0", "road_id": "533967_01530_13891", "upnode": "533967_01530", "downnode": "533967_13891", "scenario": "no05", "slot_code": "1345", "hhmm": "13:45", "V_kmh_mean": 48.92734761787736, "V_kmh_std": 1.8967477050297663, "TTT_sec_mean": 205.2565, "TTT_sec_std": 57.77719248384944, "flow_mean": 23.6, "flow_std": 6.604623579855173, "n_runs": 20}}, {"type": "Feature", "geometry": {"type": "LineString", "coordinates": [[139.9465156467, 35.8915858429], [139.946353, 35.891524], [139.945916, 35.891366], [139.9457391605, 35.8912907629]]}, "properties": {"link_id": "533967_01530_13891_1", "road_id": "533967_01530_13891", "upnode": "533967_13891", "downnode": "533967_01530", "scenario": "no05", "slot_code": "1345", "hhmm": "13:45", "V_kmh_mean": 49.57958207546697, "V_kmh_std": 0.4812704495240682, "TTT_sec_mean": 370.913, "TTT_sec_std": 37.84399501832976, "flow_mean": 43.45, "flow_std": 4.186129980127985, "n_runs": 20}}, {"type": "Feature", "geometry": {"type": "LineString", "coordinates": [[139.947040508, 35.8982715572], [139.947078, 35.89854], [139.9472946716, 35.8994843969]]}, "properties": {"link_id": "533967_01555_01556_0", "road_id": "533967_01555_01556", "upnode": "533967_01555", "downnode": "533967_01556", "scenario": "no05", "slot_code": "1345", "hhmm": "13:45", "V_kmh_mean": null, "V_kmh_std": null, "TTT_sec_mean": null, "TTT_sec_std": null, "flow_mean": 0.0, "flow_std": 0.0, "n_runs": 20}}, {"type": "Feature", "geometry": {"type": "LineString", "coordinates": [[139.9472946716, 35.8994843969], [139.947078, 35.89854], [139.947040508, 35.8982715572]]}, "properties": {"link_id": "533967_01555_01556_1", "road_id": "533967_01555_01556", "upnode": "533967_01556", "downnode": "533967_01555", "scenario": "no05", "slot_code": "1345", "hhmm": "13:45", "V_kmh_mean": null, "V_kmh_std": null, "TTT_sec_mean": null, "TTT_sec_std": null, "flow_mean": 0.0, "flow_std": 0.0, "n_runs": 20}}, {"type": "Feature", "geometry": {"type": "LineString", "coordinates": [[139.9470369138, 35.8980921586], [139.947066, 35.897799], [139.947091, 35.897632], [139.947203, 35.897382], [139.947291, 35.897307], [139.948703, 35.896807], [139.94894, 35.89674], [139.94919, 35.896674], [139.9492942963, 35.8966573518]]}, "properties": {"link_id": "533967_01555_13718_0", "road_id": "533967_01555_13718", "upnode": "533967_01555", "downnode": "533967_13718", "scenario": "no05", "slot_code": "1345", "hhmm": "13:45", "V_kmh_mean": null, "V_kmh_std": null, "TTT_sec_mean": null, "TTT_sec_std": null, "flow_mean": 0.0, "flow_std": 0.0, "n_runs": 20}}, {"type": "Feature", "geometry": {"type": "LineString", "coordinates": [[139.9492942963, 35.8966573518], [139.94919, 35.896674], [139.94894, 35.89674], [139.948703, 35.896807], [139.947291, 35.897307], [139.947203, 35.897382], [139.947091, 35.897632], [139.947066, 35.897799], [139.9470369138, 35.8980921586]]}, "properties": {"link_id": "533967_01555_13718_1", "road_id": "533967_01555_13718", "upnode": "533967_13718", "downnode": "533967_01555", "scenario": "no05", "slot_code": "1345", "hhmm": "13:45", "V_kmh_mean": null, "V_kmh_std": null, "TTT_sec_mean": null, "TTT_sec_std": null, "flow_mean": 0.0, "flow_std": 0.0, "n_runs": 20}}, {"type": "Feature", "geometry": {"type": "LineString", "coordinates": [[139.9469173043, 35.8981785288], [139.946741, 35.898173], [139.946566, 35.898165], [139.946416, 35.89814], [139.946278, 35.898107], [139.946153, 35.898065], [139.946053, 35.898023], [139.9459496865, 35.8979759924]]}, "properties": {"link_id": "533967_01555_14156_0", "road_id": "533967_01555_14156", "upnode": "533967_01555", "downnode": "533967_14156", "scenario": "no05", "slot_code": "1345", "hhmm": "13:45", "V_kmh_mean": 47.90709047328141, "V_kmh_std": 1.075199461838222, "TTT_sec_mean": 264.04200000000003, "TTT_sec_std": 36.070341892065926, "flow_mean": 24.05, "flow_std": 3.471310991541956, "n_runs": 20}}, {"type": "Feature", "geometry": {"type": "LineString", "coordinates": [[139.9459496865, 35.8979759924], [139.946053, 35.898023], [139.946153, 35.898065], [139.946278, 35.898107], [139.946416, 35.89814], [139.946566, 35.898165], [139.946741, 35.898173], [139.9469173043, 35.8981785288]]}, "properties": {"link_id": "533967_01555_14156_1", "road_id": "533967_01555_14156", "upnode": "533967_14156", "downnode": "533967_01555", "scenario": "no05", "slot_code": "1345", "hhmm": "13:45", "V_kmh_mean": 46.52965017519706, "V_kmh_std": 1.4539599720191578, "TTT_sec_mean": 732.8885, "TTT_sec_std": 114.747703211735, "flow_mean": 64.7, "flow_std": 9.92126901899996, "n_runs": 20}}, {"type": "Feature", "geometry": {"type": "LineString", "coordinates": [[139.9473331774, 35.8996619119], [139.947453, 35.900248], [139.947515, 35.900548], [139.94754, 35.900715], [139.9475483172, 35.900874947]]}, "properties": {"link_id": "533967_01556_01656_0", "road_id": "533967_01556_01656", "upnode": "533967_01556", "downnode": "533967_01656", "scenario": "no05", "slot_code": "1345", "hhmm": "13:45", "V_kmh_mean": null, "V_kmh_std": null, "TTT_sec_mean": null, "TTT_sec_std": null, "flow_mean": 0.0, "flow_std": 0.0, "n_runs": 20}}, {"type": "Feature", "geometry": {"type": "LineString", "coordinates": [[139.9475483172, 35.900874947], [139.94754, 35.900715], [139.947515, 35.900548], [139.947453, 35.900248], [139.9473331774, 35.8996619119]]}, "properties": {"link_id": "533967_01556_01656_1", "road_id": "533967_01556_01656", "upnode": "533967_01656", "downnode": "533967_01556", "scenario": "no05", "slot_code": "1345", "hhmm": "13:45", "V_kmh_mean": null, "V_kmh_std": null, "TTT_sec_mean": null, "TTT_sec_std": null, "flow_mean": 0.0, "flow_std": 0.0, "n_runs": 20}}, {"type": "Feature", "geometry": {"type": "LineString", "coordinates": [[139.9474239703, 35.8995892246], [139.9476560296, 35.8996237757]]}, "properties": {"link_id": "533967_01556_88302_0", "road_id": "533967_01556_88302", "upnode": "533967_01556", "downnode": "533967_88302", "scenario": "no05", "slot_code": "1345", "hhmm": "13:45", "V_kmh_mean": null, "V_kmh_std": null, "TTT_sec_mean": null, "TTT_sec_std": null, "flow_mean": 0.0, "flow_std": 0.0, "n_runs": 20}}, {"type": "Feature", "geometry": {"type": "LineString", "coordinates": [[139.9476560296, 35.8996237757], [139.9474239703, 35.8995892246]]}, "properties": {"link_id": "533967_01556_88302_1", "road_id": "533967_01556_88302", "upnode": "533967_88302", "downnode": "533967_01556", "scenario": "no05", "slot_code": "1345", "hhmm": "13:45", "V_kmh_mean": null, "V_kmh_std": null, "TTT_sec_mean": null, "TTT_sec_std": null, "flow_mean": 0.0, "flow_std": 0.0, "n_runs": 20}}, {"type": "Feature", "geometry": {"type": "LineString", "coordinates": [[139.9548840221, 35.8963114986], [139.955002, 35.896432], [139.955015, 35.896457], [139.955027, 35.896482], [139.95504, 35.896507], [139.95504, 35.896532], [139.955027, 35.896557], [139.955002, 35.896582], [139.954927, 35.896674], [139.95474, 35.896932], [139.9544995374, 35.897238991]]}, "properties": {"link_id": "533967_01602_01603_0", "road_id": "533967_01602_01603", "upnode": "533967_01602", "downnode": "533967_01603", "scenario": "no05", "slot_code": "1345", "hhmm": "13:45", "V_kmh_mean": null, "V_kmh_std": null, "TTT_sec_mean": null, "TTT_sec_std": null, "flow_mean": 0.0, "flow_std": 0.0, "n_runs": 20}}, {"type": "Feature", "geometry": {"type": "LineString", "coordinates": [[139.9544995374, 35.897238991], [139.95474, 35.896932], [139.954927, 35.896674], [139.955002, 35.896582], [139.955027, 35.896557], [139.95504, 35.896532], [139.95504, 35.896507], [139.955027, 35.896482], [139.955015, 35.896457], [139.955002, 35.896432], [139.9548840221, 35.8963114986]]}, "properties": {"link_id": "533967_01602_01603_1", "road_id": "533967_01602_01603", "upnode": "533967_01603", "downnode": "533967_01602", "scenario": "no05", "slot_code": "1345", "hhmm": "13:45", "V_kmh_mean": null, "V_kmh_std": null, "TTT_sec_mean": null, "TTT_sec_std": null, "flow_mean": 0.0, "flow_std": 0.0, "n_runs": 20}}, {"type": "Feature", "geometry": {"type": "LineString", "coordinates": [[139.9547493157, 35.896168421], [139.954453, 35.895841], [139.954403, 35.895807], [139.954365, 35.895799], [139.954328, 35.895799], [139.95429, 35.895807], [139.95424, 35.895832], [139.954165, 35.895866], [139.954103, 35.895907], [139.953965, 35.896016], [139.953648351, 35.8963293765]]}, "properties": {"link_id": "533967_01602_01608_0", "road_id": "533967_01602_01608", "upnode": "533967_01602", "downnode": "533967_01608", "scenario": "no05", "slot_code": "1345", "hhmm": "13:45", "V_kmh_mean": null, "V_kmh_std": null, "TTT_sec_mean": null, "TTT_sec_std": null, "flow_mean": 0.0, "flow_std": 0.0, "n_runs": 20}}, {"type": "Feature", "geometry": {"type": "LineString", "coordinates": [[139.953648351, 35.8963293765], [139.953965, 35.896016], [139.954103, 35.895907], [139.954165, 35.895866], [139.95424, 35.895832], [139.95429, 35.895807], [139.954328, 35.895799], [139.954365, 35.895799], [139.954403, 35.895807], [139.954453, 35.895841], [139.9547493157, 35.896168421]]}, "properties": {"link_id": "533967_01602_01608_1", "road_id": "533967_01602_01608", "upnode": "533967_01608", "downnode": "533967_01602", "scenario": "no05", "slot_code": "1345", "hhmm": "13:45", "V_kmh_mean": null, "V_kmh_std": null, "TTT_sec_mean": null, "TTT_sec_std": null, "flow_mean": 0.0, "flow_std": 0.0, "n_runs": 20}}, {"type": "Feature", "geometry": {"type": "LineString", "coordinates": [[139.9543797007, 35.8973906104], [139.953928, 35.897957], [139.953815, 35.89809], [139.9528751626, 35.8992723168]]}, "properties": {"link_id": "533967_01603_01606_0", "road_id": "533967_01603_01606", "upnode": "533967_01603", "downnode": "533967_01606", "scenario": "no05", "slot_code": "1345", "hhmm": "13:45", "V_kmh_mean": null, "V_kmh_std": null, "TTT_sec_mean": null, "TTT_sec_std": null, "flow_mean": 0.0, "flow_std": 0.0, "n_runs": 20}}, {"type": "Feature", "geometry": {"type": "LineString", "coordinates": [[139.9528751626, 35.8992723168], [139.953815, 35.89809], [139.953928, 35.897957], [139.9543797007, 35.8973906104]]}, "properties": {"link_id": "533967_01603_01606_1", "road_id": "533967_01603_01606", "upnode": "533967_01606", "downnode": "533967_01603", "scenario": "no05", "slot_code": "1345", "hhmm": "13:45", "V_kmh_mean": null, "V_kmh_std": null, "TTT_sec_mean": null, "TTT_sec_std": null, "flow_mean": 0.0, "flow_std": 0.0, "n_runs": 20}}, {"type": "Feature", "geometry": {"type": "LineString", "coordinates": [[139.9543461083, 35.8972671685], [139.954228, 35.897207], [139.954153, 35.89714], [139.954065, 35.897015], [139.953978, 35.896874], [139.953865, 35.896657], [139.953765, 35.896549], [139.9536568865, 35.8964622781]]}, "properties": {"link_id": "533967_01603_01608_0", "road_id": "533967_01603_01608", "upnode": "533967_01603", "downnode": "533967_01608", "scenario": "no05", "slot_code": "1345", "hhmm": "13:45", "V_kmh_mean": null, "V_kmh_std": null, "TTT_sec_mean": null, "TTT_sec_std": null, "flow_mean": 0.0, "flow_std": 0.0, "n_runs": 20}}, {"type": "Feature", "geometry": {"type": "LineString", "coordinates": [[139.9536568865, 35.8964622781], [139.953765, 35.896549], [139.953865, 35.896657], [139.953978, 35.896874], [139.954065, 35.897015], [139.954153, 35.89714], [139.954228, 35.897207], [139.9543461083, 35.8972671685]]}, "properties": {"link_id": "533967_01603_01608_1", "road_id": "533967_01603_01608", "upnode": "533967_01608", "downnode": "533967_01603", "scenario": "no05", "slot_code": "1345", "hhmm": "13:45", "V_kmh_mean": null, "V_kmh_std": null, "TTT_sec_mean": null, "TTT_sec_std": null, "flow_mean": 0.0, "flow_std": 0.0, "n_runs": 20}}, {"type": "Feature", "geometry": {"type": "LineString", "coordinates": [[139.9522512957, 35.899130032], [139.95219, 35.899182], [139.952065, 35.899273], [139.951865, 35.899398], [139.951753, 35.899457], [139.951503, 35.899565], [139.951428, 35.89959], [139.951165, 35.899665], [139.950915, 35.899707], [139.9507381506, 35.8997224051]]}, "properties": {"link_id": "533967_01604_01605_0", "road_id": "533967_01604_01605", "upnode": "533967_01604", "downnode": "533967_01605", "scenario": "no05", "slot_code": "1345", "hhmm": "13:45", "V_kmh_mean": null, "V_kmh_std": null, "TTT_sec_mean": null, "TTT_sec_std": null, "flow_mean": 0.0, "flow_std": 0.0, "n_runs": 20}}, {"type": "Feature", "geometry": {"type": "LineString", "coordinates": [[139.9507381506, 35.8997224051], [139.950915, 35.899707], [139.951165, 35.899665], [139.951428, 35.89959], [139.951503, 35.899565], [139.951753, 35.899457], [139.951865, 35.899398], [139.952065, 35.899273], [139.95219, 35.899182], [139.9522512957, 35.899130032]]}, "properties": {"link_id": "533967_01604_01605_1", "road_id": "533967_01604_01605", "upnode": "533967_01605", "downnode": "533967_01604", "scenario": "no05", "slot_code": "1345", "hhmm": "13:45", "V_kmh_mean": null, "V_kmh_std": null, "TTT_sec_mean": null, "TTT_sec_std": null, "flow_mean": 0.0, "flow_std": 0.0, "n_runs": 20}}, {"type": "Feature", "geometry": {"type": "LineString", "coordinates": [[139.9524136884, 35.8991221256], [139.95249, 35.899173], [139.952765, 35.899315], [139.95279, 35.8993315]]}, "properties": {"link_id": "533967_01604_01606_0", "road_id": "533967_01604_01606", "upnode": "533967_01604", "downnode": "533967_01606", "scenario": "no05", "slot_code": "1345", "hhmm": "13:45", "V_kmh_mean": null, "V_kmh_std": null, "TTT_sec_mean": null, "TTT_sec_std": null, "flow_mean": 0.0, "flow_std": 0.0, "n_runs": 20}}, {"type": "Feature", "geometry": {"type": "LineString", "coordinates": [[139.95279, 35.8993315], [139.952765, 35.899315], [139.95249, 35.899173], [139.9524136884, 35.8991221256]]}, "properties": {"link_id": "533967_01604_01606_1", "road_id": "533967_01604_01606", "upnode": "533967_01606", "downnode": "533967_01604", "scenario": "no05", "slot_code": "1345", "hhmm": "13:45", "V_kmh_mean": null, "V_kmh_std": null, "TTT_sec_mean": null, "TTT_sec_std": null, "flow_mean": 0.0, "flow_std": 0.0, "n_runs": 20}}, {"type": "Feature", "geometry": {"type": "LineString", "coordinates": [[139.9506421272, 35.8998213977], [139.9507388726, 35.9004336023]]}, "properties": {"link_id": "533967_01605_01607_0", "road_id": "533967_01605_01607", "upnode": "533967_01605", "downnode": "533967_01607", "scenario": "no05", "slot_code": "1345", "hhmm": "13:45", "V_kmh_mean": null, "V_kmh_std": null, "TTT_sec_mean": null, "TTT_sec_std": null, "flow_mean": 0.0, "flow_std": 0.0, "n_runs": 20}}, {"type": "Feature", "geometry": {"type": "LineString", "coordinates": [[139.9507388726, 35.9004336023], [139.9506421272, 35.8998213977]]}, "properties": {"link_id": "533967_01605_01607_1", "road_id": "533967_01605_01607", "upnode": "533967_01607", "downnode": "533967_01605", "scenario": "no05", "slot_code": "1345", "hhmm": "13:45", "V_kmh_mean": null, "V_kmh_std": null, "TTT_sec_mean": null, "TTT_sec_std": null, "flow_mean": 0.0, "flow_std": 0.0, "n_runs": 20}}, {"type": "Feature", "geometry": {"type": "LineString", "coordinates": [[139.9527565808, 35.899424582], [139.952503, 35.899757], [139.952228, 35.90009], [139.952065, 35.900298], [139.951828, 35.900582], [139.951465, 35.900982], [139.951365, 35.901082], [139.951315, 35.901115], [139.951278, 35.901123], [139.951028, 35.901132], [139.95099, 35.901123], [139.950965, 35.901098], [139.950903, 35.900957], [139.9507829889, 35.9006097682]]}, "properties": {"link_id": "533967_01606_01607_0", "road_id": "533967_01606_01607", "upnode": "533967_01606", "downnode": "533967_01607", "scenario": "no05", "slot_code": "1345", "hhmm": "13:45", "V_kmh_mean": null, "V_kmh_std": null, "TTT_sec_mean": null, "TTT_sec_std": null, "flow_mean": 0.0, "flow_std": 0.0, "n_runs": 20}}, {"type": "Feature", "geometry": {"type": "LineString", "coordinates": [[139.9507829889, 35.9006097682], [139.950903, 35.900957], [139.950965, 35.901098], [139.95099, 35.901123], [139.951028, 35.901132], [139.951278, 35.901123], [139.951315, 35.901115], [139.951365, 35.901082], [139.951465, 35.900982], [139.951828, 35.900582], [139.952065, 35.900298], [139.952228, 35.90009], [139.952503, 35.899757], [139.9527565808, 35.899424582]]}, "properties": {"link_id": "533967_01606_01607_1", "road_id": "533967_01606_01607", "upnode": "533967_01607", "downnode": "533967_01606", "scenario": "no05", "slot_code": "1345", "hhmm": "13:45", "V_kmh_mean": null, "V_kmh_std": null, "TTT_sec_mean": null, "TTT_sec_std": null, "flow_mean": 0.0, "flow_std": 0.0, "n_runs": 20}}, {"type": "Feature", "geometry": {"type": "LineString", "coordinates": [[139.9529087545, 35.8993960124], [139.953352, 35.899623], [139.9533545067, 35.8996246806]]}, "properties": {"link_id": "533967_01606_01609_0", "road_id": "533967_01606_01609", "upnode": "533967_01606", "downnode": "533967_01609", "scenario": "no05", "slot_code": "1345", "hhmm": "13:45", "V_kmh_mean": null, "V_kmh_std": null, "TTT_sec_mean": null, "TTT_sec_std": null, "flow_mean": 0.0, "flow_std": 0.0, "n_runs": 20}}, {"type": "Feature", "geometry": {"type": "LineString", "coordinates": [[139.9533545067, 35.8996246806], [139.953352, 35.899623], [139.9529087545, 35.8993960124]]}, "properties": {"link_id": "533967_01606_01609_1", "road_id": "533967_01606_01609", "upnode": "533967_01609", "downnode": "533967_01606", "scenario": "no05", "slot_code": "1345", "hhmm": "13:45", "V_kmh_mean": null, "V_kmh_std": null, "TTT_sec_mean": null, "TTT_sec_std": null, "flow_mean": 0.0, "flow_std": 0.0, "n_runs": 20}}, {"type": "Feature", "geometry": {"type": "LineString", "coordinates": [[139.9548671711, 35.8951363801], [139.954928, 35.895332], [139.954965, 35.895441], [139.955028, 35.895574], [139.955103, 35.895691], [139.955178, 35.895782], [139.955277, 35.895882], [139.955377, 35.895974], [139.955452, 35.896032], [139.955552, 35.896099], [139.955627, 35.896149], [139.955702, 35.896191], [139.9559576202, 35.8963188103]]}, "properties": {"link_id": "533967_01654_01655_0", "road_id": "533967_01654_01655", "upnode": "533967_01654", "downnode": "533967_01655", "scenario": "no05", "slot_code": "1345", "hhmm": "13:45", "V_kmh_mean": 45.660125806133934, "V_kmh_std": 0.2210379652501306, "TTT_sec_mean": 1362.6565, "TTT_sec_std": 53.03888566295885, "flow_mean": 88.9, "flow_std": 3.3544942359389096, "n_runs": 20}}, {"type": "Feature", "geometry": {"type": "LineString", "coordinates": [[139.9547637648, 35.8944137071], [139.9548292351, 35.894959293]]}, "properties": {"link_id": "533967_01654_01658_1", "road_id": "533967_01654_01658", "upnode": "533967_01658", "downnode": "533967_01654", "scenario": "no05", "slot_code": "1345", "hhmm": "13:45", "V_kmh_mean": 33.38793687690979, "V_kmh_std": 3.905861001034977, "TTT_sec_mean": 1216.015, "TTT_sec_std": 169.1845600613658, "flow_mean": 105.3, "flow_std": 4.942831066035781, "n_runs": 20}}, {"type": "Feature", "geometry": {"type": "LineString", "coordinates": [[139.95488075, 35.89504475], [139.95496225, 35.89503625]]}, "properties": {"link_id": "533967_01654_01661_0", "road_id": "533967_01654_01661", "upnode": "533967_01654", "downnode": "533967_01661", "scenario": "no05", "slot_code": "1345", "hhmm": "13:45", "V_kmh_mean": 33.20179601652087, "V_kmh_std": 1.0190561532979003, "TTT_sec_mean": 189.048, "TTT_sec_std": 19.97890613938401, "flow_mean": 37.8, "flow_std": 3.9682954049632735, "n_runs": 20}}, {"type": "Feature", "geometry": {"type": "LineString", "coordinates": [[139.95496225, 35.89503625], [139.95488075, 35.89504475]]}, "properties": {"link_id": "533967_01654_01661_1", "road_id": "533967_01654_01661", "upnode": "533967_01661", "downnode": "533967_01654", "scenario": "no05", "slot_code": "1345", "hhmm": "13:45", "V_kmh_mean": 32.03385716778824, "V_kmh_std": 2.6556450225766146, "TTT_sec_mean": 288.062, "TTT_sec_std": 35.753855088426626, "flow_mean": 55.3, "flow_std": 4.566468173429809, "n_runs": 20}}, {"type": "Feature", "geometry": {"type": "LineString", "coordinates": [[139.9476637818, 35.9009650002], [139.9478922182, 35.9009650002]]}, "properties": {"link_id": "533967_01656_87767_0", "road_id": "533967_01656_87767", "upnode": "533967_01656", "downnode": "533967_87767", "scenario": "no05", "slot_code": "1345", "hhmm": "13:45", "V_kmh_mean": null, "V_kmh_std": null, "TTT_sec_mean": null, "TTT_sec_std": null, "flow_mean": 0.0, "flow_std": 0.0, "n_runs": 20}}, {"type": "Feature", "geometry": {"type": "LineString", "coordinates": [[139.9478922182, 35.9009650002], [139.9476637818, 35.9009650002]]}, "properties": {"link_id": "533967_01656_87767_1", "road_id": "533967_01656_87767", "upnode": "533967_87767", "downnode": "533967_01656", "scenario": "no05", "slot_code": "1345", "hhmm": "13:45", "V_kmh_mean": null, "V_kmh_std": null, "TTT_sec_mean": null, "TTT_sec_std": null, "flow_mean": 0.0, "flow_std": 0.0, "n_runs": 20}}, {"type": "Feature", "geometry": {"type": "LineString", "coordinates": [[139.9547905, 35.89431975], [139.9548655, 35.89431125]]}, "properties": {"link_id": "533967_01658_01659_0", "road_id": "533967_01658_01659", "upnode": "533967_01658", "downnode": "533967_01659", "scenario": "no05", "slot_code": "1345", "hhmm": "13:45", "V_kmh_mean": null, "V_kmh_std": null, "TTT_sec_mean": null, "TTT_sec_std": null, "flow_mean": 0.0, "flow_std": 0.0, "n_runs": 20}}, {"type": "Feature", "geometry": {"type": "LineString", "coordinates": [[139.9548655, 35.89431125], [139.9547905, 35.89431975]]}, "properties": {"link_id": "533967_01658_01659_1", "road_id": "533967_01658_01659", "upnode": "533967_01659", "downnode": "533967_01658", "scenario": "no05", "slot_code": "1345", "hhmm": "13:45", "V_kmh_mean": null, "V_kmh_std": null, "TTT_sec_mean": null, "TTT_sec_std": null, "flow_mean": 0.0, "flow_std": 0.0, "n_runs": 20}}, {"type": "Feature", "geometry": {"type": "LineString", "coordinates": [[139.9549913147, 35.8949423692], [139.954915, 35.894357], [139.954909, 35.894332]]}, "properties": {"link_id": "533967_01659_01661_1", "road_id": "533967_01659_01661", "upnode": "533967_01661", "downnode": "533967_01659", "scenario": "no05", "slot_code": "1345", "hhmm": "13:45", "V_kmh_mean": 45.45959106343513, "V_kmh_std": 0.9956244391480296, "TTT_sec_mean": 298.68850000000003, "TTT_sec_std": 41.2141411953917, "flow_mean": 38.55, "flow_std": 5.236260216283333, "n_runs": 20}}, {"type": "Feature", "geometry": {"type": "LineString", "coordinates": [[139.9551413903, 35.8950037903], [139.9551910741, 35.8949878431], [139.9552354986, 35.8949470596], [139.9552539231, 35.8948739986], [139.9552789231, 35.8948319986], [139.9553039231, 35.8947739986], [139.9553289231, 35.8946489986], [139.955375914, 35.8944943976]]}, "properties": {"link_id": "533967_01661_13315_0", "road_id": "533967_01661_13315", "upnode": "533967_01661", "downnode": "533967_13315", "scenario": "no05", "slot_code": "1345", "hhmm": "13:45", "V_kmh_mean": 17.96949878047226, "V_kmh_std": 0.1474906853390371, "TTT_sec_mean": 433.115, "TTT_sec_std": 38.46128531940987, "flow_mean": 32.4, "flow_std": 2.741494022186481, "n_runs": 20}}, {"type": "Feature", "geometry": {"type": "LineString", "coordinates": [[139.955375914, 35.8944943976], [139.9553289231, 35.8946489986], [139.9553039231, 35.8947739986], [139.9552789231, 35.8948319986], [139.9552539231, 35.8948739986], [139.9552354986, 35.8949470596], [139.9551910741, 35.8949878431], [139.9551413903, 35.8950037903]]}, "properties": {"link_id": "533967_01661_13315_1", "road_id": "533967_01661_13315", "upnode": "533967_13315", "downnode": "533967_01661", "scenario": "no05", "slot_code": "1345", "hhmm": "13:45", "V_kmh_mean": 6.5140853396861145, "V_kmh_std": 1.0280311016116932, "TTT_sec_mean": 774.1324999999999, "TTT_sec_std": 151.2046007332275, "flow_mean": 16.6, "flow_std": 1.3138933706635727, "n_runs": 20}}, {"type": "Feature", "geometry": {"type": "LineString", "coordinates": [[139.9422413516, 35.8899711566], [139.9423036483, 35.8899948436]]}, "properties": {"link_id": "533967_10598_11494_0", "road_id": "533967_10598_11494", "upnode": "533967_10598", "downnode": "533967_11494", "scenario": "no05", "slot_code": "1345", "hhmm": "13:45", "V_kmh_mean": 57.35999999999999, "V_kmh_std": 5.64682106755062e-15, "TTT_sec_mean": 41.85, "TTT_sec_std": 2.277463963548745, "flow_mean": 13.95, "flow_std": 0.7591546545162484, "n_runs": 20}}, {"type": "Feature", "geometry": {"type": "LineString", "coordinates": [[139.9423036483, 35.8899948436], [139.9422413516, 35.8899711566]]}, "properties": {"link_id": "533967_10598_11494_1", "road_id": "533967_10598_11494", "upnode": "533967_11494", "downnode": "533967_10598", "scenario": "no05", "slot_code": "1345", "hhmm": "13:45", "V_kmh_mean": 49.368594208965405, "V_kmh_std": 0.7322085214081, "TTT_sec_mean": 77.474, "TTT_sec_std": 11.081279329524524, "flow_mean": 25.05, "flow_std": 3.5463101654358558, "n_runs": 20}}, {"type": "Feature", "geometry": {"type": "LineString", "coordinates": [[139.94209425, 35.88991425], [139.94200075, 35.88987675]]}, "properties": {"link_id": "533967_10598_13108_0", "road_id": "533967_10598_13108", "upnode": "533967_10598", "downnode": "533967_13108", "scenario": "no05", "slot_code": "1345", "hhmm": "13:45", "V_kmh_mean": 50.55529141837554, "V_kmh_std": 0.6549325298585443, "TTT_sec_mean": 76.05499999999999, "TTT_sec_std": 11.237195051772431, "flow_mean": 25.05, "flow_std": 3.5463101654358558, "n_runs": 20}}, {"type": "Feature", "geometry": {"type": "LineString", "coordinates": [[139.94200075, 35.88987675], [139.94209425, 35.88991425]]}, "properties": {"link_id": "533967_10598_13108_1", "road_id": "533967_10598_13108", "upnode": "533967_13108", "downnode": "533967_10598", "scenario": "no05", "slot_code": "1345", "hhmm": "13:45", "V_kmh_mean": 51.12, "V_kmh_std": 2.82341053377531e-15, "TTT_sec_mean": 41.85, "TTT_sec_std": 2.0589982234597777, "flow_mean": 13.95, "flow_std": 0.6863327411532597, "n_runs": 20}}, {"type": "Feature", "geometry": {"type": "LineString", "coordinates": [[139.9411053257, 35.8921527359], [139.940979, 35.892157], [139.940591, 35.892182], [139.9401246885, 35.8922566101]]}, "properties": {"link_id": "533967_11501_11503_0", "road_id": "533967_11501_11503", "upnode": "533967_11501", "downnode": "533967_11503", "scenario": "no05", "slot_code": "1345", "hhmm": "13:45", "V_kmh_mean": 29.708866978838092, "V_kmh_std": 0.0856102072447587, "TTT_sec_mean": 1347.728, "TTT_sec_std": 81.32781608695561, "flow_mean": 81.3, "flow_std": 4.87852436706019, "n_runs": 20}}, {"type": "Feature", "geometry": {"type": "LineString", "coordinates": [[139.9401246885, 35.8922566101], [139.940591, 35.892182], [139.940979, 35.892157], [139.9411053257, 35.8921527359]]}, "properties": {"link_id": "533967_11501_11503_1", "road_id": "533967_11501_11503", "upnode": "533967_11503", "downnode": "533967_11501", "scenario": "no05", "slot_code": "1345", "hhmm": "13:45", "V_kmh_mean": 30.410637149045243, "V_kmh_std": 0.1494926772363545, "TTT_sec_mean": 300.31350000000003, "TTT_sec_std": 31.63263658994581, "flow_mean": 18.65, "flow_std": 1.9269556026896009, "n_runs": 20}}, {"type": "Feature", "geometry": {"type": "LineString", "coordinates": [[139.9413260846, 35.8921590078], [139.941491, 35.892174], [139.941704, 35.892216], [139.9427258381, 35.8925411722]]}, "properties": {"link_id": "533967_11501_11504_0", "road_id": "533967_11501_11504", "upnode": "533967_11501", "downnode": "533967_11504", "scenario": "no05", "slot_code": "1345", "hhmm": "13:45", "V_kmh_mean": 28.70259360241418, "V_kmh_std": 1.262776286592994, "TTT_sec_mean": 452.9555, "TTT_sec_std": 50.1476545576319, "flow_mean": 20.25, "flow_std": 2.1734038305216803, "n_runs": 20}}, {"type": "Feature", "geometry": {"type": "LineString", "coordinates": [[139.9427258381, 35.8925411722], [139.941704, 35.892216], [139.941491, 35.892174], [139.9413260846, 35.8921590078]]}, "properties": {"link_id": "533967_11501_11504_1", "road_id": "533967_11501_11504", "upnode": "533967_11504", "downnode": "533967_11501", "scenario": "no05", "slot_code": "1345", "hhmm": "13:45", "V_kmh_mean": 30.04636946682408, "V_kmh_std": 0.0761224396729408, "TTT_sec_mean": 1705.1614999999997, "TTT_sec_std": 102.0033636842175, "flow_mean": 79.55, "flow_std": 4.751454071068528, "n_runs": 20}}, {"type": "Feature", "geometry": {"type": "LineString", "coordinates": [[139.9360638546, 35.8928948243], [139.9360071452, 35.8927191757]]}, "properties": {"link_id": "533967_11505_85937_0", "road_id": "533967_11505_85937", "upnode": "533967_11505", "downnode": "533967_85937", "scenario": "no05", "slot_code": "1345", "hhmm": "13:45", "V_kmh_mean": null, "V_kmh_std": null, "TTT_sec_mean": null, "TTT_sec_std": null, "flow_mean": 0.0, "flow_std": 0.0, "n_runs": 20}}, {"type": "Feature", "geometry": {"type": "LineString", "coordinates": [[139.9360071452, 35.8927191757], [139.9360638546, 35.8928948243]]}, "properties": {"link_id": "533967_11505_85937_1", "road_id": "533967_11505_85937", "upnode": "533967_85937", "downnode": "533967_11505", "scenario": "no05", "slot_code": "1345", "hhmm": "13:45", "V_kmh_mean": null, "V_kmh_std": null, "TTT_sec_mean": null, "TTT_sec_std": null, "flow_mean": 0.0, "flow_std": 0.0, "n_runs": 20}}, {"type": "Feature", "geometry": {"type": "LineString", "coordinates": [[139.9404178289, 35.8990174923], [139.941653, 35.899448], [139.941953, 35.899065], [139.942016, 35.899048], [139.943228, 35.899615], [139.9433099533, 35.8996580841]]}, "properties": {"link_id": "533967_11513_88894_0", "road_id": "533967_11513_88894", "upnode": "533967_11513", "downnode": "533967_88894", "scenario": "no05", "slot_code": "1345", "hhmm": "13:45", "V_kmh_mean": null, "V_kmh_std": null, "TTT_sec_mean": null, "TTT_sec_std": null, "flow_mean": 0.0, "flow_std": 0.0, "n_runs": 20}}, {"type": "Feature", "geometry": {"type": "LineString", "coordinates": [[139.9433099533, 35.8996580841], [139.943228, 35.899615], [139.942016, 35.899048], [139.941953, 35.899065], [139.941653, 35.899448], [139.9404178289, 35.8990174923]]}, "properties": {"link_id": "533967_11513_88894_1", "road_id": "533967_11513_88894", "upnode": "533967_88894", "downnode": "533967_11513", "scenario": "no05", "slot_code": "1345", "hhmm": "13:45", "V_kmh_mean": null, "V_kmh_std": null, "TTT_sec_mean": null, "TTT_sec_std": null, "flow_mean": 0.0, "flow_std": 0.0, "n_runs": 20}}, {"type": "Feature", "geometry": {"type": "LineString", "coordinates": [[139.9436370961, 35.9043772702], [139.942853, 35.905006], [139.9418170665, 35.9058984689]]}, "properties": {"link_id": "533967_11518_13596_0", "road_id": "533967_11518_13596", "upnode": "533967_11518", "downnode": "533967_13596", "scenario": "no05", "slot_code": "1345", "hhmm": "13:45", "V_kmh_mean": null, "V_kmh_std": null, "TTT_sec_mean": null, "TTT_sec_std": null, "flow_mean": 0.0, "flow_std": 0.0, "n_runs": 20}}, {"type": "Feature", "geometry": {"type": "LineString", "coordinates": [[139.9418170665, 35.9058984689], [139.942853, 35.905006], [139.9436370961, 35.9043772702]]}, "properties": {"link_id": "533967_11518_13596_1", "road_id": "533967_11518_13596", "upnode": "533967_13596", "downnode": "533967_11518", "scenario": "no05", "slot_code": "1345", "hhmm": "13:45", "V_kmh_mean": null, "V_kmh_std": null, "TTT_sec_mean": null, "TTT_sec_std": null, "flow_mean": 0.0, "flow_std": 0.0, "n_runs": 20}}, {"type": "Feature", "geometry": {"type": "LineString", "coordinates": [[139.9503305633, 35.9016960079], [139.950315, 35.901698], [139.950228, 35.90169], [139.949478, 35.90144], [139.949103, 35.901323], [139.948765, 35.901232], [139.948228, 35.901107], [139.948003, 35.90109], [139.94779, 35.901107], [139.947503, 35.901173], [139.946965, 35.901315], [139.946765, 35.901356], [139.9461266104, 35.9013849793]]}, "properties": {"link_id": "533967_12969_87770_0", "road_id": "533967_12969_87770", "upnode": "533967_12969", "downnode": "533967_87770", "scenario": "no05", "slot_code": "1345", "hhmm": "13:45", "V_kmh_mean": null, "V_kmh_std": null, "TTT_sec_mean": null, "TTT_sec_std": null, "flow_mean": 0.0, "flow_std": 0.0, "n_runs": 20}}, {"type": "Feature", "geometry": {"type": "LineString", "coordinates": [[139.9461266104, 35.9013849793], [139.946765, 35.901356], [139.946965, 35.901315], [139.947503, 35.901173], [139.94779, 35.901107], [139.948003, 35.90109], [139.948228, 35.901107], [139.948765, 35.901232], [139.949103, 35.901323], [139.949478, 35.90144], [139.950228, 35.90169], [139.950315, 35.901698], [139.9503305633, 35.9016960079]]}, "properties": {"link_id": "533967_12969_87770_1", "road_id": "533967_12969_87770", "upnode": "533967_87770", "downnode": "533967_12969", "scenario": "no05", "slot_code": "1345", "hhmm": "13:45", "V_kmh_mean": null, "V_kmh_std": null, "TTT_sec_mean": null, "TTT_sec_std": null, "flow_mean": 0.0, "flow_std": 0.0, "n_runs": 20}}, {"type": "Feature", "geometry": {"type": "LineString", "coordinates": [[139.9407500942, 35.8896043228], [139.941054, 35.889549], [139.941154, 35.889566], [139.941852935, 35.8898211117]]}, "properties": {"link_id": "533967_13107_13108_0", "road_id": "533967_13107_13108", "upnode": "533967_13107", "downnode": "533967_13108", "scenario": "no05", "slot_code": "1345", "hhmm": "13:45", "V_kmh_mean": 50.17189061345159, "V_kmh_std": 0.0977113573808486, "TTT_sec_mean": 154.098, "TTT_sec_std": 6.188821501622694, "flow_mean": 14.0, "flow_std": 0.5619514869490163, "n_runs": 20}}, {"type": "Feature", "geometry": {"type": "LineString", "coordinates": [[139.941852935, 35.8898211117], [139.941154, 35.889566], [139.941054, 35.889549], [139.9407500942, 35.8896043228]]}, "properties": {"link_id": "533967_13107_13108_1", "road_id": "533967_13107_13108", "upnode": "533967_13108", "downnode": "533967_13107", "scenario": "no05", "slot_code": "1345", "hhmm": "13:45", "V_kmh_mean": 45.45818181818182, "V_kmh_std": 4.610610094765734e-15, "TTT_sec_mean": 278.3, "TTT_sec_std": 35.34804394201064, "flow_mean": 25.3, "flow_std": 3.213458540182786, "n_runs": 20}}, {"type": "Feature", "geometry": {"type": "LineString", "coordinates": [[139.9546999834, 35.8921722806], [139.9549930168, 35.8921437198]]}, "properties": {"link_id": "533967_13308_88665_0", "road_id": "533967_13308_88665", "upnode": "533967_13308", "downnode": "533967_88665", "scenario": "no05", "slot_code": "1345", "hhmm": "13:45", "V_kmh_mean": null, "V_kmh_std": null, "TTT_sec_mean": null, "TTT_sec_std": null, "flow_mean": 0.0, "flow_std": 0.0, "n_runs": 20}}, {"type": "Feature", "geometry": {"type": "LineString", "coordinates": [[139.9549930168, 35.8921437198], [139.9546999834, 35.8921722806]]}, "properties": {"link_id": "533967_13308_88665_1", "road_id": "533967_13308_88665", "upnode": "533967_88665", "downnode": "533967_13308", "scenario": "no05", "slot_code": "1345", "hhmm": "13:45", "V_kmh_mean": null, "V_kmh_std": null, "TTT_sec_mean": null, "TTT_sec_std": null, "flow_mean": 0.0, "flow_std": 0.0, "n_runs": 20}}, {"type": "Feature", "geometry": {"type": "LineString", "coordinates": [[139.9544257665, 35.8900410001], [139.954628, 35.890041], [139.954753, 35.890058], [139.954915, 35.890141], [139.955065, 35.890208], [139.955278, 35.890224], [139.9553069176, 35.8902292769]]}, "properties": {"link_id": "533967_13715_72472_0", "road_id": "533967_13715_72472", "upnode": "533967_13715", "downnode": "533967_72472", "scenario": "no05", "slot_code": "1345", "hhmm": "13:45", "V_kmh_mean": null, "V_kmh_std": null, "TTT_sec_mean": null, "TTT_sec_std": null, "flow_mean": 0.0, "flow_std": 0.0, "n_runs": 20}}, {"type": "Feature", "geometry": {"type": "LineString", "coordinates": [[139.9553069176, 35.8902292769], [139.955278, 35.890224], [139.955065, 35.890208], [139.954915, 35.890141], [139.954753, 35.890058], [139.954628, 35.890041], [139.9544257665, 35.8900410001]]}, "properties": {"link_id": "533967_13715_72472_1", "road_id": "533967_13715_72472", "upnode": "533967_72472", "downnode": "533967_13715", "scenario": "no05", "slot_code": "1345", "hhmm": "13:45", "V_kmh_mean": null, "V_kmh_std": null, "TTT_sec_mean": null, "TTT_sec_std": null, "flow_mean": 0.0, "flow_std": 0.0, "n_runs": 20}}, {"type": "Feature", "geometry": {"type": "LineString", "coordinates": [[139.9491015915, 35.8877847461], [139.949041, 35.887733], [139.948703, 35.887466], [139.948291, 35.887175], [139.947904, 35.886925], [139.947441, 35.886658], [139.947104, 35.886475], [139.946716, 35.886283], [139.9463623092, 35.8861195165]]}, "properties": {"link_id": "533967_13844_14155_1", "road_id": "533967_13844_14155", "upnode": "533967_14155", "downnode": "533967_13844", "scenario": "no05", "slot_code": "1345", "hhmm": "13:45", "V_kmh_mean": 47.98752383846461, "V_kmh_std": 0.0096455707793274, "TTT_sec_mean": 1906.5565, "TTT_sec_std": 123.29585045627796, "flow_mean": 76.25, "flow_std": 4.929769931644616, "n_runs": 20}}, {"type": "Feature", "geometry": {"type": "LineString", "coordinates": [[139.9467171439, 35.8916607491], [139.946916, 35.891733], [139.947191, 35.891841], [139.947416, 35.891916], [139.947541, 35.891966], [139.947778, 35.892024], [139.947953, 35.892057], [139.948178, 35.892091], [139.948391, 35.892099], [139.948841, 35.892099], [139.9488845, 35.892099]]}, "properties": {"link_id": "533967_13891_14021_0", "road_id": "533967_13891_14021", "upnode": "533967_13891", "downnode": "533967_14021", "scenario": "no05", "slot_code": "1345", "hhmm": "13:45", "V_kmh_mean": 50.190157776381376, "V_kmh_std": 0.1821140800966449, "TTT_sec_mean": 417.7025, "TTT_sec_std": 114.21383927919916, "flow_mean": 24.4, "flow_std": 6.683837536215727, "n_runs": 20}}, {"type": "Feature", "geometry": {"type": "LineString", "coordinates": [[139.9488845, 35.892099], [139.948841, 35.892099], [139.948391, 35.892099], [139.948178, 35.892091], [139.947953, 35.892057], [139.947778, 35.892024], [139.947541, 35.891966], [139.947416, 35.891916], [139.947191, 35.891841], [139.946916, 35.891733], [139.9467171439, 35.8916607491]]}, "properties": {"link_id": "533967_13891_14021_1", "road_id": "533967_13891_14021", "upnode": "533967_14021", "downnode": "533967_13891", "scenario": "no05", "slot_code": "1345", "hhmm": "13:45", "V_kmh_mean": 49.85003664288335, "V_kmh_std": 0.232755061828052, "TTT_sec_mean": 762.1295, "TTT_sec_std": 73.25251599594951, "flow_mean": 43.6, "flow_std": 4.296877691386717, "n_runs": 20}}, {"type": "Feature", "geometry": {"type": "LineString", "coordinates": [[139.946668712, 35.8915447262], [139.9472002892, 35.8907452741]]}, "properties": {"link_id": "533967_13891_72276_0", "road_id": "533967_13891_72276", "upnode": "533967_13891", "downnode": "533967_72276", "scenario": "no05", "slot_code": "1345", "hhmm": "13:45", "V_kmh_mean": null, "V_kmh_std": null, "TTT_sec_mean": null, "TTT_sec_std": null, "flow_mean": 0.0, "flow_std": 0.0, "n_runs": 20}}, {"type": "Feature", "geometry": {"type": "LineString", "coordinates": [[139.9472002892, 35.8907452741], [139.946668712, 35.8915447262]]}, "properties": {"link_id": "533967_13891_72276_1", "road_id": "533967_13891_72276", "upnode": "533967_72276", "downnode": "533967_13891", "scenario": "no05", "slot_code": "1345", "hhmm": "13:45", "V_kmh_mean": null, "V_kmh_std": null, "TTT_sec_mean": null, "TTT_sec_std": null, "flow_mean": 0.0, "flow_std": 0.0, "n_runs": 20}}, {"type": "Feature", "geometry": {"type": "LineString", "coordinates": [[139.9321326594, 35.9007837714], [139.9323763411, 35.8993952287]]}, "properties": {"link_id": "533967_14017_14018_0", "road_id": "533967_14017_14018", "upnode": "533967_14017", "downnode": "533967_14018", "scenario": "no05", "slot_code": "1345", "hhmm": "13:45", "V_kmh_mean": 51.51672716570518, "V_kmh_std": 0.1134099687689847, "TTT_sec_mean": 511.72, "TTT_sec_std": 11.560169822099915, "flow_mean": 36.45, "flow_std": 0.8255779474818975, "n_runs": 20}}, {"type": "Feature", "geometry": {"type": "LineString", "coordinates": [[139.9323763411, 35.8993952287], [139.9321326594, 35.9007837714]]}, "properties": {"link_id": "533967_14017_14018_1", "road_id": "533967_14017_14018", "upnode": "533967_14018", "downnode": "533967_14017", "scenario": "no05", "slot_code": "1345", "hhmm": "13:45", "V_kmh_mean": 49.66854964563536, "V_kmh_std": 0.2725286524760061, "TTT_sec_mean": 502.33, "TTT_sec_std": 51.323163745448376, "flow_mean": 34.55, "flow_std": 3.546310165435855, "n_runs": 20}}, {"type": "Feature", "geometry": {"type": "LineString", "coordinates": [[139.948928, 35.8920088663], [139.948928, 35.891916], [139.948941, 35.891874], [139.948966, 35.891824], [139.949116, 35.891649], [139.949303, 35.891416], [139.949366, 35.891358], [139.949766, 35.890991], [139.949841, 35.890908], [139.949866, 35.890824], [139.949878, 35.890716], [139.949891, 35.890633], [139.949897, 35.890591]]}, "properties": {"link_id": "533967_14021_88656_0", "road_id": "533967_14021_88656", "upnode": "533967_14021", "downnode": "533967_88656", "scenario": "no05", "slot_code": "1345", "hhmm": "13:45", "V_kmh_mean": null, "V_kmh_std": null, "TTT_sec_mean": null, "TTT_sec_std": null, "flow_mean": 0.0, "flow_std": 0.0, "n_runs": 20}}, {"type": "Feature", "geometry": {"type": "LineString", "coordinates": [[139.949897, 35.890591], [139.949891, 35.890633], [139.949878, 35.890716], [139.949866, 35.890824], [139.949841, 35.890908], [139.949766, 35.890991], [139.949366, 35.891358], [139.949303, 35.891416], [139.949116, 35.891649], [139.948966, 35.891824], [139.948941, 35.891874], [139.948928, 35.891916], [139.948928, 35.8920088663]]}, "properties": {"link_id": "533967_14021_88656_1", "road_id": "533967_14021_88656", "upnode": "533967_88656", "downnode": "533967_14021", "scenario": "no05", "slot_code": "1345", "hhmm": "13:45", "V_kmh_mean": null, "V_kmh_std": null, "TTT_sec_mean": null, "TTT_sec_std": null, "flow_mean": 0.0, "flow_std": 0.0, "n_runs": 20}}, {"type": "Feature", "geometry": {"type": "LineString", "coordinates": [[139.9457796051, 35.8979995123], [139.945591, 35.898173], [139.945428, 35.898273], [139.944478, 35.898915], [139.943716, 35.899432], [139.943466, 35.89959], [139.9434474544, 35.8996244418]]}, "properties": {"link_id": "533967_14156_88894_0", "road_id": "533967_14156_88894", "upnode": "533967_14156", "downnode": "533967_88894", "scenario": "no05", "slot_code": "1345", "hhmm": "13:45", "V_kmh_mean": null, "V_kmh_std": null, "TTT_sec_mean": null, "TTT_sec_std": null, "flow_mean": 0.0, "flow_std": 0.0, "n_runs": 20}}, {"type": "Feature", "geometry": {"type": "LineString", "coordinates": [[139.9434474544, 35.8996244418], [139.943466, 35.89959], [139.943716, 35.899432], [139.944478, 35.898915], [139.945428, 35.898273], [139.945591, 35.898173], [139.9457796051, 35.8979995123]]}, "properties": {"link_id": "533967_14156_88894_1", "road_id": "533967_14156_88894", "upnode": "533967_88894", "downnode": "533967_14156", "scenario": "no05", "slot_code": "1345", "hhmm": "13:45", "V_kmh_mean": null, "V_kmh_std": null, "TTT_sec_mean": null, "TTT_sec_std": null, "flow_mean": 0.0, "flow_std": 0.0, "n_runs": 20}}, {"type": "Feature", "geometry": {"type": "LineString", "coordinates": [[139.9473488146, 35.8907112255], [139.948878, 35.891433], [139.949741, 35.890683], [139.9498253198, 35.8906132541]]}, "properties": {"link_id": "533967_72276_88656_0", "road_id": "533967_72276_88656", "upnode": "533967_72276", "downnode": "533967_88656", "scenario": "no05", "slot_code": "1345", "hhmm": "13:45", "V_kmh_mean": null, "V_kmh_std": null, "TTT_sec_mean": null, "TTT_sec_std": null, "flow_mean": 0.0, "flow_std": 0.0, "n_runs": 20}}, {"type": "Feature", "geometry": {"type": "LineString", "coordinates": [[139.9498253198, 35.8906132541], [139.949741, 35.890683], [139.948878, 35.891433], [139.9473488146, 35.8907112255]]}, "properties": {"link_id": "533967_72276_88656_1", "road_id": "533967_72276_88656", "upnode": "533967_88656", "downnode": "533967_72276", "scenario": "no05", "slot_code": "1345", "hhmm": "13:45", "V_kmh_mean": null, "V_kmh_std": null, "TTT_sec_mean": null, "TTT_sec_std": null, "flow_mean": 0.0, "flow_std": 0.0, "n_runs": 20}}, {"type": "Feature", "geometry": {"type": "LineString", "coordinates": [[139.9460677101, 35.9008985163], [139.945853, 35.900882], [139.945703, 35.90084], [139.944941, 35.90049], [139.944291, 35.900165], [139.9434965644, 35.8997552579]]}, "properties": {"link_id": "533967_74224_88894_0", "road_id": "533967_74224_88894", "upnode": "533967_74224", "downnode": "533967_88894", "scenario": "no05", "slot_code": "1345", "hhmm": "13:45", "V_kmh_mean": null, "V_kmh_std": null, "TTT_sec_mean": null, "TTT_sec_std": null, "flow_mean": 0.0, "flow_std": 0.0, "n_runs": 20}}, {"type": "Feature", "geometry": {"type": "LineString", "coordinates": [[139.9434965644, 35.8997552579], [139.944291, 35.900165], [139.944941, 35.90049], [139.945703, 35.90084], [139.945853, 35.900882], [139.9460677101, 35.9008985163]]}, "properties": {"link_id": "533967_74224_88894_1", "road_id": "533967_74224_88894", "upnode": "533967_88894", "downnode": "533967_74224", "scenario": "no05", "slot_code": "1345", "hhmm": "13:45", "V_kmh_mean": null, "V_kmh_std": null, "TTT_sec_mean": null, "TTT_sec_std": null, "flow_mean": 0.0, "flow_std": 0.0, "n_runs": 20}}, {"type": "Feature", "geometry": {"type": "LineString", "coordinates": [[139.9481135783, 35.9009595394], [139.948165, 35.900957], [139.948415, 35.900932], [139.9490064846, 35.9008331379]]}, "properties": {"link_id": "533967_87767_87768_0", "road_id": "533967_87767_87768", "upnode": "533967_87767", "downnode": "533967_87768", "scenario": "no05", "slot_code": "1345", "hhmm": "13:45", "V_kmh_mean": null, "V_kmh_std": null, "TTT_sec_mean": null, "TTT_sec_std": null, "flow_mean": 0.0, "flow_std": 0.0, "n_runs": 20}}, {"type": "Feature", "geometry": {"type": "LineString", "coordinates": [[139.9490064846, 35.9008331379], [139.948415, 35.900932], [139.948165, 35.900957], [139.9481135783, 35.9009595394]]}, "properties": {"link_id": "533967_87767_87768_1", "road_id": "533967_87767_87768", "upnode": "533967_87768", "downnode": "533967_87767", "scenario": "no05", "slot_code": "1345", "hhmm": "13:45", "V_kmh_mean": null, "V_kmh_std": null, "TTT_sec_mean": null, "TTT_sec_std": null, "flow_mean": 0.0, "flow_std": 0.0, "n_runs": 20}}, {"type": "Feature", "geometry": {"type": "LineString", "coordinates": [[139.9479865798, 35.900875862], [139.9479724567, 35.9007680664], [139.9479524844, 35.9006806954]]}, "properties": {"link_id": "533967_87767_88200_0", "road_id": "533967_87767_88200", "upnode": "533967_87767", "downnode": "533967_88200", "scenario": "no05", "slot_code": "1345", "hhmm": "13:45", "V_kmh_mean": null, "V_kmh_std": null, "TTT_sec_mean": null, "TTT_sec_std": null, "flow_mean": 0.0, "flow_std": 0.0, "n_runs": 20}}, {"type": "Feature", "geometry": {"type": "LineString", "coordinates": [[139.9479524844, 35.9006806954], [139.9479724567, 35.9007680664], [139.9479865798, 35.900875862]]}, "properties": {"link_id": "533967_87767_88200_1", "road_id": "533967_87767_88200", "upnode": "533967_88200", "downnode": "533967_87767", "scenario": "no05", "slot_code": "1345", "hhmm": "13:45", "V_kmh_mean": null, "V_kmh_std": null, "TTT_sec_mean": null, "TTT_sec_std": null, "flow_mean": 0.0, "flow_std": 0.0, "n_runs": 20}}, {"type": "Feature", "geometry": {"type": "LineString", "coordinates": [[139.9490959726, 35.9007262058], [139.9490590273, 35.9005537942]]}, "properties": {"link_id": "533967_87768_88199_0", "road_id": "533967_87768_88199", "upnode": "533967_87768", "downnode": "533967_88199", "scenario": "no05", "slot_code": "1345", "hhmm": "13:45", "V_kmh_mean": null, "V_kmh_std": null, "TTT_sec_mean": null, "TTT_sec_std": null, "flow_mean": 0.0, "flow_std": 0.0, "n_runs": 20}}, {"type": "Feature", "geometry": {"type": "LineString", "coordinates": [[139.9490590273, 35.9005537942], [139.9490959726, 35.9007262058]]}, "properties": {"link_id": "533967_87768_88199_1", "road_id": "533967_87768_88199", "upnode": "533967_88199", "downnode": "533967_87768", "scenario": "no05", "slot_code": "1345", "hhmm": "13:45", "V_kmh_mean": null, "V_kmh_std": null, "TTT_sec_mean": null, "TTT_sec_std": null, "flow_mean": 0.0, "flow_std": 0.0, "n_runs": 20}}, {"type": "Feature", "geometry": {"type": "LineString", "coordinates": [[139.9467666279, 35.9010064507], [139.946528, 35.901107], [139.946216, 35.901223], [139.946028, 35.901273], [139.9460252125, 35.9013001786]]}, "properties": {"link_id": "533967_87769_87770_0", "road_id": "533967_87769_87770", "upnode": "533967_87769", "downnode": "533967_87770", "scenario": "no05", "slot_code": "1345", "hhmm": "13:45", "V_kmh_mean": null, "V_kmh_std": null, "TTT_sec_mean": null, "TTT_sec_std": null, "flow_mean": 0.0, "flow_std": 0.0, "n_runs": 20}}, {"type": "Feature", "geometry": {"type": "LineString", "coordinates": [[139.9460252125, 35.9013001786], [139.946028, 35.901273], [139.946216, 35.901223], [139.946528, 35.901107], [139.9467666279, 35.9010064507]]}, "properties": {"link_id": "533967_87769_87770_1", "road_id": "533967_87769_87770", "upnode": "533967_87770", "downnode": "533967_87769", "scenario": "no05", "slot_code": "1345", "hhmm": "13:45", "V_kmh_mean": null, "V_kmh_std": null, "TTT_sec_mean": null, "TTT_sec_std": null, "flow_mean": 0.0, "flow_std": 0.0, "n_runs": 20}}, {"type": "Feature", "geometry": {"type": "LineString", "coordinates": [[139.9489310259, 35.9004812132], [139.9480869745, 35.9006067877]]}, "properties": {"link_id": "533967_88199_88200_0", "road_id": "533967_88199_88200", "upnode": "533967_88199", "downnode": "533967_88200", "scenario": "no05", "slot_code": "1345", "hhmm": "13:45", "V_kmh_mean": null, "V_kmh_std": null, "TTT_sec_mean": null, "TTT_sec_std": null, "flow_mean": 0.0, "flow_std": 0.0, "n_runs": 20}}, {"type": "Feature", "geometry": {"type": "LineString", "coordinates": [[139.9480869745, 35.9006067877], [139.9489310259, 35.9004812132]]}, "properties": {"link_id": "533967_88199_88200_1", "road_id": "533967_88199_88200", "upnode": "533967_88200", "downnode": "533967_88199", "scenario": "no05", "slot_code": "1345", "hhmm": "13:45", "V_kmh_mean": null, "V_kmh_std": null, "TTT_sec_mean": null, "TTT_sec_std": null, "flow_mean": 0.0, "flow_std": 0.0, "n_runs": 20}}, {"type": "Feature", "geometry": {"type": "LineString", "coordinates": [[139.9490262406, 35.9003755643], [139.9490037593, 35.9002294357]]}, "properties": {"link_id": "533967_88199_88201_0", "road_id": "533967_88199_88201", "upnode": "533967_88199", "downnode": "533967_88201", "scenario": "no05", "slot_code": "1345", "hhmm": "13:45", "V_kmh_mean": null, "V_kmh_std": null, "TTT_sec_mean": null, "TTT_sec_std": null, "flow_mean": 0.0, "flow_std": 0.0, "n_runs": 20}}, {"type": "Feature", "geometry": {"type": "LineString", "coordinates": [[139.9490037593, 35.9002294357], [139.9490262406, 35.9003755643]]}, "properties": {"link_id": "533967_88199_88201_1", "road_id": "533967_88199_88201", "upnode": "533967_88201", "downnode": "533967_88199", "scenario": "no05", "slot_code": "1345", "hhmm": "13:45", "V_kmh_mean": null, "V_kmh_std": null, "TTT_sec_mean": null, "TTT_sec_std": null, "flow_mean": 0.0, "flow_std": 0.0, "n_runs": 20}}, {"type": "Feature", "geometry": {"type": "LineString", "coordinates": [[139.9479575571, 35.9005344144], [139.9479234428, 35.9003865857]]}, "properties": {"link_id": "533967_88200_88202_0", "road_id": "533967_88200_88202", "upnode": "533967_88200", "downnode": "533967_88202", "scenario": "no05", "slot_code": "1345", "hhmm": "13:45", "V_kmh_mean": null, "V_kmh_std": null, "TTT_sec_mean": null, "TTT_sec_std": null, "flow_mean": 0.0, "flow_std": 0.0, "n_runs": 20}}, {"type": "Feature", "geometry": {"type": "LineString", "coordinates": [[139.9479234428, 35.9003865857], [139.9479575571, 35.9005344144]]}, "properties": {"link_id": "533967_88200_88202_1", "road_id": "533967_88200_88202", "upnode": "533967_88202", "downnode": "533967_88200", "scenario": "no05", "slot_code": "1345", "hhmm": "13:45", "V_kmh_mean": null, "V_kmh_std": null, "TTT_sec_mean": null, "TTT_sec_std": null, "flow_mean": 0.0, "flow_std": 0.0, "n_runs": 20}}, {"type": "Feature", "geometry": {"type": "LineString", "coordinates": [[139.9489751139, 35.9000506839], [139.94894, 35.89984], [139.94894, 35.899815], [139.948903, 35.899798], [139.94829, 35.899715], [139.9482869012, 35.8997145296]]}, "properties": {"link_id": "533967_88201_88203_0", "road_id": "533967_88201_88203", "upnode": "533967_88201", "downnode": "533967_88203", "scenario": "no05", "slot_code": "1345", "hhmm": "13:45", "V_kmh_mean": null, "V_kmh_std": null, "TTT_sec_mean": null, "TTT_sec_std": null, "flow_mean": 0.0, "flow_std": 0.0, "n_runs": 20}}, {"type": "Feature", "geometry": {"type": "LineString", "coordinates": [[139.9482869012, 35.8997145296], [139.94829, 35.899715], [139.948903, 35.899798], [139.94894, 35.899815], [139.94894, 35.89984], [139.9489751139, 35.9000506839]]}, "properties": {"link_id": "533967_88201_88203_1", "road_id": "533967_88201_88203", "upnode": "533967_88203", "downnode": "533967_88201", "scenario": "no05", "slot_code": "1345", "hhmm": "13:45", "V_kmh_mean": null, "V_kmh_std": null, "TTT_sec_mean": null, "TTT_sec_std": null, "flow_mean": 0.0, "flow_std": 0.0, "n_runs": 20}}, {"type": "Feature", "geometry": {"type": "LineString", "coordinates": [[139.9488809508, 35.9001558735], [139.9484120494, 35.900224127]]}, "properties": {"link_id": "533967_88201_88204_0", "road_id": "533967_88201_88204", "upnode": "533967_88201", "downnode": "533967_88204", "scenario": "no05", "slot_code": "1345", "hhmm": "13:45", "V_kmh_mean": null, "V_kmh_std": null, "TTT_sec_mean": null, "TTT_sec_std": null, "flow_mean": 0.0, "flow_std": 0.0, "n_runs": 20}}, {"type": "Feature", "geometry": {"type": "LineString", "coordinates": [[139.9484120494, 35.900224127], [139.9488809508, 35.9001558735]]}, "properties": {"link_id": "533967_88201_88204_1", "road_id": "533967_88201_88204", "upnode": "533967_88204", "downnode": "533967_88201", "scenario": "no05", "slot_code": "1345", "hhmm": "13:45", "V_kmh_mean": null, "V_kmh_std": null, "TTT_sec_mean": null, "TTT_sec_std": null, "flow_mean": 0.0, "flow_std": 0.0, "n_runs": 20}}, {"type": "Feature", "geometry": {"type": "LineString", "coordinates": [[139.9480120624, 35.9002821861], [139.9481939377, 35.9002558142]]}, "properties": {"link_id": "533967_88202_88204_0", "road_id": "533967_88202_88204", "upnode": "533967_88202", "downnode": "533967_88204", "scenario": "no05", "slot_code": "1345", "hhmm": "13:45", "V_kmh_mean": null, "V_kmh_std": null, "TTT_sec_mean": null, "TTT_sec_std": null, "flow_mean": 0.0, "flow_std": 0.0, "n_runs": 20}}, {"type": "Feature", "geometry": {"type": "LineString", "coordinates": [[139.9481939377, 35.9002558142], [139.9480120624, 35.9002821861]]}, "properties": {"link_id": "533967_88202_88204_1", "road_id": "533967_88202_88204", "upnode": "533967_88204", "downnode": "533967_88202", "scenario": "no05", "slot_code": "1345", "hhmm": "13:45", "V_kmh_mean": null, "V_kmh_std": null, "TTT_sec_mean": null, "TTT_sec_std": null, "flow_mean": 0.0, "flow_std": 0.0, "n_runs": 20}}, {"type": "Feature", "geometry": {"type": "LineString", "coordinates": [[139.9478843658, 35.9002091507], [139.9477836339, 35.8997288494]]}, "properties": {"link_id": "533967_88202_88302_0", "road_id": "533967_88202_88302", "upnode": "533967_88202", "downnode": "533967_88302", "scenario": "no05", "slot_code": "1345", "hhmm": "13:45", "V_kmh_mean": null, "V_kmh_std": null, "TTT_sec_mean": null, "TTT_sec_std": null, "flow_mean": 0.0, "flow_std": 0.0, "n_runs": 20}}, {"type": "Feature", "geometry": {"type": "LineString", "coordinates": [[139.9477836339, 35.8997288494], [139.9478843658, 35.9002091507]]}, "properties": {"link_id": "533967_88202_88302_1", "road_id": "533967_88202_88302", "upnode": "533967_88302", "downnode": "533967_88202", "scenario": "no05", "slot_code": "1345", "hhmm": "13:45", "V_kmh_mean": null, "V_kmh_std": null, "TTT_sec_mean": null, "TTT_sec_std": null, "flow_mean": 0.0, "flow_std": 0.0, "n_runs": 20}}, {"type": "Feature", "geometry": {"type": "LineString", "coordinates": [[139.9481984306, 35.8997865875], [139.9482825692, 35.9001514125]]}, "properties": {"link_id": "533967_88203_88204_0", "road_id": "533967_88203_88204", "upnode": "533967_88203", "downnode": "533967_88204", "scenario": "no05", "slot_code": "1345", "hhmm": "13:45", "V_kmh_mean": null, "V_kmh_std": null, "TTT_sec_mean": null, "TTT_sec_std": null, "flow_mean": 0.0, "flow_std": 0.0, "n_runs": 20}}, {"type": "Feature", "geometry": {"type": "LineString", "coordinates": [[139.9482825692, 35.9001514125], [139.9481984306, 35.8997865875]]}, "properties": {"link_id": "533967_88203_88204_1", "road_id": "533967_88203_88204", "upnode": "533967_88204", "downnode": "533967_88203", "scenario": "no05", "slot_code": "1345", "hhmm": "13:45", "V_kmh_mean": null, "V_kmh_std": null, "TTT_sec_mean": null, "TTT_sec_std": null, "flow_mean": 0.0, "flow_std": 0.0, "n_runs": 20}}, {"type": "Feature", "geometry": {"type": "LineString", "coordinates": [[139.9480688342, 35.8996826694], [139.9478741657, 35.8996553309]]}, "properties": {"link_id": "533967_88203_88302_0", "road_id": "533967_88203_88302", "upnode": "533967_88203", "downnode": "533967_88302", "scenario": "no05", "slot_code": "1345", "hhmm": "13:45", "V_kmh_mean": null, "V_kmh_std": null, "TTT_sec_mean": null, "TTT_sec_std": null, "flow_mean": 0.0, "flow_std": 0.0, "n_runs": 20}}, {"type": "Feature", "geometry": {"type": "LineString", "coordinates": [[139.9478741657, 35.8996553309], [139.9480688342, 35.8996826694]]}, "properties": {"link_id": "533967_88203_88302_1", "road_id": "533967_88203_88302", "upnode": "533967_88302", "downnode": "533967_88203", "scenario": "no05", "slot_code": "1345", "hhmm": "13:45", "V_kmh_mean": null, "V_kmh_std": null, "TTT_sec_mean": null, "TTT_sec_std": null, "flow_mean": 0.0, "flow_std": 0.0, "n_runs": 20}}, {"type": "Feature", "geometry": {"type": "LineString", "coordinates": [[139.9326277782, 35.8983820001], [139.932804, 35.898382], [139.933154, 35.898415], [139.933504, 35.898482], [139.933842, 35.898582], [139.9342160847, 35.8987198209]]}, "properties": {"link_id": "I_11_0129024139429", "road_id": "I_23_0129024139398", "upnode": "533967_00535", "downnode": "I_22_533967_-00007", "scenario": "no05", "slot_code": "1345", "hhmm": "13:45", "V_kmh_mean": 29.403756585834707, "V_kmh_std": 0.3520217943105815, "TTT_sec_mean": 1617.1174999999998, "TTT_sec_std": 78.31143345138383, "flow_mean": 76.5, "flow_std": 3.2200032690405105, "n_runs": 20}}, {"type": "Feature", "geometry": {"type": "LineString", "coordinates": [[139.9374914269, 35.9000164951], [139.93441657, 35.8987965076]]}, "properties": {"link_id": "I_11_0129024139444", "road_id": "I_23_0129024146201", "upnode": "I_22_533967_-00008", "downnode": "I_22_533967_-00007", "scenario": "no05", "slot_code": "1345", "hhmm": "13:45", "V_kmh_mean": 49.69534054930954, "V_kmh_std": 0.1288967395879749, "TTT_sec_mean": 1063.0475, "TTT_sec_std": 99.51395045683954, "flow_mean": 43.2, "flow_std": 4.060075187273728, "n_runs": 20}}, {"type": "Feature", "geometry": {"type": "LineString", "coordinates": [[139.93441657, 35.8987965076], [139.9374914269, 35.9000164951]]}, "properties": {"link_id": "I_11_0129024146232", "road_id": "I_23_0129024146201", "upnode": "I_22_533967_-00007", "downnode": "I_22_533967_-00008", "scenario": "no05", "slot_code": "1345", "hhmm": "13:45", "V_kmh_mean": 29.94566037573486, "V_kmh_std": 0.120674515628121, "TTT_sec_mean": 3117.411, "TTT_sec_std": 161.2969421480636, "flow_mean": 76.45, "flow_std": 3.993086130063471, "n_runs": 20}}, {"type": "Feature", "geometry": {"type": "LineString", "coordinates": [[139.9389093803, 35.9006681224], [139.938566, 35.900498], [139.938141, 35.90029], [139.9376891689, 35.9000977667]]}, "properties": {"link_id": "I_11_0129024146246", "road_id": "I_23_0129024146216", "upnode": "533967_00538", "downnode": "I_22_533967_-00008", "scenario": "no05", "slot_code": "1345", "hhmm": "13:45", "V_kmh_mean": 45.738754936321456, "V_kmh_std": 0.9281690021801422, "TTT_sec_mean": 540.1865, "TTT_sec_std": 55.64167845996475, "flow_mean": 42.4, "flow_std": 4.235190917215322, "n_runs": 20}}, {"type": "Feature", "geometry": {"type": "LineString", "coordinates": [[139.9521445578, 35.8965977164], [139.951665, 35.896257], [139.951415, 35.896132], [139.951203, 35.896057], [139.9510914569, 35.8960396732]]}, "properties": {"link_id": "I_11_0804143920985", "road_id": "I_23_0804143920954", "upnode": "533967_01418", "downnode": "I_22_533967_-00002", "scenario": "no05", "slot_code": "1345", "hhmm": "13:45", "V_kmh_mean": 19.64339456980948, "V_kmh_std": 0.118917567903326, "TTT_sec_mean": 506.997, "TTT_sec_std": 101.0899072530045, "flow_mean": 23.4, "flow_std": 4.649844366382487, "n_runs": 20}}, {"type": "Feature", "geometry": {"type": "LineString", "coordinates": [[139.949799732, 35.8958773378], [139.950953, 35.896007], [139.9510699611, 35.8960354051]]}, "properties": {"link_id": "I_11_0804143921001", "road_id": "I_23_0804143920969", "upnode": "533967_01421", "downnode": "I_22_533967_-00002", "scenario": "no05", "slot_code": "1345", "hhmm": "13:45", "V_kmh_mean": null, "V_kmh_std": null, "TTT_sec_mean": null, "TTT_sec_std": null, "flow_mean": 0.0, "flow_std": 0.0, "n_runs": 20}}, {"type": "Feature", "geometry": {"type": "LineString", "coordinates": [[139.9414442427, 35.9017764856], [139.9410441843, 35.9020921622]]}, "properties": {"link_id": "I_11_533967_-00001533967_00539", "road_id": "I_23_533967_00539_533967_-00001", "upnode": "I_22_533967_-00001", "downnode": "533967_00539", "scenario": "no05", "slot_code": "1345", "hhmm": "13:45", "V_kmh_mean": 5.709548540745423, "V_kmh_std": 0.5601688750160337, "TTT_sec_mean": 2187.4115, "TTT_sec_std": 293.23143314085905, "flow_mean": 45.0, "flow_std": 2.0774478269463743, "n_runs": 20}}, {"type": "Feature", "geometry": {"type": "LineString", "coordinates": [[139.9415222285, 35.901622514], [139.9414573964, 35.9015154031]]}, "properties": {"link_id": "I_11_533967_-00001_533967_-00005", "road_id": "I_23_533967_-00001_533967_-00005", "upnode": "I_22_533967_-00001", "downnode": "I_22_533967_-00005", "scenario": "no05", "slot_code": "1345", "hhmm": "13:45", "V_kmh_mean": null, "V_kmh_std": null, "TTT_sec_mean": null, "TTT_sec_std": null, "flow_mean": 0.0, "flow_std": 0.0, "n_runs": 20}}, {"type": "Feature", "geometry": {"type": "LineString", "coordinates": [[139.9413464164, 35.9014254304], [139.9412624352, 35.9015060417]]}, "properties": {"link_id": "I_11_533967_-00005_533967_-00006", "road_id": "I_23_533967_-00005_533967_-00006", "upnode": "I_22_533967_-00005", "downnode": "I_22_533967_-00006", "scenario": "no05", "slot_code": "1345", "hhmm": "13:45", "V_kmh_mean": null, "V_kmh_std": null, "TTT_sec_mean": null, "TTT_sec_std": null, "flow_mean": 0.0, "flow_std": 0.0, "n_runs": 20}}, {"type": "Feature", "geometry": {"type": "LineString", "coordinates": [[139.9412627144, 35.9016334904], [139.9414439632, 35.9016490369]]}, "properties": {"link_id": "I_11_533967_-00006_533967_-00001", "road_id": "I_23_533967_-00006_533967_-00001", "upnode": "I_22_533967_-00006", "downnode": "I_22_533967_-00001", "scenario": "no05", "slot_code": "1345", "hhmm": "13:45", "V_kmh_mean": 36.98819995376081, "V_kmh_std": 7.342401441713898, "TTT_sec_mean": 78.1485, "TTT_sec_std": 35.97459516980808, "flow_mean": 20.8, "flow_std": 4.187701291312832, "n_runs": 20}}, {"type": "Feature", "geometry": {"type": "LineString", "coordinates": [[139.9375128149, 35.9001198356], [139.936998047, 35.9016828347]]}, "properties": {"link_id": "I_11_533967_-00008_533967_-00009", "road_id": "I_23_533967_-00009_533967_-00008", "upnode": "I_22_533967_-00008", "downnode": "I_22_533967_-00009", "scenario": "no05", "slot_code": "1345", "hhmm": "13:45", "V_kmh_mean": 46.440000000000005, "V_kmh_std": 0.0, "TTT_sec_mean": 14.0, "TTT_sec_std": 0.0, "flow_mean": 0.25, "flow_std": 0.4442616583193193, "n_runs": 20}}, {"type": "Feature", "geometry": {"type": "LineString", "coordinates": [[139.936998047, 35.9016828347], [139.9375128149, 35.9001198356]]}, "properties": {"link_id": "I_11_533967_-00009_533967_-00008", "road_id": "I_23_533967_-00009_533967_-00008", "upnode": "I_22_533967_-00009", "downnode": "I_22_533967_-00008", "scenario": "no05", "slot_code": "1345", "hhmm": "13:45", "V_kmh_mean": 51.386620087716274, "V_kmh_std": 8.4250578163847, "TTT_sec_mean": 14.68421052631579, "TTT_sec_std": 4.042175316157094, "flow_mean": 0.95, "flow_std": 0.2236067977499789, "n_runs": 20}}, {"type": "Feature", "geometry": {"type": "LineString", "coordinates": [[139.9410441843, 35.9020921622], [139.9414442427, 35.9017764856]]}, "properties": {"link_id": "I_11_533967_00539_533967_-00001", "road_id": "I_23_533967_00539_533967_-00001", "upnode": "533967_00539", "downnode": "I_22_533967_-00001", "scenario": "no05", "slot_code": "1345", "hhmm": "13:45", "V_kmh_mean": 25.22098746820746, "V_kmh_std": 0.2941434367458728, "TTT_sec_mean": 414.657, "TTT_sec_std": 45.57075332872356, "flow_mean": 36.8, "flow_std": 3.887902966083928, "n_runs": 20}}, {"type": "Feature", "geometry": {"type": "LineString", "coordinates": [[139.9544776298, 35.8915514301], [139.9543653699, 35.8907385699]]}, "properties": {"link_id": "I_11_533967_00937533967_01269", "road_id": "I_23_533967_00937533967_01269", "upnode": "533967_00937", "downnode": "533967_01269", "scenario": "no05", "slot_code": "1345", "hhmm": "13:45", "V_kmh_mean": 47.14032183384314, "V_kmh_std": 0.5833419691045705, "TTT_sec_mean": 290.3165, "TTT_sec_std": 33.0930129809586, "flow_mean": 32.35, "flow_std": 3.674592709260085, "n_runs": 20}}, {"type": "Feature", "geometry": {"type": "LineString", "coordinates": [[139.9542437303, 35.8916227784], [139.9529242702, 35.8918012229]]}, "properties": {"link_id": "I_11_533967_00937533967_01406", "road_id": "I_23_533967_00937533967_01406", "upnode": "533967_00937", "downnode": "533967_01406", "scenario": "no05", "slot_code": "1345", "hhmm": "13:45", "V_kmh_mean": 41.924109096212426, "V_kmh_std": 4.520886250898069, "TTT_sec_mean": 368.35, "TTT_sec_std": 79.59101741171285, "flow_mean": 29.1, "flow_std": 4.655500425359911, "n_runs": 20}}, {"type": "Feature", "geometry": {"type": "LineString", "coordinates": [[139.9543792471, 35.891788385], [139.9545960516, 35.8932692569]]}, "properties": {"link_id": "I_11_533967_00937533967_01657", "road_id": "I_23_533967_00937533967_01657", "upnode": "533967_00937", "downnode": "533967_01657", "scenario": "no05", "slot_code": "1345", "hhmm": "13:45", "V_kmh_mean": 18.48157260797567, "V_kmh_std": 0.7407899010771197, "TTT_sec_mean": 4029.5575, "TTT_sec_std": 260.2744712368686, "flow_mean": 103.7, "flow_std": 4.268612494895613, "n_runs": 20}}, {"type": "Feature", "geometry": {"type": "LineString", "coordinates": [[139.9499566507, 35.8943927705], [139.9503373501, 35.8922222296]]}, "properties": {"link_id": "I_11_533967_00939533967_01485", "road_id": "I_23_533967_00939533967_01485", "upnode": "533967_00939", "downnode": "533967_01485", "scenario": "no05", "slot_code": "1345", "hhmm": "13:45", "V_kmh_mean": 21.494838693875597, "V_kmh_std": 0.8675889938686107, "TTT_sec_mean": 6099.6405, "TTT_sec_std": 448.09970176378096, "flow_mean": 127.9, "flow_std": 7.859958483886606, "n_runs": 20}}, {"type": "Feature", "geometry": {"type": "LineString", "coordinates": [[139.9494352951, 35.8981089564], [139.949528, 35.898823], [139.949653, 35.899515], [139.9498460144, 35.9002211501], [139.949935299, 35.900542693], [139.9499535912, 35.9005872235]]}, "properties": {"link_id": "I_11_533967_00977533967_00978", "road_id": "I_23_533967_00977533967_00978", "upnode": "533967_00977", "downnode": "533967_00978", "scenario": "no05", "slot_code": "1345", "hhmm": "13:45", "V_kmh_mean": 39.45548545806207, "V_kmh_std": 0.3368511569243075, "TTT_sec_mean": 1007.6925, "TTT_sec_std": 119.3534532772744, "flow_mean": 35.25, "flow_std": 4.076569765456196, "n_runs": 20}}, {"type": "Feature", "geometry": {"type": "LineString", "coordinates": [[139.9495114027, 35.8977672205], [139.9494765891, 35.897478453], [139.949515, 35.897132], [139.949553, 35.896774], [139.9496765166, 35.8959544635]]}, "properties": {"link_id": "I_11_533967_00977533967_01421", "road_id": "I_23_533967_01421533967_00977", "upnode": "533967_00977", "downnode": "533967_01421", "scenario": "no05", "slot_code": "1345", "hhmm": "13:45", "V_kmh_mean": 41.51013256939813, "V_kmh_std": 2.609353210442424, "TTT_sec_mean": 2133.211, "TTT_sec_std": 176.983300487868, "flow_mean": 107.3, "flow_std": 7.175249858110572, "n_runs": 20}}, {"type": "Feature", "geometry": {"type": "LineString", "coordinates": [[139.9496890497, 35.8979443248], [139.9501679491, 35.8978888631], [139.9504490981, 35.8978387799], [139.9507337264, 35.8977927831], [139.951028, 35.897724], [139.9511315672, 35.8976763591]]}, "properties": {"link_id": "I_11_533967_00977533967_01425", "road_id": "I_23_533967_00977533967_01425", "upnode": "533967_00977", "downnode": "533967_01425", "scenario": "no05", "slot_code": "1345", "hhmm": "13:45", "V_kmh_mean": 48.46302017016506, "V_kmh_std": 0.4406830746545056, "TTT_sec_mean": 416.025, "TTT_sec_std": 71.0225107012966, "flow_mean": 34.75, "flow_std": 5.847851607304399, "n_runs": 20}}, {"type": "Feature", "geometry": {"type": "LineString", "coordinates": [[139.949170358, 35.8979573514], [139.9481476301, 35.8980698969], [139.947253, 35.898157], [139.9471377592, 35.8981698046]]}, "properties": {"link_id": "I_11_533967_00977533967_01555", "road_id": "I_23_533967_00977533967_01555", "upnode": "533967_00977", "downnode": "533967_01555", "scenario": "no05", "slot_code": "1345", "hhmm": "13:45", "V_kmh_mean": 47.76746188893189, "V_kmh_std": 0.7626198163691483, "TTT_sec_mean": 393.921, "TTT_sec_std": 53.80692079336224, "flow_mean": 24.3, "flow_std": 3.465620624908253, "n_runs": 20}}, {"type": "Feature", "geometry": {"type": "LineString", "coordinates": [[139.9499811115, 35.9005769603], [139.9499574644, 35.9004964733], [139.949874189, 35.900177757], [139.9497043551, 35.8995067552], [139.949601491, 35.8987977081], [139.949510305, 35.898109181]]}, "properties": {"link_id": "I_11_533967_00978533967_00977", "road_id": "I_23_533967_00978533967_00977", "upnode": "533967_00978", "downnode": "533967_00977", "scenario": "no05", "slot_code": "1345", "hhmm": "13:45", "V_kmh_mean": 25.60476450701056, "V_kmh_std": 2.638715125343659, "TTT_sec_mean": 2216.912, "TTT_sec_std": 349.6827782975517, "flow_mean": 48.25, "flow_std": 2.76966651992238, "n_runs": 20}}, {"type": "Feature", "geometry": {"type": "LineString", "coordinates": [[139.9542039866, 35.8906554123], [139.9543390131, 35.8915185877]]}, "properties": {"link_id": "I_11_533967_01268533967_00937", "road_id": "I_23_533967_00937533967_01268", "upnode": "533967_01268", "downnode": "533967_00937", "scenario": "no05", "slot_code": "1345", "hhmm": "13:45", "V_kmh_mean": 18.39434095443945, "V_kmh_std": 1.945632828133512, "TTT_sec_mean": 1222.46, "TTT_sec_std": 128.4098453759434, "flow_mean": 48.55, "flow_std": 2.892367451359562, "n_runs": 20}}, {"type": "Feature", "geometry": {"type": "LineString", "coordinates": [[139.9529372543, 35.8918931444], [139.9542557463, 35.8917138569]]}, "properties": {"link_id": "I_11_533967_01405533967_00937", "road_id": "I_23_533967_00937533967_01405", "upnode": "533967_01405", "downnode": "533967_00937", "scenario": "no05", "slot_code": "1345", "hhmm": "13:45", "V_kmh_mean": 11.422021298768025, "V_kmh_std": 0.2865715768337725, "TTT_sec_mean": 3521.6905, "TTT_sec_std": 301.61241565738663, "flow_mean": 69.55, "flow_std": 5.355518550744495, "n_runs": 20}}, {"type": "Feature", "geometry": {"type": "LineString", "coordinates": [[139.9532715, 35.8937325], [139.953303, 35.893699], [139.953403, 35.893649], [139.9545264505, 35.8934833616]]}, "properties": {"link_id": "I_11_533967_01412533967_01657", "road_id": "I_23_533967_01412533967_01657", "upnode": "533967_01412", "downnode": "533967_01657", "scenario": "no05", "slot_code": "1345", "hhmm": "13:45", "V_kmh_mean": 16.870660667220438, "V_kmh_std": 5.783971288324857, "TTT_sec_mean": 174.1, "TTT_sec_std": 68.00456641014321, "flow_mean": 4.45, "flow_std": 0.6863327411532597, "n_runs": 20}}, {"type": "Feature", "geometry": {"type": "LineString", "coordinates": [[139.9521555206, 35.8967251631], [139.95159, 35.897257], [139.951365, 35.897424], [139.951165, 35.897532], [139.95094, 35.897649], [139.950728, 35.897715], [139.950428, 35.897782], [139.9501424425, 35.8978330047], [139.9496989433, 35.8979188908]]}, "properties": {"link_id": "I_11_533967_01418533967_00977", "road_id": "I_23_533967_01418533967_00977", "upnode": "533967_01418", "downnode": "533967_00977", "scenario": "no05", "slot_code": "1345", "hhmm": "13:45", "V_kmh_mean": 21.047191045164315, "V_kmh_std": 0.5534087188250184, "TTT_sec_mean": 1904.6685, "TTT_sec_std": 202.6694662505016, "flow_mean": 34.25, "flow_std": 3.537394223823073, "n_runs": 20}}, {"type": "Feature", "geometry": {"type": "LineString", "coordinates": [[139.9501996159, 35.8921631423], [139.949794385, 35.8943678578]]}, "properties": {"link_id": "I_11_533967_01485533967_00940", "road_id": "I_23_533967_00940533967_01485", "upnode": "533967_01485", "downnode": "533967_00940", "scenario": "no05", "slot_code": "1345", "hhmm": "13:45", "V_kmh_mean": 25.550371494267143, "V_kmh_std": 1.5825698229626215, "TTT_sec_mean": 2153.033, "TTT_sec_std": 353.0533247497354, "flow_mean": 56.0, "flow_std": 7.759544207992469, "n_runs": 20}}, {"type": "Feature", "geometry": {"type": "LineString", "coordinates": [[139.9504636681, 35.8921291449], [139.950841, 35.892116], [139.95149, 35.892074], [139.952015, 35.892008], [139.952215, 35.891983], [139.9527184622, 35.8919214021]]}, "properties": {"link_id": "I_11_533967_01485533967_01405", "road_id": "I_23_533967_01485533967_01405", "upnode": "533967_01485", "downnode": "533967_01405", "scenario": "no05", "slot_code": "1345", "hhmm": "13:45", "V_kmh_mean": 32.06605020489277, "V_kmh_std": 1.6988403944801866, "TTT_sec_mean": 2000.676, "TTT_sec_std": 193.16135454179505, "flow_mean": 77.65, "flow_std": 5.402484808425022, "n_runs": 20}}, {"type": "Feature", "geometry": {"type": "LineString", "coordinates": [[139.9501052621, 35.89207615], [139.9490387379, 35.8920968511]]}, "properties": {"link_id": "I_11_533967_01485533967_14021", "road_id": "I_23_533967_01485533967_14021", "upnode": "533967_01485", "downnode": "533967_14021", "scenario": "no05", "slot_code": "1345", "hhmm": "13:45", "V_kmh_mean": 46.73339742320248, "V_kmh_std": 0.4815071093773228, "TTT_sec_mean": 380.9625, "TTT_sec_std": 34.3582523412843, "flow_mean": 44.55, "flow_std": 4.019361038510318, "n_runs": 20}}, {"type": "Feature", "geometry": {"type": "LineString", "coordinates": [[139.9503823865, 35.891934858], [139.950441, 35.891616], [139.950491, 35.891266], [139.950528, 35.890974], [139.950541, 35.890708], [139.950541, 35.890416], [139.950503, 35.890116], [139.950428, 35.889799], [139.950341, 35.889499], [139.950228, 35.889233], [139.950091, 35.88895], [139.949953, 35.888725], [139.949778, 35.888475], [139.949553, 35.888216], [139.949316, 35.887966], [139.9492550413, 35.8879147594]]}, "properties": {"link_id": "I_11_533967_01485533967_14155", "road_id": "I_23_533967_01485533967_14155", "upnode": "533967_01485", "downnode": "533967_14155", "scenario": "no05", "slot_code": "1345", "hhmm": "13:45", "V_kmh_mean": 48.551522521858914, "V_kmh_std": 0.1697216571120638, "TTT_sec_mean": 2971.66, "TTT_sec_std": 175.89469388484156, "flow_mean": 79.15, "flow_std": 4.8370826353343, "n_runs": 20}}, {"type": "Feature", "geometry": {"type": "LineString", "coordinates": [[139.9471377592, 35.8981698046], [139.947253, 35.898157], [139.9481476301, 35.8980698969], [139.949170358, 35.8979573514]]}, "properties": {"link_id": "I_11_533967_01555533967_00977", "road_id": "I_23_533967_00977533967_01555", "upnode": "533967_01555", "downnode": "533967_00977", "scenario": "no05", "slot_code": "1345", "hhmm": "13:45", "V_kmh_mean": 21.88201629922056, "V_kmh_std": 3.6110239955464776, "TTT_sec_mean": 2534.3665, "TTT_sec_std": 842.9180303050952, "flow_mean": 61.05, "flow_std": 9.411499125509904, "n_runs": 20}}, {"type": "Feature", "geometry": {"type": "LineString", "coordinates": [[139.9513924276, 35.8919793709], [139.950803, 35.892008], [139.9504766574, 35.8920199486]]}, "properties": {"link_id": "I_11_533967_01644533967_01485", "road_id": "I_23_533967_01485533967_01644", "upnode": "533967_01644", "downnode": "533967_01485", "scenario": "no05", "slot_code": "1345", "hhmm": "13:45", "V_kmh_mean": 21.75931350619797, "V_kmh_std": 3.0403274364703985, "TTT_sec_mean": 537.8885, "TTT_sec_std": 127.90063331701974, "flow_mean": 25.65, "flow_std": 4.637093009520876, "n_runs": 20}}, {"type": "Feature", "geometry": {"type": "LineString", "coordinates": [[139.9545021021, 35.8933779595], [139.953603, 35.893532], [139.953211936, 35.8935906598]]}, "properties": {"link_id": "I_11_533967_01657533967_01413", "road_id": "I_23_533967_01413533967_01657", "upnode": "533967_01657", "downnode": "533967_01413", "scenario": "no05", "slot_code": "1345", "hhmm": "13:45", "V_kmh_mean": 46.09820452866944, "V_kmh_std": 6.363498433617011, "TTT_sec_mean": 37.0505, "TTT_sec_std": 17.638428881877566, "flow_mean": 3.1, "flow_std": 1.2096106376585989, "n_runs": 20}}, {"type": "Feature", "geometry": {"type": "LineString", "coordinates": [[139.9546456497, 35.8935563813], [139.9547426493, 35.8942342607]]}, "properties": {"link_id": "I_11_533967_01657533967_01658", "road_id": "I_23_533967_01657533967_01658", "upnode": "533967_01657", "downnode": "533967_01658", "scenario": "no05", "slot_code": "1345", "hhmm": "13:45", "V_kmh_mean": 47.51492852897845, "V_kmh_std": 0.5440865361895012, "TTT_sec_mean": 816.4205, "TTT_sec_std": 36.639357825187176, "flow_mean": 103.1, "flow_std": 4.3997607590461225, "n_runs": 20}}, {"type": "Feature", "geometry": {"type": "LineString", "coordinates": [[139.9547225969, 35.8932521028], [139.9546027021, 35.8922725391]]}, "properties": {"link_id": "I_11_533967_01657533967_13308", "road_id": "I_23_533967_01657533967_13308", "upnode": "533967_01657", "downnode": "533967_13308", "scenario": "no05", "slot_code": "1345", "hhmm": "13:45", "V_kmh_mean": 46.84209631064058, "V_kmh_std": 0.6138480339827024, "TTT_sec_mean": 418.484, "TTT_sec_std": 49.84797006900081, "flow_mean": 41.05, "flow_std": 4.795557154393287, "n_runs": 20}}, {"type": "Feature", "geometry": {"type": "LineString", "coordinates": [[139.9548889001, 35.8942175995], [139.9547613989, 35.8935310425]]}, "properties": {"link_id": "I_11_533967_01659533967_01657", "road_id": "I_23_533967_01657533967_01659", "upnode": "533967_01659", "downnode": "533967_01657", "scenario": "no05", "slot_code": "1345", "hhmm": "13:45", "V_kmh_mean": 24.26226000801102, "V_kmh_std": 2.6969493336462715, "TTT_sec_mean": 709.3475000000001, "TTT_sec_std": 131.88969234194394, "flow_mean": 39.65, "flow_std": 5.0500130276017465, "n_runs": 20}}, {"type": "Feature", "geometry": {"type": "LineString", "coordinates": [[139.9545735544, 35.8920938652], [139.9545064454, 35.8917301348]]}, "properties": {"link_id": "I_11_533967_13308533967_00937", "road_id": "I_23_533967_00937533967_13308", "upnode": "533967_13308", "downnode": "533967_00937", "scenario": "no05", "slot_code": "1345", "hhmm": "13:45", "V_kmh_mean": 21.33278540497475, "V_kmh_std": 3.467787182279667, "TTT_sec_mean": 561.0274999999999, "TTT_sec_std": 112.03092039700468, "flow_mean": 42.4, "flow_std": 5.245549492063173, "n_runs": 20}}, {"type": "Feature", "geometry": {"type": "LineString", "coordinates": [[139.9493908278, 35.8967295879], [139.949378, 35.896824], [139.949353, 35.897157], [139.949353, 35.89754], [139.9493920585, 35.8977941978]]}, "properties": {"link_id": "I_11_533967_13718533967_00977", "road_id": "I_23_533967_00977533967_13718", "upnode": "533967_13718", "downnode": "533967_00977", "scenario": "no05", "slot_code": "1345", "hhmm": "13:45", "V_kmh_mean": 18.920321572061265, "V_kmh_std": 2.241958039683928, "TTT_sec_mean": 1586.3555, "TTT_sec_std": 339.2277521305212, "flow_mean": 49.4, "flow_std": 5.442522634916546, "n_runs": 20}}, {"type": "Feature", "geometry": {"type": "LineString", "coordinates": [[139.9465500153, 35.8863109353], [139.946704, 35.886383], [139.947066, 35.886566], [139.947404, 35.88675], [139.947791, 35.886975], [139.948216, 35.887241], [139.948628, 35.887541], [139.948966, 35.887791], [139.949228, 35.888025], [139.949491, 35.888291], [139.949691, 35.888516], [139.949866, 35.888775], [139.950003, 35.889008], [139.950128, 35.889266], [139.950241, 35.889533], [139.950328, 35.889833], [139.950391, 35.890133], [139.950416, 35.890416], [139.950428, 35.890724], [139.950416, 35.890991], [139.950366, 35.891266], [139.950303, 35.891633], [139.9502335568, 35.8919850056]]}, "properties": {"link_id": "I_11_533967_13845533967_01485", "road_id": "I_23_533967_01485533967_13845", "upnode": "533967_13845", "downnode": "533967_01485", "scenario": "no05", "slot_code": "1345", "hhmm": "13:45", "V_kmh_mean": 31.345782406068597, "V_kmh_std": 0.9290409858311934, "TTT_sec_mean": 7408.660000000001, "TTT_sec_std": 372.6687472810136, "flow_mean": 79.3, "flow_std": 3.5258444303979752, "n_runs": 20}}, {"type": "Feature", "geometry": {"type": "LineString", "coordinates": [[139.9490387379, 35.8920968511], [139.9501052621, 35.89207615]]}, "properties": {"link_id": "I_11_533967_14021533967_01485", "road_id": "I_23_533967_01485533967_14021", "upnode": "533967_14021", "downnode": "533967_01485", "scenario": "no05", "slot_code": "1345", "hhmm": "13:45", "V_kmh_mean": 10.029539306590804, "V_kmh_std": 1.9103953250127923, "TTT_sec_mean": 1118.7045, "TTT_sec_std": 401.2105499147483, "flow_mean": 22.0, "flow_std": 5.331139899831831, "n_runs": 20}}]}