{"type": "FeatureCollection", "features": [{"type": "Feature", "geometry": {"type": "LineString", "coordinates": [[139.9450428346, 35.887730428], [139.9451401651, 35.8883595721]]}, "properties": {"link_id": "533967_00280_11490_0", "road_id": "533967_00280_11490", "upnode": "533967_00280", "downnode": "533967_11490", "scenario": "no06", "slot_code": "1715", "hhmm": "17:15", "V_kmh_mean": 52.54342708985789, "V_kmh_std": 0.1598421229397611, "TTT_sec_mean": 951.14, "TTT_sec_std": 14.443060981880382, "flow_mean": 118.45, "flow_std": 1.8771478925557037, "n_runs": 20}}, {"type": "Feature", "geometry": {"type": "LineString", "coordinates": [[139.9451401651, 35.8883595721], [139.9450428346, 35.887730428]]}, "properties": {"link_id": "533967_00280_11490_1", "road_id": "533967_00280_11490", "upnode": "533967_11490", "downnode": "533967_00280", "scenario": "no06", "slot_code": "1715", "hhmm": "17:15", "V_kmh_mean": 49.54418862984285, "V_kmh_std": 0.2459484443894377, "TTT_sec_mean": 1173.656, "TTT_sec_std": 38.90911886083156, "flow_mean": 137.7, "flow_std": 4.635106312299194, "n_runs": 20}}, {"type": "Feature", "geometry": {"type": "LineString", "coordinates": [[139.9450142106, 35.8875516733], [139.944843789, 35.8865223268]]}, "properties": {"link_id": "533967_00280_13214_0", "road_id": "533967_00280_13214", "upnode": "533967_00280", "downnode": "533967_13214", "scenario": "no06", "slot_code": "1715", "hhmm": "17:15", "V_kmh_mean": 45.39423770863532, "V_kmh_std": 0.0312646232095589, "TTT_sec_mean": 1541.0594999999998, "TTT_sec_std": 57.03589409771993, "flow_mean": 139.9, "flow_std": 5.2002024252098, "n_runs": 20}}, {"type": "Feature", "geometry": {"type": "LineString", "coordinates": [[139.944843789, 35.8865223268], [139.9450142106, 35.8875516733]]}, "properties": {"link_id": "533967_00280_13214_1", "road_id": "533967_00280_13214", "upnode": "533967_13214", "downnode": "533967_00280", "scenario": "no06", "slot_code": "1715", "hhmm": "17:15", "V_kmh_mean": 50.86676710137811, "V_kmh_std": 0.1910182945975617, "TTT_sec_mean": 1333.7615, "TTT_sec_std": 15.636009477114705, "flow_mean": 118.6, "flow_std": 1.429022485182754, "n_runs": 20}}, {"type": "Feature", "geometry": {"type": "LineString", "coordinates": [[139.9426152514, 35.8901115423], [139.9425047484, 35.8900704579]]}, "properties": {"link_id": "533967_00285_11494_0", "road_id": "533967_00285_11494", "upnode": "533967_00285", "downnode": "533967_11494", "scenario": "no06", "slot_code": "1715", "hhmm": "17:15", "V_kmh_mean": 49.76721873931784, "V_kmh_std": 0.9498563367823732, "TTT_sec_mean": 116.4415, "TTT_sec_std": 14.33556647128503, "flow_mean": 26.15, "flow_std": 3.42244910769128, "n_runs": 20}}, {"type": "Feature", "geometry": {"type": "LineString", "coordinates": [[139.9425047484, 35.8900704579], [139.9426152514, 35.8901115423]]}, "properties": {"link_id": "533967_00285_11494_1", "road_id": "533967_00285_11494", "upnode": "533967_11494", "downnode": "533967_00285", "scenario": "no06", "slot_code": "1715", "hhmm": "17:15", "V_kmh_mean": 44.28, "V_kmh_std": 0.0, "TTT_sec_mean": 138.0, "TTT_sec_std": 8.175702126616278, "flow_mean": 27.6, "flow_std": 1.635140425323255, "n_runs": 20}}, {"type": "Feature", "geometry": {"type": "LineString", "coordinates": [[139.9428154056, 35.8901887629], [139.9437415934, 35.890559238]]}, "properties": {"link_id": "533967_00285_11497_0", "road_id": "533967_00285_11497", "upnode": "533967_00285", "downnode": "533967_11497", "scenario": "no06", "slot_code": "1715", "hhmm": "17:15", "V_kmh_mean": 52.20180427841418, "V_kmh_std": 0.1230010920201761, "TTT_sec_mean": 276.8815, "TTT_sec_std": 20.260469489806223, "flow_mean": 27.65, "flow_std": 2.007223796297029, "n_runs": 20}}, {"type": "Feature", "geometry": {"type": "LineString", "coordinates": [[139.9437415934, 35.890559238], [139.9428154056, 35.8901887629]]}, "properties": {"link_id": "533967_00285_11497_1", "road_id": "533967_00285_11497", "upnode": "533967_11497", "downnode": "533967_00285", "scenario": "no06", "slot_code": "1715", "hhmm": "17:15", "V_kmh_mean": 49.53255882863874, "V_kmh_std": 0.4175418522449438, "TTT_sec_mean": 275.3745, "TTT_sec_std": 36.73687140720443, "flow_mean": 26.1, "flow_std": 3.3857285618810087, "n_runs": 20}}, {"type": "Feature", "geometry": {"type": "LineString", "coordinates": [[139.9418617566, 35.9028680125], [139.941045242, 35.9022189881]]}, "properties": {"link_id": "533967_00319_00539_0", "road_id": "533967_00319_00539", "upnode": "533967_00319", "downnode": "533967_00539", "scenario": "no06", "slot_code": "1715", "hhmm": "17:15", "V_kmh_mean": 28.032067021867185, "V_kmh_std": 2.2708963265427347, "TTT_sec_mean": 2034.5055, "TTT_sec_std": 195.86523921134088, "flow_mean": 107.95, "flow_std": 5.14500268528394, "n_runs": 20}}, {"type": "Feature", "geometry": {"type": "LineString", "coordinates": [[139.941045242, 35.9022189881], [139.9418617566, 35.9028680125]]}, "properties": {"link_id": "533967_00319_00539_1", "road_id": "533967_00319_00539", "upnode": "533967_00539", "downnode": "533967_00319", "scenario": "no06", "slot_code": "1715", "hhmm": "17:15", "V_kmh_mean": 24.73280533931965, "V_kmh_std": 0.9202971246429624, "TTT_sec_mean": 1844.6795, "TTT_sec_std": 133.8436837066206, "flow_mean": 86.9, "flow_std": 4.854731820876574, "n_runs": 20}}, {"type": "Feature", "geometry": {"type": "LineString", "coordinates": [[139.9418640277, 35.902995825], [139.940091, 35.904489], [139.9400529799, 35.9045226462]]}, "properties": {"link_id": "533967_00319_01435_0", "road_id": "533967_00319_01435", "upnode": "533967_00319", "downnode": "533967_01435", "scenario": "no06", "slot_code": "1715", "hhmm": "17:15", "V_kmh_mean": null, "V_kmh_std": null, "TTT_sec_mean": null, "TTT_sec_std": null, "flow_mean": 0.0, "flow_std": 0.0, "n_runs": 20}}, {"type": "Feature", "geometry": {"type": "LineString", "coordinates": [[139.9400529799, 35.9045226462], [139.940091, 35.904489], [139.9418640277, 35.902995825]]}, "properties": {"link_id": "533967_00319_01435_1", "road_id": "533967_00319_01435", "upnode": "533967_01435", "downnode": "533967_00319", "scenario": "no06", "slot_code": "1715", "hhmm": "17:15", "V_kmh_mean": null, "V_kmh_std": null, "TTT_sec_mean": null, "TTT_sec_std": null, "flow_mean": 0.0, "flow_std": 0.0, "n_runs": 20}}, {"type": "Feature", "geometry": {"type": "LineString", "coordinates": [[139.9420210106, 35.9029933423], [139.9436359867, 35.9042516589]]}, "properties": {"link_id": "533967_00319_11518_0", "road_id": "533967_00319_11518", "upnode": "533967_00319", "downnode": "533967_11518", "scenario": "no06", "slot_code": "1715", "hhmm": "17:15", "V_kmh_mean": 29.94437617745441, "V_kmh_std": 0.0193401962602802, "TTT_sec_mean": 2531.8165, "TTT_sec_std": 139.77516104444314, "flow_mean": 86.95, "flow_std": 4.795557154393284, "n_runs": 20}}, {"type": "Feature", "geometry": {"type": "LineString", "coordinates": [[139.9436359867, 35.9042516589], [139.9420210106, 35.9029933423]]}, "properties": {"link_id": "533967_00319_11518_1", "road_id": "533967_00319_11518", "upnode": "533967_11518", "downnode": "533967_00319", "scenario": "no06", "slot_code": "1715", "hhmm": "17:15", "V_kmh_mean": 32.08040367494856, "V_kmh_std": 2.858219942239696, "TTT_sec_mean": 2946.652, "TTT_sec_std": 279.46211195230416, "flow_mean": 107.35, "flow_std": 4.869615785124821, "n_runs": 20}}, {"type": "Feature", "geometry": {"type": "LineString", "coordinates": [[139.9420167673, 35.9028652421], [139.943016, 35.901998], [139.943041, 35.90194], [139.943103, 35.901148], [139.943166, 35.901131], [139.943553, 35.901215], [139.943753, 35.901231], [139.943878, 35.90124], [139.943928, 35.901281], [139.943991, 35.901323], [139.944091, 35.90134], [139.944628, 35.901356], [139.945278, 35.901381], [139.945753, 35.901398], [139.945905295, 35.9013933675]]}, "properties": {"link_id": "533967_00319_87770_0", "road_id": "533967_00319_87770", "upnode": "533967_00319", "downnode": "533967_87770", "scenario": "no06", "slot_code": "1715", "hhmm": "17:15", "V_kmh_mean": null, "V_kmh_std": null, "TTT_sec_mean": null, "TTT_sec_std": null, "flow_mean": 0.0, "flow_std": 0.0, "n_runs": 20}}, {"type": "Feature", "geometry": {"type": "LineString", "coordinates": [[139.945905295, 35.9013933675], [139.945753, 35.901398], [139.945278, 35.901381], [139.944628, 35.901356], [139.944091, 35.90134], [139.943991, 35.901323], [139.943928, 35.901281], [139.943878, 35.90124], [139.943753, 35.901231], [139.943553, 35.901215], [139.943166, 35.901131], [139.943103, 35.901148], [139.943041, 35.90194], [139.943016, 35.901998], [139.9420167673, 35.9028652421]]}, "properties": {"link_id": "533967_00319_87770_1", "road_id": "533967_00319_87770", "upnode": "533967_87770", "downnode": "533967_00319", "scenario": "no06", "slot_code": "1715", "hhmm": "17:15", "V_kmh_mean": null, "V_kmh_std": null, "TTT_sec_mean": null, "TTT_sec_std": null, "flow_mean": 0.0, "flow_std": 0.0, "n_runs": 20}}, {"type": "Feature", "geometry": {"type": "LineString", "coordinates": [[139.9444485123, 35.8909072394], [139.943904, 35.891974], [139.9435091783, 35.8927329959]]}, "properties": {"link_id": "533967_00532_00534_0", "road_id": "533967_00532_00534", "upnode": "533967_00532", "downnode": "533967_00534", "scenario": "no06", "slot_code": "1715", "hhmm": "17:15", "V_kmh_mean": 27.59375714590901, "V_kmh_std": 2.081932634001161, "TTT_sec_mean": 3777.156, "TTT_sec_std": 378.9088766639506, "flow_mean": 106.5, "flow_std": 7.493857133468859, "n_runs": 20}}, {"type": "Feature", "geometry": {"type": "LineString", "coordinates": [[139.9435091783, 35.8927329959], [139.943904, 35.891974], [139.9444485123, 35.8909072394]]}, "properties": {"link_id": "533967_00532_00534_1", "road_id": "533967_00532_00534", "upnode": "533967_00534", "downnode": "533967_00532", "scenario": "no06", "slot_code": "1715", "hhmm": "17:15", "V_kmh_mean": 25.742225553187023, "V_kmh_std": 1.8513653018980871, "TTT_sec_mean": 5345.857, "TTT_sec_std": 560.7433374698643, "flow_mean": 140.3, "flow_std": 6.41626223378001, "n_runs": 20}}, {"type": "Feature", "geometry": {"type": "LineString", "coordinates": [[139.9445918532, 35.8908612725], [139.9455401458, 35.8912117284]]}, "properties": {"link_id": "533967_00532_01530_0", "road_id": "533967_00532_01530", "upnode": "533967_00532", "downnode": "533967_01530", "scenario": "no06", "slot_code": "1715", "hhmm": "17:15", "V_kmh_mean": 47.05447704468507, "V_kmh_std": 0.6085944669449201, "TTT_sec_mean": 776.6859999999999, "TTT_sec_std": 91.17624987381656, "flow_mean": 69.6, "flow_std": 8.002631146264207, "n_runs": 20}}, {"type": "Feature", "geometry": {"type": "LineString", "coordinates": [[139.9455401458, 35.8912117284], [139.9445918532, 35.8908612725]]}, "properties": {"link_id": "533967_00532_01530_1", "road_id": "533967_00532_01530", "upnode": "533967_01530", "downnode": "533967_00532", "scenario": "no06", "slot_code": "1715", "hhmm": "17:15", "V_kmh_mean": 10.75082472352574, "V_kmh_std": 1.2009087075356997, "TTT_sec_mean": 2999.764, "TTT_sec_std": 447.6280614810282, "flow_mean": 60.7, "flow_std": 4.802411674850132, "n_runs": 20}}, {"type": "Feature", "geometry": {"type": "LineString", "coordinates": [[139.9445406168, 35.8907539814], [139.9445835594, 35.8906713539], [139.944829, 35.890158], [139.944966, 35.889874], [139.945054, 35.889624], [139.945116, 35.889399], [139.945154, 35.889024], [139.945179, 35.888708], [139.9451626734, 35.888538857]]}, "properties": {"link_id": "533967_00532_11490_0", "road_id": "533967_00532_11490", "upnode": "533967_00532", "downnode": "533967_11490", "scenario": "no06", "slot_code": "1715", "hhmm": "17:15", "V_kmh_mean": 47.96607209776668, "V_kmh_std": 0.2202214350488567, "TTT_sec_mean": 2899.7345, "TTT_sec_std": 101.5912967923303, "flow_mean": 136.0, "flow_std": 4.984185516527037, "n_runs": 20}}, {"type": "Feature", "geometry": {"type": "LineString", "coordinates": [[139.9451626734, 35.888538857], [139.945179, 35.888708], [139.945154, 35.889024], [139.945116, 35.889399], [139.945054, 35.889624], [139.944966, 35.889874], [139.944829, 35.890158], [139.9445835594, 35.8906713539], [139.9445406168, 35.8907539814]]}, "properties": {"link_id": "533967_00532_11490_1", "road_id": "533967_00532_11490", "upnode": "533967_11490", "downnode": "533967_00532", "scenario": "no06", "slot_code": "1715", "hhmm": "17:15", "V_kmh_mean": 27.975034051413324, "V_kmh_std": 1.9443508028500456, "TTT_sec_mean": 4173.6025, "TTT_sec_std": 338.0675876659329, "flow_mean": 114.0, "flow_std": 3.656285143780719, "n_runs": 20}}, {"type": "Feature", "geometry": {"type": "LineString", "coordinates": [[139.9443890716, 35.8907887174], [139.943942928, 35.8906342831]]}, "properties": {"link_id": "533967_00532_11497_0", "road_id": "533967_00532_11497", "upnode": "533967_00532", "downnode": "533967_11497", "scenario": "no06", "slot_code": "1715", "hhmm": "17:15", "V_kmh_mean": 44.56293415128504, "V_kmh_std": 0.7628514003896646, "TTT_sec_mean": 188.035, "TTT_sec_std": 23.90866161038714, "flow_mean": 26.1, "flow_std": 3.3857285618810087, "n_runs": 20}}, {"type": "Feature", "geometry": {"type": "LineString", "coordinates": [[139.943942928, 35.8906342831], [139.9443890716, 35.8907887174]]}, "properties": {"link_id": "533967_00532_11497_1", "road_id": "533967_00532_11497", "upnode": "533967_11497", "downnode": "533967_00532", "scenario": "no06", "slot_code": "1715", "hhmm": "17:15", "V_kmh_mean": 8.72544842810002, "V_kmh_std": 1.3775216875429817, "TTT_sec_mean": 1153.455, "TTT_sec_std": 218.26979002336105, "flow_mean": 30.25, "flow_std": 2.2912878474779217, "n_runs": 20}}, {"type": "Feature", "geometry": {"type": "LineString", "coordinates": [[139.9382330198, 35.8925024977], [139.93818798, 35.8923125023]]}, "properties": {"link_id": "533967_00533_11502_0", "road_id": "533967_00533_11502", "upnode": "533967_00533", "downnode": "533967_11502", "scenario": "no06", "slot_code": "1715", "hhmm": "17:15", "V_kmh_mean": 32.53452813327205, "V_kmh_std": 0.3734042460658957, "TTT_sec_mean": 137.6205, "TTT_sec_std": 22.059038361203616, "flow_mean": 22.35, "flow_std": 3.4682772911664737, "n_runs": 20}}, {"type": "Feature", "geometry": {"type": "LineString", "coordinates": [[139.93818798, 35.8923125023], [139.9382330198, 35.8925024977]]}, "properties": {"link_id": "533967_00533_11502_1", "road_id": "533967_00533_11502", "upnode": "533967_11502", "downnode": "533967_00533", "scenario": "no06", "slot_code": "1715", "hhmm": "17:15", "V_kmh_mean": 45.09433890371563, "V_kmh_std": 0.5059644334361372, "TTT_sec_mean": 366.4075, "TTT_sec_std": 9.196743059080038, "flow_mean": 60.3, "flow_std": 1.1285761872936693, "n_runs": 20}}, {"type": "Feature", "geometry": {"type": "LineString", "coordinates": [[139.9383621582, 35.8925715422], [139.9399078426, 35.8922934593]]}, "properties": {"link_id": "533967_00533_11503_0", "road_id": "533967_00533_11503", "upnode": "533967_00533", "downnode": "533967_11503", "scenario": "no06", "slot_code": "1715", "hhmm": "17:15", "V_kmh_mean": 30.402659276098262, "V_kmh_std": 0.0532219634079811, "TTT_sec_mean": 1357.8015, "TTT_sec_std": 68.26762585396418, "flow_mean": 61.45, "flow_std": 3.0517466957034367, "n_runs": 20}}, {"type": "Feature", "geometry": {"type": "LineString", "coordinates": [[139.9399078426, 35.8922934593], [139.9383621582, 35.8925715422]]}, "properties": {"link_id": "533967_00533_11503_1", "road_id": "533967_00533_11503", "upnode": "533967_11503", "downnode": "533967_00533", "scenario": "no06", "slot_code": "1715", "hhmm": "17:15", "V_kmh_mean": 31.189646537711265, "V_kmh_std": 0.1602082620194545, "TTT_sec_mean": 780.1975, "TTT_sec_std": 90.86466726169722, "flow_mean": 36.2, "flow_std": 4.175114243630756, "n_runs": 20}}, {"type": "Feature", "geometry": {"type": "LineString", "coordinates": [[139.9381458687, 35.8926105567], [139.9362001323, 35.8929624452]]}, "properties": {"link_id": "533967_00533_11505_0", "road_id": "533967_00533_11505", "upnode": "533967_00533", "downnode": "533967_11505", "scenario": "no06", "slot_code": "1715", "hhmm": "17:15", "V_kmh_mean": 29.902837493053323, "V_kmh_std": 0.1597690161334716, "TTT_sec_mean": 356.2605, "TTT_sec_std": 95.9783293235345, "flow_mean": 13.45, "flow_std": 3.6197557347074354, "n_runs": 20}}, {"type": "Feature", "geometry": {"type": "LineString", "coordinates": [[139.9362001323, 35.8929624452], [139.9381458687, 35.8926105567]]}, "properties": {"link_id": "533967_00533_11505_1", "road_id": "533967_00533_11505", "upnode": "533967_11505", "downnode": "533967_00533", "scenario": "no06", "slot_code": "1715", "hhmm": "17:15", "V_kmh_mean": 30.36864269203892, "V_kmh_std": 0.4014220533679662, "TTT_sec_mean": 37.77777777777778, "TTT_sec_std": 26.37602025409528, "flow_mean": 0.65, "flow_std": 0.9880869341680844, "n_runs": 20}}, {"type": "Feature", "geometry": {"type": "LineString", "coordinates": [[139.9434240692, 35.8928994265], [139.9418829341, 35.8959655741]]}, "properties": {"link_id": "533967_00534_00766_0", "road_id": "533967_00534_00766", "upnode": "533967_00534", "downnode": "533967_00766", "scenario": "no06", "slot_code": "1715", "hhmm": "17:15", "V_kmh_mean": 33.52788146080433, "V_kmh_std": 1.0667775544354865, "TTT_sec_mean": 3613.0475, "TTT_sec_std": 353.693095611004, "flow_mean": 81.95, "flow_std": 6.824684299619556, "n_runs": 20}}, {"type": "Feature", "geometry": {"type": "LineString", "coordinates": [[139.9418829341, 35.8959655741], [139.9434240692, 35.8928994265]]}, "properties": {"link_id": "533967_00534_00766_1", "road_id": "533967_00534_00766", "upnode": "533967_00766", "downnode": "533967_00534", "scenario": "no06", "slot_code": "1715", "hhmm": "17:15", "V_kmh_mean": 29.811594613404743, "V_kmh_std": 1.5183110228923835, "TTT_sec_mean": 4049.609, "TTT_sec_std": 398.2513263188672, "flow_mean": 81.55, "flow_std": 5.670561097272009, "n_runs": 20}}, {"type": "Feature", "geometry": {"type": "LineString", "coordinates": [[139.9433656301, 35.8927778692], [139.9429293694, 35.8926121312]]}, "properties": {"link_id": "533967_00534_11504_0", "road_id": "533967_00534_11504", "upnode": "533967_00534", "downnode": "533967_11504", "scenario": "no06", "slot_code": "1715", "hhmm": "17:15", "V_kmh_mean": 28.683763291335698, "V_kmh_std": 0.3425817990665405, "TTT_sec_mean": 288.556, "TTT_sec_std": 36.67174480943634, "flow_mean": 26.45, "flow_std": 3.3003189638515087, "n_runs": 20}}, {"type": "Feature", "geometry": {"type": "LineString", "coordinates": [[139.9429293694, 35.8926121312], [139.9433656301, 35.8927778692]]}, "properties": {"link_id": "533967_00534_11504_1", "road_id": "533967_00534_11504", "upnode": "533967_11504", "downnode": "533967_00534", "scenario": "no06", "slot_code": "1715", "hhmm": "17:15", "V_kmh_mean": 7.639265604488687, "V_kmh_std": 0.6090290734935053, "TTT_sec_mean": 2991.8705, "TTT_sec_std": 302.4729780270939, "flow_mean": 72.3, "flow_std": 3.2943332525637694, "n_runs": 20}}, {"type": "Feature", "geometry": {"type": "LineString", "coordinates": [[139.9376891689, 35.9000977667], [139.938141, 35.90029], [139.938566, 35.900498], [139.9389093803, 35.9006681224]]}, "properties": {"link_id": "533967_00535_00538_0", "road_id": "I_23_0129024146216", "upnode": "I_22_533967_-00008", "downnode": "533967_00538", "scenario": "no06", "slot_code": "1715", "hhmm": "17:15", "V_kmh_mean": 15.058144592519042, "V_kmh_std": 0.6828813752017502, "TTT_sec_mean": 2072.337, "TTT_sec_std": 237.0838920830834, "flow_mean": 53.35, "flow_std": 5.101857246966154, "n_runs": 20}}, {"type": "Feature", "geometry": {"type": "LineString", "coordinates": [[139.9342160847, 35.8987198209], [139.933842, 35.898582], [139.933504, 35.898482], [139.933154, 35.898415], [139.932804, 35.898382], [139.9326277782, 35.8983820001]]}, "properties": {"link_id": "533967_00535_00538_1", "road_id": "I_23_0129024139398", "upnode": "I_22_533967_-00007", "downnode": "533967_00535", "scenario": "no06", "slot_code": "1715", "hhmm": "17:15", "V_kmh_mean": 14.625994192099588, "V_kmh_std": 0.9153823731625608, "TTT_sec_mean": 2990.041, "TTT_sec_std": 354.9995551353772, "flow_mean": 69.65, "flow_std": 6.285111898681468, "n_runs": 20}}, {"type": "Feature", "geometry": {"type": "LineString", "coordinates": [[139.9325188518, 35.8982918789], [139.932529, 35.897798], [139.932542, 35.897548], [139.932604, 35.897265], [139.932667, 35.89709], [139.933254, 35.895774], [139.933404, 35.895449], [139.933629, 35.895049], [139.9340574237, 35.894296779]]}, "properties": {"link_id": "533967_00535_00609_0", "road_id": "533967_00535_00609", "upnode": "533967_00535", "downnode": "533967_00609", "scenario": "no06", "slot_code": "1715", "hhmm": "17:15", "V_kmh_mean": 29.96883879536989, "V_kmh_std": 0.0317426493079847, "TTT_sec_mean": 6404.605, "TTT_sec_std": 256.93811949060483, "flow_mean": 104.05, "flow_std": 4.122786487444217, "n_runs": 20}}, {"type": "Feature", "geometry": {"type": "LineString", "coordinates": [[139.9340574237, 35.894296779], [139.933629, 35.895049], [139.933404, 35.895449], [139.933254, 35.895774], [139.932667, 35.89709], [139.932604, 35.897265], [139.932542, 35.897548], [139.932529, 35.897798], [139.9325188518, 35.8982918789]]}, "properties": {"link_id": "533967_00535_00609_1", "road_id": "533967_00535_00609", "upnode": "533967_00609", "downnode": "533967_00535", "scenario": "no06", "slot_code": "1715", "hhmm": "17:15", "V_kmh_mean": 16.003581368807666, "V_kmh_std": 2.1769766872143506, "TTT_sec_mean": 11766.423, "TTT_sec_std": 1945.153217006987, "flow_mean": 99.55, "flow_std": 3.9266297320515937, "n_runs": 20}}, {"type": "Feature", "geometry": {"type": "LineString", "coordinates": [[139.9324065918, 35.8983893607], [139.932142, 35.898407], [139.931842, 35.89844], [139.931592, 35.89849], [139.9313581094, 35.8985591985]]}, "properties": {"link_id": "533967_00535_11512_0", "road_id": "533967_00535_11512", "upnode": "533967_00535", "downnode": "533967_11512", "scenario": "no06", "slot_code": "1715", "hhmm": "17:15", "V_kmh_mean": 44.43751612103277, "V_kmh_std": 0.3695971895543533, "TTT_sec_mean": 1207.7415, "TTT_sec_std": 66.5940011740428, "flow_mean": 102.9, "flow_std": 5.981550582283917, "n_runs": 20}}, {"type": "Feature", "geometry": {"type": "LineString", "coordinates": [[139.9313581094, 35.8985591985], [139.931592, 35.89849], [139.931842, 35.89844], [139.932142, 35.898407], [139.9324065918, 35.8983893607]]}, "properties": {"link_id": "533967_00535_11512_1", "road_id": "533967_00535_11512", "upnode": "533967_11512", "downnode": "533967_00535", "scenario": "no06", "slot_code": "1715", "hhmm": "17:15", "V_kmh_mean": 15.099795212108868, "V_kmh_std": 1.0904524126768265, "TTT_sec_mean": 3379.8435, "TTT_sec_std": 254.71190518898013, "flow_mean": 96.7, "flow_std": 2.657660229362821, "n_runs": 20}}, {"type": "Feature", "geometry": {"type": "LineString", "coordinates": [[139.9325102458, 35.898471966], [139.932492, 35.898715], [139.9324071086, 35.8992167086]]}, "properties": {"link_id": "533967_00535_14018_0", "road_id": "533967_00535_14018", "upnode": "533967_00535", "downnode": "533967_14018", "scenario": "no06", "slot_code": "1715", "hhmm": "17:15", "V_kmh_mean": 42.45463636592068, "V_kmh_std": 0.5366950619073083, "TTT_sec_mean": 856.2864999999999, "TTT_sec_std": 58.96420799050357, "flow_mean": 77.0, "flow_std": 4.994734069102442, "n_runs": 20}}, {"type": "Feature", "geometry": {"type": "LineString", "coordinates": [[139.9324071086, 35.8992167086], [139.932492, 35.898715], [139.9325102458, 35.898471966]]}, "properties": {"link_id": "533967_00535_14018_1", "road_id": "533967_00535_14018", "upnode": "533967_14018", "downnode": "533967_00535", "scenario": "no06", "slot_code": "1715", "hhmm": "17:15", "V_kmh_mean": 10.84387760896507, "V_kmh_std": 1.1076401948316916, "TTT_sec_mean": 3118.2785, "TTT_sec_std": 368.5235816531607, "flow_mean": 70.55, "flow_std": 2.543826376067939, "n_runs": 20}}, {"type": "Feature", "geometry": {"type": "LineString", "coordinates": [[139.9303339038, 35.8988440368], [139.9311490969, 35.898618964]]}, "properties": {"link_id": "533967_00536_11512_0", "road_id": "533967_00536_11512", "upnode": "533967_00536", "downnode": "533967_11512", "scenario": "no06", "slot_code": "1715", "hhmm": "17:15", "V_kmh_mean": 30.133417887748514, "V_kmh_std": 0.048790651717858, "TTT_sec_mean": 1330.927, "TTT_sec_std": 26.724534381252223, "flow_mean": 94.65, "flow_std": 1.8715318802914815, "n_runs": 20}}, {"type": "Feature", "geometry": {"type": "LineString", "coordinates": [[139.9311490969, 35.898618964], [139.9303339038, 35.8988440368]]}, "properties": {"link_id": "533967_00536_11512_1", "road_id": "533967_00536_11512", "upnode": "533967_11512", "downnode": "533967_00536", "scenario": "no06", "slot_code": "1715", "hhmm": "17:15", "V_kmh_mean": 43.09939288481839, "V_kmh_std": 0.1488624207909017, "TTT_sec_mean": 819.633, "TTT_sec_std": 45.48978810793983, "flow_mean": 100.95, "flow_std": 5.539095499029461, "n_runs": 20}}, {"type": "Feature", "geometry": {"type": "LineString", "coordinates": [[139.9390888177, 35.9007729812], [139.939516, 35.901065], [139.939854, 35.901306], [139.9408852599, 35.9020942841]]}, "properties": {"link_id": "533967_00538_00539_0", "road_id": "533967_00538_00539", "upnode": "533967_00538", "downnode": "533967_00539", "scenario": "no06", "slot_code": "1715", "hhmm": "17:15", "V_kmh_mean": 26.003826029594386, "V_kmh_std": 0.7275109061740107, "TTT_sec_mean": 2788.852, "TTT_sec_std": 174.6394807234848, "flow_mean": 74.4, "flow_std": 4.794733953433756, "n_runs": 20}}, {"type": "Feature", "geometry": {"type": "LineString", "coordinates": [[139.9408852599, 35.9020942841], [139.939854, 35.901306], [139.939516, 35.901065], [139.9390888177, 35.9007729812]]}, "properties": {"link_id": "533967_00538_00539_1", "road_id": "533967_00538_00539", "upnode": "533967_00539", "downnode": "533967_00538", "scenario": "no06", "slot_code": "1715", "hhmm": "17:15", "V_kmh_mean": 16.645956090691666, "V_kmh_std": 3.992678427579248, "TTT_sec_mean": 7797.1625, "TTT_sec_std": 1925.1030339941344, "flow_mean": 125.75, "flow_std": 5.892680562403356, "n_runs": 20}}, {"type": "Feature", "geometry": {"type": "LineString", "coordinates": [[139.9390652129, 35.9006398758], [139.939554, 35.90004], [139.939841, 35.899673], [139.940104, 35.899315], [139.9402650477, 35.8990620339]]}, "properties": {"link_id": "533967_00538_11513_0", "road_id": "533967_00538_11513", "upnode": "533967_00538", "downnode": "533967_11513", "scenario": "no06", "slot_code": "1715", "hhmm": "17:15", "V_kmh_mean": 43.70595446565708, "V_kmh_std": 1.1186383452805029, "TTT_sec_mean": 2591.6875, "TTT_sec_std": 147.12734519438368, "flow_mean": 122.5, "flow_std": 5.206271521722118, "n_runs": 20}}, {"type": "Feature", "geometry": {"type": "LineString", "coordinates": [[139.9402650477, 35.8990620339], [139.940104, 35.899315], [139.939841, 35.899673], [139.939554, 35.90004], [139.9390652129, 35.9006398758]]}, "properties": {"link_id": "533967_00538_11513_1", "road_id": "533967_00538_11513", "upnode": "533967_11513", "downnode": "533967_00538", "scenario": "no06", "slot_code": "1715", "hhmm": "17:15", "V_kmh_mean": 20.46096537840451, "V_kmh_std": 1.592323913955227, "TTT_sec_mean": 4046.5915, "TTT_sec_std": 495.3062468952123, "flow_mean": 88.75, "flow_std": 4.94043467084042, "n_runs": 20}}, {"type": "Feature", "geometry": {"type": "LineString", "coordinates": [[139.9408856941, 35.9022180898], [139.940653, 35.902398], [139.9388550773, 35.9039082569]]}, "properties": {"link_id": "533967_00539_11517_0", "road_id": "533967_00539_11517", "upnode": "533967_00539", "downnode": "533967_11517", "scenario": "no06", "slot_code": "1715", "hhmm": "17:15", "V_kmh_mean": 19.41895865845751, "V_kmh_std": 0.128760909015434, "TTT_sec_mean": 165.5015, "TTT_sec_std": 71.06294869043184, "flow_mean": 3.15, "flow_std": 1.3484884325167863, "n_runs": 20}}, {"type": "Feature", "geometry": {"type": "LineString", "coordinates": [[139.9388550773, 35.9039082569], [139.940653, 35.902398], [139.9408856941, 35.9022180898]]}, "properties": {"link_id": "533967_00539_11517_1", "road_id": "533967_00539_11517", "upnode": "533967_11517", "downnode": "533967_00539", "scenario": "no06", "slot_code": "1715", "hhmm": "17:15", "V_kmh_mean": 12.794004081067891, "V_kmh_std": 0.900599592686596, "TTT_sec_mean": 1132.402, "TTT_sec_std": 183.33707887529545, "flow_mean": 13.15, "flow_std": 1.5985190514644287, "n_runs": 20}}, {"type": "Feature", "geometry": {"type": "LineString", "coordinates": [[139.9464754157, 35.8902900007], [139.946403, 35.890266], [139.946353, 35.890266], [139.946291, 35.890274], [139.946229, 35.890324], [139.946191, 35.890366], [139.9456910777, 35.8911686034]]}, "properties": {"link_id": "533967_00605_01530_0", "road_id": "533967_00605_01530", "upnode": "533967_00605", "downnode": "533967_01530", "scenario": "no06", "slot_code": "1715", "hhmm": "17:15", "V_kmh_mean": null, "V_kmh_std": null, "TTT_sec_mean": null, "TTT_sec_std": null, "flow_mean": 0.0, "flow_std": 0.0, "n_runs": 20}}, {"type": "Feature", "geometry": {"type": "LineString", "coordinates": [[139.9456910777, 35.8911686034], [139.946191, 35.890366], [139.946229, 35.890324], [139.946291, 35.890274], [139.946353, 35.890266], [139.946403, 35.890266], [139.9464754157, 35.8902900007]]}, "properties": {"link_id": "533967_00605_01530_1", "road_id": "533967_00605_01530", "upnode": "533967_01530", "downnode": "533967_00605", "scenario": "no06", "slot_code": "1715", "hhmm": "17:15", "V_kmh_mean": null, "V_kmh_std": null, "TTT_sec_mean": null, "TTT_sec_std": null, "flow_mean": 0.0, "flow_std": 0.0, "n_runs": 20}}, {"type": "Feature", "geometry": {"type": "LineString", "coordinates": [[139.9466720291, 35.8903716418], [139.9471589702, 35.8906183586]]}, "properties": {"link_id": "533967_00605_72276_0", "road_id": "533967_00605_72276", "upnode": "533967_00605", "downnode": "533967_72276", "scenario": "no06", "slot_code": "1715", "hhmm": "17:15", "V_kmh_mean": null, "V_kmh_std": null, "TTT_sec_mean": null, "TTT_sec_std": null, "flow_mean": 0.0, "flow_std": 0.0, "n_runs": 20}}, {"type": "Feature", "geometry": {"type": "LineString", "coordinates": [[139.9471589702, 35.8906183586], [139.9466720291, 35.8903716418]]}, "properties": {"link_id": "533967_00605_72276_1", "road_id": "533967_00605_72276", "upnode": "533967_72276", "downnode": "533967_00605", "scenario": "no06", "slot_code": "1715", "hhmm": "17:15", "V_kmh_mean": null, "V_kmh_std": null, "TTT_sec_mean": null, "TTT_sec_std": null, "flow_mean": 0.0, "flow_std": 0.0, "n_runs": 20}}, {"type": "Feature", "geometry": {"type": "LineString", "coordinates": [[139.9339040501, 35.8941376862], [139.9340039497, 35.894176314]]}, "properties": {"link_id": "533967_00608_00609_0", "road_id": "533967_00608_00609", "upnode": "533967_00608", "downnode": "533967_00609", "scenario": "no06", "slot_code": "1715", "hhmm": "17:15", "V_kmh_mean": 67.18771234929031, "V_kmh_std": 2.1985892002324614, "TTT_sec_mean": 298.89050000000003, "TTT_sec_std": 10.653307109457652, "flow_mean": 89.3, "flow_std": 0.8013147091860314, "n_runs": 20}}, {"type": "Feature", "geometry": {"type": "LineString", "coordinates": [[139.9340039497, 35.894176314], [139.9339040501, 35.8941376862]]}, "properties": {"link_id": "533967_00608_00609_1", "road_id": "533967_00608_00609", "upnode": "533967_00609", "downnode": "533967_00608", "scenario": "no06", "slot_code": "1715", "hhmm": "17:15", "V_kmh_mean": 29.883834898168097, "V_kmh_std": 0.0951287238018563, "TTT_sec_mean": 548.107, "TTT_sec_std": 27.616647934857987, "flow_mean": 109.1, "flow_std": 5.3103672189407005, "n_runs": 20}}, {"type": "Feature", "geometry": {"type": "LineString", "coordinates": [[139.9341526266, 35.894134015], [139.934379, 35.893757], [139.934529, 35.893582], [139.934704, 35.893432], [139.934929, 35.893282], [139.935142, 35.893182], [139.935429, 35.893099], [139.935983746, 35.8930011039]]}, "properties": {"link_id": "533967_00609_11505_0", "road_id": "533967_00609_11505", "upnode": "533967_00609", "downnode": "533967_11505", "scenario": "no06", "slot_code": "1715", "hhmm": "17:15", "V_kmh_mean": 29.4975, "V_kmh_std": 0.0, "TTT_sec_mean": 37.333333333333336, "TTT_sec_std": 13.063945294843617, "flow_mean": 0.35, "flow_std": 0.5871429486123998, "n_runs": 20}}, {"type": "Feature", "geometry": {"type": "LineString", "coordinates": [[139.935983746, 35.8930011039], [139.935429, 35.893099], [139.935142, 35.893182], [139.934929, 35.893282], [139.934704, 35.893432], [139.934529, 35.893582], [139.934379, 35.893757], [139.9341526266, 35.894134015]]}, "properties": {"link_id": "533967_00609_11505_1", "road_id": "533967_00609_11505", "upnode": "533967_11505", "downnode": "533967_00609", "scenario": "no06", "slot_code": "1715", "hhmm": "17:15", "V_kmh_mean": 30.291152135273933, "V_kmh_std": 0.4410479332377093, "TTT_sec_mean": 399.757, "TTT_sec_std": 110.32949412889032, "flow_mean": 12.85, "flow_std": 3.558163334613727, "n_runs": 20}}, {"type": "Feature", "geometry": {"type": "LineString", "coordinates": [[139.9560565896, 35.8961952031], [139.955977, 35.896157], [139.955852, 35.896091], [139.955715, 35.896016], [139.955527, 35.895874], [139.955377, 35.895749], [139.955278, 35.895632], [139.955203, 35.895524], [139.95514, 35.895399], [139.95509, 35.895274], [139.9550341001, 35.8951185085]]}, "properties": {"link_id": "533967_00693_01661_0", "road_id": "533967_00693_01661", "upnode": "533967_00693", "downnode": "533967_01661", "scenario": "no06", "slot_code": "1715", "hhmm": "17:15", "V_kmh_mean": 25.643005211417385, "V_kmh_std": 1.93693346843808, "TTT_sec_mean": 2909.927, "TTT_sec_std": 218.77214573254304, "flow_mean": 102.9, "flow_std": 2.221900561515561, "n_runs": 20}}, {"type": "Feature", "geometry": {"type": "LineString", "coordinates": [[139.9453357408, 35.9056010234], [139.9437952566, 35.9043769777]]}, "properties": {"link_id": "533967_00695_11518_0", "road_id": "533967_00695_11518", "upnode": "533967_00695", "downnode": "533967_11518", "scenario": "no06", "slot_code": "1715", "hhmm": "17:15", "V_kmh_mean": 50.7839657177804, "V_kmh_std": 0.1680907793535606, "TTT_sec_mean": 1858.772, "TTT_sec_std": 33.26155273775288, "flow_mean": 107.95, "flow_std": 1.9594574974238472, "n_runs": 20}}, {"type": "Feature", "geometry": {"type": "LineString", "coordinates": [[139.9437952566, 35.9043769777], [139.9453357408, 35.9056010234]]}, "properties": {"link_id": "533967_00695_11518_1", "road_id": "533967_00695_11518", "upnode": "533967_11518", "downnode": "533967_00695", "scenario": "no06", "slot_code": "1715", "hhmm": "17:15", "V_kmh_mean": 28.93602449604908, "V_kmh_std": 0.0460832639557182, "TTT_sec_mean": 2385.742, "TTT_sec_std": 130.86531129773329, "flow_mean": 86.3, "flow_std": 4.713921152456725, "n_runs": 20}}, {"type": "Feature", "geometry": {"type": "LineString", "coordinates": [[139.9417994234, 35.8961325443], [139.940879, 35.897982], [139.940579, 35.898532], [139.9403635735, 35.8989006009]]}, "properties": {"link_id": "533967_00766_11513_0", "road_id": "533967_00766_11513", "upnode": "533967_00766", "downnode": "533967_11513", "scenario": "no06", "slot_code": "1715", "hhmm": "17:15", "V_kmh_mean": 47.32785942747058, "V_kmh_std": 0.7220983491013093, "TTT_sec_mean": 2731.102, "TTT_sec_std": 166.7487037620257, "flow_mean": 94.05, "flow_std": 5.623961892511459, "n_runs": 20}}, {"type": "Feature", "geometry": {"type": "LineString", "coordinates": [[139.9403635735, 35.8989006009], [139.940579, 35.898532], [139.940879, 35.897982], [139.9417994234, 35.8961325443]]}, "properties": {"link_id": "533967_00766_11513_1", "road_id": "533967_00766_11513", "upnode": "533967_11513", "downnode": "533967_00766", "scenario": "no06", "slot_code": "1715", "hhmm": "17:15", "V_kmh_mean": 10.719744606474071, "V_kmh_std": 2.2390799933456718, "TTT_sec_mean": 17076.5315, "TTT_sec_std": 3513.451116477441, "flow_mean": 128.05, "flow_std": 5.195899192733887, "n_runs": 20}}, {"type": "Feature", "geometry": {"type": "LineString", "coordinates": [[139.9419369544, 35.896094038], [139.9457570412, 35.8978869651]]}, "properties": {"link_id": "533967_00766_14156_0", "road_id": "533967_00766_14156", "upnode": "533967_00766", "downnode": "533967_14156", "scenario": "no06", "slot_code": "1715", "hhmm": "17:15", "V_kmh_mean": 44.688653599120514, "V_kmh_std": 1.1641815692309472, "TTT_sec_mean": 2757.8485, "TTT_sec_std": 303.0723960806274, "flow_mean": 75.95, "flow_std": 8.319128243803078, "n_runs": 20}}, {"type": "Feature", "geometry": {"type": "LineString", "coordinates": [[139.9457570412, 35.8978869651], [139.9419369544, 35.896094038]]}, "properties": {"link_id": "533967_00766_14156_1", "road_id": "533967_00766_14156", "upnode": "533967_14156", "downnode": "533967_00766", "scenario": "no06", "slot_code": "1715", "hhmm": "17:15", "V_kmh_mean": 29.554182656086837, "V_kmh_std": 2.0460888379446818, "TTT_sec_mean": 1951.3305, "TTT_sec_std": 218.35361668813607, "flow_mean": 35.15, "flow_std": 2.680828622881955, "n_runs": 20}}, {"type": "Feature", "geometry": {"type": "LineString", "coordinates": [[139.9549514256, 35.8976080991], [139.954902, 35.897565], [139.9545322401, 35.8973649137]]}, "properties": {"link_id": "533967_00818_01603_0", "road_id": "533967_00818_01603", "upnode": "533967_00818", "downnode": "533967_01603", "scenario": "no06", "slot_code": "1715", "hhmm": "17:15", "V_kmh_mean": null, "V_kmh_std": null, "TTT_sec_mean": null, "TTT_sec_std": null, "flow_mean": 0.0, "flow_std": 0.0, "n_runs": 20}}, {"type": "Feature", "geometry": {"type": "LineString", "coordinates": [[139.9545322401, 35.8973649137], [139.954902, 35.897565], [139.9549514256, 35.8976080991]]}, "properties": {"link_id": "533967_00818_01603_1", "road_id": "533967_00818_01603", "upnode": "533967_01603", "downnode": "533967_00818", "scenario": "no06", "slot_code": "1715", "hhmm": "17:15", "V_kmh_mean": null, "V_kmh_std": null, "TTT_sec_mean": null, "TTT_sec_std": null, "flow_mean": 0.0, "flow_std": 0.0, "n_runs": 20}}, {"type": "Feature", "geometry": {"type": "LineString", "coordinates": [[139.9543632577, 35.8893956951], [139.954328, 35.88945], [139.9542578296, 35.8896541962]]}, "properties": {"link_id": "533967_00933_00943_0", "road_id": "533967_00933_00943", "upnode": "533967_00933", "downnode": "533967_00943", "scenario": "no06", "slot_code": "1715", "hhmm": "17:15", "V_kmh_mean": 54.69914712500336, "V_kmh_std": 0.3406289611883133, "TTT_sec_mean": 393.989, "TTT_sec_std": 8.846521707190306, "flow_mean": 78.25, "flow_std": 1.6819474927657674, "n_runs": 20}}, {"type": "Feature", "geometry": {"type": "LineString", "coordinates": [[139.9543697068, 35.8897608974], [139.954428, 35.88945], [139.9544237172, 35.8894058542]]}, "properties": {"link_id": "533967_00933_00944_1", "road_id": "533967_00933_00944", "upnode": "533967_00944", "downnode": "533967_00933", "scenario": "no06", "slot_code": "1715", "hhmm": "17:15", "V_kmh_mean": 50.88405509832772, "V_kmh_std": 0.9214034223514508, "TTT_sec_mean": 118.41, "TTT_sec_std": 17.60397353470308, "flow_mean": 18.85, "flow_std": 2.852053738328886, "n_runs": 20}}, {"type": "Feature", "geometry": {"type": "LineString", "coordinates": [[139.9544390086, 35.889228009], [139.954615, 35.888583], [139.95469, 35.888358], [139.954765, 35.888158], [139.9547775, 35.888129]]}, "properties": {"link_id": "533967_00933_14152_0", "road_id": "533967_00933_14152", "upnode": "533967_00933", "downnode": "533967_14152", "scenario": "no06", "slot_code": "1715", "hhmm": "17:15", "V_kmh_mean": 45.83048962655602, "V_kmh_std": 0.0425316830243115, "TTT_sec_mean": 233.4525, "TTT_sec_std": 32.01390107191102, "flow_mean": 19.45, "flow_std": 2.665076280136719, "n_runs": 20}}, {"type": "Feature", "geometry": {"type": "LineString", "coordinates": [[139.9547775, 35.888129], [139.954765, 35.888158], [139.95469, 35.888358], [139.954615, 35.888583], [139.9544390086, 35.889228009]]}, "properties": {"link_id": "533967_00933_14152_1", "road_id": "533967_00933_14152", "upnode": "533967_14152", "downnode": "533967_00933", "scenario": "no06", "slot_code": "1715", "hhmm": "17:15", "V_kmh_mean": 51.39445114108197, "V_kmh_std": 0.0832424300429332, "TTT_sec_mean": 944.817, "TTT_sec_std": 15.460066759575335, "flow_mean": 78.65, "flow_std": 1.308876577350533, "n_runs": 20}}, {"type": "Feature", "geometry": {"type": "LineString", "coordinates": [[139.9518937494, 35.8944638907], [139.951328, 35.894541], [139.951053, 35.894574], [139.950728, 35.894557], [139.9500510207, 35.8944924851]]}, "properties": {"link_id": "533967_00938_00939_0", "road_id": "533967_00938_00939", "upnode": "533967_00938", "downnode": "533967_00939", "scenario": "no06", "slot_code": "1715", "hhmm": "17:15", "V_kmh_mean": 15.055670279142532, "V_kmh_std": 1.89150596258671, "TTT_sec_mean": 2979.444, "TTT_sec_std": 401.972711019306, "flow_mean": 59.05, "flow_std": 2.502104377476981, "n_runs": 20}}, {"type": "Feature", "geometry": {"type": "LineString", "coordinates": [[139.9500510207, 35.8944924851], [139.950728, 35.894557], [139.951053, 35.894574], [139.951328, 35.894541], [139.9518937494, 35.8944638907]]}, "properties": {"link_id": "533967_00938_00939_1", "road_id": "533967_00938_00939", "upnode": "533967_00939", "downnode": "533967_00938", "scenario": "no06", "slot_code": "1715", "hhmm": "17:15", "V_kmh_mean": 43.87067976656526, "V_kmh_std": 0.6404419907443228, "TTT_sec_mean": 1215.0075000000002, "TTT_sec_std": 85.32377066673428, "flow_mean": 69.15, "flow_std": 4.880411975707746, "n_runs": 20}}, {"type": "Feature", "geometry": {"type": "LineString", "coordinates": [[139.952215, 35.8943115], [139.95219, 35.894349], [139.9520955705, 35.8943994971]]}, "properties": {"link_id": "533967_00938_01409_1", "road_id": "533967_00938_01409", "upnode": "533967_01409", "downnode": "533967_00938", "scenario": "no06", "slot_code": "1715", "hhmm": "17:15", "V_kmh_mean": 52.42500897856112, "V_kmh_std": 0.6793727136209532, "TTT_sec_mean": 251.9405, "TTT_sec_std": 5.91332169098322, "flow_mean": 61.65, "flow_std": 1.0894228312566052, "n_runs": 20}}, {"type": "Feature", "geometry": {"type": "LineString", "coordinates": [[139.9521134316, 35.8944419324], [139.952128, 35.894441], [139.952265, 35.894432], [139.952315, 35.894424]]}, "properties": {"link_id": "533967_00938_01417_0", "road_id": "533967_00938_01417", "upnode": "533967_00938", "downnode": "533967_01417", "scenario": "no06", "slot_code": "1715", "hhmm": "17:15", "V_kmh_mean": 49.81757332299115, "V_kmh_std": 0.3541989295341562, "TTT_sec_mean": 283.115, "TTT_sec_std": 21.24887551204337, "flow_mean": 68.85, "flow_std": 5.132712425424324, "n_runs": 20}}, {"type": "Feature", "geometry": {"type": "LineString", "coordinates": [[139.94990025, 35.89447575], [139.94981875, 35.89446325]]}, "properties": {"link_id": "533967_00939_00940_0", "road_id": "533967_00939_00940", "upnode": "533967_00939", "downnode": "533967_00940", "scenario": "no06", "slot_code": "1715", "hhmm": "17:15", "V_kmh_mean": 29.566270004012104, "V_kmh_std": 4.0150612614272125, "TTT_sec_mean": 24.501, "TTT_sec_std": 5.436623274752349, "flow_mean": 4.35, "flow_std": 1.039989878493258, "n_runs": 20}}, {"type": "Feature", "geometry": {"type": "LineString", "coordinates": [[139.94981875, 35.89446325], [139.94990025, 35.89447575]]}, "properties": {"link_id": "533967_00939_00940_1", "road_id": "533967_00939_00940", "upnode": "533967_00940", "downnode": "533967_00939", "scenario": "no06", "slot_code": "1715", "hhmm": "17:15", "V_kmh_mean": 17.783415588363244, "V_kmh_std": 3.1606099457639867, "TTT_sec_mean": 144.2055, "TTT_sec_std": 45.84456146072636, "flow_mean": 14.25, "flow_std": 3.552241694005572, "n_runs": 20}}, {"type": "Feature", "geometry": {"type": "LineString", "coordinates": [[139.9497061831, 35.8957758334], [139.9499248174, 35.8945711667]]}, "properties": {"link_id": "533967_00939_01421_1", "road_id": "533967_00939_01421", "upnode": "533967_01421", "downnode": "533967_00939", "scenario": "no06", "slot_code": "1715", "hhmm": "17:15", "V_kmh_mean": 14.552062508830383, "V_kmh_std": 1.0385753819045516, "TTT_sec_mean": 5984.2475, "TTT_sec_std": 693.0675752492264, "flow_mean": 128.0, "flow_std": 10.005261773581676, "n_runs": 20}}, {"type": "Feature", "geometry": {"type": "LineString", "coordinates": [[139.9497626661, 35.8945462659], [139.9494183347, 35.8965507341]]}, "properties": {"link_id": "533967_00940_13718_0", "road_id": "533967_00940_13718", "upnode": "533967_00940", "downnode": "533967_13718", "scenario": "no06", "slot_code": "1715", "hhmm": "17:15", "V_kmh_mean": 38.08879466827305, "V_kmh_std": 0.6147086479481588, "TTT_sec_mean": 1916.0595, "TTT_sec_std": 197.749182724374, "flow_mean": 74.65, "flow_std": 7.36474532378483, "n_runs": 20}}, {"type": "Feature", "geometry": {"type": "LineString", "coordinates": [[139.9542103168, 35.8898299777], [139.954165, 35.890058], [139.954153, 35.890341], [139.9541753089, 35.8904766626]]}, "properties": {"link_id": "533967_00943_01268_0", "road_id": "533967_00943_01268", "upnode": "533967_00943", "downnode": "533967_01268", "scenario": "no06", "slot_code": "1715", "hhmm": "17:15", "V_kmh_mean": 46.91235033326485, "V_kmh_std": 0.2167829979194979, "TTT_sec_mean": 703.7864999999999, "TTT_sec_std": 16.64370950397273, "flow_mean": 78.05, "flow_std": 1.7614288458371994, "n_runs": 20}}, {"type": "Feature", "geometry": {"type": "LineString", "coordinates": [[139.9543327019, 35.8899520247], [139.9543352981, 35.8899389753]]}, "properties": {"link_id": "533967_00944_13715_1", "road_id": "533967_00944_13715", "upnode": "533967_13715", "downnode": "533967_00944", "scenario": "no06", "slot_code": "1715", "hhmm": "17:15", "V_kmh_mean": 50.28759426231407, "V_kmh_std": 1.2821170174617007, "TTT_sec_mean": 65.1905, "TTT_sec_std": 10.781329609927289, "flow_mean": 18.9, "flow_std": 2.9181825634603813, "n_runs": 20}}, {"type": "Feature", "geometry": {"type": "LineString", "coordinates": [[139.9318691502, 35.9023337132], [139.9321018503, 35.9009622869]]}, "properties": {"link_id": "533967_00949_14017_0", "road_id": "533967_00949_14017", "upnode": "533967_00949", "downnode": "533967_14017", "scenario": "no06", "slot_code": "1715", "hhmm": "17:15", "V_kmh_mean": 51.05083894719509, "V_kmh_std": 0.1720938825122447, "TTT_sec_mean": 1013.7745, "TTT_sec_std": 24.47317467522777, "flow_mean": 71.7, "flow_std": 1.688973528196154, "n_runs": 20}}, {"type": "Feature", "geometry": {"type": "LineString", "coordinates": [[139.9321018503, 35.9009622869], [139.9318691502, 35.9023337132]]}, "properties": {"link_id": "533967_00949_14017_1", "road_id": "533967_00949_14017", "upnode": "533967_14017", "downnode": "533967_00949", "scenario": "no06", "slot_code": "1715", "hhmm": "17:15", "V_kmh_mean": 46.41184331557533, "V_kmh_std": 0.0327146060229904, "TTT_sec_mean": 1075.1605, "TTT_sec_std": 74.9283427840788, "flow_mean": 76.75, "flow_std": 5.339771333562593, "n_runs": 20}}, {"type": "Feature", "geometry": {"type": "LineString", "coordinates": [[139.9508623794, 35.9023333799], [139.950853, 35.902323], [139.950753, 35.90219], [139.950489646, 35.9017625762]]}, "properties": {"link_id": "533967_00976_12969_0", "road_id": "533967_00976_12969", "upnode": "533967_00976", "downnode": "533967_12969", "scenario": "no06", "slot_code": "1715", "hhmm": "17:15", "V_kmh_mean": 53.31015804706024, "V_kmh_std": 0.0859055609959384, "TTT_sec_mean": 561.028, "TTT_sec_std": 9.428312122203222, "flow_mean": 70.05, "flow_std": 1.190974832912761, "n_runs": 20}}, {"type": "Feature", "geometry": {"type": "LineString", "coordinates": [[139.950489646, 35.9017625762], [139.950753, 35.90219], [139.950853, 35.902323], [139.9508623794, 35.9023333799]]}, "properties": {"link_id": "533967_00976_12969_1", "road_id": "533967_00976_12969", "upnode": "533967_12969", "downnode": "533967_00976", "scenario": "no06", "slot_code": "1715", "hhmm": "17:15", "V_kmh_mean": 35.55443801529354, "V_kmh_std": 0.1605785061019894, "TTT_sec_mean": 355.77750000000003, "TTT_sec_std": 42.884768842611365, "flow_mean": 36.15, "flow_std": 4.356181331105684, "n_runs": 20}}, {"type": "Feature", "geometry": {"type": "LineString", "coordinates": [[139.9501108985, 35.9006445715], [139.9506451018, 35.900543429]]}, "properties": {"link_id": "533967_00978_01607_0", "road_id": "533967_00978_01607", "upnode": "533967_00978", "downnode": "533967_01607", "scenario": "no06", "slot_code": "1715", "hhmm": "17:15", "V_kmh_mean": null, "V_kmh_std": null, "TTT_sec_mean": null, "TTT_sec_std": null, "flow_mean": 0.0, "flow_std": 0.0, "n_runs": 20}}, {"type": "Feature", "geometry": {"type": "LineString", "coordinates": [[139.9506451018, 35.900543429], [139.9501108985, 35.9006445715]]}, "properties": {"link_id": "533967_00978_01607_1", "road_id": "533967_00978_01607", "upnode": "533967_01607", "downnode": "533967_00978", "scenario": "no06", "slot_code": "1715", "hhmm": "17:15", "V_kmh_mean": null, "V_kmh_std": null, "TTT_sec_mean": null, "TTT_sec_std": null, "flow_mean": 0.0, "flow_std": 0.0, "n_runs": 20}}, {"type": "Feature", "geometry": {"type": "LineString", "coordinates": [[139.9500322401, 35.9007519373], [139.950115, 35.900998], [139.95024, 35.901273], [139.9503990469, 35.9015982512]]}, "properties": {"link_id": "533967_00978_12969_0", "road_id": "533967_00978_12969", "upnode": "533967_00978", "downnode": "533967_12969", "scenario": "no06", "slot_code": "1715", "hhmm": "17:15", "V_kmh_mean": 40.0171946960056, "V_kmh_std": 0.1333606399871369, "TTT_sec_mean": 460.436, "TTT_sec_std": 57.43223076397361, "flow_mean": 35.1, "flow_std": 4.351648205595572, "n_runs": 20}}, {"type": "Feature", "geometry": {"type": "LineString", "coordinates": [[139.9503990469, 35.9015982512], [139.95024, 35.901273], [139.950115, 35.900998], [139.9500322401, 35.9007519373]]}, "properties": {"link_id": "533967_00978_12969_1", "road_id": "533967_00978_12969", "upnode": "533967_12969", "downnode": "533967_00978", "scenario": "no06", "slot_code": "1715", "hhmm": "17:15", "V_kmh_mean": 52.34903678987998, "V_kmh_std": 0.2389145934413385, "TTT_sec_mean": 705.8644999999999, "TTT_sec_std": 19.924142317933377, "flow_mean": 70.3, "flow_std": 1.894590637634032, "n_runs": 20}}, {"type": "Feature", "geometry": {"type": "LineString", "coordinates": [[139.9498945318, 35.9006833227], [139.9492234686, 35.900796678]]}, "properties": {"link_id": "533967_00978_87768_0", "road_id": "533967_00978_87768", "upnode": "533967_00978", "downnode": "533967_87768", "scenario": "no06", "slot_code": "1715", "hhmm": "17:15", "V_kmh_mean": null, "V_kmh_std": null, "TTT_sec_mean": null, "TTT_sec_std": null, "flow_mean": 0.0, "flow_std": 0.0, "n_runs": 20}}, {"type": "Feature", "geometry": {"type": "LineString", "coordinates": [[139.9492234686, 35.900796678], [139.9498945318, 35.9006833227]]}, "properties": {"link_id": "533967_00978_87768_1", "road_id": "533967_00978_87768", "upnode": "533967_87768", "downnode": "533967_00978", "scenario": "no06", "slot_code": "1715", "hhmm": "17:15", "V_kmh_mean": null, "V_kmh_std": null, "TTT_sec_mean": null, "TTT_sec_std": null, "flow_mean": 0.0, "flow_std": 0.0, "n_runs": 20}}, {"type": "Feature", "geometry": {"type": "LineString", "coordinates": [[139.9540793517, 35.8905701755], [139.953978, 35.890574], [139.9534376703, 35.890636346]]}, "properties": {"link_id": "533967_01268_13716_0", "road_id": "533967_01268_13716", "upnode": "533967_01268", "downnode": "533967_13716", "scenario": "no06", "slot_code": "1715", "hhmm": "17:15", "V_kmh_mean": null, "V_kmh_std": null, "TTT_sec_mean": null, "TTT_sec_std": null, "flow_mean": 0.0, "flow_std": 0.0, "n_runs": 20}}, {"type": "Feature", "geometry": {"type": "LineString", "coordinates": [[139.9534376703, 35.890636346], [139.953978, 35.890574], [139.9540793517, 35.8905701755]]}, "properties": {"link_id": "533967_01268_13716_1", "road_id": "533967_01268_13716", "upnode": "533967_13716", "downnode": "533967_01268", "scenario": "no06", "slot_code": "1715", "hhmm": "17:15", "V_kmh_mean": null, "V_kmh_std": null, "TTT_sec_mean": null, "TTT_sec_std": null, "flow_mean": 0.0, "flow_std": 0.0, "n_runs": 20}}, {"type": "Feature", "geometry": {"type": "LineString", "coordinates": [[139.954340492, 35.8905594428], [139.954303, 35.890291], [139.9543106769, 35.8901310651]]}, "properties": {"link_id": "533967_01269_13715_0", "road_id": "533967_01269_13715", "upnode": "533967_01269", "downnode": "533967_13715", "scenario": "no06", "slot_code": "1715", "hhmm": "17:15", "V_kmh_mean": 49.25729037994505, "V_kmh_std": 0.7327335888021005, "TTT_sec_mean": 123.5565, "TTT_sec_std": 18.691264853992767, "flow_mean": 19.0, "flow_std": 2.9379548919900764, "n_runs": 20}}, {"type": "Feature", "geometry": {"type": "LineString", "coordinates": [[139.95282475, 35.891885], [139.95281825, 35.891839]]}, "properties": {"link_id": "533967_01405_01406_0", "road_id": "533967_01405_01406", "upnode": "533967_01405", "downnode": "533967_01406", "scenario": "no06", "slot_code": "1715", "hhmm": "17:15", "V_kmh_mean": null, "V_kmh_std": null, "TTT_sec_mean": null, "TTT_sec_std": null, "flow_mean": 0.0, "flow_std": 0.0, "n_runs": 20}}, {"type": "Feature", "geometry": {"type": "LineString", "coordinates": [[139.95281825, 35.891839], [139.95282475, 35.891885]]}, "properties": {"link_id": "533967_01405_01406_1", "road_id": "533967_01405_01406", "upnode": "533967_01406", "downnode": "533967_01405", "scenario": "no06", "slot_code": "1715", "hhmm": "17:15", "V_kmh_mean": null, "V_kmh_std": null, "TTT_sec_mean": null, "TTT_sec_std": null, "flow_mean": 0.0, "flow_std": 0.0, "n_runs": 20}}, {"type": "Feature", "geometry": {"type": "LineString", "coordinates": [[139.9527903931, 35.8917281184], [139.952703, 35.891416], [139.952615, 35.891174], [139.952466051, 35.8908426486]]}, "properties": {"link_id": "533967_01406_01408_0", "road_id": "533967_01406_01408", "upnode": "533967_01406", "downnode": "533967_01408", "scenario": "no06", "slot_code": "1715", "hhmm": "17:15", "V_kmh_mean": null, "V_kmh_std": null, "TTT_sec_mean": null, "TTT_sec_std": null, "flow_mean": 0.0, "flow_std": 0.0, "n_runs": 20}}, {"type": "Feature", "geometry": {"type": "LineString", "coordinates": [[139.952466051, 35.8908426486], [139.952615, 35.891174], [139.952703, 35.891416], [139.9527903931, 35.8917281184]]}, "properties": {"link_id": "533967_01406_01408_1", "road_id": "533967_01406_01408", "upnode": "533967_01408", "downnode": "533967_01406", "scenario": "no06", "slot_code": "1715", "hhmm": "17:15", "V_kmh_mean": null, "V_kmh_std": null, "TTT_sec_mean": null, "TTT_sec_std": null, "flow_mean": 0.0, "flow_std": 0.0, "n_runs": 20}}, {"type": "Feature", "geometry": {"type": "LineString", "coordinates": [[139.9527055153, 35.8918296858], [139.952215, 35.891891], [139.952003, 35.891924], [139.9516129421, 35.891963006]]}, "properties": {"link_id": "533967_01406_01644_0", "road_id": "533967_01406_01644", "upnode": "533967_01406", "downnode": "533967_01644", "scenario": "no06", "slot_code": "1715", "hhmm": "17:15", "V_kmh_mean": 38.41889731109124, "V_kmh_std": 12.101852731200433, "TTT_sec_mean": 1094.9435, "TTT_sec_std": 894.3273544624121, "flow_mean": 63.65, "flow_std": 5.1735664172487645, "n_runs": 20}}, {"type": "Feature", "geometry": {"type": "LineString", "coordinates": [[139.9523058817, 35.8905077702], [139.952387118, 35.8906742299]]}, "properties": {"link_id": "533967_01407_01408_0", "road_id": "533967_01407_01408", "upnode": "533967_01407", "downnode": "533967_01408", "scenario": "no06", "slot_code": "1715", "hhmm": "17:15", "V_kmh_mean": null, "V_kmh_std": null, "TTT_sec_mean": null, "TTT_sec_std": null, "flow_mean": 0.0, "flow_std": 0.0, "n_runs": 20}}, {"type": "Feature", "geometry": {"type": "LineString", "coordinates": [[139.952387118, 35.8906742299], [139.9523058817, 35.8905077702]]}, "properties": {"link_id": "533967_01407_01408_1", "road_id": "533967_01407_01408", "upnode": "533967_01408", "downnode": "533967_01407", "scenario": "no06", "slot_code": "1715", "hhmm": "17:15", "V_kmh_mean": null, "V_kmh_std": null, "TTT_sec_mean": null, "TTT_sec_std": null, "flow_mean": 0.0, "flow_std": 0.0, "n_runs": 20}}, {"type": "Feature", "geometry": {"type": "LineString", "coordinates": [[139.9523210084, 35.8907813333], [139.95224, 35.890799], [139.952003, 35.890849], [139.951803, 35.890908], [139.951678, 35.890941], [139.951228, 35.891083], [139.9514760186, 35.8918865811]]}, "properties": {"link_id": "533967_01408_01644_0", "road_id": "533967_01408_01644", "upnode": "533967_01408", "downnode": "533967_01644", "scenario": "no06", "slot_code": "1715", "hhmm": "17:15", "V_kmh_mean": null, "V_kmh_std": null, "TTT_sec_mean": null, "TTT_sec_std": null, "flow_mean": 0.0, "flow_std": 0.0, "n_runs": 20}}, {"type": "Feature", "geometry": {"type": "LineString", "coordinates": [[139.9514760186, 35.8918865811], [139.951228, 35.891083], [139.951678, 35.890941], [139.951803, 35.890908], [139.952003, 35.890849], [139.95224, 35.890799], [139.9523210084, 35.8907813333]]}, "properties": {"link_id": "533967_01408_01644_1", "road_id": "533967_01408_01644", "upnode": "533967_01644", "downnode": "533967_01408", "scenario": "no06", "slot_code": "1715", "hhmm": "17:15", "V_kmh_mean": null, "V_kmh_std": null, "TTT_sec_mean": null, "TTT_sec_std": null, "flow_mean": 0.0, "flow_std": 0.0, "n_runs": 20}}, {"type": "Feature", "geometry": {"type": "LineString", "coordinates": [[139.9525364266, 35.8907395675], [139.952628, 35.890724], [139.9532181805, 35.8906607667]]}, "properties": {"link_id": "533967_01408_13716_0", "road_id": "533967_01408_13716", "upnode": "533967_01408", "downnode": "533967_13716", "scenario": "no06", "slot_code": "1715", "hhmm": "17:15", "V_kmh_mean": null, "V_kmh_std": null, "TTT_sec_mean": null, "TTT_sec_std": null, "flow_mean": 0.0, "flow_std": 0.0, "n_runs": 20}}, {"type": "Feature", "geometry": {"type": "LineString", "coordinates": [[139.9532181805, 35.8906607667], [139.952628, 35.890724], [139.9525364266, 35.8907395675]]}, "properties": {"link_id": "533967_01408_13716_1", "road_id": "533967_01408_13716", "upnode": "533967_13716", "downnode": "533967_01408", "scenario": "no06", "slot_code": "1715", "hhmm": "17:15", "V_kmh_mean": null, "V_kmh_std": null, "TTT_sec_mean": null, "TTT_sec_std": null, "flow_mean": 0.0, "flow_std": 0.0, "n_runs": 20}}, {"type": "Feature", "geometry": {"type": "LineString", "coordinates": [[139.952403, 35.893891], [139.952378, 35.893866], [139.952265, 35.893857], [139.95214, 35.893891], [139.952103, 35.893974], [139.952128, 35.894066], [139.952215, 35.894199], [139.9522275, 35.8942365]]}, "properties": {"link_id": "533967_01409_01410_1", "road_id": "533967_01409_01410", "upnode": "533967_01410", "downnode": "533967_01409", "scenario": "no06", "slot_code": "1715", "hhmm": "17:15", "V_kmh_mean": 58.618657893109344, "V_kmh_std": 0.4694303673590573, "TTT_sec_mean": 163.4595, "TTT_sec_std": 23.900414106740584, "flow_mean": 27.05, "flow_std": 3.979883626968322, "n_runs": 20}}, {"type": "Feature", "geometry": {"type": "LineString", "coordinates": [[139.9522887552, 35.8943549337], [139.95229, 35.894357], [139.9523275, 35.8943865]]}, "properties": {"link_id": "533967_01409_01417_0", "road_id": "533967_01409_01417", "upnode": "533967_01409", "downnode": "533967_01417", "scenario": "no06", "slot_code": "1715", "hhmm": "17:15", "V_kmh_mean": null, "V_kmh_std": null, "TTT_sec_mean": null, "TTT_sec_std": null, "flow_mean": 0.0, "flow_std": 0.0, "n_runs": 20}}, {"type": "Feature", "geometry": {"type": "LineString", "coordinates": [[139.9524688968, 35.894384739], [139.952478, 35.894382], [139.952528, 35.894307], [139.952528, 35.894207], [139.9524578295, 35.8940028041]]}, "properties": {"link_id": "533967_01410_01417_1", "road_id": "533967_01410_01417", "upnode": "533967_01417", "downnode": "533967_01410", "scenario": "no06", "slot_code": "1715", "hhmm": "17:15", "V_kmh_mean": 50.85977410174503, "V_kmh_std": 0.1268941091355848, "TTT_sec_mean": 404.783, "TTT_sec_std": 31.38466455888423, "flow_mean": 67.35, "flow_std": 5.112162998801563, "n_runs": 20}}, {"type": "Feature", "geometry": {"type": "LineString", "coordinates": [[139.9531917144, 35.8936848802], [139.95319, 35.893682], [139.9531790343, 35.8936725468]]}, "properties": {"link_id": "533967_01412_01413_0", "road_id": "533967_01412_01413", "upnode": "533967_01412", "downnode": "533967_01413", "scenario": "no06", "slot_code": "1715", "hhmm": "17:15", "V_kmh_mean": null, "V_kmh_std": null, "TTT_sec_mean": null, "TTT_sec_std": null, "flow_mean": 0.0, "flow_std": 0.0, "n_runs": 20}}, {"type": "Feature", "geometry": {"type": "LineString", "coordinates": [[139.9529650835, 35.8940117924], [139.95299, 35.894099], [139.953028, 35.894199], [139.953103, 35.894249], [139.953253, 35.894257], [139.953353, 35.894216], [139.95339, 35.894116], [139.95334, 35.893991], [139.95324, 35.893816], [139.95324, 35.893791]]}, "properties": {"link_id": "533967_01412_01414_1", "road_id": "533967_01412_01414", "upnode": "533967_01414", "downnode": "533967_01412", "scenario": "no06", "slot_code": "1715", "hhmm": "17:15", "V_kmh_mean": 55.83404002652435, "V_kmh_std": 0.2661246596114768, "TTT_sec_mean": 74.9005, "TTT_sec_std": 21.458876331743294, "flow_mean": 8.3, "flow_std": 2.364206776957237, "n_runs": 20}}, {"type": "Feature", "geometry": {"type": "LineString", "coordinates": [[139.9530022425, 35.8936444497], [139.95299, 35.893649], [139.952928, 35.893691], [139.952903, 35.893774], [139.9529182017, 35.8938356287]]}, "properties": {"link_id": "533967_01413_01414_0", "road_id": "533967_01413_01414", "upnode": "533967_01413", "downnode": "533967_01414", "scenario": "no06", "slot_code": "1715", "hhmm": "17:15", "V_kmh_mean": null, "V_kmh_std": null, "TTT_sec_mean": null, "TTT_sec_std": null, "flow_mean": 0.0, "flow_std": 0.0, "n_runs": 20}}, {"type": "Feature", "geometry": {"type": "LineString", "coordinates": [[139.95224975, 35.8966715], [139.95229325, 35.8967005]]}, "properties": {"link_id": "533967_01418_01419_0", "road_id": "533967_01418_01419", "upnode": "533967_01418", "downnode": "533967_01419", "scenario": "no06", "slot_code": "1715", "hhmm": "17:15", "V_kmh_mean": null, "V_kmh_std": null, "TTT_sec_mean": null, "TTT_sec_std": null, "flow_mean": 0.0, "flow_std": 0.0, "n_runs": 20}}, {"type": "Feature", "geometry": {"type": "LineString", "coordinates": [[139.95229325, 35.8967005], [139.95224975, 35.8966715]]}, "properties": {"link_id": "533967_01418_01419_1", "road_id": "533967_01418_01419", "upnode": "533967_01419", "downnode": "533967_01418", "scenario": "no06", "slot_code": "1715", "hhmm": "17:15", "V_kmh_mean": null, "V_kmh_std": null, "TTT_sec_mean": null, "TTT_sec_std": null, "flow_mean": 0.0, "flow_std": 0.0, "n_runs": 20}}, {"type": "Feature", "geometry": {"type": "LineString", "coordinates": [[139.9529596588, 35.8959895375], [139.952878, 35.896032], [139.9522995576, 35.8965881952]]}, "properties": {"link_id": "533967_01418_01420_1", "road_id": "533967_01418_01420", "upnode": "533967_01420", "downnode": "533967_01418", "scenario": "no06", "slot_code": "1715", "hhmm": "17:15", "V_kmh_mean": 11.597508527433355, "V_kmh_std": 0.4627157858529538, "TTT_sec_mean": 2680.5755, "TTT_sec_std": 340.762361624251, "flow_mean": 65.5, "flow_std": 6.345325672866352, "n_runs": 20}}, {"type": "Feature", "geometry": {"type": "LineString", "coordinates": [[139.9510699611, 35.8960354051], [139.950953, 35.896007], [139.949799732, 35.8958773378]]}, "properties": {"link_id": "533967_01418_01421_0", "road_id": "I_23_0804143920969", "upnode": "I_22_533967_-00002", "downnode": "533967_01421", "scenario": "no06", "slot_code": "1715", "hhmm": "17:15", "V_kmh_mean": 18.2205945924868, "V_kmh_std": 1.3536598188617257, "TTT_sec_mean": 657.6925, "TTT_sec_std": 156.59442585612848, "flow_mean": 26.2, "flow_std": 4.502630809929491, "n_runs": 20}}, {"type": "Feature", "geometry": {"type": "LineString", "coordinates": [[139.9510914569, 35.8960396732], [139.951203, 35.896057], [139.951415, 35.896132], [139.951665, 35.896257], [139.9521445578, 35.8965977164]]}, "properties": {"link_id": "533967_01418_01421_1", "road_id": "I_23_0804143920954", "upnode": "I_22_533967_-00002", "downnode": "533967_01418", "scenario": "no06", "slot_code": "1715", "hhmm": "17:15", "V_kmh_mean": null, "V_kmh_std": null, "TTT_sec_mean": null, "TTT_sec_std": null, "flow_mean": 0.0, "flow_std": 0.0, "n_runs": 20}}, {"type": "Feature", "geometry": {"type": "LineString", "coordinates": [[139.9523863292, 35.8966460383], [139.952978, 35.896074], [139.9530068035, 35.8960229218]]}, "properties": {"link_id": "533967_01419_01420_0", "road_id": "533967_01419_01420", "upnode": "533967_01419", "downnode": "533967_01420", "scenario": "no06", "slot_code": "1715", "hhmm": "17:15", "V_kmh_mean": 26.05356487886124, "V_kmh_std": 3.800435225277041, "TTT_sec_mean": 1681.2395, "TTT_sec_std": 369.1191677989359, "flow_mean": 88.65, "flow_std": 8.554930865019495, "n_runs": 20}}, {"type": "Feature", "geometry": {"type": "LineString", "coordinates": [[139.9513152045, 35.8975764156], [139.95149, 35.897465], [139.951703, 35.897307], [139.9522436933, 35.8967839771]]}, "properties": {"link_id": "533967_01419_01425_1", "road_id": "533967_01419_01425", "upnode": "533967_01425", "downnode": "533967_01419", "scenario": "no06", "slot_code": "1715", "hhmm": "17:15", "V_kmh_mean": 20.96258048239688, "V_kmh_std": 1.6328123710295537, "TTT_sec_mean": 2542.303, "TTT_sec_std": 375.2793668595787, "flow_mean": 84.35, "flow_std": 8.505570929814487, "n_runs": 20}}, {"type": "Feature", "geometry": {"type": "LineString", "coordinates": [[139.9524006867, 35.8967721248], [139.952765, 35.897015], [139.952803, 35.89704], [139.952853, 35.897049], [139.95289, 35.89704], [139.953378, 35.89659], [139.95349, 35.896482], [139.9535056411, 35.8964672476]]}, "properties": {"link_id": "533967_01419_01608_0", "road_id": "533967_01419_01608", "upnode": "533967_01419", "downnode": "533967_01608", "scenario": "no06", "slot_code": "1715", "hhmm": "17:15", "V_kmh_mean": null, "V_kmh_std": null, "TTT_sec_mean": null, "TTT_sec_std": null, "flow_mean": 0.0, "flow_std": 0.0, "n_runs": 20}}, {"type": "Feature", "geometry": {"type": "LineString", "coordinates": [[139.9535056411, 35.8964672476], [139.95349, 35.896482], [139.953378, 35.89659], [139.95289, 35.89704], [139.952853, 35.897049], [139.952803, 35.89704], [139.952765, 35.897015], [139.9524006867, 35.8967721248]]}, "properties": {"link_id": "533967_01419_01608_1", "road_id": "533967_01419_01608", "upnode": "533967_01608", "downnode": "533967_01419", "scenario": "no06", "slot_code": "1715", "hhmm": "17:15", "V_kmh_mean": null, "V_kmh_std": null, "TTT_sec_mean": null, "TTT_sec_std": null, "flow_mean": 0.0, "flow_std": 0.0, "n_runs": 20}}, {"type": "Feature", "geometry": {"type": "LineString", "coordinates": [[139.9531263873, 35.8958734837], [139.953153, 35.895849], [139.95329, 35.895741], [139.95344, 35.895591], [139.953603, 35.895449], [139.95379, 35.895341], [139.953915, 35.895274], [139.95404, 35.895224], [139.954178, 35.895174], [139.954315, 35.895141], [139.954578, 35.895082], [139.9547305303, 35.8950627882]]}, "properties": {"link_id": "533967_01420_01654_0", "road_id": "533967_01420_01654", "upnode": "533967_01420", "downnode": "533967_01654", "scenario": "no06", "slot_code": "1715", "hhmm": "17:15", "V_kmh_mean": 11.34482852862805, "V_kmh_std": 2.9974403283183197, "TTT_sec_mean": 6528.265, "TTT_sec_std": 2593.740301088271, "flow_mean": 83.25, "flow_std": 8.397211316546514, "n_runs": 20}}, {"type": "Feature", "geometry": {"type": "LineString", "coordinates": [[139.9547305303, 35.8950627882], [139.954578, 35.895082], [139.954315, 35.895141], [139.954178, 35.895174], [139.95404, 35.895224], [139.953915, 35.895274], [139.95379, 35.895341], [139.953603, 35.895449], [139.95344, 35.895591], [139.95329, 35.895741], [139.953153, 35.895849], [139.9531263873, 35.8958734837]]}, "properties": {"link_id": "533967_01420_01654_1", "road_id": "533967_01420_01654", "upnode": "533967_01654", "downnode": "533967_01420", "scenario": "no06", "slot_code": "1715", "hhmm": "17:15", "V_kmh_mean": 20.895668463655326, "V_kmh_std": 2.0427439096288587, "TTT_sec_mean": 2597.449, "TTT_sec_std": 404.8285078751509, "flow_mean": 65.5, "flow_std": 6.345325672866352, "n_runs": 20}}, {"type": "Feature", "geometry": {"type": "LineString", "coordinates": [[139.9515005552, 35.8980446072], [139.9512804442, 35.897711393]]}, "properties": {"link_id": "533967_01424_01425_0", "road_id": "533967_01424_01425", "upnode": "533967_01424", "downnode": "533967_01425", "scenario": "no06", "slot_code": "1715", "hhmm": "17:15", "V_kmh_mean": null, "V_kmh_std": null, "TTT_sec_mean": null, "TTT_sec_std": null, "flow_mean": 0.0, "flow_std": 0.0, "n_runs": 20}}, {"type": "Feature", "geometry": {"type": "LineString", "coordinates": [[139.9512804442, 35.897711393], [139.9515005552, 35.8980446072]]}, "properties": {"link_id": "533967_01424_01425_1", "road_id": "533967_01424_01425", "upnode": "533967_01425", "downnode": "533967_01424", "scenario": "no06", "slot_code": "1715", "hhmm": "17:15", "V_kmh_mean": null, "V_kmh_std": null, "TTT_sec_mean": null, "TTT_sec_std": null, "flow_mean": 0.0, "flow_std": 0.0, "n_runs": 20}}, {"type": "Feature", "geometry": {"type": "LineString", "coordinates": [[139.9516094145, 35.8982015702], [139.951753, 35.898399], [139.951965, 35.898707], [139.952103, 35.898857], [139.952178, 35.898932], [139.952253101, 35.8989985896]]}, "properties": {"link_id": "533967_01424_01604_0", "road_id": "533967_01424_01604", "upnode": "533967_01424", "downnode": "533967_01604", "scenario": "no06", "slot_code": "1715", "hhmm": "17:15", "V_kmh_mean": null, "V_kmh_std": null, "TTT_sec_mean": null, "TTT_sec_std": null, "flow_mean": 0.0, "flow_std": 0.0, "n_runs": 20}}, {"type": "Feature", "geometry": {"type": "LineString", "coordinates": [[139.952253101, 35.8989985896], [139.952178, 35.898932], [139.952103, 35.898857], [139.951965, 35.898707], [139.951753, 35.898399], [139.9516094145, 35.8982015702]]}, "properties": {"link_id": "533967_01424_01604_1", "road_id": "533967_01424_01604", "upnode": "533967_01604", "downnode": "533967_01424", "scenario": "no06", "slot_code": "1715", "hhmm": "17:15", "V_kmh_mean": null, "V_kmh_std": null, "TTT_sec_mean": null, "TTT_sec_std": null, "flow_mean": 0.0, "flow_std": 0.0, "n_runs": 20}}, {"type": "Feature", "geometry": {"type": "LineString", "coordinates": [[139.951453357, 35.898163384], [139.95109, 35.898307], [139.950953, 35.898349], [139.95049, 35.898449], [139.950465, 35.898474], [139.95044, 35.898507], [139.95044, 35.898549], [139.950453, 35.898624], [139.95061388, 35.8996426016]]}, "properties": {"link_id": "533967_01424_01605_0", "road_id": "533967_01424_01605", "upnode": "533967_01424", "downnode": "533967_01605", "scenario": "no06", "slot_code": "1715", "hhmm": "17:15", "V_kmh_mean": null, "V_kmh_std": null, "TTT_sec_mean": null, "TTT_sec_std": null, "flow_mean": 0.0, "flow_std": 0.0, "n_runs": 20}}, {"type": "Feature", "geometry": {"type": "LineString", "coordinates": [[139.95061388, 35.8996426016], [139.950453, 35.898624], [139.95044, 35.898549], [139.95044, 35.898507], [139.950465, 35.898474], [139.95049, 35.898449], [139.950953, 35.898349], [139.95109, 35.898307], [139.951453357, 35.898163384]]}, "properties": {"link_id": "533967_01424_01605_1", "road_id": "533967_01424_01605", "upnode": "533967_01605", "downnode": "533967_01424", "scenario": "no06", "slot_code": "1715", "hhmm": "17:15", "V_kmh_mean": null, "V_kmh_std": null, "TTT_sec_mean": null, "TTT_sec_std": null, "flow_mean": 0.0, "flow_std": 0.0, "n_runs": 20}}, {"type": "Feature", "geometry": {"type": "LineString", "coordinates": [[139.9457391605, 35.8912907629], [139.945916, 35.891366], [139.946353, 35.891524], [139.9465156467, 35.8915858429]]}, "properties": {"link_id": "533967_01530_13891_0", "road_id": "533967_01530_13891", "upnode": "533967_01530", "downnode": "533967_13891", "scenario": "no06", "slot_code": "1715", "hhmm": "17:15", "V_kmh_mean": 49.40840591649098, "V_kmh_std": 0.2860286403594789, "TTT_sec_mean": 606.589, "TTT_sec_std": 72.90240100731651, "flow_mean": 70.55, "flow_std": 8.475816992137723, "n_runs": 20}}, {"type": "Feature", "geometry": {"type": "LineString", "coordinates": [[139.9465156467, 35.8915858429], [139.946353, 35.891524], [139.945916, 35.891366], [139.9457391605, 35.8912907629]]}, "properties": {"link_id": "533967_01530_13891_1", "road_id": "533967_01530_13891", "upnode": "533967_13891", "downnode": "533967_01530", "scenario": "no06", "slot_code": "1715", "hhmm": "17:15", "V_kmh_mean": 49.215326009892046, "V_kmh_std": 0.4289499101865524, "TTT_sec_mean": 469.779, "TTT_sec_std": 39.25488623960348, "flow_mean": 54.65, "flow_std": 4.498830257323622, "n_runs": 20}}, {"type": "Feature", "geometry": {"type": "LineString", "coordinates": [[139.947040508, 35.8982715572], [139.947078, 35.89854], [139.9472946716, 35.8994843969]]}, "properties": {"link_id": "533967_01555_01556_0", "road_id": "533967_01555_01556", "upnode": "533967_01555", "downnode": "533967_01556", "scenario": "no06", "slot_code": "1715", "hhmm": "17:15", "V_kmh_mean": null, "V_kmh_std": null, "TTT_sec_mean": null, "TTT_sec_std": null, "flow_mean": 0.0, "flow_std": 0.0, "n_runs": 20}}, {"type": "Feature", "geometry": {"type": "LineString", "coordinates": [[139.9472946716, 35.8994843969], [139.947078, 35.89854], [139.947040508, 35.8982715572]]}, "properties": {"link_id": "533967_01555_01556_1", "road_id": "533967_01555_01556", "upnode": "533967_01556", "downnode": "533967_01555", "scenario": "no06", "slot_code": "1715", "hhmm": "17:15", "V_kmh_mean": null, "V_kmh_std": null, "TTT_sec_mean": null, "TTT_sec_std": null, "flow_mean": 0.0, "flow_std": 0.0, "n_runs": 20}}, {"type": "Feature", "geometry": {"type": "LineString", "coordinates": [[139.9470369138, 35.8980921586], [139.947066, 35.897799], [139.947091, 35.897632], [139.947203, 35.897382], [139.947291, 35.897307], [139.948703, 35.896807], [139.94894, 35.89674], [139.94919, 35.896674], [139.9492942963, 35.8966573518]]}, "properties": {"link_id": "533967_01555_13718_0", "road_id": "533967_01555_13718", "upnode": "533967_01555", "downnode": "533967_13718", "scenario": "no06", "slot_code": "1715", "hhmm": "17:15", "V_kmh_mean": null, "V_kmh_std": null, "TTT_sec_mean": null, "TTT_sec_std": null, "flow_mean": 0.0, "flow_std": 0.0, "n_runs": 20}}, {"type": "Feature", "geometry": {"type": "LineString", "coordinates": [[139.9492942963, 35.8966573518], [139.94919, 35.896674], [139.94894, 35.89674], [139.948703, 35.896807], [139.947291, 35.897307], [139.947203, 35.897382], [139.947091, 35.897632], [139.947066, 35.897799], [139.9470369138, 35.8980921586]]}, "properties": {"link_id": "533967_01555_13718_1", "road_id": "533967_01555_13718", "upnode": "533967_13718", "downnode": "533967_01555", "scenario": "no06", "slot_code": "1715", "hhmm": "17:15", "V_kmh_mean": null, "V_kmh_std": null, "TTT_sec_mean": null, "TTT_sec_std": null, "flow_mean": 0.0, "flow_std": 0.0, "n_runs": 20}}, {"type": "Feature", "geometry": {"type": "LineString", "coordinates": [[139.9469173043, 35.8981785288], [139.946741, 35.898173], [139.946566, 35.898165], [139.946416, 35.89814], [139.946278, 35.898107], [139.946153, 35.898065], [139.946053, 35.898023], [139.9459496865, 35.8979759924]]}, "properties": {"link_id": "533967_01555_14156_0", "road_id": "533967_01555_14156", "upnode": "533967_01555", "downnode": "533967_14156", "scenario": "no06", "slot_code": "1715", "hhmm": "17:15", "V_kmh_mean": 46.62304828282024, "V_kmh_std": 0.731003666171313, "TTT_sec_mean": 376.645, "TTT_sec_std": 28.9329530757614, "flow_mean": 33.35, "flow_std": 2.4121403467940192, "n_runs": 20}}, {"type": "Feature", "geometry": {"type": "LineString", "coordinates": [[139.9459496865, 35.8979759924], [139.946053, 35.898023], [139.946153, 35.898065], [139.946278, 35.898107], [139.946416, 35.89814], [139.946566, 35.898165], [139.946741, 35.898173], [139.9469173043, 35.8981785288]]}, "properties": {"link_id": "533967_01555_14156_1", "road_id": "533967_01555_14156", "upnode": "533967_14156", "downnode": "533967_01555", "scenario": "no06", "slot_code": "1715", "hhmm": "17:15", "V_kmh_mean": 45.08472448639522, "V_kmh_std": 1.682056591575037, "TTT_sec_mean": 868.2915, "TTT_sec_std": 96.37656541291284, "flow_mean": 74.25, "flow_std": 7.8932016051122975, "n_runs": 20}}, {"type": "Feature", "geometry": {"type": "LineString", "coordinates": [[139.9473331774, 35.8996619119], [139.947453, 35.900248], [139.947515, 35.900548], [139.94754, 35.900715], [139.9475483172, 35.900874947]]}, "properties": {"link_id": "533967_01556_01656_0", "road_id": "533967_01556_01656", "upnode": "533967_01556", "downnode": "533967_01656", "scenario": "no06", "slot_code": "1715", "hhmm": "17:15", "V_kmh_mean": null, "V_kmh_std": null, "TTT_sec_mean": null, "TTT_sec_std": null, "flow_mean": 0.0, "flow_std": 0.0, "n_runs": 20}}, {"type": "Feature", "geometry": {"type": "LineString", "coordinates": [[139.9475483172, 35.900874947], [139.94754, 35.900715], [139.947515, 35.900548], [139.947453, 35.900248], [139.9473331774, 35.8996619119]]}, "properties": {"link_id": "533967_01556_01656_1", "road_id": "533967_01556_01656", "upnode": "533967_01656", "downnode": "533967_01556", "scenario": "no06", "slot_code": "1715", "hhmm": "17:15", "V_kmh_mean": null, "V_kmh_std": null, "TTT_sec_mean": null, "TTT_sec_std": null, "flow_mean": 0.0, "flow_std": 0.0, "n_runs": 20}}, {"type": "Feature", "geometry": {"type": "LineString", "coordinates": [[139.9474239703, 35.8995892246], [139.9476560296, 35.8996237757]]}, "properties": {"link_id": "533967_01556_88302_0", "road_id": "533967_01556_88302", "upnode": "533967_01556", "downnode": "533967_88302", "scenario": "no06", "slot_code": "1715", "hhmm": "17:15", "V_kmh_mean": null, "V_kmh_std": null, "TTT_sec_mean": null, "TTT_sec_std": null, "flow_mean": 0.0, "flow_std": 0.0, "n_runs": 20}}, {"type": "Feature", "geometry": {"type": "LineString", "coordinates": [[139.9476560296, 35.8996237757], [139.9474239703, 35.8995892246]]}, "properties": {"link_id": "533967_01556_88302_1", "road_id": "533967_01556_88302", "upnode": "533967_88302", "downnode": "533967_01556", "scenario": "no06", "slot_code": "1715", "hhmm": "17:15", "V_kmh_mean": null, "V_kmh_std": null, "TTT_sec_mean": null, "TTT_sec_std": null, "flow_mean": 0.0, "flow_std": 0.0, "n_runs": 20}}, {"type": "Feature", "geometry": {"type": "LineString", "coordinates": [[139.9548840221, 35.8963114986], [139.955002, 35.896432], [139.955015, 35.896457], [139.955027, 35.896482], [139.95504, 35.896507], [139.95504, 35.896532], [139.955027, 35.896557], [139.955002, 35.896582], [139.954927, 35.896674], [139.95474, 35.896932], [139.9544995374, 35.897238991]]}, "properties": {"link_id": "533967_01602_01603_0", "road_id": "533967_01602_01603", "upnode": "533967_01602", "downnode": "533967_01603", "scenario": "no06", "slot_code": "1715", "hhmm": "17:15", "V_kmh_mean": null, "V_kmh_std": null, "TTT_sec_mean": null, "TTT_sec_std": null, "flow_mean": 0.0, "flow_std": 0.0, "n_runs": 20}}, {"type": "Feature", "geometry": {"type": "LineString", "coordinates": [[139.9544995374, 35.897238991], [139.95474, 35.896932], [139.954927, 35.896674], [139.955002, 35.896582], [139.955027, 35.896557], [139.95504, 35.896532], [139.95504, 35.896507], [139.955027, 35.896482], [139.955015, 35.896457], [139.955002, 35.896432], [139.9548840221, 35.8963114986]]}, "properties": {"link_id": "533967_01602_01603_1", "road_id": "533967_01602_01603", "upnode": "533967_01603", "downnode": "533967_01602", "scenario": "no06", "slot_code": "1715", "hhmm": "17:15", "V_kmh_mean": null, "V_kmh_std": null, "TTT_sec_mean": null, "TTT_sec_std": null, "flow_mean": 0.0, "flow_std": 0.0, "n_runs": 20}}, {"type": "Feature", "geometry": {"type": "LineString", "coordinates": [[139.9547493157, 35.896168421], [139.954453, 35.895841], [139.954403, 35.895807], [139.954365, 35.895799], [139.954328, 35.895799], [139.95429, 35.895807], [139.95424, 35.895832], [139.954165, 35.895866], [139.954103, 35.895907], [139.953965, 35.896016], [139.953648351, 35.8963293765]]}, "properties": {"link_id": "533967_01602_01608_0", "road_id": "533967_01602_01608", "upnode": "533967_01602", "downnode": "533967_01608", "scenario": "no06", "slot_code": "1715", "hhmm": "17:15", "V_kmh_mean": null, "V_kmh_std": null, "TTT_sec_mean": null, "TTT_sec_std": null, "flow_mean": 0.0, "flow_std": 0.0, "n_runs": 20}}, {"type": "Feature", "geometry": {"type": "LineString", "coordinates": [[139.953648351, 35.8963293765], [139.953965, 35.896016], [139.954103, 35.895907], [139.954165, 35.895866], [139.95424, 35.895832], [139.95429, 35.895807], [139.954328, 35.895799], [139.954365, 35.895799], [139.954403, 35.895807], [139.954453, 35.895841], [139.9547493157, 35.896168421]]}, "properties": {"link_id": "533967_01602_01608_1", "road_id": "533967_01602_01608", "upnode": "533967_01608", "downnode": "533967_01602", "scenario": "no06", "slot_code": "1715", "hhmm": "17:15", "V_kmh_mean": null, "V_kmh_std": null, "TTT_sec_mean": null, "TTT_sec_std": null, "flow_mean": 0.0, "flow_std": 0.0, "n_runs": 20}}, {"type": "Feature", "geometry": {"type": "LineString", "coordinates": [[139.9543797007, 35.8973906104], [139.953928, 35.897957], [139.953815, 35.89809], [139.9528751626, 35.8992723168]]}, "properties": {"link_id": "533967_01603_01606_0", "road_id": "533967_01603_01606", "upnode": "533967_01603", "downnode": "533967_01606", "scenario": "no06", "slot_code": "1715", "hhmm": "17:15", "V_kmh_mean": null, "V_kmh_std": null, "TTT_sec_mean": null, "TTT_sec_std": null, "flow_mean": 0.0, "flow_std": 0.0, "n_runs": 20}}, {"type": "Feature", "geometry": {"type": "LineString", "coordinates": [[139.9528751626, 35.8992723168], [139.953815, 35.89809], [139.953928, 35.897957], [139.9543797007, 35.8973906104]]}, "properties": {"link_id": "533967_01603_01606_1", "road_id": "533967_01603_01606", "upnode": "533967_01606", "downnode": "533967_01603", "scenario": "no06", "slot_code": "1715", "hhmm": "17:15", "V_kmh_mean": null, "V_kmh_std": null, "TTT_sec_mean": null, "TTT_sec_std": null, "flow_mean": 0.0, "flow_std": 0.0, "n_runs": 20}}, {"type": "Feature", "geometry": {"type": "LineString", "coordinates": [[139.9543461083, 35.8972671685], [139.954228, 35.897207], [139.954153, 35.89714], [139.954065, 35.897015], [139.953978, 35.896874], [139.953865, 35.896657], [139.953765, 35.896549], [139.9536568865, 35.8964622781]]}, "properties": {"link_id": "533967_01603_01608_0", "road_id": "533967_01603_01608", "upnode": "533967_01603", "downnode": "533967_01608", "scenario": "no06", "slot_code": "1715", "hhmm": "17:15", "V_kmh_mean": null, "V_kmh_std": null, "TTT_sec_mean": null, "TTT_sec_std": null, "flow_mean": 0.0, "flow_std": 0.0, "n_runs": 20}}, {"type": "Feature", "geometry": {"type": "LineString", "coordinates": [[139.9536568865, 35.8964622781], [139.953765, 35.896549], [139.953865, 35.896657], [139.953978, 35.896874], [139.954065, 35.897015], [139.954153, 35.89714], [139.954228, 35.897207], [139.9543461083, 35.8972671685]]}, "properties": {"link_id": "533967_01603_01608_1", "road_id": "533967_01603_01608", "upnode": "533967_01608", "downnode": "533967_01603", "scenario": "no06", "slot_code": "1715", "hhmm": "17:15", "V_kmh_mean": null, "V_kmh_std": null, "TTT_sec_mean": null, "TTT_sec_std": null, "flow_mean": 0.0, "flow_std": 0.0, "n_runs": 20}}, {"type": "Feature", "geometry": {"type": "LineString", "coordinates": [[139.9522512957, 35.899130032], [139.95219, 35.899182], [139.952065, 35.899273], [139.951865, 35.899398], [139.951753, 35.899457], [139.951503, 35.899565], [139.951428, 35.89959], [139.951165, 35.899665], [139.950915, 35.899707], [139.9507381506, 35.8997224051]]}, "properties": {"link_id": "533967_01604_01605_0", "road_id": "533967_01604_01605", "upnode": "533967_01604", "downnode": "533967_01605", "scenario": "no06", "slot_code": "1715", "hhmm": "17:15", "V_kmh_mean": null, "V_kmh_std": null, "TTT_sec_mean": null, "TTT_sec_std": null, "flow_mean": 0.0, "flow_std": 0.0, "n_runs": 20}}, {"type": "Feature", "geometry": {"type": "LineString", "coordinates": [[139.9507381506, 35.8997224051], [139.950915, 35.899707], [139.951165, 35.899665], [139.951428, 35.89959], [139.951503, 35.899565], [139.951753, 35.899457], [139.951865, 35.899398], [139.952065, 35.899273], [139.95219, 35.899182], [139.9522512957, 35.899130032]]}, "properties": {"link_id": "533967_01604_01605_1", "road_id": "533967_01604_01605", "upnode": "533967_01605", "downnode": "533967_01604", "scenario": "no06", "slot_code": "1715", "hhmm": "17:15", "V_kmh_mean": null, "V_kmh_std": null, "TTT_sec_mean": null, "TTT_sec_std": null, "flow_mean": 0.0, "flow_std": 0.0, "n_runs": 20}}, {"type": "Feature", "geometry": {"type": "LineString", "coordinates": [[139.9524136884, 35.8991221256], [139.95249, 35.899173], [139.952765, 35.899315], [139.95279, 35.8993315]]}, "properties": {"link_id": "533967_01604_01606_0", "road_id": "533967_01604_01606", "upnode": "533967_01604", "downnode": "533967_01606", "scenario": "no06", "slot_code": "1715", "hhmm": "17:15", "V_kmh_mean": null, "V_kmh_std": null, "TTT_sec_mean": null, "TTT_sec_std": null, "flow_mean": 0.0, "flow_std": 0.0, "n_runs": 20}}, {"type": "Feature", "geometry": {"type": "LineString", "coordinates": [[139.95279, 35.8993315], [139.952765, 35.899315], [139.95249, 35.899173], [139.9524136884, 35.8991221256]]}, "properties": {"link_id": "533967_01604_01606_1", "road_id": "533967_01604_01606", "upnode": "533967_01606", "downnode": "533967_01604", "scenario": "no06", "slot_code": "1715", "hhmm": "17:15", "V_kmh_mean": null, "V_kmh_std": null, "TTT_sec_mean": null, "TTT_sec_std": null, "flow_mean": 0.0, "flow_std": 0.0, "n_runs": 20}}, {"type": "Feature", "geometry": {"type": "LineString", "coordinates": [[139.9506421272, 35.8998213977], [139.9507388726, 35.9004336023]]}, "properties": {"link_id": "533967_01605_01607_0", "road_id": "533967_01605_01607", "upnode": "533967_01605", "downnode": "533967_01607", "scenario": "no06", "slot_code": "1715", "hhmm": "17:15", "V_kmh_mean": null, "V_kmh_std": null, "TTT_sec_mean": null, "TTT_sec_std": null, "flow_mean": 0.0, "flow_std": 0.0, "n_runs": 20}}, {"type": "Feature", "geometry": {"type": "LineString", "coordinates": [[139.9507388726, 35.9004336023], [139.9506421272, 35.8998213977]]}, "properties": {"link_id": "533967_01605_01607_1", "road_id": "533967_01605_01607", "upnode": "533967_01607", "downnode": "533967_01605", "scenario": "no06", "slot_code": "1715", "hhmm": "17:15", "V_kmh_mean": null, "V_kmh_std": null, "TTT_sec_mean": null, "TTT_sec_std": null, "flow_mean": 0.0, "flow_std": 0.0, "n_runs": 20}}, {"type": "Feature", "geometry": {"type": "LineString", "coordinates": [[139.9527565808, 35.899424582], [139.952503, 35.899757], [139.952228, 35.90009], [139.952065, 35.900298], [139.951828, 35.900582], [139.951465, 35.900982], [139.951365, 35.901082], [139.951315, 35.901115], [139.951278, 35.901123], [139.951028, 35.901132], [139.95099, 35.901123], [139.950965, 35.901098], [139.950903, 35.900957], [139.9507829889, 35.9006097682]]}, "properties": {"link_id": "533967_01606_01607_0", "road_id": "533967_01606_01607", "upnode": "533967_01606", "downnode": "533967_01607", "scenario": "no06", "slot_code": "1715", "hhmm": "17:15", "V_kmh_mean": null, "V_kmh_std": null, "TTT_sec_mean": null, "TTT_sec_std": null, "flow_mean": 0.0, "flow_std": 0.0, "n_runs": 20}}, {"type": "Feature", "geometry": {"type": "LineString", "coordinates": [[139.9507829889, 35.9006097682], [139.950903, 35.900957], [139.950965, 35.901098], [139.95099, 35.901123], [139.951028, 35.901132], [139.951278, 35.901123], [139.951315, 35.901115], [139.951365, 35.901082], [139.951465, 35.900982], [139.951828, 35.900582], [139.952065, 35.900298], [139.952228, 35.90009], [139.952503, 35.899757], [139.9527565808, 35.899424582]]}, "properties": {"link_id": "533967_01606_01607_1", "road_id": "533967_01606_01607", "upnode": "533967_01607", "downnode": "533967_01606", "scenario": "no06", "slot_code": "1715", "hhmm": "17:15", "V_kmh_mean": null, "V_kmh_std": null, "TTT_sec_mean": null, "TTT_sec_std": null, "flow_mean": 0.0, "flow_std": 0.0, "n_runs": 20}}, {"type": "Feature", "geometry": {"type": "LineString", "coordinates": [[139.9529087545, 35.8993960124], [139.953352, 35.899623], [139.9533545067, 35.8996246806]]}, "properties": {"link_id": "533967_01606_01609_0", "road_id": "533967_01606_01609", "upnode": "533967_01606", "downnode": "533967_01609", "scenario": "no06", "slot_code": "1715", "hhmm": "17:15", "V_kmh_mean": null, "V_kmh_std": null, "TTT_sec_mean": null, "TTT_sec_std": null, "flow_mean": 0.0, "flow_std": 0.0, "n_runs": 20}}, {"type": "Feature", "geometry": {"type": "LineString", "coordinates": [[139.9533545067, 35.8996246806], [139.953352, 35.899623], [139.9529087545, 35.8993960124]]}, "properties": {"link_id": "533967_01606_01609_1", "road_id": "533967_01606_01609", "upnode": "533967_01609", "downnode": "533967_01606", "scenario": "no06", "slot_code": "1715", "hhmm": "17:15", "V_kmh_mean": null, "V_kmh_std": null, "TTT_sec_mean": null, "TTT_sec_std": null, "flow_mean": 0.0, "flow_std": 0.0, "n_runs": 20}}, {"type": "Feature", "geometry": {"type": "LineString", "coordinates": [[139.9548671711, 35.8951363801], [139.954928, 35.895332], [139.954965, 35.895441], [139.955028, 35.895574], [139.955103, 35.895691], [139.955178, 35.895782], [139.955277, 35.895882], [139.955377, 35.895974], [139.955452, 35.896032], [139.955552, 35.896099], [139.955627, 35.896149], [139.955702, 35.896191], [139.9559576202, 35.8963188103]]}, "properties": {"link_id": "533967_01654_01655_0", "road_id": "533967_01654_01655", "upnode": "533967_01654", "downnode": "533967_01655", "scenario": "no06", "slot_code": "1715", "hhmm": "17:15", "V_kmh_mean": 44.57974636277197, "V_kmh_std": 0.4292971742103184, "TTT_sec_mean": 1990.9435, "TTT_sec_std": 115.01008570304197, "flow_mean": 126.8, "flow_std": 7.00826579644952, "n_runs": 20}}, {"type": "Feature", "geometry": {"type": "LineString", "coordinates": [[139.9547637648, 35.8944137071], [139.9548292351, 35.894959293]]}, "properties": {"link_id": "533967_01654_01658_1", "road_id": "533967_01654_01658", "upnode": "533967_01658", "downnode": "533967_01654", "scenario": "no06", "slot_code": "1715", "hhmm": "17:15", "V_kmh_mean": 25.967944573268625, "V_kmh_std": 2.885982765707264, "TTT_sec_mean": 2109.4425, "TTT_sec_std": 283.3672846487586, "flow_mean": 142.25, "flow_std": 7.751909781670442, "n_runs": 20}}, {"type": "Feature", "geometry": {"type": "LineString", "coordinates": [[139.95488075, 35.89504475], [139.95496225, 35.89503625]]}, "properties": {"link_id": "533967_01654_01661_0", "road_id": "533967_01654_01661", "upnode": "533967_01654", "downnode": "533967_01661", "scenario": "no06", "slot_code": "1715", "hhmm": "17:15", "V_kmh_mean": 26.1519734066296, "V_kmh_std": 1.3842030433312698, "TTT_sec_mean": 679.2255, "TTT_sec_std": 45.117450874590126, "flow_mean": 106.8, "flow_std": 5.690250202620358, "n_runs": 20}}, {"type": "Feature", "geometry": {"type": "LineString", "coordinates": [[139.95496225, 35.89503625], [139.95488075, 35.89504475]]}, "properties": {"link_id": "533967_01654_01661_1", "road_id": "533967_01654_01661", "upnode": "533967_01661", "downnode": "533967_01654", "scenario": "no06", "slot_code": "1715", "hhmm": "17:15", "V_kmh_mean": 27.18136149586519, "V_kmh_std": 2.563465421897589, "TTT_sec_mean": 497.595, "TTT_sec_std": 60.025239472110485, "flow_mean": 80.9, "flow_std": 4.575679414607532, "n_runs": 20}}, {"type": "Feature", "geometry": {"type": "LineString", "coordinates": [[139.9476637818, 35.9009650002], [139.9478922182, 35.9009650002]]}, "properties": {"link_id": "533967_01656_87767_0", "road_id": "533967_01656_87767", "upnode": "533967_01656", "downnode": "533967_87767", "scenario": "no06", "slot_code": "1715", "hhmm": "17:15", "V_kmh_mean": null, "V_kmh_std": null, "TTT_sec_mean": null, "TTT_sec_std": null, "flow_mean": 0.0, "flow_std": 0.0, "n_runs": 20}}, {"type": "Feature", "geometry": {"type": "LineString", "coordinates": [[139.9478922182, 35.9009650002], [139.9476637818, 35.9009650002]]}, "properties": {"link_id": "533967_01656_87767_1", "road_id": "533967_01656_87767", "upnode": "533967_87767", "downnode": "533967_01656", "scenario": "no06", "slot_code": "1715", "hhmm": "17:15", "V_kmh_mean": null, "V_kmh_std": null, "TTT_sec_mean": null, "TTT_sec_std": null, "flow_mean": 0.0, "flow_std": 0.0, "n_runs": 20}}, {"type": "Feature", "geometry": {"type": "LineString", "coordinates": [[139.9547905, 35.89431975], [139.9548655, 35.89431125]]}, "properties": {"link_id": "533967_01658_01659_0", "road_id": "533967_01658_01659", "upnode": "533967_01658", "downnode": "533967_01659", "scenario": "no06", "slot_code": "1715", "hhmm": "17:15", "V_kmh_mean": null, "V_kmh_std": null, "TTT_sec_mean": null, "TTT_sec_std": null, "flow_mean": 0.0, "flow_std": 0.0, "n_runs": 20}}, {"type": "Feature", "geometry": {"type": "LineString", "coordinates": [[139.9548655, 35.89431125], [139.9547905, 35.89431975]]}, "properties": {"link_id": "533967_01658_01659_1", "road_id": "533967_01658_01659", "upnode": "533967_01659", "downnode": "533967_01658", "scenario": "no06", "slot_code": "1715", "hhmm": "17:15", "V_kmh_mean": null, "V_kmh_std": null, "TTT_sec_mean": null, "TTT_sec_std": null, "flow_mean": 0.0, "flow_std": 0.0, "n_runs": 20}}, {"type": "Feature", "geometry": {"type": "LineString", "coordinates": [[139.9549913147, 35.8949423692], [139.954915, 35.894357], [139.954909, 35.894332]]}, "properties": {"link_id": "533967_01659_01661_1", "road_id": "533967_01659_01661", "upnode": "533967_01661", "downnode": "533967_01659", "scenario": "no06", "slot_code": "1715", "hhmm": "17:15", "V_kmh_mean": 43.84645296480996, "V_kmh_std": 0.814461635071914, "TTT_sec_mean": 468.1365, "TTT_sec_std": 49.59486616841664, "flow_mean": 58.3, "flow_std": 6.308724118235002, "n_runs": 20}}, {"type": "Feature", "geometry": {"type": "LineString", "coordinates": [[139.9551413903, 35.8950037903], [139.9551910741, 35.8949878431], [139.9552354986, 35.8949470596], [139.9552539231, 35.8948739986], [139.9552789231, 35.8948319986], [139.9553039231, 35.8947739986], [139.9553289231, 35.8946489986], [139.955375914, 35.8944943976]]}, "properties": {"link_id": "533967_01661_13315_0", "road_id": "533967_01661_13315", "upnode": "533967_01661", "downnode": "533967_13315", "scenario": "no06", "slot_code": "1715", "hhmm": "17:15", "V_kmh_mean": 17.472807177037105, "V_kmh_std": 0.1084738147117801, "TTT_sec_mean": 1397.573, "TTT_sec_std": 68.06650920046395, "flow_mean": 101.7, "flow_std": 5.0481888362377845, "n_runs": 20}}, {"type": "Feature", "geometry": {"type": "LineString", "coordinates": [[139.955375914, 35.8944943976], [139.9553289231, 35.8946489986], [139.9553039231, 35.8947739986], [139.9552789231, 35.8948319986], [139.9552539231, 35.8948739986], [139.9552354986, 35.8949470596], [139.9551910741, 35.8949878431], [139.9551413903, 35.8950037903]]}, "properties": {"link_id": "533967_01661_13315_1", "road_id": "533967_01661_13315", "upnode": "533967_13315", "downnode": "533967_01661", "scenario": "no06", "slot_code": "1715", "hhmm": "17:15", "V_kmh_mean": 5.762843165566848, "V_kmh_std": 0.5573387855851385, "TTT_sec_mean": 1660.1675, "TTT_sec_std": 206.51895131274472, "flow_mean": 32.0, "flow_std": 1.747178176073456, "n_runs": 20}}, {"type": "Feature", "geometry": {"type": "LineString", "coordinates": [[139.9422413516, 35.8899711566], [139.9423036483, 35.8899948436]]}, "properties": {"link_id": "533967_10598_11494_0", "road_id": "533967_10598_11494", "upnode": "533967_10598", "downnode": "533967_11494", "scenario": "no06", "slot_code": "1715", "hhmm": "17:15", "V_kmh_mean": 57.35999999999999, "V_kmh_std": 3.992905469012103e-15, "TTT_sec_mean": 83.55, "TTT_sec_std": 3.6774562146307535, "flow_mean": 27.85, "flow_std": 1.2258187382102497, "n_runs": 20}}, {"type": "Feature", "geometry": {"type": "LineString", "coordinates": [[139.9423036483, 35.8899948436], [139.9422413516, 35.8899711566]]}, "properties": {"link_id": "533967_10598_11494_1", "road_id": "533967_10598_11494", "upnode": "533967_11494", "downnode": "533967_10598", "scenario": "no06", "slot_code": "1715", "hhmm": "17:15", "V_kmh_mean": 48.95198364458663, "V_kmh_std": 0.8268126725640654, "TTT_sec_mean": 81.6255, "TTT_sec_std": 11.249909695543993, "flow_mean": 26.15, "flow_std": 3.42244910769128, "n_runs": 20}}, {"type": "Feature", "geometry": {"type": "LineString", "coordinates": [[139.94209425, 35.88991425], [139.94200075, 35.88987675]]}, "properties": {"link_id": "533967_10598_13108_0", "road_id": "533967_10598_13108", "upnode": "533967_10598", "downnode": "533967_13108", "scenario": "no06", "slot_code": "1715", "hhmm": "17:15", "V_kmh_mean": 49.59956782599368, "V_kmh_std": 0.9276386154459004, "TTT_sec_mean": 81.0875, "TTT_sec_std": 11.003958558053936, "flow_mean": 26.2, "flow_std": 3.396592719956744, "n_runs": 20}}, {"type": "Feature", "geometry": {"type": "LineString", "coordinates": [[139.94200075, 35.88987675], [139.94209425, 35.88991425]]}, "properties": {"link_id": "533967_10598_13108_1", "road_id": "533967_10598_13108", "upnode": "533967_13108", "downnode": "533967_10598", "scenario": "no06", "slot_code": "1715", "hhmm": "17:15", "V_kmh_mean": 51.12, "V_kmh_std": 4.890290495124001e-15, "TTT_sec_mean": 83.7, "TTT_sec_std": 3.062506713204248, "flow_mean": 27.9, "flow_std": 1.020835571068082, "n_runs": 20}}, {"type": "Feature", "geometry": {"type": "LineString", "coordinates": [[139.9411053257, 35.8921527359], [139.940979, 35.892157], [139.940591, 35.892182], [139.9401246885, 35.8922566101]]}, "properties": {"link_id": "533967_11501_11503_0", "road_id": "533967_11501_11503", "upnode": "533967_11501", "downnode": "533967_11503", "scenario": "no06", "slot_code": "1715", "hhmm": "17:15", "V_kmh_mean": 29.670759664997536, "V_kmh_std": 0.1377636153842339, "TTT_sec_mean": 527.7915, "TTT_sec_std": 60.83160019136522, "flow_mean": 31.8, "flow_std": 3.6935220675065534, "n_runs": 20}}, {"type": "Feature", "geometry": {"type": "LineString", "coordinates": [[139.9401246885, 35.8922566101], [139.940591, 35.892182], [139.940979, 35.892157], [139.9411053257, 35.8921527359]]}, "properties": {"link_id": "533967_11501_11503_1", "road_id": "533967_11501_11503", "upnode": "533967_11503", "downnode": "533967_11501", "scenario": "no06", "slot_code": "1715", "hhmm": "17:15", "V_kmh_mean": 30.263526788430216, "V_kmh_std": 0.0809982003436885, "TTT_sec_mean": 1007.089, "TTT_sec_std": 57.70587253705779, "flow_mean": 62.25, "flow_std": 3.552241694005573, "n_runs": 20}}, {"type": "Feature", "geometry": {"type": "LineString", "coordinates": [[139.9413260846, 35.8921590078], [139.941491, 35.892174], [139.941704, 35.892216], [139.9427258381, 35.8925411722]]}, "properties": {"link_id": "533967_11501_11504_0", "road_id": "533967_11501_11504", "upnode": "533967_11501", "downnode": "533967_11504", "scenario": "no06", "slot_code": "1715", "hhmm": "17:15", "V_kmh_mean": 26.734844307881826, "V_kmh_std": 2.5995370415651995, "TTT_sec_mean": 1577.9965, "TTT_sec_std": 234.81099306900572, "flow_mean": 64.95, "flow_std": 3.332061160745304, "n_runs": 20}}, {"type": "Feature", "geometry": {"type": "LineString", "coordinates": [[139.9427258381, 35.8925411722], [139.941704, 35.892216], [139.941491, 35.892174], [139.9413260846, 35.8921590078]]}, "properties": {"link_id": "533967_11501_11504_1", "road_id": "533967_11501_11504", "upnode": "533967_11504", "downnode": "533967_11501", "scenario": "no06", "slot_code": "1715", "hhmm": "17:15", "V_kmh_mean": 30.10206037372434, "V_kmh_std": 0.1130811130817995, "TTT_sec_mean": 605.54, "TTT_sec_std": 72.36807605276617, "flow_mean": 28.3, "flow_std": 3.3576307436235924, "n_runs": 20}}, {"type": "Feature", "geometry": {"type": "LineString", "coordinates": [[139.9360638546, 35.8928948243], [139.9360071452, 35.8927191757]]}, "properties": {"link_id": "533967_11505_85937_0", "road_id": "533967_11505_85937", "upnode": "533967_11505", "downnode": "533967_85937", "scenario": "no06", "slot_code": "1715", "hhmm": "17:15", "V_kmh_mean": null, "V_kmh_std": null, "TTT_sec_mean": null, "TTT_sec_std": null, "flow_mean": 0.0, "flow_std": 0.0, "n_runs": 20}}, {"type": "Feature", "geometry": {"type": "LineString", "coordinates": [[139.9360071452, 35.8927191757], [139.9360638546, 35.8928948243]]}, "properties": {"link_id": "533967_11505_85937_1", "road_id": "533967_11505_85937", "upnode": "533967_85937", "downnode": "533967_11505", "scenario": "no06", "slot_code": "1715", "hhmm": "17:15", "V_kmh_mean": null, "V_kmh_std": null, "TTT_sec_mean": null, "TTT_sec_std": null, "flow_mean": 0.0, "flow_std": 0.0, "n_runs": 20}}, {"type": "Feature", "geometry": {"type": "LineString", "coordinates": [[139.9404178289, 35.8990174923], [139.941653, 35.899448], [139.941953, 35.899065], [139.942016, 35.899048], [139.943228, 35.899615], [139.9433099533, 35.8996580841]]}, "properties": {"link_id": "533967_11513_88894_0", "road_id": "533967_11513_88894", "upnode": "533967_11513", "downnode": "533967_88894", "scenario": "no06", "slot_code": "1715", "hhmm": "17:15", "V_kmh_mean": null, "V_kmh_std": null, "TTT_sec_mean": null, "TTT_sec_std": null, "flow_mean": 0.0, "flow_std": 0.0, "n_runs": 20}}, {"type": "Feature", "geometry": {"type": "LineString", "coordinates": [[139.9433099533, 35.8996580841], [139.943228, 35.899615], [139.942016, 35.899048], [139.941953, 35.899065], [139.941653, 35.899448], [139.9404178289, 35.8990174923]]}, "properties": {"link_id": "533967_11513_88894_1", "road_id": "533967_11513_88894", "upnode": "533967_88894", "downnode": "533967_11513", "scenario": "no06", "slot_code": "1715", "hhmm": "17:15", "V_kmh_mean": null, "V_kmh_std": null, "TTT_sec_mean": null, "TTT_sec_std": null, "flow_mean": 0.0, "flow_std": 0.0, "n_runs": 20}}, {"type": "Feature", "geometry": {"type": "LineString", "coordinates": [[139.9436370961, 35.9043772702], [139.942853, 35.905006], [139.9418170665, 35.9058984689]]}, "properties": {"link_id": "533967_11518_13596_0", "road_id": "533967_11518_13596", "upnode": "533967_11518", "downnode": "533967_13596", "scenario": "no06", "slot_code": "1715", "hhmm": "17:15", "V_kmh_mean": null, "V_kmh_std": null, "TTT_sec_mean": null, "TTT_sec_std": null, "flow_mean": 0.0, "flow_std": 0.0, "n_runs": 20}}, {"type": "Feature", "geometry": {"type": "LineString", "coordinates": [[139.9418170665, 35.9058984689], [139.942853, 35.905006], [139.9436370961, 35.9043772702]]}, "properties": {"link_id": "533967_11518_13596_1", "road_id": "533967_11518_13596", "upnode": "533967_13596", "downnode": "533967_11518", "scenario": "no06", "slot_code": "1715", "hhmm": "17:15", "V_kmh_mean": null, "V_kmh_std": null, "TTT_sec_mean": null, "TTT_sec_std": null, "flow_mean": 0.0, "flow_std": 0.0, "n_runs": 20}}, {"type": "Feature", "geometry": {"type": "LineString", "coordinates": [[139.9503305633, 35.9016960079], [139.950315, 35.901698], [139.950228, 35.90169], [139.949478, 35.90144], [139.949103, 35.901323], [139.948765, 35.901232], [139.948228, 35.901107], [139.948003, 35.90109], [139.94779, 35.901107], [139.947503, 35.901173], [139.946965, 35.901315], [139.946765, 35.901356], [139.9461266104, 35.9013849793]]}, "properties": {"link_id": "533967_12969_87770_0", "road_id": "533967_12969_87770", "upnode": "533967_12969", "downnode": "533967_87770", "scenario": "no06", "slot_code": "1715", "hhmm": "17:15", "V_kmh_mean": null, "V_kmh_std": null, "TTT_sec_mean": null, "TTT_sec_std": null, "flow_mean": 0.0, "flow_std": 0.0, "n_runs": 20}}, {"type": "Feature", "geometry": {"type": "LineString", "coordinates": [[139.9461266104, 35.9013849793], [139.946765, 35.901356], [139.946965, 35.901315], [139.947503, 35.901173], [139.94779, 35.901107], [139.948003, 35.90109], [139.948228, 35.901107], [139.948765, 35.901232], [139.949103, 35.901323], [139.949478, 35.90144], [139.950228, 35.90169], [139.950315, 35.901698], [139.9503305633, 35.9016960079]]}, "properties": {"link_id": "533967_12969_87770_1", "road_id": "533967_12969_87770", "upnode": "533967_87770", "downnode": "533967_12969", "scenario": "no06", "slot_code": "1715", "hhmm": "17:15", "V_kmh_mean": null, "V_kmh_std": null, "TTT_sec_mean": null, "TTT_sec_std": null, "flow_mean": 0.0, "flow_std": 0.0, "n_runs": 20}}, {"type": "Feature", "geometry": {"type": "LineString", "coordinates": [[139.9407500942, 35.8896043228], [139.941054, 35.889549], [139.941154, 35.889566], [139.941852935, 35.8898211117]]}, "properties": {"link_id": "533967_13107_13108_0", "road_id": "533967_13107_13108", "upnode": "533967_13107", "downnode": "533967_13108", "scenario": "no06", "slot_code": "1715", "hhmm": "17:15", "V_kmh_mean": 49.988539917416446, "V_kmh_std": 0.1997739598530051, "TTT_sec_mean": 307.1155, "TTT_sec_std": 11.59706608768376, "flow_mean": 27.8, "flow_std": 1.0563093645728094, "n_runs": 20}}, {"type": "Feature", "geometry": {"type": "LineString", "coordinates": [[139.941852935, 35.8898211117], [139.941154, 35.889566], [139.941054, 35.889549], [139.9407500942, 35.8896043228]]}, "properties": {"link_id": "533967_13107_13108_1", "road_id": "533967_13107_13108", "upnode": "533967_13108", "downnode": "533967_13107", "scenario": "no06", "slot_code": "1715", "hhmm": "17:15", "V_kmh_mean": 45.45818181818182, "V_kmh_std": 4.610610094765734e-15, "TTT_sec_mean": 283.8, "TTT_sec_std": 34.71174531996188, "flow_mean": 25.8, "flow_std": 3.1556132109056243, "n_runs": 20}}, {"type": "Feature", "geometry": {"type": "LineString", "coordinates": [[139.9546999834, 35.8921722806], [139.9549930168, 35.8921437198]]}, "properties": {"link_id": "533967_13308_88665_0", "road_id": "533967_13308_88665", "upnode": "533967_13308", "downnode": "533967_88665", "scenario": "no06", "slot_code": "1715", "hhmm": "17:15", "V_kmh_mean": null, "V_kmh_std": null, "TTT_sec_mean": null, "TTT_sec_std": null, "flow_mean": 0.0, "flow_std": 0.0, "n_runs": 20}}, {"type": "Feature", "geometry": {"type": "LineString", "coordinates": [[139.9549930168, 35.8921437198], [139.9546999834, 35.8921722806]]}, "properties": {"link_id": "533967_13308_88665_1", "road_id": "533967_13308_88665", "upnode": "533967_88665", "downnode": "533967_13308", "scenario": "no06", "slot_code": "1715", "hhmm": "17:15", "V_kmh_mean": null, "V_kmh_std": null, "TTT_sec_mean": null, "TTT_sec_std": null, "flow_mean": 0.0, "flow_std": 0.0, "n_runs": 20}}, {"type": "Feature", "geometry": {"type": "LineString", "coordinates": [[139.9544257665, 35.8900410001], [139.954628, 35.890041], [139.954753, 35.890058], [139.954915, 35.890141], [139.955065, 35.890208], [139.955278, 35.890224], [139.9553069176, 35.8902292769]]}, "properties": {"link_id": "533967_13715_72472_0", "road_id": "533967_13715_72472", "upnode": "533967_13715", "downnode": "533967_72472", "scenario": "no06", "slot_code": "1715", "hhmm": "17:15", "V_kmh_mean": null, "V_kmh_std": null, "TTT_sec_mean": null, "TTT_sec_std": null, "flow_mean": 0.0, "flow_std": 0.0, "n_runs": 20}}, {"type": "Feature", "geometry": {"type": "LineString", "coordinates": [[139.9553069176, 35.8902292769], [139.955278, 35.890224], [139.955065, 35.890208], [139.954915, 35.890141], [139.954753, 35.890058], [139.954628, 35.890041], [139.9544257665, 35.8900410001]]}, "properties": {"link_id": "533967_13715_72472_1", "road_id": "533967_13715_72472", "upnode": "533967_72472", "downnode": "533967_13715", "scenario": "no06", "slot_code": "1715", "hhmm": "17:15", "V_kmh_mean": null, "V_kmh_std": null, "TTT_sec_mean": null, "TTT_sec_std": null, "flow_mean": 0.0, "flow_std": 0.0, "n_runs": 20}}, {"type": "Feature", "geometry": {"type": "LineString", "coordinates": [[139.9491015915, 35.8877847461], [139.949041, 35.887733], [139.948703, 35.887466], [139.948291, 35.887175], [139.947904, 35.886925], [139.947441, 35.886658], [139.947104, 35.886475], [139.946716, 35.886283], [139.9463623092, 35.8861195165]]}, "properties": {"link_id": "533967_13844_14155_1", "road_id": "533967_13844_14155", "upnode": "533967_14155", "downnode": "533967_13844", "scenario": "no06", "slot_code": "1715", "hhmm": "17:15", "V_kmh_mean": 47.98848335865654, "V_kmh_std": 0.0093910253283875, "TTT_sec_mean": 3825.5405, "TTT_sec_std": 201.76052533621976, "flow_mean": 153.0, "flow_std": 8.065521159785481, "n_runs": 20}}, {"type": "Feature", "geometry": {"type": "LineString", "coordinates": [[139.9467171439, 35.8916607491], [139.946916, 35.891733], [139.947191, 35.891841], [139.947416, 35.891916], [139.947541, 35.891966], [139.947778, 35.892024], [139.947953, 35.892057], [139.948178, 35.892091], [139.948391, 35.892099], [139.948841, 35.892099], [139.9488845, 35.892099]]}, "properties": {"link_id": "533967_13891_14021_0", "road_id": "533967_13891_14021", "upnode": "533967_13891", "downnode": "533967_14021", "scenario": "no06", "slot_code": "1715", "hhmm": "17:15", "V_kmh_mean": 50.23082995614086, "V_kmh_std": 0.2966689188454637, "TTT_sec_mean": 1248.9834999999998, "TTT_sec_std": 154.10927210996465, "flow_mean": 73.0, "flow_std": 8.95603295638138, "n_runs": 20}}, {"type": "Feature", "geometry": {"type": "LineString", "coordinates": [[139.9488845, 35.892099], [139.948841, 35.892099], [139.948391, 35.892099], [139.948178, 35.892091], [139.947953, 35.892057], [139.947778, 35.892024], [139.947541, 35.891966], [139.947416, 35.891916], [139.947191, 35.891841], [139.946916, 35.891733], [139.9467171439, 35.8916607491]]}, "properties": {"link_id": "533967_13891_14021_1", "road_id": "533967_13891_14021", "upnode": "533967_14021", "downnode": "533967_13891", "scenario": "no06", "slot_code": "1715", "hhmm": "17:15", "V_kmh_mean": 50.05747184665528, "V_kmh_std": 0.217537362973968, "TTT_sec_mean": 984.585, "TTT_sec_std": 72.06938115455138, "flow_mean": 56.55, "flow_std": 4.160908301649633, "n_runs": 20}}, {"type": "Feature", "geometry": {"type": "LineString", "coordinates": [[139.946668712, 35.8915447262], [139.9472002892, 35.8907452741]]}, "properties": {"link_id": "533967_13891_72276_0", "road_id": "533967_13891_72276", "upnode": "533967_13891", "downnode": "533967_72276", "scenario": "no06", "slot_code": "1715", "hhmm": "17:15", "V_kmh_mean": null, "V_kmh_std": null, "TTT_sec_mean": null, "TTT_sec_std": null, "flow_mean": 0.0, "flow_std": 0.0, "n_runs": 20}}, {"type": "Feature", "geometry": {"type": "LineString", "coordinates": [[139.9472002892, 35.8907452741], [139.946668712, 35.8915447262]]}, "properties": {"link_id": "533967_13891_72276_1", "road_id": "533967_13891_72276", "upnode": "533967_72276", "downnode": "533967_13891", "scenario": "no06", "slot_code": "1715", "hhmm": "17:15", "V_kmh_mean": null, "V_kmh_std": null, "TTT_sec_mean": null, "TTT_sec_std": null, "flow_mean": 0.0, "flow_std": 0.0, "n_runs": 20}}, {"type": "Feature", "geometry": {"type": "LineString", "coordinates": [[139.9321326594, 35.9007837714], [139.9323763411, 35.8993952287]]}, "properties": {"link_id": "533967_14017_14018_0", "road_id": "533967_14017_14018", "upnode": "533967_14017", "downnode": "533967_14018", "scenario": "no06", "slot_code": "1715", "hhmm": "17:15", "V_kmh_mean": 51.079977543218845, "V_kmh_std": 0.7517412806935887, "TTT_sec_mean": 1006.2765, "TTT_sec_std": 36.32433000432572, "flow_mean": 71.05, "flow_std": 2.163695668842646, "n_runs": 20}}, {"type": "Feature", "geometry": {"type": "LineString", "coordinates": [[139.9323763411, 35.8993952287], [139.9321326594, 35.9007837714]]}, "properties": {"link_id": "533967_14017_14018_1", "road_id": "533967_14017_14018", "upnode": "533967_14018", "downnode": "533967_14017", "scenario": "no06", "slot_code": "1715", "hhmm": "17:15", "V_kmh_mean": 49.789310346760594, "V_kmh_std": 0.1805882839849645, "TTT_sec_mean": 1119.042, "TTT_sec_std": 69.47038017821167, "flow_mean": 77.15, "flow_std": 4.760307376187962, "n_runs": 20}}, {"type": "Feature", "geometry": {"type": "LineString", "coordinates": [[139.948928, 35.8920088663], [139.948928, 35.891916], [139.948941, 35.891874], [139.948966, 35.891824], [139.949116, 35.891649], [139.949303, 35.891416], [139.949366, 35.891358], [139.949766, 35.890991], [139.949841, 35.890908], [139.949866, 35.890824], [139.949878, 35.890716], [139.949891, 35.890633], [139.949897, 35.890591]]}, "properties": {"link_id": "533967_14021_88656_0", "road_id": "533967_14021_88656", "upnode": "533967_14021", "downnode": "533967_88656", "scenario": "no06", "slot_code": "1715", "hhmm": "17:15", "V_kmh_mean": null, "V_kmh_std": null, "TTT_sec_mean": null, "TTT_sec_std": null, "flow_mean": 0.0, "flow_std": 0.0, "n_runs": 20}}, {"type": "Feature", "geometry": {"type": "LineString", "coordinates": [[139.949897, 35.890591], [139.949891, 35.890633], [139.949878, 35.890716], [139.949866, 35.890824], [139.949841, 35.890908], [139.949766, 35.890991], [139.949366, 35.891358], [139.949303, 35.891416], [139.949116, 35.891649], [139.948966, 35.891824], [139.948941, 35.891874], [139.948928, 35.891916], [139.948928, 35.8920088663]]}, "properties": {"link_id": "533967_14021_88656_1", "road_id": "533967_14021_88656", "upnode": "533967_88656", "downnode": "533967_14021", "scenario": "no06", "slot_code": "1715", "hhmm": "17:15", "V_kmh_mean": null, "V_kmh_std": null, "TTT_sec_mean": null, "TTT_sec_std": null, "flow_mean": 0.0, "flow_std": 0.0, "n_runs": 20}}, {"type": "Feature", "geometry": {"type": "LineString", "coordinates": [[139.9457796051, 35.8979995123], [139.945591, 35.898173], [139.945428, 35.898273], [139.944478, 35.898915], [139.943716, 35.899432], [139.943466, 35.89959], [139.9434474544, 35.8996244418]]}, "properties": {"link_id": "533967_14156_88894_0", "road_id": "533967_14156_88894", "upnode": "533967_14156", "downnode": "533967_88894", "scenario": "no06", "slot_code": "1715", "hhmm": "17:15", "V_kmh_mean": null, "V_kmh_std": null, "TTT_sec_mean": null, "TTT_sec_std": null, "flow_mean": 0.0, "flow_std": 0.0, "n_runs": 20}}, {"type": "Feature", "geometry": {"type": "LineString", "coordinates": [[139.9434474544, 35.8996244418], [139.943466, 35.89959], [139.943716, 35.899432], [139.944478, 35.898915], [139.945428, 35.898273], [139.945591, 35.898173], [139.9457796051, 35.8979995123]]}, "properties": {"link_id": "533967_14156_88894_1", "road_id": "533967_14156_88894", "upnode": "533967_88894", "downnode": "533967_14156", "scenario": "no06", "slot_code": "1715", "hhmm": "17:15", "V_kmh_mean": null, "V_kmh_std": null, "TTT_sec_mean": null, "TTT_sec_std": null, "flow_mean": 0.0, "flow_std": 0.0, "n_runs": 20}}, {"type": "Feature", "geometry": {"type": "LineString", "coordinates": [[139.9473488146, 35.8907112255], [139.948878, 35.891433], [139.949741, 35.890683], [139.9498253198, 35.8906132541]]}, "properties": {"link_id": "533967_72276_88656_0", "road_id": "533967_72276_88656", "upnode": "533967_72276", "downnode": "533967_88656", "scenario": "no06", "slot_code": "1715", "hhmm": "17:15", "V_kmh_mean": null, "V_kmh_std": null, "TTT_sec_mean": null, "TTT_sec_std": null, "flow_mean": 0.0, "flow_std": 0.0, "n_runs": 20}}, {"type": "Feature", "geometry": {"type": "LineString", "coordinates": [[139.9498253198, 35.8906132541], [139.949741, 35.890683], [139.948878, 35.891433], [139.9473488146, 35.8907112255]]}, "properties": {"link_id": "533967_72276_88656_1", "road_id": "533967_72276_88656", "upnode": "533967_88656", "downnode": "533967_72276", "scenario": "no06", "slot_code": "1715", "hhmm": "17:15", "V_kmh_mean": null, "V_kmh_std": null, "TTT_sec_mean": null, "TTT_sec_std": null, "flow_mean": 0.0, "flow_std": 0.0, "n_runs": 20}}, {"type": "Feature", "geometry": {"type": "LineString", "coordinates": [[139.9460677101, 35.9008985163], [139.945853, 35.900882], [139.945703, 35.90084], [139.944941, 35.90049], [139.944291, 35.900165], [139.9434965644, 35.8997552579]]}, "properties": {"link_id": "533967_74224_88894_0", "road_id": "533967_74224_88894", "upnode": "533967_74224", "downnode": "533967_88894", "scenario": "no06", "slot_code": "1715", "hhmm": "17:15", "V_kmh_mean": null, "V_kmh_std": null, "TTT_sec_mean": null, "TTT_sec_std": null, "flow_mean": 0.0, "flow_std": 0.0, "n_runs": 20}}, {"type": "Feature", "geometry": {"type": "LineString", "coordinates": [[139.9434965644, 35.8997552579], [139.944291, 35.900165], [139.944941, 35.90049], [139.945703, 35.90084], [139.945853, 35.900882], [139.9460677101, 35.9008985163]]}, "properties": {"link_id": "533967_74224_88894_1", "road_id": "533967_74224_88894", "upnode": "533967_88894", "downnode": "533967_74224", "scenario": "no06", "slot_code": "1715", "hhmm": "17:15", "V_kmh_mean": null, "V_kmh_std": null, "TTT_sec_mean": null, "TTT_sec_std": null, "flow_mean": 0.0, "flow_std": 0.0, "n_runs": 20}}, {"type": "Feature", "geometry": {"type": "LineString", "coordinates": [[139.9481135783, 35.9009595394], [139.948165, 35.900957], [139.948415, 35.900932], [139.9490064846, 35.9008331379]]}, "properties": {"link_id": "533967_87767_87768_0", "road_id": "533967_87767_87768", "upnode": "533967_87767", "downnode": "533967_87768", "scenario": "no06", "slot_code": "1715", "hhmm": "17:15", "V_kmh_mean": null, "V_kmh_std": null, "TTT_sec_mean": null, "TTT_sec_std": null, "flow_mean": 0.0, "flow_std": 0.0, "n_runs": 20}}, {"type": "Feature", "geometry": {"type": "LineString", "coordinates": [[139.9490064846, 35.9008331379], [139.948415, 35.900932], [139.948165, 35.900957], [139.9481135783, 35.9009595394]]}, "properties": {"link_id": "533967_87767_87768_1", "road_id": "533967_87767_87768", "upnode": "533967_87768", "downnode": "533967_87767", "scenario": "no06", "slot_code": "1715", "hhmm": "17:15", "V_kmh_mean": null, "V_kmh_std": null, "TTT_sec_mean": null, "TTT_sec_std": null, "flow_mean": 0.0, "flow_std": 0.0, "n_runs": 20}}, {"type": "Feature", "geometry": {"type": "LineString", "coordinates": [[139.9479865798, 35.900875862], [139.9479724567, 35.9007680664], [139.9479524844, 35.9006806954]]}, "properties": {"link_id": "533967_87767_88200_0", "road_id": "533967_87767_88200", "upnode": "533967_87767", "downnode": "533967_88200", "scenario": "no06", "slot_code": "1715", "hhmm": "17:15", "V_kmh_mean": null, "V_kmh_std": null, "TTT_sec_mean": null, "TTT_sec_std": null, "flow_mean": 0.0, "flow_std": 0.0, "n_runs": 20}}, {"type": "Feature", "geometry": {"type": "LineString", "coordinates": [[139.9479524844, 35.9006806954], [139.9479724567, 35.9007680664], [139.9479865798, 35.900875862]]}, "properties": {"link_id": "533967_87767_88200_1", "road_id": "533967_87767_88200", "upnode": "533967_88200", "downnode": "533967_87767", "scenario": "no06", "slot_code": "1715", "hhmm": "17:15", "V_kmh_mean": null, "V_kmh_std": null, "TTT_sec_mean": null, "TTT_sec_std": null, "flow_mean": 0.0, "flow_std": 0.0, "n_runs": 20}}, {"type": "Feature", "geometry": {"type": "LineString", "coordinates": [[139.9490959726, 35.9007262058], [139.9490590273, 35.9005537942]]}, "properties": {"link_id": "533967_87768_88199_0", "road_id": "533967_87768_88199", "upnode": "533967_87768", "downnode": "533967_88199", "scenario": "no06", "slot_code": "1715", "hhmm": "17:15", "V_kmh_mean": null, "V_kmh_std": null, "TTT_sec_mean": null, "TTT_sec_std": null, "flow_mean": 0.0, "flow_std": 0.0, "n_runs": 20}}, {"type": "Feature", "geometry": {"type": "LineString", "coordinates": [[139.9490590273, 35.9005537942], [139.9490959726, 35.9007262058]]}, "properties": {"link_id": "533967_87768_88199_1", "road_id": "533967_87768_88199", "upnode": "533967_88199", "downnode": "533967_87768", "scenario": "no06", "slot_code": "1715", "hhmm": "17:15", "V_kmh_mean": null, "V_kmh_std": null, "TTT_sec_mean": null, "TTT_sec_std": null, "flow_mean": 0.0, "flow_std": 0.0, "n_runs": 20}}, {"type": "Feature", "geometry": {"type": "LineString", "coordinates": [[139.9467666279, 35.9010064507], [139.946528, 35.901107], [139.946216, 35.901223], [139.946028, 35.901273], [139.9460252125, 35.9013001786]]}, "properties": {"link_id": "533967_87769_87770_0", "road_id": "533967_87769_87770", "upnode": "533967_87769", "downnode": "533967_87770", "scenario": "no06", "slot_code": "1715", "hhmm": "17:15", "V_kmh_mean": null, "V_kmh_std": null, "TTT_sec_mean": null, "TTT_sec_std": null, "flow_mean": 0.0, "flow_std": 0.0, "n_runs": 20}}, {"type": "Feature", "geometry": {"type": "LineString", "coordinates": [[139.9460252125, 35.9013001786], [139.946028, 35.901273], [139.946216, 35.901223], [139.946528, 35.901107], [139.9467666279, 35.9010064507]]}, "properties": {"link_id": "533967_87769_87770_1", "road_id": "533967_87769_87770", "upnode": "533967_87770", "downnode": "533967_87769", "scenario": "no06", "slot_code": "1715", "hhmm": "17:15", "V_kmh_mean": null, "V_kmh_std": null, "TTT_sec_mean": null, "TTT_sec_std": null, "flow_mean": 0.0, "flow_std": 0.0, "n_runs": 20}}, {"type": "Feature", "geometry": {"type": "LineString", "coordinates": [[139.9489310259, 35.9004812132], [139.9480869745, 35.9006067877]]}, "properties": {"link_id": "533967_88199_88200_0", "road_id": "533967_88199_88200", "upnode": "533967_88199", "downnode": "533967_88200", "scenario": "no06", "slot_code": "1715", "hhmm": "17:15", "V_kmh_mean": null, "V_kmh_std": null, "TTT_sec_mean": null, "TTT_sec_std": null, "flow_mean": 0.0, "flow_std": 0.0, "n_runs": 20}}, {"type": "Feature", "geometry": {"type": "LineString", "coordinates": [[139.9480869745, 35.9006067877], [139.9489310259, 35.9004812132]]}, "properties": {"link_id": "533967_88199_88200_1", "road_id": "533967_88199_88200", "upnode": "533967_88200", "downnode": "533967_88199", "scenario": "no06", "slot_code": "1715", "hhmm": "17:15", "V_kmh_mean": null, "V_kmh_std": null, "TTT_sec_mean": null, "TTT_sec_std": null, "flow_mean": 0.0, "flow_std": 0.0, "n_runs": 20}}, {"type": "Feature", "geometry": {"type": "LineString", "coordinates": [[139.9490262406, 35.9003755643], [139.9490037593, 35.9002294357]]}, "properties": {"link_id": "533967_88199_88201_0", "road_id": "533967_88199_88201", "upnode": "533967_88199", "downnode": "533967_88201", "scenario": "no06", "slot_code": "1715", "hhmm": "17:15", "V_kmh_mean": null, "V_kmh_std": null, "TTT_sec_mean": null, "TTT_sec_std": null, "flow_mean": 0.0, "flow_std": 0.0, "n_runs": 20}}, {"type": "Feature", "geometry": {"type": "LineString", "coordinates": [[139.9490037593, 35.9002294357], [139.9490262406, 35.9003755643]]}, "properties": {"link_id": "533967_88199_88201_1", "road_id": "533967_88199_88201", "upnode": "533967_88201", "downnode": "533967_88199", "scenario": "no06", "slot_code": "1715", "hhmm": "17:15", "V_kmh_mean": null, "V_kmh_std": null, "TTT_sec_mean": null, "TTT_sec_std": null, "flow_mean": 0.0, "flow_std": 0.0, "n_runs": 20}}, {"type": "Feature", "geometry": {"type": "LineString", "coordinates": [[139.9479575571, 35.9005344144], [139.9479234428, 35.9003865857]]}, "properties": {"link_id": "533967_88200_88202_0", "road_id": "533967_88200_88202", "upnode": "533967_88200", "downnode": "533967_88202", "scenario": "no06", "slot_code": "1715", "hhmm": "17:15", "V_kmh_mean": null, "V_kmh_std": null, "TTT_sec_mean": null, "TTT_sec_std": null, "flow_mean": 0.0, "flow_std": 0.0, "n_runs": 20}}, {"type": "Feature", "geometry": {"type": "LineString", "coordinates": [[139.9479234428, 35.9003865857], [139.9479575571, 35.9005344144]]}, "properties": {"link_id": "533967_88200_88202_1", "road_id": "533967_88200_88202", "upnode": "533967_88202", "downnode": "533967_88200", "scenario": "no06", "slot_code": "1715", "hhmm": "17:15", "V_kmh_mean": null, "V_kmh_std": null, "TTT_sec_mean": null, "TTT_sec_std": null, "flow_mean": 0.0, "flow_std": 0.0, "n_runs": 20}}, {"type": "Feature", "geometry": {"type": "LineString", "coordinates": [[139.9489751139, 35.9000506839], [139.94894, 35.89984], [139.94894, 35.899815], [139.948903, 35.899798], [139.94829, 35.899715], [139.9482869012, 35.8997145296]]}, "properties": {"link_id": "533967_88201_88203_0", "road_id": "533967_88201_88203", "upnode": "533967_88201", "downnode": "533967_88203", "scenario": "no06", "slot_code": "1715", "hhmm": "17:15", "V_kmh_mean": null, "V_kmh_std": null, "TTT_sec_mean": null, "TTT_sec_std": null, "flow_mean": 0.0, "flow_std": 0.0, "n_runs": 20}}, {"type": "Feature", "geometry": {"type": "LineString", "coordinates": [[139.9482869012, 35.8997145296], [139.94829, 35.899715], [139.948903, 35.899798], [139.94894, 35.899815], [139.94894, 35.89984], [139.9489751139, 35.9000506839]]}, "properties": {"link_id": "533967_88201_88203_1", "road_id": "533967_88201_88203", "upnode": "533967_88203", "downnode": "533967_88201", "scenario": "no06", "slot_code": "1715", "hhmm": "17:15", "V_kmh_mean": null, "V_kmh_std": null, "TTT_sec_mean": null, "TTT_sec_std": null, "flow_mean": 0.0, "flow_std": 0.0, "n_runs": 20}}, {"type": "Feature", "geometry": {"type": "LineString", "coordinates": [[139.9488809508, 35.9001558735], [139.9484120494, 35.900224127]]}, "properties": {"link_id": "533967_88201_88204_0", "road_id": "533967_88201_88204", "upnode": "533967_88201", "downnode": "533967_88204", "scenario": "no06", "slot_code": "1715", "hhmm": "17:15", "V_kmh_mean": null, "V_kmh_std": null, "TTT_sec_mean": null, "TTT_sec_std": null, "flow_mean": 0.0, "flow_std": 0.0, "n_runs": 20}}, {"type": "Feature", "geometry": {"type": "LineString", "coordinates": [[139.9484120494, 35.900224127], [139.9488809508, 35.9001558735]]}, "properties": {"link_id": "533967_88201_88204_1", "road_id": "533967_88201_88204", "upnode": "533967_88204", "downnode": "533967_88201", "scenario": "no06", "slot_code": "1715", "hhmm": "17:15", "V_kmh_mean": null, "V_kmh_std": null, "TTT_sec_mean": null, "TTT_sec_std": null, "flow_mean": 0.0, "flow_std": 0.0, "n_runs": 20}}, {"type": "Feature", "geometry": {"type": "LineString", "coordinates": [[139.9480120624, 35.9002821861], [139.9481939377, 35.9002558142]]}, "properties": {"link_id": "533967_88202_88204_0", "road_id": "533967_88202_88204", "upnode": "533967_88202", "downnode": "533967_88204", "scenario": "no06", "slot_code": "1715", "hhmm": "17:15", "V_kmh_mean": null, "V_kmh_std": null, "TTT_sec_mean": null, "TTT_sec_std": null, "flow_mean": 0.0, "flow_std": 0.0, "n_runs": 20}}, {"type": "Feature", "geometry": {"type": "LineString", "coordinates": [[139.9481939377, 35.9002558142], [139.9480120624, 35.9002821861]]}, "properties": {"link_id": "533967_88202_88204_1", "road_id": "533967_88202_88204", "upnode": "533967_88204", "downnode": "533967_88202", "scenario": "no06", "slot_code": "1715", "hhmm": "17:15", "V_kmh_mean": null, "V_kmh_std": null, "TTT_sec_mean": null, "TTT_sec_std": null, "flow_mean": 0.0, "flow_std": 0.0, "n_runs": 20}}, {"type": "Feature", "geometry": {"type": "LineString", "coordinates": [[139.9478843658, 35.9002091507], [139.9477836339, 35.8997288494]]}, "properties": {"link_id": "533967_88202_88302_0", "road_id": "533967_88202_88302", "upnode": "533967_88202", "downnode": "533967_88302", "scenario": "no06", "slot_code": "1715", "hhmm": "17:15", "V_kmh_mean": null, "V_kmh_std": null, "TTT_sec_mean": null, "TTT_sec_std": null, "flow_mean": 0.0, "flow_std": 0.0, "n_runs": 20}}, {"type": "Feature", "geometry": {"type": "LineString", "coordinates": [[139.9477836339, 35.8997288494], [139.9478843658, 35.9002091507]]}, "properties": {"link_id": "533967_88202_88302_1", "road_id": "533967_88202_88302", "upnode": "533967_88302", "downnode": "533967_88202", "scenario": "no06", "slot_code": "1715", "hhmm": "17:15", "V_kmh_mean": null, "V_kmh_std": null, "TTT_sec_mean": null, "TTT_sec_std": null, "flow_mean": 0.0, "flow_std": 0.0, "n_runs": 20}}, {"type": "Feature", "geometry": {"type": "LineString", "coordinates": [[139.9481984306, 35.8997865875], [139.9482825692, 35.9001514125]]}, "properties": {"link_id": "533967_88203_88204_0", "road_id": "533967_88203_88204", "upnode": "533967_88203", "downnode": "533967_88204", "scenario": "no06", "slot_code": "1715", "hhmm": "17:15", "V_kmh_mean": null, "V_kmh_std": null, "TTT_sec_mean": null, "TTT_sec_std": null, "flow_mean": 0.0, "flow_std": 0.0, "n_runs": 20}}, {"type": "Feature", "geometry": {"type": "LineString", "coordinates": [[139.9482825692, 35.9001514125], [139.9481984306, 35.8997865875]]}, "properties": {"link_id": "533967_88203_88204_1", "road_id": "533967_88203_88204", "upnode": "533967_88204", "downnode": "533967_88203", "scenario": "no06", "slot_code": "1715", "hhmm": "17:15", "V_kmh_mean": null, "V_kmh_std": null, "TTT_sec_mean": null, "TTT_sec_std": null, "flow_mean": 0.0, "flow_std": 0.0, "n_runs": 20}}, {"type": "Feature", "geometry": {"type": "LineString", "coordinates": [[139.9480688342, 35.8996826694], [139.9478741657, 35.8996553309]]}, "properties": {"link_id": "533967_88203_88302_0", "road_id": "533967_88203_88302", "upnode": "533967_88203", "downnode": "533967_88302", "scenario": "no06", "slot_code": "1715", "hhmm": "17:15", "V_kmh_mean": null, "V_kmh_std": null, "TTT_sec_mean": null, "TTT_sec_std": null, "flow_mean": 0.0, "flow_std": 0.0, "n_runs": 20}}, {"type": "Feature", "geometry": {"type": "LineString", "coordinates": [[139.9478741657, 35.8996553309], [139.9480688342, 35.8996826694]]}, "properties": {"link_id": "533967_88203_88302_1", "road_id": "533967_88203_88302", "upnode": "533967_88302", "downnode": "533967_88203", "scenario": "no06", "slot_code": "1715", "hhmm": "17:15", "V_kmh_mean": null, "V_kmh_std": null, "TTT_sec_mean": null, "TTT_sec_std": null, "flow_mean": 0.0, "flow_std": 0.0, "n_runs": 20}}, {"type": "Feature", "geometry": {"type": "LineString", "coordinates": [[139.9326277782, 35.8983820001], [139.932804, 35.898382], [139.933154, 35.898415], [139.933504, 35.898482], [139.933842, 35.898582], [139.9342160847, 35.8987198209]]}, "properties": {"link_id": "I_11_0129024139429", "road_id": "I_23_0129024139398", "upnode": "533967_00535", "downnode": "I_22_533967_-00007", "scenario": "no06", "slot_code": "1715", "hhmm": "17:15", "V_kmh_mean": 29.45207631378884, "V_kmh_std": 0.1706373157681325, "TTT_sec_mean": 1045.626, "TTT_sec_std": 94.9209355422213, "flow_mean": 49.55, "flow_std": 4.37065573786673, "n_runs": 20}}, {"type": "Feature", "geometry": {"type": "LineString", "coordinates": [[139.9374914269, 35.9000164951], [139.93441657, 35.8987965076]]}, "properties": {"link_id": "I_11_0129024139444", "road_id": "I_23_0129024146201", "upnode": "I_22_533967_-00008", "downnode": "I_22_533967_-00007", "scenario": "no06", "slot_code": "1715", "hhmm": "17:15", "V_kmh_mean": 49.77000522607288, "V_kmh_std": 0.0885168307692863, "TTT_sec_mean": 1749.418, "TTT_sec_std": 149.19774668821952, "flow_mean": 71.2, "flow_std": 6.100905886143379, "n_runs": 20}}, {"type": "Feature", "geometry": {"type": "LineString", "coordinates": [[139.93441657, 35.8987965076], [139.9374914269, 35.9000164951]]}, "properties": {"link_id": "I_11_0129024146232", "road_id": "I_23_0129024146201", "upnode": "I_22_533967_-00007", "downnode": "I_22_533967_-00008", "scenario": "no06", "slot_code": "1715", "hhmm": "17:15", "V_kmh_mean": 29.96800704857697, "V_kmh_std": 0.0325359771654095, "TTT_sec_mean": 2078.1565, "TTT_sec_std": 204.6722034009504, "flow_mean": 51.0, "flow_std": 5.015764621355562, "n_runs": 20}}, {"type": "Feature", "geometry": {"type": "LineString", "coordinates": [[139.9389093803, 35.9006681224], [139.938566, 35.900498], [139.938141, 35.90029], [139.9376891689, 35.9000977667]]}, "properties": {"link_id": "I_11_0129024146246", "road_id": "I_23_0129024146216", "upnode": "533967_00538", "downnode": "I_22_533967_-00008", "scenario": "no06", "slot_code": "1715", "hhmm": "17:15", "V_kmh_mean": 45.43109399492284, "V_kmh_std": 0.4757372989371761, "TTT_sec_mean": 905.227, "TTT_sec_std": 87.18043455657742, "flow_mean": 70.6, "flow_std": 6.777672322063318, "n_runs": 20}}, {"type": "Feature", "geometry": {"type": "LineString", "coordinates": [[139.9521445578, 35.8965977164], [139.951665, 35.896257], [139.951415, 35.896132], [139.951203, 35.896057], [139.9510914569, 35.8960396732]]}, "properties": {"link_id": "I_11_0804143920985", "road_id": "I_23_0804143920954", "upnode": "533967_01418", "downnode": "I_22_533967_-00002", "scenario": "no06", "slot_code": "1715", "hhmm": "17:15", "V_kmh_mean": 19.61134286910058, "V_kmh_std": 0.1257004815949321, "TTT_sec_mean": 601.3045, "TTT_sec_std": 91.88214358765887, "flow_mean": 27.7, "flow_std": 4.143479341402776, "n_runs": 20}}, {"type": "Feature", "geometry": {"type": "LineString", "coordinates": [[139.949799732, 35.8958773378], [139.950953, 35.896007], [139.9510699611, 35.8960354051]]}, "properties": {"link_id": "I_11_0804143921001", "road_id": "I_23_0804143920969", "upnode": "533967_01421", "downnode": "I_22_533967_-00002", "scenario": "no06", "slot_code": "1715", "hhmm": "17:15", "V_kmh_mean": null, "V_kmh_std": null, "TTT_sec_mean": null, "TTT_sec_std": null, "flow_mean": 0.0, "flow_std": 0.0, "n_runs": 20}}, {"type": "Feature", "geometry": {"type": "LineString", "coordinates": [[139.9414442427, 35.9017764856], [139.9410441843, 35.9020921622]]}, "properties": {"link_id": "I_11_533967_-00001533967_00539", "road_id": "I_23_533967_00539_533967_-00001", "upnode": "I_22_533967_-00001", "downnode": "533967_00539", "scenario": "no06", "slot_code": "1715", "hhmm": "17:15", "V_kmh_mean": 5.425447921655062, "V_kmh_std": 0.9182081400928256, "TTT_sec_mean": 1824.141, "TTT_sec_std": 466.4113472021745, "flow_mean": 34.7, "flow_std": 2.0026298499197197, "n_runs": 20}}, {"type": "Feature", "geometry": {"type": "LineString", "coordinates": [[139.9415222285, 35.901622514], [139.9414573964, 35.9015154031]]}, "properties": {"link_id": "I_11_533967_-00001_533967_-00005", "road_id": "I_23_533967_-00001_533967_-00005", "upnode": "I_22_533967_-00001", "downnode": "I_22_533967_-00005", "scenario": "no06", "slot_code": "1715", "hhmm": "17:15", "V_kmh_mean": null, "V_kmh_std": null, "TTT_sec_mean": null, "TTT_sec_std": null, "flow_mean": 0.0, "flow_std": 0.0, "n_runs": 20}}, {"type": "Feature", "geometry": {"type": "LineString", "coordinates": [[139.9413464164, 35.9014254304], [139.9412624352, 35.9015060417]]}, "properties": {"link_id": "I_11_533967_-00005_533967_-00006", "road_id": "I_23_533967_-00005_533967_-00006", "upnode": "I_22_533967_-00005", "downnode": "I_22_533967_-00006", "scenario": "no06", "slot_code": "1715", "hhmm": "17:15", "V_kmh_mean": null, "V_kmh_std": null, "TTT_sec_mean": null, "TTT_sec_std": null, "flow_mean": 0.0, "flow_std": 0.0, "n_runs": 20}}, {"type": "Feature", "geometry": {"type": "LineString", "coordinates": [[139.9412627144, 35.9016334904], [139.9414439632, 35.9016490369]]}, "properties": {"link_id": "I_11_533967_-00006_533967_-00001", "road_id": "I_23_533967_-00006_533967_-00001", "upnode": "I_22_533967_-00006", "downnode": "I_22_533967_-00001", "scenario": "no06", "slot_code": "1715", "hhmm": "17:15", "V_kmh_mean": 33.940062379172154, "V_kmh_std": 11.469188650369349, "TTT_sec_mean": 71.73949999999999, "TTT_sec_std": 88.9003299665299, "flow_mean": 12.9, "flow_std": 1.6827296120792614, "n_runs": 20}}, {"type": "Feature", "geometry": {"type": "LineString", "coordinates": [[139.9375128149, 35.9001198356], [139.936998047, 35.9016828347]]}, "properties": {"link_id": "I_11_533967_-00008_533967_-00009", "road_id": "I_23_533967_-00009_533967_-00008", "upnode": "I_22_533967_-00008", "downnode": "I_22_533967_-00009", "scenario": "no06", "slot_code": "1715", "hhmm": "17:15", "V_kmh_mean": 46.0138524434102, "V_kmh_std": 0.9571682813563576, "TTT_sec_mean": 29.125625, "TTT_sec_std": 9.612656912460086, "flow_mean": 1.65, "flow_std": 1.0399898784932575, "n_runs": 20}}, {"type": "Feature", "geometry": {"type": "LineString", "coordinates": [[139.936998047, 35.9016828347], [139.9375128149, 35.9001198356]]}, "properties": {"link_id": "I_11_533967_-00009_533967_-00008", "road_id": "I_23_533967_-00009_533967_-00008", "upnode": "I_22_533967_-00009", "downnode": "I_22_533967_-00008", "scenario": "no06", "slot_code": "1715", "hhmm": "17:15", "V_kmh_mean": 52.03588571428571, "V_kmh_std": 6.379490131641981, "TTT_sec_mean": 14.15, "TTT_sec_std": 2.2307657406087453, "flow_mean": 1.0, "flow_std": 0.0, "n_runs": 20}}, {"type": "Feature", "geometry": {"type": "LineString", "coordinates": [[139.9410441843, 35.9020921622], [139.9414442427, 35.9017764856]]}, "properties": {"link_id": "I_11_533967_00539_533967_-00001", "road_id": "I_23_533967_00539_533967_-00001", "upnode": "533967_00539", "downnode": "I_22_533967_-00001", "scenario": "no06", "slot_code": "1715", "hhmm": "17:15", "V_kmh_mean": 25.359180694565463, "V_kmh_std": 0.4134821538939077, "TTT_sec_mean": 202.8565, "TTT_sec_std": 18.20924151575093, "flow_mean": 18.1, "flow_std": 1.5183093090324955, "n_runs": 20}}, {"type": "Feature", "geometry": {"type": "LineString", "coordinates": [[139.9544776298, 35.8915514301], [139.9543653699, 35.8907385699]]}, "properties": {"link_id": "I_11_533967_00937533967_01269", "road_id": "I_23_533967_00937533967_01269", "upnode": "533967_00937", "downnode": "533967_01269", "scenario": "no06", "slot_code": "1715", "hhmm": "17:15", "V_kmh_mean": 46.40727380460757, "V_kmh_std": 1.6271993614536766, "TTT_sec_mean": 173.2095, "TTT_sec_std": 26.74011897682463, "flow_mean": 19.0, "flow_std": 2.9379548919900764, "n_runs": 20}}, {"type": "Feature", "geometry": {"type": "LineString", "coordinates": [[139.9542437303, 35.8916227784], [139.9529242702, 35.8918012229]]}, "properties": {"link_id": "I_11_533967_00937533967_01406", "road_id": "I_23_533967_00937533967_01406", "upnode": "533967_00937", "downnode": "533967_01406", "scenario": "no06", "slot_code": "1715", "hhmm": "17:15", "V_kmh_mean": 42.31834780730934, "V_kmh_std": 1.6354182245558044, "TTT_sec_mean": 808.575, "TTT_sec_std": 80.67942126583132, "flow_mean": 65.3, "flow_std": 5.151392249214107, "n_runs": 20}}, {"type": "Feature", "geometry": {"type": "LineString", "coordinates": [[139.9543792471, 35.891788385], [139.9545960516, 35.8932692569]]}, "properties": {"link_id": "I_11_533967_00937533967_01657", "road_id": "I_23_533967_00937533967_01657", "upnode": "533967_00937", "downnode": "533967_01657", "scenario": "no06", "slot_code": "1715", "hhmm": "17:15", "V_kmh_mean": 18.745124617317785, "V_kmh_std": 0.7015962648524849, "TTT_sec_mean": 5385.6555, "TTT_sec_std": 417.00439219540993, "flow_mean": 140.6, "flow_std": 8.318653737234166, "n_runs": 20}}, {"type": "Feature", "geometry": {"type": "LineString", "coordinates": [[139.9499566507, 35.8943927705], [139.9503373501, 35.8922222296]]}, "properties": {"link_id": "I_11_533967_00939533967_01485", "road_id": "I_23_533967_00939533967_01485", "upnode": "533967_00939", "downnode": "533967_01485", "scenario": "no06", "slot_code": "1715", "hhmm": "17:15", "V_kmh_mean": 22.83050663857319, "V_kmh_std": 1.221945410737126, "TTT_sec_mean": 6265.4535000000005, "TTT_sec_std": 649.5763987422068, "flow_mean": 139.15, "flow_std": 8.821474993028747, "n_runs": 20}}, {"type": "Feature", "geometry": {"type": "LineString", "coordinates": [[139.9494352951, 35.8981089564], [139.949528, 35.898823], [139.949653, 35.899515], [139.9498460144, 35.9002211501], [139.949935299, 35.900542693], [139.9499535912, 35.9005872235]]}, "properties": {"link_id": "I_11_533967_00977533967_00978", "road_id": "I_23_533967_00977533967_00978", "upnode": "533967_00977", "downnode": "533967_00978", "scenario": "no06", "slot_code": "1715", "hhmm": "17:15", "V_kmh_mean": 39.56966186970886, "V_kmh_std": 0.1602521325106038, "TTT_sec_mean": 860.551, "TTT_sec_std": 92.7296030572648, "flow_mean": 30.2, "flow_std": 3.254147151591416, "n_runs": 20}}, {"type": "Feature", "geometry": {"type": "LineString", "coordinates": [[139.9495114027, 35.8977672205], [139.9494765891, 35.897478453], [139.949515, 35.897132], [139.949553, 35.896774], [139.9496765166, 35.8959544635]]}, "properties": {"link_id": "I_11_533967_00977533967_01421", "road_id": "I_23_533967_01421533967_00977", "upnode": "533967_00977", "downnode": "533967_01421", "scenario": "no06", "slot_code": "1715", "hhmm": "17:15", "V_kmh_mean": 41.46449794148598, "V_kmh_std": 0.9415928457991042, "TTT_sec_mean": 2114.1295, "TTT_sec_std": 209.7397653352714, "flow_mean": 106.5, "flow_std": 10.122928638023996, "n_runs": 20}}, {"type": "Feature", "geometry": {"type": "LineString", "coordinates": [[139.9496890497, 35.8979443248], [139.9501679491, 35.8978888631], [139.9504490981, 35.8978387799], [139.9507337264, 35.8977927831], [139.951028, 35.897724], [139.9511315672, 35.8976763591]]}, "properties": {"link_id": "I_11_533967_00977533967_01425", "road_id": "I_23_533967_00977533967_01425", "upnode": "533967_00977", "downnode": "533967_01425", "scenario": "no06", "slot_code": "1715", "hhmm": "17:15", "V_kmh_mean": 48.042879709231705, "V_kmh_std": 0.2388130226720354, "TTT_sec_mean": 1043.681, "TTT_sec_std": 101.31541187380078, "flow_mean": 86.45, "flow_std": 8.34439616559647, "n_runs": 20}}, {"type": "Feature", "geometry": {"type": "LineString", "coordinates": [[139.949170358, 35.8979573514], [139.9481476301, 35.8980698969], [139.947253, 35.898157], [139.9471377592, 35.8981698046]]}, "properties": {"link_id": "I_11_533967_00977533967_01555", "road_id": "I_23_533967_00977533967_01555", "upnode": "533967_00977", "downnode": "533967_01555", "scenario": "no06", "slot_code": "1715", "hhmm": "17:15", "V_kmh_mean": 46.401651123108174, "V_kmh_std": 0.9023885900108616, "TTT_sec_mean": 552.2594999999999, "TTT_sec_std": 47.14457779560991, "flow_mean": 33.05, "flow_std": 2.54382637606794, "n_runs": 20}}, {"type": "Feature", "geometry": {"type": "LineString", "coordinates": [[139.9499811115, 35.9005769603], [139.9499574644, 35.9004964733], [139.949874189, 35.900177757], [139.9497043551, 35.8995067552], [139.949601491, 35.8987977081], [139.949510305, 35.898109181]]}, "properties": {"link_id": "I_11_533967_00978533967_00977", "road_id": "I_23_533967_00978533967_00977", "upnode": "533967_00978", "downnode": "533967_00977", "scenario": "no06", "slot_code": "1715", "hhmm": "17:15", "V_kmh_mean": 24.03051051837984, "V_kmh_std": 1.4480824025944532, "TTT_sec_mean": 3341.4795, "TTT_sec_std": 301.20002821127633, "flow_mean": 68.95, "flow_std": 3.5905577927611603, "n_runs": 20}}, {"type": "Feature", "geometry": {"type": "LineString", "coordinates": [[139.9542039866, 35.8906554123], [139.9543390131, 35.8915185877]]}, "properties": {"link_id": "I_11_533967_01268533967_00937", "road_id": "I_23_533967_00937533967_01268", "upnode": "533967_01268", "downnode": "533967_00937", "scenario": "no06", "slot_code": "1715", "hhmm": "17:15", "V_kmh_mean": 17.12334683560087, "V_kmh_std": 1.8054243459572603, "TTT_sec_mean": 2194.56, "TTT_sec_std": 237.3966372971614, "flow_mean": 81.05, "flow_std": 3.034451307377022, "n_runs": 20}}, {"type": "Feature", "geometry": {"type": "LineString", "coordinates": [[139.9529372543, 35.8918931444], [139.9542557463, 35.8917138569]]}, "properties": {"link_id": "I_11_533967_01405533967_00937", "road_id": "I_23_533967_00937533967_01405", "upnode": "533967_01405", "downnode": "533967_00937", "scenario": "no06", "slot_code": "1715", "hhmm": "17:15", "V_kmh_mean": 9.207525951262564, "V_kmh_std": 0.7978144373120549, "TTT_sec_mean": 4586.956, "TTT_sec_std": 774.7680145790332, "flow_mean": 72.25, "flow_std": 7.88653082293176, "n_runs": 20}}, {"type": "Feature", "geometry": {"type": "LineString", "coordinates": [[139.9532715, 35.8937325], [139.953303, 35.893699], [139.953403, 35.893649], [139.9545264505, 35.8934833616]]}, "properties": {"link_id": "I_11_533967_01412533967_01657", "road_id": "I_23_533967_01412533967_01657", "upnode": "533967_01412", "downnode": "533967_01657", "scenario": "no06", "slot_code": "1715", "hhmm": "17:15", "V_kmh_mean": 14.8845306123708, "V_kmh_std": 2.954323283495773, "TTT_sec_mean": 812.6205, "TTT_sec_std": 222.52450969618224, "flow_mean": 19.45, "flow_std": 2.0124611797498115, "n_runs": 20}}, {"type": "Feature", "geometry": {"type": "LineString", "coordinates": [[139.9521555206, 35.8967251631], [139.95159, 35.897257], [139.951365, 35.897424], [139.951165, 35.897532], [139.95094, 35.897649], [139.950728, 35.897715], [139.950428, 35.897782], [139.9501424425, 35.8978330047], [139.9496989433, 35.8979188908]]}, "properties": {"link_id": "I_11_533967_01418533967_00977", "road_id": "I_23_533967_01418533967_00977", "upnode": "533967_01418", "downnode": "533967_00977", "scenario": "no06", "slot_code": "1715", "hhmm": "17:15", "V_kmh_mean": 18.162157698914616, "V_kmh_std": 0.2506935408987502, "TTT_sec_mean": 2293.3415, "TTT_sec_std": 417.1307879244516, "flow_mean": 35.6, "flow_std": 6.426917080365572, "n_runs": 20}}, {"type": "Feature", "geometry": {"type": "LineString", "coordinates": [[139.9501996159, 35.8921631423], [139.949794385, 35.8943678578]]}, "properties": {"link_id": "I_11_533967_01485533967_00940", "road_id": "I_23_533967_00940533967_01485", "upnode": "533967_01485", "downnode": "533967_00940", "scenario": "no06", "slot_code": "1715", "hhmm": "17:15", "V_kmh_mean": 25.248962120075877, "V_kmh_std": 1.3591972006920876, "TTT_sec_mean": 3386.5415000000003, "TTT_sec_std": 419.495712923016, "flow_mean": 87.05, "flow_std": 6.8323918906462335, "n_runs": 20}}, {"type": "Feature", "geometry": {"type": "LineString", "coordinates": [[139.9504636681, 35.8921291449], [139.950841, 35.892116], [139.95149, 35.892074], [139.952015, 35.892008], [139.952215, 35.891983], [139.9527184622, 35.8919214021]]}, "properties": {"link_id": "I_11_533967_01485533967_01405", "road_id": "I_23_533967_01485533967_01405", "upnode": "533967_01485", "downnode": "533967_01405", "scenario": "no06", "slot_code": "1715", "hhmm": "17:15", "V_kmh_mean": 26.24367504750529, "V_kmh_std": 2.5767680408616216, "TTT_sec_mean": 2513.065, "TTT_sec_std": 432.160151582477, "flow_mean": 79.1, "flow_std": 8.902394710354473, "n_runs": 20}}, {"type": "Feature", "geometry": {"type": "LineString", "coordinates": [[139.9501052621, 35.89207615], [139.9490387379, 35.8920968511]]}, "properties": {"link_id": "I_11_533967_01485533967_14021", "road_id": "I_23_533967_01485533967_14021", "upnode": "533967_01485", "downnode": "533967_14021", "scenario": "no06", "slot_code": "1715", "hhmm": "17:15", "V_kmh_mean": 46.96145067107133, "V_kmh_std": 0.3275711528778109, "TTT_sec_mean": 488.593, "TTT_sec_std": 37.76826614194013, "flow_mean": 57.4, "flow_std": 4.172592277684158, "n_runs": 20}}, {"type": "Feature", "geometry": {"type": "LineString", "coordinates": [[139.9503823865, 35.891934858], [139.950441, 35.891616], [139.950491, 35.891266], [139.950528, 35.890974], [139.950541, 35.890708], [139.950541, 35.890416], [139.950503, 35.890116], [139.950428, 35.889799], [139.950341, 35.889499], [139.950228, 35.889233], [139.950091, 35.88895], [139.949953, 35.888725], [139.949778, 35.888475], [139.949553, 35.888216], [139.949316, 35.887966], [139.9492550413, 35.8879147594]]}, "properties": {"link_id": "I_11_533967_01485533967_14155", "road_id": "I_23_533967_01485533967_14155", "upnode": "533967_01485", "downnode": "533967_14155", "scenario": "no06", "slot_code": "1715", "hhmm": "17:15", "V_kmh_mean": 48.16742363349999, "V_kmh_std": 0.2559302573408624, "TTT_sec_mean": 5825.349, "TTT_sec_std": 311.6566281544987, "flow_mean": 153.9, "flow_std": 7.986172260126938, "n_runs": 20}}, {"type": "Feature", "geometry": {"type": "LineString", "coordinates": [[139.9471377592, 35.8981698046], [139.947253, 35.898157], [139.9481476301, 35.8980698969], [139.949170358, 35.8979573514]]}, "properties": {"link_id": "I_11_533967_01555533967_00977", "road_id": "I_23_533967_00977533967_01555", "upnode": "533967_01555", "downnode": "533967_00977", "scenario": "no06", "slot_code": "1715", "hhmm": "17:15", "V_kmh_mean": 19.94903216959836, "V_kmh_std": 1.7409326815048023, "TTT_sec_mean": 3377.7785000000003, "TTT_sec_std": 421.7699109738563, "flow_mean": 76.85, "flow_std": 7.982052235781021, "n_runs": 20}}, {"type": "Feature", "geometry": {"type": "LineString", "coordinates": [[139.9513924276, 35.8919793709], [139.950803, 35.892008], [139.9504766574, 35.8920199486]]}, "properties": {"link_id": "I_11_533967_01644533967_01485", "road_id": "I_23_533967_01485533967_01644", "upnode": "533967_01644", "downnode": "533967_01485", "scenario": "no06", "slot_code": "1715", "hhmm": "17:15", "V_kmh_mean": 6.734236174695563, "V_kmh_std": 1.5294153306025726, "TTT_sec_mean": 4392.3015, "TTT_sec_std": 1598.230440555643, "flow_mean": 61.35, "flow_std": 7.285710600028554, "n_runs": 20}}, {"type": "Feature", "geometry": {"type": "LineString", "coordinates": [[139.9545021021, 35.8933779595], [139.953603, 35.893532], [139.953211936, 35.8935906598]]}, "properties": {"link_id": "I_11_533967_01657533967_01413", "road_id": "I_23_533967_01413533967_01657", "upnode": "533967_01657", "downnode": "533967_01413", "scenario": "no06", "slot_code": "1715", "hhmm": "17:15", "V_kmh_mean": 39.22374681507143, "V_kmh_std": 1.4462751874497826, "TTT_sec_mean": 314.1585, "TTT_sec_std": 45.76056015885986, "flow_mean": 23.4, "flow_std": 3.101782170233581, "n_runs": 20}}, {"type": "Feature", "geometry": {"type": "LineString", "coordinates": [[139.9546456497, 35.8935563813], [139.9547426493, 35.8942342607]]}, "properties": {"link_id": "I_11_533967_01657533967_01658", "road_id": "I_23_533967_01657533967_01658", "upnode": "533967_01657", "downnode": "533967_01658", "scenario": "no06", "slot_code": "1715", "hhmm": "17:15", "V_kmh_mean": 46.32775766602919, "V_kmh_std": 0.7615650813108792, "TTT_sec_mean": 1127.393, "TTT_sec_std": 68.91069324247071, "flow_mean": 138.8, "flow_std": 8.198844591256679, "n_runs": 20}}, {"type": "Feature", "geometry": {"type": "LineString", "coordinates": [[139.9547225969, 35.8932521028], [139.9546027021, 35.8922725391]]}, "properties": {"link_id": "I_11_533967_01657533967_13308", "road_id": "I_23_533967_01657533967_13308", "upnode": "533967_01657", "downnode": "533967_13308", "scenario": "no06", "slot_code": "1715", "hhmm": "17:15", "V_kmh_mean": 45.47833981123554, "V_kmh_std": 0.8676943092092346, "TTT_sec_mean": 631.7365, "TTT_sec_std": 73.60797384401401, "flow_mean": 60.15, "flow_std": 6.761150633933313, "n_runs": 20}}, {"type": "Feature", "geometry": {"type": "LineString", "coordinates": [[139.9548889001, 35.8942175995], [139.9547613989, 35.8935310425]]}, "properties": {"link_id": "I_11_533967_01659533967_01657", "road_id": "I_23_533967_01657533967_01659", "upnode": "533967_01659", "downnode": "533967_01657", "scenario": "no06", "slot_code": "1715", "hhmm": "17:15", "V_kmh_mean": 19.68198255412768, "V_kmh_std": 2.569856751916227, "TTT_sec_mean": 1394.2805, "TTT_sec_std": 264.1181921727069, "flow_mean": 62.95, "flow_std": 6.644942675290339, "n_runs": 20}}, {"type": "Feature", "geometry": {"type": "LineString", "coordinates": [[139.9545735544, 35.8920938652], [139.9545064454, 35.8917301348]]}, "properties": {"link_id": "I_11_533967_13308533967_00937", "road_id": "I_23_533967_00937533967_13308", "upnode": "533967_13308", "downnode": "533967_00937", "scenario": "no06", "slot_code": "1715", "hhmm": "17:15", "V_kmh_mean": 21.344666171412342, "V_kmh_std": 3.5494504680719654, "TTT_sec_mean": 811.9905, "TTT_sec_std": 151.64628995670017, "flow_mean": 61.5, "flow_std": 7.251134212550548, "n_runs": 20}}, {"type": "Feature", "geometry": {"type": "LineString", "coordinates": [[139.9493908278, 35.8967295879], [139.949378, 35.896824], [139.949353, 35.897157], [139.949353, 35.89754], [139.9493920585, 35.8977941978]]}, "properties": {"link_id": "I_11_533967_13718533967_00977", "road_id": "I_23_533967_00977533967_13718", "upnode": "533967_13718", "downnode": "533967_00977", "scenario": "no06", "slot_code": "1715", "hhmm": "17:15", "V_kmh_mean": 15.108493529583717, "V_kmh_std": 1.1094370932787168, "TTT_sec_mean": 3122.9785, "TTT_sec_std": 400.8441157603999, "flow_mean": 78.8, "flow_std": 6.477491392263064, "n_runs": 20}}, {"type": "Feature", "geometry": {"type": "LineString", "coordinates": [[139.9465500153, 35.8863109353], [139.946704, 35.886383], [139.947066, 35.886566], [139.947404, 35.88675], [139.947791, 35.886975], [139.948216, 35.887241], [139.948628, 35.887541], [139.948966, 35.887791], [139.949228, 35.888025], [139.949491, 35.888291], [139.949691, 35.888516], [139.949866, 35.888775], [139.950003, 35.889008], [139.950128, 35.889266], [139.950241, 35.889533], [139.950328, 35.889833], [139.950391, 35.890133], [139.950416, 35.890416], [139.950428, 35.890724], [139.950416, 35.890991], [139.950366, 35.891266], [139.950303, 35.891633], [139.9502335568, 35.8919850056]]}, "properties": {"link_id": "I_11_533967_13845533967_01485", "road_id": "I_23_533967_01485533967_13845", "upnode": "533967_13845", "downnode": "533967_01485", "scenario": "no06", "slot_code": "1715", "hhmm": "17:15", "V_kmh_mean": 31.552618471676784, "V_kmh_std": 0.7474878163246133, "TTT_sec_mean": 9385.158, "TTT_sec_std": 516.1074316518952, "flow_mean": 101.15, "flow_std": 5.304169164564399, "n_runs": 20}}, {"type": "Feature", "geometry": {"type": "LineString", "coordinates": [[139.9490387379, 35.8920968511], [139.9501052621, 35.89207615]]}, "properties": {"link_id": "I_11_533967_14021533967_01485", "road_id": "I_23_533967_01485533967_14021", "upnode": "533967_14021", "downnode": "533967_01485", "scenario": "no06", "slot_code": "1715", "hhmm": "17:15", "V_kmh_mean": 12.120627100616932, "V_kmh_std": 1.473158299688848, "TTT_sec_mean": 2869.463, "TTT_sec_std": 604.6289870142638, "flow_mean": 69.9, "flow_std": 9.267373442692152, "n_runs": 20}}]}