scenario,timestr,slot_code,subset,V_net_mean,TTT_mean,flow_kmveh_mean
no01,2022/10/18 07:00:00,0700,all,27.855850925268168,201132.72666666668,1556.1013277777777
no01,2022/10/18 07:15:00,0715,all,27.505986497871923,243434.40777777776,1859.7539444444442
no01,2022/10/18 07:30:00,0730,all,25.79846702570064,277503.30666666664,1987.063861111111
no01,2022/10/18 07:45:00,0745,all,26.173542827889612,269485.9422222222,1957.8687055555556
no01,2022/10/18 08:00:00,0800,all,24.70265442104959,309974.82,2125.8118055555556
no01,2022/10/18 08:15:00,0815,all,24.977748620003997,309681.6188888889,2145.9150444444444
no01,2022/10/18 08:30:00,0830,all,24.67842039067982,321080.7077777778,2200.374688888889
no01,2022/10/18 08:45:00,0845,all,24.970502846409854,299624.7911111111,2075.9295944444443
no01,2022/10/18 09:00:00,0900,all,26.254262689641827,260908.42111111112,1901.6723499999998
no01,2022/10/18 09:15:00,0915,all,27.367964859287795,223658.22944444444,1699.1703777777777
no01,2022/10/18 09:30:00,0930,all,27.00301820138098,240989.40222222224,1805.8384777777778
no01,2022/10/18 09:45:00,0945,all,28.093512209960124,223416.92555555556,1743.2442888888888
no01,2022/10/18 10:00:00,1000,all,25.950113512465432,255278.71166666664,1837.4562722222222
no01,2022/10/18 10:15:00,1015,all,25.34661787469599,247477.97166666668,1738.6263277777778
no01,2022/10/18 10:30:00,1030,all,28.23726370186096,211796.6888888889,1660.51595
no01,2022/10/18 10:45:00,1045,all,29.092837688691716,201567.32166666666,1628.8723222222222
no01,2022/10/18 11:00:00,1100,all,27.61361855312462,226672.30055555556,1738.5062
no01,2022/10/18 11:15:00,1115,all,27.222976991880746,235464.63166666668,1779.980638888889
no01,2022/10/18 11:30:00,1130,all,28.180148691938452,208653.2861111111,1633.0259333333333
no01,2022/10/18 11:45:00,1145,all,28.638524409164095,212694.0861111111,1691.83
no01,2022/10/18 12:00:00,1200,all,28.07440061238719,220319.28722222222,1717.7164277777779
no01,2022/10/18 12:15:00,1215,all,28.288115469358043,227601.46666666667,1787.9833833333332
no01,2022/10/18 12:30:00,1230,all,27.905748301847268,214062.35166666668,1658.948388888889
no01,2022/10/18 12:45:00,1245,all,29.000756319168786,212063.78055555554,1708.1941444444444
no01,2022/10/18 13:00:00,1300,all,28.697030821857407,219378.44944444444,1748.3580277777776
no01,2022/10/18 13:15:00,1315,all,28.996183789881837,206297.11444444445,1661.1952333333331
no01,2022/10/18 13:30:00,1330,all,28.378929617475837,205034.58,1616.2433944444444
no01,2022/10/18 13:45:00,1345,all,28.554786503982395,185707.9388888889,1472.8596944444444
no01,2022/10/18 14:00:00,1400,all,28.52001691587185,202328.55611111113,1602.7898444444445
no01,2022/10/18 14:15:00,1415,all,28.380568711501244,216953.3361111111,1709.81955
no01,2022/10/18 14:30:00,1430,all,29.181456924030385,210190.28944444444,1703.6027833333333
no01,2022/10/18 14:45:00,1445,all,28.783204135178405,211295.64944444445,1689.0373833333333
no01,2022/10/18 15:00:00,1500,all,27.173736981178457,223507.81333333335,1686.3632555555555
no01,2022/10/18 15:15:00,1515,all,27.25168731150454,223517.97444444444,1691.8478166666666
no01,2022/10/18 15:30:00,1530,all,27.193775371700312,221596.89555555556,1673.5407
no01,2022/10/18 15:45:00,1545,all,27.60096607777783,209972.165,1609.6032222222223
no01,2022/10/18 16:00:00,1600,all,24.94111059646145,271476.4861111111,1880.4108444444444
no01,2022/10/18 16:15:00,1615,all,24.890542885225962,267988.2477777778,1852.160411111111
no01,2022/10/18 16:30:00,1630,all,24.103189476651647,262844.09222222224,1758.043222222222
no01,2022/10/18 16:45:00,1645,all,24.967872022131516,271119.0627777778,1878.3556777777776
no01,2022/10/18 17:00:00,1700,all,24.357571220273282,290905.8388888889,1966.1910944444446
no01,2022/10/18 17:15:00,1715,all,26.810648373248053,269711.62944444444,2008.3201055555555
no01,2022/10/18 17:30:00,1730,all,26.861695455520355,253054.9527777778,1887.0905888888888
no01,2022/10/18 17:45:00,1745,all,25.987211356772992,272704.0888888889,1966.1865777777775
no01,2022/10/18 18:00:00,1800,all,26.044828121741013,271035.43333333335,1959.6451333333332
no01,2022/10/18 18:15:00,1815,all,27.22194135496127,243093.8277777778,1837.0420833333333
no01,2022/10/18 18:30:00,1830,all,27.967746118828952,215287.72666666668,1671.671661111111
no02,2022/10/18 07:00:00,0700,all,27.880403066483808,201048.59888888887,1556.7846555555557
no02,2022/10/18 07:15:00,0715,all,27.584370449117873,242243.2977777778,1855.7499166666666
no02,2022/10/18 07:30:00,0730,all,25.883679294695874,277029.80166666664,1990.8919666666666
no02,2022/10/18 07:45:00,0745,all,26.206306505439844,267691.66833333333,1947.6417888888889
no02,2022/10/18 08:00:00,0800,all,24.791545160273174,311041.13666666666,2140.5742166666664
no02,2022/10/18 08:15:00,0815,all,25.13117481362123,307823.15,2146.8296944444446
no02,2022/10/18 08:30:00,0830,all,24.843391011205302,318984.4711111111,2200.8340000000003
no02,2022/10/18 08:45:00,0845,all,25.299700723025207,295408.05388888885,2075.0052555555553
no02,2022/10/18 09:00:00,0900,all,26.640933773249746,257201.19999999998,1902.3817888888889
no02,2022/10/18 09:15:00,0915,all,27.23722585810683,223021.93,1686.8517722222223
no02,2022/10/18 09:30:00,0930,all,27.17449666676006,239687.59611111114,1808.1909944444444
no02,2022/10/18 09:45:00,0945,all,28.247073430604804,221977.59277777778,1741.426422222222
no02,2022/10/18 10:00:00,1000,all,26.241178583755094,253530.11222222226,1846.6449722222221
no02,2022/10/18 10:15:00,1015,all,25.996290869265714,240593.85111111111,1733.034911111111
no02,2022/10/18 10:30:00,1030,all,28.43245979708357,210139.27,1659.335711111111
no02,2022/10/18 10:45:00,1045,all,29.186711232277553,201300.0,1631.8748833333332
no02,2022/10/18 11:00:00,1100,all,27.646081953910652,225713.79722222223,1733.1840277777778
no02,2022/10/18 11:15:00,1115,all,27.318353937366563,235848.17333333334,1789.2963
no02,2022/10/18 11:30:00,1130,all,28.17915192607419,208529.2861111111,1631.9300166666667
no02,2022/10/18 11:45:00,1145,all,28.607681048735216,213046.4011111111,1692.8792444444443
no02,2022/10/18 12:00:00,1200,all,28.08286662006712,219389.86111111112,1711.0520944444443
no02,2022/10/18 12:15:00,1215,all,28.24339775686942,229042.79333333333,1796.6548944444446
no02,2022/10/18 12:30:00,1230,all,28.002504584734893,213934.995,1663.7835333333335
no02,2022/10/18 12:45:00,1245,all,29.066071316320176,211717.29777777777,1709.1942166666668
no02,2022/10/18 13:00:00,1300,all,28.842905190660076,218018.34999999998,1746.5718388888888
no02,2022/10/18 13:15:00,1315,all,29.03427287009827,206079.62055555556,1661.9192277777777
no02,2022/10/18 13:30:00,1330,all,28.46754272167999,203569.295,1609.6091277777778
no02,2022/10/18 13:45:00,1345,all,28.62024106480537,185596.835,1475.42
no02,2022/10/18 14:00:00,1400,all,28.537294548331765,202861.52555555556,1607.9618666666668
no02,2022/10/18 14:15:00,1415,all,28.510373543747804,215575.20388888888,1706.7621555555554
no02,2022/10/18 14:30:00,1430,all,29.143819999512484,210386.7377777778,1703.0261333333333
no02,2022/10/18 14:45:00,1445,all,28.926227539894587,210397.06555555557,1690.3749666666668
no02,2022/10/18 15:00:00,1500,all,27.222885641772496,222786.48166666666,1684.1642277777778
no02,2022/10/18 15:15:00,1515,all,27.120593479270084,225824.75166666665,1700.2111944444446
no02,2022/10/18 15:30:00,1530,all,27.248006082079616,220211.0222222222,1666.2440277777778
no02,2022/10/18 15:45:00,1545,all,27.506695056677156,211123.46666666667,1612.6072055555555
no02,2022/10/18 16:00:00,1600,all,24.86372059961732,271387.4038888889,1874.16255
no02,2022/10/18 16:15:00,1615,all,24.886406478460977,267750.81,1850.4184333333333
no02,2022/10/18 16:30:00,1630,all,24.16297296339034,263695.555,1769.085761111111
no02,2022/10/18 16:45:00,1645,all,25.099814777068566,269354.29333333333,1877.7145444444443
no02,2022/10/18 17:00:00,1700,all,24.17438052306882,291238.12555555557,1953.1604777777777
no02,2022/10/18 17:15:00,1715,all,26.89463924787604,269063.59777777776,2008.978
no02,2022/10/18 17:30:00,1730,all,26.855980260699443,252636.81277777778,1884.14825
no02,2022/10/18 17:45:00,1745,all,25.935551903166182,271748.34444444446,1956.1166333333333
no02,2022/10/18 18:00:00,1800,all,25.928222520464463,273589.9111111111,1968.8407777777777
no02,2022/10/18 18:15:00,1815,all,27.283453871743085,243322.38611111112,1842.9022555555555
no02,2022/10/18 18:30:00,1830,all,27.896226405438508,214472.84777777776,1661.41755
no03,2022/10/18 07:00:00,0700,all,26.834518053050527,208589.95277777777,1554.6311944444444
no03,2022/10/18 07:15:00,0715,all,26.327075288282696,252966.79888888888,1849.3920555555555
no03,2022/10/18 07:30:00,0730,all,24.665147597424678,291441.5611111111,1996.009061111111
no03,2022/10/18 07:45:00,0745,all,24.90841985221944,282915.73333333334,1956.7605444444443
no03,2022/10/18 08:00:00,0800,all,23.737224696652756,321591.6122222222,2119.28875
no03,2022/10/18 08:15:00,0815,all,24.617496617417473,315768.4111111111,2157.0707444444442
no03,2022/10/18 08:30:00,0830,all,24.28112881403972,326427.87555555557,2201.2248611111113
no03,2022/10/18 08:45:00,0845,all,24.614051741357517,304323.33444444445,2078.917772222222
no03,2022/10/18 09:00:00,0900,all,25.925677655699896,264154.04666666663,1901.0958722222224
no03,2022/10/18 09:15:00,0915,all,27.10345005464464,226531.83833333332,1704.4185944444444
no03,2022/10/18 09:30:00,0930,all,26.653215961054507,243436.64666666664,1799.4257777777777
no03,2022/10/18 09:45:00,0945,all,27.879819314849055,225779.09722222222,1748.2683444444444
no03,2022/10/18 10:00:00,1000,all,25.916158941732746,255795.06555555554,1839.9440999999997
no03,2022/10/18 10:15:00,1015,all,25.10210048658824,249554.19444444444,1737.509361111111
no03,2022/10/18 10:30:00,1030,all,28.049200641211574,213442.34722222222,1662.707661111111
no03,2022/10/18 10:45:00,1045,all,28.96272733058447,202997.2888888889,1633.0738277777778
no03,2022/10/18 11:00:00,1100,all,27.48605068702642,227138.22388888887,1733.8236388888888
no03,2022/10/18 11:15:00,1115,all,26.958114795763784,238229.05222222224,1782.2701833333333
no03,2022/10/18 11:30:00,1130,all,28.046684074129686,209595.4877777778,1632.5548055555555
no03,2022/10/18 11:45:00,1145,all,28.53645775609461,213349.84944444444,1690.9312277777778
no03,2022/10/18 12:00:00,1200,all,27.89448002185841,221103.65000000002,1712.95685
no03,2022/10/18 12:15:00,1215,all,28.107867726790023,229152.36388888888,1788.8271333333332
no03,2022/10/18 12:30:00,1230,all,27.853233116788257,214521.26722222223,1659.3848833333332
no03,2022/10/18 12:45:00,1245,all,28.858596608409236,212656.43055555556,1704.5537666666667
no03,2022/10/18 13:00:00,1300,all,28.622683500204978,219949.03,1748.5693222222224
no03,2022/10/18 13:15:00,1315,all,28.813427644835087,207750.4638888889,1662.4570166666667
no03,2022/10/18 13:30:00,1330,all,28.30446662086876,205427.7111111111,1615.0944944444445
no03,2022/10/18 13:45:00,1345,all,28.444783314242297,186321.8022222222,1472.0631888888888
no03,2022/10/18 14:00:00,1400,all,28.358483990084945,203742.95333333334,1604.6716222222221
no03,2022/10/18 14:15:00,1415,all,28.199168897297742,218347.0861111111,1709.6832222222222
no03,2022/10/18 14:30:00,1430,all,29.03113242679294,211244.6461111111,1703.1746666666668
no03,2022/10/18 14:45:00,1445,all,28.57880489583984,212338.41444444444,1684.9902
no03,2022/10/18 15:00:00,1500,all,27.021871538756894,224411.1472222222,1683.865172222222
no03,2022/10/18 15:15:00,1515,all,26.78263162186478,227584.2288888889,1692.5645833333335
no03,2022/10/18 15:30:00,1530,all,27.034106241827317,223030.33055555556,1674.6034555555555
no03,2022/10/18 15:45:00,1545,all,27.29470728747981,212454.115,1610.2426444444445
no03,2022/10/18 16:00:00,1600,all,24.700395071855766,273489.705,1875.847261111111
no03,2022/10/18 16:15:00,1615,all,24.634667891277203,270686.03833333333,1851.8480000000002
no03,2022/10/18 16:30:00,1630,all,23.850821970071603,265917.70722222223,1760.2623944444445
no03,2022/10/18 16:45:00,1645,all,24.810512010914465,272960.4583333333,1879.6965444444443
no03,2022/10/18 17:00:00,1700,all,23.941106993413072,294378.05555555556,1955.6728833333336
no03,2022/10/18 17:15:00,1715,all,26.25564643074193,275816.84444444446,2010.7498055555557
no03,2022/10/18 17:30:00,1730,all,26.34054057612606,257909.4188888889,1885.862922222222
no03,2022/10/18 17:45:00,1745,all,25.265330230389512,279244.2127777778,1956.9476111111112
no03,2022/10/18 18:00:00,1800,all,25.264175885855387,278243.68,1951.0449833333332
no03,2022/10/18 18:15:00,1815,all,25.89987813148138,254949.22222222222,1832.3464611111112
no03,2022/10/18 18:30:00,1830,all,27.236564365406693,224258.2288888889,1694.5992111111111
no04,2022/10/18 07:00:00,0700,all,26.85313983101108,208412.88333333333,1554.3636166666665
no04,2022/10/18 07:15:00,0715,all,26.40695596513462,252316.72055555554,1850.3217666666667
no04,2022/10/18 07:30:00,0730,all,24.79775838549171,289742.9366666667,1995.3986333333332
no04,2022/10/18 07:45:00,0745,all,24.99205074444747,281375.1061111111,1952.5856555555556
no04,2022/10/18 08:00:00,0800,all,23.832908206974817,321511.7672222222,2125.985722222222
no04,2022/10/18 08:15:00,0815,all,24.52785661226413,317280.79,2159.962238888889
no04,2022/10/18 08:30:00,0830,all,24.559724032758172,322792.4505555556,2201.662172222222
no04,2022/10/18 08:45:00,0845,all,24.86451453216227,301135.8738888889,2079.1547833333334
no04,2022/10/18 09:00:00,0900,all,26.25773243545886,260616.07888888888,1900.0043444444443
no04,2022/10/18 09:15:00,0915,all,26.947359751993744,226196.56944444444,1692.2728
no04,2022/10/18 09:30:00,0930,all,26.894947949445516,241619.95444444442,1804.1554166666667
no04,2022/10/18 09:45:00,0945,all,28.1489280097676,223462.25944444444,1746.9049499999999
no04,2022/10/18 10:00:00,1000,all,25.830637734749217,256167.75666666668,1836.9098111111114
no04,2022/10/18 10:15:00,1015,all,25.482759340416802,245915.99444444446,1738.6877444444444
no04,2022/10/18 10:30:00,1030,all,28.123353570501298,212491.23166666666,1659.4368333333334
no04,2022/10/18 10:45:00,1045,all,29.0208950544435,202700.29944444445,1633.916261111111
no04,2022/10/18 11:00:00,1100,all,27.4463422384953,227489.52166666667,1734.1757444444445
no04,2022/10/18 11:15:00,1115,all,27.116780357509146,237568.3361111111,1788.9053111111111
no04,2022/10/18 11:30:00,1130,all,28.02704827146307,209648.15222222224,1631.8296833333334
no04,2022/10/18 11:45:00,1145,all,28.48101796398283,213859.885,1691.6065888888888
no04,2022/10/18 12:00:00,1200,all,27.9377337883586,220431.3311111111,1710.428511111111
no04,2022/10/18 12:15:00,1215,all,27.928552082687325,231880.36111111112,1798.3379777777777
no04,2022/10/18 12:30:00,1230,all,27.85791131651105,214866.29166666666,1662.3463000000002
no04,2022/10/18 12:45:00,1245,all,28.910978115311252,213143.44944444444,1711.542788888889
no04,2022/10/18 13:00:00,1300,all,28.684468561452725,219141.83222222223,1745.8960833333333
no04,2022/10/18 13:15:00,1315,all,28.898284922655932,207207.57944444445,1663.0690333333332
no04,2022/10/18 13:30:00,1330,all,28.35843947852061,204059.67222222223,1607.3248666666668
no04,2022/10/18 13:45:00,1345,all,28.498149043980774,186041.87166666667,1472.6181000000001
no04,2022/10/18 14:00:00,1400,all,28.391850827901372,204031.92333333334,1608.92325
no04,2022/10/18 14:15:00,1415,all,28.391425193485716,216665.66777777777,1708.1865833333331
no04,2022/10/18 14:30:00,1430,all,29.03401383888086,211000.0077777778,1701.6077611111111
no04,2022/10/18 14:45:00,1445,all,28.684425601815096,211812.48611111112,1687.4969722222222
no04,2022/10/18 15:00:00,1500,all,27.07386072352532,224192.98277777777,1685.6486444444445
no04,2022/10/18 15:15:00,1515,all,26.806439978955098,227971.875,1697.1647055555557
no04,2022/10/18 15:30:00,1530,all,27.108287100918144,221272.14277777777,1665.8216444444445
no04,2022/10/18 15:45:00,1545,all,27.263468265055174,213972.81055555554,1619.6943555555556
no04,2022/10/18 16:00:00,1600,all,24.693662202241324,273002.82944444445,1872.3889277777776
no04,2022/10/18 16:15:00,1615,all,24.640443747300065,270387.9061111111,1850.086061111111
no04,2022/10/18 16:30:00,1630,all,23.99183867388209,266799.6533333333,1776.9594944444443
no04,2022/10/18 16:45:00,1645,all,25.090059040605247,269788.3977777778,1878.8964833333334
no04,2022/10/18 17:00:00,1700,all,24.075356057534375,291841.32333333336,1948.6740444444445
no04,2022/10/18 17:15:00,1715,all,26.539359344401596,272812.01444444444,2010.6449666666667
no04,2022/10/18 17:30:00,1730,all,26.603400607903254,254810.88888888888,1882.5804277777777
no04,2022/10/18 17:45:00,1745,all,25.379921608105885,276685.53222222225,1949.4058444444445
no04,2022/10/18 18:00:00,1800,all,25.233130402033723,280056.12944444444,1961.63585
no04,2022/10/18 18:15:00,1815,all,26.144136104797514,253224.24222222224,1837.6588499999998
no04,2022/10/18 18:30:00,1830,all,27.312505578840245,221446.76277777777,1679.319138888889
no05,2022/10/18 07:00:00,0700,all,26.816961940955437,208618.64222222223,1553.7452777777778
no05,2022/10/18 07:15:00,0715,all,26.25601453109664,253837.24555555556,1850.6215499999998
no05,2022/10/18 07:30:00,0730,all,24.530982238931117,292633.84055555554,1992.8334499999999
no05,2022/10/18 07:45:00,0745,all,24.797137191224763,284216.0805555556,1956.3008666666667
no05,2022/10/18 08:00:00,0800,all,23.56761578703766,323376.4016666667,2115.767111111111
no05,2022/10/18 08:15:00,0815,all,24.390885892988713,319076.11388888885,2160.1637444444445
no05,2022/10/18 08:30:00,0830,all,24.21867682120629,327241.79833333334,2200.7725666666665
no05,2022/10/18 08:45:00,0845,all,24.407806928891127,306706.30000000005,2077.2863888888887
no05,2022/10/18 09:00:00,0900,all,25.818784945787478,265180.70722222223,1900.8247722222222
no05,2022/10/18 09:15:00,0915,all,27.02201327142033,227373.61277777777,1705.5887777777778
no05,2022/10/18 09:30:00,0930,all,26.62767509432472,243477.98944444442,1798.8157999999999
no05,2022/10/18 09:45:00,0945,all,27.768178279976997,226664.83222222223,1748.0278555555556
no05,2022/10/18 10:00:00,1000,all,25.567997821590406,258565.81777777776,1835.0272388888889
no05,2022/10/18 10:15:00,1015,all,24.70723068253396,254456.51944444442,1743.31705
no05,2022/10/18 10:30:00,1030,all,27.684676122628648,215703.94222222222,1658.4482611111112
no05,2022/10/18 10:45:00,1045,all,28.87902286362269,203961.45722222223,1636.0905
no05,2022/10/18 11:00:00,1100,all,27.359565271807437,228507.76666666666,1736.448577777778
no05,2022/10/18 11:15:00,1115,all,26.791142007395674,239538.42388888888,1781.8000055555556
no05,2022/10/18 11:30:00,1130,all,27.90512201202313,210360.05,1630.3212444444443
no05,2022/10/18 11:45:00,1145,all,28.42769684828823,214483.13055555557,1693.530888888889
no05,2022/10/18 12:00:00,1200,all,27.867107685265363,221793.98611111112,1716.51235
no05,2022/10/18 12:15:00,1215,all,28.01827981730973,230180.06055555554,1790.903661111111
no05,2022/10/18 12:30:00,1230,all,27.78282437961981,214760.69,1657.04075
no05,2022/10/18 12:45:00,1245,all,28.737442466349606,213939.63666666666,1707.664622222222
no05,2022/10/18 13:00:00,1300,all,28.46373054624833,221246.3461111111,1749.0680666666667
no05,2022/10/18 13:15:00,1315,all,28.75711773116098,208413.51333333334,1664.43805
no05,2022/10/18 13:30:00,1330,all,28.23093977400421,205847.43000000002,1614.1219333333333
no05,2022/10/18 13:45:00,1345,all,28.215347173291406,187750.25,1470.9223833333335
no05,2022/10/18 14:00:00,1400,all,28.2154457676059,204814.6977777778,1605.0463944444446
no05,2022/10/18 14:15:00,1415,all,28.177517983171633,218642.39944444445,1710.7376444444444
no05,2022/10/18 14:30:00,1430,all,28.97993892942806,211475.77555555556,1702.14245
no05,2022/10/18 14:45:00,1445,all,28.421864100616958,213581.46944444443,1685.7921444444446
no05,2022/10/18 15:00:00,1500,all,26.86805732902267,225920.29333333333,1685.5129666666667
no05,2022/10/18 15:15:00,1515,all,26.644791415962814,229191.2888888889,1695.9208888888888
no05,2022/10/18 15:30:00,1530,all,26.938511373636615,223398.015,1671.3334777777777
no05,2022/10/18 15:45:00,1545,all,27.25684459778213,212960.455,1611.8238666666666
no05,2022/10/18 16:00:00,1600,all,24.585760092192064,274250.0511111111,1872.499411111111
no05,2022/10/18 16:15:00,1615,all,24.434636397299585,273389.4427777778,1854.8842611111113
no05,2022/10/18 16:30:00,1630,all,23.667172879386115,267679.83944444446,1758.6947388888889
no05,2022/10/18 16:45:00,1645,all,24.745275235701214,274241.34277777775,1884.1012666666668
no05,2022/10/18 17:00:00,1700,all,24.021644517093414,293268.36888888886,1955.3974166666667
no05,2022/10/18 17:15:00,1715,all,26.220700214389737,275638.6411111111,2007.3278999999998
no05,2022/10/18 17:30:00,1730,all,26.233908996442082,258423.88611111112,1882.2976777777778
no05,2022/10/18 17:45:00,1745,all,25.08458282912746,281510.2522222222,1959.390138888889
no05,2022/10/18 18:00:00,1800,all,25.046575550762025,280937.74166666664,1952.5439000000001
no05,2022/10/18 18:15:00,1815,all,25.683573807416607,257185.54111111112,1831.35525
no05,2022/10/18 18:30:00,1830,all,27.116523209862933,225521.3827777778,1696.5367055555555
no06,2022/10/18 07:00:00,0700,all,26.82243752539207,208565.4188888889,1553.6407555555554
no06,2022/10/18 07:15:00,0715,all,26.34295777775193,252991.15611111114,1850.5917888888887
no06,2022/10/18 07:30:00,0730,all,24.74211679970192,290587.7216666667,1996.5924944444446
no06,2022/10/18 07:45:00,0745,all,24.971589039105325,281670.2683333333,1952.7284833333333
no06,2022/10/18 08:00:00,0800,all,23.765405849795354,321957.4194444444,2123.416872222222
no06,2022/10/18 08:15:00,0815,all,24.510355600625424,317541.90722222225,2160.3301055555553
no06,2022/10/18 08:30:00,0830,all,24.31789747622695,325345.0805555556,2197.1370055555553
no06,2022/10/18 08:45:00,0845,all,24.405097961928014,307043.2111111111,2079.8625333333334
no06,2022/10/18 09:00:00,0900,all,25.920358660527008,264589.1883333333,1904.0636166666668
no06,2022/10/18 09:15:00,0915,all,26.759149507618808,228096.94833333333,1694.0047277777778
no06,2022/10/18 09:30:00,0930,all,26.657101611784288,243810.16666666666,1804.0551555555555
no06,2022/10/18 09:45:00,0945,all,27.927130572223557,225390.46277777778,1747.9460277777778
no06,2022/10/18 10:00:00,1000,all,25.439808450119468,260055.13222222222,1836.9012055555556
no06,2022/10/18 10:15:00,1015,all,24.833514026533663,253306.13,1742.7195833333333
no06,2022/10/18 10:30:00,1030,all,27.807083396510038,214990.1911111111,1658.991961111111
no06,2022/10/18 10:45:00,1045,all,28.824903466813794,204409.27833333335,1636.4856388888888
no06,2022/10/18 11:00:00,1100,all,27.284358503558057,229382.9261111111,1738.1856722222224
no06,2022/10/18 11:15:00,1115,all,26.94458364466196,238875.4611111111,1787.2775444444444
no06,2022/10/18 11:30:00,1130,all,27.91674975586656,210623.54611111112,1632.9528833333334
no06,2022/10/18 11:45:00,1145,all,28.339344334443776,215086.23777777777,1692.7482277777779
no06,2022/10/18 12:00:00,1200,all,27.87068888974856,221057.40777777776,1711.1786111111112
no06,2022/10/18 12:15:00,1215,all,28.039838999976237,230648.56666666668,1796.2374166666666
no06,2022/10/18 12:30:00,1230,all,27.78303571925331,215732.46333333332,1664.6900166666667
no06,2022/10/18 12:45:00,1245,all,28.837705659468295,214014.03055555554,1714.041538888889
no06,2022/10/18 13:00:00,1300,all,28.62615842230961,219207.3211111111,1742.8878611111113
no06,2022/10/18 13:15:00,1315,all,28.717376051720766,208472.68777777778,1662.774572222222
no06,2022/10/18 13:30:00,1330,all,28.268778454705252,205489.85055555555,1613.3773055555555
no06,2022/10/18 13:45:00,1345,all,28.424540944167052,186499.49,1472.4289722222222
no06,2022/10/18 14:00:00,1400,all,28.249702198527178,204783.6038888889,1606.7014833333333
no06,2022/10/18 14:15:00,1415,all,28.36761129749199,216986.90777777776,1709.3477444444443
no06,2022/10/18 14:30:00,1430,all,28.89923251569299,211827.7772222222,1700.2226555555555
no06,2022/10/18 14:45:00,1445,all,28.49108436065414,213594.01833333334,1690.206088888889
no06,2022/10/18 15:00:00,1500,all,26.991234941223006,224944.92333333334,1685.919838888889
no06,2022/10/18 15:15:00,1515,all,26.73445129335073,228997.39111111112,1700.258561111111
no06,2022/10/18 15:30:00,1530,all,27.00822639151732,221876.03055555554,1664.1887722222223
no06,2022/10/18 15:45:00,1545,all,27.232352323701797,214089.135,1618.8461555555557
no06,2022/10/18 16:00:00,1600,all,24.537644547772402,274431.75666666665,1870.3042222222223
no06,2022/10/18 16:15:00,1615,all,24.460481043739826,271913.4983333333,1847.0949722222222
no06,2022/10/18 16:30:00,1630,all,23.610257453507774,270793.0238888889,1773.2331166666668
no06,2022/10/18 16:45:00,1645,all,24.871615266187334,273248.3483333333,1886.6673944444447
no06,2022/10/18 17:00:00,1700,all,23.79212522320969,294386.3255555556,1944.5698055555558
no06,2022/10/18 17:15:00,1715,all,26.229465046622177,275826.41833333333,2008.4455166666667
no06,2022/10/18 17:30:00,1730,all,26.28101450594489,258128.74833333332,1883.769361111111
no06,2022/10/18 17:45:00,1745,all,25.034322287155014,280578.3538888889,1949.6912555555557
no06,2022/10/18 18:00:00,1800,all,24.97234531317163,282361.9927777778,1956.8744166666668
no06,2022/10/18 18:15:00,1815,all,25.487477515756723,259304.74888888886,1832.7978666666668
no06,2022/10/18 18:30:00,1830,all,27.05268761161527,225918.7438888889,1695.929561111111
no07,2022/10/18 07:00:00,0700,all,26.466253616044618,211035.79666666666,1550.904288888889
no07,2022/10/18 07:15:00,0715,all,25.850081715517536,257831.83500000002,1850.8261166666666
no07,2022/10/18 07:30:00,0730,all,24.161448326284873,296809.8711111111,1990.5822333333333
no07,2022/10/18 07:45:00,0745,all,24.310447933464918,289473.09277777775,1953.2288055555555
no07,2022/10/18 08:00:00,0800,all,23.327019526853505,327985.10055555555,2124.3781
no07,2022/10/18 08:15:00,0815,all,24.083516861904656,322812.5788888889,2157.6112166666667
no07,2022/10/18 08:30:00,0830,all,23.897215857093773,331513.86833333335,2200.2042666666666
no07,2022/10/18 08:45:00,0845,all,24.054926053241772,312232.07944444445,2083.9067777777777
no07,2022/10/18 09:00:00,0900,all,25.408316551476975,269714.1883333333,1902.8083000000001
no07,2022/10/18 09:15:00,0915,all,26.70053510626867,230591.6588888889,1709.0967666666666
no07,2022/10/18 09:30:00,0930,all,26.257131715324395,246540.61166666666,1795.7776222222224
no07,2022/10/18 09:45:00,0945,all,27.470187519325382,229668.64944444445,1752.1130888888888
no07,2022/10/18 10:00:00,1000,all,24.982836885940827,263381.0572222222,1826.5811722222222
no07,2022/10/18 10:15:00,1015,all,23.921212335587107,262427.2394444444,1739.9124944444443
no07,2022/10/18 10:30:00,1030,all,26.94860378155742,222607.75444444444,1664.83945
no07,2022/10/18 10:45:00,1045,all,28.636409919458213,205758.5522222222,1636.6069166666666
no07,2022/10/18 11:00:00,1100,all,27.108859913621675,231699.49277777778,1744.481161111111
no07,2022/10/18 11:15:00,1115,all,26.467794327412772,242471.69722222222,1781.6140611111111
no07,2022/10/18 11:30:00,1130,all,27.7100168562266,212074.83222222223,1632.1247166666667
no07,2022/10/18 11:45:00,1145,all,28.019543625145566,217291.505,1691.0817277777778
no07,2022/10/18 12:00:00,1200,all,27.440596938986044,226368.47388888887,1725.11455
no07,2022/10/18 12:15:00,1215,all,27.770979950952107,232461.84166666667,1792.756561111111
no07,2022/10/18 12:30:00,1230,all,27.596156760396923,215974.13666666666,1655.211638888889
no07,2022/10/18 12:45:00,1245,all,28.518116588023716,215780.49277777778,1709.0147055555556
no07,2022/10/18 13:00:00,1300,all,28.382813550052656,222300.44499999998,1752.3557555555553
no07,2022/10/18 13:15:00,1315,all,28.595393655083853,209433.01555555555,1663.1867277777778
no07,2022/10/18 13:30:00,1330,all,27.995726784950712,207889.64388888888,1616.5609388888888
no07,2022/10/18 13:45:00,1345,all,27.782003033751568,190246.97333333333,1467.1957722222223
no07,2022/10/18 14:00:00,1400,all,27.888558778514376,207979.28166666665,1611.059638888889
no07,2022/10/18 14:15:00,1415,all,27.995994985289453,220292.53166666665,1712.4761055555555
no07,2022/10/18 14:30:00,1430,all,28.69665946378587,213340.81333333335,1700.2580666666665
no07,2022/10/18 14:45:00,1445,all,27.952119889643402,217186.6261111111,1685.7575
no07,2022/10/18 15:00:00,1500,all,26.74308028284837,228367.34277777778,1695.863461111111
no07,2022/10/18 15:15:00,1515,all,26.25789609097085,231844.45166666666,1690.4635722222222
no07,2022/10/18 15:30:00,1530,all,26.684790272239773,226267.51277777777,1676.6135666666667
no07,2022/10/18 15:45:00,1545,all,27.090635504369956,214499.02944444446,1613.6875722222221
no07,2022/10/18 16:00:00,1600,all,24.506590587335307,275701.42055555555,1876.1849333333334
no07,2022/10/18 16:15:00,1615,all,24.34322598174642,273830.10055555555,1850.990372222222
no07,2022/10/18 16:30:00,1630,all,23.520272047766188,269609.1694444444,1760.3927944444445
no07,2022/10/18 16:45:00,1645,all,24.64915764847618,275397.0188888889,1884.3254
no07,2022/10/18 17:00:00,1700,all,23.738337343820593,296296.9738888889,1952.520761111111
no07,2022/10/18 17:15:00,1715,all,25.710415580262254,280991.4344444445,2006.3992499999997
no07,2022/10/18 17:30:00,1730,all,25.671730899426095,263556.8188888889,1878.6494833333334
no07,2022/10/18 17:45:00,1745,all,24.592054505501864,286405.0055555555,1954.4545444444443
no07,2022/10/18 18:00:00,1800,all,24.27604352516286,288571.8983333333,1944.3727055555557
no07,2022/10/18 18:15:00,1815,all,24.58959248195617,267412.99555555556,1824.3213555555558
no07,2022/10/18 18:30:00,1830,all,26.42354121399503,234589.54444444444,1719.4955055555556
no08,2022/10/18 07:00:00,0700,all,26.481275771180094,210889.32,1550.6926277777777
no08,2022/10/18 07:15:00,0715,all,25.942543168216403,256651.56999999998,1848.858972222222
no08,2022/10/18 07:30:00,0730,all,24.27527812964605,295959.43166666664,1994.0294333333336
no08,2022/10/18 07:45:00,0745,all,24.472474085423425,287313.4322222222,1951.4172777777776
no08,2022/10/18 08:00:00,0800,all,23.31395386104465,328580.0205555556,2125.1831666666667
no08,2022/10/18 08:15:00,0815,all,24.202553231106762,322301.45666666667,2164.444538888889
no08,2022/10/18 08:30:00,0830,all,24.0716773218627,328890.9061111111,2198.2434722222224
no08,2022/10/18 08:45:00,0845,all,24.097048715957513,310618.9505555556,2077.6151499999996
no08,2022/10/18 09:00:00,0900,all,25.345630866010605,270048.9272222222,1900.5581666666667
no08,2022/10/18 09:15:00,0915,all,26.414959266575163,232239.01611111112,1703.0128166666666
no08,2022/10/18 09:30:00,0930,all,26.253873026491053,246822.82944444442,1797.955872222222
no08,2022/10/18 09:45:00,0945,all,27.585439971644846,229207.4138888889,1755.5992333333334
no08,2022/10/18 10:00:00,1000,all,25.13810186796216,262805.7061111111,1833.8097
no08,2022/10/18 10:15:00,1015,all,24.21578029524541,259334.45944444448,1741.2725166666667
no08,2022/10/18 10:30:00,1030,all,27.35735702696456,218703.98388888888,1661.4673277777777
no08,2022/10/18 10:45:00,1045,all,28.706869350927516,205550.08444444445,1638.9981444444445
no08,2022/10/18 11:00:00,1100,all,27.133463079265056,230748.39111111112,1738.9774666666667
no08,2022/10/18 11:15:00,1115,all,26.69005801557154,241013.50555555554,1786.312211111111
no08,2022/10/18 11:30:00,1130,all,27.738164596179928,212534.14388888888,1637.1146555555556
no08,2022/10/18 11:45:00,1145,all,28.00249356817888,217069.86777777778,1688.1378055555556
no08,2022/10/18 12:00:00,1200,all,27.50801698739072,224384.57055555555,1714.343122222222
no08,2022/10/18 12:15:00,1215,all,27.860480966819765,232300.51277777777,1797.4720111111112
no08,2022/10/18 12:30:00,1230,all,27.6544864552845,216247.8477777778,1660.8147
no08,2022/10/18 12:45:00,1245,all,28.57062868926323,215730.08500000002,1711.6874444444445
no08,2022/10/18 13:00:00,1300,all,28.530713835258073,220522.58222222223,1747.45565
no08,2022/10/18 13:15:00,1315,all,28.628184412198248,209010.5638888889,1661.7935833333333
no08,2022/10/18 13:30:00,1330,all,27.97521828048358,207551.04333333333,1612.6472833333332
no08,2022/10/18 13:45:00,1345,all,27.935418588307975,189694.72388888887,1471.8554333333332
no08,2022/10/18 14:00:00,1400,all,27.95637260474623,207814.59888888887,1613.5899
no08,2022/10/18 14:15:00,1415,all,28.131881130282387,219029.91444444444,1711.0978
no08,2022/10/18 14:30:00,1430,all,28.668384438458432,213305.39777777778,1698.3562277777778
no08,2022/10/18 14:45:00,1445,all,28.1706036686236,216268.67833333334,1691.9912722222223
no08,2022/10/18 15:00:00,1500,all,26.791684576396296,226655.1561111111,1685.8037388888888
no08,2022/10/18 15:15:00,1515,all,26.388430952700922,232239.85833333334,1701.5299277777779
no08,2022/10/18 15:30:00,1530,all,26.88620731126376,223020.6538888889,1665.1396944444446
no08,2022/10/18 15:45:00,1545,all,27.075198334318475,215178.70833333334,1617.6490944444445
no08,2022/10/18 16:00:00,1600,all,24.352734781090604,276382.2572222222,1869.4849
no08,2022/10/18 16:15:00,1615,all,24.350627654053678,274055.5472222222,1853.1751166666666
no08,2022/10/18 16:30:00,1630,all,23.56894406222103,270451.6744444444,1769.3347888888889
no08,2022/10/18 16:45:00,1645,all,24.455426679755305,277164.68,1880.3721555555555
no08,2022/10/18 17:00:00,1700,all,23.33131474352671,300971.22222222225,1948.4177055555556
no08,2022/10/18 17:15:00,1715,all,25.76599519420714,281021.19999999995,2010.4139499999999
no08,2022/10/18 17:30:00,1730,all,25.73499904764861,262430.7627777778,1875.5166666666669
no08,2022/10/18 17:45:00,1745,all,24.709409977805834,285494.88999999996,1958.466938888889
no08,2022/10/18 18:00:00,1800,all,24.806001368305143,284497.28944444447,1958.8963944444445
no08,2022/10/18 18:15:00,1815,all,25.259353321763037,262180.69444444444,1837.703477777778
no08,2022/10/18 18:30:00,1830,all,26.851646818710645,227089.29888888888,1693.0675333333334
no01,2022/10/18 07:00:00,0700,target,22.975110019751167,33345.78055555556,211.53653333333332
no01,2022/10/18 07:15:00,0715,target,22.600527646946297,46960.46888888889,294.1068555555555
no01,2022/10/18 07:30:00,0730,target,18.466894848705262,65276.211111111115,331.47063333333335
no01,2022/10/18 07:45:00,0745,target,24.52490587784476,42362.88555555555,285.47810000000004
no01,2022/10/18 08:00:00,0800,target,24.619449730846135,43905.23611111111,298.6974611111111
no01,2022/10/18 08:15:00,0815,target,20.636783454240298,57675.39444444444,326.80921111111115
no01,2022/10/18 08:30:00,0830,target,25.839782330990246,45659.21055555556,326.5531833333333
no01,2022/10/18 08:45:00,0845,target,22.68277996710312,52003.39833333334,325.4180833333333
no01,2022/10/18 09:00:00,0900,target,20.453190076015495,55141.053888888884,311.8363222222222
no01,2022/10/18 09:15:00,0915,target,26.419194677574595,34329.67611111111,250.58179444444445
no01,2022/10/18 09:30:00,0930,target,28.397241663130135,35919.86444444445,281.95053333333334
no01,2022/10/18 09:45:00,0945,target,24.539043036448835,42160.655,286.71843888888884
no01,2022/10/18 10:00:00,1000,target,19.10284845176476,57591.505,303.6151777777778
no01,2022/10/18 10:15:00,1015,target,18.97090049543631,51876.95333333334,271.3786611111111
no01,2022/10/18 10:30:00,1030,target,27.292515662444732,31925.871111111115,240.79385000000002
no01,2022/10/18 10:45:00,1045,target,29.882664351505145,29139.605555555558,241.75882222222222
no01,2022/10/18 11:00:00,1100,target,26.058311322895246,36977.10444444444,267.5697611111111
no01,2022/10/18 11:15:00,1115,target,27.19747480922397,34080.293333333335,255.73530555555556
no01,2022/10/18 11:30:00,1130,target,29.67782385464308,26749.185555555556,220.4676888888889
no01,2022/10/18 11:45:00,1145,target,30.66948461799747,31508.196111111112,268.0772944444445
no01,2022/10/18 12:00:00,1200,target,28.579600743198593,30377.95277777778,240.6509388888889
no01,2022/10/18 12:15:00,1215,target,31.38841961325199,27123.466111111113,236.4253888888889
no01,2022/10/18 12:30:00,1230,target,28.998864031644263,26850.306111111113,216.14525
no01,2022/10/18 12:45:00,1245,target,29.743865660609988,29293.144444444442,241.86915555555555
no01,2022/10/18 13:00:00,1300,target,30.889266629234044,28808.312777777777,247.05269444444446
no01,2022/10/18 13:15:00,1315,target,31.239548088019603,28937.330555555556,250.85980000000004
no01,2022/10/18 13:30:00,1330,target,28.37510354645585,26943.588333333333,212.3137722222222
no01,2022/10/18 13:45:00,1345,target,31.477741456523532,28261.36,246.87262777777778
no01,2022/10/18 14:00:00,1400,target,29.599324122153032,28712.100555555557,236.01173333333332
no01,2022/10/18 14:15:00,1415,target,30.55586909828463,29488.181666666667,250.13224444444444
no01,2022/10/18 14:30:00,1430,target,29.279451078781037,32265.227777777778,262.36112777777777
no01,2022/10/18 14:45:00,1445,target,30.80603331608918,29142.379999999997,249.23047777777776
no01,2022/10/18 15:00:00,1500,target,29.553485290676015,32641.92388888889,267.4714222222222
no01,2022/10/18 15:15:00,1515,target,25.69276710344375,37485.585,266.32057777777777
no01,2022/10/18 15:30:00,1530,target,28.34435947246912,30970.280555555557,243.60638333333333
no01,2022/10/18 15:45:00,1545,target,28.385842879786388,31286.321111111112,246.34523888888887
no01,2022/10/18 16:00:00,1600,target,29.262865064303607,33354.24111111111,271.1217833333333
no01,2022/10/18 16:15:00,1615,target,27.706090439372687,34921.28166666666,267.4948388888889
no01,2022/10/18 16:30:00,1630,target,28.274947766473648,29236.824999999997,229.07206666666667
no01,2022/10/18 16:45:00,1645,target,29.345768770992365,30137.987222222222,245.4793277777778
no01,2022/10/18 17:00:00,1700,target,27.992042515770816,38784.65777777778,300.96563888888886
no01,2022/10/18 17:15:00,1715,target,24.84753880544062,45911.359444444446,314.9762944444444
no01,2022/10/18 17:30:00,1730,target,29.204350628880277,35496.01833333333,287.6455444444444
no01,2022/10/18 17:45:00,1745,target,28.09829470095285,35639.418333333335,277.64185555555554
no01,2022/10/18 18:00:00,1800,target,26.46279919382655,40320.91277777778,295.9009888888889
no01,2022/10/18 18:15:00,1815,target,26.83586155940661,34943.66277777778,259.1404166666667
no01,2022/10/18 18:30:00,1830,target,25.933364070434415,32265.721666666665,231.65590555555556
no02,2022/10/18 07:00:00,0700,target,22.996337156677836,33360.014444444445,211.78166666666667
no02,2022/10/18 07:15:00,0715,target,22.89936121857373,46322.56111111111,293.3509
no02,2022/10/18 07:30:00,0730,target,18.718875781239184,64304.77055555556,332.49274444444444
no02,2022/10/18 07:45:00,0745,target,24.7419030978271,41375.070555555554,283.17004444444444
no02,2022/10/18 08:00:00,0800,target,25.126665031745407,43232.30777777778,300.6709833333333
no02,2022/10/18 08:15:00,0815,target,20.993456397447332,56808.65388888889,327.4740611111111
no02,2022/10/18 08:30:00,0830,target,25.760548235044492,45583.02722222222,325.6191611111111
no02,2022/10/18 08:45:00,0845,target,23.40586324476818,49864.776666666665,322.76145
no02,2022/10/18 09:00:00,0900,target,21.307823606681122,53077.262777777774,312.3155611111111
no02,2022/10/18 09:15:00,0915,target,26.918911753657586,33033.25166666667,246.5002777777778
no02,2022/10/18 09:30:00,0930,target,29.118914638333372,34855.988333333335,281.57481666666666
no02,2022/10/18 09:45:00,0945,target,25.013751514340143,42298.955555555556,292.84903333333335
no02,2022/10/18 10:00:00,1000,target,19.426148815993923,57542.23,308.7039666666667
no02,2022/10/18 10:15:00,1015,target,19.914918089376968,49876.88166666667,272.1143888888889
no02,2022/10/18 10:30:00,1030,target,28.042677150822644,31061.10222222222,241.26857777777775
no02,2022/10/18 10:45:00,1045,target,30.263046019208407,29571.058888888892,248.46596111111114
no02,2022/10/18 11:00:00,1100,target,26.054123839130813,37246.07166666667,269.5009944444444
no02,2022/10/18 11:15:00,1115,target,27.20408417494914,34172.46,256.9160111111111
no02,2022/10/18 11:30:00,1130,target,29.557010600081227,26635.926666666666,218.60735555555556
no02,2022/10/18 11:45:00,1145,target,30.550685197171877,31934.289999999997,270.7381666666667
no02,2022/10/18 12:00:00,1200,target,28.131867541025603,29832.657777777775,232.85807222222218
no02,2022/10/18 12:15:00,1215,target,31.31603881436213,26614.65388888889,231.49002222222225
no02,2022/10/18 12:30:00,1230,target,29.014889586795725,27282.318333333333,219.84774444444443
no02,2022/10/18 12:45:00,1245,target,30.13138178226323,28837.490555555556,241.21393888888892
no02,2022/10/18 13:00:00,1300,target,31.25869060559339,27881.856666666667,241.7522611111111
no02,2022/10/18 13:15:00,1315,target,31.474681223457026,28789.72388888889,251.66357222222223
no02,2022/10/18 13:30:00,1330,target,28.556224658864046,26433.01111111111,209.61118333333332
no02,2022/10/18 13:45:00,1345,target,32.010698911823376,27279.268888888888,242.53259444444444
no02,2022/10/18 14:00:00,1400,target,29.797071301372082,28499.020555555555,235.74823333333336
no02,2022/10/18 14:15:00,1415,target,30.85701618998985,28025.539444444443,240.13244444444445
no02,2022/10/18 14:30:00,1430,target,29.30290554795384,32152.770555555555,261.4351833333333
no02,2022/10/18 14:45:00,1445,target,30.994355090864133,28879.62,248.48737222222223
no02,2022/10/18 15:00:00,1500,target,30.000620745585366,31756.275555555552,264.3114
no02,2022/10/18 15:15:00,1515,target,25.52128312906683,37314.801666666666,263.3913111111111
no02,2022/10/18 15:30:00,1530,target,28.548137661959043,30782.210555555557,243.89790555555555
no02,2022/10/18 15:45:00,1545,target,28.45659968283359,31455.213888888888,248.4860666666667
no02,2022/10/18 16:00:00,1600,target,29.061311829936496,32173.10055555556,259.4195833333333
no02,2022/10/18 16:15:00,1615,target,28.099721611855138,34586.02333333333,268.55153333333334
no02,2022/10/18 16:30:00,1630,target,28.582202726226626,29579.890555555558,234.58783333333335
no02,2022/10/18 16:45:00,1645,target,29.20517626297688,30029.030555555557,243.5202
no02,2022/10/18 17:00:00,1700,target,28.14573166306024,37310.226111111115,291.5298
no02,2022/10/18 17:15:00,1715,target,25.505327618536036,44100.678888888884,311.2791722222222
no02,2022/10/18 17:30:00,1730,target,29.655802745132195,34549.23777777778,284.4414555555556
no02,2022/10/18 17:45:00,1745,target,28.006942420912498,35892.66333333333,278.61296111111113
no02,2022/10/18 18:00:00,1800,target,26.772372802712432,40039.56611111111,297.3027888888889
no02,2022/10/18 18:15:00,1815,target,27.2666851087899,34674.84888888889,261.8622888888889
no02,2022/10/18 18:30:00,1830,target,25.573850170929745,31441.203888888893,222.13619444444444
no03,2022/10/18 07:00:00,0700,target,18.855424520711743,40666.81722222222,211.44331111111111
no03,2022/10/18 07:15:00,0715,target,18.706608738291287,55863.24055555556,289.46396666666664
no03,2022/10/18 07:30:00,0730,target,15.740841102482408,76708.41277777778,333.66729999999995
no03,2022/10/18 07:45:00,0745,target,18.67107002475939,55336.11777777778,285.61294444444445
no03,2022/10/18 08:00:00,0800,target,22.947163012595148,47051.07555555555,297.9521611111111
no03,2022/10/18 08:15:00,0815,target,20.635199116787632,58579.003333333334,330.49401666666665
no03,2022/10/18 08:30:00,0830,target,24.910418856283737,47526.418333333335,327.0566944444444
no03,2022/10/18 08:45:00,0845,target,22.76566885721483,51217.91055555556,322.27841666666666
no03,2022/10/18 09:00:00,0900,target,19.994650172235175,56782.999444444446,313.4099
no03,2022/10/18 09:15:00,0915,target,25.50169787114525,36015.83666666666,253.3245333333333
no03,2022/10/18 09:30:00,0930,target,27.8625285164743,36355.155,280.00590555555556
no03,2022/10/18 09:45:00,0945,target,24.378716347508956,42363.37388888889,286.1829222222222
no03,2022/10/18 10:00:00,1000,target,19.096042393446467,57170.24166666667,301.74738333333335
no03,2022/10/18 10:15:00,1015,target,17.946010843528597,55173.954999999994,272.50952222222224
no03,2022/10/18 10:30:00,1030,target,26.51788178090128,32962.53222222222,241.76466666666667
no03,2022/10/18 10:45:00,1045,target,29.608804078960777,29772.648333333334,244.5262888888889
no03,2022/10/18 11:00:00,1100,target,25.852021856135625,37663.25611111111,269.98221666666666
no03,2022/10/18 11:15:00,1115,target,26.44517192781184,35271.99277777778,254.61806111111113
no03,2022/10/18 11:30:00,1130,target,29.303117426747583,26901.847222222223,218.86277222222222
no03,2022/10/18 11:45:00,1145,target,30.365927899844444,32312.02444444444,271.9969722222222
no03,2022/10/18 12:00:00,1200,target,28.335164939332188,30523.06388888889,239.4462111111111
no03,2022/10/18 12:15:00,1215,target,31.023583222730217,27756.71277777778,239.0913888888889
no03,2022/10/18 12:30:00,1230,target,29.04164163505881,27203.146111111113,219.41337222222222
no03,2022/10/18 12:45:00,1245,target,29.562745395367546,29417.763333333332,241.4486388888889
no03,2022/10/18 13:00:00,1300,target,30.919443537052764,29167.425555555557,250.28481111111108
no03,2022/10/18 13:15:00,1315,target,30.870486252176633,29468.274999999998,252.4530611111111
no03,2022/10/18 13:30:00,1330,target,28.365760865904647,27004.14222222222,212.77576666666667
no03,2022/10/18 13:45:00,1345,target,31.33357439723736,28338.81111111111,246.3025888888889
no03,2022/10/18 14:00:00,1400,target,29.278121632114505,29199.256666666668,237.27223333333333
no03,2022/10/18 14:15:00,1415,target,30.27338018678623,29653.979444444445,249.20174999999998
no03,2022/10/18 14:30:00,1430,target,29.03066864347978,32354.264444444445,260.77854444444444
no03,2022/10/18 14:45:00,1445,target,30.599232327170416,29135.01055555556,247.5388833333333
no03,2022/10/18 15:00:00,1500,target,29.29245004542969,32978.59111111111,268.3075
no03,2022/10/18 15:15:00,1515,target,25.251360196270625,38038.21166666667,265.80701666666664
no03,2022/10/18 15:30:00,1530,target,27.58780816420361,32208.518888888888,246.60343333333333
no03,2022/10/18 15:45:00,1545,target,28.000233465414485,31599.03833333333,245.19342222222224
no03,2022/10/18 16:00:00,1600,target,28.88396119401771,33494.944444444445,268.59981666666664
no03,2022/10/18 16:15:00,1615,target,27.703756261875963,35315.45888888889,270.7241777777778
no03,2022/10/18 16:30:00,1630,target,27.402160920265434,31374.517222222225,238.3330222222222
no03,2022/10/18 16:45:00,1645,target,29.152965547818482,30357.566666666666,245.7389722222222
no03,2022/10/18 17:00:00,1700,target,27.716183493956574,38412.97666666666,295.26025555555555
no03,2022/10/18 17:15:00,1715,target,23.603269407737866,48710.10388888889,317.1100388888889
no03,2022/10/18 17:30:00,1730,target,28.345939955604155,36444.115,286.69440000000003
no03,2022/10/18 17:45:00,1745,target,27.711089126062358,35768.11388888889,274.6862277777778
no03,2022/10/18 18:00:00,1800,target,26.4578002524434,39687.11666666667,291.21833888888887
no03,2022/10/18 18:15:00,1815,target,26.18591742434823,35515.34166666667,257.06479444444443
no03,2022/10/18 18:30:00,1830,target,24.79681778412119,34112.003333333334,233.80749444444447
no04,2022/10/18 07:00:00,0700,target,18.854147578839566,40707.47944444444,211.59869444444445
no04,2022/10/18 07:15:00,0715,target,18.820908814657113,55834.375555555554,291.13460000000003
no04,2022/10/18 07:30:00,0730,target,15.947636067931935,75393.86111111111,332.86794444444445
no04,2022/10/18 07:45:00,0745,target,18.67244092348854,54893.61444444445,283.6383166666667
no04,2022/10/18 08:00:00,0800,target,23.20256153922096,46896.04555555555,299.73456111111113
no04,2022/10/18 08:15:00,0815,target,20.24397351629034,59530.814999999995,330.54502777777776
no04,2022/10/18 08:30:00,0830,target,24.845746649320986,47802.566666666666,328.7727888888889
no04,2022/10/18 08:45:00,0845,target,23.120728500024878,50421.17166666666,322.21378333333337
no04,2022/10/18 09:00:00,0900,target,20.65141222340642,54572.91888888889,311.7564888888889
no04,2022/10/18 09:15:00,0915,target,25.431341240397987,35251.348333333335,247.30553888888892
no04,2022/10/18 09:30:00,0930,target,28.744420956351014,35070.095555555556,279.3329166666667
no04,2022/10/18 09:45:00,0945,target,24.94955423238393,41543.00888888889,287.11789999999996
no04,2022/10/18 10:00:00,1000,target,18.764433893750784,58110.505,302.03145555555557
no04,2022/10/18 10:15:00,1015,target,18.63669009909261,53054.34166666667,273.1548111111111
no04,2022/10/18 10:30:00,1030,target,26.995266327614594,32059.57333333333,238.90825555555557
no04,2022/10/18 10:45:00,1045,target,30.07865583444917,29326.690555555557,244.71056111111113
no04,2022/10/18 11:00:00,1100,target,25.428843151467667,38323.63277777778,270.4168388888889
no04,2022/10/18 11:15:00,1115,target,27.021461617973905,33551.849444444444,250.82792222222224
no04,2022/10/18 11:30:00,1130,target,29.526807425313784,26719.555,219.0640222222222
no04,2022/10/18 11:45:00,1145,target,30.12046436570654,32193.800555555557,268.8871611111111
no04,2022/10/18 12:00:00,1200,target,28.201413602883225,29928.37833333333,234.35461666666666
no04,2022/10/18 12:15:00,1215,target,31.002818172227737,26857.47666666667,231.12950555555557
no04,2022/10/18 12:30:00,1230,target,28.926671216790982,27336.741666666665,219.56175555555558
no04,2022/10/18 12:45:00,1245,target,29.95370927003846,29035.56611111111,241.49755
no04,2022/10/18 13:00:00,1300,target,31.138923035363746,28326.126111111113,244.8001111111111
no04,2022/10/18 13:15:00,1315,target,31.563692024035042,28749.63611111111,251.94101666666666
no04,2022/10/18 13:30:00,1330,target,28.41581276290398,26498.715,209.05661666666666
no04,2022/10/18 13:45:00,1345,target,31.79452015047621,27492.205555555556,242.78026111111114
no04,2022/10/18 14:00:00,1400,target,29.704854099434183,28489.769444444442,234.90963333333335
no04,2022/10/18 14:15:00,1415,target,30.79932846653897,28527.52611111111,243.9247611111111
no04,2022/10/18 14:30:00,1430,target,29.206864303296598,32454.14166666667,263.09107222222224
no04,2022/10/18 14:45:00,1445,target,30.87410369845344,29101.025,249.37938333333335
no04,2022/10/18 15:00:00,1500,target,29.898360996821655,31482.658888888887,261.12677777777776
no04,2022/10/18 15:15:00,1515,target,24.894166710083095,37964.805,261.1336055555555
no04,2022/10/18 15:30:00,1530,target,27.988496172197518,31342.960555555557,243.47502222222224
no04,2022/10/18 15:45:00,1545,target,27.98690180708347,32197.776666666665,249.98742222222225
no04,2022/10/18 16:00:00,1600,target,29.029338575408133,31769.646111111113,255.90448333333336
no04,2022/10/18 16:15:00,1615,target,27.393510252328795,35279.06555555556,267.3452055555556
no04,2022/10/18 16:30:00,1630,target,27.76070939221217,30588.01222222222,235.6498222222222
no04,2022/10/18 16:45:00,1645,target,29.026634656549657,30661.369444444445,247.14700555555555
no04,2022/10/18 17:00:00,1700,target,28.110612678166458,36941.72888888889,288.44424444444445
no04,2022/10/18 17:15:00,1715,target,23.727522631099863,48120.846666666665,316.2941333333333
no04,2022/10/18 17:30:00,1730,target,29.071644161823244,34845.775555555556,281.0695055555555
no04,2022/10/18 17:45:00,1745,target,27.60463340427138,36111.028333333335,276.3620444444444
no04,2022/10/18 18:00:00,1800,target,26.457028084367174,40022.195,293.70118333333335
no04,2022/10/18 18:15:00,1815,target,26.61653443413779,35191.30944444445,259.0130388888889
no04,2022/10/18 18:30:00,1830,target,24.334245417997487,33590.20888888889,225.81252777777777
no05,2022/10/18 07:00:00,0700,target,18.71059505071981,40907.43777777778,210.96665555555558
no05,2022/10/18 07:15:00,0715,target,18.39789395536322,56880.281111111115,289.6087
no05,2022/10/18 07:30:00,0730,target,15.504256683998726,77324.76944444445,331.00711666666666
no05,2022/10/18 07:45:00,0745,target,18.66373157170107,55729.945,287.14050555555554
no05,2022/10/18 08:00:00,0800,target,22.32367547998338,47521.971666666665,293.1855722222222
no05,2022/10/18 08:15:00,0815,target,19.800269879353408,60823.23944444445,331.24368333333337
no05,2022/10/18 08:30:00,0830,target,23.97820229219516,49053.55055555556,324.06898333333334
no05,2022/10/18 08:45:00,0845,target,22.022628062803083,52252.235,317.43578333333335
no05,2022/10/18 09:00:00,0900,target,19.742956336753956,57117.82388888889,310.80094444444444
no05,2022/10/18 09:15:00,0915,target,25.051614907104224,36484.942777777775,252.13296666666668
no05,2022/10/18 09:30:00,0930,target,27.191243360806638,37081.90944444444,278.79196666666667
no05,2022/10/18 09:45:00,0945,target,23.594828888772565,42605.72555555556,278.81351666666666
no05,2022/10/18 10:00:00,1000,target,18.334803765447578,58936.49388888889,298.78229444444446
no05,2022/10/18 10:15:00,1015,target,17.53869941991949,56891.372777777775,275.0233888888889
no05,2022/10/18 10:30:00,1030,target,25.087607212795824,34330.20166666667,238.13335555555557
no05,2022/10/18 10:45:00,1045,target,29.162213013899173,30110.268888888888,243.77141111111112
no05,2022/10/18 11:00:00,1100,target,25.224814584852133,37660.488333333335,263.60475
no05,2022/10/18 11:15:00,1115,target,25.64386780931552,35243.66222222222,248.32605555555554
no05,2022/10/18 11:30:00,1130,target,28.859670322538964,26605.650555555556,213.20949444444443
no05,2022/10/18 11:45:00,1145,target,29.507160006254097,33176.75944444445,271.33239444444445
no05,2022/10/18 12:00:00,1200,target,27.701308056220768,30936.785,237.64647777777776
no05,2022/10/18 12:15:00,1215,target,30.550515529607154,27950.47666666667,237.13815000000002
no05,2022/10/18 12:30:00,1230,target,28.536114976590323,27264.230555555558,216.00894444444444
no05,2022/10/18 12:45:00,1245,target,28.70621266993249,30399.26388888889,242.29692222222224
no05,2022/10/18 13:00:00,1300,target,30.15649583992485,29348.949999999997,245.66975000000002
no05,2022/10/18 13:15:00,1315,target,30.175823552157585,30159.886111111107,252.40751111111115
no05,2022/10/18 13:30:00,1330,target,27.58825772996424,27130.764444444445,207.82911666666666
no05,2022/10/18 13:45:00,1345,target,29.90326801162915,29732.38888888889,244.93743333333336
no05,2022/10/18 14:00:00,1400,target,28.550308244017792,29748.958333333332,235.74822777777777
no05,2022/10/18 14:15:00,1415,target,30.170935588336775,29689.34,248.52831111111112
no05,2022/10/18 14:30:00,1430,target,28.510627656773718,33142.67333333333,262.3958388888889
no05,2022/10/18 14:45:00,1445,target,29.692496274854605,30178.215555555555,248.82535555555555
no05,2022/10/18 15:00:00,1500,target,28.954343703743504,32546.224444444448,261.62659444444444
no05,2022/10/18 15:15:00,1515,target,24.312653199132072,39590.140555555554,265.7203666666667
no05,2022/10/18 15:30:00,1530,target,27.13055573943409,32503.263333333332,244.76486111111112
no05,2022/10/18 15:45:00,1545,target,27.7081227510606,31986.436666666665,245.80219444444447
no05,2022/10/18 16:00:00,1600,target,28.340283176350376,33691.58111111111,265.18525
no05,2022/10/18 16:15:00,1615,target,26.76804439241,35716.46611111111,264.6931222222222
no05,2022/10/18 16:30:00,1630,target,27.02953994880963,31260.183888888892,234.09658888888887
no05,2022/10/18 16:45:00,1645,target,28.485813313819715,31170.501111111113,246.53483888888888
no05,2022/10/18 17:00:00,1700,target,26.89435777170246,39179.09222222222,291.7833611111111
no05,2022/10/18 17:15:00,1715,target,22.852493804500934,49642.99722222222,313.3186944444444
no05,2022/10/18 17:30:00,1730,target,27.094248303451323,38028.65888888889,286.1060611111111
no05,2022/10/18 17:45:00,1745,target,26.784722301828516,37381.03555555556,277.3770388888889
no05,2022/10/18 18:00:00,1800,target,25.549057050927672,40901.30611111111,289.96202222222223
no05,2022/10/18 18:15:00,1815,target,25.091943666635977,37700.917222222226,260.89036111111113
no05,2022/10/18 18:30:00,1830,target,24.081718095438838,35437.96222222222,235.58487777777776
no06,2022/10/18 07:00:00,0700,target,18.706580049471704,40886.84444444444,210.7986388888889
no06,2022/10/18 07:15:00,0715,target,18.61541555207422,56194.64333333333,289.65892777777776
no06,2022/10/18 07:30:00,0730,target,15.736437548248315,76200.725,332.1018
no06,2022/10/18 07:45:00,0745,target,18.727175087683666,55156.94666666667,285.8461888888889
no06,2022/10/18 08:00:00,0800,target,22.756125544420257,47490.56444444445,297.2836222222222
no06,2022/10/18 08:15:00,0815,target,19.88308160495184,60513.76944444445,331.8508111111111
no06,2022/10/18 08:30:00,0830,target,24.26722316914226,47875.483888888884,321.1958
no06,2022/10/18 08:45:00,0845,target,22.46880954982079,51092.64277777777,316.91931666666665
no06,2022/10/18 09:00:00,0900,target,19.865917748484563,57034.703888888886,312.8444666666667
no06,2022/10/18 09:15:00,0915,target,24.815867758515132,36542.64722222222,249.1292111111111
no06,2022/10/18 09:30:00,0930,target,28.239573232576465,35416.835,277.132
no06,2022/10/18 09:45:00,0945,target,24.162804048550633,41889.21555555556,279.82860000000005
no06,2022/10/18 10:00:00,1000,target,17.90185764202307,60815.535555555565,301.60912777777776
no06,2022/10/18 10:15:00,1015,target,17.871327757079776,55661.71055555556,273.48883333333333
no06,2022/10/18 10:30:00,1030,target,25.297685708376243,34487.013333333336,239.31571666666665
no06,2022/10/18 10:45:00,1045,target,29.073958318949458,29507.99722222222,237.95540555555556
no06,2022/10/18 11:00:00,1100,target,24.964019125542602,37902.85166666666,262.68155
no06,2022/10/18 11:15:00,1115,target,26.207995162793303,34390.29277777778,249.37021666666664
no06,2022/10/18 11:30:00,1130,target,28.765528343166036,26950.218333333334,215.21733333333336
no06,2022/10/18 11:45:00,1145,target,29.104603647176777,33720.44222222222,271.74565
no06,2022/10/18 12:00:00,1200,target,27.310710980046352,30727.23166666667,232.90628888888887
no06,2022/10/18 12:15:00,1215,target,30.3921880046568,27148.164444444443,229.0449611111111
no06,2022/10/18 12:30:00,1230,target,28.69211009797693,27691.768333333333,220.67132222222222
no06,2022/10/18 12:45:00,1245,target,29.150183970785065,30068.73,243.29437777777775
no06,2022/10/18 13:00:00,1300,target,30.459448283380514,28739.807222222225,242.95686111111112
no06,2022/10/18 13:15:00,1315,target,30.520975886512183,29348.275555555552,248.67444444444448
no06,2022/10/18 13:30:00,1330,target,27.726672482666384,27365.443888888887,210.53618333333333
no06,2022/10/18 13:45:00,1345,target,30.859938821132648,28456.114444444444,243.71269999999998
no06,2022/10/18 14:00:00,1400,target,28.79120653953509,28967.23388888889,231.5147111111111
no06,2022/10/18 14:15:00,1415,target,30.431165549142506,28565.033333333333,241.41974999999996
no06,2022/10/18 14:30:00,1430,target,28.721449022352584,32652.538888888885,260.31249444444444
no06,2022/10/18 14:45:00,1445,target,29.52304468251415,30164.524999999998,247.2351111111111
no06,2022/10/18 15:00:00,1500,target,29.144374014121833,31645.31388888889,255.97635555555553
no06,2022/10/18 15:15:00,1515,target,24.573905670293914,38180.98333333333,259.5995388888889
no06,2022/10/18 15:30:00,1530,target,27.287201159620906,32225.73611111111,243.9581888888889
no06,2022/10/18 15:45:00,1545,target,27.598328785792557,32581.023333333334,249.53849444444444
no06,2022/10/18 16:00:00,1600,target,28.379562016506178,32039.028333333335,251.98316666666668
no06,2022/10/18 16:15:00,1615,target,27.16310683436415,34945.82,263.30774444444444
no06,2022/10/18 16:30:00,1630,target,27.113261760006058,30895.48611111111,232.30495555555555
no06,2022/10/18 16:45:00,1645,target,28.889547544438788,30892.02,247.8213611111111
no06,2022/10/18 17:00:00,1700,target,27.143390110254256,38182.95166666667,287.8200777777778
no06,2022/10/18 17:15:00,1715,target,22.904099869032468,49304.13333333333,311.63234444444447
no06,2022/10/18 17:30:00,1730,target,27.281151714959243,37273.66333333334,281.68129999999996
no06,2022/10/18 17:45:00,1745,target,26.83534068456807,37566.72777777778,279.41885
no06,2022/10/18 18:00:00,1800,target,25.661241463376687,40637.833333333336,288.7924333333333
no06,2022/10/18 18:15:00,1815,target,25.2595789023279,37109.21388888889,258.6362888888889
no06,2022/10/18 18:30:00,1830,target,24.0831641114439,34171.572222222225,227.59063333333336
no07,2022/10/18 07:00:00,0700,target,17.601120715026575,43292.23,209.31071666666668
no07,2022/10/18 07:15:00,0715,target,17.231459643627392,60663.56555555555,289.12651666666665
no07,2022/10/18 07:30:00,0730,target,14.43710976711539,81339.69111111111,323.7315888888889
no07,2022/10/18 07:45:00,0745,target,17.00892016960865,61215.166666666664,285.74808333333334
no07,2022/10/18 08:00:00,0800,target,20.507973451668065,52502.281111111115,296.68064444444445
no07,2022/10/18 08:15:00,0815,target,18.585657567275444,64375.897222222215,330.51161666666667
no07,2022/10/18 08:30:00,0830,target,22.143860787601664,52494.79888888889,320.6283722222222
no07,2022/10/18 08:45:00,0845,target,20.537632835496364,55844.441666666666,317.3935055555555
no07,2022/10/18 09:00:00,0900,target,18.447260421509615,60614.267222222225,308.7219
no07,2022/10/18 09:15:00,0915,target,23.17739782655632,39750.93833333333,253.4466833333333
no07,2022/10/18 09:30:00,0930,target,24.9296898043383,39820.36944444445,273.33591666666666
no07,2022/10/18 09:45:00,0945,target,22.397297792677037,44304.096666666665,274.38224444444444
no07,2022/10/18 10:00:00,1000,target,16.74871610205991,63149.09166666666,292.69955000000004
no07,2022/10/18 10:15:00,1015,target,16.534153628984303,59648.958333333336,272.84881666666666
no07,2022/10/18 10:30:00,1030,target,21.959262324775484,39870.11777777778,240.29005
no07,2022/10/18 10:45:00,1045,target,27.761313678093096,29667.089444444442,228.54720555555554
no07,2022/10/18 11:00:00,1100,target,23.780970184979626,38813.05888888889,255.9102833333333
no07,2022/10/18 11:15:00,1115,target,23.691166440132186,36344.859444444446,236.11778333333334
no07,2022/10/18 11:30:00,1130,target,27.32276775097675,28377.741111111114,215.21339444444445
no07,2022/10/18 11:45:00,1145,target,27.132878418064298,34551.54722222222,260.1180444444444
no07,2022/10/18 12:00:00,1200,target,25.472785358407467,32711.863888888893,230.5909
no07,2022/10/18 12:15:00,1215,target,29.014269662513787,28500.667222222222,229.59862222222222
no07,2022/10/18 12:30:00,1230,target,27.48607470263192,27822.387777777778,212.2597111111111
no07,2022/10/18 12:45:00,1245,target,27.267608242928667,32075.193333333333,242.30305555555555
no07,2022/10/18 13:00:00,1300,target,29.429315177601453,30222.20277777778,246.69203333333337
no07,2022/10/18 13:15:00,1315,target,29.212867327375193,30781.11111111111,249.4620388888889
no07,2022/10/18 13:30:00,1330,target,26.051883230418056,29110.73888888889,210.44527222222223
no07,2022/10/18 13:45:00,1345,target,27.61581897589109,31472.17222222222,238.5163388888889
no07,2022/10/18 14:00:00,1400,target,26.516529800288666,31581.088333333333,232.1454888888889
no07,2022/10/18 14:15:00,1415,target,28.8889161818873,29605.589444444442,237.3605611111111
no07,2022/10/18 14:30:00,1430,target,27.122851313247093,34149.80944444445,257.1186055555556
no07,2022/10/18 14:45:00,1445,target,27.206035900049944,32431.997777777775,244.3359388888889
no07,2022/10/18 15:00:00,1500,target,28.2757351748596,31905.91888888889,250.183
no07,2022/10/18 15:15:00,1515,target,22.211499994356732,41780.90833333333,256.6772722222222
no07,2022/10/18 15:30:00,1530,target,25.795251423859188,34610.85611111111,247.3599388888889
no07,2022/10/18 15:45:00,1545,target,26.37437175449558,33663.71222222222,245.81556666666665
no07,2022/10/18 16:00:00,1600,target,27.491917488911103,34420.21055555556,262.50201111111113
no07,2022/10/18 16:15:00,1615,target,25.253428674175886,37640.420000000006,263.31197777777777
no07,2022/10/18 16:30:00,1630,target,25.12177320894169,33536.81555555556,233.2534
no07,2022/10/18 16:45:00,1645,target,27.056618717238067,32742.022222222222,245.62593888888887
no07,2022/10/18 17:00:00,1700,target,24.8109888591235,42255.72944444444,290.2655611111111
no07,2022/10/18 17:15:00,1715,target,21.46688724721214,52450.765,310.6960888888889
no07,2022/10/18 17:30:00,1730,target,24.074117112609965,42477.371666666666,282.81084444444446
no07,2022/10/18 17:45:00,1745,target,24.458372020143575,40800.89,275.0575666666666
no07,2022/10/18 18:00:00,1800,target,23.155301245160313,44418.987222222226,285.50015
no07,2022/10/18 18:15:00,1815,target,23.151299924236934,40373.54277777778,258.33390555555553
no07,2022/10/18 18:30:00,1830,target,22.939255196537285,36960.65388888889,235.3127611111111
no08,2022/10/18 07:00:00,0700,target,17.617277883103508,43227.352222222224,209.14847222222224
no08,2022/10/18 07:15:00,0715,target,17.46001935096965,59669.849444444444,287.86535
no08,2022/10/18 07:30:00,0730,target,14.602369976921901,80606.08166666667,325.04549999999995
no08,2022/10/18 07:45:00,0745,target,17.013784768959756,60848.518888888895,284.0924777777778
no08,2022/10/18 08:00:00,0800,target,20.581912928936774,52874.766111111116,298.6017166666667
no08,2022/10/18 08:15:00,0815,target,18.862184271707427,64067.632222222215,332.5669833333334
no08,2022/10/18 08:30:00,0830,target,22.19645609444407,52087.070555555554,319.83503333333334
no08,2022/10/18 08:45:00,0845,target,21.34490681607698,53317.706666666665,314.02593333333334
no08,2022/10/18 09:00:00,0900,target,18.346288583611255,61299.58777777778,310.6675055555556
no08,2022/10/18 09:15:00,0915,target,23.03889648609226,40073.62333333333,254.65555
no08,2022/10/18 09:30:00,0930,target,25.435128478007716,38689.80944444444,272.58225555555555
no08,2022/10/18 09:45:00,0945,target,22.934068928508616,44617.752222222225,282.4292222222222
no08,2022/10/18 10:00:00,1000,target,16.983762196920946,62589.868333333325,293.87573333333336
no08,2022/10/18 10:15:00,1015,target,16.62062853177837,59691.95055555555,273.24864444444444
no08,2022/10/18 10:30:00,1030,target,22.65399909380677,38412.793333333335,239.73339999999996
no08,2022/10/18 10:45:00,1045,target,28.14801399949254,29725.74111111111,232.32426666666666
no08,2022/10/18 11:00:00,1100,target,23.943956675628634,38571.48,256.12483333333336
no08,2022/10/18 11:15:00,1115,target,24.718116232961215,35562.87222222222,242.6841777777778
no08,2022/10/18 11:30:00,1130,target,27.300048440849476,28177.152777777777,213.36824444444446
no08,2022/10/18 11:45:00,1145,target,27.019331928318078,34985.49055555555,262.0754111111111
no08,2022/10/18 12:00:00,1200,target,25.3659287603782,32407.19666666667,227.88518333333332
no08,2022/10/18 12:15:00,1215,target,28.864285713188867,28409.59388888889,227.2510111111111
no08,2022/10/18 12:30:00,1230,target,27.34494458044316,28536.930555555555,216.62404444444442
no08,2022/10/18 12:45:00,1245,target,27.692025622887698,31491.375,241.87336111111108
no08,2022/10/18 13:00:00,1300,target,29.749112835485832,29274.748333333333,241.62577777777778
no08,2022/10/18 13:15:00,1315,target,29.717172521738487,30253.652777777777,249.47228333333337
no08,2022/10/18 13:30:00,1330,target,25.82814058081611,29186.216666666667,208.99771666666666
no08,2022/10/18 13:45:00,1345,target,27.97179143409229,30834.947222222225,238.92417222222224
no08,2022/10/18 14:00:00,1400,target,26.9141009407635,30078.282777777775,224.37449444444442
no08,2022/10/18 14:15:00,1415,target,29.262187969258108,28873.082777777778,234.33835
no08,2022/10/18 14:30:00,1430,target,27.1378520457798,34453.865,259.4495833333333
no08,2022/10/18 14:45:00,1445,target,27.42069487811636,32341.585000000003,245.8570388888889
no08,2022/10/18 15:00:00,1500,target,28.622623231063486,32259.809444444447,256.2490722222222
no08,2022/10/18 15:15:00,1515,target,22.710521977663458,41482.765555555554,260.86639444444444
no08,2022/10/18 15:30:00,1530,target,26.343273434372716,33213.56444444445,242.76235555555553
no08,2022/10/18 15:45:00,1545,target,26.373383832385358,33914.718888888885,247.9956222222222
no08,2022/10/18 16:00:00,1600,target,27.01223233539517,33162.58888888889,248.55926666666664
no08,2022/10/18 16:15:00,1615,target,25.818848129803452,36385.49055555555,260.35478333333333
no08,2022/10/18 16:30:00,1630,target,25.704542678127765,32197.259444444448,229.74297777777778
no08,2022/10/18 16:45:00,1645,target,27.51049564579542,31961.690000000002,243.95402222222225
no08,2022/10/18 17:00:00,1700,target,24.908324985819192,41385.60333333333,285.71889444444446
no08,2022/10/18 17:15:00,1715,target,21.307840287568755,53517.74111111111,314.9510055555555
no08,2022/10/18 17:30:00,1730,target,24.390866143271133,40906.10277777778,276.78023333333334
no08,2022/10/18 17:45:00,1745,target,23.72272731890035,42834.139444444445,281.56519444444444
no08,2022/10/18 18:00:00,1800,target,23.484358410682606,44675.61611111111,290.90015555555556
no08,2022/10/18 18:15:00,1815,target,23.509165809187362,40547.40277777778,263.1403555555555
no08,2022/10/18 18:30:00,1830,target,22.738247987066458,36018.68666666667,226.91854999999998
no01,2022/10/18 07:00:00,0700,non_target,28.85045216948495,167786.9461111111,1344.5647944444445
no01,2022/10/18 07:15:00,0715,non_target,28.689952056817404,196473.9388888889,1565.647088888889
no01,2022/10/18 07:30:00,0730,non_target,28.092289391036452,212227.09555555554,1655.5932277777779
no01,2022/10/18 07:45:00,0745,non_target,26.521760384287663,227123.05666666667,1672.3906055555556
no01,2022/10/18 08:00:00,0800,non_target,24.73656871581969,266069.5838888889,1827.1143444444444
no01,2022/10/18 08:15:00,0815,non_target,26.0041602241407,252006.22444444444,1819.1058333333333
no01,2022/10/18 08:30:00,0830,non_target,24.50420755212404,275421.4972222222,1873.8215055555556
no01,2022/10/18 08:45:00,0845,non_target,25.48145528072817,247621.3927777778,1750.511511111111
no01,2022/10/18 09:00:00,0900,non_target,27.82271423036731,205767.3672222222,1589.8360277777779
no01,2022/10/18 09:15:00,0915,non_target,27.55687890444851,189328.55333333334,1448.5885833333332
no01,2022/10/18 09:30:00,0930,non_target,26.78659630364826,205069.5377777778,1523.8879444444444
no01,2022/10/18 09:45:00,0945,non_target,28.932747592325725,181256.27055555556,1456.52585
no01,2022/10/18 10:00:00,1000,non_target,27.954587767845798,197687.20666666667,1533.8410944444445
no01,2022/10/18 10:15:00,1015,non_target,27.05644267397749,195601.01833333334,1467.2476666666666
no01,2022/10/18 10:30:00,1030,non_target,28.42299862720042,179870.8177777778,1419.7221
no01,2022/10/18 10:45:00,1045,non_target,28.96160769003062,172427.7161111111,1387.1135000000002
no01,2022/10/18 11:00:00,1100,non_target,27.919917547322594,189695.19611111112,1470.936438888889
no01,2022/10/18 11:15:00,1115,non_target,27.25010527162286,201384.33833333332,1524.2453333333333
no01,2022/10/18 11:30:00,1130,non_target,27.962420967822815,181904.10055555555,1412.5582444444444
no01,2022/10/18 11:45:00,1145,non_target,28.290979471482956,181185.89,1423.7527055555556
no01,2022/10/18 12:00:00,1200,non_target,28.0006371094482,189941.33444444445,1477.065488888889
no01,2022/10/18 12:15:00,1215,non_target,27.870711923856778,200478.00055555554,1551.5579944444444
no01,2022/10/18 12:30:00,1230,non_target,27.75187457184588,187212.04555555555,1442.803138888889
no01,2022/10/18 12:45:00,1245,non_target,28.885158941757545,182770.63611111112,1466.3249888888888
no01,2022/10/18 13:00:00,1300,non_target,28.367414575307787,190570.13666666666,1501.3053333333332
no01,2022/10/18 13:15:00,1315,non_target,28.633304249453438,177359.7838888889,1410.3354333333332
no01,2022/10/18 13:30:00,1330,non_target,28.380663261497443,178090.99166666667,1403.9296222222222
no01,2022/10/18 13:45:00,1345,non_target,28.035956893293488,157446.57888888888,1225.9870666666668
no01,2022/10/18 14:00:00,1400,non_target,28.34371506097342,173616.45555555556,1366.7781111111112
no01,2022/10/18 14:15:00,1415,non_target,28.039795827345085,187465.15444444443,1459.6873055555557
no01,2022/10/18 14:30:00,1430,non_target,29.163374369484252,177925.06166666665,1441.2416555555556
no01,2022/10/18 14:45:00,1445,non_target,28.462041737288,182153.26944444445,1439.8069055555557
no01,2022/10/18 15:00:00,1500,non_target,26.77458092031831,190865.88944444444,1418.8918333333334
no01,2022/10/18 15:15:00,1515,non_target,27.59026237598638,186032.38944444444,1425.5272388888889
no01,2022/10/18 15:30:00,1530,non_target,27.011129330486174,190626.615,1429.9343166666667
no01,2022/10/18 15:45:00,1545,non_target,27.46995366114283,178685.8438888889,1363.2579833333334
no01,2022/10/18 16:00:00,1600,non_target,24.33542881159207,238122.245,1609.289061111111
no01,2022/10/18 16:15:00,1615,non_target,24.4875484391716,233066.9661111111,1584.6655722222222
no01,2022/10/18 16:30:00,1630,non_target,23.588337137319513,233607.2672222222,1528.9711555555557
no01,2022/10/18 16:45:00,1645,non_target,24.427690343024086,240981.07555555558,1632.87635
no01,2022/10/18 17:00:00,1700,non_target,23.807251973786887,252121.1811111111,1665.2254555555555
no01,2022/10/18 17:15:00,1715,non_target,27.242136365543622,223800.27,1693.343811111111
no01,2022/10/18 17:30:00,1730,non_target,26.486783340109845,217558.93444444443,1599.4450444444444
no01,2022/10/18 17:45:00,1745,non_target,25.673233908408825,237064.67055555558,1688.5447222222222
no01,2022/10/18 18:00:00,1800,non_target,25.982076696155236,230714.52055555556,1663.7441444444444
no01,2022/10/18 18:15:00,1815,non_target,27.303724601489893,208150.165,1577.9016666666666
no01,2022/10/18 18:30:00,1830,non_target,28.337949794403553,183022.005,1440.0157555555554
no02,2022/10/18 07:00:00,0700,non_target,28.87733983224411,167688.58444444445,1345.0029888888887
no02,2022/10/18 07:15:00,0715,non_target,28.711320834836126,195920.7366666667,1562.3990166666667
no02,2022/10/18 07:30:00,0730,non_target,28.070803051430563,212725.0311111111,1658.3992222222223
no02,2022/10/18 07:45:00,0745,non_target,26.490827346973337,226316.59777777776,1664.4717444444443
no02,2022/10/18 08:00:00,0800,non_target,24.752214993087282,267808.8288888889,1839.9032333333332
no02,2022/10/18 08:15:00,0815,non_target,26.107825773861336,251014.4961111111,1819.3556333333333
no02,2022/10/18 08:30:00,0830,non_target,24.701138299191044,273401.4438888889,1875.214838888889
no02,2022/10/18 08:45:00,0845,non_target,25.707026268551406,245543.27722222224,1752.2438055555556
no02,2022/10/18 09:00:00,0900,non_target,28.050512745891023,204123.93722222222,1590.0662277777778
no02,2022/10/18 09:15:00,0915,non_target,27.303260352008287,189988.67833333334,1440.3514944444444
no02,2022/10/18 09:30:00,0930,non_target,26.84919997876518,204831.60777777777,1526.6161777777777
no02,2022/10/18 09:45:00,0945,non_target,29.024417350066066,179678.6372222222,1448.577388888889
no02,2022/10/18 10:00:00,1000,non_target,28.258105473583687,195987.88222222222,1537.9410055555554
no02,2022/10/18 10:15:00,1015,non_target,27.620202544969928,190716.96944444446,1460.9205222222222
no02,2022/10/18 10:30:00,1030,non_target,28.51076153836722,179078.16777777777,1418.0671333333332
no02,2022/10/18 10:45:00,1045,non_target,29.00399961788161,171728.9411111111,1383.4089222222221
no02,2022/10/18 11:00:00,1100,non_target,27.961641362077085,188467.72555555555,1463.6830333333335
no02,2022/10/18 11:15:00,1115,non_target,27.357376718433386,201675.71333333332,1532.3802888888888
no02,2022/10/18 11:30:00,1130,non_target,27.978883166108,181893.35944444442,1413.322661111111
no02,2022/10/18 11:45:00,1145,non_target,28.27086361947818,181112.11111111112,1422.1410777777778
no02,2022/10/18 12:00:00,1200,non_target,28.08024754980352,189557.20333333334,1478.1940222222222
no02,2022/10/18 12:15:00,1215,non_target,27.842563414141793,202428.13944444444,1565.1648722222224
no02,2022/10/18 12:30:00,1230,non_target,27.855814439711523,186652.67666666667,1443.935788888889
no02,2022/10/18 12:45:00,1245,non_target,28.901245336055524,182879.8072222222,1467.9802777777777
no02,2022/10/18 13:00:00,1300,non_target,28.494956425502803,190136.49333333332,1504.8195777777778
no02,2022/10/18 13:15:00,1315,non_target,28.639816598431,177289.89666666667,1410.2556555555557
no02,2022/10/18 13:30:00,1330,non_target,28.456218067784764,177136.2838888889,1399.9979444444443
no02,2022/10/18 13:45:00,1345,non_target,28.035870584868356,158317.5661111111,1232.8874055555557
no02,2022/10/18 14:00:00,1400,non_target,28.334131007921567,174362.505,1372.2136333333335
no02,2022/10/18 14:15:00,1415,non_target,28.160468365002984,187549.66444444444,1466.6297111111112
no02,2022/10/18 14:30:00,1430,non_target,29.11974020197645,178233.96722222224,1441.59095
no02,2022/10/18 14:45:00,1445,non_target,28.60026169872225,181517.44555555555,1441.8875944444444
no02,2022/10/18 15:00:00,1500,non_target,26.769600349891064,191030.2061111111,1419.8528277777777
no02,2022/10/18 15:15:00,1515,non_target,27.458650857124695,188509.95,1436.8198833333333
no02,2022/10/18 15:30:00,1530,non_target,27.04062630778138,189428.81166666665,1422.3461222222222
no02,2022/10/18 15:45:00,1545,non_target,27.342598414906902,179668.25277777776,1364.1211388888887
no02,2022/10/18 16:00:00,1600,non_target,24.3032287515622,239214.30333333334,1614.7429666666667
no02,2022/10/18 16:15:00,1615,non_target,24.430160440081465,233164.78666666668,1581.8669
no02,2022/10/18 16:30:00,1630,non_target,23.608426523184036,234115.66444444444,1534.4979277777777
no02,2022/10/18 16:45:00,1645,non_target,24.586962147402325,239325.2627777778,1634.1943444444446
no02,2022/10/18 17:00:00,1700,non_target,23.59864803375855,253927.89944444445,1661.630677777778
no02,2022/10/18 17:15:00,1715,non_target,27.187091942064413,224962.9188888889,1697.6988277777778
no02,2022/10/18 17:30:00,1730,non_target,26.416155614069723,218087.575,1599.7067944444445
no02,2022/10/18 17:45:00,1745,non_target,25.628623586204426,235855.6811111111,1677.5036722222221
no02,2022/10/18 18:00:00,1800,non_target,25.80152302977028,233550.345,1671.5379888888888
no02,2022/10/18 18:15:00,1815,non_target,27.298932882732444,208647.53722222222,1581.0399666666667
no02,2022/10/18 18:30:00,1830,non_target,28.315413186245383,183031.64388888888,1439.2813555555556
no03,2022/10/18 07:00:00,0700,non_target,28.79823783132946,167923.13555555555,1343.1878833333333
no03,2022/10/18 07:15:00,0715,non_target,28.495708715327176,197103.55833333332,1559.9280888888889
no03,2022/10/18 07:30:00,0730,non_target,27.877464513843755,214733.14833333332,1662.341761111111
no03,2022/10/18 07:45:00,0745,non_target,26.446403298565386,227579.61555555556,1671.1476
no03,2022/10/18 08:00:00,0800,non_target,23.900536442799595,274540.5366666667,1821.336588888889
no03,2022/10/18 08:15:00,0815,non_target,25.577859623458654,257189.40777777776,1826.5767277777777
no03,2022/10/18 08:30:00,0830,non_target,24.199962220135944,278901.4572222222,1874.1681666666668
no03,2022/10/18 08:45:00,0845,non_target,25.01107790985842,253105.42388888888,1756.6393555555555
no03,2022/10/18 09:00:00,0900,non_target,27.56912772902965,207371.04722222223,1587.6859722222223
no03,2022/10/18 09:15:00,0915,non_target,27.428240476119456,190516.00166666665,1451.0940611111112
no03,2022/10/18 09:30:00,0930,non_target,26.46673755402589,207081.49166666667,1519.419872222222
no03,2022/10/18 09:45:00,0945,non_target,28.70323512623709,183415.72333333333,1462.0854222222222
no03,2022/10/18 10:00:00,1000,non_target,27.89098503969048,198624.8238888889,1538.1967166666666
no03,2022/10/18 10:15:00,1015,non_target,27.1600304536683,194380.23944444445,1464.999838888889
no03,2022/10/18 10:30:00,1030,non_target,28.348360093383892,180479.815,1420.9429944444446
no03,2022/10/18 10:45:00,1045,non_target,28.859064669202212,173224.64055555558,1388.547538888889
no03,2022/10/18 11:00:00,1100,non_target,27.816354383469154,189474.96777777778,1463.8414222222223
no03,2022/10/18 11:15:00,1115,non_target,27.101747691441567,202957.05944444443,1527.6521222222223
no03,2022/10/18 11:30:00,1130,non_target,27.86513610827133,182693.64055555555,1413.6920333333335
no03,2022/10/18 11:45:00,1145,non_target,28.21823067770234,181037.825,1418.9342555555554
no03,2022/10/18 12:00:00,1200,non_target,27.837591177685947,190580.5861111111,1473.510638888889
no03,2022/10/18 12:15:00,1215,non_target,27.708385899366906,201395.65111111113,1549.7357444444444
no03,2022/10/18 12:30:00,1230,non_target,27.681918057044456,187318.12111111113,1439.971511111111
no03,2022/10/18 12:45:00,1245,non_target,28.74904923008166,183238.6672222222,1463.1051277777779
no03,2022/10/18 13:00:00,1300,non_target,28.275726709574126,190781.60444444444,1498.2845111111112
no03,2022/10/18 13:15:00,1315,non_target,28.477481705690202,178282.1888888889,1410.0039555555554
no03,2022/10/18 13:30:00,1330,non_target,28.295620828971007,178423.56888888887,1402.3187277777777
no03,2022/10/18 13:45:00,1345,non_target,27.93474774916462,157982.9911111111,1225.7606
no03,2022/10/18 14:00:00,1400,non_target,28.207204846221533,174543.69666666666,1367.3993888888888
no03,2022/10/18 14:15:00,1415,non_target,27.87518056462386,188693.10666666666,1460.4814722222222
no03,2022/10/18 14:30:00,1430,non_target,29.032474420179412,178890.38166666668,1442.3961222222222
no03,2022/10/18 14:45:00,1445,non_target,28.259142956884933,183203.4038888889,1437.4513166666666
no03,2022/10/18 15:00:00,1500,non_target,26.633029616450603,191432.5561111111,1415.5576722222222
no03,2022/10/18 15:15:00,1515,non_target,27.110175758571568,189546.01722222223,1426.7575666666667
no03,2022/10/18 15:30:00,1530,non_target,26.945437720057036,190821.81166666665,1428.0000222222222
no03,2022/10/18 15:45:00,1545,non_target,27.180920435343737,180855.07666666666,1365.0492222222222
no03,2022/10/18 16:00:00,1600,non_target,24.11909181978416,239994.76055555558,1607.2474444444445
no03,2022/10/18 16:15:00,1615,non_target,24.19197792780559,235370.57944444442,1581.1238222222223
no03,2022/10/18 16:30:00,1630,non_target,23.381885647848883,234543.19,1521.9293722222221
no03,2022/10/18 16:45:00,1645,non_target,24.270916186335032,242602.89166666666,1633.9575722222223
no03,2022/10/18 17:00:00,1700,non_target,23.383444654343123,255965.07888888888,1660.4126277777777
no03,2022/10/18 17:15:00,1715,non_target,26.85194718463236,227106.74055555556,1693.6397666666667
no03,2022/10/18 17:30:00,1730,non_target,26.017669050897986,221465.30388888888,1599.1685222222222
no03,2022/10/18 17:45:00,1745,non_target,24.913784549554368,243476.0988888889,1682.2613833333335
no03,2022/10/18 18:00:00,1800,non_target,25.075910028878173,238556.56333333332,1659.8266444444444
no03,2022/10/18 18:15:00,1815,non_target,25.88683155646963,219433.88055555557,1575.2816666666668
no03,2022/10/18 18:30:00,1830,non_target,27.688012735452347,190146.22555555555,1460.7917166666666
no04,2022/10/18 07:00:00,0700,non_target,28.826939522067008,167705.4038888889,1342.7649222222221
no04,2022/10/18 07:15:00,0715,non_target,28.57190374660125,196482.345,1559.1871666666666
no04,2022/10/18 07:30:00,0730,non_target,27.93054675210773,214349.07555555555,1662.530688888889
no04,2022/10/18 07:45:00,0745,non_target,26.538767280657513,226481.49166666667,1668.947338888889
no04,2022/10/18 08:00:00,0800,non_target,23.963686955935792,274615.7216666667,1826.2511611111113
no04,2022/10/18 08:15:00,0815,non_target,25.571988179353106,257749.97499999998,1829.417211111111
no04,2022/10/18 08:30:00,0830,non_target,24.525527286183337,274989.8838888889,1872.8893833333334
no04,2022/10/18 08:45:00,0845,non_target,25.24354481757955,250714.7022222222,1756.9409999999998
no04,2022/10/18 09:00:00,0900,non_target,27.761676253096695,206043.16,1588.2478555555556
no04,2022/10/18 09:15:00,0915,non_target,27.251716163274484,190945.2211111111,1444.9672611111112
no04,2022/10/18 09:30:00,0930,non_target,26.596332044685557,206549.85888888888,1524.8225
no04,2022/10/18 09:45:00,0945,non_target,28.89062531826699,181919.25055555554,1459.78705
no04,2022/10/18 10:00:00,1000,non_target,27.910430349913117,198057.25166666665,1534.8783555555556
no04,2022/10/18 10:15:00,1015,non_target,27.387121278400613,192861.65277777778,1465.5329333333332
no04,2022/10/18 10:30:00,1030,non_target,28.347821307815874,180431.65833333333,1420.5285777777779
no04,2022/10/18 10:45:00,1045,non_target,28.84868672625632,173373.60888888888,1389.2057
no04,2022/10/18 11:00:00,1100,non_target,27.860943057820553,189165.88888888888,1463.7589055555554
no04,2022/10/18 11:15:00,1115,non_target,27.147839343996257,204016.48666666666,1538.077388888889
no04,2022/10/18 11:30:00,1130,non_target,27.808014529903968,182928.59722222222,1412.765661111111
no04,2022/10/18 11:45:00,1145,non_target,28.19754312518808,181666.08444444445,1422.7194277777778
no04,2022/10/18 12:00:00,1200,non_target,27.897481456071432,190502.95277777777,1476.0738944444445
no04,2022/10/18 12:15:00,1215,non_target,27.530761223642823,205022.88444444444,1567.2084722222223
no04,2022/10/18 12:30:00,1230,non_target,27.70440072793041,187529.55,1442.7845444444445
no04,2022/10/18 12:45:00,1245,non_target,28.74862612396534,184107.88333333333,1470.045238888889
no04,2022/10/18 13:00:00,1300,non_target,28.325078253459946,190815.7061111111,1501.0959722222224
no04,2022/10/18 13:15:00,1315,non_target,28.472248918235803,178457.94333333333,1411.1280166666666
no04,2022/10/18 13:30:00,1330,non_target,28.351942115398952,177560.95722222223,1398.26825
no04,2022/10/18 13:45:00,1345,non_target,27.92598159183022,158549.66611111112,1229.8378388888889
no04,2022/10/18 14:00:00,1400,non_target,28.181857166630937,175542.1538888889,1374.0136166666666
no04,2022/10/18 14:15:00,1415,non_target,28.026981397265743,188138.14166666666,1464.2618222222222
no04,2022/10/18 14:30:00,1430,non_target,29.007098851469966,178545.8661111111,1438.516688888889
no04,2022/10/18 14:45:00,1445,non_target,28.339259234777536,182711.4611111111,1438.117588888889
no04,2022/10/18 15:00:00,1500,non_target,26.617994057994004,192710.3238888889,1424.5218666666667
no04,2022/10/18 15:15:00,1515,non_target,27.21787317180548,190007.06999999998,1436.0311
no04,2022/10/18 15:30:00,1530,non_target,26.96710119776846,189929.1822222222,1422.3466222222223
no04,2022/10/18 15:45:00,1545,non_target,27.139379060262367,181775.0338888889,1369.7069333333334
no04,2022/10/18 16:00:00,1600,non_target,24.126087431622274,241233.18333333332,1616.4844444444445
no04,2022/10/18 16:15:00,1615,non_target,24.245402948393526,235108.84055555554,1582.7408555555555
no04,2022/10/18 16:30:00,1630,non_target,23.505805785844032,236211.64111111112,1541.3096722222222
no04,2022/10/18 16:45:00,1645,non_target,24.588661429376142,239127.02833333332,1631.7494777777779
no04,2022/10/18 17:00:00,1700,non_target,23.49609188253848,254899.59444444446,1660.2298
no04,2022/10/18 17:15:00,1715,non_target,27.15281430343697,224691.16777777777,1694.3508333333334
no04,2022/10/18 17:30:00,1730,non_target,26.217588923352146,219965.11333333334,1601.5109222222222
no04,2022/10/18 17:45:00,1745,non_target,25.055571922578164,240574.5038888889,1673.0438000000001
no04,2022/10/18 18:00:00,1800,non_target,25.037778487415608,240033.93444444446,1667.9346666666668
no04,2022/10/18 18:15:00,1815,non_target,26.0865430548935,218032.93277777778,1578.645811111111
no04,2022/10/18 18:30:00,1830,non_target,27.86411004850963,187856.55388888888,1453.506611111111
no05,2022/10/18 07:00:00,0700,non_target,28.825677982940135,167711.20444444445,1342.7786222222223
no05,2022/10/18 07:15:00,0715,non_target,28.535808367022057,196956.96444444443,1561.01285
no05,2022/10/18 07:30:00,0730,non_target,27.794270081725244,215309.0711111111,1661.8263333333334
no05,2022/10/18 07:45:00,0745,non_target,26.317234956879215,228486.13555555555,1669.1603611111111
no05,2022/10/18 08:00:00,0800,non_target,23.802440339970165,275854.43,1822.5815388888889
no05,2022/10/18 08:15:00,0815,non_target,25.505147650826384,258252.87444444446,1828.920061111111
no05,2022/10/18 08:30:00,0830,non_target,24.29562586808916,278188.2477777778,1876.7035833333332
no05,2022/10/18 08:45:00,0845,non_target,24.921179985351678,254454.065,1759.8506055555556
no05,2022/10/18 09:00:00,0900,non_target,27.515007766881556,208062.88333333333,1590.0238277777778
no05,2022/10/18 09:15:00,0915,non_target,27.41903431016907,190888.67,1453.4558111111112
no05,2022/10/18 09:30:00,0930,non_target,26.551659208025136,206396.08,1520.0238333333334
no05,2022/10/18 09:45:00,0945,non_target,28.742326885508632,184059.10666666666,1469.2143388888887
no05,2022/10/18 10:00:00,1000,non_target,27.714631619709152,199629.3238888889,1536.2449444444444
no05,2022/10/18 10:15:00,1015,non_target,26.797076256549204,197565.14666666667,1468.293661111111
no05,2022/10/18 10:30:00,1030,non_target,28.194746335790157,181373.74055555556,1420.3149055555557
no05,2022/10/18 10:45:00,1045,non_target,28.832847590170502,173851.18833333335,1392.319088888889
no05,2022/10/18 11:00:00,1100,non_target,27.786992683388135,190847.27833333332,1472.8438277777777
no05,2022/10/18 11:15:00,1115,non_target,27.02657846244228,204294.76166666666,1533.47395
no05,2022/10/18 11:30:00,1130,non_target,27.76944177375232,183754.39944444445,1417.11175
no05,2022/10/18 11:45:00,1145,non_target,28.24064877702774,181306.37111111113,1422.1984944444443
no05,2022/10/18 12:00:00,1200,non_target,27.902519318588936,190857.20111111112,1478.8658722222222
no05,2022/10/18 12:15:00,1215,non_target,27.669384132754757,202229.5838888889,1553.7655111111112
no05,2022/10/18 12:30:00,1230,non_target,27.674751596416037,187496.45944444445,1441.0318055555554
no05,2022/10/18 12:45:00,1245,non_target,28.745585068206196,183540.37277777778,1465.3677
no05,2022/10/18 13:00:00,1300,non_target,28.20791103474936,191897.3961111111,1503.3983166666667
no05,2022/10/18 13:15:00,1315,non_target,28.52301262533312,178253.62722222222,1412.030538888889
no05,2022/10/18 13:30:00,1330,non_target,28.329559496611147,178716.66555555555,1406.2928166666668
no05,2022/10/18 13:45:00,1345,non_target,27.932998230589437,158017.86111111112,1225.98495
no05,2022/10/18 14:00:00,1400,non_target,28.161438842702506,175065.73944444445,1369.2981666666665
no05,2022/10/18 14:15:00,1415,non_target,27.86721212724359,188953.05944444443,1462.2093333333332
no05,2022/10/18 14:30:00,1430,non_target,29.067330047496448,178333.10222222222,1439.746611111111
no05,2022/10/18 14:45:00,1445,non_target,28.21501591210943,183403.25388888887,1436.966788888889
no05,2022/10/18 15:00:00,1500,non_target,26.5208152150667,193374.0688888889,1423.8863722222222
no05,2022/10/18 15:15:00,1515,non_target,27.1588357571871,189601.14833333332,1430.2005222222222
no05,2022/10/18 15:30:00,1530,non_target,26.909621874684667,190894.75166666665,1426.5686166666665
no05,2022/10/18 15:45:00,1545,non_target,27.18333480337234,180974.01833333334,1366.0216722222222
no05,2022/10/18 16:00:00,1600,non_target,24.06101348514822,240558.47,1607.3141611111112
no05,2022/10/18 16:15:00,1615,non_target,24.095818756760575,237672.97666666668,1590.1911388888889
no05,2022/10/18 16:30:00,1630,non_target,23.232056722275047,236419.65555555554,1524.59815
no05,2022/10/18 16:45:00,1645,non_target,24.267157896428657,243070.84166666667,1637.5664277777778
no05,2022/10/18 17:00:00,1700,non_target,23.59288413264006,254089.2766666667,1663.6140555555555
no05,2022/10/18 17:15:00,1715,non_target,26.988775367005907,225995.64388888888,1694.0092055555556
no05,2022/10/18 17:30:00,1730,non_target,26.089096036476022,220395.22722222222,1596.1916166666665
no05,2022/10/18 17:45:00,1745,non_target,24.835938240483607,244129.21666666667,1682.0131
no05,2022/10/18 18:00:00,1800,non_target,24.97367489944766,240036.43555555554,1662.5818777777777
no05,2022/10/18 18:15:00,1815,non_target,25.818609708651323,219484.6238888889,1570.4648888888887
no05,2022/10/18 18:30:00,1830,non_target,27.706179133227728,190083.42055555555,1460.951827777778
no06,2022/10/18 07:00:00,0700,non_target,28.833242851886766,167678.57444444444,1342.8421166666667
no06,2022/10/18 07:15:00,0715,non_target,28.55844615031803,196796.51277777777,1560.9328611111112
no06,2022/10/18 07:30:00,0730,non_target,27.95888316033619,214386.99666666667,1664.4906944444444
no06,2022/10/18 07:45:00,0745,non_target,26.5014479486332,226513.32166666666,1666.8822944444446
no06,2022/10/18 08:00:00,0800,non_target,23.974036418618194,274466.85500000004,1826.13325
no06,2022/10/18 08:15:00,0815,non_target,25.623296559994987,257028.1377777778,1828.4792944444443
no06,2022/10/18 08:30:00,0830,non_target,24.348164789577247,277469.5966666667,1875.9412055555558
no06,2022/10/18 08:45:00,0845,non_target,24.831656771809655,255950.56833333336,1762.9432166666666
no06,2022/10/18 09:00:00,0900,non_target,27.60660028777186,207554.48444444445,1591.21915
no06,2022/10/18 09:15:00,0915,non_target,27.1643806570754,191554.3011111111,1444.8755166666667
no06,2022/10/18 09:30:00,0930,non_target,26.396507085729233,208393.33166666667,1526.9231555555555
no06,2022/10/18 09:45:00,0945,non_target,28.80657704560565,183501.24722222224,1468.1174277777777
no06,2022/10/18 10:00:00,1000,non_target,27.749811985557997,199239.59666666668,1535.2920777777776
no06,2022/10/18 10:15:00,1015,non_target,26.81542250250043,197644.41944444444,1469.23075
no06,2022/10/18 10:30:00,1030,non_target,28.32335266779633,180503.17777777778,1419.6762444444444
no06,2022/10/18 10:45:00,1045,non_target,28.790754368544746,174901.2811111111,1398.5302333333334
no06,2022/10/18 11:00:00,1100,non_target,27.746120421331522,191480.07444444444,1475.5041222222221
no06,2022/10/18 11:15:00,1115,non_target,27.081835373889984,204485.16833333333,1537.907327777778
no06,2022/10/18 11:30:00,1130,non_target,27.793690822314574,183673.32777777777,1417.73555
no06,2022/10/18 11:45:00,1145,non_target,28.2102260012776,181365.79555555555,1421.0025777777778
no06,2022/10/18 12:00:00,1200,non_target,27.964851378999736,190330.1761111111,1478.272322222222
no06,2022/10/18 12:15:00,1215,non_target,27.728787881161768,203500.40222222224,1567.1924555555556
no06,2022/10/18 12:30:00,1230,non_target,27.65052369726272,188040.695,1444.0186944444445
no06,2022/10/18 12:45:00,1245,non_target,28.79097086166441,183945.30055555556,1470.7471611111112
no06,2022/10/18 13:00:00,1300,non_target,28.354179876261856,190467.51388888888,1499.931
no06,2022/10/18 13:15:00,1315,non_target,28.42521799328226,179124.41222222222,1414.1001277777777
no06,2022/10/18 13:30:00,1330,non_target,28.355578668702805,178124.40666666665,1402.8411222222223
no06,2022/10/18 13:45:00,1345,non_target,27.99087277808368,158043.37555555554,1228.7162722222222
no06,2022/10/18 14:00:00,1400,non_target,28.162034490265924,175816.37,1375.1867722222223
no06,2022/10/18 14:15:00,1415,non_target,28.054005640504343,188421.87444444446,1467.9279944444445
no06,2022/10/18 14:30:00,1430,non_target,28.93508757304564,179175.23833333334,1439.9101611111112
no06,2022/10/18 14:45:00,1445,non_target,28.32400954154403,183429.49333333332,1442.9709777777778
no06,2022/10/18 15:00:00,1500,non_target,26.644114337795035,193299.60944444445,1429.9434833333335
no06,2022/10/18 15:15:00,1515,non_target,27.194344015607452,190816.40777777776,1440.6590222222221
no06,2022/10/18 15:30:00,1530,non_target,26.96730804982877,189650.29444444444,1420.2305833333332
no06,2022/10/18 15:45:00,1545,non_target,27.16802055536415,181508.11166666666,1369.307661111111
no06,2022/10/18 16:00:00,1600,non_target,24.038672123189443,242392.72833333336,1618.3210555555554
no06,2022/10/18 16:15:00,1615,non_target,24.0713451301872,236967.67833333334,1583.7872277777778
no06,2022/10/18 16:30:00,1630,non_target,23.16499360864302,239897.53777777776,1540.9281611111112
no06,2022/10/18 16:45:00,1645,non_target,24.36175058674635,242356.32833333334,1638.8460333333333
no06,2022/10/18 17:00:00,1700,non_target,23.296431936658617,256203.37388888892,1656.7497277777777
no06,2022/10/18 17:15:00,1715,non_target,26.973342584500166,226522.285,1696.8131722222222
no06,2022/10/18 17:30:00,1730,non_target,26.123286522189616,220855.08500000002,1602.088061111111
no06,2022/10/18 17:45:00,1745,non_target,24.766011314432482,243011.62611111108,1670.2724055555555
no06,2022/10/18 18:00:00,1800,non_target,24.88214906601911,241724.15944444446,1668.0819833333335
no06,2022/10/18 18:15:00,1815,non_target,25.551884222769857,222195.535,1574.161577777778
no06,2022/10/18 18:30:00,1830,non_target,27.593800475091815,191747.17166666666,1468.3389277777778
no07,2022/10/18 07:00:00,0700,non_target,28.795382616155834,167743.56666666668,1341.5935722222223
no07,2022/10/18 07:15:00,0715,non_target,28.517316059103987,197168.26944444445,1561.6996
no07,2022/10/18 07:30:00,0730,non_target,27.8592436098382,215470.18000000002,1666.8506444444445
no07,2022/10/18 07:45:00,0745,non_target,26.312881831284006,228257.9261111111,1667.480722222222
no07,2022/10/18 08:00:00,0800,non_target,23.896244830926335,275482.81944444444,1827.6974555555555
no07,2022/10/18 08:15:00,0815,non_target,25.46985433191956,258436.6816666667,1827.0996000000002
no07,2022/10/18 08:30:00,0830,non_target,24.259419418199705,279019.06944444444,1879.5758944444444
no07,2022/10/18 08:45:00,0845,non_target,24.83583719042249,256387.6377777778,1766.5132722222222
no07,2022/10/18 09:00:00,0900,non_target,27.450221914457842,209099.92111111112,1594.0864
no07,2022/10/18 09:15:00,0915,non_target,27.468587308590145,190840.72055555554,1455.6500833333332
no07,2022/10/18 09:30:00,0930,non_target,26.546410660119832,206720.2422222222,1522.4417055555557
no07,2022/10/18 09:45:00,0945,non_target,28.706238298325033,185364.55277777778,1477.7308444444445
no07,2022/10/18 10:00:00,1000,non_target,27.587983337913077,200231.96555555554,1533.8816222222222
no07,2022/10/18 10:15:00,1015,non_target,26.107935883332885,202778.2811111111,1467.0636777777777
no07,2022/10/18 10:30:00,1030,non_target,28.0777081973589,182737.63666666666,1424.5494
no07,2022/10/18 10:45:00,1045,non_target,28.788153778765782,176091.46277777778,1408.059711111111
no07,2022/10/18 11:00:00,1100,non_target,27.788303639980427,192886.4338888889,1488.5708777777777
no07,2022/10/18 11:15:00,1115,non_target,26.995289322071297,206126.83777777778,1545.4962777777778
no07,2022/10/18 11:30:00,1130,non_target,27.773206630023058,183697.0911111111,1416.9113222222222
no07,2022/10/18 11:45:00,1145,non_target,28.19104838646973,182739.9577777778,1430.9636833333334
no07,2022/10/18 12:00:00,1200,non_target,27.79391047813652,193656.61,1494.52365
no07,2022/10/18 12:15:00,1215,non_target,27.598111624105314,203961.17444444445,1563.1579388888888
no07,2022/10/18 12:30:00,1230,non_target,27.614634452279134,188151.7488888889,1442.9519277777777
no07,2022/10/18 12:45:00,1245,non_target,28.747082161369235,183705.29944444445,1466.71165
no07,2022/10/18 13:00:00,1300,non_target,28.223583162019402,192078.2422222222,1505.6637222222223
no07,2022/10/18 13:15:00,1315,non_target,28.493933101308958,178651.90444444443,1413.7246888888887
no07,2022/10/18 13:30:00,1330,non_target,28.31519970556647,178778.905,1406.1156666666666
no07,2022/10/18 13:45:00,1345,non_target,27.86419133306236,158774.8011111111,1228.6794333333335
no07,2022/10/18 14:00:00,1400,non_target,28.14496298193113,176398.19333333333,1378.9141499999998
no07,2022/10/18 14:15:00,1415,non_target,27.861481354531378,190686.94222222222,1475.1155444444444
no07,2022/10/18 14:30:00,1430,non_target,28.9985546047831,179191.00388888887,1443.1394611111111
no07,2022/10/18 14:45:00,1445,non_target,28.097440755933132,184754.62833333333,1441.4215611111113
no07,2022/10/18 15:00:00,1500,non_target,26.501849393389872,196461.42388888888,1445.680461111111
no07,2022/10/18 15:15:00,1515,non_target,27.162467696614684,190063.54333333333,1433.7863
no07,2022/10/18 15:30:00,1530,non_target,26.85327860861543,191656.65666666665,1429.2536277777779
no07,2022/10/18 15:45:00,1545,non_target,27.239254551111436,180835.31722222222,1367.8720055555557
no07,2022/10/18 16:00:00,1600,non_target,24.086447944787203,241281.21000000002,1613.6829222222223
no07,2022/10/18 16:15:00,1615,non_target,24.209173471856452,236189.68055555556,1587.6783944444444
no07,2022/10/18 16:30:00,1630,non_target,23.3076009907913,236072.3538888889,1527.1393944444444
no07,2022/10/18 16:45:00,1645,non_target,24.330788825568007,242654.9966666667,1638.699461111111
no07,2022/10/18 17:00:00,1700,non_target,23.582898285301255,254041.24444444446,1662.2552
no07,2022/10/18 17:15:00,1715,non_target,26.714965589541926,228540.66944444444,1695.703161111111
no07,2022/10/18 17:30:00,1730,non_target,25.99865500542023,221079.44722222222,1595.838638888889
no07,2022/10/18 17:45:00,1745,non_target,24.641520054349584,245604.11555555556,1679.3969777777777
no07,2022/10/18 18:00:00,1800,non_target,24.491216955493762,244152.91111111114,1658.8725555555554
no07,2022/10/18 18:15:00,1815,non_target,24.876734020776198,227039.45277777777,1565.9874499999999
no07,2022/10/18 18:30:00,1830,non_target,27.087331143103565,197628.89055555558,1484.1827444444446
no08,2022/10/18 07:00:00,0700,non_target,28.808352835913386,167661.96777777778,1341.5441555555556
no08,2022/10/18 07:15:00,0715,non_target,28.53251956238553,196981.72055555557,1560.9936222222223
no08,2022/10/18 07:30:00,0730,non_target,27.911134785325252,215353.34999999998,1668.9839333333334
no08,2022/10/18 07:45:00,0745,non_target,26.51129910399655,226464.91333333333,1667.3247999999999
no08,2022/10/18 08:00:00,0800,non_target,23.874998493740218,275705.25444444444,1826.58145
no08,2022/10/18 08:15:00,0815,non_target,25.54869068021445,258233.82444444444,1831.8775555555558
no08,2022/10/18 08:30:00,0830,non_target,24.440414557759826,276803.83555555553,1878.408438888889
no08,2022/10/18 08:45:00,0845,non_target,24.707061625764943,257301.24388888886,1763.5892166666665
no08,2022/10/18 09:00:00,0900,non_target,27.4370219464628,208749.33944444443,1589.8906611111113
no08,2022/10/18 09:15:00,0915,non_target,27.14453890176295,192165.39277777777,1448.3572666666669
no08,2022/10/18 09:30:00,0930,non_target,26.412645309547912,208133.02,1525.3736166666667
no08,2022/10/18 09:45:00,0945,non_target,28.736403916938148,184589.66166666668,1473.170011111111
no08,2022/10/18 10:00:00,1000,non_target,27.699617360005522,200215.83777777778,1539.9339666666665
no08,2022/10/18 10:15:00,1015,non_target,26.500501603955584,199642.5088888889,1468.0238722222223
no08,2022/10/18 10:30:00,1030,non_target,28.391311120188593,180291.19055555557,1421.7339277777778
no08,2022/10/18 10:45:00,1045,non_target,28.802740274406617,175824.34333333335,1406.6738777777778
no08,2022/10/18 11:00:00,1100,non_target,27.779924242914834,192176.9111111111,1482.8526333333332
no08,2022/10/18 11:15:00,1115,non_target,27.054223410449097,205450.63333333333,1543.6280333333334
no08,2022/10/18 11:30:00,1130,non_target,27.80891830851971,184356.9911111111,1423.746411111111
no08,2022/10/18 11:45:00,1145,non_target,28.19769761268471,182084.37722222222,1426.0623944444444
no08,2022/10/18 12:00:00,1200,non_target,27.881217905930352,191977.3738888889,1486.457938888889
no08,2022/10/18 12:15:00,1215,non_target,27.731063368788266,203890.9188888889,1570.221
no08,2022/10/18 12:30:00,1230,non_target,27.70359359666195,187710.9172222222,1444.1906555555554
no08,2022/10/18 12:45:00,1245,non_target,28.727078271003077,184238.71,1469.8140833333334
no08,2022/10/18 13:00:00,1300,non_target,28.34850222537539,191247.83388888888,1505.8298722222223
no08,2022/10/18 13:15:00,1315,non_target,28.447486133093403,178756.9111111111,1412.3213
no08,2022/10/18 13:30:00,1330,non_target,28.333029854260843,178364.82666666666,1403.6495666666667
no08,2022/10/18 13:45:00,1345,non_target,27.941133514535252,158859.77666666667,1232.931261111111
no08,2022/10/18 14:00:00,1400,non_target,28.14343145688633,177736.3161111111,1389.2154055555557
no08,2022/10/18 14:15:00,1415,non_target,27.96563711599238,190156.83166666667,1476.75945
no08,2022/10/18 14:30:00,1430,non_target,28.967213626430684,178851.53277777776,1438.9066444444443
no08,2022/10/18 14:45:00,1445,non_target,28.310473847436057,183927.09333333335,1446.1342333333332
no08,2022/10/18 15:00:00,1500,non_target,26.497211851091286,194395.34666666665,1429.5546666666667
no08,2022/10/18 15:15:00,1515,non_target,27.202957495363613,190757.09277777778,1440.6635333333334
no08,2022/10/18 15:30:00,1530,non_target,26.985621914885662,189807.08944444443,1422.3773388888887
no08,2022/10/18 15:45:00,1545,non_target,27.212628281284942,181263.98944444445,1369.6534722222223
no08,2022/10/18 16:00:00,1600,non_target,23.995320961448353,243219.66833333333,1620.9256333333333
no08,2022/10/18 16:15:00,1615,non_target,24.136292330752912,237670.05666666664,1592.8203333333333
no08,2022/10/18 16:30:00,1630,non_target,23.28477584677028,238254.41499999998,1539.5918111111112
no08,2022/10/18 16:45:00,1645,non_target,24.06263192691263,245202.99000000002,1636.4181333333333
no08,2022/10/18 17:00:00,1700,non_target,23.087709753224054,259585.61888888886,1662.6988111111111
no08,2022/10/18 17:15:00,1715,non_target,26.836882676221464,227503.45888888888,1695.4629444444445
no08,2022/10/18 17:30:00,1730,non_target,25.988477678079942,221524.66,1598.7364333333333
no08,2022/10/18 17:45:00,1745,non_target,24.892695809490466,242660.75055555554,1676.9017444444444
no08,2022/10/18 18:00:00,1800,non_target,25.069221422683064,239821.67333333334,1667.996238888889
no08,2022/10/18 18:15:00,1815,non_target,25.609954803180447,221633.29166666666,1574.5631222222223
no08,2022/10/18 18:30:00,1830,non_target,27.63501341803355,191070.61222222223,1466.1489833333335
